actual_record_id,id_keys,match_status,name,player_id,player_type,record_id,run_id,season,source,team
,"[[""rotowire"", ""11285""]]",unmatched,Fernando Abad,p_6fb40eca1cc7a276b1c8ab79,pitcher,s_155023d2433f6565bde4cbc5,r_0b8a9687e25165becd721415,2025,RotoWire,FA
,"[[""rotowire"", ""14996""]]",unmatched,Cory Abbott,p_8136d9a2cb1e15e24dd5d402,pitcher,s_e0d10978995c09cf8ac62188,r_0b8a9687e25165becd721415,2025,RotoWire,FA
s_139ae2ea524e08a8dca3edfd,"[[""rotowire"", ""16805""]]",matched,Andrew Abbott,p_79db076d96a757be408fc0b5,pitcher,s_86f961e5e6c775047e490063,r_0b8a9687e25165becd721415,2025,RotoWire,CIN
s_304b27846ca1955d9d86572e,"[[""rotowire"", ""15744""]]",matched,Bryan Abreu,p_70c49bf0f0626ec80e6293cd,pitcher,s_2075eb92972f658f0ada0c62,r_0b8a9687e25165becd721415,2025,RotoWire,HOU
,"[[""rotowire"", ""14063""]]",unmatched,Albert Abreu,p_b3fdbb91063915ce5b6d65b5,pitcher,s_a5f685ed52246a4a88f54b1a,r_0b8a9687e25165becd721415,2025,RotoWire,CIN
,"[[""rotowire"", ""14060""]]",unmatched,Domingo Acevedo,p_caeac7c1ff81056a3826b0ba,pitcher,s_5d32e77e878800e7c75f9a51,r_0b8a9687e25165becd721415,2025,RotoWire,FA
s_a384a62e108e7166d5ac46d1,"[[""rotowire"", ""17058""]]",matched,Garrett Acton,p_7f3c31a904c074d502da70d5,pitcher,s_967c576a0e0a9a0d779e27c4,r_0b8a9687e25165becd721415,2025,RotoWire,TB
s_9c724d620669efc3f8ab1a5a,"[[""rotowire"", ""11588""]]",matched,Jason Adam,p_076050d971510ecbad0e9fc2,pitcher,s_3ee3fbd5d16391748759d888,r_0b8a9687e25165becd721415,2025,RotoWire,SD
,"[[""rotowire"", ""14614""]]",unmatched,Austin Adams,p_c6fe83c37c19de4b17ff68ec,pitcher,s_cc7e1b7482e30a5941fc4350,r_0b8a9687e25165becd721415,2025,RotoWire,BOS
s_da7b92e9a48d4ebd1e1e25b6,"[[""rotowire"", ""16213""]]",matched,Ty Adcock,p_8f3911a4b3d4f5c1ddf408bd,pitcher,s_24cb492adf23c864a1baebe7,r_0b8a9687e25165becd721415,2025,RotoWire,NYM
,"[[""rotowire"", ""16030""]]",unmatched,Joan Adon,p_4e3252abcd463201ce0c09f8,pitcher,s_0702578b82ca89a7c1eb3302,r_0b8a9687e25165becd721415,2025,RotoWire,WSH
,"[[""rotowire"", ""17842""]]",unmatched,Julian Aguiar,p_c77633fc44aa9ab70e90b313,pitcher,s_a3826426b9c016b89bbc263b,r_0b8a9687e25165becd721415,2025,RotoWire,CIN
s_9a6568252e15d77a2b45308a,"[[""rotowire"", ""14349""]]",matched,Keegan Akin,p_a8c6e164b8c9d48c0a076f2c,pitcher,s_71672de7075b1b3e2015028e,r_0b8a9687e25165becd721415,2025,RotoWire,BAL
s_bec87e08313417e9c1718b47,"[[""rotowire"", ""14483""]]",matched,Jorge Alcala,p_6146eadc3c516491667a222c,pitcher,s_1b3fc20e1732bf7117afa961,r_0b8a9687e25165becd721415,2025,RotoWire,MIN
s_ec8d406f39e71520f860085c,"[[""rotowire"", ""14071""]]",matched,Sandy Alcantara,p_961f6e00dd2d95905acb6d7f,pitcher,s_f008a382e5e106c23257cd0c,r_0b8a9687e25165becd721415,2025,RotoWire,MIA
s_8dccd722701a22243c08ee84,"[[""rotowire"", ""19357""]]",matched,Sam Aldegheri,p_7837da98084befe7500c0de1,pitcher,s_37d9846050a8addb84b48be7,r_0b8a9687e25165becd721415,2025,RotoWire,LAA
s_11efbbf8b83f0a3678290d10,"[[""rotowire"", ""11684""]]",matched,Scott Alexander,p_0708260b07e6d68ac2144df7,pitcher,s_f2d45531c0425b7a4add7853,r_0b8a9687e25165becd721415,2025,RotoWire,COL
s_eb02b3071830bfcf65820f84,"[[""rotowire"", ""17812""]]",matched,Jason Alexander,p_ab80696a06cabb94d0590e17,pitcher,s_fb57d4cdee0e208cef59d773,r_0b8a9687e25165becd721415,2025,RotoWire,ATH
,"[[""rotowire"", ""14898""]]",unmatched,A.J. Alexy,p_2bfe3ee5349e3c5fb9242e0c,pitcher,s_b4b25594a05b5fcda39e7521,r_0b8a9687e25165becd721415,2025,RotoWire,FA
s_3b4065ae113dcd58a32c5603,"[[""rotowire"", ""13820""]]",matched,Kolby Allard,p_d37981ebca7896eb8c5d5e08,pitcher,s_68feff298629301ed51a0396,r_0b8a9687e25165becd721415,2025,RotoWire,CLE
,"[[""rotowire"", ""17884""]]",unmatched,Cam Alldred,p_b2169ab41b417292553b5051,pitcher,s_3556301473b2d752a2a54048,r_0b8a9687e25165becd721415,2025,RotoWire,FA
,"[[""rotowire"", ""13722""]]",unmatched,Yency Almonte,p_6c82e9a0b6fe945635df2c80,pitcher,s_58e74eba76a3fc8bc3bdc4da,r_0b8a9687e25165becd721415,2025,RotoWire,CHC
s_106b72da52402f3363245c27,"[[""rotowire"", ""14530""]]",matched,Dan Altavilla,p_c403496243559cd5f45b24de,pitcher,s_cd1f12e8a3b2c80fe2edc2cc,r_0b8a9687e25165becd721415,2025,RotoWire,FA
s_f1af9db252af43fbbecc1da1,"[[""rotowire"", ""14610""]]",matched,Jose Alvarado,p_6660c34756e8e079063c8590,pitcher,s_a5ae7484af4f87fab217b512,r_0b8a9687e25165becd721415,2025,RotoWire,PHI
,"[[""rotowire"", ""12561""]]",unmatched,R.J. Alvarez,p_4171a0de21952fbd69a7ee56,pitcher,s_77fcb86ae260fb1c672ad08f,r_0b8a9687e25165becd721415,2025,RotoWire,FA
,"[[""rotowire"", ""15098""]]",unmatched,Adbert Alzolay,p_3d406a525ca4f25bce055f31,pitcher,s_00c161376762bcc0c8a65e32,r_0b8a9687e25165becd721415,2025,RotoWire,NYM
s_b96eb600a096e48e72699c24,"[[""rotowire"", ""15796""]]",matched,Nick Anderson,p_0ab41d8d7c86beb019a22451,pitcher,s_394b9488aba2cdfdef170a29,r_0b8a9687e25165becd721415,2025,RotoWire,STL
s_b570208276c5ffd59e8075ad,"[[""rotowire"", ""16000""]]",matched,Grant Anderson,p_30de042ebbb0b98c455a5266,pitcher,s_65e083e10d36c924088935a0,r_0b8a9687e25165becd721415,2025,RotoWire,MIL
,"[[""rotowire"", ""12419""]]",unmatched,Chase Anderson,p_105eb80f07e805c7f41287cc,pitcher,s_b868d3642511c958f21265b8,r_0b8a9687e25165becd721415,2025,RotoWire,FA
,"[[""rotowire"", ""11976""]]",unmatched,Justin Anderson,p_ea7c0edc46772cd2ffdb1820,pitcher,s_69082439e7dc2e8cd1dcf047,r_0b8a9687e25165becd721415,2025,RotoWire,CWS
s_9b539cffc72c616ce531eb12,"[[""rotowire"", ""12142""]]",matched,Tyler Anderson,p_b953f455340d5c6f3524bb9f,pitcher,s_cd4b60316a75a54bac9fa4fa,r_0b8a9687e25165becd721415,2025,RotoWire,LAA
s_115fc9c39fd704e9386be10e,"[[""rotowire"", ""14363""]]",matched,Shaun Anderson,p_8cb9b18f097241aaca305ef9,pitcher,s_32d8463be317f3cd3ba49373,r_0b8a9687e25165becd721415,2025,RotoWire,LAA
s_d7d1c8bcd039d72bb12bdac5,"[[""rotowire"", ""14241""]]",matched,Ian Anderson,p_a519f6ec6b371e6f3cea0c99,pitcher,s_180f7029795ae157a1549d31,r_0b8a9687e25165becd721415,2025,RotoWire,LAA
,"[[""rotowire"", ""16587""]]",unmatched,Clayton Andrews,p_7be885804c534c08bd7d6a5d,pitcher,s_84f09ef0b431fbc1f95c9dfa,r_0b8a9687e25165becd721415,2025,RotoWire,SF
,"[[""rotowire"", ""12237""]]",unmatched,Matt Andriese,p_53d24520cb624430a2f98b09,pitcher,s_92437ac6fc8b3d01324d6672,r_0b8a9687e25165becd721415,2025,RotoWire,MIA
,"[[""rotowire"", ""16495""]]",unmatched,Tejay Antone,p_cf9fa37e74c0fa0c64a54b23,pitcher,s_59973d82cabfab069b889307,r_0b8a9687e25165becd721415,2025,RotoWire,CIN
,"[[""rotowire"", ""12449""]]",unmatched,Mark Appel,p_2be1c981a45b313db075423e,pitcher,s_d615041addcb56bb72cb4536,r_0b8a9687e25165becd721415,2025,RotoWire,FA
,"[[""rotowire"", ""13311""]]",unmatched,Victor Arano,p_879c2b514de420d065756fc7,pitcher,s_4384a09e79e0f5735e82a8b4,r_0b8a9687e25165becd721415,2025,RotoWire,FA
,"[[""rotowire"", ""9400""]]",unmatched,Chris Archer,p_05cbe3f02fc635b2d73c2ea8,pitcher,s_394dbc1d229dfc23aa2c564d,r_0b8a9687e25165becd721415,2025,RotoWire,FA
,"[[""rotowire"", ""16524""]]",unmatched,Kohei Arihara,p_7aa52fbcf3c0df749398bca2,pitcher,s_985909a3fc9d82be1eda1344,r_0b8a9687e25165becd721415,2025,RotoWire,FA
s_9004bfc0cc746a6191cbb599,"[[""rotowire"", ""13661""]]",matched,Shawn Armstrong,p_000215aa0a15c0d7ca6d5492,pitcher,s_0d5fd81ac5e7fc17f2e2efe8,r_0b8a9687e25165becd721415,2025,RotoWire,TEX
s_50cc31d5842a5e53fb2f0c3a,"[[""rotowire"", ""15540""]]",matched,Aaron Ashby,p_ce0a7b766c90514f3d557d6b,pitcher,s_95e50a1bbbacbd6af06669d0,r_0b8a9687e25165becd721415,2025,RotoWire,MIL
s_9ff63d76fedba0a164cfc788,"[[""rotowire"", ""16192""]]",matched,Graham Ashcraft,p_14ae2075371d15014297c7ae,pitcher,s_bfc288a7590e5044e7afa2cf,r_0b8a9687e25165becd721415,2025,RotoWire,CIN
s_1596c017d2719f178a63b008,"[[""rotowire"", ""15233""]]",matched,Javier Assad,p_e57a7daba23968e0156d47d8,pitcher,s_e7cc1c9888d13ade29a9746a,r_0b8a9687e25165becd721415,2025,RotoWire,CHC
,"[[""rotowire"", ""18284""]]",unmatched,Nick Avila,p_6c9a5d78fb66d82c715d7723,pitcher,s_5d74059f51fad25337a45f8a,r_0b8a9687e25165becd721415,2025,RotoWire,FA
,"[[""rotowire"", ""14626""]]",unmatched,Pedro Avila,p_95c6ecd0d70442f78c70a2b8,pitcher,s_593f544db16181a7468c2987,r_0b8a9687e25165becd721415,2025,RotoWire,FA
s_48815dc231a8ea30c882b15a,"[[""rotowire"", ""14313""]]",matched,Lake Bachar,p_e333710884baecb1ae5dba0f,pitcher,s_34092bfcbe8d99bb4f82fcdd,r_0b8a9687e25165becd721415,2025,RotoWire,MIA
s_b44f034c91c351da9b95f2b0,"[[""rotowire"", ""17309""]]",matched,Sam Bachman,p_67c782a89ca0d0934cb67da0,pitcher,s_a8a8c5e83cbd38399c51bea3,r_0b8a9687e25165becd721415,2025,RotoWire,LAA
,"[[""rotowire"", ""14636""]]",unmatched,Michel Baez,p_951c1d26be87fc99f1072fb9,pitcher,s_3e060a0cba3f669126ecd8ce,r_0b8a9687e25165becd721415,2025,RotoWire,FA
,"[[""rotowire"", ""10262""]]",unmatched,Pedro Baez,p_5cba53e2c973e12e53e6e720,pitcher,s_5110f620c703874abe36e8b1,r_0b8a9687e25165becd721415,2025,RotoWire,FA
s_8591218bda7cb6e8a5f05ad4,"[[""rotowire"", ""15697""]]",matched,Bryan Baker,p_5c31828b78f7ebd5a1f567ea,pitcher,s_a3555dae0d77ed4d6f0af5ea,r_0b8a9687e25165becd721415,2025,RotoWire,BAL
,"[[""rotowire"", ""15575""]]",unmatched,Jordan Balazovic,p_dfa7952fe01552a7b1c1ba5b,pitcher,s_70b5fbabd5daf6f72c47d395,r_0b8a9687e25165becd721415,2025,RotoWire,DET
s_9ef21a827fb29c4fcbc9f9df,"[[""rotowire"", ""13591""]]",matched,Anthony Banda,p_dae655bcb2a707499b8da77f,pitcher,s_f2dc4f5c089adc9809265bd6,r_0b8a9687e25165becd721415,2025,RotoWire,LAD
s_3ab2e2ed85aad6710db3fc81,"[[""rotowire"", ""17811""]]",matched,Tanner Banks,p_a55e1314437f703697888e9a,pitcher,s_a6f8ee6d1ad97ca47b4a98db,r_0b8a9687e25165becd721415,2025,RotoWire,PHI
,"[[""rotowire"", ""11276""]]",unmatched,Manny Banuelos,p_6ce59f59ba89e0292d87ed8c,pitcher,s_84e30c240e8c6ab51c410a3a,r_0b8a9687e25165becd721415,2025,RotoWire,FA
,"[[""rotowire"", ""11970""]]",unmatched,Luke Bard,p_3a86b36e7749e92aef0c8c93,pitcher,s_4236cc230410c0a049685b8b,r_0b8a9687e25165becd721415,2025,RotoWire,FA
,"[[""rotowire"", ""9283""]]",unmatched,Daniel Bard,p_58532e7aec532694cfec84ee,pitcher,s_5bc919b06fe211f1939848de,r_0b8a9687e25165becd721415,2025,RotoWire,FA
,"[[""rotowire"", ""16436""]]",unmatched,Luke Barker,p_7b8e05e52f9223d4b94dd7ee,pitcher,s_3750b8e7b26a539be4c51845,r_0b8a9687e25165becd721415,2025,RotoWire,SEA
,"[[""rotowire"", ""16371""]]",unmatched,Joe Barlow,p_68e6ea731a33c17f55ebaf18,pitcher,s_3f0470c5dd8991cc19d06769,r_0b8a9687e25165becd721415,2025,RotoWire,TEX
s_1afa758ad4738d5bd532394f,"[[""rotowire"", ""15272""]]",matched,Scott Barlow,p_7f60fe780813d2e2f804a47f,pitcher,s_51b05e47c797a13a2ff437a6,r_0b8a9687e25165becd721415,2025,RotoWire,CIN
,"[[""rotowire"", ""12133""]]",unmatched,Matt Barnes,p_d3e47d25df32e1ad7d0af3f1,pitcher,s_0f59bf7cd2573ea8beb30146,r_0b8a9687e25165becd721415,2025,RotoWire,FA
s_1b858649f5684441bf944d15,"[[""rotowire"", ""14092""]]",matched,Jacob Barnes,p_a0b216e0f9bfe85b303b93e1,pitcher,s_cc4dfbc3eefe9fb96f0dc3fe,r_0b8a9687e25165becd721415,2025,RotoWire,TOR
,"[[""rotowire"", ""14022""]]",unmatched,Kyle Barraclough,p_c24fbfea668599544b358597,pitcher,s_c96f96d60833f48cf31295a0,r_0b8a9687e25165becd721415,2025,RotoWire,FA
,"[[""rotowire"", ""14511""]]",unmatched,Jaime Barria,p_7097cb1967207f12e51d9d70,pitcher,s_8037344a5d735660c094271c,r_0b8a9687e25165becd721415,2025,RotoWire,FA
,"[[""rotowire"", ""10662""]]",unmatched,Anthony Bass,p_bff3553842377e8a41c26cfa,pitcher,s_242703ca3d3265dd595b66a5,r_0b8a9687e25165becd721415,2025,RotoWire,FA
s_c77aa7f102e8e37394c762f6,"[[""rotowire"", ""13613""]]",matched,Chris Bassitt,p_fac8fe6d0d4a7a73a2dc5d0b,pitcher,s_6c61a6043fa12e677c845870,r_0b8a9687e25165becd721415,2025,RotoWire,TOR
s_d48c9acc90d89c7c739c1705,"[[""rotowire"", ""19190""]]",matched,Brady Basso,p_4946d0fafc0d0ae33e1e930e,pitcher,s_d864c5f17ca5a8fe47edb31f,r_0b8a9687e25165becd721415,2025,RotoWire,ATH
,"[[""rotowire"", ""17550""]]",unmatched,Peyton Battenfield,p_8f876a72ad63d660fdc99c0d,pitcher,s_87572c1c78e5b8b0cefaebac,r_0b8a9687e25165becd721415,2025,RotoWire,FA
,"[[""rotowire"", ""14924""]]",unmatched,Mike Baumann,p_f0e932e5c5359b78e6c6ccc5,pitcher,s_586fadfba4d1b8d49be75ba4,r_0b8a9687e25165becd721415,2025,RotoWire,FA
s_83ffd0de8469555996deb71c,"[[""rotowire"", ""17700""]]",matched,Felix Bautista,p_cc3893db1d216499b15a96b7,pitcher,s_0aa26ad1d07c40add014cf60,r_0b8a9687e25165becd721415,2025,RotoWire,BAL
s_c40a6c7b52a5198a33f1d071,"[[""rotowire"", ""14774""]]",matched,Shane Baz,p_10a3e264d0d762f0a6116bf0,pitcher,s_5a944d799fbdfd6525ea211c,r_0b8a9687e25165becd721415,2025,RotoWire,TB
s_cf7887a7e92cea0bf5312b99,"[[""rotowire"", ""17129""]]",matched,Eduard Bazardo,p_69bf94efbaeb173840b3fe59,pitcher,s_44e76432a6313aa6d12b1be5,r_0b8a9687e25165becd721415,2025,RotoWire,SEA
,"[[""rotowire"", ""15875""]]",unmatched,Jeremy Beasley,p_a6092cce9300103988b5a40a,pitcher,s_819127c4fdb20eaf8cfaa81a,r_0b8a9687e25165becd721415,2025,RotoWire,FA
s_d7042258cb9d4bd80a1d1852,"[[""rotowire"", ""14816""]]",matched,Tristan Beck,p_5e4be1b675696e14d59387d7,pitcher,s_70f41a4be8783880453119de,r_0b8a9687e25165becd721415,2025,RotoWire,SF
s_0b3051d746caed815009815a,"[[""rotowire"", ""15902""]]",matched,David Bednar,p_bc5886f85f668aec59f650a3,pitcher,s_9dd91974143eabdea1437724,r_0b8a9687e25165becd721415,2025,RotoWire,PIT
,"[[""rotowire"", ""12165""]]",unmatched,Tyler Beede,p_00e41898fe892d9e62006beb,pitcher,s_50e049390b4c258cc9afcad8,r_0b8a9687e25165becd721415,2025,RotoWire,CLE
s_caba7661a07450ab004e2d6e,"[[""rotowire"", ""15207""]]",matched,Jalen Beeks,p_c5b82d72e1ce8ed1000e8ca9,pitcher,s_c1b22e5e6cc4512eb55fa9a8,r_0b8a9687e25165becd721415,2025,RotoWire,ARI
,"[[""rotowire"", ""13779""]]",unmatched,Andrew Bellatti,p_d38cf618d2e0522fa96017de,pitcher,s_26b07d54455bb42b4e88e3dc,r_0b8a9687e25165becd721415,2025,RotoWire,PHI
s_b50172352a730b1e23562bc7,"[[""rotowire"", ""15839""]]",matched,Brayan Bello,p_b43c67aae95620f8ae32f063,pitcher,s_a84edf73fa36abef9644106a,r_0b8a9687e25165becd721415,2025,RotoWire,BOS
s_1a01b8a2b5f993a0a157c1fd,"[[""rotowire"", ""19348""]]",matched,Valente Bellozo,p_78a8db997f51090cfa594d12,pitcher,s_5ce470de36098cd9b445e94d,r_0b8a9687e25165becd721415,2025,RotoWire,MIA
s_c3121c513951a37699e168dc,"[[""rotowire"", ""17218""]]",matched,Anthony Bender,p_56f8cacbf95fa9e9ccd5f037,pitcher,s_8fc7a5a5fa897e388e1b0abe,r_0b8a9687e25165becd721415,2025,RotoWire,MIA
,"[[""rotowire"", ""17699""]]",unmatched,Jonathan Bermudez,p_a54fd933b174d964743ec0f6,pitcher,s_b10856b2066e544b6377b73a,r_0b8a9687e25165becd721415,2025,RotoWire,FA
s_1c4290dd4b19684ea458b95e,"[[""rotowire"", ""18212""]]",matched,Brennan Bernardino,p_07394d99dcbd9729eb1c244b,pitcher,s_036cb2d4fa7ce09ac36bc404,r_0b8a9687e25165becd721415,2025,RotoWire,BOS
s_6f93d75f0de2643b3838da0e,"[[""rotowire"", ""12492""]]",matched,Jose Berrios,p_f0656b8cbc96ad065e088776,pitcher,s_d9c7a975e48906d3a5ef0e34,r_0b8a9687e25165becd721415,2025,RotoWire,TOR
,"[[""rotowire"", ""16419""]]",unmatched,Prelander Berroa,p_db3716d9e9af1f0cdd224e71,pitcher,s_b40c54e4c98881278aee71eb,r_0b8a9687e25165becd721415,2025,RotoWire,CWS
s_ac78c847b2e39b4923657984,"[[""rotowire"", ""17443""]]",matched,Tanner Bibee,p_17e93d5e2f0eff121bd2e922,pitcher,s_c416261369d600e008a085b2,r_0b8a9687e25165becd721415,2025,RotoWire,CLE
,"[[""rotowire"", ""12961""]]",unmatched,Phil Bickford,p_f2353c7398d9ebe3ca7c4f2d,pitcher,s_5166acddbac9a4542843a120,r_0b8a9687e25165becd721415,2025,RotoWire,CHC
s_50cf614a7e974c4a4892358b,"[[""rotowire"", ""17924""]]",matched,Osvaldo Bido,p_05853e333f5ea183e286e9f3,pitcher,s_b2be239d73fb864a1d73e804,r_0b8a9687e25165becd721415,2025,RotoWire,ATH
s_8a32d0f52883fcfe05cd8ecc,"[[""rotowire"", ""14383""]]",matched,Shane Bieber,p_9d536cb354f545a79cf263ad,pitcher,s_8d50a46a5c992501f52a6bf6,r_0b8a9687e25165becd721415,2025,RotoWire,CLE
,"[[""rotowire"", ""15722""]]",unmatched,Brandon Bielak,p_41b0423f1a79b0dc86e207ec,pitcher,s_b6bd95984a44779a7c87edbd,r_0b8a9687e25165becd721415,2025,RotoWire,ARI
s_4860b3969487e2c4c32c431d,"[[""rotowire"", ""19677""]]",matched,Hunter Bigge,p_19dec057e552049568aaec59,pitcher,s_e71da14189701ba209f6cbcd,r_0b8a9687e25165becd721415,2025,RotoWire,TB
s_beecf5382c506c61382f413a,"[[""rotowire"", ""17917""]]",matched,Jake Bird,p_ab201d9f00a18e2a1bcb84f8,pitcher,s_13993469241eac6f963dc9f6,r_0b8a9687e25165becd721415,2025,RotoWire,COL
s_86aa6b063dd5b3e013c685b7,"[[""rotowire"", ""18391""]]",matched,Hayden Birdsong,p_d91a1459eee9777c42e1c294,pitcher,s_841fd75fe95f71cbd91c19bd,r_0b8a9687e25165becd721415,2025,RotoWire,SF
s_2380d72c972008f993fb20de,"[[""rotowire"", ""19302""]]",matched,Spencer Bivens,p_af8228da2186a3c55a0c0647,pitcher,s_d062649e47a509ec8309c2ae,r_0b8a9687e25165becd721415,2025,RotoWire,SF
,"[[""rotowire"", ""13198""]]",unmatched,Ty Blach,p_dccf73052bae55c71948ac4c,pitcher,s_3885f43ca5eb17451a92b009,r_0b8a9687e25165becd721415,2025,RotoWire,COL
s_59840a56b5448daa077c57de,"[[""rotowire"", ""12505""]]",matched,Paul Blackburn,p_e6f97a8200763e284decf5ae,pitcher,s_4afce4b852d7f25a28289c61,r_0b8a9687e25165becd721415,2025,RotoWire,NYM
s_9f11acca70656abbaf979881,"[[""rotowire"", ""19014""]]",matched,Bradley Blalock,p_fdcc3c57fc1404d67ef4d33f,pitcher,s_779530880a7228bde2d9297c,r_0b8a9687e25165becd721415,2025,RotoWire,COL
s_a2360de2ec1ba4fe30e170fb,"[[""rotowire"", ""17206""]]",matched,Ronel Blanco,p_97392f4b9a9bcd3580abacfa,pitcher,s_10b218b01792f0a72d673db6,r_0b8a9687e25165becd721415,2025,RotoWire,HOU
,"[[""rotowire"", ""10692""]]",unmatched,Richard Bleier,p_82e7d47ab15d5dccb7cedf64,pitcher,s_c5dc485286686bc852ea9bed,r_0b8a9687e25165becd721415,2025,RotoWire,FA
s_28a29a2237e5731f063e51c3,"[[""rotowire"", ""13412""]]",matched,Scott Blewett,p_081253e7d079edbb13e4e0de,pitcher,s_d6486c8805c44f95f660fc71,r_0b8a9687e25165becd721415,2025,RotoWire,MIN
,"[[""rotowire"", ""18868""]]",unmatched,Jake Bloss,p_aeb920ef906e743f113701bb,pitcher,s_459d8c72bdd57766999aa33a,r_0b8a9687e25165becd721415,2025,RotoWire,TOR
,"[[""rotowire"", ""14453""]]",unmatched,Ronald Bolanos,p_c4910821b72713b49fc44e72,pitcher,s_4b2c7e0b84715e4706852683,r_0b8a9687e25165becd721415,2025,RotoWire,FA
s_b3c2acef5a276a568a4d05ba,"[[""rotowire"", ""15915""]]",matched,Cody Bolton,p_2b11176e1209a4155291382a,pitcher,s_4f8699349416b629b7c9cdb9,r_0b8a9687e25165becd721415,2025,RotoWire,SEA
s_0155b961902a9cc762a0d0dc,"[[""rotowire"", ""18682""]]",matched,Cam Booser,p_b2fab903e6ffc323ace73400,pitcher,s_45692ab540d2afb7677b868e,r_0b8a9687e25165becd721415,2025,RotoWire,CWS
s_7b8aae1691949bc2127c520b,"[[""rotowire"", ""14613""]]",matched,Ryan Borucki,p_24a22b256217bda128f194b7,pitcher,s_0fc4e259727cf0d4a1699684,r_0b8a9687e25165becd721415,2025,RotoWire,PIT
s_b058788145ff76943d98bd49,"[[""rotowire"", ""17723""]]",matched,Caleb Boushley,p_e6c685d4a42733d68c25210b,pitcher,s_c5852801e71f75868a2b8e5c,r_0b8a9687e25165becd721415,2025,RotoWire,TEX
s_341a3ea97bcadc54d9affbd4,"[[""rotowire"", ""15503""]]",matched,Jonathan Bowlan,p_6cb3547deca91d83694527f9,pitcher,s_0f0ea9b35f3935bec2bc6b34,r_0b8a9687e25165becd721415,2025,RotoWire,KC
s_6b4f665676357a724756b19f,"[[""rotowire"", ""14132""]]",matched,Matt Bowman,p_f154f9fe1937e83897788168,pitcher,s_bed827776ea55416db2de1bf,r_0b8a9687e25165becd721415,2025,RotoWire,BAL
,"[[""rotowire"", ""10984""]]",unmatched,Brad Boxberger,p_4e24a9343f99218844b84cb6,pitcher,s_e2ce694e219a701a03563dcf,r_0b8a9687e25165becd721415,2025,RotoWire,FA
s_8956f82e7e3faf5c44621923,"[[""rotowire"", ""13007""]]",matched,Matthew Boyd,p_e596c20f3f965f74f208c29f,pitcher,s_67bde5860efaaad382783ef4,r_0b8a9687e25165becd721415,2025,RotoWire,CHC
s_0e386ebd2555de2ba1c4e1a5,"[[""rotowire"", ""16840""]]",matched,Joe Boyle,p_481d55069fc331213e830346,pitcher,s_0b33c240c519607d8b589311,r_0b8a9687e25165becd721415,2025,RotoWire,TB
,"[[""rotowire"", ""14036""]]",unmatched,Silvino Bracho,p_e8231d7bae2852c2b6d0f596,pitcher,s_5f162ba2be986fd8cbfe68e0,r_0b8a9687e25165becd721415,2025,RotoWire,FA
,"[[""rotowire"", ""16193""]]",unmatched,Cody Bradford,p_fde48aca5839877a629d3e92,pitcher,s_d4caa7db1baf5bfcf2633278,r_0b8a9687e25165becd721415,2025,RotoWire,TEX
s_c41effcda9eab2d39175ee66,"[[""rotowire"", ""15482""]]",matched,Kyle Bradish,p_5e4a0f72ee5813838f4aff38,pitcher,s_7dd44086c38f1452cd7e80c0,r_0b8a9687e25165becd721415,2025,RotoWire,BAL
s_3cc0ea04ae0029581205b58a,"[[""rotowire"", ""15684""]]",matched,Taj Bradley,p_80b914cf66fe72410163fff3,pitcher,s_10b73d3604cec1aaf6cffc01,r_0b8a9687e25165becd721415,2025,RotoWire,TB
,"[[""rotowire"", ""12131""]]",unmatched,Archie Bradley,p_2e71291cb0ccc511dfb1948e,pitcher,s_dc4bff15a1c86eab01c07224,r_0b8a9687e25165becd721415,2025,RotoWire,FA
s_5fbed2833912c946d7ff3348,"[[""rotowire"", ""16240""]]",matched,Matt Brash,p_16e4efe96d962f1312ff2ed5,pitcher,s_1951e4d33bf987993498a656,r_0b8a9687e25165becd721415,2025,RotoWire,SEA
s_c09f3cb6ba02e2ec7c733a26,"[[""rotowire"", ""10218""]]",matched,Ryan Brasier,p_46e0d496d589ec6fa5a35f6d,pitcher,s_29cabfddb50ce02c147c4a13,r_0b8a9687e25165becd721415,2025,RotoWire,CHC
s_616021030ce5977fb60a8282,"[[""rotowire"", ""18181""]]",matched,Huascar Brazoban,p_31b06a37157510ce6f137ea5,pitcher,s_e0a82178aa302fc63cace7c8,r_0b8a9687e25165becd721415,2025,RotoWire,NYM
s_e6d12d1ff40e080c12710edc,"[[""rotowire"", ""14981""]]",matched,John Brebbia,p_41d77fd79c69b4fb06385e5c,pitcher,s_3b8f4f3aba1d2045a6f872ef,r_0b8a9687e25165becd721415,2025,RotoWire,DET
,"[[""rotowire"", ""17064""]]",unmatched,Jake Brentz,p_f61b89d5485e8b9f19fb426c,pitcher,s_a90bc6c64dd2137b4b2d8274,r_0b8a9687e25165becd721415,2025,RotoWire,FA
,"[[""rotowire"", ""12247""]]",unmatched,Colten Brewer,p_34bc3221b86d4e88c7290269,pitcher,s_67bf9899246d638aeb88590a,r_0b8a9687e25165becd721415,2025,RotoWire,NYY
,"[[""rotowire"", ""12904""]]",unmatched,Austin Brice,p_137c262edfd7c9f57f9b164c,pitcher,s_eb5ba13c48a0457a7bbf90a9,r_0b8a9687e25165becd721415,2025,RotoWire,FA
s_4fee57987d8938461fda54a9,"[[""rotowire"", ""17745""]]",matched,Beau Brieske,p_5d461229c4f3a1d894c1ef5b,pitcher,s_980f151addd9af79ec332a21,r_0b8a9687e25165becd721415,2025,RotoWire,DET
s_8877ea4ebc0b6139b7bfecb1,"[[""rotowire"", ""13488""]]",matched,Jeff Brigham,p_cd9bbe80bf6ddc022831c8ce,pitcher,s_d73d30cd8c4bde95d369a4ff,r_0b8a9687e25165becd721415,2025,RotoWire,ARI
,"[[""rotowire"", ""18353""]]",unmatched,Braden Bristo,p_e43cd81dabf6c2307ecbf09a,pitcher,s_dee9da84b895bb4cc74bf256,r_0b8a9687e25165becd721415,2025,RotoWire,FA
,"[[""rotowire"", ""17893""]]",unmatched,Jhony Brito,p_29e3a8fc6ea52a0f2a8c07d7,pitcher,s_30b6dcd754c45cd82432b842,r_0b8a9687e25165becd721415,2025,RotoWire,SD
,"[[""rotowire"", ""9370""]]",unmatched,Zack Britton,p_b0811fcf6e374538585ec810,pitcher,s_d87a89f98a1b7a659c41fb9d,r_0b8a9687e25165becd721415,2025,RotoWire,FA
s_3793add8d72ab3e90a2a4596,"[[""rotowire"", ""17032""]]",matched,Connor Brogdon,p_b25d93daecd6b8c40be76364,pitcher,s_c135030cd6e4073628595a99,r_0b8a9687e25165becd721415,2025,RotoWire,LAA
,"[[""rotowire"", ""13292""]]",unmatched,Aaron Brooks,p_98cedc43d09633b49be8cd89,pitcher,s_eac06d1fa7d2edeeb4751704,r_0b8a9687e25165becd721415,2025,RotoWire,ATH
s_650bd7c5625e54d10f36f3fa,"[[""rotowire"", ""16123""]]",matched,Hunter Brown,p_1e13703553ee4e761b93a8d2,pitcher,s_9674218e1587488230618b21,r_0b8a9687e25165becd721415,2025,RotoWire,HOU
s_5767b4585be7053a28a2381e,"[[""rotowire"", ""15795""]]",matched,JT Brubaker,p_7c8aefd139986ac3072d388d,pitcher,s_187255c7b00cb8bd4e6a0240,r_0b8a9687e25165becd721415,2025,RotoWire,NYY
s_17975b8601de44e339adf80c,"[[""rotowire"", ""17602""]]",matched,Justin Bruihl,p_41722893e1c4663095c86715,pitcher,s_e48124f5b5ca1e634aeba97b,r_0b8a9687e25165becd721415,2025,RotoWire,TOR
s_71435a3f6d2c174c16088f05,"[[""rotowire"", ""15433""]]",matched,Kris Bubic,p_71ab6c91e583b9c4b88368c8,pitcher,s_46d68a8a448f1e79214c0172,r_0b8a9687e25165becd721415,2025,RotoWire,KC
,"[[""rotowire"", ""11142""]]",unmatched,David Buchanan,p_e6fec1bda868fd73d22c55c4,pitcher,s_3962963fbb78d8dd17fa91cc,r_0b8a9687e25165becd721415,2025,RotoWire,TEX
s_bbefe9e9b2a947bda134178b,"[[""rotowire"", ""13815""]]",matched,Walker Buehler,p_79c8921830ad0b38d9102933,pitcher,s_c288cbe76caecc26c421b1d3,r_0b8a9687e25165becd721415,2025,RotoWire,BOS
,"[[""rotowire"", ""13398""]]",unmatched,J.B. Bukauskas,p_3496a9e0a370b5a3ef7581ac,pitcher,s_0a5a5785e73f0ca3ff7cb5fa,r_0b8a9687e25165becd721415,2025,RotoWire,MIL
,"[[""rotowire"", ""9766""]]",unmatched,Madison Bumgarner,p_5de0572a84b95d577b48a703,pitcher,s_be14a124583b58b2986c86be,r_0b8a9687e25165becd721415,2025,RotoWire,FA
s_660b38da02d866ac57822d11,"[[""rotowire"", ""15148""]]",matched,Aaron Bummer,p_132c5c809400e7c9829c64f8,pitcher,s_596e218983291f4e3d25dcf8,r_0b8a9687e25165becd721415,2025,RotoWire,ATL
,"[[""rotowire"", ""12116""]]",unmatched,Dylan Bundy,p_4061182e320baecbcae36bc4,pitcher,s_f5c5c1e0fc433ef2abb59c56,r_0b8a9687e25165becd721415,2025,RotoWire,FA
s_12ad3fe4969691ab9667b56f,"[[""rotowire"", ""13380""]]",matched,Nick Burdi,p_482534e7ea7122d637d036f9,pitcher,s_1c19c7c5da11b4043127482c,r_0b8a9687e25165becd721415,2025,RotoWire,BOS
,"[[""rotowire"", ""14266""]]",unmatched,Zack Burdi,p_403b2b16e8059e7896eda5bf,pitcher,s_008bc5fb433b158f704c7a2a,r_0b8a9687e25165becd721415,2025,RotoWire,FA
,"[[""rotowire"", ""19672""]]",unmatched,Raymond Burgos,p_ed117e6d08f801679bab8315,pitcher,s_843ad1173e1bd410711775f3,r_0b8a9687e25165becd721415,2025,RotoWire,SF
s_0291b7ad5f0fa212eb03052c,"[[""rotowire"", ""13459""]]",matched,Brock Burke,p_7c02936ac6ca07e9b01cbaf4,pitcher,s_244b0deddb64032ca56a4cab,r_0b8a9687e25165becd721415,2025,RotoWire,LAA
s_8a24e8e45d2a3f52d393f19c,"[[""rotowire"", ""17364""]]",matched,Sean Burke,p_bdacaf18408f4db91a1d636e,pitcher,s_6c12dcca725d4926d3ee7967,r_0b8a9687e25165becd721415,2025,RotoWire,CWS
s_ab060676998f0e8647cc687c,"[[""rotowire"", ""14264""]]",matched,Corbin Burnes,p_a22a4d8b57e5468ad3a65d76,pitcher,s_55f607f45b40dd7e3db30b62,r_0b8a9687e25165becd721415,2025,RotoWire,ARI
s_c7407a6ac8c13d8d2cdd4a9f,"[[""rotowire"", ""15711""]]",matched,Ryan Burr,p_49f446543bf69cca3e98837a,pitcher,s_3618f5a47d0993724e75d13a,r_0b8a9687e25165becd721415,2025,RotoWire,TOR
s_b1a34ac8e5f4f3c975975cbd,"[[""rotowire"", ""17633""]]",matched,Mike Burrows,p_b089c61cefb15acef80e4522,pitcher,s_3b38504ed48087203fb3d5f9,r_0b8a9687e25165becd721415,2025,RotoWire,PIT
,"[[""rotowire"", ""14501""]]",unmatched,Alan Busenitz,p_62a495f725057118b14d6d31,pitcher,s_249c927f0cdc84f1b26e2cef,r_0b8a9687e25165becd721415,2025,RotoWire,CIN
,"[[""rotowire"", ""8264""]]",unmatched,Matt Bush,p_dadaee2afa8a979619e23be4,pitcher,s_958cace43bf83ae2ccd268b6,r_0b8a9687e25165becd721415,2025,RotoWire,FA
,"[[""rotowire"", ""17355""]]",unmatched,Ky Bush,p_6b165b11cbb8b6da8b0086b4,pitcher,s_b894b2dea682c39a0d2957f6,r_0b8a9687e25165becd721415,2025,RotoWire,CWS
s_b4866dcf0676becc20c30a94,"[[""rotowire"", ""17209""]]",matched,Jose Butto,p_2dcfce41c52f17e2ea97a04c,pitcher,s_b6df2ced8ecd7dce34225840,r_0b8a9687e25165becd721415,2025,RotoWire,NYM
s_1eb944ab0f43b0d8838b344d,"[[""rotowire"", ""15331""]]",matched,Genesis Cabrera,p_3c11bca421face714ccc07b0,pitcher,s_026fee40cf23f7a24af6e0ca,r_0b8a9687e25165becd721415,2025,RotoWire,NYM
s_0cd63fd2527315d845485f28,"[[""rotowire"", ""14672""]]",matched,Edward Cabrera,p_a67d7439eaa5a301707a0a3a,pitcher,s_dfb314cdd5427dbfc107c2ab,r_0b8a9687e25165becd721415,2025,RotoWire,MIA
,"[[""rotowire"", ""19131""]]",unmatched,Kelvin Caceres,p_d434896130b58ce066e07cdc,pitcher,s_4d0ef3b16de86eae9a103386,r_0b8a9687e25165becd721415,2025,RotoWire,LAA
,"[[""rotowire"", ""18261""]]",unmatched,Blair Calvo,p_cc5dae0b8bd4e6583a0e38a8,pitcher,s_0215080e031f22bf2b483d18,r_0b8a9687e25165becd721415,2025,RotoWire,DET
s_9b3219f405cbdf9233ab8ee4,"[[""rotowire"", ""18727""]]",matched,Noah Cameron,p_d414670609afdbe251cf99be,pitcher,s_21abbb2f06d73445152c3f56,r_0b8a9687e25165becd721415,2025,RotoWire,KC
s_e8f1b66179495b2829eebf66,"[[""rotowire"", ""16080""]]",matched,Isaiah Campbell,p_1ef924b32d2eeac5534b766e,pitcher,s_a600875c79d3cd9a8899efa0,r_0b8a9687e25165becd721415,2025,RotoWire,BOS
s_15a4c5ad226867481181e9a5,"[[""rotowire"", ""14783""]]",matched,Griffin Canning,p_1af5dd31a0e578895fc78c7a,pitcher,s_cc1682013dd5e90c78677bf6,r_0b8a9687e25165becd721415,2025,RotoWire,NYM
s_2f2985a68f78639def1b4745,"[[""rotowire"", ""17387""]]",matched,Jonathan Cannon,p_3f22e91a73d176ec1adc71e5,pitcher,s_3a970ab28bdcff2eb3f7f266,r_0b8a9687e25165becd721415,2025,RotoWire,CWS
s_ce816cdf2b7d809a3147b6c1,"[[""rotowire"", ""16308""]]",matched,Yennier Cano,p_36b9e4f3c1486512b790c92a,pitcher,s_9ea09a9d0a3f5c8413039121,r_0b8a9687e25165becd721415,2025,RotoWire,BAL
,"[[""rotowire"", ""13775""]]",unmatched,Matt Carasiti,p_12780f961a8d02ecf5b286c4,pitcher,s_6109cf7785180f6b8cd71969,r_0b8a9687e25165becd721415,2025,RotoWire,FA
,"[[""rotowire"", ""17660""]]",unmatched,Drew Carlton,p_b6c97a7cc6519d4ed69698f5,pitcher,s_b60e13fa4090099d0c305dde,r_0b8a9687e25165becd721415,2025,RotoWire,FA
s_2155ac7778a5956eb8810b15,"[[""rotowire"", ""9449""]]",matched,Carlos Carrasco,p_bbe0b0144e2190d075a1534d,pitcher,s_b76c8135f9593a8f7eb4073f,r_0b8a9687e25165becd721415,2025,RotoWire,NYY
s_3e4c4485e4abb2c741a8450f,"[[""rotowire"", ""17451""]]",matched,Ben Casparius,p_b0e54ab450830f76f778c92d,pitcher,s_e6439f2327f5a2d73b48cd6a,r_0b8a9687e25165becd721415,2025,RotoWire,LAD
,"[[""rotowire"", ""15278""]]",unmatched,Daniel Castano,p_b45282c1440466928395d6c6,pitcher,s_57c73721d3be90036bb21c9a,r_0b8a9687e25165becd721415,2025,RotoWire,FA
,"[[""rotowire"", ""13433""]]",unmatched,Ryan Castellani,p_61265c93e362801208375ecc,pitcher,s_cdb9f4c176bb0128cb7e5b2e,r_0b8a9687e25165becd721415,2025,RotoWire,FA
,"[[""rotowire"", ""17082""]]",unmatched,Humberto Castellanos,p_f1b8d20bc37bc2bd58c96db4,pitcher,s_8f365ac3036c0326b1c76429,r_0b8a9687e25165becd721415,2025,RotoWire,ARI
s_5dadc044f4fa05ebde4c0d71,"[[""rotowire"", ""18224""]]",matched,Luis Castillo,p_eb72c6cdf331edfe333d7274,pitcher,s_fc0167c5229fd6fbba43b46a,r_0b8a9687e25165becd721415,2025,RotoWire,SEA
,"[[""rotowire"", ""15193""]]",unmatched,Max Castillo,p_a8c4abd63d4921fb76b68fe0,pitcher,s_b9ef819c0978fa3e5e9837a0,r_0b8a9687e25165becd721415,2025,RotoWire,FA
s_b489a42bd8cc5c5b0044842b,"[[""rotowire"", ""13702""]]",matched,Jose Castillo,p_3e9c50f5313e3ab52ed4ac9c,pitcher,s_3fe0f78061c15f08b7880ebf,r_0b8a9687e25165becd721415,2025,RotoWire,ARI
s_8c63a2aa6013b1a71ad1160e,"[[""rotowire"", ""13708""]]",matched,Miguel Castro,p_13e78e88a5cf19b96c5da64a,pitcher,s_7cc1173b2f0059711e5fe16a,r_0b8a9687e25165becd721415,2025,RotoWire,HOU
,"[[""rotowire"", ""15497""]]",unmatched,Anthony Castro,p_f4088551f8abc65d9ffe3107,pitcher,s_46c95a7fe8ad50b79217bbc3,r_0b8a9687e25165becd721415,2025,RotoWire,WSH
,"[[""rotowire"", ""17130""]]",unmatched,Kervin Castro,p_0d3da1fa979ed07af5004686,pitcher,s_836ac4e8812c30b8a0a0e064,r_0b8a9687e25165becd721415,2025,RotoWire,NYY
s_e69a79b63382c9fe26d422f1,"[[""rotowire"", ""16692""]]",matched,Cade Cavalli,p_fdea2ad4794d12911ab12ec2,pitcher,s_1032d2f30bf0e10bf606d17c,r_0b8a9687e25165becd721415,2025,RotoWire,WSH
s_80d75f93919742425eb4e1da,"[[""rotowire"", ""14062""]]",matched,Dylan Cease,p_2c23e59d57f37af52a2c0170,pitcher,s_e5bbbabbd6e339b7d5ec5fe2,r_0b8a9687e25165becd721415,2025,RotoWire,SD
s_c9eb4c2477c826b9176bc48b,"[[""rotowire"", ""15450""]]",matched,Slade Cecconi,p_b6c41e8a47dd22519ed59712,pitcher,s_ff09fabc51917ff4a19e8d7d,r_0b8a9687e25165becd721415,2025,RotoWire,CLE
,"[[""rotowire"", ""14021""]]",unmatched,Luis Cessa,p_ba6f8ab68ae371fb26743902,pitcher,s_c1592bf36aeae1e284c28f89,r_0b8a9687e25165becd721415,2025,RotoWire,FA
,"[[""rotowire"", ""10341""]]",unmatched,Jhoulys Chacin,p_035734e560173814fc74dc70,pitcher,s_1e215161a0d5820d0ea4dcc7,r_0b8a9687e25165becd721415,2025,RotoWire,FA
s_a082367d3700e69971acf510,"[[""rotowire"", ""12155""]]",matched,Andrew Chafin,p_df9f7a1ee43910f98210f8d4,pitcher,s_da8f917f97db8d7d5c7db9fa,r_0b8a9687e25165becd721415,2025,RotoWire,DET
s_cace59949f005afc9e990852,"[[""rotowire"", ""17314""]]",matched,Bubba Chandler,p_ce2c49b4be7d2bce7223a6a0,pitcher,s_ee253e8a7f3c74bc44de96d9,r_0b8a9687e25165becd721415,2025,RotoWire,PIT
s_d8923b06cceaaf10ae964e40,"[[""rotowire"", ""10866""]]",matched,Aroldis Chapman,p_2d5fe2afb55076421b84c2d7,pitcher,s_b8b72c5c9c0abb26dcbe6b2e,r_0b8a9687e25165becd721415,2025,RotoWire,BOS
,"[[""rotowire"", ""12525""]]",unmatched,JT Chargois,p_083a307fe1bbd39e5f440923,pitcher,s_2abed7d61fe6ea5b423a2e8b,r_0b8a9687e25165becd721415,2025,RotoWire,TEX
s_68b844d1bcb346e9a3ffa273,"[[""rotowire"", ""10772""]]",matched,Jesse Chavez,p_4b322b3e9defa92b5a488baf,pitcher,s_5953f48d648edde3dbeba230,r_0b8a9687e25165becd721415,2025,RotoWire,ATL
,"[[""rotowire"", ""15140""]]",unmatched,Yonny Chirinos,p_5bbd95a54677272f6aec3334,pitcher,s_71a3e3aeda137ba81871797d,r_0b8a9687e25165becd721415,2025,RotoWire,FA
s_25d0b591c20fb13f137bffe6,"[[""rotowire"", ""18721""]]",matched,Angel Chivilli,p_442f67b0e6c767028dd31107,pitcher,s_b81e57834b0df6e2754fd402,r_0b8a9687e25165becd721415,2025,RotoWire,COL
,"[[""rotowire"", ""13096""]]",unmatched,Adam Cimber,p_698c1fbb5228d2cf69809244,pitcher,s_ab64d28665c62cbace5a8084,r_0b8a9687e25165becd721415,2025,RotoWire,FA
,"[[""rotowire"", ""11780""]]",unmatched,Steve Cishek,p_cf174f5dbc420e27825fb82a,pitcher,s_bf29d37289954714764bc25b,r_0b8a9687e25165becd721415,2025,RotoWire,FA
,"[[""rotowire"", ""11752""]]",unmatched,Jose Cisnero,p_506c34ec95a49eab8809e580,pitcher,s_2a65c1b2211ae30a6e7ab35b,r_0b8a9687e25165becd721415,2025,RotoWire,FA
s_570ceceae6ebadf7a659a485,"[[""rotowire"", ""14366""]]",matched,Aaron Civale,p_583ce1d38f5dfec0877a25c3,pitcher,s_05ea99e9c576462c6a2261dd,r_0b8a9687e25165becd721415,2025,RotoWire,MIL
s_f31401284bf4d98381e70456,"[[""rotowire"", ""13890""]]",matched,Taylor Clarke,p_2269ea2145532d73c89362b1,pitcher,s_918e1c90d28b084b836c06aa,r_0b8a9687e25165becd721415,2025,RotoWire,KC
s_7048752cc6091e76febdaf67,"[[""rotowire"", ""16015""]]",matched,Emmanuel Clase,p_9c3f57de37187fa297d867da,pitcher,s_398011692cd6435a9d29f006,r_0b8a9687e25165becd721415,2025,RotoWire,CLE
,"[[""rotowire"", ""13605""]]",unmatched,Alex Claudio,p_68c2986e44dfd9633ed1997f,pitcher,s_df93134633e064413589e570,r_0b8a9687e25165becd721415,2025,RotoWire,FA
,"[[""rotowire"", ""13470""]]",unmatched,Sam Clay,p_669aa7eb8e40c6d44ca97434,pitcher,s_a775f72f042f0eda610b40a1,r_0b8a9687e25165becd721415,2025,RotoWire,FA
s_66ec21bbd4ea39db1e3764e1,"[[""rotowire"", ""13908""]]",matched,Garrett Cleavinger,p_230ac4acbb3108f710292706,pitcher,s_ed35952dd33ca8d1ea4aeabe,r_0b8a9687e25165becd721415,2025,RotoWire,TB
s_0ffd4a7dba0303fc34d67e07,"[[""rotowire"", ""12784""]]",matched,Mike Clevinger,p_f5a175e1a118851fbe27adfc,pitcher,s_c0a5a35cdafa77f6939613fd,r_0b8a9687e25165becd721415,2025,RotoWire,CWS
,"[[""rotowire"", ""8102""]]",unmatched,Tyler Clippard,p_612e41acbce31e5a7dbbdc22,pitcher,s_2f247c17ac27345b81deee3d,r_0b8a9687e25165becd721415,2025,RotoWire,FA
,"[[""rotowire"", ""9504""]]",unmatched,Alex Cobb,p_50d4e397106240e0c7cf8955,pitcher,s_d5b2360361c53f61dd0c67ff,r_0b8a9687e25165becd721415,2025,RotoWire,DET
,"[[""rotowire"", ""10510""]]",unmatched,Gerrit Cole,p_d102f410880190d0edf406b6,pitcher,s_d89151b314b75bbdc2d0f3e8,r_0b8a9687e25165becd721415,2025,RotoWire,NYY
,"[[""rotowire"", ""15479""]]",unmatched,Dylan Coleman,p_d1dab56b895cc5dd05d833f8,pitcher,s_e886a77b8dda205ab997d686,r_0b8a9687e25165becd721415,2025,RotoWire,BAL
,"[[""rotowire"", ""11259""]]",unmatched,Alex Colome,p_8be24170dadf2eef0b64d78a,pitcher,s_9b912f65ec9650c8e60ebacd,r_0b8a9687e25165becd721415,2025,RotoWire,FA
s_4bb303add14e2b3faa7b4d70,"[[""rotowire"", ""15584""]]",matched,Roansy Contreras,p_d4640ce6f07822bb71b449d4,pitcher,s_21cf41c1a4d7d1277ab690c3,r_0b8a9687e25165becd721415,2025,RotoWire,BAL
s_a01c7dce325d721515a6b37e,"[[""rotowire"", ""19298""]]",matched,Luis Contreras,p_2a2d0322ad2e63c86800fbd2,pitcher,s_eebbc1277864a19cec42ddf5,r_0b8a9687e25165becd721415,2025,RotoWire,HOU
,"[[""rotowire"", ""13503""]]",unmatched,Sam Coonrod,p_0f156e156a55d20a5616dfce,pitcher,s_455e9d88fd7580a53a779359,r_0b8a9687e25165becd721415,2025,RotoWire,FA
s_e03e2d8f7a80649067129ddf,"[[""rotowire"", ""11033""]]",matched,Patrick Corbin,p_f468eeff6fef7a47f63cd456,pitcher,s_a6d837d6ef957efe2dd6c0d5,r_0b8a9687e25165becd721415,2025,RotoWire,TEX
,"[[""rotowire"", ""14069""]]",unmatched,Jimmy Cordero,p_1b11b1a203c1d34d1f7ea64d,pitcher,s_012206251b857d6adf4847e4,r_0b8a9687e25165becd721415,2025,RotoWire,FA
s_f21a55966fb60946eeb3e897,"[[""rotowire"", ""15285""]]",matched,Nestor Cortes,p_1107fc33dd7fa76b67b0e2f6,pitcher,s_a98f787994c0ea465e0658c6,r_0b8a9687e25165becd721415,2025,RotoWire,MIL
s_e209e729332c63f33fa7ae97,"[[""rotowire"", ""18266""]]",matched,Tom Cosgrove,p_d7a6a481b2c8156315936897,pitcher,s_0f252836a7366a68a5d86ede,r_0b8a9687e25165becd721415,2025,RotoWire,SD
,"[[""rotowire"", ""14004""]]",unmatched,Jharel Cotton,p_fb5fdccf8d3fac3a43290cce,pitcher,s_471a238896c84b3461bda5e7,r_0b8a9687e25165becd721415,2025,RotoWire,FA
s_f51bb91aacaf11c8b25dd81f,"[[""rotowire"", ""13627""]]",matched,Danny Coulombe,p_fae8649ac857a8babf1bdca8,pitcher,s_33f69d1b5ad1c7734851d0fc,r_0b8a9687e25165becd721415,2025,RotoWire,MIN
,"[[""rotowire"", ""17535""]]",unmatched,Jake Cousins,p_8b584c5bfa4f0130c8998efa,pitcher,s_9db0f7ce54885726c92619c9,r_0b8a9687e25165becd721415,2025,RotoWire,NYY
,"[[""rotowire"", ""11442""]]",unmatched,Dylan Covey,p_c60d40ca2856c8e687a00509,pitcher,s_940e1865f72100f1ec2a4ac6,r_0b8a9687e25165becd721415,2025,RotoWire,ATL
s_72bb65c895af4327c82e8ae2,"[[""rotowire"", ""15679""]]",matched,Austin Cox,p_281f00a360ce484be44c5eae,pitcher,s_f3b08b8e8c06062988573232,r_0b8a9687e25165becd721415,2025,RotoWire,KC
,"[[""rotowire"", ""17608""]]",unmatched,Kutter Crawford,p_7b1334fef8ae64d523ef1f74,pitcher,s_5e0c6a0cc897bc3fdc18d7f2,r_0b8a9687e25165becd721415,2025,RotoWire,BOS
,"[[""rotowire"", ""12187""]]",unmatched,Kyle Crick,p_65236ea384571ba0894f3d8e,pitcher,s_23b3d5473ff271764181cc70,r_0b8a9687e25165becd721415,2025,RotoWire,FA
s_351c48406f7e3af7e07338e3,"[[""rotowire"", ""14729""]]",matched,Nabil Crismatt,p_4c286b6792cd590ac26d8de5,pitcher,s_ad1290a7e313e602c888e21f,r_0b8a9687e25165becd721415,2025,RotoWire,PHI
s_1a803ad8f1e2defd3e4958ec,"[[""rotowire"", ""17617""]]",matched,Cooper Criswell,p_6cb98ada7d3e5f6be65307b2,pitcher,s_5200595b6f5798afc74940e3,r_0b8a9687e25165becd721415,2025,RotoWire,BOS
s_35b06f0a6baa4d90918eace9,"[[""rotowire"", ""16680""]]",matched,Garrett Crochet,p_0738eee4fb6a62334e2dc6a6,pitcher,s_d38037f2c20bfbffb23ed3e0,r_0b8a9687e25165becd721415,2025,RotoWire,BOS
,"[[""rotowire"", ""19088""]]",unmatched,Declan Cronin,p_149939c174acef5b1e7af20e,pitcher,s_7cd0fcc4188ff6ee57f6de08,r_0b8a9687e25165becd721415,2025,RotoWire,MIA
,"[[""rotowire"", ""14797""]]",unmatched,Hans Crouse,p_ec617a580438c29a38ae2049,pitcher,s_3d6fcedca27d5fecce8b8f7c,r_0b8a9687e25165becd721415,2025,RotoWire,LAA
,"[[""rotowire"", ""14806""]]",unmatched,Wil Crowe,p_2eb4889336da38ac5fabfb93,pitcher,s_c1134d7dcc76b3f1cecae8e6,r_0b8a9687e25165becd721415,2025,RotoWire,FA
,"[[""rotowire"", ""17911""]]",unmatched,Jose Cuas,p_3830026e4827f3c798c92493,pitcher,s_bde180941948a28dea7dcecc,r_0b8a9687e25165becd721415,2025,RotoWire,PHI
,"[[""rotowire"", ""9262""]]",unmatched,Johnny Cueto,p_5949a975562cb5d265b8efb1,pitcher,s_5fb540488e24ce88d473ac08,r_0b8a9687e25165becd721415,2025,RotoWire,FA
,"[[""rotowire"", ""9885""]]",unmatched,Charlie Culberson,p_cf9932602d8c722468d9a81a,pitcher,s_28438be88b186159a0d01f02,r_0b8a9687e25165becd721415,2025,RotoWire,FA
s_19cec74d705e6e921ea9d76f,"[[""rotowire"", ""17284""]]",matched,Xzavion Curry,p_ba2387323b64d5ebd5d849ac,pitcher,s_aa456a6ed7de5ea0e53936fc,r_0b8a9687e25165becd721415,2025,RotoWire,MIA
s_a9e37a8bf0799b570df667cd,"[[""rotowire"", ""14732""]]",matched,John Curtiss,p_f2ee16b90f95f0ed772fe7aa,pitcher,s_c497fe794f054e0771968624,r_0b8a9687e25165becd721415,2025,RotoWire,ARI
,"[[""rotowire"", ""17028""]]",unmatched,Tyler Cyr,p_15ac3b809f0e8608249d1eb7,pitcher,s_96885d915cc9066c83c1a4ec,r_0b8a9687e25165becd721415,2025,RotoWire,FA
s_273a65987afd3c1cdff5a675,"[[""rotowire"", ""18025""]]",matched,Caden Dana,p_008193aef738335244441232,pitcher,s_e444a7e8b884f75eb903d380,r_0b8a9687e25165becd721415,2025,RotoWire,LAA
s_3a44ba4918c2476e86336150,"[[""rotowire"", ""14335""]]",matched,Davis Daniel,p_0ba0cf7f94e74b8472593f01,pitcher,s_414a57dbeb8997b8f723468a,r_0b8a9687e25165becd721415,2025,RotoWire,ATL
,"[[""rotowire"", ""13052""]]",unmatched,Tyler Danish,p_496e9d95b5f33883aba0a165,pitcher,s_d9028c9c1fa645ada612bb72,r_0b8a9687e25165becd721415,2025,RotoWire,FA
,"[[""rotowire"", ""14807""]]",unmatched,Hagen Danner,p_0070fbb29de42b7e0afd1585,pitcher,s_0457b0a6af7f4a58272e71a9,r_0b8a9687e25165becd721415,2025,RotoWire,SEA
s_06930419f692c2340c85d596,"[[""rotowire"", ""9601""]]",matched,Yu Darvish,p_e04c5d25f1824514545fac27,pitcher,s_a3517840d0405e110fb71680,r_0b8a9687e25165becd721415,2025,RotoWire,SD
,"[[""rotowire"", ""15265""]]",unmatched,Tucker Davidson,p_7a6745159fa72896be3850e4,pitcher,s_3d2d4a95e6fd5c9d060bfcf2,r_0b8a9687e25165becd721415,2025,RotoWire,FA
,"[[""rotowire"", ""13718""]]",unmatched,Zach Davies,p_c1fccff4d83d95ead029b6b7,pitcher,s_e12b05afbd86db2602262658,r_0b8a9687e25165becd721415,2025,RotoWire,FA
,"[[""rotowire"", ""15027""]]",unmatched,Austin Davis,p_583595ee7aa913513e872425,pitcher,s_3a8f02239cfa22afab0e1209,r_0b8a9687e25165becd721415,2025,RotoWire,SD
s_cb73619268c2340e2930867f,"[[""rotowire"", ""17590""]]",matched,Noah Davis,p_5dae408a50fd7a2ef23c70ad,pitcher,s_df0d66d65b259c7c48461fa5,r_0b8a9687e25165becd721415,2025,RotoWire,BOS
s_9e22296d63f63c7002b955b2,"[[""rotowire"", ""16632""]]",matched,Brett de Geus,p_c86be00e2784333930137667,pitcher,s_74a39b103acc2638a448de77,r_0b8a9687e25165becd721415,2025,RotoWire,MIA
,"[[""rotowire"", ""18692""]]",unmatched,Enmanuel De Jesus,p_689d28a2bc752df2912677cc,pitcher,s_9d00fe9f2728d3fb8fa931ae,r_0b8a9687e25165becd721415,2025,RotoWire,FA
,"[[""rotowire"", ""17694""]]",unmatched,Angel De Jesus,p_37e810165b0bc56e4940dcab,pitcher,s_dfc814c5a0a3e4878364c087,r_0b8a9687e25165becd721415,2025,RotoWire,FA
,"[[""rotowire"", ""13945""]]",unmatched,Chase De Jong,p_0afccb805e97c321295ff14c,pitcher,s_4d311bc66c7ff3c8e1985703,r_0b8a9687e25165becd721415,2025,RotoWire,FA
s_5e8f065ec604af64ec3765fa,"[[""rotowire"", ""13621""]]",matched,Jose De Leon,p_671b4ce2c3ec28ad663bf922,pitcher,s_0bfd4064b0d3b695e4667925,r_0b8a9687e25165becd721415,2025,RotoWire,BOS
s_c949011649b249d63ce55f10,"[[""rotowire"", ""14199""]]",matched,Enyel De Los Santos,p_983985938701c89b957bf280,pitcher,s_7dcefa1d1dba45e3364dbdf3,r_0b8a9687e25165becd721415,2025,RotoWire,ATL
s_8b814465ee06ac377a7630f6,"[[""rotowire"", ""17890""]]",matched,Yerry De Los Santos,p_833ff8e8d015c9ecd8ab1e4a,pitcher,s_5b097fac77aef122f39ccda4,r_0b8a9687e25165becd721415,2025,RotoWire,NYY
s_8842c8091b9d17f05854afaa,"[[""rotowire"", ""12854""]]",matched,Jacob deGrom,p_1495f8ede09487e68eb6132f,pitcher,s_0e580f533d1c88c971fb7729,r_0b8a9687e25165becd721415,2025,RotoWire,TEX
,"[[""rotowire"", ""14540""]]",unmatched,Matt Dermody,p_8802a6a2bf5eaae9015278ff,pitcher,s_cc45fb3a7763291c066a8d3a,r_0b8a9687e25165becd721415,2025,RotoWire,FA
s_72ba8cb469458d4ca54be6ae,"[[""rotowire"", ""12755""]]",matched,Anthony DeSclafani,p_416065fb1e7bee98c8c06e9c,pitcher,s_0a20fb2b61e60273dead431f,r_0b8a9687e25165becd721415,2025,RotoWire,FA
s_8a1c248cbaff7cee3d479906,"[[""rotowire"", ""16674""]]",matched,Reid Detmers,p_712ae68dc57df5d305f2eced,pitcher,s_e17b900eca1442f257698b60,r_0b8a9687e25165becd721415,2025,RotoWire,LAA
,"[[""rotowire"", ""9760""]]",unmatched,Ross Detwiler,p_9f146f4529a7b7030f370a99,pitcher,s_2e5988040da84fb4d53a467d,r_0b8a9687e25165becd721415,2025,RotoWire,FA
s_41e29dc39b00de90a2a62ecc,"[[""rotowire"", ""12654""]]",matched,Chris Devenski,p_c64d1a71e8b698a4cf973c7e,pitcher,s_97d3066f716d1f1c74cbbdc8,r_0b8a9687e25165becd721415,2025,RotoWire,NYM
s_73113b4bcc150a47fe1f98f4,"[[""rotowire"", ""17695""]]",matched,Alexis Diaz,p_39a4d35b75bdffcbcfddff84,pitcher,s_130e889df931cad846339593,r_0b8a9687e25165becd721415,2025,RotoWire,CIN
s_9ca7ff6c6318b232e41da014,"[[""rotowire"", ""17664""]]",matched,Jhonathan Diaz,p_b7e27b68ebd83bc6a468e72b,pitcher,s_aef4560add238876576b5336,r_0b8a9687e25165becd721415,2025,RotoWire,SEA
s_1d17b1360f82ce39bd5a3bda,"[[""rotowire"", ""18751""]]",matched,Yilber Diaz,p_6195a4077f4c42e4300606dc,pitcher,s_913dbfeeeb78af7bf5adcd2c,r_0b8a9687e25165becd721415,2025,RotoWire,ARI
,"[[""rotowire"", ""15904""]]",unmatched,Phillip Diehl,p_c080ddcfc840595c1036c9d5,pitcher,s_d7dada3fa0c970ecfa89a772,r_0b8a9687e25165becd721415,2025,RotoWire,FA
,"[[""rotowire"", ""12330""]]",unmatched,Jake Diekman,p_19886110b6dcd972d0c14702,pitcher,s_4ca3887f239fae99e6175871,r_0b8a9687e25165becd721415,2025,RotoWire,FA
,"[[""rotowire"", ""13714""]]",unmatched,Marcos Diplan,p_e7f18b7115d2899b213211a1,pitcher,s_dfaba204ff6305e78b2ab9ac,r_0b8a9687e25165becd721415,2025,RotoWire,FA
s_b8126ca802a96726e5b84210,"[[""rotowire"", ""16427""]]",matched,Randy Dobnak,p_0656788e350d8a313901326d,pitcher,s_f2c11db0faaa0102d6fb36cd,r_0b8a9687e25165becd721415,2025,RotoWire,MIN
s_02e780669e6bc95d0229360a,"[[""rotowire"", ""17460""]]",matched,Dylan Dodd,p_7baf8732d9a598c647856252,pitcher,s_90e64d81f560cd52d110de89,r_0b8a9687e25165becd721415,2025,RotoWire,ATL
s_39e7875f50460da3bd7390e6,"[[""rotowire"", ""18850""]]",matched,Chase Dollander,p_036ba95158dbe1470dd58b5d,pitcher,s_0009dd44414ce9f21133505e,r_0b8a9687e25165becd721415,2025,RotoWire,COL
s_8e60cddd764193499ced43ba,"[[""rotowire"", ""14702""]]",matched,Seranthony Dominguez,p_6b060d3dfdf334d2e513ce27,pitcher,s_7b747ab7774559f90e1f0f04,r_0b8a9687e25165becd721415,2025,RotoWire,BAL
,"[[""rotowire"", ""9879""]]",unmatched,Sean Doolittle,p_70468dd687d6259cb54aeb8d,pitcher,s_185142fc3280ea45563e0359,r_0b8a9687e25165becd721415,2025,RotoWire,FA
s_86fe70b48eb927c31b9349eb,"[[""rotowire"", ""16010""]]",matched,Camilo Doval,p_86bbc8fa57931321ecdf298d,pitcher,s_3fe36898ff4124874d57bf61,r_0b8a9687e25165becd721415,2025,RotoWire,SF
,"[[""rotowire"", ""15662""]]",unmatched,Kyle Dowdy,p_a3b3ed0e0e6b8c066d8789f2,pitcher,s_5bdc9561b12b2147cecfec94,r_0b8a9687e25165becd721415,2025,RotoWire,BAL
,"[[""rotowire"", ""14921""]]",unmatched,Tommy Doyle,p_783eeeeacee2f2a1509d2dc0,pitcher,s_9d48a4678c520838ac214257,r_0b8a9687e25165becd721415,2025,RotoWire,COL
,"[[""rotowire"", ""17696""]]",unmatched,Daniel Duarte,p_243c60d01118f80fce959797,pitcher,s_4dee48771f0c3f57ccfa34a4,r_0b8a9687e25165becd721415,2025,RotoWire,MIN
s_88243b415e101b379cc7c336,"[[""rotowire"", ""16504""]]",matched,Shawn Dubin,p_d6d57443ec08aa62f4f79d93,pitcher,s_0b674adfe9f1bf620f377082,r_0b8a9687e25165becd721415,2025,RotoWire,HOU
,"[[""rotowire"", ""13101""]]",unmatched,Tyler Duffey,p_27324270b19268ea7ec3bd41,pitcher,s_6a55b7eb13a95d96065a7811,r_0b8a9687e25165becd721415,2025,RotoWire,FA
,"[[""rotowire"", ""15271""]]",unmatched,Robert Dugger,p_18b94d9bf11cf44364265d84,pitcher,s_0227972bf309d460f8eddc7b,r_0b8a9687e25165becd721415,2025,RotoWire,ATH
,"[[""rotowire"", ""14273""]]",unmatched,Justin Dunn,p_8c5c57f21924cd79ab2f1029,pitcher,s_0d546b4695a60fcf6baf8c43,r_0b8a9687e25165becd721415,2025,RotoWire,CWS
s_d68d664c06f4dd46d4c81699,"[[""rotowire"", ""14284""]]",matched,Dane Dunning,p_ac8c5c8e84a95d130d682758,pitcher,s_160af9786c5be9848d9e5639,r_0b8a9687e25165becd721415,2025,RotoWire,TEX
,"[[""rotowire"", ""15371""]]",unmatched,Parker Dunshee,p_13432feb395b8be952e56114,pitcher,s_95dff7cff323b4b3471e96b4,r_0b8a9687e25165becd721415,2025,RotoWire,FA
s_1add6b2b538ce78e0de8ee04,"[[""rotowire"", ""14760""]]",matched,Jhoan Duran,p_6a5ad9cf8a12ffa4c0cfffae,pitcher,s_a5403ef8b7b52087aaed9014,r_0b8a9687e25165becd721415,2025,RotoWire,MIN
,"[[""rotowire"", ""18111""]]",unmatched,Nick Duron,p_7fa66939c424efd6f14464e5,pitcher,s_c1bfc5bc606773c5c06f9394,r_0b8a9687e25165becd721415,2025,RotoWire,FA
s_e3a8fc39a134eae0fbb10f6e,"[[""rotowire"", ""17649""]]",matched,Scott Effross,p_2d9cec8e1707efbb1e1cb52c,pitcher,s_b9283324d20d52a77532d789,r_0b8a9687e25165becd721415,2025,RotoWire,NYY
s_f4a59e68ace4ee188d68a32e,"[[""rotowire"", ""12471""]]",matched,Zach Eflin,p_2553085f66061508335f3fb1,pitcher,s_1f4c27b1eaa9122d594edbee,r_0b8a9687e25165becd721415,2025,RotoWire,BAL
,"[[""rotowire"", ""13674""]]",unmatched,Jerad Eickhoff,p_a48161658be8f9cb24a3ea77,pitcher,s_1a41b58f1403aacc8295ad25,r_0b8a9687e25165becd721415,2025,RotoWire,CLE
s_14f8ee0fa512a813e849a76e,"[[""rotowire"", ""19497""]]",matched,Brandon Eisert,p_08c841183887e159fb3b9131,pitcher,s_5331e8f9b0cefa195c5fd7c8,r_0b8a9687e25165becd721415,2025,RotoWire,CWS
s_b5039a4a090999635e88a443,"[[""rotowire"", ""16801""]]",matched,Bryce Elder,p_dba406ee26bfb7503c1bf27d,pitcher,s_42953f1c02f0de0109285512,r_0b8a9687e25165becd721415,2025,RotoWire,ATL
,"[[""rotowire"", ""13281""]]",unmatched,Roenis Elias,p_c6ae116254026621855610fc,pitcher,s_cda761d4e6e718a2c58e3c9d,r_0b8a9687e25165becd721415,2025,RotoWire,FA
s_d4eafcf934747c8deb798fe8,"[[""rotowire"", ""19766""]]",matched,Fraser Ellard,p_1dfc6e6af415ea42f3c5b686,pitcher,s_4d503509ed4a01c0aecb43e2,r_0b8a9687e25165becd721415,2025,RotoWire,CWS
,"[[""rotowire"", ""13454""]]",unmatched,Chris Ellis,p_2f3f4c85e549da04a6ce72ff,pitcher,s_322371f0d01971b6bd13fa8f,r_0b8a9687e25165becd721415,2025,RotoWire,FA
,"[[""rotowire"", ""13053""]]",unmatched,Kent Emanuel,p_b3fd9a51515080534ee8cdc9,pitcher,s_b60379e81c7e29b4c58ff9a2,r_0b8a9687e25165becd721415,2025,RotoWire,MIA
s_e122438d4e613a0f4f2e9965,"[[""rotowire"", ""15535""]]",matched,Mason Englert,p_607b4432d07e4a7dfc0a7e67,pitcher,s_29e15367f92ed51fe319244f,r_0b8a9687e25165becd721415,2025,RotoWire,TB
s_95389aa7ff9e067484c79a33,"[[""rotowire"", ""10901""]]",matched,Nathan Eovaldi,p_2f8502e30665a12d3037adfa,pitcher,s_1b911e08672a6aa69cd5e964,r_0b8a9687e25165becd721415,2025,RotoWire,TEX
s_609ca47bf213df408e378cae,"[[""rotowire"", ""14282""]]",matched,Lucas Erceg,p_dc952cf10742e3abc77f91bf,pitcher,s_18556b27f16da21bb3c21940,r_0b8a9687e25165becd721415,2025,RotoWire,KC
,"[[""rotowire"", ""11048""]]",unmatched,Robbie Erlin,p_1762e4702692f80b377520cf,pitcher,s_1728fcfc6c0d94091613ce68,r_0b8a9687e25165becd721415,2025,RotoWire,FA
s_da013a4d0067c5ff254d56fa,"[[""rotowire"", ""19065""]]",matched,Jose Espada,p_62360b5de96d90bc68e17dd9,pitcher,s_1ad1eedfe5788eff438677ed,r_0b8a9687e25165becd721415,2025,RotoWire,SD
,"[[""rotowire"", ""17652""]]",unmatched,Raynel Espinal,p_ba09831cec31d9cf9fa4c1ab,pitcher,s_743a7b03c97b70e08771b248,r_0b8a9687e25165becd721415,2025,RotoWire,FA
,"[[""rotowire"", ""11384""]]",unmatched,Paolo Espino,p_45001764ecf663eac4f8b3d8,pitcher,s_4ae6f068ad17b13ce16467c4,r_0b8a9687e25165becd721415,2025,RotoWire,TOR
,"[[""rotowire"", ""13537""]]",unmatched,Anderson Espinoza,p_e8ba0425b1c757deb84befe6,pitcher,s_6dda917bd79a686b03bedc5a,r_0b8a9687e25165becd721415,2025,RotoWire,FA
s_7ebe77e2de0a6f368156734d,"[[""rotowire"", ""16363""]]",matched,Joey Estes,p_f2af4380a6d1108c9d507592,pitcher,s_e252b8b486cf9e842474d35d,r_0b8a9687e25165becd721415,2025,RotoWire,ATH
s_9bdf3f133fa3b2a53f5a286b,"[[""rotowire"", ""13774""]]",matched,Carlos Estevez,p_cdab5985b61ba75e14c1e3e7,pitcher,s_7fe48e2c47e3dcc5c1ea19d2,r_0b8a9687e25165becd721415,2025,RotoWire,KC
s_e8a8c7e860531c20c329ee15,"[[""rotowire"", ""14899""]]",matched,Jeremiah Estrada,p_1821549cff26dbba5d4aca04,pitcher,s_b641beace190fc226f5b02b1,r_0b8a9687e25165becd721415,2025,RotoWire,SD
,"[[""rotowire"", ""14772""]]",unmatched,Alex Faedo,p_ad63c3e99c4c8c1e2b9e9be0,pitcher,s_0a8d9fa40f5fdaedc4fb7bd3,r_0b8a9687e25165becd721415,2025,RotoWire,TB
s_7003fe91e4622eb30223f5b6,"[[""rotowire"", ""16252""]]",matched,Pete Fairbanks,p_2f79f472a978afdd718437e0,pitcher,s_bfb01addbf6fe0f28a2c3d6c,r_0b8a9687e25165becd721415,2025,RotoWire,TB
s_daff073998edc72aa8854c54,"[[""rotowire"", ""14490""]]",matched,Bailey Falter,p_6812838b39eb2c709ed072fd,pitcher,s_d41b4fd0376177bde39d58cf,r_0b8a9687e25165becd721415,2025,RotoWire,PIT
,"[[""rotowire"", ""11193""]]",unmatched,Jeurys Familia,p_01f782ed2d6afc2d87721e94,pitcher,s_33a91a9a9b6df0dbfd4dc74a,r_0b8a9687e25165becd721415,2025,RotoWire,FA
,"[[""rotowire"", ""13796""]]",unmatched,Jake Faria,p_2208079f42e928ab613d8b3b,pitcher,s_14b07cece3e6d7fb2935fecc,r_0b8a9687e25165becd721415,2025,RotoWire,FA
,"[[""rotowire"", ""13035""]]",unmatched,Buck Farmer,p_719c3270536f32ee5a0cab9c,pitcher,s_7068ff672254a5fb6a10d7bf,r_0b8a9687e25165becd721415,2025,RotoWire,ATL
,"[[""rotowire"", ""13075""]]",unmatched,Luke Farrell,p_ce9380d7268c9a9bc2590255,pitcher,s_f5bea8bea785fa254ed44f06,r_0b8a9687e25165becd721415,2025,RotoWire,FA
s_ab994fa15f12e0e0ef3d6390,"[[""rotowire"", ""17582""]]",matched,Calvin Faucher,p_c2f429582365b8384125cb6a,pitcher,s_11628e648299e94d1acbcd19,r_0b8a9687e25165becd721415,2025,RotoWire,MIA
s_ea2ba32da080bede76c83be1,"[[""rotowire"", ""13346""]]",matched,Erick Fedde,p_0e56dc24388067d6adf8d91b,pitcher,s_5d5dda2cbffa7cbacb390ce4,r_0b8a9687e25165becd721415,2025,RotoWire,STL
,"[[""rotowire"", ""18744""]]",unmatched,Angel Felipe,p_c80915d3b3628bd9ed0fd863,pitcher,s_1d68898966946eac42989673,r_0b8a9687e25165becd721415,2025,RotoWire,LAA
,"[[""rotowire"", ""13264""]]",unmatched,Michael Feliz,p_4a646c7c3f99ea702b6bf11e,pitcher,s_920c99c53018cb3f0e91db04,r_0b8a9687e25165becd721415,2025,RotoWire,FA
s_15a5a8eec966b09b2002869c,"[[""rotowire"", ""15541""]]",matched,Ryan Feltner,p_8961924234b18a32fc5f7a2c,pitcher,s_063d72a8a5528edf111336a2,r_0b8a9687e25165becd721415,2025,RotoWire,COL
s_bce4c2d4760bb32a0c454261,"[[""rotowire"", ""15217""]]",matched,Caleb Ferguson,p_d0ae9150ea080d20bd5ec95d,pitcher,s_2234ec5d7fb744b08827806c,r_0b8a9687e25165becd721415,2025,RotoWire,PIT
s_f9f408e51230773a6a4e31fe,"[[""rotowire"", ""19462""]]",matched,Tyler Ferguson,p_d9c64dd40ed1ff65a53e6228,pitcher,s_e9332b7665860065bc21993f,r_0b8a9687e25165becd721415,2025,RotoWire,ATH
,"[[""rotowire"", ""14072""]]",unmatched,Junior Fernandez,p_4fe455d9877a9db08b4c15ee,pitcher,s_8b03d6b39712bcd6b510ad7f,r_0b8a9687e25165becd721415,2025,RotoWire,KC
s_6631b3c9fa3b874a16b7d361,"[[""rotowire"", ""15304""]]",matched,Matt Festa,p_fd293a60557159fc55b19a14,pitcher,s_30dd9a4b7d03dabba0117762,r_0b8a9687e25165becd721415,2025,RotoWire,TEX
s_a9b5426aa5a8ee9f5ffccc1b,"[[""rotowire"", ""14499""]]",matched,J.P. Feyereisen,p_f5ba6b7a7aef6272c083449c,pitcher,s_873fe86a76ee37a6c45ca9fd,r_0b8a9687e25165becd721415,2025,RotoWire,ARI
s_7c79a05f7a8df721ec877922,"[[""rotowire"", ""15866""]]",matched,Kyle Finnegan,p_b8cb9339000eda49122a846d,pitcher,s_bc22c5fb28b372c83cd68608,r_0b8a9687e25165becd721415,2025,RotoWire,WSH
,"[[""rotowire"", ""18229""]]",unmatched,Nate Fisher,p_f80d784068373ed00bb6d72c,pitcher,s_e20e37161a3374fb083a7d04,r_0b8a9687e25165becd721415,2025,RotoWire,FA
,"[[""rotowire"", ""18208""]]",unmatched,Jake Fishman,p_c4ba74504df6bc50272fea8f,pitcher,s_edbb5d6a8acf0e56bd72a923,r_0b8a9687e25165becd721415,2025,RotoWire,FA
s_2dad6f41a98c5f74eff03806,"[[""rotowire"", ""13411""]]",matched,Jack Flaherty,p_f6d0db5ece194fe2beb1ec11,pitcher,s_f5eea7d1d5c183aa9b517f64,r_0b8a9687e25165becd721415,2025,RotoWire,DET
,"[[""rotowire"", ""16624""]]",unmatched,Josh Fleming,p_ba6bc0de0ca86615bd2bdedc,pitcher,s_a53c85c26feb114b058ad57d,r_0b8a9687e25165becd721415,2025,RotoWire,SEA
,"[[""rotowire"", ""16414""]]",unmatched,Aaron Fletcher,p_6e4310b8b9dd9c81e13a72c2,pitcher,s_516da5a4a3ca7b7225688db2,r_0b8a9687e25165becd721415,2025,RotoWire,FA
s_55c90c7bb4a3cb2cab4d6b41,"[[""rotowire"", ""14596""]]",matched,Chris Flexen,p_340afab40ed7623681903f52,pitcher,s_d52adcac5cd60628dc647295,r_0b8a9687e25165becd721415,2025,RotoWire,CHC
,"[[""rotowire"", ""14457""]]",unmatched,Dylan Floro,p_2fe0952723b6deaa12d3a84d,pitcher,s_8da4fb25485d5b92d8c38cae,r_0b8a9687e25165becd721415,2025,RotoWire,ATH
,"[[""rotowire"", ""17098""]]",unmatched,Jason Foley,p_99936a0709128a5b98222b47,pitcher,s_053bff120197a4e64851f831,r_0b8a9687e25165becd721415,2025,RotoWire,DET
,"[[""rotowire"", ""16491""]]",unmatched,Matt Foster,p_52750b63c4c76840a7276ad1,pitcher,s_62e6ae760631b4091aeafd55,r_0b8a9687e25165becd721415,2025,RotoWire,FA
s_be49a9dba002f76b31e078cd,"[[""rotowire"", ""18263""]]",matched,J.P. France,p_6e405786ba3c4c7b03295e6c,pitcher,s_b366497b22f23536a85a9b6d,r_0b8a9687e25165becd721415,2025,RotoWire,HOU
s_fdeedae6abce48a3bf61526b,"[[""rotowire"", ""16434""]]",matched,Bowden Francis,p_c9dcb3032a2a934069d036a1,pitcher,s_0bb57399523486a8c2e674f3,r_0b8a9687e25165becd721415,2025,RotoWire,TOR
s_66b29f4c658b1771add05f1f,"[[""rotowire"", ""13369""]]",matched,Kyle Freeland,p_4d320f12f7ed1ac1d64a8564,pitcher,s_bbb4da2feccc84c5cfee40c3,r_0b8a9687e25165becd721415,2025,RotoWire,COL
s_79dce3f27ddf995e598d15d3,"[[""rotowire"", ""12453""]]",matched,Max Fried,p_c9c4b9c76960c47b342a00fe,pitcher,s_00836f6a4aa8a07bbc9a4201,r_0b8a9687e25165becd721415,2025,RotoWire,NYY
,"[[""rotowire"", ""14162""]]",unmatched,Paul Fry,p_0086dad173cd532566f75732,pitcher,s_933e3ad26f6c4772fe5d4cba,r_0b8a9687e25165becd721415,2025,RotoWire,FA
,"[[""rotowire"", ""12807""]]",unmatched,Shintaro Fujinami,p_7a3e38a44bfc3a6194b62da8,pitcher,s_5fc55ca49b47c8121c7f825e,r_0b8a9687e25165becd721415,2025,RotoWire,SEA
s_6551e16d986654b34b421af5,"[[""rotowire"", ""12183""]]",matched,Michael Fulmer,p_2b6dc032a155f10c90f5d066,pitcher,s_07f1aca0ff7d5dae687e216e,r_0b8a9687e25165becd721415,2025,RotoWire,BOS
s_6693659ab47ceb2e16665329,"[[""rotowire"", ""13807""]]",matched,Carson Fulmer,p_17ae1171e92abea6543117d2,pitcher,s_4e782d9310cb93d3942eda63,r_0b8a9687e25165becd721415,2025,RotoWire,PIT
s_2714718966779c2247562864,"[[""rotowire"", ""19158""]]",matched,Kody Funderburk,p_e53dd34ff1049b4cdddde3b2,pitcher,s_bfe6bfff4bf8f18ba2ac1f54,r_0b8a9687e25165becd721415,2025,RotoWire,MIN
s_aa2c298046b6d3698763d7c3,"[[""rotowire"", ""16216""]]",matched,Hunter Gaddis,p_67fd9d9af5f906af95676a62,pitcher,s_658bc5564cf49cc03ef5272c,r_0b8a9687e25165becd721415,2025,RotoWire,CLE
s_664774298b8d729a2da77b87,"[[""rotowire"", ""13509""]]",matched,Matt Gage,p_fbcb5bbe88ef2a2cc64ce3bd,pitcher,s_fd80993919b3a3aabe3f7435,r_0b8a9687e25165becd721415,2025,RotoWire,DET
,"[[""rotowire"", ""14616""]]",unmatched,Giovanny Gallegos,p_883740bad3b28e292abab968,pitcher,s_99251467b03e8988e2e02438,r_0b8a9687e25165becd721415,2025,RotoWire,LAD
s_57de3b4353c21efe8dc4c739,"[[""rotowire"", ""14312""]]",matched,Zac Gallen,p_bf86f5798c2e549b7fb30ee2,pitcher,s_a446e906c35a5c92dce13290,r_0b8a9687e25165becd721415,2025,RotoWire,ARI
s_c993f5d350cd25f6ab21206f,"[[""rotowire"", ""19482""]]",matched,Gerson Garabito,p_6254917ef60e1ddc873e6f31,pitcher,s_716caea0443e56d78a7e3796,r_0b8a9687e25165becd721415,2025,RotoWire,TEX
,"[[""rotowire"", ""14570""]]",unmatched,Rony Garcia,p_6f4f1f533a6cf003c9bc7854,pitcher,s_52faa3a25692c0c633aac40e,r_0b8a9687e25165becd721415,2025,RotoWire,FA
,"[[""rotowire"", ""13599""]]",unmatched,Jarlin Garcia,p_5b746ef7d4d76a5718a8deed,pitcher,s_825226ab32218b8bdecfd97d,r_0b8a9687e25165becd721415,2025,RotoWire,FA
s_592b83fb0c4c85e5d26be71b,"[[""rotowire"", ""13197""]]",matched,Yimi Garcia,p_c385db74ca850410df462be2,pitcher,s_45ccdecaf0d66e5fa6380a15,r_0b8a9687e25165becd721415,2025,RotoWire,TOR
,"[[""rotowire"", ""15163""]]",unmatched,Deivi Garcia,p_c8dcfd9279af4cfb6bd9db05,pitcher,s_25a940562fd2829026e616a4,r_0b8a9687e25165becd721415,2025,RotoWire,MIL
,"[[""rotowire"", ""15101""]]",unmatched,Bryan Garcia,p_bee923b7285696177ce51fca,pitcher,s_9a17882629ad1f0b9bf43334,r_0b8a9687e25165becd721415,2025,RotoWire,FA
s_c34cd6aeafbc8c769d0af641,"[[""rotowire"", ""15709""]]",matched,Rico Garcia,p_94d21693ba45c52946454a20,pitcher,s_7a3033e8c88241f6ddfc72fa,r_0b8a9687e25165becd721415,2025,RotoWire,NYM
s_f25e9ce037a75acd9e233f46,"[[""rotowire"", ""17728""]]",matched,Robert Garcia,p_f3591f0057a7a2816bc6c347,pitcher,s_cd76b63f7a745bff08182ac6,r_0b8a9687e25165becd721415,2025,RotoWire,TEX
s_d4b50b508674ac6cd8a10295,"[[""rotowire"", ""15803""]]",matched,Reed Garrett,p_b38e7099b3fed40bc1dd2bdc,pitcher,s_302d0f3ce70e73281bd0eaef,r_0b8a9687e25165becd721415,2025,RotoWire,NYM
,"[[""rotowire"", ""13611""]]",unmatched,Amir Garrett,p_50a6e9c1c666d881db32bccf,pitcher,s_e3db16724382fbbbcceac1a4,r_0b8a9687e25165becd721415,2025,RotoWire,TOR
,"[[""rotowire"", ""14244""]]",unmatched,Braxton Garrett,p_f59021dc23b8ddcf8911efd0,pitcher,s_2d5c7c6d709c949495b91fce,r_0b8a9687e25165becd721415,2025,RotoWire,MIA
s_9c428e8b129420ca86bb9733,"[[""rotowire"", ""17541""]]",matched,Justin Garza,p_991aeb6ad93c0dfba092e8e7,pitcher,s_bbe1ab59b2612cbf015acfc3,r_0b8a9687e25165becd721415,2025,RotoWire,SF
s_019bca706351f2fbcaddfa85,"[[""rotowire"", ""11473""]]",matched,Kevin Gausman,p_f092d568b762f9e2d2d576ac,pitcher,s_852f2fa6ca21bd2337c8f3c6,r_0b8a9687e25165becd721415,2025,RotoWire,TOR
,"[[""rotowire"", ""13600""]]",unmatched,Domingo German,p_405a9bb9a8d4038496db6077,pitcher,s_a648e4afa6a2c876fc087556,r_0b8a9687e25165becd721415,2025,RotoWire,PIT
,"[[""rotowire"", ""15542""]]",unmatched,Frank German,p_66ef420622aa2f202995216f,pitcher,s_d6c081d8c498a4f75fb831ba,r_0b8a9687e25165becd721415,2025,RotoWire,FA
s_23c706b26822a5be3f4bd5e1,"[[""rotowire"", ""15798""]]",matched,Ian Gibaut,p_436ab07080c06918509193ab,pitcher,s_b60f435221745729d63a09ae,r_0b8a9687e25165becd721415,2025,RotoWire,CIN
s_eaa8e006e51ac779252ba736,"[[""rotowire"", ""10945""]]",matched,Kyle Gibson,p_722d2ece3768b71aafae93e6,pitcher,s_e79ea5b66173c3fb6fdb547b,r_0b8a9687e25165becd721415,2025,RotoWire,BAL
s_b83de271bf4ff75a128e3256,"[[""rotowire"", ""15814""]]",matched,Luis Gil,p_d0fba3de9f79f83a683ff425,pitcher,s_9e4eef8349872be1240e33a2,r_0b8a9687e25165becd721415,2025,RotoWire,NYY
s_d6cf49c17a62eed8ca1e066d,"[[""rotowire"", ""16622""]]",matched,Tyler Gilbert,p_69cbff53fa69913aa98a74a7,pitcher,s_549e12178fc9f863a3cb4395,r_0b8a9687e25165becd721415,2025,RotoWire,CWS
s_fdd166bd435509bfff2801d2,"[[""rotowire"", ""15419""]]",matched,Logan Gilbert,p_4ab1054e1b4679af5e62847e,pitcher,s_4ff89a0fc05313b1aaeef3d9,r_0b8a9687e25165becd721415,2025,RotoWire,SEA
s_40fd94512e604c6ab3e73a50,"[[""rotowire"", ""17125""]]",matched,Lucas Gilbreath,p_ca00aae418a6ebe5e7e21090,pitcher,s_7e26c14b8a06bd5287f51048,r_0b8a9687e25165becd721415,2025,RotoWire,COL
,"[[""rotowire"", ""12732""]]",unmatched,Ken Giles,p_f9b96984f7de56b816a555a9,pitcher,s_d9da1601b2e3be0c0e98a4a7,r_0b8a9687e25165becd721415,2025,RotoWire,FA
s_9d1aa0326c3088f41a73a2d0,"[[""rotowire"", ""17701""]]",matched,Logan Gillaspie,p_fa38c0264bcdff8ad2c4499e,pitcher,s_37d0cf03a1957529acb26b6c,r_0b8a9687e25165becd721415,2025,RotoWire,SD
s_4ee442fa9c5349e97f25d2ea,"[[""rotowire"", ""19779""]]",matched,Connor Gillispie,p_bf0123618cb84b22ee89191d,pitcher,s_8cac80bb3416bee7ec56704b,r_0b8a9687e25165becd721415,2025,RotoWire,MIA
s_3ae6fe7495a24b370b8b8b43,"[[""rotowire"", ""16424""]]",matched,Kevin Ginkel,p_35b1547fd86fd8631d0c0c08,pitcher,s_af64cc7ddf1036cfb25b4800,r_0b8a9687e25165becd721415,2025,RotoWire,ARI
s_0ac05bd527995416e4068117,"[[""rotowire"", ""15428""]]",matched,J.T. Ginn,p_c9127bf6fe2742b6cdf5e2c0,pitcher,s_116dcd047c0c50a01d8476bf,r_0b8a9687e25165becd721415,2025,RotoWire,ATH
s_11406a1d58ece26705203770,"[[""rotowire"", ""12454""]]",matched,Lucas Giolito,p_61ff0cbc6adc34d5b5e66201,pitcher,s_bd8ff4abe86f9d9dabd75234,r_0b8a9687e25165becd721415,2025,RotoWire,BOS
s_1c6cb862ef9160491bea7824,"[[""rotowire"", ""18220""]]",matched,Sawyer Gipson-Long,p_99556fc8912a79c6991db165,pitcher,s_246247c81024d63b7181492f,r_0b8a9687e25165becd721415,2025,RotoWire,DET
,"[[""rotowire"", ""10996""]]",unmatched,Mychal Givens,p_b5c0b3f83f8e8d0814bd1c94,pitcher,s_662190e0879ba7efcbcb7983,r_0b8a9687e25165becd721415,2025,RotoWire,FA
s_40780a090ed518849a1999c5,"[[""rotowire"", ""12248""]]",matched,Tyler Glasnow,p_c2941564b78650e8c80a6590,pitcher,s_c2ab4691e1d30766e616ad81,r_0b8a9687e25165becd721415,2025,RotoWire,LAD
s_5b32b03fa5d59e6da21ba9f7,"[[""rotowire"", ""13494""]]",matched,Austin Gomber,p_0b16c16d0a16de2a6363baf5,pitcher,s_1b1fc760e550dd7ac1043f88,r_0b8a9687e25165becd721415,2025,RotoWire,COL
s_ed55d3d5b60cdaba2c785134,"[[""rotowire"", ""15767""]]",matched,Yoendrys Gomez,p_2929654d5957b9990cd15b63,pitcher,s_9c07b9e7f31dd8e706e65435,r_0b8a9687e25165becd721415,2025,RotoWire,NYY
s_bc6d9be5f1eb32c2e48e8fa7,"[[""rotowire"", ""15570""]]",matched,Tony Gonsolin,p_d25ebff370ce4e9202042d61,pitcher,s_c0eb11a0e31a7c4c3d1b614b,r_0b8a9687e25165becd721415,2025,RotoWire,LAD
,"[[""rotowire"", ""12949""]]",unmatched,Marco Gonzales,p_ad6909784deaf0a3417eb39a,pitcher,s_2ee21a6ecd66e12ae935a4a7,r_0b8a9687e25165becd721415,2025,RotoWire,FA
,"[[""rotowire"", ""12966""]]",unmatched,Chi Chi Gonzalez,p_df60a7cb38382c572d680cfc,pitcher,s_bb38eb150d7d969a470fe42a,r_0b8a9687e25165becd721415,2025,RotoWire,FA
s_8fe478bbb037a70c9c22f49d,"[[""rotowire"", ""18754""]]",matched,Tanner Gordon,p_c665cca64b9d1ec36d25bc81,pitcher,s_b313bad6b33d5ae235f0f82a,r_0b8a9687e25165becd721415,2025,RotoWire,COL
s_c3c350a6dfc6920609127939,"[[""rotowire"", ""14766""]]",matched,MacKenzie Gore,p_09950035a7c10e145070d051,pitcher,s_5348badb2010b775cc9c2947,r_0b8a9687e25165becd721415,2025,RotoWire,WSH
,"[[""rotowire"", ""10541""]]",unmatched,Anthony Gose,p_2f71255f874e6218b662dffb,pitcher,s_8b3f7c98663ed49db480e809,r_0b8a9687e25165becd721415,2025,RotoWire,NYM
,"[[""rotowire"", ""13093""]]",unmatched,Trevor Gott,p_238c128085c8aadb4cf9998c,pitcher,s_e6790be6b0fce8f7bcd97172,r_0b8a9687e25165becd721415,2025,RotoWire,SEA
,"[[""rotowire"", ""15354""]]",unmatched,Ashton Goudeau,p_d115910da95a1164b35c250b,pitcher,s_3791993d1deb30384a9b457b,r_0b8a9687e25165becd721415,2025,RotoWire,FA
,"[[""rotowire"", ""15221""]]",unmatched,Brusdar Graterol,p_4dc4d41b20ab889f8b6b74ed,pitcher,s_1ec719d55e6c6a3589df4ff4,r_0b8a9687e25165becd721415,2025,RotoWire,LAD
s_21b0e17a46786d82276c1376,"[[""rotowire"", ""13609""]]",matched,Kendall Graveman,p_e6a9049543a2ac63183c17bf,pitcher,s_b3a86582c8292daa28ba26d6,r_0b8a9687e25165becd721415,2025,RotoWire,ARI
s_be4bc287f126d9e4c8650ace,"[[""rotowire"", ""12937""]]",matched,Jon Gray,p_2cbdc3dc2d503fe047479492,pitcher,s_7171d268c8042941644b4e97,r_0b8a9687e25165becd721415,2025,RotoWire,TEX
s_4df176ba104282cb91359fe9,"[[""rotowire"", ""12129""]]",matched,Sonny Gray,p_5d4e00ed942914f0c7681334,pitcher,s_f444a319bd7ccbcca7ed37cc,r_0b8a9687e25165becd721415,2025,RotoWire,STL
,"[[""rotowire"", ""15508""]]",unmatched,Josiah Gray,p_31088b7e6a9d597d1f87583c,pitcher,s_195ca5110fca7620de76a4dc,r_0b8a9687e25165becd721415,2025,RotoWire,WSH
s_c2071c466915b31651b1369d,"[[""rotowire"", ""14217""]]",matched,Chad Green,p_5738a2c4aaf235e3c5ecf5c0,pitcher,s_e9e139b24e0aba6e879bcf88,r_0b8a9687e25165becd721415,2025,RotoWire,TOR
s_003fec3e837308c2a4265c34,"[[""rotowire"", ""14763""]]",matched,Hunter Greene,p_4d4066d01c2accb962e2e48b,pitcher,s_51ba75b1f0513c989d49d4a1,r_0b8a9687e25165becd721415,2025,RotoWire,CIN
,"[[""rotowire"", ""11968""]]",unmatched,Shane Greene,p_18c91312b1d6be47ac393a6b,pitcher,s_252884670fde5962550ba7b2,r_0b8a9687e25165becd721415,2025,RotoWire,FA
,"[[""rotowire"", ""7480""]]",unmatched,Zack Greinke,p_c76b5d90d2753bb62f89ec05,pitcher,s_cbd5613afae2f3ca3aff84ac,r_0b8a9687e25165becd721415,2025,RotoWire,FA
,"[[""rotowire"", ""13391""]]",unmatched,Foster Griffin,p_3213e22dc02292b898d8651e,pitcher,s_17ef95d20b539c3238ea7716,r_0b8a9687e25165becd721415,2025,RotoWire,FA
,"[[""rotowire"", ""11470""]]",unmatched,Justin Grimm,p_3775bc6fe6545dae85e40f5e,pitcher,s_f3f1c7b75aceb2328b2a7df9,r_0b8a9687e25165becd721415,2025,RotoWire,FA
,"[[""rotowire"", ""15507""]]",unmatched,Michael Grove,p_54795b56b11d92cd3e1407cf,pitcher,s_83e91956bf172d1ad2446dfe,r_0b8a9687e25165becd721415,2025,RotoWire,LAD
,"[[""rotowire"", ""13784""]]",unmatched,Robert Gsellman,p_86ba2f530da955cfd472444e,pitcher,s_4373fdcc4ddee54c42796c0c,r_0b8a9687e25165becd721415,2025,RotoWire,FA
s_f1de934216c90b1a8d88f824,"[[""rotowire"", ""17598""]]",matched,Sean Guenther,p_a2de9bf5142663e3696178c7,pitcher,s_4c5ed4a8845d030ddcb23758,r_0b8a9687e25165becd721415,2025,RotoWire,DET
,"[[""rotowire"", ""13696""]]",unmatched,Jandel Gustave,p_b31f7fb4e62f00d368a66a7d,pitcher,s_70fcf0742cca11084ee0c0a0,r_0b8a9687e25165becd721415,2025,RotoWire,FA
,"[[""rotowire"", ""13732""]]",unmatched,Vladimir Gutierrez,p_e81a1a69cefdf1b57ee120ad,pitcher,s_86acf0e6b6232d5204ae34e6,r_0b8a9687e25165becd721415,2025,RotoWire,FA
,"[[""rotowire"", ""12814""]]",unmatched,Ronald Guzman,p_3bb7166c2df2271f7d488cee,pitcher,s_59123c6296f014a0269301b5,r_0b8a9687e25165becd721415,2025,RotoWire,BAL
s_115d360fa89d850c7f8449d5,"[[""rotowire"", ""13051""]]",matched,Josh Hader,p_f542eded5fa5eaaea2b03d47,pitcher,s_9ee19b8b168171721864425b,r_0b8a9687e25165becd721415,2025,RotoWire,HOU
s_fe6018bee67b6017acda5a88,"[[""rotowire"", ""14776""]]",matched,DL Hall,p_5245cf30e7834dcfe275a8b3,pitcher,s_20a19ca9a50f06d542f910c6,r_0b8a9687e25165becd721415,2025,RotoWire,MIL
s_718a0e7d8c321349ebbf528c,"[[""rotowire"", ""19878""]]",matched,Seth Halvorsen,p_9a6e9d0ac50ab7ec0e62b627,pitcher,s_c174d2ace2a827f0ac9945ac,r_0b8a9687e25165becd721415,2025,RotoWire,COL
s_00efa4799537b65e4d6a4a9d,"[[""rotowire"", ""15728""]]",matched,Ian Hamilton,p_ad5f4c4ff63f4dae1c70e25b,pitcher,s_a53516fc6268debb5a17ba5d,r_0b8a9687e25165becd721415,2025,RotoWire,NYY
s_6cd709ebb9ead44766b7340e,"[[""rotowire"", ""16670""]]",matched,Emerson Hancock,p_0760b56a9e63e457fb539e83,pitcher,s_5c3f4cd602e90392092b7363,r_0b8a9687e25165becd721415,2025,RotoWire,SEA
,"[[""rotowire"", ""10507""]]",unmatched,Brad Hand,p_5c21fb9a3a4fd7b5c2079c81,pitcher,s_e3f9d6174001ee254bb0b587,r_0b8a9687e25165becd721415,2025,RotoWire,FA
s_614c832ff085a3d8c3746561,"[[""rotowire"", ""14382""]]",matched,Brenan Hanifee,p_4237d81a153d8369b516a611,pitcher,s_18d4ae84da76b25c7bd4c5df,r_0b8a9687e25165becd721415,2025,RotoWire,DET
s_f57ac650489e645aceac8d9b,"[[""rotowire"", ""17961""]]",matched,Thomas Harrington,p_bbf24fd73a782298f740b3f0,pitcher,s_f513a9f87389cecca8b37355,r_0b8a9687e25165becd721415,2025,RotoWire,PIT
,"[[""rotowire"", ""17776""]]",unmatched,Hobie Harris,p_863fcfa652f2ff9240012350,pitcher,s_7e8ec8a4c502323b394df868,r_0b8a9687e25165becd721415,2025,RotoWire,BOS
s_dcc29632dcb47c618c0eac31,"[[""rotowire"", ""15516""]]",matched,Hogan Harris,p_976e3a7c39f544bd2cb08e53,pitcher,s_c62661a6379199418fec8356,r_0b8a9687e25165becd721415,2025,RotoWire,ATH
s_152d263a5da20755a7b1b9eb,"[[""rotowire"", ""16741""]]",matched,Kyle Harrison,p_f63e3a5b237a41953e0522bd,pitcher,s_6552197e6383b17241ea8f4e,r_0b8a9687e25165becd721415,2025,RotoWire,SF
s_eb0ed42a856405581992cf99,"[[""rotowire"", ""16250""]]",matched,Kyle Hart,p_4f7f8b7fa67c451b93b2a673,pitcher,s_da9eec596ce6df401d7be893,r_0b8a9687e25165becd721415,2025,RotoWire,SD
s_bd2247cf605644b19cda55bc,"[[""rotowire"", ""15817""]]",matched,Geoff Hartlieb,p_a2c21b01e40c23d7fbb867a7,pitcher,s_68df4d2c3502ba84aecdaed7,r_0b8a9687e25165becd721415,2025,RotoWire,NYY
,"[[""rotowire"", ""18733""]]",unmatched,Grant Hartwig,p_c215bac17f99cea15fbd4eb6,pitcher,s_ff0e4ef385cc652d39814dbc,r_0b8a9687e25165becd721415,2025,RotoWire,NYM
s_372c90c1b8638b305f23be56,"[[""rotowire"", ""12957""]]",matched,Hunter Harvey,p_6dcc3d04cf7940b67bd6d46b,pitcher,s_4cfcb9c7b4ea90e879fde15d,r_0b8a9687e25165becd721415,2025,RotoWire,KC
s_b054eaa55a33642465db8946,"[[""rotowire"", ""14370""]]",matched,Thomas Hatch,p_88f12ce5773978cc13241f7e,pitcher,s_ea97465e60b74fb4381042d3,r_0b8a9687e25165becd721415,2025,RotoWire,KC
,"[[""rotowire"", ""17261""]]",unmatched,Louis Head,p_8cf137bd71dfe936a68cab51,pitcher,s_1657e906d1e0ccebbfd1ddc0,r_0b8a9687e25165becd721415,2025,RotoWire,FA
s_20027f1750dabd7224a330e4,"[[""rotowire"", ""18271""]]",matched,Brent Headrick,p_1b7d5500d3348c285a56885f,pitcher,s_c6142259d48d6c02cecc5ad2,r_0b8a9687e25165becd721415,2025,RotoWire,NYY
s_890015e33a86d584cf2757ad,"[[""rotowire"", ""12463""]]",matched,Andrew Heaney,p_bdd33abf9842a85d639efdb4,pitcher,s_099a38fe1751c1df7a90baa0,r_0b8a9687e25165becd721415,2025,RotoWire,PIT
,"[[""rotowire"", ""14643""]]",unmatched,Taylor Hearn,p_7c933e86f1884e23b7246783,pitcher,s_9a43bcf17cb3fe8f2224f955,r_0b8a9687e25165becd721415,2025,RotoWire,FA
,"[[""rotowire"", ""16316""]]",unmatched,Jonathan Heasley,p_9e9a345145bd56bcc6ebe6c7,pitcher,s_dde8dcc3a5a07f71e4a10523,r_0b8a9687e25165becd721415,2025,RotoWire,CWS
,"[[""rotowire"", ""14498""]]",unmatched,Ben Heller,p_86d4f318564ae46eea8fe038,pitcher,s_a809f1da1ac9f5e90c3d2ae4,r_0b8a9687e25165becd721415,2025,RotoWire,CHC
s_a8d0610a1b4d12be8976b23a,"[[""rotowire"", ""14404""]]",matched,Ryan Helsley,p_9f5a6fd7b5c56e97737e286c,pitcher,s_d481e4988788be605a0d60e5,r_0b8a9687e25165becd721415,2025,RotoWire,STL
,"[[""rotowire"", ""11519""]]",unmatched,Heath Hembree,p_f8dc62bcf569fafc54573aab,pitcher,s_552ab374ea4c0fd17469ac59,r_0b8a9687e25165becd721415,2025,RotoWire,SEA
s_626f3c1d4606feff56c0f2cb,"[[""rotowire"", ""17517""]]",matched,Logan Henderson,p_9437e878d2b83f99c586279f,pitcher,s_0d3cd1d90ec05fa89b3232f8,r_0b8a9687e25165becd721415,2025,RotoWire,MIL
s_75388965404b1463d9596a0b,"[[""rotowire"", ""12649""]]",matched,Kyle Hendricks,p_c58b2320aec9252222500ff6,pitcher,s_3cb53def7ae06854714ba81c,r_0b8a9687e25165becd721415,2025,RotoWire,LAA
s_5ac66f6a118b4298ada69ab6,"[[""rotowire"", ""11422""]]",matched,Liam Hendriks,p_5dc97cee80b94155de1c01a1,pitcher,s_a592aa264d22a248e359d9f6,r_0b8a9687e25165becd721415,2025,RotoWire,BOS
,"[[""rotowire"", ""15028""]]",unmatched,Ryan Hendrix,p_ef49e948c06ada31e8f9e0b8,pitcher,s_5b57a4673dece81db8d6a751,r_0b8a9687e25165becd721415,2025,RotoWire,ARI
,"[[""rotowire"", ""16626""]]",unmatched,Blair Henley,p_b7ab78c03dc0bc81f12dd8b7,pitcher,s_102fcda38a65d05472d8c1dd,r_0b8a9687e25165becd721415,2025,RotoWire,HOU
s_a2b10c593f686b360bee012b,"[[""rotowire"", ""15695""]]",matched,Ronny Henriquez,p_a5a04deac4056a7d183f7527,pitcher,s_2d232f62d9075f1eac48dfb9,r_0b8a9687e25165becd721415,2025,RotoWire,MIA
s_6b09d9eaf8cd7ef267249684,"[[""rotowire"", ""18162""]]",matched,Edgardo Henriquez,p_8fd609c8d2c9daaeb06fb12f,pitcher,s_c9aeb9e73741f6f72e415242,r_0b8a9687e25165becd721415,2025,RotoWire,LAD
s_b546815637986f5cc149bb2f,"[[""rotowire"", ""16095""]]",matched,Tommy Henry,p_45d1721e6163fdc317003890,pitcher,s_f134e8d27f9a1332567684e7,r_0b8a9687e25165becd721415,2025,RotoWire,ARI
,"[[""rotowire"", ""13487""]]",unmatched,Sam Hentges,p_0073f20e0bb5f168c15c590d,pitcher,s_d31b2b9423efcad003e1dba1,r_0b8a9687e25165becd721415,2025,RotoWire,CLE
s_cd31aa4e1ee5315567e77e9a,"[[""rotowire"", ""15363""]]",matched,Jimmy Herget,p_528ea38467ab7d19956a07c4,pitcher,s_a21642d65bfb24700f2f4602,r_0b8a9687e25165becd721415,2025,RotoWire,COL
s_b9fa2eb4246881e4bb152449,"[[""rotowire"", ""18228""]]",matched,Kevin Herget,p_b0cf8ae2b004dce051b6f4e5,pitcher,s_1dd88f8fe2c0f522b9c3c18c,r_0b8a9687e25165becd721415,2025,RotoWire,NYM
s_87e5062dd30d73648ab3a0c6,"[[""rotowire"", ""17208""]]",matched,Daysbel Hernandez,p_8672879edc2751e3034d5cab,pitcher,s_0e2349081fdcbd545cf7474d,r_0b8a9687e25165becd721415,2025,RotoWire,ATL
s_3534e4ceaea32845fc9b2b10,"[[""rotowire"", ""15338""]]",matched,Carlos Hernandez,p_52cdf5aac19a3c4c28580306,pitcher,s_7a26c6a04466701e4298f746,r_0b8a9687e25165becd721415,2025,RotoWire,PHI
,"[[""rotowire"", ""15283""]]",unmatched,Elieser Hernandez,p_6051aedaa1ffd1edd8a1c7d7,pitcher,s_8e9667408c0296414201d477,r_0b8a9687e25165becd721415,2025,RotoWire,FA
,"[[""rotowire"", ""14650""]]",unmatched,Darwinzon Hernandez,p_9fa151a095c6066a6c641a9d,pitcher,s_92ccc0b40c8814008dc690d7,r_0b8a9687e25165becd721415,2025,RotoWire,FA
,"[[""rotowire"", ""14756""]]",unmatched,Jonathan Hernandez,p_0d908f0583b1361a673d9471,pitcher,s_a135cc0f736bc0417581182a,r_0b8a9687e25165becd721415,2025,RotoWire,TB
s_8d296390336ed0ae129c3eb8,"[[""rotowire"", ""18711""]]",matched,Nick Hernandez,p_ab12a3e682ee31d77d06721f,pitcher,s_70151d5edc7bcc41d66e6c7b,r_0b8a9687e25165becd721415,2025,RotoWire,HOU
s_0cba12820123ff3142b65a93,"[[""rotowire"", ""18273""]]",matched,Tim Herrin,p_6b9903828f4f3e710cd779e7,pitcher,s_62b861e07cddc8ab4b1b9758,r_0b8a9687e25165becd721415,2025,RotoWire,CLE
s_71f37c169741a0d2f9489ab2,"[[""rotowire"", ""13912""]]",matched,Jordan Hicks,p_390110644e6ab59d439767a2,pitcher,s_f27cb07cbd68e0aba35e9982,r_0b8a9687e25165becd721415,2025,RotoWire,SF
s_47466df84e4af02f0858ebd8,"[[""rotowire"", ""7965""]]",matched,Rich Hill,p_9a2d81e4416b5d202f89af5f,pitcher,s_cc93f408961df78cd5c3f929,r_0b8a9687e25165becd721415,2025,RotoWire,FA
,"[[""rotowire"", ""16017""]]",unmatched,Garrett Hill,p_de416861fca1af9f24113edb,pitcher,s_01907438194fd75d447bc12d,r_0b8a9687e25165becd721415,2025,RotoWire,SEA
s_b5739edbd1f85b5fc3d78ead,"[[""rotowire"", ""15248""]]",matched,Tim Hill,p_864d23ea9d38652d0bc80673,pitcher,s_2c4a6fbc1014c04f834c19c6,r_0b8a9687e25165becd721415,2025,RotoWire,NYY
s_26ff66d9880b26757ae039de,"[[""rotowire"", ""15471""]]",matched,Jaden Hill,p_d326f0d57effe39186b9cc40,pitcher,s_960df2d786e0460e6369e45a,r_0b8a9687e25165becd721415,2025,RotoWire,COL
s_9c914ce24d099866f9048291,"[[""rotowire"", ""15426""]]",matched,Sean Hjelle,p_a4fad9d3dcf8925b9fb560a5,pitcher,s_a48a9feaf608c028589d9a2f,r_0b8a9687e25165becd721415,2025,RotoWire,SF
s_a288b811c056abafc12a62c8,"[[""rotowire"", ""18298""]]",matched,Porter Hodge,p_fe6a4f583a6c8a67c59c6a19,pitcher,s_5c26641c771ce5a7c0bcbcc0,r_0b8a9687e25165becd721415,2025,RotoWire,CHC
s_07673190c10baa65cd265f38,"[[""rotowire"", ""17881""]]",matched,Bryan Hoeing,p_c4371908df4426aa30810911,pitcher,s_b4ffeb6d84260e3ef9a51dda,r_0b8a9687e25165becd721415,2025,RotoWire,SD
s_aca04defee0f2b3618756ffb,"[[""rotowire"", ""13345""]]",matched,Jeff Hoffman,p_debf3b356235599a4e7c505b,pitcher,s_ef3979b21e07609d9cfd9cd5,r_0b8a9687e25165becd721415,2025,RotoWire,TOR
s_66a28da52d16462d0c202a62,"[[""rotowire"", ""17820""]]",matched,Colin Holderman,p_5c981546fbb330a0a1ff2621,pitcher,s_d96b07c350bdfe20d3fae3f9,r_0b8a9687e25165becd721415,2025,RotoWire,PIT
,"[[""rotowire"", ""10392""]]",unmatched,Greg Holland,p_ad7938dddff10d5c4ef441f0,pitcher,s_1f02ca3e2ec3e61e3cd9a145,r_0b8a9687e25165becd721415,2025,RotoWire,FA
,"[[""rotowire"", ""15789""]]",unmatched,Jordan Holloway,p_e452ddb3ccb1c331b7dff685,pitcher,s_b614a53009b2b0ece5e671a1,r_0b8a9687e25165becd721415,2025,RotoWire,FA
s_55e2c759b4988393da187633,"[[""rotowire"", ""16362""]]",matched,Gavin Hollowell,p_b5c41f2a4e0be91512e6d378,pitcher,s_4bbf9ec5f060738369f4d381,r_0b8a9687e25165becd721415,2025,RotoWire,CHC
s_09052f6a24cb971986d47f1f,"[[""rotowire"", ""17397""]]",matched,Grant Holman,p_50683f238138b1baa284c3d3,pitcher,s_709a54723d6e9e01fbcf3149,r_0b8a9687e25165becd721415,2025,RotoWire,ATH
s_97f5cdaebc1acd2d8041c7d4,"[[""rotowire"", ""14607""]]",matched,Clay Holmes,p_c503ccd5d3a208e3f2d4b6b2,pitcher,s_89d5a48059a0a24741079c16,r_0b8a9687e25165becd721415,2025,RotoWire,NYM
s_61a80939be735d86aa8d160d,"[[""rotowire"", ""15550""]]",matched,Tyler Holton,p_2b424c8be951d8ba23bebe80,pitcher,s_2a864798f2471ab725ec6daf,r_0b8a9687e25165becd721415,2025,RotoWire,DET
,"[[""rotowire"", ""13442""]]",unmatched,Brent Honeywell,p_6abb60cdeacaa5617b37ac3f,pitcher,s_43e3fb514ee7e4cc260df259,r_0b8a9687e25165becd721415,2025,RotoWire,FA
s_aa971460bbb24ff1b87396ab,"[[""rotowire"", ""14791""]]",matched,Tanner Houck,p_28d92daeded3b1264245a417,pitcher,s_b90faf380a079af8110bcde1,r_0b8a9687e25165becd721415,2025,RotoWire,BOS
s_7c6f62957be0a4517ce039cd,"[[""rotowire"", ""12199""]]",matched,Adrian Houser,p_f90f88e0127db2447d6b4b6b,pitcher,s_56de0f9be908b5414b8fc1c0,r_0b8a9687e25165becd721415,2025,RotoWire,TEX
,"[[""rotowire"", ""13450""]]",unmatched,Sam Howard,p_cfb038c8a64a69cd81e3ee3f,pitcher,s_fa70e1be98fc93c9d11b7554,r_0b8a9687e25165becd721415,2025,RotoWire,FA
,"[[""rotowire"", ""14923""]]",unmatched,Spencer Howard,p_60f2889802164596d51dc1e7,pitcher,s_e11f700154f7faba81a6a59e,r_0b8a9687e25165becd721415,2025,RotoWire,FA
s_cfb5d1b4d929fcf51a3500b0,"[[""rotowire"", ""13894""]]",matched,Bryan Hudson,p_fa65bec2312b5d42d60ee8b4,pitcher,s_38361bb8a6dc316862a86f25,r_0b8a9687e25165becd721415,2025,RotoWire,MIL
,"[[""rotowire"", ""14240""]]",unmatched,Dakota Hudson,p_85b6b51460e6caff3e2dc94c,pitcher,s_a0e8d4e3e72b47e274ca2e4d,r_0b8a9687e25165becd721415,2025,RotoWire,LAA
,"[[""rotowire"", ""10645""]]",unmatched,Daniel Hudson,p_ef9ac8df49ab7c6a9ebc2fcd,pitcher,s_d4cd7f1bda6318da57447928,r_0b8a9687e25165becd721415,2025,RotoWire,FA
,"[[""rotowire"", ""17888""]]",unmatched,Brandon Hughes,p_4055cb29796ede995adc5d27,pitcher,s_5aabff3bbb214a786fc0ccf6,r_0b8a9687e25165becd721415,2025,RotoWire,CHC
,"[[""rotowire"", ""9886""]]",unmatched,Tommy Hunter,p_e70b94d17979bc8daa453ea6,pitcher,s_c94f45b9f0bc461cf707db4d,r_0b8a9687e25165becd721415,2025,RotoWire,FA
,"[[""rotowire"", ""14856""]]",unmatched,Kyle Hurt,p_be830ebbda2fe42c429b42ff,pitcher,s_34e768a4740e35f9add05718,r_0b8a9687e25165becd721415,2025,RotoWire,LAD
s_09e416f6ea47c939dc79786f,"[[""rotowire"", ""17475""]]",matched,Brant Hurter,p_e5e680d02216328712a96f14,pitcher,s_6a12420764855772b1227a52,r_0b8a9687e25165becd721415,2025,RotoWire,DET
,"[[""rotowire"", ""11821""]]",unmatched,Drew Hutchison,p_9125ba5e432f592d730cdf6e,pitcher,s_6cf1fa8d41c1d27aa59d2d22,r_0b8a9687e25165becd721415,2025,RotoWire,FA
s_c8a17bf691a3f21e28eab102,"[[""rotowire"", ""13217""]]",matched,Raisel Iglesias,p_b35d34590b3ac43677949140,pitcher,s_e1d23dde3bd3f555f82b6dc7,r_0b8a9687e25165becd721415,2025,RotoWire,ATL
,"[[""rotowire"", ""18262""]]",unmatched,Kolton Ingram,p_d7933522a8be173baad40cf9,pitcher,s_b2aa1bfbf4fffab93f28db2e,r_0b8a9687e25165becd721415,2025,RotoWire,ATL
s_df3516257ad7c883905ac397,"[[""rotowire"", ""15546""]]",matched,Jake Irvin,p_1462eea9ad139526006f6fba,pitcher,s_86d7c4aca93066b3141cbcea,r_0b8a9687e25165becd721415,2025,RotoWire,WSH
,"[[""rotowire"", ""15034""]]",unmatched,Cole Irvin,p_f2200b5fcfbd381ace4f2861,pitcher,s_f8c2d33eb8ea4ae7635cb6f6,r_0b8a9687e25165becd721415,2025,RotoWire,FA
,"[[""rotowire"", ""17026""]]",unmatched,Andre Jackson,p_76f3e0a9f011fd09b5a03074,pitcher,s_501728c71b0a0ba4ec0f766c,r_0b8a9687e25165becd721415,2025,RotoWire,FA
s_20119205706b5c56e65ad7d4,"[[""rotowire"", ""11530""]]",matched,Luke Jackson,p_e0e812f1c8d46069cedfdc3e,pitcher,s_e4ce3ca44a48b418924260ed,r_0b8a9687e25165becd721415,2025,RotoWire,TEX
,"[[""rotowire"", ""10767""]]",unmatched,Jay Jackson,p_a8c67e70985f14ce429ddae0,pitcher,s_d7b329b3ef82370fe84372cd,r_0b8a9687e25165becd721415,2025,RotoWire,FA
,"[[""rotowire"", ""14369""]]",unmatched,Zach Jackson,p_5098e72768c5b0ec393cdcc4,pitcher,s_385503706e77c465d23c3f0a,r_0b8a9687e25165becd721415,2025,RotoWire,ATH
s_f173a21d8b4059e72c5f410c,"[[""rotowire"", ""18743""]]",matched,Alek Jacob,p_eb4a76757bbdb89cea654ef5,pitcher,s_2e82b7fd5818dba60602848f,r_0b8a9687e25165becd721415,2025,RotoWire,SD
,"[[""rotowire"", ""18828""]]",unmatched,Joe Jacques,p_fd64ada14cfb67f70d38e6e2,pitcher,s_d4ef461a913ad5284cd19529,r_0b8a9687e25165becd721415,2025,RotoWire,LAD
s_56925a8f8b5d909f1ed74fe8,"[[""rotowire"", ""16093""]]",matched,Drey Jameson,p_0af38066a94940e2b68bc8ba,pitcher,s_c2c0c2f4c1e47f0b77cc7c70,r_0b8a9687e25165becd721415,2025,RotoWire,ARI
s_ebdb484a1011b59d7702abf3,"[[""rotowire"", ""11289""]]",matched,Kenley Jansen,p_2efba3d8e54fcb8d1f5d09b3,pitcher,s_9003a42077f57e8b59ec2f01,r_0b8a9687e25165becd721415,2025,RotoWire,LAA
s_d41a17c15688fd347cd025a6,"[[""rotowire"", ""16697""]]",matched,Bryce Jarvis,p_6dd1c218fa3d789fd609b3e4,pitcher,s_76db1242225c4f4aafc1a555,r_0b8a9687e25165becd721415,2025,RotoWire,ARI
s_17352f56f4d98fb1cb3f241d,"[[""rotowire"", ""14482""]]",matched,Cristian Javier,p_b27e7408b46d9fc16441348e,pitcher,s_595c0f469ac24cb7e977dff5,r_0b8a9687e25165becd721415,2025,RotoWire,HOU
s_138d5b12b86242f6c9464548,"[[""rotowire"", ""14343""]]",matched,Griffin Jax,p_acd9809fb06c81109d7ede29,pitcher,s_07615f850cd2bf75f89bee54,r_0b8a9687e25165becd721415,2025,RotoWire,MIN
,"[[""rotowire"", ""13813""]]",unmatched,Tyler Jay,p_63574b63599452742cab7177,pitcher,s_6a914f331c5373e7de7edce3,r_0b8a9687e25165becd721415,2025,RotoWire,MIL
,"[[""rotowire"", ""14272""]]",unmatched,Daulton Jefferies,p_b128d584369d20b47f86c20f,pitcher,s_0a1099c548baa4a9982b37ff,r_0b8a9687e25165becd721415,2025,RotoWire,FA
,"[[""rotowire"", ""13724""]]",unmatched,Joe Jimenez,p_a176d16092309e0d3e01dbac,pitcher,s_b407968c5faaf0d4825b5ddc,r_0b8a9687e25165becd721415,2025,RotoWire,ATL
,"[[""rotowire"", ""16515""]]",unmatched,Dany Jimenez,p_233c87c29bbf0b279bda1b3e,pitcher,s_6bf0ce572f9faef6bc0739d0,r_0b8a9687e25165becd721415,2025,RotoWire,FA
s_45764ea800bfcc36724c9c65,"[[""rotowire"", ""17304""]]",matched,Jackson Jobe,p_fcd7de7bb40bf45a6ca34cdb,pitcher,s_29e7d289a6d49f697c76353a,r_0b8a9687e25165becd721415,2025,RotoWire,DET
s_3ca78a40733289183311c7a7,"[[""rotowire"", ""16066""]]",matched,Seth Johnson,p_3b8c77fa245c713f7e0b7003,pitcher,s_86ee1ea847929ca81a595e25,r_0b8a9687e25165becd721415,2025,RotoWire,PHI
s_c65496d45b5505b8c387b90e,"[[""rotowire"", ""12484""]]",matched,Pierce Johnson,p_4fc08c6725ad3ff7c1ff7ffb,pitcher,s_ee90393fcfd067391314ec22,r_0b8a9687e25165becd721415,2025,RotoWire,ATL
,"[[""rotowire"", ""16310""]]",unmatched,Damon Jones,p_d58190fb399919664c44a9d5,pitcher,s_e341969a54441773a834d728,r_0b8a9687e25165becd721415,2025,RotoWire,FA
s_c6c39df30b3d8e49df20603b,"[[""rotowire"", ""18027""]]",matched,Ben Joyce,p_832c0bfcb9b11d1926665bdf,pitcher,s_4b7cf2d35f19d60cf1f39657,r_0b8a9687e25165becd721415,2025,RotoWire,LAA
s_fd80216f0002d2b645f27a7b,"[[""rotowire"", ""14512""]]",matched,Jakob Junis,p_86a05e73061b5c85d481ae47,pitcher,s_99e78bc86638592072777087,r_0b8a9687e25165becd721415,2025,RotoWire,CLE
s_ff45eed1e67541758e8d3148,"[[""rotowire"", ""17537""]]",matched,Janson Junk,p_d240081eb8e6f1ec895ecf2d,pitcher,s_6dec286b8d7f1b8ec59f5155,r_0b8a9687e25165becd721415,2025,RotoWire,MIA
,"[[""rotowire"", ""17564""]]",unmatched,Evan Justice,p_a4c67cfc3f1717e78bd9d90e,pitcher,s_f3ee7fea7555c9f2a3aa83f5,r_0b8a9687e25165becd721415,2025,RotoWire,COL
s_0b03eaea45f958fe1b292653,"[[""rotowire"", ""11532""]]",matched,Tommy Kahnle,p_1538868d7d068cf244dceb49,pitcher,s_2294561cae83f2f82669b91b,r_0b8a9687e25165becd721415,2025,RotoWire,DET
,"[[""rotowire"", ""13825""]]",unmatched,James Kaprielian,p_97fc0f2ca2ff07cde70e6d46,pitcher,s_76ca9502f28511ebe0235d61,r_0b8a9687e25165becd721415,2025,RotoWire,FA
,"[[""rotowire"", ""18267""]]",unmatched,Ricky Karcher,p_72fdd72b53364afd8921d89e,pitcher,s_660e154b15ac057198267d4e,r_0b8a9687e25165becd721415,2025,RotoWire,FA
,"[[""rotowire"", ""14878""]]",unmatched,James Karinchak,p_8dfc430c8abbf65b0b0bbbab,pitcher,s_562eb5b0511835daa6d5493f,r_0b8a9687e25165becd721415,2025,RotoWire,CWS
,"[[""rotowire"", ""16145""]]",unmatched,Karl Kauffmann,p_4d2045e85831985207c3f051,pitcher,s_d201504fe38504f7ae97f67e,r_0b8a9687e25165becd721415,2025,RotoWire,COL
,"[[""rotowire"", ""14269""]]",unmatched,Anthony Kay,p_27e0d2a201c5411cd9ea636f,pitcher,s_9d2d21e9d037eeaa3453fd56,r_0b8a9687e25165becd721415,2025,RotoWire,FA
s_b5aff79589e6684b7fd23426,"[[""rotowire"", ""14516""]]",matched,Brad Keller,p_aebf4132a23ddbbf57422ae5,pitcher,s_ec953b49634031ef0d7f33cb,r_0b8a9687e25165becd721415,2025,RotoWire,CHC
s_ed299adecd2baf04c5b91980,"[[""rotowire"", ""13426""]]",matched,Mitch Keller,p_670e72cdda746fe85f68a08d,pitcher,s_55c34cab10738325cb7388aa,r_0b8a9687e25165becd721415,2025,RotoWire,PIT
,"[[""rotowire"", ""16319""]]",unmatched,Trevor Kelley,p_9509177b26292bc143f7bf11,pitcher,s_e1e3382fae976b2ae2ebed1f,r_0b8a9687e25165becd721415,2025,RotoWire,FA
s_43c1bc9f4497b333b4dd6038,"[[""rotowire"", ""15800""]]",matched,Merrill Kelly,p_bbcccd33b7c810cfa8337201,pitcher,s_66209888d106efca1a7e839d,r_0b8a9687e25165becd721415,2025,RotoWire,ARI
s_f86fb250c9640af9e261be15,"[[""rotowire"", ""18283""]]",matched,Kevin Kelly,p_79592f0690636428c30a46f5,pitcher,s_87d49fb4dcd34f72e0436f89,r_0b8a9687e25165becd721415,2025,RotoWire,TB
s_c03e7e30677dc4b86574cd63,"[[""rotowire"", ""18240""]]",matched,Zack Kelly,p_35bb0a12c9538806f164c705,pitcher,s_125288d8e694c89230519c03,r_0b8a9687e25165becd721415,2025,RotoWire,BOS
s_2fd2efebd5a07bac73cf6aaa,"[[""rotowire"", ""12164""]]",matched,Michael Kelly,p_438ee9a2108e62d8d14a062a,pitcher,s_a66df52f8f9b751c57e6c290,r_0b8a9687e25165becd721415,2025,RotoWire,ATH
,"[[""rotowire"", ""11053""]]",unmatched,Joe Kelly,p_0dd482b615cf383ea69136e7,pitcher,s_b7ffe20511c65b4e0ab7af73,r_0b8a9687e25165becd721415,2025,RotoWire,FA
s_8c968042116c0c4119980749,"[[""rotowire"", ""10474""]]",matched,Casey Kelly,p_4a61ee00a03f40227f39bfe7,pitcher,s_bc44b816ee8e4bcf2b0e378e,r_0b8a9687e25165becd721415,2025,RotoWire,ARI
,"[[""rotowire"", ""9309""]]",unmatched,Ian Kennedy,p_ba22d74f789fdaa28267fb3a,pitcher,s_3d8d7bfdcc72f6886cdada72,r_0b8a9687e25165becd721415,2025,RotoWire,FA
,"[[""rotowire"", ""15691""]]",unmatched,Brett Kennedy,p_b53f0a34304ff3f625864591,pitcher,s_a7392d93cb90c35f6bb787c1,r_0b8a9687e25165becd721415,2025,RotoWire,FA
s_dafb322dc690275d8842e67b,"[[""rotowire"", ""18102""]]",matched,Orion Kerkering,p_bf0f117e1d0e72128aaa01dd,pitcher,s_ece467d2f6b561ae8466c671,r_0b8a9687e25165becd721415,2025,RotoWire,PHI
,"[[""rotowire"", ""17690""]]",unmatched,Ray Kerr,p_7b20c90a5cb523c9e3008737,pitcher,s_076e17156e33a9c4821f8319,r_0b8a9687e25165becd721415,2025,RotoWire,ATL
s_7e0a13aafda599fd1162f347,"[[""rotowire"", ""9276""]]",matched,Clayton Kershaw,p_df19938cec41a3349a09f13c,pitcher,s_1d77f1e3a4814b273bf9de01,r_0b8a9687e25165becd721415,2025,RotoWire,LAD
,"[[""rotowire"", ""11751""]]",unmatched,Dallas Keuchel,p_b8e7260c715ab6868bdb2928,pitcher,s_fb6f2f40e44e276d4eea70a5,r_0b8a9687e25165becd721415,2025,RotoWire,FA
s_41f4ee8e3cb51224c99e4286,"[[""rotowire"", ""11281""]]",matched,Yusei Kikuchi,p_aca14cb4cc82e85ca78f4fe7,pitcher,s_daff7a17b972db026977f034,r_0b8a9687e25165becd721415,2025,RotoWire,LAA
,"[[""rotowire"", ""17272""]]",unmatched,Caleb Kilian,p_e7369cc77051b2201297a493,pitcher,s_d933fdf4b31b3e15bdc4a2d3,r_0b8a9687e25165becd721415,2025,RotoWire,CHC
s_4d9775bf769aef396dae8074,"[[""rotowire"", ""10565""]]",matched,Craig Kimbrel,p_e68edd55c4d8c0af8968ba6d,pitcher,s_0892f0beffc2f3293299feab,r_0b8a9687e25165becd721415,2025,RotoWire,ATL
s_927d31b868a87fe8260d0b1f,"[[""rotowire"", ""17073""]]",matched,John King,p_f746ebfba251896b073cf6d5,pitcher,s_f96cfaeba2378a30c67f1cd8,r_0b8a9687e25165becd721415,2025,RotoWire,STL
s_ef1f8cb73253f6f54157771c,"[[""rotowire"", ""15255""]]",matched,Michael King,p_7108c469d40316795ab472a1,pitcher,s_f6579c793b55c609da5afe78,r_0b8a9687e25165becd721415,2025,RotoWire,SD
s_6798de194dda2d8f6f30412c,"[[""rotowire"", ""19669""]]",matched,Bryan King,p_359b780a64cc77ed793a7606,pitcher,s_3c134333611cbb0a62d2cf7d,r_0b8a9687e25165becd721415,2025,RotoWire,HOU
s_4ffc9a18f1ec856903fb89b3,"[[""rotowire"", ""15284""]]",matched,Tyler Kinley,p_840a7027a702a1c4e37e5527,pitcher,s_4833243e5723eed8538f598d,r_0b8a9687e25165becd721415,2025,RotoWire,COL
s_45eaa5d866d3c727e28b0679,"[[""rotowire"", ""16057""]]",matched,George Kirby,p_5df36053416da5d9071410b9,pitcher,s_d710e376c4a4caa9ed5704fb,r_0b8a9687e25165becd721415,2025,RotoWire,SEA
,"[[""rotowire"", ""19670""]]",unmatched,Austin Kitchen,p_d40a3de201d9f88eb2a27d1e,pitcher,s_0556ed975bcd8885580120a1,r_0b8a9687e25165becd721415,2025,RotoWire,SEA
s_83b9a9ac006d0a788ac171ed,"[[""rotowire"", ""15094""]]",matched,Andrew Kittredge,p_9deb7e402f8cf109d514cac1,pitcher,s_a516dafd7fd343006078350d,r_0b8a9687e25165becd721415,2025,RotoWire,BAL
,"[[""rotowire"", ""9875""]]",unmatched,Corey Kluber,p_2d22af7ed166c4f0817b02b1,pitcher,s_2dd3bdb892fe446d3cf06493,r_0b8a9687e25165becd721415,2025,RotoWire,FA
,"[[""rotowire"", ""12982""]]",unmatched,Corey Knebel,p_16c6b6ce6d2a3505aa954ae3,pitcher,s_d8e06cf22dddaef309a65c58,r_0b8a9687e25165becd721415,2025,RotoWire,LAA
,"[[""rotowire"", ""17244""]]",unmatched,Reiss Knehr,p_5b7ea9bf497a5ce58aacc307,pitcher,s_cd9a81705b9a0b60b3f3a036,r_0b8a9687e25165becd721415,2025,RotoWire,SD
,"[[""rotowire"", ""17173""]]",unmatched,Dusten Knight,p_aa20b29ef461a44eee3ad5c9,pitcher,s_918c750421a4108347b41d2f,r_0b8a9687e25165becd721415,2025,RotoWire,FA
,"[[""rotowire"", ""12554""]]",unmatched,Matt Koch,p_c3868994698a5165bb993bd8,pitcher,s_61b013158685c646aec019f2,r_0b8a9687e25165becd721415,2025,RotoWire,COL
s_26d7270f24fef3074c3c30bd,"[[""rotowire"", ""16105""]]",matched,Jack Kochanowicz,p_e341706f55862548e5ff2e3a,pitcher,s_925d496c3fe8d52b74893900,r_0b8a9687e25165becd721415,2025,RotoWire,LAA
s_417f96d9c298b3f57b48d60e,"[[""rotowire"", ""17915""]]",matched,Jared Koenig,p_9cdce3c51f326e76b98d6591,pitcher,s_6083371a09f874207de1b1c4,r_0b8a9687e25165becd721415,2025,RotoWire,MIL
,"[[""rotowire"", ""13276""]]",unmatched,Adam Kolarek,p_b5916fdb821a1e62fedaa235,pitcher,s_20f0b381440f74a418930119,r_0b8a9687e25165becd721415,2025,RotoWire,FA
s_8b1042bcf1533b4b681468ba,"[[""rotowire"", ""18108""]]",matched,Stephen Kolek,p_7b5211dc885fe1586bfbb758,pitcher,s_1d1a7505c4b77d3cbf15c262,r_0b8a9687e25165becd721415,2025,RotoWire,SD
s_a22d284735ff7b40d66f3ed1,"[[""rotowire"", ""13401""]]",matched,Michael Kopech,p_1965206c1749b62f2876a8a0,pitcher,s_dab2a5da6a1d1e125f878202,r_0b8a9687e25165becd721415,2025,RotoWire,LAD
s_13c6fce9d71622774bdec61c,"[[""rotowire"", ""15406""]]",matched,Jackson Kowar,p_3bbf0f43326b5fa1e90d1ad7,pitcher,s_195df7e69fd29913107fff65,r_0b8a9687e25165becd721415,2025,RotoWire,SEA
s_a14edd91766264c572ae51b2,"[[""rotowire"", ""14329""]]",matched,Max Kranick,p_f408d93b48d8da9a005af52b,pitcher,s_ef95b026eb1ae8069f750cf5,r_0b8a9687e25165becd721415,2025,RotoWire,NYM
,"[[""rotowire"", ""18509""]]",unmatched,Evan Kravetz,p_074fc23596366d2762160435,pitcher,s_de120d4c76fc2b8cafe1037f,r_0b8a9687e25165becd721415,2025,RotoWire,CIN
,"[[""rotowire"", ""13573""]]",unmatched,Joey Krehbiel,p_1e61f6a1074d03b7b6fc87db,pitcher,s_384ff011b7bcc92a373d189c,r_0b8a9687e25165becd721415,2025,RotoWire,TB
s_8b4ffa5aee9386cd3e637789,"[[""rotowire"", ""15645""]]",matched,Dean Kremer,p_df9fd20dc552186aecc92c54,pitcher,s_f7dbd48750e55365d3a11cf3,r_0b8a9687e25165becd721415,2025,RotoWire,BAL
s_7118687fc8a6f692a0523813,"[[""rotowire"", ""16501""]]",matched,Brooks Kriske,p_e886ebd300c4c1987877017e,pitcher,s_adb2361a8885da26a4454dc9,r_0b8a9687e25165becd721415,2025,RotoWire,CHC
,"[[""rotowire"", ""17214""]]",unmatched,Zac Kristofak,p_72baeef1761bd82c9e75bf9b,pitcher,s_edf79eac2de6314b22498573,r_0b8a9687e25165becd721415,2025,RotoWire,FA
s_da57a66ec196d1485f4edc27,"[[""rotowire"", ""12990""]]",matched,Matt Krook,p_5ccb2be6f00de2400349d1ac,pitcher,s_377f72f29f2b32ee1eedff91,r_0b8a9687e25165becd721415,2025,RotoWire,ATH
,"[[""rotowire"", ""14172""]]",unmatched,Chad Kuhl,p_aa7697cf5a882c559b3d3e0b,pitcher,s_fc1f220adf8e542b8be42a89,r_0b8a9687e25165becd721415,2025,RotoWire,ATL
,"[[""rotowire"", ""16431""]]",unmatched,Joel Kuhnel,p_410d3b82adc35964f997ce0f,pitcher,s_62e8f6e499b18e718b585be1,r_0b8a9687e25165becd721415,2025,RotoWire,PHI
s_4d94437d2bfad6143eee14d7,"[[""rotowire"", ""18361""]]",matched,Joe La Sorsa,p_03f6dd1978acd9701ea07f1a,pitcher,s_95ba1a2f0b6ea0eaed533b6e,r_0b8a9687e25165becd721415,2025,RotoWire,CIN
,"[[""rotowire"", ""18225""]]",unmatched,A.J. Ladwig,p_d4609a4bc3424f84740dc7e0,pitcher,s_e26d171613f2d5a5be030662,r_0b8a9687e25165becd721415,2025,RotoWire,FA
,"[[""rotowire"", ""14175""]]",unmatched,Travis Lakins,p_19fb3820cbc90a4589ee06b8,pitcher,s_c2ff0e187a17f8cbbd25b967,r_0b8a9687e25165becd721415,2025,RotoWire,FA
,"[[""rotowire"", ""13852""]]",unmatched,Peter Lambert,p_2404ba19bcc42b43ba8eb726,pitcher,s_22e137fabbde5b74d60904b7,r_0b8a9687e25165becd721415,2025,RotoWire,FA
,"[[""rotowire"", ""15572""]]",unmatched,Jimmy Lambert,p_273cc7b5908768aeae41f624,pitcher,s_90f54e2c4038ff7c629e6166,r_0b8a9687e25165becd721415,2025,RotoWire,FA
,"[[""rotowire"", ""14202""]]",unmatched,Dinelson Lamet,p_ba99cbec394ec958baeb9b9b,pitcher,s_6a2cc5487e50707adfd1ee9f,r_0b8a9687e25165becd721415,2025,RotoWire,FA
s_de42bebfee5fb305a089edf2,"[[""rotowire"", ""14794""]]",matched,Alex Lange,p_c3234d25b2dd20cd6e385c8d,pitcher,s_b8b49d6af6974510e313e24c,r_0b8a9687e25165becd721415,2025,RotoWire,DET
s_229689eacf60fe0da7bf64f0,"[[""rotowire"", ""17100""]]",matched,Jacob Latz,p_2c26e1db411b6f9ae4a8f391,pitcher,s_76b74269881b9437242be3b5,r_0b8a9687e25165becd721415,2025,RotoWire,TEX
s_1c554b22e2dda11e48e54216,"[[""rotowire"", ""14263""]]",matched,Eric Lauer,p_406202e17ebfe7ebc319947f,pitcher,s_d103d0f6782722ead6a0f7f5,r_0b8a9687e25165becd721415,2025,RotoWire,TOR
,"[[""rotowire"", ""13283""]]",unmatched,Derek Law,p_4cc8481b752dd06c66c19299,pitcher,s_6a9a3e9fdda6df5e2e99559d,r_0b8a9687e25165becd721415,2025,RotoWire,WSH
s_6c4df0094acf53250ef42183,"[[""rotowire"", ""14590""]]",matched,Casey Lawrence,p_d8d53e9e8636ecf6680932fb,pitcher,s_c3ba236de55228e46efc92be,r_0b8a9687e25165becd721415,2025,RotoWire,SEA
s_aa914fcc8ab3b18beb75b3a8,"[[""rotowire"", ""15785""]]",matched,Justin Lawrence,p_053b89527a245babaa9de7f9,pitcher,s_32d6f9e0a53c2fd8881655da,r_0b8a9687e25165becd721415,2025,RotoWire,PIT
s_c224480bf122dc3f21c8b789,"[[""rotowire"", ""16027""]]",matched,Max Lazar,p_adde69a5f07d2ac65191bd61,pitcher,s_f012d72d4e03d553814400c8,r_0b8a9687e25165becd721415,2025,RotoWire,PHI
s_0430c91b0b28e4809244f5cc,"[[""rotowire"", ""18354""]]",matched,Kyle Leahy,p_8d0b8540a9345dbadb133c54,pitcher,s_c328b3623dff95352647d78b,r_0b8a9687e25165becd721415,2025,RotoWire,STL
s_a02a7f3ed0e53f54eeb85f89,"[[""rotowire"", ""14106""]]",matched,Jose Leclerc,p_a882285ec2332d4e35f9aea6,pitcher,s_1bb2b2b451f44282b7e39b7f,r_0b8a9687e25165becd721415,2025,RotoWire,ATH
,"[[""rotowire"", ""17644""]]",unmatched,Evan Lee,p_e3aaca8f7ea1a7411ebc4a76,pitcher,s_2dc565b1bded2d40bebb1ec8,r_0b8a9687e25165becd721415,2025,RotoWire,FA
s_1fc35fb4f74436382a72065e,"[[""rotowire"", ""15964""]]",matched,Dylan Lee,p_3bdfe3d1215674f4accf5fdd,pitcher,s_c02cf0ffdaf05085e9d43b6c,r_0b8a9687e25165becd721415,2025,RotoWire,ATL
s_08485a6fe8687a3316792306,"[[""rotowire"", ""18272""]]",matched,Casey Legumina,p_0239f62f150fdc94718a08a1,pitcher,s_5fb2596862561deaca2d6ac3,r_0b8a9687e25165becd721415,2025,RotoWire,SEA
,"[[""rotowire"", ""15374""]]",unmatched,Brandon Leibrandt,p_983ea2317782126a9a51ed6d,pitcher,s_34568252f8e22b21546ea6dd,r_0b8a9687e25165becd721415,2025,RotoWire,NYY
,"[[""rotowire"", ""13138""]]",unmatched,Dominic Leone,p_48daf3a6e4a07aaf03e5b9f5,pitcher,s_2c8f1d03a2bb87cab23e3da5,r_0b8a9687e25165becd721415,2025,RotoWire,FA
s_8e99909b3f20dc138ae882ed,"[[""rotowire"", ""15399""]]",matched,Matthew Liberatore,p_c341da0c4ed0d8e6d65d1eab,pitcher,s_07a882c081ddcb5720354aa5,r_0b8a9687e25165becd721415,2025,RotoWire,STL
,"[[""rotowire"", ""18708""]]",unmatched,Jeff Lindgren,p_e8afe5bafbfd0e22b41c2b28,pitcher,s_a11a2261a08d681115e79f14,r_0b8a9687e25165becd721415,2025,RotoWire,MIA
s_9ccd85ea90c154d237701fdb,"[[""rotowire"", ""14992""]]",matched,Zack Littell,p_9cca23a301a8a13d00cd6848,pitcher,s_cf84183d9f3cd9459008b5d4,r_0b8a9687e25165becd721415,2025,RotoWire,TB
s_efc2fda72c596c9329f7bacf,"[[""rotowire"", ""14796""]]",matched,Brendon Little,p_6ee049f492a3325cbfb8d052,pitcher,s_88342fd7b94a8c3780de2824,r_0b8a9687e25165becd721415,2025,RotoWire,TOR
s_5d71225f1b1c9d931ceaa2ce,"[[""rotowire"", ""16841""]]",matched,Luke Little,p_7f797197ac1a11a7b3421d1b,pitcher,s_2e030310e1bc80b10fa70afa,r_0b8a9687e25165becd721415,2025,RotoWire,CHC
s_2d231a7c087d57c29342abbd,"[[""rotowire"", ""13215""]]",matched,Ben Lively,p_4b5cf5b09427a2ddf59454fc,pitcher,s_79d0084a87cb9a5acfbf7696,r_0b8a9687e25165becd721415,2025,RotoWire,CLE
,"[[""rotowire"", ""14707""]]",unmatched,Mauricio Llovera,p_4a82fbc6283dd8f48ba40bf8,pitcher,s_6206a8a0e8ac13745b02e376,r_0b8a9687e25165becd721415,2025,RotoWire,SEA
s_7b1c227cd5c0d43cea95ec8f,"[[""rotowire"", ""15256""]]",matched,Jonathan Loaisiga,p_65fdc9dc74636837b2495384,pitcher,s_3fcad07cca78a09bf3c52d89,r_0b8a9687e25165becd721415,2025,RotoWire,NYY
s_4b138079078f41df3f9ee8f5,"[[""rotowire"", ""14305""]]",matched,Nick Lodolo,p_87ce29e2ae2416664b1444de,pitcher,s_61b1520b9766c466939cd1b7,r_0b8a9687e25165becd721415,2025,RotoWire,CIN
,"[[""rotowire"", ""17296""]]",unmatched,Zach Logue,p_36300c158863b63bbfa3613d,pitcher,s_5aca66c9dd046751772cda65,r_0b8a9687e25165becd721415,2025,RotoWire,FA
s_ee7591d9f6623cf7a6022f90,"[[""rotowire"", ""17122""]]",matched,Sam Long,p_91748ec3a4fb9543ad6e456e,pitcher,s_327a5e3991446f36ed7f841f,r_0b8a9687e25165becd721415,2025,RotoWire,KC
,"[[""rotowire"", ""18285""]]",unmatched,Jose Lopez,p_acdb3570389ef48cef8089f1,pitcher,s_fe9f0270604f91efab616c67,r_0b8a9687e25165becd721415,2025,RotoWire,FA
s_9af0d641ad66f17c938a5458,"[[""rotowire"", ""17639""]]",matched,Jacob Lopez,p_17cd91dbd7209eb72b5b0bc1,pitcher,s_2d99591e1d8ae4a2c7144bb2,r_0b8a9687e25165becd721415,2025,RotoWire,ATH
s_a2861329ef25b026345d0b73,"[[""rotowire"", ""15116""]]",matched,Pablo Lopez,p_3f6b96f16faf2d5c1aa44e0a,pitcher,s_0fcc122c71ded5e8386c1aac,r_0b8a9687e25165becd721415,2025,RotoWire,MIN
,"[[""rotowire"", ""13687""]]",unmatched,Yoan Lopez,p_1fc76ac9b53114edd4838a42,pitcher,s_b0cad668ee87436dabc58146,r_0b8a9687e25165becd721415,2025,RotoWire,FA
s_c95e86782acc5f0922899507,"[[""rotowire"", ""13612""]]",matched,Reynaldo Lopez,p_865cf7963df08564ce6cc619,pitcher,s_fc36b53a621645385c724a93,r_0b8a9687e25165becd721415,2025,RotoWire,ATL
s_8c5d1b03c186e38ccab5e718,"[[""rotowire"", ""12200""]]",matched,Jorge Lopez,p_85531f0435fe2167b6bec63d,pitcher,s_23c885ed49152eea5fab415e,r_0b8a9687e25165becd721415,2025,RotoWire,WSH
s_49ee1b737fe5d5c70a474b72,"[[""rotowire"", ""11605""]]",matched,Michael Lorenzen,p_dbe5f8eba79f31ae2fbbef12,pitcher,s_4390991637335ed3af92133d,r_0b8a9687e25165becd721415,2025,RotoWire,KC
,"[[""rotowire"", ""12617""]]",unmatched,Aaron Loup,p_eb13f09b347e20419d7b8c12,pitcher,s_5dd0ecb16a28c5492da46794,r_0b8a9687e25165becd721415,2025,RotoWire,FA
s_fdf1f88e8b093c9eb924c1b3,"[[""rotowire"", ""15364""]]",matched,Richard Lovelady,p_03939d9f4f366462a86d6720,pitcher,s_c513dbe0854d911ae674d6a3,r_0b8a9687e25165becd721415,2025,RotoWire,TOR
,"[[""rotowire"", ""18854""]]",unmatched,Rhett Lowder,p_ed0b1e6b85550910ed5ae415,pitcher,s_9d6abf6ef5a73b8789f4a00b,r_0b8a9687e25165becd721415,2025,RotoWire,CIN
,"[[""rotowire"", ""14866""]]",unmatched,Zac Lowther,p_d98369f9e9d86f5e5112efdf,pitcher,s_de516af893e0d4d432bf7ace,r_0b8a9687e25165becd721415,2025,RotoWire,FA
s_89bdeb7306cbceccd9ef95e1,"[[""rotowire"", ""16505""]]",matched,Easton Lucas,p_022a47af63aded318f018d95,pitcher,s_aee2f9bb3c4bb0d4bcff0788,r_0b8a9687e25165becd721415,2025,RotoWire,TOR
s_d51b2d04d5efe1c3c6f5e115,"[[""rotowire"", ""14378""]]",matched,Joey Lucchesi,p_6fc12edf18996e0f7e6f48b7,pitcher,s_db59ec368c1ee46a25e31879,r_0b8a9687e25165becd721415,2025,RotoWire,SF
,"[[""rotowire"", ""12360""]]",unmatched,Lucas Luetge,p_ef951a58ad9232c9a13f20ed,pitcher,s_3e939c20f90ed4a3e890ba5d,r_0b8a9687e25165becd721415,2025,RotoWire,FA
s_1283cc4ebc60c1f4aba7c28e,"[[""rotowire"", ""14095""]]",matched,Seth Lugo,p_cb0a1ee1967dcd5a0313f1f4,pitcher,s_58d9712caf1b9f20234a37c3,r_0b8a9687e25165becd721415,2025,RotoWire,KC
s_21637569a56ffdf6b21f0f17,"[[""rotowire"", ""14304""]]",matched,Jesus Luzardo,p_e0efd3ededa73ca4e4f7ca65,pitcher,s_6b94b808e1d2fd761b4c9894,r_0b8a9687e25165becd721415,2025,RotoWire,PHI
,"[[""rotowire"", ""10528""]]",unmatched,Jordan Lyles,p_b3a7c5aed16fde1a1c9646ab,pitcher,s_0e0a05133bb6601ddeaf5c86,r_0b8a9687e25165becd721415,2025,RotoWire,FA
s_87e865a667c34d30eaaca04a,"[[""rotowire"", ""15477""]]",matched,Daniel Lynch,p_d031ef31b9165ade2a07de8a,pitcher,s_3fcc2ea9f74169de5101a8b6,r_0b8a9687e25165becd721415,2025,RotoWire,KC
,"[[""rotowire"", ""10504""]]",unmatched,Lance Lynn,p_1c9ce5d33c1c9e8c3cbb9d38,pitcher,s_763a95f86e061cf557fa408f,r_0b8a9687e25165becd721415,2025,RotoWire,FA
,"[[""rotowire"", ""15187""]]",unmatched,Andres Machado,p_3ea77cb725f930093c5e126d,pitcher,s_7c740791397a1715d7ebd8c2,r_0b8a9687e25165becd721415,2025,RotoWire,FA
,"[[""rotowire"", ""19350""]]",unmatched,Josh Maciejewski,p_c2f825782549448d2bd32bf4,pitcher,s_963bde604d212a143bc3ba25,r_0b8a9687e25165becd721415,2025,RotoWire,MIL
s_69290222e06d0897daee30bf,"[[""rotowire"", ""12051""]]",matched,Kenta Maeda,p_74b20b99d57a6b4b6dcedc0b,pitcher,s_69681267dddebb7ec49075f5,r_0b8a9687e25165becd721415,2025,RotoWire,DET
s_568120273590fabf60f0eb5f,"[[""rotowire"", ""14058""]]",matched,Tyler Mahle,p_e68383f7b94770edd764c7c7,pitcher,s_60cd887d6619f292822d244d,r_0b8a9687e25165becd721415,2025,RotoWire,TEX
s_7cb6cb28bcaca6ba4615de97,"[[""rotowire"", ""12948""]]",matched,Sean Manaea,p_64e8114493f21a3998e972c5,pitcher,s_06c735b143178b4a31bfd555,r_0b8a9687e25165becd721415,2025,RotoWire,NYM
,"[[""rotowire"", ""14249""]]",unmatched,Matt Manning,p_11e4aedd9b039ed92ffac914,pitcher,s_d47ded45e5b950fb160c7609,r_0b8a9687e25165becd721415,2025,RotoWire,DET
,"[[""rotowire"", ""16047""]]",unmatched,Alek Manoah,p_f30c390b26bea6c21a518118,pitcher,s_ff58845b83021b7bf6c5e42b,r_0b8a9687e25165becd721415,2025,RotoWire,TOR
s_65e639a42c716cd1a3efa719,"[[""rotowire"", ""14542""]]",matched,Joe Mantiply,p_64b62a02d557250c812ea353,pitcher,s_514aa32d26a79b6c10a8f4dc,r_0b8a9687e25165becd721415,2025,RotoWire,ARI
s_57312eb1d2e3d5d9c8bb48fc,"[[""rotowire"", ""17705""]]",matched,Ron Marinaccio,p_2114033616e8bab28176ff3b,pitcher,s_869306d850af7c0934765c1c,r_0b8a9687e25165becd721415,2025,RotoWire,SD
,"[[""rotowire"", ""13224""]]",unmatched,Michael Mariot,p_a55fb31a3450ee4085c613bd,pitcher,s_c63c564128426058a013fc86,r_0b8a9687e25165becd721415,2025,RotoWire,FA
,"[[""rotowire"", ""16033""]]",unmatched,Parker Markel,p_324f296426eeb9facee76e84,pitcher,s_ec4af27d301bfaedebfe8b9e,r_0b8a9687e25165becd721415,2025,RotoWire,FA
s_2e4818607c83be9b0d1dcf47,"[[""rotowire"", ""14109""]]",matched,German Marquez,p_5fad378e158b1cb676afef64,pitcher,s_9d6336bf4ba6aa27f7b252e4,r_0b8a9687e25165becd721415,2025,RotoWire,COL
,"[[""rotowire"", ""16137""]]",unmatched,Alec Marsh,p_62d8cc1fd9a19696b5c7bebc,pitcher,s_675da08a58e85bbdb7475adc,r_0b8a9687e25165becd721415,2025,RotoWire,KC
,"[[""rotowire"", ""17273""]]",unmatched,Jose Marte,p_e130343fcdbbe90b2abc4c0a,pitcher,s_3e92711f811ac26f39ccb96e,r_0b8a9687e25165becd721415,2025,RotoWire,FA
s_ebe4584bb13eb09680f4776c,"[[""rotowire"", ""17886""]]",matched,Davis Martin,p_61f4469f74d0edbc18e77e21,pitcher,s_6950373d590ac3ac985d298a,r_0b8a9687e25165becd721415,2025,RotoWire,CWS
,"[[""rotowire"", ""13485""]]",unmatched,Brett Martin,p_485383dfdf2d9d07b8af4f56,pitcher,s_e4c211974b05457266d1b2e7,r_0b8a9687e25165becd721415,2025,RotoWire,FA
s_7914157a618492e3cb111bb5,"[[""rotowire"", ""14871""]]",matched,Corbin Martin,p_2f7d0b281325531322ffa74b,pitcher,s_3a36aca826615b5a12215ea9,r_0b8a9687e25165becd721415,2025,RotoWire,BAL
s_4d39c110dbc9576e580685d8,"[[""rotowire"", ""13275""]]",matched,Chris Martin,p_43e8e7de2aa77634ff94469d,pitcher,s_df221822a9611ba8539d0d01,r_0b8a9687e25165becd721415,2025,RotoWire,TEX
s_af603743f9f36ea15142912d,"[[""rotowire"", ""12932""]]",matched,Nick Martinez,p_663ac2743b68ff849ac3f794,pitcher,s_7e7fb42ddaf212f9e126a7e9,r_0b8a9687e25165becd721415,2025,RotoWire,CIN
s_d58ad943d56a56155c0eb640,"[[""rotowire"", ""17665""]]",matched,Seth Martinez,p_5cb301be76b7e1a69519280c,pitcher,s_23f2d22c00c00b6724704200,r_0b8a9687e25165becd721415,2025,RotoWire,MIA
s_5e159c662470879b89703947,"[[""rotowire"", ""16573""]]",matched,Justin Martinez,p_202088ef4fa208bc8e552f15,pitcher,s_00606acf9ae424299f6176e4,r_0b8a9687e25165becd721415,2025,RotoWire,ARI
,"[[""rotowire"", ""18092""]]",unmatched,Quinn Mathews,p_a2aecebc9a8fffbbace22e46,pitcher,s_ecc8ec79b9eebc48e65a5623,r_0b8a9687e25165becd721415,2025,RotoWire,STL
s_6eda131b03fc16d33c16a5e6,"[[""rotowire"", ""14994""]]",matched,Phil Maton,p_d92f2d27a75f27f0e8a8f9b3,pitcher,s_6aaa65136f505d34a045eb85,r_0b8a9687e25165becd721415,2025,RotoWire,STL
s_eb4ea248368950b642732d89,"[[""rotowire"", ""18458""]]",matched,Yuki Matsui,p_d5e07201a0f1d0cfa596e762,pitcher,s_7e2888f4376be27e8433e34e,r_0b8a9687e25165becd721415,2025,RotoWire,SD
s_0476aa9569ea6fa589ed2903,"[[""rotowire"", ""18788""]]",matched,Zebby Matthews,p_61ca94d7e3be2cbafe733df9,pitcher,s_2e6f1513c04f0938dfd64e14,r_0b8a9687e25165becd721415,2025,RotoWire,MIN
s_91dc88ea24b835e771dea63f,"[[""rotowire"", ""16508""]]",matched,Isaac Mattson,p_f4be239312e641d1fd5e879e,pitcher,s_a8600346d053a9614886a678,r_0b8a9687e25165becd721415,2025,RotoWire,PIT
s_10b23d7e449c308a73d84678,"[[""rotowire"", ""11012""]]",matched,Steven Matz,p_3dac456e39a26258f30d8eb6,pitcher,s_f6666bceed25272e5be1a6c4,r_0b8a9687e25165becd721415,2025,RotoWire,STL
s_deb5fbb192e01df485c678ea,"[[""rotowire"", ""10950""]]",matched,Tyler Matzek,p_b28716a06c47ecd76023490d,pitcher,s_4b51e02fa852a3b5e5024f06,r_0b8a9687e25165becd721415,2025,RotoWire,NYY
,"[[""rotowire"", ""10604""]]",unmatched,Trevor May,p_8895fd0c89dd6fce89148e30,pitcher,s_fa7a5d42935f76a4cf76c920,r_0b8a9687e25165becd721415,2025,RotoWire,FA
s_caf5c1b8640ca72fcb4d3054,"[[""rotowire"", ""14331""]]",matched,Dustin May,p_2043005deaaf8693e9eef0a1,pitcher,s_4e0eb332a402d128504e7cfd,r_0b8a9687e25165becd721415,2025,RotoWire,LAD
,"[[""rotowire"", ""13074""]]",unmatched,Mike Mayers,p_3cbfbe8f1d897443a13eb928,pitcher,s_61a04bf62d5cccd0f1fbec58,r_0b8a9687e25165becd721415,2025,RotoWire,FA
s_88cca809d733de075629e576,"[[""rotowire"", ""15168""]]",matched,Tim Mayza,p_61df43fce399be15228241c7,pitcher,s_ab4a65e0c0662341af69cefb,r_0b8a9687e25165becd721415,2025,RotoWire,PIT
s_863dce6c5fb74fc1220d3797,"[[""rotowire"", ""17969""]]",matched,Adam Mazur,p_474b86765aff2f081bf6d73e,pitcher,s_58fcecc6ba30b95795eda499,r_0b8a9687e25165becd721415,2025,RotoWire,MIA
,"[[""rotowire"", ""16313""]]",unmatched,Chris Mazza,p_dec6eacf0a17ec95db9acea7,pitcher,s_7eccf5c90d59300f4994eb93,r_0b8a9687e25165becd721415,2025,RotoWire,FA
,"[[""rotowire"", ""9386""]]",unmatched,Zach McAllister,p_b921850bf9c45d1f1b044a37,pitcher,s_53411f99c73a5b9e35b291ad,r_0b8a9687e25165becd721415,2025,RotoWire,FA
,"[[""rotowire"", ""17215""]]",unmatched,James McArthur,p_42200d6c579c0f5f154c0961,pitcher,s_57f6433114b0d6b8466d7494,r_0b8a9687e25165becd721415,2025,RotoWire,KC
,"[[""rotowire"", ""17778""]]",unmatched,Kirk McCarty,p_2200947c1dcb00dcb26212a9,pitcher,s_e8ccb0f4c08891725fb47d3f,r_0b8a9687e25165becd721415,2025,RotoWire,FA
s_38f60b3a0fbbcfa15657771a,"[[""rotowire"", ""17581""]]",matched,Darren McCaughan,p_8b89ea9a1656d4f4956ecd7b,pitcher,s_70d2537d14256e3ce3fd2072,r_0b8a9687e25165becd721415,2025,RotoWire,MIN
,"[[""rotowire"", ""15400""]]",unmatched,Shane McClanahan,p_aa82bbb9131dca9e098c8636,pitcher,s_5b7ba5ab40564a3a29580d82,r_0b8a9687e25165becd721415,2025,RotoWire,TB
s_8a1fac1f5429947e3c36320d,"[[""rotowire"", ""12459""]]",matched,Lance McCullers,p_3f747dc1e443a0eecfacc566,pitcher,s_e72b9e98fa9780db7b403bb9,r_0b8a9687e25165becd721415,2025,RotoWire,HOU
s_cce4fb08478a43192f22d170,"[[""rotowire"", ""16210""]]",matched,Trevor McDonald,p_c6a0ec40c899f7b2c1dfc7bf,pitcher,s_44d395a95f6639ba69e597ec,r_0b8a9687e25165becd721415,2025,RotoWire,SF
s_574a97549afd24ac661904f3,"[[""rotowire"", ""9961""]]",matched,T.J. McFarland,p_ebf87ec113e8b0f2ee8c9137,pitcher,s_ad1557b0fccf2bb0826496ac,r_0b8a9687e25165becd721415,2025,RotoWire,ATH
,"[[""rotowire"", ""9452""]]",unmatched,Jake McGee,p_5dc500b1bbcacc1c375d8bf9,pitcher,s_39a813e0fca66ed2fce495a5,r_0b8a9687e25165becd721415,2025,RotoWire,FA
s_e976ddaa78886e0cae7f5bd2,"[[""rotowire"", ""14381""]]",matched,Easton McGee,p_bb5b45202cd0e3997a49a903,pitcher,s_48a0ae197831833350301991,r_0b8a9687e25165becd721415,2025,RotoWire,MIL
s_1c91b21bda8507e1a4961c0a,"[[""rotowire"", ""12636""]]",matched,Scott McGough,p_1717f62465764e9d30864b06,pitcher,s_3fac0a7bfd2f88b68c5e1bd3,r_0b8a9687e25165becd721415,2025,RotoWire,ARI
,"[[""rotowire"", ""12423""]]",unmatched,Collin McHugh,p_a5d855ed207c918efb40521c,pitcher,s_ed2411685ff8d06cb46a871f,r_0b8a9687e25165becd721415,2025,RotoWire,FA
,"[[""rotowire"", ""15968""]]",unmatched,David McKay,p_f3a9036cdcaf1a5d8d2c14e9,pitcher,s_79454cfa6556e1ce589ea9ac,r_0b8a9687e25165becd721415,2025,RotoWire,FA
s_cfa8535c7809657fd98f0d53,"[[""rotowire"", ""13856""]]",matched,Triston McKenzie,p_357a85c29d85f1c884799b6b,pitcher,s_97072597db70214dcfde8941,r_0b8a9687e25165becd721415,2025,RotoWire,CLE
,"[[""rotowire"", ""17008""]]",unmatched,John McMillon,p_3fc0897d6389ddfc28dbdf0c,pitcher,s_63281c653133eb4eb99098e6,r_0b8a9687e25165becd721415,2025,RotoWire,PHI
,"[[""rotowire"", ""15205""]]",unmatched,John Means,p_1bc96b69650b53d4181682ff,pitcher,s_7c0b6541ec381741189b62ab,r_0b8a9687e25165becd721415,2025,RotoWire,CLE
s_2af5fee7575ff18220737b98,"[[""rotowire"", ""17084""]]",matched,Nick Mears,p_4055fa9f7ca334fe33a26bfe,pitcher,s_7ace89390450b21db846905c,r_0b8a9687e25165becd721415,2025,RotoWire,MIL
s_4f9880114188e8dbd1f8d9cb,"[[""rotowire"", ""16727""]]",matched,Victor Mederos,p_9a77feb051159af9aee2063c,pitcher,s_8410f83d4a08a65007970a2b,r_0b8a9687e25165becd721415,2025,RotoWire,LAA
,"[[""rotowire"", ""14027""]]",unmatched,Adonis Medina,p_1056e303e69c97841582500d,pitcher,s_653e1e0471d1c178b06b391b,r_0b8a9687e25165becd721415,2025,RotoWire,SEA
,"[[""rotowire"", ""19167""]]",unmatched,James Meeker,p_4f6399a656ba68475a8498ab,pitcher,s_5f87b7c767877415a72e4511,r_0b8a9687e25165becd721415,2025,RotoWire,MIL
s_110296fdd956ef1ee4f27b33,"[[""rotowire"", ""13466""]]",matched,Trevor Megill,p_c2e11e9b2895314b228d9143,pitcher,s_e8e022b3ecd66bf68a1b8ae0,r_0b8a9687e25165becd721415,2025,RotoWire,MIL
s_25df1f872492648e7511fa16,"[[""rotowire"", ""17539""]]",matched,Tylor Megill,p_7ecdbe2c0870f558f16c0f62,pitcher,s_c7ef8754c93ff06114589af9,r_0b8a9687e25165becd721415,2025,RotoWire,NYM
,"[[""rotowire"", ""15792""]]",unmatched,J.C. Mejia,p_6cca4a7793e87715ced920e6,pitcher,s_37c8f711939dc6546d6fe2b5,r_0b8a9687e25165becd721415,2025,RotoWire,FA
,"[[""rotowire"", ""9302""]]",unmatched,Mark Melancon,p_972b7ebc11e717e45f0c09ad,pitcher,s_469813d130b6883ccbfea3c8,r_0b8a9687e25165becd721415,2025,RotoWire,FA
,"[[""rotowire"", ""15947""]]",unmatched,Conner Menez,p_a125a7a3344b066cdb4f3a9e,pitcher,s_155da978ddc0b1d8f2bdbaa8,r_0b8a9687e25165becd721415,2025,RotoWire,FA
,"[[""rotowire"", ""13468""]]",unmatched,Daniel Mengden,p_ed0a554f0fab6baa17e2c6eb,pitcher,s_f83580fd1ce08cc1a9cefa2c,r_0b8a9687e25165becd721415,2025,RotoWire,FA
s_8d9bc3e135bdf0513d5193d1,"[[""rotowire"", ""15104""]]",matched,Julian Merryweather,p_46017178473b57a504f40f61,pitcher,s_edd5f4479e3be01be64f3f01,r_0b8a9687e25165becd721415,2025,RotoWire,CHC
s_23ef6b35f7f28369367da98a,"[[""rotowire"", ""16673""]]",matched,Max Meyer,p_947372bfc438cf39d3a30665,pitcher,s_c93a38052fc2a266a2f55789,r_0b8a9687e25165becd721415,2025,RotoWire,MIA
,"[[""rotowire"", ""13078""]]",unmatched,Keynan Middleton,p_366bbd7714e8e67367faf5ae,pitcher,s_2841b03747a0bab5155b60f2,r_0b8a9687e25165becd721415,2025,RotoWire,FA
s_b5feb48d02328994ef721207,"[[""rotowire"", ""11177""]]",matched,Miles Mikolas,p_b13319e24b3552eff64d85bc,pitcher,s_4c7758f25a943c1b55045063,r_0b8a9687e25165becd721415,2025,RotoWire,STL
s_be711189a07ad4451ec10d6c,"[[""rotowire"", ""10501""]]",matched,Wade Miley,p_a743e95c751b76805136d443,pitcher,s_86f6365fb442082c5d37a13f,r_0b8a9687e25165becd721415,2025,RotoWire,CIN
s_5a2019e9d2fc0e3437757307,"[[""rotowire"", ""10952""]]",matched,Shelby Miller,p_e19d9b502abd2d1b0b07ea2a,pitcher,s_85bbaa54b6cf5a4af8b9ce1e,r_0b8a9687e25165becd721415,2025,RotoWire,ARI
,"[[""rotowire"", ""14392""]]",unmatched,Tyson Miller,p_795034c06f1ee2f1f37fe559,pitcher,s_030de5d277a9c91b0828a658,r_0b8a9687e25165becd721415,2025,RotoWire,CHC
s_5d272b4ca4884b63a8a696d0,"[[""rotowire"", ""16694""]]",matched,Bobby Miller,p_8c118f1cce2683232f54416f,pitcher,s_709d41c27bda27ec60cb2246,r_0b8a9687e25165becd721415,2025,RotoWire,LAD
s_2ec7a596cd3a149041ba9da9,"[[""rotowire"", ""17377""]]",matched,Bryce Miller,p_6fd30c7531d5bc78103c740d,pitcher,s_5315e853509ecdfc79e3d0d2,r_0b8a9687e25165becd721415,2025,RotoWire,SEA
,"[[""rotowire"", ""19847""]]",unmatched,Ryan Miller,p_4fb0f00a859b3747c3330f8f,pitcher,s_8dca30d311e6dff5d2f5ee05,r_0b8a9687e25165becd721415,2025,RotoWire,DET
,"[[""rotowire"", ""15003""]]",unmatched,Wyatt Mills,p_b7736681fe0e03a5a6703dbb,pitcher,s_31925c4d88a827f4c883e822,r_0b8a9687e25165becd721415,2025,RotoWire,BOS
,"[[""rotowire"", ""14114""]]",unmatched,Alec Mills,p_45d464d9649ea149cf1b3d02,pitcher,s_ed3a8e8c064432a04a121148,r_0b8a9687e25165becd721415,2025,RotoWire,FA
s_f6624e49527de43bba9b8f97,"[[""rotowire"", ""12720""]]",matched,Hoby Milner,p_74d9cd5a911ee5ed93663d77,pitcher,s_397d6e30e510ecb1cdf39757,r_0b8a9687e25165becd721415,2025,RotoWire,TEX
,"[[""rotowire"", ""11648""]]",unmatched,Tommy Milone,p_8af87dc6396d7f8dfafef439,pitcher,s_e872451e19281d16c641923b,r_0b8a9687e25165becd721415,2025,RotoWire,FA
,"[[""rotowire"", ""14094""]]",unmatched,Juan Minaya,p_7cb086575572daaa4e7155b5,pitcher,s_7cedb64c2627cef5e76bd5ba,r_0b8a9687e25165becd721415,2025,RotoWire,FA
,"[[""rotowire"", ""10954""]]",unmatched,Mike Minor,p_21d1b6a79ff3fd62cf184170,pitcher,s_95b4d9374a7563b062bd6879,r_0b8a9687e25165becd721415,2025,RotoWire,FA
s_7a5ed801740fcbc9faf50563,"[[""rotowire"", ""13889""]]",matched,A.J. Minter,p_bb82cb6ed787b635d6d9a9bd,pitcher,s_efab43bf9c4191974e24d47c,r_0b8a9687e25165becd721415,2025,RotoWire,NYM
s_a06f45c6741d0666b13f5f75,"[[""rotowire"", ""17023""]]",matched,Anthony Misiewicz,p_ecff128ebd3bcb2627d0226e,pitcher,s_2d0f9a62589b79b837b50d6a,r_0b8a9687e25165becd721415,2025,RotoWire,MIN
s_38ba1fe71a8cc33d05cd00a9,"[[""rotowire"", ""16834""]]",matched,Jacob Misiorowski,p_5d9c98b0173958f4c189a129,pitcher,s_886c6ab3b39ad92c8a1d6c6d,r_0b8a9687e25165becd721415,2025,RotoWire,MIL
s_b59424354f2edab602a84562,"[[""rotowire"", ""15396""]]",matched,Casey Mize,p_8ed8dc08bf2fc22b7d5fdc9e,pitcher,s_4972ee6e947ee22364a9803a,r_0b8a9687e25165becd721415,2025,RotoWire,DET
s_76def094e766ff4fc310f9db,"[[""rotowire"", ""16695""]]",matched,Carmen Mlodzinski,p_de4f248f197b6ab7761cb09b,pitcher,s_759b4b16f4f6a440e6a02ba0,r_0b8a9687e25165becd721415,2025,RotoWire,PIT
s_00b3f7443840cd6a6ed3ab96,"[[""rotowire"", ""13061""]]",matched,Sam Moll,p_e23cb32e39c22be655441929,pitcher,s_b8d6209de8a517fd4f2f8648,r_0b8a9687e25165becd721415,2025,RotoWire,CIN
s_0a4f5a0bcb627630b10a1a00,"[[""rotowire"", ""12845""]]",matched,Frankie Montas,p_068e7224bb054c1a9b281e8e,pitcher,s_3167effc5d0cf472a1eee6d0,r_0b8a9687e25165becd721415,2025,RotoWire,NYM
s_fa4a0aa6bfe74faf10c23edd,"[[""rotowire"", ""12735""]]",matched,Rafael Montero,p_a8216ccda0a59c4e665e7874,pitcher,s_c7cedc47ff79bb96358cdd0b,r_0b8a9687e25165becd721415,2025,RotoWire,HOU
,"[[""rotowire"", ""14940""]]",unmatched,Bryce Montes de Oca,p_883ea3381240aa0fb1fa6c5a,pitcher,s_9c0ef7bf3f79bc3f6491db6b,r_0b8a9687e25165becd721415,2025,RotoWire,NYM
,"[[""rotowire"", ""13481""]]",unmatched,Jordan Montgomery,p_3b39342b8d03af7adee187b3,pitcher,s_d99804dc4075a69421077c96,r_0b8a9687e25165becd721415,2025,RotoWire,ARI
,"[[""rotowire"", ""17816""]]",unmatched,McKinley Moore,p_22730a675c1b001fa308d08e,pitcher,s_5d8840e908085e5980e6d153,r_0b8a9687e25165becd721415,2025,RotoWire,NYY
,"[[""rotowire"", ""10179""]]",unmatched,Matt Moore,p_a74949d88b7daedac5120581,pitcher,s_4142b48779b8009daf95b17f,r_0b8a9687e25165becd721415,2025,RotoWire,BOS
,"[[""rotowire"", ""14437""]]",unmatched,Francisco Morales,p_ad9f68c3dfd83f376129ab93,pitcher,s_f4933f09cfa917a750b1e8b8,r_0b8a9687e25165becd721415,2025,RotoWire,FA
,"[[""rotowire"", ""11401""]]",unmatched,Brian Moran,p_611776abbe2976d46bd07c86,pitcher,s_ca19c4a556d79f39ba333345,r_0b8a9687e25165becd721415,2025,RotoWire,ATL
s_e618deca89c2e865deb173b1,"[[""rotowire"", ""17604""]]",matched,Jovani Moran,p_3e5cfa913cc4f482344401c1,pitcher,s_45687258619aae6b77264604,r_0b8a9687e25165becd721415,2025,RotoWire,BOS
s_663cd04a794f87ab0ebe58b4,"[[""rotowire"", ""14068""]]",matched,Adrian Morejon,p_c3b7cc93fd3c9b7f57a21594,pitcher,s_033d60e3e03bcbc50a04d27a,r_0b8a9687e25165becd721415,2025,RotoWire,SD
s_1543cdf313bba7951f4eb881,"[[""rotowire"", ""17632""]]",matched,Dauri Moreta,p_873e9a85cedbbe1ba2ccefc2,pitcher,s_eb8aedf1ea7e2e21133935b1,r_0b8a9687e25165becd721415,2025,RotoWire,PIT
s_6f17aa805ebea1481528d50c,"[[""rotowire"", ""15380""]]",matched,Eli Morgan,p_8ececb63a3f2cebed969a98d,pitcher,s_8f3c96ee4a69d714500063a4,r_0b8a9687e25165becd721415,2025,RotoWire,CHC
,"[[""rotowire"", ""14619""]]",unmatched,Reyes Moronta,p_a3a42de25c0e6d3887941c09,pitcher,s_e2c323fc1dc78015e67990ac,r_0b8a9687e25165becd721415,2025,RotoWire,FA
,"[[""rotowire"", ""16617""]]",unmatched,Cody Morris,p_c496bd4a5d60202aab762dc0,pitcher,s_1ddb90ccf33e83693bc30039,r_0b8a9687e25165becd721415,2025,RotoWire,FA
s_853be8ca47f8cf5ff8059ebe,"[[""rotowire"", ""7945""]]",matched,Charlie Morton,p_eef46cfc49e692afb37dbd7f,pitcher,s_75b2194d80ba63fc11c6bb5d,r_0b8a9687e25165becd721415,2025,RotoWire,BAL
,"[[""rotowire"", ""18702""]]",unmatched,Zach Muckenhirn,p_791d32fd9a510a4dc3d672f2,pitcher,s_91211e7f7096ee2d5bc6cd45,r_0b8a9687e25165becd721415,2025,RotoWire,FA
,"[[""rotowire"", ""14254""]]",unmatched,Kyle Muller,p_ce81e10d29b1a634be3ea481,pitcher,s_1c095acc4449145634ae53f5,r_0b8a9687e25165becd721415,2025,RotoWire,FA
s_954d630db218fe31b549689a,"[[""rotowire"", ""15238""]]",matched,Andres Munoz,p_c8fcbc835fb5f66a0bd0f41e,pitcher,s_1f63fa95c78f6c956019dd2a,r_0b8a9687e25165becd721415,2025,RotoWire,SEA
s_c422cace53a4424b320fde71,"[[""rotowire"", ""17104""]]",matched,Penn Murfee,p_99be1f6c65672ddb89e36704,pitcher,s_6fe13165731e4fc79b3b3a4e,r_0b8a9687e25165becd721415,2025,RotoWire,CWS
s_79fef6bb35bacd1f046d1237,"[[""rotowire"", ""16594""]]",matched,Chris Murphy,p_b71fbe75f62a06bbed6595ec,pitcher,s_5dfec4cea0c9f53cb3413373,r_0b8a9687e25165becd721415,2025,RotoWire,BOS
,"[[""rotowire"", ""12185""]]",unmatched,Joe Musgrove,p_6b1df727707867d59dabf6fd,pitcher,s_55a88483ccf15b9e2e36af2b,r_0b8a9687e25165becd721415,2025,RotoWire,SD
,"[[""rotowire"", ""17855""]]",unmatched,Parker Mushinski,p_d291977287dccac53c171a63,pitcher,s_0548e2b39b13cbd9078fc811,r_0b8a9687e25165becd721415,2025,RotoWire,CLE
s_d397ae42c4b66a735ec76a9e,"[[""rotowire"", ""14720""]]",matched,Tobias Myers,p_2bd83f835d274b547829f07c,pitcher,s_fad5986740e8ecd8924dbaac,r_0b8a9687e25165becd721415,2025,RotoWire,MIL
,"[[""rotowire"", ""17691""]]",unmatched,James Naile,p_7386a7662dcac4c2c440a959,pitcher,s_f0f3f90c2bed545d1d58b512,r_0b8a9687e25165becd721415,2025,RotoWire,FA
s_839031a420f70262658cee96,"[[""rotowire"", ""17267""]]",matched,Tommy Nance,p_04895952d7d004fc8bb3f14b,pitcher,s_19835f590cd07808fd5bde9f,r_0b8a9687e25165becd721415,2025,RotoWire,TOR
,"[[""rotowire"", ""18226""]]",unmatched,Andrew Nardi,p_222c356cfa14a6ec4cefc492,pitcher,s_bfcd0cd3080e2006d6343081,r_0b8a9687e25165becd721415,2025,RotoWire,MIA
,"[[""rotowire"", ""16259""]]",unmatched,Packy Naughton,p_8486ce093a28f5a942ad72c9,pitcher,s_ba0d1d01bf01f1dd56f02b39,r_0b8a9687e25165becd721415,2025,RotoWire,STL
,"[[""rotowire"", ""19089""]]",unmatched,Edgar Navarro,p_bdb5dd5492dc6dc8be4ddb2c,pitcher,s_a25dd40807cb3944a5038c27,r_0b8a9687e25165becd721415,2025,RotoWire,FA
,"[[""rotowire"", ""12901""]]",unmatched,Zach Neal,p_ba5f1ba6f3048fb5247b63db,pitcher,s_e6d7c66a38a798a43e07c20c,r_0b8a9687e25165becd721415,2025,RotoWire,FA
,"[[""rotowire"", ""19267""]]",unmatched,Jack Neely,p_8a902d5cb91ad28d5c0a7c8c,pitcher,s_e0441baed99628b203d20be4,r_0b8a9687e25165becd721415,2025,RotoWire,CHC
,"[[""rotowire"", ""13877""]]",unmatched,Nick Neidert,p_7d74975e8ad673dc50a56c82,pitcher,s_16e8d6c0901cbe8e2502326c,r_0b8a9687e25165becd721415,2025,RotoWire,CHC
,"[[""rotowire"", ""14387""]]",unmatched,Nick Nelson,p_7ecde7405f813f4220bdb5a8,pitcher,s_e95b423e08300e575bc223d5,r_0b8a9687e25165becd721415,2025,RotoWire,FA
s_7ab2dfe04fbcb17ee8e39ae3,"[[""rotowire"", ""16118""]]",matched,Ryne Nelson,p_1b49209f0bd30dd5dc724000,pitcher,s_0c84702fb435312752220a6c,r_0b8a9687e25165becd721415,2025,RotoWire,ARI
s_d8085fd0e1d557a60ca29b37,"[[""rotowire"", ""17022""]]",matched,Kyle Nelson,p_add0f7573f9388cbc02c0706,pitcher,s_5844fe2d7a7b3e09f3f25469,r_0b8a9687e25165becd721415,2025,RotoWire,ARI
s_b66daf9cd5e3580464056f70,"[[""rotowire"", ""13603""]]",matched,Hector Neris,p_e0742aec163e8fe5a829ba96,pitcher,s_15d208ff2ffb3836c592f362,r_0b8a9687e25165becd721415,2025,RotoWire,ATL
s_1fcf6f4c6e21ce7bdaac2cd4,"[[""rotowire"", ""13368""]]",matched,Sean Newcomb,p_4f111a07b4c0259d31c89e0d,pitcher,s_cc3584ffb0869f3336671ef3,r_0b8a9687e25165becd721415,2025,RotoWire,BOS
s_04f50c5ee731cf1c0ff99bcf,"[[""rotowire"", ""16720""]]",matched,Kyle Nicolas,p_b051cf87af8a4244b6b81e2c,pitcher,s_8079a38abb7b1d3e33b37f08,r_0b8a9687e25165becd721415,2025,RotoWire,PIT
,"[[""rotowire"", ""17418""]]",unmatched,Vinny Nittoli,p_19e960552766ebbe03de4775,pitcher,s_04d549860fc3b9ee0f7955d0,r_0b8a9687e25165becd721415,2025,RotoWire,MIL
,"[[""rotowire"", ""15153""]]",unmatched,Stephen Nogosek,p_3671fb887049c9e44d7764d5,pitcher,s_b6530a10bb37be52277e064a,r_0b8a9687e25165becd721415,2025,RotoWire,WSH
s_d1400db19c89689ddaf992fe,"[[""rotowire"", ""13359""]]",matched,Aaron Nola,p_288584b43feea72ac1e47a2d,pitcher,s_fcc11cbf18ab0ab72031276e,r_0b8a9687e25165becd721415,2025,RotoWire,PHI
,"[[""rotowire"", ""11691""]]",unmatched,Sean Nolin,p_b129357f55bb8cb8ec0f0ec4,pitcher,s_5a7a19b2d9c54b82faed9d32,r_0b8a9687e25165becd721415,2025,RotoWire,FA
,"[[""rotowire"", ""12134""]]",unmatched,Daniel Norris,p_5b0c852d2fdb0aa2285246b6,pitcher,s_1c8625c0857ce9529652ed5a,r_0b8a9687e25165becd721415,2025,RotoWire,FA
,"[[""rotowire"", ""15637""]]",unmatched,James Norwood,p_5cce0a0de20a87756d9b031d,pitcher,s_960df6ab433f7b40324cd1a3,r_0b8a9687e25165becd721415,2025,RotoWire,FA
s_4c665aaa4e982ca84f043eca,"[[""rotowire"", ""17139""]]",matched,Dedniel Nunez,p_bad5772915c2a0ae9bf9c5f1,pitcher,s_3e72dc993a5bb82d6d1108d2,r_0b8a9687e25165becd721415,2025,RotoWire,NYM
s_2dc10b46e288d3995048f260,"[[""rotowire"", ""16611""]]",matched,Riley O'Brien,p_ca72c1190ab195d082d039a5,pitcher,s_69beab1528ef5ee74454228c,r_0b8a9687e25165becd721415,2025,RotoWire,STL
,"[[""rotowire"", ""10353""]]",unmatched,Darren O'Day,p_5a1783eee4bf8e45134da96d,pitcher,s_e42c251c023582f4a8d91ce0,r_0b8a9687e25165becd721415,2025,RotoWire,FA
,"[[""rotowire"", ""18533""]]",unmatched,Jack O'Loughlin,p_65581d51318c0c085573574a,pitcher,s_4dfcb1627e9a23d4884307ea,r_0b8a9687e25165becd721415,2025,RotoWire,COL
s_c52e875e6e3587a3c30c09b2,"[[""rotowire"", ""16018""]]",matched,Bailey Ober,p_009e96c410d3379760f8b1a1,pitcher,s_791c5de05abd428200d3bf54,r_0b8a9687e25165becd721415,2025,RotoWire,MIN
,"[[""rotowire"", ""10476""]]",unmatched,Jake Odorizzi,p_a08bae773b8311897006190f,pitcher,s_c01df45cf6741e8cf7d2d903,r_0b8a9687e25165becd721415,2025,RotoWire,FA
,"[[""rotowire"", ""18104""]]",unmatched,Cristofer Ogando,p_edd45a18398217ab32d2c9a3,pitcher,s_8245e9490a0d8f5a48f0f0e3,r_0b8a9687e25165becd721415,2025,RotoWire,FA
s_06851fade6e0bdfa83e7a5a5,"[[""rotowire"", ""18375""]]",matched,Shinnosuke Ogasawara,p_6ddc0b571359a20df4eac80a,pitcher,s_2f0d8ebcc96baee198206fbe,r_0b8a9687e25165becd721415,2025,RotoWire,WSH
s_1bec9ca759a0d128b2f92f6a,"[[""rotowire"", ""13720""]]",matched,Steven Okert,p_f5105d7ffd8537ed91519f0f,pitcher,s_db40beb24419e8b1876955b6,r_0b8a9687e25165becd721415,2025,RotoWire,HOU
,"[[""rotowire"", ""17709""]]",unmatched,Adam Oller,p_6742bb24866a356b030b45fb,pitcher,s_9e1bf3be5cf7066df9c0a204,r_0b8a9687e25165becd721415,2025,RotoWire,FA
s_a44c663c7dfd614e25c3072f,"[[""rotowire"", ""17595""]]",matched,Reese Olson,p_5485d94fef637de4cbcf9080,pitcher,s_9982e77aae9b18a1ce107ed7,r_0b8a9687e25165becd721415,2025,RotoWire,DET
s_ae5ac68582ba615618b5ef8c,"[[""rotowire"", ""17663""]]",matched,Kaleb Ort,p_14a0d313708d61eee3ed8e2d,pitcher,s_342fb026107d067006758ce1,r_0b8a9687e25165becd721415,2025,RotoWire,HOU
,"[[""rotowire"", ""17591""]]",unmatched,Oliver Ortega,p_ce4c032e791c967b1b8d1659,pitcher,s_b1258c40c78c6deb18359ba8,r_0b8a9687e25165becd721415,2025,RotoWire,NYM
s_ad6b4377529110cee67f9dd3,"[[""rotowire"", ""17851""]]",matched,Luis Ortiz,p_a98211b93d765f76eace7471,pitcher,s_da9e811978851fbb8075821a,r_0b8a9687e25165becd721415,2025,RotoWire,CLE
,"[[""rotowire"", ""13384""]]",unmatched,Luis Ortiz,p_b3d76461f25180c0ba8d977d,pitcher,s_b7175fa545a3cc049f73c4d0,r_0b8a9687e25165becd721415,2025,RotoWire,NYM
s_307b980ec900bf17914e88e1,"[[""rotowire"", ""19285""]]",matched,Eric Orze,p_51a922809ad094b5a4433cdf,pitcher,s_4fe70a5d7f38ef399d39712c,r_0b8a9687e25165becd721415,2025,RotoWire,TB
s_bd83693cafd8c0d220f8fe8e,"[[""rotowire"", ""19189""]]",matched,Michel Otanez,p_a16d0151ecec817dcaa17d65,pitcher,s_00631b99288fda61f3782a0d,r_0b8a9687e25165becd721415,2025,RotoWire,ATH
s_92836025ae28cf9f7025424b,"[[""rotowire"", ""9318""]]",matched,Adam Ottavino,p_398375b387379868974113bb,pitcher,s_eb75e97315033202b0af86c5,r_0b8a9687e25165becd721415,2025,RotoWire,FA
,"[[""rotowire"", ""14945""]]",unmatched,Glenn Otto,p_84a19acdf01a89089523a2cc,pitcher,s_c95ee28dbd8974091f54b9d9,r_0b8a9687e25165becd721415,2025,RotoWire,HOU
,"[[""rotowire"", ""17609""]]",unmatched,Connor Overton,p_3cb1ff05d363a2fd02a29b23,pitcher,s_b1cec00ffecd74bc443b6224,r_0b8a9687e25165becd721415,2025,RotoWire,NYM
s_c5b3ed4a3bc53a71cb2934d4,"[[""rotowire"", ""15171""]]",matched,Johan Oviedo,p_0c3b6b4f617c9009bb6c76e7,pitcher,s_ab86df393e5bec2931e9b82c,r_0b8a9687e25165becd721415,2025,RotoWire,PIT
s_882cd2f11ba896960d131636,"[[""rotowire"", ""14409""]]",matched,Chris Paddack,p_67a7d083510fbec26f1ddc04,pitcher,s_ee857fd83e804d2679544265,r_0b8a9687e25165becd721415,2025,RotoWire,MIN
,"[[""rotowire"", ""18231""]]",unmatched,Nicholas Padilla,p_888999fb64f5f25495ea5b2b,pitcher,s_66f065f064491ad1bd429ede,r_0b8a9687e25165becd721415,2025,RotoWire,PHI
s_2854500a8dad056746bfe749,"[[""rotowire"", ""14747""]]",matched,Emilio Pagan,p_a14b46668a060bb5629886e6,pitcher,s_fc180048133518b19d66054b,r_0b8a9687e25165becd721415,2025,RotoWire,CIN
,"[[""rotowire"", ""17312""]]",unmatched,Andrew Painter,p_747ca9b3f8488871801660b7,pitcher,s_cc496d6f456bb3afee841ba5,r_0b8a9687e25165becd721415,2025,RotoWire,PHI
s_da710233cb9b15d7deb2b322,"[[""rotowire"", ""17588""]]",matched,Daniel Palencia,p_153188ef122e1ff0e54e37b2,pitcher,s_b9c4007ff504093ea55d64df,r_0b8a9687e25165becd721415,2025,RotoWire,CHC
s_28a427c8754663cdcc61c8c8,"[[""rotowire"", ""16167""]]",matched,Andre Pallante,p_f59ee04f5b058c3f109d1631,pitcher,s_18e883e6ec429c9d3d20643b,r_0b8a9687e25165becd721415,2025,RotoWire,STL
,"[[""rotowire"", ""14758""]]",unmatched,Thomas Pannone,p_1b534a0f3684e7ea3112d6b0,pitcher,s_b105470d5b6601b8a993a369,r_0b8a9687e25165becd721415,2025,RotoWire,MIL
,"[[""rotowire"", ""16005""]]",unmatched,Enoli Paredes,p_77a12cd8c644665f8356ecd6,pitcher,s_ffc3075af80f9a5ec73a1ddc,r_0b8a9687e25165becd721415,2025,RotoWire,ATL
,"[[""rotowire"", ""15583""]]",unmatched,Wes Parsons,p_c6716b5d047aa3a75c1a7155,pitcher,s_3414fe63446bf28b7ebb3f32,r_0b8a9687e25165becd721415,2025,RotoWire,FA
,"[[""rotowire"", ""15323""]]",unmatched,Luis Patino,p_2f7fcb2642c3557160baa4b3,pitcher,s_ae9e735b055b3438b80cb88a,r_0b8a9687e25165becd721415,2025,RotoWire,SD
,"[[""rotowire"", ""13577""]]",unmatched,Spencer Patton,p_b3551b76f8ac83b7c3cc6cb9,pitcher,s_ab062d1ffcfe4c3fab26c506,r_0b8a9687e25165becd721415,2025,RotoWire,FA
,"[[""rotowire"", ""10966""]]",unmatched,James Paxton,p_b587c6668989d0e27a04034c,pitcher,s_664d4d8733982fb8e66e9f16,r_0b8a9687e25165becd721415,2025,RotoWire,FA
s_46a23bd077901dc611e9271c,"[[""rotowire"", ""15634""]]",matched,Joel Payamps,p_1f226d7dd4cee0150a1549a0,pitcher,s_37ba8749218df2f45e863a1e,r_0b8a9687e25165becd721415,2025,RotoWire,MIL
,"[[""rotowire"", ""17128""]]",unmatched,Matt Peacock,p_e0388a49fe6726e8797d28f0,pitcher,s_824b9d4dbfa38f85db282633,r_0b8a9687e25165becd721415,2025,RotoWire,TOR
s_99b7f9c209f858589094359a,"[[""rotowire"", ""14792""]]",matched,Nate Pearson,p_17536a68362f900664fa9f61,pitcher,s_22453d06f100e721efd30da8,r_0b8a9687e25165becd721415,2025,RotoWire,CHC
s_56465e40977e483028849dbb,"[[""rotowire"", ""17645""]]",matched,Elvis Peguero,p_867ee2262881488fe9e83603,pitcher,s_6dd77f5846e1b53905d58d41,r_0b8a9687e25165becd721415,2025,RotoWire,MIL
,"[[""rotowire"", ""19676""]]",unmatched,Walter Pennington,p_416840899737dc765ddab912,pitcher,s_0f123552153bad0ea8871d08,r_0b8a9687e25165becd721415,2025,RotoWire,TEX
,"[[""rotowire"", ""19472""]]",unmatched,Zach Penrod,p_3b5068ad568a15ca4303a98e,pitcher,s_7f760343366c41fa828da697,r_0b8a9687e25165becd721415,2025,RotoWire,BOS
s_b29f5c4e171f3adcef152339,"[[""rotowire"", ""16083""]]",matched,Ryan Pepiot,p_73a90042ce9db308c725c28a,pitcher,s_f50414f5a8b8e8202d7a83e5,r_0b8a9687e25165becd721415,2025,RotoWire,TB
s_157204b1f63c460f5daaab2d,"[[""rotowire"", ""14539""]]",matched,Wandy Peralta,p_7343ba7168344875dfbe9cf1,pitcher,s_6c90581a1ae094c569b8f7bc,r_0b8a9687e25165becd721415,2025,RotoWire,SD
s_9b58de4333dea370d61ed055,"[[""rotowire"", ""14194""]]",matched,Freddy Peralta,p_1d99fee357b2b193b50cce26,pitcher,s_fc64fd22361fc98c1d60a581,r_0b8a9687e25165becd721415,2025,RotoWire,MIL
,"[[""rotowire"", ""8997""]]",unmatched,Wily Peralta,p_701ba15df7ef41b5bac33352,pitcher,s_5cab2af73c8e9ee7c0bc5f76,r_0b8a9687e25165becd721415,2025,RotoWire,FA
s_23de6878d12af58547096e08,"[[""rotowire"", ""19762""]]",matched,Luis Peralta,p_eccb7f5e13db472d4ab158a6,pitcher,s_db025f76fb5908cbe217e409,r_0b8a9687e25165becd721415,2025,RotoWire,COL
s_6231707cca15b5598d98a1f5,"[[""rotowire"", ""18775""]]",matched,Sammy Peralta,p_b3710509193a23f9fb6df89c,pitcher,s_2147334925a1ca4b8e66d6ff,r_0b8a9687e25165becd721415,2025,RotoWire,FA
,"[[""rotowire"", ""14128""]]",unmatched,Luis Perdomo,p_5ea695356851386a99ff413d,pitcher,s_e447cebf6d6e8e913f9bc186,r_0b8a9687e25165becd721415,2025,RotoWire,FA
s_209350847fba756811e07890,"[[""rotowire"", ""14211""]]",matched,Angel Perdomo,p_97aae67787d9d128a0f68afd,pitcher,s_3c8f43387f4160bc9b022afe,r_0b8a9687e25165becd721415,2025,RotoWire,LAA
,"[[""rotowire"", ""14488""]]",unmatched,Hector Perez,p_59b92ee151db8c3f2c94c31d,pitcher,s_a05cabbb406513e10b68b6e3,r_0b8a9687e25165becd721415,2025,RotoWire,FA
s_deb2b5b2cdc5a9e9f8b808d0,"[[""rotowire"", ""14546""]]",matched,Cionel Perez,p_c5ed138e0e635ef0aec7663a,pitcher,s_889b3d83396d871cd7b8df61,r_0b8a9687e25165becd721415,2025,RotoWire,BAL
,"[[""rotowire"", ""7063""]]",unmatched,Oliver Perez,p_34bd5b86748c30779a2d23cf,pitcher,s_4228ca88ec9506c3ca1a58e7,r_0b8a9687e25165becd721415,2025,RotoWire,FA
s_291da636c201aeb953123fb4,"[[""rotowire"", ""10867""]]",matched,Martin Perez,p_7e394fbf190746b9460471b6,pitcher,s_b95ba853353cbaac2ee1bd42,r_0b8a9687e25165becd721415,2025,RotoWire,CWS
s_c62b9c49cdc1e34a4ab7a57d,"[[""rotowire"", ""17277""]]",matched,Eury Perez,p_145721815ffdf403b65c76d6,pitcher,s_d2e2f023dbf3d944f111ccc1,r_0b8a9687e25165becd721415,2025,RotoWire,MIA
,"[[""rotowire"", ""14671""]]",unmatched,Dillon Peters,p_556b79503cdac0a861c012f2,pitcher,s_1dfc6da497464d3ad8759089,r_0b8a9687e25165becd721415,2025,RotoWire,FA
s_437dced680e7aed72d6aefdd,"[[""rotowire"", ""18445""]]",matched,Michael Petersen,p_dc94d49f14972788f07e6738,pitcher,s_1ffefaa8feb14e60a150a002,r_0b8a9687e25165becd721415,2025,RotoWire,LAA
s_23f0667358cab5fe6ad00b82,"[[""rotowire"", ""14778""]]",matched,David Peterson,p_2fad58b9923436119be174e1,pitcher,s_551e3ab338149c89ed242eae,r_0b8a9687e25165becd721415,2025,RotoWire,NYM
s_9f10e36af315ca72a9072730,"[[""rotowire"", ""16903""]]",matched,Brandon Pfaadt,p_1577c13241c98d1b1b25a065,pitcher,s_4c036d10011a7adc146c69c7,r_0b8a9687e25165becd721415,2025,RotoWire,ARI
,"[[""rotowire"", ""11199""]]",unmatched,David Phelps,p_8126791256529d2bb7cb9fb2,pitcher,s_d89326148fef8f84a83a7107,r_0b8a9687e25165becd721415,2025,RotoWire,FA
,"[[""rotowire"", ""13711""]]",unmatched,Brett Phillips,p_49e7b8782be3e46e725dc8e5,pitcher,s_14e817e6f49c6f0d72f039c0,r_0b8a9687e25165becd721415,2025,RotoWire,FA
s_170545a9782e5bc6c058d310,"[[""rotowire"", ""16215""]]",matched,Connor Phillips,p_e07feaacf0b72192ae4d9189,pitcher,s_a97f43d446463817f3503323,r_0b8a9687e25165becd721415,2025,RotoWire,CIN
s_0a4aecfbd9b111bd8457b85e,"[[""rotowire"", ""15681""]]",matched,Tyler Phillips,p_44f4ae0a56e818f589465db9,pitcher,s_36d2d357de1dc4d52b4c5e4f,r_0b8a9687e25165becd721415,2025,RotoWire,MIA
s_6f6498dc5492380b517386e0,"[[""rotowire"", ""15548""]]",matched,Evan Phillips,p_c25dc1ad5c4247237938a311,pitcher,s_d41c4415d3398c25edb8a107,r_0b8a9687e25165becd721415,2025,RotoWire,LAD
s_a730e7bea61a267a09cd5fb8,"[[""rotowire"", ""15446""]]",matched,Konnor Pilkington,p_e97c60722d70876db2318cd9,pitcher,s_b0fbf375ed1801b377c85d16,r_0b8a9687e25165becd721415,2025,RotoWire,WSH
,"[[""rotowire"", ""10916""]]",unmatched,Michael Pineda,p_ee0574b2dbd911506b62a30f,pitcher,s_8bce27624cbf0c5a7c36f00d,r_0b8a9687e25165becd721415,2025,RotoWire,FA
,"[[""rotowire"", ""14233""]]",unmatched,Riley Pint,p_d8966bd613187953841b8531,pitcher,s_c7866c633cd397e429cc9ca0,r_0b8a9687e25165becd721415,2025,RotoWire,CLE
,"[[""rotowire"", ""13766""]]",unmatched,Ricardo Pinto,p_84b3dc8e5e6f0b9d01b0f4c4,pitcher,s_562e463847f43b1d13da21ad,r_0b8a9687e25165becd721415,2025,RotoWire,FA
s_221d2c823536344bb0dd4468,"[[""rotowire"", ""14014""]]",matched,Nick Pivetta,p_3e586e64329db1dd04a4e3b8,pitcher,s_1d1e14b2592af689ea34936c,r_0b8a9687e25165becd721415,2025,RotoWire,SD
,"[[""rotowire"", ""15536""]]",unmatched,Michael Plassmeyer,p_a094d4204cbe3cff9c1560ec,pitcher,s_e64b0dca695d6c2c8ef844a3,r_0b8a9687e25165becd721415,2025,RotoWire,TEX
,"[[""rotowire"", ""15384""]]",unmatched,Zach Plesac,p_3b001d380829e3ecd576b48d,pitcher,s_a85d8f9e2a40127acc85e5ad,r_0b8a9687e25165becd721415,2025,RotoWire,FA
s_f710cf62a091bbf5bcf5093b,"[[""rotowire"", ""15393""]]",matched,Colin Poche,p_4dfc866ca5c495c85c00e1e6,pitcher,s_22a119b9e7d4544246e3ea8c,r_0b8a9687e25165becd721415,2025,RotoWire,WSH
s_b5d610c57aa443a5b7871b7c,"[[""rotowire"", ""14918""]]",matched,Zach Pop,p_1eaa1d1baccc84d06d8ed931,pitcher,s_4b35ede3a3317c0ec3d62672,r_0b8a9687e25165becd721415,2025,RotoWire,TOR
,"[[""rotowire"", ""16260""]]",unmatched,Sean Poppen,p_b586d51c732070cd856cc5e5,pitcher,s_e80c982f463f52f2233e8c34,r_0b8a9687e25165becd721415,2025,RotoWire,FA
s_11fca12fa31c8b1f2831c5e8,"[[""rotowire"", ""13923""]]",matched,Cody Poteet,p_880a7122ece62032e449d29c,pitcher,s_0c59367a67ee11aba4a648c7,r_0b8a9687e25165becd721415,2025,RotoWire,CHC
s_dbd32a1fbf3984ff036317dc,"[[""rotowire"", ""12782""]]",matched,Ryan Pressly,p_cb86fe05321827f7f78d2eac,pitcher,s_b33d28c29e70ced3fabec954,r_0b8a9687e25165becd721415,2025,RotoWire,CHC
,"[[""rotowire"", ""8348""]]",unmatched,David Price,p_4b841ecd0d01120b1f810feb,pitcher,s_be81e65d77d2033c7ca90bce,r_0b8a9687e25165becd721415,2025,RotoWire,FA
s_065b7aba41c6d6702d2dc866,"[[""rotowire"", ""16058""]]",matched,Quinn Priester,p_537e5057a32900098a2e0d2c,pitcher,s_193d1ca2eb46eaf0524e8e04,r_0b8a9687e25165becd721415,2025,RotoWire,BOS
,"[[""rotowire"", ""14421""]]",unmatched,Austin Pruitt,p_f1cf0f16601e7d69a26fa260,pitcher,s_6567d2c19342b700e6705058,r_0b8a9687e25165becd721415,2025,RotoWire,ATH
s_24ff9792f58109c2956e9d54,"[[""rotowire"", ""13011""]]",matched,A.J. Puk,p_eda6f75e34f4854b11eeef97,pitcher,s_912cd77114e91d82db669547,r_0b8a9687e25165becd721415,2025,RotoWire,ARI
s_cfaccc8b7ab3cd24e7ff07b0,"[[""rotowire"", ""14251""]]",matched,Cal Quantrill,p_791b3683027c9d8d92b609d0,pitcher,s_db68800cd8a7d05698d8bb10,r_0b8a9687e25165becd721415,2025,RotoWire,MIA
,"[[""rotowire"", ""14148""]]",unmatched,Johan Quezada,p_2a7086adfc98211d7dc400fd,pitcher,s_845fa19c0add4e91cee8338f,r_0b8a9687e25165becd721415,2025,RotoWire,FA
s_feae756daa7b0e5a773f726b,"[[""rotowire"", ""15791""]]",matched,Jose Quijada,p_359c4b8937e5970b4d98d188,pitcher,s_c4249bc25ef364fa96a587d1,r_0b8a9687e25165becd721415,2025,RotoWire,LAA
s_b7cda60a5189bb41d4ddcdb4,"[[""rotowire"", ""12329""]]",matched,Jose Quintana,p_d4a9b50b3224024b900f4e0c,pitcher,s_0412b123fbe3927f79582d54,r_0b8a9687e25165becd721415,2025,RotoWire,MIL
s_fb89f428ca973bfe192e71d3,"[[""rotowire"", ""14297""]]",matched,Cole Ragans,p_9e7db66bfc565b709fe46853,pitcher,s_579f4cbaead706faedc828d8,r_0b8a9687e25165becd721415,2025,RotoWire,KC
s_feacce3321aadb880daebff5,"[[""rotowire"", ""13886""]]",matched,Tanner Rainey,p_80dabc460f667d0aafb8ff5c,pitcher,s_dbf68400c8cdfa5c51bd5219,r_0b8a9687e25165becd721415,2025,RotoWire,PIT
s_d26991026687ae0200c5ff3c,"[[""rotowire"", ""10987""]]",matched,Brooks Raley,p_fc18f428295d7ad8c21b667f,pitcher,s_5fdf06f09ccf1a8db4f1f8c9,r_0b8a9687e25165becd721415,2025,RotoWire,FA
s_58bdd6ad98dfdb74da917abd,"[[""rotowire"", ""12117""]]",matched,Erasmo Ramirez,p_1d65fb95d62bf324cbf07c1a,pitcher,s_9989fd79189bcb7ce54cae2f,r_0b8a9687e25165becd721415,2025,RotoWire,MIN
,"[[""rotowire"", ""12285""]]",unmatched,Nick Ramirez,p_837f519177f2a1626b0c66dc,pitcher,s_8d628beb8875d7783e7ef428,r_0b8a9687e25165becd721415,2025,RotoWire,FA
,"[[""rotowire"", ""12399""]]",unmatched,Noe Ramirez,p_a218df98e047e2a561b07a00,pitcher,s_55b42e3552204852065d0bd9,r_0b8a9687e25165becd721415,2025,RotoWire,FA
s_9c6f48e43af0ededbe8dc4ae,"[[""rotowire"", ""16516""]]",matched,Yohan Ramirez,p_20b5e71becf329de17a636b1,pitcher,s_79ac1956a64b0bfbd158f6db,r_0b8a9687e25165becd721415,2025,RotoWire,PIT
,"[[""rotowire"", ""19426""]]",unmatched,Emmanuel Ramirez,p_0dbf64f93e11be8bd5edf7f4,pitcher,s_81e04e929e7fa59135606235,r_0b8a9687e25165becd721415,2025,RotoWire,FA
,"[[""rotowire"", ""19108""]]",unmatched,Lane Ramsey,p_3dba5d1d422d42d66620b831,pitcher,s_19537f96e5d352dc771e4f42,r_0b8a9687e25165becd721415,2025,RotoWire,FA
s_623348f6a6447c9726894ee4,"[[""rotowire"", ""14877""]]",matched,Drew Rasmussen,p_2442495cf935c13e35ace791,pitcher,s_994db47d24e7bddf17909934,r_0b8a9687e25165becd721415,2025,RotoWire,TB
s_f33ee789ddf05b0ef8d5103c,"[[""rotowire"", ""11599""]]",matched,Robbie Ray,p_5622eaf6fed51b2f0badc28f,pitcher,s_935c498e337e6227b2e97a54,r_0b8a9687e25165becd721415,2025,RotoWire,SF
s_10dbe39f04a90931f2311124,"[[""rotowire"", ""13786""]]",matched,Colin Rea,p_5a5e5a4baec1ff0e99cb37c5,pitcher,s_c5bbc5852213b59d68498fb5,r_0b8a9687e25165becd721415,2025,RotoWire,CHC
,"[[""rotowire"", ""13515""]]",unmatched,Jake Reed,p_1022bb4db0b752803b173e6e,pitcher,s_87e95a586e5e4c7f9b5cf1da,r_0b8a9687e25165becd721415,2025,RotoWire,FA
,"[[""rotowire"", ""13376""]]",unmatched,Sean Reid-Foley,p_6246cc810be27913fc4eeb5f,pitcher,s_6facb7e04fb563f3cb81066f,r_0b8a9687e25165becd721415,2025,RotoWire,NYM
,"[[""rotowire"", ""15793""]]",unmatched,Gerardo Reyes,p_d760dcb24e830da1cb5d314c,pitcher,s_d21800e58048804ff85cccf3,r_0b8a9687e25165becd721415,2025,RotoWire,ATH
,"[[""rotowire"", ""15494""]]",unmatched,Denyi Reyes,p_f57f4e0da4e7ef7bafead5b2,pitcher,s_fbf33b6ed1c44989f657c461,r_0b8a9687e25165becd721415,2025,RotoWire,FA
s_d76dd0d72016664fc83ba4dd,"[[""rotowire"", ""19784""]]",matched,Orlando Ribalta,p_b9be4dd9135ef8202ccbf94b,pitcher,s_34230b6726a548e11a9c1c3f,r_0b8a9687e25165becd721415,2025,RotoWire,WSH
,"[[""rotowire"", ""11005""]]",unmatched,Garrett Richards,p_a5a4d87a50fb47107b08a154,pitcher,s_7bb8a06f3197b254269a4e1a,r_0b8a9687e25165becd721415,2025,RotoWire,FA
s_73effcf6d889fa7a51c6d8d4,"[[""rotowire"", ""15127""]]",matched,Trevor Richards,p_55e0b0cdfd06f59a14884d19,pitcher,s_365487fec0ece5c3725150cf,r_0b8a9687e25165becd721415,2025,RotoWire,CHC
s_21d2a1b5a13a918ef2c93552,"[[""rotowire"", ""15453""]]",matched,Lyon Richardson,p_adfce089754d8fcf93c9d6eb,pitcher,s_fd57ab6f1c661dcf4ba65375,r_0b8a9687e25165becd721415,2025,RotoWire,CIN
,"[[""rotowire"", ""14077""]]",unmatched,Yacksel Rios,p_52192aa00351b1a71ee2c4b3,pitcher,s_56655e87137fa01ac637e286,r_0b8a9687e25165becd721415,2025,RotoWire,NYM
s_e5784dec3ecfcd4bc71e4045,"[[""rotowire"", ""15543""]]",matched,Ethan Roberts,p_68ceebeeae0240ef1eeb496f,pitcher,s_b7fe3d73d7ebf414636cd0a2,r_0b8a9687e25165becd721415,2025,RotoWire,CHC
s_ecfde5a2a2fe17654246d64d,"[[""rotowire"", ""10046""]]",matched,David Robertson,p_cae67aa5fd092dca6407ccd8,pitcher,s_14c052a9645d1310631fb848,r_0b8a9687e25165becd721415,2025,RotoWire,FA
,"[[""rotowire"", ""18801""]]",unmatched,Nick Robertson,p_9a848c254321ebf384047c73,pitcher,s_057defdf140a92433b088910,r_0b8a9687e25165becd721415,2025,RotoWire,TOR
,"[[""rotowire"", ""12759""]]",unmatched,Hansel Robles,p_1bd5176e2b6169912e041a44,pitcher,s_dd87716d0ffe2ba0d0d45636,r_0b8a9687e25165becd721415,2025,RotoWire,FA
s_4383a3e46a63e7c6d86bcd57,"[[""rotowire"", ""15407""]]",matched,Kumar Rocker,p_98cc697758a3fc95df098ccd,pitcher,s_7441bb2c43becf490a807956,r_0b8a9687e25165becd721415,2025,RotoWire,TEX
s_da21ff99ef659706dc9f6c26,"[[""rotowire"", ""13347""]]",matched,Carlos Rodon,p_410328aef7c939f61d4b7528,pitcher,s_91fbc2ba8229d7602f4fc4e9,r_0b8a9687e25165becd721415,2025,RotoWire,NYY
,"[[""rotowire"", ""13219""]]",unmatched,Joely Rodriguez,p_91e293fc173a9d904a772bf9,pitcher,s_a3169c92853324dffdb8f49f,r_0b8a9687e25165becd721415,2025,RotoWire,FA
s_0782b96ba52056911d781c27,"[[""rotowire"", ""12783""]]",matched,Eduardo Rodriguez,p_9d5fc19a3ec0a2b92dad5383,pitcher,s_579a47da3a9379194a7767e6,r_0b8a9687e25165becd721415,2025,RotoWire,ARI
,"[[""rotowire"", ""15386""]]",unmatched,Dereck Rodriguez,p_0febf6042f19272fe5692ae1,pitcher,s_7ae65c244e92dee05c05b5da,r_0b8a9687e25165becd721415,2025,RotoWire,FA
s_a61678d9c1a8796c50fc432e,"[[""rotowire"", ""15198""]]",matched,Elvin Rodriguez,p_27bd8d698914d52a637c58ce,pitcher,s_890ffd10adfc792b0d4572f8,r_0b8a9687e25165becd721415,2025,RotoWire,MIL
,"[[""rotowire"", ""15420""]]",unmatched,Grayson Rodriguez,p_3d69f7e4ccbcfe929ed1f539,pitcher,s_0938c528ce5801da12afc87b,r_0b8a9687e25165becd721415,2025,RotoWire,BAL
,"[[""rotowire"", ""15881""]]",unmatched,Yerry Rodriguez,p_d93f69fe1b3dd24fce7dd1b4,pitcher,s_d7371f7e9ef1fead66dfb4b1,r_0b8a9687e25165becd721415,2025,RotoWire,PIT
s_349c042519f35d13d316dffa,"[[""rotowire"", ""16438""]]",matched,Tyler Rogers,p_37fb98747cdcda0fbfec7784,pitcher,s_6526468ced49840a3dc273dd,r_0b8a9687e25165becd721415,2025,RotoWire,SF
,"[[""rotowire"", ""15594""]]",unmatched,Josh Rogers,p_8bc0eb4fa1390c8832e01c74,pitcher,s_e5fd484c9e1c477e22677819,r_0b8a9687e25165becd721415,2025,RotoWire,COL
s_a3ab537c331c26e661e2e3e5,"[[""rotowire"", ""13742""]]",matched,Taylor Rogers,p_87897e21381c92d01d1670b6,pitcher,s_9b98134a20f7dc9b89a473b1,r_0b8a9687e25165becd721415,2025,RotoWire,CIN
s_252ed0ff0cb31a346ba5b329,"[[""rotowire"", ""14790""]]",matched,Trevor Rogers,p_22eee69f8ac0239b99b11b78,pitcher,s_466a695c06353110943c6b79,r_0b8a9687e25165becd721415,2025,RotoWire,BAL
,"[[""rotowire"", ""15533""]]",unmatched,Drew Rom,p_e219e5c6f7ec667410973dec,pitcher,s_563a7e1c96ba3344c01fa320,r_0b8a9687e25165becd721415,2025,RotoWire,STL
s_6a749fe0787ec58a82652b1f,"[[""rotowire"", ""15493""]]",matched,Jordan Romano,p_ab8444dc7f51611939832036,pitcher,s_205a1277c4b56904ef234c2d,r_0b8a9687e25165becd721415,2025,RotoWire,PHI
,"[[""rotowire"", ""15491""]]",unmatched,Tommy Romero,p_3c86d3ddfd1d92fd6db8b8cc,pitcher,s_d0f1f00af396e462b783d9de,r_0b8a9687e25165becd721415,2025,RotoWire,FA
,"[[""rotowire"", ""15667""]]",unmatched,Jhon Romero,p_dfcd4ad73cd3e436517c6269,pitcher,s_7edc1c2c08cf7fad69b99ff0,r_0b8a9687e25165becd721415,2025,RotoWire,FA
s_249dc5307f8c5059a60872fe,"[[""rotowire"", ""14373""]]",matched,JoJo Romero,p_90e71871268b32dfc6280b86,pitcher,s_e0ca8885af353a82f41d5c9e,r_0b8a9687e25165becd721415,2025,RotoWire,STL
,"[[""rotowire"", ""10110""]]",unmatched,Sergio Romo,p_98b67407207c479bbbade512,pitcher,s_d96a5bf6e3ae48419565a53a,r_0b8a9687e25165becd721415,2025,RotoWire,FA
,"[[""rotowire"", ""16476""]]",unmatched,Angel Rondon,p_4c79e290649a8c72b312a206,pitcher,s_7d9093ecfa42a55ada0c48af,r_0b8a9687e25165becd721415,2025,RotoWire,FA
,"[[""rotowire"", ""17715""]]",unmatched,Kenny Rosenberg,p_778f06227f7c55f5dd5bf042,pitcher,s_449ec1540c239726a12e30b6,r_0b8a9687e25165becd721415,2025,RotoWire,FA
s_8db55dd9b65f92a650ff5fca,"[[""rotowire"", ""12163""]]",matched,Joe Ross,p_ad8eeecb96286785de1abf84,pitcher,s_8e88f0858905459e15c55d20,r_0b8a9687e25165becd721415,2025,RotoWire,PHI
,"[[""rotowire"", ""18113""]]",unmatched,Bubby Rossman,p_1655c9c72cc25b7f5b01c7e8,pitcher,s_ad7b3e0ae84da2aad4fc4330,r_0b8a9687e25165becd721415,2025,RotoWire,NYM
s_951b4b52f5f21c81a7af4c6b,"[[""rotowire"", ""18192""]]",matched,Landen Roupp,p_611b50d11016f9e5bac93980,pitcher,s_130907414839b52ace848f8c,r_0b8a9687e25165becd721415,2025,RotoWire,SF
s_cc7d4b0b91347c97a2d322c4,"[[""rotowire"", ""19461""]]",matched,Chris Roycroft,p_1db467c6cfbfe96ad057338e,pitcher,s_6aa39c6bafe2fb4d9ba2a6ed,r_0b8a9687e25165becd721415,2025,RotoWire,STL
,"[[""rotowire"", ""13575""]]",unmatched,Drew Rucinski,p_5fc499dd31a44ff0f05b76b6,pitcher,s_f76a1c9ebfee17549a89efda,r_0b8a9687e25165becd721415,2025,RotoWire,FA
,"[[""rotowire"", ""16517""]]",unmatched,Michael Rucker,p_a8e02f57bd3e35b91149c0d6,pitcher,s_73306b2ccf234792a49ab9ef,r_0b8a9687e25165becd721415,2025,RotoWire,FA
,"[[""rotowire"", ""13789""]]",unmatched,Norge Ruiz,p_bde04784e9452014b113f99e,pitcher,s_2eefca95a5d1fee9ca364ae5,r_0b8a9687e25165becd721415,2025,RotoWire,FA
s_358cef67de69af2f52af7c9e,"[[""rotowire"", ""12271""]]",matched,Jose Ruiz,p_fa348e8a3e9e503fc5deebc7,pitcher,s_9ce529e42bdf0bbb8a3785d6,r_0b8a9687e25165becd721415,2025,RotoWire,PHI
s_2509e48493e230ddcaa70c70,"[[""rotowire"", ""16050""]]",matched,Jackson Rutledge,p_61da229a19dcb37d006d054f,pitcher,s_5ef6d0a9159ec27ab314029c,r_0b8a9687e25165becd721415,2025,RotoWire,WSH
s_a090599923a7db032a30fdeb,"[[""rotowire"", ""16036""]]",matched,Joe Ryan,p_6d19fe3af838d3bcaf19f868,pitcher,s_715102a97cc3e341d423ba7f,r_0b8a9687e25165becd721415,2025,RotoWire,MIN
,"[[""rotowire"", ""15165""]]",unmatched,Ryder Ryan,p_03110a2bbf4423cab2680858,pitcher,s_35dacb8e9d93f86ff92c555c,r_0b8a9687e25165becd721415,2025,RotoWire,PIT
,"[[""rotowire"", ""17815""]]",unmatched,River Ryan,p_28b88c75bbb3485832e0fbb1,pitcher,s_ca99385370eb210c2aaf919f,r_0b8a9687e25165becd721415,2025,RotoWire,LAD
,"[[""rotowire"", ""10895""]]",unmatched,Hyun Jin Ryu,p_2e3d7752ea138b0fa6f06b53,pitcher,s_ef5693a6a50f6da3296e4d45,r_0b8a9687e25165becd721415,2025,RotoWire,FA
s_4f5890ab75125e75428e3cb8,"[[""rotowire"", ""19161""]]",matched,Andrew Saalfrank,p_3a1cb7d74d6ff8302a97f30f,pitcher,s_5a42147701ae2c891d5592be,r_0b8a9687e25165becd721415,2025,RotoWire,ARI
,"[[""rotowire"", ""14107""]]",unmatched,Connor Sadzeck,p_baa75b62c2c6fc51e2c6fec5,pitcher,s_bae1c8a7ce771b855d337150,r_0b8a9687e25165becd721415,2025,RotoWire,FA
s_144fd34d24f0567f0719ebe3,"[[""rotowire"", ""11438""]]",matched,Chris Sale,p_08803fedfc7e3b44562070ba,pitcher,s_bb1397a34c19df226e9748cd,r_0b8a9687e25165becd721415,2025,RotoWire,ATL
,"[[""rotowire"", ""19758""]]",unmatched,Bryan Sammons,p_e5c586f73928fba37a5e2c9d,pitcher,s_73df2855ccce33b65cf3061e,r_0b8a9687e25165becd721415,2025,RotoWire,FA
,"[[""rotowire"", ""13571""]]",unmatched,Adrian Sampson,p_51c8b28169bc4f55aacc004a,pitcher,s_701398e439b2dd581e16f0e6,r_0b8a9687e25165becd721415,2025,RotoWire,FA
,"[[""rotowire"", ""14508""]]",unmatched,Sixto Sanchez,p_f025cecd90d81d0bfb88159b,pitcher,s_260e7e9a28f8773f96f815be,r_0b8a9687e25165becd721415,2025,RotoWire,FA
,"[[""rotowire"", ""11452""]]",unmatched,Aaron Sanchez,p_7ec17e6f73cf9fefa72cb016,pitcher,s_723e7ed026e71fa15070665e,r_0b8a9687e25165becd721415,2025,RotoWire,FA
,"[[""rotowire"", ""8483""]]",unmatched,Anibal Sanchez,p_f8c27f6c17aa7830630f0c0f,pitcher,s_4280393d76443fee2c2b781c,r_0b8a9687e25165becd721415,2025,RotoWire,FA
,"[[""rotowire"", ""17276""]]",unmatched,Miguel Sanchez,p_3eb5a82b4091c543662a0dfc,pitcher,s_fed435c602d9f36699d80ff7,r_0b8a9687e25165becd721415,2025,RotoWire,FA
s_4373a4c3378bcf0cddc27487,"[[""rotowire"", ""16500""]]",matched,Cristopher Sanchez,p_c1803acfc69807176b03fceb,pitcher,s_28bc71725ca62bcd193dbeb8,r_0b8a9687e25165becd721415,2025,RotoWire,PHI
,"[[""rotowire"", ""17798""]]",unmatched,Phoenix Sanders,p_0dd3c2287ce7d4d1633269b1,pitcher,s_c93e9a818d679665f4bfa9fd,r_0b8a9687e25165becd721415,2025,RotoWire,FA
s_0cb6d814ab966bac8e196d75,"[[""rotowire"", ""15506""]]",matched,Nick Sandlin,p_3d4fddbaa624427c64113cac,pitcher,s_5c1637377642d706dcb2ba2a,r_0b8a9687e25165becd721415,2025,RotoWire,TOR
,"[[""rotowire"", ""15342""]]",unmatched,Patrick Sandoval,p_36dec542a06db312dff05ed3,pitcher,s_9ddc97aba7a67211a198d154,r_0b8a9687e25165becd721415,2025,RotoWire,BOS
s_28fd38be19f5a6b87fda5237,"[[""rotowire"", ""13859""]]",matched,Cole Sands,p_4ce2bc74d9bdc379de52f9fb,pitcher,s_49d287eef5b6f749ab80133f,r_0b8a9687e25165becd721415,2025,RotoWire,MIN
s_00393f9d0e795cee99cffc30,"[[""rotowire"", ""15244""]]",matched,Reiver Sanmartin,p_1bd74263d59f9dcb39af1120,pitcher,s_ecd41903fc74c0a3ecd285cc,r_0b8a9687e25165becd721415,2025,RotoWire,CIN
s_ca2f18be8d72bbaacfb42876,"[[""rotowire"", ""14486""]]",matched,Dennis Santana,p_49ed2c7ffa16b9279ff3f555,pitcher,s_8a9b63b2418b515e02966efa,r_0b8a9687e25165becd721415,2025,RotoWire,PIT
s_0a2ce7b0bfdaef928cc515da,"[[""rotowire"", ""13870""]]",matched,Tony Santillan,p_ce659b38e92388329f2ca16b,pitcher,s_b361be04984a83d64a032cad,r_0b8a9687e25165becd721415,2025,RotoWire,CIN
s_e6e81dbd85d02570811270a2,"[[""rotowire"", ""15228""]]",matched,Gregory Santos,p_b94cd2fa50a25f87a513580d,pitcher,s_834eedc782ee038a817d3d6c,r_0b8a9687e25165becd721415,2025,RotoWire,SEA
s_642d003f7e40bb3e7c0dad55,"[[""rotowire"", ""18363""]]",matched,Roki Sasaki,p_6b8cba5bfea707d3dd734524,pitcher,s_c54c7fad5efb2aefcf4976e8,r_0b8a9687e25165becd721415,2025,RotoWire,LAD
s_bcc290a031c3bab4f1b658c1,"[[""rotowire"", ""17286""]]",matched,Tayler Saucedo,p_a6fa59945d5551b89676371f,pitcher,s_4c1997b0dfe84d86c517117e,r_0b8a9687e25165becd721415,2025,RotoWire,SEA
,"[[""rotowire"", ""11421""]]",unmatched,Hirokazu Sawamura,p_0a16468a86cbfd9f7f45635e,pitcher,s_43c8a97393bafaa15be58833,r_0b8a9687e25165becd721415,2025,RotoWire,FA
,"[[""rotowire"", ""13888""]]",unmatched,Josh Sborz,p_ad828892bd80008f4a0bb878,pitcher,s_e087c8f265e487164ee5085a,r_0b8a9687e25165becd721415,2025,RotoWire,TEX
s_b17e82d928b8f5e102f49fc1,"[[""rotowire"", ""9278""]]",matched,Max Scherzer,p_0f524fd2285c4e78f5fe8913,pitcher,s_9cf7c456ba8721383fb37fe0,r_0b8a9687e25165becd721415,2025,RotoWire,TOR
s_32221a396d014103297113e1,"[[""rotowire"", ""14798""]]",matched,Clarke Schmidt,p_f8aa57bef4644632c1796d15,pitcher,s_09b0d8d161448874e9d8e826,r_0b8a9687e25165becd721415,2025,RotoWire,NYY
s_f22391f5706816e0a50b2913,"[[""rotowire"", ""18384""]]",matched,Jesse Scholtens,p_5fdf2f3ccb63b4515b2eb625,pitcher,s_7cb7da39ece94a436b3fa061,r_0b8a9687e25165becd721415,2025,RotoWire,CWS
s_ac72d6fb879289480bc8ca98,"[[""rotowire"", ""16428""]]",matched,John Schreiber,p_99369324bab1d4ff69bc1d02,pitcher,s_ebe7080cf02f05558f239c11,r_0b8a9687e25165becd721415,2025,RotoWire,KC
,"[[""rotowire"", ""17966""]]",unmatched,Noah Schultz,p_5ab8edce0d7c479009e600fb,pitcher,s_7d64e77ad99e276ee04a8e3f,r_0b8a9687e25165becd721415,2025,RotoWire,CWS
s_2a86b9d9ff569d61d9433e89,"[[""rotowire"", ""17342""]]",matched,Spencer Schwellenbach,p_dae2cbdd6aaffa6c61bee2de,pitcher,s_ac7bd2ba65d66272bcf3b3f1,r_0b8a9687e25165becd721415,2025,RotoWire,ATL
,"[[""rotowire"", ""17511""]]",unmatched,Christian Scott,p_22dafc9081fa932d292f968b,pitcher,s_c3d6b14cc039dc057e11cd69,r_0b8a9687e25165becd721415,2025,RotoWire,NYM
s_a7f320d7e814d0e4e0f9f04f,"[[""rotowire"", ""15154""]]",matched,Tayler Scott,p_14f528eb56e4572f1129bda9,pitcher,s_3c0875a175a3c9c544575c1c,r_0b8a9687e25165becd721415,2025,RotoWire,HOU
s_5d51cde7c1d28c2412d688a9,"[[""rotowire"", ""14171""]]",matched,Tanner Scott,p_9f550caec192fd42d10ff1b3,pitcher,s_56fe9d2ae5656ddc8accc6bc,r_0b8a9687e25165becd721415,2025,RotoWire,LAD
s_1cf64806edc40e5865d1e61c,"[[""rotowire"", ""14954""]]",matched,Connor Seabold,p_1b7aadf4254d0c04b28301e5,pitcher,s_43098b7a7bdced36fd43f7bd,r_0b8a9687e25165becd721415,2025,RotoWire,TB
s_206044be704237702f33983a,"[[""rotowire"", ""15242""]]",matched,JP Sears,p_b9bda4330db43c739314fce4,pitcher,s_b3550f4ba2da2f9477008532,r_0b8a9687e25165becd721415,2025,RotoWire,ATH
,"[[""rotowire"", ""14259""]]",unmatched,Cody Sedlock,p_76fe6bb6241b787408554702,pitcher,s_39b26323d975251be845868e,r_0b8a9687e25165becd721415,2025,RotoWire,FA
s_b241715676275d89a4bf8502,"[[""rotowire"", ""18254""]]",matched,Colin Selby,p_8e3c5b6d41ea95d4beeb3c30,pitcher,s_435704631bc6ff87f65c8cda,r_0b8a9687e25165becd721415,2025,RotoWire,BAL
,"[[""rotowire"", ""12519""]]",unmatched,Sam Selman,p_5afc0af14b0c89cac5f1926e,pitcher,s_0a4095834a4099861216cd7a,r_0b8a9687e25165becd721415,2025,RotoWire,FA
s_28fd5b63a2963e9b28c727f0,"[[""rotowire"", ""14711""]]",matched,Kodai Senga,p_6b4f95ec9ffb4fe368a2576d,pitcher,s_90f3f0aedd767974d861b2f6,r_0b8a9687e25165becd721415,2025,RotoWire,NYM
s_29e71c4794f799184dd8f5d4,"[[""rotowire"", ""13629""]]",matched,Antonio Senzatela,p_c8060e0ca736e951c5c4b226,pitcher,s_e5329c1fbf065f9ebf7d59ea,r_0b8a9687e25165becd721415,2025,RotoWire,COL
s_801e7c551b151f7739c8e4c1,"[[""rotowire"", ""13248""]]",matched,Luis Severino,p_9c980b6b55a25e9cec08f624,pitcher,s_ccfb08be6f2f1c97d4c9fc6b,r_0b8a9687e25165becd721415,2025,RotoWire,ATH
,"[[""rotowire"", ""15980""]]",unmatched,Anderson Severino,p_dd0d2e3411fe3a3a22916273,pitcher,s_084efee2e57a86600d29741b,r_0b8a9687e25165becd721415,2025,RotoWire,FA
s_836557373887a9fc0e55bb7b,"[[""rotowire"", ""14190""]]",matched,Paul Sewald,p_53fdc6d306dc44415d488e16,pitcher,s_6353341599df804f17c2fa80,r_0b8a9687e25165becd721415,2025,RotoWire,CLE
,"[[""rotowire"", ""10553""]]",unmatched,Bryan Shaw,p_4b44b90f8b16f0886fdb1b68,pitcher,s_ddad134897dd6d7733fc694d,r_0b8a9687e25165becd721415,2025,RotoWire,CIN
s_6ed93761388584b3e20f052d,"[[""rotowire"", ""18161""]]",matched,Emmet Sheehan,p_a8a4ea29b153fef404ad3bfc,pitcher,s_8a51ab5d3d74f09f84f631f6,r_0b8a9687e25165becd721415,2025,RotoWire,LAD
,"[[""rotowire"", ""13399""]]",unmatched,Justus Sheffield,p_36bcf55da2b9cc93fc0cb030,pitcher,s_b685d27c1aba7ee8b0cc9909,r_0b8a9687e25165becd721415,2025,RotoWire,FA
,"[[""rotowire"", ""14248""]]",unmatched,Jordan Sheffield,p_1563788ee89a735cf44df991,pitcher,s_215b2a915b3d7cfe508ba375,r_0b8a9687e25165becd721415,2025,RotoWire,FA
,"[[""rotowire"", ""15176""]]",unmatched,Ryan Sherriff,p_6150165e7f05f195d743a4a1,pitcher,s_172d609703fcc29bbeac89f2,r_0b8a9687e25165becd721415,2025,RotoWire,LAD
,"[[""rotowire"", ""13585""]]",unmatched,Chasen Shreve,p_fcfc53d5722908b7e8dbd95e,pitcher,s_e0cef2ff9e69e75f66b5d52f,r_0b8a9687e25165becd721415,2025,RotoWire,ATL
s_28bfbb5c65ace8bf5d5b4cd5,"[[""rotowire"", ""18414""]]",matched,Chase Shugart,p_aa3f542bce2dddb882aa93ae,pitcher,s_c1615b2c4a8f03575e2469c6,r_0b8a9687e25165becd721415,2025,RotoWire,PIT
s_e68509d51456c418904ed32c,"[[""rotowire"", ""16728""]]",matched,Jared Shuster,p_3f88e6009659057719b46325,pitcher,s_4719da202834a43dc9db52c7,r_0b8a9687e25165becd721415,2025,RotoWire,CWS
s_005f64ee4c8d7ec9d1cdf6cc,"[[""rotowire"", ""17438""]]",matched,Chase Silseth,p_fff5f1ebef83eebba71e9bbc,pitcher,s_56f0935bba5ae3b683cc004e,r_0b8a9687e25165becd721415,2025,RotoWire,LAA
s_a4b98f98d09f50d4fe5e134b,"[[""rotowire"", ""12469""]]",matched,Lucas Sims,p_6ae7476d65dc554f359685a1,pitcher,s_535e7c065cd55accd3f8a335,r_0b8a9687e25165becd721415,2025,RotoWire,WSH
s_781206c5ecfff0d1ee5166f3,"[[""rotowire"", ""13874""]]",matched,Brady Singer,p_c5178381d162a4b5d9527eb0,pitcher,s_105ed20657dbfd6cb452bcba,r_0b8a9687e25165becd721415,2025,RotoWire,CIN
s_8a5256ad4dce073fd35bb147,"[[""rotowire"", ""16006""]]",matched,Tarik Skubal,p_b7580c74682c1a1cc5d24abd,pitcher,s_cb27e5d71fac3e7de2d40e05,r_0b8a9687e25165becd721415,2025,RotoWire,DET
,"[[""rotowire"", ""16092""]]",unmatched,Ethan Small,p_8a4886dc508c7cc4290ad088,pitcher,s_eeb1ef49f55fc58ff2170e03,r_0b8a9687e25165becd721415,2025,RotoWire,SF
,"[[""rotowire"", ""15666""]]",unmatched,Devin Smeltzer,p_fc108c303366bc31b5930f54,pitcher,s_0cb7feb7facbd939d846b878,r_0b8a9687e25165becd721415,2025,RotoWire,FA
,"[[""rotowire"", ""17086""]]",unmatched,Chad Smith,p_e55a9bc24110868b339813e3,pitcher,s_88c4bc0e03eeda73851b69ba,r_0b8a9687e25165becd721415,2025,RotoWire,FA
,"[[""rotowire"", ""13906""]]",unmatched,Drew Smith,p_2bbc19bc0024857a6cf88912,pitcher,s_59608a372b8405faca4044c8,r_0b8a9687e25165becd721415,2025,RotoWire,NYM
,"[[""rotowire"", ""14630""]]",unmatched,Caleb Smith,p_493697088af6e167825dab8b,pitcher,s_c49715b609d498dc679408ba,r_0b8a9687e25165becd721415,2025,RotoWire,FA
,"[[""rotowire"", ""9319""]]",unmatched,Joe Smith,p_6e956bddac5edb03f2543bad,pitcher,s_b32ef6eed6589cda91514690,r_0b8a9687e25165becd721415,2025,RotoWire,FA
,"[[""rotowire"", ""11549""]]",unmatched,Burch Smith,p_a41a3c5bc64b1e0489feb28f,pitcher,s_29711b75141cc19e422c464c,r_0b8a9687e25165becd721415,2025,RotoWire,PIT
s_7e351043d58b23f3f732ec35,"[[""rotowire"", ""19168""]]",matched,Shane Smith,p_1cb2a2b9966604f2d0295576,pitcher,s_436a64c904990c995f85e8f4,r_0b8a9687e25165becd721415,2025,RotoWire,CWS
s_506f6628d37db65e142485d1,"[[""rotowire"", ""17490""]]",matched,AJ Smith-Shawver,p_ccf29ec3fb51dbf128d874e4,pitcher,s_d797c3e99a3ed77a9ad77c9a,r_0b8a9687e25165becd721415,2025,RotoWire,ATL
,"[[""rotowire"", ""11506""]]",unmatched,Drew Smyly,p_5e8925f005913ee0f1618cf9,pitcher,s_af3a06bdfffd2b8bb59cbe9c,r_0b8a9687e25165becd721415,2025,RotoWire,FA
,"[[""rotowire"", ""17587""]]",unmatched,Kirby Snead,p_30b2dcb5417d038699b37b23,pitcher,s_6796da93cc65a14b8ed826eb,r_0b8a9687e25165becd721415,2025,RotoWire,SEA
s_08cb4c649da1ce1295433a1a,"[[""rotowire"", ""12189""]]",matched,Blake Snell,p_517403ae3a1b79a433390aec,pitcher,s_0c7393921b309e16500ad1fa,r_0b8a9687e25165becd721415,2025,RotoWire,LAD
s_2c085ef79c2bbcff0b88c0c0,"[[""rotowire"", ""17265""]]",matched,Collin Snider,p_4a0039a3c02b3a1181636c3b,pitcher,s_8a88544d9fd9c8b3ef64e6b3,r_0b8a9687e25165becd721415,2025,RotoWire,SEA
,"[[""rotowire"", ""17126""]]",unmatched,Jared Solomon,p_4799477aaf8240e0f749c93f,pitcher,s_4532bd8eb30ac63180f8b537,r_0b8a9687e25165becd721415,2025,RotoWire,MIN
,"[[""rotowire"", ""14916""]]",unmatched,Peter Solomon,p_5029b46a634055a6e08fc947,pitcher,s_23fec7a07350f6e8ec593e7d,r_0b8a9687e25165becd721415,2025,RotoWire,FA
s_f9b3d96cc152292d11217847,"[[""rotowire"", ""17845""]]",matched,George Soriano,p_9cf33bb8d6b6c72759e3b41d,pitcher,s_6a673087a03c512059b90e15,r_0b8a9687e25165becd721415,2025,RotoWire,MIA
s_2655f65179d76a360e01519a,"[[""rotowire"", ""15125""]]",matched,Jose Soriano,p_54dfc42aa6e80f0846f08fcf,pitcher,s_100722f139b822b5b3c2c65d,r_0b8a9687e25165becd721415,2025,RotoWire,LAA
s_5d8bcd589b415e50b60f9a53,"[[""rotowire"", ""13863""]]",matched,Michael Soroka,p_05aa5556dc44afe342917893,pitcher,s_c5c3d1044f1e194a74aca8f8,r_0b8a9687e25165becd721415,2025,RotoWire,WSH
s_281f8bfaaec1a9a533c6e17c,"[[""rotowire"", ""15100""]]",matched,Gregory Soto,p_e78d76af2b3a156869586232,pitcher,s_888f90ecbe8d1073a5ad7332,r_0b8a9687e25165becd721415,2025,RotoWire,BAL
s_a54658ac68b95286a06ef9d8,"[[""rotowire"", ""17060""]]",matched,Bennett Sousa,p_6ab2031cdd4bbac15cafe542,pitcher,s_9fda42b7542fc5ca7fc17303,r_0b8a9687e25165becd721415,2025,RotoWire,HOU
,"[[""rotowire"", ""14262""]]",unmatched,Alex Speas,p_21967ecbb94002e9c65a0e45,pitcher,s_422dd343d65bada9d1d409e6,r_0b8a9687e25165becd721415,2025,RotoWire,MIN
s_1c25771c2adb42c15f05b3c9,"[[""rotowire"", ""14103""]]",matched,Gabe Speier,p_9b79266fde272f3b8d161342,pitcher,s_bf738b2e970ad75ccd5d4efb,r_0b8a9687e25165becd721415,2025,RotoWire,SEA
s_28e3d9f69326cfba2a07008e,"[[""rotowire"", ""16987""]]",matched,Carson Spiers,p_19d2c7ec4ec2d984744eb5b3,pitcher,s_54609b1f17adfb7de0fec66d,r_0b8a9687e25165becd721415,2025,RotoWire,CIN
s_74c02fcb18e7a05e2718fe85,"[[""rotowire"", ""15663""]]",matched,Jeffrey Springs,p_ce22d4726510344d78fb2e38,pitcher,s_45e88be5add8d5dbf3f8ce88,r_0b8a9687e25165becd721415,2025,RotoWire,ATH
s_e44ba4d90cac0e7e129e24a0,"[[""rotowire"", ""18023""]]",matched,Brandon Sproat,p_54517e847736a45c8b1dabfd,pitcher,s_e78453d02e40c51b68d93389,r_0b8a9687e25165becd721415,2025,RotoWire,NYM
,"[[""rotowire"", ""16309""]]",unmatched,Locke St. John,p_dca7a04725f83e49e1f055e1,pitcher,s_0a71fa059ffe1b2a728b3ca8,r_0b8a9687e25165becd721415,2025,RotoWire,FA
,"[[""rotowire"", ""10547""]]",unmatched,Craig Stammen,p_161a961ef6ef17f7416d6445,pitcher,s_eedeba59a2c99cfa19aaad1a,r_0b8a9687e25165becd721415,2025,RotoWire,FA
s_b2cf9dbd0b399d20de18914b,"[[""rotowire"", ""11485""]]",matched,Ryne Stanek,p_3c08e81780e0bae6ae834dda,pitcher,s_ece03c80c533ef64dfff902d,r_0b8a9687e25165becd721415,2025,RotoWire,NYM
,"[[""rotowire"", ""16394""]]",unmatched,Cody Stashak,p_4f5a98d8b959726cc85d2d21,pitcher,s_65e35a65f2ef087a1512de95,r_0b8a9687e25165becd721415,2025,RotoWire,PHI
,"[[""rotowire"", ""13881""]]",unmatched,Josh Staumont,p_98c351155d969c7507931b8e,pitcher,s_e72c536b871de43c16bcf5f0,r_0b8a9687e25165becd721415,2025,RotoWire,CIN
,"[[""rotowire"", ""14599""]]",unmatched,Drew Steckenrider,p_15222b9cc273f474ee933d95,pitcher,s_328679c339078474dda942cd,r_0b8a9687e25165becd721415,2025,RotoWire,FA
s_a6bf9650544a86738d1279de,"[[""rotowire"", ""13992""]]",matched,Justin Steele,p_021a6060a1c63e57e8422db3,pitcher,s_77238097193d86a50b436a21,r_0b8a9687e25165becd721415,2025,RotoWire,CHC
,"[[""rotowire"", ""15002""]]",unmatched,Trevor Stephan,p_a1df97f0cbde6c0664272e91,pitcher,s_a67bd44f1161f6f4fe0d76e1,r_0b8a9687e25165becd721415,2025,RotoWire,CLE
,"[[""rotowire"", ""14225""]]",unmatched,Jackson Stephens,p_8b9fc4853bbe568397d06018,pitcher,s_1290567ff0343c7cc1eccc01,r_0b8a9687e25165becd721415,2025,RotoWire,ATL
s_66857e2278e5f9672cb37135,"[[""rotowire"", ""12147""]]",matched,Robert Stephenson,p_3a7abee15307a192a502f9bc,pitcher,s_a9087f4c4791964265b0365a,r_0b8a9687e25165becd721415,2025,RotoWire,LAA
s_8bfdd8462894c02de3603910,"[[""rotowire"", ""17083""]]",matched,Justin Sterner,p_8183d10c86c33b8c9d22b5ae,pitcher,s_c2a6380152bcbf86c355da68,r_0b8a9687e25165becd721415,2025,RotoWire,ATH
s_065fc6c4a9afc2cae2684ebd,"[[""rotowire"", ""14418""]]",matched,Brock Stewart,p_c81a0386598bf2f14a51264d,pitcher,s_a176edd4d8278173498e9924,r_0b8a9687e25165becd721415,2025,RotoWire,MIN
,"[[""rotowire"", ""16910""]]",unmatched,Gavin Stone,p_1a9664c7606f6cec4ea22078,pitcher,s_8b314b251ac972aa42bda7c6,r_0b8a9687e25165becd721415,2025,RotoWire,LAD
,"[[""rotowire"", ""16162""]]",unmatched,Levi Stoudt,p_f52db733e35eef2976afdc0d,pitcher,s_add50cdaff63edfb4d9ada61,r_0b8a9687e25165becd721415,2025,RotoWire,BAL
,"[[""rotowire"", ""15249""]]",unmatched,Eric Stout,p_ff2d536cda0e003adcf8713f,pitcher,s_e23ed2e5ce15f05f955e5657,r_0b8a9687e25165becd721415,2025,RotoWire,FA
s_d6152d90f164fbcd673c133c,"[[""rotowire"", ""14113""]]",matched,Matt Strahm,p_e5489bb69c8bf14362185b49,pitcher,s_86cfd190420841839ebafc64,r_0b8a9687e25165becd721415,2025,RotoWire,PHI
,"[[""rotowire"", ""10855""]]",unmatched,Stephen Strasburg,p_ce14b9f2767a60ff4db23fbd,pitcher,s_35ad31e06801b9751dce8f30,r_0b8a9687e25165becd721415,2025,RotoWire,FA
s_ae0d676061b5cba24a8205ed,"[[""rotowire"", ""12466""]]",matched,Chris Stratton,p_ea314bca6aece5d192c6a5b0,pitcher,s_b226de9652ab1d12e9b31d44,r_0b8a9687e25165becd721415,2025,RotoWire,KC
s_0bc27ddf69e3cfc22a468a25,"[[""rotowire"", ""19162""]]",matched,Hunter Stratton,p_de239dab073ee70e594e1202,pitcher,s_57f1beccb1614551549937a0,r_0b8a9687e25165becd721415,2025,RotoWire,PIT
s_f16bac5665afed134974c31b,"[[""rotowire"", ""11911""]]",matched,Hunter Strickland,p_64d490748b87ded9dfc75248,pitcher,s_9ecbe2485f56f1bacd86b818,r_0b8a9687e25165becd721415,2025,RotoWire,TEX
s_151f46bd65cf909defb774ee,"[[""rotowire"", ""14865""]]",matched,Spencer Strider,p_9316c4dc392000b5e1ac832e,pitcher,s_b83d75689891565687b5faf8,r_0b8a9687e25165becd721415,2025,RotoWire,ATL
,"[[""rotowire"", ""12935""]]",unmatched,Ross Stripling,p_8dc600cd6dc3e922b73340c1,pitcher,s_63fdab9fab82820f3536130f,r_0b8a9687e25165becd721415,2025,RotoWire,FA
s_24d97eeab98f9c576b313e12,"[[""rotowire"", ""12456""]]",matched,Marcus Stroman,p_45b474063e26679f1fc83858,pitcher,s_887c4fbc3d6d064859edb786,r_0b8a9687e25165becd721415,2025,RotoWire,NYY
,"[[""rotowire"", ""17910""]]",unmatched,Peter Strzelecki,p_f4a21c23681d7a8de5411075,pitcher,s_5e3e6ff8a1018fb3cdd01bb0,r_0b8a9687e25165becd721415,2025,RotoWire,PIT
s_90032bd1753c96384fe3e70c,"[[""rotowire"", ""17146""]]",matched,Robert Suarez,p_070918a027c45f11ba1c7216,pitcher,s_652f53f05592046a3dd377ca,r_0b8a9687e25165becd721415,2025,RotoWire,SD
,"[[""rotowire"", ""13435""]]",unmatched,Andrew Suarez,p_e678f83a29a1c8d35c7ed920,pitcher,s_b306166545f7568958982086,r_0b8a9687e25165becd721415,2025,RotoWire,FA
s_b82aa617da31eb9b3ec2f3a6,"[[""rotowire"", ""12078""]]",matched,Albert Suarez,p_c6edb861266cca1d8b7777f3,pitcher,s_6d800329de2bafa05d08a462,r_0b8a9687e25165becd721415,2025,RotoWire,BAL
s_820bf4598aba0ba4afba0e8f,"[[""rotowire"", ""14750""]]",matched,Ranger Suarez,p_ffe00fc2f01b7827200e26a4,pitcher,s_fb86158334d9f7426cdfe8a6,r_0b8a9687e25165becd721415,2025,RotoWire,PHI
s_d882de875b7c1c3c80461ae4,"[[""rotowire"", ""15240""]]",matched,Wander Suero,p_d97c2be92435bc60ddb1a9e3,pitcher,s_889ef6ec004b223edd2ad2fd,r_0b8a9687e25165becd721415,2025,RotoWire,ATL
s_56b3a3fb4c85bf59945a650d,"[[""rotowire"", ""14712""]]",matched,Tomoyuki Sugano,p_e10fdff8ef686e5845a7cfee,pitcher,s_f1b3f61240e7ded1134c018c,r_0b8a9687e25165becd721415,2025,RotoWire,BAL
s_06b752582a3f8ee1907b21f4,"[[""rotowire"", ""15806""]]",matched,Cole Sulser,p_a1dd30c06e29129ba5461f1e,pitcher,s_f91bb4ac1d81e7dff08289a4,r_0b8a9687e25165becd721415,2025,RotoWire,TB
,"[[""rotowire"", ""17880""]]",unmatched,Beau Sulser,p_ad30547f1433228b806a6c01,pitcher,s_d13dffface10552866082536,r_0b8a9687e25165becd721415,2025,RotoWire,FA
s_d8ac2d0df9a6dd9e3653df5e,"[[""rotowire"", ""13302""]]",matched,Brent Suter,p_a52253efb8f29cc26461b906,pitcher,s_85fd0599b781d7e3905dcaa0,r_0b8a9687e25165becd721415,2025,RotoWire,CIN
s_b39ab71c20c04f6973b0553b,"[[""rotowire"", ""14708""]]",matched,Erik Swanson,p_7b68f5f154ad8bbbaa3c2564,pitcher,s_1651f3b6402dbae2da8e50a6,r_0b8a9687e25165becd721415,2025,RotoWire,TOR
,"[[""rotowire"", ""17909""]]",unmatched,Matt Swarmer,p_f09a393c8b9df920343d8c52,pitcher,s_fdbe9f73061f770bc2b26c16,r_0b8a9687e25165becd721415,2025,RotoWire,FA
,"[[""rotowire"", ""16409""]]",unmatched,Devin Sweet,p_60e418281b4e3301f60b41f2,pitcher,s_3fed8f300d36ed6bd9e8a74c,r_0b8a9687e25165becd721415,2025,RotoWire,PHI
,"[[""rotowire"", ""11632""]]",unmatched,Noah Syndergaard,p_cb32dd059bba6dc928f1048b,pitcher,s_17cf31c5f6a1bf170f9048be,r_0b8a9687e25165becd721415,2025,RotoWire,FA
,"[[""rotowire"", ""14473""]]",unmatched,Thomas Szapucki,p_42c55ac743076b8e214cb49a,pitcher,s_4a8fdf7e32b16ca8ed35e423,r_0b8a9687e25165becd721415,2025,RotoWire,DET
s_3e33d3f26a6e887601151b02,"[[""rotowire"", ""11435""]]",matched,Jameson Taillon,p_ab34ac7065869093f97fd7ed,pitcher,s_c669b12b8305caf9709c5ca5,r_0b8a9687e25165becd721415,2025,RotoWire,CHC
,"[[""rotowire"", ""19184""]]",unmatched,Kona Takahashi,p_b008acff9363bcf63fbc5370,pitcher,s_132c692d2ee9dfc738f96466,r_0b8a9687e25165becd721415,2025,RotoWire,FA
,"[[""rotowire"", ""12693""]]",unmatched,Domingo Tapia,p_c364a404aeba8960b687cff5,pitcher,s_a4aa6285906770239e0313d6,r_0b8a9687e25165becd721415,2025,RotoWire,FA
s_222b0aa9972aad493461112a,"[[""rotowire"", ""14998""]]",matched,Freddy Tarnok,p_137f09ddbe2e7a9b7aa50ffb,pitcher,s_c4699ae77165d3adc95e2d77,r_0b8a9687e25165becd721415,2025,RotoWire,MIA
s_81e14735796f9386832b7443,"[[""rotowire"", ""13809""]]",matched,Dillon Tate,p_1bae71852df5bd62f85fc3e8,pitcher,s_2a63508e41af44ba16f49d16,r_0b8a9687e25165becd721415,2025,RotoWire,TOR
,"[[""rotowire"", ""12996""]]",unmatched,Blake Taylor,p_2e322efcee242b200873b919,pitcher,s_01d35c6071ac391d85771efb,r_0b8a9687e25165becd721415,2025,RotoWire,FA
,"[[""rotowire"", ""15787""]]",unmatched,Josh Taylor,p_48f62473b374b7f11b8d6a1a,pitcher,s_b57fd63b1ab3e7932a947290,r_0b8a9687e25165becd721415,2025,RotoWire,FA
s_5e4cb88ad6c3009305b55985,"[[""rotowire"", ""19275""]]",matched,Troy Taylor,p_318949b8bccbfa80a4474acc,pitcher,s_492eb465df6d48c3d3eca6ce,r_0b8a9687e25165becd721415,2025,RotoWire,SEA
,"[[""rotowire"", ""10042""]]",unmatched,Julio Teheran,p_8880971f606de9b78dd3888b,pitcher,s_cab4d11fa6e44f52ad1311d5,r_0b8a9687e25165becd721415,2025,RotoWire,FA
,"[[""rotowire"", ""12403""]]",unmatched,Ryan Tepera,p_9092da0dc271195fadf4eb57,pitcher,s_5c77c55d18c1648d73bc5ff3,r_0b8a9687e25165becd721415,2025,RotoWire,FA
,"[[""rotowire"", ""15147""]]",unmatched,Jackson Tetreault,p_efe7c917ac2bac0bb9c2563e,pitcher,s_a34c80dbc7fe7961c0c9de57,r_0b8a9687e25165becd721415,2025,RotoWire,FA
,"[[""rotowire"", ""15134""]]",unmatched,Juan Then,p_5e22c686d4ecafab3b86b9fc,pitcher,s_def2d9ab91bd110336c2fc04,r_0b8a9687e25165becd721415,2025,RotoWire,FA
s_7ff9d20ad4d6456a016260d1,"[[""rotowire"", ""12766""]]",matched,Caleb Thielbar,p_edfc64041b7ee8740960ecff,pitcher,s_f621d5b96579ee209078c9c8,r_0b8a9687e25165becd721415,2025,RotoWire,CHC
,"[[""rotowire"", ""14914""]]",unmatched,Keegan Thompson,p_fc2efd485c9feb6bf3d10686,pitcher,s_49b7f65d5efa00e627105243,r_0b8a9687e25165becd721415,2025,RotoWire,CHC
s_5b0c21c2b0e07f34e2bc67c9,"[[""rotowire"", ""14356""]]",matched,Mason Thompson,p_45d1adc7248c7477ef8737e2,pitcher,s_8433c864b70fb3c53dd0050e,r_0b8a9687e25165becd721415,2025,RotoWire,WSH
s_566cbe464a4a35208c613d4f,"[[""rotowire"", ""15993""]]",matched,Zach Thompson,p_de590bfab110555b10280410,pitcher,s_e6c729a70b9891197fccef50,r_0b8a9687e25165becd721415,2025,RotoWire,ATL
,"[[""rotowire"", ""16052""]]",unmatched,Zack Thompson,p_2b7ca31aed0a3b1b4b63d41c,pitcher,s_da817c69ea77a71e337e652b,r_0b8a9687e25165becd721415,2025,RotoWire,STL
s_09546960c44d32d1fda9b399,"[[""rotowire"", ""17014""]]",matched,Ryan Thompson,p_463c8505b18605c1574ec77d,pitcher,s_38aec7ebe11a10d0d3bef8c1,r_0b8a9687e25165becd721415,2025,RotoWire,ARI
,"[[""rotowire"", ""11585""]]",unmatched,Tyler Thornburg,p_0fc7fd0829896e328feed16d,pitcher,s_3f41d4f9d1d9324e5c80dbb1,r_0b8a9687e25165becd721415,2025,RotoWire,FA
s_819fc13b23b3a5b5411c710f,"[[""rotowire"", ""15552""]]",matched,Trent Thornton,p_48da1d101e8cb6eb88275ac2,pitcher,s_1f194d63eaa21159d2bac1e6,r_0b8a9687e25165becd721415,2025,RotoWire,SEA
s_386f68241e435a9b2146acf3,"[[""rotowire"", ""14012""]]",matched,Jesus Tinoco,p_cf41ac27465da6068c022374,pitcher,s_fdda85a05ff074753fb415ea,r_0b8a9687e25165becd721415,2025,RotoWire,MIA
s_4a59917c8bfcaed672d66859,"[[""rotowire"", ""12767""]]",matched,Michael Tonkin,p_f42b4ea020ded781aef89044,pitcher,s_a865a394c29afb8502b6fcdc,r_0b8a9687e25165becd721415,2025,RotoWire,MIN
s_7ffc6548664552905dca6420,"[[""rotowire"", ""15558""]]",matched,Justin Topa,p_c16ceee80f9bfb1fec04cdfe,pitcher,s_4d262fad0e5e52a1e7b526d0,r_0b8a9687e25165becd721415,2025,RotoWire,MIN
s_e5830774f63610cbb3293ef6,"[[""rotowire"", ""13385""]]",matched,Touki Toussaint,p_8563b288cabc5a90c0b362fd,pitcher,s_5b42055fd0c0579bccbfd923,r_0b8a9687e25165becd721415,2025,RotoWire,LAA
s_eb74290848d28c51232d8aa2,"[[""rotowire"", ""12810""]]",matched,Blake Treinen,p_3d7dbeb61bf17e62ef16d36b,pitcher,s_71b13b25a18beb82283f0326,r_0b8a9687e25165becd721415,2025,RotoWire,LAD
s_53c1dd62a7a1750e54c1e5aa,"[[""rotowire"", ""15262""]]",matched,Lou Trivino,p_cb7e3547063497ea6d59f8f1,pitcher,s_5d61a7c462e0150cc7513c57,r_0b8a9687e25165becd721415,2025,RotoWire,SF
,"[[""rotowire"", ""17791""]]",unmatched,Tanner Tully,p_de082185335a31525b2b499a,pitcher,s_9db238153da0921e4ec594a1,r_0b8a9687e25165becd721415,2025,RotoWire,NYY
s_ad82a35ea0d361b5e5f0bad0,"[[""rotowire"", ""13437""]]",matched,Spencer Turnbull,p_ae1758e742025670aed362b1,pitcher,s_4d780221cbf8a9b4d3e1cc11,r_0b8a9687e25165becd721415,2025,RotoWire,FA
,"[[""rotowire"", ""17616""]]",unmatched,Kyle Tyler,p_dec1b071add67c51288ea1a0,pitcher,s_a7b85c1af94438ee1ba34c99,r_0b8a9687e25165becd721415,2025,RotoWire,PHI
s_09309fd8eda361bcf79f3084,"[[""rotowire"", ""15676""]]",matched,Edwin Uceta,p_4c3ded7fcf0ddb95f5c59a5b,pitcher,s_dc61b3cd8d307c749a8ec6c7,r_0b8a9687e25165becd721415,2025,RotoWire,TB
,"[[""rotowire"", ""15023""]]",unmatched,Erich Uelmen,p_461e900d98a43f6ae816e80e,pitcher,s_19c69def47a1f6c7665ece3f,r_0b8a9687e25165becd721415,2025,RotoWire,FA
s_2b689cfee20e2fcdcc45dfa2,"[[""rotowire"", ""13194""]]",matched,Jose Urena,p_e75b990817978805c31533be,pitcher,s_2ba83e927f5906c097015d5a,r_0b8a9687e25165becd721415,2025,RotoWire,NYM
,"[[""rotowire"", ""12926""]]",unmatched,Julio Urias,p_0ab0bb1a103e08bab7929a3a,pitcher,s_599bbf8dc30bc17baebbecb0,r_0b8a9687e25165becd721415,2025,RotoWire,FA
s_19eeca30b31db6872abe7f1a,"[[""rotowire"", ""17626""]]",matched,Abner Uribe,p_2760b771d5d2d52f8c0db525,pitcher,s_17fb74c3deb0e557fe91c3ee,r_0b8a9687e25165becd721415,2025,RotoWire,MIL
s_3d8af82a602a93c31e1613e4,"[[""rotowire"", ""15944""]]",matched,Jose Urquidy,p_c1d12d935a24fbd60d6cf764,pitcher,s_42c9739ccb4982c0793bf278,r_0b8a9687e25165becd721415,2025,RotoWire,DET
,"[[""rotowire"", ""16251""]]",unmatched,Phillips Valdez,p_3b488f9bd7191e1ac2b40d59,pitcher,s_fea983ca1d76f5db96fe0f30,r_0b8a9687e25165becd721415,2025,RotoWire,FA
,"[[""rotowire"", ""10128""]]",unmatched,Cesar Valdez,p_0b3d894efaf899f762d2fe12,pitcher,s_c963303ed546f885c8067ecd,r_0b8a9687e25165becd721415,2025,RotoWire,FA
s_efff2260dbfe25e7ad6901ad,"[[""rotowire"", ""14900""]]",matched,Framber Valdez,p_0e089b0f2e016b32a874b52f,pitcher,s_a7bd69f9803ddb629f9aa44f,r_0b8a9687e25165becd721415,2025,RotoWire,HOU
,"[[""rotowire"", ""16391""]]",unmatched,Chris Vallimont,p_370818e803eedbbcd6f2ebe4,pitcher,s_68198ad10bba5a3068c9afba,r_0b8a9687e25165becd721415,2025,RotoWire,LAD
s_f1ed0df84470f088ab11d955,"[[""rotowire"", ""15723""]]",matched,Carlos Vargas,p_99f38b09686a812eec67a07d,pitcher,s_84563be9c5432a2c0a56dc73,r_0b8a9687e25165becd721415,2025,RotoWire,SEA
s_02cd9ea4318bbf8addf0a747,"[[""rotowire"", ""17607""]]",matched,Louie Varland,p_87e0f824b432c68de2f1cdda,pitcher,s_e3ac09cfa98cc6ef4933b538,r_0b8a9687e25165becd721415,2025,RotoWire,MIN
,"[[""rotowire"", ""17178""]]",unmatched,Gus Varland,p_7c9db6128a2d163051be00ea,pitcher,s_c2b3ce0e6766fc83674f1338,r_0b8a9687e25165becd721415,2025,RotoWire,CWS
,"[[""rotowire"", ""15729""]]",unmatched,Andrew Vasquez,p_fe3eccba7e9a5b27cd6cbadf,pitcher,s_c3f0ebca5d30023c8f0b1511,r_0b8a9687e25165becd721415,2025,RotoWire,FA
,"[[""rotowire"", ""11554""]]",unmatched,Vince Velasquez,p_9d30f7fa80d5f631417ee075,pitcher,s_fde81f76813510a570fbee65,r_0b8a9687e25165becd721415,2025,RotoWire,CLE
s_2c3d372d0f7a229148326e9b,"[[""rotowire"", ""17612""]]",matched,Anthony Veneziano,p_69b6354aceb0713a9f9ccb55,pitcher,s_be9d0bec86ad87e3063c6e42,r_0b8a9687e25165becd721415,2025,RotoWire,MIA
,"[[""rotowire"", ""13578""]]",unmatched,Drew VerHagen,p_8482ba2414515040379ad4a4,pitcher,s_0e9e1eb706235227e5ebeead,r_0b8a9687e25165becd721415,2025,RotoWire,FA
s_5f423d2e12105b0dc3c970be,"[[""rotowire"", ""8309""]]",matched,Justin Verlander,p_b780c726b42fc01482d044ea,pitcher,s_715b1b1eaa85de2818e3807e,r_0b8a9687e25165becd721415,2025,RotoWire,SF
s_703d39ba47f096f90b96491c,"[[""rotowire"", ""16615""]]",matched,Alex Vesia,p_4418e268dc293e4c447c6546,pitcher,s_2fdeb3ea829bb8c5e21c64c0,r_0b8a9687e25165becd721415,2025,RotoWire,LAD
,"[[""rotowire"", ""17887""]]",unmatched,Nick Vespi,p_b4bd10f9a736b721cf67f9b8,pitcher,s_b8913f3dc734830414274b39,r_0b8a9687e25165becd721415,2025,RotoWire,PHI
s_169c0e97ff21b45e22ae3c56,"[[""rotowire"", ""17138""]]",matched,Will Vest,p_4f63322407a16b6cb9e684d5,pitcher,s_1d4895b30166a8ae8d417c0e,r_0b8a9687e25165becd721415,2025,RotoWire,DET
,"[[""rotowire"", ""17920""]]",unmatched,Cam Vieaux,p_01e8030ad26fe10f246716ef,pitcher,s_bd7e6d7cf1912b5dbaa7e412,r_0b8a9687e25165becd721415,2025,RotoWire,FA
,"[[""rotowire"", ""14579""]]",unmatched,Thyago Vieira,p_93445d5aee81e00b4b4b6245,pitcher,s_7f817fe029ba9c84b66d9584,r_0b8a9687e25165becd721415,2025,RotoWire,ARI
,"[[""rotowire"", ""18269""]]",unmatched,Eli Villalobos,p_ba15fbee40a35c2d8313a1d7,pitcher,s_3f07171043813be3d8cec7b8,r_0b8a9687e25165becd721415,2025,RotoWire,FA
,"[[""rotowire"", ""17606""]]",unmatched,Darius Vines,p_11e4ee55595c0bddc7374adb,pitcher,s_c8717869ea52a672fafbdcbb,r_0b8a9687e25165becd721415,2025,RotoWire,ATL
,"[[""rotowire"", ""11260""]]",unmatched,Arodys Vizcaino,p_2eb5d47c704824f2c65999ce,pitcher,s_25272766a4de6027b343de13,r_0b8a9687e25165becd721415,2025,RotoWire,FA
s_60cd243672d7a0bf95d71c3a,"[[""rotowire"", ""16416""]]",matched,Victor Vodnik,p_4666c8933a6cfbcd75a49204,pitcher,s_614b59fb9e144d8364219072,r_0b8a9687e25165becd721415,2025,RotoWire,COL
,"[[""rotowire"", ""13642""]]",unmatched,Austin Voth,p_65fc75eaa7cdf02f389515d9,pitcher,s_ebb32e5a01bc439185186999,r_0b8a9687e25165becd721415,2025,RotoWire,FA
s_fbe6fab48c67faea07834ccf,"[[""rotowire"", ""12457""]]",matched,Michael Wacha,p_371a1a346ec1e2f9db0ad977,pitcher,s_8b575a6c3720c2267160d323,r_0b8a9687e25165becd721415,2025,RotoWire,KC
,"[[""rotowire"", ""15670""]]",unmatched,Jacob Waguespack,p_c3cfef0ffe32dcdecf86b61f,pitcher,s_f5eed4541f508fafcb072d95,r_0b8a9687e25165becd721415,2025,RotoWire,TB
,"[[""rotowire"", ""6921""]]",unmatched,Adam Wainwright,p_c340dff2fd61f39197f48263,pitcher,s_489c68cb6683fb771af3a592,r_0b8a9687e25165becd721415,2025,RotoWire,FA
,"[[""rotowire"", ""18253""]]",unmatched,Cole Waites,p_10231ebfe38f0e0392d616d4,pitcher,s_b1e8706d3e773f0944f9d4e8,r_0b8a9687e25165becd721415,2025,RotoWire,SF
,"[[""rotowire"", ""17287""]]",unmatched,Ken Waldichuk,p_27741deb9bcc7a5143466fbb,pitcher,s_980e4eb78b42b961bb1a4eaa,r_0b8a9687e25165becd721415,2025,RotoWire,ATH
s_4c9ee917c9062b117342d8b2,"[[""rotowire"", ""19015""]]",matched,Matt Waldron,p_a040d5160e3ed9b54434cfbb,pitcher,s_9a6d13250b43ef64b96c1c90,r_0b8a9687e25165becd721415,2025,RotoWire,SD
s_3c90aa08150fe071199a530a,"[[""rotowire"", ""18798""]]",matched,Ryan Walker,p_31e198d6dadb10cdd4b3261f,pitcher,s_150efa8bdc69fc1d8768e280,r_0b8a9687e25165becd721415,2025,RotoWire,SF
s_8203da40be1d0b8bc225f92b,"[[""rotowire"", ""17807""]]",matched,Josh Walker,p_fde1cb0513829d5de21b3f1e,pitcher,s_da4e5864abbc09ade830748c,r_0b8a9687e25165becd721415,2025,RotoWire,TOR
s_a34d14a1416c29cbaa9441d7,"[[""rotowire"", ""11537""]]",matched,Taijuan Walker,p_d0cb62e3b68e340a9cdfacc2,pitcher,s_370f78e1277c5715e23970b5,r_0b8a9687e25165becd721415,2025,RotoWire,PHI
,"[[""rotowire"", ""17697""]]",unmatched,Jake Walsh,p_dffc0002b2eb8c3d59851bce,pitcher,s_bc1447d61b19e8bb9b3ae2eb,r_0b8a9687e25165becd721415,2025,RotoWire,FA
s_67a19d230be10b06673d9366,"[[""rotowire"", ""17744""]]",matched,Brandon Walter,p_2685c99f10ed43abee99e8eb,pitcher,s_b3befddb8baec226a66edd6b,r_0b8a9687e25165becd721415,2025,RotoWire,HOU
s_a7c3d2b4f962e261307845a9,"[[""rotowire"", ""18040""]]",matched,Andrew Walters,p_d92fc75e4628979a37144e5a,pitcher,s_94dea86304b7bedd815daf24,r_0b8a9687e25165becd721415,2025,RotoWire,CLE
,"[[""rotowire"", ""13900""]]",unmatched,Nash Walters,p_9956c73ed87c15feeb0bc5e6,pitcher,s_c50b96dee865183cec0ed927,r_0b8a9687e25165becd721415,2025,RotoWire,FA
,"[[""rotowire"", ""17549""]]",unmatched,Andrew Wantz,p_d67e2299a0f2997cb42780b7,pitcher,s_9475a644080e9f48833c9d39,r_0b8a9687e25165becd721415,2025,RotoWire,TB
,"[[""rotowire"", ""16398""]]",unmatched,Thaddeus Ward,p_cb5ce0e4b643067151f40008,pitcher,s_06ef97047dd2d08c51854f09,r_0b8a9687e25165becd721415,2025,RotoWire,BAL
s_e3a83eb8fea089bac167ecf8,"[[""rotowire"", ""17213""]]",matched,Austin Warren,p_5ab6446da06e03d88133c394,pitcher,s_3df184fa46695249cddfc69d,r_0b8a9687e25165becd721415,2025,RotoWire,NYM
,"[[""rotowire"", ""14519""]]",unmatched,Art Warren,p_ca1132d7c31a16234da13c40,pitcher,s_07e05b57ae37c984f7035c4a,r_0b8a9687e25165becd721415,2025,RotoWire,FA
,"[[""rotowire"", ""17174""]]",unmatched,Spenser Watkins,p_07c65453e4133a6c20218471,pitcher,s_03a01f90d3d6e29d52d01536,r_0b8a9687e25165becd721415,2025,RotoWire,FA
s_0bfd3109ba82cc4a66663449,"[[""rotowire"", ""15409""]]",matched,Ryan Weathers,p_38048eea2f7c671d69ecd76b,pitcher,s_e2c7c0f2e510d76d1bdb960a,r_0b8a9687e25165becd721415,2025,RotoWire,MIA
s_d869117bd0e50cadd8badf03,"[[""rotowire"", ""13395""]]",matched,Luke Weaver,p_161e5a9305eaea8fb63c7654,pitcher,s_b1cc98cf67a5ab36a51bdf8b,r_0b8a9687e25165becd721415,2025,RotoWire,NYY
s_dceb8c2eccbcbd16f468036e,"[[""rotowire"", ""13478""]]",matched,Logan Webb,p_a6d5aaf96c6c17db57e8301a,pitcher,s_c1ecd205c72d066a9f7b7c53,r_0b8a9687e25165becd721415,2025,RotoWire,SF
,"[[""rotowire"", ""14046""]]",unmatched,Ryan Weber,p_e38c264e50e3bbcbcedaf0b2,pitcher,s_1172ad34760d049da81bed4a,r_0b8a9687e25165becd721415,2025,RotoWire,FA
s_2739c2c70fb4a1aa98a43e6b,"[[""rotowire"", ""12236""]]",matched,Jordan Weems,p_2593790323a77719d1ad29bc,pitcher,s_e97d5544ba4b7185742d7974,r_0b8a9687e25165becd721415,2025,RotoWire,ATL
,"[[""rotowire"", ""11596""]]",unmatched,Zack Weiss,p_4963aad06d7073f28de06de6,pitcher,s_d01a3fa5f0655efdb683ae57,r_0b8a9687e25165becd721415,2025,RotoWire,STL
s_e1b96e48931b3414b35cae0d,"[[""rotowire"", ""18230""]]",matched,Greg Weissert,p_f7bab10a7c231ef55feda704,pitcher,s_4ba51d2b4410abbf33265502,r_0b8a9687e25165becd721415,2025,RotoWire,BOS
,"[[""rotowire"", ""15206""]]",unmatched,Alex Wells,p_150df6b55df51834d40ae323,pitcher,s_72f6c9e06ec6f54c8c63e022,r_0b8a9687e25165becd721415,2025,RotoWire,FA
s_19d2f2884b7a5b950f522c74,"[[""rotowire"", ""14991""]]",matched,Tyler Wells,p_76d7ef74cfa636d8b9d155bd,pitcher,s_9f49ed5b36d0239cacbae491,r_0b8a9687e25165becd721415,2025,RotoWire,BAL
,"[[""rotowire"", ""13171""]]",unmatched,J.B. Wendelken,p_432bd7006bbfc56e739df8a5,pitcher,s_9004fe279d902332344e8be4,r_0b8a9687e25165becd721415,2025,RotoWire,SD
s_ebb4ea0c86901a34105f170b,"[[""rotowire"", ""14242""]]",matched,Joey Wentz,p_0f35ba84bee190d22ffef471,pitcher,s_213cb026b91aefc6d9abee98,r_0b8a9687e25165becd721415,2025,RotoWire,PIT
s_1392d344faeeeb604e173448,"[[""rotowire"", ""16209""]]",matched,Hayden Wesneski,p_f50562cd42d6cc25aedd76e1,pitcher,s_b959c879d73ea31876e14d2f,r_0b8a9687e25165becd721415,2025,RotoWire,HOU
s_b30374209138e40301779262,"[[""rotowire"", ""10951""]]",matched,Zack Wheeler,p_f33b45e0082d9a26a8b16000,pitcher,s_9251669c86c2952bada9ba2b,r_0b8a9687e25165becd721415,2025,RotoWire,PHI
,"[[""rotowire"", ""14352""]]",unmatched,Mitch White,p_9e70f1e90115d7d40a0a8c42,pitcher,s_9a68056cc3629dc5226b295d,r_0b8a9687e25165becd721415,2025,RotoWire,FA
s_d186b346a704273bbba8615f,"[[""rotowire"", ""15444""]]",matched,Owen White,p_f6143c39e5a443ea5b2ad3c7,pitcher,s_bca6994f2c680025650790d2,r_0b8a9687e25165becd721415,2025,RotoWire,CWS
,"[[""rotowire"", ""18265""]]",unmatched,Brendan White,p_4dd3e13d527729f5e26be0b0,pitcher,s_3053a4c68ed1fea6236aaca2,r_0b8a9687e25165becd721415,2025,RotoWire,DET
,"[[""rotowire"", ""16793""]]",unmatched,Kodi Whitley,p_d0b08f01aa0947ab32a348c0,pitcher,s_9d9aff1f467124e52175405c,r_0b8a9687e25165becd721415,2025,RotoWire,TB
s_4092c7bd7f15ff20f9449c06,"[[""rotowire"", ""15554""]]",matched,Garrett Whitlock,p_ad235584736e2db776c9f300,pitcher,s_29050e28695d8da813456d0a,r_0b8a9687e25165becd721415,2025,RotoWire,BOS
,"[[""rotowire"", ""14604""]]",unmatched,Rowan Wick,p_c6c646bb7dcfe7549b8ab3b1,pitcher,s_30dd53dbf1ca6ea44dd97e47,r_0b8a9687e25165becd721415,2025,RotoWire,TOR
s_7d4f6136a1f3bff283d7132a,"[[""rotowire"", ""17311""]]",matched,Jordan Wicks,p_9085615513755fa3b7c88ed7,pitcher,s_a26000f6944b083d9e6da7c7,r_0b8a9687e25165becd721415,2025,RotoWire,CHC
,"[[""rotowire"", ""15219""]]",unmatched,Taylor Widener,p_f09ee3bdf6c5e757c4793339,pitcher,s_ad78531cc5609280fa6b63b2,r_0b8a9687e25165becd721415,2025,RotoWire,FA
,"[[""rotowire"", ""12503""]]",unmatched,Collin Wiles,p_d13ae663c8b4ab7483847c1c,pitcher,s_7687697d40f93e1bef03a025,r_0b8a9687e25165becd721415,2025,RotoWire,FA
s_822e7cde36bdb2da24280259,"[[""rotowire"", ""12986""]]",matched,Trevor Williams,p_922ce00ab6c0df908faed3ae,pitcher,s_ad5ac052d65adb2ee4242690,r_0b8a9687e25165becd721415,2025,RotoWire,WSH
s_8eec6eb44a2a337200013b75,"[[""rotowire"", ""13048""]]",matched,Devin Williams,p_dae721ae0af6fe067aae9fe3,pitcher,s_ca3b905c8554ed7d182a15bf,r_0b8a9687e25165becd721415,2025,RotoWire,NYY
s_76d948e7b53bad268d0d912a,"[[""rotowire"", ""14876""]]",matched,Gavin Williams,p_1142060f4e1e790850d30e59,pitcher,s_3460d6493747324b74b183ea,r_0b8a9687e25165becd721415,2025,RotoWire,CLE
,"[[""rotowire"", ""16108""]]",unmatched,Brandon Williamson,p_337ef551541514c24ce1c46c,pitcher,s_b3dc998e6c72278f2108f48f,r_0b8a9687e25165becd721415,2025,RotoWire,CIN
,"[[""rotowire"", ""18805""]]",unmatched,Amos Willingham,p_4bf80fd87542ba428779e0b2,pitcher,s_ff17b1317059d9e9609719c3,r_0b8a9687e25165becd721415,2025,RotoWire,ATL
s_21f1e3a118f520a2ee994dbd,"[[""rotowire"", ""17101""]]",matched,Steven Wilson,p_15e9d5754d68658e8f9cb116,pitcher,s_9d75f7f56f40558ddc22aa1a,r_0b8a9687e25165becd721415,2025,RotoWire,CWS
s_8a730dc6076a2082251b8482,"[[""rotowire"", ""14375""]]",matched,Bryse Wilson,p_30abefb7f554a01f12b64dc7,pitcher,s_6772667c4c022386564568fa,r_0b8a9687e25165becd721415,2025,RotoWire,CWS
s_c660704621b90ef62ecead92,"[[""rotowire"", ""17739""]]",matched,Allan Winans,p_76021b92269cadefa31be9e1,pitcher,s_c7abf902bdfdb97c47d4aa32,r_0b8a9687e25165becd721415,2025,RotoWire,NYY
s_1119a97553f342607d4bdc87,"[[""rotowire"", ""17171""]]",matched,Josh Winckowski,p_b8c36673c22e36da61b875f4,pitcher,s_85a42b69a24a8d83f85248f3,r_0b8a9687e25165becd721415,2025,RotoWire,BOS
,"[[""rotowire"", ""15858""]]",unmatched,Josh Winder,p_3690f456c1637492ddd2a8c4,pitcher,s_7627cb6459087b0cb3774946,r_0b8a9687e25165becd721415,2025,RotoWire,ARI
,"[[""rotowire"", ""15346""]]",unmatched,Trey Wingenter,p_6675a70af5cacc23619ca4cd,pitcher,s_87b336b85fbee7e0718e5eae,r_0b8a9687e25165becd721415,2025,RotoWire,FA
s_d6ac6e46c7984bc2f12a3df4,"[[""rotowire"", ""18276""]]",matched,Keaton Winn,p_4e095ac42b4a01d1fdf29e14,pitcher,s_b4a87e9dbe9ef15b6a130db9,r_0b8a9687e25165becd721415,2025,RotoWire,SF
,"[[""rotowire"", ""12815""]]",unmatched,Matt Wisler,p_707b475689c1ef2cad33c4ca,pitcher,s_3e41968f749ee21fdf8d428d,r_0b8a9687e25165becd721415,2025,RotoWire,FA
,"[[""rotowire"", ""14112""]]",unmatched,Nick Wittgren,p_1bbe36ef54c2ae6cbecaccec,pitcher,s_e7b184f1700efbf6b302f375,r_0b8a9687e25165becd721415,2025,RotoWire,MIN
,"[[""rotowire"", ""17567""]]",unmatched,Jackson Wolf,p_85eb9a073d26add7a94248b3,pitcher,s_0edbe5fb808c627924ce0a09,r_0b8a9687e25165becd721415,2025,RotoWire,SD
,"[[""rotowire"", ""15463""]]",unmatched,Jake Wong,p_ca3b5dd502b7998bd39fa80e,pitcher,s_b3b35f3409517ded7783ca35,r_0b8a9687e25165becd721415,2025,RotoWire,FA
s_d875e18d35958d7084ac9ff2,"[[""rotowire"", ""18195""]]",matched,Bryan Woo,p_e4a10c7f007942d7d013ffa8,pitcher,s_0072450d9b96b06502c0ae44,r_0b8a9687e25165becd721415,2025,RotoWire,SEA
,"[[""rotowire"", ""12488""]]",unmatched,Alex Wood,p_b72ebc231db586acb779e4a0,pitcher,s_b8ee982fe6227ea60b36d7ce,r_0b8a9687e25165becd721415,2025,RotoWire,FA
s_f2357c751271053ce65ebfd0,"[[""rotowire"", ""13867""]]",matched,Jake Woodford,p_f1199c5e49b77b823fde65db,pitcher,s_943d184f47090ed2d8c4c664,r_0b8a9687e25165becd721415,2025,RotoWire,NYY
s_6c06745f6944489faadc2037,"[[""rotowire"", ""14525""]]",matched,Brandon Woodruff,p_2d89951f468f9685aecc45ef,pitcher,s_194988855f3c55896cc03a0c,r_0b8a9687e25165becd721415,2025,RotoWire,MIL
,"[[""rotowire"", ""17102""]]",unmatched,William Woods,p_4c2f7c563e7fd979db564c5e,pitcher,s_4b1731172f989c3fd6c80742,r_0b8a9687e25165becd721415,2025,RotoWire,FA
s_8d3006ae20f3065c883c4b71,"[[""rotowire"", ""15499""]]",matched,Simeon Woods Richardson,p_f6c81be67460a702270428c3,pitcher,s_56fa9849d3aff2f48316bcbe,r_0b8a9687e25165becd721415,2025,RotoWire,MIN
,"[[""rotowire"", ""14765""]]",unmatched,Kyle Wright,p_eb19802742b1a08c9a9b8e09,pitcher,s_ce7656186457fe9767f3024f,r_0b8a9687e25165becd721415,2025,RotoWire,KC
s_44aa922d87a8dbcc8f200641,"[[""rotowire"", ""18714""]]",matched,Justin Wrobleski,p_05f3918b6278bcd6d3856315,pitcher,s_97ea146655769b5572fca58b,r_0b8a9687e25165becd721415,2025,RotoWire,LAD
s_2eafc868b90b3a7455ccfbe1,"[[""rotowire"", ""16557""]]",matched,Randy Wynne,p_745eebfeac9df0e2aad9810a,pitcher,s_445c824850867c3bb894da5f,r_0b8a9687e25165becd721415,2025,RotoWire,CIN
,"[[""rotowire"", ""14993""]]",unmatched,Jimmy Yacabonis,p_9fd6103387887f51766dc253,pitcher,s_03ba283618d6984820e7e950,r_0b8a9687e25165becd721415,2025,RotoWire,FA
,"[[""rotowire"", ""16485""]]",unmatched,Miguel Yajure,p_be462eba757f119ebf033638,pitcher,s_005c215887a0d3548f23ed06,r_0b8a9687e25165becd721415,2025,RotoWire,FA
s_140a0cb2716aecb181743a15,"[[""rotowire"", ""17163""]]",matched,Yoshinobu Yamamoto,p_bc1f7345b1d67fbf1e7c9f68,pitcher,s_5730ca86323fdb14f146f35c,r_0b8a9687e25165becd721415,2025,RotoWire,LAD
s_27d69fe3cb0d5efd79446a96,"[[""rotowire"", ""13471""]]",matched,Ryan Yarbrough,p_c564f60ca570a42cae848b9d,pitcher,s_f2eab4d9d81cf97b5c44d6db,r_0b8a9687e25165becd721415,2025,RotoWire,NYY
s_0168c7f77f5ce5109bc80eca,"[[""rotowire"", ""13221""]]",matched,Kirby Yates,p_4b42caae2c74a4d78fc1d2c5,pitcher,s_109893db5e83bd3effb1a5cc,r_0b8a9687e25165becd721415,2025,RotoWire,LAD
,"[[""rotowire"", ""13544""]]",unmatched,Huascar Ynoa,p_62d630676621fefa093ab17d,pitcher,s_747f187073feb36affffa2db,r_0b8a9687e25165becd721415,2025,RotoWire,MIN
,"[[""rotowire"", ""13839""]]",unmatched,Alex Young,p_65df9df9cf8c74784c79da9e,pitcher,s_a13fe7b48a17d5e90b5982fb,r_0b8a9687e25165becd721415,2025,RotoWire,CIN
s_15a60b2bcef00d663cad1861,"[[""rotowire"", ""17882""]]",matched,Danny Young,p_93b79e92d76fa2af9c41c2cb,pitcher,s_669b023296b33fb89e085b83,r_0b8a9687e25165becd721415,2025,RotoWire,NYM
,"[[""rotowire"", ""14721""]]",unmatched,Aneurys Zabala,p_e9bf609b01e62ffb1e6885e7,pitcher,s_bdd1e115474bde481fcdd534,r_0b8a9687e25165becd721415,2025,RotoWire,FA
s_0f2eb5e1cc5107d139d74fee,"[[""rotowire"", ""13045""]]",matched,Rob Zastryzny,p_b761f7b76b0b90bfde27fc8b,pitcher,s_fa82c1743ba6b15bfc578f5b,r_0b8a9687e25165becd721415,2025,RotoWire,NYY
s_2ea8ed70c979c6fac349a964,"[[""rotowire"", ""14287""]]",matched,Ryan Zeferjahn,p_dedb29c4c8c6ce892139f533,pitcher,s_281e71d67ee4b22041aadc7d,r_0b8a9687e25165becd721415,2025,RotoWire,LAA
s_1a7697fdb3330041059853ec,"[[""rotowire"", ""17131""]]",matched,Angel Zerpa,p_0876ad8121b608233facdf46,pitcher,s_e7f1002bdea6d80d857f8385,r_0b8a9687e25165becd721415,2025,RotoWire,KC
,"[[""rotowire"", ""14268""]]",unmatched,T.J. Zeuch,p_0ef5a7eb7ab7c4aa84e0c329,pitcher,s_159e9f0d448dda7fcfedceb8,r_0b8a9687e25165becd721415,2025,RotoWire,FA
s_0e6559c6dc8fa99eb954a2eb,"[[""rotowire"", ""15664""]]",matched,Bruce Zimmermann,p_d445cfc4cbcbaa36bc71236d,pitcher,s_f5dcbe16ec6c753f7cf33033,r_0b8a9687e25165becd721415,2025,RotoWire,MIL
s_a6c86cb0f046fe61eab645c8,"[[""rotowire"", ""16664""]]",matched,Tyler Zuber,p_8b9cb10f6657921d3c1ea1a2,pitcher,s_1efc2756edf6880709ba68de,r_0b8a9687e25165becd721415,2025,RotoWire,NYM
,"[[""rotowire"", ""18280""]]",unmatched,Guillermo Zuniga,p_c09cf00381457e60dd0c837e,pitcher,s_678a4ea1bbf01fda3a7a5e33,r_0b8a9687e25165becd721415,2025,RotoWire,PHI
,"[[""rotowire"", ""14996""]]",unmatched,Cory Abbott,p_8136d9a2cb1e15e24dd5d402,pitcher,s_c633b82bcea1c6b1c29a5b55,r_fb1ed5dc76fc8939cd1d080a,2026,RotoWire,FA
s_994ca50fe9c813ee8131ba12,"[[""rotowire"", ""16805""]]",matched,Andrew Abbott,p_79db076d96a757be408fc0b5,pitcher,s_02e73efe89ad262325e8dfaa,r_fb1ed5dc76fc8939cd1d080a,2026,RotoWire,CIN
s_daf3bcd12aa760d408c5bfd2,"[[""rotowire"", ""16679""]]",matched,Mick Abel,p_71d09db50c9a74cdff2daaa6,pitcher,s_614802de35e345fb7ede0dda,r_fb1ed5dc76fc8939cd1d080a,2026,RotoWire,MIN
,"[[""rotowire"", ""17448""]]",unmatched,Kevin Abel,p_dbeac1ca9c214e825ed11a3d,pitcher,s_f37b33d9eb0b1f78c013db62,r_fb1ed5dc76fc8939cd1d080a,2026,RotoWire,CIN
s_6b7faf2d55c281398c777cc6,"[[""rotowire"", ""17401""]]",matched,Philip Abner,p_fe8cab313ac88ec19b9d2fd5,pitcher,s_20ee2b13a3927aaf89b8a0f2,r_fb1ed5dc76fc8939cd1d080a,2026,RotoWire,ARI
,"[[""rotowire"", ""19891""]]",unmatched,Alaska Abney,p_1f94fc65b5ef01b0b8f501d1,pitcher,s_bb600254caaa682b5fa11c3e,r_fb1ed5dc76fc8939cd1d080a,2026,RotoWire,CLE
s_3871b67cdb28844f9cb89177,"[[""rotowire"", ""15744""]]",matched,Bryan Abreu,p_70c49bf0f0626ec80e6293cd,pitcher,s_1ca8ae9daf345f13f08be96c,r_fb1ed5dc76fc8939cd1d080a,2026,RotoWire,HOU
,"[[""rotowire"", ""14063""]]",unmatched,Albert Abreu,p_b3fdbb91063915ce5b6d65b5,pitcher,s_8b2f7d48ed871cd62870b26d,r_fb1ed5dc76fc8939cd1d080a,2026,RotoWire,FA
,"[[""rotowire"", ""16892""]]",unmatched,Dane Acker,p_de46fc46ae679f2cedc0af80,pitcher,s_f27f47d4e6ae3fd60b36284b,r_fb1ed5dc76fc8939cd1d080a,2026,RotoWire,TEX
,"[[""rotowire"", ""16405""]]",unmatched,Daison Acosta,p_b22ebecb7e2a739d055c7339,pitcher,s_cfa9b647591942ffb0dd6ced,r_fb1ed5dc76fc8939cd1d080a,2026,RotoWire,SD
,"[[""rotowire"", ""19344""]]",unmatched,Adrian Acosta,p_dbf6373067e60956f0592beb,pitcher,s_854d1238d0c45da36c6759bd,r_fb1ed5dc76fc8939cd1d080a,2026,RotoWire,FA
s_6e3153985a72a36502fc18b8,"[[""rotowire"", ""17058""]]",matched,Garrett Acton,p_7f3c31a904c074d502da70d5,pitcher,s_66635d895980ec6ac7e9c95d,r_fb1ed5dc76fc8939cd1d080a,2026,RotoWire,MIA
,"[[""rotowire"", ""18207""]]",unmatched,Jose Acuna,p_2adbd17ea1b7c90288660654,pitcher,s_281221dc821687a7bb236cb7,r_fb1ed5dc76fc8939cd1d080a,2026,RotoWire,CIN
s_ce894ecc0b7990214cbc87e3,"[[""rotowire"", ""11588""]]",matched,Jason Adam,p_076050d971510ecbad0e9fc2,pitcher,s_796e0cb433f95b4700dc1cb3,r_fb1ed5dc76fc8939cd1d080a,2026,RotoWire,SD
,"[[""rotowire"", ""14548""]]",unmatched,Chance Adams,p_26a0549c8aaed31aa8836670,pitcher,s_a02742c909043ca33f2a3650,r_fb1ed5dc76fc8939cd1d080a,2026,RotoWire,FA
,"[[""rotowire"", ""14614""]]",unmatched,Austin Adams,p_c6fe83c37c19de4b17ff68ec,pitcher,s_91b4f9364918a98bdde42f57,r_fb1ed5dc76fc8939cd1d080a,2026,RotoWire,FA
s_fc8e17d1aa8ea4d44492c0d1,"[[""rotowire"", ""19157""]]",matched,Mason Adams,p_0dc12b093f01fa4ff1998e35,pitcher,s_52a8f78e72cffe623c4beaec,r_fb1ed5dc76fc8939cd1d080a,2026,RotoWire,CWS
,"[[""rotowire"", ""19259""]]",unmatched,Cooper Adams,p_640dc569b4b2c08027ec8685,pitcher,s_a0295528f2b2fbeed5cd021f,r_fb1ed5dc76fc8939cd1d080a,2026,RotoWire,BOS
s_935695143083d5089d6f6350,"[[""rotowire"", ""19934""]]",matched,Travis Adams,p_b64f0bdc08dbeb2bf1f233f1,pitcher,s_52c78ceb5d9d23c55918a01f,r_fb1ed5dc76fc8939cd1d080a,2026,RotoWire,MIN
,"[[""rotowire"", ""16213""]]",unmatched,Ty Adcock,p_8f3911a4b3d4f5c1ddf408bd,pitcher,s_d83711e5d3f2a1ff98ac04da,r_fb1ed5dc76fc8939cd1d080a,2026,RotoWire,SD
,"[[""rotowire"", ""18100""]]",unmatched,Eric Adler,p_446a4db107eddfa7cd69abcd,pitcher,s_b6ef89a5155988eba2adefcd,r_fb1ed5dc76fc8939cd1d080a,2026,RotoWire,CWS
,"[[""rotowire"", ""16030""]]",unmatched,Joan Adon,p_4e3252abcd463201ce0c09f8,pitcher,s_fecb55a09f7030be1ab7756f,r_fb1ed5dc76fc8939cd1d080a,2026,RotoWire,FA
,"[[""rotowire"", ""14581""]]",unmatched,Melvin Adon,p_39f41a81331b47e6ffc586c6,pitcher,s_df9a1edc59d31343201830fe,r_fb1ed5dc76fc8939cd1d080a,2026,RotoWire,FA
,"[[""rotowire"", ""17464""]]",unmatched,Matt Ager,p_1e99f7956450d379b78d14ac,pitcher,s_e26873cb8fee794b4275e405,r_fb1ed5dc76fc8939cd1d080a,2026,RotoWire,PIT
s_ac1b04f59b3669dff2ccc684,"[[""rotowire"", ""19812""]]",matched,Zach Agnos,p_5e15cd85b86d4f7d8a3917f1,pitcher,s_e06a5474d27445ec072d0359,r_fb1ed5dc76fc8939cd1d080a,2026,RotoWire,COL
s_d643e2637a8a72e48d5d858b,"[[""rotowire"", ""17842""]]",matched,Julian Aguiar,p_c77633fc44aa9ab70e90b313,pitcher,s_e99e7ffd1bd3cafb2fda6e44,r_fb1ed5dc76fc8939cd1d080a,2026,RotoWire,CIN
s_a021e6bb936ca2ce7cd63f20,"[[""rotowire"", ""20002""]]",matched,Robby Ahlstrom,p_7a0f54bccb8bb17435ba889a,pitcher,s_a0393aa3cb0d4c07fdc452ba,r_fb1ed5dc76fc8939cd1d080a,2026,RotoWire,TEX
,"[[""rotowire"", ""20571""]]",unmatched,Blake Aita,p_dda6eb923fb9f775030d272e,pitcher,s_ffdf26442b6366a42d54c6ff,r_fb1ed5dc76fc8939cd1d080a,2026,RotoWire,STL
s_427847e55b17e13021a8a0cf,"[[""rotowire"", ""14349""]]",matched,Keegan Akin,p_a8c6e164b8c9d48c0a076f2c,pitcher,s_7f244160368a805400e14a62,r_fb1ed5dc76fc8939cd1d080a,2026,RotoWire,BAL
,"[[""rotowire"", ""20567""]]",unmatched,Alexander Alberto,p_bbe09586996db300cdd8a7c6,pitcher,s_336c8df3d1cdc8456fa92599,r_fb1ed5dc76fc8939cd1d080a,2026,RotoWire,TB
,"[[""rotowire"", ""17408""]]",unmatched,Mason Albright,p_891297c904436f0002d639ee,pitcher,s_f208b3150aff21f88e30294e,r_fb1ed5dc76fc8939cd1d080a,2026,RotoWire,COL
,"[[""rotowire"", ""17436""]]",unmatched,Luke Albright,p_5a8e237319546e459ec55e8c,pitcher,s_3ee9d90a219f48a1f7856da0,r_fb1ed5dc76fc8939cd1d080a,2026,RotoWire,ARI
,"[[""rotowire"", ""14483""]]",unmatched,Jorge Alcala,p_6146eadc3c516491667a222c,pitcher,s_6d916b7d41cb13d083a51b66,r_fb1ed5dc76fc8939cd1d080a,2026,RotoWire,TOR
s_7903ae3b7aea07b37b4981d2,"[[""rotowire"", ""14071""]]",matched,Sandy Alcantara,p_961f6e00dd2d95905acb6d7f,pitcher,s_fbd426f38b7a98cbd6fd9fc2,r_fb1ed5dc76fc8939cd1d080a,2026,RotoWire,MIA
s_93df68dd589982717d42cc65,"[[""rotowire"", ""19357""]]",matched,Sam Aldegheri,p_7837da98084befe7500c0de1,pitcher,s_e33f1987f1f370fba5e8b6f1,r_fb1ed5dc76fc8939cd1d080a,2026,RotoWire,LAA
,"[[""rotowire"", ""16526""]]",unmatched,Pablo Aldonis,p_5247219d8d679ed5ec3b1310,pitcher,s_41b255b8131f94dbe9c77079,r_fb1ed5dc76fc8939cd1d080a,2026,RotoWire,WSH
s_f55c18c83c5b1e67e39bb0f1,"[[""rotowire"", ""17525""]]",matched,Franco Aleman,p_47ed758dc936cd8e92d1d3fb,pitcher,s_ad2c9cd6d2a4b7af156273fe,r_fb1ed5dc76fc8939cd1d080a,2026,RotoWire,CLE
s_1769136a938580d3918862fe,"[[""rotowire"", ""17812""]]",matched,Jason Alexander,p_ab80696a06cabb94d0590e17,pitcher,s_34aad421bfe6fbfaff97283d,r_fb1ed5dc76fc8939cd1d080a,2026,RotoWire,HOU
,"[[""rotowire"", ""11684""]]",unmatched,Scott Alexander,p_0708260b07e6d68ac2144df7,pitcher,s_264ee5fd97cdfdf43558be40,r_fb1ed5dc76fc8939cd1d080a,2026,RotoWire,FA
,"[[""rotowire"", ""14898""]]",unmatched,A.J. Alexy,p_2bfe3ee5349e3c5fb9242e0c,pitcher,s_04429aef3dfd75fd9aed39f0,r_fb1ed5dc76fc8939cd1d080a,2026,RotoWire,FA
,"[[""rotowire"", ""16049""]]",unmatched,Matt Allan,p_6143460a0490e4c190376a35,pitcher,s_6bf06853c35b87ee6a6f03bb,r_fb1ed5dc76fc8939cd1d080a,2026,RotoWire,NYM
s_46e7acf9705425eea1e2ce9a,"[[""rotowire"", ""13820""]]",matched,Kolby Allard,p_d37981ebca7896eb8c5d5e08,pitcher,s_ad008f879e465fc7added602,r_fb1ed5dc76fc8939cd1d080a,2026,RotoWire,CLE
,"[[""rotowire"", ""17884""]]",unmatched,Cam Alldred,p_b2169ab41b417292553b5051,pitcher,s_0ed2388411ef551883b237c3,r_fb1ed5dc76fc8939cd1d080a,2026,RotoWire,FA
,"[[""rotowire"", ""19697""]]",unmatched,Chase Allsup,p_2517694cee216c705e01c94d,pitcher,s_a400e1541ad81b720d6aa687,r_fb1ed5dc76fc8939cd1d080a,2026,RotoWire,BAL
,"[[""rotowire"", ""13722""]]",unmatched,Yency Almonte,p_6c82e9a0b6fe945635df2c80,pitcher,s_a875fcbf444cb2ebc9b7e480,r_fb1ed5dc76fc8939cd1d080a,2026,RotoWire,LAD
,"[[""rotowire"", ""14530""]]",unmatched,Dan Altavilla,p_c403496243559cd5f45b24de,pitcher,s_bdfb4d9e4355f5ca2fcd6749,r_fb1ed5dc76fc8939cd1d080a,2026,RotoWire,MIN
s_7a5c29a93adb21f9a08d4337,"[[""rotowire"", ""13995""]]",matched,Elvis Alvarado,p_8349a663da3750fe77506964,pitcher,s_09e8532c1e4f4ac4fe7ab5ad,r_fb1ed5dc76fc8939cd1d080a,2026,RotoWire,ATH
s_7ae324e4059c78d474d3dc07,"[[""rotowire"", ""14610""]]",matched,Jose Alvarado,p_6660c34756e8e079063c8590,pitcher,s_f7b7cb1405b211e04f7fbc12,r_fb1ed5dc76fc8939cd1d080a,2026,RotoWire,PHI
s_ef8c7420e9999da8da44cdb3,"[[""rotowire"", ""19439""]]",matched,Andrew Alvarez,p_3a56b40b2c57dca6ae8cf58e,pitcher,s_7f9591b058fdd1db884ec9b4,r_fb1ed5dc76fc8939cd1d080a,2026,RotoWire,WSH
,"[[""rotowire"", ""15098""]]",unmatched,Adbert Alzolay,p_3d406a525ca4f25bce055f31,pitcher,s_d8441cfb69a172b1b62c9a24,r_fb1ed5dc76fc8939cd1d080a,2026,RotoWire,NYM
,"[[""rotowire"", ""19971""]]",unmatched,Kyle Amendt,p_6c1b05c534f31628b3808d1e,pitcher,s_033f3e77bf89b7d021321914,r_fb1ed5dc76fc8939cd1d080a,2026,RotoWire,ARI
,"[[""rotowire"", ""19202""]]",unmatched,Ryan Ammons,p_d1e41089b5f3ee56c97e4f8f,pitcher,s_9c297a04b5776278c7b93c5d,r_fb1ed5dc76fc8939cd1d080a,2026,RotoWire,NYM
,"[[""rotowire"", ""19783""]]",unmatched,Aidan Anderson,p_630fb3e0ac6fa4b7e060f01e,pitcher,s_3359e82513470a4dd4d80c2d,r_fb1ed5dc76fc8939cd1d080a,2026,RotoWire,TEX
s_b9a57a94e91957dd1a08eb64,"[[""rotowire"", ""14602""]]",matched,Drew Anderson,p_1c8acb186b9d936cb16ba8c8,pitcher,s_524eb687adb4e4f3c7208d75,r_fb1ed5dc76fc8939cd1d080a,2026,RotoWire,DET
,"[[""rotowire"", ""14241""]]",unmatched,Ian Anderson,p_a519f6ec6b371e6f3cea0c99,pitcher,s_14434372266e1f7a0f192166,r_fb1ed5dc76fc8939cd1d080a,2026,RotoWire,FA
s_0491b0ab5851702ab6ccbf6d,"[[""rotowire"", ""14363""]]",matched,Shaun Anderson,p_8cb9b18f097241aaca305ef9,pitcher,s_ad4a6ec31c7ee36215220d40,r_fb1ed5dc76fc8939cd1d080a,2026,RotoWire,LAA
,"[[""rotowire"", ""11976""]]",unmatched,Justin Anderson,p_ea7c0edc46772cd2ffdb1820,pitcher,s_5164178db0d1f68acaa1d73e,r_fb1ed5dc76fc8939cd1d080a,2026,RotoWire,CWS
,"[[""rotowire"", ""12142""]]",unmatched,Tyler Anderson,p_b953f455340d5c6f3524bb9f,pitcher,s_f79a9191db1d4d2985bf612c,r_fb1ed5dc76fc8939cd1d080a,2026,RotoWire,FA
,"[[""rotowire"", ""12419""]]",unmatched,Chase Anderson,p_105eb80f07e805c7f41287cc,pitcher,s_728ab4d01b0d5e895954c81b,r_fb1ed5dc76fc8939cd1d080a,2026,RotoWire,FA
s_1bdb97d9c2b11ff14282648c,"[[""rotowire"", ""16000""]]",matched,Grant Anderson,p_30de042ebbb0b98c455a5266,pitcher,s_17d5978d0e70f0d886c4d08c,r_fb1ed5dc76fc8939cd1d080a,2026,RotoWire,MIL
,"[[""rotowire"", ""15796""]]",unmatched,Nick Anderson,p_0ab41d8d7c86beb019a22451,pitcher,s_224a66767dcfb9ff7f6a7268,r_fb1ed5dc76fc8939cd1d080a,2026,RotoWire,ATH
,"[[""rotowire"", ""16587""]]",unmatched,Clayton Andrews,p_7be885804c534c08bd7d6a5d,pitcher,s_0d20c1f3d1290b08b4ff19c3,r_fb1ed5dc76fc8939cd1d080a,2026,RotoWire,SF
s_1dd57cb3874cecee1a3b03aa,"[[""rotowire"", ""17741""]]",matched,Tanner Andrews,p_28abf5cc48d77ded7411a157,pitcher,s_ced59eb3acfa93540d7dda19,r_fb1ed5dc76fc8939cd1d080a,2026,RotoWire,TOR
,"[[""rotowire"", ""12237""]]",unmatched,Matt Andriese,p_53d24520cb624430a2f98b09,pitcher,s_88ee92bde93889b050d18d85,r_fb1ed5dc76fc8939cd1d080a,2026,RotoWire,MIA
,"[[""rotowire"", ""20007""]]",unmatched,Roman Angelo,p_5d1d79d4be7991817248caf8,pitcher,s_c1b87dbbde7e5c76aaedaeac,r_fb1ed5dc76fc8939cd1d080a,2026,RotoWire,ARI
s_28661e30d348dba2210f3a44,"[[""rotowire"", ""16495""]]",matched,Tejay Antone,p_cf9fa37e74c0fa0c64a54b23,pitcher,s_c77a1898a876049f00b4004e,r_fb1ed5dc76fc8939cd1d080a,2026,RotoWire,CIN
,"[[""rotowire"", ""20120""]]",unmatched,Rayven Antonio,p_f16c1dac5f1daf625ea629db,pitcher,s_f2cf9f6070b78d69a1272f5c,r_fb1ed5dc76fc8939cd1d080a,2026,RotoWire,ATL
,"[[""rotowire"", ""19935""]]",unmatched,Koyo Aoyagi,p_8aea86436949afb53a5c59cb,pitcher,s_97101cdc1564c75780a5514c,r_fb1ed5dc76fc8939cd1d080a,2026,RotoWire,PHI
,"[[""rotowire"", ""19820""]]",unmatched,Cesar Aquino,p_f90287cb6b8e2c6fffcd7ba1,pitcher,s_a9d3b089446b848ab501f6ac,r_fb1ed5dc76fc8939cd1d080a,2026,RotoWire,PIT
,"[[""rotowire"", ""19125""]]",unmatched,Patricio Aquino,p_acc6dca09e47f3a24327c74f,pitcher,s_d908f40ff8372aaf59dd2ebd,r_fb1ed5dc76fc8939cd1d080a,2026,RotoWire,MIL
,"[[""rotowire"", ""20403""]]",unmatched,Wellington Aracena,p_01f6bbd3778649154b668994,pitcher,s_2f4db90be76cdb69657e00ec,r_fb1ed5dc76fc8939cd1d080a,2026,RotoWire,ARI
,"[[""rotowire"", ""20017""]]",unmatched,Luis Arestigueta,p_81db52156cea7f6dce490c7a,pitcher,s_76a5108d089909aca133a441,r_fb1ed5dc76fc8939cd1d080a,2026,RotoWire,ATL
,"[[""rotowire"", ""19113""]]",unmatched,Benjamin Arias,p_c168768434e73b2b5dd739a7,pitcher,s_7805442beaccf65a0a0096e3,r_fb1ed5dc76fc8939cd1d080a,2026,RotoWire,STL
,"[[""rotowire"", ""18797""]]",unmatched,Michael Arias,p_3efc450f1c112b4a023c3ae5,pitcher,s_52ef9c9d205f5f08d8e78c5b,r_fb1ed5dc76fc8939cd1d080a,2026,RotoWire,NYY
,"[[""rotowire"", ""16420""]]",unmatched,Luarbert Arias,p_d5bc8c7c6e727dece54940e9,pitcher,s_dbb89a49c4a80d0bc652c901,r_fb1ed5dc76fc8939cd1d080a,2026,RotoWire,FA
,"[[""rotowire"", ""17000""]]",unmatched,Jaime Arias,p_7951c6a8d60a0931bc045138,pitcher,s_ac3f16d621bb20ebaaaa31e2,r_fb1ed5dc76fc8939cd1d080a,2026,RotoWire,FA
,"[[""rotowire"", ""18387""]]",unmatched,Justin Armbruester,p_9ed4926d02a9805883a9231e,pitcher,s_e8044a34702ff2b863f5134e,r_fb1ed5dc76fc8939cd1d080a,2026,RotoWire,NYM
,"[[""rotowire"", ""18568""]]",unmatched,Erubiel Armenta,p_a705cebd70120f1ce41ccf11,pitcher,s_60e6c789daeb5f6e5b66e4ee,r_fb1ed5dc76fc8939cd1d080a,2026,RotoWire,PHI
s_3c2f2d6898cd2f167b5801c1,"[[""rotowire"", ""13661""]]",matched,Shawn Armstrong,p_000215aa0a15c0d7ca6d5492,pitcher,s_e640bc8bd3c8454846755b00,r_fb1ed5dc76fc8939cd1d080a,2026,RotoWire,CLE
,"[[""rotowire"", ""20449""]]",unmatched,Sam Armstrong,p_aabeb40de5dc5d174a718961,pitcher,s_5222836430caa6304b1e6bcd,r_fb1ed5dc76fc8939cd1d080a,2026,RotoWire,MIN
,"[[""rotowire"", ""19822""]]",unmatched,Felix Arronde,p_5853e60688f9b8e9fb9c02ab,pitcher,s_9c285e52957032298b492e77,r_fb1ed5dc76fc8939cd1d080a,2026,RotoWire,KC
s_c0bc4c70cc772d6f0abf23ea,"[[""rotowire"", ""15540""]]",matched,Aaron Ashby,p_ce0a7b766c90514f3d557d6b,pitcher,s_05af1499743ad27ac3f9de42,r_fb1ed5dc76fc8939cd1d080a,2026,RotoWire,MIL
s_b6eb5332ce0c27cf758da7e5,"[[""rotowire"", ""15488""]]",matched,Braxton Ashcraft,p_d931f098ccb7246a53c02b23,pitcher,s_58ee4d655966670a532d22d5,r_fb1ed5dc76fc8939cd1d080a,2026,RotoWire,PIT
s_fd2da5fcef3808c423ae2064,"[[""rotowire"", ""16192""]]",matched,Graham Ashcraft,p_14ae2075371d15014297c7ae,pitcher,s_2945d8db294971bc58dc7928,r_fb1ed5dc76fc8939cd1d080a,2026,RotoWire,CIN
,"[[""rotowire"", ""20451""]]",unmatched,Micah Ashman,p_e3e1736fa79fb6d275724349,pitcher,s_5ed39bd05b33b4564265bd0b,r_fb1ed5dc76fc8939cd1d080a,2026,RotoWire,BAL
,"[[""rotowire"", ""17913""]]",unmatched,Keyshawn Askew,p_293c9922b4671dfbca0f8816,pitcher,s_2a622a0ed01a01346749e1c7,r_fb1ed5dc76fc8939cd1d080a,2026,RotoWire,TB
s_977c6800472d0f2a3358687f,"[[""rotowire"", ""15233""]]",matched,Javier Assad,p_e57a7daba23968e0156d47d8,pitcher,s_9f0b3f3e9149946c020e1b84,r_fb1ed5dc76fc8939cd1d080a,2026,RotoWire,CHC
,"[[""rotowire"", ""19387""]]",unmatched,Jose Atencio,p_5009430d7f62b0f7d593550b,pitcher,s_c17adbe4b282fdbe71395c0c,r_fb1ed5dc76fc8939cd1d080a,2026,RotoWire,FA
,"[[""rotowire"", ""17571""]]",unmatched,Mason Auer,p_80ee785270000549f410fdce,pitcher,s_1cb2e2390b0fbe8a112aa7be,r_fb1ed5dc76fc8939cd1d080a,2026,RotoWire,TB
,"[[""rotowire"", ""19952""]]",unmatched,Brooks Auger,p_8fd6f8b3ffe30dcb3f8b5f1a,pitcher,s_de530a10b65680acd2918d7b,r_fb1ed5dc76fc8939cd1d080a,2026,RotoWire,LAD
,"[[""rotowire"", ""19769""]]",unmatched,Kelly Austin,p_469a72b628eb04ab86f73e2f,pitcher,s_063b2bbc0cd8e0d885f4402e,r_fb1ed5dc76fc8939cd1d080a,2026,RotoWire,NYY
s_096245a72f0bbc0b2d09bb10,"[[""rotowire"", ""18728""]]",matched,Luinder Avila,p_f8207c80dd8d374f9e4cc152,pitcher,s_4b83386ab430086495361d6f,r_fb1ed5dc76fc8939cd1d080a,2026,RotoWire,KC
,"[[""rotowire"", ""18284""]]",unmatched,Nick Avila,p_6c9a5d78fb66d82c715d7723,pitcher,s_c2a1a2ee387929cbaa5f7640,r_fb1ed5dc76fc8939cd1d080a,2026,RotoWire,FA
,"[[""rotowire"", ""14626""]]",unmatched,Pedro Avila,p_95c6ecd0d70442f78c70a2b8,pitcher,s_3d907a3991127730a0a40570,r_fb1ed5dc76fc8939cd1d080a,2026,RotoWire,FA
s_60f98c8a547819ce640f5444,"[[""rotowire"", ""14313""]]",matched,Lake Bachar,p_e333710884baecb1ae5dba0f,pitcher,s_7d08a9b76af5b8f0b8448821,r_fb1ed5dc76fc8939cd1d080a,2026,RotoWire,MIA
s_9fe516a73be0a4ad6e5e1371,"[[""rotowire"", ""17309""]]",matched,Sam Bachman,p_67c782a89ca0d0934cb67da0,pitcher,s_1f69d8750d3f7ba8256d97ee,r_fb1ed5dc76fc8939cd1d080a,2026,RotoWire,LAA
s_fee8810aa3fc8150d8c3e59c,"[[""rotowire"", ""20010""]]",matched,Kyle Backhus,p_05b053aef1fe89fcd847726e,pitcher,s_562775cf25cd3f31f8e59c34,r_fb1ed5dc76fc8939cd1d080a,2026,RotoWire,PHI
,"[[""rotowire"", ""16578""]]",unmatched,Henry Baez,p_b01177856291f855f08576b9,pitcher,s_fba4fb50e26485dae141c8e7,r_fb1ed5dc76fc8939cd1d080a,2026,RotoWire,ATH
,"[[""rotowire"", ""19790""]]",unmatched,Ethan Bagwell,p_e04be8fef2f5dd8e988dace3,pitcher,s_29f4b592bc5204252c0b11db,r_fb1ed5dc76fc8939cd1d080a,2026,RotoWire,ATL
,"[[""rotowire"", ""18388""]]",unmatched,Andrew Baker,p_be6954e1cbb9c06955b39b73,pitcher,s_23d55f5a294781a12679f6ab,r_fb1ed5dc76fc8939cd1d080a,2026,RotoWire,PHI
s_63c03ebe243f9a6ce8f10f65,"[[""rotowire"", ""15697""]]",matched,Bryan Baker,p_5c31828b78f7ebd5a1f567ea,pitcher,s_1738f243cfb1a99899c2a7dc,r_fb1ed5dc76fc8939cd1d080a,2026,RotoWire,TB
,"[[""rotowire"", ""20527""]]",unmatched,Trent Baker,p_fb2d18f77d5045e07579218f,pitcher,s_e38f5665a6c6532ffe476422,r_fb1ed5dc76fc8939cd1d080a,2026,RotoWire,MIN
,"[[""rotowire"", ""15575""]]",unmatched,Jordan Balazovic,p_dfa7952fe01552a7b1c1ba5b,pitcher,s_5b5a92e25236e48854d0e35c,r_fb1ed5dc76fc8939cd1d080a,2026,RotoWire,FA
,"[[""rotowire"", ""20495""]]",unmatched,Bryan Balzer,p_cdc76494a53cb0803d6789f2,pitcher,s_650cbcf8676fa1ac45a084bc,r_fb1ed5dc76fc8939cd1d080a,2026,RotoWire,SD
s_62ff09a1dcd7bdf2abd885f4,"[[""rotowire"", ""13591""]]",matched,Anthony Banda,p_dae655bcb2a707499b8da77f,pitcher,s_4ae5c13d3dec7187155fae83,r_fb1ed5dc76fc8939cd1d080a,2026,RotoWire,MIN
s_eddc86a80b9f1404a90b19fd,"[[""rotowire"", ""17811""]]",matched,Tanner Banks,p_a55e1314437f703697888e9a,pitcher,s_f58c4f95ff890a6b6b20d0b8,r_fb1ed5dc76fc8939cd1d080a,2026,RotoWire,PHI
,"[[""rotowire"", ""17044""]]",unmatched,Caleb Baragar,p_9cc694dc62fc282668a6b763,pitcher,s_d3c25c6953d5fa9da01db9b1,r_fb1ed5dc76fc8939cd1d080a,2026,RotoWire,MIN
,"[[""rotowire"", ""20725""]]",unmatched,Gabriel Barbosa,p_47ef362a9f3e9b96580f3b01,pitcher,s_685fc829eb02cdfbe047683b,r_fb1ed5dc76fc8939cd1d080a,2026,RotoWire,FA
,"[[""rotowire"", ""19095""]]",unmatched,Edgar Barclay,p_b30305f110209cb7d25744e5,pitcher,s_0bc301692a82e6e53a6f86db,r_fb1ed5dc76fc8939cd1d080a,2026,RotoWire,NYY
s_6a4818b77aedb33fbfef64a6,"[[""rotowire"", ""16068""]]",matched,Hunter Barco,p_bad965b08abad35f7f072927,pitcher,s_41bba3a6a43b0537bb54e299,r_fb1ed5dc76fc8939cd1d080a,2026,RotoWire,PIT
,"[[""rotowire"", ""9283""]]",unmatched,Daniel Bard,p_58532e7aec532694cfec84ee,pitcher,s_a3df68046c77943a95c495db,r_fb1ed5dc76fc8939cd1d080a,2026,RotoWire,FA
,"[[""rotowire"", ""19092""]]",unmatched,Alec Barger,p_59a430898799dfcef4702e56,pitcher,s_c6c4492cdb4589d47f351b3d,r_fb1ed5dc76fc8939cd1d080a,2026,RotoWire,COL
,"[[""rotowire"", ""16436""]]",unmatched,Luke Barker,p_7b8e05e52f9223d4b94dd7ee,pitcher,s_84d1df1adf80fbea887966ef,r_fb1ed5dc76fc8939cd1d080a,2026,RotoWire,SEA
,"[[""rotowire"", ""16371""]]",unmatched,Joe Barlow,p_68e6ea731a33c17f55ebaf18,pitcher,s_819f54c2410d92ce68371090,r_fb1ed5dc76fc8939cd1d080a,2026,RotoWire,FA
s_ba18933ff734fe6ed764f9a2,"[[""rotowire"", ""15272""]]",matched,Scott Barlow,p_7f60fe780813d2e2f804a47f,pitcher,s_4ced7b9890859c8d08fb63b1,r_fb1ed5dc76fc8939cd1d080a,2026,RotoWire,ATH
,"[[""rotowire"", ""12133""]]",unmatched,Matt Barnes,p_d3e47d25df32e1ad7d0af3f1,pitcher,s_48a018d5627a43efbf3543be,r_fb1ed5dc76fc8939cd1d080a,2026,RotoWire,FA
,"[[""rotowire"", ""14092""]]",unmatched,Jacob Barnes,p_a0b216e0f9bfe85b303b93e1,pitcher,s_046f0e01ba3ac114b85324ba,r_fb1ed5dc76fc8939cd1d080a,2026,RotoWire,FA
s_aebfc3a9ab227f190b9c55c0,"[[""rotowire"", ""14908""]]",matched,Charlie Barnes,p_f732808de15e4b6e01ed6e5e,pitcher,s_616ef2c9ccaaeabb97487640,r_fb1ed5dc76fc8939cd1d080a,2026,RotoWire,CHC
s_52ced970dc6e5ad9f8e96f16,"[[""rotowire"", ""18118""]]",matched,Mason Barnett,p_a88afe1f0743c6b59b5fa48c,pitcher,s_84bef2c1e7861ff427632396,r_fb1ed5dc76fc8939cd1d080a,2026,RotoWire,ATH
,"[[""rotowire"", ""14022""]]",unmatched,Kyle Barraclough,p_c24fbfea668599544b358597,pitcher,s_3d7ed5c1dedcc6322b15c8eb,r_fb1ed5dc76fc8939cd1d080a,2026,RotoWire,FA
,"[[""rotowire"", ""14511""]]",unmatched,Jaime Barria,p_7097cb1967207f12e51d9d70,pitcher,s_59b0bc14532a74cb022c307a,r_fb1ed5dc76fc8939cd1d080a,2026,RotoWire,FA
,"[[""rotowire"", ""17936""]]",unmatched,Brandon Barriera,p_0a250beb094f16e2c6970ae4,pitcher,s_18e872e8dc1e5861e4c9c96e,r_fb1ed5dc76fc8939cd1d080a,2026,RotoWire,TOR
,"[[""rotowire"", ""20003""]]",unmatched,Andrew Bash,p_099d42a8db8588f51cda388b,pitcher,s_52e1cc6564414e5bdd023fcc,r_fb1ed5dc76fc8939cd1d080a,2026,RotoWire,MIN
s_84686d72f2dba058a7c4bd1f,"[[""rotowire"", ""13613""]]",matched,Chris Bassitt,p_fac8fe6d0d4a7a73a2dc5d0b,pitcher,s_12013fb886c3b5b3a867a185,r_fb1ed5dc76fc8939cd1d080a,2026,RotoWire,BAL
s_4ce3bf8d7854fdce774202e9,"[[""rotowire"", ""19190""]]",matched,Brady Basso,p_4946d0fafc0d0ae33e1e930e,pitcher,s_23594cd3339f56e30480cd45,r_fb1ed5dc76fc8939cd1d080a,2026,RotoWire,ATH
,"[[""rotowire"", ""19085""]]",unmatched,Angel Bastardo,p_f0f646aba3ed7734d1c51d98,pitcher,s_b02671286d1c990541263111,r_fb1ed5dc76fc8939cd1d080a,2026,RotoWire,TOR
,"[[""rotowire"", ""19535""]]",unmatched,Boston Bateman,p_f759cde68c0b6b6059131edf,pitcher,s_59a378508792b51bd1cbcb9b,r_fb1ed5dc76fc8939cd1d080a,2026,RotoWire,BAL
,"[[""rotowire"", ""19752""]]",unmatched,Gilberto Batista,p_8ef804b94c66286eca8f3af6,pitcher,s_6b87059dec00076dd2cd41d1,r_fb1ed5dc76fc8939cd1d080a,2026,RotoWire,TOR
,"[[""rotowire"", ""19107""]]",unmatched,Aldrin Batista,p_211c40815dbb1ae38cbdbbad,pitcher,s_8550d1aa2ac1217c72338394,r_fb1ed5dc76fc8939cd1d080a,2026,RotoWire,CWS
,"[[""rotowire"", ""18725""]]",unmatched,Edinson Batista,p_c037ddfae6b10d935caaca94,pitcher,s_d0205ddcafda68504bb386a7,r_fb1ed5dc76fc8939cd1d080a,2026,RotoWire,TOR
,"[[""rotowire"", ""17550""]]",unmatched,Peyton Battenfield,p_8f876a72ad63d660fdc99c0d,pitcher,s_2bd3195474120fc8522ee9bc,r_fb1ed5dc76fc8939cd1d080a,2026,RotoWire,FA
,"[[""rotowire"", ""16229""]]",unmatched,Tyler Baum,p_ea96e57bfe0909bff7ac5c00,pitcher,s_45ad13a8d6912afcb487d677,r_fb1ed5dc76fc8939cd1d080a,2026,RotoWire,WSH
,"[[""rotowire"", ""14924""]]",unmatched,Mike Baumann,p_f0e932e5c5359b78e6c6ccc5,pitcher,s_11287d9ac28c97ef79567320,r_fb1ed5dc76fc8939cd1d080a,2026,RotoWire,NYM
,"[[""rotowire"", ""18917""]]",unmatched,Garrett Baumann,p_90bf3fa01cc545416762961c,pitcher,s_90082eea91c6edabe4e0e6ea,r_fb1ed5dc76fc8939cd1d080a,2026,RotoWire,ATL
,"[[""rotowire"", ""17341""]]",unmatched,Jackson Baumeister,p_fb1610e2bbb20d1a6809b4c3,pitcher,s_0b070ac07d3a9b29c6bdb9c1,r_fb1ed5dc76fc8939cd1d080a,2026,RotoWire,TB
s_021a7b42b1348a506e8e3d18,"[[""rotowire"", ""16796""]]",matched,Carter Baumler,p_45af90dea0a15679463264ff,pitcher,s_70e54aa9970aa17262b01623,r_fb1ed5dc76fc8939cd1d080a,2026,RotoWire,TEX
,"[[""rotowire"", ""17297""]]",unmatched,Kelvin Bautista,p_2397490d8f53f2573574037c,pitcher,s_d9ce5365d687c2388431bf13,r_fb1ed5dc76fc8939cd1d080a,2026,RotoWire,LAD
s_e4d49643903b6f3716911a23,"[[""rotowire"", ""17700""]]",matched,Felix Bautista,p_cc3893db1d216499b15a96b7,pitcher,s_86c270b67e17b539dc6bcf96,r_fb1ed5dc76fc8939cd1d080a,2026,RotoWire,BAL
,"[[""rotowire"", ""18719""]]",unmatched,Jorge Bautista,p_15da41d31b72719990c40247,pitcher,s_845e76ce016c053568277609,r_fb1ed5dc76fc8939cd1d080a,2026,RotoWire,FA
s_056153c3bfe230e5fe5d2660,"[[""rotowire"", ""14774""]]",matched,Shane Baz,p_10a3e264d0d762f0a6116bf0,pitcher,s_0d7a85627da562938036f05a,r_fb1ed5dc76fc8939cd1d080a,2026,RotoWire,BAL
s_190ae9b1e25acf550e08b099,"[[""rotowire"", ""17129""]]",matched,Eduard Bazardo,p_69bf94efbaeb173840b3fe59,pitcher,s_603a7fa637a85021fd2334bf,r_fb1ed5dc76fc8939cd1d080a,2026,RotoWire,SEA
,"[[""rotowire"", ""19545""]]",unmatched,Drew Beam,p_f8b705f42c0c08e7c6aae698,pitcher,s_e126c0365e605e70837a0ddf,r_fb1ed5dc76fc8939cd1d080a,2026,RotoWire,KC
,"[[""rotowire"", ""17241""]]",unmatched,Octavio Becerra,p_d530f054b6de731d8475f8f2,pitcher,s_dc1b08180d7abc9de9b57d7f,r_fb1ed5dc76fc8939cd1d080a,2026,RotoWire,FA
s_0f6173d6b1e5e595b31cddde,"[[""rotowire"", ""17447""]]",matched,Brendan Beck,p_20cfc1ed708ec62614a8be4a,pitcher,s_e9f44b929da6498d83f1e4b0,r_fb1ed5dc76fc8939cd1d080a,2026,RotoWire,NYY
s_d30c48a12ee464285dda7324,"[[""rotowire"", ""14816""]]",matched,Tristan Beck,p_5e4be1b675696e14d59387d7,pitcher,s_569a4ab274f1c1ffc0aac1bf,r_fb1ed5dc76fc8939cd1d080a,2026,RotoWire,SF
,"[[""rotowire"", ""15457""]]",unmatched,Austin Becker,p_2014debbb7ad323cc9d51ce1,pitcher,s_3bf97afa67d3cba53c6d58e4,r_fb1ed5dc76fc8939cd1d080a,2026,RotoWire,COL
,"[[""rotowire"", ""16768""]]",unmatched,Ian Bedell,p_367c6779a99b1eab995d103d,pitcher,s_3382fcf6bc5ef24fddcf5df4,r_fb1ed5dc76fc8939cd1d080a,2026,RotoWire,STL
s_e4bac585e3b34e1866ddb144,"[[""rotowire"", ""15902""]]",matched,David Bednar,p_bc5886f85f668aec59f650a3,pitcher,s_20a9db26a02c74fd697d0b28,r_fb1ed5dc76fc8939cd1d080a,2026,RotoWire,NYY
,"[[""rotowire"", ""17328""]]",unmatched,Will Bednar,p_46de24249115b077eb5b3ed5,pitcher,s_7c960a857dcf7cdbb1904987,r_fb1ed5dc76fc8939cd1d080a,2026,RotoWire,SF
,"[[""rotowire"", ""12165""]]",unmatched,Tyler Beede,p_00e41898fe892d9e62006beb,pitcher,s_f339d067f79f4bb0736874c8,r_fb1ed5dc76fc8939cd1d080a,2026,RotoWire,CHC
s_cfa6b32c1af4ba0e54a86208,"[[""rotowire"", ""15207""]]",matched,Jalen Beeks,p_c5b82d72e1ce8ed1000e8ca9,pitcher,s_7aed22939a32c3a2bf7c9dbb,r_fb1ed5dc76fc8939cd1d080a,2026,RotoWire,TEX
,"[[""rotowire"", ""19726""]]",unmatched,Charlie Beilenson,p_53d5f385d35749ca58f9eb5d,pitcher,s_1282e24be6317d2fe4c747ee,r_fb1ed5dc76fc8939cd1d080a,2026,RotoWire,SEA
,"[[""rotowire"", ""14324""]]",unmatched,Jeff Belge,p_33ee981e355453a3e96307bf,pitcher,s_06cdc048e1796c4418c8af49,r_fb1ed5dc76fc8939cd1d080a,2026,RotoWire,CHC
,"[[""rotowire"", ""19251""]]",unmatched,Nigel Belgrave,p_fd21d1e8c756cdf66c61466f,pitcher,s_c47ec4345e3cd7e05b9297ce,r_fb1ed5dc76fc8939cd1d080a,2026,RotoWire,MIA
,"[[""rotowire"", ""13779""]]",unmatched,Andrew Bellatti,p_d38cf618d2e0522fa96017de,pitcher,s_b6a672d8e8a5f5908df9a023,r_fb1ed5dc76fc8939cd1d080a,2026,RotoWire,PHI
s_5ab33ffb3e0d9de19f369be9,"[[""rotowire"", ""15839""]]",matched,Brayan Bello,p_b43c67aae95620f8ae32f063,pitcher,s_22d6db56ca20ecfbab1e3dbb,r_fb1ed5dc76fc8939cd1d080a,2026,RotoWire,BOS
,"[[""rotowire"", ""19970""]]",unmatched,Juan Bello,p_4b812785df47707352aee538,pitcher,s_79c19aaf9df37cc5495a8dee,r_fb1ed5dc76fc8939cd1d080a,2026,RotoWire,HOU
,"[[""rotowire"", ""20142""]]",unmatched,Jose Bello,p_67f6dee8653697c285858582,pitcher,s_2c01cc199312cf4ca3730d2a,r_fb1ed5dc76fc8939cd1d080a,2026,RotoWire,BOS
s_e0632752b3028dfba8643637,"[[""rotowire"", ""19348""]]",matched,Valente Bellozo,p_78a8db997f51090cfa594d12,pitcher,s_b54fe9d62534073c2f494b32,r_fb1ed5dc76fc8939cd1d080a,2026,RotoWire,COL
s_1b75da176b64dc487a4c95c6,"[[""rotowire"", ""17218""]]",matched,Anthony Bender,p_56f8cacbf95fa9e9ccd5f037,pitcher,s_ccdf7d168096c840b25ca2f5,r_fb1ed5dc76fc8939cd1d080a,2026,RotoWire,MIA
,"[[""rotowire"", ""19489""]]",unmatched,Keyner Benitez,p_1be5bf7aa61b385a5b471fad,pitcher,s_8ea693f752586e5c7f7fc534,r_fb1ed5dc76fc8939cd1d080a,2026,RotoWire,MIA
,"[[""rotowire"", ""19119""]]",unmatched,Angel Benitez,p_06c1a4a660b3c0ee4d5f7e62,pitcher,s_5ff601ed1be4893c908bd6a9,r_fb1ed5dc76fc8939cd1d080a,2026,RotoWire,NYY
,"[[""rotowire"", ""15741""]]",unmatched,Jorge Benitez,p_6bc49aac0d02c2bbe4e512a0,pitcher,s_69c29c0045a34634f73e0d05,r_fb1ed5dc76fc8939cd1d080a,2026,RotoWire,FA
,"[[""rotowire"", ""17019""]]",unmatched,Wes Benjamin,p_ef74f749a1c4c68059860cea,pitcher,s_499b7f4f1f0e81bfdf3407c4,r_fb1ed5dc76fc8939cd1d080a,2026,RotoWire,SD
,"[[""rotowire"", ""16454""]]",unmatched,Nick Bennett,p_1eb91592d723dfe01f54c2d2,pitcher,s_8db4e7194fcc71519d816ade,r_fb1ed5dc76fc8939cd1d080a,2026,RotoWire,MIL
s_8896b984ab1cb88e5702a18d,"[[""rotowire"", ""18002""]]",matched,Jake Bennett,p_2cd1bbdbc7d02b4f5c0e4a81,pitcher,s_e1f52ec2819f17b068323800,r_fb1ed5dc76fc8939cd1d080a,2026,RotoWire,BOS
,"[[""rotowire"", ""18546""]]",unmatched,Donovan Benoit,p_cc318d7e1a2f5eb94103ae85,pitcher,s_fb2ffc0d14579521e7a7981a,r_fb1ed5dc76fc8939cd1d080a,2026,RotoWire,FA
,"[[""rotowire"", ""20287""]]",unmatched,Sam Benschoter,p_eb0997d2b29c2add52f376a1,pitcher,s_7a32c5f245ee344adcd8efa4,r_fb1ed5dc76fc8939cd1d080a,2026,RotoWire,CIN
,"[[""rotowire"", ""18741""]]",unmatched,Ryan Bergert,p_d7f2444c7ee2b6c235a4afbc,pitcher,s_5307cb5fa2d2d8f369d7c3e3,r_fb1ed5dc76fc8939cd1d080a,2026,RotoWire,KC
,"[[""rotowire"", ""17467""]]",unmatched,Jesse Bergin,p_60e9c11634d572534427454f,pitcher,s_b960fa2b2f0bffc353f2f9d9,r_fb1ed5dc76fc8939cd1d080a,2026,RotoWire,FA
,"[[""rotowire"", ""18157""]]",unmatched,Austin Bergner,p_ef5f8c0d87d84e0b4e56a5e2,pitcher,s_e3e1e57a444733d69f533c32,r_fb1ed5dc76fc8939cd1d080a,2026,RotoWire,TEX
,"[[""rotowire"", ""17699""]]",unmatched,Jonathan Bermudez,p_a54fd933b174d964743ec0f6,pitcher,s_5095dc4fba5bdf399a3c97e0,r_fb1ed5dc76fc8939cd1d080a,2026,RotoWire,FA
,"[[""rotowire"", ""18114""]]",unmatched,Jonatan Bernal,p_7da7d60c24947e1ac34f0948,pitcher,s_38d4e55464937bc1aeb931a1,r_fb1ed5dc76fc8939cd1d080a,2026,RotoWire,ARI
s_53ae10f5d2ebbe01201ae28d,"[[""rotowire"", ""18212""]]",matched,Brennan Bernardino,p_07394d99dcbd9729eb1c244b,pitcher,s_17f2ef6270a28339bb189ba1,r_fb1ed5dc76fc8939cd1d080a,2026,RotoWire,COL
,"[[""rotowire"", ""12492""]]",unmatched,Jose Berrios,p_f0656b8cbc96ad065e088776,pitcher,s_a9b4fd3e6ab91372b605a307,r_fb1ed5dc76fc8939cd1d080a,2026,RotoWire,TOR
,"[[""rotowire"", ""16419""]]",unmatched,Prelander Berroa,p_db3716d9e9af1f0cdd224e71,pitcher,s_a3a5bf8bdcce6002cd481873,r_fb1ed5dc76fc8939cd1d080a,2026,RotoWire,CWS
s_55b830866094ece19e48b90f,"[[""rotowire"", ""17443""]]",matched,Tanner Bibee,p_17e93d5e2f0eff121bd2e922,pitcher,s_4ea0e8ba5ebb276a47a29537,r_fb1ed5dc76fc8939cd1d080a,2026,RotoWire,CLE
,"[[""rotowire"", ""12961""]]",unmatched,Phil Bickford,p_f2353c7398d9ebe3ca7c4f2d,pitcher,s_80183d6149301eda63c5d880,r_fb1ed5dc76fc8939cd1d080a,2026,RotoWire,DET
s_5e7150a9fb93b663a98d7aba,"[[""rotowire"", ""17924""]]",matched,Osvaldo Bido,p_05853e333f5ea183e286e9f3,pitcher,s_c2983ea9e81c1508c6099caa,r_fb1ed5dc76fc8939cd1d080a,2026,RotoWire,NYY
s_5c7572abd9426010e0eabcee,"[[""rotowire"", ""19273""]]",matched,Brandan Bidois,p_f291c89c85ccbcc1a5b86d36,pitcher,s_f096a15291b2715045f8289b,r_fb1ed5dc76fc8939cd1d080a,2026,RotoWire,PIT
s_3c9f95c4e2aea5e8cde969a6,"[[""rotowire"", ""14383""]]",matched,Shane Bieber,p_9d536cb354f545a79cf263ad,pitcher,s_5e7a22ab833cad21b60282e5,r_fb1ed5dc76fc8939cd1d080a,2026,RotoWire,TOR
,"[[""rotowire"", ""15722""]]",unmatched,Brandon Bielak,p_41b0423f1a79b0dc86e207ec,pitcher,s_57cff3e1b92b7af276a9033a,r_fb1ed5dc76fc8939cd1d080a,2026,RotoWire,FA
s_fa93df40e88b880873a9baa5,"[[""rotowire"", ""19677""]]",matched,Hunter Bigge,p_19dec057e552049568aaec59,pitcher,s_a69ed7ac9bdf1e86f70e84f9,r_fb1ed5dc76fc8939cd1d080a,2026,RotoWire,TB
,"[[""rotowire"", ""19054""]]",unmatched,Ryan Birchard,p_b0fac6604e849de965038e3c,pitcher,s_dd552accf835b8230b95f9fc,r_fb1ed5dc76fc8939cd1d080a,2026,RotoWire,MIL
s_b99fbe52c8462e3b665644e4,"[[""rotowire"", ""17917""]]",matched,Jake Bird,p_ab201d9f00a18e2a1bcb84f8,pitcher,s_3e72fa6e0785b6b8645834f6,r_fb1ed5dc76fc8939cd1d080a,2026,RotoWire,NYY
,"[[""rotowire"", ""18010""]]",unmatched,Brandon Birdsell,p_f2fd1a1d008dbcabf087a561,pitcher,s_5143f9e7d40d54110a1f61ae,r_fb1ed5dc76fc8939cd1d080a,2026,RotoWire,CHC
,"[[""rotowire"", ""18391""]]",unmatched,Hayden Birdsong,p_d91a1459eee9777c42e1c294,pitcher,s_86e9c4703e923024daa90624,r_fb1ed5dc76fc8939cd1d080a,2026,RotoWire,SF
,"[[""rotowire"", ""16687""]]",unmatched,Nick Bitsko,p_82ab4eba3a0906ec300985f0,pitcher,s_b0d5af86096d548a6f1d702a,r_fb1ed5dc76fc8939cd1d080a,2026,RotoWire,FA
s_fe535a2d98543da844019f39,"[[""rotowire"", ""19302""]]",matched,Spencer Bivens,p_af8228da2186a3c55a0c0647,pitcher,s_aae2bcd9d96ff918fe948e2a,r_fb1ed5dc76fc8939cd1d080a,2026,RotoWire,SF
s_d610211e43f771ee6f04eea4,"[[""rotowire"", ""13198""]]",matched,Ty Blach,p_dccf73052bae55c71948ac4c,pitcher,s_3219ee8482f2f624dc4ec859,r_fb1ed5dc76fc8939cd1d080a,2026,RotoWire,TEX
s_3596207c4a4ae727734fdeff,"[[""rotowire"", ""12505""]]",matched,Paul Blackburn,p_e6f97a8200763e284decf5ae,pitcher,s_6bdd30c677b24b708db0e278,r_fb1ed5dc76fc8939cd1d080a,2026,RotoWire,NYY
,"[[""rotowire"", ""17020""]]",unmatched,Nolan Blackwood,p_61c4e98def85d005c75b171e,pitcher,s_a7b49bc54cc38d203947cdbe,r_fb1ed5dc76fc8939cd1d080a,2026,RotoWire,FA
s_ef07160c1096a2c310406a24,"[[""rotowire"", ""19014""]]",matched,Bradley Blalock,p_fdcc3c57fc1404d67ef4d33f,pitcher,s_dedfd054be4ff6c3c5938dd2,r_fb1ed5dc76fc8939cd1d080a,2026,RotoWire,MIA
s_829b09f3059a36cf62a175ce,"[[""rotowire"", ""17206""]]",matched,Ronel Blanco,p_97392f4b9a9bcd3580abacfa,pitcher,s_eb8229b948d02b6f80bcf1cf,r_fb1ed5dc76fc8939cd1d080a,2026,RotoWire,HOU
,"[[""rotowire"", ""10692""]]",unmatched,Richard Bleier,p_82e7d47ab15d5dccb7cedf64,pitcher,s_f716740e2cc4e0e4e96674f8,r_fb1ed5dc76fc8939cd1d080a,2026,RotoWire,FA
s_401645ef6b4188cfc92a08c7,"[[""rotowire"", ""13412""]]",matched,Scott Blewett,p_081253e7d079edbb13e4e0de,pitcher,s_65a0c6f3512d068c8ebbc923,r_fb1ed5dc76fc8939cd1d080a,2026,RotoWire,STL
,"[[""rotowire"", ""18868""]]",unmatched,Jake Bloss,p_aeb920ef906e743f113701bb,pitcher,s_0ab4e6676c48ebf2494882a9,r_fb1ed5dc76fc8939cd1d080a,2026,RotoWire,TOR
s_a7a28bbf0614ca94ab2e868a,"[[""rotowire"", ""19336""]]",matched,AJ Blubaugh,p_61fb48d2e73aa7850e1737bd,pitcher,s_a3cd36cc4d8cf2cf829bf81a,r_fb1ed5dc76fc8939cd1d080a,2026,RotoWire,HOU
,"[[""rotowire"", ""20039""]]",unmatched,Adrian Bohorquez,p_45d578d0021ecb2d54acb49b,pitcher,s_3acc1414b269f82a70af82fa,r_fb1ed5dc76fc8939cd1d080a,2026,RotoWire,MIN
,"[[""rotowire"", ""18778""]]",unmatched,Caleb Bolden,p_cdab9c34dc10b53af2b484d1,pitcher,s_186eedf4b9ebe9f4e3d41f80,r_fb1ed5dc76fc8939cd1d080a,2026,RotoWire,BOS
s_cb5d468d96060ae896ccb94f,"[[""rotowire"", ""15915""]]",matched,Cody Bolton,p_2b11176e1209a4155291382a,pitcher,s_036c5aea09ea8e4d4d8832aa,r_fb1ed5dc76fc8939cd1d080a,2026,RotoWire,HOU
,"[[""rotowire"", ""14831""]]",unmatched,Bryce Bonnin,p_dbe44bf5b104e408d22dd13c,pitcher,s_6423901254cc62f5090e366b,r_fb1ed5dc76fc8939cd1d080a,2026,RotoWire,FA
,"[[""rotowire"", ""20056""]]",unmatched,Paul Bonzagni,p_bc706585f85d1214393cbbd6,pitcher,s_b841d397b1c0fe39510aeec4,r_fb1ed5dc76fc8939cd1d080a,2026,RotoWire,TEX
,"[[""rotowire"", ""17476""]]",unmatched,Rodney Boone,p_0c8fe4906bbcdaec4ccd946a,pitcher,s_62d5908133c890a10832ba43,r_fb1ed5dc76fc8939cd1d080a,2026,RotoWire,CLE
s_b33c269075c46a6edf808e18,"[[""rotowire"", ""18682""]]",matched,Cam Booser,p_b2fab903e6ffc323ace73400,pitcher,s_f8b373e56d8fbca3810dcb90,r_fb1ed5dc76fc8939cd1d080a,2026,RotoWire,TB
s_d243ff266f0f1e439f90ec59,"[[""rotowire"", ""14613""]]",matched,Ryan Borucki,p_24a22b256217bda128f194b7,pitcher,s_9f06f3eaed258dfb1a93e3f0,r_fb1ed5dc76fc8939cd1d080a,2026,RotoWire,SF
,"[[""rotowire"", ""19260""]]",unmatched,Jacob Bosiokovic,p_962fdd27846344519aafd420,pitcher,s_e8e1f85a6082131da15ceef7,r_fb1ed5dc76fc8939cd1d080a,2026,RotoWire,FA
,"[[""rotowire"", ""17471""]]",unmatched,Julian Bosnic,p_5b6041f99df8b1d7f89635c6,pitcher,s_61fb319d6b1d321484836a10,r_fb1ed5dc76fc8939cd1d080a,2026,RotoWire,PIT
,"[[""rotowire"", ""18872""]]",unmatched,Josh Bostick,p_4a35d20a22ad3722ed8c17c4,pitcher,s_b6513ea6dda8b31533e5d6ba,r_fb1ed5dc76fc8939cd1d080a,2026,RotoWire,SF
,"[[""rotowire"", ""20070""]]",unmatched,Ryan Bourassa,p_9fc77a4d32624c9685b7d0ae,pitcher,s_90e2c5805ceb5e9c24f1a572,r_fb1ed5dc76fc8939cd1d080a,2026,RotoWire,ATL
,"[[""rotowire"", ""17723""]]",unmatched,Caleb Boushley,p_e6c685d4a42733d68c25210b,pitcher,s_ee5345dbf56c580361a74bff,r_fb1ed5dc76fc8939cd1d080a,2026,RotoWire,FA
s_af2a89679cb0d71d8ccc06e0,"[[""rotowire"", ""14294""]]",matched,Ben Bowden,p_b70c49459235c52b0d564237,pitcher,s_5a568f574297c4ff5b76319a,r_fb1ed5dc76fc8939cd1d080a,2026,RotoWire,ATH
,"[[""rotowire"", ""19087""]]",unmatched,Darren Bowen,p_9dcc961f24962b22cc295892,pitcher,s_54ce350a7e10e053ecefd5d4,r_fb1ed5dc76fc8939cd1d080a,2026,RotoWire,MIN
s_f174e12b5d5dd5175e840388,"[[""rotowire"", ""15503""]]",matched,Jonathan Bowlan,p_6cb3547deca91d83694527f9,pitcher,s_31fabd9729215a9949003c77,r_fb1ed5dc76fc8939cd1d080a,2026,RotoWire,PHI
,"[[""rotowire"", ""14132""]]",unmatched,Matt Bowman,p_f154f9fe1937e83897788168,pitcher,s_b1f6366de924ae031f367538,r_fb1ed5dc76fc8939cd1d080a,2026,RotoWire,MIN
s_213114f7704e7f49006ed059,"[[""rotowire"", ""13007""]]",matched,Matthew Boyd,p_e596c20f3f965f74f208c29f,pitcher,s_8328e2b71b4ee86fe3a2f3f4,r_fb1ed5dc76fc8939cd1d080a,2026,RotoWire,CHC
,"[[""rotowire"", ""19780""]]",unmatched,Ryan Boyer,p_c3365490efb9be95eecf1135,pitcher,s_377bbca2238b9c79e13a162c,r_fb1ed5dc76fc8939cd1d080a,2026,RotoWire,FA
,"[[""rotowire"", ""18408""]]",unmatched,Sean Boyle,p_213a008e9fcbd6992cf42906,pitcher,s_1ffe47384e74c5b3abe6d517,r_fb1ed5dc76fc8939cd1d080a,2026,RotoWire,SD
s_cd3e92298bec7ddef98e82f8,"[[""rotowire"", ""16840""]]",matched,Joe Boyle,p_481d55069fc331213e830346,pitcher,s_8b4be7a0ecc307bc3fa75358,r_fb1ed5dc76fc8939cd1d080a,2026,RotoWire,TB
s_4fa1e468b7422529cdcc86c3,"[[""rotowire"", ""16193""]]",matched,Cody Bradford,p_fde48aca5839877a629d3e92,pitcher,s_5c7331f17b7b63e2e03d11df,r_fb1ed5dc76fc8939cd1d080a,2026,RotoWire,TEX
s_29a9ef8fcba1d8ebc508e05b,"[[""rotowire"", ""15482""]]",matched,Kyle Bradish,p_5e4a0f72ee5813838f4aff38,pitcher,s_067ff7ec56f29a45f041acb9,r_fb1ed5dc76fc8939cd1d080a,2026,RotoWire,BAL
s_3af4ed88d5daa7c6ba0ce954,"[[""rotowire"", ""15684""]]",matched,Taj Bradley,p_80b914cf66fe72410163fff3,pitcher,s_9cdbd8af6d471af0399a1fcd,r_fb1ed5dc76fc8939cd1d080a,2026,RotoWire,MIN
,"[[""rotowire"", ""19204""]]",unmatched,Ryan Brady,p_c3e605f86ccbfe9c989c1cdd,pitcher,s_d8b7e456319f3c20e1cdeacb,r_fb1ed5dc76fc8939cd1d080a,2026,RotoWire,KC
,"[[""rotowire"", ""20084""]]",unmatched,Braxton Bragg,p_8f11ff28fe5959b5f2c25e0d,pitcher,s_2601ac340939fe5b82dadd32,r_fb1ed5dc76fc8939cd1d080a,2026,RotoWire,BAL
,"[[""rotowire"", ""20587""]]",unmatched,Kade Bragg,p_6d15ee8c214678353badff44,pitcher,s_010685f546d6bdc29cd82bad,r_fb1ed5dc76fc8939cd1d080a,2026,RotoWire,MIA
,"[[""rotowire"", ""17010""]]",unmatched,Stevie Branche,p_545da12f06d67f71fbda0179,pitcher,s_23f8fb7abb88a4a78780337a,r_fb1ed5dc76fc8939cd1d080a,2026,RotoWire,FA
s_06df2854f947dd04e1c8cf4b,"[[""rotowire"", ""16240""]]",matched,Matt Brash,p_16e4efe96d962f1312ff2ed5,pitcher,s_a17377923fa84851e0ea0064,r_fb1ed5dc76fc8939cd1d080a,2026,RotoWire,SEA
,"[[""rotowire"", ""10218""]]",unmatched,Ryan Brasier,p_46e0d496d589ec6fa5a35f6d,pitcher,s_a3f922d13dd30619039710cb,r_fb1ed5dc76fc8939cd1d080a,2026,RotoWire,FA
s_a722e99571c05faa9dc14b43,"[[""rotowire"", ""17498""]]",matched,Mitch Bratt,p_1d309b98d8a85dce0f5ce922,pitcher,s_dda28f951ebc4c3d20388033,r_fb1ed5dc76fc8939cd1d080a,2026,RotoWire,ARI
,"[[""rotowire"", ""19146""]]",unmatched,Lucas Braun,p_154c1f7dda1dbf7ed28ea6ee,pitcher,s_3e9d4e239af5c59bde7d8246,r_fb1ed5dc76fc8939cd1d080a,2026,RotoWire,ATL
s_61cb24e6ad40d6fac21d68b9,"[[""rotowire"", ""18181""]]",matched,Huascar Brazoban,p_31b06a37157510ce6f137ea5,pitcher,s_23a075b1781e644b664395e1,r_fb1ed5dc76fc8939cd1d080a,2026,RotoWire,NYM
s_f6347ecf8ef36fc9398b9627,"[[""rotowire"", ""14981""]]",matched,John Brebbia,p_41d77fd79c69b4fb06385e5c,pitcher,s_a6dbf0caee5440ae6d54a731,r_fb1ed5dc76fc8939cd1d080a,2026,RotoWire,COL
,"[[""rotowire"", ""17366""]]",unmatched,Brody Brecht,p_177a2e30cf817025734a54e7,pitcher,s_74185b65871b58974cd10771,r_fb1ed5dc76fc8939cd1d080a,2026,RotoWire,COL
,"[[""rotowire"", ""17064""]]",unmatched,Jake Brentz,p_f61b89d5485e8b9f19fb426c,pitcher,s_4e6ce45534e6b310ab60cec5,r_fb1ed5dc76fc8939cd1d080a,2026,RotoWire,FA
,"[[""rotowire"", ""19767""]]",unmatched,Jacob Bresnahan,p_a755ab9217b90909576a0002,pitcher,s_48ea896bf04cfb30a5cd203a,r_fb1ed5dc76fc8939cd1d080a,2026,RotoWire,SF
,"[[""rotowire"", ""12247""]]",unmatched,Colten Brewer,p_34bc3221b86d4e88c7290269,pitcher,s_a67df26e31a2fb3cd4cca4da,r_fb1ed5dc76fc8939cd1d080a,2026,RotoWire,FA
,"[[""rotowire"", ""18718""]]",unmatched,Will Brian,p_b73a191bec38298eadb5de2b,pitcher,s_a1fa21876bc65a93ed618e81,r_fb1ed5dc76fc8939cd1d080a,2026,RotoWire,NYY
,"[[""rotowire"", ""12904""]]",unmatched,Austin Brice,p_137c262edfd7c9f57f9b164c,pitcher,s_f4f199baf6459861f180cb75,r_fb1ed5dc76fc8939cd1d080a,2026,RotoWire,FA
,"[[""rotowire"", ""14135""]]",unmatched,Endrys Briceno,p_958dd8def8531e9ec476c5f7,pitcher,s_ded231febf95c1d501b90ab3,r_fb1ed5dc76fc8939cd1d080a,2026,RotoWire,FA
s_311465f52065a0d8f1e22daa,"[[""rotowire"", ""17745""]]",matched,Beau Brieske,p_5d461229c4f3a1d894c1ef5b,pitcher,s_a3d91b35925836f0030d069b,r_fb1ed5dc76fc8939cd1d080a,2026,RotoWire,DET
,"[[""rotowire"", ""18545""]]",unmatched,Trevor Brigden,p_b19964ebb14b9179aeea96d3,pitcher,s_06e30c23d581a69c6a37d762,r_fb1ed5dc76fc8939cd1d080a,2026,RotoWire,FA
,"[[""rotowire"", ""13488""]]",unmatched,Jeff Brigham,p_cd9bbe80bf6ddc022831c8ce,pitcher,s_a64a854e0aedefc99b42f999,r_fb1ed5dc76fc8939cd1d080a,2026,RotoWire,CHC
,"[[""rotowire"", ""18134""]]",unmatched,Trace Bright,p_fee3b34e8989ce92c41371b2,pitcher,s_11bdc3d1b609269fa48222a4,r_fb1ed5dc76fc8939cd1d080a,2026,RotoWire,BAL
,"[[""rotowire"", ""19637""]]",unmatched,Nick Brink,p_a298907ff7b1175bf9a5b322,pitcher,s_16c13efbc9c5a013a88f6a73,r_fb1ed5dc76fc8939cd1d080a,2026,RotoWire,MIA
,"[[""rotowire"", ""19741""]]",unmatched,Anderson Brito,p_9504e463e8e0063cb4f14d39,pitcher,s_1ba7752222c1b361a8f1d3b1,r_fb1ed5dc76fc8939cd1d080a,2026,RotoWire,TB
,"[[""rotowire"", ""18221""]]",unmatched,Moises Brito,p_11881aab85c8f5d0602048fc,pitcher,s_b5316b9a06a9ff784756db82,r_fb1ed5dc76fc8939cd1d080a,2026,RotoWire,FA
s_31d4b5b5c149042e5c30af1d,"[[""rotowire"", ""17893""]]",matched,Jhony Brito,p_29e3a8fc6ea52a0f2a8c07d7,pitcher,s_56f3548c202df799cede6dd5,r_fb1ed5dc76fc8939cd1d080a,2026,RotoWire,SD
,"[[""rotowire"", ""20833""]]",unmatched,Raul Brito,p_a12f384e07e5fed034f122da,pitcher,s_390ea1213a1c53eb228cc567,r_fb1ed5dc76fc8939cd1d080a,2026,RotoWire,MIN
,"[[""rotowire"", ""16212""]]",unmatched,Kyle Brnovich,p_6f9db40f66a6c1a7d5c74d74,pitcher,s_2651d828929e1e24c88a6145,r_fb1ed5dc76fc8939cd1d080a,2026,RotoWire,COL
,"[[""rotowire"", ""19268""]]",unmatched,T.J. Brock,p_db3c30bdaf4b1ea7848e56ac,pitcher,s_2c2f85f4515136520652c3d7,r_fb1ed5dc76fc8939cd1d080a,2026,RotoWire,TOR
s_f2a75d081eeb3d52caa20d95,"[[""rotowire"", ""17032""]]",matched,Connor Brogdon,p_b25d93daecd6b8c40be76364,pitcher,s_08938cb1e2bd51545c9ae8ae,r_fb1ed5dc76fc8939cd1d080a,2026,RotoWire,CLE
,"[[""rotowire"", ""13292""]]",unmatched,Aaron Brooks,p_98cedc43d09633b49be8cd89,pitcher,s_2ae931773bc4e97210d6f355,r_fb1ed5dc76fc8939cd1d080a,2026,RotoWire,FA
,"[[""rotowire"", ""20631""]]",unmatched,Jake Brooks,p_7e196000b183bb0aab030fbb,pitcher,s_6c2f0f3e1f0f6b8e8114391c,r_fb1ed5dc76fc8939cd1d080a,2026,RotoWire,COL
s_6e624955f1dac08f30cb9aed,"[[""rotowire"", ""16123""]]",matched,Hunter Brown,p_1e13703553ee4e761b93a8d2,pitcher,s_1ddd04d3fc7b7cbd69c573ce,r_fb1ed5dc76fc8939cd1d080a,2026,RotoWire,HOU
,"[[""rotowire"", ""17388""]]",unmatched,McCade Brown,p_9ff0f1fba03fb694b2763d94,pitcher,s_04335571a94b9f9108101dc5,r_fb1ed5dc76fc8939cd1d080a,2026,RotoWire,COL
s_09d2d1ce52113cd0c56578fa,"[[""rotowire"", ""15795""]]",matched,JT Brubaker,p_7c8aefd139986ac3072d388d,pitcher,s_6281ffe87331df956d90942a,r_fb1ed5dc76fc8939cd1d080a,2026,RotoWire,SF
s_0e1290163d1e9ba9db374025,"[[""rotowire"", ""17602""]]",matched,Justin Bruihl,p_41722893e1c4663095c86715,pitcher,s_bf91f90f1033a36d841735dd,r_fb1ed5dc76fc8939cd1d080a,2026,RotoWire,STL
,"[[""rotowire"", ""16872""]]",unmatched,Ryan Bruno,p_34979fb64c21445710c3d73b,pitcher,s_9f29cd4b93d3f487caa1a6de,r_fb1ed5dc76fc8939cd1d080a,2026,RotoWire,ARI
,"[[""rotowire"", ""17337""]]",unmatched,Maddux Bruns,p_fe272baaaba8cae519010366,pitcher,s_22c5c93a7febcc210d71d7a6,r_fb1ed5dc76fc8939cd1d080a,2026,RotoWire,LAD
,"[[""rotowire"", ""17194""]]",unmatched,Zach Bryant,p_870f7656ebdb0ff994cb5a3a,pitcher,s_64905bb4a1b8b68ca6d917fc,r_fb1ed5dc76fc8939cd1d080a,2026,RotoWire,TEX
s_cddb472a623b3acfd62472a8,"[[""rotowire"", ""15433""]]",matched,Kris Bubic,p_71ab6c91e583b9c4b88368c8,pitcher,s_698cac4bee7738b7d497b9cc,r_fb1ed5dc76fc8939cd1d080a,2026,RotoWire,KC
,"[[""rotowire"", ""11142""]]",unmatched,David Buchanan,p_e6fec1bda868fd73d22c55c4,pitcher,s_396319982132baad9ec2119a,r_fb1ed5dc76fc8939cd1d080a,2026,RotoWire,FA
s_92cff587cd258040e2d193c0,"[[""rotowire"", ""13815""]]",matched,Walker Buehler,p_79c8921830ad0b38d9102933,pitcher,s_75d4baa0e78ba48f8ad5a854,r_fb1ed5dc76fc8939cd1d080a,2026,RotoWire,SD
,"[[""rotowire"", ""13398""]]",unmatched,J.B. Bukauskas,p_3496a9e0a370b5a3ef7581ac,pitcher,s_d8789e7e64872c764846de62,r_fb1ed5dc76fc8939cd1d080a,2026,RotoWire,MIL
s_2411fb39a31ef3a190a5ad56,"[[""rotowire"", ""15148""]]",matched,Aaron Bummer,p_132c5c809400e7c9829c64f8,pitcher,s_b2e18d452a15a3f9f5c92db1,r_fb1ed5dc76fc8939cd1d080a,2026,RotoWire,ATL
,"[[""rotowire"", ""17597""]]",unmatched,Tyler Burch,p_e0e7e858e2d9ee0497757cef,pitcher,s_7827d37c0bd29fd8f56a57c0,r_fb1ed5dc76fc8939cd1d080a,2026,RotoWire,NYM
,"[[""rotowire"", ""13380""]]",unmatched,Nick Burdi,p_482534e7ea7122d637d036f9,pitcher,s_436e5106f49a34e93fc10689,r_fb1ed5dc76fc8939cd1d080a,2026,RotoWire,NYM
s_6c100012f724edd23f1bfcc0,"[[""rotowire"", ""19672""]]",matched,Raymond Burgos,p_ed117e6d08f801679bab8315,pitcher,s_a6be2f4e494d49dc1c0ef7a6,r_fb1ed5dc76fc8939cd1d080a,2026,RotoWire,SF
s_10fc7889777d676ed6bf5a73,"[[""rotowire"", ""20284""]]",matched,Juan Burgos,p_7b181bc3135686a422e14ce5,pitcher,s_89a4d8a46c2532371b238053,r_fb1ed5dc76fc8939cd1d080a,2026,RotoWire,ARI
s_50688f6779f62927d5b2325a,"[[""rotowire"", ""17364""]]",matched,Sean Burke,p_bdacaf18408f4db91a1d636e,pitcher,s_f0ae22590feb1167596ad39b,r_fb1ed5dc76fc8939cd1d080a,2026,RotoWire,CWS
s_8bb97d0602004d1d92f566d2,"[[""rotowire"", ""13459""]]",matched,Brock Burke,p_7c02936ac6ca07e9b01cbaf4,pitcher,s_cf11914bd152b9d9f461ea08,r_fb1ed5dc76fc8939cd1d080a,2026,RotoWire,CIN
s_5f6a54258feef1302e28db20,"[[""rotowire"", ""18116""]]",matched,Blake Burkhalter,p_28bb786af5098edc9010594c,pitcher,s_c18134503823c04064fc3ff8,r_fb1ed5dc76fc8939cd1d080a,2026,RotoWire,ATL
s_bd50b85f105bf02a1b239e95,"[[""rotowire"", ""14264""]]",matched,Corbin Burnes,p_a22a4d8b57e5468ad3a65d76,pitcher,s_bdfe575a8f03acc401a8123c,r_fb1ed5dc76fc8939cd1d080a,2026,RotoWire,ARI
,"[[""rotowire"", ""14799""]]",unmatched,Tanner Burns,p_3cba452588168b6c8a492753,pitcher,s_ce1d56e9550040e0cf7aa9bd,r_fb1ed5dc76fc8939cd1d080a,2026,RotoWire,CLE
s_28e4978c21e2f96d5732e6c2,"[[""rotowire"", ""17335""]]",matched,Chase Burns,p_6a42955399901b3739b52d45,pitcher,s_50b8bc6751c5093241089ca6,r_fb1ed5dc76fc8939cd1d080a,2026,RotoWire,CIN
,"[[""rotowire"", ""15711""]]",unmatched,Ryan Burr,p_49f446543bf69cca3e98837a,pitcher,s_e0573fbf3e050c51ffac9999,r_fb1ed5dc76fc8939cd1d080a,2026,RotoWire,FA
,"[[""rotowire"", ""13832""]]",unmatched,Beau Burrows,p_a933d33b26ac3da35762c893,pitcher,s_048075815a38af4a2667723c,r_fb1ed5dc76fc8939cd1d080a,2026,RotoWire,PIT
s_ee58764ca209b01e31039138,"[[""rotowire"", ""17633""]]",matched,Mike Burrows,p_b089c61cefb15acef80e4522,pitcher,s_2e9063597ffcdcad42b10efa,r_fb1ed5dc76fc8939cd1d080a,2026,RotoWire,HOU
,"[[""rotowire"", ""14501""]]",unmatched,Alan Busenitz,p_62a495f725057118b14d6d31,pitcher,s_839878864903226f073b31c8,r_fb1ed5dc76fc8939cd1d080a,2026,RotoWire,CIN
,"[[""rotowire"", ""17355""]]",unmatched,Ky Bush,p_6b165b11cbb8b6da8b0086b4,pitcher,s_32bd82ebf68a102d35540759,r_fb1ed5dc76fc8939cd1d080a,2026,RotoWire,CWS
s_93e1218e850e3e1b8f4e9ad0,"[[""rotowire"", ""17209""]]",matched,Jose Butto,p_2dcfce41c52f17e2ea97a04c,pitcher,s_c0943b9905e238779697b5dc,r_fb1ed5dc76fc8939cd1d080a,2026,RotoWire,SF
,"[[""rotowire"", ""12481""]]",unmatched,Ty Buttrey,p_eba79361a9b09dacb8920443,pitcher,s_a7ec6ff6166bf09021afbe70,r_fb1ed5dc76fc8939cd1d080a,2026,RotoWire,SEA
,"[[""rotowire"", ""19351""]]",unmatched,Ike Buxton,p_9f3667befca587b887205fc3,pitcher,s_848fce577cad0ddea5c37d61,r_fb1ed5dc76fc8939cd1d080a,2026,RotoWire,MIA
,"[[""rotowire"", ""18182""]]",unmatched,Jean Cabrera,p_b62597a300cc3259ebd1a6cf,pitcher,s_bc3a5f7c930d2b6ffbead509,r_fb1ed5dc76fc8939cd1d080a,2026,RotoWire,PHI
s_a8a368d0e0186f1d724c34c9,"[[""rotowire"", ""14672""]]",matched,Edward Cabrera,p_a67d7439eaa5a301707a0a3a,pitcher,s_591c26d378ad73e95af715cd,r_fb1ed5dc76fc8939cd1d080a,2026,RotoWire,CHC
,"[[""rotowire"", ""15331""]]",unmatched,Genesis Cabrera,p_3c11bca421face714ccc07b0,pitcher,s_33c52fde7cd319c840c55052,r_fb1ed5dc76fc8939cd1d080a,2026,RotoWire,PHI
,"[[""rotowire"", ""19131""]]",unmatched,Kelvin Caceres,p_d434896130b58ce066e07cdc,pitcher,s_215f5f7e2abc4194990029c2,r_fb1ed5dc76fc8939cd1d080a,2026,RotoWire,LAA
,"[[""rotowire"", ""18261""]]",unmatched,Blair Calvo,p_cc5dae0b8bd4e6583a0e38a8,pitcher,s_37c5fd62d858314412d2ffee,r_fb1ed5dc76fc8939cd1d080a,2026,RotoWire,FA
,"[[""rotowire"", ""15844""]]",unmatched,Daniel Camarena,p_282553f2f1749c98a94679bc,pitcher,s_014742bd6fa7d1683ec3b7fa,r_fb1ed5dc76fc8939cd1d080a,2026,RotoWire,FA
s_cf61ecf0ba9e8e7b877d31f0,"[[""rotowire"", ""18727""]]",matched,Noah Cameron,p_d414670609afdbe251cf99be,pitcher,s_c42855b7de7177fb727fb7e3,r_fb1ed5dc76fc8939cd1d080a,2026,RotoWire,KC
,"[[""rotowire"", ""19507""]]",unmatched,Cam Caminiti,p_ea5bb9430d275950b1e2e029,pitcher,s_10d7ac1d76145b2163932314,r_fb1ed5dc76fc8939cd1d080a,2026,RotoWire,ATL
,"[[""rotowire"", ""16080""]]",unmatched,Isaiah Campbell,p_1ef924b32d2eeac5534b766e,pitcher,s_73fc7981a2ebacc0b1b0e595,r_fb1ed5dc76fc8939cd1d080a,2026,RotoWire,ARI
,"[[""rotowire"", ""16649""]]",unmatched,Paul Campbell,p_1a0214ac3b612000ce7391f5,pitcher,s_b65176469aebabe6a67cbb2e,r_fb1ed5dc76fc8939cd1d080a,2026,RotoWire,MIA
,"[[""rotowire"", ""18713""]]",unmatched,Chris Campos,p_87991a3448f88ceee43e044e,pitcher,s_48d6d1e69766a6e727682bd4,r_fb1ed5dc76fc8939cd1d080a,2026,RotoWire,LAD
,"[[""rotowire"", ""19701""]]",unmatched,Clark Candiotti,p_c539e9a6dba82548a9956244,pitcher,s_88841d859436d8ccd8dc09a3,r_fb1ed5dc76fc8939cd1d080a,2026,RotoWire,SD
s_60c633a129cd892887d58a6f,"[[""rotowire"", ""14783""]]",matched,Griffin Canning,p_1af5dd31a0e578895fc78c7a,pitcher,s_f183b8441ccd7236312f3495,r_fb1ed5dc76fc8939cd1d080a,2026,RotoWire,SD
s_93704017eefba0853d8b4602,"[[""rotowire"", ""17387""]]",matched,Jonathan Cannon,p_3f22e91a73d176ec1adc71e5,pitcher,s_7d857c8b61a49b06d77bc3a8,r_fb1ed5dc76fc8939cd1d080a,2026,RotoWire,CWS
s_aa77781ee2329b6ff0f57aba,"[[""rotowire"", ""16308""]]",matched,Yennier Cano,p_36b9e4f3c1486512b790c92a,pitcher,s_a73483fc2d124c4a09e99795,r_fb1ed5dc76fc8939cd1d080a,2026,RotoWire,BAL
,"[[""rotowire"", ""13775""]]",unmatched,Matt Carasiti,p_12780f961a8d02ecf5b286c4,pitcher,s_e65064e2af1421c06a441f6c,r_fb1ed5dc76fc8939cd1d080a,2026,RotoWire,FA
,"[[""rotowire"", ""16337""]]",unmatched,Kristian Cardozo,p_c7d1e07e2b60eb34305536fd,pitcher,s_e96fc63cec9a298f51d3fa55,r_fb1ed5dc76fc8939cd1d080a,2026,RotoWire,SEA
,"[[""rotowire"", ""17895""]]",unmatched,Juan Carela,p_9cd17423d7c013c3f0699376,pitcher,s_3785e4b15e31975a73a8a992,r_fb1ed5dc76fc8939cd1d080a,2026,RotoWire,CWS
,"[[""rotowire"", ""16864""]]",unmatched,Max Carlson,p_4b0ac9ac138fb8caeca5ab80,pitcher,s_65b05e35fe2e8f29367315ab,r_fb1ed5dc76fc8939cd1d080a,2026,RotoWire,BOS
,"[[""rotowire"", ""14777""]]",unmatched,Sam Carlson,p_5d6601f7b28665523de52708,pitcher,s_fc897178c08659476662fef1,r_fb1ed5dc76fc8939cd1d080a,2026,RotoWire,HOU
,"[[""rotowire"", ""12697""]]",unmatched,Ryan Carpenter,p_bfd073e697e97b74dec19756,pitcher,s_3862da75a32e9f0f40edd16b,r_fb1ed5dc76fc8939cd1d080a,2026,RotoWire,FA
,"[[""rotowire"", ""19839""]]",unmatched,Michael Carpenter,p_9ac935d7f24f812a1fb529d5,pitcher,s_1ae71bb009ae315f584906c2,r_fb1ed5dc76fc8939cd1d080a,2026,RotoWire,MIN
,"[[""rotowire"", ""18873""]]",unmatched,Kyle Carr,p_6b5561c992ab038972b7eeeb,pitcher,s_47b2da39f0e8a0ad97b22bdb,r_fb1ed5dc76fc8939cd1d080a,2026,RotoWire,NYY
s_97a67278f31200c29028a2e8,"[[""rotowire"", ""9449""]]",matched,Carlos Carrasco,p_bbe0b0144e2190d075a1534d,pitcher,s_5157500c6e2ba6c70bb5b04b,r_fb1ed5dc76fc8939cd1d080a,2026,RotoWire,ATL
,"[[""rotowire"", ""16717""]]",unmatched,Burl Carraway,p_cd36275a2373bdd4549af308,pitcher,s_a324e993fcb6d8c946efd788,r_fb1ed5dc76fc8939cd1d080a,2026,RotoWire,FA
,"[[""rotowire"", ""19764""]]",unmatched,Nicolas Carreno,p_77cdb64e810b82e053c3061e,pitcher,s_0a16bd8ca560f46e10d08011,r_fb1ed5dc76fc8939cd1d080a,2026,RotoWire,NYM
,"[[""rotowire"", ""20521""]]",unmatched,Jesus Carrera,p_5f5ad91bf179d9acff9714d7,pitcher,s_524c60c7c54bd4442d0c847e,r_fb1ed5dc76fc8939cd1d080a,2026,RotoWire,HOU
,"[[""rotowire"", ""20347""]]",unmatched,Alex Carrillo,p_4bc6ac2b0ee4a7796e1b793c,pitcher,s_ff6a1b847749343db3c9acdc,r_fb1ed5dc76fc8939cd1d080a,2026,RotoWire,NYM
s_5b39e0c40df394ac5220079a,"[[""rotowire"", ""15677""]]",matched,Gerardo Carrillo,p_3d0062533d192d85478f4c10,pitcher,s_77a62d6a51cfcb12763cec3f,r_fb1ed5dc76fc8939cd1d080a,2026,RotoWire,ARI
,"[[""rotowire"", ""19723""]]",unmatched,Greysen Carter,p_a5096f3f44e3fd161b7a560d,pitcher,s_ad521dbdad3cef4a3ca8ba87,r_fb1ed5dc76fc8939cd1d080a,2026,RotoWire,NYY
,"[[""rotowire"", ""17403""]]",unmatched,Irv Carter,p_8d397a88705821eeb3501da7,pitcher,s_9cd1e4c9c490f00769cc1d37,r_fb1ed5dc76fc8939cd1d080a,2026,RotoWire,TOR
,"[[""rotowire"", ""18274""]]",unmatched,Ross Carver,p_f289ea6f214f3f42ab5b678c,pitcher,s_f400b816eaf3464d97fa66e2,r_fb1ed5dc76fc8939cd1d080a,2026,RotoWire,CLE
,"[[""rotowire"", ""19466""]]",unmatched,Luichi Casilla,p_dc488243e1a673cdb9eecfa5,pitcher,s_992d25e7b6408080684c9cb6,r_fb1ed5dc76fc8939cd1d080a,2026,RotoWire,COL
s_07e9057826fc01b59dc8ccbf,"[[""rotowire"", ""17451""]]",matched,Ben Casparius,p_b0e54ab450830f76f778c92d,pitcher,s_2c8e1611ddf4dcf1f5ec772f,r_fb1ed5dc76fc8939cd1d080a,2026,RotoWire,LAD
,"[[""rotowire"", ""17846""]]",unmatched,Victor Castaneda,p_cc922d3b6538769be39becc0,pitcher,s_67474f87b103b50aca5d7644,r_fb1ed5dc76fc8939cd1d080a,2026,RotoWire,FA
s_50a43cd28bb4fb8d140b7abb,"[[""rotowire"", ""19921""]]",matched,Blas Castano,p_1842c09e90dd4df6bc699fe5,pitcher,s_dcbcc705bfca6b8aa3327cbf,r_fb1ed5dc76fc8939cd1d080a,2026,RotoWire,SEA
s_53b4c82cd9a38aa63a9b8b19,"[[""rotowire"", ""19744""]]",matched,Eiberson Castellano,p_cd588d51b00463d2fafe77cc,pitcher,s_bdafbc46a4d523d5f809cd46,r_fb1ed5dc76fc8939cd1d080a,2026,RotoWire,COL
,"[[""rotowire"", ""17082""]]",unmatched,Humberto Castellanos,p_f1b8d20bc37bc2bd58c96db4,pitcher,s_b37434f7c0d264a051898565,r_fb1ed5dc76fc8939cd1d080a,2026,RotoWire,FA
,"[[""rotowire"", ""15605""]]",unmatched,Starlyn Castillo,p_7bb4a85f3771cf6ffe33ba93,pitcher,s_cd34fec95d14cd56de6d9806,r_fb1ed5dc76fc8939cd1d080a,2026,RotoWire,FA
,"[[""rotowire"", ""15193""]]",unmatched,Max Castillo,p_a8c4abd63d4921fb76b68fe0,pitcher,s_2b0c1031db9033fef26028c8,r_fb1ed5dc76fc8939cd1d080a,2026,RotoWire,FA
,"[[""rotowire"", ""13702""]]",unmatched,Jose Castillo,p_3e9c50f5313e3ab52ed4ac9c,pitcher,s_ff80547fc96634bd6fd384b9,r_fb1ed5dc76fc8939cd1d080a,2026,RotoWire,FA
,"[[""rotowire"", ""19899""]]",unmatched,Rayner Castillo,p_02f300cd50c6b7fbbcd4aed9,pitcher,s_223a75feaa2ed8486acdbbf6,r_fb1ed5dc76fc8939cd1d080a,2026,RotoWire,DET
,"[[""rotowire"", ""18224""]]",unmatched,Luis F. Castillo,p_eb72c6cdf331edfe333d7274,pitcher,s_88fda84d3a4784078751414f,r_fb1ed5dc76fc8939cd1d080a,2026,RotoWire,FA
,"[[""rotowire"", ""20558""]]",unmatched,Brayan Castillo,p_7a3d4ed4924808f80dff766a,pitcher,s_db539f031d211a8af9c76b1b,r_fb1ed5dc76fc8939cd1d080a,2026,RotoWire,COL
,"[[""rotowire"", ""20087""]]",unmatched,Manuel Castro,p_69b3eb6865d6591d56d88a1d,pitcher,s_0628ee4daf61fc9ef5f9593f,r_fb1ed5dc76fc8939cd1d080a,2026,RotoWire,SD
,"[[""rotowire"", ""13708""]]",unmatched,Miguel Castro,p_13e78e88a5cf19b96c5da64a,pitcher,s_b1ec0e1c42b49e2279e8b0a4,r_fb1ed5dc76fc8939cd1d080a,2026,RotoWire,FA
s_e9ff5666244545493154232d,"[[""rotowire"", ""17130""]]",matched,Kervin Castro,p_0d3da1fa979ed07af5004686,pitcher,s_e185f1ad7e3651df58d43f9d,r_fb1ed5dc76fc8939cd1d080a,2026,RotoWire,NYY
,"[[""rotowire"", ""15448""]]",unmatched,Tim Cate,p_48ba9ade7c1232c56f1a7fd3,pitcher,s_2c971bfb94f71e91cc0abc51,r_fb1ed5dc76fc8939cd1d080a,2026,RotoWire,FA
,"[[""rotowire"", ""19718""]]",unmatched,A.J. Causey,p_d62b228a4e25df67ee2bd820,pitcher,s_02dc43b0f65ae26755fe465b,r_fb1ed5dc76fc8939cd1d080a,2026,RotoWire,ATH
,"[[""rotowire"", ""16074""]]",unmatched,Keoni Cavaco,p_f7bc4fe66fef9db9f204758a,pitcher,s_43ac08e05d59b8aead2e57e9,r_fb1ed5dc76fc8939cd1d080a,2026,RotoWire,HOU
s_ef042a52c88dde53c4bc6ff8,"[[""rotowire"", ""16692""]]",matched,Cade Cavalli,p_fdea2ad4794d12911ab12ec2,pitcher,s_0f7c97601be907424af919ac,r_fb1ed5dc76fc8939cd1d080a,2026,RotoWire,WSH
,"[[""rotowire"", ""19954""]]",unmatched,Argenis Cayama,p_bdb029e1ac9ab77fd32297c6,pitcher,s_2caae09364e08f648d3c93eb,r_fb1ed5dc76fc8939cd1d080a,2026,RotoWire,SF
s_9af781bfb8cc601ab39981e9,"[[""rotowire"", ""14062""]]",matched,Dylan Cease,p_2c23e59d57f37af52a2c0170,pitcher,s_5697470dc73097764a390fd8,r_fb1ed5dc76fc8939cd1d080a,2026,RotoWire,TOR
s_3d71bfffeef991205f15afd8,"[[""rotowire"", ""15450""]]",matched,Slade Cecconi,p_b6c41e8a47dd22519ed59712,pitcher,s_a90254f322b7431d70ae4057,r_fb1ed5dc76fc8939cd1d080a,2026,RotoWire,CLE
s_0f2fe3923c3c7333ad1d9413,"[[""rotowire"", ""17530""]]",matched,Eric Cerantola,p_716e1d0491d0acf637acf49d,pitcher,s_c4cce9240189d044dd3329e7,r_fb1ed5dc76fc8939cd1d080a,2026,RotoWire,KC
,"[[""rotowire"", ""17109""]]",unmatched,Joel Cesar,p_74001bdc807fe985540c2eb4,pitcher,s_8cf2277feef9175af2e42280,r_fb1ed5dc76fc8939cd1d080a,2026,RotoWire,MIN
,"[[""rotowire"", ""14021""]]",unmatched,Luis Cessa,p_ba6f8ab68ae371fb26743902,pitcher,s_e02088518174b4d2eb1a13e9,r_fb1ed5dc76fc8939cd1d080a,2026,RotoWire,FA
,"[[""rotowire"", ""19374""]]",unmatched,Moises Chace,p_21fcf4a83ef897a610fc5173,pitcher,s_caf1b6271f295f3fd19ec409,r_fb1ed5dc76fc8939cd1d080a,2026,RotoWire,PHI
,"[[""rotowire"", ""17169""]]",unmatched,Javier Chacon,p_6ae79adf41dfe22dd0049f74,pitcher,s_46c2a40b1d35aac775f601c0,r_fb1ed5dc76fc8939cd1d080a,2026,RotoWire,SD
,"[[""rotowire"", ""12155""]]",unmatched,Andrew Chafin,p_df9f7a1ee43910f98210f8d4,pitcher,s_aae206c92ce8b05287b439bb,r_fb1ed5dc76fc8939cd1d080a,2026,RotoWire,FA
,"[[""rotowire"", ""19787""]]",unmatched,Yordin Chalas,p_8e4b0de8ab8c58ca671cbed7,pitcher,s_78cd31d8ae955079cd4aa0ae,r_fb1ed5dc76fc8939cd1d080a,2026,RotoWire,ARI
,"[[""rotowire"", ""13835""]]",unmatched,Dakota Chalmers,p_88bdcf51ffc31d34dfb3ab25,pitcher,s_99eed3772847d59eae36a229,r_fb1ed5dc76fc8939cd1d080a,2026,RotoWire,FA
,"[[""rotowire"", ""16849""]]",unmatched,Christian Chamberlain,p_785c8c11f928f7f6a6bba463,pitcher,s_62a01ac7505e0e6f222f1ca6,r_fb1ed5dc76fc8939cd1d080a,2026,RotoWire,KC
,"[[""rotowire"", ""19215""]]",unmatched,Justin Chambers,p_c7a3b393b4c85c8e4c0cb8ee,pitcher,s_4caa4e7ea34fc4aa7dcc30b1,r_fb1ed5dc76fc8939cd1d080a,2026,RotoWire,LAD
,"[[""rotowire"", ""17896""]]",unmatched,Chandler Champlain,p_9f3d525d7b06d6bbe5a2b19a,pitcher,s_d7bffe0c26a29559d4f36087,r_fb1ed5dc76fc8939cd1d080a,2026,RotoWire,KC
s_e1a419987fbb2569aec84c1d,"[[""rotowire"", ""17314""]]",matched,Bubba Chandler,p_ce2c49b4be7d2bce7223a6a0,pitcher,s_0d3b439462823eb7e399fd3e,r_fb1ed5dc76fc8939cd1d080a,2026,RotoWire,PIT
s_57d42a249f1abed5f9e489fc,"[[""rotowire"", ""10866""]]",matched,Aroldis Chapman,p_2d5fe2afb55076421b84c2d7,pitcher,s_398c3f61db847db934f6b270,r_fb1ed5dc76fc8939cd1d080a,2026,RotoWire,BOS
,"[[""rotowire"", ""20741""]]",unmatched,Emmanuel Chapman,p_488e42cece2f4777da541104,pitcher,s_97cb7108c671b44813fd63ac,r_fb1ed5dc76fc8939cd1d080a,2026,RotoWire,FA
,"[[""rotowire"", ""12525""]]",unmatched,JT Chargois,p_083a307fe1bbd39e5f440923,pitcher,s_974eccb5477126eab136a04e,r_fb1ed5dc76fc8939cd1d080a,2026,RotoWire,FA
,"[[""rotowire"", ""14761""]]",unmatched,Wandisson Charles,p_626127608b2652d8f70231df,pitcher,s_3feaa69ebfc1333d4bee13cb,r_fb1ed5dc76fc8939cd1d080a,2026,RotoWire,DET
,"[[""rotowire"", ""10506""]]",unmatched,Tyler Chatwood,p_e3e1bc2fa32d3bee45bb0a3a,pitcher,s_c3c925f43b8a6db8a56d1242,r_fb1ed5dc76fc8939cd1d080a,2026,RotoWire,ARI
,"[[""rotowire"", ""10772""]]",unmatched,Jesse Chavez,p_4b322b3e9defa92b5a488baf,pitcher,s_7c9b737759f7e26404f2f7f2,r_fb1ed5dc76fc8939cd1d080a,2026,RotoWire,FA
,"[[""rotowire"", ""17111""]]",unmatched,Po-Yu Chen,p_4bc9383e835c4833f01b4287,pitcher,s_51be993c3dd6672cac81cce0,r_fb1ed5dc76fc8939cd1d080a,2026,RotoWire,PIT
,"[[""rotowire"", ""20095""]]",unmatched,Will Childers,p_509cac823f9311bfa967e7a3,pitcher,s_9ea2d212125a476db7bc5454,r_fb1ed5dc76fc8939cd1d080a,2026,RotoWire,MIL
,"[[""rotowire"", ""15140""]]",unmatched,Yonny Chirinos,p_5bbd95a54677272f6aec3334,pitcher,s_510849b04046ae2b4c976a38,r_fb1ed5dc76fc8939cd1d080a,2026,RotoWire,FA
s_4d5a667f2aee8f1dbbde92f4,"[[""rotowire"", ""18721""]]",matched,Angel Chivilli,p_442f67b0e6c767028dd31107,pitcher,s_c83002c2f99332d5425bbd12,r_fb1ed5dc76fc8939cd1d080a,2026,RotoWire,NYY
,"[[""rotowire"", ""19857""]]",unmatched,Jack Choate,p_e2c0b9130c300413fd7fed67,pitcher,s_0afbc006416331a4b0cc7511,r_fb1ed5dc76fc8939cd1d080a,2026,RotoWire,SF
,"[[""rotowire"", ""16401""]]",unmatched,Hyun-il Choi,p_205b155ed8d718ff87264bdf,pitcher,s_2fb952c368b2b5d0a37dbece,r_fb1ed5dc76fc8939cd1d080a,2026,RotoWire,FA
,"[[""rotowire"", ""20390""]]",unmatched,Kendry Chourio,p_9ef7db59d58368b0ed64fd74,pitcher,s_7def7bdfad32b42b6ac5183a,r_fb1ed5dc76fc8939cd1d080a,2026,RotoWire,KC
,"[[""rotowire"", ""18663""]]",unmatched,Miguel Cienfuegos,p_2787ee5b194946b50cd9124e,pitcher,s_03d0354e90207c93d3afc68d,r_fb1ed5dc76fc8939cd1d080a,2026,RotoWire,SD
,"[[""rotowire"", ""19518""]]",unmatched,Jurrangelo Cijntje,p_c5a628658e3ef8d7a62e34b0,pitcher,s_8741b963e7d39ae7f303f952,r_fb1ed5dc76fc8939cd1d080a,2026,RotoWire,STL
,"[[""rotowire"", ""13096""]]",unmatched,Adam Cimber,p_698c1fbb5228d2cf69809244,pitcher,s_688c471ebc2950e967ab71fe,r_fb1ed5dc76fc8939cd1d080a,2026,RotoWire,FA
,"[[""rotowire"", ""11752""]]",unmatched,Jose Cisnero,p_506c34ec95a49eab8809e580,pitcher,s_2efc82f5978a799161683757,r_fb1ed5dc76fc8939cd1d080a,2026,RotoWire,FA
s_acea0386f9a286a9f246a861,"[[""rotowire"", ""14366""]]",matched,Aaron Civale,p_583ce1d38f5dfec0877a25c3,pitcher,s_b5777ad9f2ec12bc72570ccb,r_fb1ed5dc76fc8939cd1d080a,2026,RotoWire,ATH
,"[[""rotowire"", ""19053""]]",unmatched,Chris Clark,p_c1726a682685e7170808c0b0,pitcher,s_14e54bd7a55c9a9de8e17471,r_fb1ed5dc76fc8939cd1d080a,2026,RotoWire,TB
,"[[""rotowire"", ""17479""]]",unmatched,Brandon Clarke,p_38757b3c73e4f6359078ec46,pitcher,s_68c00e2568bf81f447e5fcd0,r_fb1ed5dc76fc8939cd1d080a,2026,RotoWire,STL
s_8ef563423f40c4bf30ff5e93,"[[""rotowire"", ""13890""]]",matched,Taylor Clarke,p_2269ea2145532d73c89362b1,pitcher,s_fc62eb5ed0edf0b71c81610f,r_fb1ed5dc76fc8939cd1d080a,2026,RotoWire,ARI
,"[[""rotowire"", ""16246""]]",unmatched,Chris Clarke,p_0056816ae2b27e35397854e9,pitcher,s_6f0381516165e0c4cf72a443,r_fb1ed5dc76fc8939cd1d080a,2026,RotoWire,FA
,"[[""rotowire"", ""12953""]]",unmatched,Ian Clarkin,p_3a781a6ae98cd4c6895788b8,pitcher,s_7e14d430e5e8f9ecf57ca27a,r_fb1ed5dc76fc8939cd1d080a,2026,RotoWire,ARI
s_c5984000cd34c4255bef25ef,"[[""rotowire"", ""13908""]]",matched,Garrett Cleavinger,p_230ac4acbb3108f710292706,pitcher,s_342bc20cae260e3cc3a2e0ae,r_fb1ed5dc76fc8939cd1d080a,2026,RotoWire,TB
,"[[""rotowire"", ""18939""]]",unmatched,Alex Clemmey,p_c85c39e23ee84a9af17aac45,pitcher,s_e8b10f40709e309972d9137d,r_fb1ed5dc76fc8939cd1d080a,2026,RotoWire,WSH
,"[[""rotowire"", ""20537""]]",unmatched,Tyler Cleveland,p_9fa4fa4962e13a062afe06ce,pitcher,s_8fadbf06f15b46d0d3fdc848,r_fb1ed5dc76fc8939cd1d080a,2026,RotoWire,SEA
,"[[""rotowire"", ""12784""]]",unmatched,Mike Clevinger,p_f5a175e1a118851fbe27adfc,pitcher,s_5746aa7965528c57d88fdf3e,r_fb1ed5dc76fc8939cd1d080a,2026,RotoWire,PIT
,"[[""rotowire"", ""14472""]]",unmatched,Trevor Clifton,p_997a49c028485778ffbc4485,pitcher,s_7347c94870f870d09df22855,r_fb1ed5dc76fc8939cd1d080a,2026,RotoWire,FA
,"[[""rotowire"", ""9504""]]",unmatched,Alex Cobb,p_50d4e397106240e0c7cf8955,pitcher,s_3132c7c6f4fbbdce6b251621,r_fb1ed5dc76fc8939cd1d080a,2026,RotoWire,FA
,"[[""rotowire"", ""13842""]]",unmatched,Kyle Cody,p_b988892e1b60e2e4f004b40e,pitcher,s_91d07c9a586c76b53d0e6f95,r_fb1ed5dc76fc8939cd1d080a,2026,RotoWire,FA
,"[[""rotowire"", ""16878""]]",unmatched,Adisyn Coffey,p_7bcf3328a6e29e302607c2ab,pitcher,s_284ab17bacb2a4b6054a21e8,r_fb1ed5dc76fc8939cd1d080a,2026,RotoWire,CWS
,"[[""rotowire"", ""18808""]]",unmatched,Isaac Coffey,p_2dee537cd984248dbb5b1cfc,pitcher,s_d0c6d192cf968462d388fe19,r_fb1ed5dc76fc8939cd1d080a,2026,RotoWire,BOS
,"[[""rotowire"", ""20736""]]",unmatched,Harrison Cohen,p_3399830c9bffcf93f2b1fe0f,pitcher,s_284604bc83c1fcc50c7a07b9,r_fb1ed5dc76fc8939cd1d080a,2026,RotoWire,NYY
s_9862a80bcfc9263b35c6764c,"[[""rotowire"", ""10510""]]",matched,Gerrit Cole,p_d102f410880190d0edf406b6,pitcher,s_8666beaad3ad1f0ac5e85d72,r_fb1ed5dc76fc8939cd1d080a,2026,RotoWire,NYY
,"[[""rotowire"", ""16913""]]",unmatched,Carson Coleman,p_b8e6e4e3300e298db9f6feb9,pitcher,s_21cb363efeb917012208c398,r_fb1ed5dc76fc8939cd1d080a,2026,RotoWire,NYY
,"[[""rotowire"", ""15479""]]",unmatched,Dylan Coleman,p_d1dab56b895cc5dd05d833f8,pitcher,s_8aaa5425228292c11b62d65b,r_fb1ed5dc76fc8939cd1d080a,2026,RotoWire,NYY
s_35b88d553219ce4a986aeb95,"[[""rotowire"", ""16158""]]",matched,Gavin Collyer,p_da8308c5e24e6b959b553489,pitcher,s_6304808ac13dd00744470a58,r_fb1ed5dc76fc8939cd1d080a,2026,RotoWire,TEX
,"[[""rotowire"", ""19945""]]",unmatched,Aaron Combs,p_09c80eff6df9ee16d6951e79,pitcher,s_1f66a83a11e3e4fcee831f26,r_fb1ed5dc76fc8939cd1d080a,2026,RotoWire,PHI
,"[[""rotowire"", ""19298""]]",unmatched,Luis Contreras,p_2a2d0322ad2e63c86800fbd2,pitcher,s_b0fd5062cf2ac9a22212a64e,r_fb1ed5dc76fc8939cd1d080a,2026,RotoWire,FA
,"[[""rotowire"", ""17243""]]",unmatched,Efrain Contreras,p_e9e9f4b01a1d198eaf0be2b8,pitcher,s_feabf3598c57f37f1b3bc71f,r_fb1ed5dc76fc8939cd1d080a,2026,RotoWire,FA
,"[[""rotowire"", ""15584""]]",unmatched,Roansy Contreras,p_d4640ce6f07822bb71b449d4,pitcher,s_a9ccde697f7cfb010988cd4c,r_fb1ed5dc76fc8939cd1d080a,2026,RotoWire,FA
s_5efb2be27c3ad8b6a6a85ca7,"[[""rotowire"", ""19801""]]",matched,Alex Cook,p_6d4ae8b0d7f537ca8fbfe71e,pitcher,s_8b4a8134fb13d9aafc6a4da6,r_fb1ed5dc76fc8939cd1d080a,2026,RotoWire,TB
,"[[""rotowire"", ""18827""]]",unmatched,Connor Cooke,p_fbb648c3e0e067b7e676c4e5,pitcher,s_a0363b730746992b45be6266,r_fb1ed5dc76fc8939cd1d080a,2026,RotoWire,TOR
,"[[""rotowire"", ""19829""]]",unmatched,Patrick Copen,p_1644351096488d0230cbc8ab,pitcher,s_46b018baed7f3ade589e0762,r_fb1ed5dc76fc8939cd1d080a,2026,RotoWire,LAD
s_963467e08b04fdeab5438d03,"[[""rotowire"", ""11033""]]",matched,Patrick Corbin,p_f468eeff6fef7a47f63cd456,pitcher,s_09cc96f415ecf4501e3aa097,r_fb1ed5dc76fc8939cd1d080a,2026,RotoWire,FA
s_d66df48d2bbc99716b55acc8,"[[""rotowire"", ""16119""]]",matched,Riley Cornelio,p_3a5340479fb9d5d45f5e9e64,pitcher,s_2cd92837f0e92867470a70a6,r_fb1ed5dc76fc8939cd1d080a,2026,RotoWire,WSH
s_4c5bcb68b74bc3e2ef4c06ab,"[[""rotowire"", ""17147""]]",matched,Jose Corniell,p_e34cbeb141d24f4faface8ac,pitcher,s_71b56212edfebcad3a8c54b9,r_fb1ed5dc76fc8939cd1d080a,2026,RotoWire,TEX
s_07d0c4239690c41db415c9f5,"[[""rotowire"", ""20079""]]",matched,Alexander Cornielle,p_969b0d48692c2520e3a6ca51,pitcher,s_0662c51630d77110d38e7748,r_fb1ed5dc76fc8939cd1d080a,2026,RotoWire,NYY
,"[[""rotowire"", ""18511""]]",unmatched,Danis Correa,p_659f23a8188ad392d872b0c5,pitcher,s_76723614cb99e457f974062a,r_fb1ed5dc76fc8939cd1d080a,2026,RotoWire,FA
,"[[""rotowire"", ""14862""]]",unmatched,Seth Corry,p_5edcae9cdcf6391033600da8,pitcher,s_af33cb20ccdb093661fc3931,r_fb1ed5dc76fc8939cd1d080a,2026,RotoWire,FA
,"[[""rotowire"", ""15285""]]",unmatched,Nestor Cortes,p_1107fc33dd7fa76b67b0e2f6,pitcher,s_81aece09b205a44f7a7b8968,r_fb1ed5dc76fc8939cd1d080a,2026,RotoWire,FA
,"[[""rotowire"", ""17487""]]",unmatched,Chris Cortez,p_22359b94cc60c2b32c810aa7,pitcher,s_94bf39b455a1e2609cc8cb94,r_fb1ed5dc76fc8939cd1d080a,2026,RotoWire,LAA
s_f1f37fb8458f215910a7617c,"[[""rotowire"", ""18266""]]",matched,Tom Cosgrove,p_d7a6a481b2c8156315936897,pitcher,s_82f9218259ded6fa2112f2ae,r_fb1ed5dc76fc8939cd1d080a,2026,RotoWire,HOU
,"[[""rotowire"", ""18160""]]",unmatched,Ryan Costeiu,p_07b4e39bc79be83f22a3349f,pitcher,s_ebb0dcffa14dab9b55d2ffbf,r_fb1ed5dc76fc8939cd1d080a,2026,RotoWire,LAA
,"[[""rotowire"", ""16861""]]",unmatched,Magdiel Cotto,p_764d83c432fea91a3d00f117,pitcher,s_c75d06a22d6d4935b3173d44,r_fb1ed5dc76fc8939cd1d080a,2026,RotoWire,PIT
s_442b25c60872459e5223b813,"[[""rotowire"", ""13627""]]",matched,Danny Coulombe,p_fae8649ac857a8babf1bdca8,pitcher,s_028c0d6cd2dd3953de7d9837,r_fb1ed5dc76fc8939cd1d080a,2026,RotoWire,BOS
,"[[""rotowire"", ""18860""]]",unmatched,Isaiah Coupet,p_47ce5a4abfdddb209ef8e20f,pitcher,s_61ee453b2a83c994fbc7b0cc,r_fb1ed5dc76fc8939cd1d080a,2026,RotoWire,COL
,"[[""rotowire"", ""19211""]]",unmatched,Josimar Cousin,p_b0907701d7dc2ff4f7b2f6cb,pitcher,s_42a1b9c7b7b6cd6d181847a4,r_fb1ed5dc76fc8939cd1d080a,2026,RotoWire,FA
,"[[""rotowire"", ""17535""]]",unmatched,Jake Cousins,p_8b584c5bfa4f0130c8998efa,pitcher,s_b3444e3d991caa89a46e1734,r_fb1ed5dc76fc8939cd1d080a,2026,RotoWire,FA
,"[[""rotowire"", ""11442""]]",unmatched,Dylan Covey,p_c60d40ca2856c8e687a00509,pitcher,s_bba960ea866aaeaddabba870,r_fb1ed5dc76fc8939cd1d080a,2026,RotoWire,FA
,"[[""rotowire"", ""15679""]]",unmatched,Austin Cox,p_281f00a360ce484be44c5eae,pitcher,s_b64ed7b05e05fba32d14b806,r_fb1ed5dc76fc8939cd1d080a,2026,RotoWire,ATL
,"[[""rotowire"", ""17981""]]",unmatched,Jackson Cox,p_3fc43ce2a4a97952cb89e940,pitcher,s_3c089123537d992e75eaa602,r_fb1ed5dc76fc8939cd1d080a,2026,RotoWire,COL
,"[[""rotowire"", ""19687""]]",unmatched,Hunter Cranton,p_b747ef0790379b4492d07b8a,pitcher,s_1015715ab9480cf896f75101,r_fb1ed5dc76fc8939cd1d080a,2026,RotoWire,ARI
,"[[""rotowire"", ""17608""]]",unmatched,Kutter Crawford,p_7b1334fef8ae64d523ef1f74,pitcher,s_fda42d143b838f5b4c330b03,r_fb1ed5dc76fc8939cd1d080a,2026,RotoWire,BOS
,"[[""rotowire"", ""12187""]]",unmatched,Kyle Crick,p_65236ea384571ba0894f3d8e,pitcher,s_be21d9129659470e0ca8d6ad,r_fb1ed5dc76fc8939cd1d080a,2026,RotoWire,FA
,"[[""rotowire"", ""14729""]]",unmatched,Nabil Crismatt,p_4c286b6792cd590ac26d8de5,pitcher,s_8259b1c25204eb584d6db940,r_fb1ed5dc76fc8939cd1d080a,2026,RotoWire,TEX
s_101e7f654ea7a52fd045f3f9,"[[""rotowire"", ""17617""]]",matched,Cooper Criswell,p_6cb98ada7d3e5f6be65307b2,pitcher,s_d5d4d62889977950f37ee8b4,r_fb1ed5dc76fc8939cd1d080a,2026,RotoWire,SEA
s_514585746143c344434908ed,"[[""rotowire"", ""16680""]]",matched,Garrett Crochet,p_0738eee4fb6a62334e2dc6a6,pitcher,s_85ec860c4050835b36b71df5,r_fb1ed5dc76fc8939cd1d080a,2026,RotoWire,BOS
,"[[""rotowire"", ""16104""]]",unmatched,Matt Cronin,p_4b0e7840ac1c57dc0b13684c,pitcher,s_1a962b49d9108cc7dd3b856c,r_fb1ed5dc76fc8939cd1d080a,2026,RotoWire,FA
,"[[""rotowire"", ""19088""]]",unmatched,Declan Cronin,p_149939c174acef5b1e7af20e,pitcher,s_c46196de59711093a12a132b,r_fb1ed5dc76fc8939cd1d080a,2026,RotoWire,TEX
,"[[""rotowire"", ""14797""]]",unmatched,Hans Crouse,p_ec617a580438c29a38ae2049,pitcher,s_2804c336d6894ae79d94311e,r_fb1ed5dc76fc8939cd1d080a,2026,RotoWire,BAL
s_3912d9a0f54e872068cd79cf,"[[""rotowire"", ""17870""]]",matched,Coleman Crow,p_eccd2ebd3c9871f883165c10,pitcher,s_5f57d1ed50b0d3d9923bcc69,r_fb1ed5dc76fc8939cd1d080a,2026,RotoWire,MIL
,"[[""rotowire"", ""14806""]]",unmatched,Wil Crowe,p_2eb4889336da38ac5fabfb93,pitcher,s_5304499221edb5cd66e02a99,r_fb1ed5dc76fc8939cd1d080a,2026,RotoWire,PHI
,"[[""rotowire"", ""18971""]]",unmatched,Wyatt Crowell,p_c690128265a6ab1a5cf31f64,pitcher,s_3d9c9916034b2a9ef087d7f8,r_fb1ed5dc76fc8939cd1d080a,2026,RotoWire,LAD
,"[[""rotowire"", ""19266""]]",unmatched,Humberto Cruz,p_740dd86fa553e8dfaaf5ce80,pitcher,s_2ff1f7d1fde661cb7e67e359,r_fb1ed5dc76fc8939cd1d080a,2026,RotoWire,SD
s_42179f1446d4d457b4a1321d,"[[""rotowire"", ""16004""]]",matched,Yovanny Cruz,p_a4292d6ed24cf3d214692278,pitcher,s_df44c62956c5f598e38205f0,r_fb1ed5dc76fc8939cd1d080a,2026,RotoWire,NYY
,"[[""rotowire"", ""16390""]]",unmatched,Omar Cruz,p_f5f8569a117413c8c31133c1,pitcher,s_4cef09e490d404c5c370fb89,r_fb1ed5dc76fc8939cd1d080a,2026,RotoWire,SD
,"[[""rotowire"", ""20722""]]",unmatched,Stiven Cruz,p_b1bcdd98d5ee080788021747,pitcher,s_c4a12ab5cd44b893f885181a,r_fb1ed5dc76fc8939cd1d080a,2026,RotoWire,FA
s_1aa469428354199fe223484b,"[[""rotowire"", ""17911""]]",matched,Jose Cuas,p_3830026e4827f3c798c92493,pitcher,s_da20a86bb54e62c1d83a4367,r_fb1ed5dc76fc8939cd1d080a,2026,RotoWire,KC
,"[[""rotowire"", ""9262""]]",unmatched,Johnny Cueto,p_5949a975562cb5d265b8efb1,pitcher,s_157b944cf210d352d1033399,r_fb1ed5dc76fc8939cd1d080a,2026,RotoWire,FA
,"[[""rotowire"", ""19122""]]",unmatched,Candido Cuevas,p_7f0389eb37a5cc0133378407,pitcher,s_31df8a1458569160d23d279c,r_fb1ed5dc76fc8939cd1d080a,2026,RotoWire,NYM
,"[[""rotowire"", ""20143""]]",unmatched,Michael Cuevas,p_65f49dfd607ad470f06972ba,pitcher,s_5f32d2578bdf8e140fc8c3c8,r_fb1ed5dc76fc8939cd1d080a,2026,RotoWire,FA
,"[[""rotowire"", ""19025""]]",unmatched,C.J. Culpepper,p_db18f2e69df20b502aa7636e,pitcher,s_a5ed81d5e75ac0cf8d094c8f,r_fb1ed5dc76fc8939cd1d080a,2026,RotoWire,MIN
,"[[""rotowire"", ""19909""]]",unmatched,Ty Cummings,p_fcc8fa9fc41e7462cd13f3fa,pitcher,s_198a444110a1a28f199ea227,r_fb1ed5dc76fc8939cd1d080a,2026,RotoWire,TB
,"[[""rotowire"", ""19531""]]",unmatched,Bryce Cunningham,p_5d8496a132379285b022898b,pitcher,s_0725eb1d31ea2c1f0387a5d1,r_fb1ed5dc76fc8939cd1d080a,2026,RotoWire,NYY
,"[[""rotowire"", ""18279""]]",unmatched,Yoniel Curet,p_db0404c341139f86924cf138,pitcher,s_382d5fa1e6fc27fe8cbab7ae,r_fb1ed5dc76fc8939cd1d080a,2026,RotoWire,PHI
s_ae0d64c4bc52338cd3f78e52,"[[""rotowire"", ""17284""]]",matched,Xzavion Curry,p_ba2387323b64d5ebd5d849ac,pitcher,s_e7597dd07e0f1d8da59a3400,r_fb1ed5dc76fc8939cd1d080a,2026,RotoWire,FA
,"[[""rotowire"", ""17007""]]",unmatched,Aidan Curry,p_23d48e483798815e1538d28b,pitcher,s_d73be97980dc95b0a11f2c62,r_fb1ed5dc76fc8939cd1d080a,2026,RotoWire,TEX
,"[[""rotowire"", ""20073""]]",unmatched,Kolton Curtis,p_81f7c48f997af4fd48eb11f3,pitcher,s_e26ac2fd34918f06658f978f,r_fb1ed5dc76fc8939cd1d080a,2026,RotoWire,TEX
s_2fcbec691f4e192ae32df518,"[[""rotowire"", ""18855""]]",matched,Khristian Curtis,p_8d015290d706bfda018cbc6c,pitcher,s_d0ce00300f20ec1a25e6e5c4,r_fb1ed5dc76fc8939cd1d080a,2026,RotoWire,PIT
,"[[""rotowire"", ""14732""]]",unmatched,John Curtiss,p_f2ee16b90f95f0ed772fe7aa,pitcher,s_d80dd2b78eaa479a54dacf7b,r_fb1ed5dc76fc8939cd1d080a,2026,RotoWire,ARI
s_faaa16e759c7adc7c41ffc72,"[[""rotowire"", ""19922""]]",matched,Luis Curvelo,p_fd76b24f9ee996f781b69c33,pitcher,s_045f549c48c01e18f685b98f,r_fb1ed5dc76fc8939cd1d080a,2026,RotoWire,TEX
,"[[""rotowire"", ""17318""]]",unmatched,Ryan Cusick,p_0d850bacbb71b66e329d4158,pitcher,s_0eaaf27153eef1cd1f009e51,r_fb1ed5dc76fc8939cd1d080a,2026,RotoWire,PHI
,"[[""rotowire"", ""16807""]]",unmatched,R.J. Dabovich,p_fc723de2671dd446492f99b2,pitcher,s_abfa153b0c5a45110841c065,r_fb1ed5dc76fc8939cd1d080a,2026,RotoWire,SF
s_4c8537e015361fb0dfc9f7c2,"[[""rotowire"", ""17494""]]",matched,Chad Dallas,p_8a63344ccf2319f6266b3f1f,pitcher,s_d45866520b5834dc3f5f1f83,r_fb1ed5dc76fc8939cd1d080a,2026,RotoWire,TOR
,"[[""rotowire"", ""16099""]]",unmatched,Andrew Dalquist,p_34a3b4209d2f4f684ffd71a2,pitcher,s_368239a34e848bb960f25a42,r_fb1ed5dc76fc8939cd1d080a,2026,RotoWire,SD
,"[[""rotowire"", ""18025""]]",unmatched,Caden Dana,p_008193aef738335244441232,pitcher,s_dc7f02322b0a2b0ffe4b70f8,r_fb1ed5dc76fc8939cd1d080a,2026,RotoWire,LAA
,"[[""rotowire"", ""14335""]]",unmatched,Davis Daniel,p_0ba0cf7f94e74b8472593f01,pitcher,s_12490b4b9f36a33ed30936fd,r_fb1ed5dc76fc8939cd1d080a,2026,RotoWire,CIN
,"[[""rotowire"", ""20653""]]",unmatched,Joey Danielson,p_7c5bbc6d09eb259c9a57d215,pitcher,s_47e4a1359cfaf05a9c23dbe5,r_fb1ed5dc76fc8939cd1d080a,2026,RotoWire,TEX
,"[[""rotowire"", ""13052""]]",unmatched,Tyler Danish,p_496e9d95b5f33883aba0a165,pitcher,s_63c8168fa8ab43fc4c3a6dc5,r_fb1ed5dc76fc8939cd1d080a,2026,RotoWire,FA
,"[[""rotowire"", ""14807""]]",unmatched,Hagen Danner,p_0070fbb29de42b7e0afd1585,pitcher,s_586e3ee999b5cf4abc2d1c9d,r_fb1ed5dc76fc8939cd1d080a,2026,RotoWire,CIN
,"[[""rotowire"", ""20450""]]",unmatched,Dugan Darnell,p_47d11f5c9e049cfe559016a8,pitcher,s_ceb616a900607f4a0408c09b,r_fb1ed5dc76fc8939cd1d080a,2026,RotoWire,DET
,"[[""rotowire"", ""9601""]]",unmatched,Yu Darvish,p_e04c5d25f1824514545fac27,pitcher,s_185b17bbd48ffc3bb0bd3450,r_fb1ed5dc76fc8939cd1d080a,2026,RotoWire,SD
,"[[""rotowire"", ""19896""]]",unmatched,Jack Dashwood,p_947f4570e6dc5c48b6487a8d,pitcher,s_cb42f54ddab6d43fc45ed10a,r_fb1ed5dc76fc8939cd1d080a,2026,RotoWire,FA
,"[[""rotowire"", ""19673""]]",unmatched,David Davalillo,p_9d0b7c024f16ef4fef806e9a,pitcher,s_793e8fd207bdf4147745fc1c,r_fb1ed5dc76fc8939cd1d080a,2026,RotoWire,TEX
,"[[""rotowire"", ""17650""]]",unmatched,Aaron Davenport,p_a5cd41f1de02694e4356b662,pitcher,s_b03827ad8b6c8ba687902396,r_fb1ed5dc76fc8939cd1d080a,2026,RotoWire,CLE
,"[[""rotowire"", ""20509""]]",unmatched,Ramsey David,p_c16e9b2d3555b8540a452369,pitcher,s_b9f197fe25b388581a2694a1,r_fb1ed5dc76fc8939cd1d080a,2026,RotoWire,HOU
,"[[""rotowire"", ""15265""]]",unmatched,Tucker Davidson,p_7a6745159fa72896be3850e4,pitcher,s_d36ad02f1799d6cfbe588d8f,r_fb1ed5dc76fc8939cd1d080a,2026,RotoWire,PHI
,"[[""rotowire"", ""13718""]]",unmatched,Zach Davies,p_c1fccff4d83d95ead029b6b7,pitcher,s_bb6c297985e84cb4c2c0e027,r_fb1ed5dc76fc8939cd1d080a,2026,RotoWire,FA
,"[[""rotowire"", ""13935""]]",unmatched,Garrett Davila,p_6fb3212e027c70bd5eb23ab4,pitcher,s_00143a3a92aa537186a9dde3,r_fb1ed5dc76fc8939cd1d080a,2026,RotoWire,FA
,"[[""rotowire"", ""16532""]]",unmatched,Jose Davila,p_2410cf2b4c2aa231dd72334b,pitcher,s_d8eff8a12c27866468de6ec8,r_fb1ed5dc76fc8939cd1d080a,2026,RotoWire,STL
s_29fa1e61e5ea89a3ed2d284a,"[[""rotowire"", ""17043""]]",matched,Nick Davila,p_e701ea2611f379ba863599b0,pitcher,s_5c7f2d626f97b1de990bebb8,r_fb1ed5dc76fc8939cd1d080a,2026,RotoWire,SEA
,"[[""rotowire"", ""15027""]]",unmatched,Austin Davis,p_583595ee7aa913513e872425,pitcher,s_87c491d293a4d439c2140050,r_fb1ed5dc76fc8939cd1d080a,2026,RotoWire,FA
,"[[""rotowire"", ""17590""]]",unmatched,Noah Davis,p_5dae408a50fd7a2ef23c70ad,pitcher,s_4288457745f95b77d2916ee3,r_fb1ed5dc76fc8939cd1d080a,2026,RotoWire,PIT
,"[[""rotowire"", ""19720""]]",unmatched,Braden Davis,p_d61b0a04e99379c36aacc2db,pitcher,s_523f9918bbfb33650e8ffe0d,r_fb1ed5dc76fc8939cd1d080a,2026,RotoWire,STL
s_7c30e5225e707e4924a45619,"[[""rotowire"", ""20122""]]",matched,Duncan Davitt,p_33ae34742e696d8f84d174a1,pitcher,s_9d8113acdd23bed9a0f6adbc,r_fb1ed5dc76fc8939cd1d080a,2026,RotoWire,CWS
,"[[""rotowire"", ""17732""]]",unmatched,Luis De Avila,p_2aec7e5f63a7807ee456b586,pitcher,s_dfe5333f2e9180758d782ef5,r_fb1ed5dc76fc8939cd1d080a,2026,RotoWire,ATL
,"[[""rotowire"", ""16632""]]",unmatched,Brett de Geus,p_c86be00e2784333930137667,pitcher,s_9c9a1381cad42e59c1c0b91b,r_fb1ed5dc76fc8939cd1d080a,2026,RotoWire,PHI
,"[[""rotowire"", ""20093""]]",unmatched,Felipe De La Cruz,p_ba3997314d8b662884ba8473,pitcher,s_b9c047dc6a4a6499158c2ebd,r_fb1ed5dc76fc8939cd1d080a,2026,RotoWire,NYM
,"[[""rotowire"", ""19127""]]",unmatched,Juan De La Cruz,p_c5d86b004f1cc1afb88d37db,pitcher,s_c3283ca2b3693e0584d199b1,r_fb1ed5dc76fc8939cd1d080a,2026,RotoWire,MIA
,"[[""rotowire"", ""19358""]]",unmatched,Alexis De La Cruz,p_4bf1e7d5ee9f05b9d1fbd263,pitcher,s_539271589763248333d701a1,r_fb1ed5dc76fc8939cd1d080a,2026,RotoWire,PHI
,"[[""rotowire"", ""19738""]]",unmatched,Dioris De La Rosa,p_41d2fbb7eceab6fc191f09ec,pitcher,s_66264400f193d0e5f22faad4,r_fb1ed5dc76fc8939cd1d080a,2026,RotoWire,LAA
,"[[""rotowire"", ""20498""]]",unmatched,Luis De La Torre,p_dc63a761192e018a0ae3cf02,pitcher,s_1571284ea023fd9ff2284d30,r_fb1ed5dc76fc8939cd1d080a,2026,RotoWire,SF
,"[[""rotowire"", ""13621""]]",unmatched,Jose De Leon,p_671b4ce2c3ec28ad663bf922,pitcher,s_6d97c97467f73a92ca830443,r_fb1ed5dc76fc8939cd1d080a,2026,RotoWire,FA
s_c2960adfd6e6cce5dbc2cad0,"[[""rotowire"", ""14199""]]",matched,Enyel De Los Santos,p_983985938701c89b957bf280,pitcher,s_211419391970d8b1d0144d40,r_fb1ed5dc76fc8939cd1d080a,2026,RotoWire,HOU
s_f967d8e9f80d20e60db0e181,"[[""rotowire"", ""17890""]]",matched,Yerry de los Santos,p_833ff8e8d015c9ecd8ab1e4a,pitcher,s_60e93d044ce76321b8243383,r_fb1ed5dc76fc8939cd1d080a,2026,RotoWire,NYY
,"[[""rotowire"", ""18034""]]",unmatched,Noah Dean,p_b1acbeea55b744f4f574306e,pitcher,s_b6b8ec0de106c67727c20a5f,r_fb1ed5dc76fc8939cd1d080a,2026,RotoWire,BOS
,"[[""rotowire"", ""20462""]]",unmatched,Nick Dean,p_33fbbf7345dc841d13080d6a,pitcher,s_76c9c98f496dd81af69efa6d,r_fb1ed5dc76fc8939cd1d080a,2026,RotoWire,CHC
,"[[""rotowire"", ""19689""]]",unmatched,Jaron DeBerry,p_a875785f3bf6fac7ea571903,pitcher,s_8db0589b4d30375364c4098c,r_fb1ed5dc76fc8939cd1d080a,2026,RotoWire,MIL
,"[[""rotowire"", ""19825""]]",unmatched,Kyle DeGroat,p_dfb2c02832301acdae7d8c60,pitcher,s_9a4658cba96a4cffcfd24c82,r_fb1ed5dc76fc8939cd1d080a,2026,RotoWire,KC
s_7eb249810aaac75d5a4c215b,"[[""rotowire"", ""12854""]]",matched,Jacob deGrom,p_1495f8ede09487e68eb6132f,pitcher,s_6b0133ab90086aca833e5eaf,r_fb1ed5dc76fc8939cd1d080a,2026,RotoWire,TEX
,"[[""rotowire"", ""18400""]]",unmatched,Fineas Del Bonta-Smith,p_4e9314362e0a4773a3cf4855,pitcher,s_2bcff7626d1da6b1a12237dc,r_fb1ed5dc76fc8939cd1d080a,2026,RotoWire,FA
,"[[""rotowire"", ""19109""]]",unmatched,Joelvis Del Rosario,p_c96422a67cb5adc560c5e9e5,pitcher,s_58a2bca347051b4ee77f991e,r_fb1ed5dc76fc8939cd1d080a,2026,RotoWire,FA
,"[[""rotowire"", ""18190""]]",unmatched,Dylan DeLucia,p_1ba4e979780135a2de886e3f,pitcher,s_eed7947bfeb38a953d628f6d,r_fb1ed5dc76fc8939cd1d080a,2026,RotoWire,CLE
,"[[""rotowire"", ""15413""]]",unmatched,Mason Denaburg,p_a08899e2164f806b47e99ccc,pitcher,s_91a4676c09f8fff00475c7dc,r_fb1ed5dc76fc8939cd1d080a,2026,RotoWire,FA
,"[[""rotowire"", ""16813""]]",unmatched,Trenton Denholm,p_dcd1e739c9de54addbb76353,pitcher,s_66d2e1765438414c7f4d3d06,r_fb1ed5dc76fc8939cd1d080a,2026,RotoWire,CLE
,"[[""rotowire"", ""18368""]]",unmatched,Theo Denlinger,p_a9dff0f8d93408e281225916,pitcher,s_e8e072c649053a640e76be51,r_fb1ed5dc76fc8939cd1d080a,2026,RotoWire,BOS
,"[[""rotowire"", ""12755""]]",unmatched,Anthony DeSclafani,p_416065fb1e7bee98c8c06e9c,pitcher,s_0715cacd5d99b7098d756167,r_fb1ed5dc76fc8939cd1d080a,2026,RotoWire,FA
s_523ec29375452ea95121bebf,"[[""rotowire"", ""16674""]]",matched,Reid Detmers,p_712ae68dc57df5d305f2eced,pitcher,s_9222565f90bb5eafa12ad508,r_fb1ed5dc76fc8939cd1d080a,2026,RotoWire,LAA
,"[[""rotowire"", ""18853""]]",unmatched,Nathan Dettmer,p_73ca6c1a37cce0ffbb45aff6,pitcher,s_871ea608cbbe830247c2c287,r_fb1ed5dc76fc8939cd1d080a,2026,RotoWire,ATH
s_5066b0650cc73daf5f2d47cb,"[[""rotowire"", ""12654""]]",matched,Chris Devenski,p_c64d1a71e8b698a4cf973c7e,pitcher,s_21308c26e641cb31d76ae9cc,r_fb1ed5dc76fc8939cd1d080a,2026,RotoWire,PIT
,"[[""rotowire"", ""19111""]]",unmatched,Luis Devers,p_0709d75666583446afff863b,pitcher,s_9e0bf2f29644d784384c2e6c,r_fb1ed5dc76fc8939cd1d080a,2026,RotoWire,FA
,"[[""rotowire"", ""16190""]]",unmatched,Ricky DeVito,p_52884f219d6fe6f70a7950dd,pitcher,s_86f998ae0c787af952047274,r_fb1ed5dc76fc8939cd1d080a,2026,RotoWire,MIA
,"[[""rotowire"", ""18149""]]",unmatched,Nolan DeVos,p_40c54465b6d65c3f2586f6d0,pitcher,s_061a38ddc2770a81667f167a,r_fb1ed5dc76fc8939cd1d080a,2026,RotoWire,HOU
,"[[""rotowire"", ""20071""]]",unmatched,Derek Diamond,p_f5af6951731ba99ac9c67d2c,pitcher,s_34fb2dd2f0944ba8c093d758,r_fb1ed5dc76fc8939cd1d080a,2026,RotoWire,PIT
s_65df42c2e688a3cc92834ee2,"[[""rotowire"", ""18751""]]",matched,Yilber Diaz,p_6195a4077f4c42e4300606dc,pitcher,s_fb661d7389529e74f0035106,r_fb1ed5dc76fc8939cd1d080a,2026,RotoWire,ARI
,"[[""rotowire"", ""17605""]]",unmatched,Indigo Diaz,p_d06aa1067c9cf4553cf6a8c3,pitcher,s_2708b505013c23077b49e941,r_fb1ed5dc76fc8939cd1d080a,2026,RotoWire,ARI
s_7e4ebb2c78196586b0ff565f,"[[""rotowire"", ""17664""]]",matched,Jhonathan Diaz,p_b7e27b68ebd83bc6a468e72b,pitcher,s_be63c50f73c8ff6661170b58,r_fb1ed5dc76fc8939cd1d080a,2026,RotoWire,SEA
,"[[""rotowire"", ""17695""]]",unmatched,Alexis Diaz,p_39a4d35b75bdffcbcfddff84,pitcher,s_7ec533b872d8bb4aa5841492,r_fb1ed5dc76fc8939cd1d080a,2026,RotoWire,TEX
,"[[""rotowire"", ""17255""]]",unmatched,Joel Diaz,p_94cf38797ebf59a034977b26,pitcher,s_9353ba37b7e8def9360fef45,r_fb1ed5dc76fc8939cd1d080a,2026,RotoWire,NYM
,"[[""rotowire"", ""18896""]]",unmatched,Blake Dickerson,p_c7be09e724a992596b676ffb,pitcher,s_a4c38e77621c18b60d503fb6,r_fb1ed5dc76fc8939cd1d080a,2026,RotoWire,DET
,"[[""rotowire"", ""18830""]]",unmatched,Jose Dicochea,p_f5634f94d8129733cad8c0d9,pitcher,s_512beecf81855948605fea49,r_fb1ed5dc76fc8939cd1d080a,2026,RotoWire,ATH
s_87685def486eaf35e2d1e699,"[[""rotowire"", ""18302""]]",matched,Will Dion,p_d90668f2da110f1ef8a9f695,pitcher,s_3591de3176081ab38e550c8a,r_fb1ed5dc76fc8939cd1d080a,2026,RotoWire,CLE
,"[[""rotowire"", ""19483""]]",unmatched,Jonah Dipoto,p_1a7201caa3228a718b706c23,pitcher,s_4e790070277bb2216b3bbaab,r_fb1ed5dc76fc8939cd1d080a,2026,RotoWire,PHI
,"[[""rotowire"", ""19681""]]",unmatched,Eliazar Dishmey,p_73b13cb5752e9498f81a3b6a,pitcher,s_a8f17c9582155f97925bc38f,r_fb1ed5dc76fc8939cd1d080a,2026,RotoWire,MIA
s_6c53e0877f4d371ccf5f79aa,"[[""rotowire"", ""16427""]]",matched,Randy Dobnak,p_0656788e350d8a313901326d,pitcher,s_69aa5aad97e53e41f94c1789,r_fb1ed5dc76fc8939cd1d080a,2026,RotoWire,SEA
s_5cbe0a5c546b114578695208,"[[""rotowire"", ""17460""]]",matched,Dylan Dodd,p_7baf8732d9a598c647856252,pitcher,s_0c2b492e7d497799171ea7f1,r_fb1ed5dc76fc8939cd1d080a,2026,RotoWire,ATL
,"[[""rotowire"", ""15481""]]",unmatched,Tanner Dodson,p_e7601c902cb235cd335bae2b,pitcher,s_a535f51a6235f2192dc4b1c1,r_fb1ed5dc76fc8939cd1d080a,2026,RotoWire,FA
,"[[""rotowire"", ""19636""]]",unmatched,Nate Dohm,p_a580199fe0b9e34b39d76264,pitcher,s_54485b845c12a1609e75afe8,r_fb1ed5dc76fc8939cd1d080a,2026,RotoWire,STL
s_490fafd264b048f35b236217,"[[""rotowire"", ""18850""]]",matched,Chase Dollander,p_036ba95158dbe1470dd58b5d,pitcher,s_8a0abeccb9f873766e423e83,r_fb1ed5dc76fc8939cd1d080a,2026,RotoWire,COL
,"[[""rotowire"", ""16857""]]",unmatched,Taylor Dollard,p_5442f085be8b0c49107c5629,pitcher,s_0f58fa9e0d1aabab8bcf3c34,r_fb1ed5dc76fc8939cd1d080a,2026,RotoWire,SEA
,"[[""rotowire"", ""18021""]]",unmatched,Trey Dombroski,p_cb1ec2262eb95b5635950cb5,pitcher,s_9215ebfacec49d384fcdcfce,r_fb1ed5dc76fc8939cd1d080a,2026,RotoWire,HOU
,"[[""rotowire"", ""17858""]]",unmatched,Johan Dominguez,p_89cdcdd2408ee11932fe4ffc,pitcher,s_1fab3d839a4c8b906241327a,r_fb1ed5dc76fc8939cd1d080a,2026,RotoWire,FA
s_1d983875d3a327ac1cb3b9bd,"[[""rotowire"", ""14702""]]",matched,Seranthony Dominguez,p_6b060d3dfdf334d2e513ce27,pitcher,s_ae941874ac1912f4350685bd,r_fb1ed5dc76fc8939cd1d080a,2026,RotoWire,CWS
,"[[""rotowire"", ""20113""]]",unmatched,Ethan Dorchies,p_e32b57e5b3a4ef892450d09f,pitcher,s_c21bf9573c578dd88135120a,r_fb1ed5dc76fc8939cd1d080a,2026,RotoWire,MIL
s_6c4772a35977448c3478b7c1,"[[""rotowire"", ""19850""]]",matched,Wilber Dotel,p_a43389757236b20e3141d27c,pitcher,s_72b0c2ef519efb4514c239b6,r_fb1ed5dc76fc8939cd1d080a,2026,RotoWire,PIT
,"[[""rotowire"", ""19524""]]",unmatched,Braylon Doughty,p_8a25bb8d5487a30d8c610cf9,pitcher,s_814c3cd4001e0ea26887aca4,r_fb1ed5dc76fc8939cd1d080a,2026,RotoWire,CLE
s_3b0ec8aa8a1f381b982766db,"[[""rotowire"", ""16010""]]",matched,Camilo Doval,p_86bbc8fa57931321ecdf298d,pitcher,s_e41dd40cfe43684375e3898f,r_fb1ed5dc76fc8939cd1d080a,2026,RotoWire,NYY
,"[[""rotowire"", ""16079""]]",unmatched,John Doxakis,p_365680c915de2e95ef51c4a5,pitcher,s_3f46151a6759b0058457a86f,r_fb1ed5dc76fc8939cd1d080a,2026,RotoWire,FA
,"[[""rotowire"", ""14921""]]",unmatched,Tommy Doyle,p_783eeeeacee2f2a1509d2dc0,pitcher,s_799c1a32280ff4163a108cac,r_fb1ed5dc76fc8939cd1d080a,2026,RotoWire,FA
s_f2722de694b79648780cfa9a,"[[""rotowire"", ""19869""]]",matched,Kohl Drake,p_9f3a80089b3361cb0cbce43f,pitcher,s_8aed51ea81aacdcbdf8c00d4,r_fb1ed5dc76fc8939cd1d080a,2026,RotoWire,ARI
s_b7da8489bbdbc669424d1175,"[[""rotowire"", ""19463""]]",matched,Jack Dreyer,p_ad78ce5032f69f100e3afe02,pitcher,s_e837ffd18c02be5e23bb959c,r_fb1ed5dc76fc8939cd1d080a,2026,RotoWire,LAD
s_add9406d551a7f78021d7c33,"[[""rotowire"", ""14851""]]",matched,Shane Drohan,p_20593f1b2a54d619214da9e6,pitcher,s_eb06e57bd5e815759f05e53c,r_fb1ed5dc76fc8939cd1d080a,2026,RotoWire,MIL
s_036fbcc779a5aaf9e29f0f7c,"[[""rotowire"", ""17696""]]",matched,Daniel Duarte,p_243c60d01118f80fce959797,pitcher,s_3a18cc93ab30b64eb1cbdc46,r_fb1ed5dc76fc8939cd1d080a,2026,RotoWire,NYM
,"[[""rotowire"", ""19778""]]",unmatched,Jayden Dubanewicz,p_ea25635588017af89a222adb,pitcher,s_38db418d0971bf625aac1809,r_fb1ed5dc76fc8939cd1d080a,2026,RotoWire,MIL
,"[[""rotowire"", ""16504""]]",unmatched,Shawn Dubin,p_d6d57443ec08aa62f4f79d93,pitcher,s_fbe40c83e2f40685f98f83f6,r_fb1ed5dc76fc8939cd1d080a,2026,RotoWire,ARI
,"[[""rotowire"", ""14893""]]",unmatched,Cole Duensing,p_0a9c779bb1937eb390f45a04,pitcher,s_31d538e7430dd1094a321ca2,r_fb1ed5dc76fc8939cd1d080a,2026,RotoWire,CWS
,"[[""rotowire"", ""19894""]]",unmatched,Brandon Dufault,p_baadfbe1382df8ec7bdb4f67,pitcher,s_1b83e1afd8df54874d85c39a,r_fb1ed5dc76fc8939cd1d080a,2026,RotoWire,FA
,"[[""rotowire"", ""13101""]]",unmatched,Tyler Duffey,p_27324270b19268ea7ec3bd41,pitcher,s_767a47e05dd1dc4c301c0013,r_fb1ed5dc76fc8939cd1d080a,2026,RotoWire,FA
,"[[""rotowire"", ""9860""]]",unmatched,Danny Duffy,p_f75abddcc3edd192a32f1880,pitcher,s_d0f7164bc786d6bc1c3d89d0,r_fb1ed5dc76fc8939cd1d080a,2026,RotoWire,FA
,"[[""rotowire"", ""15271""]]",unmatched,Robert Dugger,p_18b94d9bf11cf44364265d84,pitcher,s_d29904695d7c2e6387f9b0a9,r_fb1ed5dc76fc8939cd1d080a,2026,RotoWire,FA
,"[[""rotowire"", ""14273""]]",unmatched,Justin Dunn,p_8c5c57f21924cd79ab2f1029,pitcher,s_57f8dfa48726ec1337a58e30,r_fb1ed5dc76fc8939cd1d080a,2026,RotoWire,FA
,"[[""rotowire"", ""18930""]]",unmatched,Ross Dunn,p_2cd37b86f7a0a40a24008488,pitcher,s_f27e807bf25478343ad5881c,r_fb1ed5dc76fc8939cd1d080a,2026,RotoWire,MIN
,"[[""rotowire"", ""14284""]]",unmatched,Dane Dunning,p_ac8c5c8e84a95d130d682758,pitcher,s_efdf37a7f70e8312ce695305,r_fb1ed5dc76fc8939cd1d080a,2026,RotoWire,SEA
,"[[""rotowire"", ""15371""]]",unmatched,Parker Dunshee,p_13432feb395b8be952e56114,pitcher,s_ceb5699f1abf9c61cfeb81cf,r_fb1ed5dc76fc8939cd1d080a,2026,RotoWire,FA
,"[[""rotowire"", ""14270""]]",unmatched,Jon Duplantier,p_7f0eeef14d235558de9ae868,pitcher,s_db552d357d36f70916747209,r_fb1ed5dc76fc8939cd1d080a,2026,RotoWire,FA
s_ba802e06f658eaac6dc305ab,"[[""rotowire"", ""14760""]]",matched,Jhoan Duran,p_6a5ad9cf8a12ffa4c0cfffae,pitcher,s_f3b9ef45454b231ba60b9dca,r_fb1ed5dc76fc8939cd1d080a,2026,RotoWire,PHI
s_6c21dc502921d09403a002c3,"[[""rotowire"", ""17618""]]",matched,Carlos Duran,p_f423bf407dac7dca6759a07b,pitcher,s_c2ef29318fa8b384f2fae2d4,r_fb1ed5dc76fc8939cd1d080a,2026,RotoWire,LAD
,"[[""rotowire"", ""20346""]]",unmatched,Hayden Durke,p_84afbb8d156ea1a70ba02080,pitcher,s_7868dd3684423230f4d953f9,r_fb1ed5dc76fc8939cd1d080a,2026,RotoWire,ARI
,"[[""rotowire"", ""19569""]]",unmatched,Daniel Eagen,p_33885b8a5697cbe75145eec5,pitcher,s_bdd44506130ae18844ab9dde,r_fb1ed5dc76fc8939cd1d080a,2026,RotoWire,ARI
s_b0715ce258870875ad56d88e,"[[""rotowire"", ""19049""]]",matched,Connelly Early,p_4d31d759d710f8357e79536b,pitcher,s_7c265a1f04c8d1ff2fb0dcc1,r_fb1ed5dc76fc8939cd1d080a,2026,RotoWire,BOS
,"[[""rotowire"", ""19648""]]",unmatched,Konner Eaton,p_f1fbaedc2bee33a7a2f0a24b,pitcher,s_2fdb78fcdee8ee65826afb28,r_fb1ed5dc76fc8939cd1d080a,2026,RotoWire,COL
,"[[""rotowire"", ""18956""]]",unmatched,Steven Echavarria,p_bbf732011e2e885422516911,pitcher,s_3ef617879dd5189409e07ad6,r_fb1ed5dc76fc8939cd1d080a,2026,RotoWire,ATH
,"[[""rotowire"", ""19390""]]",unmatched,Brian Edgington,p_c7fb8df43f66447f4ed00a78,pitcher,s_04105057bb19069f0eb8cdab,r_fb1ed5dc76fc8939cd1d080a,2026,RotoWire,CIN
,"[[""rotowire"", ""19276""]]",unmatched,Garrett Edwards,p_91195bb60bd20fbe3c8c297e,pitcher,s_a6836abe19784f054f4dacf9,r_fb1ed5dc76fc8939cd1d080a,2026,RotoWire,TB
,"[[""rotowire"", ""17649""]]",unmatched,Scott Effross,p_2d9cec8e1707efbb1e1cb52c,pitcher,s_aa8a766c08ebb5f706b5a903,r_fb1ed5dc76fc8939cd1d080a,2026,RotoWire,DET
s_7ed09bb15de9203ec5986735,"[[""rotowire"", ""12471""]]",matched,Zach Eflin,p_2553085f66061508335f3fb1,pitcher,s_d46240b83594205e73a80ee8,r_fb1ed5dc76fc8939cd1d080a,2026,RotoWire,BAL
s_2a7769ee1fa38a69fa5a9cfa,"[[""rotowire"", ""19497""]]",matched,Brandon Eisert,p_08c841183887e159fb3b9131,pitcher,s_af85b36fafc81172db80c3be,r_fb1ed5dc76fc8939cd1d080a,2026,RotoWire,CWS
s_bc860392efdd6df5cac94215,"[[""rotowire"", ""19835""]]",matched,Josh Ekness,p_1046da07b999ebe851bcced8,pitcher,s_c3400b9286dccded1d6bd5b1,r_fb1ed5dc76fc8939cd1d080a,2026,RotoWire,MIA
,"[[""rotowire"", ""17839""]]",unmatched,Joe Elbis,p_2431587e3a48783a063af43a,pitcher,s_405bc62f8d430edab97aae6f,r_fb1ed5dc76fc8939cd1d080a,2026,RotoWire,ARI
s_afddd4dc9e9fe2ad8322a7d1,"[[""rotowire"", ""16801""]]",matched,Bryce Elder,p_dba406ee26bfb7503c1bf27d,pitcher,s_6100d708654d437b72f780fb,r_fb1ed5dc76fc8939cd1d080a,2026,RotoWire,ATL
,"[[""rotowire"", ""20439""]]",unmatched,Frank Elissalt,p_7f6d8d663fe0697e01527fac,pitcher,s_4c4e05200c6a55efb9b0f47c,r_fb1ed5dc76fc8939cd1d080a,2026,RotoWire,STL
,"[[""rotowire"", ""20402""]]",unmatched,Lucas Elissalt,p_99cd2bf1182a5f39f76b0889,pitcher,s_2cf8e357bd4d26f3dfd7c43a,r_fb1ed5dc76fc8939cd1d080a,2026,RotoWire,DET
,"[[""rotowire"", ""19766""]]",unmatched,Fraser Ellard,p_1dfc6e6af415ea42f3c5b686,pitcher,s_3f2138a60b3c465f84f53d29,r_fb1ed5dc76fc8939cd1d080a,2026,RotoWire,FA
,"[[""rotowire"", ""15018""]]",unmatched,Seth Elledge,p_945360f1e0d9370688dd8e47,pitcher,s_98c7490b3a3ddaf0522367de,r_fb1ed5dc76fc8939cd1d080a,2026,RotoWire,ATH
,"[[""rotowire"", ""13454""]]",unmatched,Chris Ellis,p_2f3f4c85e549da04a6ce72ff,pitcher,s_be5994514b2a6c49a9dc80db,r_fb1ed5dc76fc8939cd1d080a,2026,RotoWire,FA
s_b8f802b256f03a769623371c,"[[""rotowire"", ""13053""]]",matched,Kent Emanuel,p_b3fd9a51515080534ee8cdc9,pitcher,s_f350d4c57cc60cb9ee10371d,r_fb1ed5dc76fc8939cd1d080a,2026,RotoWire,FA
,"[[""rotowire"", ""16838""]]",unmatched,Stevie Emanuels,p_717205649863c44261041c4c,pitcher,s_7912cda3780b23004541c608,r_fb1ed5dc76fc8939cd1d080a,2026,RotoWire,ATH
,"[[""rotowire"", ""18729""]]",unmatched,Nixon Encarnacion,p_6c12304244ca8884c52c7266,pitcher,s_b8ac563041e6ff72dc427fdf,r_fb1ed5dc76fc8939cd1d080a,2026,RotoWire,FA
,"[[""rotowire"", ""16926""]]",unmatched,Jimmy Endersby,p_1586eee79da2925fa3e2516d,pitcher,s_d91ae7c35a49f9b5acc904de,r_fb1ed5dc76fc8939cd1d080a,2026,RotoWire,ARI
s_ab6397ed30f7cba68e7e0e6f,"[[""rotowire"", ""15535""]]",matched,Mason Englert,p_607b4432d07e4a7dfc0a7e67,pitcher,s_ae784347c299600214f4d6ea,r_fb1ed5dc76fc8939cd1d080a,2026,RotoWire,TB
,"[[""rotowire"", ""14789""]]",unmatched,Blayne Enlow,p_1ed73a9d282cf4ea46362503,pitcher,s_40eb6abb0792db26a40a05a1,r_fb1ed5dc76fc8939cd1d080a,2026,RotoWire,ATL
s_6e292e0a7ec7d7f54d351288,"[[""rotowire"", ""14201""]]",matched,Dietrich Enns,p_e65f6476452ef1c2469ceb29,pitcher,s_b3c1dedcbd9dd3fd85aa19e3,r_fb1ed5dc76fc8939cd1d080a,2026,RotoWire,BAL
,"[[""rotowire"", ""18282""]]",unmatched,Nic Enright,p_9022d2a8b2f7e6f53a93936f,pitcher,s_7d8f483cfbf0e1a3791c2317,r_fb1ed5dc76fc8939cd1d080a,2026,RotoWire,TOR
s_af2683cebfce8fff28095eb0,"[[""rotowire"", ""10901""]]",matched,Nathan Eovaldi,p_2f8502e30665a12d3037adfa,pitcher,s_113b16c1a8e292bbb3c799f2,r_fb1ed5dc76fc8939cd1d080a,2026,RotoWire,TEX
s_a71ae3d4fe22f079c8252a9a,"[[""rotowire"", ""14282""]]",matched,Lucas Erceg,p_dc952cf10742e3abc77f91bf,pitcher,s_16a4f2dc7800547f70b65523,r_fb1ed5dc76fc8939cd1d080a,2026,RotoWire,KC
,"[[""rotowire"", ""19919""]]",unmatched,Alessandro Ercolani,p_186381ab31c1e28b453380ed,pitcher,s_e27d4696b6200f01f4f2ce33,r_fb1ed5dc76fc8939cd1d080a,2026,RotoWire,PIT
,"[[""rotowire"", ""17871""]]",unmatched,Mason Erla,p_a5dfea1f9edc3d9a969e1a0f,pitcher,s_c1a116ad70ef922941bf1414,r_fb1ed5dc76fc8939cd1d080a,2026,RotoWire,LAA
,"[[""rotowire"", ""12729""]]",unmatched,Edwin Escobar,p_9278606c2492ba05e695ae60,pitcher,s_91752aaa9f2a20a536862961,r_fb1ed5dc76fc8939cd1d080a,2026,RotoWire,FA
s_a47c9bf943b07f264ff459e8,"[[""rotowire"", ""19065""]]",matched,Jose Espada,p_62360b5de96d90bc68e17dd9,pitcher,s_b305bd7c53ab81f13c1c912e,r_fb1ed5dc76fc8939cd1d080a,2026,RotoWire,BAL
,"[[""rotowire"", ""19209""]]",unmatched,Cesar Espinal,p_92bf31f2e72e20001dfb617b,pitcher,s_0cb4b3726e1faa5c23448ecc,r_fb1ed5dc76fc8939cd1d080a,2026,RotoWire,MIL
,"[[""rotowire"", ""11384""]]",unmatched,Paolo Espino,p_45001764ecf663eac4f8b3d8,pitcher,s_eddd14eddd493e2356ce6cbc,r_fb1ed5dc76fc8939cd1d080a,2026,RotoWire,FA
s_b07999730b7b4818b4580922,"[[""rotowire"", ""16059""]]",matched,Daniel Espino,p_c7e08145000aa38e16a0f7fc,pitcher,s_038b937bebcb3941c080f59c,r_fb1ed5dc76fc8939cd1d080a,2026,RotoWire,CLE
,"[[""rotowire"", ""19253""]]",unmatched,Carlos Espinosa,p_00b8c77b08d368ed90c64750,pitcher,s_62ebfa094a354155858c71de,r_fb1ed5dc76fc8939cd1d080a,2026,RotoWire,LAA
,"[[""rotowire"", ""18389""]]",unmatched,Jaydenn Estanista,p_f0cabb601da52a8fe2daf81c,pitcher,s_9feba35ad9185889add66f04,r_fb1ed5dc76fc8939cd1d080a,2026,RotoWire,PHI
s_2bb9c79128e5c8dddc33c165,"[[""rotowire"", ""16363""]]",matched,Joey Estes,p_f2af4380a6d1108c9d507592,pitcher,s_404b29b162dd302cc29e0f43,r_fb1ed5dc76fc8939cd1d080a,2026,RotoWire,ATH
,"[[""rotowire"", ""13774""]]",unmatched,Carlos Estevez,p_cdab5985b61ba75e14c1e3e7,pitcher,s_653358580f566f34c15f4080,r_fb1ed5dc76fc8939cd1d080a,2026,RotoWire,KC
s_0e4e6e4605d6ee55695b0805,"[[""rotowire"", ""14899""]]",matched,Jeremiah Estrada,p_1821549cff26dbba5d4aca04,pitcher,s_b15f1f5f5767cd47ef9f46fc,r_fb1ed5dc76fc8939cd1d080a,2026,RotoWire,SD
s_cdb0bfb6877bc96fdfaeae08,"[[""rotowire"", ""19668""]]",matched,Lazaro Estrada,p_a0394efcc7f08bfbcaf82819,pitcher,s_a4e2aa1108c24912c764ab83,r_fb1ed5dc76fc8939cd1d080a,2026,RotoWire,TOR
,"[[""rotowire"", ""19319""]]",unmatched,Logan Evans,p_21f61c9eb57c439c5f062747,pitcher,s_c3b8aad3f96367ddf235b4d4,r_fb1ed5dc76fc8939cd1d080a,2026,RotoWire,SEA
,"[[""rotowire"", ""20488""]]",unmatched,Allen Facundo,p_9b13efc32e45609112b92626,pitcher,s_d8220cfbd7fc879e7fc999ab,r_fb1ed5dc76fc8939cd1d080a,2026,RotoWire,NYY
,"[[""rotowire"", ""14772""]]",unmatched,Alex Faedo,p_ad63c3e99c4c8c1e2b9e9be0,pitcher,s_8e04217b6ea35e31f728dd3a,r_fb1ed5dc76fc8939cd1d080a,2026,RotoWire,FA
s_92cebca074faa84a95553ee5,"[[""rotowire"", ""16252""]]",matched,Pete Fairbanks,p_2f79f472a978afdd718437e0,pitcher,s_dcee8773c97bac3eaf4ae3e4,r_fb1ed5dc76fc8939cd1d080a,2026,RotoWire,MIA
,"[[""rotowire"", ""19943""]]",unmatched,Yhoiker Fajardo,p_20ae4f9136d75a8fb69e5dc9,pitcher,s_cfc0796fc7f1ad9ac6fad1a9,r_fb1ed5dc76fc8939cd1d080a,2026,RotoWire,STL
s_2729b3d1a51aac81920fa938,"[[""rotowire"", ""14490""]]",matched,Bailey Falter,p_6812838b39eb2c709ed072fd,pitcher,s_fc3128ea970344d60bcc6a9b,r_fb1ed5dc76fc8939cd1d080a,2026,RotoWire,KC
,"[[""rotowire"", ""13035""]]",unmatched,Buck Farmer,p_719c3270536f32ee5a0cab9c,pitcher,s_53a7896d56e30fe3bddb172f,r_fb1ed5dc76fc8939cd1d080a,2026,RotoWire,FA
,"[[""rotowire"", ""17427""]]",unmatched,Thomas Farr,p_04f853e0ad467c33183c41e9,pitcher,s_28f07779919cabf4a8f60591,r_fb1ed5dc76fc8939cd1d080a,2026,RotoWire,CIN
,"[[""rotowire"", ""13075""]]",unmatched,Luke Farrell,p_ce9380d7268c9a9bc2590255,pitcher,s_4b06a36be4ae6066fc278282,r_fb1ed5dc76fc8939cd1d080a,2026,RotoWire,FA
s_3d57d5cf0bc23add8ae2d6de,"[[""rotowire"", ""19942""]]",matched,Mitch Farris,p_543d7c89d0a82ee568c8f70d,pitcher,s_ae792e964b1c67ccc4dea181,r_fb1ed5dc76fc8939cd1d080a,2026,RotoWire,LAA
s_5d17e271cd946b14732f13d7,"[[""rotowire"", ""17582""]]",matched,Calvin Faucher,p_c2f429582365b8384125cb6a,pitcher,s_55c7e983497bcfd06e5e0a2c,r_fb1ed5dc76fc8939cd1d080a,2026,RotoWire,MIA
s_5ff3af64dee51d281dc01d77,"[[""rotowire"", ""13346""]]",matched,Erick Fedde,p_0e56dc24388067d6adf8d91b,pitcher,s_c82a6bbeb3d4a638908852d7,r_fb1ed5dc76fc8939cd1d080a,2026,RotoWire,CWS
,"[[""rotowire"", ""18550""]]",unmatched,Daniel Federman,p_3f9de6eb8f04a99fab94044c,pitcher,s_77f98bbacad25229243a2bfd,r_fb1ed5dc76fc8939cd1d080a,2026,RotoWire,BAL
,"[[""rotowire"", ""18744""]]",unmatched,Angel Felipe,p_c80915d3b3628bd9ed0fd863,pitcher,s_0dd9552d30bc6854538220ae,r_fb1ed5dc76fc8939cd1d080a,2026,RotoWire,FA
,"[[""rotowire"", ""15928""]]",unmatched,Ignacio Feliz,p_f1d5d213238314b3652ae8b4,pitcher,s_6ad8d65af1f565bc691f121d,r_fb1ed5dc76fc8939cd1d080a,2026,RotoWire,FA
,"[[""rotowire"", ""16181""]]",unmatched,Drake Fellows,p_bc886679f2459da18e2d9eeb,pitcher,s_e98734be8b9d139792d5244e,r_fb1ed5dc76fc8939cd1d080a,2026,RotoWire,NYY
s_18c3a855752c5ddf8a1a0205,"[[""rotowire"", ""15541""]]",matched,Ryan Feltner,p_8961924234b18a32fc5f7a2c,pitcher,s_f68640ccad2041e242b29f09,r_fb1ed5dc76fc8939cd1d080a,2026,RotoWire,COL
s_94b1123b3c9e29c32eae33db,"[[""rotowire"", ""15217""]]",matched,Caleb Ferguson,p_d0ae9150ea080d20bd5ec95d,pitcher,s_82b1bfc3706b57e69ccc66f3,r_fb1ed5dc76fc8939cd1d080a,2026,RotoWire,CIN
s_89ba6378b1f40d4852a22109,"[[""rotowire"", ""19462""]]",matched,Tyler Ferguson,p_d9c64dd40ed1ff65a53e6228,pitcher,s_751de3332f53fb67db97fd65,r_fb1ed5dc76fc8939cd1d080a,2026,RotoWire,ATH
s_872c8c10917a0ecd8e554918,"[[""rotowire"", ""15280""]]",matched,Julian Fernandez,p_ec38b20b6fea67297fb8b7e9,pitcher,s_e6ccdcafe03697ed83c3f667,r_fb1ed5dc76fc8939cd1d080a,2026,RotoWire,WSH
,"[[""rotowire"", ""14072""]]",unmatched,Junior Fernandez,p_4fe455d9877a9db08b4c15ee,pitcher,s_974bed17576e678444a54b65,r_fb1ed5dc76fc8939cd1d080a,2026,RotoWire,ARI
,"[[""rotowire"", ""17938""]]",unmatched,Jackson Ferris,p_5a0255aac205e382277a1c02,pitcher,s_d121e4acf81a201e437b45ea,r_fb1ed5dc76fc8939cd1d080a,2026,RotoWire,LAD
s_8a063b211a8ac49311555ca5,"[[""rotowire"", ""15304""]]",matched,Matt Festa,p_fd293a60557159fc55b19a14,pitcher,s_17c017336be777d6f7bd52fa,r_fb1ed5dc76fc8939cd1d080a,2026,RotoWire,CLE
,"[[""rotowire"", ""14499""]]",unmatched,J.P. Feyereisen,p_f5ba6b7a7aef6272c083449c,pitcher,s_9134780d106bad0432551329,r_fb1ed5dc76fc8939cd1d080a,2026,RotoWire,LAD
,"[[""rotowire"", ""20283""]]",unmatched,Colin Fields,p_d35d278daeabf1d04e3afccc,pitcher,s_919dcdffa2d290c3a0c1db7b,r_fb1ed5dc76fc8939cd1d080a,2026,RotoWire,DET
,"[[""rotowire"", ""16453""]]",unmatched,Dylan File,p_a87859ab13c6cfc641ae81c2,pitcher,s_cdfa19ce377e53b414519f5f,r_fb1ed5dc76fc8939cd1d080a,2026,RotoWire,DET
s_d90a0791608d7893f29b9526,"[[""rotowire"", ""15866""]]",matched,Kyle Finnegan,p_b8cb9339000eda49122a846d,pitcher,s_e7d06d8895035094a72ee3f0,r_fb1ed5dc76fc8939cd1d080a,2026,RotoWire,DET
s_4a368a7dbc5bbfa801a5cd21,"[[""rotowire"", ""15473""]]",matched,Braydon Fisher,p_889ef298862822ad30619dee,pitcher,s_74392b3536cab0d3639e5b53,r_fb1ed5dc76fc8939cd1d080a,2026,RotoWire,TOR
,"[[""rotowire"", ""16112""]]",unmatched,Evan Fitterer,p_0bce516e51881cbfb40f8b33,pitcher,s_dfd436c0fd5b687705c0ed63,r_fb1ed5dc76fc8939cd1d080a,2026,RotoWire,SD
s_e3368f2053f072860b7ce097,"[[""rotowire"", ""13411""]]",matched,Jack Flaherty,p_f6d0db5ece194fe2beb1ec11,pitcher,s_d6b37a50adcb95aa5c0edefb,r_fb1ed5dc76fc8939cd1d080a,2026,RotoWire,DET
s_00c7e2804d0d74205a809e91,"[[""rotowire"", ""16624""]]",matched,Josh Fleming,p_ba6bc0de0ca86615bd2bdedc,pitcher,s_676cb05c07bcc30e91eb692c,r_fb1ed5dc76fc8939cd1d080a,2026,RotoWire,TOR
,"[[""rotowire"", ""17875""]]",unmatched,William Fleming,p_ab6cc882cc2fb83bfaad368f,pitcher,s_477efee09c54037f3da84db7,r_fb1ed5dc76fc8939cd1d080a,2026,RotoWire,FA
,"[[""rotowire"", ""18726""]]",unmatched,Jose Fleury,p_144ab433ca87ad0fed1dbe0a,pitcher,s_bf2d51adfb048bdec46f1238,r_fb1ed5dc76fc8939cd1d080a,2026,RotoWire,HOU
,"[[""rotowire"", ""14596""]]",unmatched,Chris Flexen,p_340afab40ed7623681903f52,pitcher,s_b4ec18508ff6c07efc299b8d,r_fb1ed5dc76fc8939cd1d080a,2026,RotoWire,FA
,"[[""rotowire"", ""20514""]]",unmatched,Jostin Florentino,p_0473d71d2debb8bf908d992f,pitcher,s_ed153578d94263666c903b02,r_fb1ed5dc76fc8939cd1d080a,2026,RotoWire,CHC
,"[[""rotowire"", ""14457""]]",unmatched,Dylan Floro,p_2fe0952723b6deaa12d3a84d,pitcher,s_cf277600fe0cd1bedc127981,r_fb1ed5dc76fc8939cd1d080a,2026,RotoWire,FA
,"[[""rotowire"", ""16242""]]",unmatched,J.C. Flowers,p_9c02ededfa7bcdbea96b10e6,pitcher,s_0f42bd27d4927c9f605dfa7e,r_fb1ed5dc76fc8939cd1d080a,2026,RotoWire,FA
,"[[""rotowire"", ""16740""]]",unmatched,Ty Floyd,p_7fddf216e00edbd290567f82,pitcher,s_95da5cccb33d27741ed10338,r_fb1ed5dc76fc8939cd1d080a,2026,RotoWire,CIN
,"[[""rotowire"", ""16368""]]",unmatched,Taylor Floyd,p_416620caf4f81d9ab038fe12,pitcher,s_1e5f1fb3c395fee9f5b124b2,r_fb1ed5dc76fc8939cd1d080a,2026,RotoWire,FA
s_a25188b660bdb9fb13269d5b,"[[""rotowire"", ""18146""]]",matched,Mason Fluharty,p_7f98fc5309c4bebcdf90b1ee,pitcher,s_87e175102226c69f05792cb4,r_fb1ed5dc76fc8939cd1d080a,2026,RotoWire,TOR
,"[[""rotowire"", ""19761""]]",unmatched,Michael Flynn,p_e750afac23f43e3d01356baa,pitcher,s_4eae40133eeca8a02013bdf5,r_fb1ed5dc76fc8939cd1d080a,2026,RotoWire,TB
,"[[""rotowire"", ""20285""]]",unmatched,Zach Fogell,p_eec9d2ae47b97c35d8d69acd,pitcher,s_5c98e2e0a5c6737749446371,r_fb1ed5dc76fc8939cd1d080a,2026,RotoWire,BOS
,"[[""rotowire"", ""19591""]]",unmatched,Connor Foley,p_7c78ef3d88228a7b3b067c68,pitcher,s_b2bcdb2c5a8c8c536d9a1ae6,r_fb1ed5dc76fc8939cd1d080a,2026,RotoWire,ARI
s_82700930eee9fe3895366aa4,"[[""rotowire"", ""17098""]]",matched,Jason Foley,p_99936a0709128a5b98222b47,pitcher,s_3bb81993e0fa94307a55f0d3,r_fb1ed5dc76fc8939cd1d080a,2026,RotoWire,SF
,"[[""rotowire"", ""19911""]]",unmatched,T.J. Fondtain,p_3b099ab354997a0ae7f47299,pitcher,s_f9ba80feb45c1c8e872edf29,r_fb1ed5dc76fc8939cd1d080a,2026,RotoWire,TB
,"[[""rotowire"", ""17967""]]",unmatched,Walter Ford,p_50d88e47b5f07ed5f88b717a,pitcher,s_a7098ad46c63eaf5fdf116ab,r_fb1ed5dc76fc8939cd1d080a,2026,RotoWire,SEA
,"[[""rotowire"", ""19145""]]",unmatched,Michael Forret,p_8df4941ca20b90d18c2346e9,pitcher,s_5ca515187ad6b3d0c07db704,r_fb1ed5dc76fc8939cd1d080a,2026,RotoWire,TB
,"[[""rotowire"", ""16491""]]",unmatched,Matt Foster,p_52750b63c4c76840a7276ad1,pitcher,s_a18527e85ce3bba27332cfeb,r_fb1ed5dc76fc8939cd1d080a,2026,RotoWire,FA
s_acad17dd68465ac45e100bc2,"[[""rotowire"", ""20426""]]",matched,Cameron Foster,p_a2d71b7fb136048f257feacb,pitcher,s_9b231aab3c071369d47d6aa1,r_fb1ed5dc76fc8939cd1d080a,2026,RotoWire,BAL
,"[[""rotowire"", ""16925""]]",unmatched,Jordan Fowler,p_769ba358d867762f239b1ccd,pitcher,s_2a4f6da5574aba3890202ee9,r_fb1ed5dc76fc8939cd1d080a,2026,RotoWire,PHI
,"[[""rotowire"", ""16179""]]",unmatched,Dalton Fowler,p_6f6befd0ac527067e4a7c58d,pitcher,s_cb0add1481555f00168a7f5b,r_fb1ed5dc76fc8939cd1d080a,2026,RotoWire,TB
s_957caeaf8ea0bebc0221fb6b,"[[""rotowire"", ""18263""]]",matched,J.P. France,p_6e405786ba3c4c7b03295e6c,pitcher,s_ff6e0fb946fa9cfd93308244,r_fb1ed5dc76fc8939cd1d080a,2026,RotoWire,HOU
,"[[""rotowire"", ""16434""]]",unmatched,Bowden Francis,p_c9dcb3032a2a934069d036a1,pitcher,s_cfc7dc111a94aa934d064d06,r_fb1ed5dc76fc8939cd1d080a,2026,RotoWire,TOR
,"[[""rotowire"", ""16484""]]",unmatched,Sadrac Franco,p_1be23dd810d925b59d1c4ee4,pitcher,s_1c15687f8db8e5a993698d56,r_fb1ed5dc76fc8939cd1d080a,2026,RotoWire,SD
s_5bc03407763fc8a2cc91ae6f,"[[""rotowire"", ""20466""]]",matched,Jose Franco,p_f70df816fb2af92723c3bf45,pitcher,s_e8eb19c3b70c6096d7c7d67e,r_fb1ed5dc76fc8939cd1d080a,2026,RotoWire,CIN
,"[[""rotowire"", ""17226""]]",unmatched,Kohl Franklin,p_e276bad9878bb974243e31b3,pitcher,s_39b92b5406f1f27281b682bf,r_fb1ed5dc76fc8939cd1d080a,2026,RotoWire,CHC
,"[[""rotowire"", ""20710""]]",unmatched,Arij Fransen,p_2b36c5fdca03b99eca742227,pitcher,s_95cc250c3511d6fa1f024d4f,r_fb1ed5dc76fc8939cd1d080a,2026,RotoWire,FA
,"[[""rotowire"", ""16488""]]",unmatched,Geronimo Franzua,p_0ecbb14063416513df0f89bd,pitcher,s_c0ffa93502ed05afdc887400,r_fb1ed5dc76fc8939cd1d080a,2026,RotoWire,FA
s_021dc33be49dfc0b99203ffd,"[[""rotowire"", ""16881""]]",matched,Nick Frasso,p_57926ad8504ce0a902b32f60,pitcher,s_8a41497965fdbc1e478408bc,r_fb1ed5dc76fc8939cd1d080a,2026,RotoWire,LAD
,"[[""rotowire"", ""19229""]]",unmatched,Dominic Freeberger,p_be4c0203433a530a837d4f86,pitcher,s_6f761b1d9c3eafaabd0358db,r_fb1ed5dc76fc8939cd1d080a,2026,RotoWire,STL
s_a621b2f34f3959a2cac30daa,"[[""rotowire"", ""13369""]]",matched,Kyle Freeland,p_4d320f12f7ed1ac1d64a8564,pitcher,s_bb8efbc54ac4da39df06b9db,r_fb1ed5dc76fc8939cd1d080a,2026,RotoWire,COL
,"[[""rotowire"", ""20092""]]",unmatched,Caleb Freeman,p_e41e8cd41ce80317695d2b8c,pitcher,s_88b7804aea9804d8f9bc396d,r_fb1ed5dc76fc8939cd1d080a,2026,RotoWire,TOR
s_0b6bbb6c00418e5a5dc1c147,"[[""rotowire"", ""12453""]]",matched,Max Fried,p_c9c4b9c76960c47b342a00fe,pitcher,s_9ed8ffe1dcea97647aacace3,r_fb1ed5dc76fc8939cd1d080a,2026,RotoWire,NYY
,"[[""rotowire"", ""17278""]]",unmatched,Matt Frisbee,p_854057c2fc2284e4e2fe19c1,pitcher,s_a5431ce22458e671e0449922,r_fb1ed5dc76fc8939cd1d080a,2026,RotoWire,FA
,"[[""rotowire"", ""17512""]]",unmatched,Will Frisch,p_142028df0aedc815bbe78df1,pitcher,s_b56294214127707a1eacb7cf,r_fb1ed5dc76fc8939cd1d080a,2026,RotoWire,CHC
,"[[""rotowire"", ""16863""]]",unmatched,Jackson Fristoe,p_3acdfe33defd582dd7b4f489,pitcher,s_202db91f8ba0e10505342de6,r_fb1ed5dc76fc8939cd1d080a,2026,RotoWire,NYY
,"[[""rotowire"", ""20022""]]",unmatched,Zach Fruit,p_83b8b149a7c3a3bc89598413,pitcher,s_94d2515ecf9be6be3ac5a1a3,r_fb1ed5dc76fc8939cd1d080a,2026,RotoWire,BAL
,"[[""rotowire"", ""14162""]]",unmatched,Paul Fry,p_0086dad173cd532566f75732,pitcher,s_29340c117e18022cf8d2d7a0,r_fb1ed5dc76fc8939cd1d080a,2026,RotoWire,FA
s_b6235914a9eaa62165fbf04f,"[[""rotowire"", ""18747""]]",matched,Didier Fuentes,p_2d552f16a226676cfbe73c4b,pitcher,s_0dbf2dfbdb2b739c681071d6,r_fb1ed5dc76fc8939cd1d080a,2026,RotoWire,ATL
,"[[""rotowire"", ""12807""]]",unmatched,Shintaro Fujinami,p_7a3e38a44bfc3a6194b62da8,pitcher,s_0311ce48f96274f446a6377f,r_fb1ed5dc76fc8939cd1d080a,2026,RotoWire,FA
s_f93aa1f402f053d5f80d7658,"[[""rotowire"", ""12183""]]",matched,Michael Fulmer,p_2b6dc032a155f10c90f5d066,pitcher,s_1ed09da81190098daa437aeb,r_fb1ed5dc76fc8939cd1d080a,2026,RotoWire,SF
,"[[""rotowire"", ""13807""]]",unmatched,Carson Fulmer,p_17ae1171e92abea6543117d2,pitcher,s_1f477769c7f7ad13082738e1,r_fb1ed5dc76fc8939cd1d080a,2026,RotoWire,PIT
s_867c0d6060099c7e147631e5,"[[""rotowire"", ""16713""]]",matched,Dax Fulton,p_eb64217a110853bbd2776488,pitcher,s_7756b14a2c726c3ccd7d4035,r_fb1ed5dc76fc8939cd1d080a,2026,RotoWire,MIA
s_137892d340daff37ac58cbcb,"[[""rotowire"", ""19158""]]",matched,Kody Funderburk,p_e53dd34ff1049b4cdddde3b2,pitcher,s_3527fd472cfeb6eb12e052d9,r_fb1ed5dc76fc8939cd1d080a,2026,RotoWire,MIN
,"[[""rotowire"", ""13817""]]",unmatched,Kyle Funkhouser,p_9c0e4a4e82e4808474ca7a83,pitcher,s_fc0b8d4989ddcf6aa28efffb,r_fb1ed5dc76fc8939cd1d080a,2026,RotoWire,FA
,"[[""rotowire"", ""18864""]]",unmatched,Hunter Furtado,p_810001ec7c4be7ba890f7010,pitcher,s_4c6cb1accc0a08f8304f8a39,r_fb1ed5dc76fc8939cd1d080a,2026,RotoWire,PIT
,"[[""rotowire"", ""17507""]]",unmatched,Devin Futrell,p_f4a50b5fa4fdef6cc2b8b344,pitcher,s_819b51330f787e32338baa90,r_fb1ed5dc76fc8939cd1d080a,2026,RotoWire,BOS
s_fca084b60a29474e6539639f,"[[""rotowire"", ""16216""]]",matched,Hunter Gaddis,p_67fd9d9af5f906af95676a62,pitcher,s_605fed54b903a6fa29aaf809,r_fb1ed5dc76fc8939cd1d080a,2026,RotoWire,CLE
s_85c6ab15abd7c8fd7bba3842,"[[""rotowire"", ""13509""]]",matched,Matt Gage,p_fbcb5bbe88ef2a2cc64ce3bd,pitcher,s_b123b2e61e113540d53980fd,r_fb1ed5dc76fc8939cd1d080a,2026,RotoWire,SF
,"[[""rotowire"", ""14346""]]",unmatched,Ray Gaither,p_01ca0709f0d1f385937e8cda,pitcher,s_229e52df70e6331f2d88a37f,r_fb1ed5dc76fc8939cd1d080a,2026,RotoWire,FA
,"[[""rotowire"", ""19740""]]",unmatched,Yorman Galindez,p_91c4b381d0124dee1d7ec49f,pitcher,s_7d17c5a730764ed8273dc67b,r_fb1ed5dc76fc8939cd1d080a,2026,RotoWire,MIL
,"[[""rotowire"", ""18567""]]",unmatched,Ruben Galindo,p_dbd47a08e81200d34cfedc9d,pitcher,s_706157269c58a11b21564a63,r_fb1ed5dc76fc8939cd1d080a,2026,RotoWire,SD
,"[[""rotowire"", ""20448""]]",unmatched,Ryan Gallagher,p_7207c8d635b22a49cd10a36d,pitcher,s_613281ce1349ae14ae901389,r_fb1ed5dc76fc8939cd1d080a,2026,RotoWire,MIN
,"[[""rotowire"", ""15602""]]",unmatched,Richard Gallardo,p_36540bf9a19fc5082e494597,pitcher,s_01e48f31d322f3cefb2e6097,r_fb1ed5dc76fc8939cd1d080a,2026,RotoWire,TOR
,"[[""rotowire"", ""14616""]]",unmatched,Giovanny Gallegos,p_883740bad3b28e292abab968,pitcher,s_0a4381cee6615ad48e91b2a3,r_fb1ed5dc76fc8939cd1d080a,2026,RotoWire,FA
,"[[""rotowire"", ""20069""]]",unmatched,Isaac Gallegos,p_a9e9d00b12261ed2dcd852e7,pitcher,s_a089a94829ed0a1847a7eb20,r_fb1ed5dc76fc8939cd1d080a,2026,RotoWire,ATL
s_f2ff6066a8a40824869855a0,"[[""rotowire"", ""14312""]]",matched,Zac Gallen,p_bf86f5798c2e549b7fb30ee2,pitcher,s_2a519d8c6bc98a6265df0750,r_fb1ed5dc76fc8939cd1d080a,2026,RotoWire,ARI
,"[[""rotowire"", ""12479""]]",unmatched,Joey Gallo,p_319f7bf62b5aabaa5ffbf892,pitcher,s_9a276e3bda3d42461485a341,r_fb1ed5dc76fc8939cd1d080a,2026,RotoWire,FA
s_6d5b2822e6cd0c623ba4f5c2,"[[""rotowire"", ""20564""]]",matched,Alec Gamboa,p_7e64b52cb46e4cbbb3f33766,pitcher,s_d86b607dda8bc443db5be938,r_fb1ed5dc76fc8939cd1d080a,2026,RotoWire,BOS
,"[[""rotowire"", ""16136""]]",unmatched,Grant Gambrell,p_011ec91d04584229d163f001,pitcher,s_fcf8563f421729c51d60cbc9,r_fb1ed5dc76fc8939cd1d080a,2026,RotoWire,FA
,"[[""rotowire"", ""14010""]]",unmatched,John Gant,p_47f21328a46574f0f2e3b878,pitcher,s_a158013ce109a849de7eee6b,r_fb1ed5dc76fc8939cd1d080a,2026,RotoWire,FA
,"[[""rotowire"", ""19482""]]",unmatched,Gerson Garabito,p_6254917ef60e1ddc873e6f31,pitcher,s_5c027940869f8218713b578b,r_fb1ed5dc76fc8939cd1d080a,2026,RotoWire,MIL
,"[[""rotowire"", ""19299""]]",unmatched,Natanael Garabitos,p_70679b209c7e77e1cb57abb7,pitcher,s_f9f4799f7dc0102f277ecaa5,r_fb1ed5dc76fc8939cd1d080a,2026,RotoWire,FA
,"[[""rotowire"", ""19327""]]",unmatched,Saul Garcia,p_622b182213506fc698a8c11c,pitcher,s_f29ec675a0545afd7d09629f,r_fb1ed5dc76fc8939cd1d080a,2026,RotoWire,NYM
s_4a039dbe6eb922765d0f7c8a,"[[""rotowire"", ""19861""]]",matched,Brandyn Garcia,p_12ca2be8b434327cb415d7c5,pitcher,s_cd978a3f34d68e6fa9dc28de,r_fb1ed5dc76fc8939cd1d080a,2026,RotoWire,ARI
s_6979dd74a22818ffa1ffe747,"[[""rotowire"", ""17728""]]",matched,Robert Garcia,p_f3591f0057a7a2816bc6c347,pitcher,s_d528ab90c61131d5135f949f,r_fb1ed5dc76fc8939cd1d080a,2026,RotoWire,TEX
,"[[""rotowire"", ""15163""]]",unmatched,Deivi Garcia,p_c8dcfd9279af4cfb6bd9db05,pitcher,s_bbf1d57fe66577a42dd063db,r_fb1ed5dc76fc8939cd1d080a,2026,RotoWire,FA
,"[[""rotowire"", ""13197""]]",unmatched,Yimi Garcia,p_c385db74ca850410df462be2,pitcher,s_a901734caab88d9da2d3cf86,r_fb1ed5dc76fc8939cd1d080a,2026,RotoWire,TOR
,"[[""rotowire"", ""16228""]]",unmatched,Ryan Garcia,p_21947f43cb6ed957bcf0c568,pitcher,s_e0d52b35fc02ff4ce724b5aa,r_fb1ed5dc76fc8939cd1d080a,2026,RotoWire,FA
s_fb31c99d9864476f6bb21acb,"[[""rotowire"", ""15709""]]",matched,Rico Garcia,p_94d21693ba45c52946454a20,pitcher,s_1dad8d2293d9708902dd6459,r_fb1ed5dc76fc8939cd1d080a,2026,RotoWire,BAL
,"[[""rotowire"", ""16736""]]",unmatched,Nick Garcia,p_486dccb90ab93b0f303a9568,pitcher,s_1dda04c14822cfcd6a452d61,r_fb1ed5dc76fc8939cd1d080a,2026,RotoWire,SF
,"[[""rotowire"", ""20568""]]",unmatched,Jaiker Garcia,p_3a7c060440a983daa3fcf77b,pitcher,s_c554ed760b4de1c1b4460f44,r_fb1ed5dc76fc8939cd1d080a,2026,RotoWire,PIT
,"[[""rotowire"", ""20507""]]",unmatched,Davian Garcia,p_82ed3511681666911de4ff90,pitcher,s_812a386b6524a2eb195d0a3b,r_fb1ed5dc76fc8939cd1d080a,2026,RotoWire,WSH
,"[[""rotowire"", ""20650""]]",unmatched,Nate Garkow,p_33ff0b96b2362962b86f23d9,pitcher,s_f8f6eac6f65f8256ee8deb3c,r_fb1ed5dc76fc8939cd1d080a,2026,RotoWire,TOR
,"[[""rotowire"", ""19998""]]",unmatched,Tristan Garnett,p_4e226013528af7bd6ecfcc3d,pitcher,s_cf3c1c440f54d8758d16a41f,r_fb1ed5dc76fc8939cd1d080a,2026,RotoWire,PHI
,"[[""rotowire"", ""15803""]]",unmatched,Reed Garrett,p_b38e7099b3fed40bc1dd2bdc,pitcher,s_b9be3749b2a030a21956c159,r_fb1ed5dc76fc8939cd1d080a,2026,RotoWire,NYM
,"[[""rotowire"", ""13611""]]",unmatched,Amir Garrett,p_50a6e9c1c666d881db32bccf,pitcher,s_0ea003f66e296d9563787d43,r_fb1ed5dc76fc8939cd1d080a,2026,RotoWire,FA
s_da0d53ca05faa25e98e6fda2,"[[""rotowire"", ""14244""]]",matched,Braxton Garrett,p_f59021dc23b8ddcf8911efd0,pitcher,s_ee8c763c1398adfd38e9636e,r_fb1ed5dc76fc8939cd1d080a,2026,RotoWire,MIA
,"[[""rotowire"", ""17541""]]",unmatched,Justin Garza,p_991aeb6ad93c0dfba092e8e7,pitcher,s_77594f714e31ca556b45e88a,r_fb1ed5dc76fc8939cd1d080a,2026,RotoWire,FA
s_194d1b7986e9a647ec66500f,"[[""rotowire"", ""20054""]]",matched,Luis Gastelum,p_4fab0891227489fe7e84e153,pitcher,s_37bca59eab36f2d7dc4d83b0,r_fb1ed5dc76fc8939cd1d080a,2026,RotoWire,STL
,"[[""rotowire"", ""15622""]]",unmatched,Sandy Gaston,p_18eba53845c79bca547fa058,pitcher,s_b96f6cc34246f243fe776efb,r_fb1ed5dc76fc8939cd1d080a,2026,RotoWire,WSH
s_2620e92c1f785c06aa129cd1,"[[""rotowire"", ""11473""]]",matched,Kevin Gausman,p_f092d568b762f9e2d2d576ac,pitcher,s_fb8deb25ee0333238a60447f,r_fb1ed5dc76fc8939cd1d080a,2026,RotoWire,TOR
,"[[""rotowire"", ""17717""]]",unmatched,Grant Gavin,p_27391adac2d3b30703cd06d5,pitcher,s_8b174afcfc6c038e6451bcad,r_fb1ed5dc76fc8939cd1d080a,2026,RotoWire,FA
,"[[""rotowire"", ""17057""]]",unmatched,Myles Gayman,p_17ac460fd1355f9cc3666a8e,pitcher,s_fff45b0f89f1ab6a8c329371,r_fb1ed5dc76fc8939cd1d080a,2026,RotoWire,FA
,"[[""rotowire"", ""19427""]]",unmatched,Jordan Geber,p_e6326d3981a53ffc55048c76,pitcher,s_79138670b174f39be5c01475,r_fb1ed5dc76fc8939cd1d080a,2026,RotoWire,NYM
s_70afcbededc98ad97e727e91,"[[""rotowire"", ""16659""]]",matched,Joey Gerber,p_69ae3692f4863f1abb5c3bb9,pitcher,s_bb130d2e8768d4a1a9d71176,r_fb1ed5dc76fc8939cd1d080a,2026,RotoWire,NYM
,"[[""rotowire"", ""13600""]]",unmatched,Domingo German,p_405a9bb9a8d4038496db6077,pitcher,s_1123a4c4a256a4421de1d8c2,r_fb1ed5dc76fc8939cd1d080a,2026,RotoWire,FA
,"[[""rotowire"", ""19882""]]",unmatched,Nestor German,p_172af48d2876b63c91c8f939,pitcher,s_e513f0b12e72951a0b140664,r_fb1ed5dc76fc8939cd1d080a,2026,RotoWire,BAL
,"[[""rotowire"", ""19887""]]",unmatched,Luis German,p_9c5701a7077e080f9680c54a,pitcher,s_3f466aded44eef1d8f5e50cf,r_fb1ed5dc76fc8939cd1d080a,2026,RotoWire,SD
s_c3444e900a6ea976cc87b65f,"[[""rotowire"", ""19770""]]",matched,Paul Gervase,p_140d15342bf054cc6bef835d,pitcher,s_26549a153ce622f24dd82e2a,r_fb1ed5dc76fc8939cd1d080a,2026,RotoWire,LAD
,"[[""rotowire"", ""16256""]]",unmatched,Josh Gessner,p_b5586a88e17848c61c6438a2,pitcher,s_02db1ae242366be6dba9cd23,r_fb1ed5dc76fc8939cd1d080a,2026,RotoWire,FA
,"[[""rotowire"", ""15798""]]",unmatched,Ian Gibaut,p_436ab07080c06918509193ab,pitcher,s_b7f6be5b1b01b2175678417b,r_fb1ed5dc76fc8939cd1d080a,2026,RotoWire,CIN
,"[[""rotowire"", ""10945""]]",unmatched,Kyle Gibson,p_722d2ece3768b71aafae93e6,pitcher,s_8f77c7191f109b0f5f3bdec3,r_fb1ed5dc76fc8939cd1d080a,2026,RotoWire,FA
s_399d24cf044a21b3a6f6a5c4,"[[""rotowire"", ""20081""]]",matched,Cade Gibson,p_e56f6708129dc98e3650a30b,pitcher,s_74952806c4fd86a22a970001,r_fb1ed5dc76fc8939cd1d080a,2026,RotoWire,MIA
s_69bf3d1dedfa3c949413184e,"[[""rotowire"", ""19382""]]",matched,Trey Gibson,p_be418d076834b45c8048ba6d,pitcher,s_8dd5cf374b57e67801711b2d,r_fb1ed5dc76fc8939cd1d080a,2026,RotoWire,BAL
,"[[""rotowire"", ""20065""]]",unmatched,Spencer Giesting,p_d12ac6adb042d184f115591a,pitcher,s_d3c320f09be20dae008b913a,r_fb1ed5dc76fc8939cd1d080a,2026,RotoWire,ARI
s_7b8973f43cdf0a4c6e833bcf,"[[""rotowire"", ""15814""]]",matched,Luis Gil,p_d0fba3de9f79f83a683ff425,pitcher,s_0eda4928e8df20b116bb6be5,r_fb1ed5dc76fc8939cd1d080a,2026,RotoWire,NYY
s_7ceebddffd39317d08cea632,"[[""rotowire"", ""15419""]]",matched,Logan Gilbert,p_4ab1054e1b4679af5e62847e,pitcher,s_2654b58dbb7f7439524c956b,r_fb1ed5dc76fc8939cd1d080a,2026,RotoWire,SEA
s_ed5811b0199e27b8e8852637,"[[""rotowire"", ""16622""]]",matched,Tyler Gilbert,p_69cbff53fa69913aa98a74a7,pitcher,s_e4ef3d2c4ad49d24972b735d,r_fb1ed5dc76fc8939cd1d080a,2026,RotoWire,CWS
,"[[""rotowire"", ""17125""]]",unmatched,Lucas Gilbreath,p_ca00aae418a6ebe5e7e21090,pitcher,s_b15b3da537959179fe680500,r_fb1ed5dc76fc8939cd1d080a,2026,RotoWire,FA
,"[[""rotowire"", ""12732""]]",unmatched,Ken Giles,p_f9b96984f7de56b816a555a9,pitcher,s_387f610c0e477d153c792d31,r_fb1ed5dc76fc8939cd1d080a,2026,RotoWire,FA
,"[[""rotowire"", ""19473""]]",unmatched,Gary Gill Hill,p_5f2281865794977268d98537,pitcher,s_990a40d91d49c41d8b5eb9b5,r_fb1ed5dc76fc8939cd1d080a,2026,RotoWire,TB
,"[[""rotowire"", ""17701""]]",unmatched,Logan Gillaspie,p_fa38c0264bcdff8ad2c4499e,pitcher,s_9f515fd05c0106fa1e2b7a7e,r_fb1ed5dc76fc8939cd1d080a,2026,RotoWire,SD
,"[[""rotowire"", ""19263""]]",unmatched,Keagan Gillies,p_eac7d8213639f3fb264036e4,pitcher,s_ab37d320441a20f1952777b3,r_fb1ed5dc76fc8939cd1d080a,2026,RotoWire,BAL
,"[[""rotowire"", ""19779""]]",unmatched,Connor Gillispie,p_bf0123618cb84b22ee89191d,pitcher,s_97066f286ef5ed483fb0c866,r_fb1ed5dc76fc8939cd1d080a,2026,RotoWire,PHI
s_5a6819c4d0e448d89ff44ade,"[[""rotowire"", ""16424""]]",matched,Kevin Ginkel,p_35b1547fd86fd8631d0c0c08,pitcher,s_9939f2bcf1599e0892de23a9,r_fb1ed5dc76fc8939cd1d080a,2026,RotoWire,ARI
s_4e433e54516bbf3e9e1c8b2a,"[[""rotowire"", ""15428""]]",matched,J.T. Ginn,p_c9127bf6fe2742b6cdf5e2c0,pitcher,s_913fa0e452a2200977a40dc9,r_fb1ed5dc76fc8939cd1d080a,2026,RotoWire,ATH
s_770c387f54b42158f8641216,"[[""rotowire"", ""12454""]]",matched,Lucas Giolito,p_61ff0cbc6adc34d5b5e66201,pitcher,s_7893c0a32d78a8b8cf441e7a,r_fb1ed5dc76fc8939cd1d080a,2026,RotoWire,FA
,"[[""rotowire"", ""18220""]]",unmatched,Sawyer Gipson0Long,p_99556fc8912a79c6991db165,pitcher,s_80ae9ccb16e940452a55e244,r_fb1ed5dc76fc8939cd1d080a,2026,RotoWire,DET
,"[[""rotowire"", ""19484""]]",unmatched,Ettore Giulianelli,p_89f7a88fa634aaccd19bd714,pitcher,s_ff952b42c5bb8177f516bfe9,r_fb1ed5dc76fc8939cd1d080a,2026,RotoWire,CLE
,"[[""rotowire"", ""10996""]]",unmatched,Mychal Givens,p_b5c0b3f83f8e8d0814bd1c94,pitcher,s_d1b9b8a4a277c9ccf02a8660,r_fb1ed5dc76fc8939cd1d080a,2026,RotoWire,FA
s_7cc101f4b76a593cbf622526,"[[""rotowire"", ""12248""]]",matched,Tyler Glasnow,p_c2941564b78650e8c80a6590,pitcher,s_0aa917eec648bd80cbb81b7b,r_fb1ed5dc76fc8939cd1d080a,2026,RotoWire,LAD
s_eedafddeb1e837bf035ec30d,"[[""rotowire"", ""18373""]]",matched,Woo-suk Go,p_b03bb8a15fb123d1ac325eaf,pitcher,s_b2d6a6dc3f23881726738ef7,r_fb1ed5dc76fc8939cd1d080a,2026,RotoWire,DET
,"[[""rotowire"", ""17063""]]",unmatched,Blake Goldsberry,p_974b9a6ebdfd732fc4f53897,pitcher,s_33a743f7da7df0137b467af6,r_fb1ed5dc76fc8939cd1d080a,2026,RotoWire,FA
,"[[""rotowire"", ""13494""]]",unmatched,Austin Gomber,p_0b16c16d0a16de2a6363baf5,pitcher,s_c4932d05acc120d3f64083d0,r_fb1ed5dc76fc8939cd1d080a,2026,RotoWire,TEX
,"[[""rotowire"", ""16928""]]",unmatched,Cesar Gomez,p_5cb025b6617b802593f1ea07,pitcher,s_fa5f0b98e63939cf72252cfc,r_fb1ed5dc76fc8939cd1d080a,2026,RotoWire,FA
s_044776569bb8154613c416b1,"[[""rotowire"", ""15767""]]",matched,Yoendrys Gomez,p_2929654d5957b9990cd15b63,pitcher,s_e8e87aa53e80c41866282c19,r_fb1ed5dc76fc8939cd1d080a,2026,RotoWire,TB
,"[[""rotowire"", ""18695""]]",unmatched,Raimon Gomez,p_8c9a4c08e61eca2c1d09eeb3,pitcher,s_a903cfaf567e08a4c2c8c50e,r_fb1ed5dc76fc8939cd1d080a,2026,RotoWire,BAL
,"[[""rotowire"", ""19307""]]",unmatched,Michael Gomez,p_2d3a42f63fe7c56ba0521a02,pitcher,s_78ea4c35f9c458eb67b69889,r_fb1ed5dc76fc8939cd1d080a,2026,RotoWire,FA
,"[[""rotowire"", ""20590""]]",unmatched,Franklin Gomez,p_cbd3793e347d5e75ef318628,pitcher,s_70e675adea83f9e9c858329a,r_fb1ed5dc76fc8939cd1d080a,2026,RotoWire,CLE
,"[[""rotowire"", ""20515""]]",unmatched,Yorman Gomez,p_5d7189f612ef9b7b29c8b3e9,pitcher,s_a2a2eb03b789f12b2a278124,r_fb1ed5dc76fc8939cd1d080a,2026,RotoWire,CLE
,"[[""rotowire"", ""13033""]]",unmatched,Stephen Gonsalves,p_de90ee2d4d953cde4cb524d7,pitcher,s_5bacd21d668dbcf3994d983e,r_fb1ed5dc76fc8939cd1d080a,2026,RotoWire,FA
s_f890ab91d7c347918e75f52d,"[[""rotowire"", ""15570""]]",matched,Tony Gonsolin,p_d25ebff370ce4e9202042d61,pitcher,s_e555e994459d962f74a31cb0,r_fb1ed5dc76fc8939cd1d080a,2026,RotoWire,FA
s_b2581b9fd0f32500b7252c91,"[[""rotowire"", ""12949""]]",matched,Marco Gonzales,p_ad6909784deaf0a3417eb39a,pitcher,s_0fc170380fd1906242c53874,r_fb1ed5dc76fc8939cd1d080a,2026,RotoWire,SD
,"[[""rotowire"", ""16551""]]",unmatched,Wikelman Gonzalez,p_37b305bd569ca9184b22b9b9,pitcher,s_9c74c604ab5db6b7666760c9,r_fb1ed5dc76fc8939cd1d080a,2026,RotoWire,CWS
,"[[""rotowire"", ""18815""]]",unmatched,Omar Gonzalez,p_3f56f851c1384c5ee310a06a,pitcher,s_43ce48dc7f23627e72012ed5,r_fb1ed5dc76fc8939cd1d080a,2026,RotoWire,NYY
s_7ba755153a17f48db9f7a243,"[[""rotowire"", ""19920""]]",matched,Domingo Gonzalez,p_e6b274fe314e959af649cea6,pitcher,s_1c1ce5b6a9700405a58724e4,r_fb1ed5dc76fc8939cd1d080a,2026,RotoWire,SEA
,"[[""rotowire"", ""18571""]]",unmatched,James Gonzalez,p_79c91616010d29d2dce26519,pitcher,s_b2fdcc5c99565c25d0a4ca4c,r_fb1ed5dc76fc8939cd1d080a,2026,RotoWire,ATH
s_276c4ff70eb8fa7935d2a65b,"[[""rotowire"", ""18572""]]",matched,Colton Gordon,p_ee453cdf63786502116e53af,pitcher,s_6718ec834c52c2b42eb2d361,r_fb1ed5dc76fc8939cd1d080a,2026,RotoWire,HOU
s_93b62a7e42dd45641da528bd,"[[""rotowire"", ""18754""]]",matched,Tanner Gordon,p_c665cca64b9d1ec36d25bc81,pitcher,s_32b332686cab77ee5b8819d8,r_fb1ed5dc76fc8939cd1d080a,2026,RotoWire,COL
,"[[""rotowire"", ""19700""]]",unmatched,Austin Gordon,p_d647a1cb32afb2c62864fe38,pitcher,s_f32aef78f9c450499e74eb08,r_fb1ed5dc76fc8939cd1d080a,2026,RotoWire,LAA
s_35139e045f74cb7f299f93f8,"[[""rotowire"", ""14766""]]",matched,MacKenzie Gore,p_09950035a7c10e145070d051,pitcher,s_8d0bd35d73a0fa5924e07aa4,r_fb1ed5dc76fc8939cd1d080a,2026,RotoWire,TEX
s_fed3e1f96f93e71b18723600,"[[""rotowire"", ""10541""]]",matched,Anthony Gose,p_2f71255f874e6218b662dffb,pitcher,s_b11dbb3644dbe5e50574e5af,r_fb1ed5dc76fc8939cd1d080a,2026,RotoWire,FA
,"[[""rotowire"", ""16063""]]",unmatched,JJ Goss,p_2654877350e6fac189466535,pitcher,s_4ead0da7457fc29b5a448257,r_fb1ed5dc76fc8939cd1d080a,2026,RotoWire,ATH
,"[[""rotowire"", ""13093""]]",unmatched,Trevor Gott,p_238c128085c8aadb4cf9998c,pitcher,s_173018ce6bd148b816a4aa01,r_fb1ed5dc76fc8939cd1d080a,2026,RotoWire,WSH
,"[[""rotowire"", ""18759""]]",unmatched,Tyler Gough,p_d0d35a99d2f1e2acabe39be1,pitcher,s_4aac8838f9a82d07c7568e08,r_fb1ed5dc76fc8939cd1d080a,2026,RotoWire,LAD
,"[[""rotowire"", ""14257""]]",unmatched,Kevin Gowdy,p_0a5bcfe2b2503de68537aa61,pitcher,s_9cbf1b90f091da06a4c2769d,r_fb1ed5dc76fc8939cd1d080a,2026,RotoWire,TOR
,"[[""rotowire"", ""16217""]]",unmatched,Conor Grammes,p_4bda2d949999989909b97698,pitcher,s_4b4c2f80496d594f47d9e833,r_fb1ed5dc76fc8939cd1d080a,2026,RotoWire,ARI
s_98b87ca1553b9673530e1a5e,"[[""rotowire"", ""18746""]]",matched,Andre Granillo,p_5259e9497e66f8f15a14f5b0,pitcher,s_937c99470de98482db1b820c,r_fb1ed5dc76fc8939cd1d080a,2026,RotoWire,WSH
,"[[""rotowire"", ""15221""]]",unmatched,Brusdar Graterol,p_4dc4d41b20ab889f8b6b74ed,pitcher,s_86c71402ccb832f386df2c5b,r_fb1ed5dc76fc8939cd1d080a,2026,RotoWire,LAD
,"[[""rotowire"", ""13609""]]",unmatched,Kendall Graveman,p_e6a9049543a2ac63183c17bf,pitcher,s_a648773d1b9e28ed4462f040,r_fb1ed5dc76fc8939cd1d080a,2026,RotoWire,FA
,"[[""rotowire"", ""19747""]]",unmatched,Mavis Graves,p_f490892e4496b52f4b51747a,pitcher,s_bea720b07809e62d575dbc7e,r_fb1ed5dc76fc8939cd1d080a,2026,RotoWire,PHI
,"[[""rotowire"", ""17462""]]",unmatched,Drew Gray,p_653b008101daffc5c49340ec,pitcher,s_f1b5c9062bbc828c53637079,r_fb1ed5dc76fc8939cd1d080a,2026,RotoWire,CHC
,"[[""rotowire"", ""12937""]]",unmatched,Jon Gray,p_2cbdc3dc2d503fe047479492,pitcher,s_d3ccf7bff52a8eb9abb51f7b,r_fb1ed5dc76fc8939cd1d080a,2026,RotoWire,FA
s_1db8dac32d4faeb3217d858e,"[[""rotowire"", ""12129""]]",matched,Sonny Gray,p_5d4e00ed942914f0c7681334,pitcher,s_4d55e64db5b25399f2479529,r_fb1ed5dc76fc8939cd1d080a,2026,RotoWire,BOS
s_05b4dbf3d8ceda09db57eaf7,"[[""rotowire"", ""15508""]]",matched,Josiah Gray,p_31088b7e6a9d597d1f87583c,pitcher,s_5416aeb97cd5cd5ed9dc177c,r_fb1ed5dc76fc8939cd1d080a,2026,RotoWire,WSH
,"[[""rotowire"", ""16392""]]",unmatched,Josh Green,p_0b49c3bcd6e71be10a643160,pitcher,s_3054f68275fed0e4ce746a3d,r_fb1ed5dc76fc8939cd1d080a,2026,RotoWire,FA
,"[[""rotowire"", ""14217""]]",unmatched,Chad Green,p_5738a2c4aaf235e3c5ecf5c0,pitcher,s_011b37986b51cfdcc9ed1c7e,r_fb1ed5dc76fc8939cd1d080a,2026,RotoWire,FA
,"[[""rotowire"", ""14034""]]",unmatched,Conner Greene,p_c6dd5067645bad8a081065db,pitcher,s_0872ab48791c119ca22f4393,r_fb1ed5dc76fc8939cd1d080a,2026,RotoWire,FA
s_25857791e51a904b40a6deb2,"[[""rotowire"", ""14763""]]",matched,Hunter Greene,p_4d4066d01c2accb962e2e48b,pitcher,s_c44a5177f3e77db4eea91955,r_fb1ed5dc76fc8939cd1d080a,2026,RotoWire,CIN
,"[[""rotowire"", ""11968""]]",unmatched,Shane Greene,p_18c91312b1d6be47ac393a6b,pitcher,s_c937408a695446ada414b59f,r_fb1ed5dc76fc8939cd1d080a,2026,RotoWire,FA
,"[[""rotowire"", ""18286""]]",unmatched,Zach Greene,p_9427e360eab2a0fdef047c0f,pitcher,s_4a270c7161dae0cc86c33a0a,r_fb1ed5dc76fc8939cd1d080a,2026,RotoWire,NYY
,"[[""rotowire"", ""19600""]]",unmatched,Trey Gregory-Alford,p_6571f788e31708e2d87b074d,pitcher,s_c409c07662f5b991f5add195,r_fb1ed5dc76fc8939cd1d080a,2026,RotoWire,LAA
,"[[""rotowire"", ""16836""]]",unmatched,Caden Grice,p_fda1856e887547d1bb8c9119,pitcher,s_3ba87308fa0998f233691143,r_fb1ed5dc76fc8939cd1d080a,2026,RotoWire,ARI
s_18a0a6080b4b9f081e672810,"[[""rotowire"", ""13391""]]",matched,Foster Griffin,p_3213e22dc02292b898d8651e,pitcher,s_a895563cde75fdd7f2b51099,r_fb1ed5dc76fc8939cd1d080a,2026,RotoWire,WSH
,"[[""rotowire"", ""14232""]]",unmatched,Jay Groome,p_ede17b963af4007e96720ed2,pitcher,s_5b8bdd46caf1ac02480752b1,r_fb1ed5dc76fc8939cd1d080a,2026,RotoWire,FA
,"[[""rotowire"", ""20427""]]",unmatched,Josh Grosz,p_f7e69857a1e8ab7b2d0ee68a,pitcher,s_cd4d58a324816934cabddbb0,r_fb1ed5dc76fc8939cd1d080a,2026,RotoWire,ARI
s_5e8db1d22eabaad98df2336c,"[[""rotowire"", ""15507""]]",matched,Michael Grove,p_54795b56b11d92cd3e1407cf,pitcher,s_b4f8cc2e5310fe65d5bf7ff9,r_fb1ed5dc76fc8939cd1d080a,2026,RotoWire,FA
,"[[""rotowire"", ""13784""]]",unmatched,Robert Gsellman,p_86ba2f530da955cfd472444e,pitcher,s_65f33800e57cd4748f1ff6c9,r_fb1ed5dc76fc8939cd1d080a,2026,RotoWire,FA
,"[[""rotowire"", ""20551""]]",unmatched,Richard Guasch,p_cb9b22bbe33e3706058a9650,pitcher,s_c3b38d52a27603e9ba3afdbc,r_fb1ed5dc76fc8939cd1d080a,2026,RotoWire,BAL
,"[[""rotowire"", ""17598""]]",unmatched,Sean Guenther,p_a2de9bf5142663e3696178c7,pitcher,s_b19aaf87ae9e85426a8261d4,r_fb1ed5dc76fc8939cd1d080a,2026,RotoWire,DET
s_910341d332e6ac762c322aac,"[[""rotowire"", ""13678""]]",matched,Tayron Guerrero,p_a0f88c722760a6abb0863f6b,pitcher,s_5dcdbea36c24b932ca855d29,r_fb1ed5dc76fc8939cd1d080a,2026,RotoWire,BOS
,"[[""rotowire"", ""16865""]]",unmatched,Tyson Guerrero,p_93ab94ac9f1b62eba3c97948,pitcher,s_9a755058ca7dd1b6c220d851,r_fb1ed5dc76fc8939cd1d080a,2026,RotoWire,KC
,"[[""rotowire"", ""14527""]]",unmatched,Joe Gunkel,p_6acddb0ff258a3169ffd4402,pitcher,s_a657754286be58ea1e3e8975,r_fb1ed5dc76fc8939cd1d080a,2026,RotoWire,FA
,"[[""rotowire"", ""19888""]]",unmatched,Harry Gustin,p_3491c674cfbd45583ea4988c,pitcher,s_d24e6aaedd9d23d1f1b84020,r_fb1ed5dc76fc8939cd1d080a,2026,RotoWire,SD
s_f4bfc24272a5448532ead7ef,"[[""rotowire"", ""19907""]]",matched,Ryan Gusto,p_d121e0bd4eedf6095d6400f2,pitcher,s_0f682551cced3da30334654d,r_fb1ed5dc76fc8939cd1d080a,2026,RotoWire,MIA
,"[[""rotowire"", ""13732""]]",unmatched,Vladimir Gutierrez,p_e81a1a69cefdf1b57ee120ad,pitcher,s_da5562e1fcf312d200d70904,r_fb1ed5dc76fc8939cd1d080a,2026,RotoWire,FA
,"[[""rotowire"", ""16346""]]",unmatched,Luis Gutierrez,p_528f3577be5f12b025e001b1,pitcher,s_3a87af22b8a0c72fd9792dc2,r_fb1ed5dc76fc8939cd1d080a,2026,RotoWire,SD
,"[[""rotowire"", ""15613""]]",unmatched,Alvin Guzman,p_a5b486839057b9590236bffc,pitcher,s_55bb131844e05035b4d1e864,r_fb1ed5dc76fc8939cd1d080a,2026,RotoWire,ARI
,"[[""rotowire"", ""15852""]]",unmatched,Carlos Guzman,p_0521cd8742d611d1a36d7451,pitcher,s_b7bfc23bc67a3e151d073766,r_fb1ed5dc76fc8939cd1d080a,2026,RotoWire,NYM
,"[[""rotowire"", ""16019""]]",unmatched,Zach Haake,p_d0ce23299cfe55eb7e61464b,pitcher,s_6c5337bb6f7bdae9681e3a42,r_fb1ed5dc76fc8939cd1d080a,2026,RotoWire,FA
,"[[""rotowire"", ""18851""]]",unmatched,Drue Hackenberg,p_2871b0966532c01de45375eb,pitcher,s_e9ceb259436047795a7d4f7b,r_fb1ed5dc76fc8939cd1d080a,2026,RotoWire,ATL
s_2598d70c0bc5109169ac4b1c,"[[""rotowire"", ""13051""]]",matched,Josh Hader,p_f542eded5fa5eaaea2b03d47,pitcher,s_54a4492ccb15ab84a586035b,r_fb1ed5dc76fc8939cd1d080a,2026,RotoWire,HOU
,"[[""rotowire"", ""19709""]]",unmatched,David Hagaman,p_8e2c09f3f801c1e709e41218,pitcher,s_f86f7e7b83f55829d9d3bc34,r_fb1ed5dc76fc8939cd1d080a,2026,RotoWire,ARI
s_24a36ab357b40b487459f914,"[[""rotowire"", ""19086""]]",matched,Justin Hagenman,p_a36ab493ac77cd275d7daa3f,pitcher,s_fbcae5b7a5dfa94d87ded13c,r_fb1ed5dc76fc8939cd1d080a,2026,RotoWire,NYM
,"[[""rotowire"", ""11454""]]",unmatched,Jesse Hahn,p_73e119b594065d1c4441505f,pitcher,s_35362522462273c86066a523,r_fb1ed5dc76fc8939cd1d080a,2026,RotoWire,TOR
,"[[""rotowire"", ""19036""]]",unmatched,Skylar Hales,p_29fe4a4a01ae5d27f15642e3,pitcher,s_7c44631f54986d13ada061d8,r_fb1ed5dc76fc8939cd1d080a,2026,RotoWire,STL
,"[[""rotowire"", ""19001""]]",unmatched,Tanner Hall,p_a222f8f6f74f5859eb39bda8,pitcher,s_bd73ceba0a4592956974bfab,r_fb1ed5dc76fc8939cd1d080a,2026,RotoWire,MIN
,"[[""rotowire"", ""19255""]]",unmatched,Dylan Hall,p_12307360075fe47963503dbe,pitcher,s_d5a4aef2e3a5b52f2e15bb2d,r_fb1ed5dc76fc8939cd1d080a,2026,RotoWire,ATH
s_5a4d65ac099cedd1a32dab72,"[[""rotowire"", ""14776""]]",matched,DL Hall,p_5245cf30e7834dcfe275a8b3,pitcher,s_01751576c4b5c8dd9a97dbd1,r_fb1ed5dc76fc8939cd1d080a,2026,RotoWire,MIL
,"[[""rotowire"", ""20078""]]",unmatched,Patrick Halligan,p_83cafa93480a3f3d4328a307,pitcher,s_63c4d2fa220fb2fdcc8085d9,r_fb1ed5dc76fc8939cd1d080a,2026,RotoWire,BOS
s_cfba64f2014fc2126f42b4e5,"[[""rotowire"", ""19878""]]",matched,Seth Halvorsen,p_9a6e9d0ac50ab7ec0e62b627,pitcher,s_74bb43a7b93288c58db7c078,r_fb1ed5dc76fc8939cd1d080a,2026,RotoWire,COL
,"[[""rotowire"", ""17383""]]",unmatched,Dom Hamel,p_0c760c81c84670e1f15544b6,pitcher,s_209b6201ae2f9f1bfcd46804,r_fb1ed5dc76fc8939cd1d080a,2026,RotoWire,NYY
s_307c07bbc181bd84c834d7be,"[[""rotowire"", ""15728""]]",matched,Ian Hamilton,p_ad5f4c4ff63f4dae1c70e25b,pitcher,s_8ea59648671f088db386ded9,r_fb1ed5dc76fc8939cd1d080a,2026,RotoWire,ATL
,"[[""rotowire"", ""19048""]]",unmatched,Jaden Hamm,p_3133ac8cb5f2f1556e5012b6,pitcher,s_ef20cb76ed37e9952ec697d8,r_fb1ed5dc76fc8939cd1d080a,2026,RotoWire,DET
,"[[""rotowire"", ""20806""]]",unmatched,Dan Hammer,p_6d8422005a8f0b78a75cf1ad,pitcher,s_b5d12ec937eddd55ed2ddc37,r_fb1ed5dc76fc8939cd1d080a,2026,RotoWire,NYM
,"[[""rotowire"", ""16818""]]",unmatched,Chase Hampton,p_17b7a41851b2347b8d18cf99,pitcher,s_1eeb47437f0cd6b7d1ec2229,r_fb1ed5dc76fc8939cd1d080a,2026,RotoWire,NYY
,"[[""rotowire"", ""20348""]]",unmatched,Tyler Hampu,p_b3a684128b297faba7dcd8de,pitcher,s_f89037b734aa8c41b7c16382,r_fb1ed5dc76fc8939cd1d080a,2026,RotoWire,COL
s_5ca98740eedef9c1ab584c71,"[[""rotowire"", ""16670""]]",matched,Emerson Hancock,p_0760b56a9e63e457fb539e83,pitcher,s_e00de2795fe20bdca9c9c00b,r_fb1ed5dc76fc8939cd1d080a,2026,RotoWire,SEA
s_5e4e727681c1cd1fc8926b17,"[[""rotowire"", ""14382""]]",matched,Brenan Hanifee,p_4237d81a153d8369b516a611,pitcher,s_1280a8b47892f1058d4f526c,r_fb1ed5dc76fc8939cd1d080a,2026,RotoWire,DET
,"[[""rotowire"", ""15412""]]",unmatched,Ethan Hankins,p_eadf2e5e120f5adc7ee0f565,pitcher,s_af3b7e1fc1ba8f858689fd6a,r_fb1ed5dc76fc8939cd1d080a,2026,RotoWire,FA
s_644b31f62f2861b6d15001ad,"[[""rotowire"", ""19886""]]",matched,Bradley Hanner,p_57d58fea9dee77b2bf2da71d,pitcher,s_69be29f382f0650532a016ee,r_fb1ed5dc76fc8939cd1d080a,2026,RotoWire,NYY
,"[[""rotowire"", ""18037""]]",unmatched,Pete Hansen,p_e5364105ff420e5d8cd812bc,pitcher,s_6e45d4701e608e232cc38519,r_fb1ed5dc76fc8939cd1d080a,2026,RotoWire,STL
,"[[""rotowire"", ""20455""]]",unmatched,Ryan Harbin,p_613c548148018a4fc7bd6703,pitcher,s_8e26f001eb7241031ea493b0,r_fb1ed5dc76fc8939cd1d080a,2026,RotoWire,PIT
,"[[""rotowire"", ""20096""]]",unmatched,Tyson Hardin,p_e0f380afc79d35d33f797cfb,pitcher,s_d0d4452560ea09bfde92b0ee,r_fb1ed5dc76fc8939cd1d080a,2026,RotoWire,MIL
,"[[""rotowire"", ""19936""]]",unmatched,Sean Harney,p_4b424029a2d0431168dc3afe,pitcher,s_c0f54bc539d0f396faeb29c6,r_fb1ed5dc76fc8939cd1d080a,2026,RotoWire,ARI
,"[[""rotowire"", ""20068""]]",unmatched,Landon Harper,p_d72dc4914fc138640ef29fe5,pitcher,s_4ffbbc2bff5450b50d54ac29,r_fb1ed5dc76fc8939cd1d080a,2026,RotoWire,ATL
,"[[""rotowire"", ""17961""]]",unmatched,Thomas Harrington,p_bbf24fd73a782298f740b3f0,pitcher,s_42045c3612431a26398e7d5b,r_fb1ed5dc76fc8939cd1d080a,2026,RotoWire,PIT
,"[[""rotowire"", ""17776""]]",unmatched,Hobie Harris,p_863fcfa652f2ff9240012350,pitcher,s_125958e65aaac3c83593aeb8,r_fb1ed5dc76fc8939cd1d080a,2026,RotoWire,BOS
s_9d1f11046046cea9cd05d519,"[[""rotowire"", ""19856""]]",matched,Trent Harris,p_687cd4b7aacf0709d996ec9a,pitcher,s_7ea592a3c12d9e6c350f2de7,r_fb1ed5dc76fc8939cd1d080a,2026,RotoWire,SF
,"[[""rotowire"", ""19280""]]",unmatched,Hayden Harris,p_42a54ec523899700f95a1b5b,pitcher,s_96c5e896534b8a33d6e4f541,r_fb1ed5dc76fc8939cd1d080a,2026,RotoWire,ATL
s_2e6cb4ceabe60a7413b00ecc,"[[""rotowire"", ""15516""]]",matched,Hogan Harris,p_976e3a7c39f544bd2cb08e53,pitcher,s_76e2d4d35ebe25e653b9021b,r_fb1ed5dc76fc8939cd1d080a,2026,RotoWire,ATH
s_e493ccffff7d9b087fe778de,"[[""rotowire"", ""16741""]]",matched,Kyle Harrison,p_f63e3a5b237a41953e0522bd,pitcher,s_0da9330e5358f22893b856d9,r_fb1ed5dc76fc8939cd1d080a,2026,RotoWire,MIL
,"[[""rotowire"", ""19052""]]",unmatched,Trevor Harrison,p_b3c6d7fcad444ebfb50b1529,pitcher,s_f03c5cbaba431c85a088b536,r_fb1ed5dc76fc8939cd1d080a,2026,RotoWire,TB
,"[[""rotowire"", ""18831""]]",unmatched,Devereaux Harrison,p_ebf0ff7c189966c500b92258,pitcher,s_088077f6be102f55ec93cfb7,r_fb1ed5dc76fc8939cd1d080a,2026,RotoWire,TOR
s_517a4afc121089e3644c7066,"[[""rotowire"", ""16250""]]",matched,Kyle Hart,p_4f7f8b7fa67c451b93b2a673,pitcher,s_fab96893d6c7b5b156c3d181,r_fb1ed5dc76fc8939cd1d080a,2026,RotoWire,SD
,"[[""rotowire"", ""17336""]]",unmatched,Josh Hartle,p_48861a95fdf8072db9e39758,pitcher,s_7d57ef9ba947a99c3fa19aa3,r_fb1ed5dc76fc8939cd1d080a,2026,RotoWire,CLE
s_65cf2657ce93ecba068c5eb6,"[[""rotowire"", ""15817""]]",matched,Geoff Hartlieb,p_a2c21b01e40c23d7fbb867a7,pitcher,s_33f8454187531a70b0e2dfe8,r_fb1ed5dc76fc8939cd1d080a,2026,RotoWire,ATH
,"[[""rotowire"", ""16882""]]",unmatched,Jack Hartman,p_b889bc1f9dd4e6e0957a2e5c,pitcher,s_b4313a7e99f0c90ec5018d6e,r_fb1ed5dc76fc8939cd1d080a,2026,RotoWire,TB
,"[[""rotowire"", ""18733""]]",unmatched,Grant Hartwig,p_c215bac17f99cea15fbd4eb6,pitcher,s_290f1fe03590a72de2b8945d,r_fb1ed5dc76fc8939cd1d080a,2026,RotoWire,MIN
s_62dcd96d26363166d8cc5920,"[[""rotowire"", ""12957""]]",matched,Hunter Harvey,p_6dcc3d04cf7940b67bd6d46b,pitcher,s_9733bbb06565388efeb27002,r_fb1ed5dc76fc8939cd1d080a,2026,RotoWire,CHC
,"[[""rotowire"", ""14370""]]",unmatched,Thomas Hatch,p_88f12ce5773978cc13241f7e,pitcher,s_b17cec80fba725506830b453,r_fb1ed5dc76fc8939cd1d080a,2026,RotoWire,ARI
,"[[""rotowire"", ""18390""]]",unmatched,Garrett Hawkins,p_53cb6a30552cce247a086a7e,pitcher,s_b66260a6ab0392504d6980b2,r_fb1ed5dc76fc8939cd1d080a,2026,RotoWire,SD
,"[[""rotowire"", ""20030""]]",unmatched,Luke Hayden,p_d80e65e42b5b399f66e24003,pitcher,s_49ddc9ca382046a3c91f6f77,r_fb1ed5dc76fc8939cd1d080a,2026,RotoWire,CIN
,"[[""rotowire"", ""16897""]]",unmatched,Jagger Haynes,p_5eef183fc01c79066d7d381a,pitcher,s_b7494941655314303175fb81,r_fb1ed5dc76fc8939cd1d080a,2026,RotoWire,SD
s_09ea1db50e577d40035592ed,"[[""rotowire"", ""18271""]]",matched,Brent Headrick,p_1b7d5500d3348c285a56885f,pitcher,s_5118753002905cef3e501884,r_fb1ed5dc76fc8939cd1d080a,2026,RotoWire,NYY
,"[[""rotowire"", ""12463""]]",unmatched,Andrew Heaney,p_bdd33abf9842a85d639efdb4,pitcher,s_3ba7760def9cf46bf778df73,r_fb1ed5dc76fc8939cd1d080a,2026,RotoWire,FA
s_6235f76f90050087ff9f2a44,"[[""rotowire"", ""16316""]]",matched,Jonathan Heasley,p_9e9a345145bd56bcc6ebe6c7,pitcher,s_ec7ebfc24b3847a7bc9ab44d,r_fb1ed5dc76fc8939cd1d080a,2026,RotoWire,KC
,"[[""rotowire"", ""14817""]]",unmatched,Jacob Heatherly,p_7de988762426bee5a243a25c,pitcher,s_b681f03114510a2ab143c199,r_fb1ed5dc76fc8939cd1d080a,2026,RotoWire,CWS
,"[[""rotowire"", ""18660""]]",unmatched,Duque Hebbert,p_9e30ec43872b45b5b2050370,pitcher,s_b7b102dfbe714b715aad56be,r_fb1ed5dc76fc8939cd1d080a,2026,RotoWire,DET
,"[[""rotowire"", ""20505""]]",unmatched,Silvano Hechavarria,p_b56580739ee481cd7d18ae3e,pitcher,s_467208caf5ddc6c6781bee72,r_fb1ed5dc76fc8939cd1d080a,2026,RotoWire,TOR
,"[[""rotowire"", ""19679""]]",unmatched,Dylan Heid,p_912158b522c5b3f29aeb4208,pitcher,s_ea4e749162ef278511000ea5,r_fb1ed5dc76fc8939cd1d080a,2026,RotoWire,BAL
,"[[""rotowire"", ""14498""]]",unmatched,Ben Heller,p_86d4f318564ae46eea8fe038,pitcher,s_55daab530a40375ddd79fc42,r_fb1ed5dc76fc8939cd1d080a,2026,RotoWire,CHC
s_d2cc08f20bc70dcdbcec68d3,"[[""rotowire"", ""14404""]]",matched,Ryan Helsley,p_9f5a6fd7b5c56e97737e286c,pitcher,s_75ce9f49e2764431d0f356a2,r_fb1ed5dc76fc8939cd1d080a,2026,RotoWire,BAL
,"[[""rotowire"", ""19494""]]",unmatched,Clay Helvey,p_05ce5105e3180af1bfc9126c,pitcher,s_f2154044b8f994d2a4325ff6,r_fb1ed5dc76fc8939cd1d080a,2026,RotoWire,FA
,"[[""rotowire"", ""11519""]]",unmatched,Heath Hembree,p_f8dc62bcf569fafc54573aab,pitcher,s_5034a52fa7000328bf8c07c1,r_fb1ed5dc76fc8939cd1d080a,2026,RotoWire,SEA
,"[[""rotowire"", ""16873""]]",unmatched,Tink Hence,p_2cf78646ac8531b01a13096c,pitcher,s_e1b3808c9f7cf885b483b471,r_fb1ed5dc76fc8939cd1d080a,2026,RotoWire,STL
,"[[""rotowire"", ""18884""]]",unmatched,Ixan Henderson,p_95dfabb54759e19f57535300,pitcher,s_3347ffa7eddc7230f61201dc,r_fb1ed5dc76fc8939cd1d080a,2026,RotoWire,STL
s_4cfe41c1f673aa7a7c7c0c47,"[[""rotowire"", ""17517""]]",matched,Logan Henderson,p_9437e878d2b83f99c586279f,pitcher,s_0835fee04f6ce001827c950e,r_fb1ed5dc76fc8939cd1d080a,2026,RotoWire,MIL
,"[[""rotowire"", ""12649""]]",unmatched,Kyle Hendricks,p_c58b2320aec9252222500ff6,pitcher,s_c16cb82fdeb2f6cd76b7a1f2,r_fb1ed5dc76fc8939cd1d080a,2026,RotoWire,FA
,"[[""rotowire"", ""11422""]]",unmatched,Liam Hendriks,p_5dc97cee80b94155de1c01a1,pitcher,s_90ac38aa1f77273f58db56d6,r_fb1ed5dc76fc8939cd1d080a,2026,RotoWire,FA
,"[[""rotowire"", ""15028""]]",unmatched,Ryan Hendrix,p_ef49e948c06ada31e8f9e0b8,pitcher,s_d5a2b1b07aab203c7fb0aa79,r_fb1ed5dc76fc8939cd1d080a,2026,RotoWire,FA
,"[[""rotowire"", ""16626""]]",unmatched,Blair Henley,p_b7ab78c03dc0bc81f12dd8b7,pitcher,s_3a3e2a4604f864d9b1710957,r_fb1ed5dc76fc8939cd1d080a,2026,RotoWire,FA
,"[[""rotowire"", ""15695""]]",unmatched,Ronny Henriquez,p_a5a04deac4056a7d183f7527,pitcher,s_6c100c4e4f7a1a9e2b9acdd9,r_fb1ed5dc76fc8939cd1d080a,2026,RotoWire,MIA
s_f460d1e95dec0aac3520e25f,"[[""rotowire"", ""18162""]]",matched,Edgardo Henriquez,p_8fd609c8d2c9daaeb06fb12f,pitcher,s_d3676b45ef267d45a77285d9,r_fb1ed5dc76fc8939cd1d080a,2026,RotoWire,LAD
,"[[""rotowire"", ""15324""]]",unmatched,Henry Henry,p_b6d697bded1680fcb388085e,pitcher,s_b54fa77ed9bfa223452f6e9a,r_fb1ed5dc76fc8939cd1d080a,2026,RotoWire,FA
,"[[""rotowire"", ""16095""]]",unmatched,Tommy Henry,p_45d1721e6163fdc317003890,pitcher,s_79c68dd390e637d911c21f08,r_fb1ed5dc76fc8939cd1d080a,2026,RotoWire,ARI
s_6ffd1859cb7d24803086787e,"[[""rotowire"", ""16714""]]",matched,Cole Henry,p_ca63ffee54a2c0530795bd58,pitcher,s_ac39b56d91629961cf1ea279,r_fb1ed5dc76fc8939cd1d080a,2026,RotoWire,WSH
s_24e098a03377269e8a144717,"[[""rotowire"", ""13487""]]",matched,Sam Hentges,p_0073f20e0bb5f168c15c590d,pitcher,s_d941a9d6d9216e2a615afa92,r_fb1ed5dc76fc8939cd1d080a,2026,RotoWire,SF
,"[[""rotowire"", ""15014""]]",unmatched,Lincoln Henzman,p_16616414f0c366d5953e0399,pitcher,s_da6d9705622759f65219fa8c,r_fb1ed5dc76fc8939cd1d080a,2026,RotoWire,ATH
,"[[""rotowire"", ""17905""]]",unmatched,Nathanael Heredia,p_1b0f87ce962258d07b6d9505,pitcher,s_9dca97511d6ae583e73f3199,r_fb1ed5dc76fc8939cd1d080a,2026,RotoWire,STL
s_cedd2a8da881a7455330954c,"[[""rotowire"", ""18228""]]",matched,Kevin Herget,p_b0cf8ae2b004dce051b6f4e5,pitcher,s_c88cb3a0236c228b28deaa7b,r_fb1ed5dc76fc8939cd1d080a,2026,RotoWire,NYM
s_bd4b205f710a7198d5239c7d,"[[""rotowire"", ""15363""]]",matched,Jimmy Herget,p_528ea38467ab7d19956a07c4,pitcher,s_a5e225392126fad4774a77d3,r_fb1ed5dc76fc8939cd1d080a,2026,RotoWire,COL
,"[[""rotowire"", ""18223""]]",unmatched,Sean Hermann,p_a70144428b877cdb02c112d7,pitcher,s_0937f47dd74b98aa26acb18d,r_fb1ed5dc76fc8939cd1d080a,2026,RotoWire,SEA
,"[[""rotowire"", ""18711""]]",unmatched,Nick Hernandez,p_ab12a3e682ee31d77d06721f,pitcher,s_2a1361e23ce74d81af3124cf,r_fb1ed5dc76fc8939cd1d080a,2026,RotoWire,ATH
,"[[""rotowire"", ""18318""]]",unmatched,Joseph Hernandez,p_903ef2fa1e569aa948101384,pitcher,s_d9a782938c1ee7e3c44ba7ca,r_fb1ed5dc76fc8939cd1d080a,2026,RotoWire,FA
,"[[""rotowire"", ""19708""]]",unmatched,Herick Hernandez,p_1415b985209592058f58a9ef,pitcher,s_d20ad1acb161fcbc3efb1596,r_fb1ed5dc76fc8939cd1d080a,2026,RotoWire,ATL
,"[[""rotowire"", ""19980""]]",unmatched,Jakob Hernandez,p_c4e6b4a8dd91a4fa210cdf93,pitcher,s_8517a2c7e8c79cf4087c1af7,r_fb1ed5dc76fc8939cd1d080a,2026,RotoWire,BAL
,"[[""rotowire"", ""20076""]]",unmatched,Melvin Hernandez,p_eb58e0fc2e9e9913865fe721,pitcher,s_bd9919922d7270529e54af67,r_fb1ed5dc76fc8939cd1d080a,2026,RotoWire,MIL
,"[[""rotowire"", ""19892""]]",unmatched,Allan Hernandez,p_9cb595384e80213bf4cca850,pitcher,s_e3e16f67c09b9c59bed98763,r_fb1ed5dc76fc8939cd1d080a,2026,RotoWire,FA
s_82354d10cacac4af64692b63,"[[""rotowire"", ""15338""]]",matched,Carlos Hernandez,p_52cdf5aac19a3c4c28580306,pitcher,s_369cd937b7bcb81071939df2,r_fb1ed5dc76fc8939cd1d080a,2026,RotoWire,CLE
s_583353523d9e1202e751c115,"[[""rotowire"", ""15283""]]",matched,Elieser Hernandez,p_6051aedaa1ffd1edd8a1c7d7,pitcher,s_a22804e3943b70f3cdfe7735,r_fb1ed5dc76fc8939cd1d080a,2026,RotoWire,ATL
,"[[""rotowire"", ""15462""]]",unmatched,Aaron Hernandez,p_3e9b524f14d5f8f5f2ea780c,pitcher,s_0cdb4c1ac10e72755d26d5bb,r_fb1ed5dc76fc8939cd1d080a,2026,RotoWire,FA
,"[[""rotowire"", ""16775""]]",unmatched,Ben Hernandez,p_6f866f215b9502e84b73ff04,pitcher,s_9296cc1da74b7b053db4f80b,r_fb1ed5dc76fc8939cd1d080a,2026,RotoWire,SEA
,"[[""rotowire"", ""17208""]]",unmatched,Daysbel Hernandez,p_8672879edc2751e3034d5cab,pitcher,s_06f36e3e55e946f359e82a47,r_fb1ed5dc76fc8939cd1d080a,2026,RotoWire,ATL
,"[[""rotowire"", ""15025""]]",unmatched,Wilkel Hernandez,p_7ea257a799fc26d4809d7d10,pitcher,s_5c70b7541510090f21250b61,r_fb1ed5dc76fc8939cd1d080a,2026,RotoWire,FA
s_defa543b2c82158f215efad6,"[[""rotowire"", ""14756""]]",matched,Jonathan Hernandez,p_0d908f0583b1361a673d9471,pitcher,s_218c663d33b4222d1bdae1dc,r_fb1ed5dc76fc8939cd1d080a,2026,RotoWire,PHI
s_52b8ed7d9c0ef98a7e452a8c,"[[""rotowire"", ""20085""]]",matched,Welinton Herrera,p_a1a7ec296f8db5e924c3a755,pitcher,s_b03576d3761041c0276ca9ac,r_fb1ed5dc76fc8939cd1d080a,2026,RotoWire,COL
,"[[""rotowire"", ""19479""]]",unmatched,Yujanyer Herrera,p_2bb3ef48a150d259d79a46aa,pitcher,s_8c6e932f6abc3cb19be2879f,r_fb1ed5dc76fc8939cd1d080a,2026,RotoWire,COL
s_d770d42e04d34d35ea574de8,"[[""rotowire"", ""18273""]]",matched,Tim Herrin,p_6b9903828f4f3e710cd779e7,pitcher,s_f91737cc948f7438b6f12057,r_fb1ed5dc76fc8939cd1d080a,2026,RotoWire,CLE
,"[[""rotowire"", ""19628""]]",unmatched,Griffin Herring,p_b2908bcf541ad5853067bc79,pitcher,s_1cd362928b77341061a7ab45,r_fb1ed5dc76fc8939cd1d080a,2026,RotoWire,COL
,"[[""rotowire"", ""19714""]]",unmatched,Cole Hertzler,p_36ffe62f9ea6edba607d45ef,pitcher,s_5a588ebe29380cdb3a36dcb2,r_fb1ed5dc76fc8939cd1d080a,2026,RotoWire,HOU
,"[[""rotowire"", ""16117""]]",unmatched,Zack Hess,p_57e60660c138de39e19953f3,pitcher,s_b2e0ca36a84643af5864c6bc,r_fb1ed5dc76fc8939cd1d080a,2026,RotoWire,FA
,"[[""rotowire"", ""19532""]]",unmatched,Ben Hess,p_8441abf86117ed9f96598ff4,pitcher,s_2bcf422ca222a91925c13eb1,r_fb1ed5dc76fc8939cd1d080a,2026,RotoWire,NYY
,"[[""rotowire"", ""17393""]]",unmatched,Peter Heubeck,p_6c093edf8c4f008120162891,pitcher,s_977a59bd80f8689cd9f8035c,r_fb1ed5dc76fc8939cd1d080a,2026,RotoWire,LAD
s_fcae28ed08def521dfc92002,"[[""rotowire"", ""17025""]]",matched,Codi Heuer,p_dc0ddc9e05030e62821b8ade,pitcher,s_dbc9a14f4cc64c6191cb424f,r_fb1ed5dc76fc8939cd1d080a,2026,RotoWire,CLE
,"[[""rotowire"", ""16907""]]",unmatched,Mason Hickman,p_f1c0fb96e6320ca1cebbd60c,pitcher,s_deed0294fd4823dc9cf19fed,r_fb1ed5dc76fc8939cd1d080a,2026,RotoWire,FA
s_d0465d5e090fc88cca02376e,"[[""rotowire"", ""13912""]]",matched,Jordan Hicks,p_390110644e6ab59d439767a2,pitcher,s_7de19629a25eac2da9251421,r_fb1ed5dc76fc8939cd1d080a,2026,RotoWire,CWS
,"[[""rotowire"", ""19386""]]",unmatched,James Hicks,p_ca9c1c197b7e08797ddcd7bb,pitcher,s_fff00b1db80f9b760f5637c1,r_fb1ed5dc76fc8939cd1d080a,2026,RotoWire,HOU
,"[[""rotowire"", ""17614""]]",unmatched,Alejandro Hidalgo,p_1cb09207ac0ce351f57ca2f6,pitcher,s_8ff66a14c5413c9228e1c18b,r_fb1ed5dc76fc8939cd1d080a,2026,RotoWire,MIN
,"[[""rotowire"", ""18287""]]",unmatched,Jake Higginbotham,p_f039f723f14064fec06ed823,pitcher,s_2d8638475a3d221d0d9ba108,r_fb1ed5dc76fc8939cd1d080a,2026,RotoWire,FA
,"[[""rotowire"", ""19536""]]",unmatched,Dasan Hill,p_d6c99824cb5ac826f43d3986,pitcher,s_28086d4d605ff17b2cfd0570,r_fb1ed5dc76fc8939cd1d080a,2026,RotoWire,MIN
,"[[""rotowire"", ""7965""]]",unmatched,Rich Hill,p_9a2d81e4416b5d202f89af5f,pitcher,s_f938e397023aa05aaa0bbfc0,r_fb1ed5dc76fc8939cd1d080a,2026,RotoWire,FA
,"[[""rotowire"", ""16017""]]",unmatched,Garrett Hill,p_de416861fca1af9f24113edb,pitcher,s_b0053ebca8d0b78a35593797,r_fb1ed5dc76fc8939cd1d080a,2026,RotoWire,SEA
s_2790167163524b561d179b7f,"[[""rotowire"", ""15471""]]",matched,Jaden Hill,p_d326f0d57effe39186b9cc40,pitcher,s_efa890f610e939583832e4f8,r_fb1ed5dc76fc8939cd1d080a,2026,RotoWire,COL
s_ae476010a90cdbad9f16e1a6,"[[""rotowire"", ""15248""]]",matched,Tim Hill,p_864d23ea9d38652d0bc80673,pitcher,s_4e26a4649e476c79e118cb81,r_fb1ed5dc76fc8939cd1d080a,2026,RotoWire,NYY
,"[[""rotowire"", ""13855""]]",unmatched,Juan Hillman,p_932c365cd256ae69e7f45738,pitcher,s_d89c6164ca8cfdc3ed25b2fc,r_fb1ed5dc76fc8939cd1d080a,2026,RotoWire,FA
s_31cb3c2c0ca8178ae97f0e39,"[[""rotowire"", ""20130""]]",matched,Yaramil Hiraldo,p_aeb4f8d74d1aa31f7de81705,pitcher,s_dc0063aebc9a5c91f98c9ff2,r_fb1ed5dc76fc8939cd1d080a,2026,RotoWire,BAL
,"[[""rotowire"", ""16833""]]",unmatched,Grayson Hitt,p_e26da45cda7667f3a2faa285,pitcher,s_7d25b90143d686c6621365e9,r_fb1ed5dc76fc8939cd1d080a,2026,RotoWire,ARI
,"[[""rotowire"", ""15426""]]",unmatched,Sean Hjelle,p_a4fad9d3dcf8925b9fb560a5,pitcher,s_500289a8861638f1ac327d4a,r_fb1ed5dc76fc8939cd1d080a,2026,RotoWire,FA
s_a7f0325c0f6b2299677cf357,"[[""rotowire"", ""17952""]]",matched,Cooper Hjerpe,p_cedc24a184f838c48e92ceca,pitcher,s_349953425504a940a40787cf,r_fb1ed5dc76fc8939cd1d080a,2026,RotoWire,STL
,"[[""rotowire"", ""20062""]]",unmatched,Michael Hobbs,p_5f466573f63e4d75329f10c7,pitcher,s_826cd5b2db74ad629cb4af48,r_fb1ed5dc76fc8939cd1d080a,2026,RotoWire,SEA
,"[[""rotowire"", ""18298""]]",unmatched,Porter Hodge,p_fe6a4f583a6c8a67c59c6a19,pitcher,s_ec7d0e23df535e56f0dd3890,r_fb1ed5dc76fc8939cd1d080a,2026,RotoWire,CHC
,"[[""rotowire"", ""17881""]]",unmatched,Bryan Hoeing,p_c4371908df4426aa30810911,pitcher,s_442530a9aab21e1c0e9ec2ba,r_fb1ed5dc76fc8939cd1d080a,2026,RotoWire,SD
s_e7db0ed073c04a6df890ff5a,"[[""rotowire"", ""17712""]]",matched,Nolan Hoffman,p_62bde7fc4bc9b822889bd5a7,pitcher,s_8b4a1beaff65cdf9473825e7,r_fb1ed5dc76fc8939cd1d080a,2026,RotoWire,PHI
s_f53eb1493c22cce298cdb9f7,"[[""rotowire"", ""13345""]]",matched,Jeff Hoffman,p_debf3b356235599a4e7c505b,pitcher,s_57cebe5cc3a23913a5121ba9,r_fb1ed5dc76fc8939cd1d080a,2026,RotoWire,TOR
s_30029acc7a99cd1809ff51b7,"[[""rotowire"", ""18106""]]",matched,Andrew Hoffmann,p_fbe1b25148ecde0b36eee454,pitcher,s_8df56aab87fb5044d25211fa,r_fb1ed5dc76fc8939cd1d080a,2026,RotoWire,ARI
,"[[""rotowire"", ""15452""]]",unmatched,Gunnar Hoglund,p_53113de0a3652a86f1ca5db8,pitcher,s_c1472a7c67144b0ba273e2de,r_fb1ed5dc76fc8939cd1d080a,2026,RotoWire,ATH
,"[[""rotowire"", ""18044""]]",unmatched,Colby Holcombe,p_6827db83032d2837c2e4dc8a,pitcher,s_6dfeec18ae118d13150abcbb,r_fb1ed5dc76fc8939cd1d080a,2026,RotoWire,TOR
s_e97478876315abac0101fc70,"[[""rotowire"", ""17820""]]",matched,Colin Holderman,p_5c981546fbb330a0a1ff2621,pitcher,s_def46312e0883d8cf3bcc674,r_fb1ed5dc76fc8939cd1d080a,2026,RotoWire,CLE
,"[[""rotowire"", ""17823""]]",unmatched,Aaron Holiday,p_d3c56d289d06d5d3cee3e20a,pitcher,s_a64c985aa1c9e7f8513542e7,r_fb1ed5dc76fc8939cd1d080a,2026,RotoWire,STL
,"[[""rotowire"", ""19011""]]",unmatched,Hunter Hollan,p_55f1be8031fad0104ed09303,pitcher,s_3d7a9d7cfb7b13f5bb604359,r_fb1ed5dc76fc8939cd1d080a,2026,RotoWire,CIN
,"[[""rotowire"", ""15789""]]",unmatched,Jordan Holloway,p_e452ddb3ccb1c331b7dff685,pitcher,s_9ce1954c6e3f37e0f59004d9,r_fb1ed5dc76fc8939cd1d080a,2026,RotoWire,FA
s_ce4e3112c1119669a79c1475,"[[""rotowire"", ""16362""]]",matched,Gavin Hollowell,p_b5c41f2a4e0be91512e6d378,pitcher,s_bc8acb38c57a831ad1bd0250,r_fb1ed5dc76fc8939cd1d080a,2026,RotoWire,CHC
,"[[""rotowire"", ""17397""]]",unmatched,Grant Holman,p_50683f238138b1baa284c3d3,pitcher,s_681df0f891f995a297542163,r_fb1ed5dc76fc8939cd1d080a,2026,RotoWire,ARI
,"[[""rotowire"", ""19660""]]",unmatched,Bridger Holmes,p_3de3d1a6085ddc4d3c49353d,pitcher,s_5cf01549ff6eaac533fe3c00,r_fb1ed5dc76fc8939cd1d080a,2026,RotoWire,LAA
s_2f0eafc81b8ccced6f978bbd,"[[""rotowire"", ""14607""]]",matched,Clay Holmes,p_c503ccd5d3a208e3f2d4b6b2,pitcher,s_04004e190a11c27b35cf669a,r_fb1ed5dc76fc8939cd1d080a,2026,RotoWire,NYM
,"[[""rotowire"", ""19724""]]",unmatched,John Holobetz,p_740328392257fff35c7d3a7f,pitcher,s_61e4f034eef520e56dbd698d,r_fb1ed5dc76fc8939cd1d080a,2026,RotoWire,BOS
,"[[""rotowire"", ""17415""]]",unmatched,Carter Holton,p_ef3913fa5e04327ea7b431ad,pitcher,s_ad58dd606ac0c09328414613,r_fb1ed5dc76fc8939cd1d080a,2026,RotoWire,ATL
s_2da24bb60b8a9a9ce92dca07,"[[""rotowire"", ""15550""]]",matched,Tyler Holton,p_2b424c8be951d8ba23bebe80,pitcher,s_d0f6742a6c75a1bb8a9c48ba,r_fb1ed5dc76fc8939cd1d080a,2026,RotoWire,DET
,"[[""rotowire"", ""19185""]]",unmatched,Blake Holub,p_d7c2c0200cb4ec35ca7dc8b3,pitcher,s_48ba76d3074428561f439c7c,r_fb1ed5dc76fc8939cd1d080a,2026,RotoWire,MIL
,"[[""rotowire"", ""13442""]]",unmatched,Brent Honeywell,p_6abb60cdeacaa5617b37ac3f,pitcher,s_13f00bd5adb12374cd560f71,r_fb1ed5dc76fc8939cd1d080a,2026,RotoWire,SF
,"[[""rotowire"", ""19464""]]",unmatched,Anthony Hoopii-Tuionetoa,p_4bb1274e660299c79eb01f94,pitcher,s_6753aa14ef11eec78d8ea063,r_fb1ed5dc76fc8939cd1d080a,2026,RotoWire,TEX
s_47cbe1d693956955f13d52a2,"[[""rotowire"", ""19360""]]",matched,Brody Hopkins,p_93883545927b8b62d8949e05,pitcher,s_390d2fb52ceee2cceb5ca04b,r_fb1ed5dc76fc8939cd1d080a,2026,RotoWire,TB
s_ba31696dc8a15af2b57a60a6,"[[""rotowire"", ""19286""]]",matched,Alex Hoppe,p_1da529cb2c7580f94638b99e,pitcher,s_b9d819bf4f37fe5551f0ae3a,r_fb1ed5dc76fc8939cd1d080a,2026,RotoWire,SEA
,"[[""rotowire"", ""20444""]]",unmatched,Garrett Horn,p_ff7a5790c4a028956feec538,pitcher,s_805aa6c628372974fdc839e8,r_fb1ed5dc76fc8939cd1d080a,2026,RotoWire,MIN
s_bd23d189195654260ceff3c6,"[[""rotowire"", ""16716""]]",matched,Cade Horton,p_071efe5abc6c6857d9f21866,pitcher,s_e6e5619adcdc49cb3254dfb3,r_fb1ed5dc76fc8939cd1d080a,2026,RotoWire,CHC
s_f0b88a4dc3d8992500c33e84,"[[""rotowire"", ""14791""]]",matched,Tanner Houck,p_28d92daeded3b1264245a417,pitcher,s_788efd03e99e236dcfea8d2c,r_fb1ed5dc76fc8939cd1d080a,2026,RotoWire,BOS
s_2c9b45ce1470fb4b49e6c89f,"[[""rotowire"", ""12199""]]",matched,Adrian Houser,p_f90f88e0127db2447d6b4b6b,pitcher,s_32a70383cf5f931327db51a5,r_fb1ed5dc76fc8939cd1d080a,2026,RotoWire,SF
,"[[""rotowire"", ""15496""]]",unmatched,Zac Houston,p_8f7e6ec49536490d20ad8885,pitcher,s_801ddbdd497fe40836b0701d,r_fb1ed5dc76fc8939cd1d080a,2026,RotoWire,FA
,"[[""rotowire"", ""14923""]]",unmatched,Spencer Howard,p_60f2889802164596d51dc1e7,pitcher,s_5a478026a340ab55d94a0780,r_fb1ed5dc76fc8939cd1d080a,2026,RotoWire,FA
,"[[""rotowire"", ""17986""]]",unmatched,Bryce Hubbart,p_5ec4cfac389808a62f6669c0,pitcher,s_c8fa323f15323826cce3153e,r_fb1ed5dc76fc8939cd1d080a,2026,RotoWire,CIN
,"[[""rotowire"", ""19038""]]",unmatched,Wyatt Hudepohl,p_2ddc599ba8eca9169bb74c10,pitcher,s_42a20ad5180f2eadcb5870d8,r_fb1ed5dc76fc8939cd1d080a,2026,RotoWire,NYM
s_c503978abe44b3384f88fff4,"[[""rotowire"", ""13894""]]",matched,Bryan Hudson,p_fa65bec2312b5d42d60ee8b4,pitcher,s_81a5a71a1e31da900f922972,r_fb1ed5dc76fc8939cd1d080a,2026,RotoWire,NYM
,"[[""rotowire"", ""14240""]]",unmatched,Dakota Hudson,p_85b6b51460e6caff3e2dc94c,pitcher,s_f3f77c6426dbbcb5b7aea8b2,r_fb1ed5dc76fc8939cd1d080a,2026,RotoWire,FA
,"[[""rotowire"", ""10645""]]",unmatched,Daniel Hudson,p_ef9ac8df49ab7c6a9ebc2fcd,pitcher,s_e90bcbd1c65ffdcf201beb10,r_fb1ed5dc76fc8939cd1d080a,2026,RotoWire,FA
,"[[""rotowire"", ""18084""]]",unmatched,Kenya Huggins,p_2f080fc257ed259bc6ab7ff1,pitcher,s_5f8ed3701fd5d6250d9b0477,r_fb1ed5dc76fc8939cd1d080a,2026,RotoWire,ATH
s_06f1cb22f65e0ce974cbef5a,"[[""rotowire"", ""17941""]]",matched,Gabriel Hughes,p_196c6eaaf2744d528518f12a,pitcher,s_df130a9f4f9922658740efb0,r_fb1ed5dc76fc8939cd1d080a,2026,RotoWire,COL
,"[[""rotowire"", ""17888""]]",unmatched,Brandon Hughes,p_4055cb29796ede995adc5d27,pitcher,s_c8d2ae0a3657bdc4fae29c1f,r_fb1ed5dc76fc8939cd1d080a,2026,RotoWire,CHC
,"[[""rotowire"", ""13883""]]",unmatched,Jonathan Hughes,p_4d876381799630fe42379e87,pitcher,s_eb0915017e00b2a896c633cc,r_fb1ed5dc76fc8939cd1d080a,2026,RotoWire,FA
,"[[""rotowire"", ""18038""]]",unmatched,Jackson Humphries,p_126e4c05648c5624bbdc3a17,pitcher,s_ac7be96deefbf4b74b982832,r_fb1ed5dc76fc8939cd1d080a,2026,RotoWire,CLE
,"[[""rotowire"", ""19765""]]",unmatched,K.C. Hunt,p_b8cae45056f426a185cef00b,pitcher,s_70dc7e9deff4e6dde53314d7,r_fb1ed5dc76fc8939cd1d080a,2026,RotoWire,MIL
s_34af486e0c6c8838d65cb56c,"[[""rotowire"", ""14856""]]",matched,Kyle Hurt,p_be830ebbda2fe42c429b42ff,pitcher,s_66269b853d7f3798a48a2521,r_fb1ed5dc76fc8939cd1d080a,2026,RotoWire,LAD
,"[[""rotowire"", ""19341""]]",unmatched,Joel Hurtado,p_145c08d6aec50c0ff77d1c1f,pitcher,s_07fe88ddbf348ab358b0af0d,r_fb1ed5dc76fc8939cd1d080a,2026,RotoWire,LAA
,"[[""rotowire"", ""20404""]]",unmatched,Daviel Hurtado,p_9c40be445140a6d41365e0d5,pitcher,s_c858b4af17894cf56b5a4ce6,r_fb1ed5dc76fc8939cd1d080a,2026,RotoWire,NYM
s_c18b99e67b4fead82692f324,"[[""rotowire"", ""17475""]]",matched,Brant Hurter,p_e5e680d02216328712a96f14,pitcher,s_7744126ea626a66afa67a1fe,r_fb1ed5dc76fc8939cd1d080a,2026,RotoWire,DET
,"[[""rotowire"", ""18394""]]",unmatched,Joel Ibarra,p_936af7e887ddbcd8a782f020,pitcher,s_dfc204e29f2902dfcd2ffb0a,r_fb1ed5dc76fc8939cd1d080a,2026,RotoWire,FA
s_5d45b7d9d3c19a48b66feef1,"[[""rotowire"", ""13217""]]",matched,Raisel Iglesias,p_b35d34590b3ac43677949140,pitcher,s_1b3583e6b2f60889c52edb6d,r_fb1ed5dc76fc8939cd1d080a,2026,RotoWire,ATL
s_e15bf20982d62b81f196c145,"[[""rotowire"", ""20530""]]",matched,Tatsuya Imai,p_77bbadf5f7c9163e5cdaafe1,pitcher,s_e8b7222ea70168f96a670339,r_fb1ed5dc76fc8939cd1d080a,2026,RotoWire,HOU
,"[[""rotowire"", ""18262""]]",unmatched,Kolton Ingram,p_d7933522a8be173baad40cf9,pitcher,s_041943a95a71daa9acd98dc3,r_fb1ed5dc76fc8939cd1d080a,2026,RotoWire,ATL
,"[[""rotowire"", ""20023""]]",unmatched,Jojo Ingrassia,p_a87de12dccf6de0130afb0ce,pitcher,s_2c2dbfab0bf1b43e32947126,r_fb1ed5dc76fc8939cd1d080a,2026,RotoWire,BOS
s_3df95ff21fdbd988dd6d3054,"[[""rotowire"", ""15034""]]",matched,Cole Irvin,p_f2200b5fcfbd381ace4f2861,pitcher,s_b940a3aec149f66b62da1ead,r_fb1ed5dc76fc8939cd1d080a,2026,RotoWire,LAD
s_ec363a0c5e9a49aa5301765a,"[[""rotowire"", ""15546""]]",matched,Jake Irvin,p_1462eea9ad139526006f6fba,pitcher,s_18d09f12e5507f960af831cb,r_fb1ed5dc76fc8939cd1d080a,2026,RotoWire,WSH
,"[[""rotowire"", ""15001""]]",unmatched,Tyler Ivey,p_a80d2dbae566cc68fb0e9dd9,pitcher,s_228e263482b259debd68cb81,r_fb1ed5dc76fc8939cd1d080a,2026,RotoWire,FA
,"[[""rotowire"", ""18030""]]",unmatched,Ashton Izzi,p_dbb068dc0e845eb57eee5030,pitcher,s_dad847cfb7d4a126396f5f4b,r_fb1ed5dc76fc8939cd1d080a,2026,RotoWire,ARI
,"[[""rotowire"", ""19897""]]",unmatched,Jordan Jackson,p_d1a9b6568064d0aaf300eaab,pitcher,s_fc2e0f3e5c1eeb629102fef5,r_fb1ed5dc76fc8939cd1d080a,2026,RotoWire,SEA
,"[[""rotowire"", ""14369""]]",unmatched,Zach Jackson,p_5098e72768c5b0ec393cdcc4,pitcher,s_69e2fbfc2ff6918d0968f11f,r_fb1ed5dc76fc8939cd1d080a,2026,RotoWire,ATH
,"[[""rotowire"", ""10767""]]",unmatched,Jay Jackson,p_a8c67e70985f14ce429ddae0,pitcher,s_e8c3b78a82f3e6ec5e111ec8,r_fb1ed5dc76fc8939cd1d080a,2026,RotoWire,FA
,"[[""rotowire"", ""11530""]]",unmatched,Luke Jackson,p_e0e812f1c8d46069cedfdc3e,pitcher,s_26e2406e7954246e8ad8bf19,r_fb1ed5dc76fc8939cd1d080a,2026,RotoWire,FA
s_98e70fc63519330c1023fb55,"[[""rotowire"", ""18743""]]",matched,Alek Jacob,p_eb4a76757bbdb89cea654ef5,pitcher,s_93e92a231b20a2a2d0bc1871,r_fb1ed5dc76fc8939cd1d080a,2026,RotoWire,SD
,"[[""rotowire"", ""20839""]]",unmatched,Tanner Jacobson,p_ecff8e92439f250c27f63d35,pitcher,s_288e7dcc922ae65d6fba7643,r_fb1ed5dc76fc8939cd1d080a,2026,RotoWire,FA
,"[[""rotowire"", ""18828""]]",unmatched,Joe Jacques,p_fd64ada14cfb67f70d38e6e2,pitcher,s_6b7874493a275f8f22fcc97a,r_fb1ed5dc76fc8939cd1d080a,2026,RotoWire,NYM
,"[[""rotowire"", ""15377""]]",unmatched,Josh James,p_c02ec95d008deec6f036bdf4,pitcher,s_210baecae3eb759fc582f07c,r_fb1ed5dc76fc8939cd1d080a,2026,RotoWire,FA
s_3d2cf9607518ca52dc56dd6c,"[[""rotowire"", ""16093""]]",matched,Drey Jameson,p_0af38066a94940e2b68bc8ba,pitcher,s_0caf07892fb71cb56c5d7d1f,r_fb1ed5dc76fc8939cd1d080a,2026,RotoWire,ARI
,"[[""rotowire"", ""19130""]]",unmatched,Hyun-Seok Jang,p_ac8f63284088d2b42e8541b6,pitcher,s_c8690fb7fea87242ab6b59b3,r_fb1ed5dc76fc8939cd1d080a,2026,RotoWire,LAD
s_0977fce1b1fca04e92548635,"[[""rotowire"", ""11289""]]",matched,Kenley Jansen,p_2efba3d8e54fcb8d1f5d09b3,pitcher,s_d24eb10b589a14577f12ae8f,r_fb1ed5dc76fc8939cd1d080a,2026,RotoWire,DET
,"[[""rotowire"", ""16697""]]",unmatched,Bryce Jarvis,p_6dd1c218fa3d789fd609b3e4,pitcher,s_b55beba62fdfee10040b7800,r_fb1ed5dc76fc8939cd1d080a,2026,RotoWire,ARI
,"[[""rotowire"", ""17923""]]",unmatched,Justin Jarvis,p_025bfad76fa2822f2ec5d8f8,pitcher,s_41c9623c1f1539743e764ee0,r_fb1ed5dc76fc8939cd1d080a,2026,RotoWire,LAD
s_d385ca229f361ddcc36d562d,"[[""rotowire"", ""14482""]]",matched,Cristian Javier,p_b27e7408b46d9fc16441348e,pitcher,s_b80c12e9529a70dda1b59784,r_fb1ed5dc76fc8939cd1d080a,2026,RotoWire,HOU
s_6d4608e1cf5499e08ae77014,"[[""rotowire"", ""14343""]]",matched,Griffin Jax,p_acd9809fb06c81109d7ede29,pitcher,s_4043fbf071cb4c212e7c195b,r_fb1ed5dc76fc8939cd1d080a,2026,RotoWire,TB
,"[[""rotowire"", ""13813""]]",unmatched,Tyler Jay,p_63574b63599452742cab7177,pitcher,s_3e8aff438f3187add7b37ac3,r_fb1ed5dc76fc8939cd1d080a,2026,RotoWire,MIL
,"[[""rotowire"", ""14272""]]",unmatched,Daulton Jefferies,p_b128d584369d20b47f86c20f,pitcher,s_b7f474986aeb2f19df587654,r_fb1ed5dc76fc8939cd1d080a,2026,RotoWire,FA
,"[[""rotowire"", ""14810""]]",unmatched,Steven Jennings,p_3523ba211611b19b965eb470,pitcher,s_33f8da4af8be8274de300e6a,r_fb1ed5dc76fc8939cd1d080a,2026,RotoWire,TEX
,"[[""rotowire"", ""18130""]]",unmatched,Ryan Jennings,p_bdd9467a3989e84e33ebec76,pitcher,s_cec2538536cd52738179b455,r_fb1ed5dc76fc8939cd1d080a,2026,RotoWire,TOR
,"[[""rotowire"", ""16227""]]",unmatched,Ryan Jensen,p_a8fe45a37c5078aa618963e4,pitcher,s_8f9de77cf487a78d16a1ab55,r_fb1ed5dc76fc8939cd1d080a,2026,RotoWire,CHC
,"[[""rotowire"", ""19662""]]",unmatched,Luke Jewett,p_9c465c1c50ae95f818123654,pitcher,s_58fa86054760a51f09e70275,r_fb1ed5dc76fc8939cd1d080a,2026,RotoWire,COL
,"[[""rotowire"", ""19773""]]",unmatched,Ronaldys Jimenez,p_86f83ce9928fa282968debeb,pitcher,s_f17284ff592372066f127fd2,r_fb1ed5dc76fc8939cd1d080a,2026,RotoWire,PIT
,"[[""rotowire"", ""16515""]]",unmatched,Dany Jimenez,p_233c87c29bbf0b279bda1b3e,pitcher,s_11bbd149ca4fe489f511f185,r_fb1ed5dc76fc8939cd1d080a,2026,RotoWire,FA
,"[[""rotowire"", ""13724""]]",unmatched,Joe Jimenez,p_a176d16092309e0d3e01dbac,pitcher,s_9fbedd8c06b42c29ad6c3483,r_fb1ed5dc76fc8939cd1d080a,2026,RotoWire,ATL
s_f823c64c9ebb63cdc02ae09a,"[[""rotowire"", ""17304""]]",matched,Jackson Jobe,p_fcd7de7bb40bf45a6ca34cdb,pitcher,s_4950bfaa3759d8b6f1ed6d31,r_fb1ed5dc76fc8939cd1d080a,2026,RotoWire,DET
,"[[""rotowire"", ""17840""]]",unmatched,Jared Johnson,p_3ecd2ccf18750ea413fbb281,pitcher,s_4616f86349cc61a51f2ae288,r_fb1ed5dc76fc8939cd1d080a,2026,RotoWire,ATH
,"[[""rotowire"", ""18115""]]",unmatched,M.D. Johnson,p_4ffc39c15137793ea49dde91,pitcher,s_b5a080a11fe31f6cd249b3d7,r_fb1ed5dc76fc8939cd1d080a,2026,RotoWire,MIA
,"[[""rotowire"", ""18012""]]",unmatched,Marcus Johnson,p_a45b3b9c2f365a225489a4eb,pitcher,s_bfc5ec87c1be1772fab9d24d,r_fb1ed5dc76fc8939cd1d080a,2026,RotoWire,TB
s_5b89fa13bf80d850f184ff84,"[[""rotowire"", ""19753""]]",matched,Ty Johnson,p_6dc7f0e021a4dbfae3c23d83,pitcher,s_559a5ad450fb682bbff8c7db,r_fb1ed5dc76fc8939cd1d080a,2026,RotoWire,TB
s_29e61e6d469f446cbe13dbd4,"[[""rotowire"", ""12484""]]",matched,Pierce Johnson,p_4fc08c6725ad3ff7c1ff7ffb,pitcher,s_f56ef40295b5cd747d4137a2,r_fb1ed5dc76fc8939cd1d080a,2026,RotoWire,CIN
s_3c2aeeb16b1aa1f8c6d8e8ce,"[[""rotowire"", ""16066""]]",matched,Seth Johnson,p_3b8c77fa245c713f7e0b7003,pitcher,s_0b46a298db5a1fff04e96821,r_fb1ed5dc76fc8939cd1d080a,2026,RotoWire,PHI
,"[[""rotowire"", ""19805""]]",unmatched,Will Johnston,p_004f2a01866dab5afa45f412,pitcher,s_f02260dc422a17d61e4f20a9,r_fb1ed5dc76fc8939cd1d080a,2026,RotoWire,ATH
,"[[""rotowire"", ""19124""]]",unmatched,Kyle Jones,p_9e8ee4f2e930522a4a54b50f,pitcher,s_42e133a47a661f8f867928f4,r_fb1ed5dc76fc8939cd1d080a,2026,RotoWire,FA
,"[[""rotowire"", ""20637""]]",unmatched,Stephen Jones,p_36545dc24944774d3e6ee2ba,pitcher,s_d1d5ed88a4b56bac44ac1c17,r_fb1ed5dc76fc8939cd1d080a,2026,RotoWire,MIA
,"[[""rotowire"", ""19704""]]",unmatched,Dylan Jordan,p_a8d1bab9d205336838573cf9,pitcher,s_233b573e9b453561c5e759a5,r_fb1ed5dc76fc8939cd1d080a,2026,RotoWire,LAA
,"[[""rotowire"", ""19966""]]",unmatched,Elison Joseph,p_389ad0fa0dcda1b42d6ad21b,pitcher,s_92edfcc304f07e36becc1ac2,r_fb1ed5dc76fc8939cd1d080a,2026,RotoWire,ATL
,"[[""rotowire"", ""19274""]]",unmatched,Jimmy Joyce,p_f3a710c096178fe533e197df,pitcher,s_bdce49d96763ca11b02f6011,r_fb1ed5dc76fc8939cd1d080a,2026,RotoWire,SEA
s_7b2121f96e80f65b440ce3c6,"[[""rotowire"", ""18027""]]",matched,Ben Joyce,p_832c0bfcb9b11d1926665bdf,pitcher,s_3b88ecd913ad2245e52a103b,r_fb1ed5dc76fc8939cd1d080a,2026,RotoWire,LAA
,"[[""rotowire"", ""17630""]]",unmatched,Jorge Juan,p_7c9f0618fc6a598f09260413,pitcher,s_dfb976f07c1d9efd809ccd66,r_fb1ed5dc76fc8939cd1d080a,2026,RotoWire,BOS
,"[[""rotowire"", ""18866""]]",unmatched,Nicholas Judice,p_bf64aaaa52a1ca39d7cded48,pitcher,s_300eb743feeda80309c5021b,r_fb1ed5dc76fc8939cd1d080a,2026,RotoWire,BOS
,"[[""rotowire"", ""17005""]]",unmatched,Grant Judkins,p_3509df3a119d0e0cdcd799d8,pitcher,s_36f5ac035e5ec10c3a6076bd,r_fb1ed5dc76fc8939cd1d080a,2026,RotoWire,ATH
s_97fcfb41de7f8c4b22fd829f,"[[""rotowire"", ""17831""]]",matched,Hayden Juenger,p_c9e4b09f64ff213554b55bf3,pitcher,s_3b2451f784faa1e7a1d66dd3,r_fb1ed5dc76fc8939cd1d080a,2026,RotoWire,TOR
s_ff37549061c37d8c5114f9eb,"[[""rotowire"", ""17333""]]",matched,Gage Jump,p_e2d37845ff1ca163da8b0647,pitcher,s_1aa1446ec7a49b35d6e0a2a8,r_fb1ed5dc76fc8939cd1d080a,2026,RotoWire,ATH
s_44fd67d62f421150a10fec6e,"[[""rotowire"", ""14512""]]",matched,Jakob Junis,p_86a05e73061b5c85d481ae47,pitcher,s_41b02d2c9b0a626b4c60d84f,r_fb1ed5dc76fc8939cd1d080a,2026,RotoWire,TEX
s_fee72fb5240d036a5fb8187d,"[[""rotowire"", ""17537""]]",matched,Janson Junk,p_d240081eb8e6f1ec895ecf2d,pitcher,s_b85f843b25690d189973a52f,r_fb1ed5dc76fc8939cd1d080a,2026,RotoWire,MIA
,"[[""rotowire"", ""17564""]]",unmatched,Evan Justice,p_a4c67cfc3f1717e78bd9d90e,pitcher,s_299a68b4ac88a2ef0d8c97d5,r_fb1ed5dc76fc8939cd1d080a,2026,RotoWire,COL
s_aa19bf466508d25c771c9520,"[[""rotowire"", ""11532""]]",matched,Tommy Kahnle,p_1538868d7d068cf244dceb49,pitcher,s_61e1f778e1c8d5e65f1a4950,r_fb1ed5dc76fc8939cd1d080a,2026,RotoWire,BOS
,"[[""rotowire"", ""19885""]]",unmatched,Jace Kaminska,p_d945d9049233332c2c3f1333,pitcher,s_77a85e49e90bd2b7bf47c9b1,r_fb1ed5dc76fc8939cd1d080a,2026,RotoWire,MIN
,"[[""rotowire"", ""12973""]]",unmatched,Rob Kaminsky,p_83c75349cf3ba6bd2ec31215,pitcher,s_f3555b6041d6d7522084121d,r_fb1ed5dc76fc8939cd1d080a,2026,RotoWire,FA
,"[[""rotowire"", ""13825""]]",unmatched,James Kaprielian,p_97fc0f2ca2ff07cde70e6d46,pitcher,s_69e2e7cc13fe162afb0547b8,r_fb1ed5dc76fc8939cd1d080a,2026,RotoWire,FA
,"[[""rotowire"", ""18267""]]",unmatched,Ricky Karcher,p_72fdd72b53364afd8921d89e,pitcher,s_70303bcb68be1517eeb0a707,r_fb1ed5dc76fc8939cd1d080a,2026,RotoWire,FA
s_f6989b133513bd30085282e2,"[[""rotowire"", ""14878""]]",matched,James Karinchak,p_8dfc430c8abbf65b0b0bbbab,pitcher,s_06529e6a6fbe6e7e43c792d9,r_fb1ed5dc76fc8939cd1d080a,2026,RotoWire,ATL
,"[[""rotowire"", ""19389""]]",unmatched,Jared Karros,p_f7665d1b77d042baec0a67b9,pitcher,s_8185d7737b26b815f328a4bc,r_fb1ed5dc76fc8939cd1d080a,2026,RotoWire,LAD
,"[[""rotowire"", ""16145""]]",unmatched,Karl Kauffmann,p_4d2045e85831985207c3f051,pitcher,s_c39eab8f4689e4f263546aeb,r_fb1ed5dc76fc8939cd1d080a,2026,RotoWire,FA
,"[[""rotowire"", ""20635""]]",unmatched,Rylan Kaufman,p_4faa0370f47a50d1af3aa74d,pitcher,s_26c9873d15e33e3dc44c5d67,r_fb1ed5dc76fc8939cd1d080a,2026,RotoWire,CWS
s_63ef594841df5c58fcbabb28,"[[""rotowire"", ""14269""]]",matched,Anthony Kay,p_27e0d2a201c5411cd9ea636f,pitcher,s_d9b685951bf4f69a7a595550,r_fb1ed5dc76fc8939cd1d080a,2026,RotoWire,CWS
,"[[""rotowire"", ""18969""]]",unmatched,Seth Keener,p_73b493ec96a6a22d72e48466,pitcher,s_019a8c171c29e5520d98add8,r_fb1ed5dc76fc8939cd1d080a,2026,RotoWire,CWS
,"[[""rotowire"", ""17524""]]",unmatched,Janzen Keisel,p_247b1fddb24d22d6e9344f8f,pitcher,s_02ea54ad37c9aff06223d925,r_fb1ed5dc76fc8939cd1d080a,2026,RotoWire,TB
,"[[""rotowire"", ""13754""]]",unmatched,Keone Kela,p_98534a9645f07c8a0af900f9,pitcher,s_2f4f4a90c2bb4cbe268a0c6e,r_fb1ed5dc76fc8939cd1d080a,2026,RotoWire,FA
s_1e1e85bb2545b50f42ee7104,"[[""rotowire"", ""13426""]]",matched,Mitch Keller,p_670e72cdda746fe85f68a08d,pitcher,s_6fd7df3cf05f20ed92c2b063,r_fb1ed5dc76fc8939cd1d080a,2026,RotoWire,PIT
s_7c99039f865c00841a62febb,"[[""rotowire"", ""14516""]]",matched,Brad Keller,p_aebf4132a23ddbbf57422ae5,pitcher,s_dc0408f84bbae68c168ef202,r_fb1ed5dc76fc8939cd1d080a,2026,RotoWire,PHI
,"[[""rotowire"", ""18753""]]",unmatched,Seth Keller,p_ccfb3e6b8041e1808fd1c018,pitcher,s_1b773eda7cc67c157918c83a,r_fb1ed5dc76fc8939cd1d080a,2026,RotoWire,ATL
,"[[""rotowire"", ""16678""]]",unmatched,Jared Kelley,p_0551b4a82d0666b327eb1fa2,pitcher,s_14515d92d48888e905a18d6f,r_fb1ed5dc76fc8939cd1d080a,2026,RotoWire,CWS
,"[[""rotowire"", ""16319""]]",unmatched,Trevor Kelley,p_9509177b26292bc143f7bf11,pitcher,s_3a37b648a200a35141b82ed7,r_fb1ed5dc76fc8939cd1d080a,2026,RotoWire,FA
,"[[""rotowire"", ""17556""]]",unmatched,Owen Kellington,p_c0299763f7ab00d217b76534,pitcher,s_fd59c46cf9a1c399983ae75e,r_fb1ed5dc76fc8939cd1d080a,2026,RotoWire,PIT
s_5ea42596db76a0c086ae071c,"[[""rotowire"", ""18662""]]",matched,Antwone Kelly,p_1b9767205e472eb4f0d30fae,pitcher,s_3a8bcb0b29481a34a5cbbff6,r_fb1ed5dc76fc8939cd1d080a,2026,RotoWire,PIT
s_01ce4d629b12b3442cc0de15,"[[""rotowire"", ""18283""]]",matched,Kevin Kelly,p_79592f0690636428c30a46f5,pitcher,s_799f384a22a703b973431229,r_fb1ed5dc76fc8939cd1d080a,2026,RotoWire,TB
s_e9f80b233f118a2061151b7d,"[[""rotowire"", ""18240""]]",matched,Zack Kelly,p_35bb0a12c9538806f164c705,pitcher,s_8cc9f8318e553faee6223ac3,r_fb1ed5dc76fc8939cd1d080a,2026,RotoWire,BOS
s_bea5f94ca429ca52a6ca84c6,"[[""rotowire"", ""16124""]]",matched,Antoine Kelly,p_b9199b1fb4e1798319d45797,pitcher,s_bcc5fe0be3d35a245947794d,r_fb1ed5dc76fc8939cd1d080a,2026,RotoWire,LAD
s_e18653737a0e03014fa57a21,"[[""rotowire"", ""15800""]]",matched,Merrill Kelly,p_bbcccd33b7c810cfa8337201,pitcher,s_e6b40a5631c29d3e4139356a,r_fb1ed5dc76fc8939cd1d080a,2026,RotoWire,ARI
,"[[""rotowire"", ""11053""]]",unmatched,Joe Kelly,p_0dd482b615cf383ea69136e7,pitcher,s_43dca2c49a8a5cec22a96186,r_fb1ed5dc76fc8939cd1d080a,2026,RotoWire,FA
,"[[""rotowire"", ""10474""]]",unmatched,Casey Kelly,p_4a61ee00a03f40227f39bfe7,pitcher,s_6d73786aa201062b391ad5d7,r_fb1ed5dc76fc8939cd1d080a,2026,RotoWire,ARI
s_e081ac244400baf8acab7202,"[[""rotowire"", ""12164""]]",matched,Michael Kelly,p_438ee9a2108e62d8d14a062a,pitcher,s_7fa539fb59ffe73e360807e6,r_fb1ed5dc76fc8939cd1d080a,2026,RotoWire,ATH
,"[[""rotowire"", ""20646""]]",unmatched,Jaitoine Kelly,p_afb8a4e86f7dbc0bceb8f200,pitcher,s_6bcbaec7c8d0d97478b5c970,r_fb1ed5dc76fc8939cd1d080a,2026,RotoWire,ARI
,"[[""rotowire"", ""19103""]]",unmatched,Kannon Kemp,p_fb9202287d08495ea10ade56,pitcher,s_187e814250830f204478896e,r_fb1ed5dc76fc8939cd1d080a,2026,RotoWire,SD
s_22d4ef49d42986606c079efa,"[[""rotowire"", ""18073""]]",matched,William Kempner,p_583486d37b4399b234e944ea,pitcher,s_aa058f5dee31a0a1f41a49f9,r_fb1ed5dc76fc8939cd1d080a,2026,RotoWire,MIA
,"[[""rotowire"", ""18000""]]",unmatched,Michael Kennedy,p_7788d3422ddeed96fdac2b93,pitcher,s_94848125f1933fcce486a92f,r_fb1ed5dc76fc8939cd1d080a,2026,RotoWire,CLE
,"[[""rotowire"", ""15691""]]",unmatched,Brett Kennedy,p_b53f0a34304ff3f625864591,pitcher,s_2bd6ffe221628aaf6d4edf9c,r_fb1ed5dc76fc8939cd1d080a,2026,RotoWire,FA
s_a56fdf621b8e6d1167572be6,"[[""rotowire"", ""17640""]]",matched,Zak Kent,p_6faee8c8e6ce929dbb691dee,pitcher,s_2cb03f81315b2ab9da30fe57,r_fb1ed5dc76fc8939cd1d080a,2026,RotoWire,MIN
,"[[""rotowire"", ""18907""]]",unmatched,Barrett Kent,p_da174555d151e9449f19f352,pitcher,s_1624418b5e5953bf08a58113,r_fb1ed5dc76fc8939cd1d080a,2026,RotoWire,LAA
s_3bbcb2654b1dc42634d5da71,"[[""rotowire"", ""19611""]]",matched,Jackson Kent,p_9f6304b8a80236b39a4e952d,pitcher,s_0e05db963c0a3d8415d10c8b,r_fb1ed5dc76fc8939cd1d080a,2026,RotoWire,WSH
s_2615786313e82da1b0ca8e4e,"[[""rotowire"", ""18102""]]",matched,Orion Kerkering,p_bf0f117e1d0e72128aaa01dd,pitcher,s_5639fa55695a179bf6c916fe,r_fb1ed5dc76fc8939cd1d080a,2026,RotoWire,PHI
s_3a81de293b701764d95a42fa,"[[""rotowire"", ""17690""]]",matched,Ray Kerr,p_7b20c90a5cb523c9e3008737,pitcher,s_0f6a453076763483b8e3de0d,r_fb1ed5dc76fc8939cd1d080a,2026,RotoWire,ATL
s_9f7914082d4e65f53a9cda71,"[[""rotowire"", ""17572""]]",matched,Brett Kerry,p_d0e5cd403843e151ee96904f,pitcher,s_3c876fb1721c8abe8f2ff802,r_fb1ed5dc76fc8939cd1d080a,2026,RotoWire,LAA
,"[[""rotowire"", ""9276""]]",unmatched,Clayton Kershaw,p_df19938cec41a3349a09f13c,pitcher,s_07b5fcc177980b06c2d06ce3,r_fb1ed5dc76fc8939cd1d080a,2026,RotoWire,FA
,"[[""rotowire"", ""11751""]]",unmatched,Dallas Keuchel,p_b8e7260c715ab6868bdb2928,pitcher,s_bdcdfb546b7741d664ef6001,r_fb1ed5dc76fc8939cd1d080a,2026,RotoWire,KC
s_fa7ea1c2fabcaab7ae0f1969,"[[""rotowire"", ""11281""]]",matched,Yusei Kikuchi,p_aca14cb4cc82e85ca78f4fe7,pitcher,s_5385452decf4abdab85c05db,r_fb1ed5dc76fc8939cd1d080a,2026,RotoWire,LAA
s_e9eab0b05afdcf9fb1fd75e8,"[[""rotowire"", ""17272""]]",matched,Caleb Kilian,p_e7369cc77051b2201297a493,pitcher,s_91358e38353851ee4e417ef7,r_fb1ed5dc76fc8939cd1d080a,2026,RotoWire,SF
s_218d3ccef0bdd23806575664,"[[""rotowire"", ""10565""]]",matched,Craig Kimbrel,p_e68edd55c4d8c0af8968ba6d,pitcher,s_62f2fcd4dff324e16ba7064d,r_fb1ed5dc76fc8939cd1d080a,2026,RotoWire,NYM
,"[[""rotowire"", ""17528""]]",unmatched,Larson Kindreich,p_66d89a4bc47f53f542c779dc,pitcher,s_d870484c091d41cbab4d8c99,r_fb1ed5dc76fc8939cd1d080a,2026,RotoWire,TEX
,"[[""rotowire"", ""18580""]]",unmatched,Joseph King,p_c02f0cb7b4ac061865319b55,pitcher,s_be4a4abf16194f7b590a6efb,r_fb1ed5dc76fc8939cd1d080a,2026,RotoWire,FA
,"[[""rotowire"", ""19601""]]",unmatched,Johnny King,p_2f02c25f581eeb47ef5a0440,pitcher,s_0976d66b9d04d968532d6f2a,r_fb1ed5dc76fc8939cd1d080a,2026,RotoWire,TOR
s_1df27feb99eeabe69e964501,"[[""rotowire"", ""19669""]]",matched,Bryan King,p_359b780a64cc77ed793a7606,pitcher,s_952588b57592fea8dea88bd1,r_fb1ed5dc76fc8939cd1d080a,2026,RotoWire,HOU
,"[[""rotowire"", ""20064""]]",unmatched,Justin King,p_3c744e6ef3c071c24ea81203,pitcher,s_b29008f7b956da68e4b0d092,r_fb1ed5dc76fc8939cd1d080a,2026,RotoWire,MIA
s_b0199857ca2c9085c5dfddce,"[[""rotowire"", ""15255""]]",matched,Michael King,p_7108c469d40316795ab472a1,pitcher,s_46836f014efe059d1c25e66b,r_fb1ed5dc76fc8939cd1d080a,2026,RotoWire,SD
s_cbb8c97d36cccce6b7e5f955,"[[""rotowire"", ""17073""]]",matched,John King,p_f746ebfba251896b073cf6d5,pitcher,s_5854feddeb0945e1d3b443e9,r_fb1ed5dc76fc8939cd1d080a,2026,RotoWire,MIA
s_b6c3dba4ad1d77b697f4591f,"[[""rotowire"", ""15284""]]",matched,Tyler Kinley,p_840a7027a702a1c4e37e5527,pitcher,s_7ce50bd78715d13680fad585,r_fb1ed5dc76fc8939cd1d080a,2026,RotoWire,ATL
,"[[""rotowire"", ""19901""]]",unmatched,Grant Kipp,p_1babfa93670c74bdb4529409,pitcher,s_cd5dbfba4c511a0faf10bc0a,r_fb1ed5dc76fc8939cd1d080a,2026,RotoWire,CHC
,"[[""rotowire"", ""20088""]]",unmatched,Devin Kirby,p_b1e1219c6a74ce2c97992b18,pitcher,s_b7f1ecbac93176689d3562db,r_fb1ed5dc76fc8939cd1d080a,2026,RotoWire,BAL
s_7e9a28005b23442e6a88ed4f,"[[""rotowire"", ""16057""]]",matched,George Kirby,p_5df36053416da5d9071410b9,pitcher,s_35ad9aae3d2a574c57ae4a8a,r_fb1ed5dc76fc8939cd1d080a,2026,RotoWire,SEA
,"[[""rotowire"", ""19404""]]",unmatched,Danny Kirwin,p_da37e2c19b08c5d43276de38,pitcher,s_2b40a5a24b0a87b9251643b0,r_fb1ed5dc76fc8939cd1d080a,2026,RotoWire,BOS
,"[[""rotowire"", ""20555""]]",unmatched,Jacob Kisting,p_ed19294a6ad9b9d02b15f8f7,pitcher,s_19e5a3826b84a8f4cd24801d,r_fb1ed5dc76fc8939cd1d080a,2026,RotoWire,TB
,"[[""rotowire"", ""19670""]]",unmatched,Austin Kitchen,p_d40a3de201d9f88eb2a27d1e,pitcher,s_09dabf0c17b401c9efc6e877,r_fb1ed5dc76fc8939cd1d080a,2026,RotoWire,SEA
s_d35416a92a09e28cdd06682e,"[[""rotowire"", ""15094""]]",matched,Andrew Kittredge,p_9deb7e402f8cf109d514cac1,pitcher,s_8558b050b9ce65affbe7e55e,r_fb1ed5dc76fc8939cd1d080a,2026,RotoWire,BAL
s_13f20aa8c843ac52f850b6d2,"[[""rotowire"", ""18859""]]",matched,George Klassen,p_787fc132ba01ef35f4778403,pitcher,s_c53769add9daa0bdf13bfa68,r_fb1ed5dc76fc8939cd1d080a,2026,RotoWire,LAA
s_bef40f522cb416324faa2f1f,"[[""rotowire"", ""20344""]]",matched,John Klein,p_b70a6085f951f9cd1540affa,pitcher,s_9031489af38167ec42fe749f,r_fb1ed5dc76fc8939cd1d080a,2026,RotoWire,MIN
,"[[""rotowire"", ""19722""]]",unmatched,Jacob Kmatz,p_e9b80891fea9ebb8c3e2e4a6,pitcher,s_e4635fbe97dc76f341ffe636,r_fb1ed5dc76fc8939cd1d080a,2026,RotoWire,TB
,"[[""rotowire"", ""12982""]]",unmatched,Corey Knebel,p_16c6b6ce6d2a3505aa954ae3,pitcher,s_7a7c78e733515435088ac533,r_fb1ed5dc76fc8939cd1d080a,2026,RotoWire,FA
,"[[""rotowire"", ""17244""]]",unmatched,Reiss Knehr,p_5b7ea9bf497a5ce58aacc307,pitcher,s_36f12c5ca158bc37e1f3c336,r_fb1ed5dc76fc8939cd1d080a,2026,RotoWire,FA
,"[[""rotowire"", ""14846""]]",unmatched,Blaine Knight,p_ca627176129d5f76b0f4bf52,pitcher,s_67c757f1221b0b565c612fac,r_fb1ed5dc76fc8939cd1d080a,2026,RotoWire,PHI
,"[[""rotowire"", ""18081""]]",unmatched,Michael Knorr,p_f34514853506d3152ad45b24,pitcher,s_7298782bd9f262cc56005eb1,r_fb1ed5dc76fc8939cd1d080a,2026,RotoWire,HOU
,"[[""rotowire"", ""18970""]]",unmatched,Josh Knoth,p_351ba237456610fd00508df3,pitcher,s_0420fabf83b7470da6e9395b,r_fb1ed5dc76fc8939cd1d080a,2026,RotoWire,MIL
,"[[""rotowire"", ""19705""]]",unmatched,Nate Knowles,p_9525eb2674fdb42b6f4b3e9d,pitcher,s_127488261271c664d26f8ff9,r_fb1ed5dc76fc8939cd1d080a,2026,RotoWire,TB
,"[[""rotowire"", ""16377""]]",unmatched,Lucas Knowles,p_fb5ffb8c2606479f7eec2161,pitcher,s_d975ee010c5cb75ebdcd00c0,r_fb1ed5dc76fc8939cd1d080a,2026,RotoWire,LAA
,"[[""rotowire"", ""20693""]]",unmatched,Antonio Knowles,p_f797aa9f3476684478e0957f,pitcher,s_6c1a6ba8427954a687640c8f,r_fb1ed5dc76fc8939cd1d080a,2026,RotoWire,FA
,"[[""rotowire"", ""12554""]]",unmatched,Matt Koch,p_c3868994698a5165bb993bd8,pitcher,s_82ae2bbe78c174ad179c007a,r_fb1ed5dc76fc8939cd1d080a,2026,RotoWire,FA
s_6a3ee89230404ce935c8ffb9,"[[""rotowire"", ""16105""]]",matched,Jack Kochanowicz,p_e341706f55862548e5ff2e3a,pitcher,s_0b8cffbf4998d3aec357bd8c,r_fb1ed5dc76fc8939cd1d080a,2026,RotoWire,LAA
s_232ca99707b4cb76b73fc959,"[[""rotowire"", ""17915""]]",matched,Jared Koenig,p_9cdce3c51f326e76b98d6591,pitcher,s_0bbbb28c4e2e423ff10beafe,r_fb1ed5dc76fc8939cd1d080a,2026,RotoWire,MIL
,"[[""rotowire"", ""17495""]]",unmatched,Tanner Kohlhepp,p_5bd6d647a19adb0386df65f0,pitcher,s_e800133c96586dd71391b53b,r_fb1ed5dc76fc8939cd1d080a,2026,RotoWire,DET
,"[[""rotowire"", ""13276""]]",unmatched,Adam Kolarek,p_b5916fdb821a1e62fedaa235,pitcher,s_d23314f863c992c277a9181b,r_fb1ed5dc76fc8939cd1d080a,2026,RotoWire,FA
s_a2cb405580c1fdd1a657be13,"[[""rotowire"", ""18108""]]",matched,Stephen Kolek,p_7b5211dc885fe1586bfbb758,pitcher,s_da4e37b4e128677587b2c461,r_fb1ed5dc76fc8939cd1d080a,2026,RotoWire,KC
,"[[""rotowire"", ""13401""]]",unmatched,Michael Kopech,p_1965206c1749b62f2876a8a0,pitcher,s_c6151ea0b93f8a651f3d8af7,r_fb1ed5dc76fc8939cd1d080a,2026,RotoWire,FA
,"[[""rotowire"", ""18236""]]",unmatched,Ronan Kopp,p_a268791c92a1f9bf6b95ef4e,pitcher,s_713fe75c1cc18eb603a599d4,r_fb1ed5dc76fc8939cd1d080a,2026,RotoWire,LAD
,"[[""rotowire"", ""17553""]]",unmatched,Kevin Kopps,p_5abd8d89cfd6f04e9ad174fc,pitcher,s_bd457aa8a42e9a6cff976d8d,r_fb1ed5dc76fc8939cd1d080a,2026,RotoWire,SD
,"[[""rotowire"", ""16211""]]",unmatched,Jacob Kostyshock,p_4f23eb706ca6668e74eb679e,pitcher,s_b4d2ab39ffc5653350645b67,r_fb1ed5dc76fc8939cd1d080a,2026,RotoWire,FA
,"[[""rotowire"", ""19140""]]",unmatched,Rhett Kouba,p_736ffa7af1428fa2cc11f480,pitcher,s_c9cee3fa79073f28aba225ee,r_fb1ed5dc76fc8939cd1d080a,2026,RotoWire,HOU
,"[[""rotowire"", ""15406""]]",unmatched,Jackson Kowar,p_3bbf0f43326b5fa1e90d1ad7,pitcher,s_e5edcda31a4b217c6af4992f,r_fb1ed5dc76fc8939cd1d080a,2026,RotoWire,BAL
s_a2a2cc84c7de060b03305454,"[[""rotowire"", ""14329""]]",matched,Max Kranick,p_f408d93b48d8da9a005af52b,pitcher,s_aad49bbc735c375fe36bdb6d,r_fb1ed5dc76fc8939cd1d080a,2026,RotoWire,FA
,"[[""rotowire"", ""16975""]]",unmatched,Nick Krauth,p_a947f5ee5c5b98edaafa2be8,pitcher,s_574ad0ace4ec853d7ff02733,r_fb1ed5dc76fc8939cd1d080a,2026,RotoWire,TEX
,"[[""rotowire"", ""18509""]]",unmatched,Evan Kravetz,p_074fc23596366d2762160435,pitcher,s_03f29bd31e71a2c412ed6263,r_fb1ed5dc76fc8939cd1d080a,2026,RotoWire,FA
,"[[""rotowire"", ""13573""]]",unmatched,Joey Krehbiel,p_1e61f6a1074d03b7b6fc87db,pitcher,s_11ace55be2b293335c7cc5c9,r_fb1ed5dc76fc8939cd1d080a,2026,RotoWire,KC
s_ce95eec6cfc4596c175dd9e3,"[[""rotowire"", ""15645""]]",matched,Dean Kremer,p_df9fd20dc552186aecc92c54,pitcher,s_588dfb3562b531cda1579a5f,r_fb1ed5dc76fc8939cd1d080a,2026,RotoWire,BAL
s_9802303aac1a5db5587add94,"[[""rotowire"", ""16501""]]",matched,Brooks Kriske,p_e886ebd300c4c1987877017e,pitcher,s_e1f2e19f9bf8cdf996eb39f6,r_fb1ed5dc76fc8939cd1d080a,2026,RotoWire,ATH
,"[[""rotowire"", ""17214""]]",unmatched,Zac Kristofak,p_72baeef1761bd82c9e75bf9b,pitcher,s_2c4e32e2772251052f130a80,r_fb1ed5dc76fc8939cd1d080a,2026,RotoWire,FA
,"[[""rotowire"", ""19334""]]",unmatched,Austin Krob,p_c6ab48c19bb53be8e1f68ec1,pitcher,s_b88573ff833530e7262d5e55,r_fb1ed5dc76fc8939cd1d080a,2026,RotoWire,SD
s_9e604f21a6997d610295ff57,"[[""rotowire"", ""12990""]]",matched,Matt Krook,p_5ccb2be6f00de2400349d1ac,pitcher,s_f0c21734bbdcec222e7680ab,r_fb1ed5dc76fc8939cd1d080a,2026,RotoWire,ATH
,"[[""rotowire"", ""17338""]]",unmatched,Ben Kudrna,p_f2ff65f7a593bfa63f759126,pitcher,s_13cd53453beb0fca0b5168d0,r_fb1ed5dc76fc8939cd1d080a,2026,RotoWire,KC
,"[[""rotowire"", ""18951""]]",unmatched,Cade Kuehler,p_7d1b60ea3867372b7e664df1,pitcher,s_346d0cebc2bae5abac358c94,r_fb1ed5dc76fc8939cd1d080a,2026,RotoWire,ATL
,"[[""rotowire"", ""14172""]]",unmatched,Chad Kuhl,p_aa7697cf5a882c559b3d3e0b,pitcher,s_756921b7d7f2a2b6b321082e,r_fb1ed5dc76fc8939cd1d080a,2026,RotoWire,FA
,"[[""rotowire"", ""18367""]]",unmatched,Travis Kuhn,p_7f488fb2db5b044310b9eddf,pitcher,s_641d91b5bb7c6c50293a4ff4,r_fb1ed5dc76fc8939cd1d080a,2026,RotoWire,TOR
s_39433de537716c270478f7a8,"[[""rotowire"", ""16431""]]",matched,Joel Kuhnel,p_410d3b82adc35964f997ce0f,pitcher,s_3f1f6dbe8460cd20a4a13be2,r_fb1ed5dc76fc8939cd1d080a,2026,RotoWire,ATH
,"[[""rotowire"", ""18361""]]",unmatched,Joe La Sorsa,p_03f6dd1978acd9701ea07f1a,pitcher,s_566f1e6c8b0ee1896a54bbb1,r_fb1ed5dc76fc8939cd1d080a,2026,RotoWire,PIT
,"[[""rotowire"", ""14910""]]",unmatched,A.J. Labas,p_2f77bf4b6d5f25aca0d0466f,pitcher,s_d3876b2e7a7f786485b1df40,r_fb1ed5dc76fc8939cd1d080a,2026,RotoWire,MIN
,"[[""rotowire"", ""19238""]]",unmatched,Mathias LaCombe,p_576bfd1b6b36f975b7547ee4,pitcher,s_b0b084e5a0fb7c0b41046e0c,r_fb1ed5dc76fc8939cd1d080a,2026,RotoWire,CWS
,"[[""rotowire"", ""19118""]]",unmatched,Carlos Lagrange,p_65aa45cc32242db22a46b239,pitcher,s_efc8e9f0f3de7e9eabd841f6,r_fb1ed5dc76fc8939cd1d080a,2026,RotoWire,NYY
,"[[""rotowire"", ""14175""]]",unmatched,Travis Lakins,p_19fb3820cbc90a4589ee06b8,pitcher,s_432834000c84175e51a2c00f,r_fb1ed5dc76fc8939cd1d080a,2026,RotoWire,FA
,"[[""rotowire"", ""19117""]]",unmatched,Henry Lalane,p_889f4ad7cc38bb6c4a30e9a7,pitcher,s_ec2610c936b05c8d23f1fd5e,r_fb1ed5dc76fc8939cd1d080a,2026,RotoWire,NYY
,"[[""rotowire"", ""19982""]]",unmatched,Ryan Lambert,p_971dd67418c12aebec422d7e,pitcher,s_ca21421bee1c8182ce77acc0,r_fb1ed5dc76fc8939cd1d080a,2026,RotoWire,NYM
s_759aee4ea513fa5b9711e3a3,"[[""rotowire"", ""13852""]]",matched,Peter Lambert,p_2404ba19bcc42b43ba8eb726,pitcher,s_cb8740352d04bd50987219ef,r_fb1ed5dc76fc8939cd1d080a,2026,RotoWire,HOU
,"[[""rotowire"", ""15572""]]",unmatched,Jimmy Lambert,p_273cc7b5908768aeae41f624,pitcher,s_3bcae07f957d50000e03b3d8,r_fb1ed5dc76fc8939cd1d080a,2026,RotoWire,FA
,"[[""rotowire"", ""14202""]]",unmatched,Dinelson Lamet,p_ba99cbec394ec958baeb9b9b,pitcher,s_5fafb17e14dd9e850302683e,r_fb1ed5dc76fc8939cd1d080a,2026,RotoWire,FA
,"[[""rotowire"", ""14951""]]",unmatched,Joey Lancellotti,p_7211b6f794d514caae8ef5f8,pitcher,s_0f81c6d8b3ad5f4ac194a95b,r_fb1ed5dc76fc8939cd1d080a,2026,RotoWire,FA
s_cbca418b2240ee0b2c206bdf,"[[""rotowire"", ""14794""]]",matched,Alex Lange,p_c3234d25b2dd20cd6e385c8d,pitcher,s_c85ff3d927682360ac9b421f,r_fb1ed5dc76fc8939cd1d080a,2026,RotoWire,KC
,"[[""rotowire"", ""16766""]]",unmatched,Justin Lange,p_692cf3c9cb02b8553be9498e,pitcher,s_5a084b90a3544b9717fb403b,r_fb1ed5dc76fc8939cd1d080a,2026,RotoWire,FA
,"[[""rotowire"", ""19694""]]",unmatched,L.P. Langevin,p_fb421d275b954b6da18dfecd,pitcher,s_849aaf88e007c12fb57c43c1,r_fb1ed5dc76fc8939cd1d080a,2026,RotoWire,KC
,"[[""rotowire"", ""20748""]]",unmatched,Miles Langhorne,p_7f9a05d779a349cafe97fb35,pitcher,s_7d3903b9c952fecd8370f790,r_fb1ed5dc76fc8939cd1d080a,2026,RotoWire,MIL
,"[[""rotowire"", ""17449""]]",unmatched,Cale Lansville,p_4e97a22fe12e71b4e9f8b43e,pitcher,s_32f9dc2850d03218fd082bb6,r_fb1ed5dc76fc8939cd1d080a,2026,RotoWire,SF
,"[[""rotowire"", ""20026""]]",unmatched,Sauryn Lao,p_fb9d1951d321827e77a39672,pitcher,s_5d233cf83fb10c7651874315,r_fb1ed5dc76fc8939cd1d080a,2026,RotoWire,FA
,"[[""rotowire"", ""19151""]]",unmatched,Jhancarlos Lara,p_230e8422d24d5896c4c0a42c,pitcher,s_6c3e36c8fe70a0433451ebc8,r_fb1ed5dc76fc8939cd1d080a,2026,RotoWire,ATL
,"[[""rotowire"", ""16333""]]",unmatched,Andry Lara,p_77af33fe855b0d9d18f47cf5,pitcher,s_9130a133ea32770fc6c709fb,r_fb1ed5dc76fc8939cd1d080a,2026,RotoWire,WSH
,"[[""rotowire"", ""15234""]]",unmatched,Janser Lara,p_0bbe315455529509c9b8483a,pitcher,s_2fd024de7ed626a6fc7dab89,r_fb1ed5dc76fc8939cd1d080a,2026,RotoWire,FA
,"[[""rotowire"", ""19840""]]",unmatched,Cesar Lares,p_685dddaec09d8b4bc06000b4,pitcher,s_0392c8ad1e67c183d3207c13,r_fb1ed5dc76fc8939cd1d080a,2026,RotoWire,MIN
,"[[""rotowire"", ""15628""]]",unmatched,Denny Larrondo,p_d6e0b708cb214e9744ed27fc,pitcher,s_aff0063ca1532f36caaa4d02,r_fb1ed5dc76fc8939cd1d080a,2026,RotoWire,ARI
,"[[""rotowire"", ""17599""]]",unmatched,Kyle Larsen,p_3d3ff82cf7568ac81c6a7c19,pitcher,s_3a9a468ad33d9064ed83a7c9,r_fb1ed5dc76fc8939cd1d080a,2026,RotoWire,PIT
,"[[""rotowire"", ""14315""]]",unmatched,Adam Laskey,p_419ce787d203e24415a51628,pitcher,s_66565ec4712a9b3b6f102529,r_fb1ed5dc76fc8939cd1d080a,2026,RotoWire,COL
s_066d44eb094984f3d5db4814,"[[""rotowire"", ""17100""]]",matched,Jacob Latz,p_2c26e1db411b6f9ae4a8f391,pitcher,s_a2abd9de6017f10914f70bb2,r_fb1ed5dc76fc8939cd1d080a,2026,RotoWire,TEX
s_8be3dad7f3962e0157098239,"[[""rotowire"", ""14263""]]",matched,Eric Lauer,p_406202e17ebfe7ebc319947f,pitcher,s_6fa48f908fdb2dec7ee68d33,r_fb1ed5dc76fc8939cd1d080a,2026,RotoWire,TOR
s_f85a59b9fb229d779a9a400a,"[[""rotowire"", ""19254""]]",matched,Nate Lavender,p_26d80183aee34c4a22d05a16,pitcher,s_f0c10b74474e3d4482c9c3c8,r_fb1ed5dc76fc8939cd1d080a,2026,RotoWire,NYM
s_538582d92b0c9ea9479ddb40,"[[""rotowire"", ""13283""]]",matched,Derek Law,p_4cc8481b752dd06c66c19299,pitcher,s_c4bf0d1f6ef103876f72eaec,r_fb1ed5dc76fc8939cd1d080a,2026,RotoWire,ARI
s_e0f41c292996d7ef9fe22d76,"[[""rotowire"", ""18296""]]",matched,Cody Laweryson,p_8bace50f8abed453d2ef0ac3,pitcher,s_00992277f26cc6b145bd209f,r_fb1ed5dc76fc8939cd1d080a,2026,RotoWire,MIN
,"[[""rotowire"", ""14590""]]",unmatched,Casey Lawrence,p_d8d53e9e8636ecf6680932fb,pitcher,s_d61b0879ebea5d7836f8f65c,r_fb1ed5dc76fc8939cd1d080a,2026,RotoWire,SEA
s_c4ef24d713f9a02e15fc4c0b,"[[""rotowire"", ""15785""]]",matched,Justin Lawrence,p_053b89527a245babaa9de7f9,pitcher,s_abc663cedaab9a5e08f5bbb6,r_fb1ed5dc76fc8939cd1d080a,2026,RotoWire,PIT
,"[[""rotowire"", ""14317""]]",unmatched,Reggie Lawson,p_98756216b3659877cc44cffc,pitcher,s_d529dd5d36c1436b940368ab,r_fb1ed5dc76fc8939cd1d080a,2026,RotoWire,FA
s_f37f9e635d895700756155bf,"[[""rotowire"", ""16027""]]",matched,Max Lazar,p_adde69a5f07d2ac65191bd61,pitcher,s_a77fadaa47f0e121689e7ea8,r_fb1ed5dc76fc8939cd1d080a,2026,RotoWire,PHI
,"[[""rotowire"", ""20549""]]",unmatched,Hudson Leach,p_6b1130487e89c80634c61939,pitcher,s_637d2810251415686f66e6dc,r_fb1ed5dc76fc8939cd1d080a,2026,RotoWire,HOU
s_3294bc5ef7dc0ed18b96ab82,"[[""rotowire"", ""18354""]]",matched,Kyle Leahy,p_8d0b8540a9345dbadb133c54,pitcher,s_aa6c899e2bd6338888522a35,r_fb1ed5dc76fc8939cd1d080a,2026,RotoWire,STL
,"[[""rotowire"", ""20004""]]",unmatched,Erick Leal,p_233c2d087376abeae9e0671f,pitcher,s_0aa23af523b49ae5086f216d,r_fb1ed5dc76fc8939cd1d080a,2026,RotoWire,FA
,"[[""rotowire"", ""16814""]]",unmatched,Jackson Leath,p_0a8374faa2db930e1f77e26a,pitcher,s_5e1a5b30dd7eacfd79503422,r_fb1ed5dc76fc8939cd1d080a,2026,RotoWire,FA
,"[[""rotowire"", ""14106""]]",unmatched,Jose Leclerc,p_a882285ec2332d4e35f9aea6,pitcher,s_2b04d4d0749d1d914d5beb57,r_fb1ed5dc76fc8939cd1d080a,2026,RotoWire,FA
s_d7bc29b721f58971d9ae9f24,"[[""rotowire"", ""15964""]]",matched,Dylan Lee,p_3bdfe3d1215674f4accf5fdd,pitcher,s_3d213bcb3703204c3f82d111,r_fb1ed5dc76fc8939cd1d080a,2026,RotoWire,ATL
s_f09d22fd57be2b0cebad0f3f,"[[""rotowire"", ""17919""]]",matched,Chase Lee,p_5073c13edb903746d3e77b04,pitcher,s_3e2dad42d8e1d5d7bba307b2,r_fb1ed5dc76fc8939cd1d080a,2026,RotoWire,TOR
,"[[""rotowire"", ""17644""]]",unmatched,Evan Lee,p_e3aaca8f7ea1a7411ebc4a76,pitcher,s_f36a92a5be15107d5008cc92,r_fb1ed5dc76fc8939cd1d080a,2026,RotoWire,FA
,"[[""rotowire"", ""16939""]]",unmatched,Ben Leeper,p_3b58f3e785071e4432f3c1c4,pitcher,s_24a7b57911834f02bd944493,r_fb1ed5dc76fc8939cd1d080a,2026,RotoWire,FA
,"[[""rotowire"", ""14938""]]",unmatched,Jack Leftwich,p_188baa2c85fe9124cc0ff9f4,pitcher,s_b83e7b053083fe199da02335,r_fb1ed5dc76fc8939cd1d080a,2026,RotoWire,CLE
s_8fb54dbdfeb92225291f6cfc,"[[""rotowire"", ""18272""]]",matched,Casey Legumina,p_0239f62f150fdc94718a08a1,pitcher,s_8a70c1c8238a9e1e6fdb1c0f,r_fb1ed5dc76fc8939cd1d080a,2026,RotoWire,SEA
s_5a820da20b14924a3a8c3bcf,"[[""rotowire"", ""15374""]]",matched,Brandon Leibrandt,p_983ea2317782126a9a51ed6d,pitcher,s_b493b0fcfea30f815606ec4e,r_fb1ed5dc76fc8939cd1d080a,2026,RotoWire,CIN
,"[[""rotowire"", ""13138""]]",unmatched,Dominic Leone,p_48daf3a6e4a07aaf03e5b9f5,pitcher,s_0dba53d4ec9da71d22de2857,r_fb1ed5dc76fc8939cd1d080a,2026,RotoWire,FA
,"[[""rotowire"", ""20453""]]",unmatched,Carlos Lequerica,p_afaca50363dcd273018fb32b,pitcher,s_357eb9c658bab2c51582a339,r_fb1ed5dc76fc8939cd1d080a,2026,RotoWire,DET
,"[[""rotowire"", ""17935""]]",unmatched,Dylan Lesko,p_a85c278cd0f19c52518c64c2,pitcher,s_e73341ca76767fcaa3b2a1aa,r_fb1ed5dc76fc8939cd1d080a,2026,RotoWire,TB
,"[[""rotowire"", ""18862""]]",unmatched,Bishop Letson,p_90f4555eb5d5eed5e13ca0b3,pitcher,s_fb6b00677dcf60cc8e420c1f,r_fb1ed5dc76fc8939cd1d080a,2026,RotoWire,MIL
,"[[""rotowire"", ""16388""]]",unmatched,Adam Leverett,p_b973ff7a3994506629e73b97,pitcher,s_bcf8c12d26a26bc14668e8f7,r_fb1ed5dc76fc8939cd1d080a,2026,RotoWire,SEA
,"[[""rotowire"", ""18789""]]",unmatched,Cory Lewis,p_34ecc4a349799a740e71fbf4,pitcher,s_f3e8268ea7b0e7db179cb997,r_fb1ed5dc76fc8939cd1d080a,2026,RotoWire,MIN
s_2b835f0d0ac7354cfa1f9af4,"[[""rotowire"", ""15399""]]",matched,Matthew Liberatore,p_c341da0c4ed0d8e6d65d1eab,pitcher,s_32f381d49fac301451117ba2,r_fb1ed5dc76fc8939cd1d080a,2026,RotoWire,STL
,"[[""rotowire"", ""16129""]]",unmatched,Michael Limoncelli,p_3c10cb55b5b10d772043d5bb,pitcher,s_89c759ea03c58728e8106328,r_fb1ed5dc76fc8939cd1d080a,2026,RotoWire,FA
,"[[""rotowire"", ""18810""]]",unmatched,Sheng-En Lin,p_b93b32b415e01f734614704d,pitcher,s_50d96b0366432d867449e2d7,r_fb1ed5dc76fc8939cd1d080a,2026,RotoWire,CIN
,"[[""rotowire"", ""19866""]]",unmatched,Chen-Wei Lin,p_e9e6d4ec599a13db6a5ea137,pitcher,s_50f03567e7b3a3e1115e9669,r_fb1ed5dc76fc8939cd1d080a,2026,RotoWire,STL
,"[[""rotowire"", ""18232""]]",unmatched,Yu-Min Lin,p_3c746ef3253b34e45e23153d,pitcher,s_f12f7fad9722eedca95311a5,r_fb1ed5dc76fc8939cd1d080a,2026,RotoWire,ARI
,"[[""rotowire"", ""20117""]]",unmatched,Wei-En Lin,p_391a6dc4e36b5bab9a4943a4,pitcher,s_90e0b8580afe758f3654709f,r_fb1ed5dc76fc8939cd1d080a,2026,RotoWire,ATH
,"[[""rotowire"", ""20083""]]",unmatched,Sean Paul Linan,p_54070316f09957a7eb2bbb4b,pitcher,s_9e004dae3456cc4166ff3bdf,r_fb1ed5dc76fc8939cd1d080a,2026,RotoWire,WSH
,"[[""rotowire"", ""18708""]]",unmatched,Jeff Lindgren,p_e8afe5bafbfd0e22b41c2b28,pitcher,s_53b27c1ea0aa023e671253bd,r_fb1ed5dc76fc8939cd1d080a,2026,RotoWire,MIA
,"[[""rotowire"", ""18876""]]",unmatched,Andrew Lindsey,p_96634ba7ed71a43bc9b76a0d,pitcher,s_db1e6b06fcd20a9a6e98c309,r_fb1ed5dc76fc8939cd1d080a,2026,RotoWire,TB
,"[[""rotowire"", ""19947""]]",unmatched,Matthew Linskey,p_fe478d72b6ef0ce0b1f8752f,pitcher,s_76754bb0c0be3541c95d506a,r_fb1ed5dc76fc8939cd1d080a,2026,RotoWire,HOU
,"[[""rotowire"", ""14609""]]",unmatched,Jesus Liranzo,p_969eb503158375f1011b92fb,pitcher,s_30fe35b755fe2d128bfa6a23,r_fb1ed5dc76fc8939cd1d080a,2026,RotoWire,MIL
s_f71cb0c3683580ea55982b0c,"[[""rotowire"", ""14992""]]",matched,Zack Littell,p_9cca23a301a8a13d00cd6848,pitcher,s_1bb534188bb0c42643005736,r_fb1ed5dc76fc8939cd1d080a,2026,RotoWire,WSH
s_6e489a6b98b1f9a5fdaf3f52,"[[""rotowire"", ""14796""]]",matched,Brendon Little,p_6ee049f492a3325cbfb8d052,pitcher,s_689a19e85246a11c0a925243,r_fb1ed5dc76fc8939cd1d080a,2026,RotoWire,TOR
,"[[""rotowire"", ""16207""]]",unmatched,Jack Little,p_fba9872a537cbc90494bfcbb,pitcher,s_a370e9ca516554731a011057,r_fb1ed5dc76fc8939cd1d080a,2026,RotoWire,DET
s_a4ef6286c8b1bb4fdaf6e98f,"[[""rotowire"", ""16841""]]",matched,Luke Little,p_7f797197ac1a11a7b3421d1b,pitcher,s_3a77d4e6e0beae44c95b9f14,r_fb1ed5dc76fc8939cd1d080a,2026,RotoWire,CHC
,"[[""rotowire"", ""16486""]]",unmatched,Chih-Jung Liu,p_1d643666ef9740eece03f486,pitcher,s_565daaf68bf08bed17fcd99a,r_fb1ed5dc76fc8939cd1d080a,2026,RotoWire,BOS
,"[[""rotowire"", ""13215""]]",unmatched,Ben Lively,p_4b5cf5b09427a2ddf59454fc,pitcher,s_d94ff27d8ad88f2acd0d705a,r_fb1ed5dc76fc8939cd1d080a,2026,RotoWire,CLE
,"[[""rotowire"", ""16784""]]",unmatched,Victor Lizarraga,p_018e04a7321d4c1a098c590b,pitcher,s_71fc62fa2ef785a5f963a1db,r_fb1ed5dc76fc8939cd1d080a,2026,RotoWire,SD
,"[[""rotowire"", ""14707""]]",unmatched,Mauricio Llovera,p_4a82fbc6283dd8f48ba40bf8,pitcher,s_85aaecc8dbfe93539299465e,r_fb1ed5dc76fc8939cd1d080a,2026,RotoWire,SEA
s_5c1dd7c58e6574992a5be631,"[[""rotowire"", ""15256""]]",matched,Jonathan Loaisiga,p_65fdc9dc74636837b2495384,pitcher,s_e588915197b497c68dcc5efa,r_fb1ed5dc76fc8939cd1d080a,2026,RotoWire,ARI
,"[[""rotowire"", ""19743""]]",unmatched,Ryan Lobus,p_5661fa7ad4e466fe94f1ce84,pitcher,s_3d0ef0389fff33c088481c75,r_fb1ed5dc76fc8939cd1d080a,2026,RotoWire,TEX
,"[[""rotowire"", ""19774""]]",unmatched,Lael Lockhart,p_bad385a0b0e71219f472e58a,pitcher,s_baf9ff2edc7f2ce7e370fc46,r_fb1ed5dc76fc8939cd1d080a,2026,RotoWire,DET
,"[[""rotowire"", ""16378""]]",unmatched,Nick Lockhart,p_7abbd221efa4fcf67c3539d0,pitcher,s_994b642d65e0a0a8868b30e8,r_fb1ed5dc76fc8939cd1d080a,2026,RotoWire,FA
s_32a30bc6d116cf7532b1fb3c,"[[""rotowire"", ""14305""]]",matched,Nick Lodolo,p_87ce29e2ae2416664b1444de,pitcher,s_44cde47a7e08d61f66c53e5b,r_fb1ed5dc76fc8939cd1d080a,2026,RotoWire,CIN
,"[[""rotowire"", ""17108""]]",unmatched,Conner Loeprich,p_786cf75e63b0b92f9e3f3037,pitcher,s_1abd23187160d185d38592a3,r_fb1ed5dc76fc8939cd1d080a,2026,RotoWire,FA
,"[[""rotowire"", ""16914""]]",unmatched,Carter Loewen,p_94b0f5ea166284f8c575105c,pitcher,s_6fc3ff54b1b6a61fa3dc946e,r_fb1ed5dc76fc8939cd1d080a,2026,RotoWire,FA
,"[[""rotowire"", ""17296""]]",unmatched,Zach Logue,p_36300c158863b63bbfa3613d,pitcher,s_e6e592d39f1e2f07a3188913,r_fb1ed5dc76fc8939cd1d080a,2026,RotoWire,FA
,"[[""rotowire"", ""18574""]]",unmatched,Ryan Long,p_fe051b8ab6e4f21943d594ce,pitcher,s_e988e9d097cf1742df408516,r_fb1ed5dc76fc8939cd1d080a,2026,RotoWire,BAL
,"[[""rotowire"", ""17122""]]",unmatched,Sam Long,p_91748ec3a4fb9543ad6e456e,pitcher,s_f5696251098d3dbba6bbadbd,r_fb1ed5dc76fc8939cd1d080a,2026,RotoWire,FA
s_ee55af05d035720abe9766e4,"[[""rotowire"", ""14917""]]",matched,Seth Lonsway,p_fdb4b031a99eefb57ba56cc4,pitcher,s_c1817eb49f54be402d083896,r_fb1ed5dc76fc8939cd1d080a,2026,RotoWire,SF
,"[[""rotowire"", ""15116""]]",unmatched,Pablo Lopez,p_3f6b96f16faf2d5c1aa44e0a,pitcher,s_2afc4664e0d8d9621e0a75a0,r_fb1ed5dc76fc8939cd1d080a,2026,RotoWire,MIN
s_d7464dfd0d910fcf2cd91f09,"[[""rotowire"", ""13612""]]",matched,Reynaldo Lopez,p_865cf7963df08564ce6cc619,pitcher,s_bcfec87573a4ca9da3c877d1,r_fb1ed5dc76fc8939cd1d080a,2026,RotoWire,ATL
,"[[""rotowire"", ""12200""]]",unmatched,Jorge Lopez,p_85531f0435fe2167b6bec63d,pitcher,s_970803216d6d02a079e18983,r_fb1ed5dc76fc8939cd1d080a,2026,RotoWire,FA
s_0ef427b351e3ef5cb73b3d08,"[[""rotowire"", ""17639""]]",matched,Jacob Lopez,p_17cd91dbd7209eb72b5b0bc1,pitcher,s_831e4a1349915fcbb8fec782,r_fb1ed5dc76fc8939cd1d080a,2026,RotoWire,ATH
,"[[""rotowire"", ""18794""]]",unmatched,Leandro Lopez,p_eb7877d0c96300e50b1b4658,pitcher,s_6f159b9e4a2ab649a2714dfe,r_fb1ed5dc76fc8939cd1d080a,2026,RotoWire,TEX
,"[[""rotowire"", ""19388""]]",unmatched,Nestor Lorant,p_d7aee0ca179d13361c4c7534,pitcher,s_158ec06158fb6144a8f7e0bb,r_fb1ed5dc76fc8939cd1d080a,2026,RotoWire,CIN
s_e1bdd0c9353982e5c632674a,"[[""rotowire"", ""19496""]]",matched,Brad Lord,p_0be188f9e14bb7f25e2107af,pitcher,s_c23201930ed51b249eebbd09,r_fb1ed5dc76fc8939cd1d080a,2026,RotoWire,WSH
,"[[""rotowire"", ""18953""]]",unmatched,Kiefer Lord,p_ae433179cb87654666c3597f,pitcher,s_300169be2cc8196e985c85a2,r_fb1ed5dc76fc8939cd1d080a,2026,RotoWire,BAL
,"[[""rotowire"", ""20742""]]",unmatched,David Lorduy,p_54e215213d728a68e7df3756,pitcher,s_521fdca629a62635eadb0d21,r_fb1ed5dc76fc8939cd1d080a,2026,RotoWire,FA
s_fffce9137169c161c7efabb6,"[[""rotowire"", ""11605""]]",matched,Michael Lorenzen,p_dbe5f8eba79f31ae2fbbef12,pitcher,s_03ab08703f8f7e0db997abe2,r_fb1ed5dc76fc8939cd1d080a,2026,RotoWire,COL
,"[[""rotowire"", ""17426""]]",unmatched,Austin Love,p_f5d2e0d85e6a04388c9cc664,pitcher,s_698caa3103d15243ba505103,r_fb1ed5dc76fc8939cd1d080a,2026,RotoWire,STL
s_e49d3e70fdf88d177eb36265,"[[""rotowire"", ""15364""]]",matched,Richard Lovelady,p_03939d9f4f366462a86d6720,pitcher,s_adbd090f648ffa2618835255,r_fb1ed5dc76fc8939cd1d080a,2026,RotoWire,NYM
s_5d1c3db6395373ff859c6ccf,"[[""rotowire"", ""18854""]]",matched,Rhett Lowder,p_ed0b1e6b85550910ed5ae415,pitcher,s_458e5cad0de0c0c6da6a2e64,r_fb1ed5dc76fc8939cd1d080a,2026,RotoWire,CIN
,"[[""rotowire"", ""18742""]]",unmatched,Isaiah Lowe,p_943eebd5232646dea10457c4,pitcher,s_f2c97076e88ec16f6e7122d5,r_fb1ed5dc76fc8939cd1d080a,2026,RotoWire,SD
,"[[""rotowire"", ""16505""]]",unmatched,Easton Lucas,p_022a47af63aded318f018d95,pitcher,s_2449ec115f0a055384704da6,r_fb1ed5dc76fc8939cd1d080a,2026,RotoWire,FA
s_6c2bc9d84eb88e44e5db4fc0,"[[""rotowire"", ""14378""]]",matched,Joey Lucchesi,p_6fc12edf18996e0f7e6f48b7,pitcher,s_803b3ebc6b2c9fc8700d077a,r_fb1ed5dc76fc8939cd1d080a,2026,RotoWire,SF
,"[[""rotowire"", ""12360""]]",unmatched,Lucas Luetge,p_ef951a58ad9232c9a13f20ed,pitcher,s_26cf5b3f6556bd6ca544c1c2,r_fb1ed5dc76fc8939cd1d080a,2026,RotoWire,FA
s_ffd14e86e50e8534d21644fc,"[[""rotowire"", ""14095""]]",matched,Seth Lugo,p_cb0a1ee1967dcd5a0313f1f4,pitcher,s_d81b0a1d00a0142fe841e791,r_fb1ed5dc76fc8939cd1d080a,2026,RotoWire,KC
,"[[""rotowire"", ""16382""]]",unmatched,Connor Lunn,p_8d0facd26d7e3f0e2cd123b7,pitcher,s_c7981a21220b2f4a88291e12,r_fb1ed5dc76fc8939cd1d080a,2026,RotoWire,TB
s_1c974d0b9365187f3bc1a95d,"[[""rotowire"", ""14304""]]",matched,Jesus Luzardo,p_e0efd3ededa73ca4e4f7ca65,pitcher,s_9371381726bb9daf1d7968aa,r_fb1ed5dc76fc8939cd1d080a,2026,RotoWire,PHI
,"[[""rotowire"", ""10528""]]",unmatched,Jordan Lyles,p_b3a7c5aed16fde1a1c9646ab,pitcher,s_a40cef6323c25940c95ea132,r_fb1ed5dc76fc8939cd1d080a,2026,RotoWire,FA
s_a9bab227fd98eaeaa0d03ce4,"[[""rotowire"", ""15477""]]",matched,Daniel Lynch IV,p_d031ef31b9165ade2a07de8a,pitcher,s_20010eee18ad64610117070b,r_fb1ed5dc76fc8939cd1d080a,2026,RotoWire,KC
,"[[""rotowire"", ""10504""]]",unmatched,Lance Lynn,p_1c9ce5d33c1c9e8c3cbb9d38,pitcher,s_ef8a86db239210d2e7a2225d,r_fb1ed5dc76fc8939cd1d080a,2026,RotoWire,FA
,"[[""rotowire"", ""20563""]]",unmatched,Isaac Lyon,p_55710be07a36f02d69eebfcb,pitcher,s_e44f00722cb4941e8ca5b9e0,r_fb1ed5dc76fc8939cd1d080a,2026,RotoWire,WSH
,"[[""rotowire"", ""16767""]]",unmatched,Tommy Mace,p_0c69c82e60a9458cfee9a58c,pitcher,s_9d37a6f40cda1ca8baa8a82e,r_fb1ed5dc76fc8939cd1d080a,2026,RotoWire,CLE
,"[[""rotowire"", ""14353""]]",unmatched,Travis MacGregor,p_aff9685bbd13d158c89ed681,pitcher,s_525808def263ffa1f9d37d72,r_fb1ed5dc76fc8939cd1d080a,2026,RotoWire,NYY
,"[[""rotowire"", ""19350""]]",unmatched,Josh Maciejewski,p_c2f825782549448d2bd32bf4,pitcher,s_4fd88dcebb4a5938999e7c45,r_fb1ed5dc76fc8939cd1d080a,2026,RotoWire,MIL
s_cdcdd399c420debc38b079b5,"[[""rotowire"", ""17203""]]",matched,Adam Macko,p_0b1f482f502ee0715ad2818d,pitcher,s_a22525f77e5f20c8a95b5083,r_fb1ed5dc76fc8939cd1d080a,2026,RotoWire,TOR
,"[[""rotowire"", ""16867""]]",unmatched,Dylan MacLean,p_5f98ad3228196da37a672647,pitcher,s_9172218b2432740fea74be5e,r_fb1ed5dc76fc8939cd1d080a,2026,RotoWire,TEX
,"[[""rotowire"", ""17371""]]",unmatched,Christian MacLeod,p_b61ff865285c9c06ae300469,pitcher,s_926f7c940e690cad022a9240,r_fb1ed5dc76fc8939cd1d080a,2026,RotoWire,MIN
,"[[""rotowire"", ""18005""]]",unmatched,Jake Madden,p_095bb27df9107d267d8af5e4,pitcher,s_7386042173370df972933e13,r_fb1ed5dc76fc8939cd1d080a,2026,RotoWire,COL
,"[[""rotowire"", ""16002""]]",unmatched,Ben Madison,p_5adacdf972a2463d9c1d1886,pitcher,s_079000c8afd6011672d9e559,r_fb1ed5dc76fc8939cd1d080a,2026,RotoWire,SF
,"[[""rotowire"", ""12051""]]",unmatched,Kenta Maeda,p_74b20b99d57a6b4b6dcedc0b,pitcher,s_02625aabfba675b3f8760c72,r_fb1ed5dc76fc8939cd1d080a,2026,RotoWire,FA
,"[[""rotowire"", ""20559""]]",unmatched,Andrew Magno,p_94624c4fbe1e35eb52d0d845,pitcher,s_d1c704f47c6689caf52348b5,r_fb1ed5dc76fc8939cd1d080a,2026,RotoWire,BAL
s_258ff828c75992487ec56f47,"[[""rotowire"", ""14058""]]",matched,Tyler Mahle,p_e68383f7b94770edd764c7c7,pitcher,s_d476b70dd1b7cc0232ecfb2a,r_fb1ed5dc76fc8939cd1d080a,2026,RotoWire,SF
,"[[""rotowire"", ""18752""]]",unmatched,Adam Maier,p_62d34823bc0ba6948e54a0dc,pitcher,s_84d5671661a2d11735f61267,r_fb1ed5dc76fc8939cd1d080a,2026,RotoWire,ATL
,"[[""rotowire"", ""20099""]]",unmatched,Alex Makarewich,p_1770dfb55c4c1d87006eddae,pitcher,s_6810fb73d27e275bca2efd45,r_fb1ed5dc76fc8939cd1d080a,2026,RotoWire,LAD
,"[[""rotowire"", ""19860""]]",unmatched,Gerelmi Maldonado,p_261174bce6451e014695b096,pitcher,s_943fa0f56b1dca15fc4093d5,r_fb1ed5dc76fc8939cd1d080a,2026,RotoWire,SF
,"[[""rotowire"", ""17499""]]",unmatched,Nick Maldonado,p_ddaf2c870aeeab30560a0977,pitcher,s_272313bb7bde1fb12f452b74,r_fb1ed5dc76fc8939cd1d080a,2026,RotoWire,FA
,"[[""rotowire"", ""16055""]]",unmatched,Brennan Malone,p_cb6425d0b7d6af23effae25e,pitcher,s_17163ce114c91b85e5db43fe,r_fb1ed5dc76fc8939cd1d080a,2026,RotoWire,FA
s_d6d3d41aaaae5acedbe0374f,"[[""rotowire"", ""12948""]]",matched,Sean Manaea,p_64e8114493f21a3998e972c5,pitcher,s_ec36caff226008a5628d4055,r_fb1ed5dc76fc8939cd1d080a,2026,RotoWire,NYM
,"[[""rotowire"", ""19914""]]",unmatched,Joey Mancini,p_9e9381190d1033db545db87d,pitcher,s_d3d8672c8e36783332764792,r_fb1ed5dc76fc8939cd1d080a,2026,RotoWire,HOU
s_cbcdeb1e8eb667893c37eada,"[[""rotowire"", ""19916""]]",matched,Mark Manfredi,p_2803fe661b73a6e4bd4bfca4,pitcher,s_6150046e626bafbfb7dee9c9,r_fb1ed5dc76fc8939cd1d080a,2026,RotoWire,MIL
,"[[""rotowire"", ""14249""]]",unmatched,Matt Manning,p_11e4aedd9b039ed92ffac914,pitcher,s_5c2398c679b61274fd84efbf,r_fb1ed5dc76fc8939cd1d080a,2026,RotoWire,FA
,"[[""rotowire"", ""16822""]]",unmatched,Timmy Manning,p_3e8db02cae3aaf4a868c51cd,pitcher,s_bbd8a308f82c4b59bae127ae,r_fb1ed5dc76fc8939cd1d080a,2026,RotoWire,SF
s_b04d00e00e8efdc26cc5c753,"[[""rotowire"", ""16047""]]",matched,Alek Manoah,p_f30c390b26bea6c21a518118,pitcher,s_4aab1c9d9a8e00dffb131ac8,r_fb1ed5dc76fc8939cd1d080a,2026,RotoWire,LAA
s_8fb3e4ba5bb13a43cb7e818c,"[[""rotowire"", ""14542""]]",matched,Joe Mantiply,p_64b62a02d557250c812ea353,pitcher,s_cb3cd3290361fe5beab6d19a,r_fb1ed5dc76fc8939cd1d080a,2026,RotoWire,TOR
,"[[""rotowire"", ""17375""]]",unmatched,Landon Marceaux,p_ca5e9410043bd4ccb466f974,pitcher,s_a701b84e74fcda7e77c51398,r_fb1ed5dc76fc8939cd1d080a,2026,RotoWire,KC
,"[[""rotowire"", ""18730""]]",unmatched,Jorge Marcheco,p_285a5ab9f46bfac6132d59d7,pitcher,s_10b9c1b83a9b558f446065f5,r_fb1ed5dc76fc8939cd1d080a,2026,RotoWire,ATH
,"[[""rotowire"", ""15903""]]",unmatched,Nick Margevicius,p_2e9c58050cbc295c3d7f21a9,pitcher,s_60b2bedd34cc503c24b63064,r_fb1ed5dc76fc8939cd1d080a,2026,RotoWire,SF
s_9c706b591389e65869d5a5c9,"[[""rotowire"", ""17705""]]",matched,Ron Marinaccio,p_2114033616e8bab28176ff3b,pitcher,s_ea9e989c6c93c966fe28f2c9,r_fb1ed5dc76fc8939cd1d080a,2026,RotoWire,SD
,"[[""rotowire"", ""13224""]]",unmatched,Michael Mariot,p_a55fb31a3450ee4085c613bd,pitcher,s_0117d6e69463062a8beef636,r_fb1ed5dc76fc8939cd1d080a,2026,RotoWire,SEA
,"[[""rotowire"", ""17485""]]",unmatched,Jordan Marks,p_a3d9b61f58e9a9b353e0d322,pitcher,s_42055493bc295df47a6cb988,r_fb1ed5dc76fc8939cd1d080a,2026,RotoWire,DET
,"[[""rotowire"", ""18987""]]",unmatched,Landen Maroudis,p_b440969a0ae5027f661f108d,pitcher,s_2f86daaba7b3160bcc698683,r_fb1ed5dc76fc8939cd1d080a,2026,RotoWire,TOR
s_7f094dc105d17bdc5b4c3712,"[[""rotowire"", ""14109""]]",matched,German Marquez,p_5fad378e158b1cb676afef64,pitcher,s_fd46fd587a9eb8ff91f8000b,r_fb1ed5dc76fc8939cd1d080a,2026,RotoWire,SD
,"[[""rotowire"", ""20490""]]",unmatched,Ramon Marquez,p_35f123cedb2b0c8d79e9a87f,pitcher,s_df5507b386693f27574dad7f,r_fb1ed5dc76fc8939cd1d080a,2026,RotoWire,PHI
,"[[""rotowire"", ""20110""]]",unmatched,Chandler Marsh,p_e91482c05b858d46fd84079d,pitcher,s_6e1072660f0b93f44128d839,r_fb1ed5dc76fc8939cd1d080a,2026,RotoWire,BAL
,"[[""rotowire"", ""16137""]]",unmatched,Alec Marsh,p_62d8cc1fd9a19696b5c7bebc,pitcher,s_4eb59b87df5a912a8a2eed09,r_fb1ed5dc76fc8939cd1d080a,2026,RotoWire,KC
,"[[""rotowire"", ""19906""]]",unmatched,Shane Marshall,p_0d5718975aa7351a9f5fcce7,pitcher,s_3b1babb6d8f8e3f8af1ece18,r_fb1ed5dc76fc8939cd1d080a,2026,RotoWire,FA
,"[[""rotowire"", ""19842""]]",unmatched,Sabier Marte,p_68d34e037f5fe085adff393a,pitcher,s_1d6f308f945234300ed6883d,r_fb1ed5dc76fc8939cd1d080a,2026,RotoWire,NYY
,"[[""rotowire"", ""17273""]]",unmatched,Jose Marte,p_e130343fcdbbe90b2abc4c0a,pitcher,s_263eba1b1b5a04c2cc511b8f,r_fb1ed5dc76fc8939cd1d080a,2026,RotoWire,NYM
,"[[""rotowire"", ""20194""]]",unmatched,Colby Martin,p_171ba3eda5d1e48b522bc566,pitcher,s_8ddc88d6aa039ba813f2c9d9,r_fb1ed5dc76fc8939cd1d080a,2026,RotoWire,MIA
s_705943a90bce3bc4deefe9a8,"[[""rotowire"", ""20554""]]",matched,Riley Martin,p_148d2220e9c462a0b7e48358,pitcher,s_005ab9c456a393b48e084293,r_fb1ed5dc76fc8939cd1d080a,2026,RotoWire,CHC
,"[[""rotowire"", ""20550""]]",unmatched,Logan Martin,p_939d567883e5eece338d1ca8,pitcher,s_930b13e3e640d8fd1724079e,r_fb1ed5dc76fc8939cd1d080a,2026,RotoWire,SF
s_cd13bf7e8044c7d3f9b3834d,"[[""rotowire"", ""14871""]]",matched,Corbin Martin,p_2f7d0b281325531322ffa74b,pitcher,s_02ddd97443392829c75075a6,r_fb1ed5dc76fc8939cd1d080a,2026,RotoWire,CHC
s_64f06b6a793d5ab70572fc58,"[[""rotowire"", ""13275""]]",matched,Chris Martin,p_43e8e7de2aa77634ff94469d,pitcher,s_7c7ec015320082b37a905dd0,r_fb1ed5dc76fc8939cd1d080a,2026,RotoWire,TEX
s_f556295ab1fb01ac951d8aa5,"[[""rotowire"", ""17886""]]",matched,Davis Martin,p_61f4469f74d0edbc18e77e21,pitcher,s_62bfcd731ae1613eba509649,r_fb1ed5dc76fc8939cd1d080a,2026,RotoWire,CWS
s_1ac3066ee54bb6e06f4eb06d,"[[""rotowire"", ""18122""]]",matched,Trevor Martin,p_d9e002d9e27fd74ae27948f9,pitcher,s_d066070856611b07c507b947,r_fb1ed5dc76fc8939cd1d080a,2026,RotoWire,TB
,"[[""rotowire"", ""19020""]]",unmatched,Payton Martin,p_3d2b00a8503ec1eaadb0d472,pitcher,s_b622447a7d1dfe9e45fb7253,r_fb1ed5dc76fc8939cd1d080a,2026,RotoWire,LAD
,"[[""rotowire"", ""19281""]]",unmatched,Daniel Martinez,p_481c601748ff017c2c1ecc00,pitcher,s_516ef668eba1221a1a02e3a2,r_fb1ed5dc76fc8939cd1d080a,2026,RotoWire,FA
,"[[""rotowire"", ""19931""]]",unmatched,Robinson Martinez,p_2efc8a86be0cd794a8022b9e,pitcher,s_b386f5df8eef48f295133437,r_fb1ed5dc76fc8939cd1d080a,2026,RotoWire,BAL
,"[[""rotowire"", ""18163""]]",unmatched,Maximo Martinez,p_3025cf9dad2dbb12e196c776,pitcher,s_dbbc17036b48aa88d066f9ce,r_fb1ed5dc76fc8939cd1d080a,2026,RotoWire,CWS
,"[[""rotowire"", ""18345""]]",unmatched,Jeter Martinez,p_a2e54cfa9939f71eaf779460,pitcher,s_ad5381e9cc0c9d3a20aabc96,r_fb1ed5dc76fc8939cd1d080a,2026,RotoWire,PIT
s_b3fab9ada7651db7b598fdd3,"[[""rotowire"", ""17665""]]",matched,Seth Martinez,p_5cb301be76b7e1a69519280c,pitcher,s_b3e710904a554946d2bf0bd0,r_fb1ed5dc76fc8939cd1d080a,2026,RotoWire,BOS
s_ccb2e0348c1c7a13a74b09e3,"[[""rotowire"", ""12932""]]",matched,Nick Martinez,p_663ac2743b68ff849ac3f794,pitcher,s_1e23efd5555b7c77a825b669,r_fb1ed5dc76fc8939cd1d080a,2026,RotoWire,TB
,"[[""rotowire"", ""14424""]]",unmatched,Rodolfo Martinez,p_d35e0f8581946738bcf788fd,pitcher,s_5442fd224b799accde0b5d64,r_fb1ed5dc76fc8939cd1d080a,2026,RotoWire,FA
s_6cfeeb700313ffe12424c80d,"[[""rotowire"", ""16573""]]",matched,Justin Martinez,p_202088ef4fa208bc8e552f15,pitcher,s_19865bc454e8328006095b4e,r_fb1ed5dc76fc8939cd1d080a,2026,RotoWire,ARI
,"[[""rotowire"", ""20482""]]",unmatched,Liomar Martinez,p_ea093abbcbbd27d8d96ba3b4,pitcher,s_4dddc6a3c775c47c533392bc,r_fb1ed5dc76fc8939cd1d080a,2026,RotoWire,MIA
,"[[""rotowire"", ""20391""]]",unmatched,Keyner Martinez,p_79d5379d9c95d54bea01cfd6,pitcher,s_ac55b472999e1d6785842319,r_fb1ed5dc76fc8939cd1d080a,2026,RotoWire,SF
,"[[""rotowire"", ""14742""]]",unmatched,Bryan Mata,p_dfc25b3d70c1dc43303619c9,pitcher,s_071dd1383375d4d950edb03e,r_fb1ed5dc76fc8939cd1d080a,2026,RotoWire,FA
s_83fa3b11a00b6ca63ac3e8ca,"[[""rotowire"", ""18092""]]",matched,Quinn Mathews,p_a2aecebc9a8fffbbace22e46,pitcher,s_f1727d1a98bdd17869523989,r_fb1ed5dc76fc8939cd1d080a,2026,RotoWire,STL
,"[[""rotowire"", ""19303""]]",unmatched,David Matoma,p_9cb50b27bcf7fa9496a7fc78,pitcher,s_3d64fdc994d15d1b76e36c47,r_fb1ed5dc76fc8939cd1d080a,2026,RotoWire,PIT
s_219d444f478504f63b14c706,"[[""rotowire"", ""14994""]]",matched,Phil Maton,p_d92f2d27a75f27f0e8a8f9b3,pitcher,s_62aea82eab523c1df2a66991,r_fb1ed5dc76fc8939cd1d080a,2026,RotoWire,CHC
s_a2b4f3b531e95f12c0011e62,"[[""rotowire"", ""18458""]]",matched,Yuki Matsui,p_d5e07201a0f1d0cfa596e762,pitcher,s_2cda80acea8a998ce1337601,r_fb1ed5dc76fc8939cd1d080a,2026,RotoWire,SD
s_ecc03b8016bfd2fef87870df,"[[""rotowire"", ""18788""]]",matched,Zebby Matthews,p_61ca94d7e3be2cbafe733df9,pitcher,s_a5735acf8d7e139641369056,r_fb1ed5dc76fc8939cd1d080a,2026,RotoWire,MIN
,"[[""rotowire"", ""17557""]]",unmatched,Tyler Mattison,p_551fa264b1f7e583ef8758c2,pitcher,s_cd883f8b791a98ee7785995d,r_fb1ed5dc76fc8939cd1d080a,2026,RotoWire,DET
s_aaab3ca77976e3eb6b65a983,"[[""rotowire"", ""16508""]]",matched,Isaac Mattson,p_f4be239312e641d1fd5e879e,pitcher,s_fcfba9db239ebefdfb14008f,r_fb1ed5dc76fc8939cd1d080a,2026,RotoWire,PIT
s_8c734c1f3b9f618b637cd6ca,"[[""rotowire"", ""11012""]]",matched,Steven Matz,p_3dac456e39a26258f30d8eb6,pitcher,s_fdfbbb2d2605f35d7dc1b5dc,r_fb1ed5dc76fc8939cd1d080a,2026,RotoWire,TB
,"[[""rotowire"", ""10950""]]",unmatched,Tyler Matzek,p_b28716a06c47ecd76023490d,pitcher,s_4454c021ae78faf480a6f7ae,r_fb1ed5dc76fc8939cd1d080a,2026,RotoWire,FA
,"[[""rotowire"", ""17050""]]",unmatched,Chris Mauloni,p_2dba93c0e4efbf2129b69cf3,pitcher,s_ab83c29d0368aee7fe92da12,r_fb1ed5dc76fc8939cd1d080a,2026,RotoWire,FA
s_586659674efc3a3aad15c0eb,"[[""rotowire"", ""17982""]]",matched,Brycen Mautz,p_f20dbbcf8c772a03de7ec118,pitcher,s_57d8a6f5c4623a8e4c44a8ff,r_fb1ed5dc76fc8939cd1d080a,2026,RotoWire,STL
s_bd404bf0d453e08e4104e497,"[[""rotowire"", ""18099""]]",matched,Zach Maxwell,p_a76bce6d3d2ee7c00f12333d,pitcher,s_9b500f4a8aeddd080293abb7,r_fb1ed5dc76fc8939cd1d080a,2026,RotoWire,CIN
,"[[""rotowire"", ""19562""]]",unmatched,Aiden May,p_304c82b1ab1f5a0565734f36,pitcher,s_7eb1c1a1bea471a6f0c18ca2,r_fb1ed5dc76fc8939cd1d080a,2026,RotoWire,MIA
s_4dc68d8992d9a650b8c2eca3,"[[""rotowire"", ""14331""]]",matched,Dustin May,p_2043005deaaf8693e9eef0a1,pitcher,s_d648d3bcb37bcf3d26756083,r_fb1ed5dc76fc8939cd1d080a,2026,RotoWire,STL
,"[[""rotowire"", ""20033""]]",unmatched,Bryce Mayer,p_0c671d363f9dffc0f23f45c6,pitcher,s_de930747f70712582eee64bb,r_fb1ed5dc76fc8939cd1d080a,2026,RotoWire,HOU
,"[[""rotowire"", ""17216""]]",unmatched,Gunner Mayer,p_86d405d14707282f5029108f,pitcher,s_1a0a991be6c5808eea0ca075,r_fb1ed5dc76fc8939cd1d080a,2026,RotoWire,PHI
,"[[""rotowire"", ""13074""]]",unmatched,Mike Mayers,p_3cbfbe8f1d897443a13eb928,pitcher,s_09c1e5bf8d8195c64d0164f9,r_fb1ed5dc76fc8939cd1d080a,2026,RotoWire,FA
,"[[""rotowire"", ""19516""]]",unmatched,Kash Mayfield,p_f0b4bd55534dd31e5da94f2f,pitcher,s_72dcb4ad0d0774c712c9b6bd,r_fb1ed5dc76fc8939cd1d080a,2026,RotoWire,SD
s_d12d4b368b416ca3a05789ee,"[[""rotowire"", ""15168""]]",matched,Tim Mayza,p_61df43fce399be15228241c7,pitcher,s_c5ac4d59c8f4be6af4356c60,r_fb1ed5dc76fc8939cd1d080a,2026,RotoWire,PHI
,"[[""rotowire"", ""17969""]]",unmatched,Adam Mazur,p_474b86765aff2f081bf6d73e,pitcher,s_e0873867089448b8417a6c42,r_fb1ed5dc76fc8939cd1d080a,2026,RotoWire,MIA
,"[[""rotowire"", ""17215""]]",unmatched,James McArthur,p_42200d6c579c0f5f154c0961,pitcher,s_b10a5915403c69752ef94cf4,r_fb1ed5dc76fc8939cd1d080a,2026,RotoWire,KC
s_7a556af9ce106445a8fa7ac8,"[[""rotowire"", ""16876""]]",matched,Zach McCambley,p_8c68497d69c0faec32c31da4,pitcher,s_f75c8cb99712e09ccf59b81f,r_fb1ed5dc76fc8939cd1d080a,2026,RotoWire,PHI
,"[[""rotowire"", ""16977""]]",unmatched,DJ McCarty,p_87f1680d8711e94f40cb94db,pitcher,s_6c1dc534a8ecd226c296b45a,r_fb1ed5dc76fc8939cd1d080a,2026,RotoWire,TEX
,"[[""rotowire"", ""17581""]]",unmatched,Darren McCaughan,p_8b89ea9a1656d4f4956ecd7b,pitcher,s_53abcef637f829007fa7d660,r_fb1ed5dc76fc8939cd1d080a,2026,RotoWire,CIN
s_b48ab7cd76014530c2d2d3d8,"[[""rotowire"", ""15400""]]",matched,Shane McClanahan,p_aa82bbb9131dca9e098c8636,pitcher,s_ddc1a0c2ec3fa2ee946c5c0f,r_fb1ed5dc76fc8939cd1d080a,2026,RotoWire,TB
,"[[""rotowire"", ""15574""]]",unmatched,Kade McClure,p_e8412c361c7c5f1e4569ac3e,pitcher,s_2f6e9649d8cd1f820c508424,r_fb1ed5dc76fc8939cd1d080a,2026,RotoWire,FA
,"[[""rotowire"", ""18397""]]",unmatched,Tommy McCollum,p_4e2e74a3c9c7ea4224ff7012,pitcher,s_3cb156c7a857d29d788a03f3,r_fb1ed5dc76fc8939cd1d080a,2026,RotoWire,TB
s_7fb3ab22f77fbaea774d01e8,"[[""rotowire"", ""12459""]]",matched,Lance McCullers Jr.,p_3f747dc1e443a0eecfacc566,pitcher,s_ce79c399b5e5eec48d4dc3f1,r_fb1ed5dc76fc8939cd1d080a,2026,RotoWire,HOU
,"[[""rotowire"", ""18807""]]",unmatched,Brody McCullough,p_78da9be19545bf4b8b5a98fd,pitcher,s_02fb11accd96a93a1f29f176,r_fb1ed5dc76fc8939cd1d080a,2026,RotoWire,CHC
,"[[""rotowire"", ""15472""]]",unmatched,Garrett McDaniels,p_3715c25df4c1079026b3c2a4,pitcher,s_aa818c2a755861774a0f9a50,r_fb1ed5dc76fc8939cd1d080a,2026,RotoWire,LAD
s_37fb72e1e128204fec515f5d,"[[""rotowire"", ""16210""]]",matched,Trevor McDonald,p_c6a0ec40c899f7b2c1dfc7bf,pitcher,s_e2c5a7d8fb41e2f42f5ce180,r_fb1ed5dc76fc8939cd1d080a,2026,RotoWire,SF
,"[[""rotowire"", ""17569""]]",unmatched,Tanner McDougal,p_d11ff17fde8a3860a615b933,pitcher,s_b52dc96a863537a30be1fb3f,r_fb1ed5dc76fc8939cd1d080a,2026,RotoWire,CWS
,"[[""rotowire"", ""19306""]]",unmatched,Chris McElvain,p_c1a0fc854c39336ce03341ec,pitcher,s_02517dd07fecd10416a24d25,r_fb1ed5dc76fc8939cd1d080a,2026,RotoWire,TOR
,"[[""rotowire"", ""9961""]]",unmatched,T.J. McFarland,p_ebf87ec113e8b0f2ee8c9137,pitcher,s_0b6383b261863bf6ae122323,r_fb1ed5dc76fc8939cd1d080a,2026,RotoWire,FA
s_711ba1b827fc1de9f1c38bff,"[[""rotowire"", ""16149""]]",matched,Alex McFarlane,p_8551c7d8bbe875bb87b41ee4,pitcher,s_bc9dbbd275b479722bafbc6d,r_fb1ed5dc76fc8939cd1d080a,2026,RotoWire,PHI
,"[[""rotowire"", ""17574""]]",unmatched,Griff McGarry,p_5386b4916fdf82e76609715f,pitcher,s_8e85ea05d318e9aa2df6f242,r_fb1ed5dc76fc8939cd1d080a,2026,RotoWire,WSH
s_0f6c146841d3fa383227f535,"[[""rotowire"", ""14381""]]",matched,Easton McGee,p_bb5b45202cd0e3997a49a903,pitcher,s_ea2daa494604389bf5d254a8,r_fb1ed5dc76fc8939cd1d080a,2026,RotoWire,MIL
,"[[""rotowire"", ""12636""]]",unmatched,Scott McGough,p_1717f62465764e9d30864b06,pitcher,s_daa3743dcab43fc4f6ff936b,r_fb1ed5dc76fc8939cd1d080a,2026,RotoWire,FA
,"[[""rotowire"", ""19476""]]",unmatched,Trey McGough,p_21c874a0475b377d2380b353,pitcher,s_fe2324dff182bbefa8ec0f7e,r_fb1ed5dc76fc8939cd1d080a,2026,RotoWire,NYM
,"[[""rotowire"", ""17439""]]",unmatched,Bryce McGowan,p_724b67908f6bc4fde78a2204,pitcher,s_24002a0c4394df30015eac40,r_fb1ed5dc76fc8939cd1d080a,2026,RotoWire,COL
,"[[""rotowire"", ""17461""]]",unmatched,Christian McGowan,p_1fa69e95b6628a4564810b83,pitcher,s_2dbb507343703f61d518d311,r_fb1ed5dc76fc8939cd1d080a,2026,RotoWire,PHI
,"[[""rotowire"", ""14059""]]",unmatched,Kyle McGowin,p_025b9d319c5a412e4ccd7d0c,pitcher,s_638f8a31b6d2079d02396cee,r_fb1ed5dc76fc8939cd1d080a,2026,RotoWire,FA
,"[[""rotowire"", ""19008""]]",unmatched,Teddy McGraw,p_9f235d911a4759a8131ac8e1,pitcher,s_7fc1cfe1dbdd755c2baf01cd,r_fb1ed5dc76fc8939cd1d080a,2026,RotoWire,SEA
,"[[""rotowire"", ""19295""]]",unmatched,Tyler McKay,p_0513ebc897021c761cf9e070,pitcher,s_38f2a96fae062c743704c1f8,r_fb1ed5dc76fc8939cd1d080a,2026,RotoWire,FA
,"[[""rotowire"", ""14764""]]",unmatched,Brendan McKay,p_13f91c2c6a750d423308b548,pitcher,s_5cdd160d48b82a0da7982e1f,r_fb1ed5dc76fc8939cd1d080a,2026,RotoWire,FA
,"[[""rotowire"", ""18678""]]",unmatched,Evan McKendry,p_6b7925fa3577b0a273267862,pitcher,s_4d9152ff719e8fbb52fd5454,r_fb1ed5dc76fc8939cd1d080a,2026,RotoWire,MIA
,"[[""rotowire"", ""13856""]]",unmatched,Triston McKenzie,p_357a85c29d85f1c884799b6b,pitcher,s_ad0cb5fe510fa3995b15d317,r_fb1ed5dc76fc8939cd1d080a,2026,RotoWire,SD
s_378d602a4b7cbe4dc3ad0168,"[[""rotowire"", ""18063""]]",matched,Nolan McLean,p_7af86937f30ec89e1f92abe3,pitcher,s_0afdfb435d73a8678a29c908,r_fb1ed5dc76fc8939cd1d080a,2026,RotoWire,NYM
,"[[""rotowire"", ""18806""]]",unmatched,Trey McLoughlin,p_09f5e409d910b468e642af50,pitcher,s_df28f9519507a1b0b662247b,r_fb1ed5dc76fc8939cd1d080a,2026,RotoWire,HOU
,"[[""rotowire"", ""16585""]]",unmatched,Hunter McMahon,p_0b3a38833eef889d5c29cce2,pitcher,s_f55e5e4d49d6c85ec6e0ec19,r_fb1ed5dc76fc8939cd1d080a,2026,RotoWire,FA
,"[[""rotowire"", ""20138""]]",unmatched,Garrett McMillan,p_218555539a0fe95bd37ba610,pitcher,s_aed04e264bed5c9d9fd0d5f9,r_fb1ed5dc76fc8939cd1d080a,2026,RotoWire,PIT
,"[[""rotowire"", ""17008""]]",unmatched,John McMillon,p_3fc0897d6389ddfc28dbdf0c,pitcher,s_d8cb94ddb27376f317d8dd50,r_fb1ed5dc76fc8939cd1d080a,2026,RotoWire,PHI
,"[[""rotowire"", ""19967""]]",unmatched,Matt McShane,p_bb4a77e5ddf64e407f387e4d,pitcher,s_b3ff0cca95fdc06916794fd7,r_fb1ed5dc76fc8939cd1d080a,2026,RotoWire,BOS
,"[[""rotowire"", ""20510""]]",unmatched,Morgan McSweeney,p_6a5035c2d97717425a79ca3d,pitcher,s_bf560fe1ff40980384347a0c,r_fb1ed5dc76fc8939cd1d080a,2026,RotoWire,FA
,"[[""rotowire"", ""15381""]]",unmatched,Sam McWilliams,p_1d9bbee929fb504940fe6e9b,pitcher,s_0e34844067ef4508d85bfebb,r_fb1ed5dc76fc8939cd1d080a,2026,RotoWire,MIL
,"[[""rotowire"", ""19265""]]",unmatched,Xavier Meachem,p_48f96a98ea1435369fa5a996,pitcher,s_639142d8efd77fb60604b96e,r_fb1ed5dc76fc8939cd1d080a,2026,RotoWire,MIA
,"[[""rotowire"", ""15205""]]",unmatched,John Means,p_1bc96b69650b53d4181682ff,pitcher,s_00e787ed8dae89752241b8fe,r_fb1ed5dc76fc8939cd1d080a,2026,RotoWire,KC
s_f7b524d0a57f32d1d83bac94,"[[""rotowire"", ""17084""]]",matched,Nick Mears,p_4055fa9f7ca334fe33a26bfe,pitcher,s_1f78b2e232410f668089a197,r_fb1ed5dc76fc8939cd1d080a,2026,RotoWire,KC
,"[[""rotowire"", ""19542""]]",unmatched,Bryce Meccage,p_b33d7be3ad664cfdf89f4352,pitcher,s_3097be1cbdc2fea35a182628,r_fb1ed5dc76fc8939cd1d080a,2026,RotoWire,MIL
s_b64f40868402f400a4902a03,"[[""rotowire"", ""16727""]]",matched,Victor Mederos,p_9a77feb051159af9aee2063c,pitcher,s_f78685ae461085f2b2281b2b,r_fb1ed5dc76fc8939cd1d080a,2026,RotoWire,LAA
,"[[""rotowire"", ""14027""]]",unmatched,Adonis Medina,p_1056e303e69c97841582500d,pitcher,s_64b8b490e4b7e718fbf6dcf1,r_fb1ed5dc76fc8939cd1d080a,2026,RotoWire,FA
,"[[""rotowire"", ""19167""]]",unmatched,James Meeker,p_4f6399a656ba68475a8498ab,pitcher,s_bc756f203ce2652d7f473aad,r_fb1ed5dc76fc8939cd1d080a,2026,RotoWire,MIL
,"[[""rotowire"", ""17539""]]",unmatched,Tylor Megill,p_7ecdbe2c0870f558f16c0f62,pitcher,s_8106ef7bc2b4c04cee97e5dd,r_fb1ed5dc76fc8939cd1d080a,2026,RotoWire,NYM
s_d9c11b2c334374c66249b395,"[[""rotowire"", ""13466""]]",matched,Trevor Megill,p_c2e11e9b2895314b228d9143,pitcher,s_f86f46733910fda016017450,r_fb1ed5dc76fc8939cd1d080a,2026,RotoWire,MIL
,"[[""rotowire"", ""14146""]]",unmatched,Erick Mejia,p_b5ba2001614eff31cd69a699,pitcher,s_8465ed1e310bf11b15613beb,r_fb1ed5dc76fc8939cd1d080a,2026,RotoWire,WSH
,"[[""rotowire"", ""19293""]]",unmatched,Enmanuel Mejia,p_e6cfb838ca59b617087350f5,pitcher,s_adaa1dbaf4225ecea90ec904,r_fb1ed5dc76fc8939cd1d080a,2026,RotoWire,PHI
,"[[""rotowire"", ""19470""]]",unmatched,Ian Mejia,p_0a5c89eeb0bd6d0c75b78977,pitcher,s_502b6bf1652d06a84dad9078,r_fb1ed5dc76fc8939cd1d080a,2026,RotoWire,ATL
,"[[""rotowire"", ""17611""]]",unmatched,Jaime Melendez,p_ad782f0ea5d0e165a2892c2c,pitcher,s_f2b8d96313c86c337499bae1,r_fb1ed5dc76fc8939cd1d080a,2026,RotoWire,FA
,"[[""rotowire"", ""15807""]]",unmatched,Cristofer Melendez,p_45df125d9dfb91b9a17fd800,pitcher,s_482467f0e0662d6b7f195e80,r_fb1ed5dc76fc8939cd1d080a,2026,RotoWire,FA
s_c1e9014aef6a4154d2f46ad2,"[[""rotowire"", ""17420""]]",matched,Troy Melton,p_8f4d229bdbf5985172a873b9,pitcher,s_259f45aab501c882c8ec75df,r_fb1ed5dc76fc8939cd1d080a,2026,RotoWire,DET
,"[[""rotowire"", ""20140""]]",unmatched,Miguel Mendez,p_568fa30e90c4c8c3b7bec91f,pitcher,s_7d51b1091c43c3fcf3576c73,r_fb1ed5dc76fc8939cd1d080a,2026,RotoWire,SD
,"[[""rotowire"", ""15081""]]",unmatched,Damian Mendoza,p_9ec0188fa165570b329d7f73,pitcher,s_19503cef67c868093b0b5a54,r_fb1ed5dc76fc8939cd1d080a,2026,RotoWire,FA
,"[[""rotowire"", ""17720""]]",unmatched,Abdiel Mendoza,p_0ed0719f70788d32b724ae0e,pitcher,s_c28b8b2c86d1e20d05a0649a,r_fb1ed5dc76fc8939cd1d080a,2026,RotoWire,FA
,"[[""rotowire"", ""19937""]]",unmatched,Brayan Mendoza,p_76649286019f1e039044cbb9,pitcher,s_1ef40af1756d9dbfad842b06,r_fb1ed5dc76fc8939cd1d080a,2026,RotoWire,MIA
,"[[""rotowire"", ""18813""]]",unmatched,Jordarlin Mendoza,p_f4d48c1088f6ad7689cc8ade,pitcher,s_456739076184e6ea45a1e300,r_fb1ed5dc76fc8939cd1d080a,2026,RotoWire,NYY
,"[[""rotowire"", ""16582""]]",unmatched,Manuel Mercedes,p_cc676cb152fe23cbd7a0e0d3,pitcher,s_e339eff2e1548992fe0a4662,r_fb1ed5dc76fc8939cd1d080a,2026,RotoWire,SF
,"[[""rotowire"", ""20094""]]",unmatched,Nick Merkel,p_24eed63f119d429e64d650ae,pitcher,s_b37fc47ef1caa940e1e7ce31,r_fb1ed5dc76fc8939cd1d080a,2026,RotoWire,MIL
,"[[""rotowire"", ""17123""]]",unmatched,Matt Merrill,p_71751f3d1d7d7b6cc016d982,pitcher,s_ebcb3a1363259e39a8fad681,r_fb1ed5dc76fc8939cd1d080a,2026,RotoWire,FA
,"[[""rotowire"", ""15104""]]",unmatched,Julian Merryweather,p_46017178473b57a504f40f61,pitcher,s_2b15931ff671b33db30bcf0f,r_fb1ed5dc76fc8939cd1d080a,2026,RotoWire,MIN
s_cf2370cb00a2b5b2e04cf383,"[[""rotowire"", ""17968""]]",matched,Parker Messick,p_138ed44a822bb4b34b68d8d3,pitcher,s_75d8b5bbcdff73d2246a5406,r_fb1ed5dc76fc8939cd1d080a,2026,RotoWire,CLE
,"[[""rotowire"", ""18758""]]",unmatched,Zach Messinger,p_046b9f36617b9cf0c61be25e,pitcher,s_f36945bc9e8ab1b963a4377f,r_fb1ed5dc76fc8939cd1d080a,2026,RotoWire,NYY
s_cb5ae2ca743f8ec249798f5c,"[[""rotowire"", ""19810""]]",matched,Luis Mey,p_0101c7191284f9932160f01c,pitcher,s_36f8da32ea1e68f80503aa32,r_fb1ed5dc76fc8939cd1d080a,2026,RotoWire,CIN
,"[[""rotowire"", ""18858""]]",unmatched,Noble Meyer,p_89ef050cf4dabe07ce4ab3a2,pitcher,s_9aceaa3814c2f99d3d9edc7c,r_fb1ed5dc76fc8939cd1d080a,2026,RotoWire,MIA
s_9be1095ac038b0337502253f,"[[""rotowire"", ""16673""]]",matched,Max Meyer,p_947372bfc438cf39d3a30665,pitcher,s_03a8ce0a1969c5c825c40e19,r_fb1ed5dc76fc8939cd1d080a,2026,RotoWire,MIA
,"[[""rotowire"", ""13078""]]",unmatched,Keynan Middleton,p_366bbd7714e8e67367faf5ae,pitcher,s_2bddccc7e35e06e6b1e2df0f,r_fb1ed5dc76fc8939cd1d080a,2026,RotoWire,LAD
,"[[""rotowire"", ""17067""]]",unmatched,Jordan Mikel,p_ac4d23b6c4dc2166f089a7ed,pitcher,s_80a923586e819563c545757f,r_fb1ed5dc76fc8939cd1d080a,2026,RotoWire,CWS
,"[[""rotowire"", ""17779""]]",unmatched,Nick Mikolajchak,p_e2b1b8fa13caab61d47375fc,pitcher,s_90eb56f4acd519d8a24599b0,r_fb1ed5dc76fc8939cd1d080a,2026,RotoWire,FA
s_927392630db0b629dcb2e6f5,"[[""rotowire"", ""11177""]]",matched,Miles Mikolas,p_b13319e24b3552eff64d85bc,pitcher,s_5642c7fc2edc3038c7e6745f,r_fb1ed5dc76fc8939cd1d080a,2026,RotoWire,WSH
,"[[""rotowire"", ""16871""]]",unmatched,Matt Mikulski,p_5c75bce7a6b1bbc5170c37ce,pitcher,s_fd3fea299facaa772a5a7bbb,r_fb1ed5dc76fc8939cd1d080a,2026,RotoWire,FA
,"[[""rotowire"", ""17283""]]",unmatched,Bobby Milacki,p_b319af413d0ae3bd4b79d70f,pitcher,s_650f173d4dc4d976d8abbe40,r_fb1ed5dc76fc8939cd1d080a,2026,RotoWire,FA
,"[[""rotowire"", ""18001""]]",unmatched,Karson Milbrandt,p_da0680766e2c4216e428f1d4,pitcher,s_7ceddfe7603d6e872c97ee41,r_fb1ed5dc76fc8939cd1d080a,2026,RotoWire,MIA
s_441012175857a9a1d7221961,"[[""rotowire"", ""18133""]]",matched,Spencer Miles,p_d15a984c8351b109e14b2746,pitcher,s_7ff413166b1e391f0a596e70,r_fb1ed5dc76fc8939cd1d080a,2026,RotoWire,TOR
,"[[""rotowire"", ""10501""]]",unmatched,Wade Miley,p_a743e95c751b76805136d443,pitcher,s_b800a82f67650c34bc1bd28d,r_fb1ed5dc76fc8939cd1d080a,2026,RotoWire,FA
,"[[""rotowire"", ""10952""]]",unmatched,Shelby Miller,p_e19d9b502abd2d1b0b07ea2a,pitcher,s_cee13f813c5b483a577880d2,r_fb1ed5dc76fc8939cd1d080a,2026,RotoWire,CHC
,"[[""rotowire"", ""14392""]]",unmatched,Tyson Miller,p_795034c06f1ee2f1f37fe559,pitcher,s_4ab243a64aa4c5d7826ab4cf,r_fb1ed5dc76fc8939cd1d080a,2026,RotoWire,CWS
s_1ecab3102f999df2d7b9d443,"[[""rotowire"", ""16694""]]",matched,Bobby Miller,p_8c118f1cce2683232f54416f,pitcher,s_a4c2b5eeadf4cd19c00d474c,r_fb1ed5dc76fc8939cd1d080a,2026,RotoWire,LAD
,"[[""rotowire"", ""17962""]]",unmatched,Jacob Miller,p_8be4583788aa4e625d87c6cb,pitcher,s_62c65a8d3ae4c6858865cb2c,r_fb1ed5dc76fc8939cd1d080a,2026,RotoWire,MIA
s_63eb9c0f3133b738ca78a1b7,"[[""rotowire"", ""17377""]]",matched,Bryce Miller,p_6fd30c7531d5bc78103c740d,pitcher,s_1f308fb934eda4481b5d0411,r_fb1ed5dc76fc8939cd1d080a,2026,RotoWire,SEA
,"[[""rotowire"", ""17533""]]",unmatched,Troy Miller,p_8fa7a568cbaeabcd25438afd,pitcher,s_de448c7bda87e289f701d2fc,r_fb1ed5dc76fc8939cd1d080a,2026,RotoWire,FA
,"[[""rotowire"", ""18961""]]",unmatched,Cole Miller,p_5bf8180aa611c388ec78d42e,pitcher,s_57c1ff8648674e3c616b2352,r_fb1ed5dc76fc8939cd1d080a,2026,RotoWire,ATH
,"[[""rotowire"", ""19847""]]",unmatched,Ryan Miller,p_4fb0f00a859b3747c3330f8f,pitcher,s_14a55463020097f44390c3f5,r_fb1ed5dc76fc8939cd1d080a,2026,RotoWire,COL
,"[[""rotowire"", ""20526""]]",unmatched,Joe Miller,p_b6daf37490abb5bfd1377b13,pitcher,s_76e5e682c338b2f859c07f99,r_fb1ed5dc76fc8939cd1d080a,2026,RotoWire,DET
,"[[""rotowire"", ""17563""]]",unmatched,Zane Mills,p_6d8a926148c14d9d820670f6,pitcher,s_7cdbb103498f59ef9d492628,r_fb1ed5dc76fc8939cd1d080a,2026,RotoWire,CHC
s_daa48a21897c3d348430858f,"[[""rotowire"", ""15003""]]",matched,Wyatt Mills,p_b7736681fe0e03a5a6703dbb,pitcher,s_ea7b9963174ed0e92ff3caae,r_fb1ed5dc76fc8939cd1d080a,2026,RotoWire,LAD
s_2a490d03414b02b182fa38e1,"[[""rotowire"", ""12720""]]",matched,Hoby Milner,p_74d9cd5a911ee5ed93663d77,pitcher,s_fa4dd9cdb3232ef9b72e306b,r_fb1ed5dc76fc8939cd1d080a,2026,RotoWire,CHC
,"[[""rotowire"", ""18892""]]",unmatched,Camden Minacci,p_f9e31988b093c1c1c889e9db,pitcher,s_95228a86a47fb6cf003eb045,r_fb1ed5dc76fc8939cd1d080a,2026,RotoWire,LAA
s_06b98cc175ec5f4a78502ee6,"[[""rotowire"", ""13889""]]",matched,A.J. Minter,p_bb82cb6ed787b635d6d9a9bd,pitcher,s_51c9610913f9f9470ee24fc4,r_fb1ed5dc76fc8939cd1d080a,2026,RotoWire,NYM
,"[[""rotowire"", ""18768""]]",unmatched,Kevin Miranda,p_e0d985a0b5453b78ec616a1a,pitcher,s_d2ca1dadb70b37407f516e73,r_fb1ed5dc76fc8939cd1d080a,2026,RotoWire,TOR
,"[[""rotowire"", ""19893""]]",unmatched,Andrew Misiaszek,p_a22b85af3c0d828e825e31c2,pitcher,s_d00812de76aed9b98828f14e,r_fb1ed5dc76fc8939cd1d080a,2026,RotoWire,CLE
,"[[""rotowire"", ""17023""]]",unmatched,Anthony Misiewicz,p_ecff128ebd3bcb2627d0226e,pitcher,s_a79418e4a80af98fd95e7b2c,r_fb1ed5dc76fc8939cd1d080a,2026,RotoWire,CIN
s_f9afa966722999e7c31f49d5,"[[""rotowire"", ""16834""]]",matched,Jacob Misiorowski,p_5d9c98b0173958f4c189a129,pitcher,s_07e32912b397571f55a45e45,r_fb1ed5dc76fc8939cd1d080a,2026,RotoWire,MIL
,"[[""rotowire"", ""15037""]]",unmatched,Daniel Missaki,p_a4727c14136e3151787efff7,pitcher,s_7666bdd020d064b5507dd0e3,r_fb1ed5dc76fc8939cd1d080a,2026,RotoWire,TEX
s_9604e11c6951182c5a18eddf,"[[""rotowire"", ""15396""]]",matched,Casey Mize,p_8ed8dc08bf2fc22b7d5fdc9e,pitcher,s_007373e43b5e62aaf0640c9c,r_fb1ed5dc76fc8939cd1d080a,2026,RotoWire,DET
s_f7e29b597b3ff5a92c28a941,"[[""rotowire"", ""16695""]]",matched,Carmen Mlodzinski,p_de4f248f197b6ab7761cb09b,pitcher,s_fcc4edd9149c560668dabb7a,r_fb1ed5dc76fc8939cd1d080a,2026,RotoWire,PIT
,"[[""rotowire"", ""15952""]]",unmatched,Dalton Moats,p_a34f9ed3954781844b24c337,pitcher,s_bcf478c72108709d57117e1a,r_fb1ed5dc76fc8939cd1d080a,2026,RotoWire,CHC
,"[[""rotowire"", ""19559""]]",unmatched,Chase Mobley,p_49d8b6ffa01f4d083bb3d0c9,pitcher,s_4a889e3d02d8b5d04995a364,r_fb1ed5dc76fc8939cd1d080a,2026,RotoWire,CLE
,"[[""rotowire"", ""16794""]]",unmatched,Chris Mokma,p_df767bbbe8fc88e23c5177fd,pitcher,s_04246e50c6553f3f0b9bbd65,r_fb1ed5dc76fc8939cd1d080a,2026,RotoWire,FA
,"[[""rotowire"", ""19946""]]",unmatched,Mason Molina,p_70b688ae2b471ae9da07207d,pitcher,s_44921e0d8b4966a724e13a38,r_fb1ed5dc76fc8939cd1d080a,2026,RotoWire,STL
s_944750c59178827cb4cb08f5,"[[""rotowire"", ""13061""]]",matched,Sam Moll,p_e23cb32e39c22be655441929,pitcher,s_7a19dce9973cf299e818b416,r_fb1ed5dc76fc8939cd1d080a,2026,RotoWire,CIN
,"[[""rotowire"", ""19021""]]",unmatched,Yordanny Monegro,p_fbd764e4aea9fd17e97f1c80,pitcher,s_34b049c8c61dc13961f55663,r_fb1ed5dc76fc8939cd1d080a,2026,RotoWire,BOS
,"[[""rotowire"", ""20141""]]",unmatched,Blake Money,p_cbc3753186f926c694151c67,pitcher,s_0203deacb9e28acb1c357d87,r_fb1ed5dc76fc8939cd1d080a,2026,RotoWire,BAL
,"[[""rotowire"", ""19323""]]",unmatched,Joseph Montalvo,p_74ce39dfb41ebae67f849ea7,pitcher,s_ea42754b3725b4a6704829eb,r_fb1ed5dc76fc8939cd1d080a,2026,RotoWire,DET
,"[[""rotowire"", ""12845""]]",unmatched,Frankie Montas,p_068e7224bb054c1a9b281e8e,pitcher,s_18626b566fae93b53014986c,r_fb1ed5dc76fc8939cd1d080a,2026,RotoWire,FA
,"[[""rotowire"", ""12735""]]",unmatched,Rafael Montero,p_a8216ccda0a59c4e665e7874,pitcher,s_a5866b03e7fa6b0dd9ce18da,r_fb1ed5dc76fc8939cd1d080a,2026,RotoWire,NYY
,"[[""rotowire"", ""19792""]]",unmatched,Jose Montero,p_757695084631e1c6c02c8976,pitcher,s_10d76948ad380e9d17de7596,r_fb1ed5dc76fc8939cd1d080a,2026,RotoWire,CIN
,"[[""rotowire"", ""18393""]]",unmatched,Christian Montes De Oca,p_aaacaad7675c4a0e72c7aaf3,pitcher,s_2e7945d6844654d3ab938761,r_fb1ed5dc76fc8939cd1d080a,2026,RotoWire,FA
,"[[""rotowire"", ""14940""]]",unmatched,Bryce Montes de Oca,p_883ea3381240aa0fb1fa6c5a,pitcher,s_fe22972dc1ef57065b4e0fbf,r_fb1ed5dc76fc8939cd1d080a,2026,RotoWire,WSH
s_fe59d6e80d3ce5436890c7ab,"[[""rotowire"", ""18709""]]",matched,Patrick Monteverde,p_b81b76814081912b6c81cf9d,pitcher,s_bbb9b8bb7aea1cbfbb533653,r_fb1ed5dc76fc8939cd1d080a,2026,RotoWire,MIA
s_57f503e0c717b08def1bf4c7,"[[""rotowire"", ""13481""]]",matched,Jordan Montgomery,p_3b39342b8d03af7adee187b3,pitcher,s_67a495c69c2753d436ec1074,r_fb1ed5dc76fc8939cd1d080a,2026,RotoWire,TEX
,"[[""rotowire"", ""16700""]]",unmatched,Carson Montgomery,p_34f1daee7fd0e51d599b6677,pitcher,s_3451f30c28510c442dd967b1,r_fb1ed5dc76fc8939cd1d080a,2026,RotoWire,SD
,"[[""rotowire"", ""10179""]]",unmatched,Matt Moore,p_a74949d88b7daedac5120581,pitcher,s_0106013d55e8c7518572437e,r_fb1ed5dc76fc8939cd1d080a,2026,RotoWire,FA
,"[[""rotowire"", ""17816""]]",unmatched,McKinley Moore,p_22730a675c1b001fa308d08e,pitcher,s_c2b3c3e9baebe91cea033a9b,r_fb1ed5dc76fc8939cd1d080a,2026,RotoWire,FA
,"[[""rotowire"", ""20106""]]",unmatched,Wesley Moore,p_3340715e9688cfbd940a562c,pitcher,s_42655c15ebc83bb4b8cda721,r_fb1ed5dc76fc8939cd1d080a,2026,RotoWire,PHI
,"[[""rotowire"", ""20051""]]",unmatched,Brock Moore,p_7e189d8e305f0e1744542cca,pitcher,s_0efec631d98cdc08a6909473,r_fb1ed5dc76fc8939cd1d080a,2026,RotoWire,SEA
s_e59c4dea454056cd941e53e0,"[[""rotowire"", ""18307""]]",matched,Luis Morales,p_20987c55f1b40e76f29fef72,pitcher,s_ab2e1d4e2a51637fa895d44c,r_fb1ed5dc76fc8939cd1d080a,2026,RotoWire,ATH
,"[[""rotowire"", ""17394""]]",unmatched,Michael Morales,p_ba1d4226eac7e1aae6f57549,pitcher,s_7afe108606e9814faa5e868f,r_fb1ed5dc76fc8939cd1d080a,2026,RotoWire,SEA
,"[[""rotowire"", ""14437""]]",unmatched,Francisco Morales,p_ad9f68c3dfd83f376129ab93,pitcher,s_df4c1e45270b363a4f44b257,r_fb1ed5dc76fc8939cd1d080a,2026,RotoWire,FA
,"[[""rotowire"", ""11401""]]",unmatched,Brian Moran,p_611776abbe2976d46bd07c86,pitcher,s_58e3519ef31494b47f4b619e,r_fb1ed5dc76fc8939cd1d080a,2026,RotoWire,FA
s_a0d25192c164f0f6276a7dae,"[[""rotowire"", ""17604""]]",matched,Jovani Moran,p_3e5cfa913cc4f482344401c1,pitcher,s_981f3bb1f2de7068efd97e42,r_fb1ed5dc76fc8939cd1d080a,2026,RotoWire,BOS
s_3a580ddd72ac93d2736bec2a,"[[""rotowire"", ""14068""]]",matched,Adrian Morejon,p_c3b7cc93fd3c9b7f57a21594,pitcher,s_b91ca8fc62927722d94bc1f3,r_fb1ed5dc76fc8939cd1d080a,2026,RotoWire,SD
,"[[""rotowire"", ""15559""]]",unmatched,Yohanse Morel,p_34456d497ab72fd682b07402,pitcher,s_45574075e7e94dbd466f39e7,r_fb1ed5dc76fc8939cd1d080a,2026,RotoWire,FA
,"[[""rotowire"", ""15252""]]",unmatched,Gerson Moreno,p_e775ea04c67f6c7128b34c4a,pitcher,s_3f97aa7aa76d3365398be82a,r_fb1ed5dc76fc8939cd1d080a,2026,RotoWire,STL
,"[[""rotowire"", ""16902""]]",unmatched,Koen Moreno,p_a186a9aeb78533d9645c03b1,pitcher,s_e09b0ff940b47d183634e9c5,r_fb1ed5dc76fc8939cd1d080a,2026,RotoWire,CHC
,"[[""rotowire"", ""17632""]]",unmatched,Dauri Moreta,p_873e9a85cedbbe1ba2ccefc2,pitcher,s_f6ddddc95806a34f638677c6,r_fb1ed5dc76fc8939cd1d080a,2026,RotoWire,FA
,"[[""rotowire"", ""19796""]]",unmatched,Keeler Morfe,p_2e9fd110769cf521c6d3f17e,pitcher,s_d6e6ac79b692fc6bb65ab62f,r_fb1ed5dc76fc8939cd1d080a,2026,RotoWire,BAL
s_da7e5e0f748dff9f40a3caf7,"[[""rotowire"", ""19889""]]",matched,David Morgan,p_a6f79ef2ecc729073db83188,pitcher,s_53a6769393add960d4c7cf66,r_fb1ed5dc76fc8939cd1d080a,2026,RotoWire,SD
s_f73f661424727900a99cec18,"[[""rotowire"", ""15380""]]",matched,Eli Morgan,p_8ececb63a3f2cebed969a98d,pitcher,s_dcb3c3af531b2c3eeeb1b98f,r_fb1ed5dc76fc8939cd1d080a,2026,RotoWire,KC
,"[[""rotowire"", ""20012""]]",unmatched,Alfred Morillo,p_ac3175b49f43b208de9a4e9c,pitcher,s_f1648496785ef888759b5d44,r_fb1ed5dc76fc8939cd1d080a,2026,RotoWire,ARI
,"[[""rotowire"", ""16219""]]",unmatched,Nick Morreale,p_0fc180320ad4502c239055e1,pitcher,s_9f90ba3dc8ad59d19484f3a5,r_fb1ed5dc76fc8939cd1d080a,2026,RotoWire,SF
,"[[""rotowire"", ""16617""]]",unmatched,Cody Morris,p_c496bd4a5d60202aab762dc0,pitcher,s_be52c39ab12a0f33fc882992,r_fb1ed5dc76fc8939cd1d080a,2026,RotoWire,FA
s_093d108b5020f37eebeb48b9,"[[""rotowire"", ""18925""]]",matched,Kade Morris,p_23f9a55147310e8dec4f47a2,pitcher,s_92d986045456ede8a8f0c978,r_fb1ed5dc76fc8939cd1d080a,2026,RotoWire,ATH
s_168b6f08633077fab59f5789,"[[""rotowire"", ""18125""]]",matched,Andrew Morris,p_1ccbcea91d9f49d165cfb488,pitcher,s_8a3e2fce8c27e2b378be6db8,r_fb1ed5dc76fc8939cd1d080a,2026,RotoWire,MIN
,"[[""rotowire"", ""7945""]]",unmatched,Charlie Morton,p_eef46cfc49e692afb37dbd7f,pitcher,s_1ccae24fcb26aca68f8dfa25,r_fb1ed5dc76fc8939cd1d080a,2026,RotoWire,FA
,"[[""rotowire"", ""18684""]]",unmatched,Oddanier Mosqueda,p_43d4d57d5eb8e51b9cb80006,pitcher,s_6ba35c1885b73d4cdd838c02,r_fb1ed5dc76fc8939cd1d080a,2026,RotoWire,PIT
,"[[""rotowire"", ""19890""]]",unmatched,Gabe Mosser,p_74cbdf995815e83450dd4687,pitcher,s_e1ffe35747ee424919ee3198,r_fb1ed5dc76fc8939cd1d080a,2026,RotoWire,SEA
,"[[""rotowire"", ""17331""]]",unmatched,Frank Mozzicato,p_3f7c015ff0d442a1901ab6ab,pitcher,s_d6c80e31918eb64f27a4c228,r_fb1ed5dc76fc8939cd1d080a,2026,RotoWire,KC
,"[[""rotowire"", ""19006""]]",unmatched,Zander Mueth,p_52ac1590bccc3d2e7001d451,pitcher,s_3c08412da9a723b72966dee1,r_fb1ed5dc76fc8939cd1d080a,2026,RotoWire,PIT
,"[[""rotowire"", ""18006""]]",unmatched,Nazier Mule,p_701714e26f5f2f1613cb9772,pitcher,s_075749fd16c03da5c8806070,r_fb1ed5dc76fc8939cd1d080a,2026,RotoWire,CHC
,"[[""rotowire"", ""14254""]]",unmatched,Kyle Muller,p_ce81e10d29b1a634be3ea481,pitcher,s_a48b375f7df7aa4f1d403c3a,r_fb1ed5dc76fc8939cd1d080a,2026,RotoWire,FA
,"[[""rotowire"", ""19817""]]",unmatched,Hayden Mullins,p_d1541bab449024690ce4061b,pitcher,s_d3e2e84f81d88c05b2c21593,r_fb1ed5dc76fc8939cd1d080a,2026,RotoWire,BOS
s_0c9e910088840c14f5bcc559,"[[""rotowire"", ""19932""]]",matched,Rolddy Munoz,p_89e6e8eb0e7077ed03071a06,pitcher,s_e210e2f378debdbceebe5db9,r_fb1ed5dc76fc8939cd1d080a,2026,RotoWire,ATL
,"[[""rotowire"", ""18760""]]",unmatched,Jean Munoz,p_faa2b80f6cdaf60015d604e1,pitcher,s_3ebf50e0b7f12a1a4e63f373,r_fb1ed5dc76fc8939cd1d080a,2026,RotoWire,SEA
s_782637210643f5b322252dac,"[[""rotowire"", ""15238""]]",matched,Andres Munoz,p_c8fcbc835fb5f66a0bd0f41e,pitcher,s_f710a6c69e631fb5d53460e9,r_fb1ed5dc76fc8939cd1d080a,2026,RotoWire,SEA
s_0707281cee8a8214b9a969a8,"[[""rotowire"", ""17192""]]",matched,Noah Murdock,p_5c4336ee3ef73426afb4c6c2,pitcher,s_8cfa71211e862a3cd9aae0bd,r_fb1ed5dc76fc8939cd1d080a,2026,RotoWire,PIT
,"[[""rotowire"", ""17104""]]",unmatched,Penn Murfee,p_99be1f6c65672ddb89e36704,pitcher,s_794535612a4a558f1c0cf93d,r_fb1ed5dc76fc8939cd1d080a,2026,RotoWire,CWS
,"[[""rotowire"", ""16899""]]",unmatched,Ryan Murphy,p_34f0c3bc92b900d186a41000,pitcher,s_a73412eaa90851aa56f20373,r_fb1ed5dc76fc8939cd1d080a,2026,RotoWire,STL
s_bb358298de5f79bbc01e051f,"[[""rotowire"", ""16594""]]",matched,Chris Murphy,p_b71fbe75f62a06bbed6595ec,pitcher,s_1a30f62b302322daffa27ce3,r_fb1ed5dc76fc8939cd1d080a,2026,RotoWire,CWS
s_5628dc9b1ec663e189026a22,"[[""rotowire"", ""17965""]]",matched,Owen Murphy,p_e3f71882ebe26350f89c3813,pitcher,s_efe0166de035477255fa8aff,r_fb1ed5dc76fc8939cd1d080a,2026,RotoWire,ATL
s_93180e7f222a56091a37097e,"[[""rotowire"", ""17502""]]",matched,Luke Murphy,p_9adccc0a4017fa70e4b06f24,pitcher,s_9b20050e3dc2949517c86080,r_fb1ed5dc76fc8939cd1d080a,2026,RotoWire,LAA
,"[[""rotowire"", ""19877""]]",unmatched,Chandler Murphy,p_1176034c209c10b5f8a71ade,pitcher,s_3dc05adfaad87f6e6bf64e81,r_fb1ed5dc76fc8939cd1d080a,2026,RotoWire,TB
,"[[""rotowire"", ""20465""]]",unmatched,Shane Murphy,p_897a3a82b20935a11ee3ddde,pitcher,s_294d8e657476ea69837ddd3c,r_fb1ed5dc76fc8939cd1d080a,2026,RotoWire,CWS
s_8983db8c4182a35431c7bbf4,"[[""rotowire"", ""18214""]]",matched,Jayden Murray,p_fccb4591ce5767a04c76ef83,pitcher,s_a6de594bc4e1364c4eed3b7a,r_fb1ed5dc76fc8939cd1d080a,2026,RotoWire,HOU
,"[[""rotowire"", ""12185""]]",unmatched,Joe Musgrove,p_6b1df727707867d59dabf6fd,pitcher,s_5fd07444b993d832eed4b164,r_fb1ed5dc76fc8939cd1d080a,2026,RotoWire,SD
,"[[""rotowire"", ""20647""]]",unmatched,Tucker Musgrove,p_ab8e4e1fec6b7a1f452dd8a6,pitcher,s_e656617881e9dc886dbd6d23,r_fb1ed5dc76fc8939cd1d080a,2026,RotoWire,SD
s_c6c31f02a594d7ed0f0043d3,"[[""rotowire"", ""17855""]]",matched,Parker Mushinski,p_d291977287dccac53c171a63,pitcher,s_286fa2e51a845840a7fff176,r_fb1ed5dc76fc8939cd1d080a,2026,RotoWire,COL
,"[[""rotowire"", ""16007""]]",unmatched,Tanner Myatt,p_539822ed6cd9437286553016,pitcher,s_b8be5bb029d0997ce6760dba,r_fb1ed5dc76fc8939cd1d080a,2026,RotoWire,NYY
s_5ed9f6936123a60cb1a156e5,"[[""rotowire"", ""14720""]]",matched,Tobias Myers,p_2bd83f835d274b547829f07c,pitcher,s_932ba3637eeae9fbf5e3f7b1,r_fb1ed5dc76fc8939cd1d080a,2026,RotoWire,NYM
s_46c5a3b200868976942ffeff,"[[""rotowire"", ""17267""]]",matched,Tommy Nance,p_04895952d7d004fc8bb3f14b,pitcher,s_f8c85a2e2310235642e7caf7,r_fb1ed5dc76fc8939cd1d080a,2026,RotoWire,TOR
s_b308a3cb32c593ef8e2fa24f,"[[""rotowire"", ""18226""]]",matched,Andrew Nardi,p_222c356cfa14a6ec4cefc492,pitcher,s_ec53e3bac7d0b359acdf4673,r_fb1ed5dc76fc8939cd1d080a,2026,RotoWire,MIA
,"[[""rotowire"", ""16259""]]",unmatched,Packy Naughton,p_8486ce093a28f5a942ad72c9,pitcher,s_39460eec43406e541397553b,r_fb1ed5dc76fc8939cd1d080a,2026,RotoWire,STL
,"[[""rotowire"", ""20395""]]",unmatched,Reinold Navarro,p_1c0e117b4903ba393ce035c8,pitcher,s_eb91cfdd8b8130ba76bb9d0c,r_fb1ed5dc76fc8939cd1d080a,2026,RotoWire,PIT
,"[[""rotowire"", ""19267""]]",unmatched,Jack Neely,p_8a902d5cb91ad28d5c0a7c8c,pitcher,s_f2a35966810cfb4a8969c3e9,r_fb1ed5dc76fc8939cd1d080a,2026,RotoWire,CHC
,"[[""rotowire"", ""19558""]]",unmatched,Tyson Neighbors,p_2c66e144336e7f4190784ded,pitcher,s_fc43ee0c268dd264d53bb9e5,r_fb1ed5dc76fc8939cd1d080a,2026,RotoWire,BAL
s_08e4840dacf9709d9b411fe5,"[[""rotowire"", ""16118""]]",matched,Ryne Nelson,p_1b49209f0bd30dd5dc724000,pitcher,s_4a572860c109c381b9599f8b,r_fb1ed5dc76fc8939cd1d080a,2026,RotoWire,ARI
,"[[""rotowire"", ""17022""]]",unmatched,Kyle Nelson,p_add0f7573f9388cbc02c0706,pitcher,s_d850727f7a4235945d9e642d,r_fb1ed5dc76fc8939cd1d080a,2026,RotoWire,ATL
,"[[""rotowire"", ""14387""]]",unmatched,Nick Nelson,p_7ecde7405f813f4220bdb5a8,pitcher,s_99f3c3b6c8454fc6e27e8b93,r_fb1ed5dc76fc8939cd1d080a,2026,RotoWire,FA
,"[[""rotowire"", ""13603""]]",unmatched,Hector Neris,p_e0742aec163e8fe5a829ba96,pitcher,s_6a20079c900ca7facd01c6e5,r_fb1ed5dc76fc8939cd1d080a,2026,RotoWire,KC
,"[[""rotowire"", ""19244""]]",unmatched,Braden Nett,p_c9073e92912f3e770a2cfd10,pitcher,s_f9a08f9a5fb04411df8278de,r_fb1ed5dc76fc8939cd1d080a,2026,RotoWire,ATH
,"[[""rotowire"", ""18632""]]",unmatched,Mitch Neunborn,p_c690d41fc10c70c48f4e4551,pitcher,s_c5e109939e34bfe4bc7f35fc,r_fb1ed5dc76fc8939cd1d080a,2026,RotoWire,PHI
s_53ae35bc6c8c2c926abd0881,"[[""rotowire"", ""13368""]]",matched,Sean Newcomb,p_4f111a07b4c0259d31c89e0d,pitcher,s_2c7ca2dc2c1ba12d9d8310a2,r_fb1ed5dc76fc8939cd1d080a,2026,RotoWire,CWS
,"[[""rotowire"", ""19814""]]",unmatched,Jackson Nezuh,p_058ca5574d1c12daca86c04b,pitcher,s_7255a806e044cf2b70ef8fe1,r_fb1ed5dc76fc8939cd1d080a,2026,RotoWire,HOU
,"[[""rotowire"", ""16830""]]",unmatched,T.J. Nichols,p_3b9221d27832bf448e6d880d,pitcher,s_7ffe55a4e2c34dcb2a114191,r_fb1ed5dc76fc8939cd1d080a,2026,RotoWire,TB
s_d9883e2ad7dac0fdee3e5ec9,"[[""rotowire"", ""16720""]]",matched,Kyle Nicolas,p_b051cf87af8a4244b6b81e2c,pitcher,s_2436026c64a6693348f588e0,r_fb1ed5dc76fc8939cd1d080a,2026,RotoWire,CIN
,"[[""rotowire"", ""20394""]]",unmatched,Marlon Nieves,p_744da19da4048391a9e7bb2d,pitcher,s_55f1e48dc9f30597df8deb46,r_fb1ed5dc76fc8939cd1d080a,2026,RotoWire,LAD
s_8b61db137960488dc7cc75fb,"[[""rotowire"", ""17351""]]",matched,Doug Nikhazy,p_7ecbe1110bdd0537891dc1c4,pitcher,s_40dcd0dae34ab1d260a321a9,r_fb1ed5dc76fc8939cd1d080a,2026,RotoWire,CLE
,"[[""rotowire"", ""17418""]]",unmatched,Vinny Nittoli,p_19e960552766ebbe03de4775,pitcher,s_e5fabaa3363cc6aecfc40585,r_fb1ed5dc76fc8939cd1d080a,2026,RotoWire,BOS
,"[[""rotowire"", ""15153""]]",unmatched,Stephen Nogosek,p_3671fb887049c9e44d7764d5,pitcher,s_c77df858861dae83a8cabb7f,r_fb1ed5dc76fc8939cd1d080a,2026,RotoWire,FA
s_6fb819fbac69304c8f9f44cf,"[[""rotowire"", ""13359""]]",matched,Aaron Nola,p_288584b43feea72ac1e47a2d,pitcher,s_bf41753e2e0ff8c12dbf27a5,r_fb1ed5dc76fc8939cd1d080a,2026,RotoWire,PHI
,"[[""rotowire"", ""20464""]]",unmatched,Connor Noland,p_77c826402cfb678d638d9fd0,pitcher,s_0556cf026a81e5ccae0eff3d,r_fb1ed5dc76fc8939cd1d080a,2026,RotoWire,CHC
,"[[""rotowire"", ""19142""]]",unmatched,Yohemy Nolasco,p_9b3a12747373ec4062d43ea1,pitcher,s_350b1f30efb3240dda7b6ca1,r_fb1ed5dc76fc8939cd1d080a,2026,RotoWire,FA
,"[[""rotowire"", ""16808""]]",unmatched,Liam Norris,p_36670975bf9a8df09e330b7c,pitcher,s_fbe764592baeb588a0dc9666,r_fb1ed5dc76fc8939cd1d080a,2026,RotoWire,ARI
,"[[""rotowire"", ""18757""]]",unmatched,Jaylen Nowlin,p_63b94c6054096f1f9217b779,pitcher,s_5af3dc85d5b9919c4f0a132b,r_fb1ed5dc76fc8939cd1d080a,2026,RotoWire,MIN
,"[[""rotowire"", ""19923""]]",unmatched,Eduarniel Nunez,p_deff8335dceb39b2904665ff,pitcher,s_9318193ccc4eea647edf88c8,r_fb1ed5dc76fc8939cd1d080a,2026,RotoWire,ATH
s_512b91e6300801557752061d,"[[""rotowire"", ""20101""]]",matched,Anthony Nunez,p_394806adeaf6af907d17f876,pitcher,s_6968be3056cfbccf293d38de,r_fb1ed5dc76fc8939cd1d080a,2026,RotoWire,BAL
,"[[""rotowire"", ""17045""]]",unmatched,Edwin Nunez,p_138b25c76b0391db2f642b10,pitcher,s_37edfe6377beb476911ec1fd,r_fb1ed5dc76fc8939cd1d080a,2026,RotoWire,STL
s_2f86b34cfaac96750d3a0caa,"[[""rotowire"", ""17139""]]",matched,Dedniel Nunez,p_bad5772915c2a0ae9bf9c5f1,pitcher,s_1470a84d54d96a36505537cd,r_fb1ed5dc76fc8939cd1d080a,2026,RotoWire,NYM
s_ab0f5a428965d101a4609da6,"[[""rotowire"", ""16611""]]",matched,Riley O''Brien,p_ca72c1190ab195d082d039a5,pitcher,s_f9e188ac52e4d1eea8684043,r_fb1ed5dc76fc8939cd1d080a,2026,RotoWire,STL
,"[[""rotowire"", ""18887""]]",unmatched,Connor O'Halloran,p_0ba9e31556deaa85f2dcf0f7,pitcher,s_c4a94d0affcc8b3a2088c713,r_fb1ed5dc76fc8939cd1d080a,2026,RotoWire,TOR
,"[[""rotowire"", ""18533""]]",unmatched,Jack O'Loughlin,p_65581d51318c0c085573574a,pitcher,s_7ec7f0be3f089c274da48315,r_fb1ed5dc76fc8939cd1d080a,2026,RotoWire,FA
,"[[""rotowire"", ""19525""]]",unmatched,Joey Oakie,p_7e6b3594185ab73cec0ec8b5,pitcher,s_9f9272a402a04dd50cd1588c,r_fb1ed5dc76fc8939cd1d080a,2026,RotoWire,CLE
s_35b868c78e0930fa7690c2fa,"[[""rotowire"", ""16018""]]",matched,Bailey Ober,p_009e96c410d3379760f8b1a1,pitcher,s_5b48c3711b348b7c38fbb3a0,r_fb1ed5dc76fc8939cd1d080a,2026,RotoWire,MIN
,"[[""rotowire"", ""10476""]]",unmatched,Jake Odorizzi,p_a08bae773b8311897006190f,pitcher,s_4702db368bf5ef6f4d4115ae,r_fb1ed5dc76fc8939cd1d080a,2026,RotoWire,FA
,"[[""rotowire"", ""20743""]]",unmatched,Shawndrick Oduber,p_aec48d509c2ea58ea8a4cb5f,pitcher,s_15a129315c9ec0e1c9246785,r_fb1ed5dc76fc8939cd1d080a,2026,RotoWire,FA
,"[[""rotowire"", ""18375""]]",unmatched,Shinnosuke Ogasawara,p_6ddc0b571359a20df4eac80a,pitcher,s_e326b164e777f9b12774060f,r_fb1ed5dc76fc8939cd1d080a,2026,RotoWire,WSH
,"[[""rotowire"", ""20433""]]",unmatched,Pierson Ohl,p_8db46e856fe4886a32bba820,pitcher,s_bfc57e62221d8425478ccfce,r_fb1ed5dc76fc8939cd1d080a,2026,RotoWire,COL
s_dbc4f62c121b44847f3e7e25,"[[""rotowire"", ""13720""]]",matched,Steven Okert,p_f5105d7ffd8537ed91519f0f,pitcher,s_70a2e35ae2bd12403e410012,r_fb1ed5dc76fc8939cd1d080a,2026,RotoWire,HOU
,"[[""rotowire"", ""20040""]]",unmatched,Jose Olivares,p_9a8ad69c7885e7dd62135de9,pitcher,s_6945c25fc1d31f73b899a746,r_fb1ed5dc76fc8939cd1d080a,2026,RotoWire,MIN
,"[[""rotowire"", ""16462""]]",unmatched,Helcris Olivarez,p_f20e41d9263cb9e6472eb8b2,pitcher,s_4262119dbcd2a2d462fc3f16,r_fb1ed5dc76fc8939cd1d080a,2026,RotoWire,KC
,"[[""rotowire"", ""19349""]]",unmatched,Connor Oliver,p_0d17c273e75d1b3d29b3d829,pitcher,s_ca73aac2d92458f98d99f51c,r_fb1ed5dc76fc8939cd1d080a,2026,RotoWire,PIT
,"[[""rotowire"", ""17709""]]",unmatched,Adam Oller,p_6742bb24866a356b030b45fb,pitcher,s_03bd5fa1cd60965b59ea0cbd,r_fb1ed5dc76fc8939cd1d080a,2026,RotoWire,FA
,"[[""rotowire"", ""17595""]]",unmatched,Reese Olson,p_5485d94fef637de4cbcf9080,pitcher,s_5e4ba828a34f43bcb4395b14,r_fb1ed5dc76fc8939cd1d080a,2026,RotoWire,DET
,"[[""rotowire"", ""19035""]]",unmatched,Emmett Olson,p_0f64759f48dd7ab9be9190b8,pitcher,s_dabd61682b1d93293e73078e,r_fb1ed5dc76fc8939cd1d080a,2026,RotoWire,MIA
,"[[""rotowire"", ""18462""]]",unmatched,Ben Onyshko,p_7510eec32a96d8257a853dc9,pitcher,s_e7e95c1b6218adc2cc838276,r_fb1ed5dc76fc8939cd1d080a,2026,RotoWire,FA
,"[[""rotowire"", ""18835""]]",unmatched,Christian Oppor,p_efc02d04cf1e1ca621023fb2,pitcher,s_30a6092bd5eb9e8d1ecc4c7c,r_fb1ed5dc76fc8939cd1d080a,2026,RotoWire,CWS
,"[[""rotowire"", ""17663""]]",unmatched,Kaleb Ort,p_14a0d313708d61eee3ed8e2d,pitcher,s_c687318a5ab4bd6107b5aeb5,r_fb1ed5dc76fc8939cd1d080a,2026,RotoWire,LAA
,"[[""rotowire"", ""17591""]]",unmatched,Oliver Ortega,p_ce4c032e791c967b1b8d1659,pitcher,s_80a21a4c59721f4bf400d3e8,r_fb1ed5dc76fc8939cd1d080a,2026,RotoWire,FA
,"[[""rotowire"", ""17851""]]",unmatched,Luis L. Ortiz,p_a98211b93d765f76eace7471,pitcher,s_7d993367ffbef50ca029bd86,r_fb1ed5dc76fc8939cd1d080a,2026,RotoWire,CLE
,"[[""rotowire"", ""15766""]]",unmatched,Robinson Ortiz,p_6d98729ac992323f95ae3fe0,pitcher,s_bd94efc39a2e73cd8dfb1a3b,r_fb1ed5dc76fc8939cd1d080a,2026,RotoWire,SEA
,"[[""rotowire"", ""13384""]]",unmatched,Luis F. Ortiz,p_b3d76461f25180c0ba8d977d,pitcher,s_086683648c53fd8bcb0cd068,r_fb1ed5dc76fc8939cd1d080a,2026,RotoWire,FA
,"[[""rotowire"", ""20467""]]",unmatched,JeanPierre Ortiz,p_f76819e37c78b1eef8538be8,pitcher,s_db852ddd4eaeb3b19a7c6fbd,r_fb1ed5dc76fc8939cd1d080a,2026,RotoWire,CIN
s_b0f2f24d3051bdb87e6f4a26,"[[""rotowire"", ""19285""]]",matched,Eric Orze,p_51a922809ad094b5a4433cdf,pitcher,s_f6287462479ad5a6d992dffc,r_fb1ed5dc76fc8939cd1d080a,2026,RotoWire,MIN
,"[[""rotowire"", ""16089""]]",unmatched,Bryce Osmond,p_0a59a9188f33f813c9804561,pitcher,s_c9b8f7cfc626e30b7c49d6d9,r_fb1ed5dc76fc8939cd1d080a,2026,RotoWire,LAA
,"[[""rotowire"", ""19821""]]",unmatched,Manuel Osorio,p_5999b9882bf5a6ba09ac3fe2,pitcher,s_404b6375bff4cf00ae57f102,r_fb1ed5dc76fc8939cd1d080a,2026,RotoWire,CLE
,"[[""rotowire"", ""19189""]]",unmatched,Michel Otanez,p_a16d0151ecec817dcaa17d65,pitcher,s_c5cb39a1d82d998f87dda974,r_fb1ed5dc76fc8939cd1d080a,2026,RotoWire,TEX
,"[[""rotowire"", ""17560""]]",unmatched,Micah Ottenbreit,p_54169c2b9df6bca915c11c65,pitcher,s_38186f032414e4008fc86854,r_fb1ed5dc76fc8939cd1d080a,2026,RotoWire,PHI
,"[[""rotowire"", ""14945""]]",unmatched,Glenn Otto,p_84a19acdf01a89089523a2cc,pitcher,s_a142b9cc0eac06f298587317,r_fb1ed5dc76fc8939cd1d080a,2026,RotoWire,HOU
,"[[""rotowire"", ""18732""]]",unmatched,Layonel Ovalles,p_c52b25d5d1b00b907e1ad4db,pitcher,s_4770827ee8e3d54194cd4a96,r_fb1ed5dc76fc8939cd1d080a,2026,RotoWire,NYM
,"[[""rotowire"", ""17609""]]",unmatched,Connor Overton,p_3cb1ff05d363a2fd02a29b23,pitcher,s_5895b057578c9f54a5f809b6,r_fb1ed5dc76fc8939cd1d080a,2026,RotoWire,FA
s_a8751a0f5e678f76e5c70711,"[[""rotowire"", ""15171""]]",matched,Johan Oviedo,p_0c3b6b4f617c9009bb6c76e7,pitcher,s_720c0ed73d1ba1b13c15bd13,r_fb1ed5dc76fc8939cd1d080a,2026,RotoWire,BOS
,"[[""rotowire"", ""16225""]]",unmatched,Tyler Owens,p_0e0cab1a7e984572cf0c4f27,pitcher,s_8e89a279ff332f128142bf94,r_fb1ed5dc76fc8939cd1d080a,2026,RotoWire,DET
,"[[""rotowire"", ""19876""]]",unmatched,Sandy Ozuna,p_240f99b334f0e795ea410c72,pitcher,s_94d87db4824ccdd8b2e1314b,r_fb1ed5dc76fc8939cd1d080a,2026,RotoWire,COL
,"[[""rotowire"", ""17698""]]",unmatched,Freddy Pacheco,p_a5aa119ddf9ec5aee3f07055,pitcher,s_4c724c0aeeecb2e02c1a478b,r_fb1ed5dc76fc8939cd1d080a,2026,RotoWire,FA
s_f774b1edc1d73f7004f7a51e,"[[""rotowire"", ""14409""]]",matched,Chris Paddack,p_67a7d083510fbec26f1ddc04,pitcher,s_64230f4ae4e504349046ac2c,r_fb1ed5dc76fc8939cd1d080a,2026,RotoWire,MIA
,"[[""rotowire"", ""18231""]]",unmatched,Nicholas Padilla,p_888999fb64f5f25495ea5b2b,pitcher,s_154134f76d8ba3ec1d95b209,r_fb1ed5dc76fc8939cd1d080a,2026,RotoWire,PHI
s_79156fdc1fdb5693bf1f422d,"[[""rotowire"", ""19746""]]",matched,Jedixson Paez,p_ba985e05d88f96b785affcdf,pitcher,s_36216789328366086e1e9baf,r_fb1ed5dc76fc8939cd1d080a,2026,RotoWire,CWS
s_b11b9851a0a3626f0a79f030,"[[""rotowire"", ""14747""]]",matched,Emilio Pagan,p_a14b46668a060bb5629886e6,pitcher,s_4ef127163ae740077e465fe6,r_fb1ed5dc76fc8939cd1d080a,2026,RotoWire,CIN
s_46ad5c65a4e211f554484d99,"[[""rotowire"", ""17312""]]",matched,Andrew Painter,p_747ca9b3f8488871801660b7,pitcher,s_e7ac249bf01a183930a8faca,r_fb1ed5dc76fc8939cd1d080a,2026,RotoWire,PHI
,"[[""rotowire"", ""15727""]]",unmatched,Luis Palacios,p_d1245ec92417052ca0194a49,pitcher,s_18e4a55011d08c83c377258c,r_fb1ed5dc76fc8939cd1d080a,2026,RotoWire,FA
s_504780ebe2aaeb21a69801cf,"[[""rotowire"", ""17588""]]",matched,Daniel Palencia,p_153188ef122e1ff0e54e37b2,pitcher,s_971e41cd03b694200bad9d78,r_fb1ed5dc76fc8939cd1d080a,2026,RotoWire,CHC
,"[[""rotowire"", ""20146""]]",unmatched,Jake Palisch,p_e7a53489a67a17a6a3586731,pitcher,s_8ae3b053fcb973561c6e3f8f,r_fb1ed5dc76fc8939cd1d080a,2026,RotoWire,CWS
s_318c48f22dbc2915112ff8c6,"[[""rotowire"", ""16167""]]",matched,Andre Pallante,p_f59ee04f5b058c3f109d1631,pitcher,s_643d4c7939de92874f6a14b2,r_fb1ed5dc76fc8939cd1d080a,2026,RotoWire,STL
s_834d0dbad1099f3ffe08a5a7,"[[""rotowire"", ""17958""]]",matched,Peyton Pallette,p_41f07f1c060750689589e72e,pitcher,s_8f4a9d3285bca74b4f41625d,r_fb1ed5dc76fc8939cd1d080a,2026,RotoWire,CLE
,"[[""rotowire"", ""16804""]]",unmatched,Trent Palmer,p_eca38b7cc38788eb741186c5,pitcher,s_e76029183f6bc6a21bb92402,r_fb1ed5dc76fc8939cd1d080a,2026,RotoWire,TOR
,"[[""rotowire"", ""20441""]]",unmatched,Twine Palmer,p_d304e38a69906768babe2cc1,pitcher,s_af1d93bd1f270949a687356e,r_fb1ed5dc76fc8939cd1d080a,2026,RotoWire,BAL
s_95efeae5170074378a10954f,"[[""rotowire"", ""17996""]]",matched,Carson Palmquist,p_7a47c598f2891d6ce738d8e0,pitcher,s_3d1cf899ff4442ddc83d0199,r_fb1ed5dc76fc8939cd1d080a,2026,RotoWire,COL
,"[[""rotowire"", ""18717""]]",unmatched,Wen-Hui Pan,p_8d3fdae82c6028d25bc550ad,pitcher,s_1d43eb443f2b4d94830bb509,r_fb1ed5dc76fc8939cd1d080a,2026,RotoWire,PHI
,"[[""rotowire"", ""18112""]]",unmatched,Inohan Paniagua,p_c00ef570edf94882ebf0f3a8,pitcher,s_e5fa79e4432e99a07f2a6091,r_fb1ed5dc76fc8939cd1d080a,2026,RotoWire,DET
s_375676fc50f56987502038fc,"[[""rotowire"", ""14758""]]",matched,Thomas Pannone,p_1b534a0f3684e7ea3112d6b0,pitcher,s_64da9285f21ed7d32cec3819,r_fb1ed5dc76fc8939cd1d080a,2026,RotoWire,MIL
,"[[""rotowire"", ""17428""]]",unmatched,Shane Panzini,p_f840cbc4e9bdf2f00fc899a2,pitcher,s_1621a43d0901e2b2f47ffbff,r_fb1ed5dc76fc8939cd1d080a,2026,RotoWire,KC
,"[[""rotowire"", ""19335""]]",unmatched,Cole Paplham,p_e1bdd9a69acd3c796e667039,pitcher,s_614c99e68d37a72f461bb97f,r_fb1ed5dc76fc8939cd1d080a,2026,RotoWire,SD
,"[[""rotowire"", ""15060""]]",unmatched,Eric Pardinho,p_87d178d7b89d6ebba472ea58,pitcher,s_06ae055db8c052c2e3641b61,r_fb1ed5dc76fc8939cd1d080a,2026,RotoWire,FA
,"[[""rotowire"", ""16005""]]",unmatched,Enoli Paredes,p_77a12cd8c644665f8356ecd6,pitcher,s_2649b44d562df0aa494b7a00,r_fb1ed5dc76fc8939cd1d080a,2026,RotoWire,BAL
,"[[""rotowire"", ""15736""]]",unmatched,David Parkinson,p_352d855a38ca3ea96e3f48bd,pitcher,s_57fe8d28ba604f12e236c0df,r_fb1ed5dc76fc8939cd1d080a,2026,RotoWire,FA
,"[[""rotowire"", ""17520""]]",unmatched,Hunter Parks,p_f0c493351b311b7ed67de293,pitcher,s_98bc945aa6daca9f56a56dc3,r_fb1ed5dc76fc8939cd1d080a,2026,RotoWire,CIN
,"[[""rotowire"", ""17271""]]",unmatched,Drew Parrish,p_132b37107960b852b9eb5f6a,pitcher,s_d5f602ecd009938721177a91,r_fb1ed5dc76fc8939cd1d080a,2026,RotoWire,FA
,"[[""rotowire"", ""15583""]]",unmatched,Wes Parsons,p_c6716b5d047aa3a75c1a7155,pitcher,s_972ea831905e643c0d0eca8b,r_fb1ed5dc76fc8939cd1d080a,2026,RotoWire,FA
,"[[""rotowire"", ""19830""]]",unmatched,Sterling Patick,p_b0d2f8c739ae38761eb18e2e,pitcher,s_9169cfe04423858cc6ba3af2,r_fb1ed5dc76fc8939cd1d080a,2026,RotoWire,LAD
,"[[""rotowire"", ""15323""]]",unmatched,Luis Patino,p_2f7fcb2642c3557160baa4b3,pitcher,s_7444d83c438b4ac28c9807a8,r_fb1ed5dc76fc8939cd1d080a,2026,RotoWire,FA
s_034e0d79af6760e66a53e3aa,"[[""rotowire"", ""17509""]]",matched,Chad Patrick,p_da96852b71c08e176dbccd2d,pitcher,s_6a16477de8c707cdab312103,r_fb1ed5dc76fc8939cd1d080a,2026,RotoWire,MIL
,"[[""rotowire"", ""17061""]]",unmatched,Jack Patterson,p_b1797f1c051c5b0259925855,pitcher,s_923944a4fe8f608d6b1b2ae5,r_fb1ed5dc76fc8939cd1d080a,2026,RotoWire,CHC
,"[[""rotowire"", ""18137""]]",unmatched,Hunter Patteson,p_f0b5be102bdab4b91e5d77dd,pitcher,s_c74329cd75ea37ff77aab858,r_fb1ed5dc76fc8939cd1d080a,2026,RotoWire,KC
,"[[""rotowire"", ""10966""]]",unmatched,James Paxton,p_b587c6668989d0e27a04034c,pitcher,s_041e373a43fffda62862a216,r_fb1ed5dc76fc8939cd1d080a,2026,RotoWire,FA
s_3e944fd1a4da67c3431e1c50,"[[""rotowire"", ""15634""]]",matched,Joel Payamps,p_1f226d7dd4cee0150a1549a0,pitcher,s_77fcd4da255deb34daefffa9,r_fb1ed5dc76fc8939cd1d080a,2026,RotoWire,ATL
,"[[""rotowire"", ""20483""]]",unmatched,Nate Payne,p_5cf7aca6305023bf38cf9a19,pitcher,s_c90c27ae131e5740473d83c0,r_fb1ed5dc76fc8939cd1d080a,2026,RotoWire,MIA
s_c9de1e930df6579790f767a5,"[[""rotowire"", ""14792""]]",matched,Nate Pearson,p_17536a68362f900664fa9f61,pitcher,s_400136cfcfa994b80810ef9e,r_fb1ed5dc76fc8939cd1d080a,2026,RotoWire,HOU
s_c613819a9e46f842bec184e2,"[[""rotowire"", ""19813""]]",matched,Ethan Pecko,p_977a6ab875041bddeb3e28a7,pitcher,s_3ee8a8ac49b0ada1af602a76,r_fb1ed5dc76fc8939cd1d080a,2026,RotoWire,HOU
,"[[""rotowire"", ""16205""]]",unmatched,Zach Peek,p_6bf07eec35ac95fc31022085,pitcher,s_194e46a8a408a41bb0a0ddd3,r_fb1ed5dc76fc8939cd1d080a,2026,RotoWire,NYM
s_5d61ed228214142ed3b30ac3,"[[""rotowire"", ""18765""]]",matched,Joel Peguero,p_582294a58869be2075f58add,pitcher,s_e79b2d579bd09a2428455ff0,r_fb1ed5dc76fc8939cd1d080a,2026,RotoWire,SF
,"[[""rotowire"", ""17645""]]",unmatched,Elvis Peguero,p_867ee2262881488fe9e83603,pitcher,s_13398c1419ad56a5f4f9b1f0,r_fb1ed5dc76fc8939cd1d080a,2026,RotoWire,FA
,"[[""rotowire"", ""15708""]]",unmatched,CD Pelham,p_c093170f938b3b5bd493d082,pitcher,s_62e2565d854073700f7b1170,r_fb1ed5dc76fc8939cd1d080a,2026,RotoWire,FA
,"[[""rotowire"", ""17201""]]",unmatched,Colin Peluse,p_3838d011fa732f7b2b4e97e3,pitcher,s_e0fe4f82f8b885eb99128446,r_fb1ed5dc76fc8939cd1d080a,2026,RotoWire,PHI
,"[[""rotowire"", ""19853""]]",unmatched,Francis Pena,p_5fbc1dc8d19fb4493f555ff6,pitcher,s_8025012f5cfc7d01a6c018d6,r_fb1ed5dc76fc8939cd1d080a,2026,RotoWire,SD
,"[[""rotowire"", ""20502""]]",unmatched,Dalton Pence,p_b95eff7d1b3b6dc73dddd7d9,pitcher,s_b8fe792fd3588777b0abb609,r_fb1ed5dc76fc8939cd1d080a,2026,RotoWire,TEX
,"[[""rotowire"", ""19676""]]",unmatched,Walter Pennington,p_416840899737dc765ddab912,pitcher,s_e8f98160e882a807d54b5157,r_fb1ed5dc76fc8939cd1d080a,2026,RotoWire,BAL
,"[[""rotowire"", ""19472""]]",unmatched,Zach Penrod,p_3b5068ad568a15ca4303a98e,pitcher,s_f15bd7b453c6a26d86678bea,r_fb1ed5dc76fc8939cd1d080a,2026,RotoWire,WSH
s_85e2f82b7c6818b306ce799a,"[[""rotowire"", ""20035""]]",matched,Ben Peoples,p_29a27415a63b98dbb075621d,pitcher,s_2073dbe3cad8e2dd787397ef,r_fb1ed5dc76fc8939cd1d080a,2026,RotoWire,CWS
,"[[""rotowire"", ""16083""]]",unmatched,Ryan Pepiot,p_73a90042ce9db308c725c28a,pitcher,s_7b6e1ae63519f80ebfedcc66,r_fb1ed5dc76fc8939cd1d080a,2026,RotoWire,TB
s_70c1f70120e38e68b9358266,"[[""rotowire"", ""16591""]]",matched,Luis Perales,p_33b1f758ce8872869b7bbb68,pitcher,s_7160708984d023ac94d240c5,r_fb1ed5dc76fc8939cd1d080a,2026,RotoWire,WSH
s_f4ef52ee1ec4c0a1721e91a4,"[[""rotowire"", ""14539""]]",matched,Wandy Peralta,p_7343ba7168344875dfbe9cf1,pitcher,s_67f9e3882b4983166222f981,r_fb1ed5dc76fc8939cd1d080a,2026,RotoWire,SD
s_dc90a1403383469982adf2ef,"[[""rotowire"", ""14194""]]",matched,Freddy Peralta,p_1d99fee357b2b193b50cce26,pitcher,s_a4834cb07e9232b83a0dce3a,r_fb1ed5dc76fc8939cd1d080a,2026,RotoWire,NYM
,"[[""rotowire"", ""8997""]]",unmatched,Wily Peralta,p_701ba15df7ef41b5bac33352,pitcher,s_b2ce59c7f525ff0f3e78fe82,r_fb1ed5dc76fc8939cd1d080a,2026,RotoWire,FA
,"[[""rotowire"", ""19762""]]",unmatched,Luis Peralta,p_eccb7f5e13db472d4ab158a6,pitcher,s_4d9446fe2367c11675a88b3c,r_fb1ed5dc76fc8939cd1d080a,2026,RotoWire,COL
s_843dc9d31c7f32dc75c79015,"[[""rotowire"", ""18775""]]",matched,Sammy Peralta,p_b3710509193a23f9fb6df89c,pitcher,s_9b4a7b98dc7e5f10502604fc,r_fb1ed5dc76fc8939cd1d080a,2026,RotoWire,MIL
,"[[""rotowire"", ""14211""]]",unmatched,Angel Perdomo,p_97aae67787d9d128a0f68afd,pitcher,s_40256cf064639304a1d08f4d,r_fb1ed5dc76fc8939cd1d080a,2026,RotoWire,LAA
,"[[""rotowire"", ""18491""]]",unmatched,Wilfredo Pereira,p_35c49dd3b5ba063b452f8d9f,pitcher,s_5d68ba83ea9bbd715bc2f426,r_fb1ed5dc76fc8939cd1d080a,2026,RotoWire,FA
s_17e33f95e6974c0f6c15a67e,"[[""rotowire"", ""17277""]]",matched,Eury Perez,p_145721815ffdf403b65c76d6,pitcher,s_385a4193cfbf19f53e1d0400,r_fb1ed5dc76fc8939cd1d080a,2026,RotoWire,MIA
,"[[""rotowire"", ""19173""]]",unmatched,Fernando Perez,p_708186d6d6d8fef203ec8225,pitcher,s_6dc95f94331ca8f90e730d48,r_fb1ed5dc76fc8939cd1d080a,2026,RotoWire,TOR
s_8cea0c88874684aa55239f66,"[[""rotowire"", ""14546""]]",matched,Cionel Perez,p_c5ed138e0e635ef0aec7663a,pitcher,s_9b9bffbc2a879babe9696cba,r_fb1ed5dc76fc8939cd1d080a,2026,RotoWire,WSH
s_b4ab42e247e45df2e0e31ce3,"[[""rotowire"", ""10867""]]",matched,Martin Perez,p_7e394fbf190746b9460471b6,pitcher,s_097a41751befc4a5c1211306,r_fb1ed5dc76fc8939cd1d080a,2026,RotoWire,ATL
,"[[""rotowire"", ""15878""]]",unmatched,Brayan Perez,p_5294eb3d12cb3f827a32f782,pitcher,s_19248bf1717ef71052de2408,r_fb1ed5dc76fc8939cd1d080a,2026,RotoWire,FA
,"[[""rotowire"", ""20544""]]",unmatched,Steven Perez,p_5b654ce5134fae3e10df38c0,pitcher,s_08e90798d10ee0accb7b2a35,r_fb1ed5dc76fc8939cd1d080a,2026,RotoWire,CLE
,"[[""rotowire"", ""19905""]]",unmatched,Aaron Perry,p_653a03f48a78f4be8408fca8,pitcher,s_55ee4e65be48dd02c1366215,r_fb1ed5dc76fc8939cd1d080a,2026,RotoWire,CHC
s_3d0a20ad79e6ad1d6e399df0,"[[""rotowire"", ""18445""]]",matched,Michael Petersen,p_dc94d49f14972788f07e6738,pitcher,s_1b0485f5cd208127cea8cd15,r_fb1ed5dc76fc8939cd1d080a,2026,RotoWire,MIA
,"[[""rotowire"", ""19684""]]",unmatched,Kai Peterson,p_aa6eac25e2108c43d1846c86,pitcher,s_e5e5bcb9fb4e3b218d279ffd,r_fb1ed5dc76fc8939cd1d080a,2026,RotoWire,TOR
,"[[""rotowire"", ""19383""]]",unmatched,Todd Peterson,p_7df1ded46d48bbc4abd2c953,pitcher,s_c61c55cfb4b9fb32bae673d8,r_fb1ed5dc76fc8939cd1d080a,2026,RotoWire,WSH
s_68f31c4c64bc6a3e51e6d641,"[[""rotowire"", ""19112""]]",matched,Austin Peterson,p_77de692e06d27ffb17c45ac8,pitcher,s_f4b6a3140b1357de80e3f024,r_fb1ed5dc76fc8939cd1d080a,2026,RotoWire,CLE
s_e8626874cb63950b5c9543ff,"[[""rotowire"", ""14778""]]",matched,David Peterson,p_2fad58b9923436119be174e1,pitcher,s_a9000b2eedab9133f82e83b1,r_fb1ed5dc76fc8939cd1d080a,2026,RotoWire,NYM
,"[[""rotowire"", ""20075""]]",unmatched,RJ Petit,p_d79be54799ca5a8ac9be9016,pitcher,s_b449b8416176e9a886d6b9e2,r_fb1ed5dc76fc8939cd1d080a,2026,RotoWire,COL
s_e08ae2518138b6436309a8d3,"[[""rotowire"", ""17319""]]",matched,Chase Petty,p_153ad9f9a631deb95bb0d30a,pitcher,s_9b6fbbd7af72c8645cd2e44b,r_fb1ed5dc76fc8939cd1d080a,2026,RotoWire,CIN
s_786e8731fd38eb3cc120575f,"[[""rotowire"", ""16903""]]",matched,Brandon Pfaadt,p_1577c13241c98d1b1b25a065,pitcher,s_3d99f48d5a1df841196e11ba,r_fb1ed5dc76fc8939cd1d080a,2026,RotoWire,ARI
,"[[""rotowire"", ""17522""]]",unmatched,Jake Pfennigs,p_57cc88d754ae53b9d13f514c,pitcher,s_1c6b69bbebfb54cf5ff8ab2f,r_fb1ed5dc76fc8939cd1d080a,2026,RotoWire,FA
,"[[""rotowire"", ""18811""]]",unmatched,Alex Pham,p_6f338163ee24a3ae8b44db76,pitcher,s_21e72f2e2508ec9b099b1cf2,r_fb1ed5dc76fc8939cd1d080a,2026,RotoWire,BAL
,"[[""rotowire"", ""16221""]]",unmatched,Beau Philip,p_899ac69c7f875e1628a7bd47,pitcher,s_a5e42766b1bfbfb033be3433,r_fb1ed5dc76fc8939cd1d080a,2026,RotoWire,FA
s_3c833bfa51a466314206c8e8,"[[""rotowire"", ""16215""]]",matched,Connor Phillips,p_e07feaacf0b72192ae4d9189,pitcher,s_7c4ef7d9af7bfb2c457fa4a3,r_fb1ed5dc76fc8939cd1d080a,2026,RotoWire,CIN
s_13ab29a66344854ead8a441b,"[[""rotowire"", ""15681""]]",matched,Tyler Phillips,p_44f4ae0a56e818f589465db9,pitcher,s_205db3291d05af8715cfd909,r_fb1ed5dc76fc8939cd1d080a,2026,RotoWire,MIA
s_661b5bfe8a889108c6806a66,"[[""rotowire"", ""15548""]]",matched,Evan Phillips,p_c25dc1ad5c4247237938a311,pitcher,s_4ffc3a690a9212289286d020,r_fb1ed5dc76fc8939cd1d080a,2026,RotoWire,LAD
,"[[""rotowire"", ""13711""]]",unmatched,Brett Phillips,p_49e7b8782be3e46e725dc8e5,pitcher,s_4e51ce23a5def6421207cfdf,r_fb1ed5dc76fc8939cd1d080a,2026,RotoWire,FA
,"[[""rotowire"", ""19320""]]",unmatched,Carson Pierce,p_fb6afc860ceafcd9a9af6b8d,pitcher,s_6028dab41b4468ec58b6588f,r_fb1ed5dc76fc8939cd1d080a,2026,RotoWire,TOR
,"[[""rotowire"", ""19155""]]",unmatched,Anderson Pilar,p_4c96c3a5f299c76ffdd200fb,pitcher,s_e1bbb929059c9945ffd8e810,r_fb1ed5dc76fc8939cd1d080a,2026,RotoWire,ATL
,"[[""rotowire"", ""18700""]]",unmatched,Jake Pilarski,p_a085ab225a32e31ba8596b0b,pitcher,s_9ef7e6c132d7bab8d1605025,r_fb1ed5dc76fc8939cd1d080a,2026,RotoWire,LAD
,"[[""rotowire"", ""15446""]]",unmatched,Konnor Pilkington,p_e97c60722d70876db2318cd9,pitcher,s_6f1b8a853f9a92d03b7ae9b0,r_fb1ed5dc76fc8939cd1d080a,2026,RotoWire,DET
,"[[""rotowire"", ""17249""]]",unmatched,Robinson Pina,p_1ea6cf1db89da5582277b9c2,pitcher,s_8844ffb928ac523fd8a65073,r_fb1ed5dc76fc8939cd1d080a,2026,RotoWire,FA
,"[[""rotowire"", ""14233""]]",unmatched,Riley Pint,p_d8966bd613187953841b8531,pitcher,s_2283c313bd57ea62ff695b51,r_fb1ed5dc76fc8939cd1d080a,2026,RotoWire,SD
s_9b241b78a0337ea62d38aa3d,"[[""rotowire"", ""19915""]]",matched,Jonathan Pintaro,p_777feb45decd9c1846a693da,pitcher,s_4bc1f0e4681785c1fd0a723e,r_fb1ed5dc76fc8939cd1d080a,2026,RotoWire,NYM
,"[[""rotowire"", ""17874""]]",unmatched,Juan Pinto,p_ac520252d831c95b55d7aeca,pitcher,s_7c0549cdcbf14e32c0bc8396,r_fb1ed5dc76fc8939cd1d080a,2026,RotoWire,SEA
,"[[""rotowire"", ""13766""]]",unmatched,Ricardo Pinto,p_84b3dc8e5e6f0b9d01b0f4c4,pitcher,s_deceb11e3602b8603bb51731,r_fb1ed5dc76fc8939cd1d080a,2026,RotoWire,FA
,"[[""rotowire"", ""17133""]]",unmatched,Jean Pinto,p_ca085a9c56e664396bca866f,pitcher,s_01f22081b017c04e5b031722,r_fb1ed5dc76fc8939cd1d080a,2026,RotoWire,FA
,"[[""rotowire"", ""15483""]]",unmatched,Dominic Pipkin,p_7c5ff537d647fa9087d4627c,pitcher,s_ecf47511b70ec3368c309e8d,r_fb1ed5dc76fc8939cd1d080a,2026,RotoWire,PIT
s_50931bc0e09151aa1984fe7b,"[[""rotowire"", ""14014""]]",matched,Nick Pivetta,p_3e586e64329db1dd04a4e3b8,pitcher,s_140a22ca0f8df2b19e867104,r_fb1ed5dc76fc8939cd1d080a,2026,RotoWire,SD
,"[[""rotowire"", ""15536""]]",unmatched,Michael Plassmeyer,p_a094d4204cbe3cff9c1560ec,pitcher,s_2fcfe181cda1c5c7b4cf4208,r_fb1ed5dc76fc8939cd1d080a,2026,RotoWire,TOR
,"[[""rotowire"", ""15384""]]",unmatched,Zach Plesac,p_3b001d380829e3ecd576b48d,pitcher,s_1c88647993715a8b83a2333e,r_fb1ed5dc76fc8939cd1d080a,2026,RotoWire,FA
,"[[""rotowire"", ""11505""]]",unmatched,Adam Plutko,p_13b590afeae2527b4332920d,pitcher,s_d6acd99a539a70ec7bfd8b7f,r_fb1ed5dc76fc8939cd1d080a,2026,RotoWire,FA
,"[[""rotowire"", ""15393""]]",unmatched,Colin Poche,p_4dfc866ca5c495c85c00e1e6,pitcher,s_67cada632e54ac124923d9c6,r_fb1ed5dc76fc8939cd1d080a,2026,RotoWire,DET
,"[[""rotowire"", ""17184""]]",unmatched,Andrew Politi,p_86ed3c2956d66a076f1ea30e,pitcher,s_8ea284dd8106c46a8c753f11,r_fb1ed5dc76fc8939cd1d080a,2026,RotoWire,FA
,"[[""rotowire"", ""20015""]]",unmatched,Davis Polo,p_e8a6188c6c741a9120bc982e,pitcher,s_e77e234534e1b786bbded1ed,r_fb1ed5dc76fc8939cd1d080a,2026,RotoWire,ATL
s_c149f03c14aed5f9c5ae0931,"[[""rotowire"", ""11436""]]",matched,Drew Pomeranz,p_6db920b8caea39aab799a496,pitcher,s_445daa97825c4e5e5e9abe4f,r_fb1ed5dc76fc8939cd1d080a,2026,RotoWire,LAA
s_5c8b4a5dd3a81b99eb956f55,"[[""rotowire"", ""13834""]]",matched,Cody Ponce,p_dd095f93709ce87f6607edc6,pitcher,s_170d2924db9f3c44dc5d12a1,r_fb1ed5dc76fc8939cd1d080a,2026,RotoWire,TOR
s_918f01c2226f79a22d411e24,"[[""rotowire"", ""14918""]]",matched,Zach Pop,p_1eaa1d1baccc84d06d8ed931,pitcher,s_c426b7518e8cddbb66ca7034,r_fb1ed5dc76fc8939cd1d080a,2026,RotoWire,PHI
,"[[""rotowire"", ""20539""]]",unmatched,Austin Pope,p_fe32195fe964eaab5ee3945e,pitcher,s_d978d69242a9fcc80607058f,r_fb1ed5dc76fc8939cd1d080a,2026,RotoWire,ATL
,"[[""rotowire"", ""16260""]]",unmatched,Sean Poppen,p_b586d51c732070cd856cc5e5,pitcher,s_927897c4a502e4e0364004cd,r_fb1ed5dc76fc8939cd1d080a,2026,RotoWire,FA
,"[[""rotowire"", ""17931""]]",unmatched,Brock Porter,p_e28de828dcea362f4b51112a,pitcher,s_c88c68a1f3cc2d1e7243eb63,r_fb1ed5dc76fc8939cd1d080a,2026,RotoWire,TEX
,"[[""rotowire"", ""19763""]]",unmatched,Ovis Portes,p_b354d4834e7dfc8ed67c6a2e,pitcher,s_6aaf6bfb329af6f8147474df,r_fb1ed5dc76fc8939cd1d080a,2026,RotoWire,CIN
,"[[""rotowire"", ""13923""]]",unmatched,Cody Poteet,p_880a7122ece62032e449d29c,pitcher,s_eab5959a34f19c61f8b0e9a9,r_fb1ed5dc76fc8939cd1d080a,2026,RotoWire,FA
s_06ea51448236c85155332dbe,"[[""rotowire"", ""20345""]]",matched,PJ Poulin,p_f91f14e15dff3410600517de,pitcher,s_083fb1a01291dbadfc455e6e,r_fb1ed5dc76fc8939cd1d080a,2026,RotoWire,WSH
,"[[""rotowire"", ""16817""]]",unmatched,Holden Powell,p_683c3a477236cc9543a945cb,pitcher,s_460d1006c9f999d08ff5e5e0,r_fb1ed5dc76fc8939cd1d080a,2026,RotoWire,WSH
,"[[""rotowire"", ""12782""]]",unmatched,Ryan Pressly,p_cb86fe05321827f7f78d2eac,pitcher,s_541ad95c95132e9163dd2004,r_fb1ed5dc76fc8939cd1d080a,2026,RotoWire,FA
s_3d66319bacc646f5a61d9536,"[[""rotowire"", ""17945""]]",matched,Connor Prielipp,p_b73b5615e068b80f9b259d86,pitcher,s_efed45aa9346056d597f89fe,r_fb1ed5dc76fc8939cd1d080a,2026,RotoWire,MIN
,"[[""rotowire"", ""16058""]]",unmatched,Quinn Priester,p_537e5057a32900098a2e0d2c,pitcher,s_a4a3078609e21d389435f600,r_fb1ed5dc76fc8939cd1d080a,2026,RotoWire,MIL
,"[[""rotowire"", ""16180""]]",unmatched,Michael Prosecky,p_77288ed70ee21469f3c4fc63,pitcher,s_02428ca1c57abb823e69b717,r_fb1ed5dc76fc8939cd1d080a,2026,RotoWire,COL
,"[[""rotowire"", ""14421""]]",unmatched,Austin Pruitt,p_f1cf0f16601e7d69a26fa260,pitcher,s_79fceda29476a89be4d01565,r_fb1ed5dc76fc8939cd1d080a,2026,RotoWire,ATH
,"[[""rotowire"", ""14326""]]",unmatched,A.J. Puckett,p_43de1df314ffaab379768d84,pitcher,s_5be4005af2d66a85988abd0f,r_fb1ed5dc76fc8939cd1d080a,2026,RotoWire,FA
,"[[""rotowire"", ""13011""]]",unmatched,A.J. Puk,p_eda6f75e34f4854b11eeef97,pitcher,s_b6913ff4f53e5f96108ff78c,r_fb1ed5dc76fc8939cd1d080a,2026,RotoWire,ARI
s_95f5cdf2963c8fe7dbb328ef,"[[""rotowire"", ""20565""]]",matched,Matt Pushard,p_80cde5a89fe8ba26c89f71ea,pitcher,s_08823d7435b78a66d4a37171,r_fb1ed5dc76fc8939cd1d080a,2026,RotoWire,STL
,"[[""rotowire"", ""19105""]]",unmatched,Zack Qin,p_88b2d6f35123c1715f143019,pitcher,s_e6745f871da40c0d67bef309,r_fb1ed5dc76fc8939cd1d080a,2026,RotoWire,SD
s_2696d3949bb96c6ec775a321,"[[""rotowire"", ""14251""]]",matched,Cal Quantrill,p_791b3683027c9d8d92b609d0,pitcher,s_b6c6438dadb86ba0d3e9e803,r_fb1ed5dc76fc8939cd1d080a,2026,RotoWire,TEX
,"[[""rotowire"", ""19051""]]",unmatched,Dylan Questad,p_4ade4299aa4a5f89927b257f,pitcher,s_80c59548c0a23c9804051862,r_fb1ed5dc76fc8939cd1d080a,2026,RotoWire,MIN
,"[[""rotowire"", ""19261""]]",unmatched,Joshua Quezada,p_af8ed498688b56907e633ada,pitcher,s_dcd7d3858a4e6cf2fbfc4ba5,r_fb1ed5dc76fc8939cd1d080a,2026,RotoWire,MIL
,"[[""rotowire"", ""15791""]]",unmatched,Jose Quijada,p_359c4b8937e5970b4d98d188,pitcher,s_cdfdfcd14b77ba9694b65eba,r_fb1ed5dc76fc8939cd1d080a,2026,RotoWire,FA
,"[[""rotowire"", ""20702""]]",unmatched,Luis Quinones,p_fb4d2336dde6c5d2f8a8c98b,pitcher,s_ef3c41863453d3ff25228c4f,r_fb1ed5dc76fc8939cd1d080a,2026,RotoWire,FA
s_663b6df7ca0eac8d1908db03,"[[""rotowire"", ""12329""]]",matched,Jose Quintana,p_d4a9b50b3224024b900f4e0c,pitcher,s_fb0d3cfd17a322f0e6f31d1b,r_fb1ed5dc76fc8939cd1d080a,2026,RotoWire,COL
s_e03064dd726833b98b698eed,"[[""rotowire"", ""14297""]]",matched,Cole Ragans,p_9e7db66bfc565b709fe46853,pitcher,s_a6a3f778bf284c7e5a1576d8,r_fb1ed5dc76fc8939cd1d080a,2026,RotoWire,KC
,"[[""rotowire"", ""16844""]]",unmatched,Carson Ragsdale,p_14b0fbb144be3acccfb6de37,pitcher,s_54e3cae4f5fb1d935c19542c,r_fb1ed5dc76fc8939cd1d080a,2026,RotoWire,FA
s_c70c0041d778aa295c688374,"[[""rotowire"", ""13886""]]",matched,Tanner Rainey,p_80dabc460f667d0aafb8ff5c,pitcher,s_a8693cc26f592a1ebad8f2c2,r_fb1ed5dc76fc8939cd1d080a,2026,RotoWire,DET
s_e861e753e189c8f5e4b96d69,"[[""rotowire"", ""16821""]]",matched,Max Rajcic,p_116ae62fa49115e6533fcf6d,pitcher,s_f6d11fb46f17d9d6a3756ac8,r_fb1ed5dc76fc8939cd1d080a,2026,RotoWire,STL
s_ffe9c1e8694ec9c3887515b4,"[[""rotowire"", ""10987""]]",matched,Brooks Raley,p_fc18f428295d7ad8c21b667f,pitcher,s_637203bc35b263633e3d8c0e,r_fb1ed5dc76fc8939cd1d080a,2026,RotoWire,NYM
s_9a33a127e9d26d272020a0fc,"[[""rotowire"", ""16383""]]",matched,Jack Ralston,p_1001641b01e3c2ddf44b4ee5,pitcher,s_f089b9db3725ba3a812dbd06,r_fb1ed5dc76fc8939cd1d080a,2026,RotoWire,MIA
,"[[""rotowire"", ""16446""]]",unmatched,Aldo Ramirez,p_e0ebf0d3f502bc55c9316007,pitcher,s_cf41119cb2fdc6f8f74dfe34,r_fb1ed5dc76fc8939cd1d080a,2026,RotoWire,FA
s_e2b7a4ffb61867693ef7217b,"[[""rotowire"", ""16516""]]",matched,Yohan Ramirez,p_20b5e71becf329de17a636b1,pitcher,s_65b00dc9057a80ce7c7e8b12,r_fb1ed5dc76fc8939cd1d080a,2026,RotoWire,PIT
,"[[""rotowire"", ""12285""]]",unmatched,Nick Ramirez,p_837f519177f2a1626b0c66dc,pitcher,s_64b53aa32d74f9df5c6978c4,r_fb1ed5dc76fc8939cd1d080a,2026,RotoWire,FA
,"[[""rotowire"", ""12117""]]",unmatched,Erasmo Ramirez,p_1d65fb95d62bf324cbf07c1a,pitcher,s_a7857f8317f315259752db4e,r_fb1ed5dc76fc8939cd1d080a,2026,RotoWire,FA
,"[[""rotowire"", ""19426""]]",unmatched,Emmanuel Ramirez,p_0dbf64f93e11be8bd5edf7f4,pitcher,s_d1a72f07a36bc3f2fd41857c,r_fb1ed5dc76fc8939cd1d080a,2026,RotoWire,FA
,"[[""rotowire"", ""19436""]]",unmatched,Irwin Ramirez,p_c17cfa76776fd1dd308181ba,pitcher,s_4826f6f6009ef2a9293c3111,r_fb1ed5dc76fc8939cd1d080a,2026,RotoWire,PIT
,"[[""rotowire"", ""20098""]]",unmatched,Kelvin Ramirez,p_6a364255268c697ce7b7f1bf,pitcher,s_59595f9da87204503c13cae3,r_fb1ed5dc76fc8939cd1d080a,2026,RotoWire,LAD
s_f5bee729ac0e6c1fdf4ea190,"[[""rotowire"", ""20552""]]",matched,Wilkin Ramos,p_93bf9339edbf6229883985c6,pitcher,s_3f22d4c952ee95164ec0b5e4,r_fb1ed5dc76fc8939cd1d080a,2026,RotoWire,SF
,"[[""rotowire"", ""19063""]]",unmatched,Ryan Ramsey,p_67e0c69468b4844c5b31e1d5,pitcher,s_9779ff007281801b8e7be7ff,r_fb1ed5dc76fc8939cd1d080a,2026,RotoWire,KC
,"[[""rotowire"", ""19108""]]",unmatched,Lane Ramsey,p_3dba5d1d422d42d66620b831,pitcher,s_e00f546081607c25513a1969,r_fb1ed5dc76fc8939cd1d080a,2026,RotoWire,FA
,"[[""rotowire"", ""19616""]]",unmatched,Josh Randall,p_a7c93c88b90efb16d91652f0,pitcher,s_d1189befe3c2d44aac7dc167,r_fb1ed5dc76fc8939cd1d080a,2026,RotoWire,WSH
,"[[""rotowire"", ""18295""]]",unmatched,Scott Randall,p_334ed39b82db49bb030fdfd9,pitcher,s_8932f2727a7711ab8cf8647c,r_fb1ed5dc76fc8939cd1d080a,2026,RotoWire,PIT
s_cc48adc7e7c4a0f879ba9d71,"[[""rotowire"", ""17683""]]",matched,Alan Rangel,p_f0e21bded869dafe4b07e71f,pitcher,s_1306549d3213edc8ecff3adf,r_fb1ed5dc76fc8939cd1d080a,2026,RotoWire,PHI
s_76954ad09ce1e1e8e309f81b,"[[""rotowire"", ""14909""]]",matched,Nick Raquet,p_caa0b49368710031fd01f701,pitcher,s_f04819d968a89483c89ca8bf,r_fb1ed5dc76fc8939cd1d080a,2026,RotoWire,STL
s_b2d31f92e15b774e1e30b661,"[[""rotowire"", ""20524""]]",matched,Taylor Rashi,p_0f33dc90f5cb990ad4d0247b,pitcher,s_32fc41121701bbd4b928dfa5,r_fb1ed5dc76fc8939cd1d080a,2026,RotoWire,ARI
s_d9fa592e7e5342ae84c12bc5,"[[""rotowire"", ""14877""]]",matched,Drew Rasmussen,p_2442495cf935c13e35ace791,pitcher,s_37dd8694ee1cdc7bee097711,r_fb1ed5dc76fc8939cd1d080a,2026,RotoWire,TB
s_bae3dd035a60d3654faed026,"[[""rotowire"", ""11599""]]",matched,Robbie Ray,p_5622eaf6fed51b2f0badc28f,pitcher,s_1cf282f8f0fdbe6a0c106925,r_fb1ed5dc76fc8939cd1d080a,2026,RotoWire,SF
,"[[""rotowire"", ""16839""]]",unmatched,Johnny Ray,p_8728b54069b7529c3957c786,pitcher,s_b8e9d207890cd35f2a27e5bc,r_fb1ed5dc76fc8939cd1d080a,2026,RotoWire,CWS
,"[[""rotowire"", ""18123""]]",unmatched,Dylan Ray,p_0724cefd51ae3242064a8e01,pitcher,s_a9ac17fb9f98f221e9a743d0,r_fb1ed5dc76fc8939cd1d080a,2026,RotoWire,ARI
s_1e5845e6017f54126a793236,"[[""rotowire"", ""16893""]]",matched,Marco Raya,p_34f7258033fc0f715c7802e8,pitcher,s_22d1e530480aaba64d14b225,r_fb1ed5dc76fc8939cd1d080a,2026,RotoWire,MIN
,"[[""rotowire"", ""20726""]]",unmatched,Oscar Rayo,p_992ad9015cb2aa396312466d,pitcher,s_d9d9f509abebb0533c025dfa,r_fb1ed5dc76fc8939cd1d080a,2026,RotoWire,FA
s_3f6a776c02184b7a4c4ac560,"[[""rotowire"", ""13786""]]",matched,Colin Rea,p_5a5e5a4baec1ff0e99cb37c5,pitcher,s_d350e1bbe96980c7f3d8ee67,r_fb1ed5dc76fc8939cd1d080a,2026,RotoWire,CHC
,"[[""rotowire"", ""19210""]]",unmatched,Joe Record,p_fd64a0388230cb769715cbac,pitcher,s_8fcdbbd61c39d7ac312ccb38,r_fb1ed5dc76fc8939cd1d080a,2026,RotoWire,FA
,"[[""rotowire"", ""18840""]]",unmatched,Carlson Reed,p_d97494dd5721edb8fd718b03,pitcher,s_b5139af084e44d15187973cf,r_fb1ed5dc76fc8939cd1d080a,2026,RotoWire,PIT
,"[[""rotowire"", ""14245""]]",unmatched,Michael Reed,p_50a7c478a6b3fe725e1abe6d,pitcher,s_f9a804e6d3b4826d2a8d1d00,r_fb1ed5dc76fc8939cd1d080a,2026,RotoWire,TEX
,"[[""rotowire"", ""17069""]]",unmatched,Sheldon Reed,p_bcc3d7daa7e2ef106744b31d,pitcher,s_ad12a7bd5f6ce79f1ebe816c,r_fb1ed5dc76fc8939cd1d080a,2026,RotoWire,FA
,"[[""rotowire"", ""13376""]]",unmatched,Sean Reid-Foley,p_6246cc810be27913fc4eeb5f,pitcher,s_bc641d071409036d464ae785,r_fb1ed5dc76fc8939cd1d080a,2026,RotoWire,ATL
,"[[""rotowire"", ""17040""]]",unmatched,Evan Reifert,p_fc71c77f7e94265881d24de9,pitcher,s_5c7f9521f175f221fcfdddbe,r_fb1ed5dc76fc8939cd1d080a,2026,RotoWire,TB
,"[[""rotowire"", ""16855""]]",unmatched,Patrick Reilly,p_34572f31be682dbd51bef530,pitcher,s_4480789cc7fbd4ffe55993e1,r_fb1ed5dc76fc8939cd1d080a,2026,RotoWire,BAL
,"[[""rotowire"", ""20091""]]",unmatched,Tyler Renz,p_381894765a5c48547271fc0e,pitcher,s_df6f3692944cfc2179f05b9f,r_fb1ed5dc76fc8939cd1d080a,2026,RotoWire,MIL
,"[[""rotowire"", ""19789""]]",unmatched,Jeremy Reyes,p_2c9452dbee59a5a9c297b040,pitcher,s_8ef8cd81d7606607c4802aee,r_fb1ed5dc76fc8939cd1d080a,2026,RotoWire,ATL
,"[[""rotowire"", ""19372""]]",unmatched,Dalvinson Reyes,p_9a19775d77b7ff379bf16368,pitcher,s_9451a3d4ab55d093ced997b3,r_fb1ed5dc76fc8939cd1d080a,2026,RotoWire,BOS
,"[[""rotowire"", ""15793""]]",unmatched,Gerardo Reyes,p_d760dcb24e830da1cb5d314c,pitcher,s_dcc5bedff60696b3659c4058,r_fb1ed5dc76fc8939cd1d080a,2026,RotoWire,ATH
,"[[""rotowire"", ""20691""]]",unmatched,Angel Reyes,p_851d479ddf69107c89f9932b,pitcher,s_37ea483cb9598e3a94ee4b54,r_fb1ed5dc76fc8939cd1d080a,2026,RotoWire,FA
,"[[""rotowire"", ""18145""]]",unmatched,Eric Reyzelman,p_014dc82c29635e4b2eecf269,pitcher,s_a011d20976bf682dd7c9dd75,r_fb1ed5dc76fc8939cd1d080a,2026,RotoWire,NYY
s_63d87bd78c9fdfb2edf587b0,"[[""rotowire"", ""19784""]]",matched,Orlando Ribalta,p_b9be4dd9135ef8202ccbf94b,pitcher,s_bbcead23d18fa363242baa4f,r_fb1ed5dc76fc8939cd1d080a,2026,RotoWire,WSH
s_42679011183bc609a2a3e900,"[[""rotowire"", ""15127""]]",matched,Trevor Richards,p_55e0b0cdfd06f59a14884d19,pitcher,s_d34941c1e867d48ced402636,r_fb1ed5dc76fc8939cd1d080a,2026,RotoWire,PHI
s_b09c21c3a44ee882d2b2851b,"[[""rotowire"", ""15453""]]",matched,Lyon Richardson,p_adfce089754d8fcf93c9d6eb,pitcher,s_8e53ce8d309a52865a0c6df4,r_fb1ed5dc76fc8939cd1d080a,2026,RotoWire,CIN
,"[[""rotowire"", ""15949""]]",unmatched,Stephen Ridings,p_8ae8df4f41192541506244f3,pitcher,s_c731b223f76d3c190714071c,r_fb1ed5dc76fc8939cd1d080a,2026,RotoWire,LAD
,"[[""rotowire"", ""15907""]]",unmatched,Trey Riley,p_d93507d836690f036b2cb140,pitcher,s_fc91f992bb33152db5ac538e,r_fb1ed5dc76fc8939cd1d080a,2026,RotoWire,FA
s_d8eea2750a42b4ba8ea94fb3,"[[""rotowire"", ""20500""]]",matched,Hancel Rincon,p_d1d18bba4583a9d5fb70e080,pitcher,s_467469ee746b2f53390e6898,r_fb1ed5dc76fc8939cd1d080a,2026,RotoWire,STL
,"[[""rotowire"", ""19094""]]",unmatched,Logan Rinehart,p_60bfed7e639854f58cae366a,pitcher,s_c00baf942baa5fbe9a6b4a25,r_fb1ed5dc76fc8939cd1d080a,2026,RotoWire,BAL
s_6398e02c1e692489803296b1,"[[""rotowire"", ""14077""]]",matched,Yacksel Rios,p_52192aa00351b1a71ee2c4b3,pitcher,s_eeb719c2d8ca42c5c8e983f1,r_fb1ed5dc76fc8939cd1d080a,2026,RotoWire,CHC
s_aa22a775de339f274f4f22d3,"[[""rotowire"", ""17964""]]",matched,JR Ritchie,p_7c9ea4fc0117961c6e7b012c,pitcher,s_34c90b220beb1c5d31693988,r_fb1ed5dc76fc8939cd1d080a,2026,RotoWire,ATL
,"[[""rotowire"", ""17914""]]",unmatched,Yaqui Rivera,p_7f088a753e104705f96f2555,pitcher,s_3647077ff1c360c5a5b6c0ba,r_fb1ed5dc76fc8939cd1d080a,2026,RotoWire,BAL
,"[[""rotowire"", ""20077""]]",unmatched,Bryan Rivera,p_f42e16ba942e56ca49d859e3,pitcher,s_b038b0e3255523a7487e808c,r_fb1ed5dc76fc8939cd1d080a,2026,RotoWire,MIL
s_c6a81795a2a8f7afac5fc285,"[[""rotowire"", ""19939""]]",matched,Eduardo Rivera,p_2ae6b10075130e19d90d4b32,pitcher,s_9964f4b2c567f60400c3def3,r_fb1ed5dc76fc8939cd1d080a,2026,RotoWire,BOS
,"[[""rotowire"", ""16224""]]",unmatched,Erik Rivera,p_64b44823ee8e8828c9304bb9,pitcher,s_9ccc27e9fd1a4ab45efcbf01,r_fb1ed5dc76fc8939cd1d080a,2026,RotoWire,BOS
,"[[""rotowire"", ""19074""]]",unmatched,Jesus Rivero,p_0f54bb27ac7719d0373f532c,pitcher,s_6251e89f4d6e904c43d56a79,r_fb1ed5dc76fc8939cd1d080a,2026,RotoWire,FA
s_169702df02e5dc6240affc09,"[[""rotowire"", ""16874""]]",matched,Christian Roa,p_d27ce95571a74bf9f18770ae,pitcher,s_5e78c576a86e6bab0f527aea,r_fb1ed5dc76fc8939cd1d080a,2026,RotoWire,HOU
,"[[""rotowire"", ""18356""]]",unmatched,Dalton Roach,p_de9b7a93190c04ba52ba88a1,pitcher,s_07ed10a38f5453c2eb1b5149,r_fb1ed5dc76fc8939cd1d080a,2026,RotoWire,FA
,"[[""rotowire"", ""20696""]]",unmatched,Julio Robaina,p_a52370ecb6600f2e1602aa37,pitcher,s_44062ce35691a471b91bf7e7,r_fb1ed5dc76fc8939cd1d080a,2026,RotoWire,FA
,"[[""rotowire"", ""16612""]]",unmatched,Sem Robberse,p_ee69f4a1b7c37b24cec9ebcc,pitcher,s_dcae11277fa5eba132cbe6ed,r_fb1ed5dc76fc8939cd1d080a,2026,RotoWire,STL
,"[[""rotowire"", ""19363""]]",unmatched,Jimmy Robbins,p_6f744c94f43c9b0deed822bf,pitcher,s_f40e6e3d3db25c64107830e7,r_fb1ed5dc76fc8939cd1d080a,2026,RotoWire,FA
,"[[""rotowire"", ""14967""]]",unmatched,Josh Roberson,p_24e0ba003b514c8c5e677197,pitcher,s_2972618633887bf648cd3349,r_fb1ed5dc76fc8939cd1d080a,2026,RotoWire,FA
,"[[""rotowire"", ""17231""]]",unmatched,Austin Roberts,p_1f847d6aedd9194350be161f,pitcher,s_cf5203d8b2e6e35c77ae2549,r_fb1ed5dc76fc8939cd1d080a,2026,RotoWire,TEX
s_131c080e77c168a29aa31666,"[[""rotowire"", ""15543""]]",matched,Ethan Roberts,p_68ceebeeae0240ef1eeb496f,pitcher,s_c01ed7b3977f8433d2d996ae,r_fb1ed5dc76fc8939cd1d080a,2026,RotoWire,CHC
,"[[""rotowire"", ""10046""]]",unmatched,David Robertson,p_cae67aa5fd092dca6407ccd8,pitcher,s_29eb45dfe64f9c97365eeda9,r_fb1ed5dc76fc8939cd1d080a,2026,RotoWire,FA
,"[[""rotowire"", ""18801""]]",unmatched,Nick Robertson,p_9a848c254321ebf384047c73,pitcher,s_38db6b547c27edbdc8fb211e,r_fb1ed5dc76fc8939cd1d080a,2026,RotoWire,LAD
,"[[""rotowire"", ""19671""]]",unmatched,Hayden Robinson,p_7f4f79f9e082e47304b46a2d,pitcher,s_964e96d4f2edc9e17f52a918,r_fb1ed5dc76fc8939cd1d080a,2026,RotoWire,MIL
,"[[""rotowire"", ""19650""]]",unmatched,Kyle Robinson,p_2fa0dba5e7e2c44d53a85e07,pitcher,s_7482c9b46d46d0a4bff3154e,r_fb1ed5dc76fc8939cd1d080a,2026,RotoWire,ATH
,"[[""rotowire"", ""17922""]]",unmatched,Cam Robinson,p_d200d9ccd80016f0eef291b4,pitcher,s_318da9a3230766cc053b9185,r_fb1ed5dc76fc8939cd1d080a,2026,RotoWire,TB
,"[[""rotowire"", ""19347""]]",unmatched,Benony Robles,p_c0689aec9e48ffbf2de8cacb,pitcher,s_efda3b2bf34aa863d2bd4547,r_fb1ed5dc76fc8939cd1d080a,2026,RotoWire,FA
,"[[""rotowire"", ""17107""]]",unmatched,Domingo Robles,p_5df3104da0bef4f994bd63ec,pitcher,s_0dfd670c3f2677e0115f6ee3,r_fb1ed5dc76fc8939cd1d080a,2026,RotoWire,ATH
,"[[""rotowire"", ""16823""]]",unmatched,Tekoah Roby,p_29dd55c8416d6f8a38cec3fe,pitcher,s_6acfc0cf92ec3769118e8536,r_fb1ed5dc76fc8939cd1d080a,2026,RotoWire,STL
s_c4296c09d103c433ac7da1f9,"[[""rotowire"", ""17372""]]",matched,Joe Rock,p_00b956086b42d4f7340ce048,pitcher,s_54c0ac7b707bc9ebdbb2400a,r_fb1ed5dc76fc8939cd1d080a,2026,RotoWire,TB
s_379fd56c772cc7d1ff00ab34,"[[""rotowire"", ""15407""]]",matched,Kumar Rocker,p_98cc697758a3fc95df098ccd,pitcher,s_dce6bd9fb247e0c772258f87,r_fb1ed5dc76fc8939cd1d080a,2026,RotoWire,TEX
s_6cedfdf068149801d8107b77,"[[""rotowire"", ""13347""]]",matched,Carlos Rodon,p_410328aef7c939f61d4b7528,pitcher,s_6456f23fd603e1cd5ff01938,r_fb1ed5dc76fc8939cd1d080a,2026,RotoWire,NYY
,"[[""rotowire"", ""13219""]]",unmatched,Joely Rodriguez,p_91e293fc173a9d904a772bf9,pitcher,s_9e870f299352468d19a9642b,r_fb1ed5dc76fc8939cd1d080a,2026,RotoWire,FA
,"[[""rotowire"", ""11251""]]",unmatched,Wilking Rodriguez,p_603251841e763dce06a8f1ec,pitcher,s_a6d14eb02d73c85b3aa48559,r_fb1ed5dc76fc8939cd1d080a,2026,RotoWire,NYY
s_2ce5969f1a6c54b9ce9f38de,"[[""rotowire"", ""12783""]]",matched,Eduardo Rodriguez,p_9d5fc19a3ec0a2b92dad5383,pitcher,s_99c3755f96a5159021601588,r_fb1ed5dc76fc8939cd1d080a,2026,RotoWire,ARI
,"[[""rotowire"", ""14385""]]",unmatched,Chris Rodriguez,p_deaec0507b53cc4e816811a9,pitcher,s_6c0f148485b06bb297508cba,r_fb1ed5dc76fc8939cd1d080a,2026,RotoWire,CWS
s_c3c1c6b22615e72a1371e650,"[[""rotowire"", ""15420""]]",matched,Grayson Rodriguez,p_3d69f7e4ccbcfe929ed1f539,pitcher,s_3325bfa78bf10dc69c400482,r_fb1ed5dc76fc8939cd1d080a,2026,RotoWire,LAA
,"[[""rotowire"", ""15198""]]",unmatched,Elvin Rodriguez,p_27bd8d698914d52a637c58ce,pitcher,s_abf5bebae389ba05001bb6b1,r_fb1ed5dc76fc8939cd1d080a,2026,RotoWire,FA
,"[[""rotowire"", ""15606""]]",unmatched,Osiel Rodriguez,p_11c16701fc5e0df05356bf4a,pitcher,s_89b6e89003a10559c7ad21bd,r_fb1ed5dc76fc8939cd1d080a,2026,RotoWire,FA
,"[[""rotowire"", ""15881""]]",unmatched,Yerry Rodriguez,p_d93f69fe1b3dd24fce7dd1b4,pitcher,s_332c51ff8ed2eb23408cdfb7,r_fb1ed5dc76fc8939cd1d080a,2026,RotoWire,NYY
s_a019f26f6fc04b2a7270d9a0,"[[""rotowire"", ""17554""]]",matched,Elmer Rodriguez,p_b773b485dc612974de0ee445,pitcher,s_606f7a3464f8c16f52c9f22f,r_fb1ed5dc76fc8939cd1d080a,2026,RotoWire,NYY
,"[[""rotowire"", ""17848""]]",unmatched,Luis R. Rodriguez,p_08cd1522246a96572e070152,pitcher,s_6d60d46a6a1fb407f2dfe4f3,r_fb1ed5dc76fc8939cd1d080a,2026,RotoWire,NYM
,"[[""rotowire"", ""18745""]]",unmatched,Dionys Rodriguez,p_9f22436452165a5c8a80f762,pitcher,s_56f02625fc347e17d902fe45,r_fb1ed5dc76fc8939cd1d080a,2026,RotoWire,STL
,"[[""rotowire"", ""19481""]]",unmatched,Aneuris Rodriguez,p_52fc44cad857c8ddd6b6a671,pitcher,s_84261cd6d8d578de0bf552fb,r_fb1ed5dc76fc8939cd1d080a,2026,RotoWire,BAL
,"[[""rotowire"", ""19271""]]",unmatched,Yerlin Rodriguez,p_bc0277b17a8e9811140001f6,pitcher,s_8c2c848b20e802e17c8224b5,r_fb1ed5dc76fc8939cd1d080a,2026,RotoWire,MIL
s_04175b3014e4b6bc1aa8e8e7,"[[""rotowire"", ""19854""]]",matched,Bradgley Rodriguez,p_e44c55c882f52d9ec55bfae3,pitcher,s_c8bd17a0575cbb20ff13cd4e,r_fb1ed5dc76fc8939cd1d080a,2026,RotoWire,SD
,"[[""rotowire"", ""20713""]]",unmatched,Erian Rodriguez,p_8a28cc9d054d6434266361a0,pitcher,s_8195e540d14c42cfca935317,r_fb1ed5dc76fc8939cd1d080a,2026,RotoWire,FA
,"[[""rotowire"", ""20119""]]",unmatched,Raimy Rodriguez,p_ff4a760b29af35430b1ba7fd,pitcher,s_96643a457aee2612d106ae3d,r_fb1ed5dc76fc8939cd1d080a,2026,RotoWire,HOU
,"[[""rotowire"", ""20657""]]",unmatched,Grant Rogers,p_105c47a7ded5005d70b9fb31,pitcher,s_ef50e79ad96460c31a215dd6,r_fb1ed5dc76fc8939cd1d080a,2026,RotoWire,TOR
,"[[""rotowire"", ""18120""]]",unmatched,Dalton Rogers,p_e2a2f48da815679b71f8c71b,pitcher,s_12f223a6cacbbbf6039630cf,r_fb1ed5dc76fc8939cd1d080a,2026,RotoWire,BOS
s_d6c2b213a83e03fd390d17b8,"[[""rotowire"", ""16438""]]",matched,Tyler Rogers,p_37fb98747cdcda0fbfec7784,pitcher,s_840cd45daf0bd55c83035bb1,r_fb1ed5dc76fc8939cd1d080a,2026,RotoWire,TOR
,"[[""rotowire"", ""15594""]]",unmatched,Josh Rogers,p_8bc0eb4fa1390c8832e01c74,pitcher,s_b7d6c2c7b595eaed3afcbdd4,r_fb1ed5dc76fc8939cd1d080a,2026,RotoWire,COL
s_538ecb5860c783a6c22d65fd,"[[""rotowire"", ""14790""]]",matched,Trevor Rogers,p_22eee69f8ac0239b99b11b78,pitcher,s_040c3eee8fd2be1c1435fcd4,r_fb1ed5dc76fc8939cd1d080a,2026,RotoWire,BAL
s_b8c82f6baaad08a66d741170,"[[""rotowire"", ""13742""]]",matched,Taylor Rogers,p_87897e21381c92d01d1670b6,pitcher,s_2ad1be98a537593b78c5a813,r_fb1ed5dc76fc8939cd1d080a,2026,RotoWire,MIN
s_32e97f3fe19afb129b8275a0,"[[""rotowire"", ""17114""]]",matched,Kendry Rojas,p_8471050f369a301b6f71c4be,pitcher,s_cca07111c90b3a8ff824826c,r_fb1ed5dc76fc8939cd1d080a,2026,RotoWire,MIN
s_9cab4f4bd468b0b20f5c03ab,"[[""rotowire"", ""14303""]]",matched,Ryan Rolison,p_6e0c3901af2303ff2f765958,pitcher,s_2db5ae81a85ee7ef6e1914bf,r_fb1ed5dc76fc8939cd1d080a,2026,RotoWire,CHC
s_cd1c1974a1477f2a4c422242,"[[""rotowire"", ""15533""]]",matched,Drew Rom,p_e219e5c6f7ec667410973dec,pitcher,s_f25aa55f8fa314259de30f86,r_fb1ed5dc76fc8939cd1d080a,2026,RotoWire,MIL
s_4033b8861a79fc5d8511b860,"[[""rotowire"", ""15493""]]",matched,Jordan Romano,p_ab8444dc7f51611939832036,pitcher,s_58716c7b1f611dfbc75b036c,r_fb1ed5dc76fc8939cd1d080a,2026,RotoWire,LAA
,"[[""rotowire"", ""13196""]]",unmatched,Sal Romano,p_98fa735a9344bcb14a47f0a6,pitcher,s_7ff3eca99db48e291d9e96e0,r_fb1ed5dc76fc8939cd1d080a,2026,RotoWire,FA
,"[[""rotowire"", ""19846""]]",unmatched,Josiah Romeo,p_e6ed2f4390698ba25f008584,pitcher,s_b866ff0ae81c28c8ec4f5beb,r_fb1ed5dc76fc8939cd1d080a,2026,RotoWire,ATH
s_087733b6e0a9e33cc7328b09,"[[""rotowire"", ""14373""]]",matched,JoJo Romero,p_90e71871268b32dfc6280b86,pitcher,s_6af89f9d728dbb984fd9770b,r_fb1ed5dc76fc8939cd1d080a,2026,RotoWire,STL
,"[[""rotowire"", ""15491""]]",unmatched,Tommy Romero,p_3c86d3ddfd1d92fd6db8b8cc,pitcher,s_3b9129e63c9eeeb161b21a8f,r_fb1ed5dc76fc8939cd1d080a,2026,RotoWire,CHC
,"[[""rotowire"", ""15527""]]",unmatched,John Rooney,p_e3696a72f63895eb0fc84efe,pitcher,s_13054817cdc26e73b749e682,r_fb1ed5dc76fc8939cd1d080a,2026,RotoWire,TB
,"[[""rotowire"", ""19768""]]",unmatched,Jarold Rosado,p_81cb4922d0aba9c1a00f6252,pitcher,s_89b2a3d05a5b75c7bbab08be,r_fb1ed5dc76fc8939cd1d080a,2026,RotoWire,CWS
,"[[""rotowire"", ""20103""]]",unmatched,Leomar Rosario,p_2a484ecf84346795df8c88cd,pitcher,s_636a6ed33e5872622ff8ede3,r_fb1ed5dc76fc8939cd1d080a,2026,RotoWire,HOU
,"[[""rotowire"", ""15620""]]",unmatched,Jerming Rosario,p_946bd4ed2f38065fbe8283b3,pitcher,s_21d7300a606bb260a5b6e0dd,r_fb1ed5dc76fc8939cd1d080a,2026,RotoWire,LAD
,"[[""rotowire"", ""16735""]]",unmatched,Alejandro Rosario,p_0f964d80721a9ea8b8a21133,pitcher,s_8f67068e7a359fde14386a81,r_fb1ed5dc76fc8939cd1d080a,2026,RotoWire,WSH
,"[[""rotowire"", ""17715""]]",unmatched,Kenny Rosenberg,p_778f06227f7c55f5dd5bf042,pitcher,s_60ebb92ac2b3f3de64ab634d,r_fb1ed5dc76fc8939cd1d080a,2026,RotoWire,FA
s_7065b35b37c9f2e8b8b054af,"[[""rotowire"", ""17395""]]",matched,Dylan Ross,p_ed52312eef709ee07ba3e575,pitcher,s_f57f26300e7937d94787a766,r_fb1ed5dc76fc8939cd1d080a,2026,RotoWire,NYM
s_cbb3c1d2a8c132d1ad84ba6e,"[[""rotowire"", ""12163""]]",matched,Joe Ross,p_ad8eeecb96286785de1abf84,pitcher,s_83a4514dd29ab0c79b5cb41f,r_fb1ed5dc76fc8939cd1d080a,2026,RotoWire,ARI
,"[[""rotowire"", ""20436""]]",unmatched,Houston Roth,p_f430461ae583e896a48012af,pitcher,s_d57c5c71bc208405ae5ae4c1,r_fb1ed5dc76fc8939cd1d080a,2026,RotoWire,FA
s_ae617e77811c551905d1956a,"[[""rotowire"", ""18192""]]",matched,Landen Roupp,p_611b50d11016f9e5bac93980,pitcher,s_09d2de1272ae381f1d9c023d,r_fb1ed5dc76fc8939cd1d080a,2026,RotoWire,SF
,"[[""rotowire"", ""19781""]]",unmatched,Ethan Routzahn,p_04947fea5bb175d6850f0e6d,pitcher,s_713773b6e57b466cdb427154,r_fb1ed5dc76fc8939cd1d080a,2026,RotoWire,SD
s_69c17ad090cf255463a321f6,"[[""rotowire"", ""16988""]]",matched,Braxton Roxby,p_3f657a30af6cf3b6b118dd7d,pitcher,s_edd9bb08e95c85b661ef894c,r_fb1ed5dc76fc8939cd1d080a,2026,RotoWire,SF
s_5652250de2f0aa58549c84fc,"[[""rotowire"", ""19461""]]",matched,Chris Roycroft,p_1db467c6cfbfe96ad057338e,pitcher,s_2421ef963564baf926d17465,r_fb1ed5dc76fc8939cd1d080a,2026,RotoWire,STL
s_13fb3f27751c8cb7723cf168,"[[""rotowire"", ""16517""]]",matched,Michael Rucker,p_a8e02f57bd3e35b91149c0d6,pitcher,s_f6cb34db02de259e9dc338f6,r_fb1ed5dc76fc8939cd1d080a,2026,RotoWire,SEA
,"[[""rotowire"", ""18148""]]",unmatched,Will Rudy,p_b90a8592b411c7a23842e5d1,pitcher,s_021366611d24af26afc301e2,r_fb1ed5dc76fc8939cd1d080a,2026,RotoWire,MIL
,"[[""rotowire"", ""19898""]]",unmatched,Jason Ruffcorn,p_69dbe05fbf673186cc2f4e31,pitcher,s_36ee76edb45a76bb6bd82352,r_fb1ed5dc76fc8939cd1d080a,2026,RotoWire,SEA
,"[[""rotowire"", ""12271""]]",unmatched,Jose Ruiz,p_fa348e8a3e9e503fc5deebc7,pitcher,s_c75ecb82e693d36b10a3f996,r_fb1ed5dc76fc8939cd1d080a,2026,RotoWire,FA
,"[[""rotowire"", ""19903""]]",unmatched,Luis Rujano,p_1a3d54f1dc6d2e7e544941fc,pitcher,s_1e916766ed4f29044bc41a16,r_fb1ed5dc76fc8939cd1d080a,2026,RotoWire,CHC
,"[[""rotowire"", ""16155""]]",unmatched,Carter Rustad,p_7dace6bd956c52681256782e,pitcher,s_de094ffb57195f9233ed5753,r_fb1ed5dc76fc8939cd1d080a,2026,RotoWire,BAL
s_68c072291942362e11845eb7,"[[""rotowire"", ""16050""]]",matched,Jackson Rutledge,p_61da229a19dcb37d006d054f,pitcher,s_71785e40add7a0fefb436075,r_fb1ed5dc76fc8939cd1d080a,2026,RotoWire,WSH
s_0eb158763db43afda1e1099c,"[[""rotowire"", ""16036""]]",matched,Joe Ryan,p_6d19fe3af838d3bcaf19f868,pitcher,s_0e5da867aa1de12b938c27cc,r_fb1ed5dc76fc8939cd1d080a,2026,RotoWire,MIN
,"[[""rotowire"", ""15165""]]",unmatched,Ryder Ryan,p_03110a2bbf4423cab2680858,pitcher,s_cdac869a92c60484c754e0e2,r_fb1ed5dc76fc8939cd1d080a,2026,RotoWire,LAD
s_a1b00f75365ead733d139567,"[[""rotowire"", ""17815""]]",matched,River Ryan,p_28b88c75bbb3485832e0fbb1,pitcher,s_0a2c3f9c3fc122467cbdd7ca,r_fb1ed5dc76fc8939cd1d080a,2026,RotoWire,LAD
,"[[""rotowire"", ""19161""]]",unmatched,Andrew Saalfrank,p_3a1cb7d74d6ff8302a97f30f,pitcher,s_7df439f898c1bc1e181462f3,r_fb1ed5dc76fc8939cd1d080a,2026,RotoWire,ARI
,"[[""rotowire"", ""14107""]]",unmatched,Connor Sadzeck,p_baa75b62c2c6fc51e2c6fec5,pitcher,s_ef533494101bcde88c0d99e3,r_fb1ed5dc76fc8939cd1d080a,2026,RotoWire,FA
,"[[""rotowire"", ""17473""]]",unmatched,Dustin Saenz,p_8aa4f7fd4ee4e75d1cc5eaa8,pitcher,s_84d78e0a4b7f2c80ff9f8917,r_fb1ed5dc76fc8939cd1d080a,2026,RotoWire,WSH
,"[[""rotowire"", ""19488""]]",unmatched,Darlin Saladin,p_0fe6be9f4f3e076928795a6e,pitcher,s_b4b1dad222dac95790478b4a,r_fb1ed5dc76fc8939cd1d080a,2026,RotoWire,STL
,"[[""rotowire"", ""20472""]]",unmatched,Kelvis Salcedo,p_be4ec98000a3a3f3466dbf3b,pitcher,s_03e0973bc87b5aa1765fd957,r_fb1ed5dc76fc8939cd1d080a,2026,RotoWire,DET
s_416a0416056653840abfb008,"[[""rotowire"", ""11438""]]",matched,Chris Sale,p_08803fedfc7e3b44562070ba,pitcher,s_dbbbfea419b6d7d993523349,r_fb1ed5dc76fc8939cd1d080a,2026,RotoWire,ATL
,"[[""rotowire"", ""20442""]]",unmatched,R.J. Sales,p_b8f7c16ed1682aa8b8dfc45c,pitcher,s_1e5251743635a9b4312fb6a6,r_fb1ed5dc76fc8939cd1d080a,2026,RotoWire,WSH
,"[[""rotowire"", ""17861""]]",unmatched,Royber Salinas,p_b088b9ec875c2ad95676f83c,pitcher,s_c99af9a4fb8df1b81cb93308,r_fb1ed5dc76fc8939cd1d080a,2026,RotoWire,FA
s_8d2cc45b5cdecfbfa586f95f,"[[""rotowire"", ""18184""]]",matched,Tyler Samaniego,p_e573b05454d024acae1fffe0,pitcher,s_0e502d4fe86e72651791add7,r_fb1ed5dc76fc8939cd1d080a,2026,RotoWire,BOS
,"[[""rotowire"", ""19758""]]",unmatched,Bryan Sammons,p_e5c586f73928fba37a5e2c9d,pitcher,s_7d11ae5b7dcfca7323b43939,r_fb1ed5dc76fc8939cd1d080a,2026,RotoWire,DET
,"[[""rotowire"", ""13571""]]",unmatched,Adrian Sampson,p_51c8b28169bc4f55aacc004a,pitcher,s_9e6ff92000db18228b7d8711,r_fb1ed5dc76fc8939cd1d080a,2026,RotoWire,FA
,"[[""rotowire"", ""11452""]]",unmatched,Aaron Sanchez,p_7ec17e6f73cf9fefa72cb016,pitcher,s_0ebbb5a5daec354a884b024b,r_fb1ed5dc76fc8939cd1d080a,2026,RotoWire,KC
,"[[""rotowire"", ""14508""]]",unmatched,Sixto Sanchez,p_f025cecd90d81d0bfb88159b,pitcher,s_048bea1e7b416aba83b2cb36,r_fb1ed5dc76fc8939cd1d080a,2026,RotoWire,FA
s_60a563d523c043bdcf143980,"[[""rotowire"", ""16500""]]",matched,Cristopher Sanchez,p_c1803acfc69807176b03fceb,pitcher,s_dc4edcfeb371f78279a83f31,r_fb1ed5dc76fc8939cd1d080a,2026,RotoWire,PHI
,"[[""rotowire"", ""16627""]]",unmatched,Yehizon Sanchez,p_214676d70c5471eb4a6ae2b4,pitcher,s_03d97e5533caf88ac254aa77,r_fb1ed5dc76fc8939cd1d080a,2026,RotoWire,MIN
,"[[""rotowire"", ""19833""]]",unmatched,Samuel Sanchez,p_c3ae82af9fc06af700130f7d,pitcher,s_b8c6684ec536e37242d70ccf,r_fb1ed5dc76fc8939cd1d080a,2026,RotoWire,LAD
,"[[""rotowire"", ""18277""]]",unmatched,Franklin Sanchez,p_c66b477ec320c24e29cd0c56,pitcher,s_a26d3356f7dd5a530ee4336d,r_fb1ed5dc76fc8939cd1d080a,2026,RotoWire,MIA
,"[[""rotowire"", ""17219""]]",unmatched,Bryan Sanchez,p_de8d44053c0fe8dfa0480185,pitcher,s_bd39b2ef9298afd06d603790,r_fb1ed5dc76fc8939cd1d080a,2026,RotoWire,WSH
,"[[""rotowire"", ""18940""]]",unmatched,Will Sanders,p_8327f6f6db3d211e454947e6,pitcher,s_2376b5a7179f5ea9df7d962c,r_fb1ed5dc76fc8939cd1d080a,2026,RotoWire,CHC
s_0f7e36472f61b7800f78dc3e,"[[""rotowire"", ""20456""]]",matched,Cam Sanders,p_d84214456f41ba299fcf20c0,pitcher,s_600c196f8ac0683f11c2426b,r_fb1ed5dc76fc8939cd1d080a,2026,RotoWire,PIT
s_318db08a0d612509c65836d5,"[[""rotowire"", ""18771""]]",matched,David Sandlin,p_c1b16bac113e009a04e9d07b,pitcher,s_9d8738be1d0c5786c0050b80,r_fb1ed5dc76fc8939cd1d080a,2026,RotoWire,CWS
s_31ee6e2ec939e8c8890af3d3,"[[""rotowire"", ""15506""]]",matched,Nick Sandlin,p_3d4fddbaa624427c64113cac,pitcher,s_d4b5ce1cf3639220d7a74379,r_fb1ed5dc76fc8939cd1d080a,2026,RotoWire,LAA
s_0ea2708644dd9e9332e7723b,"[[""rotowire"", ""15342""]]",matched,Patrick Sandoval,p_36dec542a06db312dff05ed3,pitcher,s_45e9357a9524ba5a0d2b4ec5,r_fb1ed5dc76fc8939cd1d080a,2026,RotoWire,BOS
,"[[""rotowire"", ""19852""]]",unmatched,Jayvien Sandridge,p_1123fd3a1694eba72180f75f,pitcher,s_b31e2e27238d9092814d4d6f,r_fb1ed5dc76fc8939cd1d080a,2026,RotoWire,LAA
s_bee5879e9b0ee32d61548e56,"[[""rotowire"", ""13859""]]",matched,Cole Sands,p_4ce2bc74d9bdc379de52f9fb,pitcher,s_25a9c78c7de4242d98708902,r_fb1ed5dc76fc8939cd1d080a,2026,RotoWire,MIN
s_aeb19abb8720abdc7c8763ff,"[[""rotowire"", ""15244""]]",matched,Reiver Sanmartin,p_1bd74263d59f9dcb39af1120,pitcher,s_34f2ba02a79a3cd59f095533,r_fb1ed5dc76fc8939cd1d080a,2026,RotoWire,SF
s_85b3b1d93dca046d2aa3541a,"[[""rotowire"", ""17864""]]",matched,Alimber Santa,p_b48582763b8f7f6f91074a0d,pitcher,s_4d92004386fd3d2bf51acae0,r_fb1ed5dc76fc8939cd1d080a,2026,RotoWire,HOU
s_95ce7c73b1a128247f291c84,"[[""rotowire"", ""14486""]]",matched,Dennis Santana,p_49ed2c7ffa16b9279ff3f555,pitcher,s_c4afd328e8d328bc56261722,r_fb1ed5dc76fc8939cd1d080a,2026,RotoWire,PIT
s_0a3d19a4ed4f5f6571c801b3,"[[""rotowire"", ""13870""]]",matched,Tony Santillan,p_ce659b38e92388329f2ca16b,pitcher,s_d3fccd71f956621325a51433,r_fb1ed5dc76fc8939cd1d080a,2026,RotoWire,CIN
,"[[""rotowire"", ""14887""]]",unmatched,Antonio Santos,p_87a08f4289eb9bdff70a77e0,pitcher,s_8a7f8f67a049ebf9939a7b97,r_fb1ed5dc76fc8939cd1d080a,2026,RotoWire,CHC
s_64b350e7ea5fea8a99a83e49,"[[""rotowire"", ""15228""]]",matched,Gregory Santos,p_b94cd2fa50a25f87a513580d,pitcher,s_9999231528a2b32c9b5a6bea,r_fb1ed5dc76fc8939cd1d080a,2026,RotoWire,SF
,"[[""rotowire"", ""15897""]]",unmatched,Junior Santos,p_34ca10bc69fbfcc1ac806486,pitcher,s_853d939b7574e3db70475a16,r_fb1ed5dc76fc8939cd1d080a,2026,RotoWire,FA
,"[[""rotowire"", ""16610""]]",unmatched,Dahian Santos,p_9d93282f12de5551157a1f8d,pitcher,s_2d034e65de2eaea2a1773675,r_fb1ed5dc76fc8939cd1d080a,2026,RotoWire,TOR
s_e85b939d9ff5d349735bfa7a,"[[""rotowire"", ""18204""]]",matched,Winston Santos,p_b862f8fa2a57ec2f1c12850b,pitcher,s_717b202b49e2d1d6506e3750,r_fb1ed5dc76fc8939cd1d080a,2026,RotoWire,TEX
,"[[""rotowire"", ""20703""]]",unmatched,Pedro Santos,p_f9954388f6e1747a2b577703,pitcher,s_4da1b0314fe542ddd20e797a,r_fb1ed5dc76fc8939cd1d080a,2026,RotoWire,FA
,"[[""rotowire"", ""19521""]]",unmatched,Jonathan Santucci,p_95bb70d5ee54955384f3e0cc,pitcher,s_d7dce3d0640cd02083f5bdf6,r_fb1ed5dc76fc8939cd1d080a,2026,RotoWire,NYM
s_82ffd5338e211fd3afdfb428,"[[""rotowire"", ""18363""]]",matched,Roki Sasaki,p_6b8cba5bfea707d3dd734524,pitcher,s_21e2e6dc884cba72d6c8655f,r_fb1ed5dc76fc8939cd1d080a,2026,RotoWire,LAD
s_d88fac072dd19714e9c77ca0,"[[""rotowire"", ""17286""]]",matched,Tayler Saucedo,p_a6fa59945d5551b89676371f,pitcher,s_a2d6c021b62b09f6f243d03d,r_fb1ed5dc76fc8939cd1d080a,2026,RotoWire,LAA
,"[[""rotowire"", ""16831""]]",unmatched,Jason Savacool,p_69de258f48dc132312b6e2be,pitcher,s_3e826cf7cb889ec0d1eba5a2,r_fb1ed5dc76fc8939cd1d080a,2026,RotoWire,STL
,"[[""rotowire"", ""18022""]]",unmatched,Nate Savino,p_3c2fc38076ba5fec99ab3dfd,pitcher,s_4da2f8ea345f9e3b1d23bca0,r_fb1ed5dc76fc8939cd1d080a,2026,RotoWire,ARI
,"[[""rotowire"", ""13888""]]",unmatched,Josh Sborz,p_ad828892bd80008f4a0bb878,pitcher,s_8dda130807604378dc1be6fa,r_fb1ed5dc76fc8939cd1d080a,2026,RotoWire,TEX
,"[[""rotowire"", ""19099""]]",unmatched,Caden Scarborough,p_3fa274ef78ed1d381650269e,pitcher,s_e15a6b7f78bdee6a509d653f,r_fb1ed5dc76fc8939cd1d080a,2026,RotoWire,TEX
s_c1781270882b1b3494a812e5,"[[""rotowire"", ""9278""]]",matched,Max Scherzer,p_0f524fd2285c4e78f5fe8913,pitcher,s_ded2373e1e872aabdbd5aaae,r_fb1ed5dc76fc8939cd1d080a,2026,RotoWire,TOR
,"[[""rotowire"", ""20463""]]",unmatched,Tyler Schlaffer,p_f5bd955f7b600cc96d7a5e87,pitcher,s_e99725d0d9850bb288d81c01,r_fb1ed5dc76fc8939cd1d080a,2026,RotoWire,CHC
,"[[""rotowire"", ""19619""]]",unmatched,Rafe Schlesinger,p_01fa03d3208f70a7d051f67c,pitcher,s_e451640489a84777cadd32de,r_fb1ed5dc76fc8939cd1d080a,2026,RotoWire,CLE
s_f6af86e2f8395c5893fb2480,"[[""rotowire"", ""19844""]]",matched,Cam Schlittler,p_64eadd5a9c1db68fc646be45,pitcher,s_bab8a849edc13b8ecd6655c7,r_fb1ed5dc76fc8939cd1d080a,2026,RotoWire,NYY
,"[[""rotowire"", ""14798""]]",unmatched,Clarke Schmidt,p_f8aa57bef4644632c1796d15,pitcher,s_5752ee1ef7403016eba4736c,r_fb1ed5dc76fc8939cd1d080a,2026,RotoWire,NYY
,"[[""rotowire"", ""18918""]]",unmatched,Cole Schoenwetter,p_1af5a09e7760a20a54cab743,pitcher,s_15dd4c99a6ab35ae1a22de58,r_fb1ed5dc76fc8939cd1d080a,2026,RotoWire,CIN
s_3af0f2b55733566ce1e9cad0,"[[""rotowire"", ""18384""]]",matched,Jesse Scholtens,p_5fdf2f3ccb63b4515b2eb625,pitcher,s_95a63942e2e3135409140952,r_fb1ed5dc76fc8939cd1d080a,2026,RotoWire,TB
,"[[""rotowire"", ""19475""]]",unmatched,Will Schomberg,p_e3dd4e75eef5e8ba2b0788e7,pitcher,s_c63ad4842b5525140146f832,r_fb1ed5dc76fc8939cd1d080a,2026,RotoWire,MIA
s_4c30925d1c63dd4914584625,"[[""rotowire"", ""16428""]]",matched,John Schreiber,p_99369324bab1d4ff69bc1d02,pitcher,s_81a785ed3889cb90122f059f,r_fb1ed5dc76fc8939cd1d080a,2026,RotoWire,KC
,"[[""rotowire"", ""17904""]]",unmatched,Austin Schulfer,p_2242707a2b31566e9c409725,pitcher,s_0e9f3f5ad7bf040abd853e66,r_fb1ed5dc76fc8939cd1d080a,2026,RotoWire,PHI
s_b447a85646f5398849debb01,"[[""rotowire"", ""17966""]]",matched,Noah Schultz,p_5ab8edce0d7c479009e600fb,pitcher,s_d9bf5e047239a453a2cf3afe,r_fb1ed5dc76fc8939cd1d080a,2026,RotoWire,CWS
s_d720321b18dbc1759d2668c8,"[[""rotowire"", ""20082""]]",matched,Paxton Schultz,p_5b7aca63cb468b989990acb9,pitcher,s_0f09798054db7458155c1701,r_fb1ed5dc76fc8939cd1d080a,2026,RotoWire,WSH
,"[[""rotowire"", ""16182""]]",unmatched,Andrew Schultz,p_b6eef9c2f05cbdc70503e989,pitcher,s_c0e2ef55176a49b8cc57e983,r_fb1ed5dc76fc8939cd1d080a,2026,RotoWire,PHI
s_fa9ff96b0611ee041ba209b2,"[[""rotowire"", ""18147""]]",matched,Tyler Schweitzer,p_7ef545114aef3d660b73dcb7,pitcher,s_f1cc739cd0673a2a07c1f5be,r_fb1ed5dc76fc8939cd1d080a,2026,RotoWire,CWS
,"[[""rotowire"", ""17342""]]",unmatched,Spencer Schwellenbach,p_dae2cbdd6aaffa6c61bee2de,pitcher,s_aa80a1a41daff57de7d6c9ad,r_fb1ed5dc76fc8939cd1d080a,2026,RotoWire,ATL
s_fd481762b1a7a47e7b0fc8d1,"[[""rotowire"", ""17511""]]",matched,Christian Scott,p_22dafc9081fa932d292f968b,pitcher,s_76567fbffc13e1cb927dfd1a,r_fb1ed5dc76fc8939cd1d080a,2026,RotoWire,NYM
,"[[""rotowire"", ""15154""]]",unmatched,Tayler Scott,p_14f528eb56e4572f1129bda9,pitcher,s_25a546fc634f31a635b39bad,r_fb1ed5dc76fc8939cd1d080a,2026,RotoWire,ATL
s_e312eef84943788bf6e72872,"[[""rotowire"", ""14171""]]",matched,Tanner Scott,p_9f550caec192fd42d10ff1b3,pitcher,s_17444bf94b830008071fb564,r_fb1ed5dc76fc8939cd1d080a,2026,RotoWire,LAD
,"[[""rotowire"", ""16397""]]",unmatched,Andre Scrubb,p_e80269c848e79b53638aa7a5,pitcher,s_245e6d4e1f4bfbc3ef8bf770,r_fb1ed5dc76fc8939cd1d080a,2026,RotoWire,FA
s_a3affb66a66771212da394b9,"[[""rotowire"", ""14954""]]",matched,Connor Seabold,p_1b7aadf4254d0c04b28301e5,pitcher,s_5e130d045148d66c7fd31653,r_fb1ed5dc76fc8939cd1d080a,2026,RotoWire,FA
s_bc9cfa58755f7d8be4395513,"[[""rotowire"", ""15242""]]",matched,JP Sears,p_b9bda4330db43c739314fce4,pitcher,s_c17c33bf416aa4b0c4af4f09,r_fb1ed5dc76fc8939cd1d080a,2026,RotoWire,SD
s_6cdf638dc59636aec581752f,"[[""rotowire"", ""20469""]]",matched,Andrew Sears,p_b1ab737f8c5f55323e91d0f5,pitcher,s_7e380d8d8c8b84235a5155bf,r_fb1ed5dc76fc8939cd1d080a,2026,RotoWire,DET
,"[[""rotowire"", ""14259""]]",unmatched,Cody Sedlock,p_76fe6bb6241b787408554702,pitcher,s_18ab0f2cae5788a49f68bd77,r_fb1ed5dc76fc8939cd1d080a,2026,RotoWire,FA
s_bbe54fc3475c8f3179b59900,"[[""rotowire"", ""15694""]]",matched,Matt Seelinger,p_f25183fc2c47de9223d05e18,pitcher,s_e5a77a57a49234fcadbc2926,r_fb1ed5dc76fc8939cd1d080a,2026,RotoWire,DET
,"[[""rotowire"", ""18735""]]",unmatched,Enrique Segura,p_1ac5185fc6cbba7163f317f8,pitcher,s_b15e0899c5d405b303bc8e57,r_fb1ed5dc76fc8939cd1d080a,2026,RotoWire,TEX
,"[[""rotowire"", ""18254""]]",unmatched,Colin Selby,p_8e3c5b6d41ea95d4beeb3c30,pitcher,s_fdaa887a4228cab158d15ef2,r_fb1ed5dc76fc8939cd1d080a,2026,RotoWire,BAL
,"[[""rotowire"", ""17459""]]",unmatched,Brock Selvidge,p_ec1f82576d8679734914a5bd,pitcher,s_fe53ad82ee7200cb907f2d06,r_fb1ed5dc76fc8939cd1d080a,2026,RotoWire,NYY
,"[[""rotowire"", ""16837""]]",unmatched,Adam Seminaris,p_da573896f2a8f2ae729cab4b,pitcher,s_9c7b7b68ac7744740737c27e,r_fb1ed5dc76fc8939cd1d080a,2026,RotoWire,PHI
s_4f1496dc582f72d9b97f5575,"[[""rotowire"", ""14711""]]",matched,Kodai Senga,p_6b4f95ec9ffb4fe368a2576d,pitcher,s_2d543d2902dabca988a565a5,r_fb1ed5dc76fc8939cd1d080a,2026,RotoWire,NYM
s_c1c5caa03eb962c0a7222e2b,"[[""rotowire"", ""13629""]]",matched,Antonio Senzatela,p_c8060e0ca736e951c5c4b226,pitcher,s_c0309c8c30f2587cd449c411,r_fb1ed5dc76fc8939cd1d080a,2026,RotoWire,COL
,"[[""rotowire"", ""20732""]]",unmatched,Jack Seppings,p_ce0b5c948aec7f3b106f45bc,pitcher,s_05b347536153e60b9e05fcf4,r_fb1ed5dc76fc8939cd1d080a,2026,RotoWire,FA
,"[[""rotowire"", ""18178""]]",unmatched,Luis Serna,p_d604a778a1189a7525497950,pitcher,s_339d28bb08700d600d13eaaa,r_fb1ed5dc76fc8939cd1d080a,2026,RotoWire,NYY
,"[[""rotowire"", ""15086""]]",unmatched,Florencio Serrano,p_58bab104f4a59dcce4346a8f,pitcher,s_bd40224f3b8b126555f5899a,r_fb1ed5dc76fc8939cd1d080a,2026,RotoWire,FA
,"[[""rotowire"", ""19968""]]",unmatched,Kenny Serwa,p_b0ab0228e6e4a947f9a7ea56,pitcher,s_cea25690dc9b823997c65277,r_fb1ed5dc76fc8939cd1d080a,2026,RotoWire,DET
,"[[""rotowire"", ""19177""]]",unmatched,Adam Serwinowski,p_dae076a505366433b2393f17,pitcher,s_d3fee2d1c2013cd8041d0e96,r_fb1ed5dc76fc8939cd1d080a,2026,RotoWire,LAD
s_9b284b7fa9145e4fe37d4264,"[[""rotowire"", ""13248""]]",matched,Luis Severino,p_9c980b6b55a25e9cec08f624,pitcher,s_b545795417b5fd61adebdcb9,r_fb1ed5dc76fc8939cd1d080a,2026,RotoWire,ATH
s_b2411184369f6cf6f90b080b,"[[""rotowire"", ""14190""]]",matched,Paul Sewald,p_53fdc6d306dc44415d488e16,pitcher,s_32f1a7cdaab754a620a06fab,r_fb1ed5dc76fc8939cd1d080a,2026,RotoWire,ARI
s_b0313976b099e31dd7f970ee,"[[""rotowire"", ""16753""]]",matched,Ian Seymour,p_7c334178878220517ce9f328,pitcher,s_84474e651da76333dc79c4b1,r_fb1ed5dc76fc8939cd1d080a,2026,RotoWire,TB
s_d066826728efe71524ea028f,"[[""rotowire"", ""16809""]]",matched,Carson Seymour,p_70afef2de0e1d2c4130d7a6f,pitcher,s_97381ad047f21ece3b53dfac,r_fb1ed5dc76fc8939cd1d080a,2026,RotoWire,SF
,"[[""rotowire"", ""19064""]]",unmatched,Tzu-Chen Sha,p_c3c6caa0c2b416df2221270e,pitcher,s_d7292c0245673f28aca9583f,r_fb1ed5dc76fc8939cd1d080a,2026,RotoWire,ATH
,"[[""rotowire"", ""19287""]]",unmatched,Reese Sharp,p_bfefd9d2b12a47e0620b20dc,pitcher,s_f3e436ba80b961445b3af142,r_fb1ed5dc76fc8939cd1d080a,2026,RotoWire,BAL
,"[[""rotowire"", ""18396""]]",unmatched,Davis Sharpe,p_0c8a9ea8ad3f9a281ad90be7,pitcher,s_96881c077c58192d3fd98f4b,r_fb1ed5dc76fc8939cd1d080a,2026,RotoWire,CLE
,"[[""rotowire"", ""10553""]]",unmatched,Bryan Shaw,p_4b44b90f8b16f0886fdb1b68,pitcher,s_f2177dc4a4911f93fcb38530,r_fb1ed5dc76fc8939cd1d080a,2026,RotoWire,SEA
s_7a90dc79105f4ee3d75522a4,"[[""rotowire"", ""18161""]]",matched,Emmet Sheehan,p_a8a4ea29b153fef404ad3bfc,pitcher,s_3ed0f240d30d827ca9951fa4,r_fb1ed5dc76fc8939cd1d080a,2026,RotoWire,LAD
,"[[""rotowire"", ""13399""]]",unmatched,Justus Sheffield,p_36bcf55da2b9cc93fc0cb030,pitcher,s_7c7d348f0992a4f32f24afaa,r_fb1ed5dc76fc8939cd1d080a,2026,RotoWire,FA
,"[[""rotowire"", ""20406""]]",unmatched,Chia-Shi Shen,p_cb8ca2263baaed60f5944762,pitcher,s_830af405c3c6a35c1414cdc1,r_fb1ed5dc76fc8939cd1d080a,2026,RotoWire,SEA
,"[[""rotowire"", ""19615""]]",unmatched,Grant Shepardson,p_3ed98ce8c39d8e1c2a39ea6f,pitcher,s_70fbfc42f8592cf84ec75cea,r_fb1ed5dc76fc8939cd1d080a,2026,RotoWire,MIA
,"[[""rotowire"", ""19523""]]",unmatched,David Shields,p_c24bf38357df3ff1a8b7c31d,pitcher,s_c6b85474baaa56b5ce17d2a1,r_fb1ed5dc76fc8939cd1d080a,2026,RotoWire,KC
,"[[""rotowire"", ""19384""]]",unmatched,Ben Shields,p_93c2e20e24561e911656b3d3,pitcher,s_5778be7f5750956367e681ce,r_fb1ed5dc76fc8939cd1d080a,2026,RotoWire,COL
,"[[""rotowire"", ""18310""]]",unmatched,Jun-Seok Shim,p_480bd877a4369bc02f87dab4,pitcher,s_45ffb5f6b27c0a8229308ca4,r_fb1ed5dc76fc8939cd1d080a,2026,RotoWire,NYM
,"[[""rotowire"", ""18288""]]",unmatched,Adam Shoemaker,p_a1e6ad7b94b7c2da7f59d2a5,pitcher,s_c582fd67e4586bd870e14922,r_fb1ed5dc76fc8939cd1d080a,2026,RotoWire,ATL
s_1e1a27479ab9b4de3d91a003,"[[""rotowire"", ""16947""]]",matched,TJ Shook,p_34b9c312bb9fd77b95735fa7,pitcher,s_39a88f8a21b81fce7f7373c5,r_fb1ed5dc76fc8939cd1d080a,2026,RotoWire,COL
,"[[""rotowire"", ""16128""]]",unmatched,Avery Short,p_658455c9c448ba19bfaa54b0,pitcher,s_6c8b093458b1acaab373fefb,r_fb1ed5dc76fc8939cd1d080a,2026,RotoWire,ARI
,"[[""rotowire"", ""15532""]]",unmatched,Aaron Shortridge,p_8e7684010e4bd5168f303ae2,pitcher,s_ffbc5763d2b91428689b3696,r_fb1ed5dc76fc8939cd1d080a,2026,RotoWire,FA
,"[[""rotowire"", ""19019""]]",unmatched,Zack Showalter,p_e814cafca617ede26263f711,pitcher,s_bec7124183ab92db7361bde9,r_fb1ed5dc76fc8939cd1d080a,2026,RotoWire,STL
,"[[""rotowire"", ""13585""]]",unmatched,Chasen Shreve,p_fcfc53d5722908b7e8dbd95e,pitcher,s_986911733270875b90d82158,r_fb1ed5dc76fc8939cd1d080a,2026,RotoWire,FA
s_71ca445a566c662fb83a2260,"[[""rotowire"", ""18414""]]",matched,Chase Shugart,p_aa3f542bce2dddb882aa93ae,pitcher,s_02545767668eef11f0a4cc68,r_fb1ed5dc76fc8939cd1d080a,2026,RotoWire,PHI
,"[[""rotowire"", ""17643""]]",unmatched,Seth Shuman,p_a4129b7077d95444c2f1d967,pitcher,s_91e0a49b68ead147fa74a7ce,r_fb1ed5dc76fc8939cd1d080a,2026,RotoWire,WSH
s_01fadb42ce1b4f2991f7f8fe,"[[""rotowire"", ""16728""]]",matched,Jared Shuster,p_3f88e6009659057719b46325,pitcher,s_38500b5e89f080fc7618b070,r_fb1ed5dc76fc8939cd1d080a,2026,RotoWire,STL
,"[[""rotowire"", ""16091""]]",unmatched,T.J. Sikkema,p_fdb0896a5ef741a0c0d3a893,pitcher,s_8fb4b0b707e3536d2e4ce679,r_fb1ed5dc76fc8939cd1d080a,2026,RotoWire,BOS
s_acce1596f332b7f95038bc7c,"[[""rotowire"", ""17438""]]",matched,Chase Silseth,p_fff5f1ebef83eebba71e9bbc,pitcher,s_accdc9f091974e312fb2d9a1,r_fb1ed5dc76fc8939cd1d080a,2026,RotoWire,LAA
,"[[""rotowire"", ""17413""]]",unmatched,Eric Silva,p_70a2acc7f6e6eaa7a41f6189,pitcher,s_874b0bc0f929d482ae3e303c,r_fb1ed5dc76fc8939cd1d080a,2026,RotoWire,DET
,"[[""rotowire"", ""18239""]]",unmatched,Andres Silvera,p_e1fb2abb8da01d369f58170c,pitcher,s_da58f039b3438a740306b2a0,r_fb1ed5dc76fc8939cd1d080a,2026,RotoWire,PIT
,"[[""rotowire"", ""18150""]]",unmatched,Liam Simon,p_7ba2864177ecabfd4a0f9c7b,pitcher,s_81176bf3d1e5c02a5fba8dbb,r_fb1ed5dc76fc8939cd1d080a,2026,RotoWire,SF
,"[[""rotowire"", ""17115""]]",unmatched,Johan Simon,p_a856159d91b4ead7ce2624ea,pitcher,s_061fd314e53966f5a84158a6,r_fb1ed5dc76fc8939cd1d080a,2026,RotoWire,DET
,"[[""rotowire"", ""20020""]]",unmatched,Anthony Simonelli,p_2343a76134256dd87a4fa035,pitcher,s_5e7e38eec46557cc0a5f0b0d,r_fb1ed5dc76fc8939cd1d080a,2026,RotoWire,KC
s_26f692c751789bbc05da20dd,"[[""rotowire"", ""18270""]]",matched,Josh Simpson,p_2969c4d6cb29c114efd4bb95,pitcher,s_f8d1371eea4639af8ebeb1bf,r_fb1ed5dc76fc8939cd1d080a,2026,RotoWire,SEA
,"[[""rotowire"", ""17959""]]",unmatched,Landon Sims,p_2a7e368656f793181d0c84cc,pitcher,s_282ec18cca7a9e47c429392d,r_fb1ed5dc76fc8939cd1d080a,2026,RotoWire,ARI
s_89a0b5644b850391f0cc6fc0,"[[""rotowire"", ""12469""]]",matched,Lucas Sims,p_6ae7476d65dc554f359685a1,pitcher,s_373e046a2d3c00475714f11f,r_fb1ed5dc76fc8939cd1d080a,2026,RotoWire,FA
,"[[""rotowire"", ""18791""]]",unmatched,Nick Sinacola,p_255e15ab5aa62ad036d01049,pitcher,s_03cfa10c6b3d6ce17ae1f3b4,r_fb1ed5dc76fc8939cd1d080a,2026,RotoWire,SF
s_b7055aaa900b9ed5886d5577,"[[""rotowire"", ""19997""]]",matched,Jack Sinclair,p_c037b82bc4462dd614d5ab27,pitcher,s_c38596ed46d121122bcc60d0,r_fb1ed5dc76fc8939cd1d080a,2026,RotoWire,WSH
s_dfc8406395959527c99e2849,"[[""rotowire"", ""13874""]]",matched,Brady Singer,p_c5178381d162a4b5d9527eb0,pitcher,s_8bff9705940bb1e6d858f777,r_fb1ed5dc76fc8939cd1d080a,2026,RotoWire,CIN
,"[[""rotowire"", ""19653""]]",unmatched,Luke Sinnard,p_2631416f89c375951577dfad,pitcher,s_96bbe4499965f5be767254fa,r_fb1ed5dc76fc8939cd1d080a,2026,RotoWire,ATL
s_f727cc861612c9436e53c8b3,"[[""rotowire"", ""17596""]]",matched,Evan Sisk,p_f56aefc4ede81ff8de5457ab,pitcher,s_8d428db1ef0c7f22a3f2fd2f,r_fb1ed5dc76fc8939cd1d080a,2026,RotoWire,PIT
,"[[""rotowire"", ""16963""]]",unmatched,Noah Skirrow,p_97bf7db526b7128f0d677e92,pitcher,s_e018a8d45d48945b86907ad0,r_fb1ed5dc76fc8939cd1d080a,2026,RotoWire,PHI
s_5b9f0134d510492d1c65694a,"[[""rotowire"", ""16006""]]",matched,Tarik Skubal,p_b7580c74682c1a1cc5d24abd,pitcher,s_c19ccd038785e91d4fa03c5e,r_fb1ed5dc76fc8939cd1d080a,2026,RotoWire,DET
,"[[""rotowire"", ""19508""]]",unmatched,Ryan Sloan,p_eefab76d206fbb20ca9aafb3,pitcher,s_41ceb8e5f358227c5ad783d2,r_fb1ed5dc76fc8939cd1d080a,2026,RotoWire,SEA
,"[[""rotowire"", ""16092""]]",unmatched,Ethan Small,p_8a4886dc508c7cc4290ad088,pitcher,s_2b8c6bdc7b708989a894cfdf,r_fb1ed5dc76fc8939cd1d080a,2026,RotoWire,SF
,"[[""rotowire"", ""15666""]]",unmatched,Devin Smeltzer,p_fc108c303366bc31b5930f54,pitcher,s_ea8ffc59d9047e436c9f7416,r_fb1ed5dc76fc8939cd1d080a,2026,RotoWire,FA
,"[[""rotowire"", ""15778""]]",unmatched,Julian Smith,p_469a538068b5c07f3c3e6983,pitcher,s_ff478bd85e7a406fe20ab2d3,r_fb1ed5dc76fc8939cd1d080a,2026,RotoWire,FA
,"[[""rotowire"", ""16832""]]",unmatched,Jake Smith,p_e0c22e58e626a9905c2a6180,pitcher,s_940220c67d373c74d4ce2733,r_fb1ed5dc76fc8939cd1d080a,2026,RotoWire,MIA
s_cf1927aa5e811b1276506fb5,"[[""rotowire"", ""11549""]]",matched,Burch Smith,p_a41a3c5bc64b1e0489feb28f,pitcher,s_3683d283b2af8b00a350cf3f,r_fb1ed5dc76fc8939cd1d080a,2026,RotoWire,DET
,"[[""rotowire"", ""13906""]]",unmatched,Drew Smith,p_2bbc19bc0024857a6cf88912,pitcher,s_a45fdbd72426e3d17be1b3e9,r_fb1ed5dc76fc8939cd1d080a,2026,RotoWire,FA
,"[[""rotowire"", ""19698""]]",unmatched,Parker Smith,p_c30f5cf397adf9bba51f657a,pitcher,s_2f00ccfa001de2876baee0ea,r_fb1ed5dc76fc8939cd1d080a,2026,RotoWire,HOU
,"[[""rotowire"", ""19838""]]",unmatched,Travis Smith,p_efae721a3b19d309167d8a5f,pitcher,s_78bb8d6377dc3ed4b1756d64,r_fb1ed5dc76fc8939cd1d080a,2026,RotoWire,MIL
s_90de9a5dd4996aae2c91360c,"[[""rotowire"", ""19168""]]",matched,Shane Smith,p_1cb2a2b9966604f2d0295576,pitcher,s_ecacc59bd1d2f6e2bf4a56eb,r_fb1ed5dc76fc8939cd1d080a,2026,RotoWire,CWS
s_784c815da360661acf637a22,"[[""rotowire"", ""17363""]]",matched,Dylan Smith,p_06ac62e58655fdbf61a0ce7b,pitcher,s_1296c23b23208fd125e2ea9a,r_fb1ed5dc76fc8939cd1d080a,2026,RotoWire,DET
s_b8522ebb6e820c8855e6557f,"[[""rotowire"", ""17402""]]",matched,Hagen Smith,p_871261aef233e820be74ffc9,pitcher,s_66ab8297ba652569ea1131d2,r_fb1ed5dc76fc8939cd1d080a,2026,RotoWire,CWS
,"[[""rotowire"", ""17386""]]",unmatched,Russell Smith,p_1e54f857ce462e680ad62bf7,pitcher,s_89a14c7409eecf089fae11a9,r_fb1ed5dc76fc8939cd1d080a,2026,RotoWire,MIL
,"[[""rotowire"", ""20447""]]",unmatched,Tanner Smith,p_5c2c75507af261665c3d3c1f,pitcher,s_3056581e8a71c618948ff74d,r_fb1ed5dc76fc8939cd1d080a,2026,RotoWire,BAL
s_709140184ee763fa9b9ccb8f,"[[""rotowire"", ""17490""]]",matched,AJ Smith0Shawver,p_ccf29ec3fb51dbf128d874e4,pitcher,s_bac2df2b3f5e16f4f493d6d3,r_fb1ed5dc76fc8939cd1d080a,2026,RotoWire,ATL
,"[[""rotowire"", ""11506""]]",unmatched,Drew Smyly,p_5e8925f005913ee0f1618cf9,pitcher,s_d537292d7f1782b027d88ab4,r_fb1ed5dc76fc8939cd1d080a,2026,RotoWire,FA
,"[[""rotowire"", ""17587""]]",unmatched,Kirby Snead,p_30b2dcb5417d038699b37b23,pitcher,s_3c4c6b10e04a1c692f43c8dd,r_fb1ed5dc76fc8939cd1d080a,2026,RotoWire,SEA
s_b0e8b04d5673e666d64bf022,"[[""rotowire"", ""12189""]]",matched,Blake Snell,p_517403ae3a1b79a433390aec,pitcher,s_87697517d46b5200927be5f0,r_fb1ed5dc76fc8939cd1d080a,2026,RotoWire,LAD
s_1fa2308874c3184ab223b7cb,"[[""rotowire"", ""17937""]]",matched,Robby Snelling,p_09468a2fee5db7203f0eb46f,pitcher,s_458a599e196a1bc0e9e661c1,r_fb1ed5dc76fc8939cd1d080a,2026,RotoWire,MIA
,"[[""rotowire"", ""17265""]]",unmatched,Collin Snider,p_4a0039a3c02b3a1181636c3b,pitcher,s_bd4998efb67d73bf4407d4e6,r_fb1ed5dc76fc8939cd1d080a,2026,RotoWire,CHC
,"[[""rotowire"", ""19994""]]",unmatched,Jack Snyder,p_f16b2f63a1fd6e8983704cbb,pitcher,s_44c6f7b33f6a48d20d3f3495,r_fb1ed5dc76fc8939cd1d080a,2026,RotoWire,TB
s_947aed5258b24f973b36ba70,"[[""rotowire"", ""20596""]]",matched,Chase Solesky,p_d21949823eaf8abb13ea0c7e,pitcher,s_0b589368d943d12591464c19,r_fb1ed5dc76fc8939cd1d080a,2026,RotoWire,TB
,"[[""rotowire"", ""17315""]]",unmatched,Anthony Solometo,p_d44fb09503f032785a106ea3,pitcher,s_f6933c356f72f138c695498b,r_fb1ed5dc76fc8939cd1d080a,2026,RotoWire,PIT
,"[[""rotowire"", ""14916""]]",unmatched,Peter Solomon,p_5029b46a634055a6e08fc947,pitcher,s_d19ed56c00ebf309f79265a7,r_fb1ed5dc76fc8939cd1d080a,2026,RotoWire,FA
,"[[""rotowire"", ""17126""]]",unmatched,Jared Solomon,p_4799477aaf8240e0f749c93f,pitcher,s_3d1f44ce66dfee4b7dc9e169,r_fb1ed5dc76fc8939cd1d080a,2026,RotoWire,FA
,"[[""rotowire"", ""16386""]]",unmatched,Jake Sommers,p_e2f182e572336e66fdaf68bc,pitcher,s_6c2e0d1603681ecc26ca7561,r_fb1ed5dc76fc8939cd1d080a,2026,RotoWire,FA
s_58efb17eab2d4615d0bb65f8,"[[""rotowire"", ""19974""]]",matched,Drew Sommers,p_a9cd8307ddcf9289441ea557,pitcher,s_3014e5e5aaeac3a5ddd7c5db,r_fb1ed5dc76fc8939cd1d080a,2026,RotoWire,DET
,"[[""rotowire"", ""16247""]]",unmatched,Noah Song,p_a9183f06d21d6ab117504802,pitcher,s_d75c20bb3c7715d41e4a427d,r_fb1ed5dc76fc8939cd1d080a,2026,RotoWire,BOS
s_f0a01dc5504de6351f95dd59,"[[""rotowire"", ""15125""]]",matched,Jose Soriano,p_54dfc42aa6e80f0846f08fcf,pitcher,s_02f97e9c1a426bc50ba72697,r_fb1ed5dc76fc8939cd1d080a,2026,RotoWire,LAA
s_9ab0aec27b34928e1b5960b1,"[[""rotowire"", ""17845""]]",matched,George Soriano,p_9cf33bb8d6b6c72759e3b41d,pitcher,s_c41da28cf7cf52681277f13e,r_fb1ed5dc76fc8939cd1d080a,2026,RotoWire,STL
s_c7d7e9f54579f268a2b22ec1,"[[""rotowire"", ""13863""]]",matched,Michael Soroka,p_05aa5556dc44afe342917893,pitcher,s_c7be1888db989bac8673889c,r_fb1ed5dc76fc8939cd1d080a,2026,RotoWire,ARI
,"[[""rotowire"", ""20011""]]",unmatched,Listher Sosa,p_1f195c97b77bba155c869bac,pitcher,s_1aee2a2610138ed72f15ffc6,r_fb1ed5dc76fc8939cd1d080a,2026,RotoWire,FA
,"[[""rotowire"", ""19828""]]",unmatched,Ubaldo Soto,p_f8946e6fb22a370529f5ef51,pitcher,s_9211bce6c008095cff40eeef,r_fb1ed5dc76fc8939cd1d080a,2026,RotoWire,LAA
,"[[""rotowire"", ""18893""]]",unmatched,Charlee Soto,p_ca173baf09438e529930621e,pitcher,s_4dbdeda274cd64df759f5916,r_fb1ed5dc76fc8939cd1d080a,2026,RotoWire,MIN
s_57c3b84928492ceb80fad722,"[[""rotowire"", ""15100""]]",matched,Gregory Soto,p_e78d76af2b3a156869586232,pitcher,s_7bcd964dea78ae2157a5ec77,r_fb1ed5dc76fc8939cd1d080a,2026,RotoWire,PIT
s_afabc316cc350f02d9a1b398,"[[""rotowire"", ""17060""]]",matched,Bennett Sousa,p_6ab2031cdd4bbac15cafe542,pitcher,s_59465e3f8e7cf14cb1865526,r_fb1ed5dc76fc8939cd1d080a,2026,RotoWire,HOU
,"[[""rotowire"", ""16183""]]",unmatched,Jared Southard,p_8874eb8ce064b18c6e00397c,pitcher,s_1230a0b1b090658617871eb9,r_fb1ed5dc76fc8939cd1d080a,2026,RotoWire,LAA
,"[[""rotowire"", ""18257""]]",unmatched,Dylan Spain,p_da4d1c99d9070d4118eeea8d,pitcher,s_2ce76e0b84511e0669de0885,r_fb1ed5dc76fc8939cd1d080a,2026,RotoWire,FA
,"[[""rotowire"", ""14262""]]",unmatched,Alex Speas,p_21967ecbb94002e9c65a0e45,pitcher,s_6a19d09cfd038cf0a7b11ebf,r_fb1ed5dc76fc8939cd1d080a,2026,RotoWire,FA
s_81294237db3d1b3d1102042d,"[[""rotowire"", ""14103""]]",matched,Gabe Speier,p_9b79266fde272f3b8d161342,pitcher,s_37b6b7ddf49afe09163f12f0,r_fb1ed5dc76fc8939cd1d080a,2026,RotoWire,SEA
s_707a90a2055d85cc690a8843,"[[""rotowire"", ""16987""]]",matched,Carson Spiers,p_19d2c7ec4ec2d984744eb5b3,pitcher,s_3a960d9e412fa3d3e3a9dad1,r_fb1ed5dc76fc8939cd1d080a,2026,RotoWire,CIN
s_37ebad90c2dbdc367de32154,"[[""rotowire"", ""15663""]]",matched,Jeffrey Springs,p_ce22d4726510344d78fb2e38,pitcher,s_8acb546203e92adde255a9cf,r_fb1ed5dc76fc8939cd1d080a,2026,RotoWire,ATH
s_dab661cfd9a2ebd6a649e185,"[[""rotowire"", ""18023""]]",matched,Brandon Sproat,p_54517e847736a45c8b1dabfd,pitcher,s_65f196935c0357c546446552,r_fb1ed5dc76fc8939cd1d080a,2026,RotoWire,MIL
,"[[""rotowire"", ""17999""]]",unmatched,Connor Staine,p_dab78c2c8e663da153bef968,pitcher,s_25b9f1489340a945150afba9,r_fb1ed5dc76fc8939cd1d080a,2026,RotoWire,COL
s_3d45a62b1680c7a2f2527bcf,"[[""rotowire"", ""16202""]]",matched,Garrett Stallings,p_781ca9e5c281bea0fd02a3a9,pitcher,s_d3685aa7d984d7aa063f0170,r_fb1ed5dc76fc8939cd1d080a,2026,RotoWire,MIL
,"[[""rotowire"", ""20000""]]",unmatched,Dale Stanavich,p_6fa39b797ccbee1e7cbf962a,pitcher,s_200e034096c5cf8048bf79b1,r_fb1ed5dc76fc8939cd1d080a,2026,RotoWire,MIA
s_9e23b74dc42759756c7b792a,"[[""rotowire"", ""11485""]]",matched,Ryne Stanek,p_3c08e81780e0bae6ae834dda,pitcher,s_f2e22dbf4ad951080151e8ff,r_fb1ed5dc76fc8939cd1d080a,2026,RotoWire,STL
,"[[""rotowire"", ""20108""]]",unmatched,Gage Stanifer,p_fbcceb2a2b3fac8c88a464e5,pitcher,s_a7e1fcb1510498eac44c340d,r_fb1ed5dc76fc8939cd1d080a,2026,RotoWire,TOR
,"[[""rotowire"", ""16394""]]",unmatched,Cody Stashak,p_4f5a98d8b959726cc85d2d21,pitcher,s_62ec636a40086b9b330905db,r_fb1ed5dc76fc8939cd1d080a,2026,RotoWire,PHI
,"[[""rotowire"", ""13881""]]",unmatched,Josh Staumont,p_98c351155d969c7507931b8e,pitcher,s_9ee88efb9abdf6386969a37a,r_fb1ed5dc76fc8939cd1d080a,2026,RotoWire,CIN
,"[[""rotowire"", ""13992""]]",unmatched,Justin Steele,p_021a6060a1c63e57e8422db3,pitcher,s_6c1a230d913f84701a844492,r_fb1ed5dc76fc8939cd1d080a,2026,RotoWire,CHC
,"[[""rotowire"", ""17407""]]",unmatched,Jacob Steinmetz,p_458d21bc989f69f0dc397eb6,pitcher,s_d9f96cbb1b5821ef5b240149,r_fb1ed5dc76fc8939cd1d080a,2026,RotoWire,ARI
,"[[""rotowire"", ""15002""]]",unmatched,Trevor Stephan,p_a1df97f0cbde6c0664272e91,pitcher,s_ae74fd1323e462433b31f5fe,r_fb1ed5dc76fc8939cd1d080a,2026,RotoWire,CLE
,"[[""rotowire"", ""16976""]]",unmatched,Josh Stephan,p_da4088a1b4ab2f6c3109332f,pitcher,s_ec3cbc236d6323f1bc01049b,r_fb1ed5dc76fc8939cd1d080a,2026,RotoWire,TEX
,"[[""rotowire"", ""19567""]]",unmatched,Khal Stephen,p_a52eef0dff04b69d0b0fdbb5,pitcher,s_0d1a5fd8ba45786a36f97357,r_fb1ed5dc76fc8939cd1d080a,2026,RotoWire,CLE
,"[[""rotowire"", ""14225""]]",unmatched,Jackson Stephens,p_8b9fc4853bbe568397d06018,pitcher,s_293b4e565b8f83cb6770885a,r_fb1ed5dc76fc8939cd1d080a,2026,RotoWire,FA
,"[[""rotowire"", ""12147""]]",unmatched,Robert Stephenson,p_3a7abee15307a192a502f9bc,pitcher,s_a9ec9af232b26b43040cf990,r_fb1ed5dc76fc8939cd1d080a,2026,RotoWire,LAA
,"[[""rotowire"", ""19537""]]",unmatched,Levi Sterling,p_2899023979cefc2fbfa0186a,pitcher,s_0fe8ce8d07d2d3f0382647be,r_fb1ed5dc76fc8939cd1d080a,2026,RotoWire,PIT
s_5a2863ad23ab6e3c7bea3510,"[[""rotowire"", ""17083""]]",matched,Justin Sterner,p_8183d10c86c33b8c9d22b5ae,pitcher,s_825ae827882e62022934d154,r_fb1ed5dc76fc8939cd1d080a,2026,RotoWire,ATH
,"[[""rotowire"", ""19730""]]",unmatched,Kevin Stevens,p_632819b682e45d81ff0d41e2,pitcher,s_69db289c9f1246cca86922e2,r_fb1ed5dc76fc8939cd1d080a,2026,RotoWire,NYY
,"[[""rotowire"", ""20043""]]",unmatched,Casey Steward,p_ecbca7237ab62c3803b2b2d1,pitcher,s_62fa6a142c44495745132b9d,r_fb1ed5dc76fc8939cd1d080a,2026,RotoWire,PHI
s_6ccaa732327e3c018b33f539,"[[""rotowire"", ""14418""]]",matched,Brock Stewart,p_c81a0386598bf2f14a51264d,pitcher,s_8287385ca3ef2c399760cf91,r_fb1ed5dc76fc8939cd1d080a,2026,RotoWire,LAD
s_882bd2ac51764ec8fa93d120,"[[""rotowire"", ""11024""]]",matched,Robert Stock,p_1953e9b8e9520ff434fb0757,pitcher,s_82c8bb94eecf39d99a830e31,r_fb1ed5dc76fc8939cd1d080a,2026,RotoWire,NYM
,"[[""rotowire"", ""16910""]]",unmatched,Gavin Stone,p_1a9664c7606f6cec4ea22078,pitcher,s_bd696fc321b046dc097cceba,r_fb1ed5dc76fc8939cd1d080a,2026,RotoWire,LAD
,"[[""rotowire"", ""16162""]]",unmatched,Levi Stoudt,p_f52db733e35eef2976afdc0d,pitcher,s_6f838ca7cc38f16e3208043f,r_fb1ed5dc76fc8939cd1d080a,2026,RotoWire,PHI
s_221eb4f07c302e3cfcbb272c,"[[""rotowire"", ""14113""]]",matched,Matt Strahm,p_e5489bb69c8bf14362185b49,pitcher,s_8c3b421225ce18c10ce62cfc,r_fb1ed5dc76fc8939cd1d080a,2026,RotoWire,KC
,"[[""rotowire"", ""12417""]]",unmatched,Dan Straily,p_30aa56dae867c13a7ea5d37b,pitcher,s_4e7378e9e2891344eddf22fc,r_fb1ed5dc76fc8939cd1d080a,2026,RotoWire,FA
s_ea66f6d16573679c05a2db72,"[[""rotowire"", ""19162""]]",matched,Hunter Stratton,p_de239dab073ee70e594e1202,pitcher,s_2ca6cdfd12d301ca7ed43826,r_fb1ed5dc76fc8939cd1d080a,2026,RotoWire,ATL
,"[[""rotowire"", ""19332""]]",unmatched,Austin Strickland,p_b2183d5202644141ed584374,pitcher,s_bf30fd9c45e1f5199e8eee39,r_fb1ed5dc76fc8939cd1d080a,2026,RotoWire,SF
,"[[""rotowire"", ""11911""]]",unmatched,Hunter Strickland,p_64d490748b87ded9dfc75248,pitcher,s_9c91b559af965ec411547054,r_fb1ed5dc76fc8939cd1d080a,2026,RotoWire,FA
s_8cca94bd2add8da7918efe69,"[[""rotowire"", ""14865""]]",matched,Spencer Strider,p_9316c4dc392000b5e1ac832e,pitcher,s_86e475db1fbfcf8b1a77f778,r_fb1ed5dc76fc8939cd1d080a,2026,RotoWire,ATL
,"[[""rotowire"", ""12935""]]",unmatched,Ross Stripling,p_8dc600cd6dc3e922b73340c1,pitcher,s_015a16c51d4da1eedd0ee088,r_fb1ed5dc76fc8939cd1d080a,2026,RotoWire,FA
,"[[""rotowire"", ""12456""]]",unmatched,Marcus Stroman,p_45b474063e26679f1fc83858,pitcher,s_4fd24761f23ed422a397f58a,r_fb1ed5dc76fc8939cd1d080a,2026,RotoWire,FA
,"[[""rotowire"", ""15008""]]",unmatched,Drew Strotman,p_52030c6f0187d40e751cf407,pitcher,s_93d75a2197c5a49b2c1ed831,r_fb1ed5dc76fc8939cd1d080a,2026,RotoWire,FA
s_e0ba9bf397eeecf0d69e6331,"[[""rotowire"", ""19933""]]",matched,Kade Strowd,p_b439564078d45af9d65a0fbe,pitcher,s_c008f69d0f9c670cc9ebadaf,r_fb1ed5dc76fc8939cd1d080a,2026,RotoWire,ARI
,"[[""rotowire"", ""18219""]]",unmatched,Michael Stryffeler,p_a3197e019d7280cbeb570f24,pitcher,s_660e92110d61f1a35f1b9d2d,r_fb1ed5dc76fc8939cd1d080a,2026,RotoWire,SF
s_6d0d577863420cb429ed946f,"[[""rotowire"", ""17910""]]",matched,Peter Strzelecki,p_f4a21c23681d7a8de5411075,pitcher,s_e45d0d44a32669c00454d037,r_fb1ed5dc76fc8939cd1d080a,2026,RotoWire,MIL
,"[[""rotowire"", ""18834""]]",unmatched,Tyler Stuart,p_6682914544d65682ef0825fc,pitcher,s_b9be44d93c286353c318345c,r_fb1ed5dc76fc8939cd1d080a,2026,RotoWire,WSH
,"[[""rotowire"", ""19652""]]",unmatched,Sam Stuhr,p_3ef664cf562510c7f9170d47,pitcher,s_72d8c4aaf4d104ec7802dc1a,r_fb1ed5dc76fc8939cd1d080a,2026,RotoWire,ATH
,"[[""rotowire"", ""20656""]]",unmatched,Eston Stull,p_00f8741234fc78b9f1f7e201,pitcher,s_fb1baa22243d5f8e8e4b2755,r_fb1ed5dc76fc8939cd1d080a,2026,RotoWire,MIN
,"[[""rotowire"", ""18549""]]",unmatched,Mitchell Stumpo,p_db958b4cf39add140ba2086f,pitcher,s_a85c21d6eecb004284d2f69e,r_fb1ed5dc76fc8939cd1d080a,2026,RotoWire,FA
,"[[""rotowire"", ""18268""]]",unmatched,Santiago Suarez,p_3fa6c1708d74d299de57bf20,pitcher,s_0c217c872961a7d3bca5a1b4,r_fb1ed5dc76fc8939cd1d080a,2026,RotoWire,TB
,"[[""rotowire"", ""17211""]]",unmatched,Joander Suarez,p_7f12797e075a23166fc6170f,pitcher,s_9c40db33f56db809da8fe38f,r_fb1ed5dc76fc8939cd1d080a,2026,RotoWire,NYM
s_e6882d919db359eee4566712,"[[""rotowire"", ""14750""]]",matched,Ranger Suarez,p_ffe00fc2f01b7827200e26a4,pitcher,s_401612462f44a1c3364cba4f,r_fb1ed5dc76fc8939cd1d080a,2026,RotoWire,BOS
s_3169d34880374e269f0025e1,"[[""rotowire"", ""12078""]]",matched,Albert Suarez,p_c6edb861266cca1d8b7777f3,pitcher,s_9e0de88350b421f81ec12712,r_fb1ed5dc76fc8939cd1d080a,2026,RotoWire,BAL
,"[[""rotowire"", ""13435""]]",unmatched,Andrew Suarez,p_e678f83a29a1c8d35c7ed920,pitcher,s_a951e00dd529fcbb0aa5a3d8,r_fb1ed5dc76fc8939cd1d080a,2026,RotoWire,FA
s_73aa8e937c806ec3ea6b3afb,"[[""rotowire"", ""17146""]]",matched,Robert Suarez,p_070918a027c45f11ba1c7216,pitcher,s_3cb0f247392b812f36ec9878,r_fb1ed5dc76fc8939cd1d080a,2026,RotoWire,ATL
,"[[""rotowire"", ""15240""]]",unmatched,Wander Suero,p_d97c2be92435bc60ddb1a9e3,pitcher,s_eaa57ea5bb9d28c59d29a3e6,r_fb1ed5dc76fc8939cd1d080a,2026,RotoWire,ATH
s_8190274be2de7cbadeabd3ff,"[[""rotowire"", ""14712""]]",matched,Tomoyuki Sugano,p_e10fdff8ef686e5845a7cfee,pitcher,s_08750125c8f7e6880fe4018e,r_fb1ed5dc76fc8939cd1d080a,2026,RotoWire,COL
,"[[""rotowire"", ""16990""]]",unmatched,Billy Sullivan,p_7bb907790fc8aa30a02be175,pitcher,s_61def92ff9752e0ac72ab760,r_fb1ed5dc76fc8939cd1d080a,2026,RotoWire,FA
,"[[""rotowire"", ""17880""]]",unmatched,Beau Sulser,p_ad30547f1433228b806a6c01,pitcher,s_52a622104fd625d1617499bb,r_fb1ed5dc76fc8939cd1d080a,2026,RotoWire,FA
s_c3430ae327ff849f13532f92,"[[""rotowire"", ""15806""]]",matched,Cole Sulser,p_a1dd30c06e29129ba5461f1e,pitcher,s_9ed676fc1486825fd9ef21fa,r_fb1ed5dc76fc8939cd1d080a,2026,RotoWire,TB
,"[[""rotowire"", ""13419""]]",unmatched,Trey Supak,p_0f9db5bf9ed6220ce10e0a1e,pitcher,s_db5ad01030205ad8ae9c78d3,r_fb1ed5dc76fc8939cd1d080a,2026,RotoWire,TEX
,"[[""rotowire"", ""17852""]]",unmatched,Jarlin Susana,p_6699e8e08392fb1caf590bc9,pitcher,s_c71597e8429c10a9d836e40a,r_fb1ed5dc76fc8939cd1d080a,2026,RotoWire,WSH
s_68ac923687483c1357e117fc,"[[""rotowire"", ""13302""]]",matched,Brent Suter,p_a52253efb8f29cc26461b906,pitcher,s_37b9eb34fd4a4a7bedbf1de9,r_fb1ed5dc76fc8939cd1d080a,2026,RotoWire,LAA
s_941ad7d0f206333ad9e4f801,"[[""rotowire"", ""19093""]]",matched,Matt Svanson,p_13d0b2d2bfa1eb67d025c56d,pitcher,s_888d4587c81fb0c832c125f4,r_fb1ed5dc76fc8939cd1d080a,2026,RotoWire,STL
,"[[""rotowire"", ""19047""]]",unmatched,Eriq Swan,p_5c79ab94d45ffe92071685ed,pitcher,s_a304434b6237b1678355893c,r_fb1ed5dc76fc8939cd1d080a,2026,RotoWire,WSH
,"[[""rotowire"", ""14708""]]",unmatched,Erik Swanson,p_7b68f5f154ad8bbbaa3c2564,pitcher,s_2a35f575c5a49be9283ac1bb,r_fb1ed5dc76fc8939cd1d080a,2026,RotoWire,FA
,"[[""rotowire"", ""20133""]]",unmatched,Nic Swanson,p_3a424f59cb3d96656e39878e,pitcher,s_64b190fb3b5a2b521f5b6c9c,r_fb1ed5dc76fc8939cd1d080a,2026,RotoWire,HOU
,"[[""rotowire"", ""16409""]]",unmatched,Devin Sweet,p_60e418281b4e3301f60b41f2,pitcher,s_1b657d3c0cebfc35bd9d8fba,r_fb1ed5dc76fc8939cd1d080a,2026,RotoWire,BOS
,"[[""rotowire"", ""16774""]]",unmatched,Nick Swiney,p_9aba4a7c9828b5918dfd257a,pitcher,s_28a0cbb35ab0bd01237cbd5c,r_fb1ed5dc76fc8939cd1d080a,2026,RotoWire,HOU
,"[[""rotowire"", ""18908""]]",unmatched,Travis Sykora,p_6d021a26b3813d75c926c8f4,pitcher,s_0ac682518d20ae26783b677b,r_fb1ed5dc76fc8939cd1d080a,2026,RotoWire,WSH
,"[[""rotowire"", ""11632""]]",unmatched,Noah Syndergaard,p_cb32dd059bba6dc928f1048b,pitcher,s_b3581aef6433abaa7d52f837,r_fb1ed5dc76fc8939cd1d080a,2026,RotoWire,FA
,"[[""rotowire"", ""14473""]]",unmatched,Thomas Szapucki,p_42c55ac743076b8e214cb49a,pitcher,s_71a77f6b2d59712a8e7a75a7,r_fb1ed5dc76fc8939cd1d080a,2026,RotoWire,FA
,"[[""rotowire"", ""14814""]]",unmatched,Matt Tabor,p_3b13b02e38ad7c1b883869b4,pitcher,s_10f569ae7b957ea41fe5c69c,r_fb1ed5dc76fc8939cd1d080a,2026,RotoWire,SEA
s_8d220dfa59bb2f25feca81b8,"[[""rotowire"", ""11435""]]",matched,Jameson Taillon,p_ab34ac7065869093f97fd7ed,pitcher,s_014afa24a5effe4abd643a91,r_fb1ed5dc76fc8939cd1d080a,2026,RotoWire,CHC
,"[[""rotowire"", ""17865""]]",unmatched,Misael Tamarez,p_4fbf714996d45d8184d08b4b,pitcher,s_1079d7f5a84d66725e90bb1a,r_fb1ed5dc76fc8939cd1d080a,2026,RotoWire,FA
,"[[""rotowire"", ""14998""]]",unmatched,Freddy Tarnok,p_137f09ddbe2e7a9b7aa50ffb,pitcher,s_08e5e5fa150f4f4334141785,r_fb1ed5dc76fc8939cd1d080a,2026,RotoWire,FA
,"[[""rotowire"", ""19775""]]",unmatched,Bryce Tassin,p_0ca594dd8f504c1fddadb923,pitcher,s_7d0991d8b99fbfeecc1be460,r_fb1ed5dc76fc8939cd1d080a,2026,RotoWire,DET
,"[[""rotowire"", ""13809""]]",unmatched,Dillon Tate,p_1bae71852df5bd62f85fc3e8,pitcher,s_1adfa4b3cb85ac7bf4799525,r_fb1ed5dc76fc8939cd1d080a,2026,RotoWire,FA
,"[[""rotowire"", ""17562""]]",unmatched,Carlos Tavera,p_a282301f1dfa8fe5e2030f0e,pitcher,s_080ff1919c87d599f937f496,r_fb1ed5dc76fc8939cd1d080a,2026,RotoWire,BAL
,"[[""rotowire"", ""18117""]]",unmatched,Andrew Taylor,p_e665e0486328b1ea1eb1641a,pitcher,s_d53d93b5054881c6ed3099b5,r_fb1ed5dc76fc8939cd1d080a,2026,RotoWire,HOU
s_080c1e7cd229a2cbe95d9f8d,"[[""rotowire"", ""18988""]]",matched,Grant Taylor,p_ef076093f73d78369c5e2007,pitcher,s_62c42bf78a57a4c6284b4c86,r_fb1ed5dc76fc8939cd1d080a,2026,RotoWire,CWS
s_c98c727e4408f17d28b653aa,"[[""rotowire"", ""19275""]]",matched,Troy Taylor,p_318949b8bccbfa80a4474acc,pitcher,s_537e9c3db329aa5b6a20f344,r_fb1ed5dc76fc8939cd1d080a,2026,RotoWire,SEA
,"[[""rotowire"", ""12996""]]",unmatched,Blake Taylor,p_2e322efcee242b200873b919,pitcher,s_f2f2fdfc9c4a909fb75f4bc7,r_fb1ed5dc76fc8939cd1d080a,2026,RotoWire,FA
,"[[""rotowire"", ""14380""]]",unmatched,Curtis Taylor,p_8b98f40e0422bff13da81771,pitcher,s_670bca2f09c74eb23ec37485,r_fb1ed5dc76fc8939cd1d080a,2026,RotoWire,FA
,"[[""rotowire"", ""15787""]]",unmatched,Josh Taylor,p_48f62473b374b7f11b8d6a1a,pitcher,s_030dc9bc77bb9c88557933e6,r_fb1ed5dc76fc8939cd1d080a,2026,RotoWire,FA
,"[[""rotowire"", ""10042""]]",unmatched,Julio Teheran,p_8880971f606de9b78dd3888b,pitcher,s_9356c860554cbbbdbd87b055,r_fb1ed5dc76fc8939cd1d080a,2026,RotoWire,FA
,"[[""rotowire"", ""18183""]]",unmatched,Joaquin Tejada,p_c748b28e6af6d5fa0bde3644,pitcher,s_fc037016ba37ed8639749c3f,r_fb1ed5dc76fc8939cd1d080a,2026,RotoWire,PIT
s_9b48c9498ec61640594d91a6,"[[""rotowire"", ""18202""]]",matched,Emiliano Teodo,p_e9baadb1fdaf2108fb24d243,pitcher,s_d51db1464aeba861c6fb9129,r_fb1ed5dc76fc8939cd1d080a,2026,RotoWire,TEX
,"[[""rotowire"", ""15147""]]",unmatched,Jackson Tetreault,p_efe7c917ac2bac0bb9c2563e,pitcher,s_926d6430349dd8fcfe386da2,r_fb1ed5dc76fc8939cd1d080a,2026,RotoWire,FA
,"[[""rotowire"", ""19346""]]",unmatched,Francis Texido,p_818c4c6a9933e18e85e87431,pitcher,s_43bc876b26157bf1325822c3,r_fb1ed5dc76fc8939cd1d080a,2026,RotoWire,LAA
,"[[""rotowire"", ""15134""]]",unmatched,Juan Then,p_5e22c686d4ecafab3b86b9fc,pitcher,s_1d0d9d0664784103bbaf8ecc,r_fb1ed5dc76fc8939cd1d080a,2026,RotoWire,FA
,"[[""rotowire"", ""17885""]]",unmatched,Rodney Theophile,p_b6bd25f4034ab7bf65cc9dc8,pitcher,s_b5da5db7f4042acb55966f01,r_fb1ed5dc76fc8939cd1d080a,2026,RotoWire,FA
s_e3ec383fe3ba9ea2503fbaf7,"[[""rotowire"", ""12766""]]",matched,Caleb Thielbar,p_edfc64041b7ee8740960ecff,pitcher,s_015d294682c40069c48c4506,r_fb1ed5dc76fc8939cd1d080a,2026,RotoWire,CHC
s_72592170a4d8b83f7ed7d15b,"[[""rotowire"", ""16385""]]",matched,Connor Thomas,p_7e61c15cf9c6d600c25cc6b0,pitcher,s_578e03fdf78f3da8993ba802,r_fb1ed5dc76fc8939cd1d080a,2026,RotoWire,ATL
,"[[""rotowire"", ""19203""]]",unmatched,Tyler Thomas,p_1d5031377104b6302ed7e221,pitcher,s_fd92a2ccc59ce1144c489bd7,r_fb1ed5dc76fc8939cd1d080a,2026,RotoWire,FA
,"[[""rotowire"", ""18772""]]",unmatched,Darrell Thompson,p_79f806da428b728f75af60f0,pitcher,s_1300df22d94d3496281b7b6b,r_fb1ed5dc76fc8939cd1d080a,2026,RotoWire,FA
s_047b0461d0a6821792eb7feb,"[[""rotowire"", ""17014""]]",matched,Ryan Thompson,p_463c8505b18605c1574ec77d,pitcher,s_4f4f5dd275be9f5a369e4c9a,r_fb1ed5dc76fc8939cd1d080a,2026,RotoWire,ARI
,"[[""rotowire"", ""15993""]]",unmatched,Zach Thompson,p_de590bfab110555b10280410,pitcher,s_007d23fd726ffa88ee73002a,r_fb1ed5dc76fc8939cd1d080a,2026,RotoWire,FA
,"[[""rotowire"", ""16052""]]",unmatched,Zack Thompson,p_2b7ca31aed0a3b1b4b63d41c,pitcher,s_8d017e37a0f2cbd9084a4bcc,r_fb1ed5dc76fc8939cd1d080a,2026,RotoWire,STL
,"[[""rotowire"", ""16113""]]",unmatched,Matthew Thompson,p_60678d1f28e43c1f75917024,pitcher,s_906d0626ea1948062506bd13,r_fb1ed5dc76fc8939cd1d080a,2026,RotoWire,CHC
s_ef8fd5af6ce721f5453846bb,"[[""rotowire"", ""14914""]]",matched,Keegan Thompson,p_fc2efd485c9feb6bf3d10686,pitcher,s_2891b40bce7037cb6fc4160c,r_fb1ed5dc76fc8939cd1d080a,2026,RotoWire,COL
,"[[""rotowire"", ""14915""]]",unmatched,Riley Thompson,p_b122a974bbf489f84d2578a5,pitcher,s_b9bafd9aa6f6bfd8b7aee10a,r_fb1ed5dc76fc8939cd1d080a,2026,RotoWire,FA
,"[[""rotowire"", ""14356""]]",unmatched,Mason Thompson,p_45d1adc7248c7477ef8737e2,pitcher,s_05bccdfde3568dacd856fd58,r_fb1ed5dc76fc8939cd1d080a,2026,RotoWire,TEX
,"[[""rotowire"", ""16966""]]",unmatched,Sam Thoresen,p_155e3bbf48bbeaa31bb113df,pitcher,s_30099885c7258c38ef0fec1c,r_fb1ed5dc76fc8939cd1d080a,2026,RotoWire,CHC
s_d6f219757700efd40597d8aa,"[[""rotowire"", ""15552""]]",matched,Trent Thornton,p_48da1d101e8cb6eb88275ac2,pitcher,s_875d6a0a39242fc632d4d458,r_fb1ed5dc76fc8939cd1d080a,2026,RotoWire,CHC
s_5e24cbbbe92b0c355de6797b,"[[""rotowire"", ""18886""]]",matched,Zach Thornton,p_340fa49b390d7ccae182eaa4,pitcher,s_e226d353eaea6f69c7205dcf,r_fb1ed5dc76fc8939cd1d080a,2026,RotoWire,NYM
,"[[""rotowire"", ""17034""]]",unmatched,Ty Tice,p_d9fe3a9a1a058bba1e3bfa29,pitcher,s_8630d14dc0ecb277ebf3ccf4,r_fb1ed5dc76fc8939cd1d080a,2026,RotoWire,FA
s_d68432198cae4ca103cc7ec3,"[[""rotowire"", ""17944""]]",matched,Blade Tidwell,p_028d1e47ba08f397b36a0b34,pitcher,s_17a5878850d218b141b7e6a3,r_fb1ed5dc76fc8939cd1d080a,2026,RotoWire,SF
s_e9eb97e5d236c729fa348a94,"[[""rotowire"", ""16743""]]",matched,Ricky Tiedemann,p_a80d4ffd8c4ac0d867414d37,pitcher,s_752b5446c44d8e7ce2155452,r_fb1ed5dc76fc8939cd1d080a,2026,RotoWire,TOR
,"[[""rotowire"", ""19245""]]",unmatched,Izack Tiger,p_8c45d5d6ea7a440ce4e62ac3,pitcher,s_1e55be8e571caf645c1bfc6f,r_fb1ed5dc76fc8939cd1d080a,2026,RotoWire,TEX
,"[[""rotowire"", ""19171""]]",unmatched,Jesus Tillero,p_b2bb3768c7201273cbea18c7,pitcher,s_1f6fcd8a0b969c44ef359bf8,r_fb1ed5dc76fc8939cd1d080a,2026,RotoWire,LAD
,"[[""rotowire"", ""20286""]]",unmatched,Dameivi Tineo,p_3a796f1d2a68b769d79123d6,pitcher,s_45aca08af7c0fa5a40ee717c,r_fb1ed5dc76fc8939cd1d080a,2026,RotoWire,MIA
,"[[""rotowire"", ""14012""]]",unmatched,Jesus Tinoco,p_cf41ac27465da6068c022374,pitcher,s_4d1af0908fdb981d5867c7f9,r_fb1ed5dc76fc8939cd1d080a,2026,RotoWire,MIA
s_a57b918e6faa5bd3df11b430,"[[""rotowire"", ""19566""]]",matched,Payton Tolle,p_601859fdd8080fb55daaca88,pitcher,s_36065566c97b35b68687fdf8,r_fb1ed5dc76fc8939cd1d080a,2026,RotoWire,BOS
s_4c9cd444848800801240ab7e,"[[""rotowire"", ""19380""]]",matched,Jonah Tong,p_d27727ac36c7fea7168491ea,pitcher,s_4d01e5a76005617d7b76e157,r_fb1ed5dc76fc8939cd1d080a,2026,RotoWire,NYM
,"[[""rotowire"", ""12767""]]",unmatched,Michael Tonkin,p_f42b4ea020ded781aef89044,pitcher,s_3dac2a5ef58182786334b9cd,r_fb1ed5dc76fc8939cd1d080a,2026,RotoWire,FA
s_a9b42c871987e8e65e855524,"[[""rotowire"", ""15558""]]",matched,Justin Topa,p_c16ceee80f9bfb1fec04cdfe,pitcher,s_beeb5243a74a35a0bf5daff1,r_fb1ed5dc76fc8939cd1d080a,2026,RotoWire,MIN
,"[[""rotowire"", ""18392""]]",unmatched,Eric Torres,p_fbeb4b5fd01b6c0672eb8d05,pitcher,s_ff9f912fa28e434703715f4f,r_fb1ed5dc76fc8939cd1d080a,2026,RotoWire,BAL
,"[[""rotowire"", ""20134""]]",unmatched,Alejandro Torres,p_dc73e498ba9ec34c56290a88,pitcher,s_e329919e683d5a77c08d5453,r_fb1ed5dc76fc8939cd1d080a,2026,RotoWire,HOU
,"[[""rotowire"", ""20114""]]",unmatched,Stharlin Torres,p_704cb0899be003e9716711bf,pitcher,s_1fabce2e3c2cf9a1bd435e2d,r_fb1ed5dc76fc8939cd1d080a,2026,RotoWire,CIN
,"[[""rotowire"", ""20532""]]",unmatched,Wande Torres,p_3d3b7627366acf3779b1d31e,pitcher,s_ce157d65f1ecacac440a895e,r_fb1ed5dc76fc8939cd1d080a,2026,RotoWire,MIL
,"[[""rotowire"", ""13385""]]",unmatched,Touki Toussaint,p_8563b288cabc5a90c0b362fd,pitcher,s_cdceca8c38cf2ff1f501043f,r_fb1ed5dc76fc8939cd1d080a,2026,RotoWire,LAA
,"[[""rotowire"", ""18548""]]",unmatched,Blake Townsend,p_4e1f43ce4905ce9199c1ac0c,pitcher,s_51be9f2de20aa224c79c69a7,r_fb1ed5dc76fc8939cd1d080a,2026,RotoWire,FA
,"[[""rotowire"", ""20522""]]",unmatched,Jesus Travieso,p_dc69a2f442a17559a87c75a6,pitcher,s_0e63361b44dd6cb52c02094b,r_fb1ed5dc76fc8939cd1d080a,2026,RotoWire,PIT
,"[[""rotowire"", ""18962""]]",unmatched,Alonzo Tredwell,p_f2396db0c6ac423edc8670ab,pitcher,s_591991797c6da2a963dfa2c9,r_fb1ed5dc76fc8939cd1d080a,2026,RotoWire,HOU
s_f3e5e80b8e189b64988ef47d,"[[""rotowire"", ""12810""]]",matched,Blake Treinen,p_3d7dbeb61bf17e62ef16d36b,pitcher,s_09dae89ed03cfa40558feb64,r_fb1ed5dc76fc8939cd1d080a,2026,RotoWire,LAD
,"[[""rotowire"", ""20438""]]",unmatched,Josh Trentadue,p_768d75d9d7dbe603383f5609,pitcher,s_3644058f33046a4041ed1a30,r_fb1ed5dc76fc8939cd1d080a,2026,RotoWire,TEX
s_4b8f3e51b4301c5b559b4f74,"[[""rotowire"", ""15262""]]",matched,Lou Trivino,p_cb7e3547063497ea6d59f8f1,pitcher,s_bb303cb7f8b3f5f771d8c07a,r_fb1ed5dc76fc8939cd1d080a,2026,RotoWire,PHI
,"[[""rotowire"", ""19045""]]",unmatched,Austin Troesser,p_ed63c69f2fc696c189fb02b9,pitcher,s_dadb55d48fc855fed3171ce0,r_fb1ed5dc76fc8939cd1d080a,2026,RotoWire,NYM
,"[[""rotowire"", ""14944""]]",unmatched,Alex Troop,p_8beb01032f1370c14fb91d43,pitcher,s_5800a5f66155f914ff0ebe82,r_fb1ed5dc76fc8939cd1d080a,2026,RotoWire,FA
,"[[""rotowire"", ""19264""]]",unmatched,Christopher Troye,p_613e7da0aeea70ca6ec2518e,pitcher,s_7d2b05c9cd3aa8fa028369b2,r_fb1ed5dc76fc8939cd1d080a,2026,RotoWire,FA
,"[[""rotowire"", ""20013""]]",unmatched,Zack Tukis,p_f2bf369441958f97c868f349,pitcher,s_100f9f679c0e67b0c4b61439,r_fb1ed5dc76fc8939cd1d080a,2026,RotoWire,PHI
,"[[""rotowire"", ""17791""]]",unmatched,Tanner Tully,p_de082185335a31525b2b499a,pitcher,s_caed36ab2c2217d18a45ee9e,r_fb1ed5dc76fc8939cd1d080a,2026,RotoWire,FA
s_95890b440e70994384833571,"[[""rotowire"", ""20414""]]",matched,Yunior Tur,p_5265b84a78acbbda433f96c7,pitcher,s_85ff95d1a073bcdabe150465,r_fb1ed5dc76fc8939cd1d080a,2026,RotoWire,ATH
,"[[""rotowire"", ""13437""]]",unmatched,Spencer Turnbull,p_ae1758e742025670aed362b1,pitcher,s_c9c7f4d0a4178d4184a014bb,r_fb1ed5dc76fc8939cd1d080a,2026,RotoWire,FA
,"[[""rotowire"", ""19649""]]",unmatched,Brady Tygart,p_b8a4de0828d1f38be035231d,pitcher,s_a77476c55d3a24b1195f0182,r_fb1ed5dc76fc8939cd1d080a,2026,RotoWire,BOS
,"[[""rotowire"", ""17616""]]",unmatched,Kyle Tyler,p_dec1b071add67c51288ea1a0,pitcher,s_84f1fa9ff2ec62bcd2ae7371,r_fb1ed5dc76fc8939cd1d080a,2026,RotoWire,FA
s_4178e4cfe02a568967194f7f,"[[""rotowire"", ""19912""]]",matched,Tyler Uberstine,p_d0ebfea953424a7ec46c2eb9,pitcher,s_4b0f02a5848e9f03f5294b16,r_fb1ed5dc76fc8939cd1d080a,2026,RotoWire,BOS
,"[[""rotowire"", ""15676""]]",unmatched,Edwin Uceta,p_4c3ded7fcf0ddb95f5c59a5b,pitcher,s_aa66e927587dd1674847aa87,r_fb1ed5dc76fc8939cd1d080a,2026,RotoWire,TB
,"[[""rotowire"", ""15023""]]",unmatched,Erich Uelmen,p_461e900d98a43f6ae816e80e,pitcher,s_7d2efe127ee8a85e4ab0ea38,r_fb1ed5dc76fc8939cd1d080a,2026,RotoWire,FA
s_780ff1432774e60c06f75054,"[[""rotowire"", ""18233""]]",matched,Miguel Ullola,p_c4eb415b77ff8b7ebcd826e3,pitcher,s_903df48c3452114e1decec98,r_fb1ed5dc76fc8939cd1d080a,2026,RotoWire,HOU
,"[[""rotowire"", ""17116""]]",unmatched,Geison Urbaez,p_771c968f3d31ebf133d0e8f0,pitcher,s_f9bca23fbb52ed5848390df1,r_fb1ed5dc76fc8939cd1d080a,2026,RotoWire,TOR
s_88013ac76af39ccc9a48f55e,"[[""rotowire"", ""18159""]]",matched,Walbert Urena,p_3751299442003f8a18705d67,pitcher,s_5641bfed92a468abeb3f210f,r_fb1ed5dc76fc8939cd1d080a,2026,RotoWire,LAA
,"[[""rotowire"", ""13194""]]",unmatched,Jose Urena,p_e75b990817978805c31533be,pitcher,s_12d7dceebc97a3427fcd7cd4,r_fb1ed5dc76fc8939cd1d080a,2026,RotoWire,FA
s_149a2f246a546c1c1660830c,"[[""rotowire"", ""17626""]]",matched,Abner Uribe,p_2760b771d5d2d52f8c0db525,pitcher,s_e29248ee3c0c7f65f93467a0,r_fb1ed5dc76fc8939cd1d080a,2026,RotoWire,MIL
s_d553b957ce481f76214d8a62,"[[""rotowire"", ""15944""]]",matched,Jose Urquidy,p_c1d12d935a24fbd60d6cf764,pitcher,s_5d987d21cf52bafe5221dd67,r_fb1ed5dc76fc8939cd1d080a,2026,RotoWire,PIT
,"[[""rotowire"", ""19322""]]",unmatched,Tommy Vail,p_b332ea089cae47058fef8172,pitcher,s_81cff90fa9d44d85fd8382a4,r_fb1ed5dc76fc8939cd1d080a,2026,RotoWire,CWS
,"[[""rotowire"", ""17702""]]",unmatched,Joel Valdez,p_805c9d195d6ed95eed68d524,pitcher,s_7250ad032fe2fc5b22a4a8f7,r_fb1ed5dc76fc8939cd1d080a,2026,RotoWire,CIN
s_9557eb70d757d6d89f252dc0,"[[""rotowire"", ""14900""]]",matched,Framber Valdez,p_0e089b0f2e016b32a874b52f,pitcher,s_40661569304e9e6d235aa5aa,r_fb1ed5dc76fc8939cd1d080a,2026,RotoWire,DET
,"[[""rotowire"", ""19804""]]",unmatched,Juan Valera,p_58de6e3b5059e6a59dabd919,pitcher,s_14c5699889a2710c91f212aa,r_fb1ed5dc76fc8939cd1d080a,2026,RotoWire,BOS
,"[[""rotowire"", ""17191""]]",unmatched,Samuel Valerio,p_45dd14f5490889c72ec71e8f,pitcher,s_086cfdfdcbb4aab9c024cd87,r_fb1ed5dc76fc8939cd1d080a,2026,RotoWire,KC
,"[[""rotowire"", ""16391""]]",unmatched,Chris Vallimont,p_370818e803eedbbcd6f2ebe4,pitcher,s_b3fc3e243dd314cc48660a47,r_fb1ed5dc76fc8939cd1d080a,2026,RotoWire,LAD
,"[[""rotowire"", ""16948""]]",unmatched,Brian Van Belle,p_e401aca1a4024532362dd6cf,pitcher,s_1c6665e50dee73ed7c7dc651,r_fb1ed5dc76fc8939cd1d080a,2026,RotoWire,TB
s_9cc50c471be680d7b92a069b,"[[""rotowire"", ""14903""]]",matched,CJ Van Eyk,p_c229b53fa6e02347d49d14af,pitcher,s_92a1f1638de6e45c64f25eab,r_fb1ed5dc76fc8939cd1d080a,2026,RotoWire,TOR
,"[[""rotowire"", ""20129""]]",unmatched,Peter Van Loon,p_c112749cfc1bbb1a4ab5ef52,pitcher,s_5768f59bcb52b992becab467,r_fb1ed5dc76fc8939cd1d080a,2026,RotoWire,BAL
,"[[""rotowire"", ""19016""]]",unmatched,Connor Van Scoyoc,p_aa0025a00a8e857dbf2075fd,pitcher,s_10a389f4c7df32cb513e8408,r_fb1ed5dc76fc8939cd1d080a,2026,RotoWire,FA
,"[[""rotowire"", ""18141""]]",unmatched,Reid VanScoter,p_2f24306bd46f631455411cd7,pitcher,s_1cf405d3805f92638ccd464e,r_fb1ed5dc76fc8939cd1d080a,2026,RotoWire,SEA
s_1d2d0a4345527ef6b743cfff,"[[""rotowire"", ""19986""]]",matched,Logan VanWey,p_5aa9a1553defc70fdc9f44f6,pitcher,s_0c3ae8fae4c2937f9a6a7a97,r_fb1ed5dc76fc8939cd1d080a,2026,RotoWire,HOU
,"[[""rotowire"", ""19772""]]",unmatched,Yeferson Vargas,p_81535135f4513c287ff9631e,pitcher,s_bc6c1e16bf8c4761a260486a,r_fb1ed5dc76fc8939cd1d080a,2026,RotoWire,LAA
,"[[""rotowire"", ""18398""]]",unmatched,Jordy Vargas,p_ba6561bf9202eb5657960559,pitcher,s_faa28b031ac98d98501d5d98,r_fb1ed5dc76fc8939cd1d080a,2026,RotoWire,COL
s_32017e64a94143e59f31591f,"[[""rotowire"", ""15723""]]",matched,Carlos Vargas,p_99f38b09686a812eec67a07d,pitcher,s_87afe2fa72b7e6dedeb56fc5,r_fb1ed5dc76fc8939cd1d080a,2026,RotoWire,SEA
,"[[""rotowire"", ""15084""]]",unmatched,Victor Vargas,p_d7a6fb54fe69380880e23006,pitcher,s_920e4e13656f9a0521a30e39,r_fb1ed5dc76fc8939cd1d080a,2026,RotoWire,FA
s_3307179a8a63fcb90d2ac4c2,"[[""rotowire"", ""17178""]]",matched,Gus Varland,p_7c9db6128a2d163051be00ea,pitcher,s_3b96b41fd9e2148088b0c288,r_fb1ed5dc76fc8939cd1d080a,2026,RotoWire,WSH
s_41f4e6f1f217542cb71ccd2f,"[[""rotowire"", ""17607""]]",matched,Louis Varland,p_87e0f824b432c68de2f1cdda,pitcher,s_7bdb2abc30385b242b1e6dc6,r_fb1ed5dc76fc8939cd1d080a,2026,RotoWire,TOR
,"[[""rotowire"", ""15414""]]",unmatched,Mike Vasil,p_36dd2e5efc1e43306e5c4fdd,pitcher,s_1802a87b65c02d195d150804,r_fb1ed5dc76fc8939cd1d080a,2026,RotoWire,CWS
,"[[""rotowire"", ""15729""]]",unmatched,Andrew Vasquez,p_fe3eccba7e9a5b27cd6cbadf,pitcher,s_2117aa2a76d2666bb52dc1f2,r_fb1ed5dc76fc8939cd1d080a,2026,RotoWire,FA
,"[[""rotowire"", ""19948""]]",unmatched,Jose Vasquez,p_2b89fa094149496746e243e9,pitcher,s_d5759b6cb62aa884ffd54a0e,r_fb1ed5dc76fc8939cd1d080a,2026,RotoWire,LAD
,"[[""rotowire"", ""20459""]]",unmatched,Daury Vasquez,p_a2ba7cb17d66c9ff3c185652,pitcher,s_96b389c613f160268c955b6d,r_fb1ed5dc76fc8939cd1d080a,2026,RotoWire,ARI
s_dc6c88d18966330bd356ee56,"[[""rotowire"", ""11554""]]",matched,Vince Velasquez,p_9d30f7fa80d5f631417ee075,pitcher,s_f25bda8bdbf9dce044b98f09,r_fb1ed5dc76fc8939cd1d080a,2026,RotoWire,CHC
,"[[""rotowire"", ""20715""]]",unmatched,Ricardo Velez,p_c6e5a547350e0094ef70a726,pitcher,s_003e26907b969b4f31d93ddf,r_fb1ed5dc76fc8939cd1d080a,2026,RotoWire,FA
,"[[""rotowire"", ""16507""]]",unmatched,Manuel Veloz,p_89de40b78fb94d47c10c66b0,pitcher,s_bb1fb0d8b48e6657ff997fae,r_fb1ed5dc76fc8939cd1d080a,2026,RotoWire,CWS
,"[[""rotowire"", ""17612""]]",unmatched,Anthony Veneziano,p_69b6354aceb0713a9f9ccb55,pitcher,s_a9c87130dd630207944b64ee,r_fb1ed5dc76fc8939cd1d080a,2026,RotoWire,FA
,"[[""rotowire"", ""17210""]]",unmatched,Jordany Ventura,p_1b652cd12f36087a9c9c0fea,pitcher,s_3c744fff42df0a47363e8aea,r_fb1ed5dc76fc8939cd1d080a,2026,RotoWire,NYY
,"[[""rotowire"", ""16760""]]",unmatched,Norge Vera,p_1d96843ec625eb8c75b434c1,pitcher,s_5938436afc7ea0eaf9562db8,r_fb1ed5dc76fc8939cd1d080a,2026,RotoWire,CWS
s_6e258c66f3f8bd4ffc737f48,"[[""rotowire"", ""8309""]]",matched,Justin Verlander,p_b780c726b42fc01482d044ea,pitcher,s_c405b0c20b4e6359698228ac,r_fb1ed5dc76fc8939cd1d080a,2026,RotoWire,DET
,"[[""rotowire"", ""18199""]]",unmatched,Austin Vernon,p_586a27c1b0877ff1a46fc915,pitcher,s_acd7c1e784ffe3a71f762431,r_fb1ed5dc76fc8939cd1d080a,2026,RotoWire,TB
s_c614e526fbb4170ca0655d38,"[[""rotowire"", ""16615""]]",matched,Alex Vesia,p_4418e268dc293e4c447c6546,pitcher,s_834fab11eb38bf6052973750,r_fb1ed5dc76fc8939cd1d080a,2026,RotoWire,LAD
,"[[""rotowire"", ""17887""]]",unmatched,Nick Vespi,p_b4bd10f9a736b721cf67f9b8,pitcher,s_abf0f5f06a1a7eb527589c5f,r_fb1ed5dc76fc8939cd1d080a,2026,RotoWire,PHI
s_8b24173142b07c078ab2a6aa,"[[""rotowire"", ""17138""]]",matched,Will Vest,p_4f63322407a16b6cb9e684d5,pitcher,s_0dfd2147ebf1de91bb4049f9,r_fb1ed5dc76fc8939cd1d080a,2026,RotoWire,DET
,"[[""rotowire"", ""20745""]]",unmatched,Najer Victor,p_236aa73040e3d07918e02ded,pitcher,s_305c50248783f081c6f8b11d,r_fb1ed5dc76fc8939cd1d080a,2026,RotoWire,LAA
,"[[""rotowire"", ""14579""]]",unmatched,Thyago Vieira,p_93445d5aee81e00b4b4b6245,pitcher,s_e05c60fbd963eec2d2c3de4a,r_fb1ed5dc76fc8939cd1d080a,2026,RotoWire,FA
,"[[""rotowire"", ""18269""]]",unmatched,Eli Villalobos,p_ba15fbee40a35c2d8313a1d7,pitcher,s_9e9aad41f39a7d6ade6041ea,r_fb1ed5dc76fc8939cd1d080a,2026,RotoWire,SD
,"[[""rotowire"", ""20136""]]",unmatched,Mike Villani,p_1bed3202ac6783c1d5debc61,pitcher,s_67ad349c569d2d5e6b90cdac,r_fb1ed5dc76fc8939cd1d080a,2026,RotoWire,CIN
,"[[""rotowire"", ""17606""]]",unmatched,Darius Vines,p_11e4ee55595c0bddc7374adb,pitcher,s_bf4813224165201f6f4d39cd,r_fb1ed5dc76fc8939cd1d080a,2026,RotoWire,ATL
,"[[""rotowire"", ""16339""]]",unmatched,Esmerlin Vinicio,p_4e67713974cc244bb9128e4c,pitcher,s_fd911131c76cdbdf95a22556,r_fb1ed5dc76fc8939cd1d080a,2026,RotoWire,SF
,"[[""rotowire"", ""17136""]]",unmatched,Raffi Vizcaino,p_dcf22643cc27a8e235862449,pitcher,s_ae4393a23257590f430c5a2a,r_fb1ed5dc76fc8939cd1d080a,2026,RotoWire,FA
,"[[""rotowire"", ""15862""]]",unmatched,Anthony Vizcaya,p_fb2b00f63bcc0c7c9d24e57f,pitcher,s_1d1be6d57df6ee87bedae225,r_fb1ed5dc76fc8939cd1d080a,2026,RotoWire,FA
s_888517c78600de4c5f7fd0bb,"[[""rotowire"", ""16416""]]",matched,Victor Vodnik,p_4666c8933a6cfbcd75a49204,pitcher,s_f49a29cb525ee8b5105bf239,r_fb1ed5dc76fc8939cd1d080a,2026,RotoWire,COL
,"[[""rotowire"", ""19938""]]",unmatched,Joe Vogatsky,p_5f0692e9be17c43f78afc331,pitcher,s_a6498c48db8b47cc6ae04e48,r_fb1ed5dc76fc8939cd1d080a,2026,RotoWire,BOS
s_2215265ded7cde1388ead6f9,"[[""rotowire"", ""13642""]]",matched,Austin Voth,p_65fc75eaa7cdf02f389515d9,pitcher,s_8907cc7237cc8bbfecb8d45d,r_fb1ed5dc76fc8939cd1d080a,2026,RotoWire,FA
,"[[""rotowire"", ""17985""]]",unmatched,Trystan Vrieling,p_b51a20b87db06436d2fa56bc,pitcher,s_9f8c15ed5de1c35801784698,r_fb1ed5dc76fc8939cd1d080a,2026,RotoWire,SF
s_dff8d0ea242b9c05e65a7e03,"[[""rotowire"", ""12457""]]",matched,Michael Wacha,p_371a1a346ec1e2f9db0ad977,pitcher,s_5b3d13e1056846fe80754a17,r_fb1ed5dc76fc8939cd1d080a,2026,RotoWire,KC
,"[[""rotowire"", ""14212""]]",unmatched,Brandon Waddell,p_9d4aa7532c4536ec58467cec,pitcher,s_e86873f7239341061d3177b0,r_fb1ed5dc76fc8939cd1d080a,2026,RotoWire,NYM
s_e3af2ca33c7f869e326568a8,"[[""rotowire"", ""15670""]]",matched,Jacob Waguespack,p_c3cfef0ffe32dcdecf86b61f,pitcher,s_548eacae98a2577c2e8ecc25,r_fb1ed5dc76fc8939cd1d080a,2026,RotoWire,MIL
,"[[""rotowire"", ""18253""]]",unmatched,Cole Waites,p_10231ebfe38f0e0392d616d4,pitcher,s_51ccc225b418787ac4443559,r_fb1ed5dc76fc8939cd1d080a,2026,RotoWire,DET
s_5f6dd02ab64ec07aafd010ae,"[[""rotowire"", ""17287""]]",matched,Ken Waldichuk,p_27741deb9bcc7a5143466fbb,pitcher,s_8e93023757fb4490770b557c,r_fb1ed5dc76fc8939cd1d080a,2026,RotoWire,WSH
s_27f14908ddff8e909a5b1c91,"[[""rotowire"", ""19015""]]",matched,Matt Waldron,p_a040d5160e3ed9b54434cfbb,pitcher,s_b1cf44160a6db5a931afdfaa,r_fb1ed5dc76fc8939cd1d080a,2026,RotoWire,SD
s_25bf1e4935e11e2ea5d94d52,"[[""rotowire"", ""18798""]]",matched,Ryan Walker,p_31e198d6dadb10cdd4b3261f,pitcher,s_8f1280b82543642957404379,r_fb1ed5dc76fc8939cd1d080a,2026,RotoWire,SF
s_2451d554342f288c7b7f59a5,"[[""rotowire"", ""17807""]]",matched,Josh Walker,p_fde1cb0513829d5de21b3f1e,pitcher,s_42a6de7becabde90a55ad218,r_fb1ed5dc76fc8939cd1d080a,2026,RotoWire,BAL
s_1cf8022f8c23cc985f3885ed,"[[""rotowire"", ""11537""]]",matched,Taijuan Walker,p_d0cb62e3b68e340a9cdfacc2,pitcher,s_ae7774bb549201c34d77e05c,r_fb1ed5dc76fc8939cd1d080a,2026,RotoWire,PHI
,"[[""rotowire"", ""16150""]]",unmatched,Jacob Wallace,p_f8f8e2ce8d0070527c6a1dd6,pitcher,s_39459532e1d433402898aaa8,r_fb1ed5dc76fc8939cd1d080a,2026,RotoWire,ATL
,"[[""rotowire"", ""16944""]]",unmatched,Chase Wallace,p_ab4dbea3a7ec30900039bbfd,pitcher,s_dca4cfa4ffa0b16a3badc686,r_fb1ed5dc76fc8939cd1d080a,2026,RotoWire,FA
,"[[""rotowire"", ""17519""]]",unmatched,Trenton Wallace,p_61145eaf6e9374f83d10d4c5,pitcher,s_f2e0fb648284e90d65164e28,r_fb1ed5dc76fc8939cd1d080a,2026,RotoWire,TOR
,"[[""rotowire"", ""17431""]]",unmatched,Andrew Walling,p_70fa33858508a94a737d35e5,pitcher,s_e939cba1e72a6ab31613d0a8,r_fb1ed5dc76fc8939cd1d080a,2026,RotoWire,PHI
,"[[""rotowire"", ""17697""]]",unmatched,Jake Walsh,p_dffc0002b2eb8c3d59851bce,pitcher,s_cd290e5fff0ab7b817324622,r_fb1ed5dc76fc8939cd1d080a,2026,RotoWire,FA
,"[[""rotowire"", ""17744""]]",unmatched,Brandon Walter,p_2685c99f10ed43abee99e8eb,pitcher,s_dea4bfaf7a988a1c6a3d1334,r_fb1ed5dc76fc8939cd1d080a,2026,RotoWire,HOU
,"[[""rotowire"", ""18040""]]",unmatched,Andrew Walters,p_d92fc75e4628979a37144e5a,pitcher,s_001e27565e4b27490d21f749,r_fb1ed5dc76fc8939cd1d080a,2026,RotoWire,CLE
,"[[""rotowire"", ""13900""]]",unmatched,Nash Walters,p_9956c73ed87c15feeb0bc5e6,pitcher,s_c80af83a9be321d32afcd902,r_fb1ed5dc76fc8939cd1d080a,2026,RotoWire,FA
s_e9b8dcf6c08c9b0a90f67da7,"[[""rotowire"", ""17549""]]",matched,Andrew Wantz,p_d67e2299a0f2997cb42780b7,pitcher,s_2cdabf4aa1046a81574ca380,r_fb1ed5dc76fc8939cd1d080a,2026,RotoWire,TB
,"[[""rotowire"", ""16398""]]",unmatched,Thaddeus Ward,p_cb5ce0e4b643067151f40008,pitcher,s_5d9723de74478b5bb90d9053,r_fb1ed5dc76fc8939cd1d080a,2026,RotoWire,BAL
,"[[""rotowire"", ""14519""]]",unmatched,Art Warren,p_ca1132d7c31a16234da13c40,pitcher,s_77dd7bd91a443928db50addb,r_fb1ed5dc76fc8939cd1d080a,2026,RotoWire,FA
s_45b41fcd610231d6a4c1ba1a,"[[""rotowire"", ""17213""]]",matched,Austin Warren,p_5ab6446da06e03d88133c394,pitcher,s_d8333a88bb0ba38ee61b0600,r_fb1ed5dc76fc8939cd1d080a,2026,RotoWire,NYM
,"[[""rotowire"", ""17174""]]",unmatched,Spenser Watkins,p_07c65453e4133a6c20218471,pitcher,s_bba01996620e6c8d75038510,r_fb1ed5dc76fc8939cd1d080a,2026,RotoWire,FA
,"[[""rotowire"", ""13864""]]",unmatched,Nolan Watson,p_0ab007a1b5c82829c6d88b11,pitcher,s_ef7ecc36b5329b5c3d55291d,r_fb1ed5dc76fc8939cd1d080a,2026,RotoWire,FA
,"[[""rotowire"", ""19325""]]",unmatched,Danny Watson,p_cacbb0ea9bc259c7722a5074,pitcher,s_89106823b758eed824738949,r_fb1ed5dc76fc8939cd1d080a,2026,RotoWire,NYY
,"[[""rotowire"", ""20484""]]",unmatched,Will Watson,p_e6d20709926af297b6604fef,pitcher,s_2908e90142d6cb2cfbba0452,r_fb1ed5dc76fc8939cd1d080a,2026,RotoWire,NYM
,"[[""rotowire"", ""20546""]]",unmatched,Troy Watson,p_2b49ea841d089c22c66e0123,pitcher,s_32256f003011756e382310ed,r_fb1ed5dc76fc8939cd1d080a,2026,RotoWire,DET
,"[[""rotowire"", ""18062""]]",unmatched,Jacob Watters,p_0bc33bc688c44d533183a440,pitcher,s_ad30a92cfb8bf88e8a6eb37e,r_fb1ed5dc76fc8939cd1d080a,2026,RotoWire,TB
,"[[""rotowire"", ""18974""]]",unmatched,Juaron Watts-Brown,p_5d596f0ca1c7852779157957,pitcher,s_d6ac8fbe6c5679fa55b49a93,r_fb1ed5dc76fc8939cd1d080a,2026,RotoWire,BAL
s_64eb687176d21f173343f1ab,"[[""rotowire"", ""16747""]]",matched,Beck Way,p_1dd0b1900f0273e21e3b6bc0,pitcher,s_4119bdd6c893fb622e67d966,r_fb1ed5dc76fc8939cd1d080a,2026,RotoWire,KC
,"[[""rotowire"", ""16778""]]",unmatched,Sam Weatherly,p_f6f63c991abc54dad287faf7,pitcher,s_f4e57262f7dc16babf934aba,r_fb1ed5dc76fc8939cd1d080a,2026,RotoWire,COL
s_fcd038d652319b0c0fcd2932,"[[""rotowire"", ""15409""]]",matched,Ryan Weathers,p_38048eea2f7c671d69ecd76b,pitcher,s_36637e82852ce9266583b1cd,r_fb1ed5dc76fc8939cd1d080a,2026,RotoWire,NYY
s_08ce9359231da4efa78ba8f5,"[[""rotowire"", ""13395""]]",matched,Luke Weaver,p_161e5a9305eaea8fb63c7654,pitcher,s_71de7fd1e8bd40c2c73f2611,r_fb1ed5dc76fc8939cd1d080a,2026,RotoWire,NYM
s_2235768b5a72e79c9f93023e,"[[""rotowire"", ""13478""]]",matched,Logan Webb,p_a6d5aaf96c6c17db57e8301a,pitcher,s_5a02842895ea3a11c3fffa36,r_fb1ed5dc76fc8939cd1d080a,2026,RotoWire,SF
,"[[""rotowire"", ""16810""]]",unmatched,Ryan Webb,p_fa32d12a688ef267d6adda01,pitcher,s_9cdb3439d8f3de442c8663d8,r_fb1ed5dc76fc8939cd1d080a,2026,RotoWire,CLE
,"[[""rotowire"", ""17706""]]",unmatched,Nate Webb,p_e695f3b82f1af1857afb7494,pitcher,s_6fd934439db0065a553f134f,r_fb1ed5dc76fc8939cd1d080a,2026,RotoWire,FA
,"[[""rotowire"", ""17135""]]",unmatched,Avery Weems,p_d3a74ee13c86518bd1eba369,pitcher,s_8be40cae4de31e3e4a23b177,r_fb1ed5dc76fc8939cd1d080a,2026,RotoWire,TEX
,"[[""rotowire"", ""12236""]]",unmatched,Jordan Weems,p_2593790323a77719d1ad29bc,pitcher,s_eff841060c81a168b41a9587,r_fb1ed5dc76fc8939cd1d080a,2026,RotoWire,LAD
,"[[""rotowire"", ""19978""]]",unmatched,Robert Wegielnik,p_c2c57661d975227ab6dd0b91,pitcher,s_7bf0928cb2cc64065182dbce,r_fb1ed5dc76fc8939cd1d080a,2026,RotoWire,FA
,"[[""rotowire"", ""19486""]]",unmatched,Blake Wehunt,p_8ca8c23a07a58058a43ebd26,pitcher,s_13c1e6ab38acb1b73b8b49e2,r_fb1ed5dc76fc8939cd1d080a,2026,RotoWire,BOS
,"[[""rotowire"", ""14552""]]",unmatched,Patrick Weigel,p_04833a467df5d27e9f3cf14f,pitcher,s_7f8ddb657282044db121aff3,r_fb1ed5dc76fc8939cd1d080a,2026,RotoWire,COL
s_7ed8be5a36877e73b0e7f71c,"[[""rotowire"", ""15821""]]",matched,Blake Weiman,p_7b633d9c0fd8d30fda378a1c,pitcher,s_6686b82c60156c0ae0d0bbfa,r_fb1ed5dc76fc8939cd1d080a,2026,RotoWire,FA
,"[[""rotowire"", ""19678""]]",unmatched,CJ Weins,p_e8ef2e011b73a1f64d1ed2d7,pitcher,s_c59fdebf1e9ae4d9ac949ed9,r_fb1ed5dc76fc8939cd1d080a,2026,RotoWire,DET
,"[[""rotowire"", ""11596""]]",unmatched,Zack Weiss,p_4963aad06d7073f28de06de6,pitcher,s_2d698ed110748ee103f738fb,r_fb1ed5dc76fc8939cd1d080a,2026,RotoWire,FA
s_f93b17dc7590ca8d4d215f72,"[[""rotowire"", ""18230""]]",matched,Greg Weissert,p_f7bab10a7c231ef55feda704,pitcher,s_bd939012e148491941d0b364,r_fb1ed5dc76fc8939cd1d080a,2026,RotoWire,BOS
,"[[""rotowire"", ""19007""]]",unmatched,Levi Wells,p_ee97f4c55dfaa9b0361482e8,pitcher,s_90fe785a8a03054b763354f0,r_fb1ed5dc76fc8939cd1d080a,2026,RotoWire,BAL
s_42e25be9dedaa853ed5e246c,"[[""rotowire"", ""14991""]]",matched,Tyler Wells,p_76d7ef74cfa636d8b9d155bd,pitcher,s_fd3454bba7c92acb8cfe6c4f,r_fb1ed5dc76fc8939cd1d080a,2026,RotoWire,BAL
,"[[""rotowire"", ""14463""]]",unmatched,Lachlan Wells,p_a2d00b24f58fa81ba0fcf3f1,pitcher,s_2d2f25fb269113b283c4b6b5,r_fb1ed5dc76fc8939cd1d080a,2026,RotoWire,FA
,"[[""rotowire"", ""13171""]]",unmatched,J.B. Wendelken,p_432bd7006bbfc56e739df8a5,pitcher,s_53af4a5fde4dee576cc1f670,r_fb1ed5dc76fc8939cd1d080a,2026,RotoWire,SD
,"[[""rotowire"", ""19841""]]",unmatched,Jack Wenninger,p_e893925e01f81491ec55bcde,pitcher,s_7d0795b2328adf85d60bff08,r_fb1ed5dc76fc8939cd1d080a,2026,RotoWire,NYM
,"[[""rotowire"", ""19635""]]",unmatched,Jackson Wentworth,p_0a44c76cd16b0b0e9140cb7c,pitcher,s_8000248fab22b02d79b22ccc,r_fb1ed5dc76fc8939cd1d080a,2026,RotoWire,TOR
,"[[""rotowire"", ""14242""]]",unmatched,Joey Wentz,p_0f35ba84bee190d22ffef471,pitcher,s_d950d2677c758694529119a6,r_fb1ed5dc76fc8939cd1d080a,2026,RotoWire,ATL
,"[[""rotowire"", ""19141""]]",unmatched,Lucas Wepf,p_530fe3586aa987cc8082028c,pitcher,s_c9eb3c7f4c189931f236c832,r_fb1ed5dc76fc8939cd1d080a,2026,RotoWire,LAD
s_1cf2cacd284bcc9774100256,"[[""rotowire"", ""16209""]]",matched,Hayden Wesneski,p_f50562cd42d6cc25aedd76e1,pitcher,s_116f1b993051f4281b5f0885,r_fb1ed5dc76fc8939cd1d080a,2026,RotoWire,HOU
,"[[""rotowire"", ""20008""]]",unmatched,John West,p_79c17a13c59e407d5b4a2aba,pitcher,s_077be77a3c137e21c1bb6ba5,r_fb1ed5dc76fc8939cd1d080a,2026,RotoWire,ARI
s_226e9a5546af95847fc7e3be,"[[""rotowire"", ""19492""]]",matched,Cameron Weston,p_5988f710e101ad2973bb1376,pitcher,s_8e58a0514b94aa4876615f9c,r_fb1ed5dc76fc8939cd1d080a,2026,RotoWire,BAL
s_23179f512e13db40fc3c51a0,"[[""rotowire"", ""10951""]]",matched,Zack Wheeler,p_f33b45e0082d9a26a8b16000,pitcher,s_1d4ca3de5c0f190ad1cd9904,r_fb1ed5dc76fc8939cd1d080a,2026,RotoWire,PHI
s_4db606aecd5eb1ef8c34e99f,"[[""rotowire"", ""17956""]]",matched,Carson Whisenhunt,p_ca0d45e796adb570fdbab1c7,pitcher,s_c54989d725c39f992d847180,r_fb1ed5dc76fc8939cd1d080a,2026,RotoWire,SF
,"[[""rotowire"", ""18093""]]",unmatched,Josh White,p_7fac04d8020a007ef812d005,pitcher,s_ea8d7f81dedb6123647dace1,r_fb1ed5dc76fc8939cd1d080a,2026,RotoWire,MIA
,"[[""rotowire"", ""18265""]]",unmatched,Brendan White,p_4dd3e13d527729f5e26be0b0,pitcher,s_fe972ce46ca55782b29e1a9d,r_fb1ed5dc76fc8939cd1d080a,2026,RotoWire,SEA
,"[[""rotowire"", ""17772""]]",unmatched,Colby White,p_481025f15b35ffdc36cd63ae,pitcher,s_370c2fb3d098ca2437b7abae,r_fb1ed5dc76fc8939cd1d080a,2026,RotoWire,FA
,"[[""rotowire"", ""18888""]]",unmatched,Thomas White,p_8ea277b59ba1d72ea58eaf71,pitcher,s_1d7148ea9e3ef3fc830b7e11,r_fb1ed5dc76fc8939cd1d080a,2026,RotoWire,MIA
,"[[""rotowire"", ""14352""]]",unmatched,Mitch White,p_9e70f1e90115d7d40a0a8c42,pitcher,s_02f8bd1aa813eedcb81815c0,r_fb1ed5dc76fc8939cd1d080a,2026,RotoWire,FA
,"[[""rotowire"", ""15444""]]",unmatched,Owen White,p_f6143c39e5a443ea5b2ad3c7,pitcher,s_1452a1c1bd59c4702fdf5480,r_fb1ed5dc76fc8939cd1d080a,2026,RotoWire,FA
,"[[""rotowire"", ""16793""]]",unmatched,Kodi Whitley,p_d0b08f01aa0947ab32a348c0,pitcher,s_2b74784c13d4e5cc0349e2d3,r_fb1ed5dc76fc8939cd1d080a,2026,RotoWire,TB
s_1dc38f878cbd3867d2726512,"[[""rotowire"", ""15554""]]",matched,Garrett Whitlock,p_ad235584736e2db776c9f300,pitcher,s_82c549976445ec5293bd4013,r_fb1ed5dc76fc8939cd1d080a,2026,RotoWire,BOS
,"[[""rotowire"", ""18933""]]",unmatched,Joe Whitman,p_c0371fa23eec8f2d0c2987b0,pitcher,s_1f069de7098d5b021ffd44a3,r_fb1ed5dc76fc8939cd1d080a,2026,RotoWire,SF
,"[[""rotowire"", ""19732""]]",unmatched,Kyle Whitten,p_f1218212aa734ecd68b2a06c,pitcher,s_b54f2d7d7753ea2500ad83b9,r_fb1ed5dc76fc8939cd1d080a,2026,RotoWire,TB
,"[[""rotowire"", ""19321""]]",unmatched,Brett Wichrowski,p_a0a1fec5327c30309e06fb23,pitcher,s_7eb0b5c169ed6554b8fc070d,r_fb1ed5dc76fc8939cd1d080a,2026,RotoWire,MIL
,"[[""rotowire"", ""17503""]]",unmatched,Patrick Wicklander,p_1baf68cc228b1e4152e92f84,pitcher,s_8a637f0b253fce5fa5b294da,r_fb1ed5dc76fc8939cd1d080a,2026,RotoWire,TB
s_45ec8444cebfe8dbfc9395b3,"[[""rotowire"", ""17311""]]",matched,Jordan Wicks,p_9085615513755fa3b7c88ed7,pitcher,s_f8dee4d6a6d5b4fc6bf16c14,r_fb1ed5dc76fc8939cd1d080a,2026,RotoWire,CHC
,"[[""rotowire"", ""15219""]]",unmatched,Taylor Widener,p_f09ee3bdf6c5e757c4793339,pitcher,s_8f56f72fb8dce9a71c1f915f,r_fb1ed5dc76fc8939cd1d080a,2026,RotoWire,FA
,"[[""rotowire"", ""15257""]]",unmatched,Brad Wieck,p_a1d303d8a147b9a9c975c980,pitcher,s_c0668386a039c87bd50701a9,r_fb1ed5dc76fc8939cd1d080a,2026,RotoWire,CHC
,"[[""rotowire"", ""18986""]]",unmatched,Jaxon Wiggins,p_2728537b57fc401f7eed09b9,pitcher,s_0f360ab1c0e576b74d3bab26,r_fb1ed5dc76fc8939cd1d080a,2026,RotoWire,CHC
,"[[""rotowire"", ""19269""]]",unmatched,Kyle Wilcox,p_25babb0dac7d4997bfe44fd6,pitcher,s_b67dafb571dca942dae2a2da,r_fb1ed5dc76fc8939cd1d080a,2026,RotoWire,FA
s_efee0ae5cc527d04e13b19f2,"[[""rotowire"", ""15422""]]",matched,Cole Wilcox,p_533e1d1b9b0e042ae42a70bc,pitcher,s_8f36a1e0022c964f31c91f6c,r_fb1ed5dc76fc8939cd1d080a,2026,RotoWire,SEA
,"[[""rotowire"", ""19918""]]",unmatched,Owen Wild,p_b19118dafe7ae408bc81d2f1,pitcher,s_48f0a0f6e5dd31d9ad8b1055,r_fb1ed5dc76fc8939cd1d080a,2026,RotoWire,TB
,"[[""rotowire"", ""19277""]]",unmatched,Nathan Wiles,p_03051e298525fc3219bb6688,pitcher,s_b7b45205d50e501a00ef4cb3,r_fb1ed5dc76fc8939cd1d080a,2026,RotoWire,FA
,"[[""rotowire"", ""12503""]]",unmatched,Collin Wiles,p_d13ae663c8b4ab7483847c1c,pitcher,s_d03086632e8fd9f58880e4b2,r_fb1ed5dc76fc8939cd1d080a,2026,RotoWire,FA
,"[[""rotowire"", ""14229""]]",unmatched,Aaron Wilkerson,p_5035c8d2e28fef4795a19345,pitcher,s_49a35a60ac598386fc1a54b7,r_fb1ed5dc76fc8939cd1d080a,2026,RotoWire,FA
s_91263afb92498239a1707fd4,"[[""rotowire"", ""19417""]]",matched,Matt Wilkinson,p_6bd9055b9b59370a6fc21176,pitcher,s_38cb4d4248701e7a6ce03c04,r_fb1ed5dc76fc8939cd1d080a,2026,RotoWire,CLE
,"[[""rotowire"", ""15916""]]",unmatched,Zach Willeman,p_5edc228c71ea47402403e7f2,pitcher,s_254fbc37c297cae667de4440,r_fb1ed5dc76fc8939cd1d080a,2026,RotoWire,FA
,"[[""rotowire"", ""16090""]]",unmatched,Kendall Williams,p_8b21d10f4fb2e765af5050b5,pitcher,s_f4e577b14928ef7c443fb2d6,r_fb1ed5dc76fc8939cd1d080a,2026,RotoWire,FA
s_3981e4a83bdd51f345f8b7ce,"[[""rotowire"", ""14876""]]",matched,Gavin Williams,p_1142060f4e1e790850d30e59,pitcher,s_e3055325e6d4d537bb5e9944,r_fb1ed5dc76fc8939cd1d080a,2026,RotoWire,CLE
s_f1ee24166f4781783a9155b7,"[[""rotowire"", ""13048""]]",matched,Devin Williams,p_dae721ae0af6fe067aae9fe3,pitcher,s_db565252059663c6bffa179c,r_fb1ed5dc76fc8939cd1d080a,2026,RotoWire,NYM
s_98b57bdf7ac3104b05b240c4,"[[""rotowire"", ""12986""]]",matched,Trevor Williams,p_922ce00ab6c0df908faed3ae,pitcher,s_ef97b59aeed2b866edf74fc1,r_fb1ed5dc76fc8939cd1d080a,2026,RotoWire,WSH
,"[[""rotowire"", ""17991""]]",unmatched,Henry Williams,p_d868f45b2c2205772b91300a,pitcher,s_398e7ec035c23934fcaacf2d,r_fb1ed5dc76fc8939cd1d080a,2026,RotoWire,KC
s_a90d7994df8112e82db0d8a0,"[[""rotowire"", ""16108""]]",matched,Brandon Williamson,p_337ef551541514c24ce1c46c,pitcher,s_229979b7e30905a88660d96c,r_fb1ed5dc76fc8939cd1d080a,2026,RotoWire,CIN
,"[[""rotowire"", ""18805""]]",unmatched,Amos Willingham,p_4bf80fd87542ba428779e0b2,pitcher,s_ff65f76c784464cde04daf75,r_fb1ed5dc76fc8939cd1d080a,2026,RotoWire,HOU
,"[[""rotowire"", ""17417""]]",unmatched,Alec Willis,p_f42fb6a7d8b3932501514789,pitcher,s_3d5b956bfd729414af31a46f,r_fb1ed5dc76fc8939cd1d080a,2026,RotoWire,FA
,"[[""rotowire"", ""17692""]]",unmatched,Brooks Wilson,p_003556670a58e740a1d6844e,pitcher,s_2dca3508015507a0966b4f55,r_fb1ed5dc76fc8939cd1d080a,2026,RotoWire,FA
,"[[""rotowire"", ""18942""]]",unmatched,Paul Wilson,p_27df0c1a251297afe037a6ad,pitcher,s_29f434a4daf709be975ae190,r_fb1ed5dc76fc8939cd1d080a,2026,RotoWire,DET
,"[[""rotowire"", ""17101""]]",unmatched,Steven Wilson,p_15e9d5754d68658e8f9cb116,pitcher,s_8bd4154b2681bd92222e7490,r_fb1ed5dc76fc8939cd1d080a,2026,RotoWire,TB
s_49da2bf421b2ff9aec0fe712,"[[""rotowire"", ""14375""]]",matched,Bryse Wilson,p_30abefb7f554a01f12b64dc7,pitcher,s_fc49ffe12ccb4971dd49b87c,r_fb1ed5dc76fc8939cd1d080a,2026,RotoWire,PHI
,"[[""rotowire"", ""20744""]]",unmatched,Dylan Wilson,p_7ff99b10de7dcfed6a3d0f97,pitcher,s_229287571d2d7c7cdb9f53fa,r_fb1ed5dc76fc8939cd1d080a,2026,RotoWire,FA
,"[[""rotowire"", ""17739""]]",unmatched,Allan Winans,p_76021b92269cadefa31be9e1,pitcher,s_4b187e1ba072078b02e073fe,r_fb1ed5dc76fc8939cd1d080a,2026,RotoWire,FA
,"[[""rotowire"", ""17171""]]",unmatched,Josh Winckowski,p_b8c36673c22e36da61b875f4,pitcher,s_d8d2cf764b18e89ef675fc4a,r_fb1ed5dc76fc8939cd1d080a,2026,RotoWire,TOR
,"[[""rotowire"", ""15858""]]",unmatched,Josh Winder,p_3690f456c1637492ddd2a8c4,pitcher,s_2bee4d40d404ce802549ec4b,r_fb1ed5dc76fc8939cd1d080a,2026,RotoWire,FA
,"[[""rotowire"", ""15346""]]",unmatched,Trey Wingenter,p_6675a70af5cacc23619ca4cd,pitcher,s_3d46fc34f6aa8ba721dd57f7,r_fb1ed5dc76fc8939cd1d080a,2026,RotoWire,FA
s_88faf240226e660ac81497e8,"[[""rotowire"", ""18276""]]",matched,Keaton Winn,p_4e095ac42b4a01d1fdf29e14,pitcher,s_c1ff9537b3916f96e21da196,r_fb1ed5dc76fc8939cd1d080a,2026,RotoWire,SF
s_2b3600e5cfb70b63ca957ac1,"[[""rotowire"", ""20566""]]",matched,Cade Winquest,p_ca0da33a70c68f592795f426,pitcher,s_92ec7236f3bdeff13bd44080,r_fb1ed5dc76fc8939cd1d080a,2026,RotoWire,NYY
,"[[""rotowire"", ""14112""]]",unmatched,Nick Wittgren,p_1bbe36ef54c2ae6cbecaccec,pitcher,s_eafa3b28c747b1a0372ac54a,r_fb1ed5dc76fc8939cd1d080a,2026,RotoWire,FA
,"[[""rotowire"", ""18787""]]",unmatched,Tyler Woessner,p_172838920db0bb2b7b786f4d,pitcher,s_62d76693f5d0aa8ea5673869,r_fb1ed5dc76fc8939cd1d080a,2026,RotoWire,MIL
,"[[""rotowire"", ""16852""]]",unmatched,Nate Wohlgemuth,p_cf47d77ca63b5ed35acaba8f,pitcher,s_c8e53929bb6046bba7a9d1fa,r_fb1ed5dc76fc8939cd1d080a,2026,RotoWire,FA
,"[[""rotowire"", ""16071""]]",unmatched,Josh Wolf,p_f55a4091fb9df13567383736,pitcher,s_f8c3ef34ae53a3f0284402f1,r_fb1ed5dc76fc8939cd1d080a,2026,RotoWire,SF
,"[[""rotowire"", ""17567""]]",unmatched,Jackson Wolf,p_85eb9a073d26add7a94248b3,pitcher,s_50aaea4c4bb18abb41f048fc,r_fb1ed5dc76fc8939cd1d080a,2026,RotoWire,SD
s_99154204f45b107157a74be7,"[[""rotowire"", ""19289""]]",matched,Grant Wolfram,p_35ac1581cac235bb1668f22a,pitcher,s_d36b2e4d860586127be89fd8,r_fb1ed5dc76fc8939cd1d080a,2026,RotoWire,BAL
,"[[""rotowire"", ""18916""]]",unmatched,Blake Wolters,p_d36fb52f096f9b06beac23cb,pitcher,s_bd072ae41cb34d7e7c3f7ae2,r_fb1ed5dc76fc8939cd1d080a,2026,RotoWire,KC
,"[[""rotowire"", ""15463""]]",unmatched,Jake Wong,p_ca3b5dd502b7998bd39fa80e,pitcher,s_89eb0af6bc65ab94f58297f3,r_fb1ed5dc76fc8939cd1d080a,2026,RotoWire,FA
s_e969667e914a0c2b72a07cbb,"[[""rotowire"", ""18195""]]",matched,Bryan Woo,p_e4a10c7f007942d7d013ffa8,pitcher,s_cf43669aca51ad8bb46a7ad1,r_fb1ed5dc76fc8939cd1d080a,2026,RotoWire,SEA
,"[[""rotowire"", ""12488""]]",unmatched,Alex Wood,p_b72ebc231db586acb779e4a0,pitcher,s_5ad1f2e421d8f88fb4fa998f,r_fb1ed5dc76fc8939cd1d080a,2026,RotoWire,FA
s_40385b098a27e2ca381da363,"[[""rotowire"", ""13867""]]",matched,Jake Woodford,p_f1199c5e49b77b823fde65db,pitcher,s_143519ffbff4d224a199b05c,r_fb1ed5dc76fc8939cd1d080a,2026,RotoWire,TB
s_f5bfcc9c7324307dd569a3d6,"[[""rotowire"", ""14525""]]",matched,Brandon Woodruff,p_2d89951f468f9685aecc45ef,pitcher,s_03122fe5dd8adcaf8d77c768,r_fb1ed5dc76fc8939cd1d080a,2026,RotoWire,MIL
s_fda486b47789bfeeff9783ad,"[[""rotowire"", ""15499""]]",matched,Simeon Woods Richardson,p_f6c81be67460a702270428c3,pitcher,s_af291b754a869e280b9c2b8e,r_fb1ed5dc76fc8939cd1d080a,2026,RotoWire,MIN
,"[[""rotowire"", ""19039""]]",unmatched,Jason Woodward,p_bfedbf9e64b68250635f9caf,pitcher,s_a526efa891dae18008099609,r_fb1ed5dc76fc8939cd1d080a,2026,RotoWire,MIL
,"[[""rotowire"", ""17501""]]",unmatched,Logan Workman,p_06426944f04125ee41485de0,pitcher,s_eeb7ead24ca04370a8515bea,r_fb1ed5dc76fc8939cd1d080a,2026,RotoWire,TB
,"[[""rotowire"", ""19618""]]",unmatched,Jakob Wright,p_47f9f156a7cb8a1d3bdc348d,pitcher,s_356f2450b072abf455d743d5,r_fb1ed5dc76fc8939cd1d080a,2026,RotoWire,LAD
,"[[""rotowire"", ""14765""]]",unmatched,Kyle Wright,p_eb19802742b1a08c9a9b8e09,pitcher,s_4fffdb4bfea60d99146fbf74,r_fb1ed5dc76fc8939cd1d080a,2026,RotoWire,CHC
s_6ae2f94045b315e5fa8d90ca,"[[""rotowire"", ""18714""]]",matched,Justin Wrobleski,p_05f3918b6278bcd6d3856315,pitcher,s_df9b30f4a30507058f649de3,r_fb1ed5dc76fc8939cd1d080a,2026,RotoWire,LAD
,"[[""rotowire"", ""16887""]]",unmatched,Jeremy Wu-Yelland,p_6f8f076f2d1719db56b277f8,pitcher,s_14eb4dc797d939ab7f452d1f,r_fb1ed5dc76fc8939cd1d080a,2026,RotoWire,BOS
,"[[""rotowire"", ""19029""]]",unmatched,Hiro Wyatt,p_a39c4fdc8a32b456848808c5,pitcher,s_af73150847b3d1e98f30b191,r_fb1ed5dc76fc8939cd1d080a,2026,RotoWire,KC
,"[[""rotowire"", ""16557""]]",unmatched,Randy Wynne,p_745eebfeac9df0e2aad9810a,pitcher,s_0cdd515079e6238a51d6db71,r_fb1ed5dc76fc8939cd1d080a,2026,RotoWire,FA
s_2ff09f8f06e14558adc1d0c0,"[[""rotowire"", ""17163""]]",matched,Yoshinobu Yamamoto,p_bc1f7345b1d67fbf1e7c9f68,pitcher,s_4e9fd06a26e71e911e735224,r_fb1ed5dc76fc8939cd1d080a,2026,RotoWire,LAD
,"[[""rotowire"", ""19262""]]",unmatched,Ricardo Yan,p_d3d802ced588bea8fff6f122,pitcher,s_1c5d89933c73148e8c737c2e,r_fb1ed5dc76fc8939cd1d080a,2026,RotoWire,ARI
s_422853a318788c1b9fd171e4,"[[""rotowire"", ""19969""]]",matched,Jefry Yan,p_5fc4cd4565230611a892c103,pitcher,s_715fa66e6dfd8383030a4599,r_fb1ed5dc76fc8939cd1d080a,2026,RotoWire,FA
s_c142c72bd429bae0219eaf29,"[[""rotowire"", ""13471""]]",matched,Ryan Yarbrough,p_c564f60ca570a42cae848b9d,pitcher,s_187fde3f46b3d79e19312456,r_fb1ed5dc76fc8939cd1d080a,2026,RotoWire,NYY
s_c59b76fbb41a0685705a3b42,"[[""rotowire"", ""13221""]]",matched,Kirby Yates,p_4b42caae2c74a4d78fc1d2c5,pitcher,s_5a02da658098d16ade5abcfa,r_fb1ed5dc76fc8939cd1d080a,2026,RotoWire,LAA
,"[[""rotowire"", ""18289""]]",unmatched,Justin Yeager,p_5e0cb18d04598b7b8ae91a11,pitcher,s_8232bfb78ca3a6a84fe0edd6,r_fb1ed5dc76fc8939cd1d080a,2026,RotoWire,SD
,"[[""rotowire"", ""20660""]]",unmatched,Chay Yeager,p_0a42de1183ecfa195f0f71d8,pitcher,s_c8a74998df0ccf954dff58f0,r_fb1ed5dc76fc8939cd1d080a,2026,RotoWire,TOR
,"[[""rotowire"", ""19474""]]",unmatched,Reynaldo Yean,p_6046ab47d97a37215d1eb9b0,pitcher,s_f15d0c288ceb6b623fdee34d,r_fb1ed5dc76fc8939cd1d080a,2026,RotoWire,LAD
s_774019e126418da1e5ad9799,"[[""rotowire"", ""16480""]]",matched,Eddy Yean,p_8b93ec63be6ec0ab8c535e69,pitcher,s_0518026017a1f141d269059b,r_fb1ed5dc76fc8939cd1d080a,2026,RotoWire,WSH
s_62df2f759251e669be85e74d,"[[""rotowire"", ""19503""]]",matched,Trey Yesavage,p_23ad51a9725fb7e2007c6f4a,pitcher,s_a90769eb9d65f184dc3ba662,r_fb1ed5dc76fc8939cd1d080a,2026,RotoWire,TOR
,"[[""rotowire"", ""19875""]]",unmatched,Nelfy Ynfante,p_dc0356f087b8a8d88efd1beb,pitcher,s_a0ec4f3588caa9f60f753123,r_fb1ed5dc76fc8939cd1d080a,2026,RotoWire,STL
,"[[""rotowire"", ""13544""]]",unmatched,Huascar Ynoa,p_62d630676621fefa093ab17d,pitcher,s_74916fae9d5117ceded9137e,r_fb1ed5dc76fc8939cd1d080a,2026,RotoWire,LAA
s_cf736c0030a445c1470d0955,"[[""rotowire"", ""19413""]]",matched,Craig Yoho,p_e0d80b0ade89ca191c7c7e55,pitcher,s_e14d447b381f1e1b02d397af,r_fb1ed5dc76fc8939cd1d080a,2026,RotoWire,MIL
,"[[""rotowire"", ""20496""]]",unmatched,Eric Yost,p_c3fd99d90cad74f0102d0a98,pitcher,s_e681689b1bcb9df6c7b4ce7f,r_fb1ed5dc76fc8939cd1d080a,2026,RotoWire,SD
,"[[""rotowire"", ""19208""]]",unmatched,Christian Young,p_408432e5df6a9b2d5efa9417,pitcher,s_5e15e2492ebf498890826fdf,r_fb1ed5dc76fc8939cd1d080a,2026,RotoWire,FA
s_89f4d4518a5dbba1001e446b,"[[""rotowire"", ""17882""]]",matched,Danny Young,p_93b79e92d76fa2af9c41c2cb,pitcher,s_f3964a3b926efc08eaa079e7,r_fb1ed5dc76fc8939cd1d080a,2026,RotoWire,ATL
,"[[""rotowire"", ""13839""]]",unmatched,Alex Young,p_65df9df9cf8c74784c79da9e,pitcher,s_132f5cf97603bd5201ff7f5c,r_fb1ed5dc76fc8939cd1d080a,2026,RotoWire,FA
s_01e8c4666255c7b79d6e8465,"[[""rotowire"", ""16949""]]",matched,Brandon Young,p_574ecbd5a49e1ed6c42b24dc,pitcher,s_15412145a00613abe84e86db,r_fb1ed5dc76fc8939cd1d080a,2026,RotoWire,BAL
,"[[""rotowire"", ""16773""]]",unmatched,Kenyon Yovan,p_fa9c1f6594f6b7c8d7cc43e3,pitcher,s_35f9f3fbaec7ee536db6c8ac,r_fb1ed5dc76fc8939cd1d080a,2026,RotoWire,LAA
,"[[""rotowire"", ""17628""]]",unmatched,Tyrone Yulie,p_e5e03813a6f7a4e011b11ce2,pitcher,s_f91da73fe9334474a01edc96,r_fb1ed5dc76fc8939cd1d080a,2026,RotoWire,NYY
,"[[""rotowire"", ""19318""]]",unmatched,Alfredo Zarraga,p_16dbbc02078b69bdfc1aa200,pitcher,s_40c60a1f7d3ac68c2825ca07,r_fb1ed5dc76fc8939cd1d080a,2026,RotoWire,TB
,"[[""rotowire"", ""13045""]]",unmatched,Rob Zastryzny,p_b761f7b76b0b90bfde27fc8b,pitcher,s_655952bc1bce7471895a6b0c,r_fb1ed5dc76fc8939cd1d080a,2026,RotoWire,MIL
,"[[""rotowire"", ""19256""]]",unmatched,Christian Zazueta,p_8d6ee7b46ed9f4289e23b57c,pitcher,s_ebb58095eb1f5a923abbe619,r_fb1ed5dc76fc8939cd1d080a,2026,RotoWire,LAD
s_1cae321fbf8a9bb6e86a66c5,"[[""rotowire"", ""14287""]]",matched,Ryan Zeferjahn,p_dedb29c4c8c6ce892139f533,pitcher,s_df57e2dc4776985c74b9ce97,r_fb1ed5dc76fc8939cd1d080a,2026,RotoWire,LAA
s_2af958a149114e770669cc9e,"[[""rotowire"", ""17131""]]",matched,Angel Zerpa,p_0876ad8121b608233facdf46,pitcher,s_7236fb6735a8e63e3af6edf1,r_fb1ed5dc76fc8939cd1d080a,2026,RotoWire,MIL
,"[[""rotowire"", ""14268""]]",unmatched,T.J. Zeuch,p_0ef5a7eb7ab7c4aa84e0c329,pitcher,s_794e333c71db79a903bd5315,r_fb1ed5dc76fc8939cd1d080a,2026,RotoWire,FA
,"[[""rotowire"", ""19745""]]",unmatched,Chen Zhong-Ao Zhuang,p_b3a6bef8dfc97a3bccf20181,pitcher,s_4532582c0c8bf42e60868b55,r_fb1ed5dc76fc8939cd1d080a,2026,RotoWire,ATH
,"[[""rotowire"", ""18041""]]",unmatched,Jacob Zibin,p_6d4ed3b6404dff3d3a93baeb,pitcher,s_f0f8bf268b56dfacec022f9e,r_fb1ed5dc76fc8939cd1d080a,2026,RotoWire,CLE
,"[[""rotowire"", ""17409""]]",unmatched,Calvin Ziegler,p_942acadde9c6634420184ce9,pitcher,s_2164888b41dae758b3922fe8,r_fb1ed5dc76fc8939cd1d080a,2026,RotoWire,NYM
,"[[""rotowire"", ""19568""]]",unmatched,Gage Ziehl,p_4f8edf7196af52f6f8bd7aca,pitcher,s_8d39437cceb2a7343d7cd645,r_fb1ed5dc76fc8939cd1d080a,2026,RotoWire,BOS
s_b34164a689b07420da8e5c90,"[[""rotowire"", ""15664""]]",matched,Bruce Zimmermann,p_d445cfc4cbcbaa36bc71236d,pitcher,s_f633dd566d881d2b933d6b51,r_fb1ed5dc76fc8939cd1d080a,2026,RotoWire,STL
,"[[""rotowire"", ""18126""]]",unmatched,Steven Zobac,p_d32982124f9734a3076ad7c9,pitcher,s_5b490fdfb2ffafc643b458a8,r_fb1ed5dc76fc8939cd1d080a,2026,RotoWire,KC
s_3960994efd9a7a1b449b5704,"[[""rotowire"", ""16664""]]",matched,Tyler Zuber,p_8b9cb10f6657921d3c1ea1a2,pitcher,s_2d1cd2cafa217d36a804386f,r_fb1ed5dc76fc8939cd1d080a,2026,RotoWire,MIA
s_3d14621dd3a0b93ef5029cea,"[[""rotowire"", ""18280""]]",matched,Guillo Zuniga,p_c09cf00381457e60dd0c837e,pitcher,s_78f62445549e2eb76f41cac4,r_fb1ed5dc76fc8939cd1d080a,2026,RotoWire,SEA
,"[[""rotowire"", ""18176""]]",unmatched,Nick Zwack,p_3f92f30dc2a53e63a2977416,pitcher,s_16fe637020b2b434118cf946,r_fb1ed5dc76fc8939cd1d080a,2026,RotoWire,SF
