duplicate_name,duplicate_player_key,id_keys,kind,name,player_id,player_type,record_id,season,source
True,False,"[[""fangraphs"", ""27589""], [""mlbam"", ""671106""]]",actual,Logan Allen,p_9e5c30cb0c6ca9351a90fc5e,pitcher,s_1ddb01e888325b17321e524f,2024,Actual
True,False,"[[""fangraphs"", ""18555""], [""mlbam"", ""663531""]]",actual,Logan Allen,p_0ce432d4a2ee34935f23cbc5,pitcher,s_6fe8dac6bbbac03aada5fc9e,2024,Actual
True,False,"[[""fangraphs"", ""29779""], [""mlbam"", ""691777""]]",actual,Max Muncy,p_cced76e05d34ab38cbd25725,hitter,s_1b9d6cfdac0608e496b4e8b2,2025,Actual
True,False,"[[""fangraphs"", ""13301""], [""mlbam"", ""571970""]]",actual,Max Muncy,p_367043d04df11c50c62b433f,hitter,s_b029900ecd5b42e5700705be,2025,Actual
True,False,"[[""fangraphs"", ""23735""], [""mlbam"", ""677651""]]",actual,Luis Garcia,p_61a1626abf71f19b3b31904c,pitcher,s_68f30aa7f3a2779751bf3d04,2025,Actual
True,False,"[[""fangraphs"", ""6984""], [""mlbam"", ""472610""]]",actual,Luis García,p_8173ffb07b31af325e136f10,pitcher,s_b2909110cc2b00d3986c0ddb,2025,Actual
True,False,"[[""fangraphs"", ""13301""], [""mlbam"", ""571970""]]",actual,Max Muncy,p_367043d04df11c50c62b433f,hitter,s_cc80c1e7784237391af4a607,2026,Actual
True,False,"[[""fangraphs"", ""29779""], [""mlbam"", ""691777""]]",actual,Max Muncy,p_cced76e05d34ab38cbd25725,hitter,s_6f614933ea0298ced6d1383f,2026,Actual
True,False,"[[""fangraphs"", ""27589""]]",projection,Logan Allen,p_9e5c30cb0c6ca9351a90fc5e,pitcher,s_7d92d8eaff15d452f2e78002,2024,ATC
True,False,"[[""fangraphs"", ""6984""]]",projection,Luis García,p_8173ffb07b31af325e136f10,pitcher,s_9f5644c42201d89c1dc496ae,2024,ATC
True,False,"[[""fangraphs"", ""23735""]]",projection,Luis Garcia,p_61a1626abf71f19b3b31904c,pitcher,s_298ef86efc76ee50d8096ef4,2024,ATC
True,False,"[[""fangraphs"", ""18555""]]",projection,Logan Allen,p_0ce432d4a2ee34935f23cbc5,pitcher,s_d108bf266d99c0230432a813,2024,ATC
True,False,"[[""fangraphs"", ""13301""], [""mlbam"", ""571970""]]",projection,Max Muncy,p_367043d04df11c50c62b433f,hitter,s_804e79cdd236e45f1fa60231,2024,Steamer
True,False,"[[""fangraphs"", ""7802""], [""mlbam"", ""500743""]]",projection,Miguel Rojas,p_bf4b6d6a344e848bb99ebb0d,hitter,s_2b1aeb36dd46dc828e860562,2024,Steamer
True,False,"[[""fangraphs"", ""20178""], [""mlbam"", ""678246""]]",projection,Miguel Vargas,p_1a95972d3cc893a472abc230,hitter,s_adbce68fb6278d9237c7f8d2,2024,Steamer
True,False,"[[""fangraphs"", ""10642""], [""mlbam"", ""542208""]]",projection,Carlos Pérez,p_bc27c97170c272582da187d0,hitter,s_5ada766f5d43d2742dd00c52,2024,Steamer
True,False,"[[""fangraphs"", ""24388""], [""mlbam"", ""679563""]]",projection,José Rodríguez,p_6440a0a13381bfb36fb7a339,hitter,s_3aacd235bcc9e6f43887b49f,2024,Steamer
True,False,"[[""fangraphs"", ""17766""], [""mlbam"", ""621466""]]",projection,DJ Stewart,p_8c38f6506b6699f1ccf89345,hitter,s_69a814572d2b86f0cd9b3677,2024,Steamer
True,False,"[[""fangraphs"", ""20805""], [""mlbam"", ""656024""]]",projection,Carlos Pérez,p_9dc1f8c62a5e0a00facb2f69,hitter,s_3616f40e5ea9e5854a3be765,2024,Steamer
True,False,"[[""fangraphs"", ""11481""], [""mlbam"", ""592656""]]",projection,Henry Ramos,p_5d1f23b1ad94bd4d524327f6,hitter,s_f7f511c36771a3d26165cb7c,2024,Steamer
True,False,"[[""fangraphs"", ""13254""], [""mlbam"", ""607111""]]",projection,Jacob Wilson,p_1558fb582f0fec2232c3e18c,hitter,s_99ac7d16441f4af2453b2933,2024,Steamer
True,False,"[[""fangraphs"", ""sa829387""], [""mlbam"", ""655996""]]",projection,Cristian Santana,p_e1c757e8f4d760a664b389c9,hitter,s_ef646af30a6d8960d178de32,2024,Steamer
True,False,"[[""fangraphs"", ""29779""], [""mlbam"", ""691777""]]",projection,Max Muncy,p_cced76e05d34ab38cbd25725,hitter,s_8f179423120890e6cfd27f1d,2024,Steamer
True,False,"[[""fangraphs"", ""20540""], [""mlbam"", ""672701""]]",projection,José Devers,p_64626fbb17c69b41f17c5d5e,hitter,s_44c53b5adc75552cdcd0efad,2024,Steamer
True,False,"[[""fangraphs"", ""20332""], [""mlbam"", ""670768""]]",projection,Luis González,p_a44999cd73f45db6a56ed52a,hitter,s_8b1c3160121984a7d58e0efd,2024,Steamer
True,False,"[[""fangraphs"", ""sa3008845""], [""mlbam"", ""682947""]]",projection,Jose Ramos,p_91952f178fa8b2d64860877b,hitter,s_9e4ec54320f390f177351ca4,2024,Steamer
True,False,"[[""fangraphs"", ""13154""], [""mlbam"", ""593523""]]",projection,Marco Hernández,p_8f6ba790c37c9456b5b96ba1,hitter,s_9d182203e6bc85634e5e546a,2024,Steamer
True,False,"[[""fangraphs"", ""33266""], [""mlbam"", ""805779""]]",projection,Jacob Wilson,p_566da69483a08944a4fd0dbe,hitter,s_a5232b9adcde3fa9d9d859c0,2024,Steamer
True,False,"[[""fangraphs"", ""sa922180""], [""mlbam"", ""670895""]]",projection,Alfredo Rodriguez,p_fbafe1bfbc584f1c6de1a681,hitter,s_0e72da1ddbbd19859cc6a93e,2024,Steamer
True,False,"[[""fangraphs"", ""sa3005181""], [""mlbam"", ""677047""]]",projection,D.J. Stewart,p_3a8edffff81b4c0b1ed330d2,hitter,s_fe851fc3f2c80d115695ec12,2024,Steamer
True,False,"[[""fangraphs"", ""sa3004691""], [""mlbam"", ""669363""]]",projection,Jacob Gonzalez,p_a466cb44c355383dca915fc6,hitter,s_ed067156d876151775ef9296,2024,Steamer
True,False,"[[""fangraphs"", ""sa3015292""], [""mlbam"", ""691410""]]",projection,Jose Devers,p_7cf6f2eda53c1b49990cd9c6,hitter,s_047e439fb7f899678c499d09,2024,Steamer
True,False,"[[""fangraphs"", ""sa917737""], [""mlbam"", ""668549""]]",projection,Marco Hernandez,p_fe333221a64a397c66ea432d,hitter,s_a26338e683e9bdb2d6cdb86a,2024,Steamer
True,False,"[[""fangraphs"", ""sa3015697""], [""mlbam"", ""694184""]]",projection,Cristian Santana,p_73c5a6c49eeca7532d4464cc,hitter,s_4ffaaf3e80f06bb9c3898f97,2024,Steamer
True,False,"[[""fangraphs"", ""sa3005727""], [""mlbam"", ""677628""]]",projection,Luis Rodriguez,p_078f6c494552170e79357cb9,hitter,s_4222e8604b058ee3250e7f2a,2024,Steamer
True,False,"[[""fangraphs"", ""sa3008771""], [""mlbam"", ""682685""]]",projection,Cristian Gonzalez,p_271ba150d7eb612735848cb2,hitter,s_d01115d144909015ce43651d,2024,Steamer
True,False,"[[""fangraphs"", ""sa3021637""], [""mlbam"", ""808675""]]",projection,Ramon Ramirez,p_52ad7aaf9ae0e01503199228,hitter,s_ef0d7f1a0eaf6f603d4ecbe7,2024,Steamer
True,False,"[[""fangraphs"", ""33225""], [""mlbam"", ""694378""]]",projection,Jacob Gonzalez,p_3005c6eda0c65dfb1cc1df82,hitter,s_fa316d62f40815f1f526d625,2024,Steamer
True,False,"[[""fangraphs"", ""sa3016541""], [""mlbam"", ""692374""]]",projection,Jose Ramos,p_e6b53c70e55d329c7cd59175,hitter,s_ac7d4e63d13ebb591ace6141,2024,Steamer
True,False,"[[""fangraphs"", ""sa3008751""], [""mlbam"", ""682633""]]",projection,Eduardo Garcia,p_2884c55a300fa4ce7bf835b7,hitter,s_1d54f5a83a942692502266c5,2024,Steamer
True,False,"[[""fangraphs"", ""28020""], [""mlbam"", ""699912""]]",projection,Jose Fernandez,p_ded33a2fd60acf671d39fd27,hitter,s_71afea3bc71500adae442f20,2024,Steamer
True,False,"[[""fangraphs"", ""sa3021123""], [""mlbam"", ""807967""]]",projection,Jesus Fernandez,p_a3a6ad9eb585f65764ceaa80,hitter,s_ce7e2109f6be87bfa6d23978,2024,Steamer
True,False,"[[""fangraphs"", ""sa3018482""], [""mlbam"", ""800232""]]",projection,Luis Baez,p_a76e1c3038cf73fbef8a7125,hitter,s_1e1e8699c8e17d42895b2eba,2024,Steamer
True,False,"[[""fangraphs"", ""sa3005568""], [""mlbam"", ""678823""]]",projection,Enrique Valdez,p_b8b8f5026b151f2c3c15f938,hitter,s_9fe6d73e07c7ef57726176da,2024,Steamer
True,False,"[[""fangraphs"", ""sa3014689""], [""mlbam"", ""691177""]]",projection,Luis Rodriguez,p_90a5b38d981b85207f99230e,hitter,s_9a3d7781c7d6843d95c14c47,2024,Steamer
True,False,"[[""fangraphs"", ""sa3014710""], [""mlbam"", ""691252""]]",projection,Jhon Diaz,p_c3890c934f3f0b4621aaced0,hitter,s_14061aeb7f4c4ab2326435da,2024,Steamer
True,False,"[[""fangraphs"", ""sa3016162""], [""mlbam"", ""699077""]]",projection,Jose Perez,p_a7bdf33bdc2e41cb10b0b1e3,hitter,s_0e3adea89ce19374a45aece3,2024,Steamer
True,False,"[[""fangraphs"", ""sa3009660""], [""mlbam"", ""684710""]]",projection,Miguel Rojas,p_3d2784c5374e3ef8703249a1,hitter,s_a781436ba107a6505ee4faa9,2024,Steamer
True,False,"[[""fangraphs"", ""sa3015801""], [""mlbam"", ""699127""]]",projection,Luis Castillo,p_b3bdcd50d41b834209a06911,hitter,s_c8cc9082c0a05e227aa97735,2024,Steamer
True,False,"[[""fangraphs"", ""sa3005747""], [""mlbam"", ""678637""]]",projection,Luis Baez,p_3676c0402d40e1015b3e0b91,hitter,s_b702648304984cc57defa4be,2024,Steamer
True,False,"[[""fangraphs"", ""sa3021213""], [""mlbam"", ""808239""]]",projection,Gabriel Terrero,p_fb1d62af51d68f754781dac0,hitter,s_133fa5724bec26b6a5087094,2024,Steamer
True,False,"[[""fangraphs"", ""sa3015191""], [""mlbam"", ""692377""]]",projection,Anthony Rodriguez,p_944f2584000ca6b35701f78d,hitter,s_2210cea31b22a76319344d97,2024,Steamer
True,False,"[[""fangraphs"", ""sa3008753""], [""mlbam"", ""682635""]]",projection,Jose Rodriguez,p_76edeeb9e59cc0bf80e20a89,hitter,s_39631e77b64548923ea9ea34,2024,Steamer
True,False,"[[""fangraphs"", ""sa3015599""], [""mlbam"", ""692039""]]",projection,Carlos Jimenez,p_1a907b9c28e5f284d8f79ec8,hitter,s_86cd7dcf91505df99d2db8c1,2024,Steamer
True,False,"[[""fangraphs"", ""sa3021207""], [""mlbam"", ""808233""]]",projection,Alfredo Rodriguez,p_16b030575faa2c9cccca5c4c,hitter,s_97f96b476e30f895f67742d0,2024,Steamer
True,False,"[[""fangraphs"", ""sa3021279""], [""mlbam"", ""808517""]]",projection,Alexander Garcia,p_6493870def41133261685787,hitter,s_81b4f34f8caebefeb9e88fa8,2024,Steamer
True,False,"[[""fangraphs"", ""sa3018640""], [""mlbam"", ""805054""]]",projection,Cristian Gonzalez,p_d7d8e2b02839f0aebeabb676,hitter,s_481b5b8333f0e4303259a6e8,2024,Steamer
True,False,"[[""fangraphs"", ""sa3005919""], [""mlbam"", ""678747""]]",projection,Robert Gonzalez,p_8ac25e132628efe82cba7416,hitter,s_863c453a5d7409a61f5efd92,2024,Steamer
True,False,"[[""fangraphs"", ""sa3021113""], [""mlbam"", ""807817""]]",projection,Jhon Diaz,p_8ed72ea92b7d388d54b314e0,hitter,s_f12a85b2e4b97cf405416fe4,2024,Steamer
True,False,"[[""fangraphs"", ""sa3018432""], [""mlbam"", ""703201""]]",projection,Henry Ramos,p_1789bdf41dfeacf605e1ac88,hitter,s_8a5fd560c59f0ba45ef05cef,2024,Steamer
True,False,"[[""fangraphs"", ""sa3015514""], [""mlbam"", ""684487""]]",projection,Eduardo Garcia,p_c0e1ca23795258d4f103bad1,hitter,s_f8c9903573cf147c67102eea,2024,Steamer
True,False,"[[""fangraphs"", ""sa3018555""], [""mlbam"", ""800412""]]",projection,Jose Rodriguez,p_9f25894d3fb52c3d3316e400,hitter,s_61911ae32709aeb9036560e2,2024,Steamer
True,False,"[[""fangraphs"", ""sa3021170""], [""mlbam"", ""808091""]]",projection,Jose Marcano,p_da1bf4a440196f9766934cf1,hitter,s_a5b0e6bb4534e2b5edd8ae95,2024,Steamer
True,False,"[[""fangraphs"", ""sa3021138""], [""mlbam"", ""808009""]]",projection,Gustavo Marquez,p_10ff71afd2e817f4234cc07c,hitter,s_c7197d37b1a41659da96262c,2024,Steamer
True,False,"[[""fangraphs"", ""sa3022198""], [""mlbam"", ""814545""]]",projection,Jose Perez,p_54ff98f1ef8d4d1f4664b0eb,hitter,s_7a032064ca44b0de346f8dd2,2024,Steamer
True,False,"[[""fangraphs"", ""sa3015670""], [""mlbam"", ""692840""]]",projection,Kelvin Diaz,p_e8467ffa622783e9e4549f72,hitter,s_849a896147aba6fb59f9b6f5,2024,Steamer
True,False,"[[""fangraphs"", ""sa3015654""], [""mlbam"", ""692607""]]",projection,Jesus Fernandez,p_57223b5adb06d02ee9fd30f3,hitter,s_4d09af5587f6d99feb618b31,2024,Steamer
True,False,"[[""fangraphs"", ""sa3009761""], [""mlbam"", ""683619""]]",projection,Luis Castillo,p_7bd1f5c90c5352ce72bea30b,hitter,s_e38835a7dbd958d4d6f9d1b6,2024,Steamer
True,False,"[[""fangraphs"", ""sa3022196""], [""mlbam"", ""806919""]]",projection,Jose Gonzalez,p_b9ad576923dbd41021d7e76d,hitter,s_b4beffca71bbd6fa05121cc7,2024,Steamer
True,False,"[[""fangraphs"", ""sa3016318""], [""mlbam"", ""693766""]]",projection,Sebastian Castro,p_43805b99a4b412619a5b73b8,hitter,s_165e226f95716fc54e578e7d,2024,Steamer
True,False,"[[""fangraphs"", ""sa3015676""], [""mlbam"", ""693733""]]",projection,Enrique Valdez,p_bff3a518c4f1e8a19b0f2b02,hitter,s_1ef9839ebe9ae269ccc1fe6d,2024,Steamer
True,False,"[[""fangraphs"", ""sa3016122""], [""mlbam"", ""692556""]]",projection,Kelvin Diaz,p_1a0ceb871e321f9a7d9c633a,hitter,s_fe21e0cf128dacd8dc60f5d7,2024,Steamer
True,False,"[[""fangraphs"", ""sa3018545""], [""mlbam"", ""800385""]]",projection,Robert Gonzalez,p_d8777d4fed2827e0ed7ebd75,hitter,s_707d59b48456824e8fb89359,2024,Steamer
True,False,"[[""fangraphs"", ""sa3015843""], [""mlbam"", ""700027""]]",projection,Carlos Jimenez,p_c879d56cd0b51f42deb62b71,hitter,s_60095dfbb709186a557fd78d,2024,Steamer
True,False,"[[""fangraphs"", ""sa3015172""], [""mlbam"", ""691332""]]",projection,Luis González,p_3b3374236fde748148358b6d,hitter,s_97d2a260d5b14a2725cb65c4,2024,Steamer
True,False,"[[""fangraphs"", ""sa3015569""], [""mlbam"", ""691609""]]",projection,Jose Gonzalez,p_585522645383510485e2bf77,hitter,s_4eaff4c3f0ac3b9bfa86870a,2024,Steamer
True,False,"[[""fangraphs"", ""sa3015849""], [""mlbam"", ""700175""]]",projection,Gabriel Terrero,p_7af3ed922904a72c594314fc,hitter,s_5086d082d53e8edb4ef55e7c,2024,Steamer
True,False,"[[""fangraphs"", ""sa3016193""], [""mlbam"", ""700295""]]",projection,Miguel Vargas,p_f734b49f88257e58395659db,hitter,s_3804d476f45f828a0b6fe78f,2024,Steamer
True,False,"[[""fangraphs"", ""sa3018971""], [""mlbam"", ""802622""]]",projection,Ramon Ramirez,p_10c01bca8c746e877528f721,hitter,s_bdbccfb79594690b395fea21,2024,Steamer
True,False,"[[""fangraphs"", ""sa3015832""], [""mlbam"", ""699315""]]",projection,Sebastian Castro,p_b66d521f6e19111fdc2342ff,hitter,s_2453ed065286f659ff214bcd,2024,Steamer
True,False,"[[""fangraphs"", ""sa3021142""], [""mlbam"", ""808017""]]",projection,Alexander Garcia,p_d49f59e0efd0f6a477786a56,hitter,s_09c6e3904a2f361fe09d952b,2024,Steamer
True,False,"[[""fangraphs"", ""sa3015833""], [""mlbam"", ""699317""]]",projection,Gustavo Marquez,p_9fa98ebe1a7d3411ae019f06,hitter,s_c1cf836148e113c7f33b6bc3,2024,Steamer
True,False,"[[""fangraphs"", ""sa3016827""], [""mlbam"", ""700716""]]",projection,Jose Marcano,p_456a94d3019ea13b60a7f04b,hitter,s_2730e8183103cb3b22a05dea,2024,Steamer
True,False,"[[""fangraphs"", ""sa3015820""], [""mlbam"", ""699270""]]",projection,Luis Rodriguez,p_69a244780116d095e328846c,hitter,s_370305df864a9e21c2df4ee8,2024,Steamer
True,False,"[[""fangraphs"", ""sa3021270""], [""mlbam"", ""808490""]]",projection,Anthony Rodriguez,p_e224e652d99c439997f4c57e,hitter,s_745683216dff2717d46cef42,2024,Steamer
True,False,"[[""fangraphs"", ""sa3016871""], [""mlbam"", ""696096""]]",projection,Jose Herrera,p_5b1dccea0f79eb3ea7af2a61,hitter,s_c2e7c61213b7a4ef6c1ba07e,2024,Steamer
True,False,"[[""fangraphs"", ""sa3018581""], [""mlbam"", ""800513""]]",projection,Jose Fernandez,p_6c4e049ebfe0bb990b0e5e3f,hitter,s_5be1236a4e6d64d8e5ca6ba4,2024,Steamer
True,False,"[[""fangraphs"", ""17040""], [""mlbam"", ""645444""]]",projection,Jose Herrera,p_47aa97c098a8d23cf2c19690,hitter,s_2aefc33a6e40150eda5c0ce3,2024,Steamer
True,False,"[[""fangraphs"", ""27589""], [""mlbam"", ""671106""]]",projection,Logan Allen,p_9e5c30cb0c6ca9351a90fc5e,pitcher,s_40e2389eaa3441a604dc9166,2024,Steamer
True,False,"[[""fangraphs"", ""6984""], [""mlbam"", ""472610""]]",projection,Luis García,p_8173ffb07b31af325e136f10,pitcher,s_638fc52ed1cecf596fc03080,2024,Steamer
True,False,"[[""fangraphs"", ""27646""], [""mlbam"", ""682847""]]",projection,Luis Ortiz,p_a98211b93d765f76eace7471,pitcher,s_ade7fa86e49cbed19a049899,2024,Steamer
True,False,"[[""fangraphs"", ""14416""], [""mlbam"", ""628708""]]",projection,Yunior Marte,p_1ec5d767370010c2eb483d8d,pitcher,s_826335276c194da7209db913,2024,Steamer
True,False,"[[""fangraphs"", ""23735""], [""mlbam"", ""677651""]]",projection,Luis Garcia,p_61a1626abf71f19b3b31904c,pitcher,s_7315c9988a285787634878ea,2024,Steamer
True,False,"[[""fangraphs"", ""4301""], [""mlbam"", ""458677""]]",projection,Justin Wilson,p_0a9e5be56ba3b13df244ae59,pitcher,s_602a7329df5ff4340e8bdc49,2024,Steamer
True,False,"[[""fangraphs"", ""20794""], [""mlbam"", ""655889""]]",projection,Manuel Rodríguez,p_d7dd910c38d66717fc402a93,pitcher,s_61b6d470089d0b26b27990c3,2024,Steamer
True,False,"[[""fangraphs"", ""16942""], [""mlbam"", ""656814""]]",projection,Luis Ortiz,p_b3d76461f25180c0ba8d977d,pitcher,s_cf3365fccd993a5a8ceba7d9,2024,Steamer
True,False,"[[""fangraphs"", ""18815""], [""mlbam"", ""622766""]]",projection,Miguel Díaz,p_e337175546661c19bbebf577,pitcher,s_6271c872f8c5fbe4dd348b22,2024,Steamer
True,False,"[[""fangraphs"", ""23493""], [""mlbam"", ""676766""]]",projection,Nick Snyder,p_0c0b802683e9ef92f82dc6cc,pitcher,s_d08ee5a666ec62caa1b61bb6,2024,Steamer
True,False,"[[""fangraphs"", ""19274""], [""mlbam"", ""657097""]]",projection,Jacob Webb,p_12c65e4a82ae27067a44f2c3,pitcher,s_5587e1f84fddaeea5779a84f,2024,Steamer
True,False,"[[""fangraphs"", ""11682""], [""mlbam"", ""593372""]]",projection,Carlos Martinez,p_024586446282f0d24a25e872,pitcher,s_7f2953e59dd0b57f6992b56e,2024,Steamer
True,False,"[[""fangraphs"", ""19712""], [""mlbam"", ""641907""]]",projection,Patrick Murphy,p_1ffd9afa79e669d9bb22369d,pitcher,s_fdbbc32879e37d25af52853e,2024,Steamer
True,False,"[[""fangraphs"", ""sa3009950""], [""mlbam"", ""691032""]]",projection,Luis Moreno,p_fad7151860bdabd14645b718,pitcher,s_450bbfbf02b114c33fb448c3,2024,Steamer
True,False,"[[""fangraphs"", ""31468""], [""mlbam"", ""678022""]]",projection,Jack Perkins,p_9c5835d74dcc7b3894b01124,pitcher,s_69b80c45006c20b7f9421088,2024,Steamer
True,False,"[[""fangraphs"", ""17553""], [""mlbam"", ""621058""]]",projection,Andrew Moore,p_f5425205eef6a9997a997c6e,pitcher,s_4fef671bbff29518b763b437,2024,Steamer
True,False,"[[""fangraphs"", ""sa738376""], [""mlbam"", ""622066""]]",projection,Tyler Alexander,p_22d923dfd916eef85bec7700,pitcher,s_9a2e53910bd99a5fb8901447,2024,Steamer
True,False,"[[""fangraphs"", ""21023""], [""mlbam"", ""661309""]]",projection,Adrián Martinez,p_882dccc78dd9b8253d68a663,pitcher,s_9af8b868ca7ef11d5e3540b7,2024,Steamer
True,False,"[[""fangraphs"", ""sa3018252""], [""mlbam"", ""688602""]]",projection,Patrick Murphy,p_ba483ad136be0b28dffa6bd2,pitcher,s_dfbfc34674070a46e0a07a08,2024,Steamer
True,False,"[[""fangraphs"", ""sa3017500""], [""mlbam"", ""676345""]]",projection,Aaron Brown,p_eacfc4f506ea34d569b6d5dd,pitcher,s_01f6c904cc8d8efa586c3721,2024,Steamer
True,False,"[[""fangraphs"", ""sa3002818""], [""mlbam"", ""675195""]]",projection,Juan Mercedes,p_2a50b3339111bb3e9ae42070,pitcher,s_5b42087ece88ab2ce64723aa,2024,Steamer
True,False,"[[""fangraphs"", ""sa3002949""], [""mlbam"", ""672435""]]",projection,Juan Mejia,p_1924a2ae870b7bb47deea437,pitcher,s_e684a827855a8923d21cc1ac,2024,Steamer
True,False,"[[""fangraphs"", ""sa3005836""], [""mlbam"", ""678707""]]",projection,Cristian Hernandez,p_9c03198c7ef2bc29e731f229,pitcher,s_87f16e776cd3bed332fb21f0,2024,Steamer
True,False,"[[""fangraphs"", ""4696""], [""mlbam"", ""518858""]]",projection,Nate Jones,p_d19769e13b8798ae1c9a5894,pitcher,s_66580d09127dca2aab1ce9db,2024,Steamer
True,False,"[[""fangraphs"", ""sa828216""], [""mlbam"", ""650493""]]",projection,Henry Martinez,p_bab10f85c0c781381897d10e,pitcher,s_32301a0ace1e33b8e63b7012,2024,Steamer
True,False,"[[""fangraphs"", ""sa3007713""], [""mlbam"", ""663472""]]",projection,Jack Perkins,p_02135e9297ced03ac7648a41,pitcher,s_287de2106fb426137e80ae8c,2024,Steamer
True,False,"[[""fangraphs"", ""17292""], [""mlbam"", ""642770""]]",projection,Javy Guerra,p_a378d6b618887ddd35a0bf8e,pitcher,s_c56cd09c3ad87cc1ccacc51c,2024,Steamer
True,False,"[[""fangraphs"", ""17860""], [""mlbam"", ""642578""]]",projection,José Rodríguez,p_15c4d1bcdf92690552fc1d17,pitcher,s_5a8c633e471d5f11c5138c26,2024,Steamer
True,False,"[[""fangraphs"", ""8580""], [""mlbam"", ""502522""]]",projection,Justin Miller,p_e46ca42252e878c5a892ab71,pitcher,s_19416d69d72c9bab81644d3e,2024,Steamer
True,False,"[[""fangraphs"", ""sa550522""], [""mlbam"", ""593574""]]",projection,Luis González,p_75588ff69bbbbda17aa9d212,pitcher,s_47db78c02defc109f54db002,2024,Steamer
True,False,"[[""fangraphs"", ""sa918249""], [""mlbam"", ""668987""]]",projection,Brandon White,p_5dfe0fc262f2d8bc868954d7,pitcher,s_bf792f24065b07e0e3296f9f,2024,Steamer
True,False,"[[""fangraphs"", ""sa3008166""], [""mlbam"", ""679655""]]",projection,Justin Wilson,p_6456e388bcccf4de4619c9b4,pitcher,s_2c036cea936d277fc50b8aeb,2024,Steamer
True,False,"[[""fangraphs"", ""sa3017071""], [""mlbam"", ""694518""]]",projection,Austin Smith,p_34be5b9f03281a7d04866ff3,pitcher,s_2015433e450a07fdbbee0503,2024,Steamer
True,False,"[[""fangraphs"", ""sa3011805""], [""mlbam"", ""690345""]]",projection,Pedro Garcia,p_72a0fa3b40310cba50a2d938,pitcher,s_07893cd47c9458aaf1c54d1c,2024,Steamer
True,False,"[[""fangraphs"", ""sa737048""], [""mlbam"", ""642530""]]",projection,Luis Reyes,p_9d4c2dabb5778c76cd9b18d1,pitcher,s_f7cb008fbbe2d2eee09d4cc8,2024,Steamer
True,False,"[[""fangraphs"", ""sa598306""], [""mlbam"", ""606939""]]",projection,Aaron Brown,p_e6be3610d9e6805a2490d3d7,pitcher,s_b1c1b796d71340b3033e7a97,2024,Steamer
True,False,"[[""fangraphs"", ""23237""], [""mlbam"", ""675848""]]",projection,Juan Mejia,p_40add3c3c4b98ecc2adfbc5b,pitcher,s_b3c0956b513c558548b870ae,2024,Steamer
True,False,"[[""fangraphs"", ""20042""], [""mlbam"", ""672911""]]",projection,Jesus Cruz,p_6d6eec5e7ac0a45bc9ce80a1,pitcher,s_2963ca79c7d1c33f067ae9da,2024,Steamer
True,False,"[[""fangraphs"", ""17735""], [""mlbam"", ""641302""]]",projection,Tyler Alexander,p_851705147428b071a936976c,pitcher,s_86d4b6b29670dc025deba8c1,2024,Steamer
True,False,"[[""fangraphs"", ""sa3020831""], [""mlbam"", ""687328""]]",projection,Luis Ramirez,p_89afad425561c432532b3452,pitcher,s_5975135e5525e4f39cf190d9,2024,Steamer
True,False,"[[""fangraphs"", ""sa3006410""], [""mlbam"", ""680640""]]",projection,Carlos Meza,p_8b7e82816c85f5c14284bd37,pitcher,s_131b773b313d64ac220338fb,2024,Steamer
True,False,"[[""fangraphs"", ""sa3017547""], [""mlbam"", ""701288""]]",projection,Jacob Webb,p_964bfc9c67f783abbe9602a6,pitcher,s_3d547c5a8997898f9dcc2cbf,2024,Steamer
True,False,"[[""fangraphs"", ""sa3018171""], [""mlbam"", ""681313""]]",projection,Jake Miller,p_5e576ee933bbe75be8b3f29a,pitcher,s_7256e00e6ca3078e5bf61bc8,2024,Steamer
True,False,"[[""fangraphs"", ""sa3020408""], [""mlbam"", ""805725""]]",projection,Jake Miller,p_596d22747a6f6821b7b65503,pitcher,s_a5ba041012470d4ee733c0d2,2024,Steamer
True,False,"[[""fangraphs"", ""sa874072""], [""mlbam"", ""670443""]]",projection,Jack Anderson,p_4539c88714a4a94d86a401c1,pitcher,s_f1e7e434e83759b961357000,2024,Steamer
True,False,"[[""fangraphs"", ""sa3020589""], [""mlbam"", ""681449""]]",projection,Brandon White,p_660b6b9370e6a51af62ee34f,pitcher,s_b7b556408ad34f958d92a665,2024,Steamer
True,False,"[[""fangraphs"", ""sa828600""], [""mlbam"", ""650994""]]",projection,Juan Nunez,p_35f8df31ab37d026812bae50,pitcher,s_bea365ec534e418d41c44ebe,2024,Steamer
True,False,"[[""fangraphs"", ""sa3015464""], [""mlbam"", ""693725""]]",projection,Juan Nuñez,p_edd9348c2954bef7508ab0d1,pitcher,s_1ab72c68018b019ea9c73070,2024,Steamer
True,False,"[[""fangraphs"", ""sa3006702""], [""mlbam"", ""681459""]]",projection,Jose Ramirez,p_bf2728157b750729a4dfb63f,pitcher,s_4d15b670fdfb8b01645a78eb,2024,Steamer
True,False,"[[""fangraphs"", ""sa3015149""], [""mlbam"", ""688703""]]",projection,Michael Brewer,p_3a42a6ff3b2d0f148fd35a8b,pitcher,s_c1698544f36a41dbc71955f5,2024,Steamer
True,False,"[[""fangraphs"", ""sa3006699""], [""mlbam"", ""680622""]]",projection,Carlos Gomez,p_0a4180ec327a0212aa3c60bd,pitcher,s_5de9d8f0ba4d9945684ead5a,2024,Steamer
True,False,"[[""fangraphs"", ""21924""], [""mlbam"", ""666661""]]",projection,Juan Morillo,p_9fb50931d56cf04d88cecf42,pitcher,s_240e5d3e7af549d58ad473ff,2024,Steamer
True,False,"[[""fangraphs"", ""sa3018872""], [""mlbam"", ""801221""]]",projection,Pedro Garcia,p_9e726290b8d37274dcf85041,pitcher,s_6590955aad38cd0113423461,2024,Steamer
True,False,"[[""fangraphs"", ""sa3006590""], [""mlbam"", ""681603""]]",projection,Carlos Garcia,p_8f82e77ceeabbc33e5644f8f,pitcher,s_b99784b437090743b0d1d253,2024,Steamer
True,False,"[[""fangraphs"", ""7407""], [""mlbam"", ""457915""]]",projection,Javy Guerra,p_e730fc5c5cb7372f8604d8a6,pitcher,s_949bb2d3f66185c1b2834b04,2024,Steamer
True,False,"[[""fangraphs"", ""sa3015974""], [""mlbam"", ""692835""]]",projection,Luis Valdez,p_26b290dd2aef822d51b4b093,pitcher,s_0fa517dabda8bec07706d67b,2024,Steamer
True,False,"[[""fangraphs"", ""sa3006074""], [""mlbam"", ""681659""]]",projection,Jorge Rodriguez,p_6870cb5416c5b7770d517abf,pitcher,s_99f4d0032fe0244a00e554cf,2024,Steamer
True,False,"[[""fangraphs"", ""sa3016795""], [""mlbam"", ""681097""]]",projection,Andrew Moore,p_63f79296325b3a67f8383c9d,pitcher,s_eba3dd77e6b55d8843e41083,2024,Steamer
True,False,"[[""fangraphs"", ""sa3015415""], [""mlbam"", ""683681""]]",projection,Jose Gonzalez,p_780d6595d3f50f83c8587fb2,pitcher,s_435535e17a0162c14e20b076,2024,Steamer
True,False,"[[""fangraphs"", ""sa3015447""], [""mlbam"", ""692445""]]",projection,Gabriel Torres,p_b009094d0309f69eaf2a9b09,pitcher,s_c6692140a5d7691385dc9ab5,2024,Steamer
True,False,"[[""fangraphs"", ""sa3016515""], [""mlbam"", ""700169""]]",projection,Bryan Perez,p_fdfe6bd9ee9b17c136619552,pitcher,s_7ccda0e6ab71d4eaf184d343,2024,Steamer
True,False,"[[""fangraphs"", ""sa3016459""], [""mlbam"", ""691715""]]",projection,Jorge Rodriguez,p_6af6a775b6406f339864b432,pitcher,s_2a43a6b6852acf537fb6ef4c,2024,Steamer
True,False,"[[""fangraphs"", ""sa874790""], [""mlbam"", ""663930""]]",projection,Austin Smith,p_a8e2449316f5e24a9de2cac4,pitcher,s_1fe30cb70f29f6090764c763,2024,Steamer
True,False,"[[""fangraphs"", ""sa3019563""], [""mlbam"", ""804974""]]",projection,Juan Mercedes,p_8ab6ab4db1ebef6a6040a7ef,pitcher,s_9e26c7a0417913801295f7c3,2024,Steamer
True,False,"[[""fangraphs"", ""30086""], [""mlbam"", ""681252""]]",projection,Jack Anderson,p_58748af39a67e48bc4f68aed,pitcher,s_bb13f176c39fb14b1e9d0bb1,2024,Steamer
True,False,"[[""fangraphs"", ""sa3019288""], [""mlbam"", ""802099""]]",projection,Luis Valdez,p_acb06545791924c4ae604c4a,pitcher,s_b7d912bffef91b5ab92d3df1,2024,Steamer
True,False,"[[""fangraphs"", ""sa3020963""], [""mlbam"", ""703685""]]",projection,Henry Martinez,p_fa6125b8a410b9b94593139b,pitcher,s_07f982452282f3bda54be75a,2024,Steamer
True,False,"[[""fangraphs"", ""sa3010003""], [""mlbam"", ""687797""]]",projection,Nate Jones,p_1452a8affd9811a6f459fd2e,pitcher,s_d0a709e04e103e1aa5c17b7e,2024,Steamer
True,False,"[[""fangraphs"", ""sa3019164""], [""mlbam"", ""800461""]]",projection,Luis Gonzalez,p_cf73969eab5db76f3bc27898,pitcher,s_085c9b77ae5fc93b46c72877,2024,Steamer
True,False,"[[""fangraphs"", ""sa3019176""], [""mlbam"", ""802240""]]",projection,Luis Tejeda,p_5dc36102df2b24657761252c,pitcher,s_a9d6e4a7ee9b7a3a43ee252b,2024,Steamer
True,False,"[[""fangraphs"", ""sa3015468""], [""mlbam"", ""693760""]]",projection,Luis Garcia,p_0a6a6d2e8385cce2c3045d1a,pitcher,s_3f3d00e7e76b37276a143794,2024,Steamer
True,False,"[[""fangraphs"", ""sa3002928""], [""mlbam"", ""672382""]]",projection,Luis Moreno,p_3f94d92cbf203573c8b7790b,pitcher,s_8c33c4cbde36eda87b832a30,2024,Steamer
True,False,"[[""fangraphs"", ""sa3006070""], [""mlbam"", ""678980""]]",projection,José Geraldo,p_82936c161217fdcb1d1ee9ba,pitcher,s_00328ea29a12ec327d64bc6b,2024,Steamer
True,False,"[[""fangraphs"", ""18555""], [""mlbam"", ""663531""]]",projection,Logan Allen,p_0ce432d4a2ee34935f23cbc5,pitcher,s_f443d7b3ded536d259df6732,2024,Steamer
True,False,"[[""fangraphs"", ""sa3015929""], [""mlbam"", ""691342""]]",projection,José  Ramírez,p_c13227e2d049be23e12d2492,pitcher,s_53f84e296b6dc49e461d137b,2024,Steamer
True,False,"[[""fangraphs"", ""sa917821""], [""mlbam"", ""666697""]]",projection,Luis Ramirez,p_dd9e1d11fb7a3d95744d3525,pitcher,s_fba3e8e979429c66217d4b98,2024,Steamer
True,False,"[[""fangraphs"", ""28393""], [""mlbam"", ""692064""]]",projection,José Rodríguez,p_a1375ed4daf5a83c53dc70fe,pitcher,s_d8a97b183b846ed8d7ce32f4,2024,Steamer
True,False,"[[""fangraphs"", ""sa3022009""], [""mlbam"", ""808087""]]",projection,Junior Sanchez,p_d6b4d01f17908f8c879728af,pitcher,s_02d1afbe309428b15036e303,2024,Steamer
True,False,"[[""fangraphs"", ""sa3015510""], [""mlbam"", ""702095""]]",projection,Carlos Garcia,p_b5afd5b92c059b0a3c270021,pitcher,s_aecc6e5f584ba37d7560b74b,2024,Steamer
True,False,"[[""fangraphs"", ""sa3016784""], [""mlbam"", ""700421""]]",projection,Gabriel Rodriguez,p_3f8fa8a895f9af0e388e79dd,pitcher,s_e4800cb1d9b20df481ede113,2024,Steamer
True,False,"[[""fangraphs"", ""sa3015483""], [""mlbam"", ""696098""]]",projection,Jose Romero,p_3ad27ccd158ee9af52cb9154,pitcher,s_98282bad3ae47572bb1adac4,2024,Steamer
True,False,"[[""fangraphs"", ""sa3019383""], [""mlbam"", ""800512""]]",projection,Gabriel Torres,p_473ad53dc36f6ba47768c694,pitcher,s_b9d80dce665ea8ef843a7691,2024,Steamer
True,False,"[[""fangraphs"", ""31097""], [""mlbam"", ""805074""]]",projection,Yunior Marte,p_2a4af03603e3a4214d10af95,pitcher,s_f16ac1039d7b33ec00bbe2e0,2024,Steamer
True,False,"[[""fangraphs"", ""sa3019188""], [""mlbam"", ""805071""]]",projection,Junior Sanchez,p_ce47d95a8f178096602ec0ab,pitcher,s_bca644bd89ae42337fa97878,2024,Steamer
True,False,"[[""fangraphs"", ""sa3019633""], [""mlbam"", ""805702""]]",projection,Jogly García,p_3c00583ea4e78810433e6330,pitcher,s_324dcd021b76003d451e411b,2024,Steamer
True,False,"[[""fangraphs"", ""sa3021791""], [""mlbam"", ""808487""]]",projection,Jose Romero,p_f1c8936cfeccad5c4a6b6de3,pitcher,s_40dba168b76ea68a172608ed,2024,Steamer
True,False,"[[""fangraphs"", ""sa3011528""], [""mlbam"", ""680235""]]",projection,Nick Snyder,p_f7e65a3ae2b413ae09e9fc16,pitcher,s_b4a7fddcc9566f75e0d2e480,2024,Steamer
True,False,"[[""fangraphs"", ""sa3020983""], [""mlbam"", ""807001""]]",projection,Luis Reyes,p_e44de4499d7e98f5dc95f34f,pitcher,s_27331734eb855d255de5f885,2024,Steamer
True,False,"[[""fangraphs"", ""sa3016589""], [""mlbam"", ""692549""]]",projection,Luis Tejeda,p_ec503f883d2415330e81b9c8,pitcher,s_c3281d842aa59ea210475b79,2024,Steamer
True,False,"[[""fangraphs"", ""sa3008266""], [""mlbam"", ""682896""]]",projection,Reyson Santos,p_a77dd182333436e8c3f30224,pitcher,s_c8cfb9f7e14259f68d0e6c85,2024,Steamer
True,False,"[[""fangraphs"", ""sa3019059""], [""mlbam"", ""800158""]]",projection,Carlos Meza,p_f93b201402733d2b4fdb7dec,pitcher,s_bf3ad4f1f5d7f6d58c3a643f,2024,Steamer
True,False,"[[""fangraphs"", ""sa3016815""], [""mlbam"", ""700235""]]",projection,Jose Chavez,p_d9c25c247eddff1b57f1a374,pitcher,s_c8367727edc9a808849d4810,2024,Steamer
True,False,"[[""fangraphs"", ""sa3019291""], [""mlbam"", ""804973""]]",projection,Manuel Rodriguez,p_89d2bb6392f0353af73dea1f,pitcher,s_a85f30badbf39140ad821711,2024,Steamer
True,False,"[[""fangraphs"", ""sa3008699""], [""mlbam"", ""683423""]]",projection,Jesus Cruz,p_64259c523564494cb78a7972,pitcher,s_79e8a8e345e17770bdd289de,2024,Steamer
True,False,"[[""fangraphs"", ""sa3017014""], [""mlbam"", ""702913""]]",projection,Bryan Perez,p_745ccd623a5eedd8182dcf08,pitcher,s_d87a250743c2a73cba911108,2024,Steamer
True,False,"[[""fangraphs"", ""sa3015423""], [""mlbam"", ""691546""]]",projection,Carlos Martinez,p_2918809e53f49d8bac61b5c1,pitcher,s_ce84794e002a365f9c25b166,2024,Steamer
True,False,"[[""fangraphs"", ""sa3021788""], [""mlbam"", ""808349""]]",projection,Cristian Hernandez,p_394683824b02a6dc6d35ea92,pitcher,s_a2cd572629b6cd6abf1e469d,2024,Steamer
True,False,"[[""fangraphs"", ""sa918239""], [""mlbam"", ""670141""]]",projection,Justin Miller,p_4e0ad52e271d4a160542897f,pitcher,s_84388ff68e646b8cd7aafaf5,2024,Steamer
True,False,"[[""fangraphs"", ""sa3005872""], [""mlbam"", ""680647""]]",projection,Luis Ortiz,p_e24096fa7af4e1bddc7fc48b,pitcher,s_eeaa35ae4dad0627ffdf7297,2024,Steamer
True,False,"[[""fangraphs"", ""sa3021465""], [""mlbam"", ""684609""]]",projection,Michael Brewer,p_1ba81bb78e2729e515411b72,pitcher,s_a8b5475f220a4a6ead2e201f,2024,Steamer
True,False,"[[""fangraphs"", ""sa3016049""], [""mlbam"", ""699395""]]",projection,Adrian Martinez,p_e940685a203f89fa7f99ae1f,pitcher,s_82ff33b8ba63d1d635efd97c,2024,Steamer
True,False,"[[""fangraphs"", ""sa3016295""], [""mlbam"", ""702751""]]",projection,Jose Geraldo,p_15d03e7168f63f2ecc4b6b3d,pitcher,s_ab356beafc3dbea63eecc9ec,2024,Steamer
True,False,"[[""fangraphs"", ""sa3015385""], [""mlbam"", ""689583""]]",projection,Adrian Rodriguez,p_788edc2665098b5c8dbc009a,pitcher,s_9a1128b54c81a4ca7eaf1cc2,2024,Steamer
True,False,"[[""fangraphs"", ""sa3018360""], [""mlbam"", ""803424""]]",projection,Juan Sanchez,p_6731887d1a31b835c7a67321,pitcher,s_1f1e8e91a198dc7d8fa6c055,2024,Steamer
True,False,"[[""fangraphs"", ""sa3018353""], [""mlbam"", ""802092""]]",projection,Luis Ramirez,p_abd47545d09821f209c8b536,pitcher,s_480fcf6b384c1d4266688cbc,2024,Steamer
True,False,"[[""fangraphs"", ""sa3018292""], [""mlbam"", ""698903""]]",projection,Jose Chavez,p_b3d4b8d278a773036aed5b88,pitcher,s_07315bd8e26e698043337ad8,2024,Steamer
True,False,"[[""fangraphs"", ""sa3007219""], [""mlbam"", ""676082""]]",projection,Gabriel Rodriguez,p_7f7467e8169138af4b77020a,pitcher,s_240d3b257b025ca0a3954d55,2024,Steamer
True,False,"[[""fangraphs"", ""sa3009473""], [""mlbam"", ""683456""]]",projection,Jose Gonzalez,p_09b9cf7a817b988fbaa2d6c6,pitcher,s_e4172d31ff47fb099ec8bb66,2024,Steamer
True,False,"[[""fangraphs"", ""sa3016280""], [""mlbam"", ""700308""]]",projection,Luis Acosta,p_9f8865e0367e50f28ebb30b0,pitcher,s_eeb9e22f4411adf99a492950,2024,Steamer
True,False,"[[""fangraphs"", ""sa3016602""], [""mlbam"", ""695955""]]",projection,Luis Joseph,p_9de6c63f15327fb927c8f94a,pitcher,s_8ab7269378b3ce2010b334e6,2024,Steamer
True,False,"[[""fangraphs"", ""sa3015472""], [""mlbam"", ""693785""]]",projection,Luis Acosta,p_8ce56a4f1b3570d119af6a2c,pitcher,s_04a7048cfd03d0d424bcc034,2024,Steamer
True,False,"[[""fangraphs"", ""sa3006972""], [""mlbam"", ""679929""]]",projection,Miguel Diaz,p_3ef6beaa17ac1738e0711d92,pitcher,s_fdd275cdc4d5f3919dda0975,2024,Steamer
True,False,"[[""fangraphs"", ""sa3016228""], [""mlbam"", ""692660""]]",projection,Luis Joseph,p_010a58ce6de9b81f0eda014a,pitcher,s_4bf06eaa3215e2323c2b668f,2024,Steamer
True,False,"[[""fangraphs"", ""sa3011577""], [""mlbam"", ""691580""]]",projection,Adrian Rodriguez,p_92ec0a5f1ab7968bd677809d,pitcher,s_816bfb9e31735270066fc02f,2024,Steamer
True,False,"[[""fangraphs"", ""sa3017898""], [""mlbam"", ""700347""]]",projection,Jogly Garcia,p_e7be67c67d4e15a8035f6419,pitcher,s_1482eee2b5427e8b821f8363,2024,Steamer
True,False,"[[""fangraphs"", ""sa3019504""], [""mlbam"", ""805400""]]",projection,Juan Nunez,p_6d4a0aedf43e8bb37928cc5e,pitcher,s_3f9235a3f8f09396bec1975f,2024,Steamer
True,False,"[[""fangraphs"", ""sa3019733""], [""mlbam"", ""800381""]]",projection,Carlos Gomez,p_41e06e927d626700508a57ae,pitcher,s_da66e5ddce3ca677c9a70dba,2024,Steamer
True,False,"[[""fangraphs"", ""sa3019479""], [""mlbam"", ""802064""]]",projection,Jose Ramirez,p_6bfd49905beb507e3006749d,pitcher,s_ebfde4df52edfa4991fe40ed,2024,Steamer
True,False,"[[""fangraphs"", ""sa3016004""], [""mlbam"", ""695225""]]",projection,Juan Morillo,p_df6c1979ab2988d7e271740c,pitcher,s_9836d1ec2a7b711231c8959d,2024,Steamer
True,False,"[[""fangraphs"", ""sa3015982""], [""mlbam"", ""693728""]]",projection,Reyson Santos,p_42576bdb90b272cb7bb88bc7,pitcher,s_05d18b3f735eff0b8b438e39,2024,Steamer
True,False,"[[""fangraphs"", ""sa3005444""], [""mlbam"", ""678738""]]",projection,Juan Sanchez,p_7e268f815942314800c337f8,pitcher,s_7aebec4db35e47c1c71401fe,2024,Steamer
True,False,"[[""fangraphs"", ""23735""], [""mlbam"", ""677651""]]",projection,Luis Garcia,p_61a1626abf71f19b3b31904c,pitcher,s_0c08f03ff0b790f92ec60c73,2025,ATC
True,False,"[[""fangraphs"", ""6984""], [""mlbam"", ""472610""]]",projection,Luis García,p_8173ffb07b31af325e136f10,pitcher,s_3ad2e28f3aa11baf3a7a4d53,2025,ATC
True,False,"[[""fangraphs"", ""13301""], [""mlbam"", ""571970""]]",projection,Max Muncy,p_367043d04df11c50c62b433f,hitter,s_c81b45404eeffcffe7c7c974,2025,OOPSY
True,True,"[[""fangraphs"", ""33322""], [""mlbam"", ""807713""]]",projection,Matt Shaw,p_d319b6b594701cbc5732b5b7,hitter,s_1ab778286121fc2ac2e06d8a,2025,OOPSY
True,False,"[[""fangraphs"", ""20178""], [""mlbam"", ""678246""]]",projection,Miguel Vargas,p_1a95972d3cc893a472abc230,hitter,s_3e7c9d7a6d0c8bb2b5666ecb,2025,OOPSY
True,False,"[[""fangraphs"", ""23401""], [""mlbam"", ""676609""]]",projection,José Caballero,p_ec46ba3925a24605aacacf22,hitter,s_10dd6fa26cb82a38f4683058,2025,OOPSY
True,False,"[[""fangraphs"", ""25332""], [""mlbam"", ""682848""]]",projection,Endy Rodríguez,p_f5b455280992f6c5f1c3155d,hitter,s_e6807258c6484076f44d5464,2025,OOPSY
True,False,"[[""fangraphs"", ""sa3017290""], [""mlbam"", ""691777""]]",projection,Max Muncy,p_cced76e05d34ab38cbd25725,hitter,s_9910f4b9f2ac878d7c0cb9a7,2025,OOPSY
True,True,"[[""fangraphs"", ""19339""], [""mlbam"", ""670032""]]",projection,Nicky Lopez,p_c1d6d30afc2b3b0e5d39410e,hitter,s_f062238f8fe37a28fc9295d7,2025,OOPSY
True,True,"[[""fangraphs"", ""25448""], [""mlbam"", ""675659""]]",projection,Greg Jones,p_3f142cab3b6b50a8fc284947,hitter,s_52b476b329f75a4d36d19105,2025,OOPSY
True,True,"[[""fangraphs"", ""12160""], [""mlbam"", ""592325""]]",projection,Ben Gamel,p_b60a90195e46f450edb4d2c2,hitter,s_ce61388545fef8bce7b082e8,2025,OOPSY
True,True,"[[""fangraphs"", ""19562""], [""mlbam"", ""670097""]]",projection,Zack Short,p_2c000c61bb3acaea45c849f7,hitter,s_0b0dde135afbe1de200197b1,2025,OOPSY
True,True,"[[""fangraphs"", ""33322""], [""mlbam"", ""807713""]]",projection,Matt Shaw,p_d319b6b594701cbc5732b5b7,hitter,s_a9d296e7be475f5453f08ad8,2025,OOPSY
True,False,"[[""fangraphs"", ""sa3015219""], [""mlbam"", ""693783""]]",projection,Luis Sánchez,p_b78ac5dd67429f15bf9ea680,hitter,s_35d1c62cead7d9bb7e325bec,2025,OOPSY
True,True,"[[""fangraphs"", ""19966""], [""mlbam"", ""666915""]]",projection,Bobby Dalbec,p_d4e11ff535bf58d9e902a045,hitter,s_2f72c606f853011e0b120531,2025,OOPSY
True,True,"[[""fangraphs"", ""12160""], [""mlbam"", ""592325""]]",projection,Ben Gamel,p_b60a90195e46f450edb4d2c2,hitter,s_f96da5c0b65bd15c4831827c,2025,OOPSY
True,False,"[[""fangraphs"", ""sa3009309""], [""mlbam"", ""683569""]]",projection,Jose Colmenares,p_5602c36b2f829c8c7fcd3aca,hitter,s_94c2de6abede0ad5665297df,2025,OOPSY
True,False,"[[""fangraphs"", ""sa3022336""], [""mlbam"", ""806872""]]",projection,Carlos Gutierrez,p_c97dee7be4c505c5d8737ce9,hitter,s_a6cfb93cba3000018754700c,2025,OOPSY
True,False,"[[""fangraphs"", ""sa3021226""], [""mlbam"", ""808277""]]",projection,Miguel Rodríguez,p_372bdf01559e8d78cdc1548c,hitter,s_b6dc987e1672363d16298476,2025,OOPSY
True,False,"[[""fangraphs"", ""sa3025252""], [""mlbam"", ""703606""]]",projection,Jared Thomas,p_f54d32eaae35bcf40243d84a,hitter,s_738387fa6d7a018d3bcf0d1b,2025,OOPSY
True,True,"[[""fangraphs"", ""19339""], [""mlbam"", ""670032""]]",projection,Nicky Lopez,p_c1d6d30afc2b3b0e5d39410e,hitter,s_792d370e2536108112d94ea4,2025,OOPSY
True,False,"[[""fangraphs"", ""11481""], [""mlbam"", ""592656""]]",projection,Henry Ramos,p_5d1f23b1ad94bd4d524327f6,hitter,s_3c47ab4ed657ee857e2234a1,2025,OOPSY
True,True,"[[""fangraphs"", ""19562""], [""mlbam"", ""670097""]]",projection,Zack Short,p_2c000c61bb3acaea45c849f7,hitter,s_560f2f229746f6087b002f23,2025,OOPSY
True,False,"[[""fangraphs"", ""20332""], [""mlbam"", ""670768""]]",projection,Luis González,p_a44999cd73f45db6a56ed52a,hitter,s_adccf4116e7b7a4eaeb41900,2025,OOPSY
True,False,"[[""fangraphs"", ""sa3019164""], [""mlbam"", ""800461""]]",projection,Luis Gonzalez,p_cf73969eab5db76f3bc27898,hitter,s_d4d0d81b5eaff49784b8e39c,2025,OOPSY
True,True,"[[""fangraphs"", ""13329""], [""mlbam"", ""571875""]]",projection,Jake Lamb,p_6c332359ef63d4fb8e64c71b,hitter,s_43dda4c16b46627bbfd3c86e,2025,OOPSY
True,False,"[[""fangraphs"", ""10642""], [""mlbam"", ""542208""]]",projection,Carlos Pérez,p_bc27c97170c272582da187d0,hitter,s_936c248fe623522b8ca06225,2025,OOPSY
True,False,"[[""fangraphs"", ""sa3015183""], [""mlbam"", ""691579""]]",projection,Gabriel Rodriguez,p_89d3ea6454019a56256579e7,hitter,s_083c1ce551b2939681b757c0,2025,OOPSY
True,False,"[[""fangraphs"", ""sa3015697""], [""mlbam"", ""694184""]]",projection,Cristian Santana,p_73c5a6c49eeca7532d4464cc,hitter,s_bb8eb7d58d34a280240dc165,2025,OOPSY
True,False,"[[""fangraphs"", ""24388""], [""mlbam"", ""679563""]]",projection,José Rodríguez,p_6440a0a13381bfb36fb7a339,hitter,s_cc78f1ad8cd0afce35836b35,2025,OOPSY
True,False,"[[""fangraphs"", ""20540""], [""mlbam"", ""672701""]]",projection,José Devers,p_64626fbb17c69b41f17c5d5e,hitter,s_47ac47def5fa499d0f916f31,2025,OOPSY
True,False,"[[""fangraphs"", ""sa3018581""], [""mlbam"", ""800513""]]",projection,Jose Fernandez,p_6c4e049ebfe0bb990b0e5e3f,hitter,s_9df797eed8b09efa45ac1c27,2025,OOPSY
True,False,"[[""fangraphs"", ""sa3022617""], [""mlbam"", ""811314""]]",projection,Bryan Gonzalez,p_780039776680dbf2ac2b445c,hitter,s_aeee0360ddcebed68ebdbbc7,2025,OOPSY
True,False,"[[""fangraphs"", ""10556""], [""mlbam"", ""514917""]]",projection,César Hernández,p_1d56376de395a5e4fe9d8f9c,hitter,s_3ed114cd2c26247df1fb9314,2025,OOPSY
True,False,"[[""fangraphs"", ""sa3018482""], [""mlbam"", ""800232""]]",projection,Luis Baez,p_a76e1c3038cf73fbef8a7125,hitter,s_e7becacae12537fcd2ad57a5,2025,OOPSY
True,False,"[[""fangraphs"", ""sa3008845""], [""mlbam"", ""682947""]]",projection,Jose Ramos,p_91952f178fa8b2d64860877b,hitter,s_5ade80d6983d47f4790d5ab8,2025,OOPSY
True,False,"[[""fangraphs"", ""sa3015642""], [""mlbam"", ""692562""]]",projection,Alexis Hernandez,p_4bb85f59a78bda2c93477541,hitter,s_a05a143163c87d93486c3b87,2025,OOPSY
True,False,"[[""fangraphs"", ""sa3021637""], [""mlbam"", ""808675""]]",projection,Ramon Ramirez,p_52ad7aaf9ae0e01503199228,hitter,s_0d01081813d156ee1263b87a,2025,OOPSY
True,False,"[[""fangraphs"", ""sa3022589""], [""mlbam"", ""683228""]]",projection,Jared Thomas,p_fd7ff291836f5e3026f0fa89,hitter,s_68826fa747dd0c0e70f14420,2025,OOPSY
True,False,"[[""fangraphs"", ""sa3007295""], [""mlbam"", ""677593""]]",projection,Luis García,p_bcc7d4f060ebcb52b6b312d4,hitter,s_e99edae510c1f41e9d6b0fc5,2025,OOPSY
True,False,"[[""fangraphs"", ""sa3009817""], [""mlbam"", ""683511""]]",projection,Jose Colmenares,p_27b12bbfb2eae91efa81f177,hitter,s_65e7d610b39335e717f9709d,2025,OOPSY
True,True,"[[""fangraphs"", ""sa3011227""], [""mlbam"", ""683766""]]",projection,Christian Koss,p_a0e7bd6274c02cb716fec97c,hitter,s_21531ef6e8a1a9759d0e8de1,2025,OOPSY
True,False,"[[""fangraphs"", ""sa3015748""], [""mlbam"", ""698946""]]",projection,Carlos Rodríguez,p_eb422f5f057821eb40c3ba87,hitter,s_4c4cf8b2ee2e46eb7e27548e,2025,OOPSY
True,False,"[[""fangraphs"", ""sa3008805""], [""mlbam"", ""682793""]]",projection,Bryan Gonzalez,p_ae2d1560a7e2dbe0cf0a61bc,hitter,s_e03fd9290c83a32f88f0c47c,2025,OOPSY
True,False,"[[""fangraphs"", ""sa3019308""], [""mlbam"", ""800177""]]",projection,Cesar Gonzalez,p_9a88866242a6493e04f3aaa8,hitter,s_43d4eb1c90a96785987f6421,2025,OOPSY
True,False,"[[""fangraphs"", ""sa3016535""], [""mlbam"", ""691635""]]",projection,Endy Rodriguez,p_7ce71b01cc06e85b23e14e87,hitter,s_c92c4fca4cdf46e60455fa51,2025,OOPSY
True,False,"[[""fangraphs"", ""sa3022498""], [""mlbam"", ""694378""]]",projection,Jacob Gonzalez,p_3005c6eda0c65dfb1cc1df82,hitter,s_c194169da68bc11ac387ae95,2025,OOPSY
True,False,"[[""fangraphs"", ""sa3015599""], [""mlbam"", ""692039""]]",projection,Carlos Jimenez,p_1a907b9c28e5f284d8f79ec8,hitter,s_688ec51655739a0e5148228a,2025,OOPSY
True,False,"[[""fangraphs"", ""sa3016098""], [""mlbam"", ""691595""]]",projection,Miguel Rodriguez,p_70e310ba369621ae1d391398,hitter,s_48dcbe3ea19d0770f0c3ca31,2025,OOPSY
True,False,"[[""fangraphs"", ""sa3015632""], [""mlbam"", ""692450""]]",projection,Juan Garcia,p_7494e88e7ddceaf1263613a4,hitter,s_7fb40a3e2845644ef51dd999,2025,OOPSY
True,False,"[[""fangraphs"", ""20805""], [""mlbam"", ""656024""]]",projection,Carlos Pérez,p_9dc1f8c62a5e0a00facb2f69,hitter,s_e8f10d57ebf2fdf619559801,2025,OOPSY
True,False,"[[""fangraphs"", ""sa3009761""], [""mlbam"", ""683619""]]",projection,Luis Castillo,p_7bd1f5c90c5352ce72bea30b,hitter,s_2ae43ff3f9b7de3d7808f4c0,2025,OOPSY
True,False,"[[""fangraphs"", ""sa829387""], [""mlbam"", ""655996""]]",projection,Cristian Santana,p_e1c757e8f4d760a664b389c9,hitter,s_dcad3dbff0660d7636119f1f,2025,OOPSY
True,False,"[[""fangraphs"", ""sa3021055""], [""mlbam"", ""800170""]]",projection,Luis Rodriguez,p_17eef06a13913038f3a216cd,hitter,s_9c97db1e5fd0907b0c8c3d99,2025,OOPSY
True,False,"[[""fangraphs"", ""sa3008771""], [""mlbam"", ""682685""]]",projection,Cristian Gonzalez,p_271ba150d7eb612735848cb2,hitter,s_9471a5e46aeb670f26a78b28,2025,OOPSY
True,False,"[[""fangraphs"", ""sa3008744""], [""mlbam"", ""682621""]]",projection,Gabriel Rodriguez,p_104f0b8b05b05f0dd7badc43,hitter,s_2fc9ecf6b6cb67be32e44ded,2025,OOPSY
True,False,"[[""fangraphs"", ""sa3004691""], [""mlbam"", ""669363""]]",projection,Jacob Gonzalez,p_a466cb44c355383dca915fc6,hitter,s_ed2b0162a41eade6e67e18cd,2025,OOPSY
True,False,"[[""fangraphs"", ""sa3018640""], [""mlbam"", ""805054""]]",projection,Cristian Gonzalez,p_d7d8e2b02839f0aebeabb676,hitter,s_f9582be8174d94b856c40bd3,2025,OOPSY
True,False,"[[""fangraphs"", ""sa3015843""], [""mlbam"", ""700027""]]",projection,Carlos Jimenez,p_c879d56cd0b51f42deb62b71,hitter,s_ed7200f15511beecc2164cf1,2025,OOPSY
True,False,"[[""fangraphs"", ""sa3005747""], [""mlbam"", ""678637""]]",projection,Luis Baez,p_3676c0402d40e1015b3e0b91,hitter,s_65efc29e11f2f16e5ae1d2a0,2025,OOPSY
True,False,"[[""fangraphs"", ""sa3015801""], [""mlbam"", ""699127""]]",projection,Luis Castillo,p_b3bdcd50d41b834209a06911,hitter,s_ee9bbec8b011caf00ae1262f,2025,OOPSY
True,False,"[[""fangraphs"", ""sa3006582""], [""mlbam"", ""681638""]]",projection,Cesar Gonzalez,p_8e134c60a75215224a9eb239,hitter,s_a4822087397104f6bf2b63fa,2025,OOPSY
True,False,"[[""fangraphs"", ""sa3023547""], [""mlbam"", ""821009""]]",projection,Cesar Hernandez,p_db0dc16709b4ff1a4d8af8c6,hitter,s_a242c5e9e27b73cc9c4ed5be,2025,OOPSY
True,False,"[[""fangraphs"", ""sa3015292""], [""mlbam"", ""691410""]]",projection,Jose Devers,p_7cf6f2eda53c1b49990cd9c6,hitter,s_d34babea5f704d25309c9dbe,2025,OOPSY
True,False,"[[""fangraphs"", ""sa3015390""], [""mlbam"", ""691606""]]",projection,Jose Caballero,p_11766e04dc8373464126f372,hitter,s_f9cc394f57826574851126ed,2025,OOPSY
True,False,"[[""fangraphs"", ""sa3015783""], [""mlbam"", ""699049""]]",projection,Carlos Gutierrez,p_84b7c8d31ec0804851614550,hitter,s_d7792f6b433d9a782a331c2d,2025,OOPSY
True,False,"[[""fangraphs"", ""sa3018419""], [""mlbam"", ""703182""]]",projection,Luis Rodriguez,p_76e69678e8cc3aadd17ac0b5,hitter,s_4bc62aa61b8d85af3a1116e3,2025,OOPSY
True,False,"[[""fangraphs"", ""sa3018432""], [""mlbam"", ""703201""]]",projection,Henry Ramos,p_1789bdf41dfeacf605e1ac88,hitter,s_e13ac869073a2328d0473b18,2025,OOPSY
True,False,"[[""fangraphs"", ""sa3016541""], [""mlbam"", ""692374""]]",projection,Jose Ramos,p_e6b53c70e55d329c7cd59175,hitter,s_96fb560a1de237fd97badd89,2025,OOPSY
True,False,"[[""fangraphs"", ""sa3016164""], [""mlbam"", ""699090""]]",projection,Luis Garcia,p_188dd200d3117bbd38ba5404,hitter,s_55e0761d990260fed4ebf2da,2025,OOPSY
True,False,"[[""fangraphs"", ""sa3015204""], [""mlbam"", ""699912""]]",projection,Jose Fernandez,p_ded33a2fd60acf671d39fd27,hitter,s_b945406b65e30074a20625b0,2025,OOPSY
True,False,"[[""fangraphs"", ""sa3014689""], [""mlbam"", ""691177""]]",projection,Luis Rodriguez,p_90a5b38d981b85207f99230e,hitter,s_483ddfff9ff50e01d2bcd447,2025,OOPSY
True,False,"[[""fangraphs"", ""sa3018524""], [""mlbam"", ""800343""]]",projection,Jose Sanabria,p_7c105142513ce3fa69d12ff2,hitter,s_d62d9616cd1cefa0e5329ffd,2025,OOPSY
True,False,"[[""fangraphs"", ""sa3018465""], [""mlbam"", ""800176""]]",projection,Carlos Sanchez,p_aa80d4d335da9ee2f7abe221,hitter,s_a624d622aa84e6f4256f67df,2025,OOPSY
True,False,"[[""fangraphs"", ""sa3018578""], [""mlbam"", ""800506""]]",projection,Luis Sanchez,p_bed7abe37e1cd4618a5acd80,hitter,s_d10e5eaa994283f42f6caafc,2025,OOPSY
True,False,"[[""fangraphs"", ""sa3018502""], [""mlbam"", ""800297""]]",projection,Jose Gomez,p_3bea1a20e8e384cbe26aec90,hitter,s_edeae291b265b6ec02643e20,2025,OOPSY
True,False,"[[""fangraphs"", ""sa3018413""], [""mlbam"", ""703161""]]",projection,Alexis Hernandez,p_b7dee98ee63670b9d992f13e,hitter,s_9f52e5c132c70dab4483ebd2,2025,OOPSY
True,False,"[[""fangraphs"", ""sa3018555""], [""mlbam"", ""800412""]]",projection,Jose Rodriguez,p_9f25894d3fb52c3d3316e400,hitter,s_1a344368b61ca9f9da80d8ce,2025,OOPSY
True,False,"[[""fangraphs"", ""sa3016122""], [""mlbam"", ""692556""]]",projection,Kelvin Diaz,p_1a0ceb871e321f9a7d9c633a,hitter,s_e4999f21827871c3aa1e8af2,2025,OOPSY
True,False,"[[""fangraphs"", ""sa828331""], [""mlbam"", ""650506""]]",projection,Jose Gomez,p_c47c6836fbd108f3ffbb5268,hitter,s_872ba04f8e3a621cc9bcdcbf,2025,OOPSY
True,False,"[[""fangraphs"", ""sa3018971""], [""mlbam"", ""802622""]]",projection,Ramon Ramirez,p_10c01bca8c746e877528f721,hitter,s_5988950c4ee90f15723f363c,2025,OOPSY
True,False,"[[""fangraphs"", ""sa3015595""], [""mlbam"", ""692027""]]",projection,Jose Sanabria,p_c1f9e346058d07a2b3603d5d,hitter,s_99e5a66d0640c2cd91c5e5c4,2025,OOPSY
True,False,"[[""fangraphs"", ""sa3018613""], [""mlbam"", ""801522""]]",projection,Carlos Sanchez,p_8dc1b6146673e795c9c1dca4,hitter,s_f8c65bce1215e7f1bd05bd37,2025,OOPSY
True,False,"[[""fangraphs"", ""sa3005727""], [""mlbam"", ""677628""]]",projection,Luis Rodriguez,p_078f6c494552170e79357cb9,hitter,s_8a8e85c21f0bc6e8cc99c905,2025,OOPSY
True,False,"[[""fangraphs"", ""sa3016193""], [""mlbam"", ""700295""]]",projection,Miguel Vargas,p_f734b49f88257e58395659db,hitter,s_b3572f7c5cffe46e811c42d2,2025,OOPSY
True,False,"[[""fangraphs"", ""sa3015670""], [""mlbam"", ""692840""]]",projection,Kelvin Diaz,p_e8467ffa622783e9e4549f72,hitter,s_fd0fc59c653e142c49b9f90b,2025,OOPSY
True,False,"[[""fangraphs"", ""sa3015594""], [""mlbam"", ""692025""]]",projection,Carlos Rodriguez,p_1dc7d513f316d66b2986e275,hitter,s_fa8dd002ffb0ecfee6498b72,2025,OOPSY
True,False,"[[""fangraphs"", ""sa3015172""], [""mlbam"", ""691332""]]",projection,Luis González,p_3b3374236fde748148358b6d,hitter,s_6567c5215f99fcc7559a79d7,2025,OOPSY
True,True,"[[""fangraphs"", ""19966""], [""mlbam"", ""666915""]]",projection,Bobby Dalbec,p_d4e11ff535bf58d9e902a045,hitter,s_e8b2478e8a3de047ae335a46,2025,OOPSY
True,False,"[[""fangraphs"", ""sa3015529""], [""mlbam"", ""691397""]]",projection,Juan Garcia,p_e964ab1721435e8801101718,hitter,s_e3ee6b1537d8506ed71d7ce7,2025,OOPSY
True,True,"[[""fangraphs"", ""25448""], [""mlbam"", ""675659""]]",projection,Greg Jones,p_3f142cab3b6b50a8fc284947,hitter,s_3aaab4195dcadb03a278a0bd,2025,OOPSY
True,True,"[[""fangraphs"", ""13329""], [""mlbam"", ""571875""]]",projection,Jake Lamb,p_6c332359ef63d4fb8e64c71b,hitter,s_532dc4646e314c947c76c596,2025,OOPSY
True,True,"[[""fangraphs"", ""sa3011227""], [""mlbam"", ""683766""]]",projection,Christian Koss,p_a0e7bd6274c02cb716fec97c,hitter,s_595870eb6053ba1c42d3091b,2025,OOPSY
True,False,"[[""fangraphs"", ""31757""], [""mlbam"", ""695243""]]",projection,Mason Miller,p_081284ef39308ea8173e9d65,pitcher,s_8907a2ad27a989dea6bd82ba,2025,OOPSY
True,False,"[[""fangraphs"", ""27867""], [""mlbam"", ""671922""]]",projection,Cade Smith,p_9f69a4853e947731d3f8a488,pitcher,s_d98d92dd5d8e360bc02ecaf8,2025,OOPSY
True,False,"[[""fangraphs"", ""27589""], [""mlbam"", ""671106""]]",projection,Logan Allen,p_9e5c30cb0c6ca9351a90fc5e,pitcher,s_4c1f930b69d428f29eda57b9,2025,OOPSY
True,False,"[[""fangraphs"", ""23735""], [""mlbam"", ""677651""]]",projection,Luis Garcia,p_61a1626abf71f19b3b31904c,pitcher,s_cf8e99c0d9b4baec4ec10509,2025,OOPSY
True,False,"[[""fangraphs"", ""20794""], [""mlbam"", ""655889""]]",projection,Manuel Rodríguez,p_d7dd910c38d66717fc402a93,pitcher,s_64299908a485d8c3009a49c1,2025,OOPSY
True,False,"[[""fangraphs"", ""4301""], [""mlbam"", ""458677""]]",projection,Justin Wilson,p_0a9e5be56ba3b13df244ae59,pitcher,s_7a4d869b785c2604ea32d408,2025,OOPSY
True,False,"[[""fangraphs"", ""6984""], [""mlbam"", ""472610""]]",projection,Luis García,p_8173ffb07b31af325e136f10,pitcher,s_318f352019b95e02048a53a0,2025,OOPSY
True,False,"[[""fangraphs"", ""sa3023162""], [""mlbam"", ""807743""]]",projection,Sean Sullivan,p_13d1180147be27b6d1e51e8a,pitcher,s_c2caae3eabb5ec1e6f169fb5,2025,OOPSY
True,True,"[[""fangraphs"", ""20629""], [""mlbam"", ""663969""]]",projection,Tyler Phillips,p_44f4ae0a56e818f589465db9,pitcher,s_8e27836162537c5578a9a482,2025,OOPSY
True,True,"[[""fangraphs"", ""30249""], [""mlbam"", ""676263""]]",projection,Jack Dreyer,p_ad78ce5032f69f100e3afe02,pitcher,s_b0dccd220edc515d85ca8e7f,2025,OOPSY
True,True,"[[""fangraphs"", ""19736""], [""mlbam"", ""676961""]]",projection,Caleb Boushley,p_e6c685d4a42733d68c25210b,pitcher,s_e6eab0bb61f07b99a3346dd2,2025,OOPSY
True,False,"[[""fangraphs"", ""sa3015437""], [""mlbam"", ""692064""]]",projection,Jose Rodriguez,p_a1375ed4daf5a83c53dc70fe,pitcher,s_3755eb92bc8d2abcd8495e3f,2025,OOPSY
True,False,"[[""fangraphs"", ""sa3020408""], [""mlbam"", ""805725""]]",projection,Jake Miller,p_596d22747a6f6821b7b65503,pitcher,s_9bca229d86f845c182011736,2025,OOPSY
True,True,"[[""fangraphs"", ""16502""], [""mlbam"", ""642232""]]",projection,Ryan Yarbrough,p_c564f60ca570a42cae848b9d,pitcher,s_9508ea52357b8dc63f52a92a,2025,OOPSY
True,False,"[[""fangraphs"", ""sa3015070""], [""mlbam"", ""670245""]]",projection,Ryan Watson,p_f3608885a25983c11e40b7ae,pitcher,s_14239435ac5e90e44a034274,2025,OOPSY
True,True,"[[""fangraphs"", ""sa1170436""], [""mlbam"", ""690736""]]",projection,Trey McGough,p_21c874a0475b377d2380b353,pitcher,s_4ea8cac88b5c5815c5e91cb6,2025,OOPSY
True,False,"[[""fangraphs"", ""sa3023682""], [""mlbam"", ""701511""]]",projection,Ryan Watson,p_fc22d354d06197293b531a01,pitcher,s_463663fc716c589ace928af9,2025,OOPSY
True,False,"[[""fangraphs"", ""sa3015415""], [""mlbam"", ""683681""]]",projection,Jose Gonzalez,p_780d6595d3f50f83c8587fb2,pitcher,s_3d13ea1e0e6c9a194e35457e,2025,OOPSY
True,False,"[[""fangraphs"", ""sa3002818""], [""mlbam"", ""675195""]]",projection,Juan Mercedes,p_2a50b3339111bb3e9ae42070,pitcher,s_320f9d236a06fd588dea94ca,2025,OOPSY
True,False,"[[""fangraphs"", ""sa3023371""], [""mlbam"", ""694696""]]",projection,Cade Smith,p_0e63033f8d5098554e2e40c8,pitcher,s_2878ea4a2de666b56cdf382b,2025,OOPSY
True,False,"[[""fangraphs"", ""18555""], [""mlbam"", ""663531""]]",projection,Logan Allen,p_0ce432d4a2ee34935f23cbc5,pitcher,s_03e0c87e0745809bfdf51624,2025,OOPSY
True,False,"[[""fangraphs"", ""17860""], [""mlbam"", ""642578""]]",projection,José Rodríguez,p_15c4d1bcdf92690552fc1d17,pitcher,s_5f527a16e1e292ecd0f63db5,2025,OOPSY
True,False,"[[""fangraphs"", ""sa550522""], [""mlbam"", ""593574""]]",projection,Luis González,p_75588ff69bbbbda17aa9d212,pitcher,s_fa379a9af7d08fc97625fe55,2025,OOPSY
True,False,"[[""fangraphs"", ""sa3009950""], [""mlbam"", ""691032""]]",projection,Luis Moreno,p_fad7151860bdabd14645b718,pitcher,s_a83202e89000cc78c0e42df1,2025,OOPSY
True,True,"[[""fangraphs"", ""sa1170436""], [""mlbam"", ""690736""]]",projection,Trey McGough,p_21c874a0475b377d2380b353,pitcher,s_3a842834c7b02b2f7473501d,2025,OOPSY
True,False,"[[""fangraphs"", ""sa3018185""], [""mlbam"", ""696155""]]",projection,Sean Sullivan,p_ffd30392a632af38967f2a5f,pitcher,s_e62f02a59a4753aacc7dd25e,2025,OOPSY
True,False,"[[""fangraphs"", ""sa3019164""], [""mlbam"", ""800461""]]",projection,Luis Gonzalez,p_cf73969eab5db76f3bc27898,pitcher,s_2428f31b56ed2dbe1fdbd1b4,2025,OOPSY
True,True,"[[""fangraphs"", ""30249""], [""mlbam"", ""676263""]]",projection,Jack Dreyer,p_ad78ce5032f69f100e3afe02,pitcher,s_55404f6a0cc8e3b12aebdfe1,2025,OOPSY
True,False,"[[""fangraphs"", ""14416""], [""mlbam"", ""628708""]]",projection,Yunior Marte,p_1ec5d767370010c2eb483d8d,pitcher,s_19374344eba6c72b0f6b56eb,2025,OOPSY
True,True,"[[""fangraphs"", ""17192""], [""mlbam"", ""656222""]]",projection,Jalen Beeks,p_c5b82d72e1ce8ed1000e8ca9,pitcher,s_abb090c9bb20ca256262a3b3,2025,OOPSY
True,False,"[[""fangraphs"", ""sa3019288""], [""mlbam"", ""802099""]]",projection,Luis Valdez,p_acb06545791924c4ae604c4a,pitcher,s_1d0ca224f570a28bdda0a1d4,2025,OOPSY
True,False,"[[""fangraphs"", ""20805""], [""mlbam"", ""656024""]]",projection,Carlos Pérez,p_9dc1f8c62a5e0a00facb2f69,pitcher,s_cd26dc1c514372cb42762493,2025,OOPSY
True,False,"[[""fangraphs"", ""sa3018171""], [""mlbam"", ""681313""]]",projection,Jake Miller,p_5e576ee933bbe75be8b3f29a,pitcher,s_dc2ce6470336253d7529ff53,2025,OOPSY
True,True,"[[""fangraphs"", ""22461""], [""mlbam"", ""670810""]]",projection,Logan Gillaspie,p_fa38c0264bcdff8ad2c4499e,pitcher,s_852492895769478e1bc5755f,2025,OOPSY
True,False,"[[""fangraphs"", ""sa3020983""], [""mlbam"", ""807001""]]",projection,Luis Reyes,p_e44de4499d7e98f5dc95f34f,pitcher,s_fb7532b78ec997957fca9072,2025,OOPSY
True,False,"[[""fangraphs"", ""sa3005727""], [""mlbam"", ""677628""]]",projection,Luis Rodriguez,p_078f6c494552170e79357cb9,pitcher,s_d1f5a043a23b54ad559a4b22,2025,OOPSY
True,False,"[[""fangraphs"", ""sa3019504""], [""mlbam"", ""805400""]]",projection,Juan Nunez,p_6d4a0aedf43e8bb37928cc5e,pitcher,s_6ff5dc5e2cc5cb3ea0bfb944,2025,OOPSY
True,False,"[[""fangraphs"", ""sa3002949""], [""mlbam"", ""672435""]]",projection,Juan Mejia,p_1924a2ae870b7bb47deea437,pitcher,s_3d46aaa65f971dae86bb3175,2025,OOPSY
True,False,"[[""fangraphs"", ""16408""], [""mlbam"", ""624647""]]",projection,Victor González,p_7bdd021d15702aab1de4bb52,pitcher,s_7f9a700093436589620c18a3,2025,OOPSY
True,False,"[[""fangraphs"", ""sa3021523""], [""mlbam"", ""808252""]]",projection,Wuilliams Rodriguez,p_3e9611ebe511bd9e9b0a4611,pitcher,s_c1c67fab5761643860af7fd0,2025,OOPSY
True,False,"[[""fangraphs"", ""sa3023272""], [""mlbam"", ""683314""]]",projection,Matt Duffy,p_ccb8feae77d34a17af6911b4,pitcher,s_2d8407cb5e6e335bd5a2cf07,2025,OOPSY
True,False,"[[""fangraphs"", ""20042""], [""mlbam"", ""672911""]]",projection,Jesus Cruz,p_6d6eec5e7ac0a45bc9ce80a1,pitcher,s_752cd038f0538f38ff2f8a26,2025,OOPSY
True,False,"[[""fangraphs"", ""sa3021816""], [""mlbam"", ""812160""]]",projection,Luis Rodriguez,p_d1da9b5ac70789c7ce0708a8,pitcher,s_66b38cd613652d380655023d,2025,OOPSY
True,False,"[[""fangraphs"", ""sa3005444""], [""mlbam"", ""678738""]]",projection,Juan Sanchez,p_7e268f815942314800c337f8,pitcher,s_1b1e1898e11c90c920381a66,2025,OOPSY
True,False,"[[""fangraphs"", ""13836""], [""mlbam"", ""622110""]]",projection,Matt Duffy,p_3c10f22a4bf9b71fc77540b4,pitcher,s_d0cac8a6a1a8d5dc3e0c8d7d,2025,OOPSY
True,False,"[[""fangraphs"", ""sa3016784""], [""mlbam"", ""700421""]]",projection,Gabriel Rodriguez,p_3f8fa8a895f9af0e388e79dd,pitcher,s_d3a6c1ca039155f514b3f763,2025,OOPSY
True,False,"[[""fangraphs"", ""sa3016515""], [""mlbam"", ""700169""]]",projection,Bryan Perez,p_fdfe6bd9ee9b17c136619552,pitcher,s_8b8b0b5cc89c50f10d2cf24c,2025,OOPSY
True,False,"[[""fangraphs"", ""sa737048""], [""mlbam"", ""642530""]]",projection,Luis Reyes,p_9d4c2dabb5778c76cd9b18d1,pitcher,s_7463c25405cfdf022b6e70e5,2025,OOPSY
True,False,"[[""fangraphs"", ""10642""], [""mlbam"", ""542208""]]",projection,Carlos Pérez,p_bc27c97170c272582da187d0,pitcher,s_40ee4fb0f60b5a74d6aea5ce,2025,OOPSY
True,False,"[[""fangraphs"", ""sa3015576""], [""mlbam"", ""691650""]]",projection,Victor González,p_5f8c30f4a271671519c45e84,pitcher,s_6c6798ecb25e57f0adc40609,2025,OOPSY
True,False,"[[""fangraphs"", ""sa3018252""], [""mlbam"", ""688602""]]",projection,Patrick Murphy,p_ba483ad136be0b28dffa6bd2,pitcher,s_cabfc9655687ca043361f226,2025,OOPSY
True,True,"[[""fangraphs"", ""sa3011496""], [""mlbam"", ""686754""]]",projection,Ryan Jensen,p_a8fe45a37c5078aa618963e4,pitcher,s_d81106392affa08924d19762,2025,OOPSY
True,False,"[[""fangraphs"", ""sa3011805""], [""mlbam"", ""690345""]]",projection,Pedro Garcia,p_72a0fa3b40310cba50a2d938,pitcher,s_a57cc544d7717b52c70a6e9c,2025,OOPSY
True,False,"[[""fangraphs"", ""sa3015974""], [""mlbam"", ""692835""]]",projection,Luis Valdez,p_26b290dd2aef822d51b4b093,pitcher,s_9edb5fd5f3b91a9935762845,2025,OOPSY
True,False,"[[""fangraphs"", ""19712""], [""mlbam"", ""641907""]]",projection,Patrick Murphy,p_1ffd9afa79e669d9bb22369d,pitcher,s_013b98e1db8e7b1b669e194c,2025,OOPSY
True,True,"[[""fangraphs"", ""22461""], [""mlbam"", ""670810""]]",projection,Logan Gillaspie,p_fa38c0264bcdff8ad2c4499e,pitcher,s_c6d532004f376e0ce701626b,2025,OOPSY
True,False,"[[""fangraphs"", ""sa3002928""], [""mlbam"", ""672382""]]",projection,Luis Moreno,p_3f94d92cbf203573c8b7790b,pitcher,s_1d131d383cc95254e29daaab,2025,OOPSY
True,False,"[[""fangraphs"", ""30161""], [""mlbam"", ""692230""]]",projection,Carlos Rodriguez,p_21b65bda01ce0348d84eb816,pitcher,s_81054d90370510e4073a3e32,2025,OOPSY
True,True,"[[""fangraphs"", ""sa3011496""], [""mlbam"", ""686754""]]",projection,Ryan Jensen,p_a8fe45a37c5078aa618963e4,pitcher,s_cf62cbbd8a59a32fa72965e0,2025,OOPSY
True,False,"[[""fangraphs"", ""sa3023273""], [""mlbam"", ""690963""]]",projection,Cam Brown,p_6158ea58d82d78efec60c0c5,pitcher,s_31bf34d11fc5fe3ca2505746,2025,OOPSY
True,False,"[[""fangraphs"", ""sa3006070""], [""mlbam"", ""678980""]]",projection,José Geraldo,p_82936c161217fdcb1d1ee9ba,pitcher,s_3a14df513f72f619d9a9c3cc,2025,OOPSY
True,False,"[[""fangraphs"", ""sa3017620""], [""mlbam"", ""703142""]]",projection,Andy Rodriguez,p_6d2aa4ccdd3683b45bd5a762,pitcher,s_82ba355e82f831ee89defb5d,2025,OOPSY
True,False,"[[""fangraphs"", ""sa3008166""], [""mlbam"", ""679655""]]",projection,Justin Wilson,p_6456e388bcccf4de4619c9b4,pitcher,s_7f9d42779f7259b8e298da38,2025,OOPSY
True,False,"[[""fangraphs"", ""sa3015748""], [""mlbam"", ""698946""]]",projection,Carlos Rodríguez,p_eb422f5f057821eb40c3ba87,pitcher,s_8b7581376fc8d25c7be10df7,2025,OOPSY
True,True,"[[""fangraphs"", ""19736""], [""mlbam"", ""676961""]]",projection,Caleb Boushley,p_e6c685d4a42733d68c25210b,pitcher,s_c90c9091fcf602e07d139db0,2025,OOPSY
True,False,"[[""fangraphs"", ""sa3019291""], [""mlbam"", ""804973""]]",projection,Manuel Rodriguez,p_89d2bb6392f0353af73dea1f,pitcher,s_9268dc858640e622014e6cb9,2025,OOPSY
True,False,"[[""fangraphs"", ""sa3016278""], [""mlbam"", ""700288""]]",projection,Juan Martinez,p_ffdfeeb54095d933c28aacd4,pitcher,s_2ce001810afab9e23598db20,2025,OOPSY
True,False,"[[""fangraphs"", ""sa3019074""], [""mlbam"", ""801786""]]",projection,Carlos Mateo,p_45f78d7d387c4729dcf25910,pitcher,s_7cdd551c06138ca2aad9f733,2025,OOPSY
True,False,"[[""fangraphs"", ""sa3006590""], [""mlbam"", ""681603""]]",projection,Carlos Garcia,p_8f82e77ceeabbc33e5644f8f,pitcher,s_071d5c49ecc23659f483327f,2025,OOPSY
True,False,"[[""fangraphs"", ""sa875355""], [""mlbam"", ""664895""]]",projection,Tyler Davis,p_73e72b941164c1ecf2e5d98c,pitcher,s_2979c388582284cc9511b21f,2025,OOPSY
True,False,"[[""fangraphs"", ""sa3018260""], [""mlbam"", ""674967""]]",projection,Cam Brown,p_d0b6525dcaf54895b8720e17,pitcher,s_c4821c0010e6d4f5cfbc6439,2025,OOPSY
True,False,"[[""fangraphs"", ""sa3016295""], [""mlbam"", ""702751""]]",projection,Jose Geraldo,p_15d03e7168f63f2ecc4b6b3d,pitcher,s_661d5ef8f2b4069a24cc3915,2025,OOPSY
True,False,"[[""fangraphs"", ""sa3024515""], [""mlbam"", ""699823""]]",projection,Tyler Davis,p_9a4b8644f0ea1d427ef1d2f8,pitcher,s_f097a469782a5a9b5ff9c2a7,2025,OOPSY
True,False,"[[""fangraphs"", ""sa3015149""], [""mlbam"", ""688703""]]",projection,Michael Brewer,p_3a42a6ff3b2d0f148fd35a8b,pitcher,s_52e1dcf3fdf4701a0df8e9fe,2025,OOPSY
True,False,"[[""fangraphs"", ""sa3017547""], [""mlbam"", ""701288""]]",projection,Jacob Webb,p_964bfc9c67f783abbe9602a6,pitcher,s_f02e90f46c2a98a6a87b4895,2025,OOPSY
True,False,"[[""fangraphs"", ""sa828331""], [""mlbam"", ""650506""]]",projection,Jose Gomez,p_c47c6836fbd108f3ffbb5268,pitcher,s_30175c29f1065ae3b34d07bb,2025,OOPSY
True,False,"[[""fangraphs"", ""sa3020831""], [""mlbam"", ""687328""]]",projection,Luis Ramirez,p_89afad425561c432532b3452,pitcher,s_14e6cef3ab132d5d20573c81,2025,OOPSY
True,False,"[[""fangraphs"", ""sa3018367""], [""mlbam"", ""805074""]]",projection,Yunior Marte,p_2a4af03603e3a4214d10af95,pitcher,s_314cf818661c0e8829ec4d01,2025,OOPSY
True,False,"[[""fangraphs"", ""sa3018920""], [""mlbam"", ""702880""]]",projection,Juan Sanchez,p_d29502d82214d41c312d4ca1,pitcher,s_d5fe61e9a5ecb8f2a1254245,2025,OOPSY
True,True,"[[""fangraphs"", ""16502""], [""mlbam"", ""642232""]]",projection,Ryan Yarbrough,p_c564f60ca570a42cae848b9d,pitcher,s_c76fedca35f5795d61eebe48,2025,OOPSY
True,False,"[[""fangraphs"", ""sa3021465""], [""mlbam"", ""684609""]]",projection,Michael Brewer,p_1ba81bb78e2729e515411b72,pitcher,s_502f00ca01da65e788ea658b,2025,OOPSY
True,False,"[[""fangraphs"", ""sa3018869""], [""mlbam"", ""801217""]]",projection,Jose Rodriguez,p_4609ec2049e6682e8ae98192,pitcher,s_971190fc48b2332cb2584159,2025,OOPSY
True,False,"[[""fangraphs"", ""sa3021055""], [""mlbam"", ""800170""]]",projection,Luis Rodriguez,p_17eef06a13913038f3a216cd,pitcher,s_bf534bf57a4afedeaf8dcc40,2025,OOPSY
True,False,"[[""fangraphs"", ""sa3003159""], [""mlbam"", ""675848""]]",projection,Juan Mejia,p_40add3c3c4b98ecc2adfbc5b,pitcher,s_09789896126fc3bc03b71c6b,2025,OOPSY
True,False,"[[""fangraphs"", ""19274""], [""mlbam"", ""657097""]]",projection,Jacob Webb,p_12c65e4a82ae27067a44f2c3,pitcher,s_0047473c63883fe0776e4893,2025,OOPSY
True,False,"[[""fangraphs"", ""sa3019672""], [""mlbam"", ""805777""]]",projection,Wuilliams Rodriguez,p_bb97f086c55214b5f923588d,pitcher,s_14ffc17c2ac31521c4f566f5,2025,OOPSY
True,False,"[[""fangraphs"", ""sa3019633""], [""mlbam"", ""805702""]]",projection,Jogly Garcia,p_3c00583ea4e78810433e6330,pitcher,s_894e8882db9079cc49417f8f,2025,OOPSY
True,False,"[[""fangraphs"", ""sa3018292""], [""mlbam"", ""698903""]]",projection,Jose Chavez,p_b3d4b8d278a773036aed5b88,pitcher,s_ed3e223e48ed79b0d974d6c8,2025,OOPSY
True,False,"[[""fangraphs"", ""sa828600""], [""mlbam"", ""650994""]]",projection,Juan Nunez,p_35f8df31ab37d026812bae50,pitcher,s_d06225362210941f463eb2b5,2025,OOPSY
True,False,"[[""fangraphs"", ""sa3006410""], [""mlbam"", ""680640""]]",projection,Carlos Meza,p_8b7e82816c85f5c14284bd37,pitcher,s_314062aa3df49f8d7a3f4812,2025,OOPSY
True,False,"[[""fangraphs"", ""sa3019563""], [""mlbam"", ""804974""]]",projection,Juan Mercedes,p_8ab6ab4db1ebef6a6040a7ef,pitcher,s_1e909193b8c8b569fbf32e32,2025,OOPSY
True,False,"[[""fangraphs"", ""sa3015483""], [""mlbam"", ""696098""]]",projection,Jose Romero,p_3ad27ccd158ee9af52cb9154,pitcher,s_b84987133c9281b0e78733a5,2025,OOPSY
True,False,"[[""fangraphs"", ""sa3006376""], [""mlbam"", ""678671""]]",projection,Luis Gomez,p_dfc139b2ba1962e9a4db1719,pitcher,s_599ff9480d41b215eb693167,2025,OOPSY
True,False,"[[""fangraphs"", ""sa3016815""], [""mlbam"", ""700235""]]",projection,Jose Chavez,p_d9c25c247eddff1b57f1a374,pitcher,s_9be710fc14b32094b6893fb0,2025,OOPSY
True,False,"[[""fangraphs"", ""sa3023658""], [""mlbam"", ""692223""]]",projection,Mason Miller,p_db14af3a393ec95332ee8543,pitcher,s_204e4d25096b8976c6c2ba2c,2025,OOPSY
True,False,"[[""fangraphs"", ""sa3020863""], [""mlbam"", ""701259""]]",projection,Andy Rodriguez,p_5b8b97c6b1083d1a78d2ecac,pitcher,s_9b5e9bfe24dd5d52026f54bb,2025,OOPSY
True,False,"[[""fangraphs"", ""sa3018353""], [""mlbam"", ""802092""]]",projection,Luis Ramirez,p_abd47545d09821f209c8b536,pitcher,s_34c243fa37b837f9c3906617,2025,OOPSY
True,True,"[[""fangraphs"", ""17192""], [""mlbam"", ""656222""]]",projection,Jalen Beeks,p_c5b82d72e1ce8ed1000e8ca9,pitcher,s_77066ebaaa9aafb69adef962,2025,OOPSY
True,False,"[[""fangraphs"", ""sa3019253""], [""mlbam"", ""800010""]]",projection,Jose Gomez,p_afe9f7a7cfb796b009afba00,pitcher,s_ba8cbb7fae0f8afd4f378af3,2025,OOPSY
True,False,"[[""fangraphs"", ""sa3006702""], [""mlbam"", ""681459""]]",projection,Jose Ramirez,p_bf2728157b750729a4dfb63f,pitcher,s_fe5f35a63064281e0cc9d2a2,2025,OOPSY
True,False,"[[""fangraphs"", ""sa3009473""], [""mlbam"", ""683456""]]",projection,Jose Gonzalez,p_09b9cf7a817b988fbaa2d6c6,pitcher,s_2c35fb7e0a7c108bf5032bef,2025,OOPSY
True,False,"[[""fangraphs"", ""sa3021791""], [""mlbam"", ""808487""]]",projection,Jose Romero,p_f1c8936cfeccad5c4a6b6de3,pitcher,s_e7fe6148a041b0b0e28c8bda,2025,OOPSY
True,False,"[[""fangraphs"", ""sa3023623""], [""mlbam"", ""823491""]]",projection,Luis Gomez,p_353e5400bc34b5b2e045b5e0,pitcher,s_e981a2176ee127b9948136a0,2025,OOPSY
True,False,"[[""fangraphs"", ""sa3008699""], [""mlbam"", ""683423""]]",projection,Jesus Cruz,p_64259c523564494cb78a7972,pitcher,s_9ff46fe90e06207edce7f814,2025,OOPSY
True,False,"[[""fangraphs"", ""sa3009219""], [""mlbam"", ""682931""]]",projection,Juan Martinez,p_78fec89076d6fcda46682b25,pitcher,s_6a01b7bdbbffcf23d486f422,2025,OOPSY
True,False,"[[""fangraphs"", ""sa3017014""], [""mlbam"", ""702913""]]",projection,Bryan Perez,p_745ccd623a5eedd8182dcf08,pitcher,s_35c7b38d86b9f38f7ce372a2,2025,OOPSY
True,False,"[[""fangraphs"", ""sa3007219""], [""mlbam"", ""676082""]]",projection,Gabriel Rodriguez,p_7f7467e8169138af4b77020a,pitcher,s_e23edb58d23d180fd944f85d,2025,OOPSY
True,False,"[[""fangraphs"", ""sa3015510""], [""mlbam"", ""702095""]]",projection,Carlos Garcia,p_b5afd5b92c059b0a3c270021,pitcher,s_177824484a0e7c16330cf7fa,2025,OOPSY
True,False,"[[""fangraphs"", ""sa3017898""], [""mlbam"", ""700347""]]",projection,Jogly Garcia,p_e7be67c67d4e15a8035f6419,pitcher,s_8fb6eecdeb18ccc0bc47efb7,2025,OOPSY
True,False,"[[""fangraphs"", ""sa3019176""], [""mlbam"", ""802240""]]",projection,Luis Tejeda,p_5dc36102df2b24657761252c,pitcher,s_0db41e91a0cdbc99f71d8db3,2025,OOPSY
True,False,"[[""fangraphs"", ""sa3022277""], [""mlbam"", ""811601""]]",projection,Jimmy Reyes,p_65553af94f2239d49695ffb9,pitcher,s_bab00190671322e4c243272d,2025,OOPSY
True,False,"[[""fangraphs"", ""sa3019479""], [""mlbam"", ""802064""]]",projection,Jose Ramirez,p_6bfd49905beb507e3006749d,pitcher,s_8225ea5be061c9fd13f5f15f,2025,OOPSY
True,False,"[[""fangraphs"", ""sa3018872""], [""mlbam"", ""801221""]]",projection,Pedro Garcia,p_9e726290b8d37274dcf85041,pitcher,s_e9abeb9589598a0450d2a568,2025,OOPSY
True,False,"[[""fangraphs"", ""sa526353""], [""mlbam"", ""592670""]]",projection,Jimmy Reyes,p_bb2705292136cc214b92a2f7,pitcher,s_5d5e2d660f31466d8f73de02,2025,OOPSY
True,False,"[[""fangraphs"", ""sa3016589""], [""mlbam"", ""692549""]]",projection,Luis Tejeda,p_ec503f883d2415330e81b9c8,pitcher,s_bb2203de1b174c99aec57c72,2025,OOPSY
True,False,"[[""fangraphs"", ""sa3019059""], [""mlbam"", ""800158""]]",projection,Carlos Meza,p_f93b201402733d2b4fdb7dec,pitcher,s_c6899c00dc06bffb70c70a87,2025,OOPSY
True,False,"[[""fangraphs"", ""sa3018360""], [""mlbam"", ""803424""]]",projection,Juan Sanchez,p_6731887d1a31b835c7a67321,pitcher,s_45c0a2ccb6f74e5a9e148ef5,2025,OOPSY
True,True,"[[""fangraphs"", ""20629""], [""mlbam"", ""663969""]]",projection,Tyler Phillips,p_44f4ae0a56e818f589465db9,pitcher,s_81afd841f2d0aab1bd1b9797,2025,OOPSY
True,False,"[[""fangraphs"", ""sa3022011""], [""mlbam"", ""808102""]]",projection,Carlos Mateo,p_46ea7be70d666d171e6cd29e,pitcher,s_99a4f94fb59ebdd7a8587c74,2025,OOPSY
True,False,"[[""rotowire"", ""16715""]]",projection,Logan Allen,p_174cd4770afff92f24114a99,pitcher,s_1fa8c90cd29f0ef00c68090e,2025,RotoWire
True,False,"[[""rotowire"", ""14079""]]",projection,Logan Allen,p_c215cc1c5588af6f4beb3db5,pitcher,s_542aab54a12758976e775e52,2025,RotoWire
True,False,"[[""rotowire"", ""18224""]]",projection,Luis Castillo,p_eb72c6cdf331edfe333d7274,pitcher,s_fc0167c5229fd6fbba43b46a,2025,RotoWire
True,False,"[[""rotowire"", ""14495""]]",projection,Luis Castillo,p_9f2c2148f7a43ca001fe675b,pitcher,s_884b0c293807003792bc6915,2025,RotoWire
True,False,"[[""rotowire"", ""13150""]]",projection,Luis Garcia,p_ba6fa6f69c4d381474a988f3,pitcher,s_f1e744fab2c8d7fe6caa293d,2025,RotoWire
True,False,"[[""rotowire"", ""15341""]]",projection,Luis Garcia,p_997212fb2c68ecebf2502d1e,pitcher,s_4796e0a24037a5d3649db403,2025,RotoWire
True,False,"[[""rotowire"", ""17851""]]",projection,Luis Ortiz,p_a98211b93d765f76eace7471,pitcher,s_da9e811978851fbb8075821a,2025,RotoWire
True,False,"[[""rotowire"", ""13384""]]",projection,Luis Ortiz,p_b3d76461f25180c0ba8d977d,pitcher,s_b7175fa545a3cc049f73c4d0,2025,RotoWire
True,False,"[[""fangraphs"", ""13301""], [""mlbam"", ""571970""]]",projection,Max Muncy,p_367043d04df11c50c62b433f,hitter,s_e2dfb607e184eb743306b149,2025,Steamer
True,False,"[[""fangraphs"", ""20178""], [""mlbam"", ""678246""]]",projection,Miguel Vargas,p_1a95972d3cc893a472abc230,hitter,s_5cb104f2f27a4d9ff50ad096,2025,Steamer
True,False,"[[""fangraphs"", ""29779""], [""mlbam"", ""691777""]]",projection,Max Muncy,p_cced76e05d34ab38cbd25725,hitter,s_6b614f1fee1cffa8c54c62d6,2025,Steamer
True,False,"[[""fangraphs"", ""17040""], [""mlbam"", ""645444""]]",projection,Jose Herrera,p_47aa97c098a8d23cf2c19690,hitter,s_940d4d524a2621bb79db8136,2025,Steamer
True,False,"[[""fangraphs"", ""17766""], [""mlbam"", ""621466""]]",projection,DJ Stewart,p_8c38f6506b6699f1ccf89345,hitter,s_874621f4cfaa4de85d727958,2025,Steamer
True,False,"[[""fangraphs"", ""sa3005478""], [""mlbam"", ""677578""]]",projection,Carlos Rodríguez,p_7689872c7a18f445d289738c,hitter,s_b925ed7239c2bcd94540b16c,2025,Steamer
True,False,"[[""fangraphs"", ""sa3008845""], [""mlbam"", ""682947""]]",projection,Jose Ramos,p_91952f178fa8b2d64860877b,hitter,s_354edac05b7c0da1123cb66d,2025,Steamer
True,False,"[[""fangraphs"", ""24388""], [""mlbam"", ""679563""]]",projection,José Rodríguez,p_6440a0a13381bfb36fb7a339,hitter,s_25b061783f28ff8f8c593d86,2025,Steamer
True,False,"[[""fangraphs"", ""20805""], [""mlbam"", ""656024""]]",projection,Carlos Pérez,p_9dc1f8c62a5e0a00facb2f69,hitter,s_87c2b7ce661f5e1c766ac722,2025,Steamer
True,False,"[[""fangraphs"", ""10642""], [""mlbam"", ""542208""]]",projection,Carlos Pérez,p_bc27c97170c272582da187d0,hitter,s_249d81a9529b01ffe0844772,2025,Steamer
True,False,"[[""fangraphs"", ""11481""], [""mlbam"", ""592656""]]",projection,Henry Ramos,p_5d1f23b1ad94bd4d524327f6,hitter,s_2a06795452142717fb0aee02,2025,Steamer
True,False,"[[""fangraphs"", ""10619""], [""mlbam"", ""571679""]]",projection,David Freitas,p_e25446b233c3bebfeabd0e3e,hitter,s_680f3835721f7611673506d5,2025,Steamer
True,False,"[[""fangraphs"", ""33225""], [""mlbam"", ""694378""]]",projection,Jacob Gonzalez,p_3005c6eda0c65dfb1cc1df82,hitter,s_44cbba685963e75507122dcd,2025,Steamer
True,False,"[[""fangraphs"", ""sa3018482""], [""mlbam"", ""800232""]]",projection,Luis Baez,p_a76e1c3038cf73fbef8a7125,hitter,s_90ce6bb1af2ada7cc9131354,2025,Steamer
True,False,"[[""fangraphs"", ""10556""], [""mlbam"", ""514917""]]",projection,César Hernández,p_1d56376de395a5e4fe9d8f9c,hitter,s_c180f19ee4a4f3859bea8e9f,2025,Steamer
True,False,"[[""fangraphs"", ""sa3029251""], [""mlbam"", ""813833""]]",projection,Cole Conn,p_d341a19d1064ad61f7ab1fc9,hitter,s_3435d39c0a407cedd3236f41,2025,Steamer
True,False,"[[""fangraphs"", ""20540""], [""mlbam"", ""672701""]]",projection,José Devers,p_64626fbb17c69b41f17c5d5e,hitter,s_f13962f70b49e92a781f1c09,2025,Steamer
True,False,"[[""fangraphs"", ""sa3021226""], [""mlbam"", ""808277""]]",projection,Miguel Rodríguez,p_372bdf01559e8d78cdc1548c,hitter,s_7d12e7f8d5fd588dc3ec4c74,2025,Steamer
True,False,"[[""fangraphs"", ""sa3008744""], [""mlbam"", ""682621""]]",projection,Gabriel Rodriguez,p_104f0b8b05b05f0dd7badc43,hitter,s_2f9ed44be3533333ee3e81d2,2025,Steamer
True,False,"[[""fangraphs"", ""sa922180""], [""mlbam"", ""670895""]]",projection,Alfredo Rodriguez,p_fbafe1bfbc584f1c6de1a681,hitter,s_96a60d7e833c649230c8d649,2025,Steamer
True,False,"[[""fangraphs"", ""sa3004691""], [""mlbam"", ""669363""]]",projection,Jacob Gonzalez,p_a466cb44c355383dca915fc6,hitter,s_6d752669bbff0ef33221558a,2025,Steamer
True,False,"[[""fangraphs"", ""sa3015595""], [""mlbam"", ""692027""]]",projection,Jose Sanabria,p_c1f9e346058d07a2b3603d5d,hitter,s_5bc70e4672215e9cd376e046,2025,Steamer
True,False,"[[""fangraphs"", ""sa829387""], [""mlbam"", ""655996""]]",projection,Cristian Santana,p_e1c757e8f4d760a664b389c9,hitter,s_13f8ba2d0b24892c91c932bd,2025,Steamer
True,False,"[[""fangraphs"", ""sa3007295""], [""mlbam"", ""677593""]]",projection,Luis García,p_bcc7d4f060ebcb52b6b312d4,hitter,s_de9117a37a276a60fc5be43b,2025,Steamer
True,False,"[[""fangraphs"", ""sa3008771""], [""mlbam"", ""682685""]]",projection,Cristian Gonzalez,p_271ba150d7eb612735848cb2,hitter,s_48af623a7b192df5d0dbb1c1,2025,Steamer
True,False,"[[""fangraphs"", ""sa3015599""], [""mlbam"", ""692039""]]",projection,Carlos Jimenez,p_1a907b9c28e5f284d8f79ec8,hitter,s_5b22daf7ed9dba7d26281831,2025,Steamer
True,False,"[[""fangraphs"", ""sa3022540""]]",projection,Cole Conn,p_efc438f7667bdfa8d61aade5,hitter,s_e0fd114fbe97995732d67a6d,2025,Steamer
True,False,"[[""fangraphs"", ""sa3005181""], [""mlbam"", ""677047""]]",projection,D.J. Stewart,p_3a8edffff81b4c0b1ed330d2,hitter,s_f528c4ddc4db086a0d8a56cb,2025,Steamer
True,False,"[[""fangraphs"", ""sa3015292""], [""mlbam"", ""691410""]]",projection,Jose Devers,p_7cf6f2eda53c1b49990cd9c6,hitter,s_882a2ed5b372e856cd2f2cc1,2025,Steamer
True,False,"[[""fangraphs"", ""sa3015697""], [""mlbam"", ""694184""]]",projection,Cristian Santana,p_73c5a6c49eeca7532d4464cc,hitter,s_d70c8fd683a28a6ec3e4eac6,2025,Steamer
True,False,"[[""fangraphs"", ""sa3005727""], [""mlbam"", ""677628""]]",projection,Luis Rodriguez,p_078f6c494552170e79357cb9,hitter,s_bda438ddfd2aae66b8be8086,2025,Steamer
True,False,"[[""fangraphs"", ""sa3014710""], [""mlbam"", ""691252""]]",projection,Jhon Diaz,p_c3890c934f3f0b4621aaced0,hitter,s_bb9fd194ea481043efbec855,2025,Steamer
True,False,"[[""fangraphs"", ""sa3016162""], [""mlbam"", ""699077""]]",projection,Jose Perez,p_a7bdf33bdc2e41cb10b0b1e3,hitter,s_dce5234ad42776f990e05aab,2025,Steamer
True,False,"[[""fangraphs"", ""sa3023547""], [""mlbam"", ""821009""]]",projection,Cesar Hernandez,p_db0dc16709b4ff1a4d8af8c6,hitter,s_01b12610b164f8a2d7595eed,2025,Steamer
True,False,"[[""fangraphs"", ""sa3016541""], [""mlbam"", ""692374""]]",projection,Jose Ramos,p_e6b53c70e55d329c7cd59175,hitter,s_953baca93c9c7a01c072923d,2025,Steamer
True,False,"[[""fangraphs"", ""sa3018465""], [""mlbam"", ""800176""]]",projection,Carlos Sanchez,p_aa80d4d335da9ee2f7abe221,hitter,s_fd8b40e8d293376c8ece852c,2025,Steamer
True,False,"[[""fangraphs"", ""sa3015529""], [""mlbam"", ""691397""]]",projection,Juan Garcia,p_e964ab1721435e8801101718,hitter,s_f0b15d3d64d10296c574ee1b,2025,Steamer
True,False,"[[""fangraphs"", ""sa3015642""], [""mlbam"", ""692562""]]",projection,Alexis Hernandez,p_4bb85f59a78bda2c93477541,hitter,s_2619d592de0f58ba757ea22f,2025,Steamer
True,False,"[[""fangraphs"", ""sa3014689""], [""mlbam"", ""691177""]]",projection,Luis Rodriguez,p_90a5b38d981b85207f99230e,hitter,s_bbc4215d8ff921644a99af2c,2025,Steamer
True,False,"[[""fangraphs"", ""sa3016122""], [""mlbam"", ""692556""]]",projection,Kelvin Diaz,p_1a0ceb871e321f9a7d9c633a,hitter,s_1d238b365f064da10ff36f5b,2025,Steamer
True,False,"[[""fangraphs"", ""sa3015801""], [""mlbam"", ""699127""]]",projection,Luis Castillo,p_b3bdcd50d41b834209a06911,hitter,s_4830fe0e74cf4170b25013f1,2025,Steamer
True,False,"[[""fangraphs"", ""sa3021055""], [""mlbam"", ""800170""]]",projection,Luis Rodriguez,p_17eef06a13913038f3a216cd,hitter,s_d7cd2fba7b22aa5b807aacd3,2025,Steamer
True,False,"[[""fangraphs"", ""sa3024645""], [""mlbam"", ""821657""]]",projection,Gabriel Rodriguez,p_5b225dd70d281ce1c2b1e076,hitter,s_87c32ca67c0baad23eb94461,2025,Steamer
True,False,"[[""fangraphs"", ""sa3015191""], [""mlbam"", ""692377""]]",projection,Anthony Rodriguez,p_944f2584000ca6b35701f78d,hitter,s_1e153c8248b14aa7968247fc,2025,Steamer
True,False,"[[""fangraphs"", ""28020""], [""mlbam"", ""699912""]]",projection,Jose Fernandez,p_ded33a2fd60acf671d39fd27,hitter,s_113145ed58ba282d10d82247,2025,Steamer
True,False,"[[""fangraphs"", ""sa3021213""], [""mlbam"", ""808239""]]",projection,Gabriel Terrero,p_fb1d62af51d68f754781dac0,hitter,s_5e89134b992639e0fe7bdfe3,2025,Steamer
True,False,"[[""fangraphs"", ""sa3021207""], [""mlbam"", ""808233""]]",projection,Alfredo Rodriguez,p_16b030575faa2c9cccca5c4c,hitter,s_2efd1fed2a9aaf3f8c4f2a8c,2025,Steamer
True,False,"[[""fangraphs"", ""sa3018555""], [""mlbam"", ""800412""]]",projection,Jose Rodriguez,p_9f25894d3fb52c3d3316e400,hitter,s_dab9d9d3ad1bf07722b64d02,2025,Steamer
True,False,"[[""fangraphs"", ""sa3018613""], [""mlbam"", ""801522""]]",projection,Carlos Sanchez,p_8dc1b6146673e795c9c1dca4,hitter,s_cf1863b29ad27962d87c5c70,2025,Steamer
True,False,"[[""fangraphs"", ""sa3005747""], [""mlbam"", ""678637""]]",projection,Luis Baez,p_3676c0402d40e1015b3e0b91,hitter,s_aaa2244e8a102848531a63a1,2025,Steamer
True,False,"[[""fangraphs"", ""sa3023892""], [""mlbam"", ""815906""]]",projection,Angel Feliz,p_68f083e2c98ce137b77bb485,hitter,s_442814f63a844f50d3d78617,2025,Steamer
True,False,"[[""fangraphs"", ""sa3023895""], [""mlbam"", ""815917""]]",projection,Angel Guzman,p_c13413f66ce6cd5ac94b7092,hitter,s_da1cec37b989b04c7c46c282,2025,Steamer
True,False,"[[""fangraphs"", ""sa3021155""], [""mlbam"", ""808040""]]",projection,Miguel Rodriguez,p_70bbb7a1b2899876da9eefea,hitter,s_c67b9b6cc23ed1b85e62a025,2025,Steamer
True,False,"[[""fangraphs"", ""sa3018413""], [""mlbam"", ""703161""]]",projection,Alexis Hernandez,p_b7dee98ee63670b9d992f13e,hitter,s_0a9bce2877f4978888165c18,2025,Steamer
True,False,"[[""fangraphs"", ""sa3016164""], [""mlbam"", ""699090""]]",projection,Luis Garcia,p_188dd200d3117bbd38ba5404,hitter,s_ac605c6018e213c57f6f7bb5,2025,Steamer
True,False,"[[""fangraphs"", ""sa3015594""], [""mlbam"", ""692025""]]",projection,Carlos Rodriguez,p_1dc7d513f316d66b2986e275,hitter,s_34e776aff56e5b40ec880758,2025,Steamer
True,False,"[[""fangraphs"", ""sa3021170""], [""mlbam"", ""808091""]]",projection,Jose Marcano,p_da1bf4a440196f9766934cf1,hitter,s_d49c6dff20713acf694cea6e,2025,Steamer
True,False,"[[""fangraphs"", ""sa3018640""], [""mlbam"", ""805054""]]",projection,Cristian Gonzalez,p_d7d8e2b02839f0aebeabb676,hitter,s_c0244cd1b57f5d7e82155b3b,2025,Steamer
True,False,"[[""fangraphs"", ""sa3024128""], [""mlbam"", ""821197""]]",projection,Juan Martinez,p_927a069aeb914e52555f1d02,hitter,s_3b7236ffb87040e0a507966c,2025,Steamer
True,False,"[[""fangraphs"", ""sa3021113""], [""mlbam"", ""807817""]]",projection,Jhon Diaz,p_8ed72ea92b7d388d54b314e0,hitter,s_67350597e664340fbd6dcc63,2025,Steamer
True,False,"[[""fangraphs"", ""sa3021268""], [""mlbam"", ""808401""]]",projection,Angel Guzman,p_ccb05e15d0e15421cb2e2fb2,hitter,s_294be54a0d9f5f090a0e0115,2025,Steamer
True,False,"[[""fangraphs"", ""sa3009761""], [""mlbam"", ""683619""]]",projection,Luis Castillo,p_7bd1f5c90c5352ce72bea30b,hitter,s_d3da5f5fdf8b635e1d8cccce,2025,Steamer
True,False,"[[""fangraphs"", ""sa3022198""], [""mlbam"", ""814545""]]",projection,Jose Perez,p_54ff98f1ef8d4d1f4664b0eb,hitter,s_47e3dbd025b08abdcb214ca5,2025,Steamer
True,False,"[[""fangraphs"", ""sa3015583""], [""mlbam"", ""691897""]]",projection,Diego Gonzalez,p_07a2a52368c729139d153851,hitter,s_ffac25e67395dad598a06e60,2025,Steamer
True,False,"[[""fangraphs"", ""sa3015670""], [""mlbam"", ""692840""]]",projection,Kelvin Diaz,p_e8467ffa622783e9e4549f72,hitter,s_935fb1b83ab74af51db37096,2025,Steamer
True,False,"[[""fangraphs"", ""sa3015849""], [""mlbam"", ""700175""]]",projection,Gabriel Terrero,p_7af3ed922904a72c594314fc,hitter,s_43c3fd084778a784000134cb,2025,Steamer
True,False,"[[""fangraphs"", ""sa3021637""], [""mlbam"", ""808675""]]",projection,Ramon Ramirez,p_52ad7aaf9ae0e01503199228,hitter,s_7592d76bdf650e279b84e812,2025,Steamer
True,False,"[[""fangraphs"", ""sa3015843""], [""mlbam"", ""700027""]]",projection,Carlos Jimenez,p_c879d56cd0b51f42deb62b71,hitter,s_f6b3f182776c4525bc48c500,2025,Steamer
True,False,"[[""fangraphs"", ""sa3018432""], [""mlbam"", ""703201""]]",projection,Henry Ramos,p_1789bdf41dfeacf605e1ac88,hitter,s_ba2042e4ddf3ce4d0b822ebe,2025,Steamer
True,False,"[[""fangraphs"", ""sa3015872""], [""mlbam"", ""702096""]]",projection,Raul Guzman,p_246c0b2a1dc8f08b26807070,hitter,s_2d936606064eb7410e75ee26,2025,Steamer
True,False,"[[""fangraphs"", ""sa3023953""], [""mlbam"", ""821607""]]",projection,Jose Marcano,p_0caf4836e40226a7d5c56cbf,hitter,s_996e3b3ca89374750b0baa0a,2025,Steamer
True,False,"[[""fangraphs"", ""sa3024370""], [""mlbam"", ""821797""]]",projection,Juan Martinez,p_d490b093aee1c27be24cb66f,hitter,s_e762bfb993040b5aeec5d11b,2025,Steamer
True,False,"[[""fangraphs"", ""sa3019528""], [""mlbam"", ""805467""]]",projection,Angel Feliz,p_d58a0c53d78b153760f0a4d4,hitter,s_207e5040a770b9d2cfb5546f,2025,Steamer
True,False,"[[""fangraphs"", ""sa3019541""], [""mlbam"", ""800417""]]",projection,Juan Martínez,p_6789121466c200840a282f22,hitter,s_201402e4aa31b40cc9e955bb,2025,Steamer
True,False,"[[""fangraphs"", ""sa3022235""], [""mlbam"", ""812161""]]",projection,Jose Castro,p_dabd2c5450b1aac7b00d60f2,hitter,s_f7518c8e2addcdd0326faa94,2025,Steamer
True,False,"[[""fangraphs"", ""sa3018524""], [""mlbam"", ""800343""]]",projection,Jose Sanabria,p_7c105142513ce3fa69d12ff2,hitter,s_cc0a49bd35cfd39e415b8e50,2025,Steamer
True,False,"[[""fangraphs"", ""sa3015632""], [""mlbam"", ""692450""]]",projection,Juan Garcia,p_7494e88e7ddceaf1263613a4,hitter,s_3f5b037ef10cdcc6d930671b,2025,Steamer
True,False,"[[""fangraphs"", ""sa3021270""], [""mlbam"", ""808490""]]",projection,Anthony Rodriguez,p_e224e652d99c439997f4c57e,hitter,s_7c2551795f011b6a6856ee1a,2025,Steamer
True,False,"[[""fangraphs"", ""sa3021279""], [""mlbam"", ""808517""]]",projection,Alexander Garcia,p_6493870def41133261685787,hitter,s_5f2e1c7ea778e968a9c2ed28,2025,Steamer
True,False,"[[""fangraphs"", ""sa3016871""], [""mlbam"", ""696096""]]",projection,Jose Herrera,p_5b1dccea0f79eb3ea7af2a61,hitter,s_58ffc71779b3e96cbe94b2b3,2025,Steamer
True,False,"[[""fangraphs"", ""sa3021142""], [""mlbam"", ""808017""]]",projection,Alexander Garcia,p_d49f59e0efd0f6a477786a56,hitter,s_364a15c70e05f2e382e84dcf,2025,Steamer
True,False,"[[""fangraphs"", ""sa3016549""], [""mlbam"", ""698977""]]",projection,Diego Gonzalez,p_6704a22c44e12023db8dce03,hitter,s_92d3167da1def5e2c1946fb7,2025,Steamer
True,False,"[[""fangraphs"", ""sa3015748""], [""mlbam"", ""698946""]]",projection,Carlos Rodríguez,p_eb422f5f057821eb40c3ba87,hitter,s_55dc8c9eb7331960b2154df0,2025,Steamer
True,False,"[[""fangraphs"", ""sa3018971""], [""mlbam"", ""802622""]]",projection,Ramon Ramirez,p_10c01bca8c746e877528f721,hitter,s_bf878a4d796d47ade285859a,2025,Steamer
True,False,"[[""fangraphs"", ""sa3016193""], [""mlbam"", ""700295""]]",projection,Miguel Vargas,p_f734b49f88257e58395659db,hitter,s_4f430e6fd3245d17bd8978b7,2025,Steamer
True,False,"[[""fangraphs"", ""sa3024111""], [""mlbam"", ""815927""]]",projection,Jose Ramos,p_7aeecfda110cb20a928bfe6f,hitter,s_06ff6e4046c2282770319030,2025,Steamer
True,False,"[[""fangraphs"", ""sa3023752""], [""mlbam"", ""821078""]]",projection,José Castro,p_95a14fff4776cad3b51a4650,hitter,s_c88c054d85ea8f4828c6b1ac,2025,Steamer
True,False,"[[""fangraphs"", ""sa3015620""], [""mlbam"", ""692403""]]",projection,Raul Guzman,p_b6976829823cc2b6414ac396,hitter,s_061a3484ee2c8c184d7f37ea,2025,Steamer
True,False,"[[""fangraphs"", ""sa3018581""], [""mlbam"", ""800513""]]",projection,Jose Fernandez,p_6c4e049ebfe0bb990b0e5e3f,hitter,s_c5958fff9131e9801a7948b4,2025,Steamer
True,False,"[[""fangraphs"", ""sa3024332""], [""mlbam"", ""821235""]]",projection,David Freitas,p_f5adc1d04d5789813350dc27,hitter,s_526cff1f54c41ad2f2629013,2025,Steamer
True,False,"[[""fangraphs"", ""15689""], [""mlbam"", ""622491""]]",projection,Luis Castillo,p_a930f486a49e52f1716ce4e3,pitcher,s_93027b469fcf7a6b3ef9c859,2025,Steamer
True,False,"[[""fangraphs"", ""31757""], [""mlbam"", ""695243""]]",projection,Mason Miller,p_081284ef39308ea8173e9d65,pitcher,s_bb437a6f8175f7ea126baa04,2025,Steamer
True,False,"[[""fangraphs"", ""27589""], [""mlbam"", ""671106""]]",projection,Logan Allen,p_9e5c30cb0c6ca9351a90fc5e,pitcher,s_b869a81fa1782cc75741d6ee,2025,Steamer
True,False,"[[""fangraphs"", ""27867""], [""mlbam"", ""671922""]]",projection,Cade Smith,p_9f69a4853e947731d3f8a488,pitcher,s_4f8dcec18f496701fbbb99ad,2025,Steamer
True,False,"[[""fangraphs"", ""23735""], [""mlbam"", ""677651""]]",projection,Luis Garcia,p_61a1626abf71f19b3b31904c,pitcher,s_534f4e1a2a51c6f84a24ba23,2025,Steamer
True,False,"[[""fangraphs"", ""27646""], [""mlbam"", ""682847""]]",projection,Luis Ortiz,p_a98211b93d765f76eace7471,pitcher,s_d4f3aabdd4b69aa7b4ed1132,2025,Steamer
True,False,"[[""fangraphs"", ""4301""], [""mlbam"", ""458677""]]",projection,Justin Wilson,p_0a9e5be56ba3b13df244ae59,pitcher,s_6b8afea07db8981b0ff10abc,2025,Steamer
True,False,"[[""fangraphs"", ""6984""], [""mlbam"", ""472610""]]",projection,Luis García,p_8173ffb07b31af325e136f10,pitcher,s_ac0f7665eac74b6074d5f151,2025,Steamer
True,False,"[[""fangraphs"", ""20794""], [""mlbam"", ""655889""]]",projection,Manuel Rodríguez,p_d7dd910c38d66717fc402a93,pitcher,s_e2faa1e46ffe70fbb24a79f2,2025,Steamer
True,False,"[[""fangraphs"", ""19712""], [""mlbam"", ""641907""]]",projection,Patrick Murphy,p_1ffd9afa79e669d9bb22369d,pitcher,s_99780983a9dbf8cabfe0b02f,2025,Steamer
True,False,"[[""fangraphs"", ""sa550522""], [""mlbam"", ""593574""]]",projection,Luis González,p_75588ff69bbbbda17aa9d212,pitcher,s_dba3ce53cb013e0ccd68221c,2025,Steamer
True,False,"[[""fangraphs"", ""30161""], [""mlbam"", ""692230""]]",projection,Carlos Rodriguez,p_21b65bda01ce0348d84eb816,pitcher,s_ae90bd1060ea4c83bf5ab36a,2025,Steamer
True,False,"[[""fangraphs"", ""33502""], [""mlbam"", ""807743""]]",projection,Sean Sullivan,p_13d1180147be27b6d1e51e8a,pitcher,s_d25b034ce37106348df6e829,2025,Steamer
True,False,"[[""fangraphs"", ""31468""], [""mlbam"", ""678022""]]",projection,Jack Perkins,p_9c5835d74dcc7b3894b01124,pitcher,s_0cff7a799e07003672b1142a,2025,Steamer
True,False,"[[""fangraphs"", ""sa3009950""], [""mlbam"", ""691032""]]",projection,Luis Moreno,p_fad7151860bdabd14645b718,pitcher,s_8b5a5adc37994beb5b16493a,2025,Steamer
True,False,"[[""fangraphs"", ""17553""], [""mlbam"", ""621058""]]",projection,Andrew Moore,p_f5425205eef6a9997a997c6e,pitcher,s_ea4ef89fedac75f85fab5c8d,2025,Steamer
True,False,"[[""fangraphs"", ""sa3020408""], [""mlbam"", ""805725""]]",projection,Jake Miller,p_596d22747a6f6821b7b65503,pitcher,s_82a104a63f0e88386775e3f9,2025,Steamer
True,False,"[[""fangraphs"", ""11682""], [""mlbam"", ""593372""]]",projection,Carlos Martinez,p_024586446282f0d24a25e872,pitcher,s_6d50b4be0f86e5904ac59799,2025,Steamer
True,False,"[[""fangraphs"", ""sa3017500""], [""mlbam"", ""676345""]]",projection,Aaron Brown,p_eacfc4f506ea34d569b6d5dd,pitcher,s_d1e437a5607b88f351ce41ac,2025,Steamer
True,False,"[[""fangraphs"", ""14416""], [""mlbam"", ""628708""]]",projection,Yunior Marte,p_1ec5d767370010c2eb483d8d,pitcher,s_e830db893c4939509c58037b,2025,Steamer
True,False,"[[""fangraphs"", ""sa3002818""], [""mlbam"", ""675195""]]",projection,Juan Mercedes,p_2a50b3339111bb3e9ae42070,pitcher,s_a3fa37ee350bf91bba097c6d,2025,Steamer
True,False,"[[""fangraphs"", ""sa3018252""], [""mlbam"", ""688602""]]",projection,Patrick Murphy,p_ba483ad136be0b28dffa6bd2,pitcher,s_b5cfe89ce9aade82629abe69,2025,Steamer
True,False,"[[""fangraphs"", ""16942""], [""mlbam"", ""656814""]]",projection,Luis Ortiz,p_b3d76461f25180c0ba8d977d,pitcher,s_bedb6daf474bf4031ee3047a,2025,Steamer
True,False,"[[""fangraphs"", ""sa3018185""], [""mlbam"", ""696155""]]",projection,Sean Sullivan,p_ffd30392a632af38967f2a5f,pitcher,s_7edbf6ee64139920da1e80ab,2025,Steamer
True,False,"[[""fangraphs"", ""18555""], [""mlbam"", ""663531""]]",projection,Logan Allen,p_0ce432d4a2ee34935f23cbc5,pitcher,s_9a04e3adb02aae4fe4e3604a,2025,Steamer
True,False,"[[""fangraphs"", ""sa3023682""], [""mlbam"", ""701511""]]",projection,Ryan Watson,p_fc22d354d06197293b531a01,pitcher,s_742b93548b47073e903ea1fb,2025,Steamer
True,False,"[[""fangraphs"", ""sa3002949""], [""mlbam"", ""672435""]]",projection,Juan Mejia,p_1924a2ae870b7bb47deea437,pitcher,s_9ba51620334a7d8e866083a6,2025,Steamer
True,False,"[[""fangraphs"", ""27853""], [""mlbam"", ""670245""]]",projection,Ryan Watson,p_f3608885a25983c11e40b7ae,pitcher,s_c9396909b1799ac5ae51d80f,2025,Steamer
True,False,"[[""fangraphs"", ""19274""], [""mlbam"", ""657097""]]",projection,Jacob Webb,p_12c65e4a82ae27067a44f2c3,pitcher,s_99ec26809e0b9bdbfd622ccb,2025,Steamer
True,False,"[[""fangraphs"", ""17860""], [""mlbam"", ""642578""]]",projection,José Rodríguez,p_15c4d1bcdf92690552fc1d17,pitcher,s_48c74cbf381e6edde997a18e,2025,Steamer
True,False,"[[""fangraphs"", ""21023""], [""mlbam"", ""661309""]]",projection,Adrián Martinez,p_882dccc78dd9b8253d68a663,pitcher,s_5eff82ef91440c4d2c2aa0e8,2025,Steamer
True,False,"[[""fangraphs"", ""28393""], [""mlbam"", ""692064""]]",projection,José Rodríguez,p_a1375ed4daf5a83c53dc70fe,pitcher,s_d69a98839b12d569e8374cac,2025,Steamer
True,False,"[[""fangraphs"", ""sa3015415""], [""mlbam"", ""683681""]]",projection,Jose Gonzalez,p_780d6595d3f50f83c8587fb2,pitcher,s_3d0fc2132d02004e7752223e,2025,Steamer
True,False,"[[""fangraphs"", ""sa3007713""], [""mlbam"", ""663472""]]",projection,Jack Perkins,p_02135e9297ced03ac7648a41,pitcher,s_24301d762628850ca8cb0400,2025,Steamer
True,False,"[[""fangraphs"", ""sa3023371""], [""mlbam"", ""694696""]]",projection,Cade Smith,p_0e63033f8d5098554e2e40c8,pitcher,s_1ab4d1c4607356e2e6b603e7,2025,Steamer
True,False,"[[""fangraphs"", ""sa3016515""], [""mlbam"", ""700169""]]",projection,Bryan Perez,p_fdfe6bd9ee9b17c136619552,pitcher,s_cef396506ab3eed7c0147791,2025,Steamer
True,False,"[[""fangraphs"", ""sa3005836""], [""mlbam"", ""678707""]]",projection,Cristian Hernandez,p_9c03198c7ef2bc29e731f229,pitcher,s_f24730d665d17e737496c894,2025,Steamer
True,False,"[[""fangraphs"", ""sa3008166""], [""mlbam"", ""679655""]]",projection,Justin Wilson,p_6456e388bcccf4de4619c9b4,pitcher,s_4a4c796710448bdddf7be434,2025,Steamer
True,False,"[[""fangraphs"", ""20042""], [""mlbam"", ""672911""]]",projection,Jesus Cruz,p_6d6eec5e7ac0a45bc9ce80a1,pitcher,s_7e8ccae6c5b6dac8b3654a05,2025,Steamer
True,False,"[[""fangraphs"", ""sa3017547""], [""mlbam"", ""701288""]]",projection,Jacob Webb,p_964bfc9c67f783abbe9602a6,pitcher,s_1f866ff54dbdf29ba8cf72b7,2025,Steamer
True,False,"[[""fangraphs"", ""sa598306""], [""mlbam"", ""606939""]]",projection,Aaron Brown,p_e6be3610d9e6805a2490d3d7,pitcher,s_b850e30cff56cee230ad576b,2025,Steamer
True,False,"[[""fangraphs"", ""sa3005444""], [""mlbam"", ""678738""]]",projection,Juan Sanchez,p_7e268f815942314800c337f8,pitcher,s_8f617ffe1974da473dea9b25,2025,Steamer
True,False,"[[""fangraphs"", ""sa3006070""], [""mlbam"", ""678980""]]",projection,José Geraldo,p_82936c161217fdcb1d1ee9ba,pitcher,s_1ad09aced526150c07e0c3f3,2025,Steamer
True,False,"[[""fangraphs"", ""4696""], [""mlbam"", ""518858""]]",projection,Nate Jones,p_d19769e13b8798ae1c9a5894,pitcher,s_7b879d360fb40383445f14b1,2025,Steamer
True,False,"[[""fangraphs"", ""sa3011805""], [""mlbam"", ""690345""]]",projection,Pedro Garcia,p_72a0fa3b40310cba50a2d938,pitcher,s_c07936ce760d2282252ef842,2025,Steamer
True,False,"[[""fangraphs"", ""sa737048""], [""mlbam"", ""642530""]]",projection,Luis Reyes,p_9d4c2dabb5778c76cd9b18d1,pitcher,s_816d5605c6e7da9bc2166362,2025,Steamer
True,False,"[[""fangraphs"", ""sa3023597""], [""mlbam"", ""805982""]]",projection,Daniel Nunez,p_74fdceee2143e60a83385df5,pitcher,s_d4016cde7a8440a1bf4a6cb6,2025,Steamer
True,False,"[[""fangraphs"", ""31097""], [""mlbam"", ""805074""]]",projection,Yunior Marte,p_2a4af03603e3a4214d10af95,pitcher,s_4c2d9490aee5ab4117725b6f,2025,Steamer
True,False,"[[""fangraphs"", ""sa3015149""], [""mlbam"", ""688703""]]",projection,Michael Brewer,p_3a42a6ff3b2d0f148fd35a8b,pitcher,s_c922c14cd358a2a763178e0c,2025,Steamer
True,False,"[[""fangraphs"", ""sa3015464""], [""mlbam"", ""693725""]]",projection,Juan Nuñez,p_edd9348c2954bef7508ab0d1,pitcher,s_994b1b8c318af3b619795814,2025,Steamer
True,False,"[[""fangraphs"", ""sa3006410""], [""mlbam"", ""680640""]]",projection,Carlos Meza,p_8b7e82816c85f5c14284bd37,pitcher,s_b0193a91897321816e66f05a,2025,Steamer
True,False,"[[""fangraphs"", ""sa3006699""], [""mlbam"", ""680622""]]",projection,Carlos Gomez,p_0a4180ec327a0212aa3c60bd,pitcher,s_f791716e0b46001fe7fe200d,2025,Steamer
True,False,"[[""fangraphs"", ""sa828600""], [""mlbam"", ""650994""]]",projection,Juan Nunez,p_35f8df31ab37d026812bae50,pitcher,s_9e55520673f7316d076941e6,2025,Steamer
True,False,"[[""fangraphs"", ""sa3006702""], [""mlbam"", ""681459""]]",projection,Jose Ramirez,p_bf2728157b750729a4dfb63f,pitcher,s_901a595ab5d182351f7f3f91,2025,Steamer
True,False,"[[""fangraphs"", ""sa3020831""], [""mlbam"", ""687328""]]",projection,Luis Ramirez,p_89afad425561c432532b3452,pitcher,s_effbf93976313c5abe0370f8,2025,Steamer
True,False,"[[""fangraphs"", ""sa3019291""], [""mlbam"", ""804973""]]",projection,Manuel Rodriguez,p_89d2bb6392f0353af73dea1f,pitcher,s_84beed984149ed3b48c34184,2025,Steamer
True,False,"[[""fangraphs"", ""sa3018171""], [""mlbam"", ""681313""]]",projection,Jake Miller,p_5e576ee933bbe75be8b3f29a,pitcher,s_31668de83a02d4aa964d3ce7,2025,Steamer
True,False,"[[""fangraphs"", ""sa3016278""], [""mlbam"", ""700288""]]",projection,Juan Martinez,p_ffdfeeb54095d933c28aacd4,pitcher,s_8beed66b1f7bafc7739e0359,2025,Steamer
True,False,"[[""fangraphs"", ""sa3015974""], [""mlbam"", ""692835""]]",projection,Luis Valdez,p_26b290dd2aef822d51b4b093,pitcher,s_2e31c6c3689b6ce1d2a0c40a,2025,Steamer
True,False,"[[""fangraphs"", ""sa3019633""], [""mlbam"", ""805702""]]",projection,Jogly García,p_3c00583ea4e78810433e6330,pitcher,s_01af9d621f5026572dc269cf,2025,Steamer
True,False,"[[""fangraphs"", ""sa3020863""], [""mlbam"", ""701259""]]",projection,Andy Rodriguez,p_5b8b97c6b1083d1a78d2ecac,pitcher,s_4d2f0f100f43616477e7f8ea,2025,Steamer
True,False,"[[""fangraphs"", ""sa3018872""], [""mlbam"", ""801221""]]",projection,Pedro Garcia,p_9e726290b8d37274dcf85041,pitcher,s_b45ade5eb115dce47dd20d7d,2025,Steamer
True,False,"[[""fangraphs"", ""sa3008176""], [""mlbam"", ""682840""]]",projection,Samuel Perez,p_03032baf0233b4ae6c27f8d5,pitcher,s_40a7eb9e254bbb9c8a8c2576,2025,Steamer
True,False,"[[""fangraphs"", ""sa3023659""], [""mlbam"", ""815095""]]",projection,David Rodriguez,p_cf92f1b38d61e3277a868d6a,pitcher,s_af0101722307d4001a6a1301,2025,Steamer
True,False,"[[""fangraphs"", ""sa3015447""], [""mlbam"", ""692445""]]",projection,Gabriel Torres,p_b009094d0309f69eaf2a9b09,pitcher,s_2a0a982c413268669920ca5f,2025,Steamer
True,False,"[[""fangraphs"", ""sa3009527""], [""mlbam"", ""685777""]]",projection,Miguel Gomez,p_db1c73ac6fe621f2aec5aecd,pitcher,s_b8764b645cbd3ee079a119e6,2025,Steamer
True,False,"[[""fangraphs"", ""sa3002928""], [""mlbam"", ""672382""]]",projection,Luis Moreno,p_3f94d92cbf203573c8b7790b,pitcher,s_8856766813910e29801812b9,2025,Steamer
True,False,"[[""fangraphs"", ""sa3018810""], [""mlbam"", ""703330""]]",projection,David Rodriguez,p_76df5cc08c48f5f0f1f9ef86,pitcher,s_9cda3ad070497a432551cf55,2025,Steamer
True,False,"[[""fangraphs"", ""sa3015929""], [""mlbam"", ""691342""]]",projection,José  Ramírez,p_c13227e2d049be23e12d2492,pitcher,s_f0e6a160445be1c459179dcd,2025,Steamer
True,False,"[[""fangraphs"", ""sa3020983""], [""mlbam"", ""807001""]]",projection,Luis Reyes,p_e44de4499d7e98f5dc95f34f,pitcher,s_f346392fbb6630d913ed7c2c,2025,Steamer
True,False,"[[""fangraphs"", ""sa3010003""], [""mlbam"", ""687797""]]",projection,Nate Jones,p_1452a8affd9811a6f459fd2e,pitcher,s_c987c08f652fac7efc8f02aa,2025,Steamer
True,False,"[[""fangraphs"", ""sa3019504""], [""mlbam"", ""805400""]]",projection,Juan Nunez,p_6d4a0aedf43e8bb37928cc5e,pitcher,s_d05825d6d9196952962e77a6,2025,Steamer
True,False,"[[""fangraphs"", ""sa3024262""], [""mlbam"", ""821646""]]",projection,Luis Espinoza,p_be7634950f894c36ae72b512,pitcher,s_ef657be5a823a5f2f2aedeb1,2025,Steamer
True,False,"[[""fangraphs"", ""sa3016784""], [""mlbam"", ""700421""]]",projection,Gabriel Rodriguez,p_3f8fa8a895f9af0e388e79dd,pitcher,s_4ec0ac1603b47fdeec3a902f,2025,Steamer
True,False,"[[""fangraphs"", ""sa3019563""], [""mlbam"", ""804974""]]",projection,Juan Mercedes,p_8ab6ab4db1ebef6a6040a7ef,pitcher,s_c899b3e2eb7427e629eb1199,2025,Steamer
True,False,"[[""fangraphs"", ""sa3024068""], [""mlbam"", ""806951""]]",projection,Samuel Perez,p_f684e75ec249655945a90960,pitcher,s_a0c16c1e67c8da0e850f712d,2025,Steamer
True,False,"[[""fangraphs"", ""sa3015363""], [""mlbam"", ""696095""]]",projection,Angel Hernandez,p_310f72b6ae6d23724d3865d8,pitcher,s_6a197d0a791c96c1799bbf62,2025,Steamer
True,False,"[[""fangraphs"", ""sa3019383""], [""mlbam"", ""800512""]]",projection,Gabriel Torres,p_473ad53dc36f6ba47768c694,pitcher,s_a5ea4fe6ead42bee856e2bee,2025,Steamer
True,False,"[[""fangraphs"", ""sa3024277""], [""mlbam"", ""823864""]]",projection,Carlos Rodriguez,p_f16251c87ebf255834844830,pitcher,s_8fca8e71e9a181a1113c91c1,2025,Steamer
True,False,"[[""fangraphs"", ""sa3015483""], [""mlbam"", ""696098""]]",projection,Jose Romero,p_3ad27ccd158ee9af52cb9154,pitcher,s_7a120be5667be3f6c46b1863,2025,Steamer
True,False,"[[""fangraphs"", ""sa3009219""], [""mlbam"", ""682931""]]",projection,Juan Martinez,p_78fec89076d6fcda46682b25,pitcher,s_529133c5188a6fa1a47f48bf,2025,Steamer
True,False,"[[""fangraphs"", ""sa3021788""], [""mlbam"", ""808349""]]",projection,Cristian Hernandez,p_394683824b02a6dc6d35ea92,pitcher,s_a92813db04f7d1cc648823ba,2025,Steamer
True,False,"[[""fangraphs"", ""sa3019288""], [""mlbam"", ""802099""]]",projection,Luis Valdez,p_acb06545791924c4ae604c4a,pitcher,s_c35b7ef67273de137aab55f3,2025,Steamer
True,False,"[[""fangraphs"", ""sa3021497""], [""mlbam"", ""807841""]]",projection,Darwin Rodriguez,p_03c99fd3c425912772350703,pitcher,s_d45f441948473fdd8b5c0165,2025,Steamer
True,False,"[[""fangraphs"", ""sa3020982""], [""mlbam"", ""806948""]]",projection,Luis Aguilar,p_b6f6fa963f2a1d70fcbf4e59,pitcher,s_654762a1f05879940ba99773,2025,Steamer
True,False,"[[""fangraphs"", ""sa3021791""], [""mlbam"", ""808487""]]",projection,Jose Romero,p_f1c8936cfeccad5c4a6b6de3,pitcher,s_c299d5721d75adaeeaedda2e,2025,Steamer
True,False,"[[""fangraphs"", ""sa3023658""], [""mlbam"", ""692223""]]",projection,Mason Miller,p_db14af3a393ec95332ee8543,pitcher,s_71ab365a9a26f7b050162377,2025,Steamer
True,False,"[[""fangraphs"", ""sa3019164""], [""mlbam"", ""800461""]]",projection,Luis Gonzalez,p_cf73969eab5db76f3bc27898,pitcher,s_156e6bee6e2562eaa2e36738,2025,Steamer
True,False,"[[""fangraphs"", ""sa3018805""], [""mlbam"", ""702907""]]",projection,Daniel Nunez,p_6e289d292de20a86d973ca14,pitcher,s_dea021b9cb2322e889bc16b9,2025,Steamer
True,False,"[[""fangraphs"", ""sa3016589""], [""mlbam"", ""692549""]]",projection,Luis Tejeda,p_ec503f883d2415330e81b9c8,pitcher,s_bdd21201d93315969354ea46,2025,Steamer
True,False,"[[""fangraphs"", ""sa3023615""], [""mlbam"", ""806625""]]",projection,Victor Garcia,p_141884a0afc1934f495fa290,pitcher,s_ab26f825de066258dd24d80b,2025,Steamer
True,False,"[[""fangraphs"", ""sa3016049""], [""mlbam"", ""699395""]]",projection,Adrian Martinez,p_e940685a203f89fa7f99ae1f,pitcher,s_4f0d5254080d1c6aba8f2793,2025,Steamer
True,False,"[[""fangraphs"", ""sa3008699""], [""mlbam"", ""683423""]]",projection,Jesus Cruz,p_64259c523564494cb78a7972,pitcher,s_6157d3cce7c1ee133fbb55bb,2025,Steamer
True,False,"[[""fangraphs"", ""sa3016815""], [""mlbam"", ""700235""]]",projection,Jose Chavez,p_d9c25c247eddff1b57f1a374,pitcher,s_811be66d08a94b3a500ba3fd,2025,Steamer
True,False,"[[""fangraphs"", ""sa3021523""], [""mlbam"", ""808252""]]",projection,Wuilliams Rodriguez,p_3e9611ebe511bd9e9b0a4611,pitcher,s_eb215a06196e85cfc1b8b65f,2025,Steamer
True,False,"[[""fangraphs"", ""sa3017014""], [""mlbam"", ""702913""]]",projection,Bryan Perez,p_745ccd623a5eedd8182dcf08,pitcher,s_8738fa6f69b711da4972f132,2025,Steamer
True,False,"[[""fangraphs"", ""sa3021465""], [""mlbam"", ""684609""]]",projection,Michael Brewer,p_1ba81bb78e2729e515411b72,pitcher,s_529abc82138f24dcbd47107e,2025,Steamer
True,False,"[[""fangraphs"", ""sa3017620""], [""mlbam"", ""703142""]]",projection,Andy Rodriguez,p_6d2aa4ccdd3683b45bd5a762,pitcher,s_85de665c862927eae27c6251,2025,Steamer
True,False,"[[""fangraphs"", ""sa3016295""], [""mlbam"", ""702751""]]",projection,Jose Geraldo,p_15d03e7168f63f2ecc4b6b3d,pitcher,s_36e2565b7f21b326daa1e7a9,2025,Steamer
True,False,"[[""fangraphs"", ""sa3021485""], [""mlbam"", ""806882""]]",projection,Jesus Lopez,p_f3dd93b50b8b93bc07abde55,pitcher,s_478c97ec9119b7e425319320,2025,Steamer
True,False,"[[""fangraphs"", ""sa3015423""], [""mlbam"", ""691546""]]",projection,Carlos Martinez,p_2918809e53f49d8bac61b5c1,pitcher,s_3bd57d4a73aa333a470f9399,2025,Steamer
True,False,"[[""fangraphs"", ""sa3018292""], [""mlbam"", ""698903""]]",projection,Jose Chavez,p_b3d4b8d278a773036aed5b88,pitcher,s_e13913a91cec41df38d4a8f3,2025,Steamer
True,False,"[[""fangraphs"", ""sa3018360""], [""mlbam"", ""803424""]]",projection,Juan Sanchez,p_6731887d1a31b835c7a67321,pitcher,s_5051a4ded46815c1fdaf1b7a,2025,Steamer
True,False,"[[""fangraphs"", ""sa3007219""], [""mlbam"", ""676082""]]",projection,Gabriel Rodriguez,p_7f7467e8169138af4b77020a,pitcher,s_a1177ea219c027148c93847b,2025,Steamer
True,False,"[[""fangraphs"", ""sa3019176""], [""mlbam"", ""802240""]]",projection,Luis Tejeda,p_5dc36102df2b24657761252c,pitcher,s_99f43b415839763e0b062c76,2025,Steamer
True,False,"[[""fangraphs"", ""sa3021043""], [""mlbam"", ""814260""]]",projection,Luis Espinoza,p_ede54fddd0891e181dba7df0,pitcher,s_246630532123a2f966f506bf,2025,Steamer
True,False,"[[""fangraphs"", ""sa3022358""], [""mlbam"", ""815135""]]",projection,Luis Castillo,p_904b510493d6de99e778375a,pitcher,s_31d82f023a5507edc5791555,2025,Steamer
True,False,"[[""fangraphs"", ""sa3009473""], [""mlbam"", ""683456""]]",projection,Jose Gonzalez,p_09b9cf7a817b988fbaa2d6c6,pitcher,s_4f4879b7d9d494a9a6891cc4,2025,Steamer
True,False,"[[""fangraphs"", ""sa3015468""], [""mlbam"", ""693760""]]",projection,Luis Garcia,p_0a6a6d2e8385cce2c3045d1a,pitcher,s_030ca68150f201ba29062c8b,2025,Steamer
True,False,"[[""fangraphs"", ""sa3019059""], [""mlbam"", ""800158""]]",projection,Carlos Meza,p_f93b201402733d2b4fdb7dec,pitcher,s_bd32dee34f1792c980523768,2025,Steamer
True,False,"[[""fangraphs"", ""sa3018353""], [""mlbam"", ""802092""]]",projection,Luis Ramirez,p_abd47545d09821f209c8b536,pitcher,s_dca6a58f1992bf07bb3b7cdf,2025,Steamer
True,False,"[[""fangraphs"", ""sa3019672""], [""mlbam"", ""805777""]]",projection,Wuilliams Rodriguez,p_bb97f086c55214b5f923588d,pitcher,s_633f62b32dd128c2c35eeb1a,2025,Steamer
True,False,"[[""fangraphs"", ""sa3021529""], [""mlbam"", ""808362""]]",projection,Jesus Lopez,p_947fd6b0e3a4951d29939005,pitcher,s_4651748b1852db9bedc07a42,2025,Steamer
True,False,"[[""fangraphs"", ""sa3019189""], [""mlbam"", ""805097""]]",projection,Angel Hernandez,p_7d47b5bfd5aaa96ca67f462c,pitcher,s_bd35e32387b7c7acf265396b,2025,Steamer
True,False,"[[""fangraphs"", ""sa3022149""], [""mlbam"", ""811227""]]",projection,Miguel Gomez,p_92345e0ac2337b0a556d8335,pitcher,s_9dc3358a97487b74b9e0c4f6,2025,Steamer
True,False,"[[""fangraphs"", ""sa3017898""], [""mlbam"", ""700347""]]",projection,Jogly Garcia,p_e7be67c67d4e15a8035f6419,pitcher,s_0072c87e56737ab7649fd4ef,2025,Steamer
True,False,"[[""fangraphs"", ""sa3018893""], [""mlbam"", ""802737""]]",projection,Luis Aguilar,p_1f9181063db59c1b30166ba1,pitcher,s_e0cfe370532c3218d9c0ba94,2025,Steamer
True,False,"[[""fangraphs"", ""sa3019733""], [""mlbam"", ""800381""]]",projection,Carlos Gomez,p_41e06e927d626700508a57ae,pitcher,s_e98ec905219a89cf26c6ebc8,2025,Steamer
True,False,"[[""fangraphs"", ""sa3022391""], [""mlbam"", ""815435""]]",projection,Carlos Brito,p_c4c5e8eab9a9b96f62b61860,pitcher,s_fbc04aec165500424357d8ac,2025,Steamer
True,False,"[[""fangraphs"", ""sa3021753""], [""mlbam"", ""807825""]]",projection,Luis Garcia,p_88f90c9c293ce3209f89785b,pitcher,s_8b819a6dd5e8e45dbeff3ff2,2025,Steamer
True,False,"[[""fangraphs"", ""sa3018877""], [""mlbam"", ""801270""]]",projection,Darwin Rodriguez,p_14c555fde38d17d7239a2208,pitcher,s_3f51982dc04515c76b3509c8,2025,Steamer
True,False,"[[""fangraphs"", ""sa3019802""], [""mlbam"", ""806240""]]",projection,Carlos Brito,p_3d77940aff14bc695b490f1a,pitcher,s_fac5269ff660bb9f7252ea40,2025,Steamer
True,False,"[[""fangraphs"", ""sa3019479""], [""mlbam"", ""802064""]]",projection,Jose Ramirez,p_6bfd49905beb507e3006749d,pitcher,s_129d90880ef37668717513d8,2025,Steamer
True,False,"[[""fangraphs"", ""sa3015930""], [""mlbam"", ""691413""]]",projection,Victor Garcia,p_aa912a57519d7e345236e65f,pitcher,s_3ada7770c92c5eb166a3fd4b,2025,Steamer
True,False,"[[""fangraphs"", ""23237""], [""mlbam"", ""675848""]]",projection,Juan Mejia,p_40add3c3c4b98ecc2adfbc5b,pitcher,s_8345eb5aafa65fe4ea0f92b3,2025,Steamer
True,False,"[[""fangraphs"", ""sa3016795""], [""mlbam"", ""681097""]]",projection,Andrew Moore,p_63f79296325b3a67f8383c9d,pitcher,s_432d656c6fcbe2c400dee243,2025,Steamer
True,False,"[[""fangraphs"", ""13301""], [""mlbam"", ""571970""]]",projection,Max Muncy,p_367043d04df11c50c62b433f,hitter,s_c79559ead9cb3cca7cb7a6ac,2025,THE BAT X
True,False,"[[""fangraphs"", ""sa3017290""], [""mlbam"", ""691777""]]",projection,Max Muncy,p_cced76e05d34ab38cbd25725,hitter,s_2bb29ab5961cadc0e969de69,2025,THE BAT X
True,False,"[[""fangraphs"", ""23735""], [""mlbam"", ""677651""]]",projection,Luis Garcia,p_61a1626abf71f19b3b31904c,pitcher,s_558d61c2347aa381cec6982d,2026,ATC
True,False,"[[""fangraphs"", ""6984""], [""mlbam"", ""472610""]]",projection,Luis García,p_8173ffb07b31af325e136f10,pitcher,s_c33e4fc301c4f3f451a87d42,2026,ATC
True,False,"[[""fangraphs"", ""13301""], [""mlbam"", ""571970""]]",projection,Max Muncy,p_367043d04df11c50c62b433f,hitter,s_cbd59c1a7934cd2518fd4936,2026,Depth Charts
True,False,"[[""fangraphs"", ""29779""], [""mlbam"", ""691777""]]",projection,Max Muncy,p_cced76e05d34ab38cbd25725,hitter,s_7339605a86ea1b10e97ff3c3,2026,Depth Charts
True,False,"[[""fangraphs"", ""13301""], [""mlbam"", ""571970""]]",projection,Max Muncy,p_367043d04df11c50c62b433f,hitter,s_1cb82a2568a71e826f9e5b1a,2026,OOPSY
True,False,"[[""fangraphs"", ""29779""], [""mlbam"", ""691777""]]",projection,Max Muncy,p_cced76e05d34ab38cbd25725,hitter,s_9d93020eb076c4073fa455e8,2026,OOPSY
True,False,"[[""fangraphs"", ""sa3022589""], [""mlbam"", ""683228""]]",projection,Jared Thomas,p_fd7ff291836f5e3026f0fa89,hitter,s_0c247de2a6217b017ac484a6,2026,OOPSY
True,False,"[[""fangraphs"", ""sa3022336""], [""mlbam"", ""806872""]]",projection,Carlos Gutierrez,p_c97dee7be4c505c5d8737ce9,hitter,s_d7d637e5294dffe5d3704e17,2026,OOPSY
True,False,"[[""fangraphs"", ""sa3009817""], [""mlbam"", ""683511""]]",projection,Jose Colmenares,p_27b12bbfb2eae91efa81f177,hitter,s_88337d69321239273420b2a2,2026,OOPSY
True,False,"[[""fangraphs"", ""24388""], [""mlbam"", ""679563""]]",projection,José Rodríguez,p_6440a0a13381bfb36fb7a339,hitter,s_e6b24204c51070a11f8ed4ba,2026,OOPSY
True,False,"[[""fangraphs"", ""sa3022198""], [""mlbam"", ""814545""]]",projection,Jose Perez,p_54ff98f1ef8d4d1f4664b0eb,hitter,s_7a00bba48e6d4860f755c925,2026,OOPSY
True,False,"[[""fangraphs"", ""sa3005478""], [""mlbam"", ""677578""]]",projection,Carlos Rodríguez,p_7689872c7a18f445d289738c,hitter,s_30414e43d64d222d8d629141,2026,OOPSY
True,False,"[[""fangraphs"", ""20540""], [""mlbam"", ""672701""]]",projection,José Devers,p_64626fbb17c69b41f17c5d5e,hitter,s_1a8cc7508e244ddf0aa5da44,2026,OOPSY
True,False,"[[""fangraphs"", ""sa3016541""], [""mlbam"", ""692374""]]",projection,Jose Ramos,p_e6b53c70e55d329c7cd59175,hitter,s_78f81e8e7430f7dccbf6303b,2026,OOPSY
True,False,"[[""fangraphs"", ""sa3025252""], [""mlbam"", ""703606""]]",projection,Jared Thomas,p_f54d32eaae35bcf40243d84a,hitter,s_5d85c77a2862805a2b42a847,2026,OOPSY
True,False,"[[""fangraphs"", ""sa3016162""], [""mlbam"", ""699077""]]",projection,Jose Perez,p_a7bdf33bdc2e41cb10b0b1e3,hitter,s_16f1b423685e0c0f6ce7a7da,2026,OOPSY
True,False,"[[""fangraphs"", ""sa3009309""], [""mlbam"", ""683569""]]",projection,Jose Colmenares,p_5602c36b2f829c8c7fcd3aca,hitter,s_1259c8fcd73322dbb6873632,2026,OOPSY
True,False,"[[""fangraphs"", ""sa3015594""], [""mlbam"", ""692025""]]",projection,Carlos Rodriguez,p_1dc7d513f316d66b2986e275,hitter,s_edfae7ba41b53ccad4ff2124,2026,OOPSY
True,False,"[[""fangraphs"", ""sa3018613""], [""mlbam"", ""801522""]]",projection,Carlos Sanchez,p_8dc1b6146673e795c9c1dca4,hitter,s_0acd7afc187e1ff06cab8894,2026,OOPSY
True,False,"[[""fangraphs"", ""sa3008845""], [""mlbam"", ""682947""]]",projection,Jose Ramos,p_91952f178fa8b2d64860877b,hitter,s_e3f7b4f466fd8f90ef7115ff,2026,OOPSY
True,False,"[[""fangraphs"", ""sa3018465""], [""mlbam"", ""800176""]]",projection,Carlos Sanchez,p_aa80d4d335da9ee2f7abe221,hitter,s_31c73a411566d1ec4e34d607,2026,OOPSY
True,False,"[[""fangraphs"", ""sa3018413""], [""mlbam"", ""703161""]]",projection,Alexis Hernandez,p_b7dee98ee63670b9d992f13e,hitter,s_5dc21d32bfa626f402d96f15,2026,OOPSY
True,False,"[[""fangraphs"", ""sa3015642""], [""mlbam"", ""692562""]]",projection,Alexis Hernandez,p_4bb85f59a78bda2c93477541,hitter,s_e8097c8052d8f54e1a44f7a0,2026,OOPSY
True,False,"[[""fangraphs"", ""sa3015292""], [""mlbam"", ""691410""]]",projection,Jose Devers,p_7cf6f2eda53c1b49990cd9c6,hitter,s_cddf1ef0419d514b9d62caa8,2026,OOPSY
True,False,"[[""fangraphs"", ""sa3016122""], [""mlbam"", ""692556""]]",projection,Kelvin Diaz,p_1a0ceb871e321f9a7d9c633a,hitter,s_f07c0416dbc1ab93062421e4,2026,OOPSY
True,False,"[[""fangraphs"", ""sa3015783""], [""mlbam"", ""699049""]]",projection,Carlos Gutierrez,p_84b7c8d31ec0804851614550,hitter,s_633136b5ef65830d5d33df83,2026,OOPSY
True,False,"[[""fangraphs"", ""sa3015670""], [""mlbam"", ""692840""]]",projection,Kelvin Diaz,p_e8467ffa622783e9e4549f72,hitter,s_8b24ce00ad3febb712e281b2,2026,OOPSY
True,False,"[[""fangraphs"", ""sa3018555""], [""mlbam"", ""800412""]]",projection,Jose Rodriguez,p_9f25894d3fb52c3d3316e400,hitter,s_26f9e73eae57fbfe7cfc5101,2026,OOPSY
True,False,"[[""fangraphs"", ""31757""], [""mlbam"", ""695243""]]",projection,Mason Miller,p_081284ef39308ea8173e9d65,pitcher,s_31d77da3ea4ed9e0b9894952,2026,OOPSY
True,False,"[[""fangraphs"", ""27867""], [""mlbam"", ""671922""]]",projection,Cade Smith,p_9f69a4853e947731d3f8a488,pitcher,s_fb6b84f275a2da1ff080a46c,2026,OOPSY
True,False,"[[""fangraphs"", ""27589""], [""mlbam"", ""671106""]]",projection,Logan Allen,p_9e5c30cb0c6ca9351a90fc5e,pitcher,s_c1f53f974f24611496e50b98,2026,OOPSY
True,False,"[[""fangraphs"", ""6984""], [""mlbam"", ""472610""]]",projection,Luis García,p_8173ffb07b31af325e136f10,pitcher,s_a3ca15cbad5598e92c0c1fce,2026,OOPSY
True,False,"[[""fangraphs"", ""27646""], [""mlbam"", ""682847""]]",projection,Luis Ortiz,p_a98211b93d765f76eace7471,pitcher,s_717dd5df537b59576e93c67b,2026,OOPSY
True,False,"[[""fangraphs"", ""20794""], [""mlbam"", ""655889""]]",projection,Manuel Rodríguez,p_d7dd910c38d66717fc402a93,pitcher,s_4a1e8202ea0ef0f2bfbaa650,2026,OOPSY
True,False,"[[""fangraphs"", ""33502""], [""mlbam"", ""807743""]]",projection,Sean Sullivan,p_13d1180147be27b6d1e51e8a,pitcher,s_601cb96ed5aefedaddc1cf1d,2026,OOPSY
True,False,"[[""fangraphs"", ""23735""], [""mlbam"", ""677651""]]",projection,Luis Garcia,p_61a1626abf71f19b3b31904c,pitcher,s_d138198c8c72f8a1c1a4877f,2026,OOPSY
True,False,"[[""fangraphs"", ""sa3020408""], [""mlbam"", ""805725""]]",projection,Jake Miller,p_596d22747a6f6821b7b65503,pitcher,s_beb630d95dc14ad574f93877,2026,OOPSY
True,False,"[[""fangraphs"", ""sa3015415""], [""mlbam"", ""683681""]]",projection,Jose Gonzalez,p_780d6595d3f50f83c8587fb2,pitcher,s_02763c1f68e1a70116276551,2026,OOPSY
True,False,"[[""fangraphs"", ""sa3019291""], [""mlbam"", ""804973""]]",projection,Manuel Rodriguez,p_89d2bb6392f0353af73dea1f,pitcher,s_5065af1e8ed93ac2074b691d,2026,OOPSY
True,False,"[[""fangraphs"", ""sa3015464""], [""mlbam"", ""693725""]]",projection,Juan Nuñez,p_edd9348c2954bef7508ab0d1,pitcher,s_62501a61790577806d152518,2026,OOPSY
True,False,"[[""fangraphs"", ""sa3018185""], [""mlbam"", ""696155""]]",projection,Sean Sullivan,p_ffd30392a632af38967f2a5f,pitcher,s_1f1d274e2829e5bbfc6f192c,2026,OOPSY
True,False,"[[""fangraphs"", ""27853""], [""mlbam"", ""670245""]]",projection,Ryan Watson,p_f3608885a25983c11e40b7ae,pitcher,s_5b4a157886a3cb8390b8d40f,2026,OOPSY
True,False,"[[""fangraphs"", ""18555""], [""mlbam"", ""663531""]]",projection,Logan Allen,p_0ce432d4a2ee34935f23cbc5,pitcher,s_432efa5e55accbded04d744c,2026,OOPSY
True,False,"[[""fangraphs"", ""sa3023157""], [""mlbam"", ""694968""]]",projection,Jack Mahoney,p_ae17d9aec7ca58fa3572fd0e,pitcher,s_63482018e03630c40154795f,2026,OOPSY
True,False,"[[""fangraphs"", ""sa3023371""], [""mlbam"", ""694696""]]",projection,Cade Smith,p_0e63033f8d5098554e2e40c8,pitcher,s_fba9e471ca8735a72e7ddeee,2026,OOPSY
True,False,"[[""fangraphs"", ""sa3021497""], [""mlbam"", ""807841""]]",projection,Darwin Rodriguez,p_03c99fd3c425912772350703,pitcher,s_f378136cc7c8f556829362e7,2026,OOPSY
True,False,"[[""fangraphs"", ""sa3009950""], [""mlbam"", ""691032""]]",projection,Luis Moreno,p_fad7151860bdabd14645b718,pitcher,s_ce2646046129a1b29fbd6bde,2026,OOPSY
True,False,"[[""fangraphs"", ""16942""], [""mlbam"", ""656814""]]",projection,Luis Ortiz,p_b3d76461f25180c0ba8d977d,pitcher,s_0c8f303d94a8e6e54dff82ad,2026,OOPSY
True,False,"[[""fangraphs"", ""sa3019504""], [""mlbam"", ""805400""]]",projection,Juan Nunez,p_6d4a0aedf43e8bb37928cc5e,pitcher,s_eb8c6d495e86aa55bd35bbdf,2026,OOPSY
True,False,"[[""fangraphs"", ""sa3023658""], [""mlbam"", ""692223""]]",projection,Mason Miller,p_db14af3a393ec95332ee8543,pitcher,s_10a29ce35d5f06bb163a5771,2026,OOPSY
True,False,"[[""fangraphs"", ""14416""], [""mlbam"", ""628708""]]",projection,Yunior Marte,p_1ec5d767370010c2eb483d8d,pitcher,s_7da7817451743700654ffc30,2026,OOPSY
True,False,"[[""fangraphs"", ""sa3002818""], [""mlbam"", ""675195""]]",projection,Juan Mercedes,p_2a50b3339111bb3e9ae42070,pitcher,s_fcd823ae051d2ea19b0bbb65,2026,OOPSY
True,False,"[[""fangraphs"", ""sa3022939""], [""mlbam"", ""688664""]]",projection,Ryan Brown,p_38f0310b9ea36da7ab67be66,pitcher,s_cde69cbaa3597ed5995fb3f9,2026,OOPSY
True,False,"[[""fangraphs"", ""sa3023682""], [""mlbam"", ""701511""]]",projection,Ryan Watson,p_fc22d354d06197293b531a01,pitcher,s_569b99c01750a9bdf50e2759,2026,OOPSY
True,False,"[[""fangraphs"", ""sa550522""], [""mlbam"", ""593574""]]",projection,Luis González,p_75588ff69bbbbda17aa9d212,pitcher,s_a1b8f3a9bc21f8071b37d505,2026,OOPSY
True,False,"[[""fangraphs"", ""19712""], [""mlbam"", ""641907""]]",projection,Patrick Murphy,p_1ffd9afa79e669d9bb22369d,pitcher,s_ad19ebcc31bee338b44ce5fd,2026,OOPSY
True,False,"[[""fangraphs"", ""31097""], [""mlbam"", ""805074""]]",projection,Yunior Marte,p_2a4af03603e3a4214d10af95,pitcher,s_bbc313046edb8d7499e9515c,2026,OOPSY
True,False,"[[""fangraphs"", ""sa3020983""], [""mlbam"", ""807001""]]",projection,Luis Reyes,p_e44de4499d7e98f5dc95f34f,pitcher,s_ce2d20d08d23d925f24a38bb,2026,OOPSY
True,False,"[[""fangraphs"", ""sa3027877""], [""mlbam"", ""811286""]]",projection,Ryan Brown,p_7b51e4eaec7fe2c1125bbba0,pitcher,s_e73e23acffedccf2da5feb24,2026,OOPSY
True,False,"[[""fangraphs"", ""sa3015974""], [""mlbam"", ""692835""]]",projection,Luis Valdez,p_26b290dd2aef822d51b4b093,pitcher,s_56b998d41cfb863acf2a48f0,2026,OOPSY
True,False,"[[""fangraphs"", ""sa3018252""], [""mlbam"", ""688602""]]",projection,Patrick Murphy,p_ba483ad136be0b28dffa6bd2,pitcher,s_3625307e5ca77fbb2d21c086,2026,OOPSY
True,False,"[[""fangraphs"", ""34847""], [""mlbam"", ""699823""]]",projection,Tyler Davis,p_9a4b8644f0ea1d427ef1d2f8,pitcher,s_22419ea7b9fce227b65bf146,2026,OOPSY
True,False,"[[""fangraphs"", ""sa3011805""], [""mlbam"", ""690345""]]",projection,Pedro Garcia,p_72a0fa3b40310cba50a2d938,pitcher,s_63304b8538ce5c6b90694abc,2026,OOPSY
True,False,"[[""fangraphs"", ""30412""], [""mlbam"", ""703615""]]",projection,Jose Cabrera,p_6ce628fc2adfa46d820060a3,pitcher,s_366a8359aec537a6ca22bf42,2026,OOPSY
True,False,"[[""fangraphs"", ""sa737048""], [""mlbam"", ""642530""]]",projection,Luis Reyes,p_9d4c2dabb5778c76cd9b18d1,pitcher,s_e5b52eaf282ba67893e8b22e,2026,OOPSY
True,False,"[[""fangraphs"", ""sa3002928""], [""mlbam"", ""672382""]]",projection,Luis Moreno,p_3f94d92cbf203573c8b7790b,pitcher,s_0c2e2878b6e7d2db01d7ecc3,2026,OOPSY
True,False,"[[""fangraphs"", ""sa3017547""], [""mlbam"", ""701288""]]",projection,Jacob Webb,p_964bfc9c67f783abbe9602a6,pitcher,s_1316d567289404fcbec20a96,2026,OOPSY
True,False,"[[""fangraphs"", ""sa3017620""], [""mlbam"", ""703142""]]",projection,Andy Rodriguez,p_6d2aa4ccdd3683b45bd5a762,pitcher,s_1021cb99a72acb7bed110997,2026,OOPSY
True,False,"[[""fangraphs"", ""sa3020831""], [""mlbam"", ""687328""]]",projection,Luis Ramirez,p_89afad425561c432532b3452,pitcher,s_78422f254e43bbe9652cb0ba,2026,OOPSY
True,False,"[[""fangraphs"", ""sa3018877""], [""mlbam"", ""801270""]]",projection,Darwin Rodriguez,p_14c555fde38d17d7239a2208,pitcher,s_2a8a463234c2f3f8d4c8c740,2026,OOPSY
True,False,"[[""fangraphs"", ""sa3024078""], [""mlbam"", ""820872""]]",projection,Jose Cabrera,p_a3b745020683d3060e2197ee,pitcher,s_a8e9d6f9363117e8ba0372d0,2026,OOPSY
True,False,"[[""fangraphs"", ""sa3016295""], [""mlbam"", ""702751""]]",projection,Jose Geraldo,p_15d03e7168f63f2ecc4b6b3d,pitcher,s_989d5d8a37dd4bfaffdcd515,2026,OOPSY
True,False,"[[""fangraphs"", ""sa3023659""], [""mlbam"", ""815095""]]",projection,David Rodriguez,p_cf92f1b38d61e3277a868d6a,pitcher,s_e026a23a7219e7b7b716b77c,2026,OOPSY
True,False,"[[""fangraphs"", ""sa3006070""], [""mlbam"", ""678980""]]",projection,José Geraldo,p_82936c161217fdcb1d1ee9ba,pitcher,s_c6c50767c501ace287568aac,2026,OOPSY
True,False,"[[""fangraphs"", ""sa3019164""], [""mlbam"", ""800461""]]",projection,Luis Gonzalez,p_cf73969eab5db76f3bc27898,pitcher,s_81fcc86321a627bcd48a135c,2026,OOPSY
True,False,"[[""fangraphs"", ""sa3029944""], [""mlbam"", ""824623""]]",projection,Tyler Davis,p_632f1890c1b1f1e0bce7359d,pitcher,s_f24f634cbf3e5bd1c4e42b60,2026,OOPSY
True,False,"[[""fangraphs"", ""sa3018260""], [""mlbam"", ""674967""]]",projection,Cam Brown,p_d0b6525dcaf54895b8720e17,pitcher,s_8fe658b5ead5af48e4c9029f,2026,OOPSY
True,False,"[[""fangraphs"", ""sa828600""], [""mlbam"", ""650994""]]",projection,Juan Nunez,p_35f8df31ab37d026812bae50,pitcher,s_365f507054045b9cae47b76b,2026,OOPSY
True,False,"[[""fangraphs"", ""sa3018810""], [""mlbam"", ""703330""]]",projection,David Rodriguez,p_76df5cc08c48f5f0f1f9ef86,pitcher,s_c0dac573a6c8965b75c760d5,2026,OOPSY
True,False,"[[""fangraphs"", ""sa3009219""], [""mlbam"", ""682931""]]",projection,Juan Martinez,p_78fec89076d6fcda46682b25,pitcher,s_70a02150650526aef3d0b015,2026,OOPSY
True,False,"[[""fangraphs"", ""sa3015483""], [""mlbam"", ""696098""]]",projection,Jose Romero,p_3ad27ccd158ee9af52cb9154,pitcher,s_43ce60b4cf62498804640127,2026,OOPSY
True,False,"[[""fangraphs"", ""sa3021523""], [""mlbam"", ""808252""]]",projection,Wuilliams Rodriguez,p_3e9611ebe511bd9e9b0a4611,pitcher,s_739165a78743b1c7d1a24f79,2026,OOPSY
True,False,"[[""fangraphs"", ""sa3005444""], [""mlbam"", ""678738""]]",projection,Juan Sanchez,p_7e268f815942314800c337f8,pitcher,s_9af6e29c85f3aa305fb3f4d3,2026,OOPSY
True,False,"[[""fangraphs"", ""sa3008176""], [""mlbam"", ""682840""]]",projection,Samuel Perez,p_03032baf0233b4ae6c27f8d5,pitcher,s_841e37ca5533621dccf27954,2026,OOPSY
True,False,"[[""fangraphs"", ""sa3018353""], [""mlbam"", ""802092""]]",projection,Luis Ramirez,p_abd47545d09821f209c8b536,pitcher,s_bdaf010ff932af98a67408ce,2026,OOPSY
True,False,"[[""fangraphs"", ""sa3006410""], [""mlbam"", ""680640""]]",projection,Carlos Meza,p_8b7e82816c85f5c14284bd37,pitcher,s_046797f2de981d6ad7e58a42,2026,OOPSY
True,False,"[[""fangraphs"", ""sa3019672""], [""mlbam"", ""805777""]]",projection,Wuilliams Rodriguez,p_bb97f086c55214b5f923588d,pitcher,s_bfc6fb9e174af1dc203ab384,2026,OOPSY
True,False,"[[""fangraphs"", ""sa3018171""], [""mlbam"", ""681313""]]",projection,Jake Miller,p_5e576ee933bbe75be8b3f29a,pitcher,s_86cfd144116f428882d3f1e2,2026,OOPSY
True,False,"[[""fangraphs"", ""sa3020863""], [""mlbam"", ""701259""]]",projection,Andy Rodriguez,p_5b8b97c6b1083d1a78d2ecac,pitcher,s_9428db0d7afa0be704f6c456,2026,OOPSY
True,False,"[[""fangraphs"", ""sa3019563""], [""mlbam"", ""804974""]]",projection,Juan Mercedes,p_8ab6ab4db1ebef6a6040a7ef,pitcher,s_e8e7d5271ad996068079b42c,2026,OOPSY
True,False,"[[""fangraphs"", ""sa3006702""], [""mlbam"", ""681459""]]",projection,Jose Ramirez,p_bf2728157b750729a4dfb63f,pitcher,s_522846237db3697d29202ae1,2026,OOPSY
True,False,"[[""fangraphs"", ""sa3023273""], [""mlbam"", ""690963""]]",projection,Cam Brown,p_6158ea58d82d78efec60c0c5,pitcher,s_19c8347e6e1dd1d7e7d0081c,2026,OOPSY
True,False,"[[""fangraphs"", ""sa3068674""], [""mlbam"", ""680823""]]",projection,Jack Mahoney,p_5dbd2e9ef0b8027e3a86fc7e,pitcher,s_42a74ce7e0c0c9e6186efcc3,2026,OOPSY
True,False,"[[""fangraphs"", ""sa3009473""], [""mlbam"", ""683456""]]",projection,Jose Gonzalez,p_09b9cf7a817b988fbaa2d6c6,pitcher,s_f7655822bb3d1f39ae405bb6,2026,OOPSY
True,False,"[[""fangraphs"", ""sa3021791""], [""mlbam"", ""808487""]]",projection,Jose Romero,p_f1c8936cfeccad5c4a6b6de3,pitcher,s_ea41a8f6599e276729505bad,2026,OOPSY
True,False,"[[""fangraphs"", ""sa3019479""], [""mlbam"", ""802064""]]",projection,Jose Ramirez,p_6bfd49905beb507e3006749d,pitcher,s_052fa53810a66e6bca5b7f63,2026,OOPSY
True,False,"[[""fangraphs"", ""sa3018360""], [""mlbam"", ""803424""]]",projection,Juan Sanchez,p_6731887d1a31b835c7a67321,pitcher,s_a2c20915bf8d94a6d92133dd,2026,OOPSY
True,False,"[[""fangraphs"", ""sa3018872""], [""mlbam"", ""801221""]]",projection,Pedro Garcia,p_9e726290b8d37274dcf85041,pitcher,s_fa8763ca876db78695257513,2026,OOPSY
True,False,"[[""fangraphs"", ""sa3019288""], [""mlbam"", ""802099""]]",projection,Luis Valdez,p_acb06545791924c4ae604c4a,pitcher,s_96df710ca69e347ac0687658,2026,OOPSY
True,False,"[[""fangraphs"", ""sa3016278""], [""mlbam"", ""700288""]]",projection,Juan Martinez,p_ffdfeeb54095d933c28aacd4,pitcher,s_80e5fa672be265e5118626b1,2026,OOPSY
True,False,"[[""fangraphs"", ""sa3019059""], [""mlbam"", ""800158""]]",projection,Carlos Meza,p_f93b201402733d2b4fdb7dec,pitcher,s_dc7b501ca61d271f3924c176,2026,OOPSY
True,False,"[[""fangraphs"", ""19274""], [""mlbam"", ""657097""]]",projection,Jacob Webb,p_12c65e4a82ae27067a44f2c3,pitcher,s_827b959461518392887ed96f,2026,OOPSY
True,False,"[[""fangraphs"", ""sa3024068""], [""mlbam"", ""806951""]]",projection,Samuel Perez,p_f684e75ec249655945a90960,pitcher,s_0b18aa7f2dc15a86b2c5aa17,2026,OOPSY
True,False,"[[""rotowire"", ""14079""]]",projection,Logan Allen,p_c215cc1c5588af6f4beb3db5,pitcher,s_72f72ed0ce92406ad208339e,2026,RotoWire
True,False,"[[""rotowire"", ""16715""]]",projection,Logan Allen,p_174cd4770afff92f24114a99,pitcher,s_05b89371da9c220b7d8bf1b4,2026,RotoWire
True,False,"[[""rotowire"", ""13150""]]",projection,Luis Garcia,p_ba6fa6f69c4d381474a988f3,pitcher,s_8dedc4de2f8d413ede85b8fc,2026,RotoWire
True,False,"[[""rotowire"", ""15341""]]",projection,Luis Garcia,p_997212fb2c68ecebf2502d1e,pitcher,s_712dac5714dab0f40d80229d,2026,RotoWire
True,False,"[[""rotowire"", ""17087""]]",projection,Yunior Marte,p_bc449f156117e4fbb410b0ca,pitcher,s_b0754e07aae7dd7f67e1f991,2026,RotoWire
True,False,"[[""rotowire"", ""20416""]]",projection,Yunior Marte,p_c3ed147ec2d582704e269f49,pitcher,s_ad5b924db4bd9e4b297fc3b0,2026,RotoWire
True,False,"[[""rotowire"", ""15224""]]",projection,Luis Medina,p_d544af37d6cf9b1bbac1c567,pitcher,s_b4c721c0e4457b4e3052034b,2026,RotoWire
True,False,"[[""rotowire"", ""16032""]]",projection,Luis Medina,p_eee3bcb30b32ca1a368433e1,pitcher,s_afbcdcd1f142c3fde5941f43,2026,RotoWire
True,False,"[[""rotowire"", ""18328""]]",projection,Luis Reyes,p_0e180f3b63be9a829e340ea7,pitcher,s_42e33752c0080063a1a0ab48,2026,RotoWire
True,False,"[[""rotowire"", ""15360""]]",projection,Luis Reyes,p_6c3b86d88be153997f095b06,pitcher,s_8be736d4f3fcb4950b5ad258,2026,RotoWire
True,False,"[[""rotowire"", ""16502""]]",projection,Manuel Rodriguez,p_c1598ddab489bf0c5020837f,pitcher,s_1091ad0e58997a9d9df6c208,2026,RotoWire
True,False,"[[""rotowire"", ""19836""]]",projection,Manuel Rodriguez,p_fce6d55bfb07411b59fe1f2d,pitcher,s_7a2fbf0ea3f2a62d9840a05e,2026,RotoWire
True,False,"[[""rotowire"", ""16994""]]",projection,Cade Smith,p_0a504d05201a6035a71a0a10,pitcher,s_20a0730adad62eec42b237a4,2026,RotoWire
True,False,"[[""rotowire"", ""19324""]]",projection,Cade Smith,p_6517aacecd3d4b5403c6f30d,pitcher,s_03f46e35ed148b5d0787a908,2026,RotoWire
True,False,"[[""rotowire"", ""17496""]]",projection,Sean Sullivan,p_959770a0e2323e11a54dd586,pitcher,s_8026e1e5af5d71b35a77b22a,2026,RotoWire
True,False,"[[""rotowire"", ""18957""]]",projection,Sean Sullivan,p_063b9c4306ac80aebe2f4301,pitcher,s_91a6dc28a6ef996f0d19f0a4,2026,RotoWire
True,False,"[[""rotowire"", ""15781""]]",projection,Jacob Webb,p_1678959f63e4a327962fcb08,pitcher,s_9ed6667327439c125257bebc,2026,RotoWire
True,False,"[[""rotowire"", ""18755""]]",projection,Jacob Webb,p_5bbb95dc2bc61145c8a92da2,pitcher,s_c7f4c1a071cc50294e53412c,2026,RotoWire
True,False,"[[""fangraphs"", ""13510""], [""mlbam"", ""608070""]]",projection,José Ramírez,p_6c0a9e658a48ac4878d9dd6d,hitter,s_0a4e1d400bcdacfeb169b3d9,2026,Steamer
True,False,"[[""fangraphs"", ""20178""], [""mlbam"", ""678246""]]",projection,Miguel Vargas,p_1a95972d3cc893a472abc230,hitter,s_08923e0ddacd08a061b9b13d,2026,Steamer
True,False,"[[""fangraphs"", ""13301""], [""mlbam"", ""571970""]]",projection,Max Muncy,p_367043d04df11c50c62b433f,hitter,s_0130e151e70addedc2f5aa5e,2026,Steamer
True,False,"[[""fangraphs"", ""29779""], [""mlbam"", ""691777""]]",projection,Max Muncy,p_cced76e05d34ab38cbd25725,hitter,s_bab9e8206006a2843b4f8cc4,2026,Steamer
True,False,"[[""fangraphs"", ""22741""], [""mlbam"", ""672613""]]",projection,Eliezer Alfonzo,p_f9da848004e92a0da1617426,hitter,s_e54c7edf9af08b81e9ff40c0,2026,Steamer
True,False,"[[""fangraphs"", ""24388""], [""mlbam"", ""679563""]]",projection,José Rodríguez,p_6440a0a13381bfb36fb7a339,hitter,s_dfeca7fe5ae79fc13c0429bf,2026,Steamer
True,False,"[[""fangraphs"", ""sa3025252""], [""mlbam"", ""703606""]]",projection,Jared Thomas,p_f54d32eaae35bcf40243d84a,hitter,s_cd9e9dab2ed9e20fb5490727,2026,Steamer
True,False,"[[""fangraphs"", ""sa3008744""], [""mlbam"", ""682621""]]",projection,Gabriel Rodriguez,p_104f0b8b05b05f0dd7badc43,hitter,s_a4af7cc09dc97d830acf9b98,2026,Steamer
True,False,"[[""fangraphs"", ""sa917055""], [""mlbam"", ""665912""]]",projection,Miguel Hernandez,p_8cfdd2ec6e532155e318861e,hitter,s_a020ce60e431fc993b3e0731,2026,Steamer
True,False,"[[""fangraphs"", ""20540""], [""mlbam"", ""672701""]]",projection,José Devers,p_64626fbb17c69b41f17c5d5e,hitter,s_292d711ea6eaf25ac75f5b05,2026,Steamer
True,False,"[[""fangraphs"", ""10556""], [""mlbam"", ""514917""]]",projection,César Hernández,p_1d56376de395a5e4fe9d8f9c,hitter,s_a86f6a297ffaf5d427e8d36f,2026,Steamer
True,False,"[[""fangraphs"", ""sa829387""], [""mlbam"", ""655996""]]",projection,Cristian Santana,p_e1c757e8f4d760a664b389c9,hitter,s_bc28b95d19922b367a79f54c,2026,Steamer
True,False,"[[""fangraphs"", ""sa3015594""], [""mlbam"", ""692025""]]",projection,Carlos Rodriguez,p_1dc7d513f316d66b2986e275,hitter,s_76293088d5b278dbe07c545a,2026,Steamer
True,False,"[[""fangraphs"", ""sa3009309""], [""mlbam"", ""683569""]]",projection,Jose Colmenares,p_5602c36b2f829c8c7fcd3aca,hitter,s_a2b08f11e3008b658c7707a1,2026,Steamer
True,False,"[[""fangraphs"", ""sa3022336""], [""mlbam"", ""806872""]]",projection,Carlos Gutierrez,p_c97dee7be4c505c5d8737ce9,hitter,s_fe6da4b68acd8d507f9e0205,2026,Steamer
True,False,"[[""fangraphs"", ""sa3009817""], [""mlbam"", ""683511""]]",projection,Jose Colmenares,p_27b12bbfb2eae91efa81f177,hitter,s_6da04b62af8910a76163d3b9,2026,Steamer
True,False,"[[""fangraphs"", ""sa3018465""], [""mlbam"", ""800176""]]",projection,Carlos Sanchez,p_aa80d4d335da9ee2f7abe221,hitter,s_04d01b22ee48dad9f9febf05,2026,Steamer
True,False,"[[""fangraphs"", ""sa3004691""], [""mlbam"", ""669363""]]",projection,Jacob Gonzalez,p_a466cb44c355383dca915fc6,hitter,s_d31fa126f545f98a2916330a,2026,Steamer
True,False,"[[""fangraphs"", ""sa3015292""], [""mlbam"", ""691410""]]",projection,Jose Devers,p_7cf6f2eda53c1b49990cd9c6,hitter,s_f710bd66f5b20763d1a14bf7,2026,Steamer
True,False,"[[""fangraphs"", ""sa3016541""], [""mlbam"", ""692374""]]",projection,Jose Ramos,p_e6b53c70e55d329c7cd59175,hitter,s_fc21e99c6a077f6e136909b3,2026,Steamer
True,False,"[[""fangraphs"", ""sa3022589""], [""mlbam"", ""683228""]]",projection,Jared Thomas,p_fd7ff291836f5e3026f0fa89,hitter,s_9a6da227383967e84d2f9cd7,2026,Steamer
True,False,"[[""fangraphs"", ""sa3005478""], [""mlbam"", ""677578""]]",projection,Carlos Rodríguez,p_7689872c7a18f445d289738c,hitter,s_32efab535d2e4592318cd7f5,2026,Steamer
True,False,"[[""fangraphs"", ""33225""], [""mlbam"", ""694378""]]",projection,Jacob Gonzalez,p_3005c6eda0c65dfb1cc1df82,hitter,s_2eba715a3aed3855c6d3038b,2026,Steamer
True,False,"[[""fangraphs"", ""sa3015642""], [""mlbam"", ""692562""]]",projection,Alexis Hernandez,p_4bb85f59a78bda2c93477541,hitter,s_d379c766e87415b452434704,2026,Steamer
True,False,"[[""fangraphs"", ""sa3018578""], [""mlbam"", ""800506""]]",projection,Luis Sanchez,p_bed7abe37e1cd4618a5acd80,hitter,s_fb6c9bf7a7e760202be4c8b0,2026,Steamer
True,False,"[[""fangraphs"", ""sa3018613""], [""mlbam"", ""801522""]]",projection,Carlos Sanchez,p_8dc1b6146673e795c9c1dca4,hitter,s_cdc83d0ece63308c67ff2090,2026,Steamer
True,False,"[[""fangraphs"", ""sa3016162""], [""mlbam"", ""699077""]]",projection,Jose Perez,p_a7bdf33bdc2e41cb10b0b1e3,hitter,s_a4acb3e6c545760b9cc77373,2026,Steamer
True,False,"[[""fangraphs"", ""sa3023953""], [""mlbam"", ""821607""]]",projection,Jose Marcano,p_0caf4836e40226a7d5c56cbf,hitter,s_0bfd14f52ca8f5a492c6f969,2026,Steamer
True,False,"[[""fangraphs"", ""sa3005727""], [""mlbam"", ""677628""]]",projection,Luis Rodriguez,p_078f6c494552170e79357cb9,hitter,s_6b2c4846b6d2e2be75336ca9,2026,Steamer
True,False,"[[""fangraphs"", ""sa3014689""], [""mlbam"", ""691177""]]",projection,Luis Rodriguez,p_90a5b38d981b85207f99230e,hitter,s_8c36eb1c0ffd9838a6da811b,2026,Steamer
True,False,"[[""fangraphs"", ""sa3015583""], [""mlbam"", ""691897""]]",projection,Diego Gonzalez,p_07a2a52368c729139d153851,hitter,s_500f1344eb7b1110c4526197,2026,Steamer
True,False,"[[""fangraphs"", ""sa3023892""], [""mlbam"", ""815906""]]",projection,Angel Feliz,p_68f083e2c98ce137b77bb485,hitter,s_d6b0cea9b0850e35daa18d2d,2026,Steamer
True,False,"[[""fangraphs"", ""sa3015529""], [""mlbam"", ""691397""]]",projection,Juan Garcia,p_e964ab1721435e8801101718,hitter,s_b1c9cb17de2beedb6a1ef69c,2026,Steamer
True,False,"[[""fangraphs"", ""sa3018413""], [""mlbam"", ""703161""]]",projection,Alexis Hernandez,p_b7dee98ee63670b9d992f13e,hitter,s_70a939eb1795c69d98cb6fed,2026,Steamer
True,False,"[[""fangraphs"", ""sa3023547""], [""mlbam"", ""821009""]]",projection,Cesar Hernandez,p_db0dc16709b4ff1a4d8af8c6,hitter,s_52a702fe5e3777fc9c905e14,2026,Steamer
True,False,"[[""fangraphs"", ""sa3021055""], [""mlbam"", ""800170""]]",projection,Luis Rodriguez,p_17eef06a13913038f3a216cd,hitter,s_894044ed22a5e1823291c97c,2026,Steamer
True,False,"[[""fangraphs"", ""sa3014710""], [""mlbam"", ""691252""]]",projection,Jhon Diaz,p_c3890c934f3f0b4621aaced0,hitter,s_5dafbaa4925e473c82303186,2026,Steamer
True,False,"[[""fangraphs"", ""sa3015697""], [""mlbam"", ""694184""]]",projection,Cristian Santana,p_73c5a6c49eeca7532d4464cc,hitter,s_ea1e51b7fd50704d76872fef,2026,Steamer
True,False,"[[""fangraphs"", ""sa3067652""], [""mlbam"", ""825479""]]",projection,Luis De Leon,p_ebc836dd7451b3534bd5976a,hitter,s_2ea5927ffe6ef0493236f703,2026,Steamer
True,False,"[[""fangraphs"", ""sa3024128""], [""mlbam"", ""821197""]]",projection,Juan Martinez,p_927a069aeb914e52555f1d02,hitter,s_40dc75508207d5a4ec6ee354,2026,Steamer
True,False,"[[""fangraphs"", ""sa3016122""], [""mlbam"", ""692556""]]",projection,Kelvin Diaz,p_1a0ceb871e321f9a7d9c633a,hitter,s_72c2a0f279792212827f3444,2026,Steamer
True,False,"[[""fangraphs"", ""sa3008747""], [""mlbam"", ""682627""]]",projection,Jose De La Cruz,p_56f328db9d17829624741b43,hitter,s_900e5585f95c47ed25ed4b1d,2026,Steamer
True,False,"[[""fangraphs"", ""sa3021637""], [""mlbam"", ""808675""]]",projection,Ramon Ramirez,p_52ad7aaf9ae0e01503199228,hitter,s_73959099d8754e9e552b80c9,2026,Steamer
True,False,"[[""fangraphs"", ""sa3067750""], [""mlbam"", ""829791""]]",projection,Miguel Hernández,p_e926cbd393b6aa7756d1feda,hitter,s_71e67f37f8cabf7d81cf21f8,2026,Steamer
True,False,"[[""fangraphs"", ""sa3015670""], [""mlbam"", ""692840""]]",projection,Kelvin Diaz,p_e8467ffa622783e9e4549f72,hitter,s_7d4b8d44f63bec35aa0469be,2026,Steamer
True,False,"[[""fangraphs"", ""sa3024645""], [""mlbam"", ""821657""]]",projection,Gabriel Rodriguez,p_5b225dd70d281ce1c2b1e076,hitter,s_8d31532c207fcf6ef8bc3ba9,2026,Steamer
True,False,"[[""fangraphs"", ""sa3015783""], [""mlbam"", ""699049""]]",projection,Carlos Gutierrez,p_84b7c8d31ec0804851614550,hitter,s_3562496d3c2271557aa4113b,2026,Steamer
True,False,"[[""fangraphs"", ""sa3024364""], [""mlbam"", ""821759""]]",projection,Johan Rodriguez,p_1bfba7e8f22506f748e01d13,hitter,s_fe49ed60d760386a1746e5e5,2026,Steamer
True,False,"[[""fangraphs"", ""sa3021148""], [""mlbam"", ""808029""]]",projection,Luis De Leon,p_73a9905a33d9348f7eb11493,hitter,s_2aed8198c42555e2dfc66d5a,2026,Steamer
True,False,"[[""fangraphs"", ""sa3018555""], [""mlbam"", ""800412""]]",projection,Jose Rodriguez,p_9f25894d3fb52c3d3316e400,hitter,s_8dbd81c22a6c337a549a8b69,2026,Steamer
True,False,"[[""fangraphs"", ""sa3023895""], [""mlbam"", ""815917""]]",projection,Angel Guzman,p_c13413f66ce6cd5ac94b7092,hitter,s_231d3ce32bb718146461c91f,2026,Steamer
True,False,"[[""fangraphs"", ""sa3023939""], [""mlbam"", ""821249""]]",projection,Diego Gonzalez,p_e3e118fb66399bc6d2a19676,hitter,s_a26cc5e96ed29eea3fbd082f,2026,Steamer
True,False,"[[""fangraphs"", ""sa3021113""], [""mlbam"", ""807817""]]",projection,Jhon Diaz,p_8ed72ea92b7d388d54b314e0,hitter,s_b1279f518fb1f22915545f36,2026,Steamer
True,False,"[[""fangraphs"", ""sa3022198""], [""mlbam"", ""814545""]]",projection,Jose Perez,p_54ff98f1ef8d4d1f4664b0eb,hitter,s_a1cf12ca77a0ba3451995aaf,2026,Steamer
True,False,"[[""fangraphs"", ""sa3067759""], [""mlbam"", ""829829""]]",projection,Luis Sanchez,p_3823981a91cd5902f817f056,hitter,s_4c4fdba8648034eea9bbd008,2026,Steamer
True,False,"[[""fangraphs"", ""sa3021268""], [""mlbam"", ""808401""]]",projection,Angel Guzman,p_ccb05e15d0e15421cb2e2fb2,hitter,s_3ca1aafbf52fd4a7d7e24d96,2026,Steamer
True,False,"[[""fangraphs"", ""sa3024899""], [""mlbam"", ""827452""]]",projection,Jose De La Cruz,p_c59ac101f9e6e1fd3dc1880f,hitter,s_69adeb31de9c00679a55dc52,2026,Steamer
True,False,"[[""fangraphs"", ""sa3023752""], [""mlbam"", ""821078""]]",projection,José Castro,p_95a14fff4776cad3b51a4650,hitter,s_cc41ed03440d988b47a70f4f,2026,Steamer
True,False,"[[""fangraphs"", ""sa3068418""], [""mlbam"", ""835171""]]",projection,Juan Garcia,p_f8717bb3647ce826e9cd6da8,hitter,s_99fe668279283569f62f0105,2026,Steamer
True,False,"[[""fangraphs"", ""sa3022235""], [""mlbam"", ""812161""]]",projection,Jose Castro,p_dabd2c5450b1aac7b00d60f2,hitter,s_fceffeacab18db2cef8af6e5,2026,Steamer
True,False,"[[""fangraphs"", ""sa3067742""], [""mlbam"", ""829759""]]",projection,Jose Ramirez,p_43368caf64f4163027fe23f5,hitter,s_4d420edaff071dbcde5c542e,2026,Steamer
True,False,"[[""fangraphs"", ""sa3067757""], [""mlbam"", ""829821""]]",projection,Eliezer Alfonzo,p_7443b3dfca556cc1f979a576,hitter,s_47d5478ee1be5c021d97b6e0,2026,Steamer
True,False,"[[""fangraphs"", ""sa3068215""], [""mlbam"", ""829927""]]",projection,Jose De La Cruz,p_b7d32d68166e06325a0580c8,hitter,s_504d253d599787e93964606a,2026,Steamer
True,False,"[[""fangraphs"", ""sa3024111""], [""mlbam"", ""815927""]]",projection,Jose Ramos,p_7aeecfda110cb20a928bfe6f,hitter,s_5767592f116df726da242eef,2026,Steamer
True,False,"[[""fangraphs"", ""sa3019528""], [""mlbam"", ""805467""]]",projection,Angel Feliz,p_d58a0c53d78b153760f0a4d4,hitter,s_a24052d5be4d3de95701993c,2026,Steamer
True,False,"[[""fangraphs"", ""sa3019541""], [""mlbam"", ""800417""]]",projection,Juan Martínez,p_6789121466c200840a282f22,hitter,s_0b6c0941bff011c4225dd412,2026,Steamer
True,False,"[[""fangraphs"", ""sa3018535""], [""mlbam"", ""800369""]]",projection,Cristian Benavides,p_1d47f43677e2de3dabdf5628,hitter,s_3b70aec9e839e578d6a83676,2026,Steamer
True,False,"[[""fangraphs"", ""sa3067860""], [""mlbam"", ""830455""]]",projection,Johan Rodriguez,p_31acdaa2e5a16603ebee100e,hitter,s_62f36273cd83546911495c94,2026,Steamer
True,False,"[[""fangraphs"", ""sa3021170""], [""mlbam"", ""808091""]]",projection,Jose Marcano,p_da1bf4a440196f9766934cf1,hitter,s_356e8aab3dfb7c103fb2b7cf,2026,Steamer
True,False,"[[""fangraphs"", ""sa3021279""], [""mlbam"", ""808517""]]",projection,Alexander Garcia,p_6493870def41133261685787,hitter,s_aa36592890d71699e888284d,2026,Steamer
True,False,"[[""fangraphs"", ""sa3015632""], [""mlbam"", ""692450""]]",projection,Juan Garcia,p_7494e88e7ddceaf1263613a4,hitter,s_257a0d85d8d4c2f445e94071,2026,Steamer
True,False,"[[""fangraphs"", ""sa3067880""], [""mlbam"", ""832713""]]",projection,Cristian Benavides,p_a46e42b9eab137dd95bf4eff,hitter,s_c9f4689f6bab3632e2b18dbf,2026,Steamer
True,False,"[[""fangraphs"", ""sa3018971""], [""mlbam"", ""802622""]]",projection,Ramon Ramirez,p_10c01bca8c746e877528f721,hitter,s_b4180cff7226f24a79b2ba04,2026,Steamer
True,False,"[[""fangraphs"", ""sa3016193""], [""mlbam"", ""700295""]]",projection,Miguel Vargas,p_f734b49f88257e58395659db,hitter,s_0864076bde2ba4afdc30cd94,2026,Steamer
True,False,"[[""fangraphs"", ""sa3021142""], [""mlbam"", ""808017""]]",projection,Alexander Garcia,p_d49f59e0efd0f6a477786a56,hitter,s_479736cfc037adf4d0ee7280,2026,Steamer
True,False,"[[""fangraphs"", ""sa3008845""], [""mlbam"", ""682947""]]",projection,Jose Ramos,p_91952f178fa8b2d64860877b,hitter,s_232ff70ac28dbfe770bdd1b1,2026,Steamer
True,False,"[[""fangraphs"", ""sa3067720""], [""mlbam"", ""829712""]]",projection,Gabriel Rodriguez,p_5be174c0cd5e0c7b38fab350,hitter,s_a56d4753a5b1a939e5cd548e,2026,Steamer
True,False,"[[""fangraphs"", ""sa3024370""], [""mlbam"", ""821797""]]",projection,Juan Martinez,p_d490b093aee1c27be24cb66f,hitter,s_794b87db76d72a18c03bbb7d,2026,Steamer
True,False,"[[""fangraphs"", ""31757""], [""mlbam"", ""695243""]]",projection,Mason Miller,p_081284ef39308ea8173e9d65,pitcher,s_615eb0fb87e292e999bdd3a7,2026,Steamer
True,False,"[[""fangraphs"", ""27867""], [""mlbam"", ""671922""]]",projection,Cade Smith,p_9f69a4853e947731d3f8a488,pitcher,s_a354460611174a247a45a78a,2026,Steamer
True,False,"[[""fangraphs"", ""27589""], [""mlbam"", ""671106""]]",projection,Logan Allen,p_9e5c30cb0c6ca9351a90fc5e,pitcher,s_178049dec3a916ab9168d97c,2026,Steamer
True,False,"[[""fangraphs"", ""6984""], [""mlbam"", ""472610""]]",projection,Luis García,p_8173ffb07b31af325e136f10,pitcher,s_038fe25627a3fe152d718127,2026,Steamer
True,False,"[[""fangraphs"", ""23237""], [""mlbam"", ""675848""]]",projection,Juan Mejia,p_40add3c3c4b98ecc2adfbc5b,pitcher,s_e7224c00dad4282f7feaf534,2026,Steamer
True,False,"[[""fangraphs"", ""20794""], [""mlbam"", ""655889""]]",projection,Manuel Rodríguez,p_d7dd910c38d66717fc402a93,pitcher,s_a109cc00a24914a2bea060e3,2026,Steamer
True,False,"[[""fangraphs"", ""30161""], [""mlbam"", ""692230""]]",projection,Carlos Rodriguez,p_21b65bda01ce0348d84eb816,pitcher,s_4541aea8cf6c7dd45d37a125,2026,Steamer
True,False,"[[""fangraphs"", ""27853""], [""mlbam"", ""670245""]]",projection,Ryan Watson,p_f3608885a25983c11e40b7ae,pitcher,s_633e64992ca75b4560750c75,2026,Steamer
True,False,"[[""fangraphs"", ""33502""], [""mlbam"", ""807743""]]",projection,Sean Sullivan,p_13d1180147be27b6d1e51e8a,pitcher,s_71435859aca4f6310db1dc51,2026,Steamer
True,False,"[[""fangraphs"", ""4301""], [""mlbam"", ""458677""]]",projection,Justin Wilson,p_0a9e5be56ba3b13df244ae59,pitcher,s_25f0668bbb14eb9f93842590,2026,Steamer
True,False,"[[""fangraphs"", ""14416""], [""mlbam"", ""628708""]]",projection,Yunior Marte,p_1ec5d767370010c2eb483d8d,pitcher,s_8b93e0728af765ca613a1c46,2026,Steamer
True,False,"[[""fangraphs"", ""sa550522""], [""mlbam"", ""593574""]]",projection,Luis González,p_75588ff69bbbbda17aa9d212,pitcher,s_39a365f6a7fcd52f6ed0005d,2026,Steamer
True,False,"[[""fangraphs"", ""16942""], [""mlbam"", ""656814""]]",projection,Luis Ortiz,p_b3d76461f25180c0ba8d977d,pitcher,s_c6ab775484cb07a0b39931ee,2026,Steamer
True,False,"[[""fangraphs"", ""28393""], [""mlbam"", ""692064""]]",projection,José Rodríguez,p_a1375ed4daf5a83c53dc70fe,pitcher,s_e28e4c452d21bca039173307,2026,Steamer
True,False,"[[""fangraphs"", ""sa3018252""], [""mlbam"", ""688602""]]",projection,Patrick Murphy,p_ba483ad136be0b28dffa6bd2,pitcher,s_59c23b0b4a5f8cb934759acb,2026,Steamer
True,False,"[[""fangraphs"", ""17860""], [""mlbam"", ""642578""]]",projection,José Rodríguez,p_15c4d1bcdf92690552fc1d17,pitcher,s_4f8292b8a395f8d2659eaf34,2026,Steamer
True,False,"[[""fangraphs"", ""23735""], [""mlbam"", ""677651""]]",projection,Luis Garcia,p_61a1626abf71f19b3b31904c,pitcher,s_16bc8a156787d7b202ed3ae8,2026,Steamer
True,False,"[[""fangraphs"", ""27646""], [""mlbam"", ""682847""]]",projection,Luis Ortiz,p_a98211b93d765f76eace7471,pitcher,s_27e78a96b90738c25ccf8303,2026,Steamer
True,False,"[[""fangraphs"", ""11776""], [""mlbam"", ""605795""]]",projection,Angel Sánchez,p_8403e628c1b6a8b4fa7850d6,pitcher,s_c3b3d77d449463e0ec153038,2026,Steamer
True,False,"[[""fangraphs"", ""sa3020408""], [""mlbam"", ""805725""]]",projection,Jake Miller,p_596d22747a6f6821b7b65503,pitcher,s_17595f021e21833d36f6bed7,2026,Steamer
True,False,"[[""fangraphs"", ""12790""], [""mlbam"", ""593417""]]",projection,Raúl Alcántara,p_858de83e9be6dc8e88da3e68,pitcher,s_1eddefd2f2ec6363b1e52be5,2026,Steamer
True,False,"[[""fangraphs"", ""sa3003083""], [""mlbam"", ""673257""]]",projection,Victor Santos,p_ec70a602dedc7a63b1352d3e,pitcher,s_a82808edf1bf4ae63e150e22,2026,Steamer
True,False,"[[""fangraphs"", ""sa3023682""], [""mlbam"", ""701511""]]",projection,Ryan Watson,p_fc22d354d06197293b531a01,pitcher,s_572c9ec6f87251c0735d70b4,2026,Steamer
True,False,"[[""fangraphs"", ""sa3015415""], [""mlbam"", ""683681""]]",projection,Jose Gonzalez,p_780d6595d3f50f83c8587fb2,pitcher,s_22e40987cedd068a421eaec3,2026,Steamer
True,False,"[[""fangraphs"", ""sa3022939""], [""mlbam"", ""688664""]]",projection,Ryan Brown,p_38f0310b9ea36da7ab67be66,pitcher,s_03721496f98e7cab98336251,2026,Steamer
True,False,"[[""fangraphs"", ""30412""], [""mlbam"", ""703615""]]",projection,Jose Cabrera,p_6ce628fc2adfa46d820060a3,pitcher,s_8dc47a18c7ee52b36d79dbd2,2026,Steamer
True,False,"[[""fangraphs"", ""sa3015464""], [""mlbam"", ""693725""]]",projection,Juan Nuñez,p_edd9348c2954bef7508ab0d1,pitcher,s_07c0bc33c57649e98b6a3fb0,2026,Steamer
True,False,"[[""fangraphs"", ""sa3019291""], [""mlbam"", ""804973""]]",projection,Manuel Rodriguez,p_89d2bb6392f0353af73dea1f,pitcher,s_48d93994367d24bde6f2bde8,2026,Steamer
True,False,"[[""fangraphs"", ""sa3002818""], [""mlbam"", ""675195""]]",projection,Juan Mercedes,p_2a50b3339111bb3e9ae42070,pitcher,s_604a2fb0638856bdf2bb1d5c,2026,Steamer
True,False,"[[""fangraphs"", ""sa3023157""], [""mlbam"", ""694968""]]",projection,Jack Mahoney,p_ae17d9aec7ca58fa3572fd0e,pitcher,s_dff22d1f15f488108e1656bd,2026,Steamer
True,False,"[[""fangraphs"", ""31097""], [""mlbam"", ""805074""]]",projection,Yunior Marte,p_2a4af03603e3a4214d10af95,pitcher,s_714a88f465992d5114273894,2026,Steamer
True,False,"[[""fangraphs"", ""sa3023371""], [""mlbam"", ""694696""]]",projection,Cade Smith,p_0e63033f8d5098554e2e40c8,pitcher,s_67142432b8634d1a42cd99eb,2026,Steamer
True,False,"[[""fangraphs"", ""sa3021791""], [""mlbam"", ""808487""]]",projection,Jose Romero,p_f1c8936cfeccad5c4a6b6de3,pitcher,s_096ac9e4d9439cbfc91f9df9,2026,Steamer
True,False,"[[""fangraphs"", ""sa3021497""], [""mlbam"", ""807841""]]",projection,Darwin Rodriguez,p_03c99fd3c425912772350703,pitcher,s_3a958dae9183d5cf49d4fd57,2026,Steamer
True,False,"[[""fangraphs"", ""sa3021816""], [""mlbam"", ""812160""]]",projection,Luis Rodriguez,p_d1da9b5ac70789c7ce0708a8,pitcher,s_67281cb960404a5584812f44,2026,Steamer
True,False,"[[""fangraphs"", ""sa3016515""], [""mlbam"", ""700169""]]",projection,Bryan Perez,p_fdfe6bd9ee9b17c136619552,pitcher,s_113deed7018d42c2e25a3c1c,2026,Steamer
True,False,"[[""fangraphs"", ""sa3020983""], [""mlbam"", ""807001""]]",projection,Luis Reyes,p_e44de4499d7e98f5dc95f34f,pitcher,s_8c187d4b18ed0a281085fb30,2026,Steamer
True,False,"[[""fangraphs"", ""sa1172127""], [""mlbam"", ""682918""]]",projection,Luis Carrasco,p_5f9ad8eedbf6a07f8c87d003,pitcher,s_150a62c8781045589c5b2cff,2026,Steamer
True,False,"[[""fangraphs"", ""sa3015974""], [""mlbam"", ""692835""]]",projection,Luis Valdez,p_26b290dd2aef822d51b4b093,pitcher,s_17f6f2981ff556bbef45dc0c,2026,Steamer
True,False,"[[""fangraphs"", ""sa3016278""], [""mlbam"", ""700288""]]",projection,Juan Martinez,p_ffdfeeb54095d933c28aacd4,pitcher,s_63497a75ea169df836b27204,2026,Steamer
True,False,"[[""fangraphs"", ""sa3019164""], [""mlbam"", ""800461""]]",projection,Luis Gonzalez,p_cf73969eab5db76f3bc27898,pitcher,s_200854866ab468cf4570ecd3,2026,Steamer
True,False,"[[""fangraphs"", ""sa3019504""], [""mlbam"", ""805400""]]",projection,Juan Nunez,p_6d4a0aedf43e8bb37928cc5e,pitcher,s_c8aa0cccfb89cf714461d038,2026,Steamer
True,False,"[[""fangraphs"", ""sa3024277""], [""mlbam"", ""823864""]]",projection,Carlos Rodriguez,p_f16251c87ebf255834844830,pitcher,s_9cef38a7929cf228fc1e23f2,2026,Steamer
True,False,"[[""fangraphs"", ""sa3024262""], [""mlbam"", ""821646""]]",projection,Luis Espinoza,p_be7634950f894c36ae72b512,pitcher,s_f313ea6b418740e350a7cb77,2026,Steamer
True,False,"[[""fangraphs"", ""sa3024843""], [""mlbam"", ""821781""]]",projection,Jose Cruz,p_8dd72620bcb3db2d61826cb9,pitcher,s_1dab7df7726282e0da832f1d,2026,Steamer
True,False,"[[""fangraphs"", ""sa3024068""], [""mlbam"", ""806951""]]",projection,Samuel Perez,p_f684e75ec249655945a90960,pitcher,s_ca3a5cb03590e36722068669,2026,Steamer
True,False,"[[""fangraphs"", ""sa3025107""], [""mlbam"", ""821670""]]",projection,Victor Santos,p_54ad5e7f0323da19ce286a2d,pitcher,s_c8bc5532ec71300fd7d03353,2026,Steamer
True,False,"[[""fangraphs"", ""sa3021529""], [""mlbam"", ""808362""]]",projection,Jesus Lopez,p_947fd6b0e3a4951d29939005,pitcher,s_d49eddcb720b7f368c09db74,2026,Steamer
True,False,"[[""fangraphs"", ""sa3015987""], [""mlbam"", ""693747""]]",projection,Carlos Lopez,p_d1a116541e5494c08d12b8f7,pitcher,s_9c3bd1e88d80d399b0aaf9c1,2026,Steamer
True,False,"[[""fangraphs"", ""sa3024784""], [""mlbam"", ""823010""]]",projection,Jorge Guzman,p_2c2ebc32b6ee6ec6ed914204,pitcher,s_0a2332941a7cbc556e1a7d25,2026,Steamer
True,False,"[[""fangraphs"", ""sa3021788""], [""mlbam"", ""808349""]]",projection,Cristian Hernandez,p_394683824b02a6dc6d35ea92,pitcher,s_55798bc330a4cf98d522ef61,2026,Steamer
True,False,"[[""fangraphs"", ""sa3068092""], [""mlbam"", ""829401""]]",projection,Luis Reyes,p_d00d9f25549bff94ff53aa68,pitcher,s_d35478e379afe23cd1f8ec65,2026,Steamer
True,False,"[[""fangraphs"", ""sa3068481""], [""mlbam"", ""829798""]]",projection,Luis Velasquez,p_b2d3f3b973819df6dd0b6a35,pitcher,s_3da5b9eb50b657b8ffa958df,2026,Steamer
True,False,"[[""fangraphs"", ""19712""], [""mlbam"", ""641907""]]",projection,Patrick Murphy,p_1ffd9afa79e669d9bb22369d,pitcher,s_3356e2c58b650b3e3e36a7b3,2026,Steamer
True,False,"[[""fangraphs"", ""sa3005836""], [""mlbam"", ""678707""]]",projection,Cristian Hernandez,p_9c03198c7ef2bc29e731f229,pitcher,s_161bd2e8ad12fd8e262e545d,2026,Steamer
True,False,"[[""fangraphs"", ""18555""], [""mlbam"", ""663531""]]",projection,Logan Allen,p_0ce432d4a2ee34935f23cbc5,pitcher,s_1793da8c7cf8539772d4b9db,2026,Steamer
True,False,"[[""fangraphs"", ""sa3008166""], [""mlbam"", ""679655""]]",projection,Justin Wilson,p_6456e388bcccf4de4619c9b4,pitcher,s_a616dcb27c8e1d95f608ad20,2026,Steamer
True,False,"[[""fangraphs"", ""sa3011805""], [""mlbam"", ""690345""]]",projection,Pedro Garcia,p_72a0fa3b40310cba50a2d938,pitcher,s_41d606b8c8ab5a8a8095ac16,2026,Steamer
True,False,"[[""fangraphs"", ""sa3010135""], [""mlbam"", ""686433""]]",projection,Luis Velasquez,p_73eab608d0a6f8bda53dc777,pitcher,s_01ee8ae36d294558844f2b50,2026,Steamer
True,False,"[[""fangraphs"", ""sa3009950""], [""mlbam"", ""691032""]]",projection,Luis Moreno,p_fad7151860bdabd14645b718,pitcher,s_c81b936aaeb2c71cb410040a,2026,Steamer
True,False,"[[""fangraphs"", ""17505""], [""mlbam"", ""660422""]]",projection,Jorge Guzmán,p_a2ee7a48f9f4083090a7236e,pitcher,s_7d03487184e395eb0709d6b8,2026,Steamer
True,False,"[[""fangraphs"", ""20042""], [""mlbam"", ""672911""]]",projection,Jesus Cruz,p_6d6eec5e7ac0a45bc9ce80a1,pitcher,s_631770d457641def4cd831e6,2026,Steamer
True,False,"[[""fangraphs"", ""sa3002949""], [""mlbam"", ""672435""]]",projection,Juan Mejia,p_1924a2ae870b7bb47deea437,pitcher,s_9eec10ee9ba262bdf0177c7b,2026,Steamer
True,False,"[[""fangraphs"", ""sa737048""], [""mlbam"", ""642530""]]",projection,Luis Reyes,p_9d4c2dabb5778c76cd9b18d1,pitcher,s_0b173d39cd765c916408c6f9,2026,Steamer
True,False,"[[""fangraphs"", ""34847""], [""mlbam"", ""699823""]]",projection,Tyler Davis,p_9a4b8644f0ea1d427ef1d2f8,pitcher,s_a8692dbacba0858370bd6df9,2026,Steamer
True,False,"[[""fangraphs"", ""sa1159711""], [""mlbam"", ""686768""]]",projection,Ryan Smith,p_cfd2f4c9c1447e1f6c77e524,pitcher,s_6dfa30d94c7e42ffa53c8883,2026,Steamer
True,False,"[[""fangraphs"", ""sa3017547""], [""mlbam"", ""701288""]]",projection,Jacob Webb,p_964bfc9c67f783abbe9602a6,pitcher,s_c277d5e6f988b13d1e1c1c32,2026,Steamer
True,False,"[[""fangraphs"", ""sa3018185""], [""mlbam"", ""696155""]]",projection,Sean Sullivan,p_ffd30392a632af38967f2a5f,pitcher,s_b7996664789349a05c4268d0,2026,Steamer
True,False,"[[""fangraphs"", ""sa3005696""], [""mlbam"", ""678921""]]",projection,Raúl Alcantara,p_4ead3902fe127050f9429476,pitcher,s_82f636183da55fb828606f47,2026,Steamer
True,False,"[[""fangraphs"", ""sa828600""], [""mlbam"", ""650994""]]",projection,Juan Nunez,p_35f8df31ab37d026812bae50,pitcher,s_862a803c8394b80b536b43e2,2026,Steamer
True,False,"[[""fangraphs"", ""sa3015149""], [""mlbam"", ""688703""]]",projection,Michael Brewer,p_3a42a6ff3b2d0f148fd35a8b,pitcher,s_0abb947732bfd9244b7a0875,2026,Steamer
True,False,"[[""fangraphs"", ""sa3006410""], [""mlbam"", ""680640""]]",projection,Carlos Meza,p_8b7e82816c85f5c14284bd37,pitcher,s_e2e03b5da16cd670dbeab9af,2026,Steamer
True,False,"[[""fangraphs"", ""sa3009527""], [""mlbam"", ""685777""]]",projection,Miguel Gomez,p_db1c73ac6fe621f2aec5aecd,pitcher,s_baa2d2d4cd30c02c831e168f,2026,Steamer
True,False,"[[""fangraphs"", ""sa3006070""], [""mlbam"", ""678980""]]",projection,José Geraldo,p_82936c161217fdcb1d1ee9ba,pitcher,s_c29879be71cec789ba6895b1,2026,Steamer
True,False,"[[""fangraphs"", ""sa3006383""], [""mlbam"", ""678804""]]",projection,José Cruz,p_b6f0c110601aaff836e63ee9,pitcher,s_6e71594b340ee51e9dbcb646,2026,Steamer
True,False,"[[""fangraphs"", ""sa3023658""], [""mlbam"", ""692223""]]",projection,Mason Miller,p_db14af3a393ec95332ee8543,pitcher,s_b28ece405ce8631ff42980d6,2026,Steamer
True,False,"[[""fangraphs"", ""sa3006702""], [""mlbam"", ""681459""]]",projection,Jose Ramirez,p_bf2728157b750729a4dfb63f,pitcher,s_0d103e22f6f9c1fe8c1eb7d0,2026,Steamer
True,False,"[[""fangraphs"", ""sa3020863""], [""mlbam"", ""701259""]]",projection,Andy Rodriguez,p_5b8b97c6b1083d1a78d2ecac,pitcher,s_78676be2275e022fe69ecd9c,2026,Steamer
True,False,"[[""fangraphs"", ""sa3027877""], [""mlbam"", ""811286""]]",projection,Ryan Brown,p_7b51e4eaec7fe2c1125bbba0,pitcher,s_19d128ad10f285a1f31f5f2d,2026,Steamer
True,False,"[[""fangraphs"", ""sa3002928""], [""mlbam"", ""672382""]]",projection,Luis Moreno,p_3f94d92cbf203573c8b7790b,pitcher,s_8aaf0be4719b32180b9f3c90,2026,Steamer
True,False,"[[""fangraphs"", ""sa3020831""], [""mlbam"", ""687328""]]",projection,Luis Ramirez,p_89afad425561c432532b3452,pitcher,s_a3655aa1900ea3a288dff273,2026,Steamer
True,False,"[[""fangraphs"", ""sa3008176""], [""mlbam"", ""682840""]]",projection,Samuel Perez,p_03032baf0233b4ae6c27f8d5,pitcher,s_280c3114aac0d25a413bc3fb,2026,Steamer
True,False,"[[""fangraphs"", ""sa3029944""], [""mlbam"", ""824623""]]",projection,Tyler Davis,p_632f1890c1b1f1e0bce7359d,pitcher,s_5e7722c95f95eb2f6568c76d,2026,Steamer
True,False,"[[""fangraphs"", ""sa3016295""], [""mlbam"", ""702751""]]",projection,Jose Geraldo,p_15d03e7168f63f2ecc4b6b3d,pitcher,s_63264fe4c11e69c0ba7164de,2026,Steamer
True,False,"[[""fangraphs"", ""sa3017620""], [""mlbam"", ""703142""]]",projection,Andy Rodriguez,p_6d2aa4ccdd3683b45bd5a762,pitcher,s_cb8b8a2d9a92e70a171780cc,2026,Steamer
True,False,"[[""fangraphs"", ""sa3023659""], [""mlbam"", ""815095""]]",projection,David Rodriguez,p_cf92f1b38d61e3277a868d6a,pitcher,s_b7961af5ca6df216384cabce,2026,Steamer
True,False,"[[""fangraphs"", ""sa3019563""], [""mlbam"", ""804974""]]",projection,Juan Mercedes,p_8ab6ab4db1ebef6a6040a7ef,pitcher,s_201501bb2fe730a89535504f,2026,Steamer
True,False,"[[""fangraphs"", ""sa3068674""], [""mlbam"", ""680823""]]",projection,Jack Mahoney,p_5dbd2e9ef0b8027e3a86fc7e,pitcher,s_df1b38437b57d73fd5450799,2026,Steamer
True,False,"[[""fangraphs"", ""sa3009219""], [""mlbam"", ""682931""]]",projection,Juan Martinez,p_78fec89076d6fcda46682b25,pitcher,s_f79b52a25b7e9d74be2f2d28,2026,Steamer
True,False,"[[""fangraphs"", ""sa3015483""], [""mlbam"", ""696098""]]",projection,Jose Romero,p_3ad27ccd158ee9af52cb9154,pitcher,s_57ed61f8e64fff52615a4a08,2026,Steamer
True,False,"[[""fangraphs"", ""19274""], [""mlbam"", ""657097""]]",projection,Jacob Webb,p_12c65e4a82ae27067a44f2c3,pitcher,s_5fde6a080a9767bfbc81a031,2026,Steamer
True,False,"[[""fangraphs"", ""sa3008699""], [""mlbam"", ""683423""]]",projection,Jesus Cruz,p_64259c523564494cb78a7972,pitcher,s_05d628d9543267408d0c1e24,2026,Steamer
True,False,"[[""fangraphs"", ""sa3016589""], [""mlbam"", ""692549""]]",projection,Luis Tejeda,p_ec503f883d2415330e81b9c8,pitcher,s_f608430fbb2554539e4f30d4,2026,Steamer
True,False,"[[""fangraphs"", ""sa3017014""], [""mlbam"", ""702913""]]",projection,Bryan Perez,p_745ccd623a5eedd8182dcf08,pitcher,s_99a1bef46aad8c216698becb,2026,Steamer
True,False,"[[""fangraphs"", ""sa3018353""], [""mlbam"", ""802092""]]",projection,Luis Ramirez,p_abd47545d09821f209c8b536,pitcher,s_79c69a15385e79ac744c2e7a,2026,Steamer
True,False,"[[""fangraphs"", ""sa3021523""], [""mlbam"", ""808252""]]",projection,Wuilliams Rodriguez,p_3e9611ebe511bd9e9b0a4611,pitcher,s_b1b30c4cb94e1d50d9f17ff9,2026,Steamer
True,False,"[[""fangraphs"", ""sa3018872""], [""mlbam"", ""801221""]]",projection,Pedro Garcia,p_9e726290b8d37274dcf85041,pitcher,s_f52f1010a30a4d2fdc14e45e,2026,Steamer
True,False,"[[""fangraphs"", ""sa3021465""], [""mlbam"", ""684609""]]",projection,Michael Brewer,p_1ba81bb78e2729e515411b72,pitcher,s_6a60aa879dc0f846d24e29f1,2026,Steamer
True,False,"[[""fangraphs"", ""sa3015218""], [""mlbam"", ""693709""]]",projection,Christopher Vasquez,p_d4a3b565d0ed5aee8fb0605c,pitcher,s_cc4d13108a60c47852d66139,2026,Steamer
True,False,"[[""fangraphs"", ""sa3018877""], [""mlbam"", ""801270""]]",projection,Darwin Rodriguez,p_14c555fde38d17d7239a2208,pitcher,s_a5c4256cbd42bf8c6358a1cd,2026,Steamer
True,False,"[[""fangraphs"", ""sa3018360""], [""mlbam"", ""803424""]]",projection,Juan Sanchez,p_6731887d1a31b835c7a67321,pitcher,s_86f2d309650e159ebfe0c6cd,2026,Steamer
True,False,"[[""fangraphs"", ""sa3042632""], [""mlbam"", ""823193""]]",projection,Ryan Smith,p_e439fbb1d066375c0f569a92,pitcher,s_5b5d87327296979749df2f9c,2026,Steamer
True,False,"[[""fangraphs"", ""sa3024078""], [""mlbam"", ""820872""]]",projection,Jose Cabrera,p_a3b745020683d3060e2197ee,pitcher,s_5b023656970f717a6aebac4a,2026,Steamer
True,False,"[[""fangraphs"", ""sa3021485""], [""mlbam"", ""806882""]]",projection,Jesus Lopez,p_f3dd93b50b8b93bc07abde55,pitcher,s_ad7c6eadb40b16535c0c8866,2026,Steamer
True,False,"[[""fangraphs"", ""sa3018810""], [""mlbam"", ""703330""]]",projection,David Rodriguez,p_76df5cc08c48f5f0f1f9ef86,pitcher,s_5d7f79fb5980cccb88caf818,2026,Steamer
True,False,"[[""fangraphs"", ""sa3019288""], [""mlbam"", ""802099""]]",projection,Luis Valdez,p_acb06545791924c4ae604c4a,pitcher,s_be63e032e50ce1fc4526fbb6,2026,Steamer
True,False,"[[""fangraphs"", ""sa3019672""], [""mlbam"", ""805777""]]",projection,Wuilliams Rodriguez,p_bb97f086c55214b5f923588d,pitcher,s_89e14ff33e8db62eceec57e8,2026,Steamer
True,False,"[[""fangraphs"", ""sa3019176""], [""mlbam"", ""802240""]]",projection,Luis Tejeda,p_5dc36102df2b24657761252c,pitcher,s_db6180466e3393da41ed704a,2026,Steamer
True,False,"[[""fangraphs"", ""sa3009473""], [""mlbam"", ""683456""]]",projection,Jose Gonzalez,p_09b9cf7a817b988fbaa2d6c6,pitcher,s_74a6799192133720afd2310c,2026,Steamer
True,False,"[[""fangraphs"", ""sa3021043""], [""mlbam"", ""814260""]]",projection,Luis Espinoza,p_ede54fddd0891e181dba7df0,pitcher,s_cd8eeb6efb7ac2b7cdf3329b,2026,Steamer
True,False,"[[""fangraphs"", ""sa3023846""], [""mlbam"", ""821276""]]",projection,Jesús García,p_f81877757f26bfd0eb1357b3,pitcher,s_9bc72c247bcb47cbf7020e97,2026,Steamer
True,False,"[[""fangraphs"", ""sa3021753""], [""mlbam"", ""807825""]]",projection,Luis Garcia,p_88f90c9c293ce3209f89785b,pitcher,s_ceb400323995fe962a782dcf,2026,Steamer
True,False,"[[""fangraphs"", ""sa3019059""], [""mlbam"", ""800158""]]",projection,Carlos Meza,p_f93b201402733d2b4fdb7dec,pitcher,s_07dae970c7330f1c5b3a1e49,2026,Steamer
True,False,"[[""fangraphs"", ""sa3067609""], [""mlbam"", ""830447""]]",projection,Luis Rodriguez,p_9614ce77cd8e339224afeea4,pitcher,s_31b01526543e3ecc12af3d53,2026,Steamer
True,False,"[[""fangraphs"", ""sa3022018""], [""mlbam"", ""808259""]]",projection,Jesus Garcia,p_894c39a5e534ace63f71febd,pitcher,s_459d1d4d3d2a6b2bc2a45cd3,2026,Steamer
True,False,"[[""fangraphs"", ""sa3025023""], [""mlbam"", ""816263""]]",projection,Luis Carrasco,p_02c5f5bd1efd39cded9f2e48,pitcher,s_4ab5747c4c023ac5309024bd,2026,Steamer
True,False,"[[""fangraphs"", ""sa3019479""], [""mlbam"", ""802064""]]",projection,Jose Ramirez,p_6bfd49905beb507e3006749d,pitcher,s_057753391a7b69be28f187e0,2026,Steamer
True,False,"[[""fangraphs"", ""sa3024198""], [""mlbam"", ""806885""]]",projection,Angel Sanchez,p_3a3caf3852dbb9b4c4bc5a7b,pitcher,s_9ce6df115dc0673034d00104,2026,Steamer
True,False,"[[""fangraphs"", ""sa3022149""], [""mlbam"", ""811227""]]",projection,Miguel Gomez,p_92345e0ac2337b0a556d8335,pitcher,s_298e36c60fedb9d8051e94e8,2026,Steamer
True,False,"[[""fangraphs"", ""sa3024797""], [""mlbam"", ""827470""]]",projection,Christopher Vasquez,p_4ddb4cd8637d143aaaf950cb,pitcher,s_bd14e89fbdf0d89922c4a724,2026,Steamer
True,False,"[[""fangraphs"", ""sa3024453""], [""mlbam"", ""815856""]]",projection,Carlos Lopez,p_e7fa4529c7fddb7c0fb61218,pitcher,s_be39b4dc6baa6bd828a1483d,2026,Steamer
True,False,"[[""fangraphs"", ""sa3018171""], [""mlbam"", ""681313""]]",projection,Jake Miller,p_5e576ee933bbe75be8b3f29a,pitcher,s_c764912bce617f122e59507e,2026,Steamer
True,False,"[[""fangraphs"", ""sa3005444""], [""mlbam"", ""678738""]]",projection,Juan Sanchez,p_7e268f815942314800c337f8,pitcher,s_87bf0423889ec579de33cf8d,2026,Steamer
True,False,"[[""fangraphs"", ""13301""], [""mlbam"", ""571970""]]",projection,Max Muncy,p_367043d04df11c50c62b433f,hitter,s_b88ccc009918cb1f0d8543a7,2026,THE BAT X
True,False,"[[""fangraphs"", ""29779""], [""mlbam"", ""691777""]]",projection,Max Muncy,p_cced76e05d34ab38cbd25725,hitter,s_93b0086660a92b9fae2fdc76,2026,THE BAT X
