player_id,preferred_name
p_a930f486a49e52f1716ce4e3,Luis Castillo
p_6ddc0b571359a20df4eac80a,Shinnosuke Ogasawara
p_22eee69f8ac0239b99b11b78,Trevor Rogers
p_92b4ea645c44c192b8402059,Jack Leiter
p_1717f62465764e9d30864b06,Scott McGough
p_d0ae7f0982167d57e6b06d67,Brian Anderson
p_5a5e5a4baec1ff0e99cb37c5,Colin Rea
p_784477c4df81037bd6fa216c,Coco Montes
p_c6cb1f8dd6a2cf11e1e3a060,Diego Castillo
p_d26dd35f75ebb4f9a5b8426b,Dom Nuñez
p_d46997b7e54062e4838e429d,Cal Stevenson
p_c79d549c12d7c4d174e35cff,Aramis Garcia
p_cddf7480bf39801fa9563248,Darren Baker
p_91a8efd7718ac0df6183f487,Mickey Gasper
p_a7294d5184e485ad8b842ac1,Steward Berroa
p_fcb0b1e4e1912686e37038b4,Rudy Martin Jr.
p_31b75a6620ad0e384f24ca3c,Dylan Carlson
p_3bb8d1c0416b2fc0511d7217,David Fletcher
p_736ca49e147e33025be1bfc0,Daniel Vogelbach
p_213ee8a68e18e3674db206f3,Vimael Machín
p_818a939d2c013337a28d18f6,Myles Straw
p_e0274d8a9c2bcf25b465455d,Joey Wendle
p_5f8880bbdb1e93d48f7029e0,Matthew Batten
p_4d4c6c49b9e53cf5eea7989d,Jonah Bride
p_f7f3d9dc136d46fb8aa6ae65,James Triantos
p_0747e0152f1a05570f2a4321,Kevin Alcántara
p_e2958eaa641d77c60a1aa3e2,Jacob Amaya
p_61f673d18a547d69481d0c85,Niko Kavadas
p_4bab031a6ed50b53a6e222a5,Vinny Capra
p_0cfc16ec70a614e40004e420,Chase Meidroth
p_bdbf707b4334fb1819a9090e,Michael Stefanic
p_71367d86d30a1c4033210c2d,David Hensley
p_0ca0eeb5dd17c286620db5a6,Jair Camargo
p_22b6fa88bcf87875dcb06f80,Michael Helman
p_851705147428b071a936976c,Tyler Alexander
p_753754367ddc7137c49f8f3b,Chuckie Robinson
p_1b49209f0bd30dd5dc724000,Ryne Nelson
p_f1632c1a638e4afae1811926,Billy Cook
p_01180266484ab021680a3902,Logan Porter
p_838588010c75fedc49fc50b5,Luken Baker
p_d780ef80586063b87be09743,Michael Siani
p_fe3b34280c5c898441437983,Steven Kwan
p_2f297136e604768cca48d5f2,Alex Verdugo
p_ce144ce9a8cc74bf957c8921,Ha-Seong Kim
p_490b99b6246189b45cb09967,Miles Mastrobuoni
p_010384a5153c3b7b0fb247e5,Pablo Reyes
p_32091c9f78fec4451a11d54a,Tristan Peters
p_19514f95f70ecb1c86cbde9b,Cavan Biggio
p_494f13db395735a0068392a4,Jose Iglesias
p_c8a4acd1fcace66129321919,Austin Barnes
p_ce641a5836f2731f583a85ae,José Fermín
p_5c1070a01c0c31d9a11bbaed,Lars Nootbaar
p_74b0997a4c065a99b23f2d5e,Zach Remillard
p_14e237b15421137a6441571c,Reese McGuire
p_fe349ad78aee63c7c18b8b83,Taylor Ward
p_ddf817cabc06756b0e3c52c8,Joey Ortiz
p_d6ff77576db5c47d1b617a7d,Ehire Adrianza
p_e73eacdb845e5cfde38a6426,Blake Hunt
p_26715f7ed5db8556ff25aea4,Alex Call
p_d94be8ab4a683b6d6e3536bf,Yasmani Grandal
p_292004d692eb1e10c9836240,Chadwick Tromp
p_22db645384aeaef0e6b0dd37,Maikel Garcia
p_5ce3f1337c6a59836bdfb343,Luke Maile
p_b7f93fa6cd2a0022c2f4073c,Trent Grisham
p_d365089c5d3c77423a8c1d9e,Garrett Hampson
p_254301c22a8f177b0963ac8b,Kameron Misner
p_303e7b91e52849e2586619cf,C.J. Stubbs
p_bfe0722bc292da175cf065f0,Nacho Alvarez Jr.
p_e4c0ca3fb703744e742784cc,Rowdy Tellez
p_998a708748e7e70acc1eee1d,Connor Joe
p_e7209053b03523d1b10b464b,Jose Trevino
p_2a9fb5007e71f964ebc6bb63,Leo Rivas
p_c2bb9eee6ff9a8dfac3ffee7,Joey Wiemer
p_ab2f7e47e80d8a800e8a9a35,Ben Williamson
p_2800c994e9e86d1e6c536fcd,Armando Alvarez
p_a878a24f2e648baf02c2be77,Liam Hicks
p_033ceef5ce1ff67ea9e54a84,Anthony Rendon
p_fc5ea9af3a74454e7e41965e,Bryson Stott
p_118fa7b26ca0fc300fdf6071,Jonathan Ornelas
p_5a3a131447d5feca3eed399c,Rikuu Nishida
p_d6e2291a941b28d7a61905e7,Sal Frelick
p_9d5a2c2ad1a5803de88379b4,Blake Perkins
p_3142245d3fd4262d0ad1afe6,LuJames Groover
p_a83dafc55fbfe682b417f2ca,Martín Maldonado
p_7464a49665d3e2d5bd7d2c5d,Andrew Vaughn
p_305a89cbe0ae6fdb7ab1e9a7,Travis Jankowski
p_cce7aefd60200f89eb5f62c5,James Wood
p_6101e64b36cdbbeb0b252b54,Jhostynxon Garcia
p_c6e14bf6411d700d054a3e6b,Gary Sánchez
p_8d9c4fecc25f950465634c19,Robbie Grossman
p_e0d83b8da8aaead5cd952acc,Geraldo Perdomo
p_5da01fdd146ed628dfefc5f8,Tucker Barnhart
p_e7700021cd8397fee130db6a,Enmanuel Valdez
p_cf93e6476cc705400a42c18a,Nolan Jones
p_19af1c0e0d94d73536407863,Jung Hoo Lee
p_8aedac04bf96afe7c557e68f,Cody Freeman
p_64626fbb17c69b41f17c5d5e,José Devers
p_2519ef12f95e5a083795c12a,Sergio Alcántara
p_326393c50f1b10e14a5b1570,Jerar Encarnacion
p_569cc434d930c86d5c9eeb16,Jhonny Pereda
p_2e25971727a7328447e20387,Mitch Garver
p_a910702a6f8986211ef36f3c,Evan Carter
p_212972d5e1d2c8460dc3a73b,Masyn Winn
p_ea8a5d1c846e0c84971a0bb4,Ryan Jeffers
p_b568a0123a1581a870454450,Jonathan India
p_f8b30d2da35c688c466fb941,Mason McCoy
p_88135b0e269d51b54b36cb3c,Osleivis Basabe
p_806c100a85a17dfdcfe3aeab,Xander Bogaerts
p_357ea11cfcc1f1938f06924e,Buddy Kennedy
p_d7e2cdeda2afb7a71cf270af,Nick Morabito
p_453f6b5d6ed77a8cb0076130,Yoán Moncada
p_2c000c61bb3acaea45c849f7,Zack Short
p_85aa2b0fe3e8fb526c91f73a,Isiah Kiner-Falefa
p_f0834ff09b55d84f0663e444,Duke Ellis
p_b876419663159edfa11af0a0,Samad Taylor
p_652fa92b3bac1d24c8225f99,Nick Solak
p_47aa97c098a8d23cf2c19690,Jose Herrera
p_d85aa5a54347f648d409ab91,Gabriel Moreno
p_51e6b6a896f57028c6387f0a,Mark Canha
p_89ada5eacdc2c58a0bedad08,Curtis Mead
p_4672fc02fbfa48399c90584a,Roman Anthony
p_89c17b1b7984d5edf458e9aa,Tommy Pham
p_3022da48fbdb4f93917ac8ff,Dane Myers
p_b3bb02b504668e533982a296,Marco Luciano
p_6a7770873e3fb7c2d8a7a2ce,Charles Leblanc
p_1135581422bc48279f241e29,Luis De Los Santos
p_772e2bb69cabe6eda522882b,Jacob Young
p_632be5a85ab2629b9c998c54,Nick Sogard
p_7a771f940265ce924e0fecee,Justin Foscue
p_4f3aaf23aa7dc9a15224e832,Masataka Yoshida
p_9406ea193e4c8f53cbbe76c5,David Villar
p_ffa25e8aca01794d683910ce,DJ LeMahieu
p_1bb082b12901fa7cb5d4c846,Wilmer Flores
p_3f6f6f23fc264051a9b180de,Javier Sanoja
p_c9a6ab52f6f6bb93ad398b65,Alex Freeland
p_8b0da430de74b9d38592cfa7,Juan Soto
p_04317762f4fcad76ed1c6ef1,Sean Bouchard
p_940fa05875c6ec92a4c0f82a,Victor Caratini
p_b3f403c91eb9f5b3a4373398,Turner Hill
p_739823393560ca8dcfd0dbc9,P.J. Higgins
p_65233ab523d0b1f99d98e44e,Nick Loftin
p_7ec5cf24f911a0a091451248,Pavin Smith
p_ded33a2fd60acf671d39fd27,Jose Fernandez
p_d8586b85d7209c133f440fa4,Rafael Marchán
p_5c11dd145a24b1ffaecf5e75,Mookie Betts
p_c2215c37439fe2db6d555fe3,Ben Rortvedt
p_7d62d9f218e4521d7a5c233e,Matt Gorski
p_b6305e56ac4f04f2e9d682b2,Tirso Ornelas
p_2bb682ed8bcf8e4b3b378ead,Jacob Hurtubise
p_6989200149e5df39efc0125a,Michael Toglia
p_10bd62ec212504974bdb8823,Brett Bateman
p_d18686fb38704415e5f45eff,Andrew Knizner
p_d84830ffa4fab8cd91af4c87,J.P. Crawford
p_55908c06ceed1ceaa47e0f08,Blake Dunn
p_f31d66f0ff014626cbbe58b6,Leo Jiménez
p_1e99c8473b9ac124e44a47a7,Eric Wagaman
p_c8320c4ade7bd25cdbb337e8,Oliver Dunn
p_8ee0eb5cae5daa0d79a54f41,LaMonte Wade Jr.
p_8363b9bca459e78ec2006bb0,Alex Bregman
p_226b98a3af9e6649b714b44e,Dominic Fletcher
p_e4142bee5a73201f7c2c7768,Eric Haase
p_8915f49b7744525cc044f1d9,Brandon Lockridge
p_d38e4086c48ab6c12634caef,Zach Dezenzo
p_ec0d85aac8a0c04eedefdb2f,Niko Goodrum
p_d4e11ff535bf58d9e902a045,Bobby Dalbec
p_565062fedb9dc11884dc149f,Adley Rutschman
p_773d7d56031db8879f6723e8,Will Smith
p_c6ac3aa8bb1da5cdad4a2ee9,Kyle Farmer
p_9e425fad3d6b6b6f90079317,Rafael Ortega
p_fa9150432cf11843e4d50fdd,Manuel Margot
p_717b2fb5f5eb23f302a6ebe2,Owen Miller
p_30c7a668112dbae738c3a2dc,Seiya Suzuki
p_a7f09516df26f603d1594bdc,Drew Millas
p_f8f434dac00bd4b76fc9a112,Bo Davidson
p_780c8c603f85a04c341a9865,Luis Urías
p_08f2cb4fa27c7d6496f173b0,Maximo Acosta
p_34b3b6e9dd4f5cea6194f845,TJ Friedl
p_c430ce2c9239469707f293a7,Luis Campusano
p_5d96d38ca6ef254577b06725,Addison Barger
p_d65b41dc5498c748aed03004,Alejandro Kirk
p_aed2fb7cd6c58e39a3e092f7,Dylan Beavers
p_72819b8f9817b33033d1b6a2,Jahmai Jones
p_edf8657586c7b50067f79dfb,Colton Cowser
p_70f6e9693081c7218c58dc2f,Eddy Alvarez
p_ce5180c6b9ee3b8dc8c9de6b,Jon Berti
p_9dc26246e90ca8f349fcd827,Randy Arozarena
p_37802465e918b505100a2f85,Tom Murphy
p_43de269c43a2abc9eaaccc63,Kyle Higashioka
p_e3e1b12d8461e01c1f067064,Bryan Ramos
p_792fd3873c9d516fac960277,Austin Shenton
p_9182f20a9487df382d08fb95,Kristian Campbell
p_705b593fa0c84db88daf81e7,Andrew Pinckney
p_e7725c89676d89124848373c,Elly De La Cruz
p_8e68856222023e03ed776af4,Johan Rojas
p_6bbb672161e3bc25ba553ecb,David Hamilton
p_91133680e8e4cb762502f288,Matt Vierling
p_a280e0051deab38225ff5e85,Ke'Bryan Hayes
p_bbbddf0d3123eb1859b1cc44,Drew Gilbert
p_041b290ccb9dec49681e05d7,Luke Keaschall
p_ea8077204c612c6affa6d1cf,Rodolfo Durán
p_85bb7396ce2d4e28a61e72d7,Davis Schneider
p_406c3866f3427af34341afec,Matt McLain
p_ff7da0692023e81c73d988b1,Rhys Hoskins
p_b73db0222a01efed9cd5d4f9,Vaughn Grissom
p_27d64d90ac45f1cc364cf11a,Austin Wynns
p_2487a2fcc55829f4aa3870d9,Garrett Cooper
p_a428e39a0003f8c0f9cc53fe,Oswald Peraza
p_6d35c4fff8b263aff41d2e7b,Levi Jordan
p_4af6f545bc35e4588dee86b9,Corey Julks
p_090a1d58e67cb527524b4184,Spencer Horwitz
p_e31a02c7200bf0328e804bf5,Cooper Ingle
p_0173b722ac4118ed6cdf2900,Kyle Isbel
p_e8f31649994a3e32ef11f822,Nolan Schanuel
p_aa6964498890afd992ade1fb,Chandler Simpson
p_9135fc2468c32449f77b1f5b,Harrison Bader
p_35ca8c7859bc827d0c712aa3,Rafael Flores Jr.
p_bb37edd9c4e88b2c706112f0,Edouard Julien
p_aca016cd21ee7544840400c6,Donovan Solano
p_983f337494dd44856c74ae94,Mike Yastrzemski
p_661a2238a2963ae53524deec,Ali Sánchez
p_63b127378fbb63f7a8ac5c53,Isaac Paredes
p_095d65b80762b3662a2707e2,Will Wagner
p_19278a584fbb4c0f71a14548,Max Schuemann
p_374639c006432a57cd7173fc,Luis Arraez
p_6dd8b7d5d0bcb75642ddb4fd,Brian Serven
p_c83d352443086e7f53e8ec08,Marcell Ozuna
p_2750ac3fc6e5429d75c00551,Luis Guillorme
p_3a1c72da6e9056e60ca9ea7d,Tyler Wade
p_a08218aacd60db921dac40ba,Liover Peguero
p_101659267800d1c0aa1341e5,Bryce Johnson
p_26c07dbedac1bda5bffc2c42,Lane Thomas
p_d6edffdd606adaf0dcc54111,Luke Williams
p_4d472121409dea6003a802a2,Ryan Waldschmidt
p_cf40524b93abc8fb3a1e9f92,Zach Cole
p_b60a90195e46f450edb4d2c2,Ben Gamel
p_6f0af86832f7dd869cd4835e,John Rave
p_034871097292618cf33a0c4f,Danny Jansen
p_57d9c92fbb61c8c3106d0e53,Gavin Sheets
p_fb066c9d1d9ad1ef88a158d8,Jason Heyward
p_1bd7ec313c1b0c6a4e0beaa8,Isaac Collins
p_3877edc341fa20dfa2faecb8,Yuli Gurriel
p_640c7cf8ca0fdab4fb3c851d,Tristin English
p_0130cd45d3e0619843f93b86,Otto Lopez
p_11f97a5b1f4aecc3b4f6f59e,Nasim Nuñez
p_6df89ef6e838a7bd064ba0fe,Hyeseong Kim
p_3c460b6a52cddaebe4d7306c,Ildemaro Vargas
p_a7ae87bf1bd9831ffdfefbf2,Jon Singleton
p_6ebf619662ac32499ebc6ce8,Griffin Conine
p_f793cd5a13c72d4b25f2b7e6,Matt Carpenter
p_c3256a07b8bac1f086784cc2,Jonathan Aranda
p_116cdec4053638cbb2ccefd2,Brendan Donovan
p_366bd2935a1c918dd1949689,Jim Jarvis
p_7d6df8c8a5a5f404c9b1c9d7,Andruw Monasterio
p_f5939287ce62c956496ccc52,Eguy Rosario
p_387076081baa1ac1797b126d,Ethan Salas
p_8f4e0edcdbb51e8ea8ef460c,Jakob Marsee
p_f3bb19b4ab6bc68f9f1f98fc,Hunter Renfroe
p_7c7b46475a55fc9446621efc,Giancarlo Stanton
p_bc98648c6a6d04b33c536f08,Eli White
p_67d7924a39e13f094552a659,Aaron Hicks
p_bf4b6d6a344e848bb99ebb0d,Miguel Rojas
p_8145c85e799111fad96f9326,Corbin Carroll
p_3e2e52ebd957c6fe9801d100,Keston Hiura
p_039eacb0641753712ee33051,Joey Bart
p_a9f11a14f1185208b713d075,Bryan Torres
p_ca9cb370432f3712d1a35d7f,Andrew McCutchen
p_0eaaec37182495ecee4c0eba,Jordan Lawlar
p_0a45d2e3437ab412bcc70a45,Christian Franklin
p_5ea69072becc5cf7c0a9e718,Brandon Marsh
p_cfb8786983c38f5473cdec79,Justyn-Henry Malloy
p_c1cd83784b034e2f932fceba,Santiago Espinal
p_a9df6f726497e038fd9738c8,Alejandro Osuna
p_8b8b46332f730f938d5e4598,Matt Chapman
p_5251fe2f68b7e008a3f95bda,Luis Lara
p_c4e9bd291c503b119d01518b,Jake Rogers
p_e8a841a4c0a09c1611d07c5c,Nico Hoerner
p_c315f699dc20ea9f45db58c2,Oneil Cruz
p_ed974f466607b19fee8971ac,Mike Trout
p_4adfa388ddfc7eb8aab00551,Lenyn Sosa
p_b5dc590f86056ea0c359821b,Coby Mayo
p_8d8ac643ab43c0a5edae56ca,Pete Alonso
p_de7b16931d1b03236a59ea22,Ronny Simon
p_fd44d075dbb0de467ecd4cec,Caleb Durbin
p_45a4c94329ef45c21f405f71,Iván Herrera
p_34ccd8b501bbb85c38a690a6,Jonny DeLuca
p_31f105a7eb4a7a950745899a,Brett Harris
p_f20437b72fe7159ab93a164b,Christian Vázquez
p_b1825a140a3beba774c79650,Brian Navarreto
p_adce6fccfa0ad9ba417ad335,Cristian Pache
p_0f5fec6751f402c6ddda3df4,Trei Cruz
p_b1a89f2be7e4c14ff4efdd77,Sean Murphy
p_9f8e5fcf717acc70a142d6b8,Joc Pederson
p_3600755d96c052bc6d329493,Jared Triolo
p_fbad84c715ce640fa8e017a1,Nate Eaton
p_37ddf22e72b2be2d0fd472a1,Jorge Barrosa
p_175943e6646daab9b788771b,Blaine Crim
p_8d6f6f6848f015a167c87963,Jose F Miranda
p_ff3b072d82919b7204d60391,Tyler Freeman
p_3c7e6e601756ae761be82429,Collin Price
p_fcad21c46d924d3056b3ddb6,Jacob Melton
p_2a17e5c8d92f03d461fedc93,Hunter Feduccia
p_f5b455280992f6c5f1c3155d,Endy Rodríguez
p_bec8c226634e62555bff3435,Cooper Pratt
p_eed974693204a607f756bb81,Adam Frazier
p_d6cf9cb5264acc6da9bd1303,Davis Wendzel
p_d319b6b594701cbc5732b5b7,Matt Shaw
p_4acef52c25b5e9602e6d7849,Nick Allen
p_1552cbc32b7c3d101007d1ee,Anthony Volpe
p_dc046f34bce4a57510ab0b8a,Tyrone Taylor
p_9837c9964fe5b2c7ce57160e,Ryan McMahon
p_d14f14c4cba58cdb18431185,Sung-Mun Song
p_e8b057dd84c29d0d45c331b6,Jared Walsh
p_8c09e1c36be92f786ea325b3,Max Clark
p_bc815a9cb3945cd130b439a4,Sam Antonacci
p_42767f2ef4cd11bba011e99d,Tyler Stephenson
p_c05881c381976b5718259e6a,Cole Young
p_bf3cde84574979814bee8bc2,Angel Martínez
p_8c7de7887df872fd24da0771,Tommy Troy
p_2a1e1f24a6ef2dcf68d5522c,Emmanuel Rodriguez
p_ea016158543cb834e392af83,Thomas Saggese
p_3f142cab3b6b50a8fc284947,Greg Jones
p_8cae94e12aa44504af05eaac,Adrian Del Castillo
p_56d916df39c8dfba62c80c88,Dylan Moore
p_d1e856cae4d07f9a6c4fe1e2,Hayden Senger
p_83a60be2623269dba3d01184,Rob Refsnyder
p_54a176facbbf2b86f4773ac9,Nolan Arenado
p_08f6887f65d655a4a2baf9d5,Nick Fortes
p_c18d2ac39a45a469963266d6,Trevor Larnach
p_3e75673e7335638cfe41e82a,Ryan Noda
p_734724174f1233575d37ef2a,Bryan De La Cruz
p_aed415d87aa458c3f61f701a,Luis Torrens
p_3c0ef7bcd70b9e223c12baba,Kevin Newman
p_635860f92d6161a5d5346c31,Tyler Black
p_c098c2fe9513c8a2d9d6133f,Wyatt Langford
p_910eaf826bf8a3ff8e586a66,Colt Keith
p_cfd86603afc94c644229f9cc,JJ Wetherholt
p_a10691810a3a9049724c355e,Brice Turang
p_59d35620f5a758b99595238e,Deyvison De Los Santos
p_33ef22bd9c5fcfa876186831,Kyle Schwarber
p_fdaca5aed6785adf29ede698,Paul Goldschmidt
p_a866edf27abe9399b209a720,Jase Bowen
p_5e1baf3f3f74e5ddcbe2b4c7,Angel Genao
p_4377316cb604fc79c43e849f,Dillon Dingler
p_cee3c4f1e8b014fc0ba0b7a6,Nick Martini
p_92c069a29d913048d5371a39,Ben Rice
p_9dae11e0cd2670bf2ee9255e,Carlos Correa
p_bab287670fa987eb0b917507,Taylor Walls
p_8d64e39982b70f86006ac025,Michael Conforto
p_1a2ff168ae4dee38f3f0da86,Kyle Manzardo
p_3a018d05684bd05311c373cb,Jake Cronenworth
p_e6a7e479765cf29ade93adc3,Yandy Díaz
p_08ae04aabc21677b06e0f5b5,Josh Smith
p_ebf512ad6b26ce1f2d1410e4,Austin Martin
p_7065f57869b2c09db149ed1d,Adam Duvall
p_cc88b3775f3fce2ebe697058,Livan Soto
p_f2ac09aa610af22ea7fad693,Orelvis Martinez
p_97cc4865db22aadc4ce7f639,Justin Dean
p_5d91804b58327ff29191ed0f,Weston Wilson
p_1bae5ba18fd609513c330eea,Dalton Rushing
p_abdfe3139ed4c9eda6ce0c37,Jackson Chourio
p_199535b70f1ae186aeb637be,Alika Williams
p_b3b8ac27160931104baef466,Seby Zavala
p_35ea903190fa5395379479ac,Anthony Seigler
p_92fb95aa919ddbe36555cc15,Nick Senzel
p_5c21762346818604fbfcff71,Nathaniel Lowe
p_fe5e81171887fdbded90e9cf,Bo Naylor
p_5b39aa72d25ce69fb44d6ff6,Jack Suwinski
p_88ea9f9f953b0443fa439d35,Jackson Holliday
p_49284b363959e469c6d521d3,Carson Kelly
p_b021d4e364cfc3ed423fb56f,Ryan Fitzgerald
p_8df2af654b2dd659804150c3,Thairo Estrada
p_73b12e6f36544a08a000f034,Alek Thomas
p_23e0b260009583de186ff99f,Darell Hernaiz
p_ec46ba3925a24605aacacf22,José Caballero
p_5a5b11019ecd0b3ad1a3d864,Scott Bandura
p_19aac5e941b72dca4e9ce409,Joshua Kuroda-Grauer
p_fd20bdc98b27520354fbe2ee,Wenceel Pérez
p_f23d1d9035065b244f5e458f,Junior Caminero
p_c1d6d30afc2b3b0e5d39410e,Nicky Lopez
p_6d631d96ba5ec34e5ff71520,Whit Merrifield
p_2ba9946ebebe655efd1ec8f3,Daz Cameron
p_13a0406d87d64c05a481a481,Johnathan Rodríguez
p_dedf39f3291ea6360bd9d86d,Gavin Lux
p_926280ac4e44befa2c879505,Pedro Pagés
p_32953bb768e19cff1aa203f4,Denzel Clarke
p_a78ccc748ee0ee459987e364,Sandy León
p_d280fe766b138e116686c70c,Jorge Polanco
p_b0eaf923fda4aa15ef19e892,Brendan Rodgers
p_a315a53749353a0cc7a5688d,Graham Pauley
p_10f1f74c96a473df3fdd40c8,Dylan Crews
p_99ee3cb3d56dcf9cf8790fe0,Jake Bauers
p_070e96f6f1ea057c6fff0a7d,Enrique Hernández
p_0ead71c96077a2652b5d5fe8,Alexander Canario
p_17359d602cb142314bd90053,Garrett Mitchell
p_755efb1b178e88a9fe42fc92,Garrett Stubbs
p_5c8b0e2a4b0429d3d6458e79,Austin Slater
p_81fa67da8e4a65aba1f1942b,Dominic Canzone
p_0a0dae9c4fb855ec5e7a94c3,Jacob Stallings
p_94167fd7836504fba77eddb7,Abraham Toro
p_889f902bbbf437d96aaf2791,Andrew Velazquez
p_cc4f8c9a25aeb6dbca4880d7,Austin Hedges
p_56922133a900e974099c393f,Matthew Lugo
p_38e2bb8be3a261e7adcb997c,Ian Happ
p_566da69483a08944a4fd0dbe,Jacob Wilson
p_b3b7429144b65984ac116b64,Spencer Steer
p_1ebeee998dafa37125803f82,Triston Casas
p_4bf4168dc6b395e35fa4624c,Willie Calhoun
p_91b7af896c70aaa9de26422d,Danny Mendick
p_a3ea0178a0c5e8f586a37196,Munetaka Murakami
p_c036f8c59b7723c46b54b8f3,Spencer Torkelson
p_ce15e01e3def598ffdccc288,Connor Wong
p_e7b41dc11a533139ce78517b,Connor Kaiser
p_753844a4c954b65f8910ff5c,Wade Meckler
p_b66716f22ae6eba474aedf37,Carson Benge
p_ba07987ec3defa0be7df57c7,Tommy Edman
p_b3b356771b4a2b8a3dabc8a1,Francisco Alvarez
p_6258e0b754720e6aa1ffc43d,Vladimir Guerrero Jr.
p_11c2d6f13f87d96a28310acb,George Lombard Jr.
p_cb0ac3f0270df663ae5d3b34,Tim Elko
p_afa3696617369fa9fd1578ef,Zach McKinstry
p_b6929f210270f100a8a18646,Nick Madrigal
p_acb394d472b6013fee0b2e3f,Tyler Fitzgerald
p_22206224451c3db51ac6d5b0,Adolis García
p_f473d4f7c4bf84ef62cdf005,Jorge Mateo
p_bb6f9449c9e0ffc57d547002,Gleyber Torres
p_ee3cbab00101500b56bb8aa2,José Tena
p_c5052dde404660cf9ce169d1,JJ Bleday
p_6b03deb485d5344507644926,Billy McKinney
p_314d65c651f0866b57c6c200,J.T. Realmuto
p_e426e5978913a7f613e9007b,Brandon Drury
p_c976a3dfe9632ef04ef4ea03,Kody Clemens
p_d90b27c2fa34490d962ae0df,Cooper Hummel
p_086c084b7dde82d230f1974d,Daniel Schneemann
p_dd0901a68a495094ec688e03,Edwin Rios
p_dbd5ceb808a3a21b344e48b9,Dustin Harris
p_e7a6da04b2b0c84531277f57,Josh Rojas
p_367043d04df11c50c62b433f,Max Muncy
p_21e21eee8205504dbb454499,Jorge Soler
p_43df61d72995e1a9b8e57a5a,Dominic Smith
p_d39e56add63ee714cad49596,Curt Casali
p_3eccdbd6ff4e950207c3e8e4,Justin Turner
p_376a4ea6c05094d6e237c121,BJ Murray Jr.
p_d9207420d77623b50fd840b1,Casey Schmitt
p_4af00e3fa0b959847f3eac9e,Richie Palacios
p_c6ace9dc98c43df160b7df5a,Oscar Colás
p_834bb635031b8e62a403a8ec,Jace Jung
p_71d39bbc0fefb4bfd7f4b968,Parker Meadows
p_0cc158711fa7bba8bdd29350,Jack Winkler
p_b6f53a611ef170f529b8703e,J.C. Escarra
p_c8a9c9b6fba1a3672b307781,James Outman
p_5d01293e94a7585a67693fb0,Eugenio Suárez
p_447d5b4369f4ab8fcc53abf4,Mitch Haniger
p_e06142149e0a8bcabc0b3250,David Fry
p_b28f3ce8ca53acc4ad480234,José Abreu
p_5220a50fb38e3439e1b6f5f6,Junior Perez
p_d074168cad7665ea1260b2c7,MJ Melendez
p_f1708b988b2fbb90aac09ff6,Jordan Beck
p_d30f061d9aaf43b199425ce3,Aledmys Díaz
p_d4f014697114e1593c664fe5,Riley Adams
p_a88d730b313818d432b74cc0,Jake McCarthy
p_b80059e715bc562d70fcb8af,Josh Jung
p_6a0c1d9c45e972fd4dd6509b,Jesse Winker
p_39c3a5a861907112a018268e,Hao-Yu Lee
p_c347beb197dc45a63da2eb7d,Ryan O'Hearn
p_18f58e283cd36378ac1da1fd,Brandon Nimmo
p_a2bf095f9201f07a43ff1926,Esteury Ruiz
p_b0d2ac2af541e21ce500cc94,Logan Davidson
p_7517d598bb2a03a162d6c6e1,Nathan Lukes
p_3ee7d8b9c1b81790be270d8c,Christopher Morel
p_a1c10b179912b1d2f03fa32c,Riley Greene
p_82ff2a9218b1af68846209d5,Esmerlyn Valdez
p_b2d8d52d1ac8e278023dd28e,Yordan Alvarez
p_cf9af48ba71d61a22e7caa41,Keibert Ruiz
p_93147868d8b8ef25dc5ff7ce,Xavier Edwards
p_8cd8f9d6f8b2efebc9d42e06,Brett Wisely
p_689b3153515d854852b70f4b,Willy Adames
p_2d444cfa000f2def8872ded3,Heliot Ramos
p_ce1bcb16f90502037cdf8ac9,Tyler Nevin
p_8c38f6506b6699f1ccf89345,DJ Stewart
p_44a8ee1524687358c1d1a0c0,Tsung-Che Cheng
p_5cc1c43544dd4a46bb1ba424,Carlos Santana
p_1a95972d3cc893a472abc230,Miguel Vargas
p_f16412beb35a9f8275245e07,Aaron Judge
p_3b4b903bf0ec409efa7f7c4b,Heston Kjerstad
p_976a51a68ae7b23d4651968b,Alec Bohm
p_57c56a495da77e06c1b64a9f,Kazuma Okamoto
p_e0dbb91bd2e32213a45c6e31,Kaelen Culpepper
p_6c0a9e658a48ac4878d9dd6d,José Ramírez
p_e88e1048177b5e00fc6235b9,Alan Roden
p_28db411c7094613b9387cf26,Cole Tucker
p_07105369a9e627dc07e08f3a,Vinnie Pasquantino
p_03b64d654a078e0d162c57bd,Nick Kurtz
p_cf91f13f6ce397f916b3b1e9,Kyren Paris
p_b50c7faba421a14abbde4832,Oswaldo Cabrera
p_e68c177b707ba2989502b77c,Zack Gelof
p_adc3e219b06829fd32bdcb26,Blaze Alexander
p_53a8f92fc16f0dcdbdc4628d,Adael Amador
p_991e8f54fb99c8fcf81d21a6,César Salazar
p_fd457e419f55ef98100c8820,Christian Yelich
p_33a8f30b64fa485f170a7f38,Carlos Cortes
p_b139e8487e432f0b072c3239,Shay Whitcomb
p_b78eec4ced930563501cf95a,Sam Huff
p_8dd52397fe332c1adee839da,Randal Grichuk
p_88c22bc31ec398e84db3933a,Travis Bazzana
p_d0a7a0ab49fd4a4d780fe1a3,Grant McCray
p_f81e06f86a4750a02ca58853,Cam Smith
p_ffd040ba2a8510627669e8f3,Owen Caissie
p_9b7e17333a014a8b6c192f64,Brice Matthews
p_c8daa367e2a394e88a3a2b3a,Miguel Andujar
p_65e7c0fa0d3cff8d1258c9b1,Joey Loperfido
p_38223e84aa9c100b39331fcf,Kyle Teel
p_94c59daacd9df75ff2c1cc3e,James McCann
p_ed4a6ec9fe44d2dea82bc36f,Starling Marte
p_8b3af4e00d6a58700b696caf,Travis d'Arnaud
p_186ced07377f7a0aad91a0e7,Luis Matos
p_e96df7bede80ce3e564c75a2,Jose Altuve
p_3df3de11935400a2046d0e22,Ernie Clement
p_9424207a305885854f7bcd07,Brett Baty
p_6bef577c2d843e259b2e4f8d,Gunnar Henderson
p_7efcbb007ab3006e21da5cae,Jace Peterson
p_b81e8091caa82f7d71c86390,Akil Baddoo
p_77f3f7b47430b887529000fa,Brett Sullivan
p_996f1713394d7bedb5732fdf,Drew Romo
p_dd70d7ceebc9dc9119025cbe,Omar Martinez
p_5414b6c5930f1355f0fa7315,Jonatan Clase
p_a260c06c43a7fd1d2e490fe7,Ivan Johnson
p_7e20fc023f96e8cba0b13af3,Ben Ross
p_7dcf529d38efe416819bc07e,Kyle Karros
p_bf240404aa72823a399fdaf6,A.J. Ewing
p_18f43dfd6af22a681f90df0a,Edgar Quero
p_0054b0f7e9600263c4339080,Kris Bryant
p_0b1b7413f31673311ce952ef,Jonah Heim
p_93e100e165a078d561fb564c,Chase DeLauter
p_7b5d1a173b863deb0b76a4d6,Michael Busch
p_84103dfa2943d73227acbe41,Charlie Blackmon
p_43edd76b977a3e8af976bc83,Jose Siri
p_6a6f47011a0fdf81335ada30,Michael Massey
p_9e00008a3117ed734b2805ff,Drew Cavanaugh
p_bfcf51965827d7e88c899918,Tanner Murray
p_d9558d077e2867586176863d,Jamie Westbrook
p_45fcf03395be58b0038593fc,Braxton Fulford
p_60a101aecd2c0c2ef4294bcc,Blake Sabol
p_fa7ae4948e0db5fc494c553f,Anthony Rizzo
p_cbffbbb4c72ea67a36c0ee2f,Cam Cauley
p_83c5ae77b6b320c871882a46,Jack López
p_f00855fd10751f91f9838dac,Tyler O'Neill
p_46c8ef61562526809be4aea3,José Azócar
p_5df8600326504a53588a6de7,Zach Neto
p_6e74f5212784c36ad7c91631,Travis Blankenhorn
p_6d5e6f96a80b579eb717cb0a,Maverick Handley
p_39af8e3fae49f2dc71c99280,Bryce Eldridge
p_14d1280565f59b8db3772882,Jarren Duran
p_6c63d7d7b55bc0f02c783a80,Jazz Chisholm Jr.
p_1231a92e2be431286faefb7e,Ryan Kreidler
p_2aa6427157e8b5b3a521d437,Tyler Locklear
p_1bf803b8768936d90d2de00b,Leody Taveras
p_8b9ced53390e2e5559889e3b,Forrest Wall
p_cced76e05d34ab38cbd25725,Max Muncy
p_2df0748ced386bc886f0bded,Brooks Lee
p_39e01888f555a1c1c75bae63,Jhonkensy Noel
p_18e76dfa73b5fe39a43c0af3,Ben Malgeri
p_d04d80d479ca9798b6aba56a,Cody Bellinger
p_4f3e35cf2175d726c57ef9c5,Taylor Trammell
p_ac57765bdbb3034bbc1f2b61,Christian Encarnacion-Strand
p_5e0944f2a44bb662ff478989,Victor Scott II
p_4e8e0c6d9056e510d970d7d1,George Valera
p_8a17723cd1691cf9cab7393e,Francisco Lindor
p_09c7619577ad30939383f6b8,Carson Williams
p_0073829d150626e88713a1af,Jordan Walker
p_a90fbbe8cfc6dbd95768136c,Javier Báez
p_519c7e279020b1a6676d30b6,Kevin McGonigle
p_a8b8bf9ed5ff58501c45d9d8,Nick Ahmed
p_c95555620c84e45ec151d87d,Joe Mack
p_89834c5070e896ad8f6949ee,Charles McAdoo
p_34425c8d8ba5966e2a935516,Jake Meyers
p_d15ee8551777e5c3a4d0aae0,Teoscar Hernández
p_72622d6c7bb02a521a933eb6,Felix Reyes
p_e90065fd0aaec9bfa20b53bd,Nick Yorke
p_feda259d717109da756725de,Jimmy Crooks
p_7902479205b3c22bd6f64c62,Trenton Brooks
p_ac2c415e448152dd4e3b1104,Carlos Narváez
p_affde6872bd6da6eac225574,Ramón Laureano
p_68079c900ddd69cb5a58bf68,Carson McCusker
p_e8e72620b515143c411b2f82,Harry Ford
p_93f0cbe4ba8d32de88ebd386,Jurickson Profar
p_81055a604ebcb0e79f8ffbe8,Andrés Giménez
p_f9da848004e92a0da1617426,Eliezer Alfonzo
p_79533d36604898f85009f47a,Jarred Kelenic
p_365e9a08ee3bd031bbc1484e,Sam Hilliard
p_dca7ac3dcb00e9e9c03af974,Royce Lewis
p_5ddf7b7c488d16218bdd70fc,Bobby Witt Jr.
p_c89880c7125c5de1ef428333,Mike Tauchman
p_67cb975359e89b208f68a778,Patrick Bailey
p_aca63cd113ae58163f54b166,Andrew Benintendi
p_84ee5c6d0b640ce81aad4a86,Denzer Guzman
p_4af977a059a2b1dfcba5cecc,Yohendrick Piñango
p_d803dc65885a070fabf6818a,Andy Pages
p_965a6ea3817c304cc282796b,Gabriel Arias
p_60cc6d7817c312ca1f6e104d,William Contreras
p_9c139e8de020d424429029d1,Rafael Devers
p_e0a6385275b8fd42c026da9f,Braden Shewmake
p_c9a3df2e5a0e709708efbe6c,Josue De Paula
p_41adaed6cd990313cac1c28c,Lawrence Butler
p_19d6f72431cccfd9decc553f,Nelson Velázquez
p_949685b5495cd6ed803f6057,Brayan Rocchio
p_c762583b3c3a4ee5367bd335,Luis Vázquez
p_1d5460116d6a4b1197a68140,Joey Meneses
p_e03aaf916058acd54dcba305,Leo Bernal
p_88f9901fda4626a5d6806399,Trey Lipscomb
p_7868a9d4deb15c256be270e4,Anthony Santander
p_d87550835f9e55aff85922f5,Brock Rodden
p_1d7e8678c5830f3f0069f0d2,Wilyer Abreu
p_def17f3e4bab01c04d8516d6,Eloy Jiménez
p_031300a16afc4b3f02be8378,Mike Ford
p_e46a5ca70e47df5f3556de95,Juan Brito
p_c58578964d78032e94fe81f7,Yohandy Morales
p_36096c55ce20956d0ec5b16a,Luisangel Acuña
p_8de157e0bca34bc106b6633d,Heriberto Hernández
p_1763c2274b61c3817b119898,Marcelo Mayer
p_094352eb62dc9717947a5478,Lourdes Gurriel Jr.
p_d00457beb9814e5658a1623d,Pedro Ramírez
p_375a02679516c1818c1c1266,Carter Jensen
p_5c4251b6812026c9a34d5cec,Daulton Varsho
p_d06aa2b9b5e4ef1505ec6f1a,Grae Kessinger
p_74306f3854a2b464c1ad043b,Nate Furman
p_487446a58afe78ff3ecfe76c,Ketel Marte
p_555c31592ee254939e1d07dc,Alex Kirilloff
p_87ef808c4b08eb6444f8d2c2,Dairon Blanco
p_8f1da6c1c180e7d676934fff,José Barrero
p_685b9d77b47efb9b02896e29,Kevin Pillar
p_8b4dd804140aaf9ec7e45949,Willson Contreras
p_9a7cb306dcada31282e6798e,Jordan Westburg
p_0d7067889926958f567a5660,Jake Fraley
p_06cbedc06663d4a4e118dddb,Pedro León
p_eb6d41898fee1956040bc079,Bo Bichette
p_cfbb217be71deb0ce2565a52,Austin Nola
p_ba9a6a8ad42271f1fd10cf27,DaShawn Keirsey Jr.
p_4859c439772097b6cfd1b2e8,Tommy White
p_dc1b5f53ef5e0ed0bc3779e9,Tim Tawa
p_89571ae4477faeb62a16b64b,Luis García Jr.
p_9f829ba3526a16efa82e655a,Jonah Cox
p_98faa1d5523b21adac215d1f,Austin Wells
p_112dcfa6b46c45a399a719e5,Kyle Tucker
p_4b2704efc123de9d4cd81b10,Joshua Báez
p_fffb6de42175eb3a17278de2,Jeremy Peña
p_3f765e91616326426b8a43c2,Fernando Tatis Jr.
p_e30e83972eb9de495b775ef1,Will Robertson
p_6de35f5e278afdecbd404107,Justin Crawford
p_f5ccb86ccaa7d4867bf5f322,Trey Sweeney
p_0575c7ada041df0cca2d5549,Shea Langeliers
p_0f12b16a4ff92fb0e5d398d2,CJ Abrams
p_2b2e49a306624e102315f2b1,Christian Moore
p_dab598cd94a7ba9ac93e906c,Emmanuel Rivera
p_b78289d1db7944d769d0fd0e,Jake Burger
p_dc25209b8d6f78bd1ff199d1,Tyler Soderstrom
p_8da5a98f5e436023740fed42,Nolan Gorman
p_8d25944b1dbc5d259bcfda0c,Michael A. Taylor
p_0b240f9198bdb842e485f0f2,Sam Haggerty
p_975a1b871ed65b006a1ce607,Manny Machado
p_3349dec029f22a9da6c8acfd,Andrés Chaparro
p_71c91198b905a5433d8d1964,Daniel Johnson
p_324d7824f4bfab517e2b6f94,Noelvi Marte
p_83161ed742ee108f5b6c36e3,Ramón Urías
p_44767dae17d72f3b81e5e39f,Trevor Story
p_f24a8cfc5f92047e5da64ebc,Tyler Tolbert
p_d90ce2fb851e2bc7239d02d9,Petey Halpin
p_319f7bf62b5aabaa5ffbf892,Joey Gallo
p_8653cdcc68d87c5feacb31a7,Mark Vientos
p_1a7540f0f62bdbec1d46a097,Shohei Ohtani
p_9688f2cceb46676f818de1b7,Miguel Amaya
p_6525dc93ba2de7e1b5e75be6,Patrick Wisdom
p_7a73d79a099a02d80efb70ee,Alec Burleson
p_b30c41d7e4aaa89dc18b6ca8,Jared Young
p_e698dcef026ade5c5ee72b97,Jordyn Adams
p_60241008ac2f967fbc7ac69a,Kyle McCann
p_ca7feb5b66329358ea3d8c70,Matt Olson
p_45081ba883aae98afdbde4b5,Ryan Vilade
p_351d26feb9f6fce28b9fee01,Tyler Gentry
p_ba6f36e798456bccef1754a0,Austin Riley
p_f2aecc6efea41e1a036f128e,Walker Jenkins
p_66ae1ff3d59748406c4525f6,Ezequiel Duran
p_dcbd85c04cb775142933b0a9,Matt Thaiss
p_713f11bb66125b24c64ef2d1,Orlando Arcia
p_3431db6bc64346182f4c4a42,Gustavo Campero
p_a75bd301e57b0037086e420d,Brandon Crawford
p_12ab82bfc52a6eb89981c8ef,Kerry Carpenter
p_5908d1276c467b8673e9c5c2,Derek Hill
p_8a7360140004cc6743fef136,CJ Alexander
p_7edcc549a8856179722750db,Robert Hassell III
p_ad59e079dea6193c333f1d50,Harold Ramírez
p_2be2114f21490ac33af4d359,Omar Narváez
p_a26b0d1d7a4d2e958b5d936d,J.D. Martinez
p_1bb209cc519c61d5235cfefe,David Bote
p_a1e49d39df5862ee176ee61c,Jared Oliva
p_e98cd9ddacdea1f7cbfb388e,Edward Olivares
p_3e3e2bbedd618c19b7401786,Agustín Ramírez
p_26d4f21be7d206242e2e82ad,Sal Stewart
p_55ce304d590ded904d24a170,Luis Rengifo
p_b0c1c14191ad2b5fe0bb6695,Will Benson
p_437677dbfaffb9307669d08c,Zach DeLoach
p_00a842b7a9c3feb99c5d2652,Abimelec Ortiz
p_be86851c8fdfaf8c9101d78e,Lazaro Montes
p_ce85f63fda313884a0d3797d,Konnor Griffin
p_470f32c7b44abc752b626681,Dansby Swanson
p_77f5711fe36ce10120f5001c,Troy Johnston
p_6003376cc4c8466b26c0f396,Miguel Sanó
p_0ad68b951761f8685abeae36,Marcus Semien
p_ae78cc7b4d1225faed5814c4,Eddie Rosario
p_67d2d4c4c4eb75d44dfc90f0,Julio Rodríguez
p_9f9b58cf9004c9e1b74f4f5e,Gio Urshela
p_01f201d29bbe20594b827aba,George Springer
p_553976eb2ca8a6fbca85aa5b,Michael Harris II
p_785195735e0fd0b05abaf802,Henry Davis
p_f9f61f841dec5867c034e3bc,Jake Cave
p_16c8a61592460a4590a285cf,Brenton Doyle
p_824cdc22a5de973c43ea52d0,Chad Stevens
p_211f7fb6c05e6db6c96fd034,Colt Emerson
p_b2481482b385c3996645ecdb,Drake Baldwin
p_eee8adf491cb30aad8c0c2e7,Brent Rooker
p_abaaf883c7d31e3e9d08c0df,Sean Keys
p_93e2518a360652181cbea37d,Seth Brown
p_56e7275c3bfa42a75a7ac2ab,Trea Turner
p_981b2c7f83451c96f57a0b8f,Jeimer Candelario
p_cceba36110b2ebeda8120995,Amed Rosario
p_dbcf019d453a408f7f5ea336,Tyler Heineman
p_43458b1ca56bfc78e5851984,Scott Kingery
p_b4a85484b1990f2d6f0bdfb3,Edmundo Sosa
p_947ecdf17a188d0730de9d95,David Peralta
p_d63579b1fc968533fbc164c9,Korey Lee
p_e2a6b3fb9b9c46752f076393,Josh Bell
p_f833a627792ee898758f75c1,Freddy Fermin
p_44532242db028a1dd74c936e,Bryan Reynolds
p_8cf4729b5b1e0f175ee82c32,Stuart Fairchild
p_a9f4f65f0a9b44dc90bff976,Ronny Mauricio
p_cdcbefbb1f8b84d28eb17aae,Kenedy Corona
p_f3c0298e1129d97cb783a6d9,Shawn Ross
p_38ec0c549c03971eb5d0751e,Logan O'Hoppe
p_d570178e121f3df05edac8b9,Jasson Domínguez
p_e5347f57c079821ded2c546d,Elias Díaz
p_38d7241e29090de68e34bc2f,Willi Castro
p_aee447a6c35dd53e48c4ca2f,Austin Hays
p_296573835cf31c56650c558e,Juan Yepez
p_6fd1fe90f29da21b36508f45,Willie MacIver
p_1d811c6e48c551113658df8f,Max Kepler
p_a0e7bd6274c02cb716fec97c,Christian Koss
p_175842fab9c89bcc5aa79f9b,Lucas Spence
p_52fc31dada4e865b88f8ce42,Jac Caglianone
p_a3174cf7ae27e035227413ca,Will Brennan
p_886b7f89a26aadc1f2b85d10,Ryan Ritter
p_7f9a759746613f250bc043c6,J.D. Davis
p_824052e6b4549a4dea8cb103,Tim Anderson
p_7fdf70628f36e355ee189240,Cedric Mullins
p_a661022fd7a5d578c49f885e,Otto Kemp
p_d6b7a242fff972cbbb11131c,Victor Bericoto
p_2b1fe08d244d5a40da442d74,Brady House
p_d4deda86d7c17560e39f2e3c,Yanquiel Fernández
p_35208040ebe03471e689d700,Bryce Teodosio
p_abe047f07a0efa446f4a36de,Ceddanne Rafaela
p_4f4c4807eced6c528cffe237,Josh Lowe
p_5fe1104b74d64e331d8a6d8a,Joshua Palacios
p_5fea85dc160e063a71ff0504,Chris Taylor
p_4aeaa89aaf113965fc970e37,Brandon Valenzuela
p_18290ea252b0cc74d94bdd5e,Alex Jackson
p_5238beca8d2e0f1fd715c816,Colson Montgomery
p_554a078086b51a0bb83f41e0,Drew Waters
p_57be4bd64faf94f5f3184be3,Brewer Hicklen
p_87f490dd4c21b1925f6dc8a1,Bligh Madris
p_72f8986dd2cfdf854e6d9496,Mauricio Dubón
p_1c4fbcfee892342c211c40ad,Jihwan Bae
p_07a6c8c4d72175b6a105acc0,Luis Robert Jr.
p_e6af781faea0daa3f5e4bba5,Andy Ibáñez
p_64cd7f2056e556168afff712,Romy Gonzalez
p_4f3bc1771b25a9ec0fcdd80c,Everson Pereira
p_26a8a517c6eb9d8b6968c481,Matt Wallner
p_8010bf50d9cac90da8bc9c88,Jesús Sánchez
p_0ff6cb4481aa28b4e0ca248f,Will Banfield
p_8ac4131037b4b28af86c78e0,Tyler Callihan
p_d38221bbef65e1295a558373,Aaron Sabato
p_81415780b2596ba686e39508,Nathan Church
p_aa63e6f4e2c3594645947528,Moisés Ballesteros
p_26002612e707aa2b52e7ccf5,Eduardo Valencia
p_dde3e9d72e8ee8edfa0affd9,Yan Gomes
p_331c65d81b5f27dec479439b,Bob Seymour
p_08e4bf82f6f2d66a1fa3a6e0,Donovan Walton
p_376836ac6c44d0cd8f0e6415,Pete Crow-Armstrong
p_f66331a3c12fee865cf819b5,Alan Trejo
p_bae0c0ca4e440ae7ebfa87be,Brandon Lowe
p_b3db3fd1479982f0bec4782d,Blaze Jordan
p_d3826afca90b544836e2677c,Josh Naylor
p_985789a703b7e5dda8e9ee8c,Greg Allen
p_d95ae5bc4b628d992466bdfe,Gage Workman
p_865383c42752b60074bbe4fe,Jeremiah Jackson
p_b6baeecf55771a09c7e847cc,César Prieto
p_3963cee6c1170c337b8adcd1,Henry Bolte
p_bbaf8d520b3e4b79303a4fa8,Christian Walker
p_38f8a04f9f47cc23c7f6f886,Gabriel Rincones Jr.
p_b0bd0cc808788129b5fe92e7,Chas McCormick
p_2f5710d87213a367e88a87b3,Jason Vosler
p_0e75fbd620b0cf48a4036da3,Yohel Pozo
p_35c1c2bb04c06adf52bae69a,Vidal Bruján
p_67ec3f2da8b9029b41815808,Ryan Bliss
p_f5762196b1a003b903a92174,Héctor Rodríguez
p_37150007ab856cb2010415e6,Elehuris Montero
p_9b7916f908afc5ad14fc69e1,Jo Adell
p_cf3f4ae3890e2254a92338d9,Daniel Susac
p_47f99564c6141fbd9fdc98e8,Brooks Baldwin
p_1db0767c21e16dc27d7f56de,Jake Mangum
p_6767dbdb162c4ffba8c3f6e2,Warming Bernabel
p_f53b29c1e618b1122b53265b,Tristan Gray
p_14c16a139ce71b89830c7462,Samuel Basallo
p_636f8beec21f12b4609261c2,Kahlil Watson
p_4a235c477ff97898bc829321,René Pinto
p_15f8ccf8a612332d83edbab5,Jesus Rodriguez
p_9e7863714b0d9fb3f42de5fb,Mickey Moniak
p_af98e1612f34eb8f09c365ad,John Peck
p_8763904d13a29c644082b122,Byron Buxton
p_546beacef1d2c43d81d75a4e,Colby Thomas
p_86f910b92584149d23a7f526,Kyler Fedko
p_c3db81d681439dff2231b5fd,Ty France
p_28cfa428998c91d14340466b,TJ Rumfield
p_cbfcdeac8217106774120e81,Ronald Acuña Jr.
p_e5dda7a015da0e6f8878a81f,Drew Avans
p_1620fd75bf9b990881bb94fb,Estevan Florial
p_195d3875e4a4e1c784bd1742,Daylen Lile
p_08300de2db166bc79fc9aa55,Jared Serna
p_3005c6eda0c65dfb1cc1df82,Jacob Gonzalez
p_0d749ef06cfb038def92d34a,Jorbit Vivas
p_2a76dfb64033dfefb079ac19,Jeferson Quero
p_a04a776d277aaef9a5c0a0c5,Ryan Mountcastle
p_3a8dce49800801c45f47c67d,Luke Raley
p_9898f674ff0479e5c7f7a87d,Nick Maton
p_79aaf719317a8e1c19d2d0f1,Ryan Ward
p_dc17c00fb4098eff83ad0945,Jakson Reetz
p_f167598ae863cfb8d2f80c83,Kenny Piper
p_316c3f5d72b7ee1b6a59d1c6,Freddie Freeman
p_3d2334a857b6e51adfa60031,Cal Raleigh
p_6ef9eb123a894da47938ad54,Jeff McNeil
p_1ba7e160db8e376dbbff850c,Trey Cabbage
p_e3e72bfb6402dc5860959650,Sterlin Thompson
p_982c7d30cba9f37d0babd910,Nick Gonzales
p_9071059fd28809cfa6d5107d,Aaron Schunk
p_b961b94a0ef89d43a2df4626,Raynel Delgado
p_2724acfafc878fd4c34e93e8,Victor Robles
p_3e65baa0e05437e8c0238e22,Connor Norby
p_c28b6e659d4cd1d31d3fd474,Carlos Jorge
p_b6dc84a75a7cf2791b76bd90,Sebastián Rivero
p_7e3009efbeffd830f4f4947c,Andrew Knapp
p_c5887af215d324a64d8b255b,Conner Capel
p_603925421b21bc562bc8d1f0,Yainer Diaz
p_1c2555fab0a44a8694e53597,Salvador Perez
p_4d2f3224b62deb522c5a7b4b,Cole Carrigg
p_e7042b3a4a48a59d26470671,J.P. Martínez
p_4a8437ee4bebaa90e13d502f,Cade Marlowe
p_621f18b50bbd645f504f79b7,CJ Kayfus
p_af61f4a3673f38df8289bdc0,Matt Mervis
p_cd8327f6161b57f3f657aa12,Cam Devanney
p_0223f9d06027dad935426645,Rece Hinds
p_454c91d5fcc247805270d694,Kevin Kiermaier
p_65ee6b89f5da180d967907df,Victor Mesa Jr.
p_d504362765d4fdc09d58f8e5,Ryan McKenna
p_e83f3f564dd2b5664ce6b129,Brett Callahan
p_9c59d61635350a13a9c13013,Braden Montgomery
p_dae2f3444392e0e6d8dd111e,Hunter Goodman
p_6af69ff4c947bafc8bdfa219,Paul DeJong
p_642ed1c34f4044682830b533,Tomás Nido
p_5c4cb1ace5ab0cb3639ff9d5,Logan Driscoll
p_cc20023b077f71dea170b091,Bryce Harper
p_3664d107759fe0ae5d9df463,Ozzie Albies
p_930018ae093acdca3a1df102,David Dahl
p_9d3953aace9cc552e3437bd4,Tony Kemp
p_8b75f6dd6e7e1631db64e1a5,Eddys Leonard
p_0b8d12717e3a41fbb14e5a16,Kyle Stowers
p_fcdc1e9000395bc51889594d,Edwin Arroyo
p_29babd6dfaa7f1c5b531c939,Bubba Thompson
p_be403a9b2db4f3802c9f3b61,Will Wilson
p_b48a95e5e1067a48dd41f230,Nick Castellanos
p_8a7e7a5df7676ae9c7c629fc,Jackson Merrill
p_27a4e13bd2bd883ef6cf0f68,Christian Bethancourt
p_aef920456938e5f9afd72c40,Nick Gordon
p_1953b3d3af65d23444c515f1,Spencer Jones
p_0b1f16cb17d8c26e63a90351,Ezequiel Tovar
p_5de0072cc1f71760e7c2b7ed,Sandro Fabian
p_6fe2cb97cf136fac4714f88d,Oscar Gonzalez
p_306fe9c0d735d7f46146c529,Corey Seager
p_266dda02b008d139eaa0dd94,Carter Kieboom
p_f5d405fea4374fa2a900237a,Zac Veen
p_2edd0c65fd9d7083ec14ee56,Rob Brantly
p_c976b5ed3a90322fab9c4c0b,Grant Koch
p_6ff147b20b3f78ed8b9c9689,Trey Mancini
p_3a324011f98fe54cc350fe8c,Jorge Alfaro
p_389b99cbd5540993eb203758,Michael Arroyo
p_92a5c84cbf7e841a01387f4c,Jason Delay
p_e5035a422690248169e08d2f,Avisaíl García
p_f611f93f45e5de5bded63a02,Gabriel Gonzalez
p_3c10f22a4bf9b71fc77540b4,Matt Duffy
p_9f41c4ea0bb0de1cf909af57,Rhylan Thomas
p_de87ba791d7966ac280a6b12,Stone Garrett
p_57a24cd404479f596a120e45,David Bañuelos
p_9db21c2d8c351555038c457f,Chris Roller
p_c577326f836c03a9ca2b033e,Eric Yang
p_9662931fd6e838b9873e1c88,Terrin Vavra
p_b13319e24b3552eff64d85bc,Miles Mikolas
p_1bc10c46af1102c5ad69d61a,Randy Vásquez
p_2a1152fc4795fbb48f10c0de,Jack Brannigan
p_9a77feb051159af9aee2063c,Victor Mederos
p_f33b45e0082d9a26a8b16000,Zack Wheeler
p_cb0a1ee1967dcd5a0313f1f4,Seth Lugo
p_a22a4d8b57e5468ad3a65d76,Corbin Burnes
p_4ab1054e1b4679af5e62847e,Logan Gilbert
p_b7580c74682c1a1cc5d24abd,Tarik Skubal
p_a6d5aaf96c6c17db57e8301a,Logan Webb
p_c1803acfc69807176b03fceb,Cristopher Sánchez
p_0738eee4fb6a62334e2dc6a6,Garrett Crochet
p_bc1f7345b1d67fbf1e7c9f68,Yoshinobu Yamamoto
p_f0656b8cbc96ad065e088776,José Berríos
p_9e7db66bfc565b709fe46853,Cole Ragans
p_1e13703553ee4e761b93a8d2,Hunter Brown
p_e4a10c7f007942d7d013ffa8,Bryan Woo
p_371a1a346ec1e2f9db0ad977,Michael Wacha
p_961f6e00dd2d95905acb6d7f,Sandy Alcantara
p_288584b43feea72ac1e47a2d,Aaron Nola
p_5df36053416da5d9071410b9,George Kirby
p_c9c4b9c76960c47b342a00fe,Max Fried
p_0e089b0f2e016b32a874b52f,Framber Valdez
p_507b63dc847892834d7e97af,Paul Skenes
p_5d4e00ed942914f0c7681334,Sonny Gray
p_64eadd5a9c1db68fc646be45,Cam Schlittler
p_7af86937f30ec89e1f92abe3,Nolan McLean
p_28d92daeded3b1264245a417,Tanner Houck
p_047b68f0283821a84162e4c5,Shota Imanaga
p_3e586e64329db1dd04a4e3b8,Nick Pivetta
p_08803fedfc7e3b44562070ba,Chris Sale
p_9d5fc19a3ec0a2b92dad5383,Eduardo Rodriguez
p_17e93d5e2f0eff121bd2e922,Tanner Bibee
p_3f6b96f16faf2d5c1aa44e0a,Pablo López
p_009e96c410d3379760f8b1a1,Bailey Ober
p_6fd30c7531d5bc78103c740d,Bryce Miller
p_bbcccd33b7c810cfa8337201,Merrill Kelly
p_410328aef7c939f61d4b7528,Carlos Rodón
p_e0efd3ededa73ca4e4f7ca65,Jesús Luzardo
p_7108c469d40316795ab472a1,Michael King
p_2442495cf935c13e35ace791,Drew Rasmussen
p_fdea2ad4794d12911ab12ec2,Cade Cavalli
p_5d9c98b0173958f4c189a129,Jacob Misiorowski
p_e596c20f3f965f74f208c29f,Matthew Boyd
p_9cca23a301a8a13d00cd6848,Zack Littell
p_ffe00fc2f01b7827200e26a4,Ranger Suarez
p_670e72cdda746fe85f68a08d,Mitch Keller
p_2f8502e30665a12d3037adfa,Nathan Eovaldi
p_ab34ac7065869093f97fd7ed,Jameson Taillon
p_f092d568b762f9e2d2d576ac,Kevin Gausman
p_2c23e59d57f37af52a2c0170,Dylan Cease
p_1462eea9ad139526006f6fba,Jake Irvin
p_5622eaf6fed51b2f0badc28f,Robbie Ray
p_b43c67aae95620f8ae32f063,Brayan Bello
p_663ac2743b68ff849ac3f794,Nick Martinez
p_712ae68dc57df5d305f2eced,Reid Detmers
p_be090cb91da8fbee3ef2244e,Michael McGreevy
p_64e8114493f21a3998e972c5,Sean Manaea
p_f6d0db5ece194fe2beb1ec11,Jack Flaherty
p_7b1334fef8ae64d523ef1f74,Kutter Crawford
p_bf86f5798c2e549b7fb30ee2,Zac Gallen
p_2fad58b9923436119be174e1,David Peterson
p_54dfc42aa6e80f0846f08fcf,José Soriano
p_c5178381d162a4b5d9527eb0,Brady Singer
p_3213e22dc02292b898d8651e,Foster Griffin
p_80b914cf66fe72410163fff3,Taj Bradley
p_dba406ee26bfb7503c1bf27d,Bryce Elder
p_c2941564b78650e8c80a6590,Tyler Glasnow
p_9c980b6b55a25e9cec08f624,Luis Severino
p_865cf7963df08564ce6cc619,Reynaldo López
p_97392f4b9a9bcd3580abacfa,Ronel Blanco
p_1495f8ede09487e68eb6132f,Jacob deGrom
p_61ff0cbc6adc34d5b5e66201,Lucas Giolito
p_4d320f12f7ed1ac1d64a8564,Kyle Freeland
p_ce22d4726510344d78fb2e38,Jeffrey Springs
p_6d19fe3af838d3bcaf19f868,Joe Ryan
p_09950035a7c10e145070d051,MacKenzie Gore
p_73a90042ce9db308c725c28a,Ryan Pepiot
p_87ce29e2ae2416664b1444de,Nick Lodolo
p_1142060f4e1e790850d30e59,Gavin Williams
p_138ed44a822bb4b34b68d8d3,Parker Messick
p_722d2ece3768b71aafae93e6,Kyle Gibson
p_2553085f66061508335f3fb1,Zach Eflin
p_0e56dc24388067d6adf8d91b,Erick Fedde
p_1107fc33dd7fa76b67b0e2f6,Nestor Cortes
p_8961924234b18a32fc5f7a2c,Ryan Feltner
p_4d4066d01c2accb962e2e48b,Hunter Greene
p_b9bda4330db43c739314fce4,JP Sears
p_1577c13241c98d1b1b25a065,Brandon Pfaadt
p_1d99fee357b2b193b50cce26,Freddy Peralta
p_dae2cbdd6aaffa6c61bee2de,Spencer Schwellenbach
p_2043005deaaf8693e9eef0a1,Dustin May
p_10a3e264d0d762f0a6116bf0,Shane Baz
p_d931f098ccb7246a53c02b23,Braxton Ashcraft
p_574ecbd5a49e1ed6c42b24dc,Brandon Young
p_3751299442003f8a18705d67,Walbert Ureña
p_601859fdd8080fb55daaca88,Payton Tolle
p_eef46cfc49e692afb37dbd7f,Charlie Morton
p_d4a9b50b3224024b900f4e0c,Jose Quintana
p_fac8fe6d0d4a7a73a2dc5d0b,Chris Bassitt
p_b953f455340d5c6f3524bb9f,Tyler Anderson
p_0b16c16d0a16de2a6363baf5,Austin Gomber
p_791b3683027c9d8d92b609d0,Cal Quantrill
p_aca14cb4cc82e85ca78f4fe7,Yusei Kikuchi
p_b780c726b42fc01482d044ea,Justin Verlander
p_d102f410880190d0edf406b6,Gerrit Cole
p_5e4a0f72ee5813838f4aff38,Kyle Bradish
p_0760b56a9e63e457fb539e83,Emerson Hancock
p_145721815ffdf403b65c76d6,Eury Pérez
p_79db076d96a757be408fc0b5,Andrew Abbott
p_05f3918b6278bcd6d3856315,Justin Wrobleski
p_021a6060a1c63e57e8422db3,Justin Steele
p_3d69f7e4ccbcfe929ed1f539,Grayson Rodriguez
p_c4c44a2d23e9ef69818c59ce,Mitchell Parker
p_bd6b04cc22b9019c2ae60798,Jared Jones
p_c58b2320aec9252222500ff6,Kyle Hendricks
p_f90f88e0127db2447d6b4b6b,Adrian Houser
p_71ab6c91e583b9c4b88368c8,Kris Bubic
p_c341da0c4ed0d8e6d65d1eab,Matthew Liberatore
p_9316c4dc392000b5e1ac832e,Spencer Strider
p_b6c41e8a47dd22519ed59712,Slade Cecconi
p_c9127bf6fe2742b6cdf5e2c0,J.T. Ginn
p_bdacaf18408f4db91a1d636e,Sean Burke
p_611b50d11016f9e5bac93980,Landen Roupp
p_d414670609afdbe251cf99be,Noah Cameron
p_61ca94d7e3be2cbafe733df9,Zebby Matthews
p_6a42955399901b3739b52d45,Chase Burns
p_6b1df727707867d59dabf6fd,Joe Musgrove
p_517403ae3a1b79a433390aec,Blake Snell
p_340afab40ed7623681903f52,Chris Flexen
p_d0fba3de9f79f83a683ff425,Luis Gil
p_a040d5160e3ed9b54434cfbb,Matt Waldron
p_1a9664c7606f6cec4ea22078,Gavin Stone
p_00db9b547e0bd1fd32f9c6bc,Spencer Arrighetti
p_e10fdff8ef686e5845a7cfee,Tomoyuki Sugano
p_e68383f7b94770edd764c7c7,Tyler Mahle
p_7fc47d0e04337c6e07cee05e,Grant Holmes
p_2404ba19bcc42b43ba8eb726,Peter Lambert
p_8ed8dc08bf2fc22b7d5fdc9e,Casey Mize
p_61f4469f74d0edbc18e77e21,Davis Martin
p_f59ee04f5b058c3f109d1631,Andre Pallante
p_f468eeff6fef7a47f63cd456,Patrick Corbin
p_45b474063e26679f1fc83858,Marcus Stroman
p_068e7224bb054c1a9b281e8e,Frankie Montas
p_dbe5f8eba79f31ae2fbbef12,Michael Lorenzen
p_4b5cf5b09427a2ddf59454fc,Ben Lively
p_df9fd20dc552186aecc92c54,Dean Kremer
p_5485d94fef637de4cbcf9080,Reese Olson
p_f63e3a5b237a41953e0522bd,Kyle Harrison
p_7b5211dc885fe1586bfbb758,Stephen Kolek
p_537e5057a32900098a2e0d2c,Quinn Priester
p_80109ff6858568ad86000aec,Keider Montero
p_38048eea2f7c671d69ecd76b,Ryan Weathers
p_8f4d229bdbf5985172a873b9,Troy Melton
p_2cd1bbdbc7d02b4f5c0e4a81,Jake Bennett
p_7e394fbf190746b9460471b6,Martín Pérez
p_583ce1d38f5dfec0877a25c3,Aaron Civale
p_6812838b39eb2c709ed072fd,Bailey Falter
p_f2af4380a6d1108c9d507592,Joey Estes
p_fde48aca5839877a629d3e92,Cody Bradford
p_e341706f55862548e5ff2e3a,Jack Kochanowicz
p_c503ccd5d3a208e3f2d4b6b2,Clay Holmes
p_05aa5556dc44afe342917893,Michael Soroka
p_06e651953c3bd0bdc9cfc631,Will Warren
p_340fa49b390d7ccae182eaa4,Zac Thornton
p_1c9ce5d33c1c9e8c3cbb9d38,Lance Lynn
p_c6edb861266cca1d8b7777f3,Albert Suárez
p_b587c6668989d0e27a04034c,James Paxton
p_e6f97a8200763e284decf5ae,Paul Blackburn
p_2cbdc3dc2d503fe047479492,Jon Gray
p_bdd33abf9842a85d639efdb4,Andrew Heaney
p_1af5dd31a0e578895fc78c7a,Griffin Canning
p_c9dcb3032a2a934069d036a1,Bowden Francis
p_2bd83f835d274b547829f07c,Tobias Myers
p_f6c81be67460a702270428c3,Simeon Woods Richardson
p_a98211b93d765f76eace7471,Luis Ortiz
p_3f22e91a73d176ec1adc71e5,Jonathan Cannon
p_79c8921830ad0b38d9102933,Walker Buehler
p_f8aa57bef4644632c1796d15,Clarke Schmidt
p_a67d7439eaa5a301707a0a3a,Edward Cabrera
p_17cd91dbd7209eb72b5b0bc1,Jacob Lopez
p_9e5c30cb0c6ca9351a90fc5e,Logan Allen
p_c665cca64b9d1ec36d25bc81,Tanner Gordon
p_1cb2a2b9966604f2d0295576,Shane Smith
p_947372bfc438cf39d3a30665,Max Meyer
p_747ca9b3f8488871801660b7,Andrew Painter
p_9437e878d2b83f99c586279f,Logan Henderson
p_4d31d759d710f8357e79536b,Connelly Early
p_ed0b1e6b85550910ed5ae415,Rhett Lowder
p_6b8cba5bfea707d3dd734524,Roki Sasaki
p_23ad51a9725fb7e2007c6f4a,Trey Yesavage
p_3b39342b8d03af7adee187b3,Jordan Montgomery
p_e57a7daba23968e0156d47d8,Javier Assad
p_df19938cec41a3349a09f13c,Clayton Kershaw
p_0f524fd2285c4e78f5fe8913,Max Scherzer
p_5fad378e158b1cb676afef64,Germán Márquez
p_2d89951f468f9685aecc45ef,Brandon Woodruff
p_67a7d083510fbec26f1ddc04,Chris Paddack
p_d240081eb8e6f1ec895ecf2d,Janson Junk
p_2685c99f10ed43abee99e8eb,Brandon Walter
p_6b4f95ec9ffb4fe368a2576d,Kodai Senga
p_406202e17ebfe7ebc319947f,Eric Lauer
p_27e0d2a201c5411cd9ea636f,Anthony Kay
p_9a46a6ddde714b6eec1220ef,Joey Cantillo
p_8d0b8540a9345dbadb133c54,Kyle Leahy
p_7c334178878220517ce9f328,Ian Seymour
p_f9edfece5784edb36ab88e12,Robert Gasser
p_a8a4ea29b153fef404ad3bfc,Emmet Sheehan
p_98cc697758a3fc95df098ccd,Kumar Rocker
p_e2d37845ff1ca163da8b0647,Gage Jump
p_e04c5d25f1824514545fac27,Yu Darvish
p_62d8cc1fd9a19696b5c7bebc,Alec Marsh
p_e1028a068737945981339ed0,Drew Thorpe
p_ab80696a06cabb94d0590e17,Jason Alexander
p_da96852b71c08e176dbccd2d,Chad Patrick
p_071efe5abc6c6857d9f21866,Cade Horton
p_0be188f9e14bb7f25e2107af,Brad Lord
p_c6a0ec40c899f7b2c1dfc7bf,Trevor McDonald
p_f50562cd42d6cc25aedd76e1,Hayden Wesneski
p_20593f1b2a54d619214da9e6,Shane Drohan
p_ce2c49b4be7d2bce7223a6a0,Bubba Chandler
p_d8294ef5eca4c37e8697abc1,Ryan Johnson
p_77bbadf5f7c9163e5cdaafe1,Tatsuya Imai
p_bbe0b0144e2190d075a1534d,Carlos Carrasco
p_85b6b51460e6caff3e2dc94c,Dakota Hudson
p_f2200b5fcfbd381ace4f2861,Cole Irvin
p_36dec542a06db312dff05ed3,Patrick Sandoval
p_05853e333f5ea183e286e9f3,Osvaldo Bido
p_4e095ac42b4a01d1fdf29e14,Keaton Winn
p_96da67a0f111aef3da8d674d,Mitch Spence
p_d0cb62e3b68e340a9cdfacc2,Taijuan Walker
p_d121e0bd4eedf6095d6400f2,Ryan Gusto
p_036ba95158dbe1470dd58b5d,Chase Dollander
p_8c0d1d717f319b2244abe8ac,Hurston Waldrep
p_9d536cb354f545a79cf263ad,Shane Bieber
p_aa82bbb9131dca9e098c8636,Shane McClanahan
p_b089c61cefb15acef80e4522,Mike Burrows
p_3a56b40b2c57dca6ae8cf58e,Andrew Alvarez
p_b73b5615e068b80f9b259d86,Connor Prielipp
p_54517e847736a45c8b1dabfd,Brandon Sproat
p_e75b990817978805c31533be,José Ureña
p_b27e7408b46d9fc16441348e,Cristian Javier
p_357a85c29d85f1c884799b6b,Triston McKenzie
p_390110644e6ab59d439767a2,Jordan Hicks
p_7ecdbe2c0870f558f16c0f62,Tylor Megill
p_976e3a7c39f544bd2cb08e53,Hogan Harris
p_2dcfce41c52f17e2ea97a04c,José Buttó
p_14ae2075371d15014297c7ae,Graham Ashcraft
p_2fe467ab0016ba802885d94f,Cade Povich
p_22dafc9081fa932d292f968b,Christian Scott
p_3f747dc1e443a0eecfacc566,Lance McCullers Jr.
p_0f35ba84bee190d22ffef471,Joey Wentz
p_966e3dac59619c0b3134996d,Ben Brown
p_cd40861ef86e0e814d873098,Hunter Dobbins
p_20987c55f1b40e76f29fef72,Luis Morales
p_3dac456e39a26258f30d8eb6,Steven Matz
p_0656788e350d8a313901326d,Randy Dobnak
p_c1b16bac113e009a04e9d07b,David Sandlin
p_a2aecebc9a8fffbbace22e46,Quinn Mathews
p_98cedc43d09633b49be8cd89,Aaron Brooks
p_ad8eeecb96286785de1abf84,Joe Ross
p_8dc600cd6dc3e922b73340c1,Ross Stripling
p_dccf73052bae55c71948ac4c,Ty Blach
p_ad6909784deaf0a3417eb39a,Marco Gonzales
p_ae1758e742025670aed362b1,Spencer Turnbull
p_1bc96b69650b53d4181682ff,John Means
p_17ae1171e92abea6543117d2,Carson Fulmer
p_74b20b99d57a6b4b6dcedc0b,Kenta Maeda
p_ac8c5c8e84a95d130d682758,Dane Dunning
p_30abefb7f554a01f12b64dc7,Bryse Wilson
p_44f4ae0a56e818f589465db9,Tyler Phillips
p_f59021dc23b8ddcf8911efd0,Braxton Garrett
p_78a8db997f51090cfa594d12,Valente Bellozo
p_48ed2ab9579a71195ddcccb5,Roddery Muñoz
p_1d04d6b4f85b55c57efccb93,DJ Herz
p_f30c390b26bea6c21a518118,Alek Manoah
p_8c118f1cce2683232f54416f,Bobby Miller
p_6c40682dd21198f710fbe38c,Landon Knack
p_19d2c7ec4ec2d984744eb5b3,Carson Spiers
p_6195a4077f4c42e4300606dc,Yilber Díaz
p_c77633fc44aa9ab70e90b313,Julian Aguiar
p_5121fdde417f3fec548f247e,Yariel Rodríguez
p_c8060e0ca736e951c5c4b226,Antonio Senzatela
p_c564f60ca570a42cae848b9d,Ryan Yarbrough
p_76d7ef74cfa636d8b9d155bd,Tyler Wells
p_71d09db50c9a74cdff2daaa6,Mick Abel
p_ccf29ec3fb51dbf128d874e4,AJ Smith-Shawver
p_9ee9c215a9d6f5a3f657cd3f,Richard Fitts
p_fcd7de7bb40bf45a6ca34cdb,Jackson Jobe
p_21f61c9eb57c439c5f062747,Logan Evans
p_acd9809fb06c81109d7ede29,Griffin Jax
p_6044522bb4db536c31e7ebbd,Kai-Wei Teng
p_337ef551541514c24ce1c46c,Brandon Williamson
p_1d309b98d8a85dce0f5ce922,Mitch Bratt
p_9c5835d74dcc7b3894b01124,Jack Perkins
p_5ab8edce0d7c479009e600fb,Noah Schultz
p_787fc132ba01ef35f4778403,George Klassen
p_55e574f16580d759578c1035,Kade Anderson
p_50d4e397106240e0c7cf8955,Alex Cobb
p_5949a975562cb5d265b8efb1,Johnny Cueto
p_86a05e73061b5c85d481ae47,Jakob Junis
p_b72ebc231db586acb779e4a0,Alex Wood
p_6051aedaa1ffd1edd8a1c7d7,Elieser Hernández
p_922ce00ab6c0df908faed3ae,Trevor Williams
p_405a9bb9a8d4038496db6077,Domingo Germán
p_f1199c5e49b77b823fde65db,Jake Woodford
p_880a7122ece62032e449d29c,Cody Poteet
p_6fc12edf18996e0f7e6f48b7,Joey Lucchesi
p_3b001d380829e3ecd576b48d,Zach Plesac
p_6742bb24866a356b030b45fb,Adam Oller
p_95392905d93b5acd647d89ab,Luis Medina
p_5245cf30e7834dcfe275a8b3,DL Hall
p_6cb98ada7d3e5f6be65307b2,Cooper Criswell
p_4946d0fafc0d0ae33e1e930e,Brady Basso
p_45d1721e6163fdc317003890,Tommy Henry
p_7837da98084befe7500c0de1,Sam Aldegheri
p_0ba0cf7f94e74b8472593f01,Davis Daniel
p_87e0f824b432c68de2f1cdda,Louis Varland
p_481d55069fc331213e830346,Joe Boyle
p_6b165b11cbb8b6da8b0086b4,Ky Bush
p_4c194f41ce28357fc1243e0c,Nick Nastrini
p_6e790db659e42b2e8a36e62e,David Festa
p_9085615513755fa3b7c88ed7,Jordan Wicks
p_008193aef738335244441232,Caden Dana
p_d91a1459eee9777c42e1c294,Hayden Birdsong
p_474b86765aff2f081bf6d73e,Adam Mazur
p_671b4ce2c3ec28ad663bf922,José De León
p_4c286b6792cd590ac26d8de5,Nabil Crismatt
p_d25ebff370ce4e9202042d61,Tony Gonsolin
p_4f7f8b7fa67c451b93b2a673,Kyle Hart
p_d193c859382463fd2178915d,José Suarez
p_2c26e1db411b6f9ae4a8f391,Jacob Latz
p_61a1626abf71f19b3b31904c,Luis Garcia
p_fdcc3c57fc1404d67ef4d33f,Bradley Blalock
p_d7f2444c7ee2b6c235a4afbc,Ryan Bergert
p_ee453cdf63786502116e53af,Colton Gordon
p_53113de0a3652a86f1ca5db8,Gunnar Hoglund
p_543d7c89d0a82ee568c8f70d,Mitch Farris
p_1c8acb186b9d936cb16ba8c8,Drew Anderson
p_f8207c80dd8d374f9e4cc152,Luinder Avila
p_1fdde08b956b0483e041f3c9,Anthony Molina
p_de4f248f197b6ab7761cb09b,Carmen Mlodzinski
p_b1328268064abefd3bdcf6ab,Cesar Perdomo
p_196c6eaaf2744d528518f12a,Gabriel Hughes
p_0dc12b093f01fa4ff1998e35,Mason Adams
p_028d1e47ba08f397b36a0b34,Blade Tidwell
p_7c9ea4fc0117961c6e7b012c,JR Ritchie
p_b773b485dc612974de0ee445,Elmer Rodríguez
p_d27727ac36c7fea7168491ea,Jonah Tong
p_6bd9055b9b59370a6fc21176,Matt Wilkinson
p_be418d076834b45c8048ba6d,Trey Gibson
p_9f6304b8a80236b39a4e952d,Jackson Kent
p_398375b387379868974113bb,Adam Ottavino
p_a74949d88b7daedac5120581,Matt Moore
p_2efba3d8e54fcb8d1f5d09b3,Kenley Jansen
p_ebf87ec113e8b0f2ee8c9137,T.J. McFarland
p_0a9e5be56ba3b13df244ae59,Justin Wilson
p_9a2d81e4416b5d202f89af5f,Rich Hill
p_19886110b6dcd972d0c14702,Jake Diekman
p_2f71255f874e6218b662dffb,Anthony Gose
p_4b322b3e9defa92b5a488baf,Jesse Chavez
p_46e0d496d589ec6fa5a35f6d,Ryan Brasier
p_31b06a37157510ce6f137ea5,Huascar Brazobán
p_506c34ec95a49eab8809e580,José Cisnero
p_e68edd55c4d8c0af8968ba6d,Craig Kimbrel
p_8880971f606de9b78dd3888b,Julio Teheran
p_105eb80f07e805c7f41287cc,Chase Anderson
p_8173ffb07b31af325e136f10,Luis García
p_cb86fe05321827f7f78d2eac,Ryan Pressly
p_5f3a7362e91d4ab5df634fb9,Fernando Cruz
p_ef9ac8df49ab7c6a9ebc2fcd,Daniel Hudson
p_a8c67e70985f14ce429ddae0,Jay Jackson
p_b3a7c5aed16fde1a1c9646ab,Jordan Lyles
p_64d490748b87ded9dfc75248,Hunter Strickland
p_9076b798a4b5e2b1261682df,Will Smith
p_4b44b90f8b16f0886fdb1b68,Bryan Shaw
p_cae67aa5fd092dca6407ccd8,David Robertson
p_45001764ecf663eac4f8b3d8,Paolo Espino
p_a743e95c751b76805136d443,Wade Miley
p_4b42caae2c74a4d78fc1d2c5,Kirby Yates
p_4a61ee00a03f40227f39bfe7,Casey Kelly
p_b8e7260c715ab6868bdb2928,Dallas Keuchel
p_0dd482b615cf383ea69136e7,Joe Kelly
p_b28716a06c47ecd76023490d,Tyler Matzek
p_fc18f428295d7ad8c21b667f,Brooks Raley
p_edfc64041b7ee8740960ecff,Caleb Thielbar
p_e19d9b502abd2d1b0b07ea2a,Shelby Miller
p_2d5fe2afb55076421b84c2d7,Aroldis Chapman
p_1d65fb95d62bf324cbf07c1a,Erasmo Ramírez
p_f42b4ea020ded781aef89044,Michael Tonkin
p_0708260b07e6d68ac2144df7,Scott Alexander
p_fcfc53d5722908b7e8dbd95e,Chasen Shreve
p_e6fec1bda868fd73d22c55c4,David Buchanan
p_1538868d7d068cf244dceb49,Tommy Kahnle
p_91e293fc173a9d904a772bf9,Joely Rodríguez
p_e0e812f1c8d46069cedfdc3e,Luke Jackson
p_5e8925f005913ee0f1618cf9,Drew Smyly
p_e0742aec163e8fe5a829ba96,Héctor Neris
p_43e8e7de2aa77634ff94469d,Chris Martin
p_076050d971510ecbad0e9fc2,Jason Adam
p_53d24520cb624430a2f98b09,Matt Andriese
p_c385db74ca850410df462be2,Yimi García
p_a0b216e0f9bfe85b303b93e1,Jacob Barnes
p_3d7dbeb61bf17e62ef16d36b,Blake Treinen
p_837f519177f2a1626b0c66dc,Nick Ramirez
p_a8216ccda0a59c4e665e7874,Rafael Montero
p_c64d1a71e8b698a4cf973c7e,Chris Devenski
p_41d77fd79c69b4fb06385e5c,John Brebbia
p_a41a3c5bc64b1e0489feb28f,Burch Smith
p_438ee9a2108e62d8d14a062a,Michael Kelly
p_f5a175e1a118851fbe27adfc,Mike Clevinger
p_9deb7e402f8cf109d514cac1,Andrew Kittredge
p_000215aa0a15c0d7ca6d5492,Shawn Armstrong
p_d3e47d25df32e1ad7d0af3f1,Matt Barnes
p_df9f7a1ee43910f98210f8d4,Andrew Chafin
p_34bc3221b86d4e88c7290269,Colten Brewer
p_4cc8481b752dd06c66c19299,Derek Law
p_2593790323a77719d1ad29bc,Jordan Weems
p_12780f961a8d02ecf5b286c4,Matt Carasiti
p_fae8649ac857a8babf1bdca8,Danny Coulombe
p_74d9cd5a911ee5ed93663d77,Hoby Milner
p_2fe0952723b6deaa12d3a84d,Dylan Floro
p_4fc08c6725ad3ff7c1ff7ffb,Pierce Johnson
p_87897e21381c92d01d1670b6,Taylor Rogers
p_6ae7476d65dc554f359685a1,Lucas Sims
p_f154f9fe1937e83897788168,Matt Bowman
p_f5105d7ffd8537ed91519f0f,Steven Okert
p_14f528eb56e4572f1129bda9,Tayler Scott
p_27324270b19268ea7ec3bd41,Tyler Duffey
p_ea314bca6aece5d192c6a5b0,Chris Stratton
p_48daf3a6e4a07aaf03e5b9f5,Dominic Leone
p_083a307fe1bbd39e5f440923,JT Chargois
p_e5489bb69c8bf14362185b49,Matt Strahm
p_c6fe83c37c19de4b17ff68ec,Austin Adams
p_53fdc6d306dc44415d488e16,Paul Sewald
p_a52253efb8f29cc26461b906,Brent Suter
p_f542eded5fa5eaaea2b03d47,Josh Hader
p_7343ba7168344875dfbe9cf1,Wandy Peralta
p_1f226d7dd4cee0150a1549a0,Joel Payamps
p_50a6e9c1c666d881db32bccf,Amir Garrett
p_1ec5d767370010c2eb483d8d,Yunior Marte
p_8b9fc4853bbe568397d06018,Jackson Stephens
p_93445d5aee81e00b4b4b6245,Thyago Vieira
p_a882285ec2332d4e35f9aea6,José Leclerc
p_85531f0435fe2167b6bec63d,Jorge López
p_cdab5985b61ba75e14c1e3e7,Carlos Estévez
p_fa348e8a3e9e503fc5deebc7,José Ruiz
p_dae655bcb2a707499b8da77f,Anthony Banda
p_376d0bc3ddfef255ab3b02c8,Edwin Díaz
p_c6716b5d047aa3a75c1a7155,Wes Parsons
p_a14b46668a060bb5629886e6,Emilio Pagán
p_719c3270536f32ee5a0cab9c,Buck Farmer
p_64b62a02d557250c812ea353,Joe Mantiply
p_e23cb32e39c22be655441929,Sam Moll
p_aa7697cf5a882c559b3d3e0b,Chad Kuhl
p_883740bad3b28e292abab968,Giovanny Gallegos
p_7f60fe780813d2e2f804a47f,Scott Barlow
p_b8cb9339000eda49122a846d,Kyle Finnegan
p_61df43fce399be15228241c7,Tim Mayza
p_65fc75eaa7cdf02f389515d9,Austin Voth
p_6c82e9a0b6fe945635df2c80,Yency Almonte
p_b761f7b76b0b90bfde27fc8b,Rob Zastryzny
p_86d4f318564ae46eea8fe038,Ben Heller
p_c16ceee80f9bfb1fec04cdfe,Justin Topa
p_62a495f725057118b14d6d31,Alan Busenitz
p_a1dd30c06e29129ba5461f1e,Cole Sulser
p_698c1fbb5228d2cf69809244,Adam Cimber
p_f1cf0f16601e7d69a26fa260,Austin Pruitt
p_b0cf8ae2b004dce051b6f4e5,Kevin Herget
p_6dcc3d04cf7940b67bd6d46b,Hunter Harvey
p_37fb98747cdcda0fbfec7784,Tyler Rogers
p_b3697ca3b8353e7da5444993,Mark Leiter Jr.
p_5738a2c4aaf235e3c5ecf5c0,Chad Green
p_13e78e88a5cf19b96c5da64a,Miguel Castro
p_aebf4132a23ddbbf57422ae5,Brad Keller
p_a176d16092309e0d3e01dbac,Joe Jiménez
p_dae721ae0af6fe067aae9fe3,Devin Williams
p_b3fd9a51515080534ee8cdc9,Kent Emanuel
p_3c08e81780e0bae6ae834dda,Ryne Stanek
p_189ef471ebf98ad9643484c8,Brady Feigl
p_b2fab903e6ffc323ace73400,Cam Booser
p_482534e7ea7122d637d036f9,Nick Burdi
p_ab8444dc7f51611939832036,Jordan Romano
p_f2ee16b90f95f0ed772fe7aa,John Curtiss
p_983ea2317782126a9a51ed6d,Brandon Leibrandt
p_ea7c0edc46772cd2ffdb1820,Justin Anderson
p_cf9fa37e74c0fa0c64a54b23,Tejay Antone
p_132c5c809400e7c9829c64f8,Aaron Bummer
p_cf41ac27465da6068c022374,Jesus Tinoco
p_d760dcb24e830da1cb5d314c,Gerardo Reyes
p_84b3dc8e5e6f0b9d01b0f4c4,Ricardo Pinto
p_24a22b256217bda128f194b7,Ryan Borucki
p_5bbd95a54677272f6aec3334,Yonny Chirinos
p_7bdd021d15702aab1de4bb52,Victor González
p_081253e7d079edbb13e4e0de,Scott Blewett
p_6abb60cdeacaa5617b37ac3f,Brent Honeywell
p_c403496243559cd5f45b24de,Dan Altavilla
p_7b68f5f154ad8bbbaa3c2564,Erik Swanson
p_70c49bf0f0626ec80e6293cd,Bryan Abreu
p_f5ba6b7a7aef6272c083449c,J.P. Feyereisen
p_463c8505b18605c1574ec77d,Ryan Thompson
p_46017178473b57a504f40f61,Julian Merryweather
p_c81a0386598bf2f14a51264d,Brock Stewart
p_19e960552766ebbe03de4775,Vinny Nittoli
p_864d23ea9d38652d0bc80673,Tim Hill
p_07394d99dcbd9729eb1c244b,Brennan Bernardino
p_b38e7099b3fed40bc1dd2bdc,Reed Garrett
p_161e5a9305eaea8fb63c7654,Luke Weaver
p_8563b288cabc5a90c0b362fd,Touki Toussaint
p_4f111a07b4c0259d31c89e0d,Sean Newcomb
p_00e41898fe892d9e62006beb,Tyler Beede
p_a55e1314437f703697888e9a,Tanner Banks
p_6246cc810be27913fc4eeb5f,Sean Reid-Foley
p_583595ee7aa913513e872425,Austin Davis
p_b35d34590b3ac43677949140,Raisel Iglesias
p_9b79266fde272f3b8d161342,Gabe Speier
p_ba99cbec394ec958baeb9b9b,Dinelson Lamet
p_c5b82d72e1ce8ed1000e8ca9,Jalen Beeks
p_1965206c1749b62f2876a8a0,Michael Kopech
p_0dbf64f93e11be8bd5edf7f4,Emmanuel Ramirez
p_debf3b356235599a4e7c505b,Jeff Hoffman
p_0d908f0583b1361a673d9471,Jonathan Hernández
p_243c60d01118f80fce959797,Daniel Duarte
p_3c11bca421face714ccc07b0,Génesis Cabrera
p_21a82099485bf1ef66f887c7,Diego Castillo
p_49f446543bf69cca3e98837a,Ryan Burr
p_528ea38467ab7d19956a07c4,Jimmy Herget
p_9f550caec192fd42d10ff1b3,Tanner Scott
p_80dabc460f667d0aafb8ff5c,Tanner Rainey
p_053b89527a245babaa9de7f9,Justin Lawrence
p_3830026e4827f3c798c92493,Jose Cuas
p_c2e11e9b2895314b228d9143,Trevor Megill
p_c25dc1ad5c4247237938a311,Evan Phillips
p_2bbc19bc0024857a6cf88912,Drew Smith
p_6660c34756e8e079063c8590,José Alvarado
p_6675a70af5cacc23619ca4cd,Trey Wingenter
p_1bae71852df5bd62f85fc3e8,Dillon Tate
p_3d406a525ca4f25bce055f31,Adbert Alzolay
p_436ab07080c06918509193ab,Ian Gibaut
p_49ed2c7ffa16b9279ff3f555,Dennis Santana
p_a6fa59945d5551b89676371f,Tayler Saucedo
p_230ac4acbb3108f710292706,Garrett Cleavinger
p_48da1d101e8cb6eb88275ac2,Trent Thornton
p_63574b63599452742cab7177,Tyler Jay
p_69cbff53fa69913aa98a74a7,Tyler Gilbert
p_7c02936ac6ca07e9b01cbaf4,Brock Burke
p_2f79f472a978afdd718437e0,Pete Fairbanks
p_d92f2d27a75f27f0e8a8f9b3,Phil Maton
p_9f5a6fd7b5c56e97737e286c,Ryan Helsley
p_ecff128ebd3bcb2627d0226e,Anthony Misiewicz
p_840a7027a702a1c4e37e5527,Tyler Kinley
p_c3cfef0ffe32dcdecf86b61f,Jacob Waguespack
p_ad828892bd80008f4a0bb878,Josh Sborz
p_65df9df9cf8c74784c79da9e,Alex Young
p_98c351155d969c7507931b8e,Josh Staumont
p_0ab41d8d7c86beb019a22451,Nick Anderson
p_2d9cec8e1707efbb1e1cb52c,Scott Effross
p_983985938701c89b957bf280,Enyel De Los Santos
p_93b79e92d76fa2af9c41c2cb,Danny Young
p_8bc0eb4fa1390c8832e01c74,Josh Rogers
p_f2353c7398d9ebe3ca7c4f2d,Phil Bickford
p_0073f20e0bb5f168c15c590d,Sam Hentges
p_0ce432d4a2ee34935f23cbc5,Logan Allen
p_bb82cb6ed787b635d6d9a9bd,A.J. Minter
p_d37981ebca7896eb8c5d5e08,Kolby Allard
p_e337175546661c19bbebf577,Miguel Díaz
p_95c6ecd0d70442f78c70a2b8,Pedro Avila
p_04895952d7d004fc8bb3f14b,Tommy Nance
p_30b2dcb5417d038699b37b23,Kirby Snead
p_359c4b8937e5970b4d98d188,José Quijada
p_e333710884baecb1ae5dba0f,Lake Bachar
p_9e70f1e90115d7d40a0a8c42,Mitch White
p_6b060d3dfdf334d2e513ce27,Seranthony Domínguez
p_ad5f4c4ff63f4dae1c70e25b,Ian Hamilton
p_12c65e4a82ae27067a44f2c3,Jacob Webb
p_e81a1a69cefdf1b57ee120ad,Vladimir Gutierrez
p_ab12a3e682ee31d77d06721f,Nick Hernandez
p_55e0b0cdfd06f59a14884d19,Trevor Richards
p_5ccb2be6f00de2400349d1ac,Matt Krook
p_fd293a60557159fc55b19a14,Matt Festa
p_03939d9f4f366462a86d6720,Richard Lovelady
p_eda6f75e34f4854b11eeef97,A.J. Puk
p_b128d584369d20b47f86c20f,Daulton Jefferies
p_d0ae9150ea080d20bd5ec95d,Caleb Ferguson
p_dc952cf10742e3abc77f91bf,Lucas Erceg
p_a8c6e164b8c9d48c0a076f2c,Keegan Akin
p_4dfc866ca5c495c85c00e1e6,Colin Poche
p_20b5e71becf329de17a636b1,Yohan Ramírez
p_8cb9b18f097241aaca305ef9,Shaun Anderson
p_6146eadc3c516491667a222c,Jorge Alcala
p_d9c64dd40ed1ff65a53e6228,Tyler Ferguson
p_99936a0709128a5b98222b47,Jason Foley
p_a2c21b01e40c23d7fbb867a7,Geoff Hartlieb
p_bc5886f85f668aec59f650a3,David Bednar
p_90e71871268b32dfc6280b86,JoJo Romero
p_7375791c66d7c64c39e26ea6,Forrest Whitley
p_c09cf00381457e60dd0c837e,Guillo Zuñiga
p_c5ed138e0e635ef0aec7663a,Cionel Pérez
p_52750b63c4c76840a7276ad1,Matt Foster
p_e78d76af2b3a156869586232,Gregory Soto
p_f025cecd90d81d0bfb88159b,Sixto Sánchez
p_e6c685d4a42733d68c25210b,Caleb Boushley
p_56f8cacbf95fa9e9ccd5f037,Anthony Bender
p_65fdc9dc74636837b2495384,Jonathan Loáisiga
p_4f63322407a16b6cb9e684d5,Will Vest
p_fc2efd485c9feb6bf3d10686,Keegan Thompson
p_5c31828b78f7ebd5a1f567ea,Bryan Baker
p_6254917ef60e1ddc873e6f31,Gerson Garabito
p_41b0423f1a79b0dc86e207ec,Brandon Bielak
p_7a6745159fa72896be3850e4,Tucker Davidson
p_ad63c3e99c4c8c1e2b9e9be0,Alex Faedo
p_35b1547fd86fd8631d0c0c08,Kevin Ginkel
p_c3234d25b2dd20cd6e385c8d,Alex Lange
p_03110a2bbf4423cab2680858,Ryder Ryan
p_fa65bec2312b5d42d60ee8b4,Bryan Hudson
p_ce659b38e92388329f2ca16b,Tony Santillan
p_795034c06f1ee2f1f37fe559,Tyson Miller
p_410d3b82adc35964f997ce0f,Joel Kuhnel
p_3bdfe3d1215674f4accf5fdd,Dylan Lee
p_778f06227f7c55f5dd5bf042,Kenny Rosenberg
p_13432feb395b8be952e56114,Parker Dunshee
p_99369324bab1d4ff69bc1d02,John Schreiber
p_8b89ea9a1656d4f4956ecd7b,Darren McCaughan
p_c3b7cc93fd3c9b7f57a21594,Adrian Morejon
p_a2de9bf5142663e3696178c7,Sean Guenther
p_14a0d313708d61eee3ed8e2d,Kaleb Ort
p_c2f429582365b8384125cb6a,Calvin Faucher
p_7ecde7405f813f4220bdb5a8,Nick Nelson
p_17536a68362f900664fa9f61,Nate Pearson
p_ce81e10d29b1a634be3ea481,Kyle Muller
p_1eaa1d1baccc84d06d8ed931,Zach Pop
p_ad235584736e2db776c9f300,Garrett Whitlock
p_8ececb63a3f2cebed969a98d,Eli Morgan
p_f0e932e5c5359b78e6c6ccc5,Mike Baumann
p_36300c158863b63bbfa3613d,Zach Logue
p_8672879edc2751e3034d5cab,Daysbel Hernández
p_c8dcfd9279af4cfb6bd9db05,Deivi García
p_b7e27b68ebd83bc6a468e72b,Jhonathan Díaz
p_ca72c1190ab195d082d039a5,Riley O'Brien
p_35bb0a12c9538806f164c705,Zack Kelly
p_15e9d5754d68658e8f9cb116,Steven Wilson
p_4dc4d41b20ab889f8b6b74ed,Brusdar Graterol
p_11e4aedd9b039ed92ffac914,Matt Manning
p_c8fcbc835fb5f66a0bd0f41e,Andrés Muñoz
p_f7bab10a7c231ef55feda704,Greg Weissert
p_8b9cb10f6657921d3c1ea1a2,Tyler Zuber
p_f4be239312e641d1fd5e879e,Isaac Mattson
p_ba15fbee40a35c2d8313a1d7,Eli Villalobos
p_ba6bc0de0ca86615bd2bdedc,Josh Fleming
p_31e198d6dadb10cdd4b3261f,Ryan Walker
p_77a12cd8c644665f8356ecd6,Enoli Paredes
p_e5c586f73928fba37a5e2c9d,Bryan Sammons
p_3496a9e0a370b5a3ef7581ac,J.B. Bukauskas
p_add0f7573f9388cbc02c0706,Kyle Nelson
p_3d4fddbaa624427c64113cac,Nick Sandlin
p_4c3ded7fcf0ddb95f5c59a5b,Edwin Uceta
p_30de042ebbb0b98c455a5266,Grant Anderson
p_d7dd910c38d66717fc402a93,Manuel Rodríguez
p_dc94d49f14972788f07e6738,Michael Petersen
p_69bf94efbaeb173840b3fe59,Eduard Bazardo
p_6a5ad9cf8a12ffa4c0cfffae,Jhoan Duran
p_9c3f57de37187fa297d867da,Emmanuel Clase
p_5cb301be76b7e1a69519280c,Seth Martinez
p_b4bd10f9a736b721cf67f9b8,Nick Vespi
p_39a4d35b75bdffcbcfddff84,Alexis Díaz
p_233c87c29bbf0b279bda1b3e,Dany Jiménez
p_f1b8d20bc37bc2bd58c96db4,Humberto Castellanos
p_b25d93daecd6b8c40be76364,Connor Brogdon
p_6e405786ba3c4c7b03295e6c,J.P. France
p_d5a9e5223e6146d63c5853c9,Daniel Robert
p_76021b92269cadefa31be9e1,Allan Winans
p_a54fd933b174d964743ec0f6,Jonathan Bermúdez
p_ab201d9f00a18e2a1bcb84f8,Jake Bird
p_ca00aae418a6ebe5e7e21090,Lucas Gilbreath
p_c2f825782549448d2bd32bf4,Josh Maciejewski
p_d291977287dccac53c171a63,Parker Mushinski
p_f4a21c23681d7a8de5411075,Peter Strzelecki
p_4ce2bc74d9bdc379de52f9fb,Cole Sands
p_a4fad9d3dcf8925b9fb560a5,Sean Hjelle
p_42200d6c579c0f5f154c0961,James McArthur
p_d031ef31b9165ade2a07de8a,Daniel Lynch IV
p_aa3f542bce2dddb882aa93ae,Chase Shugart
p_6ee049f492a3325cbfb8d052,Brendon Little
p_5e4be1b675696e14d59387d7,Tristan Beck
p_8b584c5bfa4f0130c8998efa,Jake Cousins
p_867ee2262881488fe9e83603,Elvis Peguero
p_e130343fcdbbe90b2abc4c0a,José Marte
p_d8966bd613187953841b8531,Riley Pint
p_21967ecbb94002e9c65a0e45,Alex Speas
p_9cf33bb8d6b6c72759e3b41d,George Soriano
p_b94cd2fa50a25f87a513580d,Gregory Santos
p_d93f69fe1b3dd24fce7dd1b4,Yerry Rodríguez
p_86bbc8fa57931321ecdf298d,Camilo Doval
p_88264b735ae32285e3a2d428,Luis Frías
p_f746ebfba251896b073cf6d5,John King
p_dec1b071add67c51288ea1a0,Kyle Tyler
p_972295a347f600044f5f9d3c,Cole Winn
p_66306a7e5dcbced8b99017cd,Nick Pratto
p_4fb0f00a859b3747c3330f8f,Ryan Miller
p_ec617a580438c29a38ae2049,Hans Crouse
p_1821549cff26dbba5d4aca04,Jeremiah Estrada
p_9e9a345145bd56bcc6ebe6c7,Jonathan Heasley
p_c70cf8ccfc9218e03ec85c07,Sean Reynolds
p_f6143c39e5a443ea5b2ad3c7,Owen White
p_d1dab56b895cc5dd05d833f8,Dylan Coleman
p_2d629408c0922c568c053caa,Matt Sauer
p_607b4432d07e4a7dfc0a7e67,Mason Englert
p_4237d81a153d8369b516a611,Brenan Hanifee
p_e0db7a835864b5e70833cded,Jose E. Hernandez
p_5c981546fbb330a0a1ff2621,Colin Holderman
p_ed117e6d08f801679bab8315,Raymond Burgos
p_b8c36673c22e36da61b875f4,Josh Winckowski
p_fa38c0264bcdff8ad2c4499e,Logan Gillaspie
p_a16d0151ecec817dcaa17d65,Michel Otañez
p_65581d51318c0c085573574a,Jack O'Loughlin
p_52cdf5aac19a3c4c28580306,Carlos Hernández
p_0876ad8121b608233facdf46,Angel Zerpa
p_d4640ce6f07822bb71b449d4,Roansy Contreras
p_2929654d5957b9990cd15b63,Yoendrys Gómez
p_4e3252abcd463201ce0c09f8,Joan Adon
p_db3716d9e9af1f0cdd224e71,Prelander Berroa
p_bad5772915c2a0ae9bf9c5f1,Dedniel Núñez
p_95963455d4a10ee053ba3c75,Eduardo Salazar
p_294d538f84b4e5dea61d6ee1,Steven Cruz
p_54795b56b11d92cd3e1407cf,Michael Grove
p_cdc00ebf27893084b5e8503b,Michael Mercado
p_60f2889802164596d51dc1e7,Spencer Howard
p_2b11176e1209a4155291382a,Cody Bolton
p_4a0039a3c02b3a1181636c3b,Collin Snider
p_f3591f0057a7a2816bc6c347,Robert Garcia
p_be3f4a4d5fe7cf42f7c6cd7e,Ricky Vanasco
p_adde69a5f07d2ac65191bd61,Max Lazar
p_d7a6a481b2c8156315936897,Tom Cosgrove
p_de239dab073ee70e594e1202,Hunter Stratton
p_4055cb29796ede995adc5d27,Brandon Hughes
p_2114033616e8bab28176ff3b,Ron Marinaccio
p_ce0a7b766c90514f3d557d6b,Aaron Ashby
p_c86be00e2784333930137667,Brett de Geus
p_fde1cb0513829d5de21b3f1e,Josh Walker
p_41722893e1c4663095c86715,Justin Bruihl
p_7b20c90a5cb523c9e3008737,Ray Kerr
p_72ccac08e05f8c0b2c241384,Randy Rodríguez
p_e70eccadf4f6b8e2ef5a42e7,José A. Ferrer
p_a5a04deac4056a7d183f7527,Ronny Henriquez
p_eccb7f5e13db472d4ab158a6,Luis Peralta
p_202088ef4fa208bc8e552f15,Justin Martinez
p_7723528a8eafa35a369ea8c6,Adam Kloffenstein
p_31088b7e6a9d597d1f87583c,Josiah Gray
p_3690f456c1637492ddd2a8c4,Josh Winder
p_6cb3547deca91d83694527f9,Jonathan Bowlan
p_4666c8933a6cfbcd75a49204,Victor Vodnik
p_7c9db6128a2d163051be00ea,Gus Varland
p_875d82cba7695dfb8ee6079b,Ryan Fernandez
p_68ceebeeae0240ef1eeb496f,Ethan Roberts
p_d67e2299a0f2997cb42780b7,Andrew Wantz
p_5ab6446da06e03d88133c394,Austin Warren
p_d6d57443ec08aa62f4f79d93,Shawn Dubin
p_d9c8ef5fb3b776471a3400a8,Erik Sabrowski
p_8e3c5b6d41ea95d4beeb3c30,Colin Selby
p_e53dd34ff1049b4cdddde3b2,Kody Funderburk
p_4418e268dc293e4c447c6546,Alex Vesia
p_6b9903828f4f3e710cd779e7,Tim Herrin
p_fd64ada14cfb67f70d38e6e2,Joe Jacques
p_2760b771d5d2d52f8c0db525,Abner Uribe
p_3b5068ad568a15ca4303a98e,Zach Penrod
p_4055fa9f7ca334fe33a26bfe,Nick Mears
p_91748ec3a4fb9543ad6e456e,Sam Long
p_29e3a8fc6ea52a0f2a8c07d7,Jhony Brito
p_dedb29c4c8c6ce892139f533,Ryan Zeferjahn
p_b5c41f2a4e0be91512e6d378,Gavin Hollowell
p_03f6dd1978acd9701ea07f1a,Joe La Sorsa
p_1ef924b32d2eeac5534b766e,Isaiah Campbell
p_b3710509193a23f9fb6df89c,Sammy Peralta
p_ba2387323b64d5ebd5d849ac,Xzavion Curry
p_67fd9d9af5f906af95676a62,Hunter Gaddis
p_149939c174acef5b1e7af20e,Declan Cronin
p_4c3e4e1714b9a97b86cdd4ae,Justin Slaten
p_8f3911a4b3d4f5c1ddf408bd,Ty Adcock
p_6c9a5d78fb66d82c715d7723,Nick Avila
p_79592f0690636428c30a46f5,Kevin Kelly
p_2a2d0322ad2e63c86800fbd2,Luis Contreras
p_5dae408a50fd7a2ef23c70ad,Noah Davis
p_359b780a64cc77ed793a7606,Bryan King
p_36b9e4f3c1486512b790c92a,Yennier Cano
p_2b7ca31aed0a3b1b4b63d41c,Zack Thompson
p_0239f62f150fdc94718a08a1,Casey Legumina
p_11e4ee55595c0bddc7374adb,Darius Vines
p_222c356cfa14a6ec4cefc492,Andrew Nardi
p_3b8c77fa245c713f7e0b7003,Seth Johnson
p_4cdb93dcf813dcc9b625c238,Anthony Maldonado
p_022a47af63aded318f018d95,Easton Lucas
p_5d461229c4f3a1d894c1ef5b,Beau Brieske
p_4bf80fd87542ba428779e0b2,Amos Willingham
p_bf0123618cb84b22ee89191d,Connor Gillispie
p_3a1cb7d74d6ff8302a97f30f,Andrew Saalfrank
p_e7369cc77051b2201297a493,Caleb Kilian
p_61da229a19dcb37d006d054f,Jackson Rutledge
p_9a848c254321ebf384047c73,Nick Robertson
p_2b424c8be951d8ba23bebe80,Tyler Holton
p_b9be4dd9135ef8202ccbf94b,Orlando Ribalta
p_8bdb2e8b674337ed7931fa92,Erik Miller
p_19dec057e552049568aaec59,Hunter Bigge
p_4f2530b3519c12e576305acd,Blake Walston
p_c4371908df4426aa30810911,Bryan Hoeing
p_efde1e47ccbea04aa29d5f07,Marc Church
p_fe6a4f583a6c8a67c59c6a19,Porter Hodge
p_442f67b0e6c767028dd31107,Angel Chivilli
p_1dd7f995322bf0263b75d5ad,Jairo Iriarte
p_8fd609c8d2c9daaeb06fb12f,Edgardo Henriquez
p_69b6354aceb0713a9f9ccb55,Anthony Veneziano
p_3f88e6009659057719b46325,Jared Shuster
p_6dd1c218fa3d789fd609b3e4,Bryce Jarvis
p_63a93c8713dc28ccaff19ed5,Clayton Beeter
p_be830ebbda2fe42c429b42ff,Kyle Hurt
p_9cdce3c51f326e76b98d6591,Jared Koenig
p_72baeef1761bd82c9e75bf9b,Zac Kristofak
p_7d0dc5faf2e3ecbdd5c5012d,Jake Eder
p_09e8f764b98a0d62eb6be750,Jeff Criswell
p_416840899737dc765ddab912,Walter Pennington
p_51a922809ad094b5a4433cdf,Eric Orze
p_08c841183887e159fb3b9131,Brandon Eisert
p_8183d10c86c33b8c9d22b5ae,Justin Sterner
p_1b7d5500d3348c285a56885f,Brent Headrick
p_dda1ce41601cf72ea7e60ed8,Bailey Horn
p_89835e81ef6e5fd6564693f6,Yosver Zulueta
p_b051cf87af8a4244b6b81e2c,Kyle Nicolas
p_5afd382f9b60a4ed6ea55268,Zach Brzykcy
p_00c0c6e2eda449587160fe62,Will Klein
p_9f69a4853e947731d3f8a488,Cade Smith
p_d40a3de201d9f88eb2a27d1e,Austin Kitchen
p_153188ef122e1ff0e54e37b2,Daniel Palencia
p_3fc0897d6389ddfc28dbdf0c,John McMillon
p_3f050482fb6fd9895af227d2,Cristian Mena
p_7f797197ac1a11a7b3421d1b,Luke Little
p_28b88c75bbb3485832e0fbb1,River Ryan
p_8487c8f7468c486b77790214,Gordon Graceffo
p_a7afc1ea09dc73fbfd8f9b85,Ryan Loutos
p_1dfc6e6af415ea42f3c5b686,Fraser Ellard
p_eb4a76757bbdb89cea654ef5,Alek Jacob
p_02497cd75d56efa1ac087d37,Mason Montgomery
p_08ade2b34866c29f6f5ca555,Chayce McDermott
p_4f6399a656ba68475a8498ab,James Meeker
p_7baf8732d9a598c647856252,Dylan Dodd
p_c215bac17f99cea15fbd4eb6,Grant Hartwig
p_491bc5539b1f8c26a2f0790d,Jordan Leasure
p_50683f238138b1baa284c3d3,Grant Holman
p_fff5f1ebef83eebba71e9bbc,Chase Silseth
p_b0e54ab450830f76f778c92d,Ben Casparius
p_8a902d5cb91ad28d5c0a7c8c,Jack Neely
p_070918a027c45f11ba1c7216,Robert Suarez
p_e5e680d02216328712a96f14,Brant Hurter
p_d40bc466303483a8493ef71b,Ty Madden
p_21b65bda01ce0348d84eb816,Carlos Rodriguez
p_92c9547aa2064dfab42cbd8d,Mason Black
p_af8228da2186a3c55a0c0647,Spencer Bivens
p_d326f0d57effe39186b9cc40,Jaden Hill
p_b446f0fc7f222f9564319131,Luis Guerrero
p_1db467c6cfbfe96ad057338e,Chris Roycroft
p_832c0bfcb9b11d1926665bdf,Ben Joyce
p_081284ef39308ea8173e9d65,Mason Miller
p_bf0f117e1d0e72128aaa01dd,Orion Kerkering
p_318949b8bccbfa80a4474acc,Troy Taylor
p_aeb920ef906e743f113701bb,Jake Bloss
p_9a6e9d0ac50ab7ec0e62b627,Seth Halvorsen
p_d5e07201a0f1d0cfa596e762,Yuki Matsui
p_26220a726ca7fb11d469545c,Naoyuki Uwasawa
p_d92fc75e4628979a37144e5a,Andrew Walters
p_5dc97cee80b94155de1c01a1,Liam Hendriks
p_1953e9b8e9520ff434fb0757,Robert Stock
p_d8d53e9e8636ecf6680932fb,Casey Lawrence
p_6db920b8caea39aab799a496,Drew Pomeranz
p_416065fb1e7bee98c8c06e9c,Anthony DeSclafani
p_2b6dc032a155f10c90f5d066,Michael Fulmer
p_73e119b594065d1c4441505f,Jesse Hahn
p_3a7abee15307a192a502f9bc,Robert Stephenson
p_2cb56bf7006105fcb34f3218,Carl Edwards Jr.
p_e65f6476452ef1c2469ceb29,Dietrich Enns
p_cb7e3547063497ea6d59f8f1,Lou Trivino III
p_e6a9049543a2ac63183c17bf,Kendall Graveman
p_d97c2be92435bc60ddb1a9e3,Wander Suero
p_de590bfab110555b10280410,Zach Thompson
p_cd9bbe80bf6ddc022831c8ce,Jeff Brigham
p_3e9c50f5313e3ab52ed4ac9c,José Castillo
p_fbcb5bbe88ef2a2cc64ce3bd,Matt Gage
p_7c8aefd139986ac3072d388d,JT Brubaker
p_2269ea2145532d73c89362b1,Taylor Clarke
p_97aae67787d9d128a0f68afd,Angel Perdomo
p_ec38b20b6fea67297fb8b7e9,Julian Fernández
p_9d4aa7532c4536ec58467cec,Brandon Waddell
p_c1d12d935a24fbd60d6cf764,José Urquidy
p_5fdf2f3ccb63b4515b2eb625,Jesse Scholtens
p_88f12ce5773978cc13241f7e,Thomas Hatch
p_f0e21bded869dafe4b07e71f,Alan Rangel
p_1b7aadf4254d0c04b28301e5,Connor Seabold
p_1bd74263d59f9dcb39af1120,Reiver Sanmartin
p_991aeb6ad93c0dfba092e8e7,Justin Garza
p_2f7d0b281325531322ffa74b,Corbin Martin
p_a519f6ec6b371e6f3cea0c99,Ian Anderson
p_94d21693ba45c52946454a20,Rico Garcia
p_b70c49459235c52b0d564237,Ben Bowden
p_caa0b49368710031fd01f701,Nick Raquet
p_d445cfc4cbcbaa36bc71236d,Bruce Zimmermann
p_3e5cfa913cc4f482344401c1,Jovani Morán
p_eb72c6cdf331edfe333d7274,Luis F. Castillo
p_cc3893db1d216499b15a96b7,Félix Bautista
p_27bd8d698914d52a637c58ce,Elvin Rodríguez
p_873e9a85cedbbe1ba2ccefc2,Dauri Moreta
p_62360b5de96d90bc68e17dd9,Jose Espada
p_e886ebd300c4c1987877017e,Brooks Kriske
p_6ab2031cdd4bbac15cafe542,Bennett Sousa
p_833ff8e8d015c9ecd8ab1e4a,Yerry De los Santos
p_e97c60722d70876db2318cd9,Konnor Pilkington
p_a36ab493ac77cd275d7daa3f,Justin Hagenman
p_3bbf0f43326b5fa1e90d1ad7,Jackson Kowar
p_35ac1581cac235bb1668f22a,Grant Wolfram
p_8349a663da3750fe77506964,Elvis Alvarado
p_45d1adc7248c7477ef8737e2,Mason Thompson
p_fb9d1951d321827e77a39672,Sauryn Lao
p_9fb50931d56cf04d88cecf42,Juan Morillo
p_582294a58869be2075f58add,Joel Peguero
p_f408d93b48d8da9a005af52b,Max Kranick
p_bb5b45202cd0e3997a49a903,Easton McGee
p_6e0c3901af2303ff2f765958,Ryan Rolison
p_0c3b6b4f617c9009bb6c76e7,Johan Oviedo
p_99f38b09686a812eec67a07d,Carlos Vargas
p_1ea6cf1db89da5582277b9c2,Robinson Piña
p_deff8335dceb39b2904665ff,Eduarniel Núñez
p_40add3c3c4b98ecc2adfbc5b,Juan Mejia
p_dc0ddc9e05030e62821b8ade,Codi Heuer
p_137f09ddbe2e7a9b7aa50ffb,Freddy Tarnok
p_62bde7fc4bc9b822889bd5a7,Nolan Hoffman
p_f91f14e15dff3410600517de,PJ Poulin
p_d84214456f41ba299fcf20c0,Cam Sanders
p_d5bc8c7c6e727dece54940e9,Luarbert Arias
p_f5f8569a117413c8c31133c1,Omar Cruz
p_adfce089754d8fcf93c9d6eb,Lyon Richardson
p_e3696a72f63895eb0fc84efe,John Rooney
p_69ae3692f4863f1abb5c3bb9,Joey Gerber
p_281f00a360ce484be44c5eae,Austin Cox
p_889ef298862822ad30619dee,Braydon Fisher
p_fd76b24f9ee996f781b69c33,Luis Curvelo
p_a0394efcc7f08bfbcaf82819,Lazaro Estrada
p_f56aefc4ede81ff8de5457ab,Evan Sisk
p_99be1f6c65672ddb89e36704,Penn Murfee
p_aeb4f8d74d1aa31f7de81705,Yaramil Hiraldo
p_03051e298525fc3219bb6688,Nathan Wiles
p_5b7aca63cb468b989990acb9,Paxton Schultz
p_9022d2a8b2f7e6f53a93936f,Nic Enright
p_0101c7191284f9932160f01c,Luis Mey
p_6faee8c8e6ce929dbb691dee,Zak Kent
p_16e4efe96d962f1312ff2ed5,Matt Brash
p_745eebfeac9df0e2aad9810a,Randy Wynne
p_7e61c15cf9c6d600c25cc6b0,Connor Thomas
p_2969c4d6cb29c114efd4bb95,Josh Simpson
p_0e0cab1a7e984572cf0c4f27,Tyler Owens
p_99556fc8912a79c6991db165,Sawyer Gipson-Long
p_1842c09e90dd4df6bc699fe5,Blas Castaño
p_fe32195fe964eaab5ee3945e,Austin Pope
p_fba9872a537cbc90494bfcbb,Jack Little
p_b439564078d45af9d65a0fbe,Kade Strowd
p_b71fbe75f62a06bbed6595ec,Chris Murphy
p_e41e8cd41ce80317695d2b8c,Caleb Freeman
p_0af38066a94940e2b68bc8ba,Drey Jameson
p_0f33dc90f5cb990ad4d0247b,Taylor Rashi
p_8bace50f8abed453d2ef0ac3,Cody Laweryson
p_4bc6ac2b0ee4a7796e1b793c,Alex Carrillo
p_fccb4591ce5767a04c76ef83,Jayden Murray
p_37b305bd569ca9184b22b9b9,Wikelman González
p_7b181bc3135686a422e14ce5,Juan Burgos
p_89e6e8eb0e7077ed03071a06,Rolddy Muñoz
p_533e1d1b9b0e042ae42a70bc,Cole Wilcox
p_14b0fbb144be3acccfb6de37,Carson Ragsdale
p_ca63ffee54a2c0530795bd58,Cole Henry
p_7f3c31a904c074d502da70d5,Garrett Acton
p_e07feaacf0b72192ae4d9189,Connor Phillips
p_d27ce95571a74bf9f18770ae,Christian Roa
p_e401aca1a4024532362dd6cf,Brian Van Belle
p_47d11f5c9e049cfe559016a8,Dugan Darnell
p_5c4336ee3ef73426afb4c6c2,Noah Murdock
p_77af33fe855b0d9d18f47cf5,Andry Lara
p_e34cbeb141d24f4faface8ac,Jose Corniell
p_e44c55c882f52d9ec55bfae3,Bradgley Rodriguez
p_5259e9497e66f8f15a14f5b0,Andre Granillo
p_b81b76814081912b6c81cf9d,Patrick Monteverde
p_5073c13edb903746d3e77b04,Chase Lee
p_05b053aef1fe89fcd847726e,Kyle Backhus
p_13d0b2d2bfa1eb67d025c56d,Matt Svanson
p_fbe1b25148ecde0b36eee454,Andrew Hoffmann
p_67c782a89ca0d0934cb67da0,Sam Bachman
p_9ff0f1fba03fb694b2763d94,McCade Brown
p_00b956086b42d4f7340ce048,Joe Rock
p_70afef2de0e1d2c4130d7a6f,Carson Seymour
p_36dd2e5efc1e43306e5c4fdd,Mike Vasil
p_7ecbe1110bdd0537891dc1c4,Doug Nikhazy
p_06ac62e58655fdbf61a0ce7b,Dylan Smith
p_0c760c81c84670e1f15544b6,Dom Hamel
p_153ad9f9a631deb95bb0d30a,Chase Petty
p_8db46e856fe4886a32bba820,Pierson Ohl
p_b64f0bdc08dbeb2bf1f233f1,Travis Adams
p_aaacaad7675c4a0e72c7aaf3,Christian Montes De Oca
p_ad78ce5032f69f100e3afe02,Jack Dreyer
p_2d552f16a226676cfbe73c4b,Didier Fuentes
p_e691e311060065d54cec9e93,Michael Darrell-Hicks
p_5e15cd85b86d4f7d8a3917f1,Zach Agnos
p_7f98fc5309c4bebcdf90b1ee,Mason Fluharty
p_140d15342bf054cc6bef835d,Paul Gervase
p_e7a53489a67a17a6a3586731,Jake Palisch
p_a76bce6d3d2ee7c00f12333d,Zach Maxwell
p_7a47c598f2891d6ce738d8e0,Carson Palmquist
p_a6f79ef2ecc729073db83188,David Morgan
p_ca0d45e796adb570fdbab1c7,Carson Whisenhunt
p_a88afe1f0743c6b59b5fa48c,Mason Barnett
p_3715c25df4c1079026b3c2a4,Garrett McDaniels
p_61fb48d2e73aa7850e1737bd,AJ Blubaugh
p_e56f6708129dc98e3650a30b,Cade Gibson
p_5aa9a1553defc70fdc9f44f6,Logan VanWey
p_42a54ec523899700f95a1b5b,Hayden Harris
p_bbf24fd73a782298f740b3f0,Thomas Harrington
p_a9cd8307ddcf9289441ea557,Drew Sommers
p_bad965b08abad35f7f072927,Hunter Barco
p_e0d80b0ade89ca191c7c7e55,Craig Yoho
p_12ca2be8b434327cb415d7c5,Brandyn Garcia
p_fe8cab313ac88ec19b9d2fd5,Philip Abner
p_fbe74215dcaaa90a64666bbe,José Fermin
p_ef076093f73d78369c5e2007,Grant Taylor
p_9d30f7fa80d5f631417ee075,Vince Velasquez
p_a0f88c722760a6abb0863f6b,Tyron Guerrero
p_52192aa00351b1a71ee2c4b3,Yacksel Ríos
p_1b534a0f3684e7ea3112d6b0,Thomas Pannone
p_dd095f93709ce87f6607edc6,Cody Ponce
p_689d28a2bc752df2912677cc,Enmanuel De Jesus
p_a8e02f57bd3e35b91149c0d6,Michael Rucker
p_a5c1a121111f1e2c43582c48,Brian Keller
p_f732808de15e4b6e01ed6e5e,Charlie Barnes
p_b7736681fe0e03a5a6703dbb,Wyatt Mills
p_8dfc430c8abbf65b0b0bbbab,James Karinchak
p_7b633d9c0fd8d30fda378a1c,Blake Weiman
p_ad9c40375161d2f147d49065,Nolan Kingham
p_0d3da1fa979ed07af5004686,Kervin Castro
p_036611eb582fec746fa80a43,Julian Garcia
p_a4292d6ed24cf3d214692278,Yovanny Cruz
p_3d0062533d192d85478f4c10,Gerardo Carrillo
p_f25183fc2c47de9223d05e18,Matt Seelinger
p_93bf9339edbf6229883985c6,Wilkin Ramos
p_8b93ec63be6ec0ab8c535e69,Eddy Yean
p_f423bf407dac7dca6759a07b,Carlos Duran
p_e219e5c6f7ec667410973dec,Drew Rom
p_3b2eb711a218305a04ba8bb7,Ryan Weiss
p_28abf5cc48d77ded7411a157,Tanner Andrews
p_e6b274fe314e959af649cea6,Domingo Gonzalez
p_f6f4dac8740043c937c38056,Peyton Gray
p_d21949823eaf8abb13ea0c7e,Chase Solesky
p_0b1f482f502ee0715ad2818d,Adam Macko
p_b9199b1fb4e1798319d45797,Antoine Kelly
p_c7e08145000aa38e16a0f7fc,Daniel Espino
p_394806adeaf6af907d17f876,Anthony Nunez
p_57d58fea9dee77b2bf2da71d,Bradley Hanner
p_1001641b01e3c2ddf44b4ee5,Jack Ralston
p_55c7873a125be2bc215c23d7,Josh Hendrickson
p_7e64b52cb46e4cbbb3f33766,Alec Gamboa
p_0b178e3b7ec3a622f8561d3d,Brendan Cellucci
p_717f3b058183b37b09844410,Jack Weisenburger
p_da8308c5e24e6b959b553489,Gavin Collyer
p_29a27415a63b98dbb075621d,Ben Peoples
p_969b0d48692c2520e3a6ca51,Alexander Cornielle
p_f70df816fb2af92723c3bf45,Jose Franco
p_d1d18bba4583a9d5fb70e080,Hancel Rincon
p_781ca9e5c281bea0fd02a3a9,Garrett Stallings
p_34b9c312bb9fd77b95735fa7,TJ Shook
p_c229b53fa6e02347d49d14af,CJ Van Eyk
p_8c68497d69c0faec32c31da4,Zach McCambley
p_27741deb9bcc7a5143466fbb,Ken Waldichuk
p_e701ea2611f379ba863599b0,Nick Davila
p_eb64217a110853bbd2776488,Dax Fulton
p_3f657a30af6cf3b6b118dd7d,Braxton Roxby
p_f3608885a25983c11e40b7ae,Ryan Watson
p_57926ad8504ce0a902b32f60,Nick Frasso
p_1dd0b1900f0273e21e3b6bc0,Beck Way
p_5fc4cd4565230611a892c103,Jefry Yan
p_eccd2ebd3c9871f883165c10,Coleman Crow
p_e9baadb1fdaf2108fb24d243,Emiliano Teodo
p_cd588d51b00463d2fafe77cc,Eiberson Castellano
p_f291c89c85ccbcc1a5b86d36,Brandan Bidois
p_33b1f758ce8872869b7bbb68,Luis Perales
p_a1375ed4daf5a83c53dc70fe,José Rodríguez
p_b862f8fa2a57ec2f1c12850b,Winston Santos
p_b48582763b8f7f6f91074a0d,Alimber Santa
p_a43389757236b20e3141d27c,Wilber Dotel
p_1b9767205e472eb4f0d30fae,Antwone Kelly
p_c4eb415b77ff8b7ebcd826e3,Miguel Ullola
p_ba985e05d88f96b785affcdf,Jedixson Paez
p_a1a7ec296f8db5e924c3a755,Welinton Herrera
p_8471050f369a301b6f71c4be,Kendry Rojas
p_c9e4b09f64ff213554b55bf3,Hayden Juenger
p_d0e5cd403843e151ee96904f,Brett Kerry
p_e6a17b068e1497af9e7fbcc5,Wyatt Olds
p_148d2220e9c462a0b7e48358,Riley Martin
p_c037b82bc4462dd614d5ab27,Jack Sinclair
p_9adccc0a4017fa70e4b06f24,Luke Murphy
p_d0ebfea953424a7ec46c2eb9,Tyler Uberstine
p_d90668f2da110f1ef8a9f695,Will Dion
p_fdb4b031a99eefb57ba56cc4,Seth Lonsway
p_e573b05454d024acae1fffe0,Tyler Samaniego
p_58748af39a67e48bc4f68aed,Jack Anderson
p_26d80183aee34c4a22d05a16,Nate Lavender
p_716e1d0491d0acf637acf49d,Eric Cerantola
p_8a63344ccf2319f6266b3f1f,Chad Dallas
p_a80d4ffd8c4ac0d867414d37,Ricky Tiedemann
p_34f7258033fc0f715c7802e8,Marco Raya
p_7a0f54bccb8bb17435ba889a,Robby Ahlstrom
p_f8bb96ec791c9cf83d05c43b,Mike Paredes
p_47ed758dc936cd8e92d1d3fb,Franco Aleman
p_45af90dea0a15679463264ff,Carter Baumler
p_6ce628fc2adfa46d820060a3,Jose Cabrera
p_1d05117a8df59693fe0168c5,Luis De León
p_2a4af03603e3a4214d10af95,Yunior Marte
p_2ae6b10075130e19d90d4b32,Eduardo Rivera
p_1a8b29da31bb3ca240c1c7be,Blake Adams
p_583486d37b4399b234e944ea,William Kempner
p_d15a984c8351b109e14b2746,Spencer Miles
p_77e95a4f7407068c9c5ccc31,Brian Fitzpatrick
p_5988f710e101ad2973bb1376,Cameron Weston
p_e3f71882ebe26350f89c3813,Owen Murphy
p_8551c7d8bbe875bb87b41ee4,Alex McFarlane
p_28bb786af5098edc9010594c,Blake Burkhalter
p_ca0da33a70c68f592795f426,Cade Winquest
p_cedc24a184f838c48e92ceca,Cooper Hjerpe
p_41f07f1c060750689589e72e,Peyton Pallette
p_80cde5a89fe8ba26c89f71ea,Matt Pushard
p_116ae62fa49115e6533fcf6d,Max Rajcic
p_d9e002d9e27fd74ae27948f9,Trevor Martin
p_1da529cb2c7580f94638b99e,Alex Hoppe
p_33ae34742e696d8f84d174a1,Duncan Davitt
p_1ccbcea91d9f49d165cfb488,Andrew Morris
p_09468a2fee5db7203f0eb46f,Robby Snelling
p_f20dbbcf8c772a03de7ec118,Brycen Mautz
p_7ef545114aef3d660b73dcb7,Tyler Schweitzer
p_303921360de65138f3cd1b8d,Samy Natera Jr.
p_a2d71b7fb136048f257feacb,Cameron Foster
p_3a5340479fb9d5d45f5e9e64,Riley Cornelio
p_77de692e06d27ffb17c45ac8,Austin Peterson
p_6d4ae8b0d7f537ca8fbfe71e,Alex Cook
p_4cc2dc71f7aa897a3829e238,Erik Tolman
p_9f3a80089b3361cb0cbce43f,Kohl Drake
p_b70a6085f951f9cd1540affa,John Klein
p_5265b84a78acbbda433f96c7,Yunior Tur
p_4fab0891227489fe7e84e153,Luis Gastelum
p_20cfc1ed708ec62614a8be4a,Brendan Beck
p_687cd4b7aacf0709d996ec9a,Trent Harris
p_17c4f5aba9842db196bacf4b,Jared Simpson
p_13d1180147be27b6d1e51e8a,Sean Sullivan
p_977a6ab875041bddeb3e28a7,Ethan Pecko
p_2803fe661b73a6e4bd4bfca4,Mark Manfredi
p_b1ab737f8c5f55323e91d0f5,Andrew Sears
p_1046da07b999ebe851bcced8,Josh Ekness
p_23f9a55147310e8dec4f47a2,Kade Morris
p_b03bb8a15fb123d1ac325eaf,Woo-Suk Go
p_6dc7f0e021a4dbfae3c23d83,Ty Johnson
p_8d015290d706bfda018cbc6c,Khristian Curtis
p_93883545927b8b62d8949e05,Brody Hopkins
p_777feb45decd9c1846a693da,Jonathan Pintaro
p_9a4b8644f0ea1d427ef1d2f8,Tyler Davis
p_871261aef233e820be74ffc9,Hagen Smith
p_ed52312eef709ee07ba3e575,Dylan Ross
p_c5dbb676d805a6298f0aba3f,Shota Imanaga
p_ac85c5eab73dfdd746b84208,Paul Skenes
p_d8c1d7eb29e048c8e2e56484,Robert Gasser
p_184847cbc5c147e5ce803917,Drew Thorpe
p_5f814ea2c574318f3dd6d48b,Jared Jones
p_12286648bc93bcde9e1143da,Mason Black
p_c76b5d90d2753bb62f89ec05,Zack Greinke
p_d7a990404698ea75d1e7505f,Ben Brown
p_c78ed6583f7f378f60053e62,Yariel Rodriguez
p_03e066ab8c45e2f4b943f028,Will Warren
p_62ec2b74b41cc365629c3767,Nick Nastrini
p_62d630676621fefa093ab17d,Huascar Ynoa
p_8a57b8098f799c851c720e51,Clayton Beeter
p_d81f2b824537b09a6bd9a51d,Kai-Wei Teng
p_238c128085c8aadb4cf9998c,Trevor Gott
p_cb32dd059bba6dc928f1048b,Noah Syndergaard
p_97fc0f2ca2ff07cde70e6d46,James Kaprielian
p_82e7d47ab15d5dccb7cedf64,Richard Bleier
p_5098e72768c5b0ec393cdcc4,Zach Jackson
p_c1fccff4d83d95ead029b6b7,Zach Davies
p_8cd230727aa4b1654d5aada7,Hurston Waldrep
p_796cdb4c71bb09cb3611b360,Joey Cantillo
p_48f62473b374b7f11b8d6a1a,Josh Taylor
p_b846d805cdbd0fbb42a897c1,Mitch Spence
p_8a4886dc508c7cc4290ad088,Ethan Small
p_da65a65da3aef1887e31603b,Anthony Molina
p_fea1f6d6042e0171d5e49dab,Carlos F. Rodriguez
p_a08bae773b8311897006190f,Jake Odorizzi
p_05e2338413951be99c2a2f25,Michael McGreevy
p_3fe87fe90cf842d91f596812,Ty Madden
p_f05a253f67116672949369bb,Jairo Iriarte
p_fe02e2d118c6c36fd222e3dc,Anthony Maldonado
p_30436a07aa32dcf23d47b392,David Festa
p_17b7a41851b2347b8d18cf99,Chase Hampton
p_366bbd7714e8e67367faf5ae,Keynan Middleton
p_9f8f62ad97874c07abafbd37,Cade Povich
p_8486ce093a28f5a942ad72c9,Packy Naughton
p_0ab0bb1a103e08bab7929a3a,Julio Urías
p_eb13f09b347e20419d7b8c12,Aaron Loup
p_4dd3e13d527729f5e26be0b0,Brendan White
p_7a3e38a44bfc3a6194b62da8,Shintaro Fujinami
p_3cb1ff05d363a2fd02a29b23,Connor Overton
p_76f3e0a9f011fd09b5a03074,Andre Jackson
p_842edece831344868c0120e4,Jake Eder
p_40454fb1bac7fd4173c86739,Keider Montero
p_4f2f4d91d5faa4d87e6d1e65,Matt Canterino
p_b3d76461f25180c0ba8d977d,Luis F. Ortiz
p_bff3553842377e8a41c26cfa,Anthony Bass
p_c80915d3b3628bd9ed0fd863,Angel Felipe
p_b4a8f6eba1ccaf43ff81ab85,Cade Smith
p_485383dfdf2d9d07b8af4f56,Brett Martin
p_5fc499dd31a44ff0f05b76b6,Drew Rucinski
p_377f9350529cefce8ba3f57d,Duane Underwood Jr.
p_b5c72659b753049bf057927e,Cristian Mena
p_7c933e86f1884e23b7246783,Taylor Hearn
p_a5d855ed207c918efb40521c,Collin McHugh
p_0d9455c496d9de57d2342994,Matt Sauer
p_913cb75ec667a918568b4bac,Adam Kloffenstein
p_13f91c2c6a750d423308b548,Brendan McKay
p_df2fe56ec372e18c5244b30e,Gordon Graceffo
p_5de0572a84b95d577b48a703,Madison Bumgarner
p_1b11b1a203c1d34d1f7ea64d,Jimmy Cordero
p_7386a7662dcac4c2c440a959,James Naile
p_ce4c032e791c967b1b8d1659,Oliver Ortega
p_d38cf618d2e0522fa96017de,Andrew Bellatti
p_7bc167a04b92b693e4c45c29,Will Klein
p_f2ba5c4d55e9cd4ea66692ab,Mason Montgomery
p_5c21fb9a3a4fd7b5c2079c81,Brad Hand
p_ee69f4a1b7c37b24cec9ebcc,Sem Robberse
p_b19964ebb14b9179aeea96d3,Trevor Brigden
p_8e8361def4a1fa89ef588789,Chayce McDermott
p_a371b91e10e4d04e8f73a215,Ryan Fernandez
p_748bf283739d8aa9e62c694c,Spencer Arrighetti
p_84a19acdf01a89089523a2cc,Glenn Otto
p_c496bd4a5d60202aab762dc0,Cody Morris
p_36545dc24944774d3e6ee2ba,Stephen Jones
p_4f5a98d8b959726cc85d2d21,Cody Stashak
p_fc723de2671dd446492f99b2,R.J. Dabovich
p_b6c97a7cc6519d4ed69698f5,Drew Carlton
p_879c2b514de420d065756fc7,Víctor Arano
p_7935cca6187cd0fb8a7767cc,Wilmer Flores
p_707b475689c1ef2cad33c4ca,Matt Wisler
p_fe3eccba7e9a5b27cd6cbadf,Andrew Vasquez
p_58f238f16d1c9f08ecbe4db4,Landon Knack
p_3ca6a0ae5b37ab3f68776e03,Jack Leiter
p_db3c30bdaf4b1ea7848e56ac,T.J. Brock
p_67c806a7e325ef8d7d5d8fe2,DJ Herz
p_5b746ef7d4d76a5718a8deed,Jarlín García
p_89be1ce94024d93cb3b09014,Blake Walston
p_e8412c361c7c5f1e4569ac3e,Kade McClure
p_ed254ec9e742eb168c7fa2e7,Mitchell Parker
p_080431bd7bfb80a6998afea0,Francisco Pérez
p_9712a2aa6083d8770385b5df,Marc Church
p_3d06ce28f8b5c67891a38d43,Justin Slaten
p_a4c67cfc3f1717e78bd9d90e,Evan Justice
p_3712c59262a6198c06b3cb44,Naoyuki Uwasawa
p_b921850bf9c45d1f1b044a37,Zach McAllister
p_85eb9a073d26add7a94248b3,Jackson Wolf
p_1ed73a9d282cf4ea46362503,Blayne Enlow
p_0c0b802683e9ef92f82dc6cc,Nick Snyder
p_481025f15b35ffdc36cd63ae,Colby White
p_5386b4916fdf82e76609715f,Griff McGarry
p_972b7ebc11e717e45f0c09ad,Mark Melancon
p_a8460f9a06978d6536deefb7,Jeff Criswell
p_b088b9ec875c2ad95676f83c,Royber Salinas
p_fbb648c3e0e067b7e676c4e5,Connor Cooke
p_603251841e763dce06a8f1ec,Wilking Rodríguez
p_48ba9ade7c1232c56f1a7fd3,Tim Cate
p_ef951a58ad9232c9a13f20ed,Lucas Luetge
p_a1d303d8a147b9a9c975c980,Brad Wieck
p_deaec0507b53cc4e816811a9,Chris Rodriguez
p_0b50555e6e085272d923062b,Zach Brzykcy
p_f9b96984f7de56b816a555a9,Ken Giles
p_5ea695356851386a99ff413d,Luis Perdomo
p_6398aff2df7b262718e45726,Alex Reyes
p_23b1ca1c4534058addff3b4f,Richard Fitts
p_cd13c086f510743ac3ef0310,Roddery Muñoz
p_6bc49aac0d02c2bbe4e512a0,Jorge Benitez
p_1e0a6bd1e7e993c36f1cf176,Michael Mercado
p_42c55ac743076b8e214cb49a,Thomas Szapucki
p_562d472fcb45adb7471b7a40,Yosver Zulueta
p_d667b68bf647d68103f0126c,Forrest Whitley
p_dfc25b3d70c1dc43303619c9,Bryan Mata
p_0bc5d9cd60158ce3f39bc85a,Bailey Horn
p_dadaee2afa8a979619e23be4,Matt Bush
p_ede17b963af4007e96720ed2,Jay Groome
p_e829706d462dcc3fdc281d89,Randy Rodríguez
p_887045b471f1cc83b0f2168e,Erik Miller
p_60e418281b4e3301f60b41f2,Devin Sweet
p_18c91312b1d6be47ac393a6b,Shane Greene
p_4a82fbc6283dd8f48ba40bf8,Mauricio Llovera
p_edb244b260ec937f69981db3,Ryan Loutos
p_d7933522a8be173baad40cf9,Kolton Ingram
p_9125ba5e432f592d730cdf6e,Drew Hutchison
p_a8c4abd63d4921fb76b68fe0,Max Castillo
p_2e322efcee242b200873b919,Blake Taylor
p_c60d40ca2856c8e687a00509,Dylan Covey
p_07c65453e4133a6c20218471,Spenser Watkins
p_c02ec95d008deec6f036bdf4,Josh James
p_5abd8d89cfd6f04e9ad174fc,Kevin Kopps
p_f75abddcc3edd192a32f1880,Danny Duffy
p_7e9775d0886452b9ee5dc8bc,Erik Sabrowski
p_16c6b6ce6d2a3505aa954ae3,Corey Knebel
p_2242707a2b31566e9c409725,Austin Schulfer
p_5e22c686d4ecafab3b86b9fc,Juan Then
p_1d643666ef9740eece03f486,Chih-Jung Liu
p_dba77d0d5cb5c7c2f60dc94f,Daniel Robert
p_dfa7952fe01552a7b1c1ba5b,Jordan Balazovic
p_701ba15df7ef41b5bac33352,Wily Peralta
p_01f782ed2d6afc2d87721e94,Jeurys Familia
p_ba6f8ab68ae371fb26743902,Luis Cessa
p_7be885804c534c08bd7d6a5d,Clayton Andrews
p_9a0bd7c0b5ba20510b32dcbc,Logan Gragg
p_3ffe471be93045f8108d2554,Logan Sawyer
p_6f4f1f533a6cf003c9bc7854,Rony García
p_5a8e237319546e459ec55e8c,Luke Albright
p_d434896130b58ce066e07cdc,Kelvin Caceres
p_8083348124dc82112b8a531a,Taylor Lehman
p_5e0cb18d04598b7b8ae91a11,Justin Yeager
p_2eb4889336da38ac5fabfb93,Wil Crowe
p_3cba452588168b6c8a492753,Tanner Burns
p_f61b89d5485e8b9f19fb426c,Jake Brentz
p_44c0b64e555845483688a49d,Ricky Vanasco
p_68e6ea731a33c17f55ebaf18,Joe Barlow
p_9092da0dc271195fadf4eb57,Ryan Tepera
p_88bdcf51ffc31d34dfb3ab25,Dakota Chalmers
p_f8dc62bcf569fafc54573aab,Heath Hembree
p_4d2045e85831985207c3f051,Karl Kauffmann
p_4e24a9343f99218844b84cb6,Brad Boxberger
p_b5916fdb821a1e62fedaa235,Adam Kolarek
p_22730a675c1b001fa308d08e,McKinley Moore
p_b3fdbb91063915ce5b6d65b5,Albert Abreu
p_b45282c1440466928395d6c6,Daniel Castano
p_8136d9a2cb1e15e24dd5d402,Cory Abbott
p_b8e6e4e3300e298db9f6feb9,Carson Coleman
p_1bbe36ef54c2ae6cbecaccec,Nick Wittgren
p_8c5c57f21924cd79ab2f1029,Justin Dunn
p_4d6b98bfad80a66b4bcd5071,Jimmy Nelson
p_65236ea384571ba0894f3d8e,Kyle Crick
p_9509177b26292bc143f7bf11,Trevor Kelley
p_0f910ab363fb3d6138e25bb0,Grant Holmes
p_fc108c303366bc31b5930f54,Devin Smeltzer
p_af6822f6a1fd78b24bef7a90,Cole Winn
p_614a1ff5ddb57613d0624d59,Jordan Leasure
p_58532e7aec532694cfec84ee,Daniel Bard
p_3dba5d1d422d42d66620b831,Lane Ramsey
p_88ffee816eeefaedc8ce02a8,Sean Reynolds
p_888999fb64f5f25495ea5b2b,Nicholas Padilla
p_4963aad06d7073f28de06de6,Zack Weiss
p_7097cb1967207f12e51d9d70,Jaime Barria
p_3ea77cb725f930093c5e126d,Andrés Machado
p_882dccc78dd9b8253d68a663,Adrián Martínez
p_de416861fca1af9f24113edb,Garrett Hill
p_0f156e156a55d20a5616dfce,Sam Coonrod
p_1e61f6a1074d03b7b6fc87db,Joey Krehbiel
p_72fdd72b53364afd8921d89e,Ricky Karcher
p_f57f4e0da4e7ef7bafead5b2,Denyi Reyes
p_86ba2f530da955cfd472444e,Robert Gsellman
p_2f7fcb2642c3557160baa4b3,Luis Patiño
p_3671fb887049c9e44d7764d5,Stephen Nogosek
p_b5c0b3f83f8e8d0814bd1c94,Mychal Givens
p_8f876a72ad63d660fdc99c0d,Peyton Battenfield
p_273cc7b5908768aeae41f624,Jimmy Lambert
p_f52db733e35eef2976afdc0d,Levi Stoudt
p_863fcfa652f2ff9240012350,Hobie Harris
p_c3868994698a5165bb993bd8,Matt Koch
p_8482ba2414515040379ad4a4,Drew VerHagen
p_cb5ce0e4b643067151f40008,Thaddeus Ward
p_0afccb805e97c321295ff14c,Chase De Jong
p_a094d4204cbe3cff9c1560ec,Michael Plassmeyer
p_eb19802742b1a08c9a9b8e09,Kyle Wright
p_2cf78646ac8531b01a13096c,Tink Hence
p_1ffd9afa79e669d9bb22369d,Patrick Murphy
p_a1df97f0cbde6c0664272e91,Trevor Stephan
p_4c96c3a5f299c76ffdd200fb,Anderson Pilar
p_6682914544d65682ef0825fc,Tyler Stuart
p_fc71c77f7e94265881d24de9,Evan Reifert
p_e750afac23f43e3d01356baa,Michael Flynn
p_a22b85af3c0d828e825e31c2,Andrew Misiaszek
p_fa32d12a688ef267d6adda01,Ryan Webb
p_2871b0966532c01de45375eb,Drue Hackenberg
p_f0f646aba3ed7734d1c51d98,Angel Bastardo
p_29dd55c8416d6f8a38cec3fe,Tekoah Roby
p_6c1b05c534f31628b3808d1e,Kyle Amendt
p_de46fc46ae679f2cedc0af80,Dane Acker
p_551fa264b1f7e583ef8758c2,Tyler Mattison
p_5fbc1dc8d19fb4493f555ff6,Francis Pena
p_05ce5105e3180af1bfc9126c,Clay Helvey
p_4fe455d9877a9db08b4c15ee,Junior Fernández
p_34ecc4a349799a740e71fbf4,Cory Lewis
p_432bd7006bbfc56e739df8a5,J.B. Wendelken
p_75588ff69bbbbda17aa9d212,Luis González
p_3efc450f1c112b4a023c3ae5,Michael Arias
p_edd9348c2954bef7508ab0d1,Juan Nuñez
p_8ea277b59ba1d72ea58eaf71,Thomas White
p_7fac04d8020a007ef812d005,Josh White
p_d11ff17fde8a3860a615b933,Tanner McDougal
p_c9073e92912f3e770a2cfd10,Braden Nett
p_971dd67418c12aebec422d7e,Ryan Lambert
p_e5364105ff420e5d8cd812bc,Pete Hansen
p_b62597a300cc3259ebd1a6cf,Jean Cabrera
p_b01177856291f855f08576b9,Henry Baez
p_883ea3381240aa0fb1fa6c5a,Bryce Montes de Oca
p_f2ff65f7a593bfa63f759126,Ben Kudrna
p_b92cfd98b094289a1e62a307,Jared Lyons
p_230e8422d24d5896c4c0a42c,Jhancarlos Lara
p_db0404c341139f86924cf138,Yoniel Curet
p_53cb6a30552cce247a086a7e,Garrett Hawkins
p_b3a6bef8dfc97a3bccf20181,Chen Zhong-Ao Zhuang
p_a268791c92a1f9bf6b95ef4e,Ronan Kopp
p_65aa45cc32242db22a46b239,Carlos Lagrange
p_21f261002c1d26a11b48c03d,Zach Franklin
p_d79be54799ca5a8ac9be9016,RJ Petit
p_67ff36f651f18823e95fa07c,Tate Kuehner
p_2c66e144336e7f4190784ded,Tyson Neighbors
p_b22ebecb7e2a739d055c7339,Daison Acosta
p_4ca09fb7d0c3217fb29c6a72,Riley Gowens
p_d62b228a4e25df67ee2bd820,A.J. Causey
p_7bcf3328a6e29e302607c2ab,Adisyn Coffey
p_897a3a82b20935a11ee3ddde,Shane Murphy
p_bbe09586996db300cdd8a7c6,Alexander Alberto
p_a5b5cd2f0a8df7d4ea224c4a,Jaden Woods
p_5e576ee933bbe75be8b3f29a,Jake Miller
p_fbeb4b5fd01b6c0672eb8d05,Eric Torres
p_145c08d6aec50c0ff77d1c1f,Joel Hurtado
p_eb0997d2b29c2add52f376a1,Sam Benschoter
p_da0680766e2c4216e428f1d4,Karson Milbrandt
p_6fa39b797ccbee1e7cbf962a,Dale Stanavich
p_f5d2e0d85e6a04388c9cc664,Austin Love
p_6d98729ac992323f95ae3fe0,Robinson Ortiz
p_613c548148018a4fc7bd6703,Ryan Harbin
p_694ad588dbb0dbce28420630,Kyle Keller
p_0724cefd51ae3242064a8e01,Dylan Ray
p_1123fd3a1694eba72180f75f,Jayvien Sandridge
p_500c9cf8a9cd3f9b7e806779,Jung Hoo Lee
p_8d2dcd7073cef0b47690202a,Jackson Holliday
p_ed0a80c6476ca4aef14ae9ab,Max Stassi
p_6418d91c454dfd59f028afbb,Jackson Chourio
p_8432ab9d50da64784706aad3,Colt Keith
p_7dcf7f8eb380c71ab0925af1,Darell Hernaiz
p_86f40172a29c630c54a55b71,Ji Man Choi
p_d1576b6ef6b447611429da62,Brandon Belt
p_a403013ab4dfe382beb6c100,Wyatt Langford
p_72cb00c74eb8e6b5543d5edf,Tyler Black
p_3386bf984da3e8f8fa6c77a6,Jean Segura
p_9b3bdb08e1a7f5a0777499ac,Rougned Odor
p_78691287e6a583beedcf3d4d,Kolten Wong
p_de0ae2d7d5c0687d9ddfedab,Coby Mayo
p_707544b92dc11367567f81ef,Matt Shaw
p_d8568d45e559f4ed58a23855,Adalberto Mondesi
p_87ec7ba01dca65de3a398804,Evan Longoria
p_c020d026c0bf9cc71d826bc7,Eduardo Escobar
p_39f5c3d970b53cd8eb0b3318,Tucupita Marcano
p_4fc3c7d17d3e8c14b81f43ea,Kyle Manzardo
p_a3df92be90f9e86617bd3b0e,Brooks Lee
p_2af7547d9793e773906d7bb5,Manny Piña
p_ba358f361a7a81fe43dcd2cd,AJ Pollock
p_0a0a121fffeb355d1f904b99,Thomas Saggese
p_cf4acb50a52766a93f68b5d1,Elvis Andrus
p_4d0c70cd4a379152876a193c,Orelvis Martinez
p_1005412c125aa91131400331,Austin Meadows
p_2266597cc3ec700ae703de76,Francisco Mejía
p_0d012693239f986b940b0f5e,Yu Chang
p_f52de1ba5e8a3a3a00616087,Roberto Pérez
p_415fdf6632ac3019555de2ba,Jordan Diaz
p_4b0db0f72cd0bae7aae0eff9,Franmil Reyes
p_100f709c726d3b743be98c9e,Victor Scott II
p_59b2afcf66c7330c56295c11,Franchy Cordero
p_d3ec85c8a4f7d05801306dbe,Christian Arroyo
p_de68157743eaecbacdd1ccea,Josh Harrison
p_0daaa885fedafd5d7fe5df4a,Brad Miller
p_369954785be3191216ce8044,Jonathan Schoop
p_06a6d24f01224d1680d0cacd,Drew Romo
p_ee2733b1644dccbb6b18db9d,Mike Brosseau
p_f9b51db2d4194ebd0c57c856,C.J. Cron
p_f1ab01d1e19b31f92ded51fc,Rodolfo Castro
p_8cdc559fb608976f140b53b2,Jeter Downs
p_94b8a39f2e48d876c65ef22e,Michael Chavis
p_b8dbdf05222a2c25b1a58b73,Kevin Smith
p_9dc1f8c62a5e0a00facb2f69,Carlos Pérez
p_8bdc3798ce1b7cc2a4b44aa5,Luisangel Acuña
p_04e5b3ef5d4a5d5b9d6bb9d9,Chad Wallach
p_60cec57dd7aa9f435e7c54e9,Jordan Luplow
p_24deb4453009f054c864ea4f,Jace Jung
p_01a5c7d075caabcba4be4856,Blaze Alexander
p_530a551f0010990211d5db8b,Wander Franco
p_02d6d5599783e4110ab38043,Jake Alu
p_f38b15a031f14d76650d68cd,James Wood
p_4560c897992082a2cf5a367b,Hunter Dozier
p_1ff39757bd7e06218f610e92,Leo Jimenez
p_9c4bbbb5f04f730262225f42,Connor Norby
p_54e2aa68fae1ccd2ad5a1053,Tommy La Stella
p_3613bf353bcf20736e77a2de,Pedro Pagés
p_49ec9178816c103ce3f6229e,Angel Martínez
p_6bdbc0d276bc88113f0371ad,Andre Lipcius
p_607e4096ca6a94007430e1df,Ryan Bliss
p_126b9aec6046756f62dc4687,Jorge Barrosa
p_0498c5e5d4f6a991ef147ac1,Andy Pages
p_65a9d85b617b2b1d6c8e653d,Dillon Dingler
p_a0e036dfc88fb676b360f42d,Raimel Tapia
p_cbfb87fe26d9e3dd69cf40be,Austin Martin
p_afa7d86922683538306f0e24,Jordan Groshans
p_c07e4670e3e998544e5a288d,Damiano Palmegiani
p_2276f830643fd73837e02e74,Donny Sands
p_a7ae16d800fd2493a4311d28,Tim Locastro
p_4eef60333b8884d086fc836e,Nasim Nuñez
p_e999e4b0ac00443858589ef1,Addison Barger
p_586bae6d7e2c9072fd9048f1,Jacob Hurtubise
p_8a71a2bc6436fdec366766da,Kyle Lewis
p_084450ffb7a2bb96e9bec1d2,Julio Carreras
p_db83bf88d40873a61dbcf0fb,Michael Pérez
p_e86946c3e30c09d9feeaf671,Luke Voit
p_4f452a325c6f7d3107620742,Oliver Dunn
p_fc004b51c5897902b5258b88,Leury García
p_3881653708b60a0b40670032,Evan White
p_c9db1f679e874e1187df5418,Hanser Alberto
p_1ad965ad316d83c951acaa03,Andrew Stevenson
p_5420c57ca1c5e55f44b410d3,Austin Shenton
p_6dfc12d2bc9411969b412ecf,Wil Myers
p_58413b34a5ca3a3f438e323d,Hunter Feduccia
p_2201fef60398521097a2193e,Wenceel Pérez
p_283e64815179e911080be4c8,Bradley Zimmer
p_0af55218bae4ad45546f959f,Jair Camargo
p_b784639a051bcde116e1cca3,Jake Marisnick
p_fa0bded2af3968156d87771c,Seth Beer
p_007397b772b0a7690d4954ba,Yunior Severino
p_9017e835343d89154032ab48,Paul McIntosh
p_c28ae0973854e9196cbd305c,Israel Pineda
p_174d247932b6e47cda4ed62d,Mark Mathias
p_7b19d322d2c693808902ec21,Jonatan Clase
p_019f21dd471c89c2c885e314,Payton Henry
p_ef6a3c59fe41238a57669572,Alejo Lopez
p_562617808758685a118bf6b0,Brett Harris
p_cd58b05d3710901475922bd6,Hoy Park
p_bf43359afbd6ea9b98df4a55,Didi Gregorius
p_0f7440ed58ef1406d7992a9f,Max Schuemann
p_cf4dba276333649bbbd1d83b,Chris Owings
p_130a62a7b255c1ef57164d15,Dustin Harris
p_9c2be93e5e9e0f7785c8fbea,Pedro León
p_d0a57e603e2fc3f5e879a287,Anthony Bemboom
p_810c17f8bea67faab841c520,Dylan Crews
p_948c6c4b906366353e421b45,Phillip Evans
p_3c33a6513359d4f56a1109c8,Justyn-Henry Malloy
p_291db64702ba66f2e4c78131,Óscar Mercado
p_161064099361e2f046273362,Hunter Stovall
p_0349c3988a14c33a4e986699,Yonny Hernández
p_b4c2f21e9efffcacc5c5824e,Niko Kavadas
p_be4ed054efc4b3fd6b5fb9be,Victor Reyes
p_ce40d573f1d537ca57efcb67,Jonathan Araúz
p_e6ff5f1dfc4c4abf260a1554,Lazaro Armenteros
p_64422ced59d68b1740bc53ca,Wes Clarke
p_578e6eeaf44242cd6c36c5df,Carlos De La Cruz
p_bdec208de727e3b673f3304a,Jhonkensy Noel
p_d0dc02e5db0ad1337b8dff48,Jackie Bradley Jr.
p_8cee30bd6be1d092a767d3fd,Chris Roller
p_6a627d9fec13a6ab5f1bd9d1,Yonathan Daza
p_1b2684c6181992ad2b82b262,Canaan Smith-Njigba
p_f8dfa9aa3b5e93d1c0bde1ab,Símon Muzziotti
p_dc76592eb76aaf5d27150b79,TJ Hopkins
p_2dd45c08856276cb8f6b9800,Darin Ruf
p_dc1751bca4d0baca55712a0e,Brennen Davis
p_2c9ae64576df1ec012c7e61d,Rece Hinds
p_c9e5512f35c7c25afde2cba8,Erik González
p_516e3f1cb994c93a4aa84ef0,Luis Liberato
p_76382f43670411baad085173,Johnathan Rodriguez
p_a0fdc4bb1c42d78cacd674e9,Kyle McCann
p_e8cf4119f480ba9e43587abc,Aaron Schunk
p_43a0271d74c06618dd67654d,Irving Lopez
p_f868b6cfb14052d82b6c60f8,Jimmy Herron
p_2f22a1f56c0ce22344dfe323,Gilberto Celestino
p_d333ce8da0f379d020e8a038,Peyton Burdick
p_37d905b3b9f28c8d5a08e58a,Tyler Gentry
p_70b501b4d63276f812a9c401,Taylor Kohlwey
p_8f6ca73cc9044a6e48c1a6e8,Nathan Martorella
p_353f72de95e7c064bffaa10e,Kyle Garlick
p_2073cd33516f514f34b65fe0,Kole Calhoun
p_b389153815ccd451c4c2ebee,Harold Castro
p_4ae32c414054efa454e42dc3,Darick Hall
p_f83b0ba657da52f4f63cc3c5,Clint Frazier
p_6a98fed6c6b2e0d4cb80df60,Jonathan Davis
p_6c332359ef63d4fb8e64c71b,Jake Lamb
p_6074ed1dca95aa540aa59632,Trayce Thompson
p_9f22d270024f173b4d1039b3,Adam Engel
p_2ddd0baa227580a43fba29a1,Cal Mitchell
p_3ec72fdb683f2e7b53aab4ff,Moisés Gómez
p_5d2b20cff0525b9f95ea106a,Tyler Naquin
p_42a72b7a2d750f5a7a63d4b5,Alfonso Rivas III
p_9508ee80ca6b45d444c136a6,Adam Haseley
p_52788c538839cad80df4e4b4,Zach DeLoach
p_efacc831305c072734e2972e,Lewin Díaz
p_f6eefc47a1e285b1fffa7d88,Justin Foscue
p_58028ed637f030c0855cb33e,Jesús Aguilar
p_ef56bdfa9eff902e33d2569f,Corey Dickerson
p_a3201e494d3205ba6e3c0135,Mike Moustakas
p_090427b03722aad314e048b8,Joey Votto
p_d64440d6929ed9a143b24a77,Cam Gallagher
p_49e7b8782be3e46e725dc8e5,Brett Phillips
p_868ce2d8016cafa25337e4b8,Christian Cairo
p_459c324b22c23a1647d9dd1d,Jett Williams
p_7dfd7bce46de0dbd52ab3bb3,Diego Cartaya
p_4d3a9cb5cead901357bb4ec8,Payton Eeles
p_1cb9161c94257d54afccf701,Jesús Bastidas
p_f2721eea45c3efffce1cf475,Luca Tresh
p_7e96378d5b8f24bd75eb2bbc,Enrique Bradfield Jr.
p_bc41af0f8ec82a4a3c7b0e08,Jonathon Long
p_bc27c97170c272582da187d0,Carlos Pérez
p_7689872c7a18f445d289738c,Carlos D. Rodriguez
p_021ba32ef76ff8f44d312eb4,Luke Ritter
p_43d9622b3238bf5030876450,Brock Wilken
p_97f47f45a2ca1471021416bc,Quincy Hamilton
p_18eb853075a1dc8d01d607be,Albert Almora Jr.
p_9b12c75d3c4fe81272af330f,Billy Hamilton
p_623bae38996704f204818f0a,Sammy Siani
p_107e5be88b18c2b18b8e4a0b,Matt Koperniak
p_b4c7321bfec41e2b0afb1d1f,Tyler Austin
p_6e336ba6c8a8a4c4aadd5535,Dom Keegan
p_103d208ffa65b10071f9faf3,Leo De Vries
p_58303cabb52405c45de3e86f,Aidan Miller
p_140af5039b20f70d09463235,Nelson Rada
p_1eb327126c0f4fe9a2a73ac9,Max Anderson
p_e68701278dc03d8a477cb0f8,Tre' Morgan
p_ef575cda4abf207628b3ec9c,Ben Cowles
p_0073ad08d516864500cd89de,Shane McGuire
p_79f56c4bbef5a31349b64dfa,Josh Kasevich
p_43a99410c8e84c025e835abd,Ryan Clifford
p_b4c9d4e3f934bcb1e04bec2e,RJ Schreck
p_1bbaf7d7c9c33799f98b5ade,Leandro Cedeño
p_14b749fb8b21f8045b02d03a,Kristian Robinson
p_2440d2f1623f2de38bcf66bb,Kemp Alderman
p_81287be433cb9d106e4201d3,Ethan Murray
p_6c052829633f13e65931cc24,A.J. Vukovich
p_aaf0da515ddde761aea5accb,Charlie Condon
p_0ea19c8016a5347c2c1b735c,Andrew Pintar
p_dcd1e739c9de54addbb76353,Trenton Denholm
p_419ce787d203e24415a51628,Adam Laskey
p_0070fbb29de42b7e0afd1585,Hagen Danner
p_7e268f815942314800c337f8,Juan Sanchez
p_f119c0c51f899b96a6c7dacd,Brian O'Keefe
p_a378d6b618887ddd35a0bf8e,Javy Guerra
p_f5ffa14f9456d836b7e1ac92,Brendan Jones
p_87cd1506e2dc7b86f420dd38,Callan Moss
p_59b92ee151db8c3f2c94c31d,Hector Perez
p_2343a76134256dd87a4fa035,Anthony Simonelli
p_863f15ccd3d1ba4c8fe5c611,D.J. Snelten
p_a45e75cb8c901c372d60218d,Michael Brantley
p_5cce0a0de20a87756d9b031d,James Norwood
p_43d4d57d5eb8e51b9cb80006,Oddanier Mosqueda
p_8beb01032f1370c14fb91d43,Alex Troop
p_e7643a13b58888f3e8acb678,Rangel Ravelo
p_051312cf8486b6b774e98a55,Brendan Nail
p_00548377c16584a75fe0059e,Jhocsuanth Vargas
p_85213de3f7189067d25fa1cd,Griffin Burkholder
p_596439b00f80148b6df6b861,Drew Ellis
p_9415149539f6fece3216fb23,Braylon Payne
p_37d3f81fcfba9717a6279e87,Ian Petrutz
p_a3a0344be01071333f0eb0c7,Brady Marget
p_60452f30b4751632c4ea260f,Xavier Isaac
p_018e04a7321d4c1a098c590b,Victor Lizarraga
p_78c1af36cc0d484feaaea53c,Edgar Portes
p_b78ac5dd67429f15bf9ea680,Luis Sánchez
p_33e7b19d11e7ba8164677030,Nolan Clifford
p_21321f009817701bddf95af5,Mark Washington
p_bd1ad0dc3f44f42ea36a73ea,Aaron McGarity
p_0d850bacbb71b66e329d4158,Ryan Cusick
p_071b5c03fa7b1e7b0f53aaf1,Kyle Johnston
p_8703ff827c3d5cb294439101,Luke Adams
p_93a3cc9003e5dfcbfb28cb46,Jack Costello
p_db958b4cf39add140ba2086f,Mitchell Stumpo
p_ebf0ff7c189966c500b92258,Devereaux Harrison
p_cff3f63f261c72145744dcf3,Yorlin Calderon
p_1289cc8a159ce8f42aa4ccbf,Edison Vivas
p_2858cdde56e93fc28fbb4dd5,Chris Gittens
p_a0c945e770515897d5a1d3d4,Brayden Taylor
p_30ab4d6c685de55c5797b25c,Aroon Escobar
p_a4e6b3c8765ee30145c3f0dd,Greg Cullen
p_9d1f005628fab48743d45b65,Ben Hartl
p_28e326fc46f359258460c66c,Peter Serruto
p_854057c2fc2284e4e2fe19c1,Matt Frisbee
p_7d565cbe18e33ff09715e77b,Joey Marciano
p_7cba6731940216e92ee7c842,Chris Wright
p_bf1c8af9b0bd9ad19d5c943b,Joseph Sullivan
p_5e7fe049ef73f3fffb7807d6,Tyler Myrick
p_f7faa717973b0cb94add04bd,Christian Martin
p_eb51c750b1fd67fbd2a12ec0,Johnathan Lavallee
p_18b15a7cc4fa9485d0a6a4a7,Abraham Almonte
p_c244517ab3d7fc237d85e925,Gerardo Rodriguez
p_514b111634feef7430f4174d,Wilson Suarez
p_0b3ee5cb481214edad154fe1,Ben Harris
p_b30b232f1b42609bd5895d13,Cooper Benson
p_112a3b1e08b384c4c80ae977,Oscar Campos
p_613e7da0aeea70ca6ec2518e,Christopher Troye
p_149534b6a0c911b323553ff7,Kodey Shojinaga
p_1090a666c7036c8433a134b7,Austin Machado
p_5daedb4662327d1c483ee39c,Émilien Pitre
p_b98a42fce1b77bdba576d87e,Tavian Josenberger
p_058b74fa48c74b57381eb4b7,Theo Hardy
p_d4045e38ba2b5fe84fff07a6,Ethan Anderson
p_1b8f4e4b59f2922955f60c9c,Yonathan Perlaza
p_6ae9a9254a348c2443d1f858,Engelth Urena
p_1f94fc65b5ef01b0b8f501d1,Alaska Abney
p_e34defa643d6ca4c9353abb6,Woody Hadeen
p_d63e12a53866eca0a033a723,Jason Martin
p_d40ebee736488609c354d774,Robert Calaz
p_bb6c31c7985d942b5454b781,Mike Boeve
p_7fa743f52bd2277fca00514b,PJ Morlando
p_15f8ef978cfab240c9a10d62,Emilio Marquez
p_deb00eee40e3afe5dc83363d,Ryan Middendorf
p_e058604765806ed0cce420a9,Preston Tucker
p_0a5bcfe2b2503de68537aa61,Kevin Gowdy
p_df1d201fed52cb9b8961d54c,Tyler Herron
p_a77ab477c693895f875074de,Elis Cuevas
p_1cd5af87971be5ee0ea14075,Ruben Cardenas
p_f4b2422cb1e41751f4fb9b44,Jaison Chourio
p_5602c36b2f829c8c7fcd3aca,Jose Colmenares
p_619538b414fd88148b54dda7,Jake Palmer
p_6db390da497c60255c73b633,Isiah Gilliam
p_c087f1779840681a3badb423,Ryan Sublette
p_92a388b83437b9f8365c205a,Chris Brito
p_dacba2daccac2e1867004997,Thayron Liranzo
p_912158b522c5b3f29aeb4208,Dylan Heid
p_6d8422005a8f0b78a75cf1ad,Dan Hammer
p_be7616ca3008b3e9e7f722f4,Meibrys Viloria
p_fb5ffb8c2606479f7eec2161,Lucas Knowles
p_cb9b22bbe33e3706058a9650,Richard Guasch
p_97994ea18c17ce8c8d4854f3,Eric Hosmer
p_a7bdf33bdc2e41cb10b0b1e3,Jose Perez
p_43839a9981b2b6ba57247531,Carlos Mendoza
p_ec64f6332b41f467701aa4a8,Colin Burgess
p_1fd2b5a27b3c675dfdbc5563,Nick Dini
p_ff9b80a9a8e13474a861910d,Nomar Mazara
p_d755fb12998f55de7f8e1920,Matthew Etzel
p_8406ba310469e20646e29829,Evan Edwards
p_4c02ca7c6afc8b5ec08857a2,Nathanael Cruz
p_aa1c46123484b4cbc32afee8,Kevin Bazzell
p_caf8a2897adb6c06aac40270,Jake Holton
p_e2eb6eaa69ec6e6fcbe2170e,Josh Donaldson
p_3189f1e4c43fa09dfc11939e,Cal Stark
p_95b7d1172a3aff309415f88f,Davis Diaz
p_d637a5eea722038b7101b469,Miguel Ojeda Jr.
p_06a5cba5fc0f4b841f86ac04,Dameury Pena
p_79f806da428b728f75af60f0,Darrell Thompson
p_4531eea5722e905509ece9bc,Ricardo Olivar
p_fc397c5e97622f529596f915,D.J. Artis
p_d8d1490d51d56348332b4116,Franklin Arias
p_d8a3483425dca01c69aca041,Austin Overn
p_5c13328cfa68cc25aa06d5a7,Aaron Palensky
p_97f7b88356fb0de75543fa27,Brennan Milone
p_2f92f64d89e09d5bc40fe727,Oscar Rangel
p_badfc023f6902f25ccd351c2,Javier Vaz
p_26e3103c31767f23d0f1a411,Dante Nori
p_12a54ac8e9c4d30e4e5ea557,Mac Guscette
p_5da64121c16dc338c118d42a,Griff O'Ferrall
p_8e867f6213c19680a3e0f974,Jarrett Gonzales
p_e008470e16ea2e888d004ea2,J.J. Matijevic
p_7f0389eb37a5cc0133378407,Candido Cuevas
p_15059801115a39eeecf15519,Eddie Micheletti Jr.
p_5919ad7f14a3b194bc3cca96,Jonathan Diaz
p_a8c1e7cdba1376179804dd33,Khadim Diaw
p_530fe3586aa987cc8082028c,Lucas Wepf
p_5f466573f63e4d75329f10c7,Michael Hobbs
p_8b36222b3f71d1f6da544e46,Harol Arias
p_3d265fdded86b13e6a02eaac,Angel Tejeda
p_4eacbad52eb1ea26b532a0cc,Dylan Dreiling
p_41a79d9d77353244d77dedb7,Josh Kross
p_c92c19c53e96e809fd2b287a,Ocean Gabonia
p_c97dee7be4c505c5d8737ce9,Carlos Gutierrez
p_1ebdfab9bb39e3cd0093ff9c,Hayden Nierman
p_48f5c2ba7f418f2c7e5f4ce9,Miguel Mesa
p_16616414f0c366d5953e0399,Lincoln Henzman
p_8cb5119c1c569507fd095699,Billy Amick
p_0a6826492bc7e4e4d7b8b64a,Tyler White
p_d70cb1d110313ad83fdf9fac,Quincy Nieporte
p_71bd79530433ea0bce5c87be,Agustin Marcano
p_75df4cee3e7bbdad6ee130d4,Adrian Pinto
p_47238136e3fddcee16fc009b,Evan Gates
p_7710b6397f04792f13475bc9,Nick Podkul
p_c4873057999f55145b507743,Noah Myers
p_372bdf01559e8d78cdc1548c,Miguel Rodríguez
p_0c965ea8fb902857391351a6,Devin Mann
p_aeaaee66f84d303e5c3e6485,Aidan Smith
p_e05092aeeaa4788d1a8846e1,Blake Rivera
p_7cf01d83e11930c84b0ce0da,Luis Vega
p_a4a840b0870be2fed0af5405,Trey Snyder
p_2281a7f762704bab8857bc5b,Ricky Mineo
p_2b3617e03ef6bfee78e8a808,Will Simpson
p_9308f79a1922c73475b681c0,Jackson Appel
p_15dcccd0b8899e5e04928b2c,Nathan Hickey
p_18f5d1e2b8d92d8d775df93e,Phillip Glasser
p_62762b4c8976dafb0f5124db,Termarr Johnson
p_6de9de8aa08d84a0f7ca5fe7,Eric Kennedy
p_3756be733d501feb2db8c914,Spencer Packard
p_6f0b3a33023558034ada2914,Riley Tirotta
p_a95204a8f64302e9eebba035,Drew Ehrhard
p_21947f43cb6ed957bcf0c568,Ryan Garcia
p_c4ef5c1bf016558735756081,Brandon Dixon
p_1c1cde784134a2f6d169e86e,Jon Jon Gazdar
p_03032baf0233b4ae6c27f8d5,Samuel Perez
p_4bda2d949999989909b97698,Conor Grammes
p_d07b37d6d48a17d856fdefd3,Kenyi Perez
p_aa928c8d8a6c2986be37e31f,Duncan Pastore
p_bab312d13ba2249b2e797760,Keaton Anthony
p_b098cbfd3ab957340cb6a412,Ismael Munguia
p_2d223f519aff572c585f4335,J.R. Freethy
p_6e6ec266a7fb628ec9bccc82,Jaime Ferrer
p_5c2f0dcaa516131687a1cde3,Brock Tibbitts
p_6523ff30bf5f654024b96632,Cole Stilwell
p_da01b757de5a4047425a8e37,Tucker Bradley
p_f6691051f62e93d0f612cf19,Zyhir Hope
p_f54d32eaae35bcf40243d84a,Jared Thomas
p_839b9d8ab161fbfe3f672f24,Nelson Cruz
p_330e10efa7cc23cd111bb77e,Carlos Monteverde
p_afe46dfe00c9fa86b30411ce,Gavin Collins
p_047d5b5beb9acfdb4ab40ec1,Francis Florentino
p_9f8b5ac806bf5c262d1f7eff,Seaver King
p_936d160bed01b7e6f0e03549,Felix Cotes
p_b451339fff933dfdc5e484e6,Angel Rivera
p_3d0b75343bd368529cc57d22,Bubba Hall
p_21c2d1659021e5a4d0faec8a,Moises Diaz
p_42b4e0fd8719ddc5413bdf5d,Nick Pogue
p_9aaa988f073b411c7c35f70e,Andrew Navigato
p_cf2900e127a5be7522f74772,Yolfran Castillo
p_db4020763060431477df08e6,Ryan Anderson
p_6c224cac252583adf3d94552,Jace Bohrofen
p_87f2f29c97b3f236c28366c2,Niko Hulsizer
p_52133593a5f121a4854a9cbd,Dru Baker
p_6a4d977778ba02d0b11776c4,River Town
p_bf1b7f17d5907e515aa105df,Joel Dragoo
p_f1b10b6532381148c39f3a71,Corey Joyce
p_134ec95625d74de9df4b8c0e,Alexander Ovalles
p_e6dfeb5261490d21c14c1d69,Jose Escobar
p_f4e1444c6395a8b2e70918b6,Anthony Alford
p_d91ff1e3ed4f3715de2a8b12,Chase Pinder
p_6eeb57d1d12c9a64067a8660,Miguel Vinicio
p_2478e934f574f3a967588806,Jesus Luna
p_2f349959adc9dcbb27a4d146,Carter Mathison
p_d0ce23299cfe55eb7e61464b,Zach Haake
p_6c4378be67682e7172ad9077,Matt Pita
p_257e1950a2e31b835c604461,Darwin De Leon
p_8a4d85a7c6fa8b0bb6e06a1b,Alex Stone
p_df7e38bd2008bde1fa925937,Justin Riemer
p_d09c12b45aa5e3311d4713f4,Carson DeMartini
p_3bcffe793c88f31561f8a200,Jake Scheiner
p_e86b59a331e94b1813cd3cf1,Austin St. Laurent
p_b80379ea0f1f77cdcb76b4b0,Gabriel Sequeira
p_f3acfb5b8ffd821b4c3609bc,Jose Diaz
p_079a955f87f300732d78f87b,Cleiverth Perez
p_dd87bca54ea1effffab66565,Ross Adolph
p_b1d6dcb0328beb09f00aa338,Taylor Jones
p_497a6e9f427d9c1f4216b5ab,Yeremi Cabrera
p_ea9751885075b5ceb1984281,Welbyn Francisca
p_62fc6e8ee8e0caa5a2730af7,Aron Estrada
p_e56a06a4e269968de6c6bf08,Frankeli Arias
p_70fdc89c8186953098ba5059,Ryan Cesarini
p_1ee3d0345c189dab086c7385,Colin Moran
p_8d825337a982e4b49d33942d,Jeferson Morales
p_4b1c20fe86ae00d08ca82d2e,Nick Mitchell
p_5d1f23b1ad94bd4d524327f6,Henry Ramos
p_f145078bc04e12f1b3f2bb00,Marshall Toole
p_bba0982f5e1faf67104903b0,Ryan Stafford
p_12e016302d48b246bf2c375f,Hector Osorio
p_556254bcf1223be1edd86b67,Sam Petersen
p_de5772afee9e654e534a8d50,Drew Lugbauer
p_53bc18fcda374a174e27d956,Matt Archer
p_4e2967543cd41568929fec47,Chance Sisco
p_5c38cd53d073384c54b1754d,Yoeilin Cespedes
p_b49a87cc26f0393ab65931f7,Aidan Foeller
p_29d44211593f24deb1feae42,Jose Pena
p_3bb7166c2df2271f7d488cee,Ronald Guzmán
p_681f17554c5d133f29846ea6,Jose Guzman
p_aa72c99ba5780846493fa88c,Chris Kean
p_969eb503158375f1011b92fb,Jesús Liranzo
p_9d877eef5f6ff1ac38697dca,Dennis Boatman
p_3579f23872cf5f38c8c91e2f,Brainer Bonaci
p_171788dd40dede1f4c7eb96d,Homer Bush Jr.
p_24d6cbcf74767807692897f5,Hudson Livesey
p_9903a72b0202a6c3a4f5bade,Austin Schell
p_6fdccc4e3ca611b405466321,Christopher Familia
p_6102528c098d3c3a3d7676f4,Josh Lester
p_31bdf1050937facafad71077,Matt Beaty
p_f63c8e8fb7f90b2f530f507b,Steven Ondina
p_34efeb5b38690ef4597470c5,German Tapia
p_318597b2eb8c0f2d87c13b60,Tyler Ahearn
p_a44999cd73f45db6a56ed52a,Luis González
p_463bc00e91d094393901f371,Alberluis Matos
p_2918809e53f49d8bac61b5c1,Carlos Martinez
p_8c8fa7e2ecb25037f11ab992,Harold Coll
p_ea759fa18bb641149704116d,Nick Cimillo
p_35956432e0428e194af1d70d,Austin Gauthier
p_c9c2b23f338a81772e52ceed,Caden Kendle
p_e1925b0b89ce14235233a1da,Anthony Prato
p_6cffa80ac152a774224746f9,Brady Cerkownyk
p_528e446f4a4bd2eb0aa20360,Josue Briceño
p_1d72998d89df34ba4b8912b4,Ronaldo Hernández
p_4404dbd9b73f6afdc1273bf0,Corey Collins
p_3d845c587913824a81693e6d,Josh Caron
p_ded2b7ae60f5c96169f6e1aa,Trevor Hauver
p_3b2b25be7f9056ab2ddb9887,Johzan Oquendo
p_15bc39c87cab330cc95fba1a,Scarlyn Lebron
p_6ec03b384cfcc4bb1a031b79,Phil Clarke
p_b3dd612e826fa4e8d250960a,Miguel Santos
p_a42078614266ea2506c8c972,Luis A. Reyes
p_2faef297cc5bd45a92b0e2b6,John Valente
p_2cbc9dbf407ca4c54b1a2595,Reed Trimble
p_72eb00b830d583da57f9a1cb,Jonathan Petit
p_e9b37132eee2762f8f659acb,Eduar Segovia
p_c7ca01572057a309629f6c20,Alexander Albertus
p_34617ea2481142a7c5e12bbb,Patrick Lee
p_e482c1b3beb89158029231b6,Marcelo Perez
p_cecfe90ff1dbe7ff032e79f7,Yairo Muñoz
p_b488360c9becc4870d0eafc9,Ryan Campos
p_523b9b579b1aa3de40dd503d,Larry Martinez
p_49865f87fa797f6be6ec5aca,Aaron Parker
p_4ef3514c97968012e8197c7d,Jackson Strong
p_4302ef7d1292db24f3da188e,Garrett Pennington
p_d385c9fc880979f87996bd83,Samuel Zavala
p_1772bb919350ae5bb6384a62,Braiden Ward
p_d369945ec54cfb9751392c2b,Tyler Rodriguez
p_554d55ba571e353037932320,Diego Rincones
p_956a33a114128236d1d0f180,Mikey Perez
p_0b2e18afa585e9abd7843ed2,Javier Valdes
p_84b01ebd8a114fc5f0ef6d27,Blake Mitchell
p_4c54e9cbc7ac89f1699c7ebb,Michael Hermosillo
p_e9982df25c08a39442d08dde,Cole Fontenelle
p_2727a786a2ae702025dc0449,Yoshi Tsutsugo
p_3112b5a3a37e245177a9e381,Stephen Scott
p_afd8d6acd8c6456df7349bb4,Brahian Silva
p_4401368773649ae9c2cc10e3,Gabe Matthews
p_dbfc530b641e0ffb65f2fcb4,Edwin Barragan
p_9cb3f545ffe013d1821e7694,Jeremy Bautista
p_4f6b970771527bf03831e56e,Ryan Galanie
p_601d2ecf8d3ffef6bae43891,Trent Farquhar
p_e8c80637ac519fbd6f216bd1,Peyton Stovall
p_9a7cbd07da321a268dd4d979,Kanoa Pagan
p_98d06d60f040804415799d50,Alex Binelas
p_c6e125fc1df7bbf8b9d0b64d,Felix Salguera
p_91daf1dea43f8ffe0e045efc,Angel Arredondo
p_2506689b8dd7cbb3e9c8757e,Tanner Morris
p_ee28da169b804add53678e53,Victor Arias
p_a614649ab2a43bbf5afc3dd4,Hayden Cantrelle
p_5fa990a89f172cc15276dc7a,Hudson Haskin
p_31893d1efd48b6a118026f37,Mac Horvath
p_3e7402e0a1fcaf0fe6126dba,Theo Gillen
p_82aae224f6e30b526d2dd16e,Robbie Tenerowicz
p_7c3416f818e2e4ff1c359830,Daiverson Gutierrez
p_df450ab55fed4fefa1a16a71,Francisco Arcia
p_6a30b3bb58b494e1b0a6253f,Cody Thomas
p_4f90553ffcbcb717a0c4f036,Will Turner
p_1db6557fb71c1420684930d2,Ariel Armas
p_526ae06ea29bb171c9f8ee8e,Felix Morrobel
p_52b6442242dd41207c9f56ea,Victor Valera
p_ed63c69f2fc696c189fb02b9,Austin Troesser
p_3d1922c75e06fa0ae802bcca,Tommy Hopfe
p_20b0c6cd0f43b3e534b8e7a9,Tucker Flint
p_c67e9fd8752fa96b467c16a5,Ryan Jackson
p_efb00a8d79fd2c4d2b583eff,Ryan Nicholson
p_de052df8c50268cbcb32d2e5,Mario Camilletti
p_bb502b1eca96f8d1c12d6409,Guy Lipscomb
p_5cc40206cf00d200891a6f7f,Jonah Advincula
p_46a9fe9162ce2dc6cc7b7395,Alejandro Rios
p_ba483ad136be0b28dffa6bd2,Patrick Murphy
p_6cd5e99ed3ac4b252d667d1c,Jack Blomgren
p_0d2bf488135a3ca26e50d8d9,Elian Cortorreal
p_3e24c64801b06070340cb249,Tyler Hoffman
p_e4bd366fa18fecffb8897288,Blake Burke
p_faf51d8e9b9d88c02333a4f2,Douglas Hodo III
p_57e034090c9dbdb91cb6dd88,Kala'i Rosario
p_c78dbd04d1e35e910b28f79f,Connor Hujsak
p_cf73969eab5db76f3bc27898,Luis Gonzalez
p_b16fd19c165e911b2c7fdc49,Derik Alcantara
p_f446a0f8817971dc19f331be,Gavin Cross
p_c0df6282dc90455a94fefdc5,Carter Cunningham
p_b256c8157f9d321cdd6ab906,Enmanuel Tejeda
p_f618c12fc6205bdff67e8a85,Brett Squires
p_84d2fc1453f9629c331590c2,Eliecer Romero
p_e0e01c419d3fcfca8c601e49,Carson Taylor
p_155dfccb505c7536d20ad04a,Luke Berryhill
p_e464b8286dcbc91565f70bce,Edwin Amparo
p_d1897b6e8f493583d046cae4,Juan Matheus
p_0608e189161f10f941b812f2,Peyton Williams
p_440133c14bf8c8940e051817,Enmanuel Martinez
p_351e719889acfaa342aa4936,Demetrio Crisantes
p_42cbe510adda6a562dd359ef,Arturo Disla
p_6d2245ca84e3a542dcf36037,Taylor Motter
p_8109fdef276e7695a620b5f9,Yadiel Hernandez
p_04c8a714b430e34cf3f5e9c5,Jordan Qsar
p_5bbdea66034d2ef1d099f2b8,Jonathan Martinez
p_8588c6a506f7349787d00fad,Jose Rojas
p_0542af142036f80897d09001,Jeron Williams
p_3efe2f72d5e98fff298ab56e,Mike Zunino
p_dd3e22fc14c5437eaa9d92a5,Darryl Collins
p_7e5a5a28c1cdbd4edec75030,Noah Mendlinger
p_7e9b339d551517b91660a6a3,Matt Kroon
p_738d9c14ff2c051df202308f,Xavier Fernández
p_d514d7321f04b574d4e4f012,Jonny Farmelo
p_78a7ce270e778d99cda72bf3,Romeo Sanabria
p_793431d9614bf357a4fa78eb,Antonis Macias
p_9f9e2e86af972f409c5a24e1,David Leon
p_dbd3ce1ad38b62e1f9f68830,Gabriel Cancel
p_569f5756a112d61c4129ce10,Straton Podaras
p_93cf8eefff8d0303591134db,Colton Ledbetter
p_9c92b4b525445fda722f748d,Duce Gourson
p_cded23973a3f27917ae08b3a,Blake Rambusch
p_b8ef95b2f56ce9c72a4efa6c,Vito Friscia
p_b3339765bac40f4e7bfe5fa8,Joe Hudson
p_6215c01856450e90bad7eadb,Jermaine Maricuto
p_67a0c0223266ba3ee7cba217,Chris Meyers
p_28d7b8a9854dca638dc0c09b,Osmany Fleitas
p_a1bb052772d17c12bb5bec78,Canyon Brown
p_431c14c2e362f46205467bbc,Rafe Perich
p_a3a6ad9eb585f65764ceaa80,Jesus Fernandez
p_f1a4ad9fd719819cae6eeae9,Travis Swaggerty
p_c3ac813af96dc06ff8776b28,Michael Carico
p_c171557e49de1fa0e8c9408f,Chase Strumpf
p_b99f883c85318ab431457205,Tyree Thompson
p_c5154843499f31af36ba0177,Lorenzo Cedrola
p_9a979babc15b563e04aefee1,Jacob Reimer
p_7decbfae810d77b8a7b4ea12,Brailer Guerrero
p_1f6b55935a25da233ff0f21c,Anthony Garcia
p_e7601c902cb235cd335bae2b,Tanner Dodson
p_9ca75736723918f81eb20c4e,Spencer Nivens
p_a84645a5b6077c911661f98f,Elijah Dunham
p_3eb1f37247f2f1a8f5bd90ab,Dillan Shrum
p_95c18dc038f671008953ee2a,Kier Meredith
p_20981c48388b980e01b5d17d,Michael Gigliotti
p_b4198c80b05662703ced11ab,Braylin Morel
p_a344765f5ee64d14dabf9bd9,Jeisson Rosario
p_c838485c48aec7b18341c08a,Peyton Wilson
p_fa47881ed5852b345cb3d5fc,Cadyn Grenier
p_7bb4a85f3771cf6ffe33ba93,Starlyn Castillo
p_0c3a284264b40d839b131351,Allan Cerda
p_456a94d3019ea13b60a7f04b,Jose Marcano
p_febe5f6c0271ecf897c4e413,Nick Dunn
p_904a73c17536e61fc69379f5,Bryce Madron
p_b1efc9c7323f294b5bf300a8,Edrei Campos
p_0b39194887df38777f511d5c,Brendon Davis
p_fda1856e887547d1bb8c9119,Caden Grice
p_8bbbf55dea0af4772715d8d9,Jackson Castillo
p_d230b8682fc0f4244998c595,Mark Payton
p_2f2b70252be22f80e3fd6af6,Christian Cerda
p_7a589ca272e0574cce4fbc8d,Blake Rutherford
p_877dfd699ca66140efc01fd1,Kliubert Avila
p_170965726e4d046e283adb96,Dakota Jordan
p_422a5ad24b54344bf95fef74,Brett Cumberland
p_abbde97add4e3762269c5a88,Jesse Franklin V
p_24bfce431f53d07846407b5d,Tyler Wilson
p_67229af90d9739c3da7520e7,Franyer Noria
p_4a60792e10c654aa7534b656,Wilfred Veras
p_1357a3eead135d578b98691d,Robbie Glendinning
p_f228d86e9bc533132dc8de2b,Edgleen Perez
p_1972e3cd2bc12938e1d3c6b9,Will King
p_106f8e98f0264d5ec9f4d5d4,Alex Isola
p_fd1bbb9de16977807378dcbf,Colton Becker
p_b37888b385c0f13c50b41c29,Dillon Lewis
p_e36b6a1e74b14b13c38c55ec,Jakob Christian
p_91812bc92913425c7e9f465c,Matt Lloyd
p_9fe85b45f58f617791f8806d,Johanfran Garcia
p_69fdb494229c5698149de17b,Jhoan Contreras
p_ae5f58f18a82ef7a691bf8a8,Pedro Severino
p_581f96fa6c2f7c7fe6ed5587,Matthew Clayton
p_8d5342172470bd7b25260417,Max Schrock
p_1c0fc8c6dee83e4b565b09c1,Clint Coulter
p_34dc3adfd501e568bb7678c5,Edwin Hidalgo
p_35072794bb6b083b53dc5c79,Travis Honeyman
p_7a019e837ae094a709b33ace,Ryan Snell
p_9211b484549e1c83019521e2,Jake Thompson
p_cb2fa3916cde6f453be83376,Chris Newell
p_94a0e0556b8ccb69a6541ceb,Justin Yurchak
p_8141475153d0bfa62f5f0043,Andy Yerzy
p_3f2acca72eda285a491f2cbd,Isan Díaz
p_73788925ee037165be9b12ff,Ralphy Velazquez
p_1969dadb1694e41f7fe0d453,Josh Tiedemann
p_281cd0ea73977d38f1ecf2a3,Oscar Colina
p_e0dd938ec0becd4c4faf0e5d,Nick Lorusso
p_10ec2fc250c2fe4eee81a65f,Cory Wall
p_3051ad2d87d0c8589661bbbe,Jose Ortiz
p_89d3ea6454019a56256579e7,Gabriel Rodriguez
p_71dac5b9265f3963139a3deb,JT Schwartz
p_f31920000e07c6a3c3bf8190,Gerald Mejia
p_00cad6a6e591a6368e510faf,Bryan Lavastida
p_6d567171d7f128fd9b56c33c,Eddinson Paulino
p_b5372a72a7e3dd2fa6a807f0,Jud Fabian
p_4fe722c4eb52eb7077985c45,Dérmis Garcia
p_d2aa841c7d2610427f7ab6b8,Cristofher Carrasco
p_223f0ae7f03638bcd5c0c5fb,Ricardo Pena
p_226c0b8ccd9ec24fcd07bc03,Kevin Briceno
p_d693969c374b1a29429776c0,Jared Dickey
p_32c2caa0f3e97aa9af92d9c8,Devonte Brown
p_3ec0ab0ac5ea2ea525b82b7e,Shane Sasaki
p_868d7cc3d6301d5409d6c054,Jacob Nottingham
p_0a0fb493893a6bcc538ff6f0,Mike Antico
p_001240836a63d3d9bf15571d,LJ Talley
p_91035f9b5dbd4cc72616f9c4,Christopher Suero
p_7749dd8845f159f5f42ec500,Sam Kulasingam
p_4443cb24f9e10af8427d0a16,Adeiny Hechavarría
p_a82d6d222424f935f09e46d8,Grant Lavigne
p_1f4544328f58a313a77f385e,Rainer Nunez
p_4d89c1cfd919bdf2eb17c89a,Chris Williams
p_0a4c919f79db799f0a54e25e,Alex De Jesus
p_1e60cd540eef4987605c1d40,Malcolm Moore
p_7a2cd0e98baa8e7e54556397,Maikol Munoz
p_bb6a754543fba71090d72ec7,Brandon Eike
p_441a0c5eb132671ef4179ebd,Creed Willems
p_516fdf03cebcbcba6889f86b,Jack Dunn
p_efcbc237260d99c9340a383a,Scott Hurst
p_6fa90099274399cfe2aef094,Kevin Padlo
p_73c5a6c49eeca7532d4464cc,Cristian Santana
p_fb62d7ede4023559b94941fa,Colton Welker
p_bad1b8a1465004de3dc8e901,Cooper Kinney
p_5f73768c5116b0825f73f3dc,Riley Unroe
p_a650a936043b3cd46d034a81,Aaron Rund
p_ee370ddc41119d9b128d8eb8,Julio Meza
p_6e91c97ce8aa1694b5a979e0,Brendan Durfee
p_d3c0865a3638710b094e9b46,Jacob Sharp
p_353e5400bc34b5b2e045b5e0,Luis Gomez
p_3c802be05785e20316a25bbd,Logan Wagner
p_f7316470eb67554e25bd6192,Trevor Austin
p_21ebe14c42ed5d8571d24f59,Devin Saltiban
p_6440a0a13381bfb36fb7a339,José Rodríguez
p_b6335f291710bec47620f73e,Noah Cardenas
p_1158088c0c7b6878b8aab37a,Caleb Lomavita
p_61353a690b57c74a1b3cf724,Zack Collins
p_a0e03b3f1744d3f46d4355b7,Cole Turney
p_7b33238c603438cbea3d2e92,Ryan LaMarre
p_e6f86139e97ac036f37afd7c,Steven Williams
p_f2e73e558ab5bce1aa135850,Cole Messina
p_a31979f3bc5908055b81561d,Alirio Ferrebus
p_b67b88a7ce7457a02ec71a5f,Starlyn Caba
p_b177c169c9e3dc9913b16500,Narciso Crook
p_d1349f9917dc1567dacd3b67,Kenny Báez
p_116646286805579b9f8a51ad,David Mershon
p_85f275fba3683eee655b671c,Caleb Roberts
p_8dd48c185aac53426f762836,Casey Saucke
p_1b8ac5db9e6a1ff9dd7ae011,Justice Bigbie
p_c21305720d93cfe219df7825,Yusniel Díaz
p_e25446b233c3bebfeabd0e3e,David Freitas
p_0ea2f139a8684a10826ec7d1,Asbel Gonzalez
p_e5024ff4f46ae8e1bc853366,Stevie Berman
p_3f631511be8d95e9fb43a36d,Diomedes Hernandez
p_e0f6bc4337a9ac2672b90e5b,Blake Wright
p_1f2afabf43bac6166fbd8173,Payton Green
p_4722a34d3f0cf6eff81124a6,Alexander Campos
p_24d8ad3090c1b4a57561297a,Daniel Pena
p_0d5ace7ad6a227143cbfc07a,Jay Thomason
p_268e12a127d7144a3c648fe6,Luis Merejo
p_658e88c3bde3d325f67d82bc,Jairo Pomares
p_82426e967e4bbda7daa9119e,Dervy Ventura
p_6074e9f887619bc4dd72dc97,Marcos Gonzalez
p_238cf17ad0e744797be2751e,Allan Castro
p_528039d1f8a3ed7187b02d6f,Cade Doughty
p_96a39bf3fb565321d99d572c,Nate Nankil
p_c76db4dd508349b71144768f,Ronny Hernandez
p_ebd0c258f3b653ead52c3d6f,Rafael Lantigua
p_ed5519e633e225b7d126cebc,Wiston Cerrato
p_ac7e4b227253ab8780743531,Andrew Cossetti
p_21f80fb518b888b6f6a4c6a1,Justin Connell
p_15b0b948c55bd08d56a52588,Felix Stevens
p_5610992302e68d95da669a5e,Maxwell Costes
p_584402500c079c6e6cc2c656,Angel Acosta
p_972df7a4575a7f12580b6393,Damon Keith
p_9466cd3494677da8801fd967,Drew Jemison
p_1b86105390e0595eea712ca3,Dustin Crenshaw
p_a5b95b3433ad962ff4a4f4ef,Omar Meregildo
p_f586107630edb4b2982c4b07,Jose Subero
p_a418b46cc8a546e20b97535b,Roylems Rangel
p_a5f64c815e7e9f6ec0fd55a1,Jose Monserrate
p_47949757a0c52ff4459659de,Ke'Shun Collier
p_36c030fb94219773c175185b,Michael Wielansky
p_ce817df1cfc6f431bceb513c,Nerio Rodriguez
p_d31bbd9fbed3c69986e1d22f,Daniel Familia
p_503d23ee0199a1ced3ff5418,Will Holland
p_3a8e9e54ffe8125d863e6846,Mikey Kane
p_803664ffb0206a34225e311a,Moises Alcala
p_ec39d6d594cf0877c4d8d0e3,Jack Larsen
p_3e7c52f29526718f3623bfc1,Jamie Ritchie
p_31fc6fae78c40470fb3c91c1,Alerick Soularie
p_ad1a012aac296c4f8c4a1c40,Domingo Leyba
p_f5fe0f84c1158688371d30fa,Christian Knapczyk
p_62bd9a16ad0dc7d5a0c897bb,Ford Proctor
p_cdba78bb28f4b9df4a779e02,Vladimir Ysabel
p_02b1ff184547f52f619e66fe,William Bergolla
p_177b390689b887f217ef3d58,Jamari Baylor
p_5db57fca7e45aa813371d671,Sebastian Walcott
p_1f205442a28103b853ef5ed9,Branden Noriega
p_4de98e21d8dc537b33c93837,Matt Donlan
p_12613956cc7de38e5fb8bb98,Aaron Antonini
p_e0085aee83475832007a5bf4,Mario Gomez
p_5af57e0063eb9d79968c50ad,Drew Vogel
p_c75bfb1ca32434570441e62b,Miguel Cabrera
p_b6d2293250b932aaf54cd85e,Dylan O'Rae
p_d29502d82214d41c312d4ca1,Juan Sanchez
p_0b704521477db67f8fce8ed5,Hudson White
p_e884c24b438fa673ef3da1d3,Edward De La Cruz
p_cb12175019da44aa36221ea8,Darrien Miller
p_b38fc392b519a176c6729837,Rafael Escalante
p_fe6bebaba1c5e1271caaa145,Marcus Wilson
p_90b0c967e6ac22ad987ffc01,JoJo Jackson
p_ffd75adec0dc934ebf2c3f8b,Johan Lopez
p_85c32e858a2e7509732d39b3,Dalton Guthrie
p_0747052c0ee346f2ffbfc156,R.J. Yeager
p_705660ec097273960597757b,Rylan Bannon
p_93916b200750fcfe23b94e07,Dominic Miroglio
p_a17d9cc562f86c443ecd0299,Jake Slaughter
p_fb60d1362f475147b39bafe5,John Lopez
p_5df9f39cdfe21d4404a63f6b,Corey Rosier
p_fb1d62af51d68f754781dac0,Gabriel Terrero
p_ce87d63fbfc5c44ca0288ba1,Greyson Jenista
p_e55d32622682345935da60ed,Max Holy
p_e2d95ac714aa99d7238d60ff,Roc Riggio
p_2e5b9b10aaf01d700def5271,Josh VanMeter
p_3097c5bc94f82869f58104ad,Cameron Leary
p_fa64f2c4bb6cdbebb7d3813f,Landon Stephens
p_5010eb5f8d322c009442fdef,Kyle DeBarge
p_5686588744aeecfc5277c6a7,Samuel Rojas
p_922a1ae4cd5bf5ad64bb1724,Seth Stephenson
p_9a63cc4017bc42188b334565,Sergio Tapia
p_cd1a137ba5967e804d0582e8,Mason Martin
p_a0728cb5b7dea6ce8335d0d1,Micah Pries
p_62a33dffd8de2fdf0d3ac803,Brennan Orf
p_20680696b81d52bac70d9cde,Nick Zona
p_be339cac143ee0a0295d2217,Jeffry Parra
p_75f45dc2b9933aa7072529ab,Ben McLaughlin
p_578ede853a0858f742ee9435,Carson Rucker
p_c0635803a6e01cf8f077d604,Shayne Fontana
p_d94512884cce8f001e5dde4c,Cesar Idrogo
p_8186e0eb508f3c386c2265b1,Leonardo Rondon
p_b83ccc682b49a24ed4883ede,Matt Rudick
p_401f4e5217b5c2ee7d5efc86,Zach Kokoska
p_a2ff7a7363ad989244e64c7b,Eric Bitonti
p_52bd24f8e5c52ae6c27edac8,Nick Roselli
p_c1bd4ae24d20e869626f32b5,Robert Perez Jr.
p_0a9a1dd7fc48c349f4dc20ce,Tommy Sacco Jr.
p_853d450cb36bcf8525f53d8d,Jace Avina
p_f7fdcb090b6130e5449aa635,Carlos Tavares
p_64655482584bb82ea174b9e8,Jesus Freitez
p_7aefb6da521d871a082923ba,Colin Barber
p_f9bf73809cd42afd22ec391e,Eduardo Quintero
p_752bc71e1eb137c9058d1c49,Cooper Bowman
p_b0ce708ef476cbfed036513f,Daniel Palka
p_097e101e21624d96b4ebc5f3,Tommy Hawke
p_b1a1c4f9b2c82d7ca243977d,Brent Diaz
p_da89ac6d43e8d9e15f5bb94f,Scott Schreiber
p_71bcb3dbd82375c2dd28045e,Luis Ogando
p_c6f942f2573065afeaf32f98,Josh Adamczewski
p_9427569d77542ae102ac88a4,Zander Darby
p_b537fbab2a058a87818dd8a6,Yasmil Bucce
p_fc2d5c2ac12953c633ad3a0f,Wooyeoul Shin
p_b42f8340d15ead23674692f7,Ernie Yake
p_eea81a3355adf35b9222fe99,Mikey Romero
p_1e4cef33a0dc63ca19dc9cef,Jake Snider
p_429c5df5d9de34f946989566,Joseph Rosa
p_75de1455706bbaedba7e5b18,Juan Crisp
p_fce3a771171faa6ab4e385a1,Danny De Andrade
p_079c2674f02dc6faa81d3096,Eli Wilson
p_56488dd40263411aa1a42d2f,Eli Serrano III
p_a0a22e9d287848d41e42aa3b,Micah McDowell
p_6aed3b893ef631fa74c7227d,Elis Barreat
p_39ab675c52127ba063e3aa23,Tommy Gomez
p_793f0dd561ab6ee35a768b54,Rodney Green
p_e0bcf5a93a01e22536d44a36,Mitchell Tolman
p_d269f7d9d5844d87f0b600fd,Fernando Peguero
p_6c4e049ebfe0bb990b0e5e3f,Jose Fernandez
p_af431d9e680f23f067f646e1,Manuel Guance
p_ed69ce4b3a43cc782a18ff17,Joe Perez
p_def2a73ab8cd1d0d5d2d3029,Felnin Celesten
p_7005c41ec524b2dcad3700c5,Seth Caddell
p_3b10e82e21ea57d0d5b17a4d,Alejandro Rodriguez
p_780039776680dbf2ac2b445c,Bryan Gonzalez
p_5d070669391b364c1e01c7ed,Luis Parababire
p_1e3fae710d68cf9f02a0715d,Carlos Caro
p_a1b9d1296bb94ecb0612768a,Victor Ortega
p_c8b3621faaea57bba28749ce,Chad Pinder
p_0854e4be1411b49d53604614,Carter Frederick
p_1a40351b22427404979f167c,Drew Compton
p_34da6f520f873ac6af64a611,Yeiner Fernandez
p_c69516b7906a7c7e34e5a2a2,Kellen Strahm
p_18cf198b81c60935a6a790ca,Elih Marrero
p_49095392d9a3d18c192246f7,Jared Sundstrom
p_b235eaa49ece1c63fb614230,Frankie Tostado
p_5af98b360557e12b7090cb57,Jake Noll
p_0f07cecf043a8dd82ef09a27,Wilson Garcia
p_f859ebb4d548aa85fbde3b2d,Zach Zubia
p_5129a5531b290d4c50bd84e5,Francisco Urbaez
p_34578230e8a9e5a8cdc7af64,Aaron McKeithan
p_d7529720ceabd5a1f044bc7d,Tyler Dearden
p_a6173e024b76f9f4251cef2b,Ryan Aguilar
p_a53fd39a38fb3b5e183d0d40,Yoyner Fajardo
p_3c9863a110d89a0911308f36,Rickardo Perez
p_db3f68eddfa6d7a4a6087838,Arjun Nimmala
p_1d56376de395a5e4fe9d8f9c,César Hernández
p_a76e1c3038cf73fbef8a7125,Luis Baez
p_cf0e11663c05a0cc495aad64,Yirer Garcia
p_6525f340e5b686205d60ec0c,Andruw Musett
p_5e8db2a0e518337fdd29fbfb,Mason Bolivar
p_005557bc7064a421b5e35af2,Echedry Vargas
p_206257fb53a20861fb5997e4,Cayden Wallace
p_f07f420a9b34919ebe9b40d3,Jeral Perez
p_0d38293b602c8eceec23a6d5,PK Morris
p_afd464b97027f3e2d177e8b7,Alex Mooney
p_3b0155d78bfe6f287c833ee4,Terrell Tatum
p_50f64395c0d1ad36e7b4de53,Jay Allen II
p_a1a4594cbe7d43819e5ba683,Max Wagner
p_5870dce05afede708343f48a,Tres Barrera
p_da66128a4dc916d412dae6e1,Chandler Redmond
p_e42844718b5064ff63a00c9d,Bradlee Beesley
p_dc08e675fb2d24f42693d261,Daniel Montano
p_9b2482b805f73356a792e6ec,Hogan Windish
p_ce4beb3bbdfbb166e536cf4f,Chris Shaw
p_24597af09120ad09cfae5b83,Casey Cook
p_c38bb9939b5b0aefb3623f1b,Sabin Ceballos
p_732ee4df3575c2663e1c2ccd,Ivan Melendez
p_0ec63d9c72f624d837efd18f,Ryan Cermak
p_efc438f7667bdfa8d61aade5,Cole Conn
p_eb98c42bdb49a5e13d1d6493,Caleb Knight
p_3d8fbb20bc8470048e1531d4,Luis Guerra
p_5dea29ff08b3c43f2d324ccf,Franyerber Montilla
p_2d0be6e203ca40699be055ad,Samuel Reyes
p_cdbe487e4c224f402e64f01e,Aneudis Mordán
p_42e5f1ac21b303f194e68481,Elijah Nunez
p_f9cec6a3f8a6f4d21824d65c,Miguel Lopez
p_eae70451999c8ef524501561,Zach Daniels
p_a0425dc74b807f50070e1a1a,Josh Sale
p_9dc0239084e848413d13e44a,Aldrin Lucas
p_3e6d213bcf93710e5a4e7e3e,Everett Cooper III
p_b5efb745f28ee9eff647d68b,Miguel Palma
p_a4de75c0b16578bdb897e024,Sam Shaw
p_d3ca2c40bdfbea106f292509,Arquímedes Gamboa
p_0329928d8784b5db2b3cb3f3,Maick Collado
p_91952f178fa8b2d64860877b,Jose Ramos
p_b882d09047eef50fb6f971dc,Tim Susnara
p_6ec31b1f4d6549448d0e56d1,Frederick Bencosme
p_2d41282971c3fedfc3e8cf97,Duncan Hewitt
p_b603d0442fe77b3b0ee512fe,Jhoneiker Betancourt
p_4f010dcd1d1d5854ebe45b00,Matthew Barefoot
p_f3787a19946aa78ddca51065,Alfonsin Rosario
p_92df42e87beb6af06629636f,Clark Elliott
p_1ce2bb6f01ab3b8ab3d00a2a,Marco Vargas
p_37483a5f187511ceebe0d329,Tucker Mitchell
p_6697d01268c98c2ec42310cc,Beycker Barroso
p_a4e6dff2af4692184ea0d29f,Garrett Howe
p_9a81304c132cc44ff9b7c4fe,Marcos Castañon
p_f28d75591d1dd2a6680caed6,Grant Richardson
p_452d5cccfe24898f754cbdc7,Nathanael Rodriguez
p_3a936dfcda1f58481473d18b,Brock Jones
p_e95047697e672206745d63bd,Ryan Ignoffo
p_619533444569b5037aadbc1d,Austin Deming
p_52f2e2683912527cb5d9fe99,Frederik Jimenez
p_856d2d7b999660e4622c1ac9,Rixon Wingrove
p_f7cac5da82816ff5e4012285,Elijah Hainline
p_c571ec4033ca82d0ce2d3550,Randy Flores
p_8afab469003bdcd34902f421,Daniel Harris IV
p_61058d285a24de320e272c6a,Abrahan Ramirez
p_57cce47f73e68e8ecbbf02bd,Nate Baez
p_e8ec153757dbf76035a857bc,Austin Allen
p_fe126e6c81ff7426e1497ed4,Nelson Quiroz
p_55a9d425ace9e3db80eb0095,Connor Charping
p_3e209d75c60dedda4eb2c2e1,Reminton Batista
p_1c0d4ad478d12894a97205ed,Colin Tuft
p_dbf896dc6ad2cdf1d99553b6,Garrett Whitley
p_2e7d980e2c7cd4c4d8fb2199,Dalton Shuffield
p_380b2dc7ec2d43cc60d43bb6,Dilan Granadillo
p_8dee5e047637e709550f7694,Jose Colmenarez
p_250c76526fa58d1301ca86a8,Luis Durango
p_d41c6c3d59c45eb4ab1ff03e,Anthony Donofrio
p_688401f55f5111bd0a64548d,Khalil Lee
p_4d4adff3816aec405884184d,Justin Toerner
p_e32f01a9639fe92302dc59a7,Nomar Fana
p_7e65b0457023c8eb4061de11,Johan Camargo
p_187a81ef730138bbd06947f4,Yilber Herrera
p_5c9db3afbeae8439609ead46,Kyle Datres
p_4bb85f59a78bda2c93477541,Alexis Hernandez
p_40e9aaba621281aa82a31b20,Gaige Howard
p_f25d228ae498a267442d6165,Phillip Sikes
p_a753841be13b0dc1f0f0cf61,Connor Kokx
p_84470547b59fd6fdfe9c0b26,Pres Cavenaugh
p_db080e48c45e66d1718c612c,Kramer Robertson
p_b9b0bd1069f9a6272001f68a,Jack Penney
p_8a4383ac86736dc4f38e0f05,Tomas Frick
p_2fca73088d5bb4eac7dc8e9c,Michael Turner
p_f1acb3536fc90c7c32352122,Je'Von Ward
p_99d5bf6e30c34826c7d74cc0,Evan Skoug
p_dea95ca236260126ca73ec45,Michael Turconi
p_8d8df837e840271becf36288,Joe Rizzo
p_8f4ddb044e482f387e0ce812,Yorvis Torrealba
p_f41ea6733f5b1fc000d91849,Zach Levenson
p_d101ced87f254cbf91673151,Nick Schnell
p_1b5d288a0052fee3083d5b43,Jalen Vasquez
p_a486133eb200aa2d4492bd83,Eduardo Tait
p_a633bb5d1998722c4f436e18,Haydn McGeary
p_4603283fa72c084df90b5671,Edward Sanchez
p_b734cb164933e97d14b98662,Reggie Crawford
p_be72f629fdf21027c94fc629,Donta' Williams
p_018632218d224cfa812db1b9,Pablo Aliendo
p_3ca4915986a7c56c82f38292,Mark Kolozsvary
p_309352dfa8b68513aeb2dba3,Andrew Bechtold
p_330ac4bebe5605c0593f5597,Casey Yamauchi
p_2b00195160ce78c3bd62ed8f,Ricardo Genovés
p_0d9d003077276ce4f165e4de,Tyler Baca
p_20ff85bf090b6564b7f25939,Josue Gonzalez
p_5758ea900360e3bf39c70f9d,Kody Huff
p_a2ab3ecada6e82bc3b5078d8,Wilmer Hernandez
p_16dfc669a6b378fa9a547cd1,Justin Wishkoski
p_0ddb1ba81daf3a0027dc2bb3,Wuilfredo Antunez
p_4d4523f60d059cd8c27a98e6,Jorel Ortega
p_52ad7aaf9ae0e01503199228,Ramon Ramirez
p_80977bff2468c59b995eac71,Cooper Johnson
p_1b8460a5eb92fd0c4f974c79,Yohander Martinez
p_fc45af6406bc3443c48bf33c,Cole Barr
p_cfa40e4e8ba32da20c399f9c,Blake Robertson
p_33d5dcb8a672e69084dea053,Chase Calabuig
p_d296c09b8fc396c4f3372510,Brandon Winokur
p_1c2a60aea5c39d7bf6fbc481,Cameron Sisneros
p_e86e8706a4f4f71b90d4468b,Hendry Mendez
p_fd7ff291836f5e3026f0fa89,Jared Thomas
p_d592b11c1aa3a77de0fb6c3f,Josh Moylan
p_af7d1e169e98180d093ea99a,Cade McGee
p_bcc7d4f060ebcb52b6b312d4,Luis García
p_cef24a203da84cac7e28905f,Tatem Levins
p_5da1bddbbccc200027d1cf18,Jose D. Hernandez
p_c8b1d2fa371aa68e8047ca51,Jancel Villarroel
p_7b6a1b29874594c02f6782f7,Zach Britton
p_80ee785270000549f410fdce,Mason Auer
p_32f0b4ee745eaf68be00d592,Danell Figueroa
p_3e6a82e586163c37e018e990,Leandro Arias
p_78ff57f0954af4f91c2090b9,Yorberto Mejicano
p_c594cacb19c92dfaa701bf32,Chase Jaworsky
p_c9d7189bc11de6f659e3a94c,Eddy Beltre
p_d05df542f823b837cd988a14,Elier Hernandez
p_eb55d4d6ea1d89bb5a1074d7,Bryson Brigman
p_a3c0e1273f4dbff4b2eb5492,Ricardo Hurtado
p_d048ff492710a9df8813ee4b,Diego Viloria
p_8e5b2c0072ee00c7cdf7691d,Emerson Purroy
p_460b6ebf26e1839c5dc455ba,Marty Costes
p_fd5c1a93f49c424fed690ce5,Luis Tejeda
p_26367f76cb22b852e104dc8e,Daniel Amaral
p_b0a911978f44201af8de9b5c,Brian Rey
p_d886e9a58f19baab3aac3693,Yamal Encarnacion
p_92a05b41b665686e050716f0,Jeremy Arocho
p_e4fec0ca3831513b9babf66f,Donte Grant
p_ac65845a23aab3ceac441f0c,Luis Santana
p_a5b7233847d3f45777d64e73,Sean Barnett
p_b818c6ebc0b3323fbaa58721,Malcom Nuñez
p_77cd108bc2432f5f02ab7a62,Parks Harber
p_f89d4cf1bf0bff40287bd7c9,Jhonny Severino
p_6179f14f9bfa3f7d62fb53e7,DJ Gladney
p_86355f02b08309d858e2d661,Owen Cobb
p_5749dc16d5a57402a0248d48,Will Bush
p_8b7cc43649fe1e0f6685b1b5,Kelvin Espino
p_ebde128d98ffb73b501d71a2,Zac Cook
p_a4b8b615e26edf84c1606670,Roberto Alvarez
p_39edee6f0d1f5556d38e2bac,Cam Clayton
p_6dbf634df27629f4e49bd349,Imanol Vargas
p_f7052ed073d3271ca1c606d6,Ben Norman
p_912071fccf8e5979ae92a3a5,Kedaur Trujillo
p_1b7d809c3904bc733386c006,David McCabe
p_72165d3745dcb5ae8c8eb2f8,Armond Upshaw
p_fafd7009448d7e4119551c8b,Francisco Acuna
p_c021aa3939f645086cc981ec,Nelson Maldonado
p_8737d068247b12e359338466,Joendry Vargas
p_4aadc953ac5d7fa42d9fc953,Jordan Procyshen
p_873c8339048620ff5e0be6bb,Tyler Reichenborn
p_07413486b01ca335a8af7490,Milan Tolentino
p_b17369028f9dd95bc7330528,Rayber Romero
p_0ce90a00a65a63cd0fb7a424,Diego Velasquez
p_9429bd720902e0c413878e28,Norel González
p_3aad31642cb54a70ba4d1cdb,Ethan O'Donnell
p_d85907fa234cc89202fa02f8,Dasan Brown
p_c46e78f6bd7ab0a782053dbb,Angel Pierre
p_2a18f9d42e370a6d1438a608,Elio Prado
p_4a9096e0541c58080fd1f336,Jhailyn Ortiz
p_d6e697b09b114d2696d6484a,Nick Lucky
p_a21cb103640f36111b35c2b2,Christopher De La Cruz
p_259f9adae3808720a192da0f,David Smith
p_0a05bf4881c4cd268fc07813,Tyler Osik
p_4392e51faba40f6af284bf8f,Camden Duzenack
p_8beb22eb48268f15cfbf57c8,Graysen Tarlow
p_476048dac5bbef0a43b45c4a,Eddy Isturiz
p_b228ce621247978ff7d46442,Eddie Park
p_3ac4e1d0fd54acf6718f2cd5,Will Taylor
p_4e2d7c5a9f06a63d1dbfef5d,Kyler Castillo
p_b3d9cb9b3b2d6198689f19b4,Julio Zayas
p_427d565567873fb2ce147404,Jonathan Linares
p_f1734ff292dcf2824647281a,Jermaine Palacios
p_86116a943dceac31804ae347,Jeffrey Wehler
p_1e2bc1898dd0848d8f43d3bc,Ramiro Altagracia
p_b19a131f79597f6caa4f36c4,Albert Fabian
p_49e2c5404eddf00112f09e25,Carter Dorighi
p_09cf5e2eb46eb0bf158c3b30,Josh Breaux
p_511dde61025aad3d8775a7b9,Lisbel Diaz
p_1a7c20a2ad712430a2329790,Oscar Silverio
p_96cd735c33f3fe65ca2c310f,Victor Labrada
p_2c836ea764163231014c915d,Gage Miller
p_ac2b91ef46fd3ec73c07fef9,Jose Peroza
p_e1205f04ebeb98422b89e5ba,Kai Roberts
p_f8a9b6c299d05ab4fece5cc3,Wilfredo Lara
p_a648550ca2468b171047c32f,Santiago Millan
p_61f0322f71593bc77e71085a,Damon Dues
p_2f6628a14ca398a9a2d3e8ad,Blake Klassen
p_9ce8a3fa9c9bb54443f33d74,Marco Dinges
p_76d744c78471b66230608d08,Cooper Uhl
p_9f93832a04b04d3f3a621472,Chase Davis
p_702c93f34bd6477eadade544,JJ Schwarz
p_9a61a28bee5803fdc0fb187c,Matthew Dyer
p_13dd938775e18813af7f5541,Seth Gray
p_4906b8811630eddbf4d41995,John Spikerman
p_f6db19dbbb66cc9b73b9b1e9,Shane Matheny
p_9a941a4ae166d771814cc21e,Alex McKenna
p_4f139a5287ed41b5aa2baf2f,Starlyn Nunez
p_3da27699f0094442d7b8d2b5,Zach Ehrhard
p_dcba7f629d2a36cea07f3195,Austin Murr
p_27b12bbfb2eae91efa81f177,Jose Colmenares
p_4c860d9f70fb8b770a67c85a,Juan Sulbaran
p_c1e3bd8666dfdb95294d875d,Andrews Sosa
p_f5f7100b1ce0752620ae9bef,Kiko Romero
p_d1031efb7607d4dedaaf2e8c,Carter Howell
p_1b18bfda986b44e82be67452,Roby Enriquez
p_7c4d3c8405e9fcee13673e89,David Martin
p_ab4d7c1372549129b96c4a0a,David Guzman
p_18fb778f1f83908b54b82a9f,Deury Carrasco
p_f5748812f70690261ecf1b70,Oscar Cedeno
p_ee33ef19f28ed89f300c4150,Carlos Pacheco
p_46d5ef88101ee114a3d6cd52,Cutter Coffey
p_c7d3dd6e8d3e46d7e8817a7a,Agustin Ruiz
p_7cb05727e8fcb3bcd5d8284c,Michael Papierski
p_30dd7f1940a421adcb04f6b0,Malcom Quintero
p_c5c65e3037f751a4a27096f9,Ryan Casteel
p_467f2177de0718186ca480ca,Bryan Rincon
p_50913ffefaecc0ac50775deb,Nolan Beltran
p_b5df8ee751ac23cbd165eacc,Trendon Craig
p_45b61ea106120a918ab5d35a,Andres Sosa
p_566b5cd632f330f00e3accbb,Daniel Murphy
p_ebbf043e1d428eaa68689a80,Ramon Mendoza
p_4d0a54058b9c3847043597ca,Druw Jones
p_236c2d690f5454a658873d10,Jefferson Rojas
p_d5be333fa24548a1ee3e2d50,Albertson Asigen
p_ab9eb3e213c931966f72343a,Jefferson Valladares
p_fc1a2e4720ff85cfc5d5239f,Luke Shliger
p_7c037856c62044a4bef03b09,Caden Rose
p_fa78b3bf89411728e203b3b0,Griffin Lockwood-Powell
p_fee70253628798208d5be04e,Ripken Reyes
p_ba85983c0e5a4ce6d9102317,Chase Adkison
p_7a3801a9429b1b1c49a20c0d,Kendall Simmons
p_758d8b9c6bdd21798f681011,Edward Duran
p_8cf44063ecd48c98c9a1ce4d,Dillon Paulson
p_b86e01bc5f67394edf827c80,Andrés Alvarez
p_c7690275c3f948af368f7b66,Shawn Goosenberg
p_ebdabe9aa1b36242bf71a88a,Marc Filia
p_080f15ad02adb2d7d6e81be6,Rothaikeg Seijas
p_b1f1d406201498b04586aa4e,Cam Collier
p_d16e986f437aa250302c4630,Onix Vega
p_c891b372b6e250cc7b35b64a,Korry Howell
p_b2a567a3538a479d46b8f432,Jason Lopez
p_e6d4484e3800fe2baaf06877,Joshua Mears
p_fa0c2745a8b8d64ea88be39b,Quincy McAfee
p_48f6cafd832cd8c0f9f944bb,Quinn McDaniel
p_730dff2b06933544f62e9a45,Wyatt Young
p_4a05f3a5f1bb33c1e486694e,Jack Pineda
p_c2f196e635d6823c66f96076,Ezequiel Pagan
p_0ca6d704c4eeca104054a0f7,Tyresse Turner
p_3bb275def3a0392cacbfd50f,Sammy Hernandez
p_b4c71242c07eb0dc94c04542,Caden Connor
p_1046898a3bf97b41170d5fd1,Ryan McCrystal
p_e633e3a83eb3ffec9fe23b3e,Jake Meyer
p_d4df42e05005be0917cddb9f,Matt Higgins
p_8a58215ced7322afafabef1c,Josh Hatcher
p_2410ed61e97116b1e45fb0cd,Angelo Castellano
p_e72264b099a9a67e375910a9,Eduardo Lopez
p_b6bd2bfe7d71b589ed356f04,Mitch Jebb
p_20134dc7c05df0cdaa8621a9,Jose Monzon
p_04201a826a29cf9f2d40cf1b,Jackson Cluff
p_aaa695254ba879a7fa27793a,Jesus Castillo
p_987c5fb071abac34934f33ce,Yeison Santana
p_883267e148839848f9676c6e,Paxton Wallace
p_d1e3b614a50e707d1ad219ef,Kehden Hettiger
p_0b7805b86209dba5258d2bb6,Tanner Schobel
p_11fec98e8e27ae9b0addbea5,Alfredo Duno
p_eaabe295c33f79285e9c6396,Steele Walker
p_325fa6020c5e734ad61fed3d,Johnny Olmstead
p_59a7037705792d9128c3881d,Gabriel Martinez
p_5de0cf13e098b666341193b4,Davis Bradshaw
p_d0d5d23f514f066cac3e5e6c,Julio Henriquez
p_4797aca11a80629e93fb1c3b,Robert Brooks
p_91ced55f35872c2aba59e02a,Kade Kretzschmar
p_47cfb533e51233eb9f422748,Drew Mount
p_be490227fe192fb9f8ecf96c,Ruben Ibarra
p_a4227f700c663ba47c229b0e,Richard Paz
p_2870d1608e5a7a3b78ca89a0,Tres Gonzalez
p_3114c27e96af2fa4525952be,Jesus Baez
p_7b41d1a51dcba0c20fc5c7e8,Orlando Martinez
p_68e08c7ea0fa5b107a8de902,Carlos Hurtado
p_f0662cbaf36d85c7c39494e3,Brenden Dixon
p_351b929ec1b9bf26ad21dbf4,Robert Hipwell
p_f89e65aad8069a76659e332e,Martin Gimenez
p_96633afdfce4d07745e79575,Joe Lampe
p_f823c739bf7cc48c85a70786,Jameson Hannah
p_10d2090fea8b5c4fc85150db,Johnfrank Salazar
p_b10162c142dea7324370f89b,Santiago Gomez
p_db3a335047687ee0ff51a766,Nick Meyer
p_02fad6cc104c1ed330c3ece7,Max Ferguson
p_a89857898884d7e29dec645d,Amilcar Vasquez
p_a8106059d1e8ae1ce4281c27,Roberto Campos
p_1ac7f86fbb45d444cde082b6,Aaron Zavala
p_4f8aa7dd7a0fb502786241ac,Jorge Mendez
p_2b50543f71cf8795f0e6b598,Kobe Kato
p_417b09b856c5cf7dbd902190,Derek Bender
p_fd55081372e59d6cc072b711,Junior Lara
p_5f41221ff04ffdb06c168efe,Luis Suisbel
p_c398f9bb2623a2c8aefdd133,Jackson Miller
p_d2341d3a38648f6857b9b4e0,Erubiel Fuentes
p_1a81d42f56eb67454512ee50,Esteban Gonzalez
p_318a0219efc73660a1957b0a,Kervin Pichardo
p_c6890224c7107e8472d6d566,Bryant Packard
p_fd1a43fe824a0f765f1fdbf9,Luis Ariza
p_937b9cf665cf5626b8056b63,John Garcia
p_c1c49e3c11d6b6ad4877887e,Dayan Frias
p_c2a318f0afd12912a879225d,Heribert Silva
p_0e4f231ddd6550802c7760af,Jake MacKenzie
p_a92076a08765bd485aa6f3f1,Alsander Womack
p_dd47e6335fa04241aec54486,Wendell Rijo
p_42eadea5e0bae27483ab844c,Owen Ayers
p_2d45f4d95b04711b8b4c9d85,Zac Fascia
p_7beb407c295978582c702025,Caleb Cali
p_8eeeaa23a773c9a62b5331b0,Adrian De Leon
p_609e5284c8873bead309907d,Jay Harry
p_d901737807366cdbf9091a69,Adony Mejia
p_eb422f5f057821eb40c3ba87,Carlos Rodríguez
p_97aca1c3387aa05ad5065740,Elian Garcia
p_b96dc4e47996a4bd403d5f28,Adrian Placencia
p_bb5a4be87308b1ab266de3bd,Eric Rodriguez
p_667dbb9bb09205a8cfa8ba56,Jeremiah Jenkins
p_424c77eb5cc667d3dba3048f,Karniel Pratt
p_bc7848985427f553483b9c22,Pierce Bennett
p_14ce29f304d6fa5f029ce4b7,Mark Coley II
p_91739e96d920c96f9528f6b1,Bryce Arnold
p_de6010a3da3755362ef65dcd,Juan Mora
p_154a48957f785d8c605efab4,Jake Steels
p_ae2d1560a7e2dbe0cf0a61bc,Bryan Gonzalez
p_030d541276327d4e66b921a9,Jordan Dissin
p_140f61bfe071cb93cd52d8f4,Isaiah Greene
p_f3f04b163261a3f47e8cd2f9,Gleider Figuereo
p_d1de4f5697dab5454c1e8515,Chris Lanzilli
p_1e7fe8b40dac491f37b0a196,Yanki Baptiste
p_bc38bd069e5b0c1c6b468231,Mario Feliciano
p_69a05f132793e501f3de7055,Robert Emery
p_a56096849159f9eee6ab8ab4,Raider Tello
p_fef498b97ce6f8cc1b3a9c5d,Alfredo Espinoza
p_b8f94389617fadf949a4384d,Andrew Kachel
p_bc6d9519aa156c02a4ea6b41,Tyler Cropley
p_99fadd8675520477d9142abf,Andrés Nolaya
p_9a88866242a6493e04f3aaa8,Cesar Gonzalez
p_3e31bdeb22d0c26b6a61612c,Raynerd Ortega
p_e53d3491602e062bad2a2bbd,Yasser Mercedes
p_71b9bd275677a4f92fc91037,Aaron Bracho
p_ff03985b091edc78c26df47b,Kevin Vicuña
p_85dea9771993526bae556049,J.D. Orr
p_f1ff97c150807b508a28d696,Tyler Neslony
p_d6a053154032b0a6df4990ff,Jason Ollarve
p_2e1254c41add286e7d094b6d,Julio E. Rodriguez
p_8df034bc2b864c96a3d5aecb,Juan Cruz
p_206b9f69a1daaa04e01315b2,Joe Delossantos
p_7ce71b01cc06e85b23e14e87,Endy Rodriguez
p_8223062b15f979f3c5aed716,Jacob Wetzel
p_2656a72aa18dd10600244f87,Jake Fox
p_54f224e62e51a48b3d834f56,Nikau Pouaka-Grego
p_2954c1217023c929d92cf3aa,Dakota Harris
p_b74cd0b4390d0e1673f07c13,Lizandro Rodriguez
p_ea9630ec86896a14f0a67fc6,Kaden Polcovich
p_e44df497ebf2280002dc436b,Alec Makarewicz
p_e2ae863792e18ad246894ce8,Esteban Quiroz
p_9e598b086794327219ca3557,A.J. Graham
p_9a25db7d2e3c7632fc554e5b,Jacob Cozart
p_96572df15bcb4afe539e4c8d,Alex Rodriguez
p_0bcbf053cfafb4b2c22d7534,T.J. McCants
p_e81a12ef0fbe8eb51b95b3b7,Dominic Tamez
p_685a8b61bdffc0bfbda9aa66,Fabricio Macias
p_b7e021432638d42bdaf0e0ef,Carlos Vicioso
p_de147f21002d31343279faec,Peyton Graham
p_90fb80a4deecb2476455eace,Luke Scherrer
p_0e5b6d8be602f2e94ee824e5,Alison Quintero
p_28aae62c2667fd92446eaaee,Miguel Bleis
p_c7dc8c5df23c4c30163b5e5a,Nestor Rios
p_840d8eb787872b627182aab6,Josue Romero
p_d18ab70683c79c81565f5334,TT Bowens
p_671007d2a49a44786c421098,Jose Alpuria
p_05a7087a3568e15fa5ab2050,Josh Morgan
p_663506284eeb494b505536bb,Kevyn Castillo
p_a448fe103bac0aaf3aa3dae1,Erick Torres
p_d24e0946c9a0efb334135da0,Cristian More
p_2f64dceb5ed9ebb84ffc46c6,Jantzen Witte
p_e24ac03f220986c741a1c7d5,Jayce Easley
p_e1f89c968b6ab21f37f0eb90,Nicandro Aybar
p_3e534b8c25bc41a90bae8b1e,Lolo Sanchez
p_b397a22155929a9697ebb060,Armani Smith
p_f004925f47b18bc0c8894dcb,Brayan Buelvas
p_65b19601fe08c2e4a3af1e14,Patrick Romeri
p_65619026f625c50e47b67dea,Noah Campbell
p_1c8aa718ef0831714ad0abbc,Zach Davis
p_22c16abd54a4be7123de94bf,Morgan McCullough
p_b1641dd60f28005c9a9885a4,Dustin Peterson
p_391a1533ad41f654264f3b7c,Dixon Machado
p_91ffd7595699a3d0e03f91a8,Johnny Tincher
p_cd6ce25a1561a97a377dd093,Nelly Taylor
p_61827f775b5a7e309febc573,Konner Piotto
p_3243536acdbb04f829cb5115,Marcus Lee Sang
p_2947a5059763feb67a00bf8a,Leonel Espinoza
p_d357acb4574c4401809a78cb,Diego Infante
p_683f79d63a2bd5f9c01d1584,Jacob Burke
p_c9b087a1cf251c0a2ce96440,Colby Jones
p_fff8e84d0ba9d06d16f19203,Adrian Gil
p_eeefe15fdcce741e6c18b8f6,Benny Montgomery
p_17895ef7eaa795140a547ebe,Lucius Fox
p_d8ddc380033dcc70d190f68b,Luis Almeyda
p_0c25e311f1c4988664ef9a50,Yeudi Advincola
p_45089f703d8f30383ca28dd3,Ryan McCarty
p_b1cb221b75e55aa8b8f58cca,GJ Hill
p_a44609c54c11edcd672355ad,Enderson Delgado
p_71679c6b9ba61d324dd9f631,José Briceño
p_1dba885160c859446ed6a9a8,Jose Meza
p_2247a783c172b639a8bf1abc,Angeudis Santos
p_78250402977e7eea9ef22d34,Boston Baro
p_3c3638999793640cb57f46a5,Lyonell James
p_5ece754b18c9f6f896a34390,Yorman Rodriguez
p_aa54e17b3002dd627cd1719c,Erik Ostberg
p_ee78116fd20986bf1efe1f44,Aidan Longwell
p_9f8665dabddb40cb4f9eec2b,Kevin Cron
p_da976a4fba5e9e829d284e8a,Ben Gobbel
p_702bc6ba7a96b8585d1a8467,Juan Pizarro
p_0c5d9ae46000942d63425cbb,Yoelqui Céspedes
p_1319d9ad0706dbf536c61519,Jacob Godman
p_6f14fee873b10cf3450b7d0e,Nehomar Ochoa Jr.
p_e32fa702a0fd31e1b6d079d1,Luis Encarnacion
p_1a907b9c28e5f284d8f79ec8,Carlos Jimenez
p_0311b030c233edea66456d78,Brandon Butterworth
p_a862debb5747ce2527c1c584,Luis Chevalier
p_7b71fff1b6ac1d51b889b593,Jeison Guzmán
p_38d8df99fc4dc4730256902a,Maykel Minoso
p_284f15dcd47e4229807dff9e,Roismar Quintana
p_2795b926152e059026998368,Dariel Gomez
p_0cafddfee1bde1a51377fbb8,Jorge Burgos
p_49ba45bc26d2d55ac8120189,Jared Wegner
p_40d1447be558176b7ee4fa75,Will Frizzell
p_13d53f3bed13a90f5be6bd4c,Justin Trimble
p_2427e23992f07290dafb88eb,Fraymi De Leon
p_e72210dbde020033a705e8a5,Wilfri Castro
p_048621235e71bbecb9d32817,Andrick Nava
p_c79e97b78cc6783f409d4c8f,Cade Fergus
p_df5fe043ee7654c4dd65f470,Adrian Rubio
p_ce771e7846f007bed344bcf6,Taylor Young
p_3782354a9557333dc0477b48,Zach Reks
p_e6de9bfaed1118d93404766a,Derlin Figueroa
p_7c100293d30fd722c8a0f88c,Jordan Brewer
p_ef077238cdf1143dc8842402,Yasel Antuna
p_480e8f29f9661c3513f536cb,Joe Dunand
p_b70b97e85fceea927042796f,Jack Payton
p_1ee4cd8f39f0eb4662933f87,AJ Lewis
p_f912d461a731244d948b51a5,Peter Burns
p_4d6d854245ba46770f807afd,Brian Sanchez
p_1dc3aa40dd19e63e3948bb61,Abrahan Gutierrez
p_d82fd64ec06df2e0d06e487a,Franklin Lopez
p_d52398dcad34925ae02f2018,Brett Johnson
p_f9d76efe174c287be1fc7b4a,Ricardo Cabrera
p_723f75eb7b52d7615df1d6ec,Kamren James
p_db04bc0d750af9dddec73779,Cole Roberts
p_8f80482ae058015d87174c72,Skye Bolt
p_d0199d7af54ad0c8210a33f9,Stone Russell
p_e30575552642c7f692805669,Roni Cabrera
p_522584d8baeac172c3f14e1b,Luis Marquez
p_7fa77858e9a9c488f0240d3f,Carlos Gonzalez
p_8942234f60d2af3484081950,Toby Welk
p_2fa7c65eb553b9239599b077,Jacob Buchberger
p_b33fb486fa506e7a4089e2c4,Miguel Hiraldo
p_70e310ba369621ae1d391398,Miguel Rodriguez
p_5f5a1a57855ae1e89097ddfc,Jax Biggers
p_628db17697112be7ed7094f5,Milo Rushford
p_e87321f1e2aeeda14874d233,Brandon Martorano
p_83d0e25443b90fae3421d672,Troy Claunch
p_96fec5dbb1aa0c7cc7a837ad,Sean Roby
p_04bf44df20d89f446dedbde5,James Free
p_d0edaeda7d380db37ea76873,Kendall George
p_61f0560109ca44dd0d5e19e4,Andy Weber
p_74a001b0c0d01bda2f9e5019,Cam Eden
p_a86d869d848fd9bda804d750,Austin Charles
p_4b301c24d2abbb4dc20e180c,Angel Rojas
p_d85e53852fddfab45a790aa2,Kevin Watson Jr
p_a7581bfd02d1b3756a56eff0,Keiner Delgado
p_3bea218ee94d03d6a707ea2c,Omar Alfonzo
p_b15cbdae2cd0ce09891c8719,Tayden Hall
p_b9990e792bb60df013051433,Pascanel Ferreras
p_5e7c6e1c0aa9188da75f5c43,Eric Rataczak
p_77331569a3218137961473f4,Bryan Andrade
p_6796a1b94aae73e28a2e2357,Josue Huma
p_d150513736bddb2ffd2cda62,Godwin Bennett
p_655a96b2f82f106e43c7f481,Dylan Campbell
p_3d53393c618ded565a839e42,Archer Brookman
p_df7d372e919eb8ddd34677f3,Nate Mondou
p_5ada04e12a2b11059d719218,Orangel Rodriguez
p_94dfebee97540da5341cad6f,Griffin Doersching
p_c635ce3096b40c138a084fd5,Herard Gonzalez
p_ae9bb56a91d755c54229cde6,Colby Halter
p_88510886e4a70e15363887b3,Greg Deichmann
p_07349aeb2362505fc149aae7,Trent Tingelstad
p_a05534459b9901e081af7342,Spencer Henson
p_a0580b512270916423b7aea9,Gavin Conticello
p_129c17628b94b428b45d02b6,Cam Williams
p_aeb94743015a3d7d1c9313cf,Charlie Welch
p_f8e322dec07e46ed1c38e84b,Micael Ramirez
p_d1a7526a3d3e55a219c767bc,Juan Machado
p_59630179c740661c73296413,Wilmer Perez
p_033279d2f7d93b99a4c5d8ab,Matt Scheffler
p_683df5e119909a08d594ecdd,Michael Guldberg
p_2c7ad3eac8f9a92c5dc2e6c7,Logan Wyatt
p_7494e88e7ddceaf1263613a4,Juan Garcia
p_764ccaf0bb14fef3df23cb8f,Waner Luciano
p_05b9a83de6cf475b329e9f41,Jimmy Glowenke
p_5780ad662ba6ce707d151e07,Ty Hanchey
p_b0cd5072ddb508598176e0d1,Jorge Caballero
p_d5c51905bc9d47c5470917f9,Jean Ramirez
p_3af3f8165a26d9d4a1d8fe6f,Beau Brewer
p_90c572ea8ff6759669b662b2,Keith Jones II
p_0b3e44d2c3e79e7a87c279df,Korey Morton
p_c961ad78c1823e3e72928652,Nixon Chirinos
p_7c5392f80506ff27128b392f,Euribiel Angeles
p_93f9cb2f5e84d49ced8c801b,Tanner Kirwer
p_6e4a708e221870ed5489cb99,Kenni Gomez
p_4d75413b8e79e3afd52b3d4e,Samuel Parra
p_53ca26df5e887462fb9e0a8b,Zion Pettigrew
p_d639461fb9eefe1c88035af5,John Rhodes
p_aa0a16fe68f259f9dae6b93e,Yenci Pena
p_415415028853b9d16b46e51e,Cristofer Torin
p_b04b4aaab737fcc4ae0c8553,Nick Raposo
p_3b8acfb7e2ed30cb398b47ab,Troy Schreffler
p_c833015ee4a24dfad56c4c06,Juan Fernandez
p_355ee7a0b3394af19b6d926d,Daniel Cabrera
p_83a30e5b44b8466a9e510957,Logan Warmoth
p_c2ff9e0360261d94f279838a,Luke Gold
p_44b6dd0a79b5fabed65b4af1,Titus Dumitru
p_cdfb7e0dba9936f94ec4f94f,Kevin Plawecki
p_c3632a7e52d1d1acf200f933,Tyler Hardman
p_a2ae2f6d417fda898e8f4cbd,Carlos Cauro
p_aa9b8692813581ce86b28220,Jonny Butler
p_1f865d813ca8ff2723c4edf3,Brooks Brannon
p_23e57c54776a713907536d3e,Victor Duarte
p_e2d5da30ab71a98efdbda966,Angel Basabe
p_f749d0f4b5eb5cdd246e1d70,David Hollie
p_5e808b0ea75a01981ea2d989,Roderick Arias
p_a31422a63d9ac082cb76f50e,Esmil Valencia
p_23c1f99e6b06bde638245664,Ray-Patrick Didder
p_e3a961aaf3f8d88240456798,Enoy Jimenez
p_4cab6e40bcdd49f61ffbd53b,José Godoy
p_10d2ed97038ff39fd588519b,Delvin Pérez
p_3d5335ac71d24cba67822024,Brady Allen
p_d37181c51959d60c30597943,Cole Roederer
p_2384088e399f6e94bbf1c260,Justin Dirden
p_ae7978eec7e3e607934c3f1e,Mike Rothenberg
p_994d3c0c7836b839f015934c,Geraldo Quintero
p_d03d26293ab56f2c6df0177a,Tyler Tolve
p_47bfa2035edd3a58a30a8d5a,Max Wright
p_cf12396078c77a16ca1bb013,Yirber Ruiz
p_d19ac64348b7431647d01a0b,Caleb Ricketts
p_4a85cc0ee9eae1d5f4283e82,Nathan Archer
p_134aab0006f0f6df796fccb0,Luis Toribio
p_201d2e62a75488646adae215,Luis Santos
p_712c9391740862b33d7f5a4a,Ian Moller
p_9dba0ac1e437a171ea216e68,Anthony Vilar
p_5f530ff539e629b2bf4b84af,Jorge Bonifacio
p_51d21d1fcfed3b74e903d8d8,Brandon McIlwain
p_4eadbee7d965debe72505808,Enmanuel Pire
p_159d8cafb293f622552d8b2e,Jean Carlos Sio
p_1ca4eb9fdc17011b412aea37,Yolmer Sánchez
p_d15e3d3df82d69d0c993388f,Patrick Winkel
p_67800f35262f1bfea611df4a,Wilderd Patiño
p_43856a734e376420442af572,Bill Knight
p_7e8d3d49afe5139e5931066a,Eric De La Rosa
p_188616cdb26c3acbaa509c3e,Jaden Rudd
p_877d75e705f45cbdcb8c0e5c,Cesar Berbesi
p_6adbca80292ceef136a808a2,Ivan Brethowr
p_7f904f105274ff2d0fa8c7b2,Weston Eberly
p_80e0a0bba3d0204b9b1115f9,Sammy Stafura
p_0b3c80a71ca26e3e2b170e9d,Thomas Sosa
p_9dad84bf49158bd6a9ffca80,Dillon Head
p_2b2fb840a47ca0f8c75ae176,Alexfri Planez
p_77c065b199b6e32d165d69f1,Brady Whalen
p_d638ab22ea8ced5801a65d80,Angel Zarate
p_2b9c44e16b995e4e5f24e676,Gregory Leal
p_1d698fd61f81dca24a4e89cf,Eliezer Rivero
p_1df03d93218de498a23c81f3,Robert Moore
p_d119df55884175643dd49115,Victor Planchart
p_0c7fe51cab7800d1870c82a3,Grant Witherspoon
p_989dfc814206b3a14388a51e,Juan Carlos Negret
p_05b080f0fdfb63c95eb6866a,Bennett Lee
p_07be1fe5a9570b4dd1c2f2cd,Mat Nelson
p_d4cb01ec8c99c21375be4dad,Andy Lugo
p_1e8a0d1dd485be145742540e,Jacob Teter
p_9064a29578d83874fdaeade0,Jake Rucker
p_89f30d7e1c963728f6ac0f15,Quinton Low
p_29370d4e847d52cef41e4d41,Dustin Dickerson
p_5c7ab242672b444a073f86e3,Jose Baez
p_e9192538741e265ec488074f,Matt Reynolds
p_fd30de4284391907de217528,William Lugo
p_0f61b2ada698d32a3cdf4fcb,Oliver Carrillo
p_2b746da66ffdda28ecf6d776,J.D. McLaughlin
p_de0a7efef47ba8f4177f0475,Nicolas Deschamps
p_31f6a9a59831051ba4433629,Kendry Chirinos
p_29493e13d20d3937bd911d97,Junior Manon
p_058dbe8384144321c76cf338,Justin Miknis
p_e9ef066f9c1ea4fad35f17f4,Dylan Phillips
p_812f8277f8281c75db6b3235,Jimmy Govern
p_7bd1f5c90c5352ce72bea30b,Luis Castillo
p_2f97f7dbe7b6b39a4e5345ce,Lyle Miller-Green
p_763122078cd3840f5b76c583,Matt Fraizer
p_c912c47106396eab2226f84f,Luis Lameda
p_acc5e57d3fdfbef90d30ee80,Joshua Liranzo
p_8a16760f8d9976a92bd6625c,Anthony Gutierrez
p_46fe447e7a5188607fbe4c6c,Chris Burke
p_c0e4a14f4ebfb862183294c3,Cameron Decker
p_d4c151004215f946e949f13c,Angel Mateo
p_10f2facfc9f2a556e10c7970,Garrett Martin
p_91f836ae66e943cfae8b5641,Wynton Bernard
p_1d26b00e5bbb80a1bb6051de,Nicholas Northcut
p_7bc8ffbe0ca950a234383f52,Anthony Sherwin
p_ece534111f1cb03fd1ce9460,Clay Dungan
p_c783517f866887a295f4f23a,Todd Lott
p_d4b0a4342b285553f0895a6b,Tyler Robertson
p_2fbc14c8be5a0489edf08b5a,Luke Waddell
p_1bfba54a76da72a25ce132bf,Jairo Diaz
p_c5609f52c13140d06b892c25,Cristian Hernandez
p_7d51ad2010a181fc659412c9,Chris Rotondo
p_ad0048be5bb42d5eac27fab5,Jadher Areinamo
p_d746416813c6eb72f984f7e2,Diosbel Arias
p_a4654d89a96a531ab91a4215,Rayne Doncon
p_03ea13537084541892b5f268,Kevin Parada
p_5859dad00f3ff4fbfd01ac8b,Rolphy Cruz
p_2c41825f27133eace0d6703a,Aaron Shackelford
p_cbe11d702f7dddea05ed7275,Leonel Valera
p_80a10ed182ae469c22ee97a2,Connor Hoover
p_e1c757e8f4d760a664b389c9,Cristian Santana
p_b884cab205950cd38f43ddae,Darlin Moquete
p_a97cdd203dcb80f274e4919d,John Hicks
p_2015a4dc3bab48786353d977,Erik Stock
p_55493c2767575e8c2d142ab1,Alberto Rodriguez
p_9836bb2e240a5ed219e036b4,Brett Auerbach
p_ef0b4e23d3f2ba7cb637a332,Jake Gelof
p_17eef06a13913038f3a216cd,Luis Rodriguez
p_86af4f6cd7b9aa0d07fd1d24,Dangelo Sarmiento
p_85aa7ff5600f36ad54105692,Anderson Suriel
p_52dff147a601715520a8e067,Barrett Riebock
p_8935e1bf2629ba164e101e15,Tristen Lutz
p_307058ca1814928ca75bb128,Loidel Chapelli
p_98570a3c5341e35292995b39,Scott Ota
p_fed663977c319e4b0a9dd124,Jose Cedeno
p_053b55dc6e5837a412ebb752,Andrew Keck
p_cc993b24320b42c9e94fd6a8,Silas Ardoin
p_2247259c93a203675b4e4aa3,Edinson Duran
p_95d1a3d891a2ee6307924ca8,Carter Bins
p_1ade448a2a6d11ad90273b29,Mitchell Daly
p_27dcfa6f47bf16412968306c,Franklin Barreto
p_99de7d74fe824d27a6f3ee53,Yosy Galan
p_f9a8daa3c52ef6aad31adb38,Helder Rosario
p_4870234f6ce52a3b04c3fd9e,Athanael Duarte
p_923f26834b23ae1946998183,Fenwick Trimble
p_8fab8b63d16d97d0e6a3a2eb,Colby Shade
p_b4fe99c2f41979c5266fdeee,Lizardo Ruiz
p_ab0acbda09b4823d889f14a2,Brady Day
p_974448a80a4bc28371adb52d,Gavin Dugas
p_db834467b908d01d7392988a,Scott Kapers
p_72ee0ad9ddc170684da59bb5,Hyungchan Um
p_9358c90cc6261d564aad366d,Manuel Palencia
p_3d9a35499abe4c58c1a090e9,Tim Lopes
p_b389f5608f218aa18cd52fee,Enrique Jimenez
p_d75a175c790f0d26dff0941f,Cole Gabrielson
p_92e111f469c63007590375bf,Tanner Tredaway
p_a64cb6bd096edfe683f4c5b3,Pedro Castellanos
p_1318a38bd48cf0b57d41a1ac,Connor Hollis
p_a695bfcc688b503661d6986d,Aiverson Rodriguez
p_1466d94389d04f0a5f20f195,Austin Schultz
p_b97f7956c06bc659275adb5d,Kyle Schmidt
p_b956f9fd00c4234fc5be8e3e,Roque Salinas
p_483975e099b162263e6f2a31,Justin Johnson
p_9dbcaa5c5632e600c6280d40,Claudio Finol
p_48508b3ae9004da7963f78e5,Nicolas Perez
p_2cdc30c4adf77646fd0b92bf,Robert Lopez
p_4d10c2e855a7ba7a9ec020cc,Yordany De Los Santos
p_b93c64e3c8fecc9ab199470d,Kevin Bruggeman
p_b51005a75bd2438ed235111a,Bryan Broecker
p_96167a10f36421bb88a31d54,Poncho Ruiz
p_caab4e27ec9563d721518fd6,John Gil
p_3813c5e5b62893af733cf288,T.J. White
p_7874af5f787bebaea90d850d,José Alvarez
p_7723f2cb96ee86c70f559a30,Andy Acevedo
p_49eff98a23ff8f8f2dbf5632,Cuba Bess
p_0e3fee404feddee9466706ef,Braedon Karpathios
p_7d8f6f8ce997f575ebc73756,Jose Pastrano
p_29efec90cf5765b8a497f1e7,Carlos Aguiar
p_d0624268da9970b8dcf822c3,Ethan Workinger
p_a618252597a460019934ec0c,Emaarion Boyd
p_e48357f4ed68f783a5f7ae0e,Matt Coutney
p_d785b54a28ea5e88d5ec619b,Javier Mogollon
p_173904297699e43f5d4b251e,Alfredo Velásquez
p_b3e0ea0da3889ae27939f95b,Delino DeShields
p_3ff036249befc331e66d4485,Kleyver Salazar
p_6da9f423481b2dbeea5f3c74,Andy Blake
p_e581e9c58f51a5fa98bd87c3,Yassel Soler
p_a4025847300f476e7e9ad287,Randy Vasquez
p_b154f7cbb44d05347ab82f07,Josh Zamora
p_a76579f518781b4dd4922bb7,J.C. Correa
p_7afc55eabfd5ba4505c064ef,Tanner O'Tremba
p_b033b310be7c9eb491067df8,Rafael Ramirez Jr.
p_7b16bafddfa8d32f776de551,Darius Hill
p_685287b5452576344a5bdc0f,Andrew Patrick
p_75ad40e58546e27341319b49,Torin Montgomery
p_00f771b856763d40bedf47b5,Cody Milligan
p_63f4fce156db5ec9cc445d19,Reynaldo Madrigal
p_ba169dd6e2bc8015ddcfafe9,Kyle Hess
p_390a8a4ab57e02099a48c825,Cam Fisher
p_b5ba2001614eff31cd69a699,Erick Mejia
p_92d1aeb0c1750534261ed63d,Colin Simpson
p_f6baa0c09bcf24ce0970a08d,Chavez Young
p_4789af27e7fab8eb6b3bef78,Adrian Meza
p_cfdc19623c25b128222e5400,Carter Williams
p_5cc606ea390688fc231eee4a,Lexer Saduy
p_08d4fc2a888a81b18d50ea00,Lyle Lin
p_72d57a3114505affa1b4d55a,Jaswel De Los Santos
p_4b5e9efb2fe65642f5399783,Daniel Robertson
p_e4584a83d1f0e7f149e780d1,Bryce Windham
p_2c37c319dae6fc2a4817ca1a,Carlos Avila
p_48be4e4a2011f35d84a0b761,Jeremiah Boyd
p_aa0a02e65f2a79c0099f07c2,Logan Cerny
p_83407b126d864b106759cc99,Kelvin Alcantara
p_48cc1e6874ac0eb9cf4db0e7,Raylin Ramos
p_f0f359c82543ed1a0e1bdaa7,Matt Hogan
p_4e44737454c53a686ca18855,Jamaliel Rosado Jr.
p_670cb338cfef91eb0172406a,Adrian Santana
p_4a2fa137566289e275f725c2,Bairon Ledesma
p_68622f7e8ba67a28ac991139,Juniel Querecuto
p_28fa98ad770f05d6da077122,Derniche Valdez
p_2badf04fb49c7f0aaa8512f0,Sonny DiChiara
p_22ebc63f4061aa1aeb852bae,Stephen Piscotty
p_03407d9d197e299a285e835a,Julian Escobedo
p_49def6553a48d49c07a57405,Onil Perez
p_7120d206e16caa1b871d5a94,Laz Rivera
p_b15dede165c5689cb8453547,Ty Duvall
p_69f119cd13cb7fadbe854736,Angel Cruz
p_838fea79fd1579c96e9522db,German Ortiz
p_a51cf44d4528dc0d71d6879f,Jeremy Eierman
p_44c91fe8f58656fc29f179f6,Leandro Pineda
p_271ba150d7eb612735848cb2,Cristian Gonzalez
p_dad1a58fe9559bedbde6c3ca,Elias Petiyan
p_80e04c932e62dcd7e828aed5,Victor Rodrigues
p_58f81bf196f258a70fbf11dd,Jadiel Sanchez
p_b6405a5594db82eb97c914b0,Patrick Mazeika
p_b41fc9a3bb277f7ce1793d54,Parker Chavers
p_c30eab7dd8f4c710d4a5890f,Jose Contreras
p_60db99907ee6c18f0ae80771,Kyle Hayes
p_a5659bb86a153f792e5fc8c8,Luke Mann
p_ab34fce39715caffcaa5ceb4,Carlos Dominguez
p_ae5fd2a8d5c4b5fe1bb58154,Eduardo Guerrero
p_b788a320f93f9122b7f65765,Jordan Nwogu
p_77e4c9c951dd925cc99726ba,Isaac Pena
p_d88c216e0e405c6d642be3df,Patrick Clohisy
p_362bf5fbff809a5183d14115,Steven Duggar
p_3c6135f900b313e9d08bbc00,Jeremy Rodriguez
p_1aac83ec25dff7e8c6ca8e44,Jacoby Long
p_0242d16a2c550ae84ae0b67e,Connor Caskenette
p_37f69dce2ceed9bed15db59f,Abiezel Ramirez
p_9494fe0b373c5b514981d348,Nomar Diaz
p_5493a9749203345acf56ba06,Alex Erro
p_7d799be586b1bd4f652ffa18,Zach Humphreys
p_f7983fe6fb7b987557ba4e45,Trevor Schwecke
p_c199bb4b4eaa2535b97a3754,Anderson Machado
p_07a2a52368c729139d153851,Diego Gonzalez
p_a064461a09a7dcb6ef762612,Luis Reyes
p_e6a6c70b560926ec4ff05627,Jesus Garcia
p_bcc5e174f4c1ec29c65d54ef,Garrett Spain
p_05a077ab7ff14dead8f2bb59,Geisel Cepeda
p_e2d4742f879563cf6b783188,Joshwan Wright
p_1fc522b64984304b997d0821,Joseph Rodriguez
p_77da8c01056d2e5455595404,Mark Contreras
p_a2b0ea0de0b4c5c844110e62,Aaron Whitefield
p_58c07027650b57c1ea8bb959,Moises Lopez
p_42599f5194fe2a846943bcc5,Josh Hood
p_c3890c934f3f0b4621aaced0,Jhon Diaz
p_bc70ea0032e627f1536b579b,Wade Stauss
p_b8751eea516e3516d276bfd6,Justin Janas
p_e769388c71e12a9da81576a2,Vaun Brown
p_764d3eb937a7bbb8253c21b8,Neyfy Castillo
p_5f8af7b6f3b60005c0750447,Hansen Lopez
p_6c504504d672a759ac078cf8,Bryce Willits
p_47363533de185a2d6e0daf88,Gavin Tonkel
p_23f755b13a049376becd20b3,Felix Valerio
p_f16be88dacb68442c1db77d1,Victor Izturis
p_4f83bb762a165e67a3766cc6,Maxwell Romero Jr.
p_6abcf76b9f5e3d9b731d3aba,Luis Aviles Jr.
p_41eed8fe5d887b10e7675fce,Quincy Scott
p_3a24efcc6db2f28eccb01743,Kody Hoese
p_f0a27f50279396b4d583db2d,Michael Berglund
p_07b5fdd0a357609781107768,Gregory Barrios
p_9743a0b040e5b622f4a1602f,José Peraza
p_43ac62d2aa64ea6c7f1769d0,Max McDowell
p_fd1b0a20e40eb920cf34a5f5,Karim Ayubi
p_9898d5ce915f15ac89ee7e43,Nick Tanielu
p_688f6fe61e55528799d89eb3,Braylen Wimmer
p_4935e9c0d5f1040f0debbb43,Jace Grady
p_f219eaa4c997d0426392a0b2,Oswaldo Linares
p_f9faf644679a80a467decd17,Jim Haley
p_5d1486f94b8e4d76a971adf3,Manolfi Jimenez
p_3a67233ec357e5ec675e6139,Willy Vasquez
p_0b4ce2783c2b173422519e1a,Jauri Custodio
p_b65cfe47a44fad11af11b026,Marcos Cabrera
p_ab7a9e1a663e9ff84641f2da,Devin Hurdle
p_9d02c30da30ee1d67546e174,Shane Muntz
p_a8a9b532d6dfe30b7658774d,Jake Cunningham
p_eb17630bb5c5f7bf0febdb12,Ramón Rodríguez
p_766ae9be47e3d8ce6843ed96,Ryan McCarthy
p_2980fd7f83d5a6224ab1f7b1,Sam Brown
p_3f8e25f37873655785cd5a8c,Angel Ortiz
p_31dbe3049a266bb3901a184e,Joe Naranjo
p_f085829952acb4c91ae8339e,Juan Montero
p_b55f2554e54780df0054ea36,L.J. Jones
p_ea958d9ea27df430b11e30de,Liam Spence
p_fc1970f694632b28bdeac5bd,Cam Cannon
p_3a80223bd784ac5dfbed9c09,Alex McGarry
p_18194d27ed629fcc5f2e94a5,C.J. Hinojosa
p_0593932976389d2fd1247961,Andy Thomas
p_5fe07957335ac3ed671692b7,Jordan Thompson
p_24b31341c1f7165e9a4ec1be,Matt Suggs
p_5311ce3efe7d7afee9d53949,Angel Galarraga
p_b5edf06463cd79170eb90d20,Alex Iadisernia
p_fff99dfb734501338ccf227d,Joe Gray Jr.
p_f978e01c0880cd90e8f0b86c,Jesus Lopez
p_f9b2ddb4cff298afec47f344,Korey Holland
p_44fc5919f3384564d0a6ee1a,Ethan Long
p_f053df156faa1cbafd1e8e89,Carter Aldrete
p_44f4c81cc1e0238f304600dd,Roynier Hernandez
p_6f8dfa92af8526520dea63e2,Maui Ahuna
p_104f0b8b05b05f0dd7badc43,Gabriel Rodriguez
p_99499d0f8f7e5a6002126691,Alejandro Nunez
p_a326482939a5a9bea4131ed5,Ghordy Santos
p_21e333f15d7143fc88ab5ce2,Thomas Gavello
p_85e33aeb6576fc51d3bea097,Lamar Sparks
p_fbb9e6227d26b1b1d51e1a24,Raimfer Salinas
p_b0027f941b89def2b22fe6c3,Rubel Cespedes
p_68e4b3a39d942e5844829d31,Jackson Loftin
p_a226060c20db7a7d2e3e5b47,David Calabrese
p_6489f1bf1abf3d0e4abb6d74,Narciso Polanco
p_55194e982cb9aa1775d2c3f8,Juanfel Peguero
p_281fc647c4ef4b9168ca4ddd,Iverson Leonardo
p_8047700d3f7756b6530d5700,Carlos Colmenarez
p_6af24fb10bbc0f3f1e990a81,Alec Sayre
p_16c15dfb8532d34ab2b18c09,Kean Wong
p_3f256a58ebaa140fb16532cd,Roger Lasso
p_6c0c246be1586f6f54153fb2,Daniel McElveny
p_acfc3f0d4124a686656eb285,Manuel Guariman
p_e76b5111df542269a7c67071,Magneuris Sierra
p_35c8afc8d47b7df1f4c09545,Nick Kahle
p_8ca85842d9cec484777987cb,Sebastian De Andrade
p_a466cb44c355383dca915fc6,Jacob Gonzalez
p_7e206da275c33eb149f6e6d0,Junior Franco
p_8ffd7195e6a3e61f68acdd3d,Diego Hernandez
p_21df85543291c0935ebbe4a0,Dionmy Salon
p_ab38db88929ab1f20615702f,Trevor Werner
p_14b90e3f2c7e1a0b0b3ab0fa,Miguel Sosa
p_4ce0f4817436330773c3a586,Jake Burns
p_bb97bb7c7dac174b5d4a9cc2,Ronald Rosario
p_347c796d050d458263ce60ef,Rayner Arias
p_5ed335f0bbb821a95f193742,Ethan Lege
p_2a7e362a0218bbe52d2e322f,Jacob Berry
p_4939ffdb5c42d5bdc9ba9d85,Hunter Bishop
p_58db95bc01687117109af648,Rolando Espinosa
p_03d2f5e6b58ce11938b09249,Angel Del Rosario
p_40c97708549b2a325e5f5f44,Narbe Cruz
p_c9cb5a03ebdd890e5584c98f,Vance Honeycutt
p_75300642beaa0f068851ea28,Yordalin Pena
p_b9d4238425476bcffbe8df62,Collin Burns
p_808cbe5255e21607641e639b,Ronald Hernandez
p_ce7030ae2f8d8eb9a94bb5a8,Erick Lara
p_f229f0af7bb1374573dae749,Ryan Hernandez
p_e6f3d3b7b345a0a5038ead4b,Zach Morgan
p_26a4871d8663a6581d799325,Cristopher De Guzman
p_0b62577392872d695c770cfd,Angel Aponte
p_b30179c9d71606c7cdf10530,Edgar Alvarez
p_bc945b40e68433be6f80b31a,Geraldi Diaz
p_76a0f8e2a7e86098364d9db4,Eliesel Santana
p_40d4d3d752d1cea3d05ef4f8,Nick Biddison
p_ea92833831173182f234934b,Niko Decolati
p_144df4f656b33fb960d37945,Karell Paz
p_85f5694ac737b5b924f3bdac,Jeffrey Mercedes
p_d5e67c50d4bb4bd7b6853b27,Samil De La Rosa
p_c3595fc4844a9a0e4ca56398,Herbert Iser
p_a0ba19b10c4ac03635fbafe3,Daniel Cope
p_ef432c63bc8374ab7c15e3d9,Matthew Wood
p_eee139b8c33f9198993b2496,Junior Calderon
p_96815940625339457c4f0194,Drew Davies
p_99b0e3d2d9bb127a01db9bd9,Enzo Paulino
p_b0d242c0a113f98a75d59300,Bryan Arias
p_839300ca462b5a3e9051138e,Juan Benjamin
p_5d765b9577f002f0219e24c3,Luis Yanel Diaz
p_86e9067456ffe02c85eb5ebe,Logun Clark
p_5072a42997d39ce5a8ea635c,Taylor Snyder
p_6af738f4794250abb30cf246,George Wolkow
p_dc6eafdbe53a7cf8d295f4bf,Caleb Ketchup
p_f40f6514625e6a7b8e83887e,Frank Nigro
p_fc531f553c04dcdb7ec5e74a,Brayden Jobert
p_d4afdf68748b3eb457360524,Kale Emshoff
p_ceb04de4efd68b85de42166a,Richie Martin
p_730b866432b36a3632b74717,Danny Serretti
p_b7e2dbd3221186740ecb10e8,Jaylen Palmer
p_bd61c597903a9cc5671e4113,Luis Perez
p_8231409ccbe581097c91dafc,Tony Blanco Jr.
p_c2ef216b453f6409f233b822,Samuel Gil
p_7a0873d2c9673f52ff582ad6,Juan Gonzalez
p_f98c7e7c0e99282eb08189d1,Axiel Plaz
p_6da84f6e2508ace16a9a8f2f,Abraham Nunez
p_db83bb390f4887ca89ba3107,Mario Fernandez
p_831c795a9a1cf927c4328264,Manuel Sequera
p_5beae3365b10e36f3048d2c0,Tony Bullard
p_7d2f5528ed96bb3039fb7c3b,Guillermo Williamson
p_a0836c9a2f260c720b4f4f31,Pablo Guerrero
p_3f8181913b06f08588d42b40,Geovanny Planchart
p_cd5c787bd52f312334f60a74,Yeison Morrobel
p_3b21a052e222c3e940272652,Patrick Dorrian
p_ce8f96996466c1444447192d,Toby Simmons
p_c525edfb37d2c34197b1224e,James Parker
p_aae102eab86ce0c01b09ba85,Gary Mattis
p_284296a1653d23eb0a7fda9f,Caden Powell
p_eea275bd5b6f4bdb7141ea75,Joe Suozzi
p_0f9f727d3a61bc070426fa3e,Luis Hernandez
p_e2ee8914740187af436a0ba5,TJayy Walton
p_d931f8c557bbc5f461712799,Evan Mendoza
p_6c2ec524d553fbc04dbd4538,Braylin Tavera
p_e2e4bd56b2311ad2e9fe3007,Carmine Lane
p_826c69ad4c66e1320864b413,Walker Janek
p_fd4dbbeca50d440dee80df60,Keshawn Ogans
p_7fcec7a2b9bd49f40a1cd04e,Ricardo Cova
p_f82c6c3d8689635a942b6d8e,Isaac De León
p_418ddaf48d51f0d659fa457a,Christian Sepulveda
p_bb1e2c828084a4378d0bda09,Eruviel Castillo
p_d24bb3f1d8bd682822b44286,Luis Suero
p_dc9648418a2ebedde33ab39d,Railin Tejada
p_d7d8e2b02839f0aebeabb676,Cristian Gonzalez
p_17bbbddb4fe31d38d027af71,Jarrod Belbin
p_1a609efaae7a4fea775abd3a,Brian Kalmer
p_aac8b189da6e1ba32c6a94a6,Rowdey Jordan
p_c879d56cd0b51f42deb62b71,Carlos Jimenez
p_8751c4e746981d373c697483,Eddy Rodriguez
p_87483fa946ada08c953b6021,Juan Murillo
p_9c405de11dbc7c25304504b7,Dylan Neuse
p_4239fbcc45329e0f153aabd0,Caeden Trenkle
p_5663daf07ec38ffeadce489d,Hamlet Marte
p_6820234662018a47b5b6e51b,Daneurys De La Cruz
p_98368976d61ba9fa1b714759,Won-Bin Cho
p_1377fcd5ee0fd529c42dcea2,Gabriel Moncada
p_fc4dd0635cf164c95d2fd445,Jeremy Rivas
p_64a23a3042a13e18c04f6099,Mike Salvatore
p_776c9f1f9f80b337326c12ad,Drew Campbell
p_b7d2e8f8d43777816bb873b9,Carson Roccaforte
p_81d94ccf7fa17c3889401db5,Yoffry Solano
p_3b58f263f2bd9a9c7173bc4a,Wilson Rodriguez
p_8d5e51e8b0d1213bc430c710,Jose Caguana
p_189a105b4c08654a4a9a957b,Francis De Leon
p_2131acfff1d0c5e004bbd10c,Joshuan Sandoval
p_eff2ee1af37a483709c74062,Alberto Barriga
p_77d4ac8b2de7bf44b68c536d,Danny Bautista Jr.
p_49ec305b02ed46da9489fb04,Stanley Consuegra
p_687e40aa8d7fed9fa42cd82c,Matt Adams
p_b23182e31f90b040b2a88834,Kai Murphy
p_1e927a4e612d34ff5326609d,Ronny Rojas
p_be881d8154c3588695fd918c,Juan Hernandez
p_dc84723ef5453b5ebc4efd33,Hendrik Clementina
p_b4ba0d1394b2f8391f10a35c,Michael Sandle
p_2a3718bf19af5fa725fafebc,Luis Rives
p_7cc228781d0beafc810fc59e,Rodolfo Nolasco
p_3e260c1777ed6d6950d1c700,Cory Acton
p_3c4ee426a8c03baeb6e95f4c,Jack Hurley
p_b4a4eb50a8c55546b722970a,Justin Bench
p_5b7f62569f83870332d59aa0,Yophery Rodriguez
p_6b40344c97b40c9cef866ae9,Joel Mendez
p_01f2e6eb455680196ee8dd00,Endri Garcia
p_139e0194973c7b0c1e7da2ac,Abdias De La Cruz
p_6124f5487dd2752eef99c59a,Luis Pino
p_ebca763133d59b4a10d18417,Fredy Michel
p_2d972f5163ea457af3a742f6,Jankel Ortiz
p_806fa523f239983ee4236d20,Claudio Simon
p_89073c314bca8a840040e0c0,Dylan Jasso
p_1cf32c5d1e6f9d171ab6e252,Juan Baez
p_9c3f231d498527c9bac0b347,Carlos Cordero
p_e2eec3519eb711d76483c333,Nate LaRue
p_39231e2adce3a5415be1d3ac,Eric Brown Jr.
p_2e4927c0e0df853210d95076,Charlie Szykowny
p_5c5950a492444628f99b74ce,Miguel Tamares
p_4dcd5806bb6c527039529f59,Austin Green
p_62ab427c1ebd596cf9e9f739,Sammy Infante
p_a1097612dddf5c23d6dd5f46,Lamar King Jr.
p_bb94bedaeca1b1d5405d6c32,Ryan Lasko
p_e405c282689b20823e31f49b,Jarrod Watkins
p_0734af621fdee2e9f74e4d10,Randy Florentino
p_10589b098ab8c3adce2f1adf,Tyler McDonough
p_19a7d075bdbc85fa6173e68d,Chad Castillo
p_e7c0fd665a027d80fb98eec7,Jesus Valdez
p_844d6ecabaa555244ae7ef80,Kevin Made
p_6a8f22ebdbbb9de3f317d422,Jorge Hernandez
p_aa760ef31dfc24fae9a6ee71,Victor Mesa
p_dff2865e2ccf2d966be4dd74,Drew Swift
p_0a9921ce6a526857f0bc5fca,Deundre Jones
p_ab6690177806e4be1398481c,Jayson Bass
p_9bca03ecedd8624c392235d6,Alex Ramírez
p_e3adf6e7757d2a2542bcf553,Aeverson Arteaga
p_c0149b1731f08b7b05d3743e,Wladimir Chalo
p_353b0664c9cbc360d037002d,Angel Cepeda
p_6b14fa202fadd83d5b04a4d0,Estarling Mercado
p_b17b06516d206aee4f639f8f,Adam Zebrowski
p_885b9fcbe094354350408865,Jeremy De La Rosa
p_218a117ca527f441e4b02323,Ryan Spikes
p_000da54c71052271c9a330c0,Will Bartlett
p_40b59e37df06c927b3b7c788,Yunior Garcia
p_8a1e4b30362db20b061e4cb5,Jake Perez
p_3676c0402d40e1015b3e0b91,Luis Baez
p_04dd781079fba8329f9f0fde,Bryan Acuna
p_f48a4c0b7bd49cba726fef2b,Ariel Castro
p_56be416cc734efe2145f0a2f,Alexander Mojica
p_977863f3623aa602b8dbff29,Angel Diaz
p_3b31f207f8078761a2ef7ecc,Cody Roberts
p_bf169d679f4e45f2327062e9,Manuel Beltre
p_9559ebd935645862d1980acc,Roiber Niazoa
p_a9c30fb8949b99e824caf8a7,J.T. Arruda
p_af0b4c0783ecb32a56835468,Maikel Hernandez
p_551692fb10f40b6ea0286319,Garret Forrester
p_a2c2c5f4906a8a5844660ecd,Adam Hackenberg
p_c44e6d7dcfbffdc1a08d17c3,Brady Lindsly
p_cd3143a6a37001a4650d605a,Caleb Hamilton
p_7de0c1a6b60662578c0155cd,Moisés Castillo
p_81efe86b89b98d12da641fa8,Jake Washer
p_c94f4c895b00c4beee305a11,Jean Joseph
p_43f2db167a5469e6a8f2337c,Umar Male
p_765e15cfc79bd7836a7e3280,Roman Quinn
p_c5f890b6c1653bce0af1cb65,Jacob Campbell
p_25ce080c140c57623c9d5487,Glenn Santiago
p_f86fd1ba0483e00d871c6aec,Luis Meza
p_05734955c625089e7aac0c9c,Rafael Morel
p_e3c896f61a7a49ce2a2b4e40,Bret Boswell
p_eb16834e2b7e331018d08fd2,Frainyer Chavez
p_6f8a30c186b3f59f65730092,Coby Morales
p_3a11b62acaf328f3ad9d45bd,Parker Bates
p_17bcfea7293d05587673f301,Moises Gallardo
p_3a4a9c5f96030feb065be98e,Jean Arnaez
p_0fec1b862bd4efb8409afe31,Brandon Pimentel
p_b2ace6b5d6a2aa3906519046,Josh Crouch
p_7f976af3e834e9376f5c9983,Kevin Kendall
p_941121c807ddff28947e3118,Adam Retzbach
p_f50049952a2954adb2e39af1,Ben DeLuzio
p_00ceb3bc1379256bd6d6613b,Javier Roman
p_25629b262ccaf479ce7bd822,Javier Francisco
p_b4f1c08e8155c52a4cac9f2a,Edgardo Ordonez
p_d6bc91b1501dbc0766c93f27,Reivaj Garcia
p_f5287990835d980a719f08ac,Freudis Nova
p_3d5f2761f1f7870c89db95d0,Andruw Salcedo
p_fa30dd5a093ff66bb26d030d,Tony Wolters
p_4dd19a1afaa1dd8225f2d98d,Michael Mantecón
p_a5bce5a47ce53bdd3340847e,Oneill Manzueta
p_7f69d0b6dfcea6c174c37e11,Connor Pavolony
p_75857beb5f7f3dc505a3cb4d,Chris Okey
p_f61b80bb5e3aee09a27d5893,Rio Foster
p_a75c421225bca0bdb0e029c3,Alberto Mendez
p_31aae6a47dd2684cadf5dd02,Anthony Mulrine
p_b3bdcd50d41b834209a06911,Luis Castillo
p_baaf8f136746428fa4538c80,Alexander Suarez
p_84484bc7d17ddfb82b8aac0b,Angel Tejada
p_306fc48cfecbc82eb5779a00,Adrián Sugastey
p_23d6241324c75fc1e5275641,Felipe Valderrama
p_38625358f3fbeb20b920316e,Carter Trice
p_de82ad24b7ae63ab9789ce60,Jackson Hornung
p_84611e51ae10632de0a102cc,Cole Urman
p_5ef318d38b65c92d080e5757,Isaac Bellony
p_d8b50359dbbf14a1dd10bdcd,Keyber Rodriguez
p_88cbc29aab2230806d980393,Lonnie White Jr.
p_5f95a35426ab6d700d14e95c,Bryant Quijada
p_cd9f63de5418029a7ff22e29,Kamron Willman
p_381826a6432d08818cb5a018,Wes Kath
p_c4d64424c55b1ce9cc557f2b,Juan Guerrero
p_519d94254cbfb96794abecec,Luis Mieses
p_2408118ad89fb81a34bf4b28,Freddy Zamora
p_61d432834268e33f604178bd,Ty Penner
p_f02f0727685021ccc262c462,Tyler Payne
p_c873cfdf6ae3bd9ccbfc5200,Sam Praytor
p_911473961ca8835362b8b04d,Kevin Richards
p_f571d88b2cee8b18c0d49e0f,Tyler Miller
p_30542df0c01d0326156f959a,Angelo DiSpigna
p_540906fc987af36470fae60c,Jorge Oña
p_b3fb8472adf18306ec97df59,Austin Beck
p_3231c9247180fa2163aab781,Nick Ward
p_5ed5e4f064badcee72d9c041,Dominic Gonnella
p_f80b42b29aa555e6d985a973,José  Estrada
p_178ee83a38e4e4079a811372,Chris Lopez
p_2473df861478e05892934ef9,Andres Valor
p_bdb9e5e2e88487d06da0d8cf,Brett Rodriguez
p_8e134c60a75215224a9eb239,Cesar Gonzalez
p_6c37fc5c939eadba5bf62e2d,Anderson Nova
p_2f30acb3edb7f210a2a8b4b4,Daniel Vellojin
p_8ab53bc8004cbbd37912bbd6,Michael Curialle
p_6070cdfdfc5b00bb61bba173,Iverson Espinoza
p_c2c0c2d712587fbc139d14e9,Richel Del Rosario
p_e546672c6558ef6a9da76df9,Francisco Toledo
p_61addd1d368a69a618907271,Luis Verdugo
p_61a4904fa8e80982188c498e,Odalys Peguero
p_b3966687a8d449552a1cd44e,Alvaro Gonzalez
p_024ea99af31e53f6acdb551f,Junior Marin
p_8098441abd2e72142bb55974,Deivid Alcantara
p_067242e448c0b4489e007db2,Raudelis Martinez
p_6a49486b0202c6fc8483d064,Garret Guillemette
p_d061f9656d840fe136d7500f,Adam Hall
p_d213ce06fbd8ebb9d3e4a786,Luis Vicioso
p_2961a8aafd875f2e875d47dd,Dauri Lorenzo
p_0288bdc4613ec22ae8f2c868,Dario Laverde
p_16cd189d7b62a743b66e9f14,Cole Cummings
p_57f450208e2cfc63368968b9,Anibal Salas
p_12c6888a0c67b96dd251f003,Anyelo Encarnacion
p_34687c7b6691797a386b3036,Jansel Luis
p_3458bda1af964214b80c8214,Hunter Fitz-Gerald
p_332241082853c9b7fa1aa593,Caleb Bartolero
p_101c65370d01dcd42fea3f59,Bryce Ball
p_5eaf4bb59585d8c441991537,Jacen Roberson
p_393fe4b962448e4374373726,Mariano Ricciardi
p_c134bd3386370bb07afc5db5,Hudson Head
p_f255030313ca9761193faaec,Zavier Warren
p_95d699c4267a42a6070fedde,Ryan Wrobleski
p_0fd7db904740aa56c753a923,Tre Richardson
p_b5c378731af436dedf9d8f17,Juan Santander
p_3dbf37859a89cedc139ff212,Luis Caicuto
p_77594951519ce991f42c34b2,Carlos Tirado
p_ff17bab263612cf6bfaaa158,Misael Mojica
p_9632fdc3e156f17808700509,Yosander Asencio
p_2f8f639b8fbd270eaed7edec,Brandon Parker
p_28890008c2c2d2002a77c76d,Ryan Wilson
p_6460cddf9962ad634af76250,Giovanny Rivero
p_1dde15b39a20173111356a83,Stiven Acevedo
p_4e12f618c2e4a3a4efe27700,Edwin Díaz
p_be5458f327a33997b6dbca4a,Joe Donovan
p_8b915ded233b220458de8f3a,Edwardo Espinal
p_c8da5fae604ecc6926e5494f,James Tibbs III
p_c2fb52244dc71b6f091de779,Edrick Felix
p_f357af1ae86d72549b322890,Drew Maggi
p_818ab9195da0e073f1ee910e,Hans Montero
p_60aabb90072350308fb02fd0,Roberto Martínez
p_d0463fbb75263419302bdaa8,Ryan Reckley
p_db0dc16709b4ff1a4d8af8c6,Cesar Hernandez
p_fa571e5c92cf9c4da8f72559,Leonel Callez
p_3e6557ebaf63bdccb3bf2afc,Yonatan Henriquez
p_3e1cb4b87c8e6dd26312162f,Charlie Pagliarini
p_fe3dbb10436f7aaf1a10872f,Estanli Castillo
p_07554385cd94f5d7fb46023b,Jesus Chirinos
p_5f53bae7de245099f71950d1,Lou Albrecht
p_1c24550d53795775d9587f2d,Jonathan Mejia
p_dd80cdb8c188200dadbd1f93,Erick Tejeda
p_63139f41d784b123823d3958,Griffin Cheney
p_c7dc6acb02318650b976a5d5,Andrew Jenkins
p_e3705eab06c315c3d02954cf,Cesar Izturis Jr.
p_70a599f8a365365b4a40eb34,William Sullivan
p_6ca7f3bda2e77f52ecbdddb9,Zach MacDonald
p_969e1a0d89f4b9f38be42690,Bernard Moon
p_d6f602080543dc186280f5cf,Matt Whatley
p_1efa3a8ac8e2c254c2074a10,Colby Smelley
p_32635f62f2f4d90c2b5ac7ff,Roger Leyton
p_7e23eaf35b3f0a78f2829f2c,Andy Garriola
p_89d5d8d7d522c529c817a36b,Jose Cordoba
p_9ffa3dc7d88821a893c5b432,Bennett Hostetler
p_740be7a28757348dd68333b4,Stiven Flores
p_375aee6df87112ee959486f6,Natanael Yuten
p_df4148295706692b723be5a4,Errol Robinson
p_651e53d1c05c7b7b6cdd820f,Ray Garrett
p_5984d58abe8336c814a80225,Will McGillis
p_7cf6f2eda53c1b49990cd9c6,Jose Devers
p_cc00a7cc39cbd0d7259f819a,Angelo Hernandez
p_2ee79ac1e43b64cf42c7e9ed,Luis Guanipa
p_eefe2b68bc4f93f94b6bb10c,Yeremi Villahermosa
p_3a3ce6f90c03dc5b10e2f777,Tyler Esplin
p_60454c751f1dab70af71818d,Ricardo Gonzalez
p_37642c32a8676513e65d3f9d,Dakota Kotowski
p_509f459b46abdfcf03f5f14a,Gavin Logan
p_5185ca29bdfa9525952f1a07,Milkar Perez
p_bc97db56d6f583404d442888,Emil Turbi
p_b8e9b0fd014edcef8c2487d9,Pedro Martinez
p_3846d755b711ccde40cc37c2,Bennett Thompson
p_61e05b6e761413d18791604b,Enmanuel Terrero
p_cdcb879c4280786fc52dc124,Ronaiker Palma
p_3938208c055e63d160111e69,Charles Mack
p_f36e77ec5ae615d567dfc168,Justice Thompson
p_69c706a168eb7e3bdd4c4aef,Kyle Battle
p_d05b9283a9286250f473cf7c,Elvis Rijo
p_bab70baa1f1640ebdd330f83,Brenner Cox
p_7bf04e6791cbb1d786cfe0ce,Yaikel Mijares
p_b04059feff4e61b6eb5810ca,Braden Barry
p_6ba5aa69c71e03e144276f0c,Murphy Stehly
p_15181194b8d0761aa66e76c7,Josh Bissonette
p_8234f0bf551f2f76c8f6a3e4,Jesus Hernandez
p_138065073fb9f11cb6096575,Cade Bunnell
p_d6591bb3d2feccfde46c904f,Ivan Gonzalez
p_ec3ea65c4a64e8e019ea966f,Caleb Hobson
p_c89b37581b1c4ca136ce5cb0,Angel Arevalo
p_198a1e8f9fdf01eca3397e15,J.J. D'Orazio
p_eb7ca3f8d960689efb26077f,Estiven Machado
p_d6b3f7f269449db6f9cf57f7,Filippo Di Turi
p_dd9949c42bdfb47e113eee79,Nick Dalesandro
p_6b7c367419d63fce4dc5cbb3,Wesley Zapata
p_7112f28e687ebec8a69a8409,Ryan Leitch
p_4e7dfa8ffb9b9b3db4e7d940,Christopher Espinola
p_fcd5aaa2bd403c346a7b3f94,Jose Sibrian
p_1d71b4fc0283b3a29a7f739e,Jordan Viars
p_dc0536214cc260c9ee143984,Luis Arias
p_61229907f1b2a4930ba43910,Devin Ortiz
p_dafd98dce211654bdda666c9,Izaac Pacheco
p_e60cf7b5402c626370184be7,Willie Joe Garry Jr.
p_69b61ffb4b2b9a543bec583d,Anderson De Los Santos
p_1cd1828e765f8677153cefcd,Nick Goodwin
p_5fd972515c2b20736a916f6d,Tai Peete
p_6438a95cc69a5473d4449888,Arison Jimenez
p_9459d78ec023b28c443f5c14,Diosfran Cabeza
p_e6c59e39f640f0335ad658fe,Easton Shelton
p_6d4bdb6f30035c7499071c5f,Stanley Tucker
p_4777951bb3e3d9eb5b886d08,Raimundo De Los Santos
p_f9377fe590809de139b747c3,Daniel Mateo
p_313f83e37701a2052006b683,Anthony Hall
p_66b87cf0b831fb2f2ff4b190,Calvin Harris
p_9ba752a506bb01bf5ec779cc,Alexander Benua
p_ff92cbcaa1bdb67c2194bb60,Casey Opitz
p_89f146fcd4c919d0d5ee77f2,Jaron Elkins
p_58e7a449735308140d948f5f,Branden Boissiere
p_03e1a2a5370b18566d219a5b,Brock Vradenburg
p_5147c98d8363b03a4d6c0722,Sergio Campana
p_b8e54a2475658e383534c225,Josh Rivera
p_c817a9abbaeb868c70371a00,Simon Whiteman
p_42dae621ead63b0ad2b66497,E.J. Exposito
p_d54afa22aa7569752707ddb2,Eduardo Torrealba
p_c6a387f95b7874b83b66de48,Joe Olsavsky
p_a263c60f108b982b4b1c5c5c,Esteban Mejia
p_1d885df0ec7d6b99af22f67b,Brad Malm
p_103f4337a0da69b057106c2c,Jack Alexander
p_d9eb5bcb11ea220624cbac70,Ian Lewis
p_8025fd895bb3424967fbc60f,Miguel Villarroel
p_3de84c9b9fc0bb322948f57b,Landon Wallace
p_e4114c5e50aab2a396868cad,Zion Bannister
p_a8644421a93cbdf14638d216,Jordy Barley
p_e7b3140b4b819ba16f5eed2c,Jommer Hernandez
p_323d9addd79c489d82273f3a,Ryan Higgins
p_82238865a2d44f89ff4b29a5,Luis Valdez
p_c4c52ccf206bb4c827e15b3d,Ramses Malave
p_6a744158b891ccc120e9544a,Sam Mongelli
p_fd4d81c731cc583b67164130,Kleimir Lemos
p_8659780808877dab89d1e739,Mike Peabody
p_a4ec2cb2f90a7ef379f51688,Yannic Walther
p_ea7eb99525112adec9a2c262,Keegan Fish
p_37f5b5aa434ccb51ff6dc877,Jalen Battles
p_82f26b5b3e0698a5eca72361,William Simoneit
p_0c5f92e3babb82d05ccbc35e,Cesar Quintas
p_11766e04dc8373464126f372,Jose Caballero
p_64ac415df4fa6a9fcd4b7079,Jackson Glenn
p_98e3ea9e0afddec9e885085f,Joe Redfield
p_e8aafcca86f95dba06722081,John Estevez
p_89c4c81cc83b0386db9a897b,Cole Moore
p_4a05002bb069d02caf8f4bc3,Jason Schiavone
p_f5cb0a1d169f20e63ad5ce68,Ivan Murzi
p_5e4e6eadefa6ee7fd3835945,Juan Zabala
p_8563efbe32c3f65abb2adecd,Wally Soto
p_d8dbc2a85b053b9db6065c75,Brandon Lewis
p_edf609f5addc195beb600b32,Junior Garcia
p_c2c8cb0069b18f19567e698d,José Sánchez
p_a0cbefed22eaa4ecb07aa969,Noah Miller
p_34eaa76d1a9bfc9f8618b3f0,Brennon McNair
p_f6db44ed361fd71045afe60e,Jhosmmel Zue
p_84b7c8d31ec0804851614550,Carlos Gutierrez
p_32a5fb5236be3b830dd6f64e,Reynaldo De La Paz
p_5f8c30f4a271671519c45e84,Victor González
p_c3f25126e0c02bb759daa8ee,Modeifi Marte
p_87124a820fc62f1e7a554991,Jaylin Davis
p_77e7b9be8cea232a42c50853,Terence Doston
p_e32154d55c859443bb0f1038,Ismael Alcantara
p_3ab25519df3140cb40b4efd5,Omar De Los Santos
p_81ea42ed895d8538e81cd055,Ivan Sosa
p_6656e7c2c0f777593bc7a88f,Ramon Peralta
p_b068a3b3e24cbf623ea8b120,Carlos Rojas
p_9d49710cf5c8b239bb528d94,Viandel Pena
p_843b2c90e2beac1c272149a8,Kaden Hollow
p_ab78a9b241dd58fcf70c7d70,Jarryd Dale
p_6b5f802ae4d117bb7c8cbc22,Raylin Heredia
p_945588c6e4719d4fb2d8a906,Jose Salas
p_509bde61fb3f44c6f85ffcab,Yordys Valdes
p_e4e15241921d827a0e1a843a,Luiyin Alastre
p_1aa3c2a6c7b7c131d4afa85c,Roinny Aguiar
p_18efade9be949199e1700cb0,Raudi Rodriguez
p_48c765c5ce2134a19ac9c801,Dominic Pitelli
p_aef3434b04d577c95ff361f9,Nerwilian Cedeño
p_e3549c87e906bb0c2021d816,Carlos Luis
p_31ba66c3d4795ec6a2358c7f,Jeisel Acosta
p_689fd22efaf6bce6bafd5530,Juan Villavicencio
p_979ddf8b6218282ece52657a,Yeiker Reyes
p_62dfc2560f701edd780ab641,Patrick Frick
p_d28a2833f934f7921620a9a2,Richi Gonzalez
p_2bea31b7601652af850cf74c,Jonathan Morales
p_0c3c53cfea859c9bfb9fc0c1,Geuri Lubo
p_dd9fa4499385a9377560c015,Yeniel Laboy
p_71fb743b37f452319aa455a7,John Michael Faile
p_a6a62da316d58aa2c0b335c8,Manuel Pena
p_d127d4f9c070df6f3c2f9a86,Nate Soria
p_9a66f2ff8e18db1c53f2f7b4,P.J. Hilson
p_76e69678e8cc3aadd17ac0b5,Luis Rodriguez
p_401799d1b3dfda3ca49d48bb,Brian Miller
p_4164e5a6240c8b344ac10d46,Juan Jerez
p_19ed1c7f7be2f7783f936b2a,Renny Hidalgo
p_b5835aa32628718bbf51798a,Yorfran Nieves
p_8fb26a341dcdb3678795341c,Hunter Haas
p_3c931c71e4a18a9ebe5368de,Mason Guerra
p_fae50a22a0453a253a139633,Nick Shumpert
p_8001c7e67e8b49aab68e2eca,Roberto Chirinos
p_c0134ae9c198d08ddcb48f42,Shervyen Newton
p_f6c5a295b854445cb411b149,Josh Stowers
p_fcf046186eb8f80530bdd576,Jackson Feltner
p_6b7c270455fb20b844125503,Jesus Ordonez
p_aee294d86e700720c90f27b2,Alberto Hernandez
p_f5a44e61fec36afbc31ce0c4,Jose Cordova
p_3f8fa6272d61a66eea3a9490,Trey Paige
p_8337cf63067670076970c7e4,Jeral Toledo
p_2a64f2a78638650f3a7c9f6c,Tyler Whitaker
p_846d8a0b10a3e8a68c799bfc,Gilberto Jimenez
p_f4cb5e6931481ae3d49486ce,Brendan Tinsman
p_9f7d420b85a835348420539d,Jay Beshears
p_0281f317924c18cc8cacbd5c,Rabel Colon
p_5dfcc1b6d33308177c67442b,Brandon Leyton
p_416e032a52436a3fe708df51,Jesus Machado
p_cbdc5b80935734ea2a795247,Dylan Shockley
p_8fedcce7a95664c82f99d04c,Andres Centeno
p_0f0cfaf946446c005becf42b,Felix Negueis
p_80b770827982dd595bb85f98,Madison Stokes
p_98993cba7f450c799030511e,Chase Estep
p_fc08e2478c0447df472e4610,Ilvin Fernandez
p_317b04aa1db013a2d08a95be,Cristopher Barete
p_2a76bbeed50392ee2e742664,Preston Palmeiro
p_97a6f4bffb43dfcdb110c749,Michael Amditis
p_2969e8c7889197911a3d4345,Solomon Maguire
p_88d2787ee4079fc33b918410,Jose Acosta
p_40d2b526041e289bcc6ff2d1,Joe Vetrano
p_578dd1ce79b657d580b64eec,Rafael Ramirez
p_36d0f23e076fbbcf049e1d78,Nick Quintana
p_0426afc57c07ffc1f58184f7,Sergio Gutierrez
p_bcfb763a93f8bef1615c4e46,Mike Jarvis
p_4ad6790ff40ca6d202351426,Yolbert Sanchez
p_d1d88d5e5c8f85185e8afd5f,Dyan Jorge
p_d38d2249045a09cc2fffd855,Chandler Pollard
p_2e1712805e4b3f42fb952f31,Justin Farmer
p_3966b54ce04ff4fb90faf80f,Carlos Oviedo
p_e349a2d71a3c0388af8834d0,Gionti Turner
p_c1ce1cd3fe131dd32d846873,Fernando Villalobos
p_1789bdf41dfeacf605e1ac88,Henry Ramos
p_5c78c3380a005815c441edef,Adari Grant
p_a6ffd9117993296bcbbfb62c,Misael Urbina
p_c2e1c3a94176da43067b8c14,Rivaldo Avila
p_377581bc69c6f1d3aea451a4,Bryant Betancourt
p_919a8a83ad2a1e9b33a62b74,Cherif Neymour
p_054dd2ae82a7edb5a9529086,Paul Witt
p_613ba32c61b1004fcf64bcaf,Walking Cabrera
p_d5a7a42d7cf4d89ff1e2687b,Daniel Guilarte
p_e855b0b2414f6574125aa0bc,Hernán Pérez
p_0918be932af91e89aeff1433,Heriberto Caraballo
p_764675a445a3c12692d92b7c,Roilan Machandy
p_73a4f21ffd5e2a52fb477ded,Marcos Torres
p_3fdd0beddf21900dcc3793cf,Alex De Goti
p_2943bec1ba8e0187457446f0,Tyler Johnson
p_8f2c61f967f1c7dfc059cf7d,Jose Dilone
p_e67bb0199fb579b7c87655e4,Joan Delgado
p_824cb2301329f7247893767d,Ricardo Rosario
p_6cd0a8122dd7c8f06a2cf6da,John Zorrilla
p_78c8d8bb3e2cc40773b95ec2,Bladimir Restituyo
p_afacd6b2b3e91a4bfb9ffdd7,Luis Ravelo
p_5fbe02e8dc8f8882c462f40f,Antony Gomez
p_d28546cc77e04a04c02e5d48,Brando Mayea
p_49c765f63af96cddc5c421cf,Adrian Rodriguez
p_81f67a0bee22c6300f32213f,Maddux Houghton
p_fa4cbf81256bc67bd29c4f1d,Teudis Cortorreal
p_022c9cb5d5d05901bad2e6ff,Tanner Allen
p_b651f06f3ca00e7d6b1a0804,Carter Johnson
p_9c5df2e20e429dffea58d96b,Zach Watson
p_3ad25ca32594fe68c40ff7ee,Justin Guerrero
p_e8f920ff0f54f4533a224731,Ronny Sanchez
p_8e75709514ddddedfc10683c,Miguel Ugueto
p_4f8102e876aad63b37f09765,Nick Decker
p_0e2814f60116848f1b34525a,Jhonnys Cabrera
p_e587f4c49cd203d041f2e79d,Nate Rombach
p_14edee473d6db511a110d276,Brody Moore
p_53ea984f659c5bae9e2dc79b,Yimmy Diaz
p_aae20eea07ff1b9af37668e2,Leandro Emiliani
p_79d0cba949dfd4b1f3378e07,Daniel Montesino
p_cee23472d6f946d5c1c8967a,Michael De La Cruz
p_17fd52515106450f11463dd5,Pat Valaika
p_1d47f43677e2de3dabdf5628,Cristian Benavides
p_e6b53c70e55d329c7cd59175,Jose Ramos
p_a853cab1e2a5d777940737d8,Alonzo Rubalcaba
p_d2bff17a11684e44183935c5,Baron Radcliff
p_cd4aa9f32df3deb202c296e8,Zach Arnold
p_02b64a0508ce8e82b8928d3a,Arturo Guerrero
p_1d6c0f9f618b0a5373cc6ba4,Dylan Rock
p_35798a5341b0d266c95e7ebb,JoJo Blackmon
p_7a7963bec23d9d949d6311c4,Winder Diaz
p_453dc06654d153a95283350a,Yahil Melendez
p_e11fe70084f9930ba78a208c,Juan Alonso
p_9cb2046cd0590b0c9b845b89,Esney Chacon
p_0382db3771c8ce75e391681e,Jackie Pertuz
p_749bf1f187b526da8716e8a1,Kellum Clark
p_d304bbb681c109c5bdfe9fbd,John McHenry
p_e2d3f5df716cc386eb089465,Matt O'Neill
p_e9b3752a87b984b8eb9a51a4,Freylin Minyety
p_7426389e7c3c928b4074b62f,Andriel Lantigua
p_bbb7867ca495d9ae7f86d6b1,Will Matthiessen
p_ae6752b078b6be62a88aabba,Channy Ortiz
p_61f6d59dda771a6073c30659,Jacob Pearson
p_7705d47f520fc4e863d38d20,Daniel Vazquez
p_228b5094143a6467bd4a49c8,Joshua Day
p_91f355cfb06e154a47e8123a,Dereck Salom
p_d16cd7e705c05eb3e9b06ff3,Yassel Pino
p_13c54eaaf5b6c7a2f9918933,Drake Osborn
p_ace3907b4d190aac488f61e4,Gustavo Sosa
p_2d96b0ba53cf6cf34d13fcde,Rosman Verdugo
p_90dfec9cd3ebe4fd3cbe756f,Luis Moreno
p_7161ac14cfc8c6a91dd28f24,Antonio Anderson
p_c0e21e14ad219159a89cf061,Jose Suarez
p_ef34732e254c4399858c2aa0,Carlos Franco
p_8ffd06a2ddc14ad858be7cf4,Mason Dinesen
p_852198d8269bc9ff84bf0efc,Alexander Perez
p_1453d5ab81b893d765b4eae0,Alberto Rios
p_e4a26d0a1da27dfd30743ce5,Justin Guerrera
p_596451fa2e716cb3bccd7b9e,Aldenis Sanchez
p_2a7b560f32fc826dad82ce1c,Jose De Jesus
p_606b325640ed6ead50ed9392,Junior Tilien
p_948da90ecfc97b612c8b2a70,Matt Alifano
p_54a0a2feddb83882001d947b,Jesus Castro
p_20e57650771956d5312b2cbc,Mahki Backstrom
p_f1d67e6e896a4d3e7553a020,Ethan Wilson
p_f612668dfe0e0a1198f7941f,Cobie Fletcher-Vance
p_b8b8f5026b151f2c3c15f938,Enrique Valdez
p_be0edd89e32c2dcea0fd9289,Ben Metzinger
p_5175984f92c87b06154c0c1e,Wyatt Hendrie
p_1a6b2e0ded586d7a23960d4e,Yhoangel Aponte
p_8ca184521a55ad6e15bff782,Bubba Alleyne
p_8a658d3f11f9962a8bb78b5f,Johnabiell Laureano
p_30c9b56e706b956c3afb9052,Connor Scott
p_6b773c789198903a376cc527,Cristian Garcia
p_6438567244adb890eaba0a7d,Juan Aparicio
p_ac043350388e45ffdfb6a26a,Jehisbert Sevilla
p_5d31d80165ab3eb7471c1c1f,Omar Florentino
p_b26a8403e1521a0153aa38cd,Kalae Harrison
p_9c1da1ca50fe1263257b9e62,Nelson Aranguren
p_bea9bb1e10ea1a7251255bba,Bryson Ware
p_a3b48569c607393f25df7e4f,Clayton Campbell
p_c91607731a68ccc919bee30c,Will Verdung
p_f77f74f82fe2ce5b9422d94e,Raudy De Los Santos
p_ac73f1ba6bb26c2919393017,Enmanuel Ramirez
p_430f1a823e404c13a8177119,Richard Ramirez
p_6cb43ec91ed13a4b8909d46c,Erick Brito
p_0035c56218b259524f8b237f,Antonio Gomez
p_55f7851bcfd64742c60497c4,Jancel Santana
p_50a7c478a6b3fe725e1abe6d,Michael Reed
p_5c970f8b0a38d9fbbf31331e,Ismael Mena
p_4bbd84985f5d000f51ea4eef,Cristhian Vaquero
p_aba62c751a3f1ee600c4f258,Josnaider Orellana
p_1abd5c8b91f05caaf6a03882,Eddy Diaz
p_09df2b0950bbe506458adc60,Victor Mesia
p_d4e6d1be2b3533adff5b59fb,Juan Flores
p_71beb0a6163c3adb2f2b1bf2,Anthony Scull
p_1ac0b423141b1efca27d961e,Willy Montero
p_9d7dcf1ceb51e7974a067714,Jheremy Vargas
p_768970db98d6f842d1562f8f,David García
p_7bbcdf05f66781e4dd3fe024,Michael Snyder
p_2d69c8b393a92bbb7fdcad06,Werner Blakely
p_079fb3c85a8cf844ebd8820b,German Ramirez
p_e612a9bceeea78cfe2e840ac,Xavier Casserilla
p_af2b96c1dc5ca8f59608c7d5,Julian Brock
p_aa3eb1a114bde15cc612694d,Oscar Santos
p_43a1a851c385524ff4ff23ac,Adinso Reyes
p_a877be8793d3966f759ce26d,Arden Pabst
p_b593a3e7692dcba92bdafc08,Lucas Dunn
p_2f602abe31a90211be60772d,Derek Berg
p_ef6c4b631d32ff7d5a39d3d8,Caleb Farmer
p_ccf66a0ee5921b986788efc5,Jorge Puerta
p_b8b974869887c06b464b02c7,Jhonny Piron
p_c0aff76fcd4a06e73dda5367,Derwin Laya
p_d1f85593be763c4169ac94b4,Carson Jones
p_d6c480e409a3c7ffece2a4c8,Brantley Bell
p_c7226f2dd4d797d9de8a5b02,Cortland Lawson
p_188dd200d3117bbd38ba5404,Luis Garcia
p_ecfc39e8f858aab6730c6b69,Kashon Conliffe
p_fc5b8a6b645fee3542e8e6a1,Eriandys Ramon
p_5209458338984337da9170f2,Luke Brown
p_3368189e6056ccdb98f7afa3,Andrew Moritz
p_a7d96bfd3b19d69b2b8a9158,Josiah Sightler
p_dfdcf9aaae4848a22f283947,Miguel Briceno
p_a3f0185c21201c2d95efeaf3,Aneudi Escanio
p_252f682daf87e90c312b0fa0,Jose Reyes
p_0d1801d1130a05507b927111,Lazaro Benitez
p_618cb4ffef7b48fd54d8e33d,Braylon Bishop
p_4d500f1fdc4a0a3d39d317b2,Kristin Munroe
p_74e70f9c50de8f85da05c4b0,Wady Mendez
p_e5c2627918add28e4307a6df,Kay-Lan Nicasia
p_151b03887ff2ad32f1b9d2d7,Dillon Tatum
p_e1594b5a2a8c36044d5904ed,Erick Hernandez
p_ea68a0f606f16a67e29fa2e3,D'Shawn Knowles
p_0493d5b9a3a7d34b78604356,Addison Kopack
p_072f50173ea0b3a616232dae,Maxton Martin
p_466a84b2d3b9eaf10f039df2,Jhonny Perdomo
p_0a5cdeee2aa9b588150fb906,Fernando Caldera
p_13f01f5b70702c250fdf6475,Skyler Messinger
p_fabc9cd73e6f11a5d24329b9,Jediael Maduro
p_b9dec1f856c558f09e1015f8,Marcus Smith
p_91674ca29fe0f03fab9d5a96,Armando Sierra
p_cf6bc924170b4ab3bb02c912,Jose Pirela
p_3fbb6b91ba15b86b9120d7f0,Ruben Santana
p_1e8e74477c5d358e6d27453f,Jose Ferrer
p_2bafe3972335b7b1dbc14180,Mason Holt
p_9413571827ffbdc1341b48ad,Mac McCroskey
p_16d52ac7d681bd6fd8bac0d0,Myles Naylor
p_d5c51989e3f42af7e1e08500,Walker Martin
p_327f2a11e8490e9853bece71,Kyle Nevin
p_dffd9d2fe78a2dca6043705b,Guillermo Rodriguez
p_e958da37d9582891df0bd579,Nick Schwartz
p_c18ffeba4ce1ee4e2955032c,Yohairo Cuevas
p_b077b724b1b5a249e576dc02,Cristian Feliz
p_94cae16d572bc683c4b3baea,Michael Trautwein
p_48f5537b438de2c4e15ce750,Jesus Moreno
p_a6d1bc60bf228e84a9f7b1f2,Ethan Hearn
p_1e8aa70d232d81aa4cc9d53e,Juan Centeno
p_d1f3f632eaec8e35c29f5941,Enger Castellano
p_b3576828f1a9a464157f1cbe,Kekai Rios
p_b2b01904533a3e328a52fb7e,Julio Carrion
p_72dc771d9cfedac8190253af,Leo Balcazar
p_e1747a907618dfc41af6163b,Miguel Fabrizio
p_a0b473cceb0147a69daf52da,Fidel Montero
p_bff446a0f1005f9e4e32f770,Trevor Boone
p_dc5e72496abc8f18075b5dcd,Javier Bolivar
p_9bd4d1c8edee2da215398558,Thomas Francisco
p_478f2c007f9a805ef372908b,Santiago Torres
p_aa84f044f4a336da8c1eb7d2,Luis Torres
p_9fe8fb3cf374c6f92b5ac819,J.C. Masson
p_02aabd159569b414568751ea,Alain Camou
p_f4d4c5e1ac7bb43212197898,Lou Helmig
p_b543cb5cfeae63fb81f60d33,Jose Mujica
p_c0b1198752cf1d2041d76c1a,Brandol Mezquita
p_199e21a9481f9305684e281a,Tevin Tucker
p_bb7708b31d45fc0a4c97e68a,Jake Means
p_bd7848d5f33acda92e873f95,Frank Rodriguez
p_3d965e62a983688bc580d5ec,Javier Mora
p_e724cdca619c6102ca3d13e1,Misael Gonzalez
p_46fa8c1a0a5e31fd09bcbac9,Anthony Servideo
p_cabe48a9981df9674a1e0837,Monte Harrison
p_49bb66d6609b090eb420d88c,Jordan Brown
p_33548b6bc1c0fb8d4f8e4fc7,Ashton Creal
p_8fbadc1517d6a86d1aa91ef7,Randy De Jesus
p_a410bec33b31f2cca7791870,Cameron Masterman
p_6effeb6431a6eddcd4be3803,Efrenyer Narvaez
p_926a0059262c794e36eea97f,Cesar Calderon
p_367d61bedcc0a0ccde4e7d41,Robert Robertis
p_ffe1054b8913e0f11306f870,Manuel Mejias
p_ba44150c9ad4c81603e52d20,Marco Soto
p_8d03842ff358d94a0f29b1ef,Oswaldo Osorio
p_31f0481a26155bdc0afdca1b,Yoander Rivero
p_6223331b9784b33f33fdbcae,B.Y. Choi
p_4988805ed134a61232a3f547,Jorge Garcia
p_56f328db9d17829624741b43,Jose De La Cruz
p_2daa400a7b529e5a45115ac4,Eric Santana
p_500fbb841399238182d1de39,Uziel Viloria
p_33a8a4563ba49277a9110d60,Deivi Estrada
p_899ac69c7f875e1628a7bd47,Beau Philip
p_790c6a49dbc96c90c3badcde,Wilkin Grullon
p_4b486afe52ebd8199eb847fb,D'Andre Smith
p_ada888597ea14e56416e156a,Cody Morissette
p_44d8daa56936af4cb6222a3c,Elian Soto
p_65d25f355097ab59c4cec251,CJ Rodriguez
p_36e0fbbc1f33234d23325d93,Anthony Calarco
p_7f391e66c158703766dbdddf,Alex Hall
p_ed4b4e9e3efd66e306034574,Angel Nieblas
p_47ad8903a6d7edcfb439d3b3,Dilan Rosario
p_8dd93bf80cf243fc4651c8cf,Jesus Galiz
p_841bf006e14e44cf1fb55061,Kenneth Betancourt
p_b2fe90acd8064e8750192ebb,Gian Zapata
p_9d0255745e0742c2970f3b35,Jesus Ortega
p_dc98bac89c93e34421cf6fd0,Jonathan Peguero
p_37e53a612619f64d9be514a9,Eybert Escalona
p_f1c8daf114dcc1abfd780d3a,Anthony Huezo
p_aa152c9c98dd4a8cf2b19142,Johnny Ascanio
p_6433c7f931fb95e8592e5cf1,Hudson Potts
p_90a5b38d981b85207f99230e,Luis Rodriguez
p_d04f4a79d2e5e81277eab3a2,Freuddy Batista
p_5fa3b9e7af42ba7fe919b6b7,Dom Johnson
p_384d8a8d2471ec23fe8efa9f,Jake Zitella
p_2252a5481778e1f7f914b171,Gregory Mota
p_7825fdeedeffc3bacfcee3e5,Christian Molfetta
p_7c105142513ce3fa69d12ff2,Jose Sanabria
p_0413dbbd5e64ff1534d317be,Ahbram Liendo
p_a039b22a8ae4ddffea2cecd5,Adrian Hernandez
p_00878ff2c3e3399db6c9497a,Anthony Espinoza
p_ce4aac3f9bc3e9790c19bc7d,Joshua Fuentes
p_833c2a7008e33746c8270cfe,Max Burt
p_6d308669bca8cbfee381c82b,Carter Young
p_cf9932602d8c722468d9a81a,Charlie Culberson
p_eef2181583a3778994f099aa,Ross Friedrick
p_fbcf621968efafa054f13820,Jose Izarra
p_94a6f6f2a6c3510cf0b3d969,Yordis Perera
p_750ea880487a611e058a1543,Kevin Kilpatrick Jr.
p_d8eae6744bb1306c043140a6,Jhonson Pena
p_13d10f5174bd797b2868e5d0,Carter Graham
p_2db3b128c0b35748b55b1e1e,Danny Gonzalez
p_2c84a69ef4b9f181f4db1312,Jake Hager
p_aa80d4d335da9ee2f7abe221,Carlos Sanchez
p_9a9129c446ba3c36b3324939,Max Hewitt
p_3d0203eb8e1384c42cbf0db1,Satchell Norman
p_96c900af77276505b5132a20,Tanner Murphy
p_78f032a1cb9bea347cb9705c,Bryant Zayas
p_185af169ad81b66a4ebc595e,T.J. Schofield-Sam
p_3ea893c8c2d5e8f2fbd63af1,Andrew Miller
p_828be59084d3c203b3c192e6,Nic Kent
p_bf50325519e8748f887d9da9,Ricardo Balogh
p_ace0c2c77fdbe4cc9531d19c,Jancarlos Cintron
p_948381006ca85edafc8f6b03,McCarthy Tatum
p_e889f95cd35cf646e190abfd,Guillermo Rosario
p_af5906f78f923b3442d71b2b,Carlos Arroyo
p_bd2586a3ffe066eb3487f209,Justin Lavey
p_605224df5e6e35d30c49dfa5,A.J. Shaver
p_f562b6d1f55b14fe993d4252,Adan Sanchez
p_55e065ca103539074fb2b889,Kevin Graham
p_6c710532c3c12472e84b888a,Miguel Pabon
p_3d8a21cd394ac0978d50bea3,Albert Rodriguez
p_e3dc0acb9ade3ff824ae6968,Yerlin Confidan
p_55791ca5ca0425e2b79a57e9,Edgar Basabe
p_8cfdd2ec6e532155e318861e,Miguel Hernandez
p_d529b82ea4f8e379e1f5bfe4,Giullianno Allende
p_91426d1d105186428be5e502,Capri Ortiz
p_50a909a11cd45b4a059b2525,Carlos Amaya
p_63058658256712c08b7ceed2,Antony Peguero
p_a0bb296fc56804f721e699c0,Jacob Jenkins-Cowart
p_5e3698d74baaeb2cf6a5b7e4,Blaine McIntosh
p_b7fba510c6843c0fe2aba24e,Jared McKenzie
p_fb247ea7a867155c3e1d2c9c,Spence Coffman
p_7b18c36d5120ef5f9b79c282,Elijah Green
p_a5c0e7dd631ef0a60df0edde,Ezra Farmer
p_431cc897dc7053571c79d62a,Riley Mahan
p_2df3afac85b2abff4cac8851,Cade Hunter
p_f8c6361dca76a641684ddd3d,Anthony Quirion
p_6c456014e9556fc1e4586f8a,Dario Reynoso
p_f6a152e1a772bc220ac658b8,Jeremy Celedonio
p_b4e00d3a537e1f914ef390f8,Wendell Marrero
p_0d53063a087e85ce1e305631,Ryan Holgate
p_0ca07be273e9d0443d94b688,Tommy Stevenson
p_39c066641df3a0e59f7204d6,Karson Simas
p_66819618a6801c94bb911a3c,Hayden Dunhurst
p_54b155a34bcf5367e79ecc72,Cal Conley
p_6b42e8a4b7b040bc87cbfef7,Carlos Vasquez
p_761c176c78d9067561e5f975,Kevin Sim
p_b8b5d5722b9a51c008a51af2,Harold Grant
p_2921c052c0e6c9cdbae313c6,Hayden Jones
p_6a8758d09f592c42b376a3a2,Brett Barrera
p_9b7f7a1deec55d846deff051,Faruk De La Cruz
p_7e3be9b9f56e00332651a43a,Justin Boyd
p_f5669effab12c1032f4c8ff3,Osvaldo Tovalin
p_415a7d87d0ce7b8f9448f9e7,Andy Atwood
p_20e168883813b12238676c73,Angel Geraldo
p_2614b98853d3b74290772218,Carlos Linarez
p_c2366f0d6e5a91121f52e2b3,Wilmer Difo
p_6550d607d8e2aa24a579acf4,Yemil Rosario
p_ba59da3cccb8298f657795fc,Wyatt Crenshaw
p_afccac7b5b64b5cf1292a5de,Francisco Hernandez
p_2e06d2deed91803d0274b61f,Omar Nuel
p_5f8b63e4687374ed5fe0a1ea,Sebastian Espino
p_e8264efb0decb7addf8bab61,Jean Walters
p_c487c5519c647ea5cea9c5ec,Jeffry Rosa
p_f5630d0826d1b67bee826c3b,Yhoswar Garcia
p_bd7396ea4c69cc667ee1b936,Edison Mora
p_bd62a009ec55df0b01f878f8,Hedbert Perez
p_7a365813f73be79b10737df5,Kevin Maitan
p_9bed5d934f0fa3c9775e52b7,Willmer De La Cruz
p_f2f880ebca616685701a700d,Elian Rayo
p_bed7abe37e1cd4618a5acd80,Luis Sanchez
p_4ed6a2adedc74b21585369d2,Eric Martinez
p_3bea1a20e8e384cbe26aec90,Jose Gomez
p_a7d97d1cc3f11ce8b57c1f4a,Francisco Ortiz
p_36ededd252f895577bb3b776,Karl Ellison
p_ce3afb3e64b7071d9a3d852a,Mateo Gil
p_1cd2b33f4c2b76b55a06a3bb,Reece Walling
p_bf6f282ed9867e1eef149490,Miguel Perez
p_e765e13bd11a0e69878ad6a0,Benjamin Blackwell
p_7c89d69d0ae1ff07878e4ca2,Jefrey De Los Santos
p_89f109d2409f71499dac2e0e,Micah Bello
p_80b626b7f9cb1539bff34e98,Grayson Greiner
p_317a18646dec5e57c4d9c3ee,Johan Barrios
p_7f569570efde41b868657983,Jared Carr
p_3acac431059ee9828af2fe1a,Eliezel Stevens
p_09d6f66549bc7e7d1c0d6ee1,Gilbert Lara
p_b93b32b415e01f734614704d,Sheng-En Lin
p_50a43e669fc745d8e2d64ae0,Frank Hernandez
p_c040a0be497871f5f49c9435,Felix Taveras
p_20383dfdc8d25df7b8a4653a,Camilo Diaz
p_37cf51bfe4e2acd99d9680cc,Ismael Javier
p_cd3552cbd730b65cce3e2564,Jose Reina
p_b2e4733711c8684c0b4e623d,Marcos De La Rosa
p_299b716d9369f64330702e0b,Freili Encarnacion
p_4e2b727bf73b8fcec036a3d2,Jack Rogers
p_66b1e665b1a1105b343988ce,Brenny Escanio
p_b3d4749eb1990153339f8507,Luis Rubio
p_346cfef7ca4a14ee0e5b8f51,Chase Valentine
p_453fd0018baccec8ed5884a7,Carlos Pelegrin
p_da08bd4486c1d1807d1e19b5,Tyler Collins
p_bec37e2037dc756740d30895,Colton Vincent
p_a1cedfb7217a3a9c4acd835c,Duncan Garcia
p_7cbdcef97644e1adf5741421,Hector Nieves
p_b7dee98ee63670b9d992f13e,Alexis Hernandez
p_a89ce0f6723cc0cf850af7fa,Jeferson Espinal
p_fa8655364e3197c06d840b20,Wilfredo Flores
p_483857c3eb55c2787191679c,Axel Sanchez
p_0a2c11e0148508ea76e88109,Danyer Sanabria
p_df1ca2268228eedc2c85feac,Ruben Benavides
p_b0e985e0bdeb30a79fb9a5bb,Mauro Bonifacio
p_02a7ffa8fc8fc415bf02a4f6,Ynmanol Mariñez
p_d9fcc1e8e625c55e8cd6a509,Simon Juan
p_a8bcec90c9defd1cd48f8503,Jack Moss
p_7037e8add880e325dbfc6289,Yidel Diaz
p_dd1a35f3c13dd4dfd21c8305,Norkis Marcos
p_2a0864a868e3e79a99f6e810,Jerffson Pena
p_73a9905a33d9348f7eb11493,Luis De Leon
p_f3afef79f360371cab51d7ed,Tayler Aguilar
p_9d1a2fb973ab1486b58200cb,Garrett Wolforth
p_8c15f210e88e13149d1dc105,Jair Casanova
p_65363d1cf671c58aae1eb213,Arxy Hernandez
p_58a817f1873843cbc03d2f76,Victor Torres
p_86931c8b6fb181e67602606c,Leandro Alsinois
p_fc652e0acd1d7142c1c06b3e,Nick Vogt
p_fa547c425cdf8a715899b916,Noah Barber
p_a96028ff629928171bfa4bd5,Abel Bastidas
p_9aab5a00554abcea1de38635,Yemal Flores
p_a6fd3a4606f4055ff21e8d3d,Moises Valero
p_9f25894d3fb52c3d3316e400,Jose Rodriguez
p_373c03b9698d1da454ab6ce9,Osiris Johnson
p_3b8ad240fbd1c6b7f2e29b79,Eduardo Salazar
p_59025dc061c70243349aea5f,Cristopher Navarro
p_841f2e56d97b66816748d662,Donovan Antonia
p_4ca6a04b87285e08460953f4,Fadriel Cruz
p_dd2af539ddacc69a213de6d2,Tim Borden II
p_b262074b665be1b1331728ea,Christian Jackson
p_1a0ceb871e321f9a7d9c633a,Kelvin Diaz
p_aab910a9f4ba1e19f8f7564e,Curtis Washington Jr.
p_c62d3c2aae0c20f2594981ac,Arturo De Freitas
p_376ee25a7414fd8fbbf947ad,Luis Freitez
p_a17cf80b4adb125b7a0f49ef,Sheng-Ping Chen
p_bf1f355737a7ded494941448,Brett Roberts
p_00b2890a4bfeee36f5246b24,Jonatan Guzman
p_d7909881fabb9a6756faf0e7,Jordan Sprinkle
p_c47c6836fbd108f3ffbb5268,Jose Gomez
p_a8be3eb6fce9cc41bfe2da15,Colin Davis
p_f4c9b471277a3546ad843a7a,John Cruz
p_e71a416008febfd5f952d545,Hendry Chivilli
p_ba897c0970dfd93283a9d606,Johan Macias
p_7cbb0eb29c3f7eee59ca650a,Branny De Oleo
p_3fa2236406a2922ad94d761d,Yeuni Munoz
p_4769cd39f5e3a9f054ea85ae,Martin Gonzalez
p_daf14708068f67775548573b,Pedro Ibarguen
p_5f66c037c196defefce025e8,Victor Acosta
p_9443723efe3e741b2bd04cde,Victor Diaz
p_ddcc4185fd1e66a100895e5f,Harrison Spohn
p_95d6fc5fd883c1afb54f46ce,Noah Williams
p_5f75cb8e470daf10020e538b,Jason Matthews
p_47e2459ac691bf87ae8de63d,Ben Sems
p_5fdf53cf0d2c918139d50b8c,Junior Sanquintin
p_5ec269a4d882e5c2aa1e1c6b,Levi Usher
p_8b756d739a5a9a7892e3b85b,Ricardo Caldera
p_69b86e0e372d16d226135956,Fernando Diaz
p_c3bd29f1ab1f8e1ba0d314df,Alexander Vargas
p_b66d521f6e19111fdc2342ff,Sebastian Castro
p_c192a3c881e96f12b076533d,Nadir Lewis
p_ca8a8178d195ea87c9bc47e3,Simon Reid
p_2bd3bc78d1cdab163a318f56,Sean McLain
p_0889fbf3cb92db7b81feeea2,EJ Andrews Jr.
p_9f92370e0b3e6afc1e8ac1a1,Marvin Alcantara
p_79e364149f5b60861be41302,Harry Owen
p_2bec21ce5a7ca8e47ae7dbf7,Yohander Linarez
p_a87612f0eb0c0808afae913b,Colton Bender
p_b0e16cd4e6ac801a9570968d,Brayan Hernández
p_f34367450636d8a4a31fd395,Javier Pariguan
p_c9d2ca58efc9fcab7e70a81e,Daury Arias
p_42ffec9e4c4e986753ea0a52,Ryan Johnson
p_c692b3b5aaf2178c10b0f6c5,Nick Peoples
p_d064e3b0a5ab95903d061c00,Lazaro Morales
p_d1f1fb5f4cf11d11ad82693f,Diego Mosquera
p_10c01bca8c746e877528f721,Ramon Ramirez
p_b7f8a950d9d136b05706dff2,Darnel Collins
p_7f8aa0ad4c2c5ce5b9d1918f,Chris Seise
p_f70ad127b759287fa77e11d8,Jose Hernandez
p_84a04dc3287602e604d9a86d,Jack Reinheimer
p_c148374fb9397067cd28346e,Ernny Ordonez
p_f3647f9008f0534cf017a42f,Adanson Cruz
p_1cc70961fc8f87244f47d8f3,Yancel Guerrero
p_5f35f1a7de03f6954eacb7fb,Junior Gonzalez
p_db435c4d6da66acae064db3c,Dalvy Rosario
p_36404f4744cbd0a140b06dbf,Abdiel Layer
p_0219644a64030cca78a32a6d,Michael Cantu
p_1b7590f775ebeee18cce8782,Romtres Cabrera
p_ff2842e5f9038907e7b170f0,Jared Dupere
p_8d7ea22ceead04ef6d8efd85,Christian Olivo
p_05454b00168c12451c961ba3,Charlis Aquino
p_289903474898cf462b228a93,Bryson Horne
p_2324e7b679b3f85239775840,Jorge Ruiz
p_304f32d12ef4237986e79a9c,Kelvin Hidalgo
p_bc99535d4e3d1c006c167bd7,Omar Hernandez
p_a2d21867d7549116f96fbc41,Frank Perez
p_3540d324f612423c2553db4a,Logan Glass
p_81242fbc6f80de00d7fb13c8,Freddy Guilamo
p_ebaec73d69214c9ff195a162,Derek Bernard
p_300e0e8baceee57e93fd81d7,Ronaldo Flores
p_4aab47a883355ddef4f08248,Elijah Cabell
p_7771dae380ccd279abaccc3c,Marcus Brown
p_f0913d62d6d36f8d71ed10bc,Dyron Campos
p_49b83ca55d2199c491cc81b7,Darol Garcia
p_350a5daf3d49090bf2b6eb31,Greyber Altamirano
p_f20348a692ec686b4c83da59,Gregory Duran
p_df565d45b9970de552dd5fa9,Ryan Cepero
p_7c669e0cbf4a4fa51f90b4f4,Yendry Rojas
p_36d7067c0e93ce007725ec15,Cameron Barstad
p_c1f9e346058d07a2b3603d5d,Jose Sanabria
p_9de70f2f2fcbf53b2b8d3d62,Diego Omana
p_758c95b88250ebeac6c3497a,Nelson Beltran
p_680ede1bdae552ecd62657a7,Kevin Rivas
p_a7dabadf381d1e15e38526ef,Robby Martin Jr.
p_db9a0bc2f12f61ec7d203a88,Johnathon Thomas
p_9dcda7e4a697a174c6b4634e,Maikol Escotto
p_329510d24f161905922b4db1,Ariel Almonte
p_64f31b108ddd3cd54b824aa9,Erick Alvarez
p_b28fbb38ea14f044de4161b7,Andres Mesa
p_18f18f6fed4374cd40e1b9bf,Deivis Nadal
p_7871dfa82bb67425ad35b3c0,Shalin Polanco
p_63a9f2efcc9059e72792bd44,Byron Chourio
p_78ad2f9d33b3b513e81a7e4a,Carson Tucker
p_0b3024423ca242f093a74013,Esmith Pineda
p_550f4608f6d2909a24081b0d,Yerald Nin
p_0ff0ab1ed11ef7f08fa0018f,Dario Borrero
p_2042b2206797dac5bc290282,Rikelbin De Castro
p_412be4824eefd628050e6c83,Javier Castillo
p_9bd5ef5fe6c949d409e40892,Donovan Casey
p_5028959f564d81035c5da5c2,Reylin Perez
p_051978a96aec9334f7b9b280,Erison Placencia
p_e3282366394610f8cb5bee42,Samuel Munoz
p_40c15c1746da5cb40c1cfe27,Wilfrank Graciano
p_62990da2c686d5178cb6a462,Starlin Gill
p_8dc1b6146673e795c9c1dca4,Carlos Sanchez
p_ff345950702b5fbe93edca6f,Fabian Pertuz
p_eba4e39aa294898fa97e82fe,Noelberth Romero
p_078f6c494552170e79357cb9,Luis Rodriguez
p_f63b72fd19d7d90dae9bf24f,Wilber Sanchez
p_6cb9171ac8f3b4ffcb242473,Alexander Ramirez
p_f4a6e235f28f54edb2f2d92f,Jefferson Pena
p_2ce76397da97ef81a75054db,Estuar Suero
p_56a18fb0d3b10944167494f1,Douglas Glod
p_65d56ecefa57fdcfeda22661,Mario Baez
p_b360b68dc853f339707cca0d,Brandon Hernandez
p_eb38e54957f1165ec130c69a,J.D. Gonzalez
p_f7340e2ef462e84142cb8920,Jake Vogel
p_2884c55a300fa4ce7bf835b7,Eduardo Garcia
p_eff47af87ca6fa1b6b793870,Tucker Toman
p_5edfc2d931ffc53e451e70ef,Josttin Diaz
p_0c23810ca5e6bcbb9e39a914,Juan Chacon
p_1d71b298b7e48c5b05c55656,Mauricio Pierre
p_65f07f600ee765c45e93967b,Estanlin Cassiani
p_8aa693cda52e711fac8739d7,Jean Perez
p_944f2584000ca6b35701f78d,Anthony Rodriguez
p_7962331395521581f57a57fb,Cole Foster
p_88b757a2cb53a1e8077a5a1a,Nick Clarno
p_124214c70da0941cc8811e0e,Luis Pineda
p_36de7db310f8654cd843eaf8,Gregori Cano
p_d9263e0b8bea9b78c81ebd8e,Jose Torres
p_2abb64cff673bb86a8899083,Alejandro Loaiza
p_2f6b9f58cd61b7346af52b7b,Pedro Pineda
p_aab1c192e75fe85e95f0cce4,Albert Feliz
p_aece06beedebf8ecb583bbb6,Lizandro Espinoza
p_a14b554099269d135687446f,Jairo Mendez
p_70023dcdc49ae544960538f7,Roblin Heredia
p_7989668199247a776f203302,Alvaro Aguero
p_d1bb17883790865c4a4d2f70,Junior Sanchez
p_daed5de5cab3489583dffaa3,Carlos Batista
p_92757cf9c98f0420d7ac3e29,Luis Mendez
p_25bd82ebfb343da5209055b7,Anderdson Rojas
p_070cec79adb909ea28ff751f,Jack Herman
p_d6c311dc547ad39916829921,Gabriel Silva
p_5d93ab1b1bddb089f77ea813,Drake Logan
p_e3c10cb7aa2447ff0fd47958,Caberea Weaver
p_56aa0d1aa75a519e43ebdbed,Austin Callahan
p_ab7ee614427b4ce9e7156a2a,Luis Marinez
p_13085b5797e909b33c7e6fa4,Christian Pregent
p_44a401803473a66087720406,Tommy Specht
p_b86aac191951ba1e2dacb250,Kadon Morton
p_fbddee82c500a5d59552428b,Carlos Santiago
p_55544756c7c84cfba56afeb6,Jose Escorche
p_ffe9ac347e131b46a96195e1,Beyker Pastran
p_d2cbc2d3e0bc16ea0edaa93b,Francisco Floyd
p_47d33b29945f3c595dfe92fa,Omari Daniel
p_fae12499510c9e877096f2e6,Parker Kelly
p_ad7962445601793655771098,Kyle Lovelace
p_032bea6daf4579e88e5fddb9,Stephen Paolini
p_f332a42e0848552aa4e834a5,Bryson Worrell
p_f673ef76487202ec083f4903,Maikol Hernández
p_b008805ed9bfdba87e27b94f,Luis Colon
p_a65edd67455051349ed00536,Kevin Guerrero
p_5685f497a558f4fa9513a386,Ewry Espinal
p_6e4228fca565560a47f4a86c,Rayner Santana
p_277383dc48e8c972c6d78e3d,Nathaniel Ochoa Leyva
p_16187fb44c70aa4335564b69,Rafael Cruz
p_f734b49f88257e58395659db,Miguel Vargas
p_b17beab9589f4fbb22cd95ba,Ryan Burrowes
p_f14da3b85ea7122dfa2822c4,Andy Perez
p_7b691f65b84c29ec62e8aee8,Scott McKeon
p_3a8eed5f80f59d1e452d02a2,Ambioris Tavarez
p_55cb27b1d979fd2ed4dd21a9,Daniel Torres
p_b6976829823cc2b6414ac396,Raul Guzman
p_0e1fef42cb9c2dbb6d079634,Juan Perez
p_74c56f81d975645156ec09dd,Natanael Santana
p_80d1e7a42a38aeb456aeca67,Trey Faltine
p_801adb04a11046224c697e96,Caleb Pendleton
p_d5d46e1d77a3171f60a01844,Joe Stewart
p_190004f11115206bf427f444,Austin Hendrick
p_af738ff80e2b0e325539f5be,Cam Magee
p_7923eb0efa3b60eabeb4ad4e,Garrett Frechette
p_d7ae69babed8bea10f463ba2,Jesus Bugarin
p_f5e2ecc0df068fbcf132b865,Trey Harris
p_e71ccadaccd4d8e120ec6280,Kyle Henley
p_84bc7e12663b076610dfa44d,Jan Mercado
p_c24bafeb84dc5456af7f8d53,Bjay Cooke
p_4964fe83c1030660e4b34c50,Garrett McGowan
p_9285c3e91e47a08f9085f951,Diego Guzman
p_0d400d2fbd17f3d27cc80b4e,George Feliz
p_83ae1dc4810bb8a022ee118a,Ben Ramirez
p_6a3894e5b96dfbbeb3745c19,Yiddi Cappe
p_eaca5b0bca918a4f5919fbfb,Yerlin Luis
p_637d49aa5414953f699c7356,Jesus Torres
p_fa587a180c7106f090e00250,Armando Cruz
p_64ae799da1cfcfaf516f03bd,Cody Wilson
p_1da6e928f32fac72d4cd1df0,Alexander Then
p_d2e99deb1aed6e2f33ea3f6e,Starlin Aguilar
p_e39c550beddee56fe35f0e0b,Jake Anchia
p_71f40bf7d3ceae02e2bb3037,Jason Hinchman
p_e555dd8b37792b4f14f2d56a,Adam Crampton
p_1f6f3ad238c98face5391a53,Victor Rodriguez
p_e8467ffa622783e9e4549f72,Kelvin Diaz
p_2d0e4f7ec412cbd4d1d69e58,Avery Owusu-Asiedu
p_26da0a7a4c6146b57532e70f,Vincent Perozo
p_fb3408c6504086bcd95bd212,Ray-Jacson Chirino
p_d45dd62df94197befd8ee0a2,Nick Gile
p_d536d9c09b10b61bd6327eb5,Cristian Lopez
p_f7bc4fe66fef9db9f204758a,Keoni Cavaco
p_7bea09eb2099baeb3ab225a3,Leosdany Molina
p_288aaeb92278e830cad386ea,Jefferson Encarnacion
p_1658a3162a9919707109060b,Ney Serrano
p_a76f96dbff49f8e814ce837a,Marco Pernalete
p_ad139e536c28e78e027f1ff2,Branden Fryman
p_b3b20d98ff84dd24a0ceb1ae,Warren Saunders
p_8e8173c1eccb9efb694c19a5,Steven Rivas
p_5b208836334d11e7e0b63ab8,Wilmin Candelario
p_81a4c866c840bd80d68d540f,Johan Benitez
p_b79909dc7cbd42561e9d3e0a,Jorgelys Mota
p_4791727ce18bb7e0b4ed3024,Kenny Castillo
p_c1d6c8b36e8d4f8956acb0e4,Spencer Bramwell
p_a44c15803b078321f6363b99,Jake DeLeo
p_bea870d24c59f47f643d958b,Andrew Fernandez
p_47b8882168c92d702deabbd6,Willy Fanas
p_dd2dc6e92cd1dbd0874b50f8,Danyer Cueva
p_cc0ae909ffe6d6ce6564a496,Darlyn Montero
p_7b9521123552c15beac83adf,Alfredo Alcantara
p_534c9dbd0d10702130b353f6,Gery Holguin
p_e372a0f47973ca33c69bd69d,Fran Alduey
p_b09c12a58bb061e665eff120,Kade Kern
p_3fe938e5fa4825c617128a71,Eliam Sandoval
p_d8777d4fed2827e0ed7ebd75,Robert Gonzalez
p_35edffb8f08011030ac08ad1,Chase Luttrell
p_d6985ffdaf0ac262f7b68015,John Wimmer
p_bde276b3c5b44a96355ba89a,Hugo Sanchez
p_89a79c2ebf20c9f8d54a9c77,D'Angelo Tejada
p_44b3f5f0ae02917593272565,Eduarqui Fernandez
p_f9f29712b4f0b9c3d3e10bfc,Blayberg Diaz
p_1ce30ed248d1256ef2fa112f,Francisco Garcia
p_f4d753743ed858ee4dd76e7d,Angel Pereira
p_a5b486839057b9590236bffc,Alvin Guzman
p_50ba0cbf91dc35cdfb15ee20,Logan Tanner
p_924885c12a0d30480fd65a84,Santiago Chávez
p_f59a2954e359a183806855e7,Riquelmin Cabral
p_805f57839de3f3673da2ee19,Enderso Lira
p_1bd78ea24654a785a2fc55d5,Yan Contreras
p_878381cb26423fb881581ecd,Nik McClaughry
p_15498e7f0fcba28ae1e23fcd,Ramon Moreno
p_a383641bd5600c7661bed822,Jakey Josepha
p_44954883a940cb314e48ada8,Cole Elvis
p_84d7a6065fa03a49afe96f42,Ronny Polanco
p_b9b040782914172f8b20a2e3,Jonathan Guzmán
p_33182e16922f46d7fd93f90c,Myles Emmerson
p_ee634dfa41e4b8dbc16a5b5f,Sandro Gaston
p_5e0e92acaf90388af7d22b87,Nazzan Zanetello
p_6288721b95bdf9a6c38fb55e,Connor Burns
p_cd707718b3b31422a0b56fea,Pier-Olivier Boucher
p_1dc7d513f316d66b2986e275,Carlos Rodriguez
p_37395e048f6a5f834bfb11e2,Fabian Machado
p_fbe6719c020767535381f5fe,Albert Gutierrez
p_4ad4963bd5acd51993304022,Ed Howard
p_e52f85d65de740d882d255aa,Jeremy Ramos
p_e0ba0b37a727c54716cf8377,Jose Zapata
p_e2a20cf427ba4c9ffa81ce62,Fabian Lopez
p_95e830a693a8b9ee9eff1895,Erick Peña
p_f978e475acd1823c5cb16c47,Colin Houck
p_353b4dba32a76d817466bdbe,Juan Corniel
p_718e8ea389b06caabaea878b,Sahid Valenzuela
p_b508d4cbe18d33088b3ab1d8,Randel Mondesi
p_d21c11d4add435f2060e2b93,Nelson Medina
p_3c04012e4cb4f158bd315d4c,Wyatt Hoffman
p_32a022bd1ca488caf5a28d5a,Alen Pineda
p_4001afbbafca4389edd21108,Felix Tena
p_2eea59458fba0d70a886c2ad,Donovan McIntyre
p_2766d412cc1a98cccc9bb809,Gustavo Cardozo
p_2be08aa066cc20ee7d4a2134,Erick Bautista
p_286056208bc33b79eb5933f0,Isaiah Drake
p_9397254d9e1a0c87c8aa5e7f,JT Mabry
p_50f68f186013e40cf2498482,Randy Bednar
p_4b55b65361e20f22a85a115d,Brayan Altuve
p_f1d2edb7b5d631bfe494f687,Jose Mena
p_1784d23939cb2fc584f0ed22,Dayro Perez
p_10011a4de6b7edb05fb4226a,Reginald Preciado
p_318096144024e0c09998c1ba,Edgar Alfonso
p_45b95695a50bf35a236f7e47,Michel Triana
p_3b3374236fde748148358b6d,Luis González
p_b43041465efce0750c9bb599,Yeral Martinez
p_3fcdce50af7aba61f2e8a868,Josi Novas
p_9f3ecc5678bca91e655df3e3,Drew Bowser
p_966c468110374f0dfe909d1d,Andri Leon
p_ff2a57f96473dfde06fe43ca,Leiker Figueroa
p_41d85435928b717c499daa2a,Yaisel Ramos
p_b7691b1128fcb631b455db80,Justin Williams
p_8ace269768affa2207c34271,Yeison Perez
p_3835fd561046c0587f7d2d2c,Osmy Gregorio
p_8a3cc8654eae9b23a6c538f5,Kevin Villavicencio
p_0e68c40231271aef043544b2,Christopher Paciolla
p_c3957da2a2a2baaf18ab7345,Javier Rivas
p_0530347955d2a06ef4c1c904,Wilman Diaz
p_2b653f40cf8e6a13e3c955d7,Edryn Rodriguez
p_4a4927d7d756d91bbbd1a778,Reidy Mercado
p_3e4d5f254e94f76ec80d5570,Malvin Valdez
p_6b952a85061f4a0b1a87f22a,Cristhian Rodriguez
p_d74dab6bb7ec224d2fea06b2,Diego Benitez
p_578a56d310b9d5ca36f22149,Enmanuel Bonilla
p_f5cfb43422425f04ba956cf2,Arol Vera
p_77fbce03dec89efa9430cef8,Taishi Nakawake
p_f9a5845c78bacee711b42610,Elliot Soto
p_77563d43e0bfd86563515f81,Bryant Mendez
p_d995003ee382f940383377ba,Juan Castillo
p_baf4871a2a4aa143d7dac5cd,Casey Dana
p_5b8ae762e10c073878fcfd2f,David Avitia
p_0e3ad93cb4e799b8853c76f9,Alan Mejia
p_3024ddf3c9f780c3dc29e90d,Layant Tapia
p_73cc44a0b83636ca7ee98633,Wencer Inirio
p_9eedd9cdeeb1d4cea90486a4,Ben McCabe
p_758745d73898a83ce43fbaba,Jose Serrano
p_8440201275e332f978815aed,Daniel Perez
p_1d00d5a4d55da8b16b5a8de4,Luis Medina
p_42ef241698d844c59f681de3,Maximo Maria
p_bd465f19e5bb0395a0ae8d39,Darius Perry
p_a91c6771cc9ea3c28805cde3,Chandler Seagle
p_c3cd864769884cbb9afd7f4e,Jesus Parra
p_eb0ceaea82629da78e214588,Mairoshendrick Martinus
p_06f5ae93fb414221c99fc6f2,Jordan McCants
p_e964ab1721435e8801101718,Juan Garcia
p_c28927fe0bc461244d555063,Robert Puason
p_2ee7fb5f8729cce0bded655c,Arfeni Batista
p_b43ab335598aa235fa0b96a7,Casey Martin
p_a5b1529eed8b7a1573172776,Brayan Rijo
p_f09f63c12c475b50acf31108,Arnold Prado
p_a7c05ccfc04cd918dbf7ae26,Dayton Dooney
p_d379fd09b9eff762c7e72f7a,Jose Gerardo
p_709e6ec9c51804ca5bc716cf,Eduardo Oviedo
p_67cd52a24b781ae551026d92,Dawson Dimon
p_9d3f0f972b8ca71b222fbd51,Alexander Martinez
p_fbbf41b6eccb64151564c1e3,Luis Leones
p_389c7b4711c0c3a94d4044d2,Tre Fletcher
p_59b53f6dd5c6a41116a6f6c5,Brad Cumbest
p_b06b1118725821a1c6ff40bc,Franyel Baez
p_99f71d2c20fd0e24b9db437e,Noah Williamson
p_26c68149fda4f8d666197c3c,Ernesto Martinez Jr.
p_d495a82733d898d8926905d7,Rainiel Rodriguez
p_a09fcd9a2088254ae77c7c5a,Dax Kilby
p_70bd841bf3505aa03b7eeada,Eli Willits
p_58fbdb519af809564a75af33,Kane Kepley
p_52b0a55f54d021faad4bf483,Juan Ortuno
p_1dc6431d4b64c12aa969cff2,Henry Godbout
p_785e317263b41056b7dc7f60,Andrew Tess
p_857f74aa6ecaf1776668e4be,Bryce Rainer
p_f5a3eeea577ad7d896087018,Luis Guevara
p_042c08fc5b3dee518a046789,Nate George
p_17df1b1a659d3891fdd02daf,Chase Heath
p_44d650144f7bc09bfea47883,Devin Fitz-Gerald
p_85d73f76ab50490afe6d9490,Fernando Gonzalez
p_f88a62192e6c7a9a4c244c48,Luke Stevenson
p_001de59bf236635ce5a8ec08,Mike Sirota
p_a870c9babaa8b5ac977df1f6,Daniel Flames
p_328c90ad443edcd5a8b8fd3f,Kyle Lodise
p_6f7ad75d58bf9473f87d17b9,Gavin Fien
p_5152c9a087261c5a28b4b3f3,Cam Cannarella
p_d921ce030c0d59c2fc85d51f,Francisco Espinoza
p_1ff0571cd50a21f103edbc83,Jose Aular
p_29d39f9bfe019acc3250c7c4,Caleb Bonemer
p_1e3066f15fa64d2bbb9b2717,Deniel Ortiz
p_5cef9a0fdf6dc4fe4efe7824,José Mejía
p_0065a4b5249bab582920f71d,Juan Ortega
p_63b90cbde9e9ddea2bec59f4,Dauri Fernández
p_93f9eb3402103972549438ff,Victor Leal
p_947d10db66ad95f71215d654,Chris Arroyo
p_8abfd36550d96ba534856790,Nolan Sailors
p_63bb7685b6f888b362bc9548,Jack Goodman
p_20463ca2854f7c3562adc1da,Jaxson West
p_129f3517832c60471f9f5a71,Jesús Made
p_f90d4e021ba5534791912459,Josh Springer
p_d528ae5d8997835b207b429c,Nick Hollifield
p_90b81aa6a1a91bfd27144bc8,Omar Urbina
p_3594aca81f48d7060d33806d,RJ Austin
p_33f464af01689bd1c360fd34,Cody Miller
p_ebb0b064c52cd0d79586943d,Juneiker Caceres
p_e8d70a8d2d5976523795b962,Luke Davis
p_644103e82f0753201b0831b3,Trevor Cohen
p_716436d2d7e4b360c60aba38,Brady Ebel
p_45e7acd27923b482d5b90bc9,Matthew Ellis
p_cd470146182f5217a4b05833,Edward Florentino
p_59661b538ed6cefc26289877,Jorge Rodriguez
p_85a7f856d3f66c41ee371710,Bryce Eblin
p_4a61033533a6ff62d8b4fbbe,Truitt Madonna
p_b1c41a3df084d5249c32ad4d,Luke Hill
p_f6f908fad44fb2466d0a0fcb,Félix Amparo
p_b9b3ec5f761244091eb28b0d,Ely Brown
p_4bff7e7ec2279d78e25f9789,Gio Cueto
p_1c38c67e18d945b5024f9681,Yosweld Vasquez
p_54ff98f1ef8d4d1f4664b0eb,Jose Perez
p_9a1c237a7a86029255e17bae,Ramiro Dominguez
p_81e41dc4866e3f3173978b32,Robert Phelps
p_62d2650461728e2cfca11bca,Anderson Fermin
p_9f88d6c395d140b127255cab,Wyatt Sanford
p_0e8f470273cc9af8b6cff2a7,Ty Southisene
p_ac0eda48fc957c18ac618e4e,Tyriq Kemp
p_87b23c2a7b06091d4708c67b,Nick Dumesnil
p_e1651416b9acda05d2570b47,Justin Gonzales
p_6a688b664640862ef6576096,Ethan Hedges
p_16551564e7105fcd051cc637,Pedro Dalmagro
p_808d5beb82fd1cf8eb2f5387,Brendan Summerhill
p_5051fe4cd1b32f96407d0758,Reiner Herrera
p_eeca968d86098f4bcdf2b020,Kyle Sinzza
p_eb69c4b73e084e23354ee1b4,Alberth Palma
p_5d94ae93a8e544805de989fd,Edward Lantigua
p_f1ea0814025c37a42457f73c,Skylar King
p_12e6118db949415fc8c51069,Robert Arias
p_ca09f7350255ebd8c070ff5a,Roldy Brito
p_4b905182bf0570acbb6b5ade,Will Vierling
p_f35a01176b07408dca7530ce,Max Williams
p_0cf5e0800e5cfe300ac470d1,Irvin Nunez
p_6baf7d1770008453a1367aa3,Paxton Kling
p_4d36aa66002ec15d043e04ce,Mitch Voit
p_53cc6b28fe7e1eaa274add91,Marek Houston
p_7655605ea9a3dfe2c28aa8e2,Luke Hanson
p_d341a19d1064ad61f7ab1fc9,Cole Conn
p_2d4977b5a806f580c1dfe4b2,Hayden Alvarez
p_153a82095f8d2714741b5678,Jack Winnay
p_efd196979423ecec02801be5,Luis Peña
p_339d8645422934c0d8b3726c,Andrew Fischer
p_bf0476df6ad5eab1f483af3b,Ching-Hsien Ko
p_5354eae6c784ff1bfc2be9fe,Hayden Gilliland
p_d1dbe447aa74cbdf5f678f78,Justin Thomas Jr.
p_b1e37e11815734cfdb115138,Lorenzo Meola
p_0985ac85db5673ea88201165,Santiago Camacho
p_380a8563e1b6fe2699113839,Wehiwa Aloy
p_9890cc495a169b73fd6941ef,Jeremy Almonte
p_89dc4251446fb87c6347713e,Jordan Sanchez
p_f4da363c1581eba6917f7ddd,Austin Smith
p_02f8f84dad87a4fb4a8d7540,Ryan Sprock
p_9f625f4dc48ca325928d3897,Brayden Smith
p_6d7b282b11b147748ef98dec,Eduardo Ponce
p_bd534d182aa046ff72363f09,Easton Carmichael
p_f5929c65d543a736b0b1cd28,Adriander Mejía
p_1d802586dfec9b0ca5702fc9,Gavin Kilen
p_9483ce090a9b94cb77053cd0,Slade Caldwell
p_ed2c9fe85af7fa1aa8f34601,Aaron Walton
p_bd344b7413c3a1e6389b35d0,Maximus Martin
p_c50bca9cbd4913022e6e2e9e,Dayson Croes
p_5699d9f5cc69294f83b67316,Luke Napleton
p_60d89676d7eaab9ed5e1f40e,Matthew Miura
p_aa935fbf9a00df094c5472c0,Eric Snow
p_88239060bab57198a03f6cf1,Justin Stransky
p_a13d4c707fd8c2d8d7318566,Nick Rodriguez
p_3854193fd037b17ba727edd5,Josiah Ragsdale
p_ff2a281ef44c49af00a95ea2,Hunter Dobbins
p_1850380a28fed81e578acabf,Efren Teran
p_35a30e4793482ac11009984a,Daniel Rogers
p_535a9d8d8de0b7564ec4c798,Dub Gleed
p_3859d3cb1aaec2cdfff50182,Kellon Lindsey
p_46ec016f6c0e1a7d2ff609b5,Wilder Dalis
p_061af0ec9c8a2f2c68edcc0e,Chase Meggers
p_6b9826266f7bc9848083f2b6,Anthony Silva
p_6f863b6c1cd60a6e8a5d0604,Dayne Leonard
p_5bac6dd0a7eac46548286bc3,Alcides Hernandez
p_df0a98afd6f47235be0c09d1,Mason Lytle
p_5da4e45ca3c449515e6f3d5e,Carlos Virahonda
p_31d9ffdd38530f728f05568d,Brandon Forrester
p_568c5cb7687e70b32e045767,Bryan Arendt
p_772e5103b344daa16a414b32,Yairo Padilla
p_7f5be5f1df9cd089e13e0e84,Jhonny Level
p_7c1d4433825cba41db88a09d,Jake Munroe
p_a644ac37fbe28cbe8c7b1c4c,Arturo Flores
p_442ad3bd8a47c61fc5e298e2,Rafhlmil Torres
p_64b4de64639d48eb9cbafca5,Jacob Lojewski
p_b9dabc07fd29bb6372d0cdc5,Sandro Pereira
p_54abd3e1547117f96d40e23f,Core Jackson
p_327f3465608d75c568e27cd3,Mason White
p_b47f9805a8c4ff498d192f03,Brandon Compton
p_2251fec58c3f590b87c78cb3,Tavano Baker
p_a07fb7004657b27edc99a05c,Yandel Ricardo
p_2a89a444fcf784ed50dbec5c,Connor McGinnis
p_5b944d2f831f5fd81a15f562,Dariel Ramon
p_481605506237ba878b483466,Luke Pelzer
p_87ef1ddc0e7dd112bcbdd3d5,Cobb Hightower
p_069a8b1bc4487b509b41b9da,Aiva Arquette
p_22f8bd9f92a8230aec4b34ce,Ivan Luciano
p_5b225dd70d281ce1c2b1e076,Gabriel Rodriguez
p_4c38d26a8b3d847ffe173c71,Kyle Walker
p_8db3a694ea272f2ce8a13301,Justin DeCriscio
p_f00b0e9b55a662a65db3dac5,Colin Yeaman
p_7a0bf4bad58701107fdd0f72,Manuel Dos Passos
p_2ad1cb3abedadca50a0c515c,Jonathan Vastine
p_38d200710b034ddd44f40b69,Ryan Weingartner
p_205ba936f07025f2550cade8,Eduardo Beltre
p_94d6f86857f9edfa5ce1a6ac,Kaeden Kent
p_16b030575faa2c9cccca5c4c,Alfredo Rodriguez
p_156d538dd2ff69e5faefdbf0,Randy Guzman
p_0084a696906cd43ca794ea3b,Jorge Corona
p_3f4633b3e2db7f40c2de9a29,Henniel Alcala
p_b012b31ba82b8b2e3aba3db5,Kevin Garcia
p_a3d79950a330b7f17c6aa304,Caden Bodine
p_3cc7892ef5e9a8d529198daf,Emil Morales
p_2e3b78ddb4b7d1f34a1175ad,Jake Gatewood
p_c90680152530548b1441a939,Camden Troyer
p_9f390a21b0c0c546be6580ab,Jose Cerice
p_03f481741ca8b00bbf186907,Dylan Grego
p_8cc7fc2f852ca9ef69fd5872,Kole Myers
p_92590e99fe8b820e9000a333,Cole Mathis
p_fe9031e5930f7c799ddc1227,John Taylor
p_540afb9a675b3bfb59747f1f,Ramon Landaeta
p_80d4bd58735d3389d529e0ad,Junior Aybar
p_71628af13c0fbfcff9fa1587,Michael Brooks
p_cce1b7b5c174fcab57c4dd40,Elio Campos
p_16ddebd7bc6b8b1f25564645,Brent Iredale
p_e1c16da6fb2beda4a37ebfed,Dylan Leach
p_7f838dc615797cb9dc42ad1d,Bryce Martin-Grudzielanek
p_ec8b76d91ee060d1ed68285e,Dashyll Tejeda
p_51f2585f13ed54dd3a21e8de,Paulo Asprilla
p_ff2206f2473add3f8abdf1f1,Jacob Friend
p_5342a21c055596fdf56ec72b,JD Dix
p_28e5d36768e9b908dfd57bff,Jared Sprague-Lott
p_25bd81c263797b69cc63d803,Logan Braunschweig
p_5a3ccd562370d6870fb2b537,Sebastian Baquera
p_04c6b195adc69b410b1dc763,Michael Dattalo
p_989333189cc2d32e7198db04,Jalin Flores
p_85012f32d783af1581e2d092,Luis Castro
p_9f90019981cdce7acc10ee2a,Caleb McNeely
p_d68b7113ab486d61deee1df8,Avinson Pinto
p_f89766d5222d8a2c7ef6512d,Kasen Wells
p_c27ccaaa7b9d013c00f73f00,DJ Layton
p_6d14360eaefeccd78f282dfe,Gavin Turley
p_a4a46b0a320e252082865ddd,Samuel Escudero
p_fe5778b03daeb7c93f833819,Ethan Frey
p_4f833279c0b0ad8deb307c03,Victor Figueroa
p_a00b9a99c123be919008610c,Cesar Mujica
p_e671668735842c2ed603ac86,Kien Vu
p_b15b0c3fa3e4d1c5813db61c,Ricson Gonzalez
p_5bfb670e03645ba4271f5be8,Dylan Fien
p_07c3c9538f71d67e2479fe14,Connor Dykstra
p_54af0c6f047f983fbb6eb2b0,Carlos Renzullo
p_2ef6e4114e013761f533b92d,Antonio Jimenez
p_df36422450e666d4a8a14e63,Tony Santa Maria
p_fe536aca28219572c18117f3,Jesus Alexander
p_dcbbe6bb9764302bdfaaef53,Sir Jamison Jones
p_ba4a5b1a09c44d7f3ddf0e2d,Dixon Williams
p_dd67eeeca86e148965f04a59,Slate Alford
p_553a0a35fff827d42861a365,Ricardo Paez
p_e4845b40d6383cde981e01ce,Kayson Cunningham
p_6d984e6cb4ac674b2dfac0f1,John Bay
p_8e9ef477fb0ebce880bc7c7e,Matthew Ferrara
p_89c7ed39ef364eaedc9c9e94,Ethan Holliday
p_d647cd0205fdf3a1e7d98ff1,Alex Lodise
p_fc76bc0b6ed41d62f94a62ba,Michael Martinez
p_39f145d35867b4cc88a59d0e,Jesus Pinto
p_55936e187e5ee6aea958758b,Nathan Flewelling
p_ebc25e01802c2eab5abe93d2,Nick Monistere
p_042444c08518e217a963df60,Jude Warwick
p_4c3ea5f5bf5ba9826f262577,Jake Casey
p_27bc9d618e157050c72afa0c,Eric Hartman
p_b52f94fa0134d37c1b4cac8c,Ethan Petry
p_96768ea78a54f3848ded9a4d,Grant Magill
p_d3421f6c09a9f3f2bcd259ef,Roiner Quintana
p_99235e3bd92fbab16e6d52f7,Bobby Blandford
p_ecce5f521a974a689ad1b747,Oswaldo Patino
p_2e21d5b95242627ed35ef98d,Tate Southisene
p_04eac176d87c16c7e8fc43a0,Bobby Boser
p_97ee53708b6c5c32a1fc5432,Ike Irish
p_e24e0a75d30351fdec702ca2,Luis Escudero
p_e02871cb17e452392c0bd0fb,Ilan Fernandez
p_36ef8a1ebdca3dff881e1ece,Angelo Mora
p_4e53401bd05ef80b223b4604,Enddy Azocar
p_9baa56c29fa1c3bce9c5c310,Max Belyeu
p_78e0d83d013e2b15dc0bb776,Yimy Tovar
p_8a0fb48c6eaf821ae29a285b,Jack Lines
p_f9d91ee1b02d527befb4622c,Drew Faurot
p_e2f950621dd00755578083cc,Juan Rosas
p_a467179c22d7fc82ae1d6b22,Landyn Vidourek
p_c313256cd92de646176e57fe,Maddox Latta
p_15c995e8702ac81185d1b8c6,Justin Barry
p_9b26e495a282d4bb2a39b08d,Christian Gonzalez
p_c748d600986b1de16b4135a2,Brendan Tunink
p_d9ee5edb2f04934bd605b734,Luis Corobo
p_08c9a2d1fc24c275ccb30c16,Shotaro Morii
p_fc46fda83904a3a6ac87033e,Yoiber Ocopio
p_82790b217d4469a68f29e5c5,Eric Genther
p_8b349c9678e22334b2d2dcff,Jadyn Fielder
p_68f083e2c98ce137b77bb485,Angel Feliz
p_e99944407d782a0868faff0f,Dalton Davis
p_6392d2460ea0fd7a4998f6ec,Hector Salas
p_d80d5c825d616921e255d77e,Javier Osorio
p_9cfd5b477477c486ae8c90de,Derek Datil
p_30a80b6d8bcae725d5d3fe14,Chase Harlan
p_15b8b9eb6ca396e323601c19,Gunner Gouldsmith
p_c77d01e8cde19f2806d86557,Josh Tate
p_f8c689908ab303c84fdfdd23,Aiden Taurek
p_ac40fca898c2611e71e3c2de,Blaze O'Saben
p_42ac85893b0397d69c05ad29,Ediel Rivera
p_52de96503aa677e321c2f1b0,Roderick Flores
p_eb992dba3f905bad7f64b2fb,Ronny Cruz
p_91a0b398c505891400c87a0c,Darlyn De Leon
p_193bf054af71868d089a97e7,Dalton McIntyre
p_42ead18359212699bf6ee185,Wilson Weber
p_7adeefbbe454b5aceed3df65,Cardell Thibodeaux
p_e0bbffa622136ec3949fa171,Newremberg Rondon
p_594829a627a407a5040f8232,Damian Bravo
p_ea8a65864a9552c26abec47b,Jose Tovar
p_fac83498801d4e541ad98c4a,Andrew Salas
p_ca9c6ed10ca8fe923bef75bd,Colby Shelton
p_70650a5d1d707868a06a93dc,Kade Snell
p_377ed77f6d19edb248682a88,Devin Taylor
p_d82d70c1399b304b53430efc,Elias Medina
p_086839ba642fa4ef74ab397c,Vladi Gomez
p_1e1d99de8264454151ef3ba6,Marlon Quintero
p_1bfba7e8f22506f748e01d13,Johan Rodriguez
p_ce9f7861d19a0b8c60cbe12c,Jose Astudillo
p_1968086d347a13ea7a484dd3,Jose Dickson
p_36c5ebba9b24e583bbca1ddb,Ryan Wideman
p_b9b1834c36907e53081d6eea,Eyeksson Rojas
p_09162889834e3e6d4eb75ef2,Matt Scannell
p_0ed302831e6f85a2f5c4f4ac,Wyatt Henseler
p_c1d1c2964567942412547460,Emilio Barreras
p_471779e549b3bb4cf761eb5a,Darison Garcia
p_cb64d1b322da5ac5b17336a9,Max Durrington
p_5a9c45cfa0639196872ed652,Owen Carey
p_ccb05e15d0e15421cb2e2fb2,Angel Guzman
p_098aced5a8a511e3465935a4,Sam Robertson
p_da6e4e476a52624bb9ca657a,Tyson Lewis
p_369ae518906474bf5afbb458,Edgardo De Leon
p_eb9ecb72dab217c2a247d726,Kendrick Herrera
p_dd01ee0745aacfecf3ada6be,Chase Call
p_79ea640a99709a590aa49fff,Ethan Wagner
p_f3de44bb1b48d643481a61bd,Tyler Pettorini
p_572327ba13ee060f319cfcf2,Handelfry Encarnacion
p_a6ec456a05778a788cd29cd7,Adrian Garcia
p_8fbc2e120b777f66f0d58e52,Teo Banks
p_a85bf5671b36a4d82a920d95,Hayden Friese
p_adea177aca8b73c94694de76,Jonathan Rivero
p_593f894bef6e3f69264a7bf0,Elvin Garcia
p_eae846b934636ab8cc8779c5,Tommy Takayoshi
p_fbdf8f58961b794905f169a3,Darling Fernandez
p_99224cffc6875c01a1e2cd36,Kale Fountain
p_b2a98d01d5ddeec57f453ce0,AJ Salgado
p_113f188b2550bb4b25decc92,Ludwing Espinoza
p_e9717029552d724a31edf685,Cam Maldonado
p_745461568b38004cd74b6777,Jack Gurevitch
p_8e0395c1549ece711fb46632,Ali Camarillo
p_b5db704c003179ea5539e6a9,Yoerny Junco
p_9f579cd0d0d45215c98e8604,Jonathan Hogart
p_422dc75936216b26e11f61ab,Joswa Lugo
p_71011e5f52586cdb7ce7359e,Ronald Ramirez
p_c80c2cea9029f5319722ec69,Ben Newton
p_d2b771b309207fb7c64d7d2a,Luke Dickerson
p_3ef5e5dd0681ac5111cb694c,Yeiferth Castillo
p_9ca166a3c830fd19453c306a,Andru Arthur
p_6c99bf5f8496da06820fa8f5,Feldi Tavarez
p_39b406c46b54f140572ca7c6,Jaxx Groshans
p_6d5ee7cad6a19582d5e14a25,Angel Mata
p_3ba93275f8b8a487081a4329,Zach Daudet
p_6117b493f386f543da2a3a09,Nathan Rose
p_2b4df71ef94ff0f0594a3960,Kevin Verde
p_2833aa36622b3a6121caeb33,Jhoan Peguero
p_07f73bd36ab72f9af607bf14,Ashly Andujar
p_7f9ad8e896db092390552fac,John Cristino
p_978dda7fa3751a2852441d1d,Alex McCoy
p_0a3b20998a7d62c53e7a856d,Mason Neville
p_b0fd1e84a73d8bade87051c4,Sam Ruta
p_8a3c021b42b00e46deca6a61,Peyton Carr
p_807318c0b52e39f6782bff97,Zane Zielinski
p_d16ea607ddc1c6d9a0f94054,Paulino Santana
p_0f49e969ee699f699761dbb1,Riley Nelson
p_e9b5967e8b2a5eb71c0d46a2,D'Angelo Ortiz
p_55d74bdf645408cdef7f8cd5,Bohan Adderley
p_5b07927ac89d2691c7697ae1,José Anderson
p_0ffb5c11d4e11aba1ef1269a,Jessada Brown
p_41cea883fd706284f839d3f3,Jan Luis Reyes
p_321b5fd730f2fd478d5164f1,Deward Tovar
p_5c9a0d9bf40ccfc0a6fef7b5,Jorge Quintana
p_b9a81785f48254f84e82f08f,Juan Sierra
p_9871b7863b9d7da13436d977,Stiven Martinez
p_cfaf5d8527863a56af291f8d,Francisco Loreto
p_3d43469b32b88f372593f45a,Meylin De Leon
p_732112ffe6c35faaa9280398,Javier Sanchez
p_6de0fee35b6f0bf2d7ce674d,Aldo Gaxiola
p_835657afdc0587c206bd8969,Andres Arias
p_737cbc854314c796bb33ffce,Williams Wong
p_1e0038f1b8f2a5ebaffba4fc,Pedro Catuy
p_e173c745cab8a59e58d047ea,Nathan Humphreys
p_f138ffb881c9d004d80b7290,Jhorvic Abreus
p_2ccda1d5badaa1420ac2ad89,Fernando Cruz
p_b57c827d2b91d5103ccb1c60,Trace Willhoite
p_452aeaf65498ed19214b96d0,Kavares Tears
p_e6eb3b0ee66a960d023b8a9e,Anthuan Valencia
p_8aff5eabbe524894e557dbf1,Michell Ojeda
p_1c6da5d21bf9a8ad07dcd4a2,Randal Diaz
p_b95e08258ad21f30dde78591,Ichiro Cano
p_803a7f69b9d3d7c5b199088d,Anthony Stephan
p_cf9d96d9c8b287d9c4f7e559,Lucas Ramirez
p_05f7b4a35460dfd828b7ef03,Kaleb Freeman
p_5c1c601a8c1c45f418fe8c5b,Yanuel Casiano
p_2496b5d8726d3b3cc203dc94,Cruzmel Arias
p_e70ff26650d7b7d5294e967b,Richie Bonomolo Jr.
p_3ed5d30aa6ffd724b940bb7a,Wilian Trinidad
p_91bad079979a9ed6a1b29f8e,Andry Batista
p_354b684f0b57959a62bc7b62,Daniel Lopez
p_a939a86ffee8e24d5532e26e,Leonardo Pineda
p_45a8df23e8f8df724e822e2a,Eliesbert Alejos
p_156b492cec8a8fa124233ed3,Bracewell Taveras
p_fd8c3e7a2ca1b0eb55dd3ce8,Andrew Sojka
p_ac99c417edb3cae82a5afead,Jackson Ross
p_5bba6f6253e00a90a0a23f6a,Eli Lovich
p_50873a6122a8a501f9f12474,Engel Paulino
p_6c5ea9f2724611a11d5f15bb,Trent Youngblood
p_fda0aa5b350826a572580e9d,Kolby Johnson
p_e80eceff42bc5acb23c410de,Yael Romero
p_75e0fc52b8eecae9566ef91b,Cristian Jauregui
p_a960e1a9191b337318c685ac,Marcelo Alcala
p_1f00ecd31a9ab7af570c6180,Zach Evans
p_b30f50a3e8a40299da8bcb68,Andy Polanco
p_f053ceac6a05d3746d26f62f,Jose Gonzalez
p_c40cc9fbd465ba571f26a99a,Demetrio Nadal
p_c856c46efebb96efb94e2ff8,Dexters Peralta
p_1b56555f593ce7375faba4f0,Wilton Lara
p_fb2b3fdbe528442cc013faf8,Joseph Tailor
p_b41592ade8907a858482e52e,Jhonayker Ugarte
p_aa80bd255987346657daf5c0,Yandro Hernandez
p_e0e414429ce9d90098b531f1,JP Smith II
p_a253d745682e518479857476,Javier Herrera
p_f8c939ae26f2a96172bb4b10,Anthony DePino
p_f012b6539a097c1f761fce8b,Enyervert Perez
p_4a827286f7af66fe1789ab34,Carl Calixte
p_5537008cfd3b8d4982f04abe,Juan Mateo
p_c718f948b7740a874874f645,Rashawn Pinder
p_8cc236822510f725ae72d1d3,Arnaldo Lantigua
p_6c463059f389931232494192,Frederi Montero
p_b467e109b6c252313d50bb20,Luis Fragoza
p_c5579a5258037b42bbda77a6,Camden Janik
p_8e374128824de2a70f1bab4f,Kyle Dernedde
p_2a66434e7e619ee788e7727b,Jorge Julio
p_ce69bfcd238093a8a2ddc56b,Stephen Hrustich
p_ba4c405cf476aa6a52774218,Jesus Superlano
p_2550dba9e7b8d0065e943da7,Cesar Lugo
p_06d24a830db734d8f623a3a8,Tanner Thach
p_a8179680398624b0f9f8ea6e,Nick Montgomery
p_54326fd93583b3ecd454aa35,Drew Brutcher
p_928dfebc4567d4648cc33a73,Anyelo Marquez
p_8693ee39b3fc21af0086068a,Oliver Tejada
p_feddf8bad292dd10b23c91f2,Jeremy Ciriaco
p_cbff79208793174a2e859c66,Breyias Dean
p_27c3cb548c1f0c039a5fcfa3,Francesco Barbieri
p_7c21d6234c2419e8d220d1a9,Maikol Orozco
p_bddef8afd264ff39b329f426,Alexey Lumpuy
p_687048bdf70b0f82e2e7f82c,Daniel Silva
p_745134d9b233d96b0f23f840,Eddie Rynders
p_cf4ad7d89cd5ce559afceb41,Peyton Holt
p_42ce6c5d389f3a75400b9182,Raimel Medina
p_00ff97b237ab8ca106a21e6e,Cesar Franco
p_c4479994f5262e4bac11d03b,Victor Cardoza
p_87276bc1c8b1fa991bcd0592,Isael Arias
p_ce809a61ff47f1df60527b8e,Kevin Ereu
p_dc19daef7cbd4f6735e5a76c,Kevin Hacen
p_22c98474aa3a7f81065f44f5,Luis De La Cruz
p_7e307e1dbcde78f14cc2fcea,Gabriel Lara
p_159a0020a69900c0fb1bcfc2,Luis Leon
p_bd5fc55dc49e0e486a873f5a,Myles Smith
p_687a921f3af63b9819df5581,Xavier Guillen
p_d609ffe9174d1b083d53dfa6,Cooper McMurray
p_b2d6eb55947505abf03e5e53,Matt Halbach
p_6725450926af9726b243a466,Manuel Cabrera
p_672c473f39861ee3dcf19b33,Jalen Hairston
p_8f40900007403c5c6acc4fa4,Yeycol Soriano
p_b1d1a3382ceb26d416aa25ce,Jose Perdomo
p_aba1f334383bfc873a76258c,Bryan Martinez
p_d8ce7776859f35e4ba6cb180,Samil Dishmey
p_18647939c9017e45520a58cb,Jurdrick Profar
p_64ef5118a1791a974c9b973d,Tom Poole
p_583389bb1cc9bc59c11e470e,Cody Schrier
p_e2cf56668af46b32e9790530,Alfonzo Martinez
p_9c97c5b319a2f940b0577325,Isaias Dipre
p_c375a6383272677d5a92b936,Facundo Velásquez
p_73233382b7385a79ed23de4a,Daniel Rojas
p_45730926b93e728d4d439a66,Aldalay Kolokie
p_98f21d6e84de93308ab45ba0,Anielson Buten
p_4d2cd6d4f2c63464b8fd2b2a,Clayton Gray
p_031ad17b84ad0e0a5ab69e83,Cole McConnell
p_44e70259ca2244eb8bdc0d4e,Tytus Cissell
p_ba3bcf1647d4165abbfedca7,Yorman Licourt
p_9ec082368692bff8c4393ed0,Pedro Blanco
p_52e513600c941553f1360b1e,Moises Bolivar
p_6b76fbc0505ef246ffbfea85,Alan Espinal
p_681837d5a38a31059810afeb,Ryan McCoy
p_8b4eb49402d61e91de48bb47,Kevin Dume
p_5749fa8ceeb1851d4ae34d55,Jose Familia
p_bb1783757ba1d38412557f3e,Peyton Powell
p_d58e647dfeef6d1b2248e04d,Grant Smith
p_d0c333022cb2d0bf2f2fef6f,Jancory De La Cruz
p_ef233804f647be0dc4708dda,Jacob Walsh
p_950d6d383072482cd245046a,C.J. Pittaro
p_93fb1e5ee0891ea6c3143fb4,David Beckles
p_4258f1e05c1779f89a2d15d6,Edwin Brito
p_e90226debfaeaca25027499a,Bo Walker
p_827caf024ceb46a9d56dee39,Daiber De Los Santos
p_750726bb7fcedf96429b3a78,Ian Farrow
p_d79f36f836c14b30c9f632d1,Jimmy Obertop
p_c9fc2ff83d572236b0e4ff69,Luis Puello
p_10ff71afd2e817f4234cc07c,Gustavo Marquez
p_984544ee4b501c27ff2e8ea1,Alessander De La Cruz
p_059d66a5725cbf72f580ed1f,Colin Summerhill
p_a180b248adb87782ffa0a9b5,Kevin Fitzer
p_4924f9e62b941669351b855e,Jesmaylin Arias
p_c69b8c04c9d10aa4cd92ca83,Roosbert Tapia
p_2f0a01754b1ca20da4cc4362,Abel Lorenzo
p_fb2b345f68e0dff5084116f3,Manuel German
p_b08d13d478cea9f259417d1f,Haniel German
p_52315f14c6e3b6f7dd8deca2,Johan Contreras
p_ca11d6952ba458d6f326491b,Yan Cruz
p_fa7a3505ab81605b55c63cc4,Jackson Nicklaus
p_a2431c147984338651cb3d0c,Hancel Almonte
p_d4f81c3a9879ce428b22c535,Ryan Picollo
p_c741fd4996d331fa3493d110,Jacob Hinderleider
p_0f964d80721a9ea8b8a21133,Alejandro Rosario
p_6d021a26b3813d75c926c8f4,Travis Sykora
p_b8cae45056f426a185cef00b,K.C. Hunt
p_8802a6a2bf5eaae9015278ff,Matt Dermody
p_5442f085be8b0c49107c5629,Taylor Dollard
p_93c2e20e24561e911656b3d3,Ben Shields
p_2e3d7752ea138b0fa6f06b53,Hyun Jin Ryu
p_8c818235a0035df62ab97608,Tyler Herb
p_0b3d894efaf899f762d2fe12,César Valdez
p_d945d9049233332c2c3f1333,Jace Kaminska
p_8900dbdd2c7834f29f6ec231,Connor McCullough
p_fee074ed744926579ec426c7,Ricardo Sánchez
p_e38c264e50e3bbcbcedaf0b2,Ryan Weber
p_1415b985209592058f58a9ef,Herick Hernandez
p_ea5bb9430d275950b1e2e029,Cam Caminiti
p_2dee537cd984248dbb5b1cfc,Isaac Coffey
p_5661fa7ad4e466fe94f1ce84,Ryan Lobus
p_a87de12dccf6de0130afb0ce,Jojo Ingrassia
p_b440969a0ae5027f661f108d,Landen Maroudis
p_db18f2e69df20b502aa7636e,C.J. Culpepper
p_5035c8d2e28fef4795a19345,Aaron Wilkerson
p_6699e8e08392fb1caf590bc9,Jarlin Susana
p_154c1f7dda1dbf7ed28ea6ee,Lucas Braun
p_da4088a1b4ab2f6c3109332f,Josh Stephan
p_9f3d525d7b06d6bbe5a2b19a,Chandler Champlain
p_213a008e9fcbd6992cf42906,Sean Boyle
p_f2fd1a1d008dbcabf087a561,Brandon Birdsell
p_38dbd33e5858308d9ccd2bd6,Nico Zeglin
p_3133ac8cb5f2f1556e5012b6,Jaden Hamm
p_6b7925fa3577b0a273267862,Evan McKendry
p_0f5283dae6ef9b86d3b571c2,Jonathan Stiever
p_7361f8f5d7a1d9127f65a463,Ronald Herrera
p_bad385a0b0e71219f472e58a,Lael Lockhart
p_47ce5a4abfdddb209ef8e20f,Isaiah Coupet
p_3c746ef3253b34e45e23153d,Yu-Min Lin
p_7f12797e075a23166fc6170f,Joander Suarez
p_7788d3422ddeed96fdac2b93,Michael Kennedy
p_942acadde9c6634420184ce9,Calvin Ziegler
p_9c670840d222ff1349fda423,John Parke
p_fc0674b6e55c98f7850e8406,Gabriel Reyes
p_fbd764e4aea9fd17e97f1c80,Yordanny Monegro
p_d97494dd5721edb8fd718b03,Carlson Reed
p_ca085a9c56e664396bca866f,Jean Pinto
p_2f24306bd46f631455411cd7,Reid VanScoter
p_b2169ab41b417292553b5051,Cam Alldred
p_172af48d2876b63c91c8f939,Nestor German
p_3da6b2be90f491f5ec9d6d05,Angel Jimenez
p_cf683fde756c4dc82f0d44c5,Nick Pinto
p_596d22747a6f6821b7b65503,Jake Miller
p_657de445a3f9961e4d008c0f,Nick Bush
p_d32982124f9734a3076ad7c9,Steven Zobac
p_0056816ae2b27e35397854e9,Chris Clarke
p_e60b59c88a7f643db78c2ae1,Reese Dutton
p_d13ae663c8b4ab7483847c1c,Collin Wiles
p_4742c01e7b03741d82d59c28,Austin Ehrlicher
p_77c826402cfb678d638d9fd0,Connor Noland
p_2d22af7ed166c4f0817b02b1,Corey Kluber
p_ae17d9aec7ca58fa3572fd0e,Jack Mahoney
p_77288ed70ee21469f3c4fc63,Michael Prosecky
p_011ec91d04584229d163f001,Grant Gambrell
p_89cdcdd2408ee11932fe4ffc,Johan Dominguez
p_b53f0a34304ff3f625864591,Brett Kennedy
p_b19118dafe7ae408bc81d2f1,Owen Wild
p_e9148c8946794e534f1804d3,Nick Mondak
p_eacfc4f506ea34d569b6d5dd,Aaron Brown
p_9b13efc32e45609112b92626,Allen Facundo
p_708186d6d6d8fef203ec8225,Fernando Perez
p_70b688ae2b471ae9da07207d,Mason Molina
p_0fe6be9f4f3e076928795a6e,Darlin Saladin
p_78da9be19545bf4b8b5a98fd,Brody McCullough
p_ec1f82576d8679734914a5bd,Brock Selvidge
p_13e3f90d34be68bac88e47b9,Walker Powell
p_efe7c917ac2bac0bb9c2563e,Jackson Tetreault
p_13b590afeae2527b4332920d,Adam Plutko
p_d3a74ee13c86518bd1eba369,Avery Weems
p_004f2a01866dab5afa45f412,Will Johnston
p_6f338163ee24a3ae8b44db76,Alex Pham
p_5a0255aac205e382277a1c02,Jackson Ferris
p_18b94d9bf11cf44364265d84,Robert Dugger
p_604b9e05c38498650f6371b7,Jake Kalish
p_c7fb8df43f66447f4ed00a78,Brian Edgington
p_c6ab48c19bb53be8e1f68ec1,Austin Krob
p_51c8b28169bc4f55aacc004a,Adrian Sampson
p_2b28a512cf6f461bd91597eb,Jack Cushing
p_83c75349cf3ba6bd2ec31215,Rob Kaminsky
p_76245b0604155b2beece12f6,Noah Denoyer
p_87a08f4289eb9bdff70a77e0,Antonio Santos
p_ad30547f1433228b806a6c01,Beau Sulser
p_367c6779a99b1eab995d103d,Ian Bedell
p_1ba4e979780135a2de886e3f,Dylan DeLucia
p_0a250beb094f16e2c6970ae4,Brandon Barriera
p_4061182e320baecbcae36bc4,Dylan Bundy
p_9504e463e8e0063cb4f14d39,Anderson Brito
p_1be5bf7aa61b385a5b471fad,Keyner Benitez
p_21c874a0475b377d2380b353,Trey McGough
p_fb1610e2bbb20d1a6809b4c3,Jackson Baumeister
p_21fcf4a83ef897a610fc5173,Moisés Chace
p_334ed39b82db49bb030fdfd9,Scott Randall
p_8ca8c23a07a58058a43ebd26,Blake Wehunt
p_f0cb08d95f0a7bebfaa9924c,Brandon Komar
p_b332ea089cae47058fef8172,Tommy Vail
p_ef5f8c0d87d84e0b4e56a5e2,Austin Bergner
p_ca9c1c197b7e08797ddcd7bb,James Hicks
p_025b9d319c5a412e4ccd7d0c,Kyle McGowin
p_b129357f55bb8cb8ec0f0ec4,Sean Nolin
p_3b5502e57c33d9d25053d634,Ben Anderson
p_9cd17423d7c013c3f0699376,Juan Carela
p_61145eaf6e9374f83d10d4c5,Trenton Wallace
p_7dac96f36e340c6200a56994,Ty Langenberg
p_7d74975e8ad673dc50a56c82,Nick Neidert
p_42b49285ae24eaf8e0325bf6,Austin Warner
p_fdb0896a5ef741a0c0d3a893,T.J. Sikkema
p_c6ae116254026621855610fc,Roenis Elías
p_01fa03d3208f70a7d051f67c,Rafe Schlesinger
p_f490892e4496b52f4b51747a,Mavis Graves
p_9f974cb9962b953ab507e965,Rafael Sanchez
p_10ca94db3c7258a9f9a30350,Trent Sellers
p_188baa2c85fe9124cc0ff9f4,Jack Leftwich
p_144ab433ca87ad0fed1dbe0a,Jose Fleury
p_620c557b0d5dc07ab0ac6998,Humberto Mejía
p_7389f2bf3911f46e6ee753ae,Dylan King
p_5df3104da0bef4f994bd63ec,Domingo Robles
p_208c9ff19d0fd76bde65da75,Robert Colina
p_0c8fe4906bbcdaec4ccd946a,Rodney Boone
p_6fc4da2cf9c992461c11f34c,Zack Lee
p_a2d00b24f58fa81ba0fcf3f1,Lachlan Wells
p_d7aee0ca179d13361c4c7534,Nestor Lorant
p_e893925e01f81491ec55bcde,Jack Wenninger
p_ba6561bf9202eb5657960559,Jordy Vargas
p_c340dff2fd61f39197f48263,Adam Wainwright
p_ec70a602dedc7a63b1352d3e,Victor Santos
p_e9e6d4ec599a13db6a5ea137,Chen-Wei Lin
p_c112749cfc1bbb1a4ab5ef52,Peter Van Loon
p_c1e56d1273a3b1647dd4d466,Noe Toribio
p_1c838504f065a433751ad92d,John Michael Bertrand
p_93ab94ac9f1b62eba3c97948,Tyson Guerrero
p_9e8ee4f2e930522a4a54b50f,Kyle Jones
p_fc22d354d06197293b531a01,Ryan Watson
p_b13a42ac04f154b4b334633d,Jackson Rose
p_41fbe6adb1bcb1c75abbaf00,Javi Rivera
p_df60a7cb38382c572d680cfc,Chi Chi González
p_d604a778a1189a7525497950,Luis Serna
p_cfd2f4c9c1447e1f6c77e524,Ryan Smith
p_c3ae82af9fc06af700130f7d,Samuel Sanchez
p_db90be0b0323ba00c6ec108d,Brian Hendry
p_5b7ea9bf497a5ce58aacc307,Reiss Knehr
p_780d6595d3f50f83c8587fb2,Jose Gonzalez
p_be462eba757f119ebf033638,Miguel Yajure
p_f34514853506d3152ad45b24,Michael Knorr
p_7f0eeef14d235558de9ae868,Jon Duplantier
p_7d14d868de56daa58335eb9a,Wil Jensen
p_d1541bab449024690ce4061b,Hayden Mullins
p_3fa6c1708d74d299de57bf20,Santiago Suarez
p_87991a3448f88ceee43e044e,Chris Campos
p_4f08a71bbfe7661f0505f05b,Alex Williams
p_7f4f79f9e082e47304b46a2d,Hayden Robinson
p_3f92f30dc2a53e63a2977416,Nick Zwack
p_2a50b3339111bb3e9ae42070,Juan Mercedes
p_211c40815dbb1ae38cbdbbad,Aldrin Batista
p_f7665d1b77d042baec0a67b9,Jared Karros
p_0e63033f8d5098554e2e40c8,Cade Smith
p_e2c0b9130c300413fd7fed67,Jack Choate
p_7fd73f15f32d658372604c2c,William Cuevas
p_4fbf714996d45d8184d08b4b,Misael Tamarez
p_e91a53b4ac85896621865de2,Braden Quinn
p_58de6e3b5059e6a59dabd919,Juan Valera
p_f8d8f297fe5c61eea8d28e58,Garrett Schoenle
p_c690128265a6ab1a5cf31f64,Wyatt Crowell
p_0ab007a1b5c82829c6d88b11,Nolan Watson
p_54e215213d728a68e7df3756,David Lorduy
p_186381ab31c1e28b453380ed,Alessandro Ercolani
p_2adbd17ea1b7c90288660654,Jose Acuna
p_ca173baf09438e529930621e,Charlee Soto
p_15c4d1bcdf92690552fc1d17,José Rodríguez
p_b3c6d7fcad444ebfb50b1529,Trevor Harrison
p_992ad9015cb2aa396312466d,Oscar Rayo
p_69ce3a3072d4a03b9b42a7f3,José Mujica
p_b0907701d7dc2ff4f7b2f6cb,Josimar Cousin
p_54070316f09957a7eb2bbb4b,Sean Linan
p_0257be1f4ee476464ff262c3,Alemao Hernandez
p_69b3eb6865d6591d56d88a1d,Manuel Castro
p_ba1d4226eac7e1aae6f57549,Michael Morales
p_dae076a505366433b2393f17,Adam Serwinowski
p_1fa69e95b6628a4564810b83,Christian McGowan
p_06426944f04125ee41485de0,Logan Workman
p_07a0c184268db202ffd65fe9,Blake Beers
p_105c47a7ded5005d70b9fb31,Grant Rogers
p_9d0b7c024f16ef4fef806e9a,David Davalillo
p_67e0c69468b4844c5b31e1d5,Ryan Ramsey
p_4fb646d708dc679dcb2f372d,Angel Macuare
p_55deed7f6358806cd580f25e,Owen Hackman
p_1a0214ac3b612000ce7391f5,Paul Campbell
p_205b155ed8d718ff87264bdf,Hyun-il Choi
p_f3a710c096178fe533e197df,Jimmy Joyce
p_8c45d5d6ea7a440ce4e62ac3,Izack Tiger
p_131da345e775259a08f2f631,Chris Villaman
p_d12ac6adb042d184f115591a,Spencer Giesting
p_7a397f600cffb2bcb2f85823,Johnathan Harmon
p_aa9e97e78bef5895f8257897,Jared Kollar
p_e678f83a29a1c8d35c7ed920,Andrew Suárez
p_52144bbfe3807cbd0640fe1c,Mason Marriott
p_34572f31be682dbd51bef530,Patrick Reilly
p_73b493ec96a6a22d72e48466,Seth Keener
p_36bcf55da2b9cc93fc0cb030,Justus Sheffield
p_9edad801185c114c93451548,Marcelo Martinez
p_da573896f2a8f2ae729cab4b,Adam Seminaris
p_74cbdf995815e83450dd4687,Gabe Mosser
p_9687da6eec1359ceff19a401,Spencer Bengard
p_8af87dc6396d7f8dfafef439,Tommy Milone
p_5b0c852d2fdb0aa2285246b6,Daniel Norris
p_025bfad76fa2822f2ec5d8f8,Justin Jarvis
p_8be4583788aa4e625d87c6cb,Jacob Miller
p_60ece1fe41be6b2ecedaf0a8,James Marvel
p_099d42a8db8588f51cda388b,Andrew Bash
p_45d464d9649ea149cf1b3d02,Alec Mills
p_60bfed7e639854f58cae366a,Logan Rinehart
p_c24fbfea668599544b358597,Kyle Barraclough
p_055215c7b32a61513bdfb41a,Leonardo Pestana
p_fad7151860bdabd14645b718,Luis Moreno
p_6f9db40f66a6c1a7d5c74d74,Kyle Brnovich
p_a87859ab13c6cfc641ae81c2,Dylan File
p_b7ab78c03dc0bc81f12dd8b7,Blair Henley
p_2bb3ef48a150d259d79a46aa,Yujanyer Herrera
p_7956558f464f434b9f20e0cc,Dylan Cumming
p_8f11ff28fe5959b5f2c25e0d,Braxton Bragg
p_73bdf15dfe67f40c7fe5e064,Aaron Rozek
p_71f1ecec82d152b00a9a9c06,Jacob Shafer
p_76649286019f1e039044cbb9,Brayan Mendoza
p_18c61f21644af2b9d2784502,Matt Osterberg
p_f80d784068373ed00bb6d72c,Nate Fisher
p_bcc195fea75327328efb8d92,Ricky Castro
p_c02f0cb7b4ac061865319b55,Joseph King
p_f09a393c8b9df920343d8c52,Matt Swarmer
p_8e7684010e4bd5168f303ae2,Aaron Shortridge
p_f96dd7b622761b8853351a36,Nick Fraze
p_a781e34e084349ce9c86f116,Carlos Luna
p_a48161658be8f9cb24a3ea77,Jerad Eickhoff
p_f7e69857a1e8ab7b2d0ee68a,Josh Grosz
p_d58737e5e16c582b0ccb1014,Kyle Luckham
p_de082185335a31525b2b499a,Tanner Tully
p_36540bf9a19fc5082e494597,Richard Gallardo
p_a55fb31a3450ee4085c613bd,Michael Mariot
p_84d8dfac4f8e07ddc5c7165a,Bailey Dees
p_4fafe3e29b48526746992f2d,Marcus Walden
p_63b94c6054096f1f9217b779,Jaylen Nowlin
p_b122a974bbf489f84d2578a5,Riley Thompson
p_24eed63f119d429e64d650ae,Nick Merkel
p_8403e628c1b6a8b4fa7850d6,Angel Sánchez
p_78a8a732ca89f43fad1e7e60,Rio Gomez
p_46d5f8a0e87ef80301924087,Connor Schultz
p_e04be8fef2f5dd8e988dace3,Ethan Bagwell
p_b61ff865285c9c06ae300469,Christian MacLeod
p_8df4941ca20b90d18c2346e9,Michael Forret
p_7e45d96bcb727fcc6af2727a,Sean Mooney
p_5780049b4a4b1d1b0c5503a1,Kenny Hernandez
p_91df61af74a5fe84e73ca439,Ty Weatherly
p_8e163e9b1f7a93ae576c4675,Dominic Perachi
p_8d0facd26d7e3f0e2cd123b7,Connor Lunn
p_de02c5177c0467a087e88333,Matt Gabbert
p_6fb3212e027c70bd5eb23ab4,Garrett Davila
p_85438166020edfc009943e2d,Hunter Stanley
p_a52370ecb6600f2e1602aa37,Julio Robaina
p_c48d46ae9cac6e99f5694ddc,Cruz Noriega
p_889f4ad7cc38bb6c4a30e9a7,Henry Lalane
p_352d855a38ca3ea96e3f48bd,David Parkinson
p_72fd528fc17275db0bd003d3,Luis Ledo
p_8dc33278f56218a64d7a5b06,Rorik Maltrud
p_8eaa96ac6be3db3e1f4b424a,Pedro Fernandez
p_240f99b334f0e795ea410c72,Sandy Ozuna
p_255e15ab5aa62ad036d01049,Nick Sinacola
p_1b9493677f11ff671006d3ef,Luke Russo
p_74fdceee2143e60a83385df5,Daniel Nunez
p_736ffa7af1428fa2cc11f480,Rhett Kouba
p_ac8f63284088d2b42e8541b6,Hyun-Seok Jang
p_ba5f1ba6f3048fb5247b63db,Zach Neal
p_e276bad9878bb974243e31b3,Kohl Franklin
p_58da79e46689b22d501b961f,John Stankiewicz
p_f9057ce021f39ce4cd69fa8a,Nicolas Herold
p_70374cb7ee6887e4e1f9109e,Angel Liranzo
p_0fff1feda76f1136c373e2be,Jake Lee
p_f09ee3bdf6c5e757c4793339,Taylor Widener
p_bdd9467a3989e84e33ebec76,Ryan Jennings
p_757695084631e1c6c02c8976,Jose Montero
p_2f080fc257ed259bc6ab7ff1,Kenya Huggins
p_0febf6042f19272fe5692ae1,Dereck Rodríguez
p_3b488f9bd7191e1ac2b40d59,Phillips Valdez
p_c85c39e23ee84a9af17aac45,Alex Clemmey
p_3f9de6eb8f04a99fab94044c,Daniel Federman
p_174e116fa9a5f7fabd5f734c,Joe Adametz
p_5029b46a634055a6e08fc947,Peter Solomon
p_aec0332299b2e2b85d4f8cfb,Cedric De Grandpre
p_b30305f110209cb7d25744e5,Edgar Barclay
p_5c833687f371f56858b655c3,Tristan Stevens
p_e8ba0425b1c757deb84befe6,Anderson Espinoza
p_f289ea6f214f3f42ab5b678c,Ross Carver
p_e2b866e2f5f5e30492352c6f,Jose Chacin
p_bc706585f85d1214393cbbd6,Paul Bonzagni
p_9ed4926d02a9805883a9231e,Justin Armbruester
p_0015dae42dade9204b6889ae,Nick Allgeyer
p_1e36831b9046f3d83658570e,Kyle Virbitsky
p_72ccd98cdbeb0154c13f2f1e,Ryan Cardona
p_74ce39dfb41ebae67f849ea7,Joseph Montalvo
p_f1d5d213238314b3652ae8b4,Ignacio Feliz
p_2e9c58050cbc295c3d7f21a9,Nick Margevicius
p_11383a8161657cc8022e1d57,Jose Bravo
p_731d512439facba1e92d30bd,Riley Smith
p_91c4b381d0124dee1d7ec49f,Yorman Galindez
p_70a2acc7f6e6eaa7a41f6189,Eric Silva
p_d98369f9e9d86f5e5112efdf,Zac Lowther
p_708e44ca97601637d06a4c08,Nick Sando
p_5853e60688f9b8e9fb9c02ab,Felix Arronde
p_0f9db5bf9ed6220ce10e0a1e,Trey Supak
p_3c86d3ddfd1d92fd6db8b8cc,Tommy Romero
p_9fe2d3b6197d8d92dd51069f,Antony Aparicio
p_5a4275bfb9b93a26928559c2,Sean Hunley
p_e665e0486328b1ea1eb1641a,Andrew Taylor
p_b51a20b87db06436d2fa56bc,Trystan Vrieling
p_ca3b5dd502b7998bd39fa80e,Jake Wong
p_d1245ec92417052ca0194a49,Luis Palacios
p_8d6ee7b46ed9f4289e23b57c,Christian Zazueta
p_fb4d2336dde6c5d2f8a8c98b,Luis Quinones
p_44f386af3ba565c94ce9a041,Victor Juarez
p_a222f8f6f74f5859eb39bda8,Tanner Hall
p_0f64759f48dd7ab9be9190b8,Emmett Olson
p_859d07874221d08f405fe0eb,Giussepe Velasquez
p_36cff9baf371b3244f71ff17,Luis Torres
p_c0371fa23eec8f2d0c2987b0,Joe Whitman
p_3eb4639428d5f892b504e91c,Anderson Munoz
p_34f0c3bc92b900d186a41000,Ryan Murphy
p_1762e4702692f80b377520cf,Robbie Erlin
p_a2e85f8724684dd73790ac4b,Andrew Quezada
p_eadf2e5e120f5adc7ee0f565,Ethan Hankins
p_da0c36de6305a8c0cd654bf7,Connor Johnstone
p_fcc8fa9fc41e7462cd13f3fa,Ty Cummings
p_293c9922b4671dfbca0f8816,Keyshawn Askew
p_4d6e9069ea04ad9fb3cbcf7c,Irving Cota
p_2728537b57fc401f7eed09b9,Jaxon Wiggins
p_00b8c77b08d368ed90c64750,Carlos Espinosa
p_6827db83032d2837c2e4dc8a,Colby Holcombe
p_90bf3fa01cc545416762961c,Garrett Baumann
p_ffd30392a632af38967f2a5f,Sean Sullivan
p_3cbfbe8f1d897443a13eb928,Mike Mayers
p_5d1d79d4be7991817248caf8,Roman Angelo
p_88b2d6f35123c1715f143019,Zack Qin
p_47ef362a9f3e9b96580f3b01,Gabriel Barbosa
p_3f4ad5def1433215b45420e3,Zach Jacobs
p_b81f020c3f9c045ed35df79e,Jordi Martinez
p_a4d7b7dcd17c272493fc622d,Liam Sullivan
p_30aa56dae867c13a7ea5d37b,Dan Straily
p_9d93282f12de5551157a1f8d,Dahian Santos
p_73b13cb5752e9498f81a3b6a,Eliazar Dishmey
p_493697088af6e167825dab8b,Caleb Smith
p_3d2d9e271bfdbda3d07ad549,Cole Tolbert
p_f7375b36c93cc654d1233959,Kohl Simas
p_fb6afc860ceafcd9a9af6b8d,Carson Pierce
p_27391adac2d3b30703cd06d5,Grant Gavin
p_b319af413d0ae3bd4b79d70f,Bobby Milacki
p_60e9c11634d572534427454f,Jesse Bergin
p_179f5799c70103dc51de91ef,Bradley Brehmer
p_d35d278daeabf1d04e3afccc,Colin Fields
p_67e5a8d2aa4014bc1e54b1ca,Collin Lowe
p_7e78cccddd2258616d26cb67,Cole Patten
p_34f1daee7fd0e51d599b6677,Carson Montgomery
p_7118d9af66af6e93e70b41de,Jarret Whorff
p_36ffe62f9ea6edba607d45ef,Cole Hertzler
p_351ba237456610fd00508df3,Josh Knoth
p_3a793a4bca8cf53707f9a226,John O'Reilly
p_4bc9383e835c4833f01b4287,Po-Yu Chen
p_761c11939b45c554330bc20d,Miguel Del Pozo
p_5ddf188ae27987a9e910ec86,Danny Wirchansky
p_085bb2fa85fd94dd239b46aa,Garrett Burhenn
p_52030c6f0187d40e751cf407,Drew Strotman
p_1eb91592d723dfe01f54c2d2,Nick Bennett
p_79c91616010d29d2dce26519,James Gonzalez
p_a527d908436626d75b8a9ca0,Christian Romero
p_653a03f48a78f4be8408fca8,Aaron Perry
p_f430461ae583e896a48012af,Houston Roth
p_a7f008d341334c1a136a71e3,Reid Johnston
p_f0b5be102bdab4b91e5d77dd,Hunter Patteson
p_6bf07eec35ac95fc31022085,Zach Peek
p_8327f6f6db3d211e454947e6,Will Sanders
p_dac970b8a7ee316b071a30b4,Pat Gallagher
p_54c5310b9da43043affa60f4,Mac Sceroler
p_b1e1219c6a74ce2c97992b18,Devin Kirby
p_a5dfea1f9edc3d9a969e1a0f,Mason Erla
p_058ca5574d1c12daca86c04b,Jackson Nezuh
p_e8b3906dd04c6c7a45c3be6a,Jeff Bain
p_7fdfb2d191b800081a290148,Caden Favors
p_d10fc394d368369001cfbb92,Matt Jachec
p_0ef5a7eb7ab7c4aa84e0c329,T.J. Zeuch
p_8f730ab9691be0a3723bb35b,Antonio Velez
p_d60d9e1afa09fc9a35ba1068,Adam Wolf
p_cbc3753186f926c694151c67,Blake Money
p_2208079f42e928ab613d8b3b,Jake Faria
p_4c7a028b971061c9229edbce,Justin Sinibaldi
p_fee3b34e8989ce92c41371b2,Trace Bright
p_3c0159641fd913036e0de3a7,Derek Casey
p_5cb025b6617b802593f1ea07,Cesar Gomez
p_8c9a4c08e61eca2c1d09eeb3,Raimon Gomez
p_07b4e39bc79be83f22a3349f,Ryan Costeiu
p_132b37107960b852b9eb5f6a,Drew Parrish
p_cdab9c34dc10b53af2b484d1,Caleb Bolden
p_e4ff026969c7e55b6f459ce1,Ethan Lindow
p_d44fb09503f032785a106ea3,Anthony Solometo
p_e9e9f4b01a1d198eaf0be2b8,Efrain Contreras
p_0521cd8742d611d1a36d7451,Carlos Guzman
p_78e95c34808292d5e6f96fc4,Jace Fry
p_87f1680d8711e94f40cb94db,D.J. McCarty
p_afe9ea4f2d79fe76891835f3,Will Stewart
p_2959349295030ab73049f678,Jacob McNairy
p_ed0a554f0fab6baa17e2c6eb,Daniel Mengden
p_cec5f7a5e2dab2389d63c7d6,Logan Shore
p_eb58e0fc2e9e9913865fe721,Melvin Hernandez
p_de1870f223818692fbf3467f,Ricardo Brizuela
p_9e9381190d1033db545db87d,Joey Mancini
p_33fbbf7345dc841d13080d6a,Nick Dean
p_4b0ac9ac138fb8caeca5ab80,Max Carlson
p_38f0310b9ea36da7ab67be66,Ryan Brown
p_58281fb78ee3f591056d7600,Nick Dombkowski
p_12755f3c04d849d0dfba01ee,Chris McMahon
p_16811fbe810e9dbe23f9ce2b,Joel Garcia
p_a2c34935dfceb558818fa271,Seth Nordlin
p_370818e803eedbbcd6f2ebe4,Chris Vallimont
p_dc0356f087b8a8d88efd1beb,Nelfy Ynfante
p_f1fbaedc2bee33a7a2f0a24b,Konner Eaton
p_29637ecc57628cf5ed795e79,Braydon Tucker
p_36eb093066e4e35330448ee3,Michael Sansone
p_0dd3c2287ce7d4d1633269b1,Phoenix Sanders
p_0fc180320ad4502c239055e1,Nick Morreale
p_aa0025a00a8e857dbf2075fd,Connor Van Scoyoc
p_488e42cece2f4777da541104,Emmanuel Chapman
p_81535135f4513c287ff9631e,Yeferson Vargas
p_5389810b7ae37f3889446cad,Leonel Sequera
p_6cca4a7793e87715ced920e6,J.C. Mejía
p_b5add255627808ef3d3fbb1c,Jefrem Leon
p_9ede6405c0788993ac5e92f2,Shane Rademacher
p_8932ab1869ae9b87804af1cd,Nicolas Cruz
p_aff9685bbd13d158c89ed681,Travis MacGregor
p_f5af6951731ba99ac9c67d2c,Derek Diamond
p_dfcd4ad73cd3e436517c6269,Jhon Romero
p_b37981f916a17c2b648dd349,Wilmy Sanchez
p_c6c646bb7dcfe7549b8ab3b1,Rowan Wick
p_5d2404acf31f5bab0f602ebb,Jake Lyons
p_1117b3ae022faae836842052,Manuel Medina
p_932c365cd256ae69e7f45738,Juan Hillman
p_cb1ec2262eb95b5635950cb5,Trey Dombroski
p_d72dc4914fc138640ef29fe5,Landon Harper
p_99a1d836cd9c5057a7cf2c61,Konner Wade
p_a933d33b26ac3da35762c893,Beau Burrows
p_2451af37e1a41d8e4bcb7461,Eric Dominguez
p_0bce516e51881cbfb40f8b33,Evan Fitterer
p_8ae8df4f41192541506244f3,Stephen Ridings
p_85b5d71d065dab1c496033c1,JD Hammer
p_0951547c0ed6dfec21365c8f,Ljay Newsome
p_6a31e8eaeeffe6bd4086d817,Tim Brennan
p_1f847d6aedd9194350be161f,Austin Roberts
p_50867f288ae8fa4b09be289f,Michael Byrne
p_9ec0188fa165570b329d7f73,Damian Mendoza
p_15ac3b809f0e8608249d1eb7,Tyler Cyr
p_5f2281865794977268d98537,Gary Gill Hill
p_ce9380d7268c9a9bc2590255,Luke Farrell
p_153a6cd78d5f91dd593deb99,Brayhans Barreto
p_87d65dfe5ad6d7e8eab27660,Aaron Leasher
p_21826f740e9ec7cac3cf0562,Juan Oramas
p_4bc984b1bc4d8401c1294295,Jake Jewell
p_dbe44bf5b104e408d22dd13c,Bryce Bonnin
p_e7ceeb799e6749790c225b50,Brian Howard
p_4a646c7c3f99ea702b6bf11e,Michael Feliz
p_1e229c394e9f540f9b5b51af,David Leal
p_5f5ad91bf179d9acff9714d7,Jesus Carrera
p_1542880b490cfb5dd3ac3589,Casey Sadler
p_de7926d9c8f8674c371fc3df,Dylan Tebrake
p_c1973549d00a4519a321aea5,Valentin Linarez
p_2d21f9892b6b3915714fa417,Carlos Pena
p_126e4c05648c5624bbdc3a17,Jackson Humphries
p_683eb375b35f5a0712d7a823,Didier Vargas
p_92db0e01847e5cc9254a9e3a,Ivan Oviedo
p_1fb36777e2c4441585b3c653,Angel Roman
p_76fe6bb6241b787408554702,Cody Sedlock
p_28c03597ae43bd8452af3793,Douglas Orellana
p_946bd4ed2f38065fbe8283b3,Jerming Rosario
p_046b9f36617b9cf0c61be25e,Zach Messinger
p_67a3e94723caa97e2860f233,Franklyn Kilome
p_771c968f3d31ebf133d0e8f0,Geison Urbaez
p_2aec7e5f63a7807ee456b586,Luis De Avila
p_7845ea8ae822e4a33175b6df,Adam Stauffer
p_3acd6a063aeb03e8f199ffbc,Hunter Gregory
p_1056e303e69c97841582500d,Adonis Medina
p_a856159d91b4ead7ce2624ea,Johan Simon
p_1176034c209c10b5f8a71ade,Chandler Murphy
p_0dd7e2335153bb7cc06e70ff,Caden Monke
p_66fb1e9b48b041f6f7350e16,Enniel Cortez
p_2eebccf5f8c207a657eaba1b,Ethan Lanthier
p_717205649863c44261041c4c,Stevie Emanuels
p_0ed0719f70788d32b724ae0e,Abdiel Mendoza
p_ba3997314d8b662884ba8473,Felipe De La Cruz
p_ea8991455b01d9244d854a23,Zack Godley
p_fa219f645d76dc36f3b28354,Juan Salas
p_b97f50e543f037d2f94991d1,Magnus Ellerts
p_0d94b092b44982da9ee55ee2,Nate Ackenhausen
p_03b4d2cf5ab66216e9ab22a7,Osvaldo Berrios
p_77a46ade4028fab9960a06c5,Tyler Beck
p_ec3c432e73ad82fbd89f43b8,Jeremiah Burke
p_0156e75bb2d0cfd2f54ec621,Billy Corcoran
p_a70144428b877cdb02c112d7,Sean Hermann
p_b0d2f8c739ae38761eb18e2e,Sterling Patick
p_bb9d2f48b58a0eb964839eda,Brandon Knarr
p_d2d83d8ef7d335b16b582df1,Adrian Alcantara
p_014dc82c29635e4b2eecf269,Eric Reyzelman
p_3e1e3731c40c6d31f9aa1519,Fernando Sanchez
p_e9bf609b01e62ffb1e6885e7,Aneurys Zabala
p_8d3fdae82c6028d25bc550ad,Wen-Hui Pan
p_dc488243e1a673cdb9eecfa5,Luichi Casilla
p_43de1df314ffaab379768d84,A.J. Puckett
p_45d578d0021ecb2d54acb49b,Adrian Bohorquez
p_e6326d3981a53ffc55048c76,Jordan Geber
p_323d06fecefe163f3e3d0c9d,Tegan Cain
p_8b64a606410c549d9a288094,Yondrei Rojas
p_dc6aa0fe16cd10e7a8bb7709,Jarrod Cande
p_a9ad0cd6fe357240f30e136b,Jacob Gomez
p_3a859b1c375203418cdf3263,Saul Gonzalez
p_a398a069b9e47c4da78da759,Sterling Sharp
p_172838920db0bb2b7b786f4d,Tyler Woessner
p_2fa0dba5e7e2c44d53a85e07,Kyle Robinson
p_486dccb90ab93b0f303a9568,Nick Garcia
p_2dde82108226bd3d1142517f,Edwin Jimenez
p_f9e31988b093c1c1c889e9db,Camden Minacci
p_7a59415a2f492ebd5dc77538,Daniel Ponce de Leon
p_5a484ec9cf5d73530159ef75,Garrett Wright
p_e7e8387965b82d5b24d5f892,Rafael Gonzalez
p_983fdafb2452621c1bb56a96,Juan Amarante
p_cf0f2c41d738292aa4a10d4f,Evan Shawver
p_cd49038a89cdc1ca0f211818,Adam Scott
p_7e5204052637f0a5c4556a58,Riley Frey
p_e178f2aeeabcd0a204ccc472,Joshua Loeschorn
p_934f5088625a0b7a93576b53,Samuel Strickland
p_783eeeeacee2f2a1509d2dc0,Tommy Doyle
p_e8231d7bae2852c2b6d0f596,Silvino Bracho
p_5cb4f461561d8b273e023b87,Tyler Brown
p_0655a8163dbfde53e75be2e7,Norwith Gudiño
p_3b9221d27832bf448e6d880d,T.J. Nichols
p_caeac7c1ff81056a3826b0ba,Domingo Acevedo
p_dc1796a75439e273ded501b8,Cristian Nunez
p_d868f45b2c2205772b91300a,Henry Williams
p_a3d9b61f58e9a9b353e0d322,Jordan Marks
p_aabeb40de5dc5d174a718961,Sam Armstrong
p_0c4ea352c5e8ae690efa1eab,Peyton Plumlee
p_3b10e6bf01ce0c7cd313edc0,David Griffin
p_391d935632d2976e7ac2742c,Franklin Dacosta
p_acb06545791924c4ae604c4a,Luis Valdez
p_91442fee3ebb134f60b40689,Luis Angel Rodriguez
p_86ed3c2956d66a076f1ea30e,Andrew Politi
p_669aa7eb8e40c6d44ca97434,Sam Clay
p_0b5a267914993048dc260334,Jason Bilous
p_d7a6fb54fe69380880e23006,Victor Vargas
p_b90a8592b411c7a23842e5d1,Will Rudy
p_19fb3820cbc90a4589ee06b8,Travis Lakins Sr.
p_971888ee234f7b1178497110,Michael Watson
p_e8d89c8d479264c8c374423d,Noah Gotsis
p_67427b3b783399b0cbd16903,Carson Lambert
p_0c671d363f9dffc0f23f45c6,Bryce Mayer
p_0e35d69b107e4f79deaa3a10,Ronald Medrano
p_b354d4834e7dfc8ed67c6a2e,Ovis Portes
p_6fb40eca1cc7a276b1c8ab79,Fernando Abad
p_446a4db107eddfa7cd69abcd,Eric Adler
p_c4ba74504df6bc50272fea8f,Jake Fishman
p_b01f71b4ead96c2d27a55db2,Juan Daniel Encarnacion
p_29714e12db17f35300b25bb3,Luke Westphal
p_9fa151a095c6066a6c641a9d,Darwinzon Hernández
p_b6564af0c07265b60fd71f38,Chris Gerard
p_10231ebfe38f0e0392d616d4,Cole Waites
p_07dc624e94a17ec04eb05898,Manuel Espinoza
p_df8240c1e0da6d43cbe55109,Edgar Moreta
p_1289f036b06c41031e126a3d,Derek Clark
p_17c685fe2f7df290e0c9bae0,Brandon Bailey
p_711187596d5ea7cce3ae67a1,Tommy Eveld
p_0cd7c0ba45fa599c81a8e8b1,Nick Jones
p_fd21d1e8c756cdf66c61466f,Nigel Belgrave
p_c1970bdc70c6cabc8f9ffd2c,Anthony Flores
p_c250f301ac89c2c591586c19,Jonathan Todd
p_261174bce6451e014695b096,Gerelmi Maldonado
p_2654877350e6fac189466535,JJ Goss
p_a39c4fdc8a32b456848808c5,Hiro Wyatt
p_586a27c1b0877ff1a46fc915,Austin Vernon
p_9c0e4a4e82e4808474ca7a83,Kyle Funkhouser
p_9f235d911a4759a8131ac8e1,Teddy McGraw
p_75d5a6a1d1efeaaecc0c2829,Reagan Todd
p_c3365490efb9be95eecf1135,Ryan Boyer
p_9ddca6a2de20a310e2feab92,Cooper Chandler
p_fd64a0388230cb769715cbac,Joe Record
p_7f6d8d663fe0697e01527fac,Frank Elissalt
p_e70b94d17979bc8daa453ea6,Tommy Hunter
p_e8afe5bafbfd0e22b41c2b28,Jeff Lindgren
p_1a8452db2878935405f51674,Brett Schulze
p_0513ebc897021c761cf9e070,Tyler McKay
p_632819b682e45d81ff0d41e2,Kevin Stevens
p_3f948a1676bd132d1e6ccb4f,Hunter Owen
p_5adec45972e08704e2feebf4,Michael Brettell
p_99e9bca407a3850751458027,Bryan Magdaleno
p_a3197e019d7280cbeb570f24,Michael Stryffeler
p_ca5497d8d45026b95985e2f9,Carson Skipper
p_5247219d8d679ed5ec3b1310,Pablo Aldonis
p_e44de4499d7e98f5dc95f34f,Luis Reyes
p_02f300cd50c6b7fbbcd4aed9,Rayner Castillo
p_7abbd221efa4fcf67c3539d0,Nick Lockhart
p_784132ab9895722213319cb4,Alex Valverde
p_c591f70d39136a5054efd4b5,Drew McDaniel
p_3dacfeb894b930991f3598c1,Jeffrey Colon
p_40c54465b6d65c3f2586f6d0,Nolan DeVos
p_670daa085bc27b801fa4a86d,Collin Baumgartner
p_5944a4efd3f6c64256a484b2,Zarion Sharpe
p_f12464f34ce91a7a2c515bea,Deolis Guerra
p_6d4a0aedf43e8bb37928cc5e,Juan Nunez
p_2c2cc812be09b0d96993b01b,Shane McCarthy
p_a624d9ce2e20e3f807765330,John Beller
p_d7c2c0200cb4ec35ca7dc8b3,Blake Holub
p_6150165e7f05f195d743a4a1,Ryan Sherriff
p_1924a2ae870b7bb47deea437,Juan Mejia
p_29fe4a4a01ae5d27f15642e3,Skylar Hales
p_d45e0370fa03265b14ab2071,Jose Adames
p_9427e360eab2a0fdef047c0f,Zach Greene
p_4afdd6f1eedd882269427a20,Baron Stuart
p_ca5e9410043bd4ccb466f974,Landon Marceaux
p_9ff19b0309876b57bdc48af6,Carson Dorsey
p_de9b7a93190c04ba52ba88a1,Dalton Roach
p_bf4d19a63d5c1704d7a5ee25,Tyler Santana
p_408432e5df6a9b2d5efa9417,Christian Young
p_d115910da95a1164b35c250b,Ashton Goudeau
p_85b823acc515e1af95a158d9,Sam Gardner
p_cb2e27ef41c8a9ca612de051,Ryan Och
p_7136796ada6c8035e9ce2e41,Roel Ramírez
p_863d006aab3519e533439c9f,Calvin Bickerstaff
p_cc5dae0b8bd4e6583a0e38a8,Blair Calvo
p_ff165dad063adfb57ace1245,Gilberto Alcala
p_09f5e409d910b468e642af50,Trey McLoughlin
p_32906e4178921e02503980a5,Ryan Mathiesen
p_3e9611ebe511bd9e9b0a4611,Wuilliams Rodriguez
p_3838d011fa732f7b2b4e97e3,Colin Peluse
p_6d8a926148c14d9d820670f6,Zane Mills
p_81aa51e88c9df252de74f1e3,Alberto Baldonado
p_480bd877a4369bc02f87dab4,Jun-Seok Shim
p_39ac2ae2183f30b7f7a8741f,Cameron Cotter
p_c00ef570edf94882ebf0f3a8,Inohan Paniagua
p_e1bdd9a69acd3c796e667039,Cole Paplham
p_6f0f226de895e89f32350a4c,John Swanda
p_679eca7225ea545c96b85fe3,Fernery Ozuna
p_bc886679f2459da18e2d9eeb,Drake Fellows
p_6691f4e599c08895b97f523e,Hoss Brewer
p_e553a20dcf716482901ae9f6,Simon Miller
p_4e226013528af7bd6ecfcc3d,Tristan Garnett
p_68c2986e44dfd9633ed1997f,Alex Claudio
p_bf5791422b246be08db86c54,Josh Dye
p_8babba76dcbacd37a7982da0,Easton Sikorski
p_94624c4fbe1e35eb52d0d845,Andrew Magno
p_129c3de4d306fca9f51600b9,Peyton Olejnik
p_cc922d3b6538769be39becc0,Victor Castaneda
p_692cf3c9cb02b8553be9498e,Justin Lange
p_805c9d195d6ed95eed68d524,Joel Valdez
p_0ecbb14063416513df0f89bd,Geronimo Franzua
p_9aba4a7c9828b5918dfd257a,Nick Swiney
p_ef49e948c06ada31e8f9e0b8,Ryan Hendrix
p_0086dad173cd532566f75732,Paul Fry
p_c6f948206fcb2d2f01685626,Bryce Conley
p_3a86b36e7749e92aef0c8c93,Luke Bard
p_113835919dbae59fabd39d23,Jervis Alfaro
p_6557ed5c90dc641947b73571,Austin Emener
p_509cac823f9311bfa967e7a3,Will Childers
p_9fd6103387887f51766dc253,Jimmy Yacabonis
p_5719be9bc6516b15c7460236,Andrew Pérez
p_f9d06e212f76d4a3f6d53296,Adrian Herrera
p_8ef804b94c66286eca8f3af6,Gilberto Batista
p_fe272baaaba8cae519010366,Maddux Bruns
p_b28470e09417490f57e25c08,Alec Baker
p_2eb7cf51d463b6dd275335c6,Hunter Hayes
p_62d34823bc0ba6948e54a0dc,Adam Maier
p_5ce6c7948dcd9368f046d6bc,Andinson Ferrer
p_8f7e6ec49536490d20ad8885,Zac Houston
p_d65a53b72763b2f7a09807b2,Bryce Collins
p_c52b25d5d1b00b907e1ad4db,Layonel Ovalles
p_c4e6b4a8dd91a4fa210cdf93,Jakob Hernandez
p_3816adf06f0417f32e39a0e1,Durbin Feltman
p_1f2669addf861e74e74e5aad,Brett Daniels
p_e6d20709926af297b6604fef,Will Watson
p_ac5bd92c263d7fcd59aae552,Melkis Hernandez
p_7b2d024a3b97afb4bf015fe9,Nick Horvath
p_64b1c217a225cad694a0b978,Austin Hansen
p_48eb5aac60a04e6a569ad05e,Nick Trogrlic-Iverson
p_54d806ad217a5cea486eab6e,Justin Meis
p_2eb1311a7d16813242bab391,Joe Nahas
p_283dbb5517b16a9567585ae6,Andrés Núñez
p_c45948010048e9bc900b4057,Elvis Soto
p_7f7d526da1009e5170bfe70b,Sam Highfill
p_bc5104568f4838b5e6749e07,Colten Schmidt
p_a45b3b9c2f365a225489a4eb,Marcus Johnson
p_9956c73ed87c15feeb0bc5e6,Nash Walters
p_0432ca9d4be4e22c0492646b,Colton Hock
p_4d8e47432802d7b6af3bed54,Clete Hartzog
p_9bcc59ccc5066325af3e5dc4,Luke Fox
p_dee4be2f026a271de0de2ca2,Mike Montgomery
p_496e9d95b5f33883aba0a165,Tyler Danish
p_1e0cf1b5009ad34e6529e62a,Chase Isbell
p_15da41d31b72719990c40247,Jorge Bautista
p_c080ddcfc840595c1036c9d5,Phillip Diehl
p_a200c885e1ff3f1394eedd44,Jack Sellinger
p_66ef420622aa2f202995216f,Frank German
p_aafd807e3e4d8ce2bc7e0514,Ryan Meisinger
p_c12350e075aaa52c321a5752,Chance Kirby
p_852ca23a7671b1ebb45723ed,Darien Núñez
p_6c093edf8c4f008120162891,Peter Heubeck
p_2e71291cb0ccc511dfb1948e,Archie Bradley
p_e91482c05b858d46fd84079d,Chandler Marsh
p_e3e1736fa79fb6d275724349,Micah Ashman
p_f7a070638be13112477bdda5,Patrick Maybach
p_b31f7fb4e62f00d368a66a7d,Jandel Gustave
p_ba22d74f789fdaa28267fb3a,Ian Kennedy
p_ccb8feae77d34a17af6911b4,Matt Duffy
p_c78e0a07ee6d536417260ffd,Jake Walkinshaw
p_9de6c63f15327fb927c8f94a,Luis Joseph
p_d5dd7e9c29b142dbfe0f77f0,Yosber Sanchez
p_d661477f53aaa05f7305769c,Raino Coran
p_14faefab3ad36bee7f8519e0,Justin Long
p_6e63991c58203b0ec74aa906,Anthony Cruz
p_ed472c885b6ae85c5b3acbfb,Anders Tolhurst
p_895bbc8b7c501f86f41625f1,Mitchell Kilkenny
p_fe051b8ab6e4f21943d594ce,Ryan Long
p_9c0626da5103f3846de433e3,Benny Thompson
p_535c5515cc222df58774fd00,Robert Cranz
p_6d6eec5e7ac0a45bc9ce80a1,Jesus Cruz
p_e55a9bc24110868b339813e3,Chad Smith
p_afdac1c7d72c15795b621e30,Kyle Bischoff
p_5d596f0ca1c7852779157957,Juaron Watts-Brown
p_eb7334720a46d2938051603c,Jonathan Holder
p_aa0a7975cd40227c1ced067c,Luis De La Rosa
p_d1da9b5ac70789c7ce0708a8,Luis Rodriguez
p_e0eec91411ddbbe58ee4365c,Charlie Neuweiler
p_bfd073e697e97b74dec19756,Ryan Carpenter
p_1d3091a318a14e12b5a0c68f,Peyton Remy
p_ee97f4c55dfaa9b0361482e8,Levi Wells
p_d1d651fc90017dfd39a134f4,Jeremy Walker
p_967c3593766897e7439fc75f,Daniel Marte
p_639b8e4f4fc35c3c7e7e6c78,Cameron Wagoner
p_3da237c034429b97c317abff,Kendeglys Virguez
p_95dfabb54759e19f57535300,Ixan Henderson
p_2d3a42f63fe7c56ba0521a02,Michael Gomez
p_55dac16738d82c56d37576bf,Taylor Broadway
p_6c54b6f2dcf7e93bf4b755d2,Tanner Witt
p_d3d802ced588bea8fff6f122,Ricardo Yan
p_3340715e9688cfbd940a562c,Wesley Moore
p_b747ef0790379b4492d07b8a,Hunter Cranton
p_365680c915de2e95ef51c4a5,John Doxakis
p_8d55621d2feac2a11cb0c547,Tommy Sommer
p_63d80e067103dea1ab048ac0,Yizreel Burnet
p_01e8030ad26fe10f246716ef,Cam Vieaux
p_1babfa93670c74bdb4529409,Grant Kipp
p_d80e65e42b5b399f66e24003,Luke Hayden
p_31799e515b1e6e26d2384ee5,Alejandro Mateo
p_7ec17e6f73cf9fefa72cb016,Aaron Sanchez
p_fc3f7e236fb957dafe1de381,Edwuin Bencomo
p_04833a467df5d27e9f3cf14f,Patrick Weigel
p_dbe494ffcbed8c705a987af9,Logan Boyer
p_a84267b83f8ce056012c43dc,Channing Austin
p_6f744c94f43c9b0deed822bf,Jimmy Robbins
p_3f8fa8a895f9af0e388e79dd,Gabriel Rodriguez
p_c402cdc836fd6bd4fc56867e,Aidan Maldonado
p_fdfe6bd9ee9b17c136619552,Bryan Perez
p_fe478d72b6ef0ce0b1f8752f,Matthew Linskey
p_17ac460fd1355f9cc3666a8e,Myles Gayman
p_c6e5a547350e0094ef70a726,Ricardo Velez
p_be6954e1cbb9c06955b39b73,Andrew Baker
p_5278849d748615dbd853b561,Hunter Hodges
p_c168768434e73b2b5dd739a7,Benjamin Arias
p_3a781a6ae98cd4c6895788b8,Ian Clarkin
p_d84d8e0a1c6ad5eba43ea077,Noah Bremer
p_89ef050cf4dabe07ce4ab3a2,Noble Meyer
p_eba79361a9b09dacb8920443,Ty Buttrey
p_da37e2c19b08c5d43276de38,Danny Kirwin
p_dcf22643cc27a8e235862449,Raffi Vizcaíno
p_d5d86349022c4176cf49a411,Hayden Seig
p_d14b78656f11ea084e930377,Edwar Colina
p_b2abc623aebac44b91303817,Nick Payero
p_a0a1fec5327c30309e06fb23,Brett Wichrowski
p_003556670a58e740a1d6844e,Brooks Wilson
p_3afc74b563ff8a51ece79803,Gabe Bierman
p_4d1db825a71e768a6d2b0e3a,Justin Storm
p_358fca14c823f956fb69f535,Jon Olczak
p_c84397acf43cffa82f0f39a6,Dylan Carmouche
p_2447e99641ef3810a60dc865,Michael Giacone
p_3523ba211611b19b965eb470,Steven Jennings
p_757a076b68498443a3d55695,Patrick Ruotolo
p_f5e57181b532d4bb9380197c,Kevin Vaupel
p_81cb4922d0aba9c1a00f6252,Jarold Rosado
p_469a72b628eb04ab86f73e2f,Kelly Austin
p_714f7a1b492efa50a83e14e7,Adel Dilone
p_3b1ebc0b6c5f5e85c2e70ad2,Ben Brutti
p_04f23eb13e4b8512c9702812,Kenten Egbert
p_fb63d23ecf25965533cf896f,Adam Bloebaum
p_962fdd27846344519aafd420,Jacob Bosiokovic
p_20a83ad1f48c813600d671ee,Nate Peterson
p_4b0e7840ac1c57dc0b13684c,Matt Cronin
p_c4910821b72713b49fc44e72,Ronald Bolaños
p_9d4c2dabb5778c76cd9b18d1,Luis Reyes
p_f31cbf033b05ba1ffe1f3106,Peyton Alford
p_37e810165b0bc56e4940dcab,Angel De Jesus
p_4b812785df47707352aee538,Juan Bello
p_f61544cd9408408df792dd5c,Tommy Parsons
p_6ab3ce8593e9061110749c81,Enrique Burgos
p_c6a52754d83114732833cbbc,Blake Workman
p_bff537db1a2eb4505713ab4b,Trevin Michael
p_071a4559a512dc9372080b00,Jackson Rees
p_83b8b149a7c3a3bc89598413,Zach Fruit
p_6046ab47d97a37215d1eb9b0,Reynaldo Yean
p_22aa74b8b219b57758b0af3d,Stone Hewlett
p_26731038180cbd947f421750,Bernardo Flores Jr.
p_e8ef2e011b73a1f64d1ed2d7,CJ Weins
p_30c0e6455be2b6c5e1cec7a0,Bo Bonds
p_e05692053791c007eb10d2af,Yordy Herrera
p_16dbbc02078b69bdfc1aa200,Alfredo Zarraga
p_2007c454ebf072d3b257fe59,Nick Hull
p_f4088551f8abc65d9ffe3107,Anthony Castro
p_53eb4d0d326a0f28e7aa5d07,Braden Zarbnisky
p_188c07ba3fe41280dd5bdcee,Cole McDonald
p_34ca10bc69fbfcc1ac806486,Junior Santos
p_865e7e978ad000b1ab4e4889,Luis Pacheco
p_5e46430a50829db95c8dd36f,Carlos Marcano
p_137c262edfd7c9f57f9b164c,Austin Brice
p_aa6eac25e2108c43d1846c86,Kai Peterson
p_7951c6a8d60a0931bc045138,Jaime Arias
p_fc2151d20d1dc1de24c375a5,Cade Feeney
p_dcf4e45f3d5ee197f2eb326f,Edgar Sanchez
p_3c01d7d56b36064930d63c4b,Jordan Woods
p_e814cafca617ede26263f711,Zack Showalter
p_2b1f780152ed889e37e370e1,Joe Glassey
p_3c744e6ef3c071c24ea81203,Justin King
p_094ca4478e48f44577cdf203,Yovannki Pascual
p_30f0b92beda624ec9f96fa0a,Diosmerky Taveras
p_86d405d14707282f5029108f,Gunner Mayer
p_e1b671b7247da3c025a06fd0,Jacob Wosinski
p_33ff0b96b2362962b86f23d9,Nate Garkow
p_a4129b7077d95444c2f1d967,Seth Shuman
p_96634ba7ed71a43bc9b76a0d,Andrew Lindsey
p_04bc54b39d584a30fceb26ab,Barrett Loseke
p_fd6e1ed40cf2519cb07b64ee,Dikember Sanchez
p_769ba358d867762f239b1ccd,Jordan Fowler
p_2e4ad5a0827d676f0ae2165f,Nelson L. Alvarez
p_4e9314362e0a4773a3cf4855,Fineas Del Bonta-Smith
p_78f81ed7bcfcbd5b128ee035,Connor Curlis
p_d5c9f62684e3256d4d0faca1,Evan Taylor
p_461e900d98a43f6ae816e80e,Erich Uelmen
p_b6daf37490abb5bfd1377b13,Joe Miller
p_8e900ae8a8ccc77927b96160,Eric Hanhold
p_a1fdeda013bb7965e55e7cb4,Jacob Widener
p_0809a2cf940aa4d82d32e565,Brett Banks
p_7f488fb2db5b044310b9eddf,Travis Kuhn
p_7e2c5ca5021a3e7fb5b11970,Daniel Zamora
p_9dfc8c14a7e40a7e096b1a0e,James Bourque
p_a755ab9217b90909576a0002,Jacob Bresnahan
p_b6bd25f4034ab7bf65cc9dc8,Rodney Theophile
p_6767d51422c9afefa81357bb,Jonah Hurney
p_27a7b7997f49fbbdeb0ac8aa,Jeremy Lee
p_611776abbe2976d46bd07c86,Brian Moran
p_66a7a0c78cc86642dfa0a205,Jackson Kelley
p_21cb22f3c5b455b78e5883ed,Dakota Hawkins
p_ddaf2c870aeeab30560a0977,Nick Maldonado
p_4efa902d1ec103d16be0822d,Joe Harvey
p_9832f5dc20fc19140cf5c82a,Jimmy Burnette
p_d49ac9ceee0f2e883df099e3,Moises Lugo
p_740dd86fa553e8dfaaf5ce80,Humberto Cruz
p_e93067c4077dcf446fa0721e,J.J. Niekro
p_aac79ea42f470896fa965ffb,Anderson Cardenas
p_bd3cb1b13250815c6ee45b40,Jose Quezada
p_baa75b62c2c6fc51e2c6fec5,Connor Sadzeck
p_992abeebcb8c04015530c3da,Osiris German
p_8e4b0de8ab8c58ca671cbed7,Yordin Chalas
p_630fb3e0ac6fa4b7e060f01e,Aidan Anderson
p_7fee05e82ef20acca8c124aa,Nathan Blasick
p_b586d51c732070cd856cc5e5,Sean Poppen
p_93a4d9ca00fb146a1df8c852,Alvaro Mejias
p_f099fdb6f932862018d0ac78,Kyle Glogoski
p_462cbc4784c485b0938806ad,Nick Altermatt
p_4ec550b868bb1ea2653964d1,Fred Schlichtholz
p_18f2ccc2820067e1ecdbff22,Richard Fernandez
p_1d9bbee929fb504940fe6e9b,Sam McWilliams
p_6f91ddb6b56e60deb9528247,Luke Craig
p_d0b08f01aa0947ab32a348c0,Kodi Whitley
p_8ce9d927956a08be97e1058f,Wyatt Sparks
p_539822ed6cd9437286553016,Tanner Myatt
p_f5a9135bf6bf0df1708fbd35,Titan Hayes
p_4faa0370f47a50d1af3aa74d,Rylan Kaufman
p_e555171f4aa841755b179e7d,Brendan Hardy
p_945360f1e0d9370688dd8e47,Seth Elledge
p_b988892e1b60e2e4f004b40e,Kyle Cody
p_88ca69122ebead2d4019013c,Yanquiel Sanchez
p_a5cd41f1de02694e4356b662,Aaron Davenport
p_5c0a6cebfa5bf9c6613d5e60,Jordan DiValerio
p_589813aeeff6d3d2f6ed1237,Cy Nielson
p_4ead3902fe127050f9429476,Raúl Alcantara
p_8cf137bd71dfe936a68cab51,Louis Head
p_ff3a5e1325fe93dddfe13a98,Gray Fenter
p_3aef2c34687022b2fe594d2c,Graham Osman
p_e2f182e572336e66fdaf68bc,Jake Sommers
p_3b58f3e785071e4432f3c1c4,Ben Leeper
p_70468dd687d6259cb54aeb8d,Sean Doolittle
p_8895fd0c89dd6fce89148e30,Trevor May
p_e7f1c038071002a877a67541,Trevor Rosenthal
p_e2d421337ff334753da980f3,Braeden Fausnaught
p_8e6521f686ea0dfaa1e92151,Tyler Schoff
p_ecbb07c930b2c7859381948f,Anderson Paulino
p_768d75d9d7dbe603383f5609,Josh Trentadue
p_09c80eff6df9ee16d6951e79,Aaron Combs
p_fa9c1f6594f6b7c8d7cc43e3,Kenyon Yovan
p_b3551b76f8ac83b7c3cc6cb9,Spencer Patton
p_e0388a49fe6726e8797d28f0,Matt Peacock
p_d1b7ff92a1db6e596e04d1d9,Sadiel Baro
p_044016d01ae0d777d5350da0,Drew Pestka
p_d24317f2399c111b936e8cb7,Michael Walsh
p_51761000415d6ec485f43e53,Carlo Reyes
p_1b4f0fdc2b4d816085c134a1,Chase Costello
p_6acddb0ff258a3169ffd4402,Joe Gunkel
p_c432070c5104ca3290a2ed81,Chandler Welch
p_8b76c98316d8d022f3f2bbc5,Andrew Dunford
p_a3b3ed0e0e6b8c066d8789f2,Kyle Dowdy
p_9918b66bc194d1387ebbd35c,Adolfo Ramirez
p_92299ec88062ee8b19d75c6e,Jose Salvador
p_0988645de94ee88b934a484c,Richard Rodríguez
p_908ae695110ec8c2862d8813,Max Alba
p_1273a2c979b864f2be2bafbf,Garrett Gainey
p_70fa33858508a94a737d35e5,Andrew Walling
p_22d64753970ae5bb9d7265c8,Cole Ayers
p_5ecb532ed0b5c0256cfdaeae,Ethan Chenault
p_aa57049d4dab41dc6df867cf,Taylor Williams
p_e43cd81dabf6c2307ecbf09a,Braden Bristo
p_c706faacebbb4d9cecee8dd4,Zac Leigh
p_6eb584d4d041f3568de3cdc2,Jose Montilla
p_aa1f4e2871d89d146a68b630,Zane Morehouse
p_a12f384e07e5fed034f122da,Raul Brito
p_a8fe45a37c5078aa618963e4,Ryan Jensen
p_1e54f857ce462e680ad62bf7,Russell Smith
p_72a0fa3b40310cba50a2d938,Pedro Garcia
p_7fa66939c424efd6f14464e5,Nick Duron
p_1022bb4db0b752803b173e6e,Jake Reed
p_b0fac6604e849de965038e3c,Ryan Birchard
p_201d0db0ace8e9d3412f6666,Leon Hunter Jr.
p_7b8e05e52f9223d4b94dd7ee,Luke Barker
p_5e6ab1c146d0d134c6893a34,Jeferson Figueroa
p_61c4e98def85d005c75b171e,Nolan Blackwood
p_79949f19ff0986ad46464eef,Mikey Tepper
p_87d178d7b89d6ebba472ea58,Eric Pardinho
p_e177222267fc8a08c521315d,Luis Vargas
p_2db55db8ee2169ebcab6acce,Hayden Deal
p_4dd4bb7309d11f389a57ed0d,Will Riley
p_f1cbca3e37c1261644a34c91,Erik Martinez
p_b73a191bec38298eadb5de2b,Will Brian
p_6af6a775b6406f339864b432,Jorge Rodriguez
p_7cb086575572daaa4e7155b5,Juan Minaya
p_b2e2934abb3fd7eb51325bba,Wander Arias
p_5c79ab94d45ffe92071685ed,Eriq Swan
p_df26ddb76ee22ae7fa28532f,Evan Yates
p_dab78c2c8e663da153bef968,Connor Staine
p_6dbe647988e531a5616f6fb1,Danyony Pulido
p_9fade47e0f22ce295f2da6f8,Alex Mauricio
p_ef35f5730a7a78d64c0b150f,Max Roberts
p_4c2f7c563e7fd979db564c5e,William Woods
p_7ed91ddb63c21a615893fa78,Ryan Nutof
p_26b290dd2aef822d51b4b093,Luis Valdez
p_97bd9f1a6af3d2288895ecfe,Trevor Long
p_6dfb48e6aa784dd40b24fda6,Nolan Sparks
p_983864f0e3445ee08d7952aa,Jackson Smeltz
p_8b98f40e0422bff13da81771,Curtis Taylor
p_9fc77a4d32624c9685b7d0ae,Ryan Bourassa
p_a282301f1dfa8fe5e2030f0e,Carlos Tavera
p_02108e87138ab0d747992052,Santiago Florez
p_722f006810e56b084f291bc8,Jake Christianson
p_791d32fd9a510a4dc3d672f2,Zach Muckenhirn
p_282553f2f1749c98a94679bc,Daniel Camarena
p_1249462928d49112aad08514,Mat Olsen
p_e22acdcc2d051654728c3bc2,Thomas Ireland
p_0a5c89eeb0bd6d0c75b78977,Ian Mejia
p_e9c58a570e783613b0b65a47,Hunter Mann
p_2bc6428fd3f1b36aa450cc4c,Anthony Arguelles
p_ca5aeeb6c44595d6f550d92a,Trent Turzenski
p_04f38a63623c2f149022e4ff,Jesse Biddle
p_0f21539f67b8873cea540abf,Roque Gutierrez
p_87f177d8166f6a8469d90eac,Hunter Parsons
p_a4e417e2c7a6e944f2bb9c66,Tanner Kiest
p_f039f723f14064fec06ed823,Jake Higginbotham
p_ebbb3bb33f11bb20d0ba19a3,Shawn Semple
p_0db3ed5d0bfe51db27193a75,Bryan Chi
p_8a862412272b32710e103aeb,Nick Starr
p_00d2d3792311e3e3d6e30088,Keylan Killgore
p_074fc23596366d2762160435,Evan Kravetz
p_d9fe3a9a1a058bba1e3bfa29,Ty Tice
p_e77dd3c1faaf4fc75c6b9744,Marshall Kasowski
p_5a3d9f96322ce5814fd48f70,Daniel Ouderkirk
p_2a88a9e8b8123408738a23d0,Jack Noble
p_d9b0edc2635a85c82b129c40,Brody Rodning
p_403b2b16e8059e7896eda5bf,Zack Burdi
p_c2fc3af999e2bc9ee1de8733,Joseph Menefee
p_0f649f0aff263d2d77bfc008,Hunter Dollander
p_f82031dfb0552677bf980bf5,Christian Mejias
p_03a4cf541a847536a8d3a497,Kyle Marman
p_e1ecd91f5feb6d3070d5c2ed,Billy Lescher
p_1475d5b46bf780ebe591cc62,Colton Eastman
p_a37da4bd9e62166655bece72,Jack Bushell
p_b86be6dcbea84fea90b3beb2,Daniel Keaney
p_fb2d18f77d5045e07579218f,Trent Baker
p_b6eef9c2f05cbdc70503e989,Andrew Schultz
p_1baf68cc228b1e4152e92f84,Patrick Wicklander
p_e6cfb838ca59b617087350f5,Enmanuel Mejia
p_c3fd99d90cad74f0102d0a98,Eric Yost
p_0dd77f4382cb3ba5690c23ec,Hunter Omlid
p_1586eee79da2925fa3e2516d,Jimmy Endersby
p_bd00bc8732c0b00f098adebd,Luis Morellis
p_fae744d4435edd2eef02af4e,Reidis Sena
p_66d89a4bc47f53f542c779dc,Larson Kindreich
p_28ce3ca9c7d46267beb6d7a5,Alberto Pacheco
p_e2a2f48da815679b71f8c71b,Dalton Rogers
p_3369295ae28fe71a77e3c052,Anthony Narvaez
p_cc7960c3c7fb90915ff46a28,Eligio Paredes
p_dffc0002b2eb8c3d59851bce,Jake Walsh
p_bde04784e9452014b113f99e,Norge Ruiz
p_b1acbeea55b744f4f574306e,Noah Dean
p_a4cf1f734c8be998f62febf1,Harold Chirino
p_e3e1bc2fa32d3bee45bb0a3a,Tyler Chatwood
p_26a0549c8aaed31aa8836670,Chance Adams
p_bc1e61b34e82b40419638634,Manuel Urias
p_a3a42de25c0e6d3887941c09,Reyes Moronta
p_d3a56fd118d2ea5851f40fb6,Ian Koenig
p_bdb5dd5492dc6dc8be4ddb2c,Edgar Navarro
p_ba1f77c45f0cff7f93e05301,Denny Bentley
p_e389433a001e4fc518507ac2,Will Kobos
p_31e37bd173d5fe9b402df1b8,Anyer Laureano
p_2410cf2b4c2aa231dd72334b,Jose Davila
p_15cefe2e6cb8b86d09912874,James Jones
p_0709d75666583446afff863b,Luis Devers
p_a298907ff7b1175bf9a5b322,Nick Brink
p_03da116309a445afc0717c0c,Andres Diaz
p_7a659430538f8166fc5e099e,Bennett Flynn
p_82c93aee5af0b0352ef1ac01,Brandon Johnson
p_23d48e483798815e1538d28b,Aidan Curry
p_d9699eeafcc6929852252880,Julio Rodriguez
p_a4727c14136e3151787efff7,Daniel Missaki
p_86a421f753f9c3e7d7e8f9df,C.J. Widger
p_443d7e94ac7afa1a7082e806,Tyler Thornton
p_1d5031377104b6302ed7e221,Tyler Thomas
p_73eab608d0a6f8bda53dc777,Luis Velasquez
p_a0be71385226a002c0a807ff,Haylen Green
p_b048fd693d57c5c8e9c59b97,Aaron Haase
p_254d6e5f14c383f866caf42f,Chris Muller
p_a1859920e0106edb7ba7a02d,Alex Cornwell
p_d96e08cf653f083e39162f13,Anderson Bido
p_11459ad3220cd4cca6aba2a2,Francis Peguero
p_a9e9d00b12261ed2dcd852e7,Isaac Gallegos
p_70c149eda43e6ee5edb0663a,Tanner Shears
p_c8bf0cc62ebbff5a192d31f0,Connor Wietgrefe
p_d19e83ea130453f881dab23c,Houston Harding
p_c690d41fc10c70c48f4e4551,Mitch Neunborn
p_893dab971ed97597237bc2d4,Alix Hernandez
p_9cb50b27bcf7fa9496a7fc78,David Matoma
p_7a3d4ed4924808f80dff766a,Brayan Castillo
p_0ca594dd8f504c1fddadb923,Bryce Tassin
p_a535b4987fe7ffceb187ba5c,Stu Flesland III
p_345d55f36ccb8933f7153d76,Albert Rivas
p_54ee14a85503cf033ed782cb,Jason Blanchard
p_68d34e037f5fe085adff393a,Sabier Marte
p_f1c0fb96e6320ca1cebbd60c,Mason Hickman
p_943eebd5232646dea10457c4,Isaiah Lowe
p_c364a404aeba8960b687cff5,Domingo Tapia
p_f9954388f6e1747a2b577703,Pedro Santos
p_659f23a8188ad392d872b0c5,Danis Correa
p_df4372563cecdda131993350,Luis Cepeda
p_ff5af0223f7aec4facb18c8a,Shawn Rapp
p_c8951e2d8f5e11f76962f3a5,Trevor Bettencourt
p_f3a14803fd75d2ed08b4842c,Luke Lashutka
p_1b652cd12f36087a9c9c0fea,Jordany Ventura
p_236aa73040e3d07918e02ded,Najer Victor
p_481c601748ff017c2c1ecc00,Daniel Martinez
p_9b3a12747373ec4062d43ea1,Yohemy Nolasco
p_fecbd3343c3af281df8c4110,Thomas Balboni Jr.
p_f42fb6a7d8b3932501514789,Alec Willis
p_c9328b6bc06c8d353179e627,Jake Walters
p_ad9f68c3dfd83f376129ab93,Francisco Morales
p_6a5035c2d97717425a79ca3d,Morgan McSweeney
p_7e189d8e305f0e1744542cca,Brock Moore
p_c124f05a396d99bbdcfe677e,Ryan Hennen
p_eac7d8213639f3fb264036e4,Keagan Gillies
p_9c03198c7ef2bc29e731f229,Cristian Hernandez
p_0d17c273e75d1b3d29b3d829,Connor Oliver
p_b8da795037905a05c15c8089,Tyler Zombro
p_0c8a9ea8ad3f9a281ad90be7,Davis Sharpe
p_0a59a9188f33f813c9804561,Bryce Osmond
p_49b013c97074baa856ad555e,Kyle Hill
p_815c3beb4fe94ba086ff34b1,Blane Abeyta
p_ff2d536cda0e003adcf8713f,Eric Stout
p_eb7877d0c96300e50b1b4658,Leandro Lopez
p_141884a0afc1934f495fa290,Victor Garcia
p_389ad0fa0dcda1b42d6ad21b,Elison Joseph
p_b973ff7a3994506629e73b97,Adam Leverett
p_7ea257a799fc26d4809d7d10,Wilkel Hernandez
p_f6f63c991abc54dad287faf7,Sam Weatherly
p_4e67674881f096840cb4fdad,Tristan Stivors
p_e0646de7b8b560a0e45c9ad5,Tommy Molsky
p_974b9a6ebdfd732fc4f53897,Blake Goldsberry
p_3c21c0b549818348248c8927,Cameron Pferrer
p_1f246f306d1ab41042a88eea,Fidel Ulloa
p_4ecd1325bb050961f5f23ba7,Peyton Glavine
p_2a4cb773ee7417d7fa851c65,Edgar Manzo
p_c1a0fc854c39336ce03341ec,Chris McElvain
p_d362e8d91d7ecf294c757afe,Tyler Bryant
p_73ceeaaace1bb14265b0d2c2,Pierce George
p_cbd3793e347d5e75ef318628,Franklin Gomez
p_7c82df3f8513cb95e7f2631b,Matt Russell
p_bf3ca36b1e001925485ee2b6,Mike Morin
p_e775ea04c67f6c7128b34c4a,Gerson Moreno
p_785c8c11f928f7f6a6bba463,Christian Chamberlain
p_e2f59b05c9344982fafb4efc,Zachary Cawyer
p_d25fa4596f83413acaf03f4a,Tim Naughton
p_24e0ba003b514c8c5e677197,Josh Roberson
p_71a1a0b5e72d75e1fcdbd43d,Gabe Klobosits
p_bdd047eb98cbf5eee92efe03,Nelvis Ochoa
p_ecbca7237ab62c3803b2b2d1,Casey Steward
p_a35ed1235000ec949e903d82,Hayden Minton
p_6d7abf4b2d643211c59b807d,Alejandro Melean
p_9c33c2b15f3f5411e92eeccd,Joe Kemlage
p_d35e0f8581946738bcf788fd,Rodolfo Martinez
p_6807ad1dddc0e4a2edf47b15,John Murphy
p_3900db00c500d83d9d612ae3,Alex Scherff
p_9dcc961f24962b22cc295892,Darren Bowen
p_bfa9e6d1bd0b6d6a89c9661c,Carlton Perkins
p_36e0ba52d96c8523375dfc90,Aaron Munson
p_be0f71c958ec2620428072a0,Geoffrey Gilbert
p_4c1f5876176786988a0324d3,Bryan Mena
p_3faf7b82665533fba7ab26af,Reid Schaller
p_fee2706b74bd50fec4429d2e,Frankie Scalzo Jr.
p_90f4555eb5d5eed5e13ca0b3,Bishop Letson
p_c0299763f7ab00d217b76534,Owen Kellington
p_7de05348012ab3eaa108583d,Will Ethridge
p_c70c05611e1d92b3921c698d,Anthony Susac
p_7e196000b183bb0aab030fbb,Jake Brooks
p_622b182213506fc698a8c11c,Saul Garcia
p_ba4a3506b6501402026a9614,Seth Mayberry
p_64b44823ee8e8828c9304bb9,Erik Rivera
p_0cc6140f3297ce9f017fae8f,Chris Kachmar
p_0e2e6f4ff94ab56ad4b3f4d5,Cade Denton
p_f1676f7fcf8a899d060963b4,Griffin Kilander
p_39f41a81331b47e6ffc586c6,Melvin Adón
p_dc73e498ba9ec34c56290a88,Alejandro Torres
p_57ec740ecaa4cf123187a40f,Tyler Guilfoil
p_b3021866001b3eca295d8721,Nolan Clenney
p_8e4c1e79884dcce0321c64b2,Noel Vela
p_7e29d7ee1295e6a02c610c06,Stephen Quigley
p_35511bd75dcd85cbd433fcea,Noah Hall
p_14680b167abc86bf8aca198e,Tyler Stasiowski
p_acc6dca09e47f3a24327c74f,Patricio Aquino
p_59a430898799dfcef4702e56,Alec Barger
p_5adacdf972a2463d9c1d1886,Ben Madison
p_d06aa1067c9cf4553cf6a8c3,Indigo Diaz
p_1518f18ebab9213c9858e762,Ryan Shreve
p_b2435622e8dd7eecad475b90,Michael Bienlien
p_8aa4f7fd4ee4e75d1cc5eaa8,Dustin Saenz
p_83cafa93480a3f3d4328a307,Patrick Halligan
p_dd9042fa41a5241f26e2ddfd,Owen Griffith
p_f090171c637bfdf7807a224e,Coleman Huntley III
p_9fa4fa4962e13a062afe06ce,Tyler Cleveland
p_f360878e837fd3caa0f1f666,Jace Vines
p_8f75ca71a146e67f4f951ccd,Jorge Mercedes
p_ee65e5d3ea6c0f8ed5a60bb6,Joangel Gonzalez
p_0d38732eb98dca0f0f26ae01,Jorge Garcia
p_c5695913ae14ede289f9c119,Nick Kennedy
p_e141dcee4f63ddf4dc9123ca,Kyle Crigger
p_2a00cb40f09062069e7c6eb9,Ivan Armstrong
p_81491ecd59c881060b0128a3,Carson Jacobs
p_7b4a03c86d7184d0c0fdc92f,Andrew Morones
p_fb2b00f63bcc0c7c9d24e57f,Anthony Vizcaya
p_73ca6c1a37cce0ffbb45aff6,Nathan Dettmer
p_bcb2a09bebbee8048a6fe3ac,Jordan Carr
p_939d567883e5eece338d1ca8,Logan Martin
p_8fa7a568cbaeabcd25438afd,Troy Miller
p_10d99edc6ac7b87e1d934816,Gabe Morales
p_7e7826d8daf3124f9294aa6d,Rodolfo Garrido
p_8ab392b5d545d07f5b0780ea,Dante Biasi
p_891297c904436f0002d639ee,Mason Albright
p_3f94d92cbf203573c8b7790b,Luis Moreno
p_1252885e656995415ebc2d7b,Braunny Munoz
p_c6e7819dd1218439b4a202bc,Thomas Ponticelli
p_9cc694dc62fc282668a6b763,Caleb Baragar
p_f1218212aa734ecd68b2a06c,Kyle Whitten
p_12453164be34563a0989b890,Dioris Martinez
p_3cda3c0fe9e1a454799c2255,Rob Hensey
p_9ba552cb37fedcc767095310,Juan Rojas
p_bf102272a13812985a530e4a,J.B. Olson
p_ccf894d94d8cbb6d192cf972,Carson Rudd
p_dc36438a411410ed4a743d37,Jacob King
p_8b8d029789e369eea6a6fa59,Max Kuhns
p_e95f20c332fe457758b5f52c,Adam Tulloch
p_d4fb4708487ac6b4265c8845,Brady Choban
p_182f45076d092ff05a11bc53,Eli Trop
p_3399830c9bffcf93f2b1fe0f,Harrison Cohen
p_e52b357d8885ddb90c2ed64d,West Tunnell
p_ca1132d7c31a16234da13c40,Art Warren
p_1ccd6d1b57c38d0a17989dc9,Preston Johnson
p_ac4d23b6c4dc2166f089a7ed,Jordan Mikel
p_3a4ee00fa15d6ae2c56e8bfc,Yefri Del Rosario
p_048af72bd543703aa907d655,Jordan Guerrero
p_69dbe05fbf673186cc2f4e31,Jason Ruffcorn
p_7da7d60c24947e1ac34f0948,Jonatan Bernal
p_3e9b524f14d5f8f5f2ea780c,Aaron Hernandez
p_764d9590249ac3f9f1e8a871,Matt Mullenbach
p_4e2e74a3c9c7ea4224ff7012,Tommy McCollum
p_7aa829689b91a2197fc0dbe0,Mac Lardner
p_f5d094d1cee40c387369333c,Chase Cohen
p_0767ed292c8b337d9dae5b8f,Donye Evans
p_4bb1274e660299c79eb01f94,Anthony Hoopii-Tuionetoa
p_a0057e3f9fc2e148b8a33d8c,Mason Vinyard
p_534510826d747d9d0778a80d,Mason Green
p_82499d0fab2476fe1fda8475,Jake Sanchez
p_1a7201caa3228a718b706c23,Jonah Dipoto
p_2eaf4ed61cff69cddfb2b9b2,Luis Montas
p_2a7086adfc98211d7dc400fd,Johan Quezada
p_472a93c011844a470754ff72,Cam Schuelke
p_4c7a8863b4bee9291af34e95,Gianluca Dalatri
p_eb4f23ca98feb4f5a18212b1,Colton Johnson
p_eeb39d0b071cad06effc02e7,Zane Russell
p_a49bbdf1a6fb749f98a83044,Josh Mitchell
p_443fe788f724874929f06bb8,Zach Joyce
p_285a5ab9f46bfac6132d59d7,Jorge Marcheco
p_fb1123caffdc7a7d506b4d6c,Glenn Albanese Jr.
p_e519e2adf4652a89f145744d,Joey Matulovich
p_6d15ee8c214678353badff44,Kade Bragg
p_bbef3b1665d9ab8ea135ba1d,Trennor O'Donnell
p_789c4f45af71031aa4a3527c,Luke Summers
p_0bc33bc688c44d533183a440,Jacob Watters
p_605bc4b825eb8bb153a5c164,Grayson Thurman
p_c4059b4766905c98d215af1a,Lucas Jacobsen
p_1104e000e30116e2c5fd59f5,Alberto Mota
p_1882019ca1ca724fc2343253,Nick Gallagher
p_6fc8cc8aa5c503ccd8707167,Ty Weber
p_424c14a6717b369bd47bf771,Jesus Zabaleta
p_bf025417964ee40687572978,Yoelvin Silven
p_0b3a38833eef889d5c29cce2,Hunter McMahon
p_48f96a98ea1435369fa5a996,Xavier Meachem
p_5edc228c71ea47402403e7f2,Zach Willeman
p_bd1d739d2c16d9f3b8b34d3b,Samuel Carpio
p_72a1b5aafb0ae9ef07f0ca7f,Ryder Jones
p_e2bafab229c89064c9efd194,Brendan Girton
p_46de24249115b077eb5b3ed5,Will Bednar
p_09a9f2d05a44347fe88f0932,Jason Franks
p_9a8217ae314a69d9a63a9f95,Cole Percival
p_43be85a77804db3c91e6bc69,Cristian Charle
p_bee923b7285696177ce51fca,Bryan Garcia
p_5736a5b716f76144f14958d8,Orlando Ortiz-Mayr
p_277846cd2f8bb446c7f1fb03,Nolan Perry
p_e2b1b8fa13caab61d47375fc,Nick Mikolajchak
p_6158ea58d82d78efec60c0c5,Cam Brown
p_acdb3570389ef48cef8089f1,José Lopez
p_9b6bf33b47d1a84766793f7c,Brett Gillis
p_dfe1ee9582aac53020d37f96,Daniel Blair
p_4ffc39c15137793ea49dde91,M.D. Johnson
p_5bd6d647a19adb0386df65f0,Tanner Kohlhepp
p_94b0f5ea166284f8c575105c,Carter Loewen
p_82936c161217fdcb1d1ee9ba,José Geraldo
p_a9e3c93599ae1beac23df31a,Nick Paciorek
p_208957771fd8fadc26ebadf4,Ben Beutel
p_0d2c2c7c41d05a399c7418d8,Nick Kuzia
p_2787ee5b194946b50cd9124e,Miguel Cienfuegos
p_ad6c2f70262b2833a644364b,Charles King
p_14308e089fe831690a980b3b,Conor Steinbaugh
p_5a3f78349af4b1d500515a4a,Ryan Conroy
p_658455c9c448ba19bfaa54b0,Avery Short
p_b6f0c110601aaff836e63ee9,José Cruz
p_dcb93897aef15635bdce4daa,Marquis Grissom Jr.
p_a4dc4d958b61772803fb7a2b,Jared Poland
p_8999f013548993f1ec89b31c,Chalniel Arias
p_975aa8128bef8d0aadfae41b,Walin Castillo
p_515a6ec85c969801550efad7,Jack Dallas
p_6d2aa4ccdd3683b45bd5a762,Andy Rodriguez
p_df767bbbe8fc88e23c5177fd,Chris Mokma
p_a6e485b8e68d0344eac582b6,Graham Spraker
p_d8423eef1e21a2b0c37757d0,Chad Donato
p_b1b84ca476450f36284c1606,Trey Benton
p_e0d985a0b5453b78ec616a1a,Kevin Miranda
p_b456c0eee63b8985e57d5f18,Zach Neff
p_20863991b56b59999afddd5a,Hunter Dula
p_7c44078e05f68b70b72596af,Triston Polley
p_6b58e6f1a803f29d6537baba,Miguel Rodriguez
p_770441dc63e87ea51294d24b,Holt Jones
p_1697880b5f544a9e6c40b806,Matt Minnick
p_ac3175b49f43b208de9a4e9c,Alfred Morillo
p_6b5561c992ab038972b7eeeb,Kyle Carr
p_d51f2d3bb2418a02e2d94663,Kleiber Olmedo
p_3e6f79bc26783d12c7d42eea,Adrian Chaidez
p_c18977791f7814f37557e267,Joshua Cornielly
p_5a9d4e8d3352453cd1d75a9b,Amilcar Chirinos
p_4db4509a3101a087b904f0cd,Eduardo Herrera
p_bf2ad1cf6144a67b22660665,Hansel Rincon
p_0f244bfea2a04af01928fc58,Yensy Bello
p_bcbf9e0230bc2e1aee5f224d,Gabriel Yanez
p_c688055a2e6405e0b351539b,Franny Cobos
p_54169c2b9df6bca915c11c65,Micah Ottenbreit
p_9278606c2492ba05e695ae60,Edwin Escobar
p_f797aa9f3476684478e0957f,Antonio Knowles
p_32822cbb7149a7c0af3155f7,Jesus Gonzalez
p_25babb0dac7d4997bfe44fd6,Kyle Wilcox
p_03c896d42300452819bc69d4,Kleyderve Andrade
p_e9ff5e5b1a24afb192220f0e,Landon Tomkins
p_6456e388bcccf4de4619c9b4,Justin Wilson
p_31e503e798a2f3a895bd72c6,Miguelangel Boadas
p_f6c163c729f1731a982f0138,Carlos Torres
p_1c7547ef4e02c856ee813c30,Bradford Webb
p_f7202beb9f3c8ad4e642cd7b,Paxton Thompson
p_578852646a0a86a249a4fe26,Conor Larkin
p_f5b4ca82a424f23a8f303f77,Cole Uvila
p_8c7034e4b4aeaa8c218aca7a,Jake Jekielek
p_a14734ddad152cb24a5de317,Luke Bell
p_a5aa119ddf9ec5aee3f07055,Freddy Pacheco
p_2ddc599ba8eca9169bb74c10,Wyatt Hudepohl
p_11221ae167e760dd27265def,Josh Bortka
p_72d51d4dc0024cf3aa6fb1f5,Rocco Reid
p_5c577e90ee4a46d6a5a4a467,Jake Rice
p_685dddaec09d8b4bc06000b4,Cesar Lares
p_40fc9c95a08654f940348936,Bear Bellomy
p_3fc43ce2a4a97952cb89e940,Jackson Cox
p_ad32ff4ca5024b9e0b88c126,Eddy Demurias
p_c956bb30a80a6ac3a1402e96,Shay Schanaman
p_f4d48c1088f6ad7689cc8ade,Jordarlin Mendoza
p_258d8ff26390cec4427cc306,Ofreidy Gómez
p_714a767a79355468a69345ca,Logan Samuels
p_0187f552b9f0fa46477c1c33,Jake Garland
p_32aa50f3125503a098690b54,Manuel Olivares
p_90a0ada69e28c57d23df4f96,Trey Cobb
p_45df125d9dfb91b9a17fd800,Cristofer Melendez
p_0b49c3bcd6e71be10a643160,Josh Green
p_10b520392c26076514cd0dd5,Shea Spitzbarth
p_babb420c5719886218f7ef94,Adam McKillican
p_b55d87cfe1ba85aabf142232,Jay Driver
p_7ee4ddec9cebacbeec1aa37a,Luis Amaya
p_992eb383e24af9e825f1c225,Ethan Sloan
p_68d046006efc0c7faefcf6c6,Ben Holmes
p_1ad236c8fba4e9a7240c565e,Inmer Lobo
p_e9ced2dd4863674504ebc1f2,Cade Austin
p_c6dd5067645bad8a081065db,Conner Greene
p_764d83c432fea91a3d00f117,Magdiel Cotto
p_4ad9b4c2d1030346dfe948c5,Layne Henderson
p_1269e3cb45a78a4eeda65228,Christian Fernandez
p_6e4310b8b9dd9c81e13a72c2,Aaron Fletcher
p_3f8160dbebe096313c2014c4,Seth Clark
p_940eb09cb6d3030ad266b053,Robert Kwiatkowski
p_3e42a8cbc32e17667c5537fc,Sebastian Gongora
p_4fcc7a7660d768948b7c5dc7,Cesar Avila
p_7cac2e1ddc1d7598bf1c1bc3,Will Kincanon
p_eaa2caf9c8f92b8f98b8e60d,Carson Hobbs
p_5e73dd2c345556fa988f8f94,Carlos Castillo
p_ba0ecbb928adc4c0b59bd8b0,Nick Ernst
p_98fa735a9344bcb14a47f0a6,Sal Romano
p_9ecb20f90bb0dea8e7d5c5af,Fitz Stadler
p_cd1ef39f21c6669b925025a5,Dante Mendoza
p_7c5bbc6d09eb259c9a57d215,Joey Danielson
p_1498c815513be2b30a2b3b9d,Luke Stofel
p_2dff22d097f460b60b9fd7f2,Michael Martinez
p_3a424f59cb3d96656e39878e,Nic Swanson
p_89d2bb6392f0353af73dea1f,Manuel Rodriguez
p_4a35d20a22ad3722ed8c17c4,Josh Bostick
p_66385b62ff67b413d08b692e,Matt Keating
p_cbd47543bdfc146b17d2d04b,Juan Zapata
p_97bf7db526b7128f0d677e92,Noah Skirrow
p_52a7c2be0f69d464ca840f6a,Jonney Rosario
p_4e97a22fe12e71b4e9f8b43e,Cale Lansville
p_15eb60d8d82fd847e72ab6d4,Eury Ramos
p_d06fe4a147712993cfc13957,Isaias Uribe
p_61791da7b91d9e67c2be5cf9,Carlos Romero
p_e81cae8311d2315bc37eaab7,Justin Lewis
p_c3e605f86ccbfe9c989c1cdd,Ryan Brady
p_3543e6a0085d53ae84c56b82,Justin Loer
p_3b099ab354997a0ae7f47299,T.J. Fondtain
p_218555539a0fe95bd37ba610,Garrett McMillan
p_0e3deb9a7267e23d27981c58,Dayeison Arias
p_3d2b00a8503ec1eaadb0d472,Payton Martin
p_e1a56b2234bf13073bb4ce1f,Zach Vennaro
p_07306d313722649ea94d045c,Alain Pena
p_f130788357d6abfd564e47ce,Melvin Pineda
p_c093170f938b3b5bd493d082,CD Pelham
p_8f868045f29d494e9eb96ddc,Connor Housley
p_0b11827260d5838a0b2e62cf,Nathan Burns
p_63f79296325b3a67f8383c9d,Andrew Moore
p_628e806d9b9de82ec4eaafce,Reinaldo De Paula
p_4727238653e0e94b3c9ffb4d,Matt Brosky
p_dbeac1ca9c214e825ed11a3d,Kevin Abel
p_8a6f56130b831e67d36f2b45,Jawilme Ramirez
p_688800a94f3b88e0061763bf,Collin Kober
p_68f95b305987e4eac43acda7,Tyler Eckberg
p_4745115615e46529ae8f47f5,Trent Hodgdon
p_4e2e603bf37ed2947b1733d2,Pauly Milto
p_a9183f06d21d6ab117504802,Noah Song
p_feeeff5a969bee1da7ef19c3,Reid Birlingmair
p_33ee981e355453a3e96307bf,Jeff Belge
p_f3bd5825db1aafd6f6731f64,Adan Moreno
p_74917bd22d3263281995b6fc,Jeral Vizcaino
p_c1c502158f72ebe6987bc4dd,Bryson Hammer
p_2a7e368656f793181d0c84cc,Landon Sims
p_f3a8b429832a08299d34bcdc,Brandon Neeck
p_dc6d52b502eb528b7c173060,Dylan Bice
p_59485bb43a77e0488c9e784b,Yon Castro
p_a722017d35cfc5f59df7fdb3,Chansol Lee
p_f5712cab6a6c1fd24a78b702,Brent Killam
p_236f5a265f715d16ec28315b,Bodi Rascon
p_3f826114c44f5fde243a3278,Willian Suarez
p_cedc1c09ed22228e0bb24d70,Ryan Vanderhei
p_7b19908dc7a3ecb77ba8348f,Blake Whitney
p_ca627176129d5f76b0f4bf52,Blaine Knight
p_c07c7e972aead02d7b033784,Andy Fisher
p_de90ee2d4d953cde4cb524d7,Stephen Gonsalves
p_3b3e4cb578d19f016b7c856d,Jackson Hicks
p_968ffe80c809fdc9bf63c740,Dakota Donovan
p_5b87a3b431cea4188d71097d,Gage Boehm
p_cede50ff1d5d503a3edf0956,Victor Simeon
p_064ec8b14bab3a584c89cb1d,Dalton Kendrick
p_db97086d4a011a50ae49cede,Chase Chaney
p_8923e35d714ea5f9387a2424,Adam Boucher
p_e3dd4e75eef5e8ba2b0788e7,Will Schomberg
p_d200d9ccd80016f0eef291b4,Cam Robinson
p_faa1663bbd1aad55aab0518d,Daniel Harper
p_310f72b6ae6d23724d3865d8,Angel Hernandez
p_97ae1c1361a5c442327ed601,Davis Feldman
p_9889a0cbd2c8d2b54e97222f,Josan Méndez
p_1ca4925a968aff4b0c7a1cd8,Ethan Hammerberg
p_a44c4f8a6899d1b155b370c2,Cooper McKeehan
p_7ec58211afd28a6b7736f8b4,Daniel Lloyd
p_9fe18c060ec33dfa2e1b7312,Ben Wereski
p_f19096ee46fb18955e478b39,Jackson Lancaster
p_dc94bf0e19b3abf2b625e57d,Luke Taggart
p_9e1979f68cf120fbfdf6e58b,Lisandro Santos
p_9a8ad69c7885e7dd62135de9,Jose Olivares
p_ea96e57bfe0909bff7ac5c00,Tyler Baum
p_2b36c5fdca03b99eca742227,Arij Fransen
p_ffdfeeb54095d933c28aacd4,Juan Martinez
p_f10e174f1e50c4cb44151b9b,Edgar Escobar
p_1a953f691eb5a8481fbc6032,Wilian Bormie
p_958dd8def8531e9ec476c5f7,Endrys Briceno
p_c7aafb0265817994dd41645e,Brayan Romero
p_0d3610b22d7eea93ffea6928,Skylar Arias
p_626127608b2652d8f70231df,Wandisson Charles
p_076ebf7af432785f824b0247,Jose Chirinos
p_47627b42b4c45e3f0b832703,Zach Pettway
p_d12724db9a9567ad62e59010,Adrian Hernandez
p_b83dea77201521f2db1db16f,Alex Segal
p_b4c82f933fc9cf2c6d84ac11,Alex Phillips
p_d39acb2e017b921e1dcc0f5b,Chris Gau
p_3b13b02e38ad7c1b883869b4,Matt Tabor
p_cfa0cb4367af7b3300248bcb,Nicholas Regalado
p_c652e340018007186f57493f,Lisandro Almonte
p_b889bc1f9dd4e6e0957a2e5c,Jack Hartman
p_b93ac7632f323aa9f93cc457,Andrew Marrero
p_a3eaac2a974db8832bce5ee2,Justin Courtney
p_92c332f81fd09a6b14239544,Brandon Beckel
p_0b8457a63b6855a7240bbbe6,Danny Wilkinson
p_957f8afe824f0131f13b16bd,Hung-Leng Chang
p_a0a68df8c221d13678ea89c5,Kaleb Bowman
p_570102f25a8cfd3afd1c255b,Luis Avila
p_afaca50363dcd273018fb32b,Carlos Lequerica
p_880fb7bbf008fb6f6eba44df,Brad Deppermann
p_c71cec99563718f3817360df,Zack Leban
p_724b67908f6bc4fde78a2204,Bryce McGowan
p_ddd57f046abf35448419a5b2,Justin Lopez
p_0abebc9679f22546cf8eb77b,Seamus Barrett
p_a2ee7a48f9f4083090a7236e,Jorge Guzmán
p_3c64534649fe790c2032170d,Clevari Tejada
p_947e0fc5e090c86e9b0f5da2,Josh Smith
p_eb463b0d309bafff1801c333,Carlos A. Francisco
p_13f32d1a6cd5157d4bdae673,Nolan Santos
p_ca9ece69bc15aeffe636c562,Robbie Baker
p_cb03025842e24d1035eaec0c,Blake Pivaroff
p_f84029bf5c479fca87a0ed4d,Derrick Edington
p_6e323b681b3ea60886ea785a,Xander Hamilton
p_4dfe65cd9e5130fcb037c7c3,Brooks Crawford
p_d36fb52f096f9b06beac23cb,Blake Wolters
p_279a9422c63c1e82a6499fb9,Andrew Cabezas
p_7021153a89c456312780c761,Frainger Aranguren
p_d1e41089b5f3ee56c97e4f8f,Ryan Ammons
p_86f4b81a966acafd02793691,Sean Mellen
p_0176950b8daf4c247bfc6c2e,Eli Lingos
p_85545d98a1411bbb66002bed,Max Gieg
p_5daf31f0d3fce15886800d24,Ian Churchill
p_d2c635c3fe658b6467be9eaf,Hueston Morrill
p_4f157a3e67e7fa07c13357a4,Andrés Parra
p_e2bee08be2142b4c3e2913ea,Wilfredo Cordero
p_45f78d7d387c4729dcf25910,Carlos Mateo
p_995c6b309008483b765f1332,Christian Suarez
p_a34f9ed3954781844b24c337,Dalton Moats
p_4f780eb91f56ebc27d68afa1,Yoldin De La Paz
p_0c69c82e60a9458cfee9a58c,Tommy Mace
p_97daac2d626ab2b4d6db9729,Marques Johnson
p_2cf1dfa69ec0f19ab2ad1be1,Braden Carmichael
p_1f195c97b77bba155c869bac,Listher Sosa
p_416620caf4f81d9ab038fe12,Taylor Floyd
p_ab4dbea3a7ec30900039bbfd,Chase Wallace
p_8f82e77ceeabbc33e5644f8f,Carlos Garcia
p_aec2c061dd706c24ea2613f6,Joey Dixon
p_e826930238c1f4b3da82ae32,Jamison Hill
p_87c6b2cfe3bf745c8db0eec2,Dailoui Abad
p_73e72b941164c1ecf2e5d98c,Tyler Davis
p_d5b071e20595f42c52b556af,Roy Garcia
p_08a1ff7f8483cfe0321e97ee,Matt Walker
p_77353377d9721b06143f1b4a,Donovan Zsak
p_02c1bd2a9468e6b82b716a7d,Jerry Huntzinger
p_69e34bcbee8063040010265a,Al Pesto
p_e452ddb3ccb1c331b7dff685,Jordan Holloway
p_7894ec3c5655aa3d55ab8691,Braeden Ogle
p_bf4ebaa3571908ce5982c05f,A.J. Wilson
p_3357cea9770671644865d795,Andrew McInvale
p_24abac4193655ae469c80bc1,Matt Litwicki
p_6ae79adf41dfe22dd0049f74,Javier Chacon
p_35c49dd3b5ba063b452f8d9f,Wilfredo Pereira
p_bd2ba570b2b54af8b486badf,Mitchell Tyranski
p_0ad39310687f081646bb1a6b,Emilker Guzman
p_a8294af44884941a6742c01a,Joey Stock
p_1415bf6936398500db595084,Justin Maese
p_545da12f06d67f71fbda0179,Stevie Branche
p_6a6206411d219f79723237c5,Jesus Broca
p_b2eb721ba82c220a6e603522,Franck De La Rosa
p_a9dff0f8d93408e281225916,Theo Denlinger
p_650818828ff422de62459f26,Hayden Wynja
p_feb0c7609f1442017e559102,Franklin Gil
p_4b593337a8ba82c13754d915,Kyler Carmack
p_88dd7bc37c3b116b9979e373,Davison Palermo
p_5d6601f7b28665523de52708,Sam Carlson
p_3e8db02cae3aaf4a868c51cd,Timmy Manning
p_3c42a447226a9be75bb5f709,Hunter Barnhart
p_149cac6cdfbec46da69edc0b,Ben Sears
p_d1dba8980ff9f155600897d8,Antonio Menendez
p_cf7e00a124122d7f91e721d2,Sebastian Keane
p_e34da6cedd0ec7a9cd0044ee,Jake Haberer
p_80200327bcf598a80021e7f9,Cole Stupp
p_04947fea5bb175d6850f0e6d,Ethan Routzahn
p_36670975bf9a8df09e330b7c,Liam Norris
p_b6d5088cb8dcf2479af99086,Yanlun Zhang
p_112b93a587d4de13b78a6f88,Dario Gardea
p_2d38dcb84cabcfdf9f23a2c8,Jesus Flores
p_62b646458027bf8915b2611a,Fulton Lockhart
p_12c85a41f200cdb574afec5b,Tomas Cleto
p_41861dc7c835b0ae93729e54,Jaret Godman
p_660b6b9370e6a51af62ee34f,Brandon White
p_7c9f0618fc6a598f09260413,Jorge Juan
p_ee88d78177ea6efb09de5b6c,Miguel Pena
p_bfedbf9e64b68250635f9caf,Jason Woodward
p_951c1d26be87fc99f1072fb9,Michel Baez
p_92cb6986e7810a400fb51e51,Yeuris Jimenez
p_141ee0d7b5cfb75425970e01,Jacob DeLabio
p_e9e45756b412ba6d1e339e7a,Gabriel Jackson
p_9cdc2fe475a603bcf485da60,Michael Boyle
p_577be8cfb6861c2ce5284383,Samuel Reyes
p_d0b6525dcaf54895b8720e17,Cam Brown
p_9e6108aa072a36b2a6e0d992,C.J. Mayhue
p_172f08df4978f4467d3007fe,Marco Corcho
p_7248982131e6948d2da1d6a4,Wilkin Paredes
p_594a9675a0e487ecff03d0a8,Hever Bueno
p_3aa7fe47a9376db9a58ac23f,Alex Martinez
p_ba7adca6c94533f1ac9729e6,Eli Ankeney
p_2e9fd110769cf521c6d3f17e,Keeler Morfe
p_2f630b5c0753c69e3dbe1493,Luis Oviedo
p_4732e799f1860f7dbc70e77b,Garvin Alston
p_be4c0203433a530a837d4f86,Dominic Freeberger
p_1660ce66644dbb17af3a72fd,Vin Timpanelli
p_776c1c98a8f4fa318164ea9e,Hale Sims
p_1644351096488d0230cbc8ab,Patrick Copen
p_cfa11fa71fe9d2af21120c48,Dylan Simmons
p_6c2eee58c9e5faccafc3a400,Will Mabrey
p_0551b4a82d0666b327eb1fa2,Jared Kelley
p_845deb133e125ac1bb5b6648,Chandler Jozwiak
p_6fe62fa20139291af41731de,Jarod Bayless
p_bcca7122c2b2234518a12d44,Chase Antle
p_9b1b478f87dd45387a8ddf24,Orlando Rodriguez
p_41f89524f4147e9798477d81,Isaac Stebens
p_2e71b4fa55cd290f95f09792,Matt Givin
p_53d5f385d35749ca58f9eb5d,Charlie Beilenson
p_3a2e00a43278ec3fb782aa38,Clay Aguilar
p_0d6fe8a8b61d7386f1819486,A.J. Block
p_d161b5cfd793ac6bf7f566b6,Christian Rodriguez
p_0d10e83a56c5c9fe7d9bdf49,Gerald Ogando
p_f3fc402517bdd1833689b973,Mitch Stone
p_15d03e7168f63f2ecc4b6b3d,Jose Geraldo
p_7de988762426bee5a243a25c,Jacob Heatherly
p_36465280518366d05dfde496,Jeremy Pilon
p_05000b82de3ddbb55493ed44,Daniel Juarez
p_8d397a88705821eeb3501da7,Irv Carter
p_01ca0709f0d1f385937e8cda,Ray Gaither
p_1655c9c72cc25b7f5b01c7e8,Bubby Rossman
p_9245055cea7c934e642903c4,Derek West
p_da4d1c99d9070d4118eeea8d,Dylan Spain
p_11c16701fc5e0df05356bf4a,Osiel Rodriguez
p_922c22d842b5e0a60219f19a,Josh Mollerus
p_34a3b4209d2f4f684ffd71a2,Andrew Dalquist
p_4a2c663b76da97c07b4a6ebd,Joe Jones
p_61348e622223e71b0a0775c8,Yeremin Lara
p_a6b07d4a80cba8b41490562d,Joel Condreay
p_d03c805705388737bdbdb6b5,Hunter Kublick
p_cbc17ae7bb6159d6a3576f26,Sandy Mejia
p_f522b65205fc1dbed384857c,Eiker Huizi
p_18d87f30bad70e54b161e46d,Keegan Curtis
p_454e9bbb642d971e7ee814b3,Jake McSteen
p_3a42a6ff3b2d0f148fd35a8b,Michael Brewer
p_94750dcb291196e3a2e76ec0,Harold Melenge
p_cacbb0ea9bc259c7722a5074,Danny Watson
p_964bfc9c67f783abbe9602a6,Jacob Webb
p_445c708bba37afe71d90cc52,Estibenzon Jimenez
p_c037ddfae6b10d935caaca94,Edinson Batista
p_b0d5733410e850e1a85a7720,Chase Centala
p_b2124b3196b63da9ca1f852c,Ethan Bosacker
p_e31ff0300cae74a94e0f66cc,Coleman Picard
p_0e6de046a417521fd14fe973,Christian Becerra
p_a586a43c7becad45368258f4,Corey Avant
p_2e3639de7ed32e24e7125ece,Jonah Scolaro
p_c6ee04550723a707e03e7d53,J.P. Massey
p_58bab104f4a59dcce4346a8f,Florencio Serrano
p_626717ac97169331aa0cf660,Albertus Barber
p_8024e95f3a5f5a2a08d93330,Aldry Acosta
p_8f37cf1dafe2866390c362eb,Jordan Brink
p_e49164f66b34747a8ad11803,Evan Truitt
p_6b99e8ead41cd27383617ce7,Blake Cederlind
p_ac4234f29b6fc6dc55cf3fc2,Cullen Kafka
p_b1ce8fbc18da7e5733cbfab3,Shane Gray
p_4085981c72e2149cb562d815,Trevor Hildenberger
p_a7c01451f84ef9902f377692,Oswald Medina
p_71757069410027bc21577a0a,Jake Reindl
p_34c11d6638c56619df225cb0,Delvis Alegre
p_a1cf1a4fbf1dcdad264f30cd,Rafael Marcano
p_e80269c848e79b53638aa7a5,Andre Scrubb
p_563d25bee117a19536c21a12,Kyle Scott
p_65a4fe73d3586b929f915756,Zachary Hammer
p_3e3a3fcac7d03ea475dbebe7,Michael Valera
p_b32e71415da82654fe43a373,Caswell Smith
p_9e30ec43872b45b5b2050370,Duque Hebbert
p_f8f8e2ce8d0070527c6a1dd6,Jacob Wallace
p_564e92970ebc1afe5a9851a9,Benito Garcia
p_3925a10ecc6613131e92ce43,Miguel Olivares
p_d16d6150a741e0891ecd4d41,Justin Kelly
p_2014debbb7ad323cc9d51ce1,Austin Becker
p_6ee9e0833268bc30aeb0c8df,Garrett Williams
p_e57aecf03f4634b486b8c21f,Jean Correa
p_1f258be6430d97fd93875e98,Carlos Gutierrez
p_d3917c88d05f0a2dbd3941fd,Bryce Jenkins
p_60678d1f28e43c1f75917024,Matthew Thompson
p_7390bf36a12620533c447268,Xavier Moore
p_bb1ff58a007a88ec11ffdf77,Evan Shaw
p_77aa0acd2e4c333da40d5d27,Alex Santos II
p_746ee42ed12e409f5a4c4bc8,Jenrry Gonzalez
p_3632bd5037fa44bf9c6e8039,Colson Lawrence
p_d51cc67589f6ef3340a122e4,Tanner Cooper
p_d871401f796f0346d2a3f403,Over Galue
p_48f04b041b84fb84c64b4ea0,Devin Conn
p_29b6832e63c361330cddfe11,Emailin Montilla
p_0add26331cf6db3ef70f200b,Jonathan Brand
p_6d9a9ffa5238e58254fba035,Lisnerkin Lantigua
p_3921f999c15296e8ba30f990,Matt Ruppenthal
p_3b9eac88a73bed01b72ad629,Gabriel Ponce
p_e5ae7bbc850c879c2b916f68,Brayan Palencia
p_89afad425561c432532b3452,Luis Ramirez
p_fadd62f71a415d48862cdc69,Jonathan Sprinkle
p_559037a9abdcfc5aadcf5188,Victor Munoz
p_09946745c627d977f9884dff,Thomas Bruss
p_0c5851696428e505dd052aab,Felix Ramires
p_92969dfe8d53f6566309a2c2,Jackson McClelland
p_6830ee32b28bf560ceefabf2,Dualvert Gutierrez
p_6a364255268c697ce7b7f1bf,Kelvin Ramirez
p_f20e41d9263cb9e6472eb8b2,Helcris Olivárez
p_dc2126b7e0ee684bf0b6267e,Saul Teran
p_a6f422428becf17a8478e988,Brady Hill
p_c1885855afd32be1b5cd7159,Connor Pellerin
p_396a41bf2aab9c7ab4d7a0b8,Tyler Bradt
p_0a82f4a890aaf6ca48bc94bb,Chase Watkins
p_4c04901d69b695cc9433e0d8,Justin Evans
p_683c3a477236cc9543a945cb,Holden Powell
p_31a87b8f93fb2758f9896e81,Juan Mendez
p_0bd7b6725abc89fd189bb197,Jhosmer Alvarez
p_d371215a9e23fd457c52f684,Jorge Minyety
p_24c41f92ae8490d6b0ca6917,Yaya Chentouf
p_1af5a09e7760a20a54cab743,Cole Schoenwetter
p_eb363b54490f5464eb13362d,Tyler Ras
p_73ab08cf310164fc57b225a6,Pedro Redman
p_a085ab225a32e31ba8596b0b,Jake Pilarski
p_a618989f75a607ebab4de601,Brian Gonzalez
p_45487edb9644ac28c890810c,Breidy Encarnación
p_d6b4d01f17908f8c879728af,Junior Sanchez
p_a25d0e63ceae6abe43bbd325,Hugo Beltran
p_013cfb4712691a78578e983b,Jaren Warwick
p_8f06b63efc1af953ff103757,Oliver Mateo
p_a66d75b3c22e678da755438e,Jimmy Loper
p_3fe576ecd08ef224d5d267df,Gerardo Gutierrez
p_b902f4beb4c532a207a4e2e0,Franly Urena
p_ef9b2b68b0d46a99d63b44fe,Austin Temple
p_0c278d0e7ea2b80569cc9865,Hunter Riggins
p_66fd708fc4f4732af2c33ad8,Cayne Ueckert
p_29b1a19040f2fd7b8978d716,Chase Krogman
p_cd52c5b95c25e8aaf8d1c0cd,Alfred Vega
p_e9b6195c6725c7bae6fc2fa4,Ben Simon
p_ab6cc882cc2fb83bfaad368f,William Fleming
p_2a1dbc41a9535d51cfc3026e,Gabriel Sosa
p_0ec532d224b79b83421209f5,Josh Hansell
p_ed49917ce61bc2bb887e8d87,Luke Shilling
p_457ebd94721a05283d410d30,Hamlet Garcia
p_23715106b35edd23252bd29b,Carlos Jimenez
p_52b35a767b61c564bad9a2f1,Nate Dahle
p_97d7e94e6b01df825eb51d7a,Jared Biddy
p_dbd47a08e81200d34cfedc9d,Ruben Galindo
p_214a3900d92fba4312fecf56,Guillermo Arvizu
p_060ca7a01174008154fdde35,Jake Faherty
p_08cd1522246a96572e070152,Luis R. Rodriguez
p_20b73446be87418f60c2634b,Chase Plymell
p_b7e2dd5ac67c94323bb39163,Hector Garcia Jr.
p_c274ff761a8a08d822c53493,Jairo Solis
p_8f93e4fb78e4680209f8977d,Nick Richmond
p_bf0a921a6b8eac090c8106d2,Thomas Schultz
p_31de82dab5f706ba88847134,Dalton Mall
p_4b4def05683a0415daac6d27,Emmanuel Reyes
p_43c15310dd21b85959288571,Andrew Landry
p_ef436f11abd20aa585169ce2,Jose Mendoza
p_62d41f85272bf6c99e370949,Luis A. Rodriguez
p_7f7c5bef87b8db4dec2ebaed,Matt Willrodt
p_75ad9a5da969eb131ff40960,Jacob Maton
p_b47db6ba1b4c04827fc0e0bb,Nick Thwaits
p_dea7261cdd0a465f15b6e8c6,Chase Webster
p_f76819e37c78b1eef8538be8,JeanPierre Ortiz
p_528f3577be5f12b025e001b1,Luis Gutierrez
p_48861a95fdf8072db9e39758,Josh Hartle
p_ff76242d5dc54ea57e2aa526,Teddy Sharkey
p_68ab403bf7019f97ad292c50,Jake Thompson
p_4799477aaf8240e0f749c93f,Jared Solomon
p_9f30553170daecf33e7e654e,Francisco Frias
p_e8a6188c6c741a9120bc982e,Davis Polo
p_143730ce4762d854f75e06f3,Connor Holden
p_280012e052c794301b8d1b97,Estarlin Escalante
p_c680276b48dccb062ba6d983,Yeiber Cartaya
p_8a0cb5750a78da8c3181998e,Leonardo Taveras
p_accff9324834c0d8e8b1deba,Yeury Gervacio
p_bb956b95c20b941c78583049,Parker Caracci
p_7e3585ba5af26a2fcd62c397,Ronaldo Alesandro
p_7bb907790fc8aa30a02be175,Billy Sullivan
p_f849c93789e715c176b2d476,Cam Wynne
p_eb321a369279ceb248db29fc,Alex Amalfi
p_b8b166325b19c617575681c0,Deivy Cruz
p_90f636b681580ee58bb27a55,Tim Elliott
p_da1b9cd4c5a15e8ca56fc7fa,Graeme Stinson
p_5bdae0671c3665517ca1d3e1,Cody Tucker
p_c7528f4ab9b3948305b96052,Peyton Williams
p_c9e6ad54dab4ede05fe825e5,Matthew Bollenbacher
p_a7c93c88b90efb16d91652f0,Josh Randall
p_d85d333c6bddfe8cc83345b9,Yaifer Perdomo
p_f4a7ad463551148e359fa839,Cristopher Castro
p_4a3c265ffc4a3f4ba56e2ef6,Caleb Simpson
p_83a219a1c26ca3a288dc4cf9,Case Matter
p_754b735a12c0c1ecba2f2fc8,JJ Sanchez
p_fccbfa78aede304e75b56372,Carlos Lomeli
p_66db152b354a59dd39161317,Zach King
p_d006e281fdd9cc58c97e98bb,Brailin Rodriguez
p_e0e7e858e2d9ee0497757cef,Tyler Burch
p_af066e1a76b397f246f5e4a0,Diego Barrera
p_1706978b5c871c6396a813bc,Spencer Stockton
p_8d69abeb034a406e37ea2fa0,Jose Jimenez
p_5ae15d444837581039f6e718,Duncan Snider
p_9cb595384e80213bf4cca850,Allan Hernandez
p_37567ce8433ca5d439a14d99,Bernie Martinez
p_3acdfe33defd582dd7b4f489,Jackson Fristoe
p_edc992215d36f6761f5203d4,Jared Beck
p_cc5b72ff5e6e6f92c5417e9f,Cody Adcock
p_56fc0a1a1b26ced89019c101,Justin Fall
p_444e3b5eeeaae1dacdce2f6e,Lester Nin
p_7d999672162993ab3d7b7767,Cole Kirschsieper
p_a084cb1cee4356ecaa14adbb,Yendy Gomez
p_6219c57b7c4c207133c8bb90,Domingo Geronimo
p_26acc1c83468aaeaf0a0be50,Jesús  Palacios
p_5e5d7d8b17e6facf9f8e9225,Williander Moreno
p_9d12171ecd6663a995297667,Mike Ruff
p_936bf90baea4fd67712d7bea,LJ McDonough
p_b2bb3768c7201273cbea18c7,Jesus Tillero
p_656de892b1a80d266a0ef220,Sandi Charle
p_0d529c5886bf54e3c301129f,Brett Matthews
p_cba02e5e4160c349df95ea43,Tyler Wehrle
p_3b5f5aad4bd2ff235272971c,Hugo Villalobos
p_db69ad569fa122b210760ab0,Ben Braymer
p_0a9c779bb1937eb390f45a04,Cole Duensing
p_3491c674cfbd45583ea4988c,Harry Gustin
p_c411fcd6130aac903908fe2a,Luis Hernandez
p_23def5f637a12f3d00317130,Cristofer Gomez
p_65f49dfd607ad470f06972ba,Michael Cuevas
p_da174555d151e9449f19f352,Barrett Kent
p_f42bd136a36a94c93af84e25,Josh Mallitz
p_89de40b78fb94d47c10c66b0,Manuel Veloz
p_c82de3cc36f05ed9f025a8ed,Tyler Yankosky
p_af4975afc9b9164af2687567,Braden Scott
p_b9db123c40e4ffdddce1f5f0,Konnor Ash
p_d201697a07786d509d610e47,Mikell Manzano
p_997a49c028485778ffbc4485,Trevor Clifton
p_51c450c2a598da8e4f572529,Franklin De La Paz
p_8c6365c260f9d297b5ad0916,Miguel Martinez
p_0f54bb27ac7719d0373f532c,Jesus Rivero
p_9ae8646905279db4f35bb994,Gustavo Rodriguez
p_94cf38797ebf59a034977b26,Joel Díaz
p_58a17f4dbe70d892a328473e,Jarod Wright
p_f0a8c051d652de1984e8b2ae,Jensen Elliott
p_eae3ca7143776a1793b08930,Zack Brown
p_cb4aa064e96e5040bc79f367,Tommy Kane
p_f38f9b6401511a39ecebfa89,Teofilo Mendez
p_9cb0249b9b9b13968ebbc755,Xavier Ruiz
p_c616838a0d4d5eae46644227,Logan Whitaker
p_06c1a4a660b3c0ee4d5f7e62,Angel Benitez
p_fc7cdd999ee440f4405e6173,Leonard Garcia
p_1ef1c32b0db7b19c1c6167a2,Reid Morgan
p_ae433179cb87654666c3597f,Kiefer Lord
p_baadfbe1382df8ec7bdb4f67,Brandon Dufault
p_71751f3d1d7d7b6cc016d982,Matt Merrill
p_6f33dc920a80a36fbe0913c9,Izaak Martinez
p_52ac1590bccc3d2e7001d451,Zander Mueth
p_4e1f43ce4905ce9199c1ac0c,Blake Townsend
p_f39d40baaf27754c99366d5a,Brody Jessee
p_e2ae2641950ccfc1d6b4b1cd,Anfernny Reyes
p_322ed0bb1c903339e06cf9bf,Juan Jimenez
p_833a83ba2821ff58ff4183a9,Jace Beck
p_f1dfc44add29e55c6d35edf5,Regi Grace
p_f2396db0c6ac423edc8670ab,Alonzo Tredwell
p_b2183d5202644141ed584374,Austin Strickland
p_8c4fa7eb27d0a1d2e30e74a6,Chase Hopewell
p_c6121653cc164e777b3948b8,Eider Machuca
p_00465bf82c7db946865f682b,Pedro González
p_a82c3e86efca68700dcf05ff,Randel Clemente
p_a03bcf9f1a300ee015e4b998,Mason Fox
p_d66e020e5082a09d1b8c0430,Ben Thompson
p_fef7243ba523e2c3c2dc7e6f,Jackson Grounds
p_9e8038a9775bdca821a41261,Malik Barrington
p_34be5b9f03281a7d04866ff3,Austin Smith
p_5eef183fc01c79066d7d381a,Jagger Haynes
p_9a846b6155724d3779ff6322,Sam Delaplane
p_07047896366b3af88530c358,Billy Seidl
p_4367571927ebcd69b4714593,Jeisson Cabrera
p_0075d04bdb8ade4597a12b9d,Aneury Lora
p_bc1c4f47a9dba9baf8b4f4ba,Mitch Myers
p_2a9df3cb5048cadad640db70,Daniel Gonzalez
p_cdc76494a53cb0803d6789f2,Bryan Balzer
p_4ef2326b8af2a2c31aaac2a5,Yonael Dominguez
p_711687bb835ab7aae516618f,Jimmy Romano
p_50baa1f61620aa411a90c26e,Jose Guedez
p_ab17bc44c33c4b8bfb424b3c,Jay Schueler
p_56c5e3d69ad56f53c2588fb0,Luis Almonte
p_863c347c54b3e9e477d538d7,Thomas Ruwe
p_30c3132a40f1408a3922fcae,Engel Daniel Peralta
p_2f77bf4b6d5f25aca0d0466f,A.J. Labas
p_d540c2e60449af49018e9ac5,Edwar Polimir
p_d40c138b9964d36188f14286,Haden Erbe
p_776a86c6131e8d972ea7308c,Harold Cortijo
p_f16b2f63a1fd6e8983704cbb,Jack Snyder
p_c5219e9a0600c94f09ed186c,Noah Ruen
p_ba6da995f3567b2a841ba67e,Calvin Coker
p_68fcaf8e35e96648475bd46b,Michael Krauza
p_51001565a148b99869f98c78,Kelena Sauer
p_17aee42df136d7f8f806a552,Paulshawn Pasqualotto
p_84249cd3b0e7925d44fb9593,Peyton Stumbo
p_54201840ecd453fd45aa8a3d,Ben Ethridge
p_195df35174381ba7648d3a36,Bayden Root
p_53d8b10f753030dfc48997de,Tyler Vogel
p_178b46b2703c099a6142c1d6,Noah Owen
p_f89297275e1d0a9fc6cab6b7,Dalton Stambaugh
p_e37c7366707e057d95a33521,Mason Moore
p_9610140ffdbb98f1eee92ef5,Bruno Lopez
p_84afbb8d156ea1a70ba02080,Hayden Durke
p_339658e5bc8cc065099886db,Karlos Morales
p_b01add96408f0692030d068a,Chazz Martinez
p_65945a8ee25ab7fb36dc69af,Hunter Loyd
p_0a4180ec327a0212aa3c60bd,Carlos Gomez
p_fbf43cf474bf78bac6f9494f,Erick Rodriguez
p_debe10f8b92cb1d86a67beab,Gil Luna
p_e774bdbae1bd6446e8cd8cfd,Cody Scroggins
p_eae136e34a0dd66dbd423aa7,Malvin Pena
p_bc0277b17a8e9811140001f6,Yerlin Rodriguez
p_2cb802c8e4e2f456364e888d,Augusto Mendieta
p_58e1df2761ea2170aeba00a9,Wilson Esterlin
p_02b547889ef04218040b089c,Wardquelin Vasquez
p_125330d436666a54e41dc9d9,Eury Rosado
p_12dc9fe21288f170ec4bf946,Kevin Valdez
p_c3e741882020e3f49aa8e201,Brock Bell
p_870f7656ebdb0ff994cb5a3a,Zach Bryant
p_dabea915a680e7507904e5e8,Trevor Holloway
p_11eb66ec557498ffca18acc8,Francis Rivera
p_824394f14c125793f2388d4b,Brailyn Marquez
p_d867cae005ead43e3407e9f0,Dwayne Matos
p_2b49ea841d089c22c66e0123,Troy Watson
p_d1cf285aebced6d5aa60f630,Pedro Da Costa Lemos
p_54c63b3d53a4d546395f07c8,Owen Holt
p_5029007960a709c2bc1d6d39,Jake Fitzgibbons
p_888ec8f17eefe7a9172b2148,Osvaldo Morel
p_fa6b9f14d12e43ef0ae1c35e,Jake Cantleberry
p_4e67713974cc244bb9128e4c,Esmerlin Vinicio
p_51a34ac8030357550b134ecf,Shelby Lackey
p_d9c88bd515e5236a46e84973,Will Christophersen
p_e5d835a74a722ab4a4aeed1e,Merrick Baldo
p_191be93af1164e8462bea7d5,Cristian Jimenez
p_e03ffd393b47241ff045faed,Niklas Rimmel
p_c28ec4ef0c724027bafc2b1f,Carter Lohman
p_5f18c213a17d778961e4afd7,Jack Carey
p_1b0f87ce962258d07b6d9505,Nathanael Heredia
p_811bfec7b43dd1caf3840a98,Joe Wieland
p_1db04dda8b5fd506461f1be7,Leam Mendez
p_54f2834b9538e80ab5f2d62c,Danny Trehey
p_1ec08826d4b39f7df9468181,Theo McDowell
p_13548b3bc346c8f0350b15fb,Enmanuel Pinales
p_d304e38a69906768babe2cc1,Twine Palmer
p_0a19aa88ef9dcb1c61e1bd35,Alexander Vallecillo
p_1be23dd810d925b59d1c4ee4,Sadrac Franco
p_b7fe676209ceb1788a43f12f,Rafael Ohashi
p_0581eee41f30a395cca33a09,Alfredo Ruiz
p_1ba81bb78e2729e515411b72,Michael Brewer
p_82126359fe273c958e223dad,Gerlin Rosario
p_bc27f7d6e800963ee5c74d19,Alan Perdomo
p_4609ec2049e6682e8ae98192,Jose Rodriguez
p_c96422a67cb5adc560c5e9e5,Joelvis Del Rosario
p_3a70a722ae14e50efad4a056,Trey Dillard
p_69b45f3d6028db2b59b21671,Ryan Harvey
p_a6084a47f0f5499f08069151,Vince Reilly
p_685c2664458f606917ac5f48,Daniel Tillo
p_baa8483a65d0de54dfd54ad3,Brian Arias
p_3de3d1a6085ddc4d3c49353d,Bridger Holmes
p_8482850e67039ce9dfed810f,Oliver Garcia
p_1b7d38fff0c77815428adeff,Justin Sanchez
p_1d300c2427324b69f880d6c6,Cameron Junker
p_482359b8d3ecd61f26a41bc4,Shohei Tomioka
p_2397490d8f53f2573574037c,Kelvin Bautista
p_f91dacff7c7e57b20155b2a1,Alexis Torres
p_efc02d04cf1e1ca621023fb2,Christian Oppor
p_6a61f42e14ec3aa81d788594,Jake Stevenson
p_d93507d836690f036b2cb140,Trey Riley
p_643df142a730927a5534ffd4,Javier Ramos
p_24146697b6c0f1540edb7b78,Austin Amaral
p_3c651fee00b4973e457f4d29,Carlos Betancourt
p_209147e0747e7cd58f4f88d1,Josh Hejka
p_eed0a7d25b7ce8e733784236,Railin Perez
p_ecff8e92439f250c27f63d35,Tanner Jacobson
p_e7407f663c60c1f2064e46f7,Dannel Diaz
p_c8cc7c22f070938e136b3932,Royman Blanco
p_7f088a753e104705f96f2555,Yaqui Rivera
p_9f3667befca587b887205fc3,Ike Buxton
p_16a9df0193b250caf5aee810,Alexander Meckley
p_fb606812d5b36bd2a46e3d22,Rodolfo Sanchez
p_8f5c9d4441bdab7d45462012,Luis Viloria
p_c2d3051829d3cd505fe1b09b,Josbel Garcia
p_5f98ad3228196da37a672647,Dylan MacLean
p_14783bec7a6a8bfbd93d46e0,Jackson Goddard
p_37bf3fc187ef85a84bb38981,Eliander Alcalde
p_cb99ac0208a965bb2e962350,Ludwin Jimenez
p_ddbe18cfddd91db9c374954b,Adam Bates
p_8874eb8ce064b18c6e00397c,Jared Southard
p_458d21bc989f69f0dc397eb6,Jacob Steinmetz
p_9a419917922b779db9aa5bec,Jeremy Molero
p_9b791ea0c1f58cbcb8adb1b7,Alex Garbrick
p_34456d497ab72fd682b07402,Yohanse Morel
p_a9a2c93afa3e72b56fc8ccf7,Gage Bihm
p_eec9d2ae47b97c35d8d69acd,Zach Fogell
p_6c3fb008d58cd56f6fee1ca4,Cleiber Maldonado
p_171309bc4fca4a48f6bcc5c9,Brawny Reyes
p_095bb27df9107d267d8af5e4,Jake Madden
p_361da2a4afc6e17b6c7cdbe9,Nathan Karaffa
p_b46ed881cc5b407d6fe13455,Randy Labaut
p_2c8be70af0ef2ffce94b8a90,Francis Reynoso
p_d0d35a99d2f1e2acabe39be1,Tyler Gough
p_c720bf56785c28a74d662b4c,Jorge Ramos
p_539ed3c721fed08e84239bd8,Lucas Gordon
p_260a14d6a82a68c681ef5146,Geralmi Santana
p_52d727386fe8334f83f6b0b0,Doug Kirkland
p_52884f219d6fe6f70a7950dd,Ricky DeVito
p_82457e40aa2be143476da9c2,Kyle Bloor
p_dc550fa797f82adcb140c474,Joseph Yabbour
p_daf332ce288d39e4aa9b7c64,Nicolo Pinazzi
p_1a20b088b9b96c80a5dda783,Fernando Romero
p_a9edb2296be4ec34b8fa249a,Greiber Mendez
p_cd565e354f0b06218315a16e,Micah Dallas
p_c5d86b004f1cc1afb88d37db,Juan De La Cruz
p_0cb28b501a5b090fab05ab41,Sebastian Santana
p_788edc2665098b5c8dbc009a,Adrian Rodriguez
p_92e2758d4336179350069d91,Grayson Moore
p_986ccea246f0928afefa46ad,Tony Dibrell
p_22184504b5630ed31a36cf43,Jesus Mendez
p_06b508c0fc11095c9b63b674,Parker Harm
p_11539b001d0a80edca13393d,Darlin Noboa
p_632618c7970a27c4cf93f66c,Teodoro Ortega
p_a715398cd8267bafdba6a2ea,Alex Bustamante
p_0a3354f2fd4e44808ec289f6,Bianger Liendo
p_c94f0c7a345e826efaf095ff,Jonaiker Palacios
p_a6fa7d308747aa711f2f119e,Chase Gockel
p_abab938286c9a73109926529,Derek True
p_2431587e3a48783a063af43a,Joe Elbis
p_138b25c76b0391db2f642b10,Edwin Nuñez
p_9c40be445140a6d41365e0d5,Daviel Hurtado
p_2c9452dbee59a5a9c297b040,Jeremy Reyes
p_84aa21ecf21e2c3b6eab685d,Stefan Raeth
p_c2e0baa9b252be804c8cc5af,Odalvi Javier
p_90214403ae5d5c8a8635d795,Eric Loomis
p_95141306be53d68c826312b7,Winder Garcia
p_86583a2e50b33205573534f5,Marcel Rentería
p_01f6bbd3778649154b668994,Wellington Aracena
p_810a98b963faadfe19e3ea40,Orlando Gonzalez
p_747933ff6100329243a016d0,Jean Casanova
p_09bae772375e36fb355c8d76,Julio Rosario
p_dbbc8dd6a049a0a324664fdf,Fraynel Nova
p_7e2f9f0c3778decad17d8fcf,Manuel Cazorla
p_a0210d51144f65df580ca7a1,Charles Hall
p_bcc3d7daa7e2ef106744b31d,Sheldon Reed
p_b79f1ff0b813f9119a3ff012,Logan Clayton
p_0ddca3235e83dd377a4f740a,Nick Howard
p_a2e54cfa9939f71eaf779460,Jeter Martinez
p_5009430d7f62b0f7d593550b,Jose Atencio
p_a030c21c9bb1d06d6739b940,Juan Arnaud
p_bb97f086c55214b5f923588d,Wuilliams Rodriguez
p_4308361433e8c187c604abb8,Kasey Ford
p_6c0c06c3d4bea82e28b5182b,Austin Briggs
p_6f5f6afd60f67be38183bc0a,Keythel Key
p_87e04d6bd5a6924afd599427,Ernesto Jaquez
p_c6288e2f3218f25d40ee5157,Jorge De Leon
p_ca8d0a5420de747bf2370937,Bailey Reid
p_2f08ba1dfd715e7fbf70615c,Marc Davis
p_3c00583ea4e78810433e6330,Jogly Garcia
p_7f394596469bd7e6a777db3c,Jose Fernandez
p_c9caf11ebf90803af8dfac0b,Fernando Olguin
p_924f6714a8694b98e092e8a1,Jordany Chirinos
p_c48b67ad211a43ff25d45c09,Joe Palumbo
p_f0cabb601da52a8fe2daf81c,Jaydenn Estanista
p_21329bf7c8df691bd78f42db,Riskiel Tineo
p_e561b4caf4b1c7928e5ba1f3,Kole Ramage
p_9f29eb094944cf2aa3908726,Carlos Rey
p_3a3a8f65238d51df8c544223,Lenny Torres Jr.
p_ad9b1a2137092606b205fc2c,Dawil Almonte
p_55cf18bbdb5186d47bff0a69,Jeromy Sosa
p_df90956d6fc933834b9730d9,Ronny Chalas
p_d6271c38ace7c950e3613e00,William Silva
p_53ddce11912819b90674d518,Elvis Jerez
p_f896d3b682c6362959544023,Caleb Wurster
p_4f38b8a9a5325879c5ae9906,Nolan Martinez
p_42806a7ecb023c4931a669f4,Adonis Villavicencio
p_48616cc260234f3d2f295517,Josh Timmerman
p_3ecd2ccf18750ea413fbb281,Jared Johnson
p_d9e081476bb2535a38e91588,Justin Showalter
p_574f177d8a93c90d60fa3324,Jake Polancic
p_d7b83cced0fc33fe9c6e0d48,Fred Villarreal
p_cc318d7e1a2f5eb94103ae85,Donovan Benoit
p_b3d4b8d278a773036aed5b88,Jose Chavez
p_bf64aaaa52a1ca39d7cded48,Nicholas Judice
p_2f3330d084534b3123cb99d5,Jackson Finley
p_5de48a250f41bebc9d513be8,Kamdyn Perry
p_786cf75e63b0b92f9e3f3037,Conner Loeprich
p_697c4631aace1bfc35a8afbf,Luis Amoroso
p_2bd9b413d5d5ed4574fd04f1,William Maynard
p_613437835b38263419a9b283,Scott Kobos
p_db1c73ac6fe621f2aec5aecd,Miguel Gomez
p_1d42182085e7a5a6b769371d,Dilan Figueredo
p_c3232785026b2d16143008d7,Julio Mendez
p_7faa7fcc8bf80160e51fa037,Mitch Miller
p_fc4fc9eeb750de3fd854481a,Ismael Michel
p_653b008101daffc5c49340ec,Drew Gray
p_45b8283230dd5187d0fd7a34,Ian Foggo
p_e4885fd6e0fb4bc138bbfdc1,Keiner Leon
p_491ea46880f4d359d542247a,Travis Garnett
p_659c2601bb936ee543150469,Guillermo Cuevas
p_72e88afb3f4cff3c83a6bbbd,Weskendry Espinoza
p_04373e29bdde242a36e9d4c6,Sam Jacobsak
p_5b6cf58579aa6e2f09b0b995,Sandro Santana
p_0d5718975aa7351a9f5fcce7,Shane Marshall
p_f840cbc4e9bdf2f00fc899a2,Shane Panzini
p_cb9a59bc81f384165fe074dc,Brett Standlee
p_14aecbd0faec113e13229053,Rob Griswold
p_e9738d8d1bffdfc014a28189,Roel Garcia III
p_39f85be4e4f53b30f42a349d,Marlon Perez
p_43d1f1e429efad00b64238e4,Herlyn Pena
p_35f8df31ab37d026812bae50,Juan Nunez
p_c021c4f4ee7959ff7ab25e12,Wuardo Fernandez
p_7510eec32a96d8257a853dc9,Ben Onyshko
p_a6ae34cc98382fea26d843e4,Hugh Fisher
p_225dd6a26f27eda68b584abf,Elijah Birdsong
p_05d32a492a876cc134a54a01,Connery Peters
p_67ff909b088df30816b37abe,Brady Puckett
p_69d771f30c9186c85bb642bb,Will Varmette
p_6c586bf3af2e6fb504dd310e,Zach Barnes
p_a8b501de5f06bc2903970c23,Kumar Nambiar
p_89cc4c0e6adf9135267927c3,Jasseel De La Cruz
p_9faac0600fa1949869582172,Graham Hoffman
p_5d7189f612ef9b7b29c8b3e9,Yorman Gomez
p_5b654ce5134fae3e10df38c0,Steven Perez
p_e6f2256f453bcb8e59ffb026,Marino Santy
p_7ee6e93a965f35a3fbcb799f,Joey Murray
p_1bba166535400eff4c953650,Ronny Garcia
p_07fca151738a772148bee8d5,Chavez Fernander
p_f0c493351b311b7ed67de293,Hunter Parks
p_c7a3b393b4c85c8e4c0cb8ee,Justin Chambers
p_7653e76ddfe47f7c903c9a71,Maycold Leon
p_14b7d588a3e393dd9cd9dbb7,Grant Ford
p_222bb71d5b1e52d75c907532,Grant Black
p_9ba57def1de372da8554b42c,Chandler Brierley
p_4d876381799630fe42379e87,Jonathan Hughes
p_fee184cd63267afb3568bb5f,Jose E. Martinez
p_9cb1e87d210ca3057046bd8c,Luis Arejula
p_d3b20ace93abbda15c48f92f,Vince Sanchez
p_2bfe3ee5349e3c5fb9242e0c,A.J. Alexy
p_cf0a0e3f7f6aaca4edb69398,Jake Peppers
p_b9d4064b29fb933812fddd5d,Elijah Dale
p_4c17c7bfbd0e37695feb718e,Kade Mechals
p_7fcdec91b444a86a0b0b95b6,Merritt Beeker
p_00da5f40e50b460f88d3ef9b,Roberto Medina
p_9c02ededfa7bcdbea96b10e6,J.C. Flowers
p_8150c960d538a17b6165e31a,Robinson Hernandez
p_5620d3f993ba686d9b0147bc,Heribert Garcia
p_5c0a2b4ce81cb3ff1266a6e2,Jake Berry
p_9f22436452165a5c8a80f762,Dionys Rodriguez
p_7d582897bd9890c3210797a4,Wilker Reyes
p_83aa96b3fbca7d149005fd3b,Christian Mracna
p_54fd78e35f193a5860c0e3ec,Cole Cressend
p_b1aec00fe20c4a4d67f63f0c,Charles Harrison
p_ac94be11465fb10059b07dba,Eudrys Manon
p_8728b54069b7529c3957c786,Johnny Ray
p_6024e623f44bdf734cbd3278,Dylan Burns
p_3f41016d94b2b94c2e2eb49d,Ernesto Mercedes
p_d6c27c4150b04b66e8775977,Connor Fenlong
p_2f7a9e23298df0aee24ab2b9,Mark Adamiak
p_5edcae9cdcf6391033600da8,Seth Corry
p_d8867adc986cf921f9c7e3eb,Michael Perez
p_f288e3b69f62ab8823ddb34a,Yeri Perez
p_0259b6dc10eaef2faaa5aa39,Ryne Moore
p_4985d02d66e139eb52a48eb8,Landon Ginn
p_6f8f076f2d1719db56b277f8,Jeremy Wu-Yelland
p_907d23d21219a21934cb7f94,Adam Stone
p_d9b202aff4814ed22f0f049a,Samuel Mejia
p_95aa0423c806e2b4f617fe8b,Brannon Jordan
p_2f52f84e50e64cc76b466f03,Gabriel Aguilera
p_80f49f83f61da64e43e22acb,Angel Cuenca
p_66f4c3bdbebca32b1045afbb,Alejandro Lugo
p_69de258f48dc132312b6e2be,Jason Savacool
p_9e7e5b10595fc901eeea808f,Matt Wyatt
p_755ba9cfa4d20502938cb0b4,Ismael Luciano
p_171ba3eda5d1e48b522bc566,Colby Martin
p_9503ff92950d2dc259a9fcb1,Jacob Bimbi
p_3384422c03b890a0ff62bef0,Justin Lawson
p_25cc8db930895bbd2622f31e,Ignacio Briceno
p_6820d479fc5d0dd424c9eff6,Carter Spivey
p_51fce885722512b46380fc9a,Jefferson Lopez
p_50c83ccf3c3e838e90d8709f,Jake Eddington
p_9cc064eaa1571114fc4481b7,Julio Ortiz
p_941eee25c905d5ffbb468b64,Zach Hart
p_3fa00849df9ee7feba7e28e6,Yunior Thibo
p_2692c206d6ab0e6d4467f2a9,Michell Miliano
p_b1797f1c051c5b0259925855,Jack Patterson
p_81d5f1f0c9768a6f79d9ac34,Elvis Saba
p_7533ff0dd55a26474fd20bbd,Jorge Gonzalez
p_7df1ded46d48bbc4abd2c953,Todd Peterson
p_f16c1dac5f1daf625ea629db,Rayven Antonio
p_8b7e82816c85f5c14284bd37,Carlos Meza
p_facc1bd9f5f2c9a9dd2855d1,Deylen Miley
p_366ee6bab70cc6ea89d8e618,Mark McLaughlin
p_ce0b5c948aec7f3b106f45bc,Jack Seppings
p_7da714a038d38360abbd1ecc,Kelvin Nunez
p_0ba9e31556deaa85f2dcf0f7,Connor O'Halloran
p_947f4570e6dc5c48b6487a8d,Jack Dashwood
p_610935273cd965b84c456030,Gabe Starks
p_8a2379d30425c77b517bab6b,Andrew Peters
p_ef3913fa5e04327ea7b431ad,Carter Holton
p_8ab6ab4db1ebef6a6040a7ef,Juan Mercedes
p_2dba93c0e4efbf2129b69cf3,Chris Mauloni
p_4a528350fc71640270156ee7,Seth Chavez
p_37fc31158f77c11bca3a36a8,Zane Barnhart
p_1f34e28da7e5202248a1aa09,Brendan Collins
p_addec7cd96c3a350513019b6,Jeff Hakanson
p_d38727da48676e2fa9a634ee,Erick Pinales
p_edeb5dcf5d57b71d701304bb,Cristhian Tortosa
p_c4a548a57b2c693509f2c522,Walker Brockhouse
p_de3dd565137c556de9248ba4,Luigi Hernandez
p_aed9befaccb319d58693dc6d,Andri Tavarez
p_5adab5160b08cbf8c127a847,Angel Anazco
p_e65812fd85d0805c01d27a8c,Scott Engler
p_6b9c41762b38309633d5badd,Max Green
p_d072882de171d8e5a36038d6,Jack Gowen
p_51b8edde28a21ec5f9a87b93,Luis Flores
p_4f23eb706ca6668e74eb679e,Jacob Kostyshock
p_8fe77c1c3a2085d00d79b05c,Chris Jefferson
p_5294eb3d12cb3f827a32f782,Brayan Perez
p_e95d8d2c56c808d3a4abace5,Yenfri Sosa
p_4ed71e6a2bdf0736504ee6ad,Will Geerdes
p_6ba2c0437c393b68c1c5897f,Rio Britton
p_7c5ff537d647fa9087d4627c,Dominic Pipkin
p_ebf4ed4a7feffca73eed40e8,Niomar Gomez
p_d32572a37bf3c1bcd0eae6de,Kenny Leiner
p_a947f5ee5c5b98edaafa2be8,Nick Krauth
p_e838151fb7c79343696a1d0c,Patrick Pridgen
p_8bd920e46a2b6b8481643cbb,Reynaldo Saa
p_cdcf7cfaee62b0c03942f100,Joneiker Arellano
p_d6f9b9625e8d162da89c34a6,Riley Valentine
p_5c6856e970a4d816129b4ad6,Oriel Castro
p_3bd7f98d1e596ae72fd7e95d,Wilmer Ortega
p_3ad27ccd158ee9af52cb9154,Jose Romero
p_b3fb71deb387843510a5bb77,Antonio Jimenez
p_0a42de1183ecfa195f0f71d8,Chay Yeager
p_b67cefdf3fc006d76c3be3ad,Anthony Tomczak
p_8c7e205b4794a2bca4da2114,Danny Carrion
p_aa527fa9f3f2b67434279c9d,Steven Fulgencio
p_e471bda77977ffcfb298d52f,Daniel Corniel
p_48ba4221977f881c00883bac,Blake Whiting
p_b1bcdd98d5ee080788021747,Stiven Cruz
p_da4f9eb95406d56b5c9e6f89,Jose Urbina
p_6110293c6554dc0f29b2bddf,Trey Nordmann
p_7e543c22a9a41542b419e646,Victor Lopez
p_436da507abc8a7f5cf6d01ce,Vince Vannelle
p_24aea8e0a428dd8651b43207,Trey Braithwaite
p_804feb1727df5c45ddaf680b,Juan De Los Santos
p_405ca3e45efb5527f9d4a62c,Montana Semmel
p_4ea84e8947b9da175e1e04eb,Drew Irvine
p_3146def5e53a11f0435f8209,Deyer Zapata
p_2fbd8ac80b56fa6af159f540,Juan Rodriguez
p_4b424029a2d0431168dc3afe,Sean Harney
p_13c5bf3b3fe5ba15f43f5c5b,Matthew Swain
p_eca38b7cc38788eb741186c5,Trent Palmer
p_467861222708e0958d37477b,Holden Laws
p_3219f5d2d77adef5ac561f9b,Leo Nierenberg
p_70679b209c7e77e1cb57abb7,Natanael Garabitos
p_3f7c015ff0d442a1901ab6ab,Frank Mozzicato
p_8640d22f0eab049540828db1,Jake Schrand
p_342959321c9499673f29edf9,Preston Howey
p_4d9a99aaede47054fa728e39,César Álvarez
p_81f7c48f997af4fd48eb11f3,Kolton Curtis
p_dfc139b2ba1962e9a4db1719,Luis Gomez
p_469a538068b5c07f3c3e6983,Julian Smith
p_3637e9c621082ba2d5100a4c,Mo Hanley
p_45d007cb6c16861772113429,Adrian Almonte
p_850cc335d98ebfa4ba2d0536,Nathanael Perez Gonzalez
p_017476848f9fb923adfc4118,Eli Saul
p_5a7ddbd727625127e0290b31,Jose Alcantara
p_521f20ff555276d2ff36dc79,Brent Burgess
p_2aa3c21c046d51748a567721,Orceli Gomez
p_6b1130487e89c80634c61939,Hudson Leach
p_aece8c0894e2f920d59f0f67,Gabriel Agrazal
p_32008fefbf3374b5329b93c9,Dylan Spacke
p_546b18c6d80a40aeff8eb47f,Cory Wills
p_8dcaf1af45c0fd631846fe19,Jonny Cuevas
p_d4e6c05cf699d5dff736d2b9,Jack Jasiak
p_57e60660c138de39e19953f3,Zack Hess
p_dbfdac64929fc7d9165a7b65,Harry Rutkowski
p_38ae9aaae1226a08a29758f5,Jose Zerpa
p_8a899525dbfeda3216f31aed,Darwin Cruz
p_f5bd955f7b600cc96d7a5e87,Tyler Schlaffer
p_304e37d806d62be8e9b06bc4,Braian Salazar
p_1c3552dc7b2c0cec5f58e4a6,Luis Polanco
p_ce2679734e84f9c354f4d05d,Alex Blandino
p_d0d3c0870642a9c9b13812ef,Garrett Ramsey
p_91ebb185f66ff28b9db953be,Seth Nightingale
p_e5e03813a6f7a4e011b11ce2,Tyrone Yulie
p_ae8932d71a488c5c24088876,Luke Young
p_0f8e6e2ef2873f447d4b73d2,Brian Gursky
p_430e5df9e379b418be4ae6bc,Omar Yanez
p_e38fd9cd2271f1436d8f45a6,Elliot Johnstone
p_20ee2ef18cce2aefd5398baa,Garrett Irvin
p_c5faf3170cada71cc17892e6,Adonys Perez
p_c1d5590da1d23f9fc54f2a6a,Juan Polo
p_293edac9e8b07a5b3206d234,Gleiner Diaz
p_e6e8795e3ad91f817c9a4c20,Jacob Odle
p_8f806fcb0827bb10e11fc58d,Rafael Garcia
p_f5b6b1db9386877f19afee9c,Deyni Olivero
p_837f490639d3f539477eff22,Jordan Jones
p_6e0cc1acba397cb648d51b83,Zac Addkison
p_477e6769aee4a5a1c778a4bf,Matt Hickey
p_8526c03646792d37f9881060,Gregoris Chalas
p_51e113c64ab854cc55e7f87f,Luis Nunez
p_851d479ddf69107c89f9932b,Angel Reyes
p_67f6dee8653697c285858582,Jose Bello
p_24ecf273ade87dbc16219ebb,Deretd Parra
p_d9c25c247eddff1b57f1a374,Jose Chavez
p_b9eceee4989ad471380d0d81,Yarison Ruiz
p_c3650ec2f39477232dc82685,Mason Ronan
p_0179ca12155c4aa03b37a760,Case Williams
p_9af7f909271ddd0e62f83164,Jake Bockenstedt
p_cebbcb95ed9282b85d8110b7,Benjamin Dum
p_b5ed50f5681e40486d2a1264,John Creel
p_d9bc25ff83d456da2e57ccda,Marcos Tineo
p_68aca31217d4405f068db017,Sergio Sanchez
p_3509df3a119d0e0cdcd799d8,Grant Judkins
p_11781617e196f101385d6824,Max Bain
p_01c45b3827b5c805b1942e81,Carson Carter
p_b64653a5655fd29366389304,Alexander Beltre
p_db14af3a393ec95332ee8543,Mason Miller
p_8620e4ca3b9305fc09371363,Yadiel Batista
p_041e43199ee851a75e5f61c2,Conor Dryer
p_0c38de7a81575349188c69ed,Jimmy Kingsbury
p_280ec8205a2c0bad20c54608,Brooks Gosswein
p_c8fe69d8d976a185d66d7fc6,Josue Carmona
p_8a28cc9d054d6434266361a0,Erian Rodriguez
p_5b6041f99df8b1d7f89635c6,Julian Bosnic
p_1f303dcd3d4a26334a529ed0,Dencer Geraldo
p_e0ebf0d3f502bc55c9316007,Aldo Ramirez
p_cab66e1b89d8caf0cd3ae635,Gabriel Cotto
p_aa3710cd1b35c89f25bc999e,Kevin Garcia
p_9bdde6065586edc90ead2bbd,Henson Leal
p_37ccbf3870e493ff1b25f41d,Anthony Bello
p_00f907ffcb0a7b1fc8bf3f77,Zach Veen
p_b8247a059b3d4e830e8c0205,Jose Linares
p_ee7e26bd6b27badb32184e63,Junior William
p_aafdd666564f9ced5cd78896,Luis Romero
p_125af28fd3d103ef53362f2f,Bryan Pope
p_8c6d2a3684beb6dad8ee5a87,Casey Cobb
p_ed12332ca81a971997d5b370,Michael Dominguez
p_9dcd8a7504248079763aa713,Nate Tellier
p_d7230e48513fb9c7d753b047,Jack White
p_d3ff4d83469681e527295cca,Sam Knowlton
p_5b8b97c6b1083d1a78d2ecac,Andy Rodriguez
p_30c956832fb10213badb6dff,Pedro Almanzar
p_e27ddf1959e55a1ad4ac07d7,Camilo Hernandez
p_abd47545d09821f209c8b536,Luis Ramirez
p_4d8dd0f99d1fb1412f12ae28,Eric Mendez
p_e0f380afc79d35d33f797cfb,Tyson Hardin
p_80290cefdbd7d76671e4736d,Felix Cepeda
p_96701aa2a7ba3d086562aae1,Ryan Hawks
p_f6acd4af28dfce593c7c187f,Alan Mundo
p_539dd1ca0c1431e694176664,Colby Langford
p_c14225d6df08d945f4be24df,Baltazar Arredondo
p_7222684edea3ee126e24f91f,Anderson Comás
p_44b73ccb8a734f9ce07c9fd4,Pedro Reyes
p_859c4566331f4525d763395f,Quinn Brodey
p_01315bef92047670daea2512,Osiris Santana
p_aba82b1b1b1f20a298e4c619,Luke Boyd
p_3c7c7bf49023b379716f6e73,Anthony Garcia
p_873a51eeef30e52a8760ff38,Dawry Segura
p_b97bd39e059bc920f7077f8a,Frander Veras
p_91195bb60bd20fbe3c8c297e,Garrett Edwards
p_e75cd1286fbc7d059c89d4c0,Jack Aldrich
p_720a3af07abc7398841e0aca,Rolando Gutierrez
p_35eafa0b451894df7fee6e0e,Bryan Bautista
p_c2c57661d975227ab6dd0b91,Robert Wegielnik
p_f55a4091fb9df13567383736,Josh Wolf
p_43f40cf4fe8444918d182aa7,Moises Rodriguez
p_56c14a8f931d50b2836ee582,Brayan De Paula
p_ac3e58e782b5e77a1ecb881a,Gregori Montano
p_0a8374faa2db930e1f77e26a,Jackson Leath
p_016b8820513360cb95bee9fd,Keegan Collett
p_1730c6e26f777f853391e4a6,Trayson Kubo
p_04f853e0ad467c33183c41e9,Thomas Farr
p_89f7a88fa634aaccd19bd714,Ettore Giulianelli
p_d1a9b6568064d0aaf300eaab,Jordan Jackson
p_238639c9c9701d4aa962656d,Eliezer Rodriguez
p_261efe5966494b499aed55e6,Andrew Vail
p_afe9f7a7cfb796b009afba00,Jose Gomez
p_6f866f215b9502e84b73ff04,Ben Hernandez
p_7455a8fe5f6e5fb530419505,Accimias Morales
p_b0167b37327bd55caefe5e93,Jack Parisi
p_db885a0d02a7391707847187,Jakob Brustoski
p_b685b1afa01abf8e1293597f,Miguel Fulgencio
p_bb15839509cd23824fb18aca,Kevin Dowdell
p_7ab561d528a8102135c6d465,Carlos De Los Santos
p_c1726a682685e7170808c0b0,Chris Clark
p_e9407162d5a26acc0ef99e6e,Mack Anglin
p_3438927c573aea08b1ccd8be,Marco Jimenez
p_677a1924e95704ab629c5a94,Alexis Liebano
p_2897023dd376d6ac7bec67ec,Ronny Robles
p_f42e16ba942e56ca49d859e3,Bryan Rivera
p_92f107c48448d46ab370a62c,Braxton Hyde
p_ae4634aca7ed8021d50c99e9,Anyelo Ovando
p_dd278f5b8aa4e9df56b9bd47,Michael Vilchez
p_3672943adcecc330ec8b67ec,Logan Hofmann
p_689821bc8cc8285f3fec410e,Elijah Pleasants
p_6f6befd0ac527067e4a7c58d,Dalton Fowler
p_3f56f851c1384c5ee310a06a,Omar Gonzalez
p_c7be09e724a992596b676ffb,Blake Dickerson
p_54d1aed76e0d69d95e5fefdb,Luke Bartnicki
p_ec21d9624873711ef9a92e2d,Wander Guante
p_d4a40bbb5548170300c82eaa,Nelfri Payano
p_49ae2fe6ff04a11acf99352a,Luis Martinez-Gomez
p_1f98d23029423d5dd3d597bd,Edgar Isea
p_7c0ad96772a18a1c8cb22f21,Jaycob Deese
p_75bea257d5f9da4ff99aa231,Christian Ciuffetelli
p_fbb1e76662b05959de5e35aa,Matt Turner
p_ee87490e7d9d98a8587a9834,Joan Gonzalez
p_3f3be497d7fb14100ef3b170,Chris Lincoln
p_3b1eebc406543bb7a49908a1,Miguel Cordero
p_646ea2890bb1f384e803d1e2,Elvis Garcia
p_8cbd1b4b9dd5f49aa07ed916,Roiber Talavera
p_bc12fd46dd3c872844b821bd,Kevin Rodriguez
p_4ec5d05b8249eed3ae03ee34,Gregori Louis
p_13496e264deb60770410497e,Logan Campbell
p_7343adeea47061b3f981f31a,Santiago Ramirez
p_1a3d54f1dc6d2e7e544941fc,Luis Rujano
p_ebb2a7ca90160135a9c080c1,Jonh Henriquez
p_e28de828dcea362f4b51112a,Brock Porter
p_1ef50608de962c7a9a1bfd8b,Hunter Breault
p_a532f0b6a9d914c25fdabb7f,Elvis Novas
p_ce12b44cc0cbb7ff3ed2a648,Augusto Calderon
p_1f37998447757ec8605a2242,Dylan Nedved
p_b02f6d498d1823b1a180c2dc,Nicolas De La Cruz
p_6d42ae544acf9056e30cfb18,Yoljeldriz Diaz
p_cccf6c02bd4c75d44f201a40,Ismael Agreda
p_143f44e6ba81f6f81712abe2,Brad Case
p_bf274c9ef07a50e2a9bea4a2,Josh Swales
p_761c623fc410f82102facbd6,Madison Jeffrey
p_ff90559f5fa8a38f7d625148,Will Gaddis
p_296d5360614e142ab10e7378,Kannon Handy
p_f84d661979cce65baf1104fb,Joe Joe Rodriguez
p_24d10987383e93fd0788650d,Miguel Valdez
p_79b7b73a2b8f9dad6e1ef7c7,Luis Cohen
p_c37fee6ae1228c4ce26a961d,Sam Whiting
p_722f9633466389ea0784062a,Marcus Olivarez
p_29f471fcd089ba396202c891,Luke Savage
p_7795c4b724ab052d03fc6ce0,Jesse Wainscott
p_95fd412700f1a040404a5f28,Maceo Campbell
p_6199ba27e22b066b76b2393c,Will Sandy
p_f9678d4c77f0d6ce9c6fad83,Everhett Hazelwood
p_d97d26e67afd96b7c491613b,Cobi Johnson
p_41d8bda9b08efa32fef854d9,Ben Hecht
p_b36047f734619fd3ea312215,Grabiel Salazar
p_159d6abe6a7d0119476fc062,Josh Harlow
p_d3c56d289d06d5d3cee3e20a,Aaron Holiday
p_b92ff28e96231d47945d8cd3,Jose Luis Reyes
p_3fa274ef78ed1d381650269e,Caden Scarborough
p_826e683efb767405151b9f5d,Pedro Santillan
p_7d1b60ea3867372b7e664df1,Cade Kuehler
p_b7f384e3cfe4abdd8fa81866,Brian Carrion
p_6ee0ec644bd07204b9c944d9,Gijs Van Den Brink
p_aa79a9d47ac40d4503aaf815,Ezequiel Ventura
p_d32c483bc6a3b89b0391fdf3,Logan Lyle
p_184f7092311dc77c4ed94d04,Liam Doolan
p_9f9539bdfebb5885460955b5,Enrique Santana
p_15db453df0e180c151ade548,David Bracho
p_cbe2e625d9896b21f038e04c,DJ Peters
p_ad782f0ea5d0e165a2892c2c,Jaime Melendez
p_bf2728157b750729a4dfb63f,Jose Ramirez
p_2f3f4c85e549da04a6ce72ff,Chris Ellis
p_9d42f7e15a04879ac0dafe54,Eric Prado
p_79e3122bd8127990b64bea1d,Chance Huff
p_57cc88d754ae53b9d13f514c,Jake Pfennigs
p_50d88e47b5f07ed5f88b717a,Walter Ford
p_47a3f331e6c30e31f5c56fb2,Fernando Guanare
p_586150bef5a0ff64c21a424e,Nolberto Henriquez
p_e52b5a589d2e1c70acc75aa4,Eric Foggo
p_885fc99e5d90796617441ae1,Maikel Hernandez
p_76e3f975e5dcf6b408a53ca6,Chris Barraza
p_0e3c46e19788dfeb2af5c960,Jholbran Herder
p_e26da45cda7667f3a2faa285,Grayson Hitt
p_619b5d764c3be9c78114f2c9,Yerry Landinez
p_bbf732011e2e885422516911,Steven Echavarria
p_c0c5c3b67b6325b20010daa8,Reilin Ramirez
p_bc9e5004e45fc1353b36b464,Gerson Calzadilla
p_0d1e3457ea2e592056f67179,Chris Williams Jr.
p_0dcc2554ff74cbd7998c7c78,Pablo Mujica
p_d77134cee3f6994e38376e56,Donys Garcia
p_d279658abbf23ecf17c2c813,Alejandro Manzano
p_4c3e46dc15c5d8f436601470,Hayder Ortiz
p_c66b477ec320c24e29cd0c56,Franklin Sanchez
p_1c99afacac69e3f5772caa01,Elvis Polanco
p_0e93d6a6b0b53be8d4453a14,Redinson Gomez
p_cc71aafb8069d0327b8e1211,Samuel Colmenares
p_6ce4f152dd6e7f49045e7bdd,Christian Ruebeck
p_f0b8823df95a0256144d77a1,Miguel Guerrero
p_01f84b10bbd9f9b31177fc7b,Yoelvis Burguillos
p_810a16db6bd074cd5ad9332a,Nick Bautista III
p_d45e20db4507cd06d5ac7b97,Luis Vizcaino
p_f717944ea741076ded48414d,Sam Ryan
p_a0f186fe9268b0e960b7cdde,Sammy Tavarez
p_a08eb409503c848818f2a456,Angel Gonzalez
p_d0e34cf0b40cb87de231c1fe,Jaren Zinn
p_ba60f20d81290c7bbb421ddb,Garrett Apker
p_ddb212c8f8a6bd281843209b,Jake Gozzo
p_5089e311daf1fe996d98f866,Horacio Andujar
p_155e3bbf48bbeaa31bb113df,Sam Thoresen
p_d8f6622914d723336c92e217,Darvin Garcia
p_5e1674d87fbdb6704d0ee3cc,Sean Heppner
p_60c3fa3dcc2d8baa538540f0,Ryan Langford
p_529d34b58b8ba08b54cb7c39,Julio  Marte
p_2dcd9a854cfddba6f33f4a3f,Sergio Morillo
p_84d38f00a513f4020193a678,Brandon Herbold
p_98756216b3659877cc44cffc,Reggie Lawson
p_63143c07c3f3c4dd79603125,Luis Alvarez
p_c796e3d30eb2510e9099be01,Alex Rao
p_63b1a6191cd45ea151b16a04,John Matthews
p_4d885fba327932af04efd7cd,Natanael Polanco
p_ebb1f89648c2c60aa362a9fe,David  Landeta
p_5d85b3c06069d083673072c9,Sergio Umana
p_c9ca81e84fa1f4994799be4f,Julio Zapata
p_166a671bfabf178ae193df34,Zack Matthews
p_ea093abbcbbd27d8d96ba3b4,Liomar Martinez
p_2dab2f8ffa26e2bdcd32499e,Jose Pena Jr.
p_ebb73fd4b56f3e08dc041d8f,Liam Jenkins
p_b0812741dfc1f46f6b2204d4,Raúl Rangel
p_fc98f1d9799874c676c93cc5,Francis Hernandez
p_df0e944070e3ed64a80013f6,Stijn Van Der Schaaf
p_09b9cf7a817b988fbaa2d6c6,Jose Gonzalez
p_cf2da283daa9f235645461c6,Dioni Baez
p_c3856988556abdb80bb38467,Ben Serunkuma
p_0fed0955772ba472d4293499,Samuel Fabian
p_4c85a8764a3caf897397b7df,Yoniel Ramirez
p_14c555fde38d17d7239a2208,Darwin Rodriguez
p_7a708914ba8d4d75fd3d2a50,Zach Linginfelter
p_a92291244edd79bd911ff3cc,Quinn Gudaitis
p_b1d45f9cd651172cdca27089,Jordy Arias
p_e13aa0dfc2a08aa895de315e,Cam Day
p_577023584df3b2bc5c2905f6,Juanmi Vasquez
p_16148e0b853dd4f9dc9a1c64,Riley Davis
p_287d7e09ee3f9149f21ffbfb,Fraimin Marte
p_94342be4216414384238e510,Roman Phansalkar
p_f1c8936cfeccad5c4a6b6de3,Jose Romero
p_691bd4a645232609323d6dc6,Gabriel Hernandez
p_39be5a5c4ef82ac8f97843b6,Aneudy Cortorreal
p_fe1e164f3c15d93232a5c946,Harrison Durow
p_0209c90306878df0c1176ab8,Eccel Correa
p_d444804c815b86b999be0db1,Aaron Nixon
p_6b22b9ba32c7b97d8048cee0,Wesley Scott
p_81a1041b33b90db0d3a85001,Giomar Diaz
p_0e03a1a59ce0dba2b7077e68,Euri Montero
p_1d34e343332e09804fd58bc2,Ramon Henriquez
p_86dbfbc338c69fa20921581a,Cristian Galindo
p_c2b7e53fd9cbc75fe48b7b74,William Privette
p_6ede1f6b00a20446512db47c,Matthew Helwig
p_e94e099e019d05c967094ed7,Drew Garrett
p_05835bb0f92886f3ca1797e8,Diego Hernandez
p_ad18fc80c9eaf9556618c5d7,Wilson Cunningham
p_cb6425d0b7d6af23effae25e,Brennan Malone
p_945e11ea000ca1004ea1e912,Jack Masloff
p_46c49336f0a7336d358bf61f,Henry Gomez
p_44e7324f18c970d8ad2fb8a5,Brock Whittlesey
p_2cd37b86f7a0a40a24008488,Ross Dunn
p_cd27a51f48f774f771ab7651,Christian Edwards
p_c827453d9c5a0a7c34d8cffb,Eddy Alberto
p_db007057e969e0e67ff1e0a1,Jacob Coats
p_6d33c47726e676bf37a8ae81,Hunter Viets
p_64259c523564494cb78a7972,Jesus Cruz
p_c69bbb44371ad87b11304a24,Axel Andueza
p_da5e0372b1bd8bbbb98dd678,Jeremy Peguero
p_81b9a9054141f75b920a1856,Jose Betances
p_1cb09207ac0ce351f57ca2f6,Alejandro Hidalgo
p_711e0e8e4816011e1e83fd7c,Ulices Campos
p_588eb653f53fcb43dda78c2f,Michael McAvene
p_78fec89076d6fcda46682b25,Juan Martinez
p_2d12fe1596add98a8df09610,Adilson Peralta
p_f62f775fa65da2c5c0a6ac08,Kolby Kubichek
p_b467fcadd24a6e294c2abf9d,Kinn Omosako
p_06c77a2adc0472ea08ac3580,Jiorgeny Casimiri
p_32ab610239641fbb8fcbbb34,Denny Lima
p_7ee14f59476ec0217e831465,Julio Bonilla
p_8caec8596b9ca7bd766409f6,Aldo Leija
p_347c9d9735ef99bc41dc8140,Chen-Hsun Lee
p_dc14e01bb7d9d1e8eec380a6,Neraldo Catalina
p_5aa28cd021b7b496a49e2fb7,Tyler Dyson
p_1d96843ec625eb8c75b434c1,Norge Vera
p_335fbcc5b9bb4fc684c48ac6,Spencer Mraz
p_9b925f3d54308ad20f868d97,Yimi Presinal
p_50b637d02fcfe8d54439e8ce,Joan Ogando
p_9d3547731595f20eb0c3edcf,Livan Reinoso
p_7211b6f794d514caae8ef5f8,Joey Lancellotti
p_45dd14f5490889c72ec71e8f,Samuel Valerio
p_5b40145eeb129b32ad6913bd,Keegan Zinn
p_9a1f18a54a9b139a6a7df041,Eric Garcia
p_80318617d03d0b82e425593b,Riley Cooper
p_112961d3de2c58f1dc9dd266,Jacob Meador
p_cf4d1423c319acafc7105ce5,Ezequiel Jimenez
p_ec4575bdf10558b25ab3728e,Robbie Peto
p_11d74f97cf35148b9488328b,Christian Avendano
p_830ab16e6a2d4093aebb419c,Wilson Lopez
p_15313a65984c7751ace4e41c,John Wilson
p_fce744fbd3e1853e30096014,Felipe Bello
p_86ab6fb15ad250668be3f412,Abel Mercedes
p_1c5d92d87bc126e69dca35cc,Carlos Guarate
p_5ec4cfac389808a62f6669c0,Bryce Hubbart
p_0e0416e5da90665c54aa1c1f,Kobe Robinson
p_e28825f8eb0f771c10c74a88,Steven Sanchez
p_9dd424adc749285c19794a85,Zach Cable
p_cb58eddfa6f65b6716a1b8cf,Felix Cabrera
p_558758144d02d379742cba8a,Graham Firoved
p_cb51beae82f3af81babf0749,Kelsey Ward
p_640dc569b4b2c08027ec8685,Cooper Adams
p_26d47f8e9c83df0d95034561,Eric Hildebrand
p_043d3e09e721b017e391420f,Yovanny Cabrera
p_e4720a8bbd769f2d519d55ac,Javier Fuenmayor
p_880761e2c29a3ae7e56c6f1c,Pedro Mercedes
p_6c234397909183f5acf3f635,Wilton Castillo
p_988239c9b55969dfdf39e198,Lucas Gordillo
p_6859fef00ae16da9cda3ddcd,Jesus Querales
p_5c768a0d8ff980e5b5f01d65,Alvaro Benua
p_e3aaca8f7ea1a7411ebc4a76,Evan Lee
p_1ac5185fc6cbba7163f317f8,Enrique Segura
p_277857fb80b5fd2bcca439eb,Shaddon Peavyhouse
p_530db627f68b531d5d7b67d2,Nathan Landry
p_f764c07c9b4d28327d954489,Dominic Scheffler
p_7ba7a1105426b1f6891f2b4c,Julio Dilone
p_656ce7530f70434636d2b7e5,Edgar Castro
p_5c75bce7a6b1bbc5170c37ce,Matt Mikulski
p_cc676cb152fe23cbd7a0e0d3,Manuel Mercedes
p_3dd55a91c13084c09542f0ed,Jose Varela
p_738ebff6464bf885cb7f962c,Brayner Sánchez
p_fc41d52e6e7efc32d0307e10,Gabriel Agostini
p_3cb643cc85f074e9ad47af76,Ruben Salinas
p_13d48af562c9c6a59d692a42,Danny Moreno
p_d148cfeb6ffa7bbc844b237a,Mark Timmins
p_cd8aabf90faeed2a2f151a67,Samuel Cruz
p_da471a5aa60e9bf02d7c25f3,Manny Ramirez
p_18047b1754f282c642039e8f,Victor Cabreja
p_dcdac8bd14ce3cbc7737b96b,Enmanuel De Los Santos
p_a208a85a8aaebaf12ed3589d,Jose Regalado
p_298b58627bc3a68d6dc48842,Allan Saathoff
p_a85c278cd0f19c52518c64c2,Dylan Lesko
p_745ccd623a5eedd8182dcf08,Bryan Perez
p_d4a3b565d0ed5aee8fb0605c,Christopher Vasquez
p_4d2f642ee29c399565d6140a,Jesus Rios
p_3c2fc38076ba5fec99ab3dfd,Nate Savino
p_b2990987490ac93e847808c5,John Lynch
p_7a644d57a50205f46f72473c,Eduardo Tovar
p_8d686f6ecd3eca16fc1a5192,Pierce Banks
p_9b9507e450243aa0d6abe10f,Armando Vasquez
p_903ef2fa1e569aa948101384,Joseph Hernandez
p_35af6494a0456d27b0d76288,Jose Nova
p_e0c22e58e626a9905c2a6180,Jake Smith
p_e1d4dc2ed718b07dc82fa347,Jesus Castellanos
p_609fd6831ed135547875f331,Alejandro Gomez
p_64975156c525096fd0104e57,Tahnaj Thomas
p_b6d697bded1680fcb388085e,Henry Henry
p_7f7467e8169138af4b77020a,Gabriel Rodriguez
p_536bdf11d791747b1d608f93,Doimil Perez
p_0f287e070a2dc2512a49325e,Samuel Vasquez
p_c5bb7af92cac7decdf294cc7,Luis Barroso
p_468ba974010191342c5a4218,Victor Basora
p_636ed5df31fbd7c8af19adc7,Tyler Morgan
p_165e75dc68a388b9d8ab6baf,Adrian Ogando
p_a67e99c0fb19fa6a692724d3,Owen Stevenson
p_537e5c29b9f91389d1d88f06,Juan Cota
p_12307360075fe47963503dbe,Dylan Hall
p_b69594ff1005da144a89357b,Marcos Herrera
p_7d6e01f5b8c193c6cca342e9,Ian Villers
p_ea20730a3e41a2826256bc55,Darlyn De La Cruz
p_054611eb11b8b1fdfa6219c7,Malik Binns
p_50bf9099d33562e5bf570157,Jonalbert Rumbol
p_c634f174390138c27afa6621,Guillermo Villasmil
p_383f188b4158221dc3f11c62,Logan Bursick-Harrington
p_3025cf9dad2dbb12e196c776,Maximo Martinez
p_936af7e887ddbcd8a782f020,Joel Ibarra
p_064085aae0d8ad5ba6f587e3,Kelvin Perez
p_d12ed0c376dd2305e5e96e16,Francisco Morao
p_fcb882ffbfe8287acae8a715,Darwin Moreno
p_5bf17687d1d3367ae27d9921,Junior Mieses
p_5b12742912bf3fc7c50f2a86,Ramon Sanchez
p_b9c2791bffb0d0bf848ff7b9,Mauricio Estrella
p_f77cff64d377ecf43c238543,Naswell Paulino
p_caca9f8b5d851f40d17651a8,Danny Flatt
p_8a04909c6167fd1342d255ba,Connor Brandon
p_51fece24325f8a7f5d26264a,Manuel Alvarez
p_6bc547f5d89ed1e8b6e4e6fa,Marcelo Valladares
p_b5afd5b92c059b0a3c270021,Carlos Garcia
p_fbcceb2a2b3fac8c88a464e5,Gage Stanifer
p_ef580383b34de84a0bbfeae8,Lisander De La Cruz
p_6823211946004dba03fbe6d8,Luimy Munoz
p_7f6e85bf974066abe1b8dd05,Yeriel Santos
p_43c780f098a8f42cba8bf3d0,Gunnar Groen
p_82e11c06e9ed7ee4524a7389,Jairon Digon
p_f8d8fc41a73cce380e69cb11,Daniel Guerra
p_b1bc0460ad63658d4d965e43,Kelvin LaRoche
p_970f759cdac6381da53a3e86,Cesar De Jesus
p_7c985c43872c22f7e7255795,Carter Rees
p_bd5308f13f2f79365bfb54d7,Jack Owen
p_50eb7c0e8f249b5a5fe0b5a4,Francisco Mercado
p_26acb9313d1c6ed507382f24,Marlin Willis
p_525851870b525017e6fed5d1,Daniel Figueroa
p_701714e26f5f2f1613cb9772,Nazier Mulé
p_42d5da4acedc3cf95b0f26bb,Kai Wynyard
p_7ed5638fe261a0c49abc866c,Deybi Salcedo
p_fe687a59cfa3a858364554e0,Edwin Cervantes
p_c914ad82922209919f328d71,Engert Garcia
p_7f2fb054ae1e4234d0a9c19a,Michael Rodriguez
p_7b07f2345bd0e131a0eee539,Mario Zabala
p_7ea90496c40920e459f788d1,Maikel Miralles
p_9c5701a7077e080f9680c54a,Luis German
p_374276a4e1a707aeb96a4dde,Hayden Merda
p_5524c0e14b504428dfb49000,Elvi Lina
p_c0689aec9e48ffbf2de8cacb,Benony Robles
p_ed7d785508e44d885fe8826c,Luis Alcala
p_d44cccbff5c37299ab5a068f,Simon Pacheco
p_45d62fb85a4ef39c196a36ba,Evelio Hernandez
p_652b1c8aabbe0101a3172ac6,Henry Valencio
p_fc76f92fdd719fdc6141e87b,Tyler Kennedy
p_e7be67c67d4e15a8035f6419,Jogly Garcia
p_e357e12b813a1425a072288b,Jordy Luciano
p_4531876b30c6538a6160bd89,Emerson Talavera
p_ea03491488b57b9a913b45b8,Claudio Gatier
p_bdb81b5fe0f9963d4aa14ed3,Eliecer Bata
p_c748b28e6af6d5fa0bde3644,Joaquin Tejada
p_11881aab85c8f5d0602048fc,Moises Brito
p_282174fa99e4db58a5e26d60,Dillon Larsen
p_8cc2de153a85e9946055343f,Teddy Stankiewicz
p_8317dddd07a4ba5a09e907b6,Wellington Guzman
p_142028df0aedc815bbe78df1,Will Frisch
p_d918af852974573415f7eb12,Jorge Boyer
p_ea2d69636973b7887601a641,Dairon De Jesus
p_c7d1e07e2b60eb34305536fd,Kristian Cardozo
p_214676d70c5471eb4a6ae2b4,Yehizon Sanchez
p_715d355f81c42a0e454f142c,Tomas Reyes
p_fa0ccc66492b5f03e93b2c79,Edgardo Ibarra
p_3ae7ab0535acd72fe2f9b274,Brady Rose
p_79d2a9bb49138d34a61e2d29,Pedro Marquez
p_58967ad274fb5010686e7568,Jean Herrera
p_b728804e6bd6ca1fb5e8b446,Nomar Medina
p_ca895dd0c31f801b28592203,Quinton Martinez
p_75e9a8330e72104b5c5a84e7,Manuel Cachutt
p_2a4d58a47af7d9a9f5bd1e1c,Miguel Hernandez
p_eeba7299151b7cbe0d5374f1,Eduardo Castillo
p_11ce2e32b5394a4fcecccde1,Keegan James
p_50e5aa15b7090e89c0e5bd2c,Franyelson Rodriguez
p_14f5560e408a5c88bf04eee6,Luis Jerez
p_dfba56d3911112d92d8e8f7f,Drake Batcho
p_c16e9b2d3555b8540a452369,Ramsey David
p_5dc36102df2b24657761252c,Luis Tejeda
p_2cb16567d5c13600a67c0729,Victor Villanueva
p_4d30670dee15cd18b192134a,Marcos  Fortunato
p_7533cf60f6a52b19eadbea84,Cristhofer Gonzalez
p_17a1c9332d0d5890c66f276e,Harif Frias
p_5fc005ef846c8985e26d629a,Roelmy Garcia
p_673f2a69ddea0612befd8c3d,Connor Butler
p_20cf3013be50e81833e27205,Cole Hillier
p_55f1be8031fad0104ed09303,Hunter Hollan
p_7619c5f3efeb30eb100ae95d,Adam Smith
p_9dc2c0f28ac8ad73017955cd,Steve Hajjar
p_9ce81df949293dc20a146ce0,Ernie Day
p_6bd647d32b2387c29d700e66,Randy Berigüete
p_4fc56a2089446b095eec9b39,Anel Cabrera
p_334c579ba156aa7b309f6a23,Joseilyn Gonzalez
p_ecc530084d8ad2ca32c073b1,Carlos Sarmiento
p_322485e139f89b6dc4522878,Waylin Santana
p_48e4d193cd7965ff32ba8e09,Enrique Coronel
p_894c39a5e534ace63f71febd,Jesus Garcia
p_7514a6635aa30bf1a14b39d7,Brandon Schaeffer
p_fafaa1eb9ee4f52608772088,Ricardo Quintana
p_a5fc6fc5f06221652d6c2bf1,Noelin Cuevas
p_8bb8a136c1c8a73511571059,Bryant Salgado
p_61d64faa7dfee8b58fe9192c,Fran Castro
p_c567bcebee735ddf72b51669,Alejandro Crisostomo
p_bfefd9d2b12a47e0620b20dc,Reese Sharp
p_0f41aecda248b60d1ff5f9fe,Francisco Lucumi
p_81db52156cea7f6dce490c7a,Luis Arestigueta
p_b320d3d5301caaef83c3003e,Issac Solano
p_9484f2dfb27b482d1e26fc09,Noah Takacs
p_360a7f4ef3f0f91d187d66f3,Pitterson Rosa
p_783d3ac5898b83b8edb29255,Ubert Mejias
p_b5e02c24e0c941c0fadc1e2d,Christopher Rodriguez
p_f10a5bb8d1a6d9850d89c218,Reibyn Corona
p_19994080fc0beb4ba059b1a6,Drew Dowd
p_8797c35279c65793a42c8f6b,Hayden Snelsire
p_ffa0e88aff35663c30c61b2b,Jeison Pena
p_cfe85703a5025fd0836ae481,Luis Diaz
p_d7a4269fa93db14fd49c22ed,Frederic Garcia
p_86cdb71375ae452484289e1f,Jesus Escobar
p_3b2ff93cdc79cb9f18fafc9a,Ruben Castillo
p_389bd1ef85691ac09e7ba6d1,Josnier Parra
p_6989197398573aec00d375f8,Darlin Pinales
p_65553af94f2239d49695ffb9,Jimmy Reyes
p_c952be697f5bf3afd9f6b586,Wilkelma Castillo
p_4676916da8d212f6b5355303,Andrew Owen
p_ff26bb23ccd08f53332d368f,Jean Calderon
p_d832e34e674d5e867dc20d53,Isaiah Jackson
p_fbe0ffb39e2f1608ed21dae1,Juan Abreu
p_08ee1db1e08fa39afa9ccd35,Wilfred Alvarado
p_f79cb72657243767b8a0e8be,Khristian Guevara
p_3ba4deb08f9e25bfb9176854,Jol Concepcion
p_798597b723b909c0d91f5284,Matt Eckelman
p_dbb068dc0e845eb57eee5030,Ashton Izzi
p_fbe0958895ed08b35c8246f8,Kyle Wilson
p_94e0aed3422b3cbf9c3e4d4a,Michael Trausch
p_21f93bfeb879c63938ea2f72,Francisco Pazos
p_99cc2037ed943b1bdabb1b22,Jonathan Russell
p_9ec4961597b98046ff7fe25a,Wilber Rodriguez
p_609250682105d33a25db8cb9,Alexis Valdez
p_e1fb2abb8da01d369f58170c,Andres Silvera
p_ad12866ebdcd6e4b63930c7e,Tony Locey
p_aec48d509c2ea58ea8a4cb5f,Shawndrick Oduber
p_9f905292c415e16ecb77fdbc,Chandler Arnold
p_2a06cdaecf5ed2a6a89ab061,Jhoniel Serrano
p_e684361a82f6ba3e7ce1a95d,Alvin Nova
p_086cb6551f7b87dac21d6af0,Eduardo Soriano
p_9abedd71a7dfe08c30d94997,Jonathan Batista
p_5d20445436307f7308559823,Anthony Imhoff
p_bef7c0fc10e9fc59f2315eae,Carlos Calderon
p_132c6319976f47dc0654afc3,Jacob Kroeger
p_f83934fe32b66af6d8018646,Wyatt Wendell
p_b5586a88e17848c61c6438a2,Josh Gessner
p_4e0dd5b524ed9ef881b9cc92,Joel Machado
p_93a3fd9f50129c0a70b893a8,Gleiber Morales
p_73fccc56185b7181f7b256a9,Andrew Huffman
p_481c8c73bf28c7f73e2c8fda,Keneth Quintanilla
p_5e1b5f12724f84b603123e71,Miguel Pozo
p_a0bf952099615e2d9e2e9d7c,Morris Austin
p_3a494ca1d55909a958fd61d8,Simon Leandro
p_de8d44053c0fe8dfa0480185,Bryan Sanchez
p_1d0884acc0d1bd826cf7f61e,Michael Valverde
p_a6cd53312832d6b2df41e4da,Liam Rocha
p_f5634f94d8129733cad8c0d9,Jose Dicochea
p_79d5379d9c95d54bea01cfd6,Keyner Martinez
p_87356e87321ac29c08f0dde5,Jan Hechavarria
p_9cd55dc78da09eab38f2890a,Adrian Quintana
p_8972d8e58631b8852e42d31e,Kikito Severino
p_44403ffbd5405418e3ea9d2f,Jeffrey Amparo
p_8d6787176a512978fec0ea94,Michael Alfonso
p_05d8ccf51ffc732de7ae8837,Igor Gil
p_16e9f875117c26f951ecbecb,Darlin Alcántara
p_ea077d5d923883c58100e57d,Caleb Franzen
p_6bfd49905beb507e3006749d,Jose Ramirez
p_9eb3661a8f1ce02a9de947b1,Aaron Cohn
p_5f9ad8eedbf6a07f8c87d003,Luis Carrasco
p_18eba53845c79bca547fa058,Sandy Gaston
p_60ea2d225b312b36f0515acb,Hansel Rosario
p_8b21d10f4fb2e765af5050b5,Kendall Williams
p_6b5b81ff8103cd070a121feb,Ángel Vargas
p_914c1b6d726a5e55cecfa559,Callum Wallace
p_9f1a898cf1c319ea4e8afcf6,Kristófer Bow
p_6247ab1c4540b783340eae33,Brayan Restituyo
p_029197b13e7a6f11f2e94de9,Yanzel Correa
p_1057f429bf7ff4b003ece03f,Michael Saturria
p_2f1e57718b182c23acad2ee1,Bernard Jose
p_cf92f1b38d61e3277a868d6a,David Rodriguez
p_efb3310e064b596366787e77,Daniel Mejia
p_1d345a056e3ff8414371f7a9,Garrett Brown
p_bec73b060b238e87b636b39c,Jhosep Chirinos
p_71da2258aa434ec58b18aa6e,Ruben Menes
p_79bfd153ca42665e8d5fbfb7,Blaze Pontes
p_8215e4be47043f0f286b8270,Tyler Driver
p_556f4245be69c6c8b5d6df22,Jefferson Jean
p_9e38393c0d727a49b0ee6697,Bryce Warrecker
p_d30521c769a9045f3eeb8105,Sunayro Martina
p_f3fa64a03b21ff67ef7c3baa,Junior Cerda
p_c072e0cf4013d63d46c1aa43,Franklin Marquez
p_b81e12235c1b1c6c81d264e2,Miguel Alfonseca
p_f5517e1608345eafd8d90234,Alex Ayala Jr.
p_9e726290b8d37274dcf85041,Pedro Garcia
p_1914fcd943e6c48b704929b5,Jeremy Gonzalez
p_bb2705292136cc214b92a2f7,Jimmy Reyes
p_f139f1bfdf2c291630dfec29,Johan Moreno
p_ccfb3e6b8041e1808fd1c018,Seth Keller
p_10a9852569307175d2aeabcf,Angelo Martinez
p_e74dfd55a8f6f5590bcd8a32,Gabe Emmett
p_651c694cb3887f4c5d01b008,Yordan Nodal
p_555441a9b30bf76c3001154b,Engel Silvestre
p_febaca0d39bbd930c4d4dbbc,Casey Anderson
p_1ac605877928b90049c0178a,Connor Prins
p_2a484ecf84346795df8c88cd,Leomar Rosario
p_f3dd93b50b8b93bc07abde55,Jesus Lopez
p_61c198e2a8dd9db996c968ad,Troy Butler
p_58d6fd9457b2c02a174f562b,Joel Canizalez
p_568fa30e90c4c8c3b7bec91f,Miguel Mendez
p_4ade4299aa4a5f89927b257f,Dylan Questad
p_36b8582d30f8fc0be126978a,Darling Florentino
p_8800b9138e7d51715c0f510e,Elian Almanzar
p_cba3fff56083622a8e59b9f4,Manuel De La Rosa
p_30f2e63b0120aab3058ecadc,Manny Rodriguez
p_f51ddffd09728621f182d483,Genderson Almonte
p_e0088395ba2c3450e321e561,Vladimir Davila
p_f3e857f19b4345257f37fdad,Leury Tejada
p_f234aafca350676310be8b6a,Jonawel Valdez
p_dcbff2b481af3882173b2602,Johnathan Rogers
p_fbf50e45d6670ea751f1def3,Yenrri Rojas
p_897a4df2228e8d5f314d24ec,Victor Soteldo
p_75570bdb0088b58ebbcdae7a,Javier Santos
p_64a45b96d37e8edb6b75d40f,Dianye Florentino
p_42c401255c81e68f38aa6efc,Luis Bermudez
p_2e15fb715b28ec777b1fe46b,Carlos Molina
p_3268c5f475eba339cb6df6c6,Moises Lira
p_8de4bedc23a30170050bb7fc,Shane Telfer
p_0cd6dbaafe5be6e6bac762e3,Richy Valdez
p_954f8fd1ef8ea9c195f74ca6,Ryan Chasse
p_ddd3a3b7dde3e48ef7919b82,Jonathan Edwards
p_f9c10d8b28ef155ce900148b,Jose Ulloa
p_7e1ce0b695cafae55b15b2d5,Juan Veloz
p_a51042857cfacf6b0c5719b0,Nicoly Pina
p_2e5e194f5265ba93d44853dd,Dylan McCall
p_d05b7a0eb651ced64d3c73aa,Starlyn Pichardo
p_c3c6caa0c2b416df2221270e,Tzu-Chen Sha
p_ebcd71b6f08db760eff0e9d8,Johan Otanez
p_596c1830fd52c2f77bc16e05,Javier Atencio
p_df73959eaa412a5c9295b06f,Alexander Johnson
p_d91c3857c8304bd255ca1571,Miguel Gil
p_d916312db20d2fb99c3b3a9b,Hendry Nunez
p_810001ec7c4be7ba890f7010,Hunter Furtado
p_c6d03ac38d60f782d99de849,Ty Collins
p_3c10cb55b5b10d772043d5bb,Michael Limoncelli
p_7ba2864177ecabfd4a0f9c7b,Liam Simon
p_a4d73c839acf34d8f67609db,Antoni Cuello
p_2c670aafea733c6ae1e42b6c,T.J. Czyz
p_1b202fd5e8d126c52b30ad37,Victor Farias
p_e0f89f9fb9c610605c398748,Will Stevens
p_8c1455d3b8fba6e311eba8bc,Dominic Hambley
p_ad61d18f4a9a40d10aa2b2d3,Gustavo Del Pozo
p_a9ad1c143866df15ae4b2e2b,Evan Elliott
p_ec503f883d2415330e81b9c8,Luis Tejeda
p_a1e6ad7b94b7c2da7f59d2a5,Adam Shoemaker
p_a377ebf1f5843486de476ccd,Jordan Powell
p_9a2c94d4ecbcdab3da5e74e3,Santiago Quintero
p_1f0bc01ec55aecb1bfc554b9,David Morillo
p_16824bc5792f9d67f912b608,Martin Herrera
p_b94c831140126f03bd8eb935,Pedro Alfonseca
p_6aeb8923034dea622dd54614,Kevison Hernandez
p_35b0426c9b0ed98dcd2c6cdc,Dawel Serda
p_a0851926db67e09a9774cf4c,Peniel Otano
p_bcf8a8bc0b9a0004550e9d30,Anthony Perez
p_6af242c40cc7f0b00b92ac2a,Eybersson Polanco
p_e643927a5b115f733a6d40f6,Michele Vassalotti
p_62d26042016c71ca1853e9de,Reinier Parra
p_a638305fd22a857e26568c22,Luke Anderson
p_a186a9aeb78533d9645c03b1,Koen Moreno
p_e0b7b83e0bd21d39b4ce2436,Owen Sharts
p_c78321db6feb7a52ec0b3a9f,Estarlin Rodriguez
p_85b8854ebe11fe4da1ba1902,Cam Tullar
p_8da494b80bc93e451e7a4862,Marshall Hunt
p_d716c94c02815999998a2ad2,Orlando Gil
p_99f09d6b43835e32d20e141a,Wandy Abreu
p_6430d8f7acdeba7ffcf3b938,Jhonny Martinez
p_cbcc6a906a9c5b90e8181f4f,Francis Marte
p_eeedd10b1565e9e4b71d37a1,Lorenzo Encarnacion
p_bea818086c7e2303511e6b61,Edwin Moreno
p_78cd9cb3c5a87ec546c4e4fc,Fernando Ortega
p_b056d23d4255a7434bbf0b37,Jeferson Lopez
p_faa2b80f6cdaf60015d604e1,Jean Munoz
p_2a31277fadb441bab1699b03,Levi Kelly
p_e6f82bb52dcd16279516bf4b,Alejandro Cervantes
p_52fc44cad857c8ddd6b6a671,Aneuris Rodriguez
p_0e3be739c92c12489b91eac9,Alejandro Méndez
p_4edd2dd8e314e63969c1d623,Cesar Ruiz
p_d20b79857d4a22ed4cbdb47e,Luis Cesar
p_e4612944a555fc56e5cab527,David Tiburcio
p_cd917607882d350742de831e,Abraham Parra
p_2d8a764fbe5116997f0a07a6,Tomy Sanchez
p_21762af442af4aa786125716,Wander Ventura
p_24632a102d7f82b6c235d945,Leuris Portorreal
p_61658060ba339f650bc014cc,Brett Lockwood
p_91816d72a88dca165a4b5acf,Sebastian Javier
p_2570a702380f37a148b9805f,Darcy Longstaff
p_49277a3e8c627e5ac22b1cd3,Cade Halemanu
p_a9601dc328e7e0a9bbae4cb1,Pedro Figueroa
p_f26d8819343291cd8230a14d,Rafelin Nivar
p_e4221a421db98a4514e7b15f,Derek Corro
p_73ba84e703ce216dda312c1c,Orlando Barrios
p_5a4399883e4a2f3cccdef9fc,Diorys Guerrero
p_1d5b2aa6041dae27edc354c0,Lluveres Severino
p_cee7b18cc60268faba344e6a,Yorvi Pirela
p_eb594213ebbd0a5ce995e216,Carlos Hinestroza
p_3c2c599f2d9a6db8efd04f93,Eminen Flores
p_4d94743803f35b6c4b0ba490,Michael Peres
p_5632894421a9fdda6c05b790,Austin Aldeano
p_7d0a4c4d5d76b1f53b3a05d0,Eris Rodríguez
p_84673896c4d7a3a7dbacff30,Andy Luis
p_2a8639076327c2cd9586920b,Yoendris Gonzalez
p_7a4db620955ae850a191906e,Wyatt Cheney
p_18c1ee14bb0f534d5653237a,Luis Martinez
p_9e302df129c57ed301b33a79,Yency De Jesus
p_f2df82d7cdccfccf267a4574,Renaldito Florian
p_fc86f40e855b45c805ae4c57,Omar Victorino
p_f93b201402733d2b4fdb7dec,Carlos Meza
p_499b73cbf3017c910b3646d3,Edrian Robinson
p_7b6b511eddaeda27486bc565,Reny Artiles
p_80b8ab206d00824dfdc98ade,Eudry Alcantara
p_a88d058d5053d6fc40734a0d,Camilo Sanchez
p_f643992084e98b29b107119b,Efrain Polanco
p_582e2e67d92e25a5989fe25c,German Fajardo
p_d0f708fd86613c2ac1e7b06d,Raudy Rivera
p_670545f38cc01ba5c9d55fb5,Jesus Jimenez
p_46b4e5b359277adf81804f43,Juan Reynoso
p_7fe02a2f2bd163239c4f7c80,Luis Talavera
p_ab9d68d032ee4bf8bc484a38,Breck Eichelberger
p_190a71edc4f94f6aa9cdc9e1,Juan Severino
p_8bf3a95f43bc7f925e1cc21d,Sarlin Polanco
p_5fbef57b7b6b3b6f5a1560c7,Jesus Anton
p_3b74bd80698792c3bc9ddf85,Orvis Fernandez
p_829bddb5fde9c88f4c93ceae,Mason Pelio
p_bbbbbea9083850aad19eaf84,Roberto Garza
p_677d09a781c1f00d921b902e,Yeury Tatiz
p_3176b1a2702922904cd2766f,Adler Cecil
p_e5fd9b629664d4a3f46d57a3,Yon Landaeta
p_512472ed817dc0adc8fb4864,Logan Britt
p_c2252591bf6e4120a82fd0a4,Junior Flores
p_3d3ff82cf7568ac81c6a7c19,Kyle Larsen
p_6731887d1a31b835c7a67321,Juan Sanchez
p_bbf11e8994822b1aa23053fd,Biembenido  Brito
p_7a8f7cd42597eac910174100,Jorge Morla
p_4d046dc60b1d1f3439bd6fe4,Henry Montilla
p_8d36c1934f0f571d52260fe8,Claudio Scotti
p_9571b54830c7cce194949c03,Johan Rodriguez
p_a6097ee5ab2dc76051a3b261,Bjorn Johnson
p_bbfa6c391146dd2e0c4f8a44,Julio Ramirez
p_8b3a9a7de78f8253b09486d0,Eliseo Mota
p_228f712783bd1e70db3e0cf7,Jesus Silverio
p_1aad0dd73f66a566a9c15a5e,Diomede Sierra
p_e26042499369723a08726bc4,Abraham Gaitan
p_efb7d9163568aa4b097793fe,Raudy Gomez
p_6dd33aeccc9679f2c2878db0,Anthony Morillo
p_3bb8688ec7891b99f6825b96,Jose Ojeda
p_55521859966251a46d251169,Jimmy Lewis
p_546c42707fc475d8b1d66aa1,Dallas Woolfolk
p_a8b52657913bc7515e4e6b92,Cesari Moreno
p_ac8a7a19953bcd36d5c4a42d,Abel Brito
p_ae6215c8ee59d0b67e604f6b,Cristofer Soriano
p_c32e8fb11b82494ce3286788,Adrian Solano
p_fcf8bb4380dc46a0b4b6af86,Felipito Santos
p_2ac8224b2914ffa38ef5f914,Bryan Caceres
p_58f0bcf3cbe922e4b34f454c,Juan Soto
p_803053b52ef9b4145a29b3b6,Alfredo Romero
p_1ecd2e0d31b49bc361a4a0c6,Jhon Cabral
p_00e95924253eefbc170c112d,Diego Dugarte
p_372a22302029ef5138a42905,Rodolfo De La Cruz
p_940665fdbdbe588e825f6577,Donny Troconis
p_42694909d214807e0dbb9ab5,Mathew Peters
p_d6e0b708cb214e9744ed27fc,Denny Larrondo
p_19aff69cf36a2bae9e606865,Charlie Cerny
p_5b73d61ba3dc004f2bea8b65,Ismael Yanez
p_be18abf5d40ef6fc0bdad23e,Jose Leandro
p_1770dfb55c4c1d87006eddae,Alex Makarewich
p_a08899e2164f806b47e99ccc,Mason Denaburg
p_131b75e8240c8a56d16dddc9,Jhonny Jimenez
p_8008a5da0e76be4dd703aa6f,Brendan Morse
p_f318aaa3ece54b84dfa08254,Franklin Pérez
p_5329b7cbe000c129db1fa39e,Angel Alfonseca
p_77bf94898560978945105a4e,Maxwel Hernandez
p_c4c5e8eab9a9b96f62b61860,Carlos Brito
p_14387db459a4c76ce025bf62,Zack Austin
p_cf463067230282d761a29361,Andy Maldonado
p_ca3af1d40ae71229e3493643,Chad Bryant
p_4bf1e7d5ee9f05b9d1fbd263,Alexis De La Cruz
p_273ef387af298d11bd77b339,Manuel Perez
p_2d1a6c72f3f327daa1d63a54,Aneudis Mejia
p_9654fe85d25f1d8d68062c75,Jhonny Felix
p_7ff99b10de7dcfed6a3d0f97,Dylan Wilson
p_cb8c27d9b20954e7b8f3d605,Leodarlyn Colon
p_936d938fa3a486e6427740d6,Ben Petschke
p_b8aaa1695ba8348caa1da3f3,Luis Victorino
p_4369055923b01a819a3c16ec,Marco Patino
p_5790f2c81a7641869b961321,Caden Vire
p_29c020f942d9ea1d6ec7037f,Jatnk Diaz
p_779a6cde815bd7bafd91a9ec,Denis Reguillo
p_53849d79a024fcae3698d086,Mason McGwire
p_76289b58e3b1ebe2e8be46df,Vitico Valdez
p_71a9af529c4348c0dedb35c3,Omar Hernandez
p_4a20d2696eadef2ed13c6ad2,Langston Burkett
p_aaebb2fef0536b317491e316,Travis Sthele
p_895a6b3d4c76140c1124dbc9,Yonfi Rodriguez
p_48c9a3c7613704c0187dbc5c,Enderjer Sifontes
p_1dde3955b630ea0cc3bf9b1a,Cristopher Cruz
p_ff4a760b29af35430b1ba7fd,Raimy Rodriguez
p_50234701a85df03b07e64235,Fredely De Dios
p_55e0801743f337c80fe135f2,Wilmer Blanco
p_4f3f87ec75ed286bc0f11164,Mauricio Veliz
p_01776fc87c1cbfa910a49ef9,Wilme Mora
p_9715190257a324daba8e9a4d,Develson Aria
p_8bd23c6dcc9202ac7e1d56c7,Yefri Carrillo
p_19f2b9fb7b77556d8319460c,Ricardo Montero
p_a5ca068942f6270750bca8f3,Jose Rengel
p_f7d5678908071c3a190b58a6,Jack Maruskin
p_349f246c6d88268bc2ad3f73,Ted Stuka
p_f3b4496f6018c26c5c083c5c,Ronny Oliver
p_3ff1d7d482d623aeb18da628,Alonzo Richardson
p_ef8479a1ed4ff99cdce94a28,Cristobal Abreu
p_1b1b10f03b266134e5eaf474,Tommy Ventimiglia
p_1001337403216a1c9d661d60,Osbriel Mogollon
p_91bed2a70f630e05a9d81314,Sergio Caruci
p_7d05af062112501e7dcc8e0c,Albert Breton
p_ea1a3d6229b2247600839b67,Jovi Galvez
p_840e1b053fe942de491a2e1c,Bryan Polanco
p_8f3f7f0572dd95992f03057d,Andre Sanchez
p_bc7f5711d76c0c3b6ec9360f,Jose Garces
p_798c17f3538c38149f83c348,Brock Jones
p_3c695f892c9306040baeacea,Gemil Santa
p_82ab4eba3a0906ec300985f0,Nick Bitsko
p_6877413d3184b6d416e19bbe,Samuel Dario
p_88ad6c93b494ec1cb72857ee,Jorge Geraldo
p_9c7a5b01f6a1cf11cdafaee5,Jorge Guerra
p_acd0c7a95f35b2315023552c,Zhiorman Imbriano
p_5345f74bcfe600abbf439169,Brayan Medina
p_efcc79e732847c9bcfa58d6c,Yoscar Pimentel
p_b3704302e3e8ad5f471b1603,Jacob Cravey
p_aa186d500b181e9328e6cfc6,Miguel Cordones
p_638e293121cc24fd379bb6b3,Riley Bauman
p_08299bb98cde5f5688866069,Yonatan Pineda
p_55e2fb0e8a3aaa3fe726219d,Roger Jorge
p_3e882aab601087c1e5dc3bec,Josue Arias
p_46ea7be70d666d171e6cd29e,Carlos Mateo
p_31f39ccb8705755101f5afc8,Jose Contreras
p_7ec9c82ea78d29d347caedd6,Henrison Mota
p_9a011a2a7538dd82e1551790,Felix Castro
p_257dcb7ca67367398a0e3145,Jason Bonilla
p_29f26a066510194e25b6c5e6,Willian Colmenares
p_818c4c6a9933e18e85e87431,Francis Texido
p_71b2c084c005936695d38ba5,Abdiel Medina
p_27df0c1a251297afe037a6ad,Paul Wilson
p_dc0e11bbd4c5d87fb6bc65ab,Darling Solano
p_ac520252d831c95b55d7aeca,Juan Pinto
p_8cd6e55e5578abe4288d8d3a,Dheygler Gimenez
p_cf525ceb96b25f9f70ff484f,Tom Reisinger
p_6d3799a48887047f0b1676dc,Rolando Casihis
p_4176d36a9e7e959410eefc6f,Whilmer Guerra
p_a9585b74c4df663243671b3b,Genderson Zapata
p_4e2bd333c72b08b3e8bd3e77,Cesar Ayala
p_9b0b565a74e6c7fe2fd7c79b,Abel Fuerte
p_6d0e8a16de31970a548bab72,Frank Moreno
p_9e9d7cd9ee337d4562b548ab,Elmson Candelario
p_f06b8715cdda49352fd62d20,Daniele Di Monte
p_a335d0621cd4b61ed6007380,Samir Chires
p_2c8412c1b1c54b1bfb0b4095,Jhonly Taveras
p_473ad53dc36f6ba47768c694,Gabriel Torres
p_602825345ca1a78fc0911a94,Miguel Mora
p_7b071ab34504d9ea067c8b78,Drew Conover
p_fa6125b8a410b9b94593139b,Henry Martinez
p_7a88167112594cef4caf23c8,Felipe De Los Santos
p_243911d6ea18a98a0173e9fb,Junior Pina
p_9235e4761e88c90a3ed5eaf3,JP Wheat
p_9ab92087e2b4c2ee2de1e642,Haminton Mendez
p_d1a116541e5494c08d12b8f7,Carlos Lopez
p_6c9befb825eb204b8e3dbd7b,Miguel Cruz
p_f8a4d9f6f45e0c03aa8038eb,Jose Meneses
p_5d6e7397f860f2c47dbe92df,Justin Militello
p_8143c5689e5718515c9fe8a6,Erick Reynoso
p_5de7cc91ad3a4851224c5047,Freilyn Silverio
p_dbf6373067e60956f0592beb,Adrian Acosta
p_6c12304244ca8884c52c7266,Nixon Encarnacion
p_8441abf86117ed9f96598ff4,Ben Hess
p_95bb70d5ee54955384f3e0cc,Jonathan Santucci
p_33885b8a5697cbe75145eec5,Daniel Eagen
p_eefab76d206fbb20ca9aafb3,Ryan Sloan
p_740328392257fff35c7d3a7f,John Holobetz
p_be4ec98000a3a3f3466dbf3b,Kelvis Salcedo
p_dc63a761192e018a0ae3cf02,Luis De La Torre
p_b2908bcf541ad5853067bc79,Griffin Herring
p_a52eef0dff04b69d0b0fdbb5,Khal Stephen
p_2f02c25f581eeb47ef5a0440,Johnny King
p_7207c8d635b22a49cd10a36d,Ryan Gallagher
p_8e2c09f3f801c1e709e41218,David Hagaman
p_177a2e30cf817025734a54e7,Brody Brecht
p_b8a4de0828d1f38be035231d,Brady Tygart
p_391a6dc4e36b5bab9a4943a4,Wei-En Lin
p_38757b3c73e4f6359078ec46,Brandon Clarke
p_8a25bb8d5487a30d8c610cf9,Braylon Doughty
p_f8b705f42c0c08e7c6aae698,Drew Beam
p_c24bf38357df3ff1a8b7c31d,David Shields
p_9ef7db59d58368b0ed64fd74,Kendry Chourio
p_35f123cedb2b0c8d79e9a87f,Ramon Marquez
p_bb4a77e5ddf64e407f387e4d,Matt McShane
p_0477409f1936750cb6ce8c8b,Eddy Felix
p_96bb7144881ec577c38ee8bf,R.J. Gordon
p_447ae21f9155c6b8c0018fbe,Grant Umberger
p_a875785f3bf6fac7ea571903,Jaron DeBerry
p_f0b4bd55534dd31e5da94f2f,Kash Mayfield
p_5d8496a132379285b022898b,Bryce Cunningham
p_233c2d087376abeae9e0671f,Erick Leal
p_3ac22d0f5d51ebbfb6500e06,Mason Olson
p_20ae4f9136d75a8fb69e5dc9,Yhoiker Fajardo
p_c5a628658e3ef8d7a62e34b0,Jurrangelo Cijntje
p_7d2c4e9ca3cba14c852a08b8,Drake George
p_b14cf0a962a9b3bb295db852,Bobby Olsen
p_576bfd1b6b36f975b7547ee4,Mathias LaCombe
p_ff7a5790c4a028956feec538,Garrett Horn
p_705735df97b0ee565cf2447f,Chung-Hsiang Huang
p_2631416f89c375951577dfad,Luke Sinnard
p_d6c99824cb5ac826f43d3986,Dasan Hill
p_ed19294a6ad9b9d02b15f8f7,Jacob Kisting
p_b95eff7d1b3b6dc73dddd7d9,Dalton Pence
p_51e79164c248a2919be140dd,Greg Farone
p_174dbb78545faaf28e075658,Cole Peschl
p_defab266e0e42fe9e87796e6,Brett Sears
p_ceb876cf50badf9118292bf9,Sayer Diederich
p_9cae4166a6721a1abe1b0aef,Esteban Mejia
p_d61b0a04e99379c36aacc2db,Braden Davis
p_1c0e117b4903ba393ce035c8,Reinold Navarro
p_b8f7c16ed1682aa8b8dfc45c,R.J. Sales
p_99cd2bf1182a5f39f76b0889,Lucas Elissalt
p_4f8edf7196af52f6f8bd7aca,Gage Ziehl
p_a8d1bab9d205336838573cf9,Dylan Jordan
p_ed931268b1323a7878a4f054,Dominic Niman
p_0473d71d2debb8bf908d992f,Jostin Florentino
p_ebd1c37bb0e1db9ff9cf74b0,Ben Vespi
p_fc2e5893eb06bb5e3ef2bf80,Xavier Rivas
p_704cb0899be003e9716711bf,Stharlin Torres
p_dc69a2f442a17559a87c75a6,Jesus Travieso
p_384c0856c51dc831be047db4,Kade Woods
p_22359b94cc60c2b32c810aa7,Chris Cortez
p_dad5d28bd0907b9ca100fd7f,Sean Matson
p_9e9405c1bb80e1d641d4e5b0,Austin Cates
p_f759cde68c0b6b6059131edf,Boston Bateman
p_ea4e97449196d714fb258544,Ty Van Dyke
p_a580199fe0b9e34b39d76264,Nate Dohm
p_b56580739ee481cd7d18ae3e,Silvano Hechavarria
p_97322527a43b348ace1724a1,Shea Sprague
p_55710be07a36f02d69eebfcb,Isaac Lyon
p_47f9f156a7cb8a1d3bdc348d,Jakob Wright
p_304c82b1ab1f5a0565734f36,Aiden May
p_6ea056d807e924236f60f757,Zack Morris
p_acf5cf466e80d741660da7c5,Dylan Howard
p_493b93884d405e59f0d5c7a2,Tanner Gillis
p_3d3b7627366acf3779b1d31e,Wande Torres
p_d647a1cb32afb2c62864fe38,Austin Gordon
p_744da19da4048391a9e7bb2d,Marlon Nieves
p_c539e9a6dba82548a9956244,Clark Candiotti
p_fa787f444e21ac2a361a3eaf,Fisher Jameson
p_67e536e1366c6d9678b9cf0a,Reiver Camacho
p_8b0ba42ac060090f7807d2ea,Jack Hostetler
p_ef74f749a1c4c68059860cea,Wes Benjamin
p_03c99fd3c425912772350703,Darwin Rodriguez
p_c5dd090e229058426238975e,Sam Rochard
p_fd120a6995dd60faf3cccc9e,Ryan Magdic
p_bf04816eadbe163daef0ba17,Logan Tabeling
p_f8946e6fb22a370529f5ef51,Ubaldo Soto
p_7fddf216e00edbd290567f82,Ty Floyd
p_e32b57e5b3a4ef892450d09f,Ethan Dorchies
p_f91e832ce37fe4fc4579d3bf,Ryan Dromboski
p_30b434b59cdb6f3b10ebd5e2,Darien Smith
p_9c266b72cf13e16f2db56d05,Aidan Deakins
p_f8396ce9d79ef119d0fb0e20,Christian Little
p_0dfb9c47342e6b483cdf7914,Nico Tellache
p_b7553e94016e5cac14102aad,Charlie McDaniel
p_e6438fc6b861188df3d5ed2c,Ruddy Gomez
p_98534a9645f07c8a0af900f9,Keone Kela
p_760c48aeeeb2f320a47e516c,Javier Perez
p_bce453d5b423ffd7944a4597,Brandon McPherson
p_bdb029e1ac9ab77fd32297c6,Argenis Cayama
p_5f29d5ba29fe1dc0bb276b72,Brooks Fowler
p_dda6eb923fb9f775030d272e,Blake Aita
p_53ecb78801d5820e0913f98f,Everett Catlett
p_aeb96df4420d7358b80f87ae,Jack Crowder
p_3a796f1d2a68b769d79123d6,Dameivi Tineo
p_7e6b3594185ab73cec0ec8b5,Joey Oakie
p_5cf7aca6305023bf38cf9a19,Nate Payne
p_6571f788e31708e2d87b074d,Trey Gregory-Alford
p_1d422e0ec0bd4870d80f09fb,Javen Coleman
p_79c17a13c59e407d5b4a2aba,John West
p_efae721a3b19d309167d8a5f,Travis Smith
p_63df573f35e9ebeb9106f223,Jace Hampson
p_c1635ec14c044a46a0f567ad,J.T. Etheridge
p_2b0e91aaa11fe5983b0515b4,Brian Metoyer
p_b2bcdfe8f993b8680f559971,Bryson Dudley
p_5c7b6effa1362ceab09fe398,Manuel Genao
p_a211c7eb18c92f9acb8f3258,Brandt Thompson
p_42cd84ee5eb46f976c9ab932,Brent Francisco
p_a80d2dbae566cc68fb0e9dd9,Tyler Ivey
p_af8ed498688b56907e633ada,Joshua Quezada
p_f744c24940407596c1314c16,Trevor Kuncl
p_222dc213a8e3a2c58c8130ae,Jackson Kirkpatrick
p_acf450cb25c8e73df694ea07,Irvin Machuca
p_1e299e2d3cc8c2827062c79f,Phil Fox
p_0a44c76cd16b0b0e9140cb7c,Jackson Wentworth
p_f90287cb6b8e2c6fffcd7ba1,Cesar Aquino
p_1be80853f8052f74c1cfa768,Tucker Novotny
p_5144f1e102cfbd8458e5e215,Jacob Edwards
p_9ac935d7f24f812a1fb529d5,Michael Carpenter
p_009c0a74a4e4fe1381ea8b0d,Cohen Achen
p_b33d7be3ad664cfdf89f4352,Bryce Meccage
p_7c78ef3d88228a7b3b067c68,Connor Foley
p_646aeeca100655d5755c5e8f,Brady Smith
p_163c8e505e7ba5578d5ced96,Mariano Salomon
p_2c27d80809d53304798ba5f2,Josh Sanders
p_cb8ca2263baaed60f5944762,Chia-Shi Shen
p_82a8bac0a03c5a18ad25e9dd,Owen Proksch
p_f73f31be5ba128a0e1594939,Jesus Gamez
p_5bf8180aa611c388ec78d42e,Cole Miller
p_d41dffec5ecad6f8a6a9e937,Evan Aschenbeck
p_a4fd1393eca77f533591968f,Ryan Slater
p_69fd7ac5ff92d972cc0268d2,Mason Burns
p_4889049bbf90628a982c995a,Dariel Fregio
p_d3f0e622e8f1e705230bfdfa,Ethan Flanagan
p_34ad76e72003495bae8b9685,Matt Tiberia
p_837b2f83bd7fccfc15ebecc5,Christian Lopez
p_e6c251d0e154ed0922b6f140,Yuhi Sako
p_67b2032070dd5490bcb53138,Logan Mercado
p_2fe09dddd76d16fc7af8043a,Luis Beltrán
p_0bbe315455529509c9b8483a,Janser Lara
p_da3228a685c8f46cc99b59e8,Jonathan Stevens
p_494e90c31078819cd2bdb953,Dariel Francia
p_dd772d5ebef51d39ac05a7f4,Isaac Ayon
p_53861602b36306bbdd3b605e,Carlos Carra
p_55376a35bcda902cc71be126,Jon Olsen
p_b5ffd1ecb08a748035493467,Brayden Risedorph
p_36e28f007172898558341662,Hunter Dryden
p_90692cd2acecfe894adeff66,J'Briell Easley
p_0c7cb3ca2b09cd43962b5398,Tony Rossi
p_47dc414449c717991e5e821a,Luke Gabrysh
p_e9576f0aced808fd135850e1,Lewis Sifontes
p_7b51e4eaec7fe2c1125bbba0,Ryan Brown
p_b6f6fa963f2a1d70fcbf4e59,Luis Aguilar
p_3e4d7a42c777b35d6105e5f6,Cole Reynolds
p_69f14cdb55da63335ed2bcd8,Conner Whittaker
p_3ed98ce8c39d8e1c2a39ea6f,Grant Shepardson
p_69de874535a35dc85f263d5d,Danny Thompson Jr.
p_af5acb205362c92af41d9412,Yoel Tejeda Jr.
p_2a4f67322ba95915283057c3,Bryson Van Sickle
p_f4a50b5fa4fdef6cc2b8b344,Devin Futrell
p_2101154805a31e3d2254c279,Jhoster Baez
p_47f21328a46574f0f2e3b878,John Gant
p_5c2c75507af261665c3d3c1f,Tanner Smith
p_a705cebd70120f1ce41ccf11,Erubiel Armenta
p_6ac61f2e68cb74cd86b41d43,Hunter Hoopes
p_73faa9ff2da7da8171959930,Andy Fabian
p_4e925a0272aed449611e5bae,Jesus Lafalaise
p_6722196c48db51492efe4baa,Yermain Ruiz
p_a2ba7cb17d66c9ff3c185652,Daury Vasquez
p_2388a757ac7e4225e34f215a,Elwis Mijares
p_24cf9891736eb5d9eb184b07,Beau Blanchard
p_97a8f278c376752d372cffce,German Nunez
p_e9493a0eacefc40ae734d13d,Trey Pooser
p_9215af7971e2aa834d1a6a89,Myles Caba
p_9c0119ab2fe0fd46236254c5,Fabian Ysalla
p_c11e1cc890cf2d80c3e12502,Jadon Bercovich
p_00f8741234fc78b9f1f7e201,Eston Stull
p_a0c46b63eb995dc04477bf68,Will Cannon
p_51c9285b6fc62ae0f810898b,Sam Garcia
p_da375cf44446353f4c1ecfc9,Ricardo Estrada
p_decc8edb51819d6ee3df9c56,Jose Guevara
p_cf47d77ca63b5ed35acaba8f,Nate Wohlgemuth
p_dea48ffb92226fb2313163a1,Christian Herberholz
p_37e1de029e0f725f31ea107a,Wuilberth Mendez
p_31e5c3b3293bdf6e9b2dd9bc,Bryce Shaffer
p_19ae76e3971bd5866870fc2c,Aric McAtee
p_5c48dc2411edee89c762d6fc,Lebarron Johnson Jr.
p_46bdb160323a1969441b43b7,Jake Shirk
p_bce99e88493314619dbbe53f,Roberto Perez
p_2faf2dc7e3c4fb4abe642320,Jefferson Moran
p_9fedd8d47a2fdbfd0b6f019c,Kevin Davis
p_77cdb64e810b82e053c3061e,Nicolas Carreno
p_d14cfd32e77498675f0b5332,Noah Beal
p_65f3f0b595a2decaf64f9764,Dennis Colleran Jr.
p_c30f5cf397adf9bba51f657a,Parker Smith
p_6cf8cae0faa185ed61cde8a1,Troy Guthrie
p_fce1abc0af8a2cd904ffd9a7,Cade Citelli
p_88ee463356725ede8ebbcf56,Chris Veach
p_980af8ce120d8fbbfe234f9b,Kamden Edge
p_f1a36091e6f30a2ee0d20999,Alexander Campos
p_41ac439a91b0226a294d3363,Adrian Heredia
p_0917545783c35b8e801dff6c,Trent Buchanan
p_e76bb960260e89459863c193,Angel Perez
p_74d750a8e51698c5c600a74a,Cesar Rojas
p_6dcb3ed52b5970831d7dfdaa,Eurys Martich
p_ab8e4e1fec6b7a1f452dd8a6,Tucker Musgrove
p_990c5f5be522aff5e3f51868,Kevin Camacho
p_64697a3c29bc97ba9f0d7dd8,Jake Gilbert
p_cfdbfec7e3192707b5bf6041,Tyler LaPorte
p_5f8150057a47978970db2b82,Nick Trabacchi
p_d5499123078487153b2f5194,Ben Peterson
p_0b07df35665a963a58dd2ad6,Brandon Decker
p_7e7ac24b540ce3138835b42a,Adrian Belen
p_00e07b4104bb5586f227d5bf,Javier González
p_c84fbfb0e0f0fffdf74a378c,Antonio Florido
p_b68991a585d282d2c2ac08ad,Jose Serrano
p_257d9e4a60ecde7a71710550,Clay Edmondson
p_51e6bde560de6173af134089,Dawson Netz
p_317509d62e95f93c677cad56,Sann Omosako
p_564f802316c0f49ca6d73162,Brady Kirtner
p_98f424f13c38d9b84e83af63,Jesus Clode
p_50d184e32ea9fad23a352269,Jorge Herrera
p_f128f40512f55d4d4389e629,Brad Pacheco
p_4abe64816ef70935b72cc53e,Carson Swilling
p_24f45cbee421204f9ac9c617,Xavier Martinez
p_d53425404877252c9c4e7bc8,Ivran Romero
p_c07232cf6a572d386272652f,Kaleb Corbett
p_cf1b771870475a96283e50aa,Victor Zarraga
p_ac468f15cf273eb11fd838db,Geury Rodriguez
p_e099625b439a2c0e28ffd7fd,Davidxon Lara
p_f247dbbee7ecffa22af0db41,Enyel Lopez
p_a65b7f67dd381412ea40db5f,Kevin Warunek
p_be3a646070463e07ed7d84c9,Jonathan Clark
p_1818e3487dbc85e5aadf7429,Austin Marozas
p_fb421d275b954b6da18dfecd,L.P. Langevin
p_5860f5f2e1db17c528c8b1e5,Bryant Olson
p_b3a684128b297faba7dcd8de,Tyler Hampu
p_c79e3a06f93ffc60a37768a9,Carson Myers
p_7f9a05d779a349cafe97fb35,Miles Langhorne
p_ac14f4e1966b6f04a44163c7,Calvin Schapira
p_86bffffbb933c9d6177b52d8,Andrew Dutkanych IV
p_b63ea2a805877784c92b3869,Luke Johnson
p_f6a8816dd3aa9d7baef8d206,Leandro Hernandez
p_1a1b794aece9e97eb00a0421,Brandon Downer
p_2af5a6e7ee54a75d1a8e916b,Zeke Wood
p_eb3542bcc8d805b0f815b731,Tanner Jones
p_6e5acf3537949024024555d7,Jhon Medina
p_f621272eb88530f7063bca66,Vince Reilly
p_96a5acffbb79c3e6774bef6d,Cade Vernon
p_65f691fbad9f5912af7a865b,Kyle Ayers
p_6fb8bff200ddccd775dfc8a7,Riley Huge
p_8b6ce8afdfc119d0e6ae3d7b,Danny Hilario
p_7085c66b1982a0794d372374,D.J. Carpenter
p_6cfeca2b4a211743c1856905,Fernando Ramos
p_831aeea0d1fde17b65e1e581,Michael Caldon
p_6240b2ce7fe56ad68fd3355e,Matt Stil
p_9157c75be71ed7ca7b339d00,Matt Dunaway
p_8279f50f5aa07959fbf496ec,Marty Gair
p_4d2bc114e2fab6e0f0e06ab4,Logan McGuire
p_a3b745020683d3060e2197ee,Jose Cabrera
p_b71c38c48cba5df298edd0c1,Niko Mazza
p_4fa01e6953eeefb2e92f35c0,Yereny Teus
p_6851a7bd4d89b07848e5755c,Franyer Herrera
p_97d6bfdd57301eead7814d42,Yokelvin Reyes
p_c6ee1413d11b4239af6fddd6,Zach Murray
p_1bed3202ac6783c1d5debc61,Mike Villani
p_7dace6bd956c52681256782e,Carter Rustad
p_4c4852d7a9d65ddfac952cf1,Jack Young
p_df2d1be841e5c6de2a1cbaab,Cam Walty
p_53a53e4886cb3f772c145419,Garrett Hodges
p_f6863b9bf96002ccff128677,Eli Jones
p_381894765a5c48547271fc0e,Tyler Renz
p_cd36275a2373bdd4549af308,Burl Carraway
p_2da347b08e893b7306d2fb11,Marco Barrios
p_524f2cdc4cc9b4641a999f08,Jermayne Verdu
p_37f151a85625c55d544dacdf,Jose Martinez
p_b8203a87bad6f480ecdd9321,Jose Feliz
p_dbdf34580e5aec341a355b1b,Michael Ross
p_02478fa6dca952fcc2ab7045,P.J. Labriola
p_86d91364bf773e9436b9601f,Jorger Petri
p_4471cdc5462a6873b09fcc81,Dylan Hecht
p_5a6c072aa573da4bbf296504,Wuillians Herrera
p_2899023979cefc2fbfa0186a,Levi Sterling
p_c799be1f40828d5c71c5e7ac,Cody Morse
p_1457d0793007db28045f89bb,Diego Dominguez
p_6f205fc48e30f92ce361a35c,Liam Paddack
p_5df722dbd3892ac84aa29ad0,Moises Palma
p_8f4e25b4648eb041657650fe,Melvin Cuevas
p_ddbbca3dcc21a3228efa71f7,Josue Lopez
p_119c2c8f5e376d9b554940ed,Bryce Alewine
p_10bc4d533362de9ac3966c7c,Vicarte Domingo
p_f48ab7a369a866bb6d94694c,Maicol Reyes
p_b795ffd5f5a8eadeed1138e1,Xavier Kolhosser
p_1ee976f513c3841b17238d3e,Luke Fernandez
p_34979fb64c21445710c3d73b,Ryan Bruno
p_7e3c65e069f1929d38310051,Brennen Oxford
p_57e583bb2814337e3cdecaf1,Yulian Quintana
p_83167c28af6e8586c3554e5a,Ryan Cabarcas
p_4242c228cfde2ca8a7df688d,Brayden Spears
p_b623a7a428bdee6c1b8805bd,Logan Berrier
p_45c7300e32c931b51c9a99e4,Nick Wissman
p_8b49f74dda4eb86305dbf353,Dan Kubiuk
p_b0ab0228e6e4a947f9a7ea56,Kenny Serwa
p_2c07788b1acbbad1a1e64fa8,Dawson Brown
p_fc49b6b2977169bdd191a8b8,Aidan Layton
p_90aea6c3089f79b3e8d69341,Enderson Mercado
p_ea25635588017af89a222adb,Jayden Dubanewicz
p_43e1cdc5c1a5cb5ccde6d014,Wenderlyn King
p_db6dd92992e348b04801cf79,Blake Shepardson
p_c86fe97934630e97386b08b9,Jacob Denner
p_8f41358f9f5374fb05c67728,Grif Hughes
p_d530f054b6de731d8475f8f2,Octavio Becerra
p_e83a9d0a2806743edaa99f57,Andres Galan
p_58f43c47aae194de21ce8d50,Jacob Stretch
p_fbea2c7c56311b84073a5ec5,Anderson Ramos
p_a92c163bafa90920da00c71d,Gavin Bruni
p_94e31745c5e13f98d76db817,Will Armbruester
p_58f50a1d89b624dd9aaeafd7,Steven Brooks
p_f8444b6d25a9db61457262bc,Chipper Menard
p_cfa7bc4cb8ad75bf4e5b80d9,Fran Oschell III
p_06f025b3d6df781f084ca347,Jesus Colina
p_232d7445f2534646efc92e79,Evan Gray
p_632f1890c1b1f1e0bce7359d,Tyler Davis
p_3807d0e39f4b3b22cc18459a,Zuher Yousuf
p_c26fd180b4418c5b58601806,Daurys Mora
p_3a7c060440a983daa3fcf77b,Jaiker Garcia
p_27718e814b114c1b82b90400,Jhon Reyes
p_b4886d4f6e966ddf4b1f8f8c,Victor Morales
p_afb8a4e86f7dbc0bceb8f200,Jaitoine Kelly
p_edf31752e02cb30e4d1b769a,Jonathan Jimenez
p_6c63e8a2e8115f4bbd4a4e7a,Fernando Vasquez
p_74001bdc807fe985540c2eb4,Joel Cesar
p_76df5cc08c48f5f0f1f9ef86,David Rodriguez
p_b268b2e641266e0d1d477971,Jan Caraballo
p_2e5435dc76a14cfcb5b9c9d6,Juan Fraide
p_7e20eedbeb01652f0b6a3e2e,Thomas Mangus
p_5a8fe0419a29573ac1249a3a,Alan Reyes
p_534a14e912c57fb29efc4020,Joey Gartrell
p_39df683d5f18dd4b1764fe25,Reudis Diaz
p_4a679fb1330f0d2633a17393,Brooks Caple
p_234982e59d6cee255c3bbda6,Jormy Nivar
p_f71cb2c40d249ed7123a2a69,Ruben Ramirez
p_47b6151ec9bc347c1096d0f0,Tyler Switalski
p_2efc8a86be0cd794a8022b9e,Robinson Martínez
p_8fd6f8b3ffe30dcb3f8b5f1a,Brooks Auger
p_f210c5fafd022a922b1211a9,Josh Blum
p_6f29d8f29c87fb661b306dda,Jake Curtis
p_39121adfe14656b6b88bb99b,Jack Eshleman
p_743d8da4724d1b4946dddd56,Aiden Taggart
p_0af4c18c862693b848302d95,Wilfredo Henriquez
p_62f527e64bc5e70eab41ec8e,Adolfo Oviedo
p_d504dcb737af23f8f6ff5377,Brett Garcia
p_cc74ac0eb6cb61237e93a671,Erik Ritchie
p_d8e9f6a23f6a64b6f0419ea1,Luis Carias
p_3746ecb202f8f2b5a0e206d8,Alexander Fuentes
p_5f0692e9be17c43f78afc331,Joe Vogatsky
p_bb8b854e4e8a960bd8f1ac99,Jack Sokol
p_2c14e9584b80d6445f8474e9,Augie Mojica
p_8e1eb00f987494a579b25087,Jose T. Perez
p_1d6b4a24f0b419baf1560f5e,Zachary Redner
p_b69d139536ff1dafd957d3ff,Chance Nolan
p_f620dd6b6d9fe267649f1f98,Gus Hughes
p_e6e3c7d1877900cf22eed648,Alejandro Chiquillo
p_39157db6080dcead71e0d47b,Gavin Adams
p_82ed3511681666911de4ff90,Davian Garcia
p_6c4952ece57959de8599254d,Jose Gutierrez
p_75d2ce229164ec73dad95075,Jason Doktorczyk
p_fc8a0ecd34d017fde6e2dd75,Ethan Bell
p_ebf835cd78a22d753a979e94,Eduar Gonzalez
p_f01846124872d3c6c9e1c436,Andy Basora
p_59f8b49e12f84737f75b5f13,Yoelvin Chirino
p_eb191c6d10f104c6d9262084,Sam Brodersen
p_3c261abcf151ab1685c61589,Wilmis Paulino
p_7582d814c532fd0b4c8233f6,Griffin Tobias
p_2cdac32ae160d20a04c1ffff,Rolando De La Cruz
p_c1b0732fbdd13c905a968a21,Frank Martinez
p_f2b2c37f31e0947e97fade38,Kendy Richard
p_234faaad775e6dab260d0699,Luifer Romero
p_d5d0facc5173a5f260781039,Nick Conte
p_7a985c01e94489b35569864c,Walvin Mena
p_eb64cd3d8592fe810410b623,Ryan Schiefer
p_5dcd1163c88e5d0ddaf1f195,Jeury Espinal
p_0970176cb4df2c9da6f3fef0,Gray Thomas
p_2a1a983e4df08d54cb41cac1,Ayendy Bravo
p_e4f3ca16aba25ee42bf56210,Joel Sierra
p_e80375a055cea805d8dff46d,Keiverson Ramírez
p_b361019b2e222a6f77922595,Giovanni Vargas
p_9c465c1c50ae95f818123654,Luke Jewett
p_666fb76a448e5c39d770e572,Diovel Mariano
p_a293c3c4a9ef2b065dfed968,Porfirio Ramos
p_76d1c31e228e29a1298fdc6e,Wily Villar
p_e695f3b82f1af1857afb7494,Nate Webb
p_a500377c8fb5d94086435af6,Dash Albus
p_6d4ed3b6404dff3d3a93baeb,Jacob Zibin
p_aa9ab40cabc66b9722d28911,Reynardo Cruz
p_a9b14ee36b3a5f53120f5e69,Kevin Velasco
p_1f292e240674d7345cc9d81e,Bernard Mack
p_1b2567b9ccf65fb8ed9046f3,Shay Timmer
p_c03b772d1d38df2c32bbc126,Charlie Hurley
p_629d9d23e0872ab4419e1cb9,Andrew Carson
p_116e7ca838ff6a15d4faac4a,Domenic Picone
p_03b9e1bf929dff6f21818209,Joel Heredia
p_84cd14f20f2968558f799a55,Jeckferxon Hernandez
p_6b094df326913ab9dfaf90d6,John Valle
p_732000743ed74e2be6df0293,Jesus Delgado
p_45d90749265361cb1c52cb67,Mailon Felix
p_3b2cd45dce17482250a256a1,Adrián Delgado
p_f243c4906ecd6d42e39d38ba,Connor Godwin
p_d13c31f7daaefcd48c9bd871,Noah Manning
p_7cdb4a48e5c0d949e0351d95,Junior Ciprian
p_4d62585d24ddba054ca9b0ef,Leonardo Rondon
p_3ef664cf562510c7f9170d47,Sam Stuhr
p_6485ac92ec3301b10478a7f6,Merlin Bido
p_00da6ca7065dc0ddd579a8e7,Raymon Rosario
p_797c01d097e7509f7a7d7e42,Mervin Fell
p_2aa1072f46bec258f9720ed7,Will Gervase
p_e8a84fbce6f8e59ff7dbd9af,Roberto Urdaneta
p_ebb17815639b70f83b31fc0a,Erigaldi Perez
p_c17cfa76776fd1dd308181ba,Irwin Ramirez
p_b26fdd5905d2cc3906f8798a,Angel Camacho
p_f21d4c9d45b42b6fde5ca91d,Jose Ledesma
p_bc3f0f0c61c3c7a055fc5896,Ben Hansen
p_0d96d5539ac70014a5c11b6a,Harlin Naut
p_1bbdf54162c74719aa7a3b05,Jezler Baules
p_5dbd2e9ef0b8027e3a86fc7e,Jack Mahoney
p_37f33d1466749324e9997983,Gilbel Galvan
p_95f7b052bc41c791fec874e3,Blake Hammond
p_91a2776c4d458dd75d77505f,Yatner Crisostomo
p_6ea68452f3f0dc233dfe565a,Jay Allmer
p_3533b2f9584504b53ec93abf,Camron Hill
p_f2a66707dfaa00554b0f4329,Victor Diaz
p_32b5969789b7dd7f9f4f131f,Moises Morales
p_34983375fd07791d288918f1,Holden Wilkerson
p_fb9202287d08495ea10ade56,Kannon Kemp
p_c55985370f79b219898c3ded,Anderson Guevara
p_e06f6d3a9c55700f475c8150,Darrel Lunar
p_49d8b6ffa01f4d083bb3d0c9,Chase Mobley
p_0081462c235e8187cc14dd3d,Yoel Roque
p_1b805fc959e0c8bd9e4423a1,Brayan Vergara
p_eb01615f672b7039dba2623e,Aiberson Ventura
p_2f804e63082b9b37f6dc0717,Ryan Minckler
p_5ff54b75758f256b469f946a,Onias Jimenez
p_a864e82d53c2f48790bd21ab,Edgar Colon
p_6104c95abf37f0ad7e383046,Winyer Chourio
p_628cb25c525f57f9e2e156c7,Efrain Cubilla
p_5410824bb177adafced7aea2,Jack Findlay
p_a63236f8c15af0a190e35a4a,Jose M. Rodriguez
p_6143460a0490e4c190376a35,Matt Allan
p_451df61fee17cf04827cdd36,Jackson Dannelley
p_3b98a35b83411b3644800585,Miguel Flores
p_5ce9660432c6306673f14d67,Jeison Calvo
p_0fd24026a861b76214b3d6d7,Christian Worley
p_92bf31f2e72e20001dfb617b,Cesar Espinal
p_e4cf9ee248c50c1274d2a17f,Zander Sechrist
p_8aea86436949afb53a5c59cb,Koyo Aoyagi
p_917aa4efd142ace93839bfe5,Mendry Solano
p_3370f1bafed88be0538b64a7,Xiomer Guacache
p_17b8eeffde8e0f09641f8c69,Teague Conrad
p_dfb2c02832301acdae7d8c60,Kyle DeGroat
p_aeb49ecbea7a8b69bda70529,Ayendy Pena
p_220fd448660db20fca6514dc,Peter Bonilla
p_adce4acca1a6190ebc2baed5,Luis Maracara
p_eee2efb1a41ca5d988f9dcd3,Luis De La Cruz
p_19fe5113fc5c9a609e1a7e18,Eligio Arias
p_0fae00bdb2e33100e49c4625,Jordan Valenzuela
p_d0e6cb49d81073bb0b2abf03,Marco Vega
p_b05f2a89d602e0eca57b5cf7,Alexis Paulino
p_2517694cee216c705e01c94d,Chase Allsup
p_9125ab8c34682c76e2bf3cef,Dariel Polanco
p_c067ae6be7b358ba9c44a6d3,Elian Serrata
p_cc9e11b3d36171007c37133d,Jecsua Liborius
p_261287a294ab69f932d0e650,Bladimir Pichardo
p_cd920f2f4e12544358789902,Aiden Butler
p_417404031cbc7bd4398c4cfd,Javier Bartolozzi
p_91129f26200f41f58dae3aa1,Jeison Payano
p_4c90642a37b045066de1154b,Denison Sanchez
p_38ca70478712d57ffd51ee3b,Alex Bouchard
p_f771397bc50a1931696228c0,Edgar Leon
p_5999b9882bf5a6ba09ac3fe2,Manuel Osorio
p_a4e1da87d0a086d7e98c175a,Kyle Roche
p_886250977ad8b049643fe362,Yoel Correa
p_9c04407e3bae223fab51fee5,Cole Zaffiro
p_03149f61654a1ab7aa560a7d,Jean Reyes
p_025a9b6291d6e0e8437af46d,Jayden Voelker
p_96aa29ac3db2b6b3bd4f866f,Tanner Bauman
p_649488adf19ebc0d1ddf3ffc,Luciano Romero
p_9525eb2674fdb42b6f4b3e9d,Nate Knowles
p_ddac696ae6ac628ad8653f7b,Pedro Tucent
p_ec9b4812e2f55d1cb46dccba,Juan Cazarez
p_86f83ce9928fa282968debeb,Ronaldys Jimenez
p_cba86362a2a97704640b00b0,Mauricio Colmenares
p_fd0afc433e373eef6d56610a,Miqueas Mercedes
p_3560353cb6fd79e99de09faf,Edward Cedano
p_de7d983f0f5d11ae78d1fc9e,Joel Lara
p_b90275b2efaaf75f611756ef,Deivi Villafana
p_53c645d592cabfa25e1649e5,Jommy Hernandez
p_6301c316c21b122b00cad872,Ryan Andrade
p_7b595d741993a16a088b8456,Miguel Toscano
p_6a199e6c2cc56f44707998d5,Jakob Hall
p_96e3970fd284aae71aa15fdc,Ryan Degges
p_6af3688e94796965e607e847,Norbis Diaz
p_85e5dfba5443943549d07109,Jeyderson Mora
p_36f558fab0c7f6c7a5ad79d8,Joelvis Perez
p_37dd416f53d2192e4bd9a85e,Deivy Paulino
p_e439fbb1d066375c0f569a92,Ryan Smith
p_e9b80891fea9ebb8c3e2e4a6,Jacob Kmatz
p_cdc609bb6e4bf595daeb89d3,Luke Thelen
p_7aec9ab08a18ad6a968640b7,Madinson Frias
p_2b89fa094149496746e243e9,Jose Vasquez
p_e7e2a10414d970b07b7f14f2,Kelvin Rosario
p_41d2fbb7eceab6fc191f09ec,Dioris De La Rosa
p_be166ac491443b673ba357a1,Tejahari Wilson
p_8ecdb9bb2641abd24c178c0f,Santiago Peraza
p_c2e629ddb8a08e6877c2e57f,Melvin Rodriguez
p_44bd8bb61d415e80c6773759,Dawson Price
p_cde0ac28df4079709f54758c,Grant Cherry
p_5d3a4110300f027a0d4c4932,Juan Rasquin
p_83e919fdd853ef4c40bb18e2,Jose Pinto
p_67f88463f7997c4c5c893871,Manuel Davila
p_247b1fddb24d22d6e9344f8f,Janzen Keisel
p_f1f6e75c4d0b369209b8d6ed,Anhuar Garcia
p_5ba74bee40c9bdae13d7c4a0,Darlin Mendez
p_49a2473bbbdf0d0490603ebc,Marlon Franco
p_41e52ccfec113607af9832c1,Tim Fischer
p_198f4cd3915c823a2cb096a7,Aldrin Gonzalez
p_d0b637a4af96e180497beafa,Braulio Salas
p_c588ea4a4c73eb6440808fd3,Josdanner Suarez
p_98d23b836473d09bcaf1825b,Kendal Meza
p_b6dfbcb02b92aa7330a363fd,Adam Conrad
p_9ba8b426fe3b6eab2b197034,Alistair Tanner
p_6b3b134297cec79276314fa6,Jeiki Beltran
p_f2bf369441958f97c868f349,Zack Tukis
p_036f25e454fa5845f2726399,Marwys Cabrera
p_1e99f7956450d379b78d14ac,Matt Ager
p_9e95cdf9d9d329ea9da38155,Daury Zapata
p_49b343715780d14efea11397,Alison Zacarias
p_05fa678b2cf49d2ab30f7c74,Eliazar De Los Santos
p_544b680141095f534f961c30,Juan Henriquez
p_c57ed707e9002a94962ecaaa,Jesus Oliveira
p_b00fe1fa7b813b1f20506824,Fred Fajardo
p_4878b7fbf50be628b57cdb7d,Sthiven Benitez
p_f26a3d8dec2b1ef13ac84542,Marcus Morgan
p_b5a2618c43644a03e1d558e5,Baldemix Cabrera
p_ee123871971f7e66dff894c6,Angel Bolivar
p_5f748d8d58b5aac4da120254,Erick Batista
p_7102b760cfa36c3b51adf4da,Yoandys Veraza
p_3d9da49b4ce74ec55c5621e7,Jharold Clemente
p_28c168ad05b45c56c12bf143,Hayden Frank
p_51319a0cc21858772fcfd55c,Stanly Alcantara
p_197a0841c776d09b5a20cb66,Geovanny Vasquez
p_9d44eda2236a2c44afe6177c,Kaleb Sophy
p_289e5b7655af894d74cc5edc,Roberto Burgos
p_d7dbc8ad17cb96c4e84bf061,Andrew Bolívar
p_d35d0757d5392c3c0d0bfc90,Yeferson Silva
p_927aa9b698c903dd0055ebdf,Jhon Rosario
p_4d56b2f0a3af90a6294de2dd,Cayman Goode
p_b5071f0c116eaecc1b2d1215,Edwardo Melendez
p_df23c31fcff44d2729dc492a,Argenis Aparicio
p_9a19775d77b7ff379bf16368,Dalvinson Reyes
p_d90f24f705e64cf08074940b,Darian Rivero
p_d05ef6751333820fc71a6b12,Edinson Salgado
p_f684e75ec249655945a90960,Samuel Perez
p_fd71bca539dcebffd4f5a35a,Paul Chacon
p_af4115aa3e954810488f8acf,Elvis Reyes
p_ffb95c265fef25827531058e,Edinzo Marquez
p_e6ed2f4390698ba25f008584,Josiah Romeo
p_896dd4cfbf749bd050871648,Rudit Pina
p_9144b95eecd9cc1b84c6db49,Noslen Marquez
p_0ee33f00764ea49a255f9ea0,Ronny Lopez
p_d8b1559286d3e6daa7726855,Christian Oliveira
p_a5096f3f44e3fd161b7a560d,Greysen Carter
p_9bb6bc493814c2d53bbe4b7f,Tyler Alexander
p_174cd4770afff92f24114a99,Logan Allen
p_c215cc1c5588af6f4beb3db5,Logan Allen
p_7e3cd4dd9b28ebec3508a4b5,Jose Alvarez
p_4171a0de21952fbd69a7ee56,R.J. Alvarez
p_2be1c981a45b313db075423e,Mark Appel
p_05cbe3f02fc635b2d73c2ea8,Chris Archer
p_7aa52fbcf3c0df749398bca2,Kohei Arihara
p_fa7d6a5a3732469ca728076f,Spencer Arrighetti
p_5cba53e2c973e12e53e6e720,Pedro Baez
p_6ce59f59ba89e0292d87ed8c,Manny Banuelos
p_a6092cce9300103988b5a40a,Jeremy Beasley
p_53c885e6989aa3bb8b9b3e2e,Clayton Beeter
p_e40262e80bf6c3ab5baf42cd,Mason Black
p_b0811fcf6e374538585ec810,Zack Britton
p_eb9ca0025cb9d61977b5c57b,Ben Brown
p_763e1d92e09a39facc59007f,Zach Brzykcy
p_07184c839468692c2f602471,Joey Cantillo
p_61265c93e362801208375ecc,Ryan Castellani
p_71fc2a9acd1172f59245e738,Diego Castillo
p_9f2c2148f7a43ca001fe675b,Luis Castillo
p_035734e560173814fc74dc70,Jhoulys Chacin
p_f2c7086796e230299734182a,Marc Church
p_cf174f5dbc420e27825fb82a,Steve Cishek
p_612e41acbce31e5a7dbbdc22,Tyler Clippard
p_8be24170dadf2eef0b64d78a,Alex Colome
p_fb5fdccf8d3fac3a43290cce,Jharel Cotton
p_5bd15267d1a4ffc8f851d129,Jeff Criswell
p_42078c3cb2bcd17caf8d8e5c,Fernando Cruz
p_f281a3e4d88a4003a3652eb6,Jesus Cruz
p_5c1d9b6288fe4e4563749fcd,Steven Cruz
p_9f146f4529a7b7030f370a99,Ross Detwiler
p_0664b5de96d2732300e9c3a9,Edwin Diaz
p_21bc7642f96a7881fcc53d1b,Miguel Diaz
p_e7f18b7115d2899b213211a1,Marcos Diplan
p_cf7d5f98f33ccec833860a77,Jake Eder
p_69bacf07617a451dfe6633c2,Carl Edwards
p_ba09831cec31d9cf9fa4c1ab,Raynel Espinal
p_5ebd53405a0b3d1037352e43,Brady Feigl
p_9dd18bb51cd322cf1712a1e9,Ryan Fernandez
p_8da00cea3b8cb6ae415ddc09,Jose Ferrer
p_bc8ad248497776b68e6c44e4,David Festa
p_ae77ff28999642c7565a330d,Richard Fitts
p_df03663d3b86c38dcf57914f,Luis Frias
p_ba6fa6f69c4d381474a988f3,Luis Garcia
p_997212fb2c68ecebf2502d1e,Luis Garcia
p_91a86c29712a66c04d1707de,Ralph Garza
p_72f1e2fb240ee30b520751d9,Robert Gasser
p_1a94898c2985e4756d5281c0,Victor Gonzalez
p_26b76628ad7dddd5707056d1,Gordon Graceffo
p_3775bc6fe6545dae85e40f5e,Justin Grimm
p_cc92b1ac3870967749927967,Javy Guerra
p_a50f1495ca495f9be5876dd7,Luis Guerrero
p_3b53ac0813948030e29970f3,Jose Hernandez
p_02393295527885ed007183be,DJ Herz
p_ad7938dddff10d5c4ef441f0,Greg Holland
p_c1479e83e532286490ce6289,Grant Holmes
p_77c97c16c488cb26241ad358,Bailey Horn
p_cfb038c8a64a69cd81e3ee3f,Sam Howard
p_bfeb17edc5ba37875e85249d,Shota Imanaga
p_9e31d78b1f47bb456cb469b4,Jairo Iriarte
p_ffd9320f52cb04eb3019251d,Jared Jones
p_d58190fb399919664c44a9d5,Damon Jones
p_f847e4dd952a4bf28198cbe9,Will Klein
p_246cf83a5c5cd62459e2af4b,Adam Kloffenstein
p_c620aed56f64e9d4b1b44516,Landon Knack
p_aa20b29ef461a44eee3ad5c9,Dusten Knight
p_d4609a4bc3424f84740dc7e0,A.J. Ladwig
p_59e0dd8fcc5fc25803f39a60,Jordan Leasure
p_a3055e25fb5b6523b07654d1,Jack Leiter
p_bbf44eba68679f23645754f9,Mark Leiter
p_8d94c749596ed076cc32019c,Jacob Lemoine
p_1fc76ac9b53114edd4838a42,Yoan Lopez
p_22b8242c7861cb87e0af0916,Ryan Loutos
p_9b5d3aa7ae28125cf6a90665,Ty Madden
p_4dd6f3b5983540d9ff059ee3,Anthony Maldonado
p_324f296426eeb9facee76e84,Parker Markel
p_bc449f156117e4fbb410b0ca,Yunior Marte
p_ab500a4f63651bf649aa7649,Adrian Martinez
p_dec6eacf0a17ec95db9acea7,Chris Mazza
p_2200947c1dcb00dcb26212a9,Kirk McCarty
p_bc4dda5ed657a8fce599ab12,Chayce McDermott
p_5dc500b1bbcacc1c375d8bf9,Jake McGee
p_b4420f9323d53daf959287bd,Michael McGreevy
p_f3a9036cdcaf1a5d8d2c14e9,David McKay
p_d544af37d6cf9b1bbac1c567,Luis Medina
p_6286b87cbaf1b23cc6cafff3,Cristian Mena
p_a125a7a3344b066cdb4f3a9e,Conner Menez
p_c435e4dc0221bfa9b05038eb,Michael Mercado
p_fb6d69acf994cb7d929d8d5d,Erik Miller
p_f805b68a127986fb78bb77c3,Mason Miller
p_21d1b6a79ff3fd62cf184170,Mike Minor
p_7a77c9e743b15e7359fbb25c,Anthony Molina
p_042b00ceefc1d1315d1b1003,Keider Montero
p_4272e908563595ffbbb0247b,Mason Montgomery
p_364745366aeb018132546b85,Roddery Munoz
p_3ecd6108105dc53b82e096b1,Patrick Murphy
p_5f81c6bfe0240104ac70eec1,Nick Nastrini
p_5a1783eee4bf8e45134da96d,Darren O'Day
p_edd45a18398217ab32d2c9a3,Cristofer Ogando
p_c7c2af0f43b0d8cb00547265,Mitchell Parker
p_34bd5b86748c30779a2d23cf,Oliver Perez
p_52ca0e1b19230d8d76b62ac1,Francisco Perez
p_556b79503cdac0a861c012f2,Dillon Peters
p_8126791256529d2bb7cb9fb2,David Phelps
p_ee0574b2dbd911506b62a30f,Michael Pineda
p_9d2eadc774ac790ff5363d71,Cade Povich
p_4b841ecd0d01120b1f810feb,David Price
p_a218df98e047e2a561b07a00,Noe Ramirez
p_1027bd500567d7367b576179,Sean Reynolds
p_a5a4d87a50fb47107b08a154,Garrett Richards
p_47c7c42abc2b8bf3c8979032,Daniel Robert
p_1bd5176e2b6169912e041a44,Hansel Robles
p_c1598ddab489bf0c5020837f,Manuel Rodriguez
p_992af1cebb70018bbd6cb59b,Jose Rodriguez
p_07d68f5fbdada903407a1bbc,Yariel Rodriguez
p_944c7261102c83518decbc12,Carlos Rodriguez
p_bed660c22d4e743089709651,Randy Rodriguez
p_98b67407207c479bbbade512,Sergio Romo
p_4c79e290649a8c72b312a206,Angel Rondon
p_f5691ef9902ffc7b951f116c,Erik Sabrowski
p_66c0b2784f9048d9c867eac1,Eduardo Salazar
p_f8c27f6c17aa7830630f0c0f,Anibal Sanchez
p_3eb5a82b4091c543662a0dfc,Miguel Sanchez
p_d2ef217e7261e0d93f51c5a9,Matt Sauer
p_0a16468a86cbfd9f7f45635e,Hirokazu Sawamura
p_5afc0af14b0c89cac5f1926e,Sam Selman
p_dd0d2e3411fe3a3a22916273,Anderson Severino
p_1563788ee89a735cf44df991,Jordan Sheffield
p_d6313b44d1325b2eb3ac74a0,Paul Skenes
p_a9dbadac6e2303807ec3f448,Justin Slaten
p_0a504d05201a6035a71a0a10,Cade Smith
p_6e362fa7220c9f85a89f71cb,Will Smith
p_6e956bddac5edb03f2543bad,Joe Smith
p_ab0fd6c0809548da69220f36,Nick Snyder
p_c34c6b7babcb584aad5a94f0,Mitch Spence
p_dca7a04725f83e49e1f055e1,Locke St. John
p_161a961ef6ef17f7416d6445,Craig Stammen
p_15222b9cc273f474ee933d95,Drew Steckenrider
p_ce14b9f2767a60ff4db23fbd,Stephen Strasburg
p_7c5b0a7483348c76dbb97929,Jose Suarez
p_b008acff9363bcf63fbc5370,Kona Takahashi
p_13d9bf2bbbaa108e3914fe1a,Kai-Wei Teng
p_0fc7fd0829896e328feed16d,Tyler Thornburg
p_59056a425aac3ea5b1f19d61,Drew Thorpe
p_9c771e5325a4551b96ea488b,Duane Underwood
p_2050ec93d5d543881fcc5e9f,Naoyuki Uwasawa
p_f35e8b2a1e1712ead1a9afad,Ricky Vanasco
p_a8b0ea5e016ee0e48d8ff813,Randy Vasquez
p_2eb5d47c704824f2c65999ce,Arodys Vizcaino
p_a4ac89746cf687aa4cd4bad5,Hurston Waldrep
p_3fc66b29972ebf6d719296f4,Blake Walston
p_f2cb12181722c03ce7317ce3,Will Warren
p_1678959f63e4a327962fcb08,Jacob Webb
p_150df6b55df51834d40ae323,Alex Wells
p_96f7e3950e9ad6a54e31f733,Forrest Whitley
p_09ec8f5311546af7e708359d,Justin Wilson
p_90453be542e9cb5bda78cb37,Cole Winn
p_5255e260559874a4cf85c72f,Yosver Zulueta
p_0c6d3d8e6dab8a80ec2121bb,Glenn Albanese
p_e519a44bfa6c64efdf29ef65,Cristian Alvarado
p_b010c034f9eaf1f0045c9d17,Jack Anderson
p_8e53f0c2d70b91d2de2a39a4,Jack Anker
p_d6bb8eff1a3f5df55913379f,Thomas Balboni
p_9868f88208b59f99533d4e52,Jagger Beck
p_c267623c747a979b5e39f266,Landon Beideischies
p_7c386f68032d248206a17027,Joshua Blum
p_e9a8eb41a0623d2c2ed99e31,Cam Brown
p_f5afa4768d4790687c633298,Aaron Brown
p_8f1285b1c0cfc9d2a044f37a,Jose Cabrera
p_3ec3c4dd4fd01a84a4d6d8f0,Conrad Cason
p_213fbc10ebf9e64be25c5dfc,Jack Cebert
p_fc1f2ae6cde7662ecc22f8f6,Drew Christo
p_069e2520f4949b7eada117f0,Jake Clemente
p_bdf7f460feae1efeea6acf7a,Dennis Colleran
p_96995bdd1c5cbb77490d063a,Pierce Coppola
p_4a827fe7b217ec155163ec07,Gabe Craig
p_b66160cd68b37129d9abc290,Jose Cruz
p_7bf8047d8c604fce6c4c823c,Michael Darrell0Hicks
p_bd4c47a0ec739d25156e6a10,Tyler Davis
p_de0554765260880e91037ddd,Luis De Leon
p_010e4c7629a9be52b85a36ae,Hunter Dobbins
p_f581aa43f4565ef8331f3c1c,Robert Dominguez
p_dc2e10c834f96f56ffcea740,Liam Doyle
p_5d861760e031fc7999fb3f40,Matt Duffy
p_0b4a459696826e6eb1f152ef,Andrew Dutkanych
p_edbc1077f82334ce88c2b44e,Jose Fermin
p_4db4a6149ff0e3e79964abc5,Wilmer Flores
p_788fb347d6b4cfedcd3f1bd7,Miguel Flores
p_547110ef9df893d70830ee13,Carlos Francisco
p_3e2730862d797aec62a855f6,Tanner Franklin
p_c11e3930ca63d6db8709b4ba,Carlos Garcia
p_bacc6f19614b6f300a352e8d,Pedro Garcia
p_99fd9b77e23562a8207946fd,Jogly Garcia
p_331d452a91afe6c012d95872,Miguel Gomez
p_e37e9b4f704ead748f633c6a,Luis Gonzalez
p_1ccfd0c9cd63f3e38415df28,Jose Gonzalez
p_93e281c00319e7ea6f94acd1,Marquis Grissom
p_50cfda3b22b9f8aff5c7f568,Steven Hajjar
p_2a59a39a852d464d03119b17,Jeffrey Hakanson
p_a5aececf470a3dc5424d1c6e,Owen Hall
p_6f5a94f0fee65101e7c403c1,Adrian Hernandez
p_735cdd8c314310e19c313d25,Cristian Hernandez
p_cec76077c497116608ff3d07,Diego Hernandez
p_bec73387238b5927d963d2cd,Eduardo Herrera
p_699376e763b0301a4191bc13,Luke Holman
p_a218c679a2952c159ada43be,Antonio Jimenez
p_e9922e43f0b419b7f0294ced,Carlos Jimenez
p_e0843b57abaf60c639fb835c,Lebarron Johnson
p_9543e8f89ec7e3423a55a5a1,Ryan Johnson
p_ef22f5e465bf48b14f6c23ae,Sebastian Keana
p_86eac7261d85ea4b1b56a565,Will Koger
p_50f67b096c886b36482fcb2e,Dane Lais
p_de1f8dc122c209371daa0192,Pedro Lemos
p_36f7deb5a556d4fe60f207cb,Jack Mahoney
p_ce2c83041c197a173ad89136,Joshua Mallitz
p_c3ed147ec2d582704e269f49,Yunior Marte
p_d8151f7128dea6b819142ff7,Ryan McDonagh
p_eee3bcb30b32ca1a368433e1,Luis Medina
p_89b0278fc6dae5c8fa9617c4,Juan Mejia
p_5a2071e60d805ab0dd5e26e5,Esteban Mejia
p_934380f418c5e68e17ad9a76,Carson Messina
p_62e26db2771ff447c8d5785c,Jake Miller
p_efe966dc3b55450b1a2a5a3d,Andrew Moore
p_09a910e8058b044bf41c6671,Accimia Morales
p_ec0f7b17a0d0293eb9c17803,Juan Morillo
p_338c9c78e133a81361692329,Mason Morris
p_b4d63cf007bec6b11f252e14,Samy Natera
p_3031bd7d0b9cab246479ea53,Juan Nunez
p_0764116a6c46bc5511000d94,Hunter Owen
p_08f0530a3d7bbbef599fad0f,Josh Owens
p_f9244e7d4bc6845e926cb6b5,Truman Pauley
p_996911c319a1a121e1970f0d,Jose Pena
p_b05db68df6c12dc923f843fc,Marcelo Perez
p_179c327a26e336f76110623a,Samuel Perez
p_0b4419fa2186c681ecaf0424,Jack Perkins
p_4739ab05ff74a77918620b77,Ryan Prager
p_a0e494c48e93854cc593d0ff,Luis Ramirez
p_3fda3eb8e68fe19a330c61d6,Vince Reilly
p_0e180f3b63be9a829e340ea7,Luis Reyes
p_6c3b86d88be153997f095b06,Luis Reyes
p_12463af46a669e05996d7ef7,Jimmy Reyes
p_6acc425950f7c47de4126a30,Luis Rodriguez
p_05368c87d3f82f6cdae67d06,Adrian Rodriguez
p_d111309c48be3dc934aa65b8,Jose Rodriguez
p_fce6d55bfb07411b59fe1f2d,Manuel Rodriguez
p_31b04921655e37cb795842f8,Gabriel Rodriguez
p_b64a4c6c21dd4774d71792b8,Julio Rodriguez
p_8165a7c7f7010521a35024cd,Juan Rojas
p_def3f6725cecb6bae6f34272,Angel Sanchez
p_fa79a0a2c2d15da6915bd13c,Juan Sandoval
p_85a164964c14524d356aed91,Victor Santos
p_e8101a9c136e26ecb1dd8efe,Alex Santos
p_addace5c5260cdb9906df6e9,Ethan Schiefelbein
p_24de6c9717a123e0d9db95ab,Kruz Schoolcraft
p_0cf64e7372685b9f4fc2f13b,Benjamin Simon
p_95c5f48c18e7b91ac263ce53,Brady Smith
p_6517aacecd3d4b5403c6f30d,Cade Smith
p_90b16da411a70e5a8f0436db,Tristan Smith
p_fbb1a87228b69494ec0ac8b1,Austin Smith
p_32e8a143a93f9d69dcc0d201,Christian Suarez
p_959770a0e2323e11a54dd586,Sean Sullivan
p_063b9c4306ac80aebe2f4301,Sean Sullivan
p_9748caa90a88d4d3d1b53fc6,Hiroto Takahashi
p_d55510c34fb4b30236e65e71,Zane Taylor
p_17ee06c586dbe568463e8638,Shosei Togo
p_fcdf6ef66e0eccc6d1868e74,Lenny Torres
p_8d93c3fbf3d10e8cce41b6e2,Jose Urbina
p_c4d4528fe092f25f3015ab08,Luis Valdez
p_b6288a2f18eee8c6da7ccd1b,Luis Velasquez
p_a006be3f361755deaaf424df,Joey Volini
p_801872f8bdd412a09f1a78ac,Ryan Watson
p_5bbb95dc2bc61145c8a92da2,Jacob Webb
p_0ebb21d222cf646925314b07,Cale Wetwiska
p_36f98770d00eefb7e65eeb40,Gage Wood
p_b19a3a93f246d991ac324285,Raudy Read
p_b6eb030d85c31fe3efe5f39d,Lorenzo Quintana
p_0155df3896e8940da3c6b74d,Cam Balego
unresolved_17f0f2088b705bf53eba216d,undefined
p_fc288ab7802f8292d7f4c764,Breyvic Valera
p_f9a8b77bcf8e2e1310907521,Deivy Grullón
p_89c447f6594520905de4e2bb,Ryan Lavarnway
p_5e7f15d799bcae6fd40ff983,Matt Davidson
p_ae39423532a1988b50b87ed8,Michael Cruz
p_0a3d5cccf2a3161f52cdbbd6,Taylor Davis
p_1320e62cad47be657f991068,Kyle Seager
p_7a2ad6c38c6a99f621860194,Kole Cottam
p_13884bcb83211eb71f1f4b94,Ryan Gold
p_13a1194559b90d7906b15311,Francisco Peña
p_6a82f2aa1110796f3efce0a3,Andres Angulo
p_7510206deb17e560cb5a9119,Jhonny Santos
p_ebd2c3ceac79da8e5dd6470b,Willians Astudillo
p_aff9313ff7fa6392a75eeb89,Odúbel Herrera
p_bac73d538fe60ca4e2b0048e,Juan Graterol
p_8a48f8cf5a511b829918f30f,Trey Hair
p_d0d3a204f403de238c70bdc0,Gavin Stupienski
p_5131b1716eef7524bc9497ee,Webster Rivas
p_e504584bbc631125bf1cd045,Beau Taylor
p_5ec8c422c88d748a0527e077,Dustin Garneau
p_2235fdd6b31e348f8e0fc831,Freddy Galvis
p_a133b755d2e2ddb3c088f811,C.J. Chatham
p_1558fb582f0fec2232c3e18c,Jacob Wilson
p_1ce708d41a63587d063d2ea1,Roldani Baldwin
p_5aa1449dd58bdb7b8592163c,Robel García
p_a4673ace586ce352e11ebf79,Johan Mieses
p_4de5bbe5677ce32f18b6cb97,David MacKinnon
p_60575f0ed48760654c3e85c6,Yariel Gonzalez
p_5cc09baa989b91cfdc3530a8,Ryan January
p_df38cf9913b56783fde61f11,Jason Castro
p_5841d9ec96bc22aa2334b846,Norichika Aoki
p_30b4fc7717d661ea201e4b8a,Arismendy Alcántara
p_71ecd52b5249bdda2401fe5a,Brady Policelli
p_020527acd28cf7433e62b835,Danny Santana
p_3aa227a9167c33ff4787a8c1,Carlos Asuaje
p_7671ed70ebf38bee508065ad,Jake Palomaki
p_6f01b93e422a97d2c0da0dda,Edgar Cabral
p_acacc1f34ae5eec209446b52,Robert Neustrom
p_81261fa0b19d5ab0a0d57041,Starlin Castro
p_b11a7549fc620fbde49f54ee,Kellin Deglan
p_7c6e488cda55bfb02e919c98,Ryan Boldt
p_93e64b91ef0e45886adc4c5c,David Sheaffer
p_c4d274e1f06bb20254cff038,Matt Lipka
p_7dbf475c02cc37a33ae7e96e,Jonathan Villar
p_40bf901037740cbe3c880407,Jon Rosoff
p_860dde3e221ea248e68c3766,Wilson Ramos
p_3696593bddc643d9fbec4f92,Josh Stephen
p_0321f83101778778194bee13,Chris Herrmann
p_4b383e64f888f37813335439,T.J. Rivera
p_1d7b58266a010877ba4ef8e7,Ronald Torreyes
p_cd15a294cf51eb6bbb5956e7,Brett Gardner
p_5e4f819d50b5513d6e789b2c,Mitch Nay
p_5c56c42c4f3f54dffa89c670,Cole Freeman
p_6fcba625d8e59d828dab5deb,Erick Castillo
p_3937a072f5dbff92b94e0b8d,Brian Goodwin
p_5e3a7adbd90f947d12126868,Jack Conley
p_848355d568f981fc46c2c5ea,Christian Colón
p_367bada0585f11c8b5a1d877,Jason Kipnis
p_7d06df9cc27124b390adf48d,BJ Boyd
p_6c085818656be51cd9824ce6,Jack Kruger
p_3a371ace7bd1946c6209f999,Thomas Milone
p_30180cf510241ea93b006995,Frank Schwindel
p_cc2ea30d746eb62e44912345,Sheldon Neuse
p_0cb76eaf93932bdda00ef2e2,Aderlin Rodríguez
p_68027dd1725ad760b4f87021,Mason Williams
p_a8eae56619d57b8b3e5d6da7,Nick Ciuffo
p_c625e05984c990d52ef5b963,Lorenzo Cain
p_a087934b02d12b8dbe527a5c,Kyle Kasser
p_c35bdbf2b258f86d8dfcebc2,Brian O'Grady
p_370bdb02fadf11ab0fbfb52b,Joe McCarthy
p_6f5a4bcf23f5962bf2302aaa,Jae-Gyun Hwang
p_191d9b9104c1b7c1ad137c78,Curtis Terry
p_fe197d1562751f69ac6b0c2f,Austin Dean
p_b12d24ec24e20e3fecfc12eb,D.J. Burt
p_e0f20c276b63ffd294ae7335,Nick Matera
p_f583b90e0a7ecf46a0684f72,Damek Tomscha
p_b83f90809e15781ca5096181,Garrett Hiott
p_06a6ab7edf09a195430199ad,Carlos Rincon
p_311581adb65eb2464fbc0000,Aristides Aquino
p_7686aa99f95fc84fd8ea460e,Hyun Soo Kim
p_453ff5717c0e5b024df270be,Tate Matheny
p_fb65979073a3b5fcba99d3cf,Evan Alexander
p_eaf8d757e53860e786c83c10,Dylan Harris
p_c768364aa51f2d5d5bb26355,Will Toffey
p_726f7d1c27f5f993c920871e,Carlos Sepulveda
p_2b6e65d3148fbcc6094c3d0b,Brandon Howlett
p_877d0cb4bd526eb78f8eeecb,Ryan McBroom
p_e84ec578013fa6bc8d4b8f82,John Aiello
p_0d62db57d3766df000856196,Mike Freeman
p_dc46824df9639e2b6590640e,Izzy Wilson
p_c7bd87f5f7e10820c8ecf8a6,Alcides Escobar
p_424a678c561a76d60fc63eb5,Colby Fitch
p_c068db4624d81be33e675972,Brock Holt
p_b0089e450dff9adb4f7a7018,Sherman Johnson
p_7a01c1b8ed59163ac373b2b2,Cheslor Cuthbert
p_f7b3ec979d0372c53bb6721b,Jason Krizan
p_d621f35f77871401ac070fb6,Lewis Brinson
p_de5dfe526d32d0d61b24b14f,Mikie Mahtook
p_17f10566dcf6a6b4705b27dc,Bubba Hollins
p_c3a175a6cef3d06fb47fc566,Chris Hudgins
p_3c50c6489959a29ae3e4ce53,Chris Betts
p_55301ae23789f1dbc3bf1495,Gabe Holt
p_6aae477a1ed3c5323dc2e0ef,Matthew Acosta
p_128cab43665cbaa09d3f8b3c,Angel Lopez
p_a092085211c90ad7e2e3b858,Luis Carpio
p_fb444dc596cb2732fa441c9e,Jordan Cowan
p_7e07ed3d0d9b275f4f6dcff0,Dillon Thomas
p_b0903005c68eb8076beafd6e,Olivier Basabe
p_2ff5652a1063df7015cee277,Zach Green
p_f9d5c842eb71489e6f06d7da,Ethan Skender
p_e1971bc855341966bd6c4db9,Roy Morales
p_331397c5b3bffcd74febb367,Shogo Akiyama
p_e4c3c13f7d7ea812b9b099b6,Michael Beltre
p_4fa003773e1775660d5f6b17,Mickey McDonald
p_d7f42119f3a87a2e1f073b03,Chris Rabago
p_6cd1d1766f11f0f13ccd60e0,Luis Barrera
p_5382649d9b018d1055e17215,Mitch Longo
p_6c63ca0a50be8119f5fee8e4,Maikel Franco
p_3d62704d5ff47910adbe37ab,Kelvin Gutiérrez
p_25d399a22887afd2e654a341,Wagner Lagrange
p_a01727d6a45df2e8dca1cbcd,Tim Beckham
p_dfb61f9643644966541568f3,Cristopher Cespedes
p_b85be02d306ce60066571ad6,Andrew Young
p_4e6418afbf2f5c1b7713482f,Josh Ockimey
p_6105a8d0275cc1248a3b3998,Kelvin Melean
p_b733d7814a1688fbe4b743f6,Andy Burns
p_aee8ff4f9b675ce4e09f2f22,Jecksson Flores
p_82dbdb783433d52a4b9c0967,Ivan Castillo
p_b8e7896b8e0292d1930be612,Gregory Polanco
p_f2cf6172f63f17d34d626610,Devin Foyle
p_242d906edf13772a803f108d,Steven Souza Jr.
p_79cb46e7dfd93707cb3acebf,Vince Fernandez
p_3ba04b0bbe1c3bd7676f1cb6,Jack Mayfield
p_ff0b9305b3f88b28eb4e6493,Rubén Tejada
p_32f1ca7a2b90e3dfda772551,JJ Muno
p_46033ad78b11b62860c35807,Guillermo Heredia
p_8c10f136130bf18a82667a00,Eric Sogard
p_207e8cbc37363c4e31db4e67,Richard Urena
p_845b458a2830f1c85566ddb0,Gavin Cecchini
p_f88e7f14f80a733b8b913331,Victor Nova
p_233dbc8b8be3e26e615a7c5e,Connor Marabell
p_20dcd0167225e81ecadbaf0b,Kurt Suzuki
p_ce986292d4a8f118606df210,Nash Knight
p_dcb9982fe03385db8bc7f09c,Dondrei Hubbard
p_25fde27749dd2097fac98667,Andrelton Simmons
p_e9067d163696f6450ff30abb,Logan Brown
p_e854a0f8ed8a0f205d2b539a,Bobby Bradley
p_ee6366e6e8b9eb5cd9abc9a8,Travis Demeritte
p_ecb5999144eabcfce1d1f332,Roberto Baldoquin
p_4e654b07842301f5dcb3d969,Asdrúbal Cabrera
p_a76915107c371612f6e927f5,Thomas Jones
p_a2ba76d98fa083c18f11c33d,Braden Bishop
p_ed11705e4c36523327c41249,Yermín Mercedes
p_fc744fd0247df41217243ea8,Drew Ward
p_b6cf19367bdc03e1514e3f1b,Christian Lopes
p_35d0594252aebe9d3d009257,Pedro Florimón
p_bfaf09c12f0e4991773746fa,Yasiel Puig
p_a7a1c05fa313fd96d76cd8f2,Greg Bird
p_2908748c8e91d496ba346c3a,Seuly Matias
p_16a663514310ce36adeffd84,Ender Inciarte
p_2b376fc579c9a624f53df3ba,Ti'Quan Forbes
p_f04b56b57fe6e0a37e91a309,Joseph Odom
p_77ff40df2e6d386133e51060,Ka'ai Tom
p_06df80d7b6c5f79383d6a0ad,Phil Gosselin
p_d52e74c7a0dcce7cd0fdba26,Cole Sturgeon
p_deef378140f608cd7c61f0d7,Jacob Robson
p_d432bdcf6c57e232a82e7066,Hunter Owen
p_fc284dbbaa948f249c040933,Ian Miller
p_1ad0f5aa965f7c1da5d90010,Gosuke Katoh
p_c6ff672c9eabcd0f376469a5,Miguel Aparicio
p_dbd0ed2178125d2569a31e78,Rafael Bautista
p_f273e987016ebd90130b2de2,Matt McLaughlin
p_d052f51f560f3f3dd0455dc5,Patrick Kivlehan
p_1fa384fe97a5ff1c7c8d5b49,AJ Graffanino
p_347a082fd0332d7eb2b9cb7b,Brhet Bewley
p_e2b3f714f30aa5a7e9365e80,William Hancock
p_768d795f01d9ab5871fdcd24,Joe Panik
p_f3417362771976e157cd04f0,Hill Alexander
p_14424c11b1cd51f10c5000ac,Demetrius Sims
p_7cd9dc1a429626b5065493bc,Cornelius Randolph
p_ec035b8b4eae1325d08a8e35,Cristian Perez
p_078aa82d8a9810a347e2df95,Luis Leon
p_f556577a37f937561cc5f645,Zach Jarrett
p_97196c98e27fb1fea898595d,Harrison Wenson
p_dac4dda6739eb590832aedb2,Dee Strange-Gordon
p_4be5b24b557a9ed610c55030,Zack Zehner
p_13def03300ac8ac0686e7cbf,Kevin Merrell
p_39ec14bb1ecc737cbfd194c5,Ike Freeman
p_665fb88155dba34d90a7501b,Deven Marrero
p_0d78fee447c1a180e7d20b40,Christin Stewart
p_1e0620091b8d89319323d080,Dae-Ho Lee
p_ea4385b56b235ff1d42f7785,Micker Adolfo
p_aa2e26b7df4b7ea5cb3120ce,Riley Delgado
p_8f6ba790c37c9456b5b96ba1,Marco Hernández
p_45a4468fdfb948830c43d472,Mitch Moreland
p_89830e58fd1bdbb66cc346cf,Hugo Cardona
p_e85ab9325d1d2b2c93f70345,Jacob Rhinesmith
p_55e3abbad373d4926b8cadb6,Jacob Heyward
p_6917ef39d698fc9764f1d659,Alexander Palma
p_4474acaeeb6d569ccd32a999,Jefrey Ramos
p_b2c493a0984355652a1f0f5e,Ali Castillo
p_ee1b85e7b95bde215f4209b6,Carlos Soto
p_5acfc60a3556accc31ff61b7,Kyle Martin
p_ab658a60a806761140d5f32b,Alex Dickerson
p_449829e97234760b2323033b,Ty Kelly
p_b027b5560fa54c5141790d6e,Wyatt Mathisen
p_caca867f2b53f260ed8f6baa,Grant Williams
p_90414419128eca48e69d9f5f,Reinaldo Ilarraza
p_ac9b5edc72cc8bc8f8981ccd,Shed Long Jr.
p_10ed5f7dc15afa518e628d16,Tyreque Reed
p_8f7e08a435e7521cf2d73808,Sócrates Brito
p_6f8c333437ec5d03a75c8d8e,Jimmy Kerrigan
p_8fb4d415773a93d044dd9650,Luis Alejandro Basabe
p_c8b26c0b85a71d4daff97887,Braxton Lee
p_ed8b38d7b8caae65c4d6e381,Nick Banks
p_cf79e134e303cdd2d37a03f7,Eduardo Diaz
p_2d8393365b175aa083b03561,Robinson Canó
p_dc8a8fa98b1415ad1e406dcf,Jonathan Engelmann
p_a14260284d660dca0024319b,J.D. Mundy
p_49dd7eabdafe001fe3c110fe,Nick Plummer
p_b8e75298ce1104548c929bbe,Dexter Fowler
p_7b9d89770a10332f5ede1075,Drew Stankiewicz
p_5c0323ebbd999a21b4d95016,Stephen Wrenn
p_50d1f4fbf684d93708d36ec5,Chris Givin
p_d37f2a798f1a76d24dbcae55,Cullen Large
p_a04fc28bd0944d3bb9cdb11b,Sherten Apostel
p_6b4b182c64859a9cc5591408,Roberto Ramos
p_ee1f52d35e29f77284973382,Cory Spangenberg
p_cb4c0ec10b97d3cc4ed8b0e0,Trey Amburgey
p_1346e12a51a030df3e39de59,Zade Richardson
p_abdb2fffe4520c5ec0393889,Daniel Ozoria
p_344c3292a96912526086835a,Drew Jackson
p_ac99f5dafb31ebfa58ea7c0d,Chris Sharpe
p_e84b7bad57f1c5a29b7217c0,Dalton Kelly
p_a10b01fb7f584a9b62e53dd5,Dariel Lopez
p_436afdb4be6afb9410d8bab1,Franklin Labour
p_5c078d2e98610cabd07317d1,Austin Romine
p_16ddb825a2e91fb76f5bf134,Cole Daily
p_8105bbf89b66f6b11c96e66b,Ben Ruta
p_035bd209b72972af1ab57988,Travis Shaw
p_5326e61efea4f18ea887fdff,Scott Heineman
p_c40c991a9cc989b3c933194b,Derek Fisher
p_fbafe1bfbc584f1c6de1a681,Alfredo Rodriguez
p_921c6483d426927caad88729,Jonah Davis
p_02918e7931abd29fe4b4e4c4,Ernie De La Trinidad
p_bb1f5fe3907cfa4a908d8a65,Ian Dawkins
p_654392434aec4fceef56c3a8,Craig Dedelow
p_f35329dd237247ba4bd696d4,Chad Spanberger
p_4b893aec01833090628d0e70,K.J. Harrison
p_2c8de88d499e89aace655f54,Leobaldo Cabrera
p_5d29fca38a7407df2e8d408c,Troy Stokes Jr.
p_f6d23d92e5bb64da3b31946f,Kyle Holder
p_afaf1e8c0bf15ac6f07e56a6,Braxton Martinez
p_f671a50e7a0f917bea5e21f8,Jameson Fisher
p_065159e43dab77f72a5ca8c1,Aldrem Corredor
p_bf8aee14ae0480e3e4eeac74,Cody Bohanek
p_186cbb71141ddfc2c95ae1ce,JT Riddle
p_1e3281aaf970d76260683d80,Mack Chambers
p_16b1fe488a613bb4f1c514e8,Pete Kozma
p_4ddfe42d3c16eca801540ab2,Thomas Dillard
p_149b23198dc01119d93b32ff,Matt Winaker
p_2b46997510dd44421d18eb86,LJ Hatch
p_b43d3ae93f2ee350ba8a23f9,Shane Selman
p_bc5d9d50e66ba7eb9f47e185,Luis Alexander Basabe
p_4f578e6fa2390593591cd039,Rhett Wiseman
p_684f237764e9b7345d694b79,Yeison Coca
p_edf6829b8e0d57182bf1f2f7,Yoel Yanqui
p_3a8edffff81b4c0b1ed330d2,D.J. Stewart
p_d5d9322c4eb444f1e50624ca,Ricardo Méndez
p_fc9eb750cf8e71ae74db9aba,Corey Ray
p_7681257257633429b52588f2,ByungHo Park
p_e47ff3b1560d4900c12deee9,D.J. Peterson
p_cc32150c2356d58b8c072b41,Sam Travis
p_0f37297cdb310609805f44f0,Scott Manea
p_622ef5d9469e318950eac79a,Trent Giambrone
p_8c945f414a07a04a480edb0c,Delvin Zinn
p_fe1408be5bc0af8f6b5c9eb6,John Andreoli
p_5817d1555484156e45c8e64c,Yadiel Rivera
p_8e037a54caa967c0bd6d2e9f,Devin Hairston
p_8d03d47a75948e5b19f69acd,Kevin Kramer
p_3aa7bfe4c59a87260034eff4,Hunter Markwardt
p_b8697200d39c65769c3317a5,Taylor Gushue
p_0b87c01d765c40f0168f0c46,Terrance Gore
p_593c12b3c951900e5b3c73fa,Ashton McGee
p_0957a41eb79dc44c14081325,Juan Lagares
p_9d9d1376dad5531de99aaf22,Luis Guerrero
p_63867f0a6aa8a043150df95a,Antoine Duplantis
p_1bfb96922159ae8932c052ce,Tyler Hill
p_695ca161dc4cde649c72759c,Gilberto Vizcarra
p_ee6d88884007dd89fb2a620e,Mallex Smith
p_af84c80660fca788a0b330e5,Adam Kerner
p_4c8f50724af7f6f85e372843,Gage Canning
p_6f8df3d57d9e6855c258d055,David Thompson
p_8e2239dd4bb5b6e0dbc6a1ed,Alex Destino
p_a6658cd29a5ce93fb1c19f8b,Wilmer Reyes
p_773110fb6ac01ac4bb27ac94,Eric Stamets
p_8a075bc320a19d4f2d28dbef,Adam Eaton
p_8d76e27754b5703baf1bc5de,Josh Reddick
p_38e75bb01e78169254c4b87d,Torii Hunter Jr.
p_fe333221a64a397c66ea432d,Marco Hernandez
p_edb307390c930d4115a45870,Elvis Peralta
p_41720564551da80570d6a28b,Jed Lowrie
p_84ff90a36e4d537084330a1e,Christian Donahue
p_a7b3779412b4727ddb233c05,Marcus Chiu
p_4dd5c3f1467aa37d56229779,Colton Shaver
p_d38c90a53a058b41ab6ba7a8,Rusber Estrada
p_9539ae086a20f328f1534a44,Marwin Gonzalez
p_7bfb586407f3bf2c2234b96d,Beau Brundage
p_bc63abbc8696b5214ce9cb26,JaCoby Jones
p_52caeb50ac3095a4103b82e9,Eric Thames
p_37c5498362d8d1a1d64daa03,Ronnie Dawson
p_156883ac454d6c40270d8574,Justin Bour
p_62d2c8338ec89959f13f7bb4,David Rodríguez
p_c63498e42610fc8a79a3f27d,Jacson McGowan
p_46dd6555fb6597e44a8a9a6e,Chad Bell
p_898fa67a428d4fa1dc4a835c,Hiroyuki Nakajima
p_f96f183d0adb8b6809b635a8,Dylan Rosa
p_b17f864ee6000814787caf84,Justin Upton
p_2c1dbf6ed0e277a3b716fabb,Jose Curpa
p_c8561816056c1702050ce46c,Quin Cotton
p_71cc519b848d89cc1e7c945e,Kyle Overstreet
p_129bbacfac080739215d98ba,Rubendy Jaquez
p_981e874aff41ca9bd3473b03,Robinson Chirinos
p_2d3d1c8a32545c6c3900fc0a,Gabriel Maciel
p_ff9682a020221b559bc67d93,Stephen Vogt
p_00022ae65ac09a6aab8fa2ba,Francisco Fajardo
p_b9442a36ce748e757c8c1926,Jose Guzman
p_7576ae1b853953d9d70b61c8,Jalen Miller
p_57dcebaeb5d85d7a997a900e,James Nelson
p_a406ecdf716b02db60a9da61,Tyler Keenan
p_88127015afe2c6bd012c991e,Rodolfo Bone
p_4e85b666b832abd27f13058a,Michael De León
p_c1dcdb174b3631e14199b7e8,Sal Gozzo
p_73326347438bba5940f5a17f,Wilfred Astudillo
p_cedf6993602a6d9e31ef14ef,Chris Bec
p_8c0d3943a7789f58803a0578,Drew Mendoza
p_d29c3bccbb7954def522f6cc,Jeremy Ydens
p_1a9cc6cd6788635d1c70df46,Antoni Flores
p_9d21d6702510bb3cb07ae6c0,Francisco Del Valle
p_102b75277c295a06a18ebae6,Scott Schebler
p_5367cd0aa2976d78c96fffab,Antonio Pinero
p_7503b04cff403943b4495acb,Nicolas Torres
p_b99d2b0bec72fe040ecb4da5,Humberto Arteaga
p_01d907813e7b30d39d71f8f9,Keon Broxton
p_fe9d20328e526e641a319be4,Yorlis Rodriguez
p_6d7fcb617dc506fa6be883a9,Victor De Hoyos
p_41c46f86352406ee3dc37837,Derek Dietrich
p_7aedf8448946d774ecab0f18,Tzu-Wei Lin
p_f6a0b1a2ccc338dbaa67237a,Derwin Barreto
p_0eed79f190730e418f8e584a,Edmond Americaan
p_572c8711179dcb9e04bb03d8,Jonathan Sierra
p_a83048b59ac9392c08f14dbb,Carl Chester
p_958071ebded37187538d1c6e,Federico Polanco
p_dd7e24aed71b3ee89e02ef51,Omar Estévez
p_c3b81c2feff2c12d4bb6aa2d,Deacon Liput
p_b4f3a37b048d85323f118fe1,Cristian Inoa
p_a32137741d199b1db8397349,J.D. Osborne
p_f28af00646ade347732f5795,Nic Ready
p_8c229fd6e2cd249e8bbaec65,Jhon Torres
p_32870a00954835ebfe235c64,Ricky Aracena
p_50e003a21e0ab38fa1a05e7e,Zack Raabe
p_d8dae24dbfe4987e3393b389,Christian Robinson
p_0b2b286f35b5c4d6a4f06c80,Luis Curbelo
p_6a2b005057d8ed78d872e848,Grayson Byrd
p_5b303654b0d37ea231ca3978,Tommy Jew
p_550fe83a4363e7b252ccca04,Edwin Mateo
p_812e5a03bdc2c122cc63dc8b,Davis Tavárez
p_cc76e9c109a817a1fa97a83a,Pablo Olivares
p_57dfb90a94f63fa9fb0e0d98,Jean Carmona
p_c0d4271f365fa41a531799d0,Danny Oriente
p_cb0899ed3573edbc78d87af7,Kingston Liniak
p_db788478bf7c6ab58eb634a5,Dennis Ortega
p_b429a7e1d7e171dbadeb678e,Mishael Deson
p_420214627c063017e0f8dc7d,Reyny Reyes
p_c3f208a8bf68477f25855793,Manuel Garcia
p_a631a3cacf3dcdd5fce3eb2a,Jose King
p_33c7b921dd8cafd554da9033,Lester Madden
p_c1f7eab49e365655a35b97f3,Matt Chamberlain
p_997836dfa038466195447dd8,Allan Berríos
p_30fb0f293da09d2d37449682,Cody Orr
p_aca6bece65fdfa9e2a77c241,Samil Polanco
p_a556d156ba909bbf4b0c8c46,Harrison Ray
p_1fe7dee1115a42dd81313588,James Beard
p_ea92d26509f2d3eb28b0bb5e,Jose Rivas
p_07f25c390818b676ea784383,Edwin Yon
p_965eb785c9ae607823b6d6ce,Max George
p_81e9a1fa84f618eeb3b0f7ad,Willie Carter
p_4e8c6ca52dfec3b689a52478,Jared Alvarez-Lopez
p_e592b58fdfa01ff431658446,Kevin Strohschein
p_444a05f6547fee35aa2cfd9a,J.V. Martinez
p_a40654ed3381f3e116210db0,Angel Solarte
p_381e91d34675e4d32ce70961,Junior Martina
p_76e23872b236bd020082ebc6,Arbert Cipion
p_2fbec09c16c42c0e781a0a4a,Ronaldo Urdaneta
p_bbee70fd3ace19501b08f937,Pat DeMarco
p_2924f26a9e1bc5907c238d89,Brady Smith
p_21e7439e33a76535ae35a2d5,Jonathan Willems
p_3cd26abad4a28be252bb7fc4,Carlos Ramos
p_e8631680bc1002682b7cb07e,Brian Klein
p_22c832bd45f6ee73ebc8a04f,Jake Guenther
p_2d6df2c96f8b892d46779bfc,Harvin Mendoza
p_bd961bbff109172bbdf3b10c,Yeuris Ramirez
p_e8164b45b8953a2365327b1a,Carlos Irigoyen
p_7cabd5491f399068a9ef2142,Tyler Malone
p_033fb31ccce1b6095f3e70b2,Najee Gaskins
p_08680c7f5e324fa63460a50b,Leodany Perez
p_4b4b659656da7c46440003d4,Logan Allen
p_6a5b253be1a14d9e099d9b94,Sander Mora
p_2c756df144d660393a0d978d,Franklin Soto
p_57ca8516d12d4c3df5488459,Carson Matthews
p_7f44f118e6f225131b2c3142,Elian Miranda
p_c73db1a69772da112b079f7d,Vojtech Mensik
p_3b253fd00f665352d0202cd1,Solardo Rodriguez
p_c0c2a18a7f23a9499b43fdb8,Junior Paniagua
p_894a62383fb529b2ae0f2979,Mike Wilson
p_a1cc5daac307883273d8005f,Raul Beracierta
p_129119904359ab4a2748d3d8,Aldrich De Jongh
p_58463d746fecab6df4c0ff7b,Quentin Holmes
p_f8de50513d30f9923880fb5f,Jack Stronach
p_9757e8df7e9f0750f9d8fa1b,MacKenzie Mueller
p_59721d86dcd3696cadf86b9b,Ryan Goins
p_90d6fed1973dcea049ae05ad,Oliver Cedeno
p_dba565e4c13fc2c791941f1d,Keiderson Pavon
p_e14da5603e887bcb29c994af,Emilio Taveras
p_82e7f47fa6c9452e88ed9917,Kennie Taylor
p_18652e637f67ad5b100e52ea,Adrian Perez
p_02b2cbe40e9899d115585797,Debby Santana
p_c219e7c2b562f125b4c8b2e4,Kelvin Alarcon
p_31070b09094042c31b4d8b4a,Jamal O'Guinn
p_a325572ecce5bdef336be95d,Jhoan Paulino
p_2f29f493cdbe656adbeac1a8,Lewis Castillo
p_87ee397df5ea6e311bab6a03,Ryder Green
p_b6063a3d3d86e57a1c67bbda,Nathan Perry
p_d7cfe6a72314f20b83a7f948,Anyelo Gonzalez
p_b8ecb6f4f97b78079ed7886d,Angel Perez
p_f3588a2b91d8a009de13b1f5,Jelfry Marte
p_3830c19edfcd4905430309a1,Benyamin Bailey
p_fd4087e6959718f3bafc8923,Madison Santos
p_f60d47f84de0fc6a703e9c9b,Wilfri Peralta
p_1ae9b9a29f6f2ea1c1014fb5,Marcos Brito
p_3d2784c5374e3ef8703249a1,Miguel Rojas
p_181b2f2093d9d0300517d3e6,Harrison Freed
p_48ccb540c8672d4c1660e841,Miguel Dominguez
p_dfa2e5a71d0897cdfc0e01a2,Daniel Bruzual
p_3a25963582eaea949c8e7662,Jorge Lara
p_5798f1281c0f323efb69c383,Ulrich Bojarski
p_37697b41d4aded9e81657b61,Guillermo Quintana
p_130d86e3e0c668d47bff6417,Andry Arias
p_839ac344fee14ade3261f7ef,Pablo Arosemena
p_a12a92ea6c2655696a586639,Amell Brazoban
p_ce171e0de60823dfa344cd96,Jean Mata
p_988e0aa0ae72edfd54d3ea1e,Luis Silva
p_41409e882cc673863ebbf2bc,Xavier Valentin
p_c5fe30ebe40635091ca096ff,Sandry Hernandez
p_28b7d510c8d48495e0950255,Braulio Vasquez
p_7d214a87e8a2cf3b0110143f,Victor Mascai
p_68260d79d684959cc1a11ea3,Adriel Sotolongo
p_8399ef7a9298251a506470ff,Pedro Roque
p_a02051ec158d207f0626123a,Maycol Justo
p_bb5f3f9a7eee616ffe927bf1,Connor Blair
p_5d71a9b02b118d05408dddd4,Robert Mendoza
p_a036637ac6010a8f9a8e38ff,Jaxon Hallmark
p_69c893497fdb04db90c1b93c,David Isea
p_2aa14e2fe530f4553d344b95,Saul Garza
p_4472b44304cde7db498b1873,Felix Familia
p_76edeeb9e59cc0bf80e20a89,Jose Rodriguez
p_2bd52b7a3e399751b9987613,Javeon Cody
p_3e60b95755ecf0bad25101a0,Esneider Gomez
p_a8e149b9af9614956fff69f2,Frank Astacio
p_7239e57c824ad77641e6c357,Steven Cespedes
p_b41373675f94ddf45c28b907,Jack-Thomas Wold
p_18c8d7bc5f1494e02a46a429,Omar Reyes
p_dd59e7097e864d027361696a,Burle Dixon
p_119b3c03813b1d0e9f9bf7e3,Nomar Velasquez
p_5817a76b13f1a28fb0205e03,Jasiah Dixon
p_dab118f14ac7a0b5d6f89db1,Zac Ching
p_d5f9870c487a482ae05962c7,Justin Ramirez
p_d11645aafa36b3c331ec29cb,Henry Guerrero
p_c1314ae1c4e55dfe52fb542c,Jose Melendez
p_2eee07abfc27160befd0d2fd,Joe Vranesh
p_39526e0dbf6cdc3621fe9fff,Estiven Giron
p_0a0f945fe5f2f074c2d2fa73,Micah Yonamine
p_463b1b970493f06725159e15,Anderson Colmenarez
p_a1dd4209958f09463c1ee408,Jose Urbina
p_094915354a0153af2583bcca,Luis Aparicio
p_a3062a89a3e0e93c666ac26e,Jerson Florentino
p_fad2627125ff6d955642c263,Harold Gonzalez
p_9d40d2fe92e8e272d900ed93,Jhosward Camacho
p_25fa25697498806b90412b6d,Oswal Leones
p_e7bf0737f3e3d551d98bacf8,Edwin Ramos
p_f524fe8ac0252774a0a5185e,Gedionne Marlin
p_bb9a7daa4a44e485f8ffca15,Brayan Guedez
p_2e27b186bc7de484ee8a545b,Daniel Castro
p_0f733e4ab97ac183df8e58f1,Carlos Silva
p_91440e6a505ca45e99e42c45,Luis Frias
p_26193f780819701f71a48048,Sebastian Cadiz
p_9e1e27fae249579167f41ab1,Omar Romero
p_5094ebe7889a1eeb55fb40f8,Oswal Rada
p_838e3a2440b8c3fab0f2cb14,Michael Guzman
p_0731c71ec67e55f3ecc0a4d3,Moises Paiva
p_21cd1f2b1a5b09b2f4b4e36f,Samuel Camacaro
p_866939fe9937e55359b802bc,Yeferson Tineo
p_dc334769ef03c5f1563befea,Juan Frances
p_5461189f496abb66384491f3,Jalen Greer
p_8684b13edd4e93eb382c77ca,Germain Noriega
p_51fa5a3757bb04c524ef6f9d,Railin Tea
p_7576a13bd3029b88877b1c67,Jesus Feliz
p_5880d1a341d35664b049cbbe,Jose Robledo
p_6493870def41133261685787,Alexander Garcia
p_5ff0ee5ec0bc392586b39d11,Heriberto Rincon
p_2e86fefdcd2ad2139dcc5a46,Dervin Andrade
p_3c43467841e74d77791a93a1,Jesus Montilla
p_a9e1dde647af5dd44ca8e6ca,Luis Echenique
p_cca396bb3f017f2a8f8429e2,Myles Miller
p_d84233f0ef3c4a9e4ca6a517,Luis Watter
p_40b2d9673bbd12ad5d0dcc64,Romel Mendez
p_834f3b5dcc132b2d2f18c9ce,Jorluis Guerra
p_166dc26a8fc4ee3c536a6d92,Pedro Hernandez
p_5e5bcc4257a6f1064cca15e7,Jose Leanez
p_8ac25e132628efe82cba7416,Robert Gonzalez
p_c11b81b080bf1191177f8f96,Ethan De Cuba
p_903699d51b9c0c0247c035d3,Yorfran John
p_52746f0bfe04346604e8acaf,Jose Chacon
p_6adb4c8af8f5380d0213bf73,Raynier Ramirez
p_1b9e1ee4f2b9083ba583dad2,Yelserth Ayala
p_51bc73b82bbcfa8449689e4f,Neifi Vasquez
p_49ee04c5958267b43a2b227c,Matheus Silva
p_66590ccc473bead63e8af52f,Wagnel Luna
p_6d61e86ad7dcdb6ae17e3b69,Keiver Garcia
p_eeb31172e71dc6c33b1f118e,Albert Carpio
p_5b18e8abcf438d5133db98c5,Kleiver Chauran
p_1fed25386e7bd7e058d45b82,Nehomar Caldera
p_7458900ed0862f2e7451195a,Reyden Hidalgo
p_3fa509945aa8cb2c31d01753,Moises Molero
p_0f0490973f6bc15ad2ea4321,Franklin Linares
p_64fc011d4ab54d6afdc5adcf,Yefri Rivera
p_c6f330d751b64f54994d13a4,Luis Pelegrin
p_a3216d2f5828a0e65eb5f06b,Alessandro Duran
p_c570f78394e4dd68356d5e36,Daniel Benschop
p_dddc8066ade8183fd6aee310,Samuel Rodriguez
p_8daea04843818992f9bd05bf,Matt Warkentin
p_8ed72ea92b7d388d54b314e0,Jhon Diaz
p_dcd398c21955e1f51f8036cf,Tevin Mitchell
p_49875188c18874efb83a334a,Brayan Sanchez
p_d237022757cdab21085469e5,Julio Pinto
p_aeba41b0d25bf5d6a74a4f8d,Yoiber Ruiz
p_3a8c13201e23b15b26df600a,Jose Ochoa
p_5feebc44a42fd333f78075eb,Edward Vargas
p_c60c051f26e616c91aad1b79,Rafael Martinez
p_0ab6ed4886593ba337c53720,Rafael Alvarez
p_f672106e88ed64e06037eac3,Abel De Leon
p_31c8c52a4a58f993f04cddce,Denyerbe Gervis
p_afbebd593c591da2b3e05029,Geyber Blanco
p_384acf4380906ed81a35958d,Sandy Sanchez
p_0ab5dc81fada21800a1a954c,Andrws Cruz
p_40192d1db8d9665cde6ed630,Jose Cordero
p_7b2c6c10e9776188b6e50990,Agustin Acosta
p_1cd1bfeb8139b95ca1a6fc0e,Adrian Bello
p_c0e1ca23795258d4f103bad1,Eduardo Garcia
p_7a11669dfa0ff98094a485a3,Ruben Vizcaya
p_804b4b091b3c67c7f8f1de7c,Heison Sanchez
p_e34876d84bd0b8c34d8cf91c,Erick Barria
p_8f4219a18c672954f2dba197,Edwin Sanchez
p_9dc983b9492ef973f7241b3a,Keiberg Camacaro
p_d9809dcd5812534593843604,Charles Nova
p_4d4ff0eaed773f47f3b552f5,Quentin Selma
p_a89d6b1f61e3e39d95b6c98c,Luis Suarez
p_cfdaffedb732790f9f8f7e24,Anthony Tandron
p_7b57320863261b539c23a00c,Antonio Pimentel
p_bf96b8c64078d7e12ff8e070,Axell De Paula
p_62221095506a336cc5d6d826,Juan Olmos
p_da1bf4a440196f9766934cf1,Jose Marcano
p_950ebeacf457e72d26a8a755,Gabriel Araujo
p_25b6c14ed3486f146ecc9418,Frederick Marte
p_aad3f1e33881b541bcb4bf8a,Angel Ramirez
p_e9d7cf6731f7eb111e7ec57a,Daje Morales
p_694bbc09e8834cd9539e71c0,Juan Diaz
p_5bb44f1e6c766364e5478900,Gueile Borrome
p_967585f2517b4e0b61349c19,Eikel Joaquin
p_4d2ec7318fbb50071ce25fc7,Helison Mota
p_49aceaa16b146b1faa00d3bb,Brandon Bossard
p_561f5ebfe9ad0b19c46bb9fe,Adrian Gonzalez
p_52704a09aa7e009345f2687c,Andry Javier
p_fcea89d1b94a329bc411819e,Dayker Baldallo
p_f526025a0f832fcf9aef87ec,Carlos De Sousa
p_edb47f89fd9a60cdf811a174,Justin Rodriguez
p_2c6251c1825938fd95f2f1ae,Moises De La Rosa
p_9a6951a78524ad7a08efbf19,Jensy De Leon
p_eaa28750cde42e867e0c3fc8,Jose Colina
p_1aa2c3595534c7d5247be5b2,Lisandro Mejia
p_e3c027f1716b00874190945c,Omar Ferrera
p_69221bcd1f953dfb5553b950,Héctor Jiménez
p_808dd074a3618b07dcf3f893,Leny Carela
p_ebd9484af908791dce4191ab,Ronny Ramirez
p_25163e8f56f342b143f4f271,Javier Pena
p_8e6a382cfadfdea2aef9c86c,Mendy Ferreira
p_90627cb4e88ae2b876320ab3,Lisandro Bonifacio
p_57223b5adb06d02ee9fd30f3,Jesus Fernandez
p_641d0c6bbddf13b841c37130,Joswuill Rondon
p_099010b28b6709de982a0655,Yeison Vargas
p_0673a853b32d2b50f08adcbb,Jostyn Almonte
p_616604e9e15bad78995f5d30,Yeison Lemos
p_db0dfaa4d756724a494ba52e,Ronny Ugarte
p_63f606f454094ba422520fba,Geury Estevez
p_704e9c6398a0c80552a8971f,Yoandy Perez
p_f941cbcf8c1fd2d866ea396e,Dennys Riera
p_2d550d96fc0ca878c1c6c04b,Juan Mota
p_9feb651307d84784af30b615,Wueslly Lespe
p_c7356f9882ec2b32febce3bc,Diego Villegas
p_0fcf25e07db0b7038e632126,Ezequiel Surun
p_fb50370bc76958c080e45d37,Dariam Gutierrez
p_c06200e25568ca4496492f91,Yosmi Fernandez
p_0031a22f54792f88635f881a,Reiner Chourio
p_9d2b7d4fcce47739e46e2605,Elisandro Alcantara
p_ad2553d77052f5556b0910ee,Angel Rodriguez
p_b9ad576923dbd41021d7e76d,Jose Gonzalez
p_e5063f3a78fc7b474a62ce47,Sandy Ruiz
p_ce9f45a5ed467584f421ba06,Randy Perea
p_596f5f7afeda400a9229d9b0,Renair Manrique
p_c716b1170a01c9496c035b91,Moises Valdez
p_2b1e20c7b4ab2c869f7c5740,Axel James
p_df7fd22bce4a52fa8760e0de,Cristofher Paniagua
p_e0245fabeb5dda3d62afa1a7,Cristopfer Gonzalez
p_bb1384f6f83fcc96595bfc49,Angel Herrera
p_4732a3b5447f3de5ac601400,Leyderman Ruiz
p_a0050546329af53260e283d4,AJ Lee
p_2a7d63ed19e943fdb1412c3c,Danny Lantigua
p_43805b99a4b412619a5b73b8,Sebastian Castro
p_1967d6098673c9e7a192acd9,Michael James
p_b22517a885d370c2107ee412,Reinaldo De La Cruz
p_66c8c8d00f6055f9e015d18f,Carlos Concepcion
p_8e4a8b924fd3f82561ebe86f,Jenier Fernandez
p_9d1c2c31cf9f13b347c72532,Erick Reyes
p_d4ce4b22b798310ccc5adea3,Jose Rivera
p_898f8d257781d9a037d34fc1,Jayden Felicia
p_b537cb930749f8ed2d74a02c,Ariel Lebron
p_0383abbd2080e357efcc7b96,Willian Berti
p_b6e87a2864b60d666acbc5af,Juan Zapata
p_08a912393ec879ec5e229151,Connor Cannon
p_616a9ea82e724fcfb08e4d83,Pedro Tovar
p_19f1cec07f895a94470859d3,Jonatan Yan
p_4f59c68ec3293e84f8d0c3fd,Miguel Blanco
p_fd68d42543bc51c879b2b9f6,Angel Parra
p_9939425562336a72989a5c1c,Audie Jimenez
p_695306b44af5991fcac0b6aa,Erickson Sarita
p_e4c3c0e9999290241d2db5ec,Elvis Rojas
p_69464b44996275ba5ccf1e4d,Brayan Nolasco
p_135395b61dc9285ad2282551,Alexander Orasma
p_edc51d294c61e0ae5392b2d9,Jonathan Taveras
p_bff3a518c4f1e8a19b0f2b02,Enrique Valdez
p_d95786d8e1aacf53f008bd47,Marino Castillo
p_48b3d30af77f6e2479b2dd8e,Nick Brueser
p_f96f16a7d18b983cca9854b0,Fabio Villadiego
p_2f72aea437062570c52391bf,Eduar Bolivar
p_fb30e5c150209f1b8e05c0e7,Carlos Carmona
p_d4ed265d5092aef2dc7e5be7,Gerard Ramos
p_a101af4fd48575c6a150c51e,Joan Gutierrez
p_df40c057857eaa0f9a2046be,Eyke Ugueto
p_24b4f3cf623242ad9f5083a6,Erbin Jaque
p_1c3e7e0d4b927075d2bf229a,Donis Rodriguez
p_506b07d25c3e2a54cdaa0687,Ronny Novas
p_b05be824184ac5ef6fa6a074,Josias Ramirez
p_8ccaf12ef33ba6748f51d620,Jose Bonilla
p_4924877d6a918cc679d3a5a3,Cesar D'Oleo
p_2c238b18b57750b81c6a002d,Richard Rojas
p_597cdb92d8fb3e305d12ac59,Jaeden Calderon
p_c28ac1f01cccb21b636af01a,Isaac Paulino
p_bb7869ea39c4c4cf040421d5,Francisco Laya
p_44e6179ac125ed19d88bfbeb,Junior Quezada
p_0d605dabbb9e26ccaaafa1dd,Marcelo Perez
p_2a43d1add7f40ab6cd6ff3cf,Osvaldo Heredia
p_39296033d86c2f13e29d1d2e,Jose Paulino
p_98a8347660edfec47f2ec5fb,Moises Semerite
p_08deccb6c7f03ec7b4bf208c,Samuel Capellan
p_cbca3d527fd53c42eb5f9968,Joaan De Jesus
p_2e2bfb772abeb7373de79351,Oscar Aude
p_c24ca6ec18665044f9d9e4ee,Nixson Cueche
p_4f584441c6b66c96c7bf3798,Enmanuel Santos
p_49a143a41a23cc319daa472e,Jhorjan Guevara
p_e2ca2d27f08b2c5a4a3d2463,Andy Encarnacion
p_5b3d065f8acdf4652b22e821,Elias Reynoso
p_d9952bed6a4f4ea6baa9c327,Christopher Orelin
p_24ccce079eca05a9c5e4c9a4,Luis Barett
p_8b9b7f3498ecb26567f32b5f,Fernando Roquez
p_bbb7b535fa7e144c3de18a75,Jesus Mujica
p_7286880f51ce994b0d38f232,Luis De La Cruz
p_22792d8e183df0b9750bace5,Amador Arias
p_e6d72bfc62fded4c2c4808f4,Edwin Solano
p_4ed6065e7e47ccde0e4b8528,Junior Del Valle
p_8515be96102cce576a3c906b,Andres Hernandez
p_d873e49fb5498e41cf4931cf,Joselin Payano
p_8a93329b0afc19e08ec0971e,Jordany Oliver
p_b1b10a18e7843e5a68b25b96,Yorfran Medina
p_d930a87566eb0afb885124bf,Nestor Chevalier
p_246c0b2a1dc8f08b26807070,Raul Guzman
p_e8a13cd6da8dacab558c8f80,Kendry Feliz
p_62f416f6d7eee540725bd285,Diego Rodriguez
p_7d0f5fa0340e0fcf98f3f085,Fabricio Valera
p_77fac32afac7531bb59d7817,Christian Suarez
p_65fd37054698fba9e9d1396a,Lerwin Andrade
p_cd8b0d3b607d29e2fe348671,Luis Bolivar
p_077554a44f9b408dc212dd12,Andres Lacruz
p_17033ad6b853c320bb789934,Darvin Cruz
p_585522645383510485e2bf77,Jose Gonzalez
p_2b55b5b31f1c37ba9c0bbddc,Wilmer Feliciano
p_e64eb97a7bf59e1eb3935693,Ronald Pena
p_08cd6d973b19699cd984e714,Andres Tabares
p_103ecf90218c6c505d3ec45f,Jose Mendez
p_b2dc2fa9b43a066873fa6bda,Frandy Duran
p_0d8ed6dde293924d328e1d88,Cesar Bonalde
p_dbe347c7b81815dfef024d8a,Victor Celedonio
p_66cc8ac2d81306c674978145,Jhoan Gomez
p_3be71fdd83996a92c7f5328a,Ronnie Martinez
p_7af3ed922904a72c594314fc,Gabriel Terrero
p_2b0e3e022af69a2559fca06f,Cesar Aponte
p_d63adcf6bceb7d9d19157faa,Robert Perez
p_bb03872c7b40e1b68af52473,Ovandy Frias
p_0957cbe0aab5402c11517ff5,Niurby Asigen
p_d5f29e79f419a7858f1f7bf8,Angel Santana
p_3869646ffa49ed4ca54adf2d,Derek Escobar
p_d41ade3a62e10e383dba73c5,Kevin Santos
p_23c362ed79c68ae1836793e1,Yohenny Mata
p_020e80993e4b5fab0cabd173,Ramses Velazquez
p_e80eab67b101811d7a141351,Eduardo Perez
p_17d794803cca097ca8fb8db6,Lewin De La Cruz
p_b8dc7e4c6088ae25c5e64c4a,Dauwin Gonzalez
p_81b99d0a8e3ca09b877add3e,Brailin Pascual
p_c89aaddf12fe3ad61440d911,Tony Ruiz
p_13e7e6c5e9862ff4fc45a96e,Jhoan Solarte
p_e5ce8bb73e63df89054ffab7,Juan Pulinario
p_c92d4a4950b2343ea48790ce,Diego Felix
p_48b5959558111f8faed9e250,Moises Moreno
p_27016babdbad8366ad970b5e,Adriel Cuello
p_6e71bcdcaaa9ae3e91ef2add,Oswaldo Ladera
p_7c5a90b8a7aa4324f8f8c794,Brayan Ferrer
p_8b6464a7b9ec44c5b67e15c1,Daris Cordero
p_d11ecb8c41355052ccaf8d30,Juanel Urena
p_9d34d17cba4f2c85a71ccca4,Carlos Blanco
p_4e4bf49f5ecc5771be295384,Luis Castaneda
p_7f42d4c5f5a1c4af23e50d63,Jose Cosma
p_a04efbff910e1cee2ddd672a,Jhon Imbert
p_8a21ebdf6f7a437d627f2a41,Pedro Figuereo
p_4b9631547dfc6c86765c7000,Enderson Asencio
p_1d57dcf12d0862ce966218b6,Fernando Hernandez
p_f15cae8f966b4edfd46c82d3,Breiny Ramírez
p_a52c1ee015b3aed988c4d397,Francisco Ulloa
p_518ca274eb9ed9718083bd10,Albert Alberto
p_1625e76fd08f00ceddbbcb10,Ryan Castillo
p_b63e9b4087f56c3a44476944,Nathanael German
p_25b96608ad94c44188a3118d,Dawry Martinez
p_71a504f8a5ca47e66b48f097,Joel Flores
p_87c9150b48ac42d74af09cbf,Saul Bautista
p_986dcd7243a1ae7caee7e8cc,Andres Bonolis
p_fde7236a52770dc85ee334a2,Marco Marcelino
p_c5870b5590378609331d9194,Robinson Vargas
p_440eff9e5d2304aa95be425f,Ronal Antigua
p_af46589cf6e0800ddbaad3ce,Keshawn Rombley
p_810e60e27f420561c6527a53,Jean C. Gutierrez
p_8a448bdd5aed0c3e0ded2b63,Eskoly De Jesus
p_1bd6b3ca7d446a85e25be688,Jose Medina
p_230805fabf65431529905799,Pedro Mota
p_dc6bd56e8c6b30394de3e0c5,Jesus Correa
p_ed5e1bbd521ce0479a80c42b,Jerry Torres
p_437b4c98068b334b3764b9b2,Bernardo Zabala
p_f2425c444ad8a5effb327861,Sebastian Bautista
p_53abad2491058c48804a25e2,Adrian Ibarra
p_a0d876d4c2fad90682b1b2d0,Jose Colmenarez
p_03274dfe4074d0b8af5fffa5,Jarol Martinez
p_6704a22c44e12023db8dce03,Diego Gonzalez
p_3f31278b8ef0e47d2c2bd281,Claudio Evangelista
p_5b2786318c20e8892fffbb20,Carlos Arcila
p_39d4c097c1e87a4ae5c45a77,Angel Pena
p_fe0ac6d7a0072e164e90cef6,Osman Bravo
p_176eefd686a9c68f1f7b6b5d,Adrian Reyes
p_56cb478973d4c275ad423283,Yensi Reyes
p_8b04503f1d81a753ee0b498f,Jorge Celado
p_380feb81e7e87e28fe0cd193,Anthony Baptist
p_c39d34fb00fe4ffcb939cd9a,Rodolfo De La Cruz
p_10de163b23ac038681b42f1a,Derek Vegas
p_7189ae8d8052b70dfecd1574,Alexis Feliz
p_9571ddab6e2924f9944dd04a,Yoangel Ramos
p_f284f109cfaa84efafc03aca,Germain Ruiz
p_055a89bba63d48b17f3c18ee,Fabian Urbina
p_05cf0389d17b98fe65ad36b8,Frailyn Abreu
p_c7b3e6094cab6b3db44348f6,Brayan Oropeza
p_b32c0b4da379c4e263e4973e,Daniel Gaitor
p_55bc10d8eb49c25b2e323a80,Ewing Matos
p_d49f59e0efd0f6a477786a56,Alexander Garcia
p_af9f35d75f10c31c14a6fe53,Richard Polanco
p_dabd2c5450b1aac7b00d60f2,Jose Castro
p_ddf663aea20cf91a39f07b15,Reniel Diaz
p_9fa98ebe1a7d3411ae019f06,Gustavo Marquez
p_ecd4753635f6bab8a23f52f1,Jose Liriano
p_69a244780116d095e328846c,Luis Rodriguez
p_8461341a198f2a65da93e4dc,Jonaiker Sandoval
p_c0966e8e6b55338dae7b8160,Santiago Contreras
p_0be4bd9f3f84c34596980c52,Arnys Rodriguez
p_f566312e3acbe0ba707fb65f,Natanael Eusebio
p_b1f284a11df31583acbbb606,Randy Arrieta
p_1c4072edb340fcc3c979c866,Luis Paredes
p_d58a0c53d78b153760f0a4d4,Angel Feliz
p_74aac69a2dc1499af95161e1,Carlos Altuve
p_c5906ee5c02dc061c7d806e2,Delfry Carrasco
p_7027d874bc21082448579657,Jiter Heredia
p_e224e652d99c439997f4c57e,Anthony Rodriguez
p_5b1dccea0f79eb3ea7af2a61,Jose Herrera
p_2aefda78d728369cbd6de3d8,Irving Igualas
p_145155e5fde246078ca2ffc5,Byron Castillo
p_29e1559cba4423f2b5e78259,German Guilarte
p_7a0f0eb74c7050cb5d77e955,Abelaldo Lopez
p_615471712e502b0f1614f085,Anderson Sanchez
p_734471604d9a14e861322847,Junior Marino
p_6c39c7e532c516e8bbc3d504,Roman La Torre
p_b59e53e825bf40dcd36ab4ba,Jesus Peraza
p_8e322640e73a50fd02acf4ce,Gilberto Rojas
p_0fa5de241a996b11c3ff0c08,Kay Robles
p_dad756e55cec3d2ff77acdf0,Luis Arredondo
p_f56034d129d1b351337dc5fc,Adan Chacon
p_6789121466c200840a282f22,Juan Martínez
p_49649a7b90eb7e51a271b7bb,Eduardo Montero
p_0e61ac4185a537e897b93cb1,Delvis Matos
p_6583bd0a714211d9bf09d3b4,Luis Maza
p_f3ea8cc80ea2b4fe7094bb4b,Andy Sosa
p_ec14dcb413cba5fe65d29ece,Santiago Pinto
p_72bb1a91e201499468a7fb89,Railin Familia
p_eaed535e71eb6d49d471b4a9,Gabriel Bersing
p_9f0ab72a96d1c04fdda563e2,Erick Arosemena
p_8be177c1c9e8b3820a81ee6e,José Noguera
p_13e8e0009f6cf9c4fa24bc75,Gustavo Armas
p_f49f139bd1871a43f590cd60,Jhonny Perez
p_c9522a239af38db2008ae151,Arquedion Muller
p_593ba7d43c403e46c00e9f1f,Juan Rosa
p_cadd4e9fecb4a886cb2a525c,Jonathan Bautista
p_7172a7b3a71b09aac90b2c60,Johan Ferreira
p_0384dc63e8c462fc7530f4f2,Robert De Paula
p_26367368f44f3aca0feb284b,Robert Hendrick
p_8bcb5a417a74c4f9cfa0e4ad,Delfin Ramirez
p_082e01fe62686016144fccb0,Jose Arias
p_6c947ca4856e9febdab1aaa3,Angel Aquino
p_89b1c05d638041e9fd7d9f7e,Andy Colon
p_1968bc49e89b957271dc039c,Neify Rosario
p_779ef23e31370eb2739a8498,Cesar Aguasvivas
p_01f09ceb7807c00edfc1eb27,Eric Valdez
p_f911ef7ccb75860d65900214,Daniel Ferreira
p_e08a5443477c8d263f22dbed,Moises Febrillet
p_e766453923fc023c0df72e17,Janero Miller
p_74eb24831ad7b39330ec7903,Yohangel Moris
unresolved_275f138e73e3fc0ac8eba4bd,undefined
p_aae6f5cc38660b5c4fce2eba,Jirvin Morillo
p_6f43752ee54bef8eca1c26e8,Gabriel Gomes
p_16de558db70c1cf1f7a57cb0,Neurelin Montero
p_34f1501dd9e1ce12a4f72ff1,Queni Pineda
p_4de0f2c5481278ae1268e488,Andres Torres
p_3f123bf0f185731cad3ced26,Lennyn Nunez
p_9e030c63bad33b6798f319f6,Luis Cova
p_32b7149e54769009e0f2aa73,Daniel Campos
p_93979d09c4080bf288e9283e,Francisco Caldera
p_d69a6e120fe66ad21c1d7e94,Marcos Terrero
p_f787bc4de401826384b9cad6,Curley Martha
p_7b524f6ae50b25a00679c113,Steven Madero
p_b9a51c0b952a6235c26d7d42,Liosward Marin
p_6a71bad84cd0e82529f74aa5,Emilio Sanchez
p_8ee20cf5ef318e0471429d65,Merphy Hernandez
p_c31fbcb9e8bce32595a66682,Deinys Gonzalez
p_3a4828195bfc166139ad6cb7,Diorland Zambrano
p_632683376bf75ef9394cc4d1,Ludwin Tejada
p_50ca51ba20aebeda6c183e8b,Edgar Montero
p_e8ec4844606b9351b762d2be,Jose Torrez
p_294eb1fd7e0401bf2f64f414,Santiago Ustariz
p_7e1b2989bf4d96147eee92e1,Yovanny Rodriguez
p_848d3432b1ce60376cdf21b3,Jorge Ramirez
p_e51edfe04a61d77cff474261,Wuinder Torres
p_435faf94e5915a7648e4b0a7,Freider Rojas
p_20451ea5af47ad63784d1464,Justin Capellan
p_71790c092fa448dca639e7eb,Alexi Quiroz
p_623a6e35471cdd2913c6c1ce,Angel Brachi
p_87efeb0e290303ff5d5d6498,Eduardo Rojas
p_b5ddc5928ba6e329c964b9ad,Josueth Quinonez
p_c13413f66ce6cd5ac94b7092,Angel Guzman
p_dd340f283370a24ea098b4fb,Cristian Arguelles
p_7b7ca682c20b9e6f224980b6,Hector Campusano
p_70bbb7a1b2899876da9eefea,Miguel Rodriguez
p_7bb223987edd1e1a2e3a7a45,Juarlin Soto
p_7b11fe0f56ec5e51325d4466,Yojackson Laya
p_3c44e61666fcecd8a2972e03,Arnaldo Montano
p_b30150b752886b0083db6017,Julian Hernandez
p_9f78fbde5b7ba4396edaf05a,Orlando Pacheco
p_0fe6c593f856163763604ea6,Yosneiker Rivas
p_eab40f46707b1d16660ae164,Winder Linares
p_3cb3ca426369ea2855380491,Luis Aguilera
p_7135a8837da9fd03d2de345d,Alexander Requena
p_bdc6d7b4efc11cafadc78f02,Humberto Tiberi
p_1f37ff09c2202fd8f48a58b2,Darian Castillo
p_95f112d19dbe85b68c3fab2f,Yeisy Celesten
p_50de484227172b64b88e627a,Carlos  Garces
p_1322ca3316a19080ffb09bec,Cleudis Valenzuela
p_56bb8158bd585ce5d160df98,Cristian Perez
p_a873859a5483143d07a01966,Christopher Alvarado
p_fa5a3e09a344f5b585b5b0ad,Alexander Rincon
p_d1f7d9de388d02718ba3d187,Eriel Dihigo
p_0360954074f64b7f351fe585,Miguel Rivera
p_ac7c79b0b4c8248393474d08,Israfell Bautista
p_44f8a1bd3708f25fdf473446,Domingo Batista
p_40c3f7d388cdafcb0b74b1f1,Dariel Arias
p_95518cd3911cf73a30d7d32a,Christofer Reyes
p_6eb003a396cce57ed1d01ab6,Jose Guerra
p_03b5d17814759c2ba87138a8,Leandro Morgado
p_496c1c2ca60927aa2ab6fcd6,Reyli Mariano
p_89f00c6b835d695fb389e98c,Moises Polanco
p_8bb09934c83f7567643916d1,John Santana
p_bfce3298d3cb93fc1b742c58,Pascual Archila
p_927a069aeb914e52555f1d02,Juan Martinez
p_9b02ca801e50aa3179a26c68,Jehancarlos Mendez
p_b1a93a119a5f71bd10e9c7d8,Martin Tamara
p_d3c247825b0101dfd5d9e833,Amauri Ramirez
p_6e12cbf4047623bc96f34990,Franchely Silverio
p_65287b77c8812f26163c5314,Claudiel Lantigua
p_14949efc5aaa4ffc0799e013,Anthony Marquez
p_138aa07fc5e2b896ee7b9bf7,Enyel Rosario
p_473a76ff07e7f6ee4808ee67,Estivel Morillo
p_c6aacf2dd1f577f2744ae518,Diwarys Encarnacion
p_f96fa858453d968437f892c4,Rafael Flores
p_28c1d215c26793efd4fac45b,Aaron Pinero
p_87107e4acfe5b4a2be8c4b94,Albert Jimenez
p_129f55da2e76acc639b2bb3d,Samuel Gonzalez
p_e9045d1fb73193c53269fa9c,Jemone Nuel
p_d0ea9aefefbeeeb3919f4992,Vicent Nunez
p_8a13c293d1b75c04e89ac9d4,Givian Sirvania
p_99ab005ecae06c08501dbf6c,Alonso Gallegos
p_1e1763900e0737f97b5b1aad,Robin Ortiz
p_9069cd852c369bcd62bab83f,Gabriel Guanchez
p_a5cadac7420e05bcfc1a23e6,Hojans Hernandez
p_5d5f53209dc4078b575e0f8c,Alejandro Blasco
p_5c835f94e7c07b8c14129ab0,Nelson Marin
p_97b064ef71bff9b4878a98d4,Emiliano Galan
p_9ce6371d9cb08c34357957bb,Alfredo Benzan
p_9f6ab855166a5e79094a4f08,Rafael Medina
p_4c28c1429f975f14efd15d08,Yorvin Morla
p_cf326e1494caaa5ef1c122ba,Jonathan Rangel
p_f2824e8b659a8afea4fc68f5,Brayan Cota
p_c3d875945ecadd7c7d40e349,Grenyerbert Velasquez
p_de03abad08feb7ff36f30bae,Danny Cancro
p_4db9bdbdab03e35e48ae46c8,Jason Hernandez
p_13ae4fbedf400041e0d0558c,Yadimir Fuentes
p_1ae0afb0d476f83c73d66fd0,Sandy Luciano
p_c6066d4046e4821643e8ac73,Yunior Quezada
p_44f48fc0271ee175e1da4e82,Eddson Martinez
p_088c37cdc8f1c7128d6cf163,Franco Willias
p_3d504c6990d54a169e01c5de,Edgar Mota
p_43f8305ed1e3bcb3a780f46b,Nestor Urbina
p_a8d7b5fbd0f7f93e14f77ee6,Leandro Romero
p_28c7b6c080dbef3170ae7369,Sebastián De Los Santos
p_a990c0123abfe43660bba2f5,Guillermo Batista
p_05892462825596f8b8fc7371,Erny Orellana
p_3a70123f7ba050c9024fc543,Jesus Abreu
p_7b5e5b7b9afe6e5cb30c633c,Gregori Arias
p_05b99afb61219e83b829abf3,Esterling Rodriguez
p_2288ffc0d5bb8f3aacba35c4,Joseph Sequera
p_aa097994fcb5fb873134b42f,Ezequiel Pena
p_73a9e649a0e0b326daa4370d,Jean Santana
p_f780f9597d63c042c3c55060,Yensi Rivas
p_cdb84925803a37cc0b70f262,Esteban Romero
p_6adcbf8d4affec2ef554ae92,Frankeli Mesta
p_59b5aadda188b8c191cae3d3,Rafael Castillo
p_e21f2f3f3a06b366b267f02c,Richard Matic
p_f7805c640665dbb98bf18717,Joaquin Arias Jr.
p_bc65b5dcb4cc3ede3303e4ea,Eduardo Acevedo
p_6f61e91598f0bb640a895fd6,Greylin De La Paz
p_7d2c5f18785f503d66d7de5a,Edgar Lugo
p_cd454d52503896339ea21cd0,Jarold Montealto
p_0b812e28800d88735988d3b2,Adbiel Feliz
p_3fd6029ab7777565ce63e0d0,Francisco Vilorio
p_bed0139ba0071136cc77250c,Gabriel Lopez
p_e9261b5562d1264ac0d36d47,Omar Mejia
p_6eaa8d17f82516dc30722db2,Randy Soto
p_cb11c219dc552fe4a51e7818,Samuel Brito
p_6863de0a24b67f35e8c35eba,Carlos Matias
p_95f89c2cf3f06cb458c2bf45,Heudy Pena
p_5be0dbf7a1d64cd290d230d6,Vladimir Asencio
p_2ae94bd897bef930e6e9a5bd,Dawel Joseph
p_df2feb5a6d3d9250ad19330b,Yordani Martinez
p_8e10db215e6f5b820e62416f,Joan Acevedo
p_67ecaad586ebcc71a39a5c42,Randy Martinez
p_b54e8fb5a5bf6179ad0a0145,Abraham Cohen
p_cb3dcc2aaac5792e81204a1c,Jose Camacho
p_5afea32cf2bcc7806108be03,Browm Martinez
p_bfbb898e1ea517ecc3ccac60,Deuri Castillo
p_49678f06428ebc135142f863,Joenelly Van Der Linden
p_d4a949a26aaedf98fad1c75a,Cristofer Lebrón
p_5caa179ff3dceac56e502739,Eduarlin Tejeda
p_ca72498e4cf7cae227f1965b,Eduardo Herrera
p_d8753ad8e6b67b82dfe6f808,Rainer Reyes
p_44449d17ffd0b0cf31cfb576,Wilmeyber Penuela
p_ba9786aa2953f6e4a5a0dd25,Deivis Mosquera
p_f9165b698be24b9088fa41fe,Anderson Navas
p_ab007e1b4580883620c4d296,Adrian Hoyte
p_5320b84e4d167052f23355da,Eddy Marmolejos
p_fd541ea265c4469aa9be156c,Anderson Garcia
p_4507e78dea4f09c2a44e410f,Deshandro Tromp
p_c4025d2013598e9aa3fe830a,Andres Villafane
p_c75f76fde1fa22dd9095d947,Fabian Alcantara
p_b68a07169ce724c4bb1a4a6c,Yariell Almanzar
p_616797585666ad553fe6417d,Santiago Prado
p_9ad51d7da54645d997ec60d2,Diover De Aza
p_37e468d3f4bf3d3a6173aaf6,Josue Brito
p_f851b9665b86b57dd1dd3c87,Louis Pierre
p_110d64c3248844a659baf41b,Jelson Coca
p_c193e1714d3c2be23f5bbf41,Alexander Mambel
p_6dbd349235f6fcfc384ad293,Zeus Nunez
p_2487c9bccd150b2586a12813,Yaxson Lucena
p_ad45851173acb3ccb43e826a,Luis Quesada
p_4f69bb4a10396358196b6766,Alex Acosta
p_6307b980cfd66ae7d70e702c,Juan Colorado
p_452bac60b10f0bcb8766ea99,Alver Medina
p_38a5b6c4bbb13769696b61d5,Danny Puerta
p_6844cb3e5f457c4af5f1e533,Adolfo Sanchez
p_0f85a06a657055bffeb7c8a1,Belfi Rivera
p_eec564d8f951a7b5dc7591ac,Edwin Darville
p_8da0b3565f39102724246471,Manuel De Cesare
p_b1beb9027236c9bb4b9951db,Manni Ramirez
p_18ee2afb5a7f97b18a69d9a7,Ismael Del Rosario
p_c61dc6b68a3f50da222b29a5,Frandy Lafond
p_04ff1a8ae3f801df443d98af,Anderson Tovar
p_27fe0955c6bd92a6eadae3bb,Saul Gomez
p_bdb25c9776a6c6dae43b603e,Oscar Aponte
p_0caf4836e40226a7d5c56cbf,Jose Marcano
p_e55b3a0471a83948fd9dd8e4,Angel Garcia
p_04776609c1fc0fc3c4158db3,Denilson Aguila
p_d490b093aee1c27be24cb66f,Juan Martinez
p_ff06463d4889c45e45d9e654,Derek Cueto
p_ee6d6274e4fdcaf7e2d0f316,Adriel Radney
p_7a0c30e5e7fc0e65e5d3480e,David Carrera
p_f8c83f25e85c68307d8e0f64,Gabriel Cesa
p_128e63d19fcd0445bcf6f09b,Evan Estevez
p_df4a7db39470a8b3d3516dbb,Estivenzon Montero
p_0a8d782009fe73e70a35ad17,Juan Uribe
p_2a3d083a192f37c34aaac186,Daniel Mielcarek
p_7777fd4bc43be46809f0e77f,Alfredo Guanchez
p_c3c11bfbc4d3e329331defc0,Robinson Chacon
p_a2aecf6b6422788f1c8c4bce,Angel Gonzalez
p_322a49af7696ff1772b7d35a,Marwin Rivero
p_f0c45f1857b7d7e35b537b0e,Victor Hurtado
p_b7c4e9c098e48ba11719d7d9,Maylerson Casanova
p_63e9c9f7ffdc5b4922108056,Brayan Joseph
p_5947636d04c51fa6d60de430,Jjam Alvarez
p_a7bcbbbe6c2efe0ef021d278,Kevin Novoa
p_f6e712478dfdb7f83d8e0216,Kevin Robledo
p_3d91ad2a66137b4c64ac7d2c,Jonathan Moya
p_db564a705c387cf0291b1f17,Angel Ventura
p_d2f3d6b10a2cdbc3da1330d0,Rocky Solano
p_96e7b13e1d2d04f19dd9bfcf,Jose Marchan
p_483e47363b6cc3fa5f1fe8ff,Yosmar Gimenez
p_e9f7040c4e344e86ea74c905,Carlos Carrasquel
p_c527da738c671f77a8a55d99,Kendrick Hernandez
p_949c9d937fa2e29a52c29843,Juan Espinal
p_67399d02e7d098509c8bc6cb,Paris Johnson
p_14ce642862843a32dd7dab55,Leroy Escalante
p_5d217416d5b391f85aafd950,Carlos Villarroel
p_454c4150b6553923ba57083a,Samuel Estevez
p_17354b83c1462934998e0203,Jose Sabino
p_d4a8523b3889d0dfc0a9943c,Bralyn Brazoban
p_9641fd1cb1e9b469f6d9d55d,Abelardo Medrano
p_9ded36bec0e390e0a5f1ecaf,Eddy Perez
p_1418a34f1b09c2c09c840fd2,Johmphy De La Cruz
p_be81cb9cbf5b26d70ecdc07c,Dariel Garcia
p_a6f5f8eaa257705f31fa5c70,Khris Almonte
p_570946a6db9caa2334dea882,Brayan Amoroso
p_a22d7c10c9da6a3539f05fa2,Luis Martinez
p_ad0df9a5117320dcda363d2c,Aniel Mendoza
p_dd206a47d9f176a964b80673,Richard Meran
p_5a229256f5c81c9b6f58fcb2,Raily Liriano
p_d71b8cfb87bb35fef8d50cf1,Hector Liriano
p_b82b0cc23b83c539581f5948,Steven Santos
p_40a37e573234779f297c8a44,Johan Estrada
p_a760fcc001ad62bb4e2f83f9,Cristobal Bena
p_6e837909fe688a8bb42012f7,Freiderman Aguilera
p_f6e17b656dbae70ca0c6d804,Jesus Lugo
p_f05381ed2f379b9ede5dc22a,Jesus Premoli
p_cb9d4d12f9b68072293c5b75,Joan Sierra
p_7aeecfda110cb20a928bfe6f,Jose Ramos
p_e42745601395a00a0084619e,Jarol Capellan
p_49cbfb0c91ff8c36eeb3126e,Franklin Rojas
p_f079890a7159f7d7ec78bc56,Phillando Williams
p_69ce8fb8a685f0406387b9aa,Rafy Peguero
p_c639fee920eec9b8732ffefd,July Vittini
p_7fbd6c5fa51eafcb21f7b077,Frailin Yan
p_95a14fff4776cad3b51a4650,José Castro
p_9a994e293d456fddec212e05,Gustavo Beltran
p_31af8f1a9c4717da60b8cfe2,Robert Santos
p_0a41a19e859e8a06a6ad5c03,Edwarli Brioso
p_f5adc1d04d5789813350dc27,David Freitas
p_2ea6de2a95ac135818556803,Herlinton Herrera
p_480a3cafd6649788c9fbd12e,Idalberto Santiesteban
p_b35094aa4878b5b3b3f03099,Juan Alvarez
p_c896d6e01151102284f23024,Julio Valdez
p_679525475a7661cdbc3a3dc9,Christian Sáez
p_e207e917ba83c17e4207965f,Michael Baez
p_435c04847c93dc930621f2b6,Clay Winklaar
p_7ce9a67750128ff82874073d,Yhoan Escalona
p_547f8bcb6d43720d816a5350,Chad Delancey
p_b9e4a8578beed46bea13750b,Klendy Leen
p_4851000d9124ecf3fa1452d1,Isaac Ponce
p_55c0523bf72081dc6f0be68a,Vladi Guerrero
p_a09c9f0cec432d62b76baf7a,Joandrew Pena
p_31d0967a1ec19651cae5cd6e,Juan Obispo
p_8ed6d403788a94f4051320f5,Alan Frias
p_737db7bf91ed8ba6c2e299dc,Brauli Diaz
p_6beab54d727a9aaa65116e61,Euiji Yang
p_441232db5c1acf3a55c253d2,Minho Kang
p_2028cc1c01e95d83f28ff901,Baek-ho Kang
p_961d1649193a4e835d1455d1,Taegun Kim
p_72b15582f83313829815b4e0,Jeong Choi
p_5fcecb0410b146d4ae96d1ae,Mel Rojas Jr.
p_016a2adf6415907e17a4e1d3,Domingo Santana
p_0ff9989faaec2f19dd7d9011,Ho-young Son
p_01a8b94281b34fb4cc05f159,Kyoung-min Hur
p_348bf9cbe809f544b6e8042b,Junwoo Jeon
p_91f7c305cab6f0293378e733,Jaeho Kim
p_754ab67d723769d82342c981,Ramon Hernandez
p_0d4df48a3e91e8308e96013e,Sang-soo Kim
p_ceb6d4baaa217c63ba7f0df8,Dayan Viciedo
p_af65ee1b80b25f08eafbd6a2,Geonchang Seo
p_cb387d11a015f6fea4e470c9,Ah-seop Son
p_ae7c25f7e7b8174f94207f46,Kwang-Min Kwon
p_58bd9bbcb2994aeee8f6709a,Shin-Soo Choo
p_e37103a1d405b519b91902c4,José Osuna
p_c8065181caacc5a92b60a706,Adam Brett Walker
p_223c7e24a51f19fc1cac91b5,Yongkyu Lee
p_df1e39df00fcfd2df852c706,Byeong-woo Jeon
p_0d3c1a25028d1e02932b087e,Jae-Hoon Ha
p_0adc74df9c92c88732000032,Orlando Calixte
p_520a68d9eccf2e7a11b63ccf,Hun Gon Kim
p_a68b999dc69b9f2943f49b1b,Dong-Yub Kim
p_821782c6cc8008228c898453,Hak-Ju Lee
p_36ce7ec880c7f3ef3572b063,Joo-Hyung Kim
p_0dc08a2466d400a6eed35df8,Neftali Soto
p_012f518870fae98db4a923b0,Pablo Nunez
p_04de70213ecdc06de4f8b63d,Josmir Reyes
p_78a211f7f068f1124ddeedff,Bon Ki Shin
p_054cb92ccdc2fe76ac929d32,Emmanuel Cedeno
p_e891aa39bc6a312269060a71,Luis Arana
p_8e635adbd795467248446355,Franklin Primera
p_81d9b76ec577cccef07e4215,Marco Argudin
p_5f5b49f6371d847a3f1d34ca,Elaineiker Coronado
p_d9d29312066671a7da832372,Elian Peña
p_690bbc5fad133c93d0977a9c,Francisco Perez
p_a1209038012773c0c489531d,Yoneiker Lugo
p_4f07ad6c7d557dad70a8505e,Christian Astudillo
p_76e9512b6e30979fee61cb1a,Ivan Torres
p_f7ad238cc28f06ec8d80d7c7,Jhon Gil
p_d08e2ddae94ac3f11817a734,Josuar Gonzalez
p_9fc16d2499d37c609c8a31c4,Elorky Rodriguez
p_464d4d90f5895539479ff93c,Carlos Torres
p_6e9e25a9ef84da3af65aff89,Yohendry Sanchez
p_04f7133f8076e5059dd8a1d2,Sebastian Blanco
p_c4b483cb24e4c5aa757fca99,Eybert Sanchez
p_3bcc2c00d9c91a585793ae6f,Johan De Los Santos
p_ebc836dd7451b3534bd5976a,Luis De Leon
p_44fe6969358c31e8502de4ff,Juan Sanchez
p_590f9733cf192ab0b988427b,Anderson Areinamo
p_e6e876b63af68f018d509bc9,Ricardo Romero
p_da488e37943139fbdf619cd1,Erick De La Cruz
p_c47e528fb1fc247cd09922b5,Anderson Araujo
p_e099bb29809fc1fa9b1ebcb0,Sebastian Dos Santos
p_3c3e39fd2e18e375b2c01800,Ricardo Chirinos
p_127c552eb4339e24494c666a,Yoelvis Betancourt
p_51ba2600e7c2e754e16e2450,Manuel Almeida
p_e5fe9cbd7e730b033febaefd,Yeider Mindiola
p_9617041996b8dba1ec26845f,Euri Rosa
p_cdd83c8b8651f1578787de55,J.P. Cabrera
p_364a3c7628b00b043131ce48,Juan Torres
p_a33687d904598f063723055a,Andreimi Antunez
p_abddc748a32e5e784d4e97d7,Gustavo Baptista
p_3638d01ece339b06453c185f,Jose Rivas
p_16303b61c7183c57c3a1e0fd,Jose M. Mendoza
p_891a61dcb0aaa1d1e0ae482b,Diego Contreras
p_508405166bd9b9469ccea79c,Nauris De La Cruz
p_4d9d03015b4be9fc7c1fe317,Miguel Caraballo
p_63b3a6c742a584de408e7440,Yulian Barreto
p_1660536affc83f409af11cd2,Jose Verdugo
p_df34664c5fcc8c584e231ae3,Kenly Hunter
p_7d9788df21d4e22080cfed36,Haritzon Castillo
p_df72c201d74bf0ac9693f0d5,Yunior Amparo
p_44a4635db653f459824df7e9,Victor Santana
p_14c9b88f3c82169654a99269,Jhorman Bravo
p_3db4400286cae908a14f9ba0,Ramcell Medina
p_5e4092697091f732452ac542,Anthony Longo
p_43f17e71614247f50c5d61b9,Ivan Cespedes
p_bfe0ef96c08db3c96559ffcc,Cris Rodriguez
p_4d3beb38686a28dd43bcfd56,Pablo Martinez
p_de426c02c2e668d9e93647e4,Yovanny Duran
p_d343d5f30d029daf486d7f9a,Santiago Almao
p_75db463637cb36fcc0d1908b,Kennew Blanco
p_fdf41045ef0d67bda911fc9c,Rosnel Alarcon
p_dc91ffa307dd99407eed7615,Dorian Soto
p_d00b71959731a8af5f15e33b,Miguel Welch
p_67190ccf8c4bfaf3626ad737,Eliomar Garces
p_4b63133bdb392ddbf0b6d732,Enry Torres
p_eff11658f9b0f1cb7ae6aeb2,Santiago Martinez
p_e926cbd393b6aa7756d1feda,Miguel Hernández
p_3f53a2ea92c5a425ac30c82e,Miguel Flores
p_acc9d518afcf926a8f4cfa61,Manuel Campos
p_71a09969027b3e8e4ec45295,Antoni Urena
p_eafc17d7d5d2379d70887073,Abel Valdes
p_6422fbc3391bd3e00258f7ae,Marconi German
p_d52a64dc0a314892090777f8,Moises Marchán
p_c6d7ba659dda504f371c9b02,Yensi De La Cruz
p_a44c569289acf5291ede7b4d,Johan Machado
p_10046bacc7cca2742740744e,Angel Salio
p_85fbb75e8c32e79b293f561e,Luis Steven King
p_01a7acaabc72b02837299761,Yeferson Portolatin
p_c061bcf1f81dd04890e4beb1,Juan Macero
p_55d19362abb90f0c0da19a2c,Jesus Morales
p_828c8cc6041cc4c9611d4631,Wilfri De La Cruz
p_cc67591d8928b039c3912de2,Junior Suriel
p_ed6b35e0849790b736839a09,Freiker Betencourt
p_506eddf0ac5d6fa6372ef4b4,Jesus Lizardo
p_a8243f446241c89b86c01dbd,Fredderick Ovalle
p_8bd6d85fb6ae619e9858973b,Diego Campos
p_af98f0704912385385dfb76b,Liberts Aponte
p_3636f9045fe90eb87d77bb5c,Darwin Almanzar
p_ee4965762428e7d212d69f21,Johan Fernandez
p_a63b1cb6519a726a90b0c661,Brayan Cortesia
p_abd202f2da2d9b90c3729b42,Victor Marquez
p_4b23e420ce38c976b15498c9,Allen Ajoti
p_2041060e10e04e1c798002c7,Daniel Rodriguez
p_749e7e2aae62dd2f4b7bbc10,Juan Rojas
p_0fce66534c385217657ff79a,Jeiker Gudino
p_e29f66aad996c6bcf0d4b32c,Sami Manzueta
p_b91b121dce8a06988e0e18bf,José Peña
p_fb64cd59153750ab2de486a4,Jhostin Genao
p_3d46a859f393ba1cde53b72f,Isais Chavez
p_b78b6e226e9c51b50286198d,Roy Rivero
p_d9733020d57d54c860ca2c62,Jhoan De La Cruz
p_9762ebca61ba2b1cdb1462c6,Alejandro Pereira
p_d2193cc87059b698d7ea439f,Carlos Martinez
p_b41773a4a680fbbe52c116b9,Luis Garcia
p_c2de796e3533688030bc0802,Santiago Leon
p_ad5b76b3cf63b2ca892dfbd1,Edward Guribe
p_2229b6cff188f7d0dbf0bb56,Breyson Guedez
p_fb8571ae56980142b2a5f7f1,Yeison Acosta
p_7f0d470afad888152cb15ac9,Louis Andujar
p_0d81874cda84f9759dcb465e,Esmeiquel Arrieche
p_d2e00b9aa9626fe4df089f81,Yordani Soto
p_878ff46d29c809ad69809f37,Moises Morales
p_43437e0f00aae08fbadb0c0b,Luis Leon
p_e3e118fb66399bc6d2a19676,Diego Gonzalez
p_d42a0459373ced1effee32d0,Jose Riera
p_b570c033b8eb586fb7021767,Alan Angulo
p_04b1f32840473fc8e7d75f3b,Harold Rivas
p_bdeef5e6eb5afbc0e75a4980,Carlos Benavides
p_fb90f43c56ce8b75bc200db6,Juan Cabada
p_eacda1444c010ca254bf0c87,Djean Macares
p_543155f0d4124bbc15078376,Darell Morel
p_7a7412d836fe711b63790395,Rodny Rosario
p_de656b1fae631b7d25a35cdf,Hector Ramos
p_36a164b3f77e6b15754457f6,Abraham Bastidas
p_e395e633c1f5850ec7abb543,Raul Pereira
p_692029541e46a61b53da0d56,Leni Done
p_9f571735fc81cc156bdcba30,Kevin Alvarez
p_b991922feeb430edc8d6979c,Alejandro Castellano
p_8ff1801967cca61bcf93716a,Stiven Marinez
p_8c283abd2732ba7c23f8034f,Brainerh Palacios
p_d801ee9aa4a71bb0d8c92eb3,Yorber Semprun
p_1a922f7e33de416b26c6956b,Warel Solano
p_139f7305aa7e0d3ad60f0803,Jhonael Cuello
p_5504f130b377e35faa8ad88e,Luis Santos
p_1e17c4aeda68c1c6d87007aa,Jhon Simon
p_5dbf90c58c23a09b769d2dac,Anthony Millan
p_04001388d66b1e3b22ba9e82,Arlenn Manzanillo
p_dbbd71f25a1ab93a47945e5c,Leonard Rijo
p_8762d23e4ec212b3fdf065bd,Liordanys Menendez
p_7737fa3437aae49d2f3d54f8,Dayber Cruceta
p_a83eef5521e5d3d6d98770b7,Hendry Arvelo
p_b893bfbed386312ecda9ea8c,Cesar Acosta
p_90e5dbbb631aa629739d6c3f,Giomar Ubiera
p_47e44e225a6dbe32b1c9ac9e,Heins Brito
p_2940af3e37ac88397931c574,Qyshawn Legito
p_d042ff18769e3f7935df1990,Luis Morejon
p_aa2d5f013116db45f688c2d0,Jhojan Downer
p_dbfabe5afdd48d7e5e264ce2,Naibel Mariano
p_e78a9eb5dd47cb420154f375,Carlos Rondon
p_31febbcc3604bc82aeadda0f,Lisandro Sanchez
p_9cc9ee0690157838a4dcef0f,Romeli Espinosa
p_c5f4cba2962ecae95a9ade4b,Teilon Serrano
p_6676da12e3c155e8706c5a40,Alex Rodriguez
p_5d1ebe7c8650150d0b06b705,Hiverson López
p_fb01a33e49cd3a98a9b341ad,Robert Lantigua
p_3d29bb093565f3238971ca3a,Robert Alvarez
p_0bea824da1a0d3be4c41fd0b,Hyun Seung Lee
p_fe79a35a2d016af55cb950ce,Sandy Presbot
p_3da09b0de5305f965af99c3d,Jose Barrios
p_caa59e5dcc359a79d6125ed3,Yorvit Diaz
p_b5b8b592db8a54bb079f2737,Jefrank Silva
p_4d29505ef9f98bc45f9065a0,Yojanser Calzado
p_b102c37612734d5db12b6463,Frank Mieses
p_fe6b65690297837aea8c2b58,Cesar Paredes
p_c0d2addc3d89ea94c4c510b9,Sterling Bazil
p_4e073c3507076c1c063ddbfe,Rodrigo Gonzalez
p_66bd47c585dfd0fc6febf659,Alejandro Cruz
p_835d83c9b6daeadbe7d88ca5,Ronnyel Espinoza
p_c06f5e364060c44132e6ec80,Juan Brima
p_b3f591fb7ca3deacb168929f,Aaron Salazar
p_4d1d9249cf72b8bfa6b58743,Brailyn Antunez
p_f1db7460f1bf420962c9cd0b,Gabriel Azocar
p_03b97fde7bbfb3f42423a5c8,Cristian Montilla
p_ee9ab5ea4d220bd49eea31f1,Diego Tornes
p_852d54275c64b893d023ea98,Andres Garza
p_c07d8e6922084e5bb0de1b5d,Juan Monso
p_03ee71a3a2ef7d210934d01a,Geomaikel Martinez
p_9be53363445ae343ec1ba5b2,Yonaiker Hernandez
p_37fb5ff57b25b15d4b9c2f6b,Leonel Vivas
p_1bfb82e369a244229bbe759a,Luis Galan
p_5b856060697d784d2fff80a7,Emil Martinez
p_4f1e6cdddfa2ee0b6702a637,Yassel Pena
p_9dacf7d1098be043df2e0e7b,Armstrong Muhoozi
p_29d2d71e7b6f2fc3468a479c,Maykel Coret
p_6e9ad6cd2fc00d507eebea6c,Eric Mota
p_9cb6a7eb336ed9caeeaca651,Wanderly De La Cruz
p_6a6d6b0b74de2d000bfc2b30,Jhosman Theran
p_2baa4fac4e01a9228e42bb78,Nayerich Waterfort
p_d75e743342d61d938fc1367f,Andy Mata
p_6dc519b4a209aad16a8e9e8d,Yojancel Cabrera
p_59ce1233259793254afac090,Cristopher Acosta
p_a7ddc520430922a2944156a9,Ruben Castillo
p_7fa8c584b2f5b538564cba3a,Edgardo Figueroa
p_7eed73a30c5cb35a8bfdcc41,Wesly Castillo
p_7477581b89d60dca50eebf62,Yorger Bautista
p_7a71ab266177b107be391bcf,Marcos Belen
p_24c2b5632bc01103cdaa68ec,Cristopher Polanco
p_2d19c130e00e07deaf6f48dc,Yoander Santana
p_cb79e04b7577f2f59c0c0eb0,Meykel Baro
p_3c4dae88a3cbbe77321d4e02,Nathanael Cijntje
p_eb2c3e631fda5cef68cc9765,Yelinson Betances
p_f9906c358544c33c4b21a921,Steven Cruz
p_bff5822c02d171d8251845d5,Frandy Guillen
p_b4c8ad1d4594441854632434,Fraimy Santa
p_401158a9732a37ca7ad9fad2,Israel Alvarez
p_6e61fe0120999a9e7edf8683,Rayner Herrera
p_654e015aa630a9cc0a9fb92b,Sebastian Pena
p_dbc786254f5c98caf92a688b,Kenny Fenelon
p_c3ad351a3b54f7cbba4f46d8,Victor Familia
p_4a5cfbfcaa98b818c6d33f75,Ricardo Crespo
p_7e2b662fe27094897d8c7dfb,Jayln Pinder
p_3823981a91cd5902f817f056,Luis Sanchez
p_6c4c5e7ce753ee7c660eeca0,Osmar Torrealba
p_1afd843efe8d157af519f3ce,Isaac Garcia
p_0e6f1723875e26619ae0de2a,Roiner Cespede
p_05143de7923e6f2ceb496e5b,Jonierbis Garces
p_442680aa4e3e37271813e77f,Joyner Perez
p_4829d3411a20a15b2fb782e5,Carlos Bello
p_99501d0be23c4c1384493b4e,Steven Herrera
p_c9ff22cc73498470e2d8f183,Rony Bello
p_425ce9fd9a468053ff1f9911,Romano Donato
p_18b57978cc8e6c6edb86bcd0,Cliuver Puello
p_c59ac101f9e6e1fd3dc1880f,Jose De La Cruz
p_c48623a87390bb177070878c,Endy Rios
p_e83852bd60fea4f040567d31,Jhoanjel Saez
p_ce7ff5c1ef435dea41345a2f,Angel Abreu
p_152898dfd9fb4d1c3c9c7943,Rafael Oropeza
p_56b59d21744c44609a4363fb,Diego Arce
p_deec4f8e74bec38396017955,Juan Elejandro
p_3fcc7987d1cab43d65e4d132,Adolfo Miranda
p_78decdcba2aad5b8e78b3d19,Jesus Ortega
p_9e8111b9d862b4d98d9b83c1,Luis Maldonado
p_2a8a9130629caa00a5714ffe,Fidel Pinango
p_68f68d432f5b6e19dda05af0,Jeison Lopez
p_ae8ddc848becfa69356ba8ff,Juan Tomas
p_be8fe15e0a629d6ec1085e2f,Wandi Feliz
p_14b391c5ec7c1123742a7e90,Sandor Feliciano
p_3c5e504eec1956c920d1a09b,Starlin Mieses
p_13f3de380241966429b43a3d,Hansel Jimenez
p_f8717bb3647ce826e9cd6da8,Juan Garcia
p_881f2b1eb4cff18b15c22c77,Jose Bericoto
p_09de7111aef6768f0904eded,Jose Santana
p_f5271da472abb75d05f567fd,Alan Escobar
p_94940a4376b295936bd59ac4,Lewis German
p_1d957b4f168f1e1e1c6ea27f,Frainner Chirinos
p_8cf7ad071f0f9a4dce23afc3,Jefferson Vargas
p_1458ce2d1d9d257cbb2155eb,Tom Guerrero
p_856aa4bacbb23d89549077b9,Malvin Fernandez
p_22d6b176cdb1ea53acf88195,Daniel Dominguez
p_dc92659e07a7b0358788b5a4,Cristopher Larez
p_25328d1568bbbd29102f0be5,Michael Cordero
p_cfc9c6e8248807df763e5f60,Royelny Strop
p_3bc9b78f9839bcd893cbf7ce,Enmanuel Corniel
p_eb5bbaf86778cb05bb410af8,Jesus Perez
p_536d58ea43a331553187af68,Diego Munoz
p_8f822ad6e6d6fdf8cffb6455,Edgar Walker
p_5403eac2958ece9679abcd69,Joshua Francis
p_43368caf64f4163027fe23f5,Jose Ramirez
p_b86830af50796a4e9944c775,Jayden Kim
p_1cfa9784866d12734ad0740f,Mani Cedeno
p_0cabf089462b630f8b743ebb,Peson Revierre
p_8cdb4451a39fac365ee3830e,Dave Neely
p_c07d21830a0f021dc4d5c318,Jhonger Ochoa
p_f4a061a8f7c6225142cbfd9f,Yoxander Benitez
p_5f93ba87d5a696e147890b5a,Larry Suero
p_ad5067761e6cba661b382616,Johanse Gomez
p_34a7cc292f10b94fd0d9a672,Freilyn Rodriguez
p_7d955a21d082dd0cbbb44fba,Argenis Valdez
p_0a106857756511eea027c8dc,Elias Perez
p_5ac5a7feded6cbed2353c548,Samuel Salcedo
p_f46c5ea0f9bf614cd7ac7eb2,Wilberson De Pena
p_4b147706e4fe139ac8bec721,Shendrion Martinus
p_7f66b20bb9085007dc70a7d4,Luis Cruz
p_3051c813ef91da7f61abd03d,Raymer Medina
p_d31eb6774e17bbe0ca0331bb,Carlos Done
p_64e808e442b97ed1355d75e5,Alexander Herrera
p_01a941c84bf2cb81092a62e5,Luis Luna
p_3b85d5383b880aafac66447f,Jaset Martinez
p_0b9d130b72c097df28f542f5,Ayden Johnson
p_42ce26224dcb0b5b1b1a5f61,Kenyon Simmons
p_0d1188ab1d1ba9141cc70f18,Daonil Montero
p_58ca79ecbcb99547df39a3c2,Rainer Espinoza
p_35e4c56609f1ffbfb49865b7,Brandon Vasquez
p_cb19ec661c072e3dc2bf9cba,Jeury Ramirez
p_365e7412d4ff7d4257214067,Enmanuel Figuereo
p_e68fad040b8b039251ec5817,Juan Alva
p_cbfc6e5e3d421c5821377f1c,Alexander Frias
p_13c30a328a83f1adb750cb33,Leudy Arache
p_7443b3dfca556cc1f979a576,Eliezer Alfonzo
p_f4ec15dd5bdf9eb674c78532,Yananyer Luis Abreu
p_05b195844be702d9be2cc8e9,Gabriel Davalillo
p_b7d32d68166e06325a0580c8,Jose De La Cruz
p_56aaf4bb5541cbb9e90b80e3,Rosniell De Paula
p_122e8336808a2bf716fe7516,Hanley Ramirez
p_2dd4a3c26115bab6ecc1aa1f,Kamuel Villar
p_ba80b60339d5b6772b14afc0,Domingo Morla
p_bce4d4b4f299bb9f5b7a6abe,Roybert Herrera
p_ade0b3c036704841c4ed0fe8,Cesar Garcia
p_55e572e0ec61abe31c3339a1,Samuell Sanchez
p_6d0ab9a927e2cd5ffbd9a948,Juan Caricipe
p_68a13efd09014edb2fd5ccb3,Carlos Caripa
p_8084f08b8ccbc2fb3b675166,Jeyson Moya
p_fbf455be24e3a1fca439ec26,Kendry Martínez
p_3fc0aded89c126c54e262a31,Daniel Meza
p_c5843bafd10927053f3755c1,Saivel Zayas
p_e50ad099407b14dbee7c09ac,Limanol Payero
p_2d84b2d94092490c7d2995f9,Gustavo Antunez
p_15d7d023b7d9cd0eac048b81,Anthony Santa Cruz de Oviedo
p_4ee9e6c6b2eaa514f86afdae,Jostin Ogando
p_80cbbf0a5a3b0bf4c1cf552a,Deivid Coronil
p_8e7dfcf5f678914b4e0c85d3,Jhomnardo Reyes
p_f664d33bc78c66d52e3be944,Fabian Cordero
p_ada700621e959d77d084d75a,Anthony Abreu
p_3e4d60a557ec25e09b62f0c7,Mayki De La Rosa
p_00e54a9f0a70d3d18888ab2b,Iverson Allen
p_aa854237eb06c11095601bfc,Leider Padilla
p_c3afc052086f960d4148588e,Sebastian Rojas
p_0f744e4be0517b98c681202c,Darwin Nuñez
p_31acdaa2e5a16603ebee100e,Johan Rodriguez
p_541bb2dead061c8f3280eae7,Edwilmin Matos
p_40aed7bd8c13a30f0ecbc5d9,Ire Garcia
p_7040db0a2704a3f42e7f545a,Javier Acevedo
p_5ec01618d7bc69a338c9fb78,Omar Guadamuz
p_b68fc697ac951098230edcb7,Keegan Pieternella
p_568548d25343119a4fd3e595,Vicente Guaylupo
p_3a42e59c808a406a0aa5913f,Romer Taveras
p_58b97dd07fc24c7f0cafccab,Santiago Mendoza
p_f471309aab501b02a189ba89,Jefer Lista
p_2f602e15153c544e74039561,Matthew Moses
p_970ec4de99f96dccefa020b3,Oliver Guerrero
p_3761f22dbf902f77df6f8255,Almen Tolentino
p_c49e398aa366f5a0a0176ea6,Nicolas Barrios
p_5f1e3b5c22fcb0f2378d6e0f,Stiven De La Cruz
p_43a9963ec7145cc2fb610ba6,Jhonny Osta
p_3a931c86980ee8ba54504cc4,Jamesson Val
p_2118ae95833dd05502514d44,Emile Torres
p_caa3fb13a120677a6c5acee3,Angel Requena
p_6b0eee1293342624374f4d68,Raymond Mola
p_afbcc6fad34ee27863ed0e4c,Esnaider Vargas
p_8ef682f3a3f564a9c2d2c2d8,Feliz Genao
p_a77ddfd075c1ec1711a811e4,Remy Veldhuisen
p_1befd33bce15b4699d0bea4b,Carlos Mota
p_46fec9addc5c98dadfa38008,Isaias Castillo
p_2b1a71dc11cacfe637f0162d,Vinicius Dos Santos
p_45f98aeda8a1a8156feb7436,Dencer Diaz
p_024a10badc75fbfec7cd9892,Kadil Rubio
p_9b865b7aeb74bccf2abccf52,Erick Lugo
p_a46e42b9eab137dd95bf4eff,Cristian Benavides
p_fe629411908fcb7c75d17e67,Ronny Suarez
p_6b4031bce650dc90154c4c2e,Saul Ramirez
p_0d45106e30206dd2c8e6047c,Breyner Figuereo
p_448e8d7c0b90484fd89f4a77,Elisandro Ramirez
p_a07ae923cc5000caa4ce5d2f,Elias Reyno
p_cbe951696617880779ac13e1,Luis Felipe
p_be9ec48485f0665a6ad498f9,Ibrahim Ruiz
p_f194d99fcac28a12811286a9,Joshua Fermin
p_f33c4f77f2bc1bfedb42f1d2,Juan Brown
p_4007fa26edddcda4c747810c,Fernando Pena
p_18a379a10b59754cc8d8c72c,Jord David Diaz
p_8ed7d0c8adf2e41fd7397a22,Elian Adames
p_c15c938b0227b756ef3dd86b,Jalvin Arias
p_2347906448cb4fcf9e3161c8,Riangelo Richardson
p_0449daaa060ea7dadb95375b,Eduardo Guillen
p_f87b305e638d9fae82bdbdfb,Emdys Rosillo
p_59d45383d3760dd8434584e7,Dayquer Alfonzo
p_63cf417cb7dda0f678a030b5,Ramy Peralta
p_5a18ffeb891e33feddb7bef6,Eryks Rivero
p_acfbb75255f4c8348e42c242,Alejandro Guerrero
p_7799eac95ca1cf02f1744d83,Kevin Tamburini
p_65f496c2bbb54fbc7bf6a4e0,Leandy Mella
p_b403a76a8a139d661edd9dc8,Ishel Comenencia
p_70b24226ee599af1c781a8de,Jhon Lucena
p_cc217b60478594e184c538d3,Francis Sosa
p_34871e6224148d5b49c49baf,Jealmy Frias
p_658052a87505c5a72d28c600,Juan Rujano
p_5be174c0cd5e0c7b38fab350,Gabriel Rodriguez
p_82593f90a137ce4a64196f98,Nestor Miranda
p_5d905272c6fbde235e5ef785,Nicolas Vergara
p_a1998a9afaf726af901f481a,Daniel Hernandez
p_cd79510dfbdea03884094ef2,Alvaro Matos
p_bc6de243a5f2a3077270384f,Julio Acosta
p_2891aaf405aab27f112dbf38,David Ortiz Jr.
p_92006a21ea21e415c3e76dd5,Cristian Bonifacio
p_159ee15ee118e98a763530ae,Edgar Jimenez
p_fd1fa0e49252b70bdfc4b03a,Gabriel Flores
p_a82e159a54721db8a70cd0ad,Abel Pena
p_5305a0355621c669e0d819d0,Endry Reyes
p_f47088554c6ac4904810bdeb,Jahni McPhee
p_e1c94ac57f4a1ec573b6877f,Alexander Alzi
p_6bf6a986fda06d8410c6b6dc,J.T. Bain
p_cdcfb95eb7b3c2e7cc0028a0,Jose Montilla
p_b278ae5f8c2e7e2a77420dcd,Winifer Castillo
p_1f6f85420c37a8b23863d21a,Rey Cruz
p_03637b250b0267bdb995dc6b,Richer Mata
p_d25f5d8c4f004397cae004b4,Leonardo Carpio
p_7960d54a74d680bc86c06f3b,Yeicer Crespo
p_a511ea746e698b552f7c9268,Luis Hernandez
p_5bc2042704a8f928356c67fe,Elias Marrero
p_0fe51ea7786b2a14f4aaee84,Trevor Bauer
p_1645cbd883e07c774e94938e,Raidel Martinez
p_4b52290e7c47bd98bb48b7f5,Tsuyoshi Wada
p_41ba6d2ee9b198a794f5e529,Brett Anderson
p_e685a460ee9267c2616819dd,Denny Brady
p_216a0aa9e6661015bc120143,Logan Ondrusek
p_9621a35f5652758e424401da,Kohl Stewart
p_464c1f49b404871821e4c58b,Ariel Jurado
p_5feeaf977a154fc47cb1f501,David Kubiak
p_cfee53a557a94e98f9476d21,Brady Feigl
p_c8bdce53b6fa8970dfac5fa3,Scott Kazmir
p_27820d8ce25724c1bca997e8,Iván Nova
p_6b80361b88f7c92add3bb641,Homer Bailey
p_c1c716a0ff6b6f38242837af,Kevin McCanna
p_cc06989d830ab86d2aa964e1,Frank Duncan
p_3c51e10122e0382ae6ce4bf9,Markus Solbach
p_2f76e57e831a5ebf7ab0aeb0,Brandon Barker
p_e2c94e5fac2d84ff9ad61e93,Ethan Elliott
p_6db148cea5ba9f906b3fa359,Logan Verrett
p_c0e435e73af50cc62fbe4d6a,Matt Tomshaw
p_3bdf1adf2f6d294e5c9149f4,Brooks Hall
p_bdfdb858ef876ff1d874794c,Matt Harvey
p_4c40f100bf36c82b77a6ebb7,Rick Porcello
p_f28cd1b987b4b384f87d3444,Jake Dahlberg
p_b04f3b66494ca7f4b5d090d8,Akeel Morris
p_024586446282f0d24a25e872,Carlos Martinez
p_3e5fa15771c38161e4c32458,Jesús Reyes
p_617fedf67fe90763666cf545,Shumpei Yoshikawa
p_2a7f639c9285a439f1fca5cc,Jake Arrieta
p_1dfbe9e87926848ba68da72e,Masahiro Tanaka
p_51ac3d0313676aeacfacb876,Andy Otero
p_e43435d9d25beda21d57fa5f,Paul Richan
p_dc86a0284743fe52075cb0fe,Bryan Brickhouse
p_1812f5426d8be45e308c4d36,Kwang Hyun Kim
p_ec88ae6f80c694a39372d0d0,J.A. Happ
p_fa20db0baf69d1c59816e07b,Bo Takahashi
p_deaff227c394a6ec06573675,Trevor Cahill
p_e1e4b24d9ea6fccbb72b43b6,Kevin McGovern
p_813880c32320070ebe8d7043,Justin Donatella
p_143d4732556a79b35259a874,Jake Buchanan
p_33c1824d787ec6aeea27942e,Matt Shoemaker
p_eee56e491e2b15c80360c25f,Matthew Kent
p_ebcd77e9350cf4e4fd717245,Jason García
p_31cbd40ba8e400e35ae22aa8,Dillon Overton
p_f57ee163bd7684b704b0d6c9,Connor Grey
p_e32b5d3691312d09353bf807,Ethan Evanko
p_85c842f30fc2183566378404,DJ Johnson
p_8632cd3b2d1662d2738447c6,Carson LaRue
p_4952c9a99437d7b93b5804c8,Johnny Barbato
p_40b42e9512dc2ff99ee59f89,Seth Romero
p_4c0e8851a54b96f255225705,Neftalí Feliz
p_5da62ddea66159b6ce146dd3,Brandon Gold
p_1311bd0fadd55404e4c88984,Leo Crawford
p_012dd41fe91c66e64d2b677c,Connor Jones
p_925488507f7fa81b63c3afbc,Mike Ellenbest
p_11852b1bb1b3b9be86146566,Evan Marshall
p_d3682e57ce99d300ec9c6b9a,Corbin Clouse
p_c7bad3ce9a5dde18aff02352,Emilio Vargas
p_9d92f0c62c02152be4111613,Caleb Sampen
p_895740f56ccca42efd25c118,Steven Moyers
p_b4ca078deffea6debb7621bb,Aaron Blair
p_05aec34358d58f695c829400,Harol González
p_2f2e4bd74cf4b068301e6947,Scott Moss
p_c509de3ee3154b9b479d7468,Rob Whalen
p_a4ec11f3a786fc9c49f6d4fd,Mikey York
p_1f14b240994fa0bcdd27f2c7,Brandon Lawson
p_9b0c06ff19db6e96daa7d265,Ryan Wilson
p_8f098bcffad69ab70c0c1d0d,Cesar Rosado
p_c8ab451c48b333ffa8f773fe,Andrew Albers
p_3bd908b23076f81e62ed40e5,David Hill
p_59bbe0424122f62575a9a473,Taylor Varnell
p_37b60c70b465f769db7a2aca,Tim Adleman
p_b59867656ed27fdd88011480,Dustin Beggs
p_643173755e4d36063d3f76aa,Daniel Gossett
p_faaef1e212892fcaee51ffb6,James Dykstra
p_f5425205eef6a9997a997c6e,Andrew Moore
p_5743abeef890e00170e05cf1,Luc Rennie
p_d928bb2a74631f6edbd32435,Hyeon-Jong Yang
p_b48b116f90aa30a44750e569,Bryan Bonnell
p_713e4f2f218dd784273c8e62,Aiden McIntyre
p_96679de677b50208e54d7d1a,Jon Lester
p_86203916b3d316e38e9d2884,Odrisamer Despaigne
p_294591d47a135b313a984c62,Austin Bibens-Dirkx
p_d55c3607195bbc198fcfc884,Will Harris
p_4cc5ad341ed0bdb9ecd20309,Tyler Eppler
p_6cdb8ad94615564c0c8b55a9,Kyle Friedrichs
p_c9265993b802bc4b5998d81d,Reid Anderson
p_cadea11d7d97c5f442929dab,Jesús Castillo
p_9fdcc1c24d22f6e569838b4b,Gio Gonzalez
p_7a69b35ffb247e0b378dd87c,Jordan Humphreys
p_22d923dfd916eef85bec7700,Tyler Alexander
p_73f10399362962d066afc3fd,Alec Kisena
p_cf4b9c09cd969c149559860f,Ben Gross
p_e9624242a402abb60068f6f9,Kaleb Roper
p_b6a27afc6edeb717fe41cbee,Jerry Keel
p_a719bffed18ae6e46f1bf2c6,Zac Reininger
p_0a32f34e5e3de40ae373fc6a,Vidal Nuño
p_deb1adffaaf79880d220294a,Josh Osich
p_e13de08790c2f7babbd0eb9e,Mario Sanchez
p_32b4f00e8ebf6765a2b050c3,Braden Olthoff
p_d9d88d959d22522566a4ff66,Seth Frankoff
p_d2013d8f66e3a4efc865193c,Cole Stringer
p_e405697c1849447589464b25,Sam Wolff
p_5b409702c7e4f2c092ce4da6,Ty Damron
p_990b969c01bd0d407d9918af,Eddie Butler
p_599f226709543a6fe204660f,Blake Battenfield
p_ac79b80a3d231952df7dedb7,Wei-Chieh Huang
p_3ad46346e2edca14424bf5d7,Micah Kaczor
p_dec73a769cc62198fdf824ff,Kyuji Fujikawa
p_ddca0acc7b8718a456115e9d,Justin Nicolino
p_b0a6033525f5ab01cbca4879,Michael Baird
p_7cfda21b6ce869cfad8b649d,Jesus Vargas
p_a242763334c3bd2b207c301f,Carlos Ocampo
p_797388640edf7a461b9322be,Mike Foltynewicz
p_7fc412c79ecf68cc5649f44d,Steven Fuentes
p_2367f174b312381af9766c9e,Miller Hogan
p_0ce5ab1bd7cf6c944a2df913,Matt Milburn
p_abbab4db7fb04ccbbeaf61d1,Luis Lugo
p_81626da9441153dab81b2f05,Asher Wojciechowski
p_6324cd0c28b77d3e17c6cc9f,Ian Krol
p_0f19843b19a90f88e8a36595,Noah Zavolas
p_cd9a4ea4907c40ee6a3a411b,Tony Watson
p_564edddde0be33d8ab9cc27d,Anthony Swarzak
p_2a864718061f4c5bb26799bf,Adam Morgan
p_3cccd2e62db2809ea5f4569c,Dylan Baker
p_48b83d4a390716bfd6bdfa86,Héctor Rondón
p_c89296efe251d81d13f61fe7,Adam Conley
p_c56f54455784212e45b92e8e,Zach Matson
p_56e6b7d5dd87a70713e3e5cc,Ethan DeCaster
p_f9815c1734073813d149751a,Justin Lasko
p_5fee99fd760b5b20fd4f25c8,José Mesa Jr.
p_a7035a32c0aa41f0d3796640,Oscar Rojas
p_fb1305ade84f23c2a170da6b,Derek Holland
p_c81c85cb87eb070a44ab9719,Ryan Kellogg
p_3cf707337c52199a0742a5ba,R.J. Alaniz
p_f67cca51a825d3e04ad48aad,Sam Gaviglio
p_4db4b5ccc5067dfa05f9939f,Reilly Hovis
p_00aed197cd618530ce872cd5,Cole Gordon
p_91e5077652bd3e0a90623998,Jesus Rodriguez
p_8b1033eeb2bc0074d6d85d41,Jeremy Rhoades
p_3f0b1bc23b5aa0337299e2ae,Shawn Morimando
p_abbdc066adb46b82cd52e430,Jake Petricka
p_b24083ad530024ed171f2887,Dovydas Neverauskas
p_3a777a40dba57d5a548a7ef4,Tyler Pike
p_c14b583d53632f44245c4bfb,Nick Green
p_ff59bb706e738936258bc714,Adam Hill
p_25d4636e432eb923117e927a,Matt Vogel
p_e7d7750d243ef038a34fa121,David Hale
p_31d4dc589f1abb8c5c2e813d,Eric Skoglund
p_5af58586ccbef636147a76e1,Alejandro Requena
p_0796c4d2f2f68d2fc5c4a73f,Walker Lockett
p_214fdc6eab9e2c1b51152794,Zach Draper
p_1aa7f465e3fe95df5f05a6c4,Brent Teller
p_c8eb135303b0a23a25175f6a,Zac Rosscup
p_6c3946d3d1aa9ca000e3ff11,Trevor Lane
p_8ec05cb786491f9f51167314,Rex Brothers
p_6ea1dda79627e5a35e2e614c,Oscar De La Cruz
p_4ddaf4fda0b73c465f76ea43,Lewis Thorpe
p_7305721d1331f8b702a32507,Justin Vernia
p_ed158b1f3050d0ff65109415,Cody Reed
p_a7fdeea7a10e50c510ce5517,Taylor Ahearn
p_c0b312507859ebe3f0fddfee,Aaron Pinto
p_38045c472194b9e888c894a2,Peter Tago
p_36d4e64ce84c312d8b359bf9,Alex Sanabia
p_7459fa0aa05d7323a37ad39b,Evan Miller
p_0a3ce71209ae4f16f1a2a972,Justin Dillon
p_3fd8a8d18004035861e60288,John Gavin
p_0b9267c73eda0dd392271a24,Justin Bullock
p_d07def29399b47e27d68e89d,Alvaro Seijas
p_2cc17edefd53ec90e0dab048,Boomer Biegalski
p_ff40cd5470335aedf6ba1102,David Huff
p_904576ea1e84dbb63454b224,Ben Krauth
p_ef641f9b94b69a449ba832b6,Zach Wolf
p_84c8d846d359dc247d3b4c4d,Matt Hardy
p_220773ad692e86147eb6f71d,Kevin Smith
p_f97724ade5f18208fdb7ee7e,Thomas McIlraith
p_04bbbed1b3446a0805536312,Brad Bass
p_5c74d5abaa06feebb689e284,Matthias Dietz
p_685975c41bf0c02ef2354b4d,Thomas Jankins
p_1781b70d4d9947daddaf0db3,Kyle Kubat
p_a681954e1fe8ade48d8e584c,Wyatt Short
p_dba7e285470ecc44013261c0,Zack Trageton
p_38a33840392d1c1fbd60728e,Brett Eibner
p_2bd024f9b586cd4f5795c581,Mitch Horacek
p_68b648ce90c318be1e7a73a6,Nik Turley
p_ba78ce1bf0780b0c68d948f6,Nathan Kirby
p_189be6a2b46b3b1f4c900391,Josh Graham
p_29016991cb8ebb066d405908,Félix Paulino
p_68d0299ded3a344d168450ce,Jhan Mariñez
p_e554c40270b9ae8a99328667,Mitch Stallings
p_ae78d2510b26d46dd9b6d134,Phil Pfeifer
p_e3f0a3abf40a09071c4357f0,Chaz Roe
p_c9eaec807efa78de2f40e6ba,Heath Fillmyer
p_1510be11c9b64cbe97fdb1b4,Jack Labosky
p_679a855d5a1ce19edd4fec5b,Williams Jerez
p_81ea53444a4cfa060226f763,Juan Mota
p_6dc64bff2405e450eb79ef06,Ramon Santos
p_4c41931fd66d66b6fdcfa96e,Tyler Joyner
p_ebd23c981d526846cc65fd40,Tyler Jones
p_f6cd148b0ac10ba0e4255b13,Wade LeBlanc
p_5e7962d29461e413d202de5e,Frankie Bartow
p_4193c033458e5998a2b0c89a,Kyle Lobstein
p_d1cde6e59925f48907f068a5,Alex Powers
p_cb78687e252f1a7da1646e67,Yusniel Padron-Artiles
p_d27ecdc28b4fd6790f87feab,Tyler Higgins
p_f56392af24ab54dfc09bbdd7,Jeremy Jeffress
p_ffd3bd7baaca24bf208da116,Steven Wright
p_11fe237eb6ee9a768c30d862,Nelson Gonzalez
p_d096919e2b8b48415251ec27,Yefry Ramírez
p_5b2c4c86577fbba12e57f907,Kyle Mora
p_bdbfeaabfa8ad66dc7ce0e3f,Garrett Schilling
p_9c71553dcd821e3bce018e32,Claudio Custodio
p_b056dd258699cdf343486813,Chandler Shepherd
p_8049bfcae3025717220cbc37,Dominic LoBrutto
p_bed5dc8b7d83eaf6503fcdcf,Jonathan Aro
p_18002432b3ccdbb4637d4789,Matt Blackham
p_88f09018178526a3ecd7e483,Shun Yamaguchi
p_8dba97c98498a9f490fe2dac,Héctor Santiago
p_700fcc2a925215627fe46738,Rogelio Armenteros
p_6cac372292e871db50903858,Cameron Leonard
p_cbe16766ec805fa359e619a0,Ivan Pelaez
p_216e704c44a6cd7f68c57201,Jonathan Cheshire
p_88b2c33274bf00984879665f,Jeff Samardzija
p_3534150113505b083bec97e8,Alex Royalty
p_0f6dfd6726f08547f05348ca,Mike Fiers
p_eecf719325f63d9098581553,Ian McKinney
p_86408b98eba9b43f6f92afec,Sean Rackoski
p_84bce48891c0341120c65f0e,Matt Dennis
p_534174133eb4caacec86c781,Thomas Burrows
p_42ef07b22a704584f5e62bdf,Luke Leftwich
p_4bf7ed211d3c3a2959b42410,Jared Robinson
p_8b79b0519c791107814dcba5,Tanner Roark
p_f21ee89ef66134f63b401d3c,Daniel Álvarez
p_86c8cbd3cc7312eb27acb551,Brian Glowicki
p_be57c78b666e39fff9b3b61f,Joe Gatto
p_f2a6098a44b688fb84ace77f,Tyler Viza
p_8eb4cc8793f6bf9d45b071e0,Jared Hughes
p_805ce5ffa335ca373ecd464b,Brian Johnson
p_ccd615d7c7274d619687917e,Matteo Bocchi
p_c9f2ed461e6f8fa2e3e67c3e,Evan Kruczynski
p_1404fcf1e9e1618859e8cf22,Edgar Santana
p_9f032cfea6a127bdcd3788ed,Yaisel Sierra
p_63bdea8a58bf80191cba98a5,Sean McLaughlin
p_9683650768b6228329693abd,Logan Salow
p_729d17c26360db715dd8a5c8,Keury Mella
p_104cb66e36956e3c3d51977b,Cristopher Molina
p_17352864c2a85b63e14b2b55,Reymin Guduan
p_1b14be8a7b471a736cea6e03,Robbie Ross Jr.
p_11ce48e5346e7f9890d58d14,Taylor Guerrieri
p_97d97b547b66d7bb8080436f,Sal Mendez
p_3d4068621f35778e90f82e4d,Edgar Arredondo
p_8aa96dffa2fcf24e2caad925,Kyle McGrath
p_f0d176e75f4c2760685e2716,Brad Peacock
p_e1a4a90d855a7fb2744ce1aa,Ronnie Williams
p_b2db4104ec58b0fdd531595f,Faustino Carrera
p_dd31a12a879b6b4016df2adb,Deck McGuire
p_d19769e13b8798ae1c9a5894,Nate Jones
p_ba9dcca1c9917341479d33e0,Steven Brault
p_1d1c454f19a068c08d4f50c2,Vance Worley
p_40049e3d5d5ad00b0118afb1,Kyle Zimmer
p_c87f0cb1c6c26de062e95fa2,Kevin McCarthy
p_2e8b81f5925f9ad91de428d5,Junior Garcia
p_a5f98285b8f8c944a2d52aa0,Jose Alvarez
p_bab10f85c0c781381897d10e,Henry Martinez
p_f93965b071a32474f573872f,Cale Coshow
p_5a3d99526c10e25b72fcc4da,Ronald Peña
p_de1077f4a43bd749da91319e,Adam Lau
p_9a96c4f025d2b84dcf4104bc,Riley Ferrell
p_22f53602465b2bb439e54027,Alex Katz
p_fc7abaf815b3705d62897d73,Taylor Cole
p_cd617dc57376c173332b12c7,Miguel Figueroa
p_48837379d9e4560b5a96708d,Jack Wynkoop
p_3bb34255948e124bc7224a18,Osvaldo Hernandez
p_540b783595a4ee6db655f8dd,Hector Lujan
p_7b5b88fcc05006a6de625251,Ryan Tapani
p_140f7637c5dc5ebb34547463,Alfonso Hernández
p_0baf7260b1512e520468df39,Bradley Roney
p_ede498d6a31ff6504b486814,Jefry Valdez
p_fce345fe66812315447cd1a9,Ryan Lawlor
p_b22aa768d64ba122d55716d2,James Proctor
p_dcbddb9cde7e16fac6de3a33,Jefry Rodriguez
p_9d93d0c9e933f41c06a96d2d,A.J. Schugel
p_c8b4c6196694e715e34d74a2,Tyler Erwin
p_02135e9297ced03ac7648a41,Jack Perkins
p_25d72695a48d04a904173cd5,Colin McKee
p_bf35748c6c6b2a95b4f4071a,Diego Moreno
p_8aff5319cc63fc6b3bac4afc,Kyle Zurak
p_d7e6d1867eaa7e2438e2eaf4,Mike Hauschild
p_249550f51536b236d6ffe253,Joe Beimel
p_a1fd1ac0661be6891a33a12e,Breiling Eusebio
p_312b6d2df23e62bd1e9b34c8,Tim Holdgrafer
p_03b538102afa0762c13dd78e,Tyler Mitzel
p_e6729b823cb0ec17b0e4a766,Josh Lindblom
p_e3cfcfc35193b5834b687cbf,Jason Creasy
p_71f739af402291925ff39c1c,Jhordany Mezquita
p_5666387c6fab0a69a72369ff,Joe Biagini
p_9837e535de32a4d65df7a382,Carlos Navas
p_546cb16e98d263b0be2439b7,Elvis Luciano
p_883f59a465ccad9c535e8503,Ryan Mason
p_441489285c30432635355807,Brian Schlitter
p_a1220835b3436fca706f2506,Cody Deason
p_32416e8563e36dda50ca614a,Andres Sotillet
p_7cd0b753e06e9824402746dd,Braden Webb
p_4a2cd2f657d5457dc354dd1d,Carson Teel
p_2309fcaee4dff67a565a70bc,Hector Velázquez
p_a79272c1ce1381aebe78518f,Rafael Kelly
p_ea3e64a7581672ecaf817617,Jairo Díaz
p_aadf7a99e7aedfd9112eca78,Rito Lugo
p_9837c9f9048519f7ad38ab50,Cameron Bishop
p_daa43ddc1c0c464cbf0eb586,A.J. Cole
p_e001f6095b19ca9d447cdb99,Zack Phillips
p_d37ce77b17f9bda6fb11675c,Dalbert Siri
p_17152affd4f1d8afca30e73b,Moises Gomez
p_7ca52387ae668e3514c367a3,Ryan Olson
p_de92b4475120a6f113837c5f,Scott Boches
p_48d5481cb574af0545f6321d,Wen-Hua Sung
p_ab67ccaf74e2f44c0a76e279,Cy Sneed
p_dd40da9007db1cd42b079b5e,Chase Johnson
p_088d65264dd562bc016ca670,Andrew Schwaab
p_d4f1f7bbbf82b49670bb8e42,James Pazos
p_95d03fa330359a280e1918e6,Erik Manoah Jr.
p_07e27874225aa77ed52f43b6,Chasen Bradford
p_0012776d5a4adec07124c963,Cody Beckman
p_7ba680c9d6e8ff2baa333f7f,Garrison Bryant
p_24324ad67bf7d6ad8c5611fa,C.J. Eldred
p_65ce31948854c3344e5bb48a,Andrew Lee
p_37d05d6a21cd206346844c0d,Brad Brach
p_866a064e0967c5e9b4941edd,Jake Miednik
p_f5dfff1262481c47eaa9bd63,Alex McRae
p_2a91efb4453c31e468084b4b,Alfredi Jimenez
p_d9f3c11541fc99502ba0473e,Kent Hasler
p_df4af7b42a6ad4f45d5fb5b7,Jordan Yamamoto
p_a313833d3c111323be3e521c,Corey Oswalt
p_15a7d064b2753c89c97cdc7d,David Lebron
p_f8aa631c40014c4098ee6b8a,Brandon Finnegan
p_002fd60b28ff6c78a8421145,Felipe Tejada
p_e46ca42252e878c5a892ab71,Justin Miller
p_3f1227e9a97199305e6a2d8a,Jeffrey Passantino
p_c3de3da99fddcd6e2ed6f4df,Alec Bettinger
p_03dc1e8f5f5c61a5eebd26da,Rafael Dolis
p_0fbfbbec038d83df568d56b9,John Russell
p_617add261a6084bd7d656716,Cody Mincey
p_2b4aebea6625cc491a8e89aa,Félix Peña
p_605096074ba12893e4418749,Alan Strong
p_18e53a42b8863d6c154c2f0a,Blaine Hardy
p_7fa2f942a6c2bceb0dde484b,Chris Nunn
p_6cf4585cee7fff975b005200,Ervin Santana
p_2de36764583aa95f6ada24e0,Jasier Herrera
p_4767b3cecde039202c6d27ab,Pablo Garabitos
p_b3c8eb955e029b6ddb28fde1,Sean Kealey
p_18af4318146001fb7468b67e,Mac Marshall
p_53c2b2b776a51077898d4a69,David Paulino
p_84e526c4df48a65cd3b72270,Blake Parker
p_f67ac80056be2d64371d5171,Robinson Leyer
p_1ff67884f14c4e898fc9b261,Arnaldo Hernandez
p_6ba9a8ae906f4a1f7d126475,Ryan Moseley
p_e9dd2082e2a5d865fffd3d0b,Joe Zanghi
p_83942902969fd94b991c9faf,Blake Rogers
p_c2535c40eeb378507f4c91de,Joan Baez
p_dc5baab3d8054460837d2c76,Yorvin Pantoja
p_8e4d24205e59501648a76419,Matt Brill
p_5dfe0fc262f2d8bc868954d7,Brandon White
p_20283b7c237189060028ddb8,Brandon Kintzler
p_2bf07382b6a3efae377dc84b,Will Carter
p_ad974fddcfb76fe8da873ac2,Will Latcham
p_ad8eebdcc944bb14aadfb49d,Ben Brecht
p_46fc53aed7402e7b3cd4d01d,Yadier Álvarez
p_2415d0725fe1e54a6df12380,Mike Kickham
p_d0d0ebbcf552cacf03128d3f,Thomas Eshelman
p_3d7420f587f5cbf18cdb9927,Liu Fuenmayor
p_d3d82363dabf4a9c2e418193,Joakim Soria
p_b97b095c9b40d8c342143fbb,Ryan Hartman
p_083a0731e32f3e3402600d2c,Mark Moclair
p_8fff112fefe4414680709793,James Sherfy
p_92c622e1a52be16abfd660d6,Melvi Acosta
p_1beb48a408bfc216c9f68173,Alberto Guerrero
p_651e418aea1f7b09bdb745cd,Heitor Tokar
p_bc8dd43b01122692ec7b32a4,Colby Morris
p_b8226ea9e5607b91aeed9df9,Matt Withrow
p_cef5451bcc719293e5201cb8,Jordan Zimmermann
p_b005f95bb373094668538966,Asa Lacy
p_aedf931d51873c585c76204d,David Ellingson
p_ed0268a118faebf9cc06c985,Eric Mock
p_c666a9fce53933b7d1d36813,Juan Gámez
p_97f78b2db57d04fb4e86568b,Nick Vincent
p_e46365bd30be582bc5100e09,Sam Freeman
p_593f937d4cb678a2ace9d255,Derrick Adams
p_bc24a6f55079da1a020f9fae,Zak Baayoun
p_879fd943a806176e25ae62a6,Mason Melotakis
p_0b56f7ef282f5177ed72ad19,Andrew Edwards
p_7da606bf8f152d6441c00612,Adrian De Horta
p_b53a6901055cfb59e925f457,Tate Scioneaux
p_da0da5c874cf7d1f934c3f61,Brett Graves
p_d9a0343a23855a6bc5785a04,Bryan Dobzanski
p_400b7e5bf9f5f25ac72416ac,Aaron Slegers
p_502fc4798c1e437d5b5e2572,Jordan Stephens
p_98f193d58c4e75e5163fb90b,JC Ramírez
p_aefb7fe0d815f7b095d5b590,Jacques Pucheu
p_5289df2d8b5a4e1c87cbcba9,Griffin McLarty
p_92f93f0f80099987a257980c,Zach Lee
p_fb54b79afdf099eb27451d8c,Sean Chandler
p_b5a2de6e833475f05644d0d8,Nate Griep
p_7dedc483a9847d889f0a4b1d,Ryan Lillie
p_bc1c36210c0e9c7385162568,Tom Hackimer
p_40e0b1628f57a48fe48c0f4f,Mitch Ragan
p_ae2415b01e84378b61eba56a,Hunter Perdue
p_49eeb6594a4d853bc5a66d44,Ezequiel Zabaleta
p_009e4e4d98fa4665db11a36a,Jeff Singer
p_53807ca5fb630cacfa996bc2,Alex Moore
p_b1a4a211601ace18fab25a11,Matt Pidich
p_6faaeee85e7f2626dadaf5c6,Robbie Hitt
p_d315a5b2adbd0623de425a4e,Willy Taveras
p_337777067fe5f24f0ecacf01,Kyle Molnar
p_627b756a0c0db448ef63ce22,Holden Capps
p_f532bb010d7acb71127daca9,James Reeves
p_13c67d1b82984cc7c632db42,Dalton Sawyer
p_bc5c3c3f3fc4fca8e33b742d,Joe Navilhon
p_c7170996b1f1b75faae01917,Ike Schlabach
p_d4b67c9c7f42963357eb4816,Shane Carle
p_b779b56173713f6439bfb0f5,Wilmer Font
p_50bf997a1d4afbbce3b70dbb,Alexander Guillen
p_ce0113cde92d1965f12b3da2,Adrian Florencio
p_5ab7ac3560d94d896e92c780,Andrew Miller
p_30650ea4ac26d42925e261cf,Bubba Derby
p_7cd0b0e152eb6f2712788fe5,Cody Carroll
p_2f6f8ccc1dad564d39c1af0a,Ryley Widell
p_45a80ef8d65dd85800bd68a5,Manny Barreda
p_ac5917e9a9ac495059b9a3d6,Darin Gillies
p_43f78f628f5f34f51e8a680a,Zack Erwin
p_e418ccac0b5e3af82d0bdac8,Matt Hartman
p_413ebede4a050ef84861f9ac,Brett Conine
p_f216f920de073bb6ed615832,Tyler Stevens
p_edad95c51b8354478ae64446,Tanner Anderson
p_60c7af85d795d78b343c7c52,Josh Tomlin
p_5095fe93b279f2d582c32777,Seunghwan Oh
p_c3cac1351a9faec5b30e6ad4,Andrew Karp
p_e6be3610d9e6805a2490d3d7,Aaron Brown
p_0310982a762fa470fbd6d346,Trenton Toplikar
p_7cdc6c24474816280f986d54,Chase Walter
p_da5eeac3cf7146040f232b92,Nathan Bates
p_c465883aedd8a34db25f2e0a,Miguel Medrano
p_8ff0afe24cd72eac99e531f5,Cory Thompson
p_5c9847133aa4841c5f1cbbd3,Jonathan Hennigan
p_4e9b6b5138bb143cec4e388d,Derek Craft
p_7aa2edce58fe1ea5e7655241,Ramón Rosso
p_cf4e2169187d32f97cbf66b1,Tyler Johnson
p_2fe434adb8676aa78babb414,Bryan Mitchell
p_524eae7c872fce471a986152,Brandon Dickson
p_54ab0803cf051f37f40bc974,Luis Avilán
p_a9edcab526fd393bfdbe4b18,Steven Klimek
p_fcc000f9934ef4ac1c1c0910,Christian Cosby
p_1994238bd2be4d47ae6ef6c6,Alex Manasa
p_3a13dd7358427368cf5b8b8c,Hunter Wood
p_a21aa3091778fe396d65ce4e,Mack Lemieux
p_32e6a36b520f966218082bce,Carlos Belen
p_ded5839ccad1eb942646ddae,Aaron Ochsenbein
p_f5e2ba9a6ec888a253052b2f,Andrew Brown
p_06d4dd0f3498b5a96cdf7e16,Brandon Workman
p_37ddee32526995a0bdd288da,Josue Panacual
p_644bf61fdcc1b7a57306cc37,Oliver Drake
p_ed8af1d266dc2751c6ef61f9,Cameron Gann
p_a7981394019ff5fb3ac4dc6e,Stephen Woods Jr.
p_142ed84ba596036717810fc7,Addison Russ
p_37e18063a90e6fc762bfb2ab,Brandyn Sittinger
p_541f6b3c6b9cee746609dce1,Ruben Ramirez
p_2b7dd950d39fe4a9fae0c8f7,Brian Shaffer
p_9a9b911692db34402eac86bd,Dan Metzdorf
p_31e7969576874dce434c132f,James Hoyt
p_2499b3b28f1d95f65530c3ec,Zac Ryan
p_5f341f7f77414363d0e7a0da,Wade Davis
p_8cafcd23187c66ecbe547c04,Brandon Brennan
p_16da2f938a82f54f2fb63e3b,Alec Hansen
p_61c91034b7aecb2f5bda4ce9,Mark Potter
p_3c090dd9b3757e1282a5689c,Preston Guilmet
p_39bbbff9da03953bf3cd5225,Aaron Barrett
p_b660f8025ae201fdca96f6d8,Andrew DiPiazza
p_4bce509bfc82139513ad629f,Yoshihisa Hirano
p_6ec29b216a942c30698ec3f3,Reggie McClain
p_66582e67213b4d0dfb862279,Frank Rubio
p_b9d11f43da3452d6e144be16,Francis Martes
p_bf5dc73acf7e8c5fecfb2ce2,Stephen Tarpley
p_9bb4016063cf2b10955c4956,Aneuris Rosario
p_7273ced5822ece2dd6e37b80,Nick Wells
p_ddc2b3bec0d3e5ae96d3bb2f,Zach Featherstone
p_40f53bade50da4e9cdee4009,Karan Patel
p_a2122f8d6f521f207f17c0e4,Trey Jeans
p_8150f56777af36616060fe4e,Quintin Torres-Costa
p_e268e9f072e360de06a11093,Michael Danielak
p_fbd9f4661f9218eef671b5c9,Mike Wright Jr.
p_c9745e64e3e9850911f406a7,Kazuhisa Makita
p_ca1bd92881edd023d1c4b48e,Denson Hull
p_862b19f05bcc02af4f7ff439,Joseph Salazar
p_b0eab59a8341be86c9a5ead0,Diomar Lopez
p_dead0d538d803df48b1b6b2b,Dakota Bacus
p_661cd5cfcc679ef83b909658,Wladimir Pinto
p_ca3a106682c52da725d97773,Nate Harris
p_307782ae66f97912ff64b074,Austin Ross
p_31b1b4110bd80f62d204035c,Jon Harris
p_4b953834bc0bfa46b992e85c,Connor Law
p_9da48952a690f6cbc6b204fa,Franklin Parra
p_ef86ae4d139ff0683202ed42,Jared Janczak
p_3e7fd96c1c7f8f7e21cf8bcb,Tyler Bashlor
p_a792293b480a11e70953e7bc,Austin Drury
p_41df394afc46e1adea0d606f,Kodi Medeiros
p_0dd4ab63abb5104ef61feab1,Brody Koerner
p_b249b11de51c01b8faa8fce0,Diogenes Almengo
p_2dcadada7dcef9c1b6549c40,Mitchell Osnowitz
p_c1f7a29b1dfa72f03e20d003,Braden Shipley
p_9e33b388ca3121f5b855e40b,Carlos Espinal
p_99b0104714d57a4fb9d8e5ef,Sandro Bargallo
p_f1022aebdffa0d4cb0d2c4fc,Jesus Zambrano
p_7815772d9e6ecc2bff71d31d,Logan Cozart
p_927906957c677a676f235908,Ben Bracewell
p_fcd34fd749bde4af062d7bb7,Kevin Magee
p_f64f262f9d58d34059cf8fbc,Jake Newberry
p_d8d056f0174fb4203e277178,Conner Nurse
p_11ac10620b27a2e09e89ef9f,Travis Bergen
p_543d42bbb473578fdf995a31,Bobby Poyner
p_9ae3c4b6b55d56e01ffa7491,Alexander Vizcaíno
p_c1bbe734dc212fab5527b915,Kit Scheetz
p_dd95c2330f72e0da749f1ac2,Joe Corbett
p_d03a6b3a9e0a4996a9705484,Dillon Maples
p_9625bd25713de4dcf739e4d7,Charlie Ruegger
p_30c150a70939738943e812b7,Travis Perry
p_e02613afdf2fdd5464805762,Grant Dayton
p_3b9806cb72c9c1ee988d8d7d,Shane Davis
p_94a5be53146022f29fcb9ccd,Garrett Kelly
p_406ce8a5eb54fb88b2e4ee83,Angel Acevedo
p_f81326bfb9f8f2ed5f33658c,Robert Winslow
p_79af2d769b7c594721f08db4,Seth Blair
p_44fd545a5b859a56280647a6,Zach Warren
p_63cedae428abd151ab00a973,Cam Bedrosian
p_c7ee34df6f3b7da2460ada10,Tyler Olson
p_28fd2db0cdf568aaa5a87254,Jhonatan German
p_6429bf4a8fe859d58d210f15,Joan Martinez
p_420aaaca0c96857cb427853b,Alec Wisely
p_6ba0ef9fd18bde380488ff28,Anderson Amarista
p_ed308e8ccfd9ae7e1c23b705,Jordano Perez
p_34da5e75799d0049f4b86d29,Griffin Roberts
p_a1c7a9836298b4867977119a,Ofelky Peralta
p_938306c7e2381f6ec50063c0,Edward Cuello
p_23b1f3d202e226339b6bf185,Kevin Coulter
p_0c700a36616ce5666f67bc47,Luis Rijo
p_ca8f8e7510bc617a77c96ee1,Boby Johnson
p_fc770849ed3cf08d5f7d142b,Ryne Harper
p_3c4364a414b4103c7ee68106,Jaison Vilera
p_7d8e64ede475ab5c5a3cc968,Nick Belzer
p_cc96666a31f69a7e4c1ea76f,Marcus Reyes
p_b71d5497acadfcf28d181bda,Pedro Payano
p_edad7a9c0c4aaf25ccae7b0e,Jordan Gore
p_82407860a92673b31a63b438,Junior Guerra
p_4ac76da8ccbc09db69e85526,Sam Williams
p_01524f7f1f6427d18ff17d01,Kai-Wei Lin
p_6b5280898494f12e167fd50f,Oddy Nunez
p_10b45230303e3b8894219057,Stephen Villines
p_2f32df30cbca327d02ecc465,Tyler Palm
p_ff2a733398a054ad49efebdd,Dan Goggin
p_4cf063e3c751642434f7026e,Kevin Gadea
p_d0c002f74788bbcf8cafcafe,Tyler Webb
p_9582705316cfa2494c7fa71d,Andrew Gross
p_d8b4951d9e7ed4ad8a7cb743,Ryan Clark
p_eae9b19b6d768a8537688ceb,Shelton Perkins
p_ac63275dff990451b62a89c7,Jake Prizina
p_fa2bd9d90dfdd6109ae803a8,Kevin Malisheski
p_1cfd5631372055bdbe624aa8,Jason Bahr
p_c5ffce0e7e7875a419abafe2,Tyler Carr
p_07e82600b0877f1b9090d342,Dan Winkler
p_f98df97fbe9c2ed9a1e91d09,Julio Pinto
p_396709b41da4eefbb82d4311,Juan Pablo Lopez
p_fe69707b62673a6aeb2ae61b,Kyle Ryan
p_366744459fb93cdd6cfb9af1,Kevin Quackenbush
p_d991844c82a0967d9ac4a3eb,Derrik Watson
p_48dd55a315c249caad977c45,Josh A. Smith
p_a83b1e0e3d062e3b8534a1c1,Luís Madero
p_55efb5b7fcc3f02a8b56b8ba,Bryan Warzek
p_82d810de104655b5bd075d51,Andrew Mitchell
p_1215454dd37ffceb5273319e,Landon Leach
p_937e5f582c70684158191628,Jared Tobey
p_3c399565c3e19d3d021e04c5,Kyle Dohy
p_bfc37e64b34757f4e8433758,R.J. Freure
p_ef256d537dfeaff33e6a907d,Luis Madrazo
p_9edeeae64f2f054ec38f3618,Kyle Johnson
p_92c0a28f1fe0e9219c0901bc,JC Keys
p_4c92dbac4f91d0047c8bfba4,J.T. Hintzen
p_befdbd913e2a61a6833a034f,Nick Goody
p_312f463371bb73efceffe4a0,Ramon Perez
p_f3c0fe5876533f594f31ce47,Luis Moncada
p_013f5bade261a3200b8bef0c,Solomon Bates
p_7d36dc18f0da3ddfb22b8133,Hunter Schryver
p_11346558cf01a3aea77117bb,Nelvin Correa
p_c3274fef368a2c7e6d08c0bd,Gregori Vasquez
p_9d69940253514b0729110739,Clayton McGinness
p_31f4c8d9bcd746ef76bd0d5d,Nicio Rodriguez
p_da0056033bec32f2fe909f58,Jake Lemoine
p_cef94971133758f64bb4fb5a,Wes Robertson
p_52151d4e9a7d2220388678e8,Michael Horrell
p_af4f3d5af824144d09d2e002,Montana DuRapau
p_f270ad88d2590d9d717483d5,Mike Adams
p_b01661c95aee23d7eb39add5,Argenis Angulo
p_8b648d089f478532e34a8b23,Hunter Peck
p_756ec2db8d313cde16903e11,Chandler Casey
p_3dee64fcb0d299287744c801,Felix Minjarez
p_149fd385c741c5092810a531,John Ghyzel
p_ea58dfd35ba5df5113a67a92,Eric Yardley
p_c272efd7558bb6681ca2f604,Trent Fennell
p_a84bb803a27ac3aa4c0f877a,Dilmer Mejia
p_47fe4d648405a009d3235c1a,Blake Brown
p_e5fecb5fb55d4558863669c2,Freylin Garcia
p_7c745825635516d4147aab50,Rodney Hutchison
p_c8b0f76cdd622c61ddc1d1ca,Trey Cumbie
p_fad133f8f8e3f547f6651061,Cyrillo Watson
p_a28beb26ec88cb1ed2267f2b,Chester Pimentel
p_137e4c7c80ef2a92dc5194d5,AJ Ramos
p_74c0e911539cf211170453a7,Nathan Witt
p_f71fda5d87eff82a805f1bb0,Ruben Garcia
p_b0bc6d8d942e36e41b1cc3e8,Demarcus Evans
p_e47e220c42fa4e0a7ba4a572,Adrian Almeida
p_4ba7eae635d08bdf53d4dff6,Kevin Folman
p_a22f66b3178b14dcdb0be089,Evan Johnson
p_4a57b8d258659c420124df6f,Jesus Lugo
p_4ae0308709cb37f3b9f39d73,Patrick Smith
p_657ff88bdc5de46a41edba21,Matt Hall
p_5e9ea88452d591f9d8668d1e,Sean Wymer
p_253a595f81de99018447e495,Cam Opp
p_caf8a0e16c1ca6deebca095b,Jake Elliott
p_55b8b376739b3279b1e1f500,Bryan Pall
p_c98b6844ba4182fd961bdcf7,Parker Bugg
p_f0d1cfc13019a117e9f35caf,Ryley Gilliam
p_5599d3d351428a174f880371,Miguel Aguilar
p_4539c88714a4a94d86a401c1,Jack Anderson
p_024b891f47e62a513f4afb5a,Brady Lail
p_e900e118c424684fa99567a7,Hector Yan
p_6e5aac248285a35fec27f977,Dylan Rheault
p_b8f4e9540ba1e059d5b974e5,Bobby Wahl
p_953f0c60a5629c831f4adc0c,Yeizo Campos
p_70a233cdb135aae09667e41b,Connor Lehmann
p_1626e0b5e34fb7940b603a3f,Stefan Crichton
p_7b15d42a744af2d0f6dff4d6,Jason Parker
p_0a70fc18d10d2671db9f94a7,Connor Higgins
p_c5ca72f8c7d8d211dcd3c08b,Ryan Dull
p_5b98e5e9675a8f4368a0356b,Cameron Gibbens
p_e803015727f6d76642dd6f05,Dellin Betances
p_8a0370259be71a8b51efeec0,Luis Perez
p_4219c7f2f4fe7079b136f173,Patrick Dayton
p_e60f7c12bfc715aa5f41d88d,Wesley Rodriguez
p_fd93f49add795b93101c2682,Aaron Phillips
p_b0cb729cdcd8361d3f5c683c,Dakota Mekkes
p_c990c3c09652187025a20a65,Nick Highberger
p_628d55d1c9714dbf890226e9,Francys Peguero
p_5f35107fcb0a613ba254c819,Adam Warren
p_43669c08265a69a6f2a13784,Jordan Martinson
p_89d9d7723575a381484df923,Ricky Salinas
p_3d61ac4bad611c700537d6c1,Daiveyon Whittle
p_32302767b82d2aa4e9688254,Conor Grady
p_89bcfe529b58057ec53055f2,Alex FaGalde
p_e9f102f63103336a70fc3864,Joey Steele
p_730726cdbc41bf944f7e90e1,Danny Dopico
p_495f879b44aa3ec812bb5ae4,Tom Windle
p_c8651ea3c92c1ad52e3d186d,Zack Plunkett
p_27cd4794d7184439cfbf13e6,Hansen Butler
p_b155aa7ca225212703804db4,Nick Tropeano
p_9a6b008bf3caa6ab3a148397,Kyle Bird
p_650578af4f64b9551504424f,Gerald Garcia
p_50bb4db3867b0b3da57817d2,Cam Hill
p_589248aad8a285ca26869fff,Troy Bacon
p_0ebbd08d24ad4db1b9598b91,Pearson McMahan
p_4e029823256d389bfb3881cd,Nathanael Perez Lopez
p_dbf209c5da3a7599e5ce168f,Jhonleider Salinas
p_22490f01044ecd200aec41ce,Kieran Lovegrove
p_4a9a5f7d42e6839c9b1bcf43,Jerson Ramirez
p_15df17fcf6b0ff0daabf168f,Nick Lackney
p_86474263b937d7e17e036c18,Julian Valdez
p_39c92aa74d8a32a0ef33a99c,Tai Tiedemann
p_63355c2732ecacffe40bc916,Yennsy Díaz
p_dde5bb5edc45e65ecc99dad6,Brandon Withers
p_3d4430585be8b36ff924f563,Tyler Schimpf
p_0422a9ed2753ffd17e5a23a1,Nathan Ocker
p_3db4a74a98f06c971b1c043a,Brian Marconi
p_13ea0d05f879b5e9177e03ae,Kevin Marnon
p_4d7bf0c37d5d636813cbef0c,David Hess
p_4f5849e878094fbeeda2be43,Cre Finfrock
p_3f424e5f3d6be53f8480e67e,Salvador Justo
p_269fb042437b114225d96326,Robert Broom
p_168e1c585122370c63e83ec4,Ralph Garza Jr.
p_00dd5ffbf069a69e422d00e7,Jhoan Cruz
p_ca979c98b647a25e118e8890,Melvin Jimenez
p_be38f1758e52ddca4bd0bafa,Tim Peterson
p_910196b790e4b553a814770d,Kasey Kalich
p_6dce9c70d5ce14d6f7d8eba0,Juan Diaz
p_5f4d93cca230e2fb54dbf178,Graham Lawson
p_e6b5e418ce0a3ea0ed860512,Chad Sobotka
p_d1a48a080d81f17879176cf2,Blake Bass
p_56c813cc51aced5cd6d5e387,Willy Gaston
p_e5b3d5fadc39553fbc06a597,Rainiery Rodriguez
p_17c599b2dbdadff82042ab16,Will Gardner
p_17eb6d3e03e454d05f61184b,Mickey Jannis
p_5ae0e826cddaa7d299572072,Ryan Buchter
p_6a1f622f09d29d7639d1c7f6,Keith Rogalla
p_43bf33143bf381837fb8ae9c,Nivaldo Rodriguez
p_e30db6e167e82bd2deb3fa26,Joey Walsh
p_5f15ddad944ce956f4078f8a,Dakody Clemmer
p_72110d674958923df780e4b5,Martin Carrasco
p_47ca45b7e304a1cc3f03d151,Brendan Murphy
p_60c0eab203a2e8ca0e5c64f5,Nomar Rojas
p_9b231976f701e61295b2f523,Julio Goff
p_83bdd012d925664afce7c7ee,Kris Anglin
p_d2406fabc76738e12a7d5bba,Zac Grotz
p_0eed16e0dfbb8d0113bb2acb,Jacob Patterson
p_6ba8e52ff56ecafcdb55d3d7,Austin Reich
p_68c9e4fe94cb16865c3f118c,Hunter Speer
p_94ebb87d887186da8f267d35,Israel Puello
p_26476692d02c52a457e55f85,Jay Flaa
p_1a65b57a4caa8e9844341815,Brian Rapp
p_732870d1a9c033d6716dc962,Sandel De La Cruz
p_e730fc5c5cb7372f8604d8a6,Javy Guerra
p_cb98052e6e82632fc0bc2c29,Yoan Aybar
p_fb1a527c2c0a23a04b8d299c,Yusmeiro Petit
p_a2397b5ec7aad22047d1ca97,Zach Mort
p_1eec474c875acdd3e7975970,Franklin Van Gurp
p_e2299852b6ad08cd0e01f964,Michael Costanzo
p_0f59f7c7c62810fb8011d437,Heath Holder
p_bb853f7d6f1912e70c70ecaa,Nic Laio
p_99f8798130b50ca43516250e,Edgar García
p_db31b8befc448ed53e125c2c,Aaron Northcraft
p_ae3700a518e9ebef63825a8f,Carlos Sanabria
p_f355c579908c44cab8c0167c,Akeem Bostick
p_efd4573914afb811ba501fab,Shea Murray
p_0135a0ec157fc204dd722ab3,J.P. Woodward
p_6f16cd4dc6e6be2edba67eb7,Chris Rusin
p_8cee10ae5cfb56ad55d57e68,Bryce Nightengale
p_df5085a66140f9dd87d50b6a,Will Tribucher
p_47abf256e41bd19259d6f806,Ben Rowen
p_0a75ce6ae4f5765346153b66,Huei-Sheng Lin
p_f435c8c17723d095364f5fb7,Paul Schwendel
p_ec40768b67150a51c1458535,Arielbi Gonzalez
p_80897a389c320caccffb0738,Michael YaSenka
p_6e85f932a69d1d6d5f6020de,Raynel Moron
p_03f2f913f405f40f67818390,Devon Roedahl
p_cee956d2cb4e04f67b9bf848,Cristofer Mezquita
p_6aac878fdf39a78527bfb078,Kyler Stout
p_3ca37e8ae5c1ea5ecdd04d59,Josh McMinn
p_6870cb5416c5b7770d517abf,Jorge Rodriguez
p_7895d334ebd8ce49895c5cf2,Kevin Holcomb
p_bdf621e649dee12e6daeef55,Arman Sabouri
p_00db65456ccc03101b0c7be9,Freisis Adames
p_80ee510551059a3b3ca7b525,Jojanse Torres
p_dc651b2800d254ee2e1b86a6,Roither Hernandez
p_94ac03af8c9edad7876f56a2,Matt Gill
p_fb464a43e0dfe8d6bd914908,Tommy DeJuneas
p_c3c47430e923579bf64582c3,Kipp Rollings
p_ac48cf293e53fdbe4d82e049,Luis Alvarado
p_b009094d0309f69eaf2a9b09,Gabriel Torres
p_f1745cf54cc170f21f9055eb,Levi Thomas
p_731d0a8307ad0b7ff071f534,Rayner Urbaez
p_3f834f0876e9432266c53367,Serafino Brito
p_8916d942b1aa1d92cf116ade,Remey Reed
p_a5a95f901c7e870339094129,Mike Mokma
p_78b019b68eedf4544b6d77fc,Cooper Bradford
p_d09bf8d95a0497bf7e527094,Will McAffer
p_c1d9228fbfe70245a3775e4d,Domingo Mejia
p_2d1d8e69c383905c2cd1f7f3,Ervin Torres
p_51f5c5c3863e5caa33213262,Jesus Linarez
p_e0bce886390427d1577375a3,Dylan Castaneda
p_6262fb2ec66d75f65d7e8240,Miguel Rondon
p_81d01587a92c2a97582b6633,Oliver Roque
p_faea5d44f81cf44d03e61709,Tom Sutera
p_c5a29b1c31bb7a00d8843004,Jesus E. Sanchez
p_a1c9b936123f4ea7febf8e6c,Cody Greenhill
p_229475296a16000b151e6101,Manuel Silva
p_d0ab29d92c16746a52615ac6,Hsin-Chieh Lin
p_a8e2449316f5e24a9de2cac4,Austin Smith
p_9c4dc851ba3e3a6fc36cebcc,James Marinan
p_3eba04aff4ba8b93aa1560b4,Randy Lara
p_e744bc2ea5874eecea6e0c22,Martin Salazar
p_b16152acb7b97e4b6f227a9e,Garrett Leonard
p_6915727c2d7a166e86fbfbdd,Justin Marsden
p_97bb279922194dfcf6adcdef,Derek Molina
p_6ef1c696e42ba85894fc4ce5,Brendan McGuigan
p_6462c03cffe07546e8e6766f,Jose Morban
p_f86e4da49dc464abe174762c,Ledwin Taveras
p_0b32a1a5c9520f6be99d919c,Fernando Lozano
p_15a4dc75b35bd896bab3f95e,Mailon Arroyo
p_3f1d7fa3843a3d52673c4ada,Carlos Campos
p_191d78a75eb2b373b41d0eed,Jesus Valles
p_d938d9bdb4cc4bf15b9a8fd3,Kevin Milam
p_16a01a8c926c92ebd01a467f,Collin Sullivan
p_83292931ba97affa3cfe32f5,Franklin Paulino
p_36c2cd0ce7889cb1a25d0671,Emmanuel Martinez
p_7e97eba96b8093809829a672,Nick Roth
p_293816ba5dcf951de579ee8f,Carlos Suniaga
p_74dd7c540b582acf50236ca7,A.J. Candelario
p_788760fb93c81bf9d02ce092,Mitch Ellis
p_45929fd3cb819c8156c7f2d5,Garrett Farmer
p_6ecc1dd0c1f5ce78076c86fd,Roberto Monegro
p_1ceebc6f34e77aec3dc7c106,Davis Moore
p_c804843385d3cb55059d4d1b,Sam Hellinger
p_37855ccbc813cd9037d6b01b,Jordan Bocko
p_b35907b2b9dfcddf2e350a97,Hunter Haworth
p_b11990660e49691c60201c44,Jhonatan Munoz
p_eb2284f47acd10e77071fe64,Tyler Watson
p_95ec07e6d2fa53b1611e999e,Reinys Portillo
p_13e7c029e609eb12c6cb8a6a,Destin Dotson
p_bda60bfbce5b8c48a378e172,Elian Rodriguez
p_2b3c24b796585b71a3758872,Michael Kirian
p_5f9a770cc2cc97d551bc9a11,Franyel Diaz
p_62fc209df07b94517048ccda,Daury Cabrera
p_70d545f57ff73aeec2850128,Tanner Propst
p_a7335e0ba07f3d0928392eb3,Chih-Ting Wang
p_1ada2779f7cbd0fa310172f7,Nick Hanson
p_49c4b1917b64ee93a6f09eb6,Jose Mora
p_ff46b3558cdb4e4350507690,Danny Denz
p_b95c1f8032514d99f38d2146,Sonny Vargas
p_bf97db79157e6e5f98d69dba,Matthew Peguero
p_1452a8affd9811a6f459fd2e,Nate Jones
p_62b40037addf18b76ad78f0e,Austin Faith
p_6c5ab457bfd44e619c2ee6ae,Diego Granado
p_9d7a9728b0993f1de55a2e23,Enmanuel De La Cruz
p_9cc4e26c572a354216c7cd5e,Fabian Blanco
p_0a6a6d2e8385cce2c3045d1a,Luis Garcia
p_b5a89f02b78a08e21de4f4cc,Kyle Hinton
p_55f4c5ab773f57e8f1ebdbc8,Leif Strom
p_a555f0a92d946180aff5261d,Erick Julio
p_491fe902af0ef37dd3d88ff1,Addison Moss
p_cccf8a96567ff84b18eaa469,Austin Lambright
p_3ca8d787388cfec7cb27b999,Abrahan Tejada
p_cdad89a1557466fb3d82f0ab,Gilberto Chu
p_8986f9e519ae0e782f0fd7c5,Yojeiry Osoria
p_e63242fe1b8134b6121edd3b,James Acuna
p_f7bb725fcec62044d239639c,Carlos Alejo
p_9823979841e0160169a83b49,Ty Madrigal
p_527c6b343273504421cdb54d,Elkyn Chirinos
p_6b07ccca0d50d05a744972ef,Tyler Suellentrop
p_c13227e2d049be23e12d2492,José  Ramírez
p_2f23c55ccee8726c5b852672,Jose Moreno
p_ac3668c6ff1b59dcb1011b71,Tanner Driskill
p_4d2c86943dfa1ff8e6d7b6e7,Tyler Gillies
p_2a46543f888bea098518f4a8,Jose Santamaria
p_e19624914c9876a26971a538,Conner O'Neil
p_56e83c4cc68d8b30e74576b0,Adriel Gonzalez
p_9a2757862d008c09b5191140,Ryan Williamson
p_3e5ee21059df3d6fc95d25b7,Hayes Heinecke
p_3d63bd10e7069f4d67294919,Jeffrey German
p_8fa5902f27a27e5693005b76,Ricardo Silva
p_50aea7ea094011b3d3001149,Roger Rodriguez
p_a1ca7601f1ed8696fab43783,Shea Barry
p_22ddc0f8cd8a85a9c9ea1a0a,Eris Filpo
p_8c5cd62306e22dd6a1575137,Javier Tovar
p_6b2552e1811d2a6038ee5ee8,Brady Schanuel
p_2d29e2c83b20b6864908e086,Donal Montas
p_a49ae73003ac362806fb49ee,Delvin Capellan
p_e747c816a6802164e96e3d44,Joan Valdez
p_fe2285d54aeb088c73ab24b0,Enger Sanchez
p_026c21f63b73a5ff3a4fc7cf,Miguel Padilla
p_9e2c27c20f4a9512b1f2e020,Freddery Paulino
p_80e05a2a48a60ec665e6f46b,Alexander Montero
p_dd9e1d11fb7a3d95744d3525,Luis Ramirez
p_a197e8d06dde74d5154ffa4e,Jacinto Arredondo
p_6611f5c14b7bd962731845db,Jonathan Pendergast
p_8b27a36e87707e9511b8a8be,Juan Archbold
p_76667713f78a6d094c30c69c,Isaiah Carranza
p_cc5a015553caf418496d55b0,Greg Veliz
p_b7d31da3caaa85362192ebb0,Cody Tyler
p_1e168859cacb2171b89add0c,Evy Ruibal
p_3e41a768d89f885f7ecc73f4,Anderson Beltre
p_d31cac5015f95600e100b9ab,Tyler Smith
p_1ab01e37b8e352d4aeacd4c8,Elías Moscoso
p_ddfa74be2e89a0f3a502e621,Colin Schmid
p_1f89ab931daafc834e3aae7f,Milleran Cedano
p_59b9644b0c0954281a0d2c0d,Luis Osorio
p_7d38b21a048ba60e7f7f3548,Rony Cruz
p_242d388a5e9c81880199ba9c,Edison Suriel
p_121eb245348661460d810c6e,Troy Stainbrook
p_4e762ba72f279f62bc6ab8cb,Denny Roman
p_0918a321965d1f738b8ab181,Bryan Lucas
p_253d3bf2088523e7d21990b8,Braidyn Fink
p_017e130bb8288fef1d0ee8b8,Smil Guzman
p_685c34978fb83260837780b2,Leudeny Pineda
p_0d71413d507add9d8c5bdea0,Daniel Cruz
p_02479b4d86b9e02876b79961,Ricardo Leon
p_9a8aba480a7273255ef7dc0c,Rodolfo Toledano
p_978b12b131cff2eafd08546f,Zach Daniels
p_ccc2b641eda7bbe2d0c30f33,Mark Simon
p_ef83c63b7b8360b400a46f59,Damon Casetta-Stubbs
p_02dd7e9e6cc8e95a403f0a7f,Thomas Girard
p_c33ba02dfa2247f19fab6091,Wilkerman Munoz
p_01b3671c91e2588b3cd061dc,Wanmer Ramirez
p_9eb054727406e90d19d73f19,Matthew McMillan
p_ce5c481fd23e08ea5c95d391,Rolando Sirit
p_2f56894e2f5862f3955fb0c1,Jose Albertos
p_0394b9ca8ebc281e5f7b9095,Moises Ceja
p_85979f5869aad4ab682c98f0,Abel Adames
p_8daab99fd5eb208a3fe0aa5a,Daniel Guerrero
p_fbc60ac89650f038a5c80384,Marrick Crouse
p_a667a7544757019241457340,Kyle Gruller
p_df677d5b4a1102f697172d84,Yasel Santana
p_e937e38dc683bfe43ff156c3,Rafael Monsion
p_e66218bb497c98986c75d4b6,Alex Nolan
p_a2f2f7ae51b964e1475838ee,Davis Schwab
p_e285e5cb8636fca5435522e4,Bryce Tucker
p_254fd0307beb1e3a65b8361f,Jared Albir
p_4e4c28bb9caed20b4fb0fba4,Adam Scoggins
p_7016c2623f0b595df34382a8,Raymells Rosa
p_2efb813d0c480b1d069f43e1,Igor Januario
p_fb7d21b0c941a732b6d17aa1,Jonas De La Cruz
p_ead1ecd14b390abc65106137,Mason Feole
p_6a353d7252405b49d89f9441,Bernardo Hiraldo
p_b9098a6c4757a470e8763dd6,Nelfri Contreras
p_e63cfa8718ebca68dc2a39bc,Gabriel Jaramillo
p_8f92c48b5a9fdfee4007d0f5,Jose Aquino
p_870ab582a743db13388e8aea,Josue Juarez
p_6c86ebd0e9aabed874cf39f0,Yoilan Quinonez
p_8e466790a7e61878a3b1415e,Oscar Tovar
p_9bfbf7c3e627b78a5d251c67,Jose Miguel Gonzalez
p_e3ffec937e6f538b889fb6da,Brock Begue
p_7e624fe2adc044b870255a36,Kenny Pinto
p_fd487ea6e122504920d5a3b4,Jorge Luna
p_a896d20482694827292a5375,Andrew Shaps
p_8a70d0e81ec4dc2aa1346f1a,Sean Mullen
p_af2759ffb1813d88198c00f2,Brendan Bell
p_e50ca4597c77b046c9ce802c,Joiner Vicent
p_35c5f95a5a24b6eed7ef11b7,Brayden Theriot
p_4de31f87a7ad2c926188cbd6,Freicer Perez
p_ce47d95a8f178096602ec0ab,Junior Sanchez
p_1720b0298e2f31a89080dfc4,Alex Valdez
p_ce3bc3a2ee67aa256b5f334e,Sal Biasi
p_944d5af5522960152cdeb83e,Gio Arriera
p_820e41d280751b18f23fb38a,Walki Lezan
p_ef7168d4737b2127d8fa36e0,Andricson Salvador
p_24b3a7bee9d16228fd1b88fa,Yoelvis Reyes
p_99be1cbfd815de2a2618b32f,Ezequiel Bonilla
p_7422711c7a05afeead6b39ca,Palmer Wenzel
p_5637e167d3e7bf3d6f654549,Brayan Cabello
p_ee85dbb4ec08b8b95a8b119b,Rickey Ramirez
p_5037d5da31ffd05010d72f3a,Duilio Ochoa
p_d3b98a70a9060c8b9f7df5ab,Karlo Seijas
p_8b7edd3805145a349084178d,Parker Brahms
p_6eb3b9ec6e953404d2a07c8e,Ben Thompson
p_b9f10bc04a30b4ab41c945fd,Anthony Zimmerman
p_fd345e05b8766d3feacef76e,Keywill Cedeno
p_e4935c596e83dc03876ff2f8,Audry Lugo
p_e9d43add752d6e1cab0b0165,Miguel Segura
p_cbceaf769396ed1b79c7b2b1,Samuel Rodriguez
p_bcf0a891c8ff64684726ca8f,Jason Reynolds
p_62484ac074b915469b4ab9c5,Jose Rodulfo
p_ce26fbdbc7e795d02b9b78a5,Wellington Diaz
p_be8b74655ef8d60a91ecf7bb,Tyler Garbee
p_261ac9ff27f3e5383343c711,Miguel Suero
p_a5de63b375c447aacb1a3d5c,Jonaiker Castellar
p_37208f263b6b879000aad770,Yeremi Ceballos
p_b83c7e03e1cd4593ef2acd37,Christian Vann
p_6cfe6e56ffd852b6f3e06ef7,Angello Infante
p_433f4c6d98f183110521cae1,Christian Tripp
p_44973365a23458493c826b79,Nyan Hernandez
p_4d06a96426a356edcc796e87,Joe DeMers
p_d5d614f60289e18bb565d8f5,Jonathan Salazar
p_f0efb57b7fd5ed233475602a,Brailin Gonzalez
p_c02cecff5afa5015fd38ff99,Taylor Bloye
p_f5b6a2e2700ae7b4ce94e41e,Bobby Ay
p_5c921e9ba84ea470f50dcc06,Yuliangel De La Cruz
p_b1b4000df3cf732fd85272a0,Evan Brabrand
p_4529b9babdb5f4467353d663,Wilmer Ramirez
p_1d16f32d07b30282b3558677,Nate Peden
p_6f3e5f52d55dbf45439db07a,Yordy Richard
p_9a65e126a52bd0d7a98dae52,Sam Kessler
p_5e62308c8c243aaec799766c,Yamil Castillo
p_ac9ef8adfee24f0362d6a409,Leoni De La Cruz
p_c5168f0c766c4adef5fb1b0b,Trevor Tietz
p_f7e65a3ae2b413ae09e9fc16,Nick Snyder
p_30ed8f54a1d76ed0f4dc6947,Daniel Procopio
p_fdce35a058bf988ebeedb1d6,Jose G. Gonzalez
p_86503037a87834c06948cf6b,Jake Sweeney
p_0dd7fa4ad7c61767d1cdefff,Soenni Martinez
p_bf039fa919e87429f437e111,Riggs Threadgill
p_bd8e71b51a6722e28d50d2a5,John LaRossa
p_4899a61d9efe9232d2f18100,Enmanuel Solano
p_49e912a52fdfed2e043dfe01,Johan Montero
p_0359b232f7a9759b94382c03,Barbaro Pinero
p_08877b66e2d75cf424d7fc48,Wandi Montout
p_f2c661abdecf613a2e8fded7,Danny Cody
p_2fe23b7fafc8f48a709c79a9,Hector Figueroa
p_ff4990d9e52e80597c00944e,Alfonso Perez
p_77846f57d99815bd1424754d,Bowen Plagge
p_2680e6d5639f799119230a8c,Rolfi Jimenez
p_1de8f435281b30e85c00f442,Levi Prater
p_63fa97329461786ea390dcbb,Gabriel Noguera
p_05c7dc9d96963db94a52826f,Olmandi Diaz
p_72e5697fb316602ae41cde7d,Alexuan Vega
p_3566104c5e120b44472d33d2,Adrian Del Moral
p_eb7f807d8245e706c54fb055,Yafrerlyn Vasquez
p_e9a564dbcb5a77260f073f4f,Mario Perez
p_61c2c25f289d717b1ca8eb78,Edward Urena
p_cc1e440322cf0f5523d6a823,Luis Tena
p_35081fd762c37c81d60d1e68,Alexander Agramonte
p_7fb2ba31dae8ef71308adfa6,Jose Catano
p_83d246f2035712fdcd92bb47,Hazahel Quijada
p_cb98111cc641d7950afbe905,Malcolm Van Buren
p_d98d7b5b44232d07a15be064,Nick Yoder
p_ad7a87e9d5ae52c224403cc3,Wilgenis Alvarado
p_6bb2cc25382eddf2e7e97eac,Alex Roth
p_201b7f9591b5de0f7dda1e6c,Cole Bellair
p_14b0befba7e6355b50951e02,Josmar Acevedo
p_6e289d292de20a86d973ca14,Daniel Nunez
p_c883882204721a34628306f2,Ben Miller
p_41fb36f58d3042ce845f6bbd,Alberto Sojo
p_141b264d0165cee0ea6b8048,Chad Sykes
p_188024b97d1209dc78395efa,Shane Gustafson
p_86c6ee95bedcea3bc036cd3b,Jared Wetherbee
p_a46c9150d7bb513a7ff9a4e7,Osvanni Gutierrez
p_0603aa20bcc7810a3322c634,Blake Seigler
p_87ec63f8a94c61df45a49234,Keegan McCarville
p_fadd25d1db882f524490c038,Garrett Lawson
p_7a83d1d8e5610391c7b1ce23,Xavier Javier
p_fb7deef858d902466bbd5e08,Osvaldo De La Rosa
p_db588922fe60209940b65402,Jhan Zambrano
p_023f126d108771f452ad5aea,Jacob Schlesener
p_e51f7034b3cfaf8dd3c6e080,Andy Garcia
p_b7e1ff30cd9b93dbadda509e,Juan Mateo
p_7506bf7683270a347f83bedf,Dayan Reinoso
p_d5f1388dcea4c8fd5ba9691e,Yeimison Arias
p_4b835be58d60281a2c9b99a3,Justin Crump
p_5deaffb0310652281c9bcd38,Tomás Alastre
p_671c850e7a29b5aeeb9c7335,Danny Chang
p_1c6cd03645ddb2331fd15f2e,Martin Santana
p_199d6a1ab6d65dde8b795c65,Engels Martinez
p_73a4c2b43525be8ce66b1694,Sam Keating
p_a77dd182333436e8c3f30224,Reyson Santos
p_71d7948fa04ddd1e5bf42ca5,Harrison Beethe
p_e5ab5ab5980d475e451dbf5e,Connor Sechler
p_c33065e54436af1f39dd3f4d,A.J. Franklin
p_21c9b6b9adf5f04c90f9d82d,Adrion Lacle
p_3ef7790599dc0816cfcbf91f,Mason Cole
p_e372190997b33f4a38b32f70,Alvaro Pineda
p_347f17f4652045bb90a2a6f9,Bryan Peña
p_5aec83dae1d77057879afb0f,Albert Polanco
p_d1e999c889bc4d4cc63b5272,Haydn King
p_2c5ce89ad0e67c2ecff9500a,Robert Cruz
p_e284cfbfeb1ca3a929243190,Steffon Moore
p_cb404b8cbed60f43be95cae5,Homer Cruz
p_6c470e01f71881abf430a98a,Juan Geraldo
p_6dc59c51fdd90c2804724727,Julio Frias
p_421ced778b346ad3d31e3ec3,Arturo Roque
p_3d7a0295b3bc61cd86455077,Drake Nightengale
p_6915f3d5043fc72c15bdc655,Jake Zebron
p_9f3d33dade103ba70055fe10,Jose Peralta
p_675e5f4563ccdf0db150605c,Eliezer Pena
p_72a01ec2ced0c0b7d91d97ef,Jack DeGroat
p_55d4988343ce281eaa0e4bb0,Stephen Vargas
p_c4d42c6ad6cd66c4383fadbb,Sebastian Rodriguez
p_01d9c126fb44eb502378a956,Jean Carlos Lucas
p_956f67ddf0a2a896699d9400,Sam Romero
p_aa13d42941593e11fb389de4,Josias De Los Santos
p_adbc1bbaaef71171fe15c399,Edward Baram
p_14d818f4e2b69b8ad935d314,Dawel Rodriguez
p_1f6e59b17c432dcd20cd48d4,Luis Florentino
p_9c43ef24f59bb1088d2f870f,Juan Pichardo
p_9290b53471f3c635fca7b677,Peyton Long
p_b2a95d86dffcddcc6808a438,Leonardo Rodriguez
p_b68226fd6e0c3e0b1f5b93aa,Cesar Jimenez
p_4aaea51ad523bd9bcc613e47,Francisco Jimenez
p_ab08e179df41084fdd762536,Jacob Forrester
p_7cbe511ac0098b7b1ace9160,Wilber Perez
p_39ffc88af3c1f84fb267dd8f,Maikel Garrido
p_64a4b83304b374a3890dc576,Omar Sanchez
p_d9ee93e30246045cbec66e75,Shane Connolly
p_7b530c0643d85a127b30a319,Leonel Aponte
p_899457ad749f19c84dce7411,Tanner Jesson-Dalton
p_d2540c3646f8dd3d3e01123b,Christopher Soriano
p_8eb8a28dc9cad68dcce44a1d,Kellen Rholl
p_fcb10de458763c19597b81e8,Ranwell Smith
p_fb39314f9467b5eb2e7afb30,Angel Cruz
p_663a078d86cf74546d96a858,Cristian Sierra
p_3cede0f59d161cd5f0c8afc8,Joshua Javier
p_6653d71d2562bb43918ad797,Jose Garcia
p_d16e214d3b4ddca6edf76187,Zach Kohn
p_dac914aa07a4660cdad64964,Jorge Labrador
p_cafc05fdccd86957387d2a90,Jhosua Alcantara
p_04687e5421c6f9ea73613157,Preston Price
p_0016b94705003bf8f0a03484,Dario Peralta
p_fe807f3b2b088d5349718ed0,Kenny Wells
p_f07ae120d5bd35985d5730d1,Anthony Escobar
p_394683824b02a6dc6d35ea92,Cristian Hernandez
p_e270a4359ed3327a48c680f1,Robin Vazquez
p_ae3c3c5d9ec000e5e7f7e223,Daniel Nunan
p_09508ed715efdf75936b5ce3,Liam McCall
p_a90036eb7ad83debad349d64,Ben Keizer
p_b82e05ca67b8622494c461c7,Heisell Baro
p_7207075253c3de0781851307,Andy Santana
p_4e0ad52e271d4a160542897f,Justin Miller
p_fe9ea37d176546db66e553c7,Kenlly Montas
p_70675075f6889b1f33dc5847,Daritzon Feliz
p_8a19001009e1d21f5b3b15bc,Jhonny Valdez
p_507042c544e56a20cec34e93,Reimy Beltre
p_e24096fa7af4e1bddc7fc48b,Luis Ortiz
p_1b664dfb27373e684949f834,Matt Sparling
p_a07c88671231ae4d5b258950,Jefferson Herrera
p_4bcbecd2c6eca5e33a016bf6,Wander Severino
p_92e50c93e27223b5c1540d4c,Roger Duran
p_63ef7a848476160d990aebb8,Jean Marcelino
p_936a9f901674c5b3dca1d2ba,Rigo Fernandez
p_3342d9fc86ada1b1c8dae59c,Carson King
p_0aab8d031db00d0c22005eca,Zaquiel Puentes
p_6edf8927e9f8a800290ee8db,Alexis Cedano
p_d8baf2139113ca341e162605,Harrison Francis
p_0ac9b8c057ca9b4b401182a2,Alberto Gonzalez
p_59b3b63026481782f0daf437,Yomil Maysonet
p_02a837132153e22c03d4902d,Ronaldo Guzman
p_32cfc78907d42e1a38214e3d,Anthony Mendez
p_f5799ef650542f5eb8a63b19,Corey Stone
p_04af2ac2a3e80cedc9fcfcfd,Carlos Hiraldo
p_2f23ffee8784f4c1d0818a15,Jhon Nunez
p_59b292aa5f9c99a51e7d1d33,Ricardo Gomez
p_bc5a3cec8e49bba845ddd096,Tyler Adams
p_7d8f9bd87ca61a3c907d5cff,Brandon Jenkins
p_c377d5671011781b7911a622,Junior Montero
p_d236f248ebcaf4c87618181a,Rafael Camacho
p_7ba119cee41a5a6f4d26492d,Cole Milam
p_73b597e55fe837a5c83de70c,Yeancarlos Lleras
p_974f72e61ce8d14ee90f26ce,Will Guay
p_0539d1a43bfa6c28ddfcc710,Renil Ramos
p_a8fb48a7f8cd73e330ef2fbd,Adenys Bautista
p_6ac8ce17065999b26b7a947b,Claudio Galva
p_e940685a203f89fa7f99ae1f,Adrian Martinez
p_e928093f69af80effc3e305d,Juan De Paula
p_c4751ce3cb23464f014047ea,Marcos Eusebio
p_fb6e3e4ebad453a02ebeea00,Stiward Aquino
p_47e9537b16716eb624c41e9d,Enrique Saldana
p_e41f742603f0ee8fdfc0390b,Ever Moya
p_b4c98ca1ca98efab1d942505,Adrian Pena
p_d4d5ec843d54a8c1d064e7fd,Marcus Evey
p_396fdf38b53028dacd56c2d0,Jeison Sanchez
p_12dba22d7e64c0ef1b5d0a8a,Jose Cedeno
p_bff5d7b18c1dcdd583861a63,Eward Rodriguez
p_d300718b0171367ec4f4f709,Blake Loubier
p_e87019ed33be0b3ed474b9f6,Arlison Rodriguez
p_dbeaa73f7804c4e9aade6165,Ankeily Feliz
p_94d323684ac4d00f10150b6d,Alex McKenney
p_0b1bfac774b40c2443462c1d,Gerardo Abrego
p_3d6309277326b02246245fb6,Gerson Balbino
p_a2a93817a405674127a4e0af,Elixon Caballero
p_5c0c7cd41e78c7076179cba6,Cole Aker
p_703295c18c9f86535cbecd69,Edwar Chirinos
p_b7c5bf55813ed90432656da1,Enmanuel Acosta
p_fd24c8eccd4a37ee94685062,Eduard Monroy
p_f3e31711f02cdfb6face2009,Eiver Espinoza
p_2a53259e01bf1ea9accaec78,Clark Cota
p_261c4c5c32f84cc325e04e72,Jesael Cabrera
p_63e12632d431d556db2bc2ca,Juan Rivera
p_040b031b0db18a0ee9f49581,Rafael Martinez
p_2e0bc786c421d59e56109f96,Ian Koch
p_0bba9593dd3ef37665e72f40,Joel Benitez
p_2c29656e357b564802aed27d,Jose Almonte
p_0257874fe3374883161442cf,Juan Manuel Abril
p_f77cd8a9140cfd4b8ccb81c3,Jaison Brete
p_3b6222ddb53dc5ce905fd18a,Yariel Moreno
p_addc2c5db9e8be97f8aa8ae8,Miguel Vargas
p_20f2a200bf0913dae2d13674,Jose Viola
p_e18dc65168414af8af964fc4,Ryan Troutman
p_ff1eec4135bfcfbd1df1fd2a,Joel Jimenez
p_9114659a2bb37e68d8746b21,Whit Drennan
p_3ace4bcf553c60939794f9c5,Argenis Perez
p_e17eebf423946dee891b72a9,Mauricio Maican
p_da6a6fbb8f4329819509c463,Rael Santos
p_464aadedf53954c84d1ab55a,Victor Pena
p_afaddb45e02c1f8eb4fd66a8,Zach Seipel
p_35c665388718a178b0943f4d,Wilker Palma
p_cfe2a557e0ef76d3bd9cbbf2,Jhonny Gomez
p_a5147e1de28b873ce51e15d9,Anderson Azor
p_1fe842ce5c7bf0d3124b2b08,Andres Ortuno
p_5c728d95cd6239972e5d531e,Francisco Justo
p_4dd44d4c1ff395ae1b86765b,Elvis Contreras
p_e41f7edd81e3d6230e66d3fd,Patricio Ress
p_4494162fdf19dfb9933571dd,Jose Andujar
p_68ae20154dcc78ee62a55351,Wander De La Rosa
p_dbc037c144628bc3a007d0c7,Kamron Fields
p_f76a59e2d2619d6799329764,Jorge Martinez
p_446538b2ae1ace7fd815227b,Fabricio Reina
p_fdf4af3b7b080e7fdfb773fd,Johan Figuereo
p_5297f81a5886f8a68c666b6d,Jose Felipe Torres
p_eacc058fa29776b5c1a5d94c,Jesus Valdez
p_1f8580b4ffba99a85fbaa82f,Edgar Zuniga
p_56d6c8f9d0658950c9a0864e,Tyson Messer
p_c4231a13a867d6788ce0a3e9,Chariel Radney
p_b021940cc602f9f6887c05f7,Douglas Mijares
p_9d51d9ceab13a8e2659a7ebc,David Sanchez
p_302d0454fe6850500aff8d81,Oscar Moreta
p_8064bb261ec873e5303e79cd,Adolfo Bauza
p_ceb3505ca4ea208313b90ae0,Ramon Cuevas
p_09a147618c2b79e148c2307b,Jheremy Vicente
p_23d6dfd286671fbbfa296e44,Leonardo Lugo
p_c670ff441eae0afca3d13a79,Nixon Parra
p_c89dd8acdc34eef09b2ca088,Emmanuel Marcano
p_1d0d081ec69d4d94a7fe6023,Melvyn Amador
p_a326c4fca2167d13fa3a90e2,Tyler Statler
p_cdc036ed6ac8986e2fb3ab1e,Jose Rojas
p_02d4039ba357d4c65741e9f5,Adrian Luna
p_1f9772179e48ab835ff1985a,Jan Pena
p_4ae9eaae45b75f9f713033a8,Skylar Szynski
p_19053aeafc1e20bcae79cedc,Luis Paulino
p_03025265fa08a760714b56f6,Stanley Encarnacion
p_dedade1510d228c9ca7f2e11,Pedro Rodriguez
p_c178f5f5995eb463d6e80083,Johangel Ramirez
p_9271c5f44ea133583b8f103e,Jordany Vasquez
p_1d8cedf5d420cd4236840cb3,Yoryi Simarra
p_b74b939a3dcc2cb28581d1bc,Carlos Rosario
p_1e8afb925f48156c86b14fbb,Johandry Milano
p_c225ab89d5f491b437468b65,Jesus A. Rodriguez
p_caf17a04f49279a8e2c1a698,Humberto Jimenez
p_0b8d759884e3cdb0e31a6dcc,Rafael Tua
p_5866405213a904eb99e08892,Amauri Otero
p_a99bf9aaf62e72a081dbb2a6,Lesther Medrano
p_8ff7f70063c4f62da30fd8b2,Emilio Castillo
p_8f7ee217fa27fb8a082348fa,Luis Lopez
p_97ed5a2a001b09c8793912a2,Gustavo Rivas
p_2294b4d5c8b30560bb970527,Starlin Santos
p_ccd8c660ad6c5813c2ade164,Dermis Ordonez
p_f446070fe54c51ecab2893c6,Jose Aguirre
p_a94f3f35478c4e3fd0045d31,Julio Ayola
p_5261569dc3ea2edaf9fa3462,Felix Polanco
p_fca42b79edefccbebdf61490,Odue Civada
p_c4170237b9bdf3231dc8c71e,Kevin Ribon
p_0a8ba8d65daca841a8b92d03,Pavel Duarte
p_6cfd579032725e91a5a36667,Abel Moya
p_9f8865e0367e50f28ebb30b0,Luis Acosta
p_410915ca9e3204c107efc771,Junior Castillo
p_4acfa26e76842bc8c099de21,Wilny Moron
p_4a654da9449b3d7521194ff5,Luis Baldiris
p_a7272b814d38922fbda56765,Cristian Acosta
p_494d0bb8ee0b9cf6ac3a161f,Welington Quintero
p_e7556f170dc81b8f6bf99e64,Yoerys Hernandez
p_af12a6692e78cac717ba0811,Jose Rivas
p_20f360837b56fe2edddff2d5,Isaac Rudecindo
p_53d821bf6272b5d25ea9dbc0,Luis R. Reyes
p_4d30cca68d74c70dfd869929,Franklin Corniel
p_1a2de13e242372f28c69ff03,Stiven Almanzar
p_a16045e14944ce35f0105808,Christopher Dishmey
p_980756d0aef9e03ffdfb4671,Jairo Vásquez
p_911d101d063818687a55ee78,Michael Francisco
p_5cb5562b8c57011dd50823a2,Yohan Crispin
p_e969e6b1e26e6e9652b66848,Emmanuel Duran
p_cd4918ba3ec3698a60bfbdb7,Mado Villegas
p_9e51b239a7b1f14cf14aeb32,Franyer Duarte
p_aa4060a691ef933fe355b7ee,Keninson Diaz
p_0e1f14f163b065c05e33d57d,Dahan Batista
p_eec6f9970ac37b09fd1a7290,Ismael Mota
p_7d45c3753c1d239570893745,Michael Perdomo
p_ada899e296d01409be334216,Victor Fransua
p_e346a37c39dfe3b287b60ebe,Adauri Vicente
p_55b3a7b6d7240555acad2dbb,Mario Doble
p_b113b8023e21103b445f6339,Yoan Valdez
p_8ce56a4f1b3570d119af6a2c,Luis Acosta
p_61e7a381652be63541db1401,Aneudis George
p_7267c76f433efd0cad3c4003,Ken Salas
p_866e0588f5cb53c88cd58c07,Jorge Ferrer
p_f9f13c339b0e59a4166294be,Enmanuel Pio
p_6c9c57e2900e9b4d62d4864a,Americo Lugo
p_dac28bcab9b160d2349c44dd,Sebastian Perrone
p_a11526b468dabfdb1c34f50d,Johnny Grullon
p_0c9bc86db3a75dbb28048178,Edwin Zamudio
p_bf9b7fda10214df0276a6c8e,Cristian Rueda
p_1fbc28580432df3f24e426d2,Brandison Polanco
p_36ab01067a00bdfbcdbf89d3,Keider Herrera
p_a5cc4e4f641f95d77904db99,Carlos Millan
p_a4abd043f607286a71847443,Diego Navarro
p_0afc4f019e56718cba88266f,Stiwar Adames
p_2dfdeda54f1ad903c8f1a5a5,Yonathan Ochoa
p_49c0383a93bf043d4d9034e2,Luis Villar
p_1411dfe685b12eaed8106afa,Adrian Santana
p_41ace6e5d30ece69cccd0290,Jose Brito
p_e4623390db1a490933f1d8d5,Abel Mendez
p_80635b48cfe79fe9479a3506,Melvin Javier
p_214163a252e8f4f40b783b95,Henry Nunez
p_10f88ffd511569803eab8ef2,Santiago Sojo
p_3baf3112fd7b3c297ee733b0,Danery Tejada
p_bfda5576c866268fba1f4146,Diego Linares
p_de6762c0b23dba536c39c77e,Gregory Baez
p_56a85528abd4d756c35b066a,Jean Carlos Reyes
p_29fc6b72e6a941022ed19529,Luis Faringthon
p_0aa65908401248bb3fda00a2,Anthony Martinez
p_3ef6beaa17ac1738e0711d92,Miguel Diaz
p_0bdb1efb6e413171ef0327cc,Nelson Cuevas
p_ec0fde86d9e18e536ebd8ce7,Diego Chiquillo
p_976f4b8bad2cf09f0742bfac,Omar Munoz
p_15c167dcd0e5dd4ce78b7923,Bienvenido Polanco
p_952c4ac6a49745c35a7a2331,Raimund Uzcategui
p_de9e885c97e323c992770bae,Alvaro Gamez
p_9e8ba471e1693dc670fde34a,Irving Medina
p_91235e1430d070c545325b16,Yonaiker Garcia
p_d4544a0add5bac06d66a3ea0,Jemir Leal
p_daab16ecb8d78a2b8c39ef6f,Cristian Rojas
p_a2ad199e438a613fc31493cb,Wilson Betemit Jr.
p_d5053dd5289bc9aba9bb1d87,Angel Tello
p_c47018b758a04d69add9a367,Lisander Brito
p_4746872c9143cd20c6f137f6,Juan Ozuna
p_830a4cacaa0787f65bd7e894,Fraudy Maldonado
p_13262aac083c2f842bc0d4c9,Andres Jimenez
p_3a29a5830dfc822c8bf160f7,Phili Silverio
p_06644f7e302f8ab5a643d9ae,Luis Yepez
p_518063286ad3e237becc3701,Juan Vargas
p_2a0211d68cd6d516705ebc9b,Giovahniey German
p_010a58ce6de9b81f0eda014a,Luis Joseph
p_3de3e31a4c3c9a0cfd6b6f44,Yeremi Bastardo
p_3668559dc1859a090d46b852,Luis C Gonzalez
p_296bcc4e6d6aaa46ae628b35,Raul Mendoza
p_92ec0a5f1ab7968bd677809d,Adrian Rodriguez
p_8c6d4b332928804734d1273c,Abraham Calzadilla
p_a222825a709763796921ce45,Ricardito Lorenzo
p_be9fba8a1a80a0bc26eb7131,Jose Estrada
p_72c19629a3234bf76aae41c8,Joshua Paulina
p_034058b284a1d3ea7e81c584,Edwin Rodriguez
p_4d5b7da3f113fbbdc8b0a1a1,Daniel Jean
p_5e9d4252c764400a98c2e7d3,Wilton Rondon
p_2c46d39a77d753deb86919c1,Jayson Schroeder
p_af2f7d4071f14327822be79c,Rafael Mendez
p_1f9181063db59c1b30166ba1,Luis Aguilar
p_f295cb3f944e5a269e2394ee,Hamlet Vasquez
p_bdfaacdc0ad02d7c6f74bd0e,Francisco Crispin
p_96491e5034cec3db5555739d,Brayan Suarez
p_b4e3f58dbcc67b4f4a00e09e,Francisco Benitez
p_8d730d4b975ad8c201609079,Oscar Paredes
p_84ceb88128273cc16111dbee,Carlos Reyes
p_bb2630a629df942aac895e14,Henry Morales
p_f1641e4f45cd8da77cc57403,Israel Mateo
p_51141b80373c1f00df30f5e6,Edinson Valdespina
p_41e06e927d626700508a57ae,Carlos Gomez
p_6951a461d364c896fd219be1,Roman Perez
p_f26c168fd2c3027de9b6771b,Johan Palacios
p_0408ea4b807d27c30a4e5172,Jerald Cabrera
p_333945d7d2e89b0fd0134e74,John Sosa
p_aa4c3b81c8429d0b2261f45f,Joel Baez
p_d1534ad64399b42acd4d7923,Elchero Francisca
p_5359893624b25471751dbc1e,Leury Gomez
p_77be7421f73adfd2a69bffc1,David Dominguez
p_426799e7f622440bc7580e66,Brayan Ramirez
p_2088f14a10c22709c8b7c47d,Frelianderson Seijas
p_c638ef2a048b804ac8ecbb9c,Wermer Pineda
p_04bbe7582ce5bf1fbbb4e246,Frandy Cuevas
p_ff367beea9badc26819b2546,Maicor Serrano
p_be0539691f857c09f8a8e49a,Joldanny Genao
p_5eeba7ed9ac1152aa578b1bb,Jose Alcila
p_d0c7158ee41c6a7baabc75d3,Jilber Canas
p_a6b912c358b8a0cf1a7894ca,Brian Sierra
p_3884a10e54ba4cd0130c52b7,Erick Bello
p_6e0994aa4c836caa43be3a38,Irving Vazquez
p_3104a4c1051b91c2d79fcd27,Cristofer Valenzuela
p_7dfca760c46860490cfc2723,Fray Morelo
p_cfeafb6d62ff05c71d6fc46a,Jose Peraza
p_f2d1b17426f0a73426e9245d,Johandry Fuente
p_5492f974be4b1c41b601667d,Janer Feliciano
p_8c855e7efb66132e87073b69,Luis Bellorin
p_13fb8034255e40a8dc95510e,Neiver Acosta
p_2cae7f4d16b47a782792b767,Wilfri Figuereo
p_de043b906e5ab107949605c1,Wilkin Valdez
p_2e02513e3fcf99d11cb29a3e,Ruben De La Cruz
p_bd88c0a710491ce4d1babcf3,Enyer Burgos
p_1e6a2bff126c3e1498cf3cda,Ronni Montero
p_59e5717e4a0c2e0a941a7f96,Jean Lopez
p_e808600f8fd10074c61eb6fa,Ali Ascanio
p_2dcdd86574cfc35dc9940f2c,Justin Caceres
p_458cf3daffc63d13a06a0804,Luis Brito
p_c7aefbfce165be7097bdab97,Waldin Rodriguez
p_2523e3faecb5e7cab6eac8ea,Willy De Paula
p_e243339d31984f62a5204c9a,Cesar Soto
p_aa912a57519d7e345236e65f,Victor Garcia
p_69a7ec4be15c0ad7ae665d98,Rancel Duarte
p_19f6eaabc19f4f9a01f6a564,Erick Caines
p_988ede9b8b32dc17c858f351,Darlin Diaz
p_f037336817dec8fb11773c2c,Eduardo Torres
p_9c7f0f3b439f9e9411159465,Luis Urbano
p_1548fbe7269ca2280a922f64,Wilmer A. Fenelon
p_f40013596abf403739773128,Hader Blanco
p_08e6a0149360a22cf5ba4533,Fernando Costume
p_36c07d7d47ddd5ca6314309b,Wagner Castillo
p_3821084bce3b4f296b2c1b56,Freilyn De Pena
p_f631f8a3646f44fe584bf397,Joel Asencio
p_9ad9051b835b03a7df21f013,Keni Salgado
p_eef407e40f0cf183cbc86b82,Jarlen De La Paz
p_4a1d799ced3b0a820a49ae23,Sulivan Ribeiro
p_f1e72996bd78acc8120a38f8,Orlando Fulgencio
p_6c954e36ac90ddc4f3b826b2,Jair Jimenez
p_a7a0bf91b9f0da80f217c5c8,Jordy Andujar
p_b63293f6846cc5f24069291f,Hayrol Done
p_c568162d5b1bb26969da40c5,Willian Campos
p_2fa268122100800b6e5a4cff,Danny Subero
p_1f1da5bfc829e69204fb2d2d,Wilker Cubillan
p_08bb633d0bb5273cec2f75e5,Yoryi Jimenez
p_bec788a4135b7a47f3fb3792,Charbel Gonzalez
p_338323337dabefc4a42b2ddf,Bryan Hernandez
p_672cd2cefcab8b3c0b4e2a7c,Runelvis Toribio
p_fd4874c8549627279c15ddc7,Eduardo Zapata
p_ea9ef1eccc72a1f1deda7dc7,Juan Melendez
p_f483030fad764ecd74022aae,Marcos Rodriguez
p_a5bc73953dc7d81578d447ee,Juan Ortega
p_f027ac72fd837e851f000f25,Landany Alfonseca
p_df6c1979ab2988d7e271740c,Juan Morillo
p_6588a3f7d7af92f0c2c3dd52,Fraylin Suriel
p_002308fec5cca5fa9c582d9b,Ismael Laureano
p_7fbce1b6cf69501df67c8108,David Olivo
p_42576bdb90b272cb7bb88bc7,Reyson Santos
p_69bfadfb95c93f9bc594b19e,Remy Cesar
p_242690066150c77a2908cc7f,Dielmon Urena
unresolved_5ab496806275b56eb06ef3c3,undefined
p_f2ecdbc2a8d7a48065e23c47,Randry De Leon
p_2ea21c1fbacc4fdeca26f93d,Brayan Narvaez
p_eb39dd6dbc5f367c8661371f,Anthony Crespo
p_8e8b0fb6a8bc2170562ca39f,Eric Veras
p_080efe7980babdcee766cfa3,Orlando Suarez
p_e1526da3652021a1eaf30e05,Gregory Sanchez
p_3d7223c90950ff8ba061b746,Deibi Rodriguez
p_2dbaf7e73402a07f9e424629,Andres Cova
p_94cf40ce1e867e0d8bbef12f,Esteban Luna
p_f9734f5f10e56214e030106c,Jerson Alejandro
p_353e6bcdba75890d96e88778,Marlon De La Cruz
p_62e29336bd892fdaa0132f34,Marcos Pimentel
p_be7634950f894c36ae72b512,Luis Espinoza
p_3c0c26cd2049add263bd55a8,Wifrailyn Jaquez
p_1b34c014c7201f3ede61932f,Eduardo Robles
p_ee6fbad9f1d295f08dee99e5,Franyerson Reyes
p_4b49f49ee30306ec1020504c,Angel Bello
p_b03a6a52cb63e18adff44bbd,Moises Meza
p_04c540008eb643035b3c7ff2,Branneli Franco
p_92d77de98c8b19fdda2c0b51,Rubender Pena
p_10999b57647ef62f7555f49d,Oswaldo Aponte
p_22303008620b48361636f08a,Maximo Gonzalez
p_f5c867b90bdee8e595fb1ffa,Julio Polanco
p_d63e362b0c939879c7dea99e,Jose Silvestre
p_8a7caa343f38891db84c691b,Edelvis Perez
p_e77968a31ea69c4a5573ab93,Michell Chirinos
p_f1ca5c39c19c204323a1fc5c,Santiago Rojas
p_0b2f10d6a0228526d70a7d97,Emannoel Madeira
p_67ff8205eaed7227ac91a671,Keuri Almonte
p_028847b1052174ab1c49a4e4,Christopher Hernandez
p_98bd253f6ab02fd61cd9807a,Hanfermin Vargas
p_38babe4fa831e94c75a6deda,Fabian Soto
p_f16251c87ebf255834844830,Carlos Rodriguez
p_05be6780245cfa1d403cdf2e,Sebastian Estiven
p_3f5d90aea77dd69be92c9507,Keiber Armas
p_9feddfbbb4fc4effea29a554,Gabriel Colmenarez
p_1ba52f68daa932b2962b44d8,Jose De La Rosa
p_99f65e11155b8759a94c5960,Estarlin Francisco
p_5c93883defaefb61cf826d43,Wilmer Lugo
p_d9c3370f157c973b4f747d21,Ismael Cabral
p_22ec52998f2072078b090e80,Alexander De Los Santos
p_70cb0aaec5a6181c674e8291,Greudis De Los Santos
p_9b98e82f2f6c3ee9a775d1cd,Yannelbinson Lugo
p_15cbcff9c1ce257f51e3b25e,Maikel Rodriguez
p_85ee23afd2822d94106c5ffb,Oscar Romero
p_391c106a819e32189cb6ec6e,Fabian Gallardo
p_8ea4c0db11badbf5b109ff0d,Bayant Melo
p_c427cfc5e3b74f4bb95ef451,Damian Jimenez
p_586e982d98b16dde6f1698d5,Diego Palmero
p_0edc38f5a92e013f00359840,Bernardo Rivera
p_e69e774e92c62877fcf36981,Pedro Peralta
p_7be331744eeb031d7ecf652a,Freilyn Guzman
p_f57cbd6ff5e9e670016a9ca7,Johander Rubio
p_bd9357a00de5c43722b3664f,Starlin Savinon
p_27ca76ce754a9e0c01a8845b,Janderson Linares
p_b73c320ec829905636d4b750,Edwin Gonzalez
p_9af36a7a27fc7d8eea5b8334,Leudy Tirado
p_e6e219eac3b3846e1e4538b9,Joshawn Lampson
p_f1c6ed90caef0a5239ad77f3,Roman Camacho
p_c817d53a312f083a576c5984,Angel Beltran
p_30fa011ba325d49eb5d2fd1f,Jeremy Martinez
p_07c7f93e82ad4233fa238dfe,Joseph Herrera
p_2548abc2701119d5c907e6e2,Victor Espiritu
p_8ea641ebe652f2630632cc41,Luis Vasquez
p_b6e2d6f673b2ccda6ed91509,Stiven Rogers
p_bfa946547d6fa78e83747509,Jank Pichardo
p_e391cc646bcf8ad653aa5b3d,Carlos Canales
p_1c0bb9247de0c391140949af,Johan Minaya
p_eec1830697951eabf2a8656b,Bryan Monte De Oca
p_1fb24e0d8d6e3940b9c0cc55,Carlos Gonzalez
p_ede54fddd0891e181dba7df0,Luis Espinoza
p_826f0006dc4054c088872064,Leonardo Rossell
p_5d8c8d6b65a4f39c97312252,Henry Tejada
p_162d4e2b5d4fa93705146bac,Eudy Liriano
p_9b3db39abfdc2bf8cbf691dd,Frainer Mejias
p_afb760b9051f35091111b346,Cristopher Presinal
p_57720db89ae6f6fd7d17ae4e,Frenny Grant
p_904b510493d6de99e778375a,Luis Castillo
p_23318641380277e1afac5c10,Eddy Peralta
p_395521585472f3af96f8edd1,Franderly Morel
p_3922da6a28a900ee79350c70,Jhomber Jimenez
p_6dd75713376631e271eb19cf,Juan Duran
p_c3494d8acee6451a1564a6c3,Anderson Jerez
p_e2196ff76509378bffad4ae7,Manuel Heredia
p_a94a5c0a10c017943fef3021,Moises Amezquita
p_e32d53f4ef812e05bfd8e744,Brayan Diaz
p_c54d471faac1967abf562b95,Jhemiangel Tovar
p_5532ad9ad999207c9d0f6d8e,Franklyn Moreta
p_947fd6b0e3a4951d29939005,Jesus Lopez
p_7d47b5bfd5aaa96ca67f462c,Angel Hernandez
p_5ce8709831dea48f18dda4d5,Snarlyn Evangelista
p_a568a9aa075b31ff1cab1a6a,Cristian Diaz
p_98cf1e13aa16c9205338ac47,Kevin Tejada
p_8039a25eb7be1d246f968d2c,Saul Siri
p_3fa03f11f72596ac2dc9b0c9,Luis Guevara
p_f6e65edca4c5a346bfb75c2a,Fermin Magallanes
p_6f58721044ffd69eadcdfeab,Deiver Oliveros
p_d28cc26bd619c8469cce1800,Odarlin Cruz
p_92345e0ac2337b0a556d8335,Miguel Gomez
p_570e6d795b8954688d20f1e6,Frandy Rodriguez
p_9dab69a6a398c7e653e488c5,Brailyn Paulino
p_a275375a2a44ea5ee6b5a4ef,Eduardo Fernandez
p_a1d2f0d890c61bd07a078a70,Erick Padilla
p_8643c5387a8fc873b55b3cad,Jeffrey Familia
p_4534bd570013a9de080d5528,Enrique Carta
p_a82ff7d561f4abe8a4f50171,Ronal Herrera
p_c24969c4d09fc4539ab018f0,Jeyson Mejia
p_d5370a8db32ecca751e8f8b8,Alejandro Ramirez
p_cb01fbdcd009aec2ca365f3f,Breilin Arredondo
p_b101fab10532da317d0a4202,Rodarni Salvador
p_47a8ab7de7079be72501aa6f,Jesus Poline
p_1080bff4013bb607a3370f02,Ilmerson Colon
p_0c91d4e1369ff872a3de8d54,Luis De Aza
p_de21e9fe853c8b799c6a1eae,Bryant Landaeta
p_df68b798025432dfbe88fb71,Elvin Jimenez
p_4afa92a87795a47c71f6790a,Krisspy Valdez
p_ceaa39a637691b3143c71999,Ruver Flores
p_1cbecc4c0c85c008bc72beb8,Frederic Frias
p_88f90c9c293ce3209f89785b,Luis Garcia
p_051026c43cfd08839fff2f1a,Lenin Mendez
p_9e8d0fff23e074b42e3a9bdb,Misael Lopez
p_6950a69d8bc44b03551233e9,Joldelanio De Los Santos
p_45a7711bf767d9ffe31c0f24,Ledwin Gonzalez
p_68140b3d733a805e626df7c5,Jordi Infante
p_94506b8b88eeca949d7cb4d7,Saul Sanchez
p_c97daa6c27687518bdea246d,Yansel Marine
p_7699897cd8d625455a5089a2,Yoralbert Cadiz
p_e27cd2a862c05a68982dff74,Victor Brea
p_3d77940aff14bc695b490f1a,Carlos Brito
p_773f27019d0cd63afb5372d9,Wali Pierre
p_968d091491f7e129984f4b44,Brandon Smith
p_e80951c2b5fb76c27ee680cb,Oliver Eusebio
p_960a9553f5eaba245279c998,Enyerber Rivero
p_dfff7494ab5956759f45c5a2,Jonas Uzcategui
p_03b5272771548297405ee3e1,Rafael Suero
p_96c795b3f6f32ce0c695ee01,Eriberto Vasquez
p_500c5388e078b5b05755cecf,Federik Jimenez
p_d218d6916a9b4ceea3bfe012,Oliver Camilo
p_fb58ebf0ac7c2611979e83fa,Jarol Baéz
p_29f8b69781520b0d5f9fb869,Jhoan Lorenzo
p_135c20f136bf0fa45c50222d,Kelvin Carmona
p_1bd0f80457f895560f8f1c08,Estarlin Cruz
p_4721f3a5daa1a7a5afb77ca8,Brahian Rijo
p_a79ef8d3f53a009cf362639b,Nick Kingham
p_988e35850926359523d6cf91,Eric Jokisch
p_b9039e58ab6ac53268144685,Won-Jun Chang
p_858de83e9be6dc8e88da3e68,Raúl Alcántara
p_4d95e7051d820818d62cc06a,Yohander Méndez
p_3b5bc559f7fa041444256e5e,Yongchan Lee
p_92c088fddfe3b6a5b4e677e8,Enny Romero
p_8230fe2b228ee738b64d4caa,In-beom Kim
p_2927bc9b3a020158181759a4,Elier Morillo
p_28799f02910d59327f5a7115,Angel Rivero
p_3913e3a22374d33109f4299a,Anthony Astudillo
p_a2f8413818df688e1d968eee,Naimer Rosario
p_5bc5f4a6e97487e9404b77da,Jose Paulino
p_096fbeb0a6e0809b3c70c84d,Juan Reyes
p_e935067814f5537f33dad673,Alberto Laroche
p_e48a9d6672ce67deeb1fa293,Osiris Calvo
p_f9e14fee2dbff622605a235c,Dony Aguilera
p_67ae3e50dfe0b57a2aa1cd8e,Jeronimo Palmeros
p_8f343a99d439e840b99cad40,Luis Ghisays
p_d117285bc8c1b75bf9f2aba0,Jesus A. Castro
p_daabd2bc6fbc6dd20715629b,Alexander Almonte
p_a558e41670ec4a30c624ece3,Gilberto Lopez
p_45605da9ed77500f2a4d6cd2,Franco Zabaleta
p_b89d5a066eb31e1613553ff9,Xavier Lopez
p_a058f6dcf26bd8f5e8e26b2c,Dilan Fernandez
p_8dd72620bcb3db2d61826cb9,Jose Cruz
p_8703b9d49b012322f32eff1c,Marco Eluscat
p_f428468003ff9ad47b8baaeb,Diomer Gonzalez
p_035f19f16ba505c8385381c9,Moises Castillo
p_69642ecce7a6e16d9d345f6b,Gerardo Lopez
p_0429f1cf8da2a9209b84d6d4,Diego Arroyo
p_4e7d9a1132f73585cc055c8e,Enmanuel Talavera
p_883bdace7928b4e1a2a00e08,Diustin Mayorquin
p_5dfbe8e71fd4531a3440207e,Luis Burgos
p_cede983ade092187756a7bf8,Kevin Martinez
p_0673df2f4e199fec137f4057,Anthony Gantes
p_2043671e216384970d891d69,Harrison Ruiz
p_10c41cacc781ecc52ec0c664,Salvador Casado
p_cad1ca7eb5333adaf28d255a,Jhonan Coba
p_569da8a207bedd9c80c50dca,Freddy Hernandez
p_b240a18eaeece3d1b0fa1ba1,Alexander Garcia
p_c4fc229af04991f0be105400,Juan García
p_94c6cb937145a0717951ef4e,Efrailin Ramos
p_80721edb3a6870e7de731878,Williams Salazar
p_1f5257ad25f84bf9ed88f9ff,Gabriel Chinchilla
p_1f14b81facf0f387360c3ef4,Adrian Ardines
p_d97af39007dd5d975faec97d,Juanyerlin Duran
p_8759b0f10e5dd1145fc6c87a,Edgar Gallegos
p_6e368b80653c09c8a2495fea,Oliver Gonzalez
p_e6ae983c6896ad05b17ccb25,Manuel Moreno
p_71e0d7c076f2a2999ea5d0ca,Geovanny Villarroel
p_e197526c4ed55e621da1b82f,Jesus Montiel
p_4a5bfce7e7a49f51329645bf,Aneury Montilla
p_c6f714de655d9bc8a9e49771,Jose Parra
p_3f0e6869235ab606546ffe9a,Jhon Almonte
p_54ad5e7f0323da19ce286a2d,Victor Santos
p_1e1830fc48a1631e659f216d,Omar Montano
p_71e09985bbadf7359eb685dc,Raymel Belliard
p_c2e9fbb2883582377e7c51c0,Kelvin Zapata
p_6709539b5c209f18c28b75ed,Daniel Gómez
p_9bc3c6bc6e564a1387085c19,Darling Perez
p_8e3a3a2e99bde32fbe8cc413,Wisler Infante
p_a58775120992314b191bf107,Carlos Hampshire
p_b78f62b0bac5ee17594ec72a,Joan Pena
p_477ede40e997742372d778b2,Marlon Quintana
p_c4e9e35279e283ce33c71937,Gustavo Garcia
p_618e54abfb6b1c852eb9bd68,Leandro Rodriguez
p_8d322fc63ec63a6f6bf0a438,Williams Montero
p_46a00655547c8eb744395cc9,Junior Tavera
p_0535bead19c01c6e8d5de165,Dariel Florentino
p_d9e9d00ea97776334f7bba65,Enderson Amaya
p_18eeb4090fdad6eb8bd92d21,Jhan Almeida
p_c861542d1080bfb06119e4ed,Edwarlys Hidalgo
p_841ed60800a40cae5037da61,Randy Angomas
p_ca5b019f00f19f9fa75a14f1,Pedro Belisario
p_48480607a8a9a95555be4dd4,Jose Menes
p_5c2245ffb40420e481c92aef,Johan Cabeza
p_84b5a7c9018a36498a92fe60,Jean Robles
p_f7d99d8583ff82ce621e4ddc,Jhostin Betances
p_a2798efe427fbf925f8b9e33,Edwin Marte
p_5ec67d1f5260e8b943c4c05a,Joel Cruz
p_f542abbe30f8d831b31f5ea7,Raymond Sarmiento
p_ce5b20a490e50d5882bd7213,Cristhian Duarte
p_1fdf6edcbf019efd1ea47d4d,Jose D. Gonzalez
p_da331c20a3bf940553687202,Emanuel Vargas
p_156d2a3074f4cabb3032df06,Michael Ramirez
p_b4bf9d5acbc340352763abcd,Josias Figuereo
p_35e53969e64d551e59d6abdd,Cristian Aray
p_a1812108967c2d043efca014,Adrian Aray
p_f80bc6e634c1d38a361f22df,Rordy Mejia
p_b7aea68a20333c90d2637c11,Abner Meza
p_1c321bc9ff2cf5c736a0f362,Anderson Jimenez
p_2f68eb26d96f36adb4f21c08,Joshue De La Cruz
p_7e49b64a495508d41fe3381b,David Sanchez
p_fb19e66f769dba88623ece5d,Manuel Cruz
p_b6fdf2e1f3c45e3ed0b4e083,Aneudy Almonte
p_5d4f69f3ca6dcece76d4d5fe,Josue Toledo
p_1f753fd8e1ae9459cba798bc,Gabriel Rivero
p_e7fec94cc5e70a892a5fcdbd,Antonio Morales
p_8c3878ba4472d1249e2be9f0,Melky Ventura
p_03e7df654fca287ee3b8e3a8,Anthony Feliz
p_c727a3ad35a8c7a2b6d15cc2,Ismael Obregon
p_4660dd723418c19b1645b1b7,Gerinton Mendez
p_f12ce199049603fb935313c0,Leonel Murrieta
p_32a7f74f01ff02b06872fefd,Berny Ortiz
p_e603d4fedc34b0934bad63a2,Xavier Cruz
p_a345e2f9bec4ffc3a643b63f,Leonardo Leon
p_431b348bb2e18562f6ec91f8,Elkyns Villarreal
p_6e7bd44237cfd14932fca5a2,Enixon Sanchez
p_32f856f942a087fbcd523f98,Angel Peralta
p_767665650424b430d21ac23f,Ruben Medina
p_57f606824b986877a9c1b651,Jhosneyker Colina
p_201cfafb75a14d226ebb9e70,Deiker Pineda
p_d37c0814454d2fbdbe373bdb,Daiher Hernandez
p_2c2ebc32b6ee6ec6ed914204,Jorge Guzman
p_ffa39faf6bc820b4d0edbf2a,Diego Castro
p_e70fe56e1e3f308fdfc2a5e7,Albert Ramos
p_89cc4b0ea5961e75b7a9843a,Yosniel Menendez
p_28c510c34a0c1dbdd0be4030,Jean Brito
p_0c36f9d45364eacb7b7b89a7,David De Los Santos
p_ee4230f5c3e3c8dc2254b975,Frederik Dolsi
p_9cd4a45865e208c6f480e0db,Lonell Downs
p_9604c860bd269df95c6dc97b,Jainer Marmolejos
p_a295e9164c5f120249588019,Yohanfer Santana
p_46bf6ef142b9e42a38772ca4,Jeicol Surumay
p_e435b5ec48520fc5a6fb34f3,Omar Damian
p_7930a778c73ae449d9e69c51,Luis Cepeda
p_4b0601e346bd9cb3e30f4155,Iverson Paulino
p_567f17dc484fc7f6f05f588a,Alejandro Rivera
p_ee73b693af871a3180eabcec,Alexander Diaz
p_50ff7879b457a1f266a9449d,Delni Uribe
p_cba4e7fda77b659c09ed6b86,Christopher Peralta
p_315cdb804e52a6a30dd33afb,Juan Mieses
p_45cdd2f87aa65391783d47ad,Josehp Marte
p_3edbcdc09f297b0abc28e68d,Daniel Gentile
p_9a7e03997274d171771a9aee,Aneudy Santos
p_86c28abe4b0cf6fb72dc404e,Julio Gutierrez
p_cac347463de8b3c79fcf6c32,Christopher Cordero
p_3aa89f84cac886f13a63055e,Luis Sotillo
p_10ab72f1bd943c913ab6129e,Jose Arias
p_4c4a0740e65157d3b219418d,Mathias Sato
p_9c6e749c8b18c298041023af,Jesus Mejia
p_6fa10d0590caeb548719d13e,Carlos Galindo
p_e832d67a9bbc4b186c7bb319,Emmanuel Pena
p_a6306a5a5bcb27ad4670abf9,Lukas Gonzalez
p_d71e99f549100890379b6085,Juan Rivera
p_4094d493a761b2c5f15cf80c,Dariel Morillo
p_5709dbd6c8e31050906975d2,Yohandry Gonzalez
p_8f77d317942cf4f557d2709f,Sergio Villa
p_da5f7882d73b5a18c4cba79c,Keivan Vasquez
p_f8013f7161a2c964ea8d3bd5,Jose Mejia
p_d1960f5f52c036ca472b6a8e,Yaury Jimenez
p_aea24ec58e5cba60d1144624,Raul Trujillo
p_f119a952f15aedfa410fea99,Erick Matos
p_38507fff2850dd7397789bc7,Enmanuel Carela
p_7cb6179cb70316786b46ce67,Kendry Castro
p_d00d9f25549bff94ff53aa68,Luis Reyes
p_c1c4dbe43379eb153c2853ec,Miguel Movilio
p_35ddf052c2565114fbfc22ec,Jose Puello
p_8cde470a6d64aea087ccc30d,Alvaro Carrillo
p_216d4659e3ee212d117266b1,Manuel Marchan
p_1ec30ef224119fa3f0935806,Leyvi Rodriguez
p_da478e94d2936ccc5f4123ed,Gregg Ferrera
p_7f641ff663ed6cd32095cd18,Wilfred Paca
p_6e53f417775ad6cc7bd79852,Yeferson Gonzalez
p_3984db34484be7e77a01ad65,Oniel Diaz
p_59b941ab1b331fafbb931c09,Yohandri Contreras
p_0ed40687117fddc06f35c8be,Anferni Gonzalez
p_69beb84f3d89f2404c62716f,Juan Medina
p_09da3c8e42ebfbc158e0b0c2,Robert Terrero
p_c0a29b246ed87f80df5d59ab,Frank Chessman
p_b2d3f3b973819df6dd0b6a35,Luis Velasquez
p_58177d78609494ca8c271514,Rubby De La Rosa
p_ec3af54229fb8807ad210b28,Bryan Rodriguez
p_4760f5d307cdd1a6d5a36e6d,Robert Corniel
p_322ef9de908beb241a1a9671,César Vargas
p_0bbcb050e5a503a2f31d7597,Jeong-Hyeon Yoon
p_e4a079ccb90c9c417459d050,Roberto Osuna
p_43208d04a35c9ab9f8197a07,Jong-hyun Won
p_ba2232d143b4dc0ec0dcd4d5,Kyu-min Woo
p_48f766f1e4f38c0ffcf1942e,Seongmin Kim
p_88ebc07f14c76a3bf030cbb2,Myung-Ho Jin
p_67e6523ade26443e9b4a4bf6,Jun Ho Ha
p_248774827303facbff48b2d3,Si Hwan Chang
p_6e7b68cb375644f328634556,Pilljoon Jang
p_7d7694d4d557bcabd27eaaaf,Kih-Yun Yang
p_f952833d3e6d773ef754d1b2,Jae Yun Kim
p_08cfbe41e998270add2b2178,Seon Gi Kim
p_73f073755b051891eff4cfba,Gregori Ramirez
p_f7e6ebbc27936b96b61927ef,Anthony Mena
p_69561882ecf82ad0766d8cac,Yander Bonaci
p_9ab4f9dcde02ce2163626ba0,Noel Ulloa
p_a2940ed0db7eb409f3c20205,Eddy Mota
p_00b0305641ae91f03918977c,Rafael Arias
p_73db423118e87e20d81a8ff5,Samuel Gonzalez
p_6a81b664454a2c8bc704fc3a,Ian Medina
p_2ffda101a4303a332f5e24a5,Ronaldo Florencio
p_059746edf310ed7ad59b8590,Lender Bracho
p_8198b3d14ea662d94a39155d,Albert Ortiz
p_f81877757f26bfd0eb1357b3,Jesús García
p_fb7009deb7891195928c30d7,Carlos Martorella
p_05442b204c2370d53b8e2c5e,Jamdrick Cornelia
p_f176bb34641d01f786dbfca4,Reykelly Rubi
p_36e75325e026cc20294a402a,Irvin Gonzalez
p_73e681b83211251452844c94,Josue Henrique
p_e3a511c86203ff230c47d2d0,Greyson Gimenez
p_a7a35b444750c2777b5ecdd9,Eric Gutierrez
p_7b7b15e1c12dfd5e029f08ca,Ruben Saldana
p_e14b0219c79f649a751d462d,Samuel Carmona
p_d0d854c3a2d45126d61eb54d,Yolvin Mesa
p_9614ce77cd8e339224afeea4,Luis Rodriguez
p_820524dc553ac549f3d6f61c,Jordin Jhonni
p_6e021658170aa781963f870d,Deivy Victora
p_88d4c001c129d00d0854672e,Carlos Almonte
p_8b4b47d247c8b1af611ccff2,Varis Villarreal
p_6223382815032019480efbe1,Jhosue Rodriguez
p_a7145c7da7bca212b02567f9,Manuel Colon
p_9d0890eb1a8cf6fbc3410099,Carlos Rangel
p_d4c4cfa068ab77e1b8b26664,Marco Manzano
p_a5348737deb1fa5dc9fea33b,Algeni Mejia
p_fa68ad66da037d390d3c653e,Darling Reyes
p_d4a8079980f6db495653500d,Yael Arias
p_02c5f5bd1efd39cded9f2e48,Luis Carrasco
p_15f13ddd951a9999ab1eddcc,Omar Calcurian
p_04237a4e0980349a250e41e0,Jordi Romero
p_0a381c01f751cf4617f24dab,Ronald Tejada
p_1b6643fd2ef494e3c592b1aa,Justin Lugo
p_27a0df48b89764436d12db00,Jose Meza
p_ce5ffd544cc21223e9182278,Jhosep Ospino
p_4aa835a0f50e1b5995e3c14f,Oswal Rodriguez
p_d91d6d9c9181558efd0bb35f,Reiner López
p_9dc217c7a17f42c2d11e59e2,Oliver Del Rosario
p_ac525daf72cc14860b57ed63,Yander Pinero
p_e6ec648460f5e26e98499450,Wandy Cabrera
p_f0b338cceb8d9747f5baf48c,Felix Belisario
p_8eb34192587f54da0042b379,Leonardi Almonte
p_15645fe742783a3afeaea45e,Dulger Nino
p_d63f184bc74969e4b25daa1e,Geremy Barroso
p_3ffa659bd81330346ba1648e,Samuel Pateti
p_84ab99187c085caad8f9ac36,Henry Ramirez
p_10714c7e99e7407e061eba11,Eliezer Lucena
p_4f607609d032f8dd21f532b2,Deivid Burgos
p_acf3696285de2e35027bdd77,Jose Sanchez
p_8fb56b83f78abe40ccc2e434,Santhony Vizcaino
p_c56dc29fa50905806621c2b4,Cristian Navarro
p_3a527a89527f48ecab5d7788,Jordan Henriquez
p_68489196f726a46f1983d1f2,Carlos Beras
p_4d00beac29d3112dc11ccf0a,Robinson Javier
p_a60cf71f101d6bb33e5e8d7a,Randol Martinez
p_3a228b5ff42c1ad007d5f96c,Frailin Florian
p_99fd21146660c9cf53beba7c,Hector Castillo
p_c0944dac6d531a5bd14e1b46,Esmerlyn Valenzuela
p_ded6e0062b6eac6d3a5a7eab,Luis Cabrera
p_914ef84ccf3b2d35f7d23bc6,Ariel De La Cruz
p_d089272ef8d01731e8003a77,Javier Abreu
p_a0fb5217d20267cc765a7a57,Alberto Chala
p_c0effc63fb7b024dadc49654,Bryan Landaez
p_636c86a2f17aff628b24a6df,Juan Duarte
p_cee7ea982531a5a6c96fe15d,Rafael Lasorsa
p_481437d89f77cb222ddd580e,Johandi Medina
p_70386a54ef6fe9e632cbd556,Rolando Anzola
p_1c1f968d18a3bb25b33e86fe,Edwyn Hernandez
p_d38c37a24ca897a16bcd8249,Jose Golindano
p_274fbec5fe19e2093d0a80bb,Weslin De Los Santos
p_f7dbe6e8f85d864421cef7c1,Styven Paez
p_87520157634e2a7760543a60,David Burgos
p_df9c5d8ef8c1727602b563a9,Daniel Colina
p_72145baba28cee5cf87bfef4,Victor Trejo
p_5671b6d6442ac8efa0baeb47,Jeremy Guzman
p_db9291bb8a243c2cc3ef0b6e,Johan Zapata
p_287816059f6eb5a65a372b01,Gustavo Meneses
p_f143d6474179345f574c478d,Richard Jimenez
p_b2997abf1e5e7312e91b2d7f,Modesto Vargas
p_3a3caf3852dbb9b4c4bc5a7b,Angel Sanchez
p_9198e34710b03d96e6f6e80a,Andres Ramos
p_00818862b625ab8f058220c1,Anthony Reynoso
p_14b8c2b6707f829dedaffefa,Linbel Jimenez
p_a3dcee876499cc15e4a686b3,Neftali Taveras
p_d01cddb6178713dc29602737,Jonaikel Meza
p_1c667402701ec12dcdff0470,Yeison Silgado
p_84a0c9ad359e421c2e86607e,Damian Alcala
p_94f5d3ee08f0d1a2a01119ff,Enderson Jean
p_8999763d957603bb9d5f3e72,Jean Rodriguez
p_43e214b1da886a48438fa113,Brayan Polanco
p_f7ea85f81f1fb3a575af2dac,Jhon Leon
p_d42bc6f61ad7b244e5e0efb6,Ericksson De Los Santos
p_246cea021fe50becabb86b72,Guanchi Martinez
p_0cac9667344a75f6c6a920a9,Jesus Tapia
p_64c1ccc009aaf3155ca29eea,Delvis Heredia
p_3d3e1944f3651b152f15c0d4,Andres Herrera
p_26d6e8b00284018e413d6f9d,Alexander Lugo
p_346b898836f9dc93d79e40d6,Raymond Sosa
p_4ddb4cd8637d143aaaf950cb,Christopher Vasquez
p_50329e54ab8b523f82dcb934,Abis Prado
p_a229478259813e8ceb7286ec,Alan Marcano
p_2feeb579e792890ac039296e,Alexander Rivero
p_48a6436c0abf362687084b1f,Angel Gomez
p_e7fa4529c7fddb7c0fb61218,Carlos Lopez
p_4148f1254dda064488ee10d6,Jheifer Ramirez
p_8016f3865a8006eb88fcfc8f,Alejandro De La Cruz
p_1e58372d4a14102efb5de81e,Gabriel De La Cruz
p_cbd2bb770ce2ce79b4376ca9,Nestor Cafe
p_6a607b1ef1a4b8b44b43b0ba,Rene Yrish
p_b892ff3d0bfa3bb06b143f79,Nicola Prodanovic
