player_type,season,metric,classification,cohort,exposure,minimum_actual,minimum_projected,comparison,compared_sources,source,sample_id,ranking_eligible,n,mae,rmse,bias,pearson,spearman,rank_mae,normalized_rank_mae,mean_projected,mean_actual,correlation_status
hitter,2024,R,fantasy_outcome,all_matched,PA,0,0,common_all,"[""Steamer"", ""THE BAT X""]",Steamer,c83dd7f25c9684219c4c983a,True,530,16.1244353796373,22.06048734162948,2.974037244227135,0.7358711570180312,0.7343845750561716,82.62075471698114,0.15618290116631595,40.83818818762336,37.864150943396226,ok
hitter,2024,R,fantasy_outcome,all_matched,PA,0,0,common_all,"[""Steamer"", ""THE BAT X""]",THE BAT X,c83dd7f25c9684219c4c983a,True,530,15.658311018867924,21.044618308133668,3.750333396226415,0.7305044663795808,0.7211396533281251,85.31509433962265,0.16127617077433393,41.61448433962264,37.864150943396226,ok
hitter,2024,R,fantasy_outcome,established_sample,PA,100,0,common_all,"[""Steamer"", ""THE BAT X""]",Steamer,e27b550d274842a5b00383c0,True,415,18.261007329408663,23.86040647848957,2.5071383857762957,0.6289207770824544,0.6111597903520909,78.90361445783132,0.19058844071939934,49.567379349631715,47.06024096385542,ok
hitter,2024,R,fantasy_outcome,established_sample,PA,100,0,common_all,"[""Steamer"", ""THE BAT X""]",THE BAT X,e27b550d274842a5b00383c0,True,415,16.95439465060241,22.21722290268413,2.2507619759036146,0.6283557891924815,0.6076342931103246,79.00240963855421,0.19082707642162852,49.311002939759035,47.06024096385542,ok
hitter,2024,R,fantasy_outcome,regular_playing_time,PA,300,0,common_all,"[""Steamer"", ""THE BAT X""]",Steamer,c65362983a8d4e4e9abe5832,True,279,17.512934906989017,22.125182013203933,-1.1997353817506502,0.6033054324277917,0.6008632994781719,55.6415770609319,0.20014955777313634,58.3378990268515,59.53763440860215,ok
hitter,2024,R,fantasy_outcome,regular_playing_time,PA,300,0,common_all,"[""Steamer"", ""THE BAT X""]",THE BAT X,c65362983a8d4e4e9abe5832,True,279,15.873059318996416,20.248136128664715,-2.826998387096774,0.6179308042539221,0.6206140944033273,54.0,0.19424460431654678,56.71063602150537,59.53763440860215,ok
hitter,2024,HR,fantasy_outcome,all_matched,PA,0,0,common_all,"[""Steamer"", ""THE BAT X""]",Steamer,c44d2a1de1eda790cca1400b,True,530,4.9730256956931695,7.010379866804125,1.5514045743218992,0.7565610277945551,0.7537903964179196,80.1,0.15141776937618145,11.319329102623787,9.767924528301887,ok
hitter,2024,HR,fantasy_outcome,all_matched,PA,0,0,common_all,"[""Steamer"", ""THE BAT X""]",THE BAT X,c44d2a1de1eda790cca1400b,True,530,4.706046485660377,6.569142182728467,1.236975617735849,0.7664779483136165,0.7516430551387562,79.68301886792453,0.1506295252701787,11.004900146037736,9.767924528301887,ok
hitter,2024,HR,fantasy_outcome,established_sample,PA,100,0,common_all,"[""Steamer"", ""THE BAT X""]",Steamer,de112e211c5a580f73ec57dd,True,415,5.779231369214873,7.7062130865985745,1.5402776478217488,0.6880066399234732,0.6510098749816744,74.53012048192771,0.18002444560852104,13.846301744207292,12.306024096385542,ok
hitter,2024,HR,fantasy_outcome,established_sample,PA,100,0,common_all,"[""Steamer"", ""THE BAT X""]",THE BAT X,de112e211c5a580f73ec57dd,True,415,5.313276710843373,7.151002923519739,0.9460975638554215,0.706927542777474,0.6597905847244995,72.91807228915663,0.17613060939409814,13.252121660240965,12.306024096385542,ok
hitter,2024,HR,fantasy_outcome,regular_playing_time,PA,300,0,common_all,"[""Steamer"", ""THE BAT X""]",Steamer,e1f5691aa45ac6d517d9fc06,True,279,5.720753827132285,7.372732951995593,0.5791438111407836,0.6942072589023449,0.6708917802772006,48.25448028673835,0.17357726721848327,16.45728001185763,15.878136200716845,ok
hitter,2024,HR,fantasy_outcome,regular_playing_time,PA,300,0,common_all,"[""Steamer"", ""THE BAT X""]",THE BAT X,e1f5691aa45ac6d517d9fc06,True,279,5.2269642258064515,6.825333830253232,-0.40396967383512555,0.7265411021108628,0.6947266039449727,46.26881720430107,0.1664345942600758,15.47416652688172,15.878136200716845,ok
hitter,2024,RBI,fantasy_outcome,all_matched,PA,0,0,common_all,"[""Steamer"", ""THE BAT X""]",Steamer,d4c231f58af4877f1f222b18,True,530,15.891915286599465,21.937268851336782,3.730977936651347,0.7345431135624505,0.7338725051768458,82.20188679245283,0.15539109034490137,40.034751521557006,36.30377358490566,ok
hitter,2024,RBI,fantasy_outcome,all_matched,PA,0,0,common_all,"[""Steamer"", ""THE BAT X""]",THE BAT X,d4c231f58af4877f1f222b18,True,530,15.044470967924529,20.284399565775498,3.3342957867924525,0.7458626318665352,0.7339578046359537,82.68867924528301,0.1563113029211399,39.638069371698116,36.30377358490566,ok
hitter,2024,RBI,fantasy_outcome,established_sample,PA,100,0,common_all,"[""Steamer"", ""THE BAT X""]",Steamer,a2f581a8afab9a333acd8829,True,415,18.062409643900683,23.80775252951392,3.2496351960732275,0.6243637156062065,0.6028701975435019,78.57349397590362,0.18979104825097493,48.6592737502901,45.40963855421687,ok
hitter,2024,RBI,fantasy_outcome,established_sample,PA,100,0,common_all,"[""Steamer"", ""THE BAT X""]",THE BAT X,a2f581a8afab9a333acd8829,True,415,16.481838,21.6396702265054,1.824252843373494,0.6477929670493884,0.6167390256323276,77.48433734939759,0.18716023514347244,47.23389139759036,45.40963855421687,ok
hitter,2024,RBI,fantasy_outcome,regular_playing_time,PA,300,0,common_all,"[""Steamer"", ""THE BAT X""]",Steamer,bdd6560359b038c653514bed,True,279,17.269731517146777,22.12662923830255,-0.185314331243756,0.5992323525609295,0.5984552649393005,54.24372759856631,0.1951213222970011,57.20895090173116,57.39426523297491,ok
hitter,2024,RBI,fantasy_outcome,regular_playing_time,PA,300,0,common_all,"[""Steamer"", ""THE BAT X""]",THE BAT X,bdd6560359b038c653514bed,True,279,15.780461720430107,19.971766938193017,-2.882043799283154,0.6477828632526592,0.6436928513367149,51.67383512544803,0.18587710476779867,54.51222143369176,57.39426523297491,ok
hitter,2024,SB,fantasy_outcome,all_matched,PA,0,0,common_all,"[""Steamer"", ""THE BAT X""]",Steamer,aba80a89b5c0138e76883d25,True,530,3.990250731753361,6.9896148954858415,-0.6627575482276954,0.66244151688012,0.6685091312891323,93.82452830188679,0.1773620572814495,5.7089405649798515,6.371698113207547,ok
hitter,2024,SB,fantasy_outcome,all_matched,PA,0,0,common_all,"[""Steamer"", ""THE BAT X""]",THE BAT X,aba80a89b5c0138e76883d25,True,530,4.211058258584906,7.1281928115697974,0.12401843745283017,0.6648936947110016,0.6822228903614355,90.08490566037736,0.17029282733530693,6.495716550660378,6.371698113207547,ok
hitter,2024,SB,fantasy_outcome,established_sample,PA,100,0,common_all,"[""Steamer"", ""THE BAT X""]",Steamer,97f226c11451b5a743cf0982,True,415,4.608650331970035,7.570613930823328,-1.096463375351201,0.6531999103490257,0.6472695469429315,75.00481927710844,0.18117106105581748,6.785464335492173,7.881927710843374,ok
hitter,2024,SB,fantasy_outcome,established_sample,PA,100,0,common_all,"[""Steamer"", ""THE BAT X""]",THE BAT X,97f226c11451b5a743cf0982,True,415,4.66802577879518,7.466888929276063,-0.41697182891566265,0.673036604521964,0.687746577359505,69.77349397590362,0.16853500960363194,7.46495588192771,7.881927710843374,ok
hitter,2024,SB,fantasy_outcome,regular_playing_time,PA,300,0,common_all,"[""Steamer"", ""THE BAT X""]",Steamer,f47284babb382701007659fa,True,279,5.211411075199217,8.293279161435242,-2.094373834022324,0.6688667624802456,0.6619463592230089,49.17204301075269,0.17687785255666436,7.970142295009934,10.064516129032258,ok
hitter,2024,SB,fantasy_outcome,regular_playing_time,PA,300,0,common_all,"[""Steamer"", ""THE BAT X""]",THE BAT X,f47284babb382701007659fa,True,279,5.233809874193549,8.076718882037424,-1.378096588888889,0.6882378956724039,0.7018956276110005,45.7168458781362,0.16444908589257626,8.686419540143369,10.064516129032258,ok
hitter,2024,AVG,fantasy_outcome,all_matched,PA,0,0,common_all,"[""Steamer"", ""THE BAT X""]",Steamer,8cbf4e130ad768dc5abc12e1,True,530,0.03521414339370192,0.0532884559633125,0.016381405859669858,0.3876568542999082,0.43244588683595087,125.5811320754717,0.23739344437707316,0.24528774669174533,0.22890634083207545,ok
hitter,2024,AVG,fantasy_outcome,all_matched,PA,0,0,common_all,"[""Steamer"", ""THE BAT X""]",THE BAT X,8cbf4e130ad768dc5abc12e1,True,530,0.03408740211509434,0.05209487470714409,0.014167283696226416,0.41273859588236367,0.4543548747314822,121.82830188679246,0.23029924742304814,0.24307362452830192,0.22890634083207545,ok
hitter,2024,AVG,fantasy_outcome,established_sample,PA,100,0,common_all,"[""Steamer"", ""THE BAT X""]",Steamer,797ce2e1032218f29ea86559,True,415,0.024924932183651004,0.03243182549839316,0.01052482264465249,0.4745778317690283,0.44894369980792914,97.13975903614458,0.23463709912112218,0.24964278706633922,0.23911796442168673,ok
hitter,2024,AVG,fantasy_outcome,established_sample,PA,100,0,common_all,"[""Steamer"", ""THE BAT X""]",THE BAT X,797ce2e1032218f29ea86559,True,415,0.024101861722891565,0.03161553338909852,0.008278223530120482,0.484492124866215,0.4577685595477119,95.53253012048192,0.23075490367266166,0.2473961879518072,0.23911796442168673,ok
hitter,2024,AVG,fantasy_outcome,regular_playing_time,PA,300,0,common_all,"[""Steamer"", ""THE BAT X""]",Steamer,907953d55f423397fe2b1d0e,True,279,0.01929642371258051,0.02461966630214532,0.004330077163753863,0.534132813915195,0.5244188133049671,60.215053763440864,0.2166009128181326,0.25317716485192593,0.24884708768817204,ok
hitter,2024,AVG,fantasy_outcome,regular_playing_time,PA,300,0,common_all,"[""Steamer"", ""THE BAT X""]",THE BAT X,907953d55f423397fe2b1d0e,True,279,0.018705550462365588,0.02373842976236572,0.002459181129032259,0.56454014257056,0.5454758187853525,58.67025089605735,0.2110440679714293,0.2513062688172043,0.24884708768817204,ok
hitter,2024,OPS,fantasy_outcome,all_matched,PA,0,0,common_all,"[""Steamer"", ""THE BAT X""]",Steamer,696bd18f70270195bd32d1ca,True,530,0.10871560522663996,0.16322193925170422,0.060284637098730824,0.4100669503397584,0.4485060594892463,123.2,0.23289224952741022,0.7253246708477875,0.6650400337490566,ok
hitter,2024,OPS,fantasy_outcome,all_matched,PA,0,0,common_all,"[""Steamer"", ""THE BAT X""]",THE BAT X,696bd18f70270195bd32d1ca,True,530,0.10121514202452829,0.15597668793554775,0.04434174172264151,0.4368883037873433,0.4697333540565976,119.68867924528301,0.22625459214609264,0.7093817754716981,0.6650400337490566,ok
hitter,2024,OPS,fantasy_outcome,established_sample,PA,100,0,common_all,"[""Steamer"", ""THE BAT X""]",Steamer,7ae80ff54bb59116b06b4ad7,True,415,0.07844258273120298,0.09999500535172863,0.042815906783173624,0.5175215572836027,0.43996571570563187,97.83614457831325,0.236319189802689,0.7407491063036555,0.6979331995204818,ok
hitter,2024,OPS,fantasy_outcome,established_sample,PA,100,0,common_all,"[""Steamer"", ""THE BAT X""]",THE BAT X,7ae80ff54bb59116b06b4ad7,True,415,0.07214703848915661,0.0931586056524716,0.027922431804819278,0.547846440634453,0.4551255379009998,94.80240963855422,0.22899132762935803,0.7258556313253013,0.6979331995204818,ok
hitter,2024,OPS,fantasy_outcome,regular_playing_time,PA,300,0,common_all,"[""Steamer"", ""THE BAT X""]",Steamer,d935d9335e4d1b1c8b8f2592,True,279,0.0618710390490268,0.07681776559776783,0.027000008098183856,0.6035889533551702,0.5064659792903005,62.236559139784944,0.22387251489131274,0.7533074030838469,0.7263073949856631,ok
hitter,2024,OPS,fantasy_outcome,regular_playing_time,PA,300,0,common_all,"[""Steamer"", ""THE BAT X""]",THE BAT X,d935d9335e4d1b1c8b8f2592,True,279,0.056783179064516125,0.07172525336364685,0.014544938347670254,0.6351803212909685,0.5176590524815171,59.505376344086024,0.21404811634563317,0.7408523333333333,0.7263073949856631,ok
hitter,2024,PA,opportunity,all_matched,PA,0,0,common_all,"[""Steamer"", ""THE BAT X""]",Steamer,b0d00f1733b43948e118eab1,True,530,113.21299499205823,157.49754329418096,7.813123878443016,0.7472947543972165,0.7498170116424583,80.05660377358491,0.1513357349217106,329.72444463316,321.911320754717,ok
hitter,2024,PA,opportunity,all_matched,PA,0,0,common_all,"[""Steamer"", ""THE BAT X""]",THE BAT X,b0d00f1733b43948e118eab1,True,530,111.39594339622641,151.16893986290793,16.50492075471698,0.7372731510480434,0.7383400561407212,82.49245283018868,0.15594036451831508,338.416241509434,321.911320754717,ok
hitter,2024,PA,opportunity,established_sample,PA,100,0,common_all,"[""Steamer"", ""THE BAT X""]",Steamer,6904c2f0849d203dbc7b0610,True,415,124.92339716417244,167.26557022154952,-0.9999152482274067,0.6189621296583225,0.6282500379442914,76.9855421686747,0.185955415866364,397.69165101683285,398.69156626506026,ok
hitter,2024,PA,opportunity,established_sample,PA,100,0,common_all,"[""Steamer"", ""THE BAT X""]",THE BAT X,6904c2f0849d203dbc7b0610,True,415,116.44116144578314,154.75976367764795,-1.0234024096385552,0.6156120859687692,0.6294532463285651,76.75903614457832,0.1854082998661312,397.6681638554217,398.69156626506026,ok
hitter,2024,PA,opportunity,regular_playing_time,PA,300,0,common_all,"[""Steamer"", ""THE BAT X""]",Steamer,f99516599e272d0848679d28,True,279,112.73786060613543,150.45733538661202,-33.1887073978301,0.5909702574569456,0.6200223041960436,53.412186379928315,0.1921301668342745,461.56039654482225,494.7491039426523,ok
hitter,2024,PA,opportunity,regular_playing_time,PA,300,0,common_all,"[""Steamer"", ""THE BAT X""]",THE BAT X,f99516599e272d0848679d28,True,279,105.82410752688172,139.37354900639502,-43.168078853046595,0.6011235855846533,0.6333627895146684,51.82078853046595,0.1864057141383667,451.58102508960576,494.7491039426523,ok
hitter,2024,G,opportunity,all_matched,PA,0,0,common_all,"[""Steamer"", ""THE BAT X""]",Steamer,076894c6fe34842a6e6b3443,True,530,31.13258479667722,41.70398205908725,-10.296773518172076,0.6846122400610134,0.6857401806240895,91.6,0.17315689981096408,78.25794346296,88.55471698113207,ok
hitter,2024,G,opportunity,all_matched,PA,0,0,common_all,"[""Steamer"", ""THE BAT X""]",THE BAT X,076894c6fe34842a6e6b3443,True,530,29.92306603773585,39.389141949321186,-4.025043396226415,0.6635179904094408,0.6675782049215064,94.88867924528302,0.1793736847736919,84.52967358490565,88.55471698113207,ok
hitter,2024,G,opportunity,established_sample,PA,100,0,common_all,"[""Steamer"", ""THE BAT X""]",Steamer,dc66e6b212d6eee85eb41de3,True,415,34.502385375370466,44.80262485422031,-13.661084300710494,0.485998676762713,0.5151233829196538,89.8433734939759,0.21701297945404807,94.18469883181963,107.84578313253012,ok
hitter,2024,G,opportunity,established_sample,PA,100,0,common_all,"[""Steamer"", ""THE BAT X""]",THE BAT X,dc66e6b212d6eee85eb41de3,True,415,31.585585542168676,40.79020558465665,-9.52836626506024,0.46707629932714106,0.5106611090518169,90.35421686746987,0.2182469006460625,98.31741686746989,107.84578313253012,ok
hitter,2024,G,opportunity,regular_playing_time,PA,300,0,common_all,"[""Steamer"", ""THE BAT X""]",Steamer,dd3ded3d44713e12e9368e5f,True,279,31.781361881176203,42.53597851660602,-19.84580641968917,0.3794558768938997,0.42434019638729004,66.31182795698925,0.2385317552409685,108.49827960181621,128.34408602150538,ok
hitter,2024,G,opportunity,regular_playing_time,PA,300,0,common_all,"[""Steamer"", ""THE BAT X""]",THE BAT X,dd3ded3d44713e12e9368e5f,True,279,29.42039784946236,39.01825026697196,-18.1742688172043,0.37028588657901623,0.42714727811711667,65.6989247311828,0.2363270673783554,110.16981720430108,128.34408602150538,ok
hitter,2024,HR_per_PA,skill,all_matched,PA,0,0,common_all,"[""Steamer"", ""THE BAT X""]",Steamer,aa5ecc5441d12d7b1302961e,True,530,0.012023091635009154,0.016446917809758252,0.0050434783373361335,0.5485326549453258,0.5848187040791675,104.90566037735849,0.19830937689481756,0.030508752232589205,0.025465273895253073,ok
hitter,2024,HR_per_PA,skill,all_matched,PA,0,0,common_all,"[""Steamer"", ""THE BAT X""]",THE BAT X,aa5ecc5441d12d7b1302961e,True,530,0.011490121108554173,0.016100872522615012,0.0035675872708353686,0.5503664343332229,0.582235619143263,105.51320754716981,0.19945785925740986,0.02903286116608844,0.025465273895253073,ok
hitter,2024,HR_per_PA,skill,established_sample,PA,100,0,common_all,"[""Steamer"", ""THE BAT X""]",Steamer,df03851e07965f43805856d0,True,415,0.009446468384836018,0.011817076339789234,0.00351064208908664,0.6417249328201227,0.6022891262864731,80.81927710843374,0.19521564518945347,0.03215908523289557,0.02864844314380893,ok
hitter,2024,HR_per_PA,skill,established_sample,PA,100,0,common_all,"[""Steamer"", ""THE BAT X""]",THE BAT X,df03851e07965f43805856d0,True,415,0.00908650160493259,0.011408576838520179,0.002084682943532555,0.6591196422755098,0.6189005556992775,80.06746987951807,0.193399685699319,0.030733126087341484,0.02864844314380893,ok
hitter,2024,HR_per_PA,skill,regular_playing_time,PA,300,0,common_all,"[""Steamer"", ""THE BAT X""]",Steamer,c5c6880ad6fb09e68ed8d29d,True,279,0.00830065894569575,0.010392526754623979,0.00273783222830813,0.6875647623370582,0.649667804559851,50.458781362007166,0.1815064077770042,0.033550770725921955,0.03081293849761382,ok
hitter,2024,HR_per_PA,skill,regular_playing_time,PA,300,0,common_all,"[""Steamer"", ""THE BAT X""]",THE BAT X,c5c6880ad6fb09e68ed8d29d,True,279,0.007995661402809858,0.010000903427638196,0.0014606442110879593,0.7104253167173309,0.6748808417390121,49.458781362007166,0.1779092854748459,0.03227358270870179,0.03081293849761382,ok
hitter,2024,R_per_PA,skill,all_matched,PA,0,0,common_all,"[""Steamer"", ""THE BAT X""]",Steamer,688cbe75885acd5a9d43cd91,True,530,0.02725020535463443,0.043988790006073114,0.004222460124523826,0.19892451790359703,0.26438535474271996,146.3924528301887,0.27673431536897675,0.11737558905525164,0.1131531289307278,ok
hitter,2024,R_per_PA,skill,all_matched,PA,0,0,common_all,"[""Steamer"", ""THE BAT X""]",THE BAT X,688cbe75885acd5a9d43cd91,True,530,0.026309708879318966,0.04251539950212313,0.004477814616279035,0.30801922725161124,0.38191566518213266,133.4377358490566,0.2522452473517138,0.11763094354700684,0.1131531289307278,ok
hitter,2024,R_per_PA,skill,established_sample,PA,100,0,common_all,"[""Steamer"", ""THE BAT X""]",Steamer,adfd834cf99aa32ff8548cd9,True,415,0.018881364115058905,0.02457641951887343,0.00586757088775765,0.395100337180744,0.32499059887801607,110.16144578313254,0.2660904487515279,0.11998420065534422,0.11411662976758656,ok
hitter,2024,R_per_PA,skill,established_sample,PA,100,0,common_all,"[""Steamer"", ""THE BAT X""]",THE BAT X,adfd834cf99aa32ff8548cd9,True,415,0.018077897023175835,0.023260796939941628,0.005948746019359397,0.48943709408631464,0.4275201062719194,100.12048192771084,0.24183691286886677,0.12006537578694597,0.11411662976758656,ok
hitter,2024,R_per_PA,skill,regular_playing_time,PA,300,0,common_all,"[""Steamer"", ""THE BAT X""]",Steamer,9f79486d965833f947283a1a,True,279,0.016367086642779072,0.020310262431443012,0.004264928055472855,0.4429582889819626,0.32627510699509116,73.82078853046595,0.26554240478584873,0.12272264655761203,0.11845771850213917,ok
hitter,2024,R_per_PA,skill,regular_playing_time,PA,300,0,common_all,"[""Steamer"", ""THE BAT X""]",THE BAT X,9f79486d965833f947283a1a,True,279,0.015182918243134716,0.018711517079154,0.0042179163405849035,0.5472410358513357,0.44869996593509376,66.53763440860214,0.2393440086640365,0.12267563484272409,0.11845771850213917,ok
hitter,2024,RBI_per_PA,skill,all_matched,PA,0,0,common_all,"[""Steamer"", ""THE BAT X""]",Steamer,879b6a858023283be54f0600,True,530,0.02991622264686198,0.044153490920896286,0.012102601244411036,0.39660559694589576,0.48906819221196385,117.37169811320754,0.22187466562043015,0.11461245935706484,0.1025098581126538,ok
hitter,2024,RBI_per_PA,skill,all_matched,PA,0,0,common_all,"[""Steamer"", ""THE BAT X""]",THE BAT X,879b6a858023283be54f0600,True,530,0.028491281052403467,0.04317564675893778,0.007895960932209666,0.3993573922699601,0.4927916149163503,118.73018867924529,0.2244427007169098,0.11040581904486346,0.1025098581126538,ok
hitter,2024,RBI_per_PA,skill,established_sample,PA,100,0,common_all,"[""Steamer"", ""THE BAT X""]",Steamer,513ab46f39891364bec49a47,True,415,0.02138705394087698,0.02740628145240779,0.008025393670898062,0.4820463959517322,0.47034627264900164,94.60481927710843,0.2285140562248996,0.1179263740492732,0.10990098037837515,ok
hitter,2024,RBI_per_PA,skill,established_sample,PA,100,0,common_all,"[""Steamer"", ""THE BAT X""]",THE BAT X,513ab46f39891364bec49a47,True,415,0.02033783754923601,0.026392873473743923,0.004119674639011783,0.5086786458305176,0.4928714349938365,94.5132530120482,0.228292881671614,0.11402065501738692,0.10990098037837515,ok
hitter,2024,RBI_per_PA,skill,regular_playing_time,PA,300,0,common_all,"[""Steamer"", ""THE BAT X""]",Steamer,7ddaffed3a2ef063b5bea5e0,True,279,0.01765781850330981,0.022779816410541824,0.006772536267885108,0.5465513299939392,0.5197600148307228,60.32258064516129,0.21698770016245067,0.12059087869449,0.11381834242660491,ok
hitter,2024,RBI_per_PA,skill,regular_playing_time,PA,300,0,common_all,"[""Steamer"", ""THE BAT X""]",THE BAT X,7ddaffed3a2ef063b5bea5e0,True,279,0.016667765454234665,0.021433547019927522,0.0032477621679921015,0.5911952673200445,0.5612446495526104,58.35125448028674,0.2098965988499523,0.11706610459459701,0.11381834242660491,ok
hitter,2024,SB_per_PA,skill,all_matched,PA,0,0,common_all,"[""Steamer"", ""THE BAT X""]",Steamer,7592457ca7cd0a2c9d35fcb8,True,530,0.01288462959201221,0.029407135370102505,-0.00380345687229984,0.5815813055230141,0.6701643247770862,94.2377358490566,0.17814316795662874,0.01720370055831174,0.02100715743061158,ok
hitter,2024,SB_per_PA,skill,all_matched,PA,0,0,common_all,"[""Steamer"", ""THE BAT X""]",THE BAT X,7592457ca7cd0a2c9d35fcb8,True,530,0.01269079681404411,0.028780900625967373,-0.0019641792256255832,0.5795807143174917,0.6835220104057561,90.32452830188679,0.17074580019260263,0.019042978204985996,0.02100715743061158,ok
hitter,2024,SB_per_PA,skill,established_sample,PA,100,0,common_all,"[""Steamer"", ""THE BAT X""]",Steamer,84f6387a1c7cfe632bc74f1c,True,415,0.00966617293504065,0.015537503957781203,-0.0027256859345165664,0.7573709503323043,0.7534697180849895,64.28433734939759,0.15527617717245795,0.01667327796745433,0.019398963901970896,ok
hitter,2024,SB_per_PA,skill,established_sample,PA,100,0,common_all,"[""Steamer"", ""THE BAT X""]",THE BAT X,84f6387a1c7cfe632bc74f1c,True,415,0.009669561063601265,0.015226115033760921,-0.0009503996886279923,0.7470032541731825,0.764810558429852,61.75180722891566,0.14915895465921658,0.018448564213342903,0.019398963901970896,ok
hitter,2024,SB_per_PA,skill,regular_playing_time,PA,300,0,common_all,"[""Steamer"", ""THE BAT X""]",Steamer,b391e37c7869744d272c2d64,True,279,0.00905887497904481,0.013850411228549854,-0.003242440788781251,0.7708014600533803,0.7996130089034452,38.17204301075269,0.13730950723292334,0.01712993825973364,0.020372379048514893,ok
hitter,2024,SB_per_PA,skill,regular_playing_time,PA,300,0,common_all,"[""Steamer"", ""THE BAT X""]",THE BAT X,b391e37c7869744d272c2d64,True,279,0.008978807083077679,0.01316157190182984,-0.0012375189915478583,0.7775385544096157,0.8052356914878125,37.27956989247312,0.13409917227508317,0.019134860056967035,0.020372379048514893,ok
hitter,2024,K%,skill,all_matched,PA,0,0,common_all,"[""Steamer"", ""THE BAT X""]",Steamer,726e33a71f4f841b91fd122c,True,530,0.037012691806584376,0.058210923667278563,-0.007089727549375927,0.6836132429783486,0.7344329602788711,78.18301886792453,0.14779398651781575,0.2325918975959071,0.23968162514528302,ok
hitter,2024,K%,skill,all_matched,PA,0,0,common_all,"[""Steamer"", ""THE BAT X""]",THE BAT X,726e33a71f4f841b91fd122c,True,530,0.037082050760377364,0.0582359681109293,-0.008406221560377361,0.68534843525495,0.7383292982668753,78.52830188679245,0.148446695438171,0.23127540358490567,0.23968162514528302,ok
hitter,2024,K%,skill,established_sample,PA,100,0,common_all,"[""Steamer"", ""THE BAT X""]",Steamer,7d0be5ddd60dee5172c3260b,True,415,0.02779169472025169,0.036112917451096425,-0.0023595799453279666,0.8046626375737617,0.802885892966492,55.024096385542165,0.1329084453757057,0.225862435914913,0.22822201586024096,ok
hitter,2024,K%,skill,established_sample,PA,100,0,common_all,"[""Steamer"", ""THE BAT X""]",THE BAT X,7d0be5ddd60dee5172c3260b,True,415,0.027749835725301205,0.03614101857596977,-0.003366347426506026,0.8075200824824444,0.8044725416136961,55.563855421686746,0.13421221116349455,0.22485566843373495,0.22822201586024096,ok
hitter,2024,K%,skill,regular_playing_time,PA,300,0,common_all,"[""Steamer"", ""THE BAT X""]",Steamer,2192d748bed71ea1737a48e1,True,279,0.02454283175556739,0.03172289612218562,0.0014924961306689137,0.8428861943048734,0.8480760844175508,32.738351254480285,0.11776385343338232,0.21884351489052553,0.21735101875985663,ok
hitter,2024,K%,skill,regular_playing_time,PA,300,0,common_all,"[""Steamer"", ""THE BAT X""]",THE BAT X,2192d748bed71ea1737a48e1,True,279,0.024584557956989245,0.03204094459417716,0.0002482980860215036,0.8407623993403354,0.8413689128108474,33.74551971326165,0.12138676155849515,0.21759931684587813,0.21735101875985663,ok
hitter,2024,BB%,skill,all_matched,PA,0,0,common_all,"[""Steamer"", ""THE BAT X""]",Steamer,5c338c09b111152ad53df635,True,530,0.02303240632238726,0.03287074307938106,0.008322689891282119,0.5086373867310349,0.5828821136100636,105.01698113207547,0.19851981310411243,0.08780131541769721,0.07947862552641509,ok
hitter,2024,BB%,skill,all_matched,PA,0,0,common_all,"[""Steamer"", ""THE BAT X""]",THE BAT X,5c338c09b111152ad53df635,True,530,0.021166256541509432,0.03129841834279979,0.0020841422094339626,0.5264750154652703,0.6030459551318887,102.29056603773584,0.19336590933409423,0.08156276773584906,0.07947862552641509,ok
hitter,2024,BB%,skill,established_sample,PA,100,0,common_all,"[""Steamer"", ""THE BAT X""]",Steamer,5df95094d73fbacf9018420a,True,415,0.016932611707090515,0.021150223518148513,0.007588376674541533,0.717987024002642,0.70400777559502,71.20481927710843,0.1719923170944648,0.08824890096128851,0.08066052428674698,ok
hitter,2024,BB%,skill,established_sample,PA,100,0,common_all,"[""Steamer"", ""THE BAT X""]",THE BAT X,5df95094d73fbacf9018420a,True,415,0.015184735930120482,0.01931525636377686,0.002438116918072289,0.7310477074947961,0.707877775823362,69.3421686746988,0.1674931610499971,0.08309864120481927,0.08066052428674698,ok
hitter,2024,BB%,skill,regular_playing_time,PA,300,0,common_all,"[""Steamer"", ""THE BAT X""]",Steamer,382f6a7ee2e83e5baed7a94e,True,279,0.016643069496714177,0.020696584525524763,0.007170552856643673,0.7179886522906659,0.7051533551996376,48.07168458781362,0.1729197287331425,0.08887130292832826,0.08170075007168458,ok
hitter,2024,BB%,skill,regular_playing_time,PA,300,0,common_all,"[""Steamer"", ""THE BAT X""]",THE BAT X,382f6a7ee2e83e5baed7a94e,True,279,0.014832856860215052,0.018955058861255418,0.00295445064516129,0.7345278023850567,0.707270190296335,47.00358422939068,0.16907764111291612,0.08465520071684589,0.08170075007168458,ok
hitter,2024,ISO,skill,all_matched,PA,0,0,common_all,"[""Steamer"", ""THE BAT X""]",Steamer,3944027cea15b235e81ee7cc,True,530,0.04881652802799483,0.07072600244109195,0.022079866496755866,0.48636563993394616,0.5583874468763783,108.80188679245283,0.20567464422013768,0.16123276259864264,0.1391528961018868,ok
hitter,2024,ISO,skill,all_matched,PA,0,0,common_all,"[""Steamer"", ""THE BAT X""]",THE BAT X,3944027cea15b235e81ee7cc,True,530,0.046194843977358485,0.06863680857786676,0.015280202766037738,0.49532517815122107,0.5616914785783719,109.22452830188679,0.2064735884723758,0.15443309886792453,0.1391528961018868,ok
hitter,2024,ISO,skill,established_sample,PA,100,0,common_all,"[""Steamer"", ""THE BAT X""]",Steamer,165f3b5d05754389ababfed0,True,415,0.03704863257151008,0.04637222056322867,0.016910062058415613,0.6282522013772903,0.5848947360646146,83.69156626506025,0.20215354170304406,0.16795170102468066,0.15104163896626507,ok
hitter,2024,ISO,skill,established_sample,PA,100,0,common_all,"[""Steamer"", ""THE BAT X""]",THE BAT X,165f3b5d05754389ababfed0,True,415,0.034704354089156626,0.043946540393273247,0.01032624464819277,0.6473680799137498,0.6038405658223475,82.48192771084338,0.19923170944648158,0.16136788361445784,0.15104163896626507,ok
hitter,2024,ISO,skill,regular_playing_time,PA,300,0,common_all,"[""Steamer"", ""THE BAT X""]",Steamer,91d2429ae4433d6c594411f8,True,279,0.03131743994245213,0.03883220635857239,0.013070769273991941,0.6835324121949748,0.6434131700135105,51.333333333333336,0.18465227817745805,0.17351736891556901,0.16044659964157706,ok
hitter,2024,ISO,skill,regular_playing_time,PA,300,0,common_all,"[""Steamer"", ""THE BAT X""]",THE BAT X,91d2429ae4433d6c594411f8,True,279,0.029344383555555558,0.03676431300916227,0.00747176523297491,0.7065145962975857,0.6674480702740613,50.30465949820788,0.1809520125834816,0.16791836487455197,0.16044659964157706,ok
hitter,2024,BABIP,skill,all_matched,PA,0,0,common_all,"[""Steamer"", ""THE BAT X""]",Steamer,bba8df74293448375217568a,True,530,0.04155671094032553,0.0630639376353702,0.015586422355372082,0.24748549800570738,0.31071855937570136,141.0811320754717,0.2666940114848236,0.29624027241197587,0.28065385005660376,ok
hitter,2024,BABIP,skill,all_matched,PA,0,0,common_all,"[""Steamer"", ""THE BAT X""]",THE BAT X,bba8df74293448375217568a,True,530,0.04043633530188679,0.06206134064160996,0.01324638013207547,0.27714321819998616,0.34183544199407434,136.8,0.25860113421550096,0.2939002301886792,0.28065385005660376,ok
hitter,2024,BABIP,skill,established_sample,PA,100,0,common_all,"[""Steamer"", ""THE BAT X""]",Steamer,cf4b7603f312038f8fe8408e,True,415,0.02885951401212494,0.038076604075293514,0.010011919612577367,0.3739393515396305,0.38974532467162387,103.01204819277109,0.24882137244630698,0.29737681878607136,0.287364899173494,ok
hitter,2024,BABIP,skill,established_sample,PA,100,0,common_all,"[""Steamer"", ""THE BAT X""]",THE BAT X,cf4b7603f312038f8fe8408e,True,415,0.027978950436144578,0.03759200997380236,0.007829380344578312,0.3866901782456357,0.4099652740423109,100.12048192771084,0.24183691286886677,0.2951942795180723,0.287364899173494,ok
hitter,2024,BABIP,skill,regular_playing_time,PA,300,0,common_all,"[""Steamer"", ""THE BAT X""]",Steamer,b6e4ee870d8b3c85d88135a0,True,279,0.022933544112789004,0.029735118495579308,0.003709137666893767,0.4218621770213195,0.43200819769566867,66.52688172043011,0.2393053299296047,0.2974937094625927,0.29378457179569895,ok
hitter,2024,BABIP,skill,regular_playing_time,PA,300,0,common_all,"[""Steamer"", ""THE BAT X""]",THE BAT X,b6e4ee870d8b3c85d88135a0,True,279,0.02184030170250896,0.028498172843192626,0.0018515894946236544,0.491351643217206,0.499788026341395,62.415770609319,0.22451716046517625,0.2956361612903226,0.29378457179569895,ok
hitter,2024,wOBA,skill,all_matched,PA,0,0,common_all,"[""Steamer"", ""THE BAT X""]",Steamer,a53b7e6e20acb4747894e1f3,True,530,0.04303775184600258,0.0654658767694406,0.02355490125343286,0.3904190758397294,0.4345444491235053,124.83962264150944,0.23599172522024467,0.31530569103298756,0.2917507897795547,ok
hitter,2024,wOBA,skill,all_matched,PA,0,0,common_all,"[""Steamer"", ""THE BAT X""]",THE BAT X,a53b7e6e20acb4747894e1f3,True,530,0.040046775800526686,0.062396538136076714,0.016616797012898116,0.4217557969627466,0.46215527560572495,121.23018867924529,0.2291685986375147,0.30836758679245285,0.2917507897795547,ok
hitter,2024,wOBA,skill,established_sample,PA,100,0,common_all,"[""Steamer"", ""THE BAT X""]",Steamer,dff6a5be40c11f3ddb09c3b6,True,415,0.030630126358669248,0.039343868125765145,0.01629929604784523,0.5011322036351935,0.4349093699211562,98.7277108433735,0.2384727315057331,0.32116770495886016,0.3048684089110149,ok
hitter,2024,wOBA,skill,established_sample,PA,100,0,common_all,"[""Steamer"", ""THE BAT X""]",THE BAT X,dff6a5be40c11f3ddb09c3b6,True,415,0.028096389927134806,0.03642528805351887,0.009932444101033262,0.5386556733477852,0.4601508038844341,94.90120481927711,0.22922996333158724,0.31480085301204824,0.3048684089110149,ok
hitter,2024,wOBA,skill,regular_playing_time,PA,300,0,common_all,"[""Steamer"", ""THE BAT X""]",Steamer,ddb014c51e2efaebefe5fbbf,True,279,0.02399930615920314,0.030035669604674714,0.009884744996202312,0.5905642977019386,0.5074699687254804,62.57347670250896,0.22508444857017612,0.3258356940721978,0.3159509490759955,ok
hitter,2024,wOBA,skill,regular_playing_time,PA,300,0,common_all,"[""Steamer"", ""THE BAT X""]",THE BAT X,ddb014c51e2efaebefe5fbbf,True,279,0.022093476973302235,0.027973568078746906,0.00457910468744534,0.6266558027143886,0.5260026080518074,59.376344086021504,0.21358397153245146,0.32053005376344085,0.3159509490759955,ok
hitter,2025,R,fantasy_outcome,all_matched,PA,0,0,common_all,"[""OOPSY"", ""Steamer"", ""THE BAT X""]",OOPSY,b133c31bc84c5a8e00b0db78,True,582,14.793814432989691,20.103597667463845,1.7422680412371134,0.7733638257177451,0.7557972375571054,88.16838487972508,0.15175281390658363,37.49828178694158,35.756013745704465,ok
hitter,2025,R,fantasy_outcome,all_matched,PA,0,0,common_all,"[""OOPSY"", ""Steamer"", ""THE BAT X""]",Steamer,b133c31bc84c5a8e00b0db78,True,582,13.639749076703877,18.48325540098654,-0.26706151949734624,0.7907542059076498,0.767404634865471,85.87628865979381,0.14780772574835424,35.48895222620712,35.756013745704465,ok
hitter,2025,R,fantasy_outcome,all_matched,PA,0,0,common_all,"[""OOPSY"", ""Steamer"", ""THE BAT X""]",THE BAT X,b133c31bc84c5a8e00b0db78,True,582,14.248580314432989,19.376499055180947,1.112973554982818,0.7726199600808763,0.7518548571830331,88.43298969072166,0.1522082438738755,36.86898730068728,35.756013745704465,ok
hitter,2025,R,fantasy_outcome,established_sample,PA,100,0,common_all,"[""OOPSY"", ""Steamer"", ""THE BAT X""]",OOPSY,b128c9eec10fbdc134b8f2f4,True,437,16.53546910755149,21.341936671013837,-0.04576659038901602,0.7063421895386337,0.6883554363364086,74.22654462242564,0.1702443684000588,46.139588100686495,46.18535469107552,ok
hitter,2025,R,fantasy_outcome,established_sample,PA,100,0,common_all,"[""OOPSY"", ""Steamer"", ""THE BAT X""]",Steamer,b128c9eec10fbdc134b8f2f4,True,437,15.085931237454545,19.764458455838373,-3.0246535838673263,0.728399511932452,0.6982262144425182,72.38443935926773,0.1660193563285957,43.16070110720819,46.18535469107552,ok
hitter,2025,R,fantasy_outcome,established_sample,PA,100,0,common_all,"[""OOPSY"", ""Steamer"", ""THE BAT X""]",THE BAT X,b128c9eec10fbdc134b8f2f4,True,437,15.572846272311214,20.439188809171547,-1.4504964782608694,0.7061389009981607,0.6799064560644531,74.5400457665904,0.1709634077215376,44.73485821281464,46.18535469107552,ok
hitter,2025,R,fantasy_outcome,regular_playing_time,PA,300,0,common_all,"[""OOPSY"", ""Steamer"", ""THE BAT X""]",OOPSY,ddf4e0d549e6fa8392c75cc1,True,275,16.025454545454547,20.47694934665451,-3.0072727272727273,0.6151219001408792,0.6149895726457129,53.44,0.19503649635036496,58.92727272727273,61.93454545454546,ok
hitter,2025,R,fantasy_outcome,regular_playing_time,PA,300,0,common_all,"[""OOPSY"", ""Steamer"", ""THE BAT X""]",Steamer,ddf4e0d549e6fa8392c75cc1,True,275,15.564896524602716,20.055009474981713,-7.277490241310813,0.6456460473303828,0.6156794843929514,52.32363636363636,0.19096217650962174,54.65705521323464,61.93454545454546,ok
hitter,2025,R,fantasy_outcome,regular_playing_time,PA,300,0,common_all,"[""OOPSY"", ""Steamer"", ""THE BAT X""]",THE BAT X,ddf4e0d549e6fa8392c75cc1,True,275,15.608379890909092,20.02253947543286,-5.836948618181818,0.6257425907563664,0.6101974850582439,52.85454545454545,0.192899800928998,56.097596836363635,61.93454545454546,ok
hitter,2025,HR,fantasy_outcome,all_matched,PA,0,0,common_all,"[""OOPSY"", ""Steamer"", ""THE BAT X""]",OOPSY,079bffa8ff7826af7b2c8029,True,582,4.969072164948454,7.0357457467604965,0.7044673539518901,0.7565561504196501,0.7321459890483124,93.2594501718213,0.16051540477077678,10.132302405498281,9.427835051546392,ok
hitter,2025,HR,fantasy_outcome,all_matched,PA,0,0,common_all,"[""OOPSY"", ""Steamer"", ""THE BAT X""]",Steamer,079bffa8ff7826af7b2c8029,True,582,4.718536063739101,6.611702988511166,0.24341891198563054,0.7642545641435993,0.7455457197946942,91.53436426116839,0.15754623797102993,9.671253963532022,9.427835051546392,ok
hitter,2025,HR,fantasy_outcome,all_matched,PA,0,0,common_all,"[""OOPSY"", ""Steamer"", ""THE BAT X""]",THE BAT X,079bffa8ff7826af7b2c8029,True,582,4.8110879563573885,6.808731466563488,0.10858291512027494,0.7504523739650417,0.7303756726864364,94.15807560137458,0.1620620922570991,9.536417966666667,9.427835051546392,ok
hitter,2025,HR,fantasy_outcome,established_sample,PA,100,0,common_all,"[""OOPSY"", ""Steamer"", ""THE BAT X""]",OOPSY,102addad513c0822e40f40f2,True,437,5.77116704805492,7.672650468866108,0.2700228832951945,0.7115083418343047,0.6874739576941326,76.93821510297482,0.1764637961077404,12.597254004576659,12.327231121281464,ok
hitter,2025,HR,fantasy_outcome,established_sample,PA,100,0,common_all,"[""OOPSY"", ""Steamer"", ""THE BAT X""]",Steamer,102addad513c0822e40f40f2,True,437,5.399108663261005,7.246633572769371,-0.4467118904420795,0.7161085119183676,0.7011577186931446,75.91304347826087,0.17411248504188273,11.880519230839385,12.327231121281464,ok
hitter,2025,HR,fantasy_outcome,established_sample,PA,100,0,common_all,"[""OOPSY"", ""Steamer"", ""THE BAT X""]",THE BAT X,102addad513c0822e40f40f2,True,437,5.5110373844393585,7.476796793574292,-0.5869232242562928,0.7008884939683928,0.6877327483127103,76.44622425629291,0.17533537673461677,11.740307897025172,12.327231121281464,ok
hitter,2025,HR,fantasy_outcome,regular_playing_time,PA,300,0,common_all,"[""OOPSY"", ""Steamer"", ""THE BAT X""]",OOPSY,0c1e819c032c1e6ccd7e7e44,True,275,6.287272727272727,8.09511637290713,-0.5272727272727272,0.6647879855010411,0.6383580447008115,51.654545454545456,0.1885202388852024,16.38909090909091,16.916363636363638,ok
hitter,2025,HR,fantasy_outcome,regular_playing_time,PA,300,0,common_all,"[""OOPSY"", ""Steamer"", ""THE BAT X""]",Steamer,0c1e819c032c1e6ccd7e7e44,True,275,5.953378862901167,7.8144474032029105,-1.6207389025254684,0.6639037953138148,0.6467156175434098,51.60727272727273,0.1883477106834771,15.295624733838167,16.916363636363638,ok
hitter,2025,HR,fantasy_outcome,regular_playing_time,PA,300,0,common_all,"[""OOPSY"", ""Steamer"", ""THE BAT X""]",THE BAT X,0c1e819c032c1e6ccd7e7e44,True,275,6.157919469090909,8.039553923553685,-1.9397652072727272,0.6571910692336981,0.6441324337856298,52.374545454545455,0.19114797611147977,14.976598429090908,16.916363636363638,ok
hitter,2025,RBI,fantasy_outcome,all_matched,PA,0,0,common_all,"[""OOPSY"", ""Steamer"", ""THE BAT X""]",OOPSY,00c263116396b09052fa5a2c,True,582,15.792096219931272,21.468629715370056,1.788659793814433,0.7525519702159139,0.7478394470885411,90.83161512027492,0.15633668695400157,36.26975945017182,34.48109965635739,ok
hitter,2025,RBI,fantasy_outcome,all_matched,PA,0,0,common_all,"[""OOPSY"", ""Steamer"", ""THE BAT X""]",Steamer,00c263116396b09052fa5a2c,True,582,14.259093345005283,19.481390546372097,-0.04662319923082168,0.7647600639459801,0.7613858859021677,87.92096219931271,0.15132695731379125,34.434476457126564,34.48109965635739,ok
hitter,2025,RBI,fantasy_outcome,all_matched,PA,0,0,common_all,"[""OOPSY"", ""Steamer"", ""THE BAT X""]",THE BAT X,00c263116396b09052fa5a2c,True,582,14.833918642611684,20.001962602709735,0.5936444742268041,0.7560282586471797,0.7513150921348427,90.25601374570446,0.1553459789082693,35.07474413058419,34.48109965635739,ok
hitter,2025,RBI,fantasy_outcome,established_sample,PA,100,0,common_all,"[""OOPSY"", ""Steamer"", ""THE BAT X""]",OOPSY,ec3af118d85d5c2831291b0b,True,437,18.073226544622425,23.154342352873044,0.004576659038901602,0.6809082496534176,0.6686065751396476,78.44622425629291,0.17992253269791952,44.8558352402746,44.8512585812357,ok
hitter,2025,RBI,fantasy_outcome,established_sample,PA,100,0,common_all,"[""OOPSY"", ""Steamer"", ""THE BAT X""]",Steamer,ec3af118d85d5c2831291b0b,True,437,15.829981061018305,20.86647373752856,-2.968991086671227,0.6921531861003513,0.6868778146979163,75.5812356979405,0.1733514580227993,41.88226749456447,44.8512585812357,ok
hitter,2025,RBI,fantasy_outcome,established_sample,PA,100,0,common_all,"[""OOPSY"", ""Steamer"", ""THE BAT X""]",THE BAT X,ec3af118d85d5c2831291b0b,True,437,16.488818297482837,21.36248143074039,-2.0790887780320366,0.6818362558513381,0.6737162792492107,77.29061784897026,0.17727205928662904,42.77216980320366,44.8512585812357,ok
hitter,2025,RBI,fantasy_outcome,regular_playing_time,PA,300,0,common_all,"[""OOPSY"", ""Steamer"", ""THE BAT X""]",OOPSY,c2ec606d72a93d6aeb61e7d8,True,275,18.77090909090909,23.662628763516533,-2.6981818181818182,0.565857542235063,0.5424466843421959,58.38545454545454,0.21308560053085598,57.64,60.338181818181816,ok
hitter,2025,RBI,fantasy_outcome,regular_playing_time,PA,300,0,common_all,"[""OOPSY"", ""Steamer"", ""THE BAT X""]",Steamer,c2ec606d72a93d6aeb61e7d8,True,275,16.78292481509122,21.82593960317222,-7.371257847872648,0.5627537354287281,0.5516113893125041,58.345454545454544,0.21293961512939616,52.96692397030917,60.338181818181816,ok
hitter,2025,RBI,fantasy_outcome,regular_playing_time,PA,300,0,common_all,"[""OOPSY"", ""Steamer"", ""THE BAT X""]",THE BAT X,c2ec606d72a93d6aeb61e7d8,True,275,17.419528436363635,22.117538146038815,-6.5370920727272726,0.5620123505051456,0.5422285511317978,58.93454545454546,0.21508958195089584,53.80108974545455,60.338181818181816,ok
hitter,2025,SB,fantasy_outcome,all_matched,PA,0,0,common_all,"[""OOPSY"", ""Steamer"", ""THE BAT X""]",OOPSY,8036f38a2f0979e31b390ad6,True,582,3.676975945017182,6.00400782524771,0.9003436426116839,0.7447223302423936,0.7099036666818525,95.84192439862542,0.1649602829580472,6.59106529209622,5.690721649484536,ok
hitter,2025,SB,fantasy_outcome,all_matched,PA,0,0,common_all,"[""OOPSY"", ""Steamer"", ""THE BAT X""]",Steamer,8036f38a2f0979e31b390ad6,True,582,3.4981245785604367,5.680590189410187,0.13917748107978134,0.735518586932826,0.726814431395004,94.19072164948453,0.16211828166864808,5.829899130564318,5.690721649484536,ok
hitter,2025,SB,fantasy_outcome,all_matched,PA,0,0,common_all,"[""OOPSY"", ""Steamer"", ""THE BAT X""]",THE BAT X,8036f38a2f0979e31b390ad6,True,582,3.5365650560481097,5.826633288936393,0.3766176326804123,0.733138814357033,0.7243370374444916,94.50343642611683,0.16265651708453843,6.067339282164949,5.690721649484536,ok
hitter,2025,SB,fantasy_outcome,established_sample,PA,100,0,common_all,"[""OOPSY"", ""Steamer"", ""THE BAT X""]",OOPSY,a1104eadf8db45ef7582647a,True,437,4.160183066361556,6.445334288934116,0.6727688787185355,0.7417813700113269,0.7101660625825622,73.03203661327231,0.1675046711313585,7.910755148741419,7.237986270022883,ok
hitter,2025,SB,fantasy_outcome,established_sample,PA,100,0,common_all,"[""OOPSY"", ""Steamer"", ""THE BAT X""]",Steamer,a1104eadf8db45ef7582647a,True,437,4.002705957864153,6.2661258281070715,-0.30723319723946413,0.7245571822392606,0.726499302203675,70.86498855835241,0.16253437742741378,6.9307530727834195,7.237986270022883,ok
hitter,2025,SB,fantasy_outcome,established_sample,PA,100,0,common_all,"[""OOPSY"", ""Steamer"", ""THE BAT X""]",THE BAT X,a1104eadf8db45ef7582647a,True,437,4.0023965497254,6.369045536492557,-0.04348405988558355,0.7256547467503217,0.7263839242546822,70.47826086956522,0.16164738731551656,7.1945022101372995,7.237986270022883,ok
hitter,2025,SB,fantasy_outcome,regular_playing_time,PA,300,0,common_all,"[""OOPSY"", ""Steamer"", ""THE BAT X""]",OOPSY,f218548c2e71bac478fcc942,True,275,4.618181818181818,6.877102984145683,0.3927272727272727,0.7577668975720955,0.7543894699969761,41.95272727272727,0.15311214333112144,10.10909090909091,9.716363636363637,ok
hitter,2025,SB,fantasy_outcome,regular_playing_time,PA,300,0,common_all,"[""OOPSY"", ""Steamer"", ""THE BAT X""]",Steamer,f218548c2e71bac478fcc942,True,275,4.604922927076166,7.020087868408855,-0.9709425700794567,0.7296448146623711,0.7611362496646519,41.17454545454545,0.15027206370272062,8.74542106628418,9.716363636363637,ok
hitter,2025,SB,fantasy_outcome,regular_playing_time,PA,300,0,common_all,"[""OOPSY"", ""Steamer"", ""THE BAT X""]",THE BAT X,f218548c2e71bac478fcc942,True,275,4.500831943272727,6.915488496336235,-0.7212828160000001,0.742741637766802,0.7602823227220044,41.30909090909091,0.15076310550763106,8.995080820363636,9.716363636363637,ok
hitter,2025,AVG,fantasy_outcome,all_matched,PA,0,0,common_all,"[""OOPSY"", ""Steamer"", ""THE BAT X""]",OOPSY,0e73c8714cff7d70eb8472ea,True,582,0.03767370799828179,0.05885415611134466,0.01509160963402062,0.38345081979905116,0.47057299761949256,133.97766323024055,0.2305983876596223,0.23892177147766322,0.2238301618436426,ok
hitter,2025,AVG,fantasy_outcome,all_matched,PA,0,0,common_all,"[""OOPSY"", ""Steamer"", ""THE BAT X""]",Steamer,0e73c8714cff7d70eb8472ea,True,582,0.038525920449934595,0.059845989811717244,0.018520535041937142,0.38244790148602364,0.47245755720693,133.22508591065292,0.22930307385654547,0.24235069688557973,0.2238301618436426,ok
hitter,2025,AVG,fantasy_outcome,all_matched,PA,0,0,common_all,"[""OOPSY"", ""Steamer"", ""THE BAT X""]",THE BAT X,0e73c8714cff7d70eb8472ea,True,582,0.03721707223539519,0.05807068876832797,0.012013915475945016,0.3870697625263986,0.47110547546583453,133.48625429553263,0.2297525891489374,0.23584407731958765,0.2238301618436426,ok
hitter,2025,AVG,fantasy_outcome,established_sample,PA,100,0,common_all,"[""OOPSY"", ""Steamer"", ""THE BAT X""]",OOPSY,36b2d5175df6c5ed779af552,True,437,0.023290410901601832,0.030675175533115166,0.003913342585812356,0.4732343089939057,0.4725111626127843,100.81464530892448,0.23122625070854239,0.24355148741418764,0.23963814482837528,ok
hitter,2025,AVG,fantasy_outcome,established_sample,PA,100,0,common_all,"[""OOPSY"", ""Steamer"", ""THE BAT X""]",Steamer,36b2d5175df6c5ed779af552,True,437,0.023549091853984697,0.030738969547165696,0.006881717156560837,0.494533772521386,0.4890587938871576,98.91533180778032,0.22687002708206494,0.24651986198493614,0.23963814482837528,ok
hitter,2025,AVG,fantasy_outcome,established_sample,PA,100,0,common_all,"[""OOPSY"", ""Steamer"", ""THE BAT X""]",THE BAT X,36b2d5175df6c5ed779af552,True,437,0.023074877935926774,0.030278763766456558,0.0005546583752860406,0.479179010376415,0.476400637480836,100.24942791762014,0.22992988054500033,0.24019280320366132,0.23963814482837528,ok
hitter,2025,AVG,fantasy_outcome,regular_playing_time,PA,300,0,common_all,"[""OOPSY"", ""Steamer"", ""THE BAT X""]",OOPSY,79e7edc825419f3fc614ce0f,True,275,0.018842183159999998,0.023791231594768758,-0.001554274665454546,0.47621731113900817,0.4442909255834303,65.41090909090909,0.23872594558725943,0.24984073454545455,0.25139500921090907,ok
hitter,2025,AVG,fantasy_outcome,regular_playing_time,PA,300,0,common_all,"[""OOPSY"", ""Steamer"", ""THE BAT X""]",Steamer,79e7edc825419f3fc614ce0f,True,275,0.01847978310194285,0.023126650664265547,0.000996290167198046,0.5053613645318441,0.4814641602543932,63.39272727272727,0.23136031851360317,0.25239129937810717,0.25139500921090907,ok
hitter,2025,AVG,fantasy_outcome,regular_playing_time,PA,300,0,common_all,"[""OOPSY"", ""Steamer"", ""THE BAT X""]",THE BAT X,79e7edc825419f3fc614ce0f,True,275,0.01863209564,0.023853104694644748,-0.005024820120000001,0.4935412322125488,0.4634060914645958,64.53090909090909,0.23551426675514267,0.24637018909090908,0.25139500921090907,ok
hitter,2025,OPS,fantasy_outcome,all_matched,PA,0,0,common_all,"[""OOPSY"", ""Steamer"", ""THE BAT X""]",OOPSY,aa071afa692cd5735f8d3623,True,582,0.1031222389742268,0.14893434348948714,0.048667951372852236,0.4969342457195405,0.5036630778571469,128.23883161512026,0.22072088057679906,0.6981257835051546,0.6494578321323025,ok
hitter,2025,OPS,fantasy_outcome,all_matched,PA,0,0,common_all,"[""OOPSY"", ""Steamer"", ""THE BAT X""]",Steamer,aa071afa692cd5735f8d3623,True,582,0.10595851246395747,0.1539747838694512,0.06062074330364662,0.49817081404841235,0.5125823844016849,126.01202749140893,0.2168881712416677,0.710078575435949,0.6494578321323025,ok
hitter,2025,OPS,fantasy_outcome,all_matched,PA,0,0,common_all,"[""OOPSY"", ""Steamer"", ""THE BAT X""]",THE BAT X,aa071afa692cd5735f8d3623,True,582,0.09920423583333333,0.14415079952781476,0.03382337920790378,0.5079888567497391,0.5200760053388631,126.71134020618557,0.21809180758379615,0.6832812113402063,0.6494578321323025,ok
hitter,2025,OPS,fantasy_outcome,established_sample,PA,100,0,common_all,"[""OOPSY"", ""Steamer"", ""THE BAT X""]",OOPSY,881ed50e0182ce21f696e291,True,437,0.07018207771395882,0.09077855207984656,0.015709504830663613,0.5325291654536812,0.4872116720339388,97.09610983981693,0.22269749963260765,0.7146674233409611,0.6989579185102974,ok
hitter,2025,OPS,fantasy_outcome,established_sample,PA,100,0,common_all,"[""OOPSY"", ""Steamer"", ""THE BAT X""]",Steamer,881ed50e0182ce21f696e291,True,437,0.07102876523907325,0.09236458498774558,0.025850132542185114,0.5277402775678293,0.4941733441964518,95.64759725400458,0.21937522305964352,0.7248080510524826,0.6989579185102974,ok
hitter,2025,OPS,fantasy_outcome,established_sample,PA,100,0,common_all,"[""OOPSY"", ""Steamer"", ""THE BAT X""]",THE BAT X,881ed50e0182ce21f696e291,True,437,0.06765814759496568,0.08867311430367678,0.001127507118993132,0.5349157896910202,0.49885872904313266,96.78947368421052,0.22199420569773054,0.7000854256292905,0.6989579185102974,ok
hitter,2025,OPS,fantasy_outcome,regular_playing_time,PA,300,0,common_all,"[""OOPSY"", ""Steamer"", ""THE BAT X""]",OOPSY,8639836c73b014fe20790a28,True,275,0.05666646009818182,0.07115018163835302,-0.0015284347818181868,0.5858153580614811,0.48874880827859024,61.276363636363634,0.22363636363636363,0.7357740836363637,0.7373025184181818,ok
hitter,2025,OPS,fantasy_outcome,regular_playing_time,PA,300,0,common_all,"[""OOPSY"", ""Steamer"", ""THE BAT X""]",Steamer,8639836c73b014fe20790a28,True,275,0.054330615883378904,0.069591025237075,0.008537003610896873,0.5795714624130093,0.4997149534058452,60.341818181818184,0.22022561380225614,0.7458395220290787,0.7373025184181818,ok
hitter,2025,OPS,fantasy_outcome,regular_playing_time,PA,300,0,common_all,"[""OOPSY"", ""Steamer"", ""THE BAT X""]",THE BAT X,8639836c73b014fe20790a28,True,275,0.0556475382,0.07206291822797682,-0.014791692963636367,0.5767124035386139,0.47999192175644095,62.10909090909091,0.22667551426675514,0.7225108254545454,0.7373025184181818,ok
hitter,2025,PA,opportunity,all_matched,PA,0,0,common_all,"[""OOPSY"", ""Steamer"", ""THE BAT X""]",OOPSY,73efa6addd90e2ec513c6196,True,582,110.7405498281787,151.35341881938496,15.259450171821307,0.7779850751915772,0.7786591113170808,85.28694158075601,0.1467933590030224,317.93470790378007,302.67525773195877,ok
hitter,2025,PA,opportunity,all_matched,PA,0,0,common_all,"[""OOPSY"", ""Steamer"", ""THE BAT X""]",Steamer,73efa6addd90e2ec513c6196,True,582,103.56324415129075,135.90028927988902,-8.070910857100667,0.793844140042981,0.7895407128605701,82.81099656357388,0.1425318357376487,294.6043468748581,302.67525773195877,ok
hitter,2025,PA,opportunity,all_matched,PA,0,0,common_all,"[""OOPSY"", ""Steamer"", ""THE BAT X""]",THE BAT X,73efa6addd90e2ec513c6196,True,582,108.01528865979381,144.75142288645358,8.045855670103093,0.7725609410258966,0.7726889089928918,86.2405498281787,0.14843468128774304,310.72111340206186,302.67525773195877,ok
hitter,2025,PA,opportunity,established_sample,PA,100,0,common_all,"[""OOPSY"", ""Steamer"", ""THE BAT X""]",OOPSY,12302cbae06b51f978199e9b,True,437,119.61098398169337,156.09542056180294,-0.782608695652174,0.7026916015657962,0.7157181879275275,71.76659038901602,0.1646022715344404,388.31121281464533,389.09382151029746,ok
hitter,2025,PA,opportunity,established_sample,PA,100,0,common_all,"[""OOPSY"", ""Steamer"", ""THE BAT X""]",Steamer,12302cbae06b51f978199e9b,True,437,111.60405931292736,141.14600737687945,-34.41322207259913,0.7229669479442976,0.7236226149391622,70.14187643020595,0.160875863372032,354.68059943769833,389.09382151029746,ok
hitter,2025,PA,opportunity,established_sample,PA,100,0,common_all,"[""OOPSY"", ""Steamer"", ""THE BAT X""]",THE BAT X,12302cbae06b51f978199e9b,True,437,114.2811876430206,147.70890380016596,-15.271237986270023,0.695025905954527,0.7036591207681807,73.89473684210526,0.16948334138097537,373.8225835240275,389.09382151029746,ok
hitter,2025,PA,opportunity,regular_playing_time,PA,300,0,common_all,"[""OOPSY"", ""Steamer"", ""THE BAT X""]",OOPSY,9a3e775d6c9a1ed72802428f,True,275,105.81454545454545,144.07840037474546,-20.541818181818183,0.5498691238677518,0.6003246006433491,54.443636363636365,0.19869940278699402,488.44363636363636,508.98545454545456,ok
hitter,2025,PA,opportunity,regular_playing_time,PA,300,0,common_all,"[""OOPSY"", ""Steamer"", ""THE BAT X""]",Steamer,9a3e775d6c9a1ed72802428f,True,275,111.90952428644354,141.9652660744882,-68.60601887096058,0.582234906198093,0.6057145215415272,53.06181818181818,0.19365627073656272,440.37943567449395,508.98545454545456,ok
hitter,2025,PA,opportunity,regular_playing_time,PA,300,0,common_all,"[""OOPSY"", ""Steamer"", ""THE BAT X""]",THE BAT X,9a3e775d6c9a1ed72802428f,True,275,107.90632000000001,140.5839775848779,-49.07984727272727,0.5653324423328061,0.6050085299608342,54.57090909090909,0.199163901791639,459.90560727272725,508.98545454545456,ok
hitter,2025,G,opportunity,all_matched,PA,0,0,common_all,"[""OOPSY"", ""Steamer"", ""THE BAT X""]",OOPSY,583e69aaf2ef177f1dd1c5bb,True,582,29.79381443298969,39.887944418904766,-9.010309278350515,0.7242471701423148,0.7333643054266881,94.34020618556701,0.16237557002679348,74.29209621993127,83.30240549828179,ok
hitter,2025,G,opportunity,all_matched,PA,0,0,common_all,"[""OOPSY"", ""Steamer"", ""THE BAT X""]",Steamer,583e69aaf2ef177f1dd1c5bb,True,582,29.569622058126935,37.59482037369311,-13.219450076728343,0.7356779254774287,0.7412594452212611,92.90893470790378,0.1599121079309876,70.08295542155345,83.30240549828179,ok
hitter,2025,G,opportunity,all_matched,PA,0,0,common_all,"[""OOPSY"", ""Steamer"", ""THE BAT X""]",THE BAT X,583e69aaf2ef177f1dd1c5bb,True,582,28.87796563573883,38.03382433374498,-5.685639175257732,0.7105980502015203,0.7199381539130246,96.67182130584193,0.16638867694637166,77.61676632302405,83.30240549828179,ok
hitter,2025,G,opportunity,established_sample,PA,100,0,common_all,"[""OOPSY"", ""Steamer"", ""THE BAT X""]",OOPSY,89b32f8e9f33d6dca3d84633,True,437,32.778032036613276,42.41119406655547,-14.064073226544622,0.6141862769145294,0.6335898784330098,81.67276887871853,0.18732286440073057,90.74599542334096,104.81006864988558,ok
hitter,2025,G,opportunity,established_sample,PA,100,0,common_all,"[""OOPSY"", ""Steamer"", ""THE BAT X""]",Steamer,89b32f8e9f33d6dca3d84633,True,437,33.112517249666034,40.362652292081016,-20.773981565468915,0.626557289221866,0.6364867104249171,81.74141876430205,0.18748031826674783,84.03608708441666,104.81006864988558,ok
hitter,2025,G,opportunity,established_sample,PA,100,0,common_all,"[""OOPSY"", ""Steamer"", ""THE BAT X""]",THE BAT X,89b32f8e9f33d6dca3d84633,True,437,30.81554004576659,39.41849763378617,-12.382894736842104,0.5907482192251465,0.6118891494313896,85.2974828375286,0.19563642852644175,92.42717391304349,104.81006864988558,ok
hitter,2025,G,opportunity,regular_playing_time,PA,300,0,common_all,"[""OOPSY"", ""Steamer"", ""THE BAT X""]",OOPSY,3545048309def20458af033a,True,275,29.283636363636365,40.51042514531964,-16.098181818181818,0.34540330645885503,0.43532789331412247,64.91636363636364,0.23692103516921037,114.0,130.0981818181818,ok
hitter,2025,G,opportunity,regular_playing_time,PA,300,0,common_all,"[""OOPSY"", ""Steamer"", ""THE BAT X""]",Steamer,3545048309def20458af033a,True,275,33.32650916359641,41.21669515293076,-26.66258166226474,0.3614874441827346,0.42290962319432823,65.6509090909091,0.2396018579960186,103.43560015591709,130.0981818181818,ok
hitter,2025,G,opportunity,regular_playing_time,PA,300,0,common_all,"[""OOPSY"", ""Steamer"", ""THE BAT X""]",THE BAT X,3545048309def20458af033a,True,275,28.87732,38.23786772074367,-18.16785090909091,0.33511131426518015,0.42208728368914844,66.95272727272727,0.2443530192435302,111.93033090909091,130.0981818181818,ok
hitter,2025,HR_per_PA,skill,all_matched,PA,0,0,common_all,"[""OOPSY"", ""Steamer"", ""THE BAT X""]",OOPSY,851ef86992613b31de04f293,True,582,0.011649235981927863,0.016349924543801398,0.0006342744763135386,0.5252130347803351,0.5503441260575864,116.06701030927834,0.19977110208137408,0.02555912310514578,0.024924848628832243,ok
hitter,2025,HR_per_PA,skill,all_matched,PA,0,0,common_all,"[""OOPSY"", ""Steamer"", ""THE BAT X""]",Steamer,851ef86992613b31de04f293,True,582,0.012001272944364498,0.015492643362440902,0.004235035142058346,0.5549332190097792,0.5665750984232061,119.20962199312714,0.20518007227732726,0.02915988377089059,0.024924848628832243,ok
hitter,2025,HR_per_PA,skill,all_matched,PA,0,0,common_all,"[""OOPSY"", ""Steamer"", ""THE BAT X""]",THE BAT X,851ef86992613b31de04f293,True,582,0.01150647965157248,0.014935885725710564,0.002066652251340328,0.565146914501594,0.5737120702842172,120.106529209622,0.20672380242619964,0.02699150088017257,0.024924848628832243,ok
hitter,2025,HR_per_PA,skill,established_sample,PA,100,0,common_all,"[""OOPSY"", ""Steamer"", ""THE BAT X""]",OOPSY,c8e7826dfce8eb853bb928e6,True,437,0.010198255063012382,0.013361578795625915,-0.00028118574032463643,0.6003853416888403,0.6171682436317127,84.15789473684211,0.1930226943505553,0.028722276384996425,0.02900346212532106,ok
hitter,2025,HR_per_PA,skill,established_sample,PA,100,0,common_all,"[""OOPSY"", ""Steamer"", ""THE BAT X""]",Steamer,c8e7826dfce8eb853bb928e6,True,437,0.009763584547902758,0.012276305587907908,0.001694589426261968,0.63558626402784,0.6367327933621596,83.61784897025171,0.19178405727121953,0.03069805155158303,0.02900346212532106,ok
hitter,2025,HR_per_PA,skill,established_sample,PA,100,0,common_all,"[""OOPSY"", ""Steamer"", ""THE BAT X""]",THE BAT X,c8e7826dfce8eb853bb928e6,True,437,0.009602862747604976,0.012212989136373578,-0.00024034501571767542,0.6352484759146442,0.6422919417155365,84.39816933638444,0.1935737828816157,0.028763117109603387,0.02900346212532106,ok
hitter,2025,HR_per_PA,skill,regular_playing_time,PA,300,0,common_all,"[""OOPSY"", ""Steamer"", ""THE BAT X""]",OOPSY,25a5e88bcfbb239e565d104f,True,275,0.00854362926661058,0.010538614961821612,-0.00030914213039280326,0.7151372725705011,0.6957550858940412,48.77090909090909,0.1779960185799602,0.031832719481796494,0.0321418616121893,ok
hitter,2025,HR_per_PA,skill,regular_playing_time,PA,300,0,common_all,"[""OOPSY"", ""Steamer"", ""THE BAT X""]",Steamer,25a5e88bcfbb239e565d104f,True,275,0.008553069216607248,0.010472787053291115,0.0009157749640085181,0.7044995513438083,0.6956938572089078,49.345454545454544,0.180092899800929,0.03305763657619782,0.0321418616121893,ok
hitter,2025,HR_per_PA,skill,regular_playing_time,PA,300,0,common_all,"[""OOPSY"", ""Steamer"", ""THE BAT X""]",THE BAT X,25a5e88bcfbb239e565d104f,True,275,0.00865890396866276,0.010694492961292677,-0.0011722200230030334,0.6967804439372305,0.6937611346493683,49.843636363636364,0.18191108161911082,0.030969641589186265,0.0321418616121893,ok
hitter,2025,R_per_PA,skill,all_matched,PA,0,0,common_all,"[""OOPSY"", ""Steamer"", ""THE BAT X""]",OOPSY,acc8bcbca7848f1475af64b8,True,582,0.03600779711975165,0.09540084639162981,-0.00728857466019324,0.07716906597492362,0.22804805083608645,162.72508591065292,0.2800776005346866,0.10747814604391306,0.11476672070410629,ok
hitter,2025,R_per_PA,skill,all_matched,PA,0,0,common_all,"[""OOPSY"", ""Steamer"", ""THE BAT X""]",Steamer,acc8bcbca7848f1475af64b8,True,582,0.0309483109136817,0.0926073825722439,-0.00041316778305979337,0.04991281240133811,0.2711811773135669,161.17525773195877,0.27741008215483437,0.11435355292104651,0.11476672070410629,ok
hitter,2025,R_per_PA,skill,all_matched,PA,0,0,common_all,"[""OOPSY"", ""Steamer"", ""THE BAT X""]",THE BAT X,acc8bcbca7848f1475af64b8,True,582,0.03009739791413397,0.09251699572880347,-0.0018328057623123884,0.0648950065137651,0.35551205385616,147.69243986254295,0.25420385518509975,0.1129339149417939,0.11476672070410629,ok
hitter,2025,R_per_PA,skill,established_sample,PA,100,0,common_all,"[""OOPSY"", ""Steamer"", ""THE BAT X""]",OOPSY,b53b9d5f7acfe4fa69b007d2,True,437,0.02091490862872061,0.02792574018330054,-0.0013677491516621966,0.33467966389700915,0.34693400193732954,114.04347826086956,0.2615676106900678,0.11260802756761257,0.11397577671927477,ok
hitter,2025,R_per_PA,skill,established_sample,PA,100,0,common_all,"[""OOPSY"", ""Steamer"", ""THE BAT X""]",Steamer,b53b9d5f7acfe4fa69b007d2,True,437,0.018614908747530388,0.023940640950661896,0.0030125274836081315,0.40433863773340706,0.3534983523930689,114.19450800915332,0.2619140091953058,0.11698830420288289,0.11397577671927477,ok
hitter,2025,R_per_PA,skill,established_sample,PA,100,0,common_all,"[""OOPSY"", ""Steamer"", ""THE BAT X""]",THE BAT X,b53b9d5f7acfe4fa69b007d2,True,437,0.017878577028109487,0.023137604431308263,0.001491457289972577,0.45226409803173584,0.4197756851390185,106.1670480549199,0.24350240379568786,0.11546723400924733,0.11397577671927477,ok
hitter,2025,R_per_PA,skill,regular_playing_time,PA,300,0,common_all,"[""OOPSY"", ""Steamer"", ""THE BAT X""]",OOPSY,4bbff1c0390a348911218dad,True,275,0.015567614044874212,0.018911726558373487,-0.0016677295611759273,0.5316902763074184,0.45392050430499725,66.48727272727272,0.2426542800265428,0.11795893556643844,0.11962666512761437,ok
hitter,2025,R_per_PA,skill,regular_playing_time,PA,300,0,common_all,"[""OOPSY"", ""Steamer"", ""THE BAT X""]",Steamer,4bbff1c0390a348911218dad,True,275,0.014900772835887699,0.018345658776537314,0.0013487374109693627,0.5446732041625273,0.4559400696735075,66.77454545454546,0.24370272063702722,0.12097540253858374,0.11962666512761437,ok
hitter,2025,R_per_PA,skill,regular_playing_time,PA,300,0,common_all,"[""OOPSY"", ""Steamer"", ""THE BAT X""]",THE BAT X,4bbff1c0390a348911218dad,True,275,0.014141941502742821,0.017655813687959095,-0.0002989479208112732,0.5812138460692936,0.5208976739377564,61.832727272727276,0.22566688785666889,0.1193277172068031,0.11962666512761437,ok
hitter,2025,RBI_per_PA,skill,all_matched,PA,0,0,common_all,"[""OOPSY"", ""Steamer"", ""THE BAT X""]",OOPSY,8c0142f8f3c13cf7afb89567,True,582,0.033142011666240076,0.04666117082204759,0.0016166256232210585,0.3259027349340099,0.37604650937135986,141.87113402061857,0.2441843959046791,0.10100714749021913,0.09939052186699808,ok
hitter,2025,RBI_per_PA,skill,all_matched,PA,0,0,common_all,"[""OOPSY"", ""Steamer"", ""THE BAT X""]",Steamer,8c0142f8f3c13cf7afb89567,True,582,0.03060638316631941,0.041405261989880586,0.010963792525681708,0.39184322442142827,0.4204418369516119,141.70962199312714,0.24390640618438406,0.11035431439267979,0.09939052186699808,ok
hitter,2025,RBI_per_PA,skill,all_matched,PA,0,0,common_all,"[""OOPSY"", ""Steamer"", ""THE BAT X""]",THE BAT X,8c0142f8f3c13cf7afb89567,True,582,0.029619736131222676,0.03990427451575019,0.006182331868342631,0.41919108100338115,0.4436988873091524,138.12199312714776,0.2377314855888946,0.10557285373534071,0.09939052186699808,ok
hitter,2025,RBI_per_PA,skill,established_sample,PA,100,0,common_all,"[""OOPSY"", ""Steamer"", ""THE BAT X""]",OOPSY,861ec01cea3e0e053db59046,True,437,0.02650623446470888,0.03556753072907967,-0.002664797201682749,0.35266436334148016,0.4159140412913289,106.49885583524028,0.24426343081477128,0.10765591436140198,0.11032071156308473,ok
hitter,2025,RBI_per_PA,skill,established_sample,PA,100,0,common_all,"[""OOPSY"", ""Steamer"", ""THE BAT X""]",Steamer,861ec01cea3e0e053db59046,True,437,0.022653291415558656,0.02948589701516338,0.0030527722859162013,0.4223909901175351,0.4437330572881719,106.43935926773456,0.24412697079755633,0.11337348384900092,0.11032071156308473,ok
hitter,2025,RBI_per_PA,skill,established_sample,PA,100,0,common_all,"[""OOPSY"", ""Steamer"", ""THE BAT X""]",THE BAT X,861ec01cea3e0e053db59046,True,437,0.022597854869800604,0.029427762375337552,-0.0008599857950103764,0.43687194818500824,0.45802514009218986,103.86498855835241,0.23822245082190918,0.10946072576807436,0.11032071156308473,ok
hitter,2025,RBI_per_PA,skill,regular_playing_time,PA,300,0,common_all,"[""OOPSY"", ""Steamer"", ""THE BAT X""]",OOPSY,6d707bcf3b0eb9da9b984322,True,275,0.02179859099620036,0.02681093808369887,-0.002679812488470747,0.4904178200459465,0.4863720760052603,64.13454545454546,0.23406768414067686,0.11407787634500016,0.1167576888334709,ok
hitter,2025,RBI_per_PA,skill,regular_playing_time,PA,300,0,common_all,"[""OOPSY"", ""Steamer"", ""THE BAT X""]",Steamer,6d707bcf3b0eb9da9b984322,True,275,0.018873537672573337,0.023477753651658308,0.0009710019710590074,0.4783809888642476,0.4768190960640717,65.69818181818182,0.23977438619774388,0.11772869080452991,0.1167576888334709,ok
hitter,2025,RBI_per_PA,skill,regular_playing_time,PA,300,0,common_all,"[""OOPSY"", ""Steamer"", ""THE BAT X""]",THE BAT X,6d707bcf3b0eb9da9b984322,True,275,0.019368303909417323,0.0239214830945137,-0.0025996220776043333,0.48595639379817945,0.47603954477344795,64.64,0.2359124087591241,0.11415806675586657,0.1167576888334709,ok
hitter,2025,SB_per_PA,skill,all_matched,PA,0,0,common_all,"[""OOPSY"", ""Steamer"", ""THE BAT X""]",OOPSY,27b72921ba44337840bfe4d2,True,582,0.012445689185436955,0.029346503268828403,-0.0008403489760489757,0.5987270982794461,0.6827324872081022,91.17182130584193,0.15692223976909112,0.01941709893012148,0.020257447906170456,ok
hitter,2025,SB_per_PA,skill,all_matched,PA,0,0,common_all,"[""OOPSY"", ""Steamer"", ""THE BAT X""]",Steamer,27b72921ba44337840bfe4d2,True,582,0.012980857183156995,0.029309057864864544,-0.0006851643427983267,0.6293925088397342,0.6724452945407506,102.10481099656357,0.17573977796310425,0.01957228356337213,0.020257447906170456,ok
hitter,2025,SB_per_PA,skill,all_matched,PA,0,0,common_all,"[""OOPSY"", ""Steamer"", ""THE BAT X""]",THE BAT X,27b72921ba44337840bfe4d2,True,582,0.012687420267240576,0.02906342309215883,-0.0006778644819640512,0.6301920456612234,0.6862664352802381,98.7491408934708,0.16996409792335765,0.019579583424206407,0.020257447906170456,ok
hitter,2025,SB_per_PA,skill,established_sample,PA,100,0,common_all,"[""OOPSY"", ""Steamer"", ""THE BAT X""]",OOPSY,02623fddd44245344b9976e8,True,437,0.009039396102537922,0.013059353207407516,0.0021811147762529136,0.7692342378023287,0.7504832943584303,66.15789473684211,0.15173829068083053,0.019862230571663305,0.01768111579541039,ok
hitter,2025,SB_per_PA,skill,established_sample,PA,100,0,common_all,"[""OOPSY"", ""Steamer"", ""THE BAT X""]",Steamer,02623fddd44245344b9976e8,True,437,0.00899530541441655,0.012751579754204606,0.0014163876951624182,0.7593135024587492,0.7587830526463021,67.08466819221968,0.1538639178720635,0.01909750349057281,0.01768111579541039,ok
hitter,2025,SB_per_PA,skill,established_sample,PA,100,0,common_all,"[""OOPSY"", ""Steamer"", ""THE BAT X""]",THE BAT X,02623fddd44245344b9976e8,True,437,0.008717510761170465,0.012698445325529786,0.0012128354374263996,0.7623951494387909,0.7732461264758631,64.24027459954233,0.14734007935674848,0.01889395123283679,0.01768111579541039,ok
hitter,2025,SB_per_PA,skill,regular_playing_time,PA,300,0,common_all,"[""OOPSY"", ""Steamer"", ""THE BAT X""]",OOPSY,5621b4896c2a249e565e5498,True,275,0.008144835106631136,0.011300524349450888,0.0019370755261238198,0.8114313451801095,0.7985339820799547,38.52363636363636,0.14059721300597214,0.020388090149935895,0.018451014623812077,ok
hitter,2025,SB_per_PA,skill,regular_playing_time,PA,300,0,common_all,"[""OOPSY"", ""Steamer"", ""THE BAT X""]",Steamer,5621b4896c2a249e565e5498,True,275,0.008159075428673218,0.011605523748469569,0.0009763394985877873,0.7847641369112465,0.788519499260968,39.60727272727273,0.1445520902455209,0.019427354122399862,0.018451014623812077,ok
hitter,2025,SB_per_PA,skill,regular_playing_time,PA,300,0,common_all,"[""OOPSY"", ""Steamer"", ""THE BAT X""]",THE BAT X,5621b4896c2a249e565e5498,True,275,0.00801331482759018,0.011698877289219785,0.0006404591671582993,0.780803133329544,0.7967002572146773,38.52363636363636,0.14059721300597214,0.019091473790970374,0.018451014623812077,ok
hitter,2025,K%,skill,all_matched,PA,0,0,common_all,"[""OOPSY"", ""Steamer"", ""THE BAT X""]",OOPSY,1a79d7e47dae22f4e187a2ac,True,582,0.0438764076443299,0.07233668524016744,-0.009944061262886597,0.6323103537376646,0.6902720857040866,95.45360824742268,0.16429192469435916,0.23501382302405496,0.24495788428694157,ok
hitter,2025,K%,skill,all_matched,PA,0,0,common_all,"[""OOPSY"", ""Steamer"", ""THE BAT X""]",Steamer,1a79d7e47dae22f4e187a2ac,True,582,0.04480776414192014,0.07337210254339625,-0.011671498922406669,0.621241470437626,0.6844178154188413,97.5,0.16781411359724613,0.23328638536453492,0.24495788428694157,ok
hitter,2025,K%,skill,all_matched,PA,0,0,common_all,"[""OOPSY"", ""Steamer"", ""THE BAT X""]",THE BAT X,1a79d7e47dae22f4e187a2ac,True,582,0.04363106740721649,0.07162420122202864,-0.009840327070446736,0.6405271425516543,0.697140402289508,94.65463917525773,0.16291676278013378,0.23511755721649485,0.24495788428694157,ok
hitter,2025,K%,skill,established_sample,PA,100,0,common_all,"[""OOPSY"", ""Steamer"", ""THE BAT X""]",OOPSY,992604ad6299a0fe065029aa,True,437,0.03153182532265446,0.041033354382364245,-0.00024751317162471296,0.773570148044822,0.7614358717743085,65.37299771167048,0.14993806814603322,0.22731553775743707,0.22756305092906176,ok
hitter,2025,K%,skill,established_sample,PA,100,0,common_all,"[""OOPSY"", ""Steamer"", ""THE BAT X""]",Steamer,992604ad6299a0fe065029aa,True,437,0.032468162914762067,0.041994336957149714,-0.0020169774640826335,0.7618763867057036,0.7503500383659326,67.50800915331808,0.15483488337916992,0.22554607346497915,0.22756305092906176,ok
hitter,2025,K%,skill,established_sample,PA,100,0,common_all,"[""OOPSY"", ""Steamer"", ""THE BAT X""]",THE BAT X,992604ad6299a0fe065029aa,True,437,0.03173057551487414,0.0408013946589593,-0.00016841866361556038,0.7770772261795358,0.7642349839296533,65.75972540045767,0.15082505825793044,0.2273946322654462,0.22756305092906176,ok
hitter,2025,K%,skill,regular_playing_time,PA,300,0,common_all,"[""OOPSY"", ""Steamer"", ""THE BAT X""]",OOPSY,5c71e29c14b9743318a0761e,True,275,0.027492189287272727,0.03486077727992638,0.004255007854545456,0.8035330146634376,0.789016701484901,39.25818181818182,0.14327803583278037,0.21763637454545454,0.2133813666909091,ok
hitter,2025,K%,skill,regular_playing_time,PA,300,0,common_all,"[""OOPSY"", ""Steamer"", ""THE BAT X""]",Steamer,5c71e29c14b9743318a0761e,True,275,0.028090747993894796,0.035175218567639825,0.0025257074975306017,0.797639219205846,0.7814041087689974,40.18545454545455,0.14666224286662244,0.21590707418843968,0.2133813666909091,ok
hitter,2025,K%,skill,regular_playing_time,PA,300,0,common_all,"[""OOPSY"", ""Steamer"", ""THE BAT X""]",THE BAT X,5c71e29c14b9743318a0761e,True,275,0.02759688866181818,0.03464822712217568,0.004296801672727273,0.8085544408687118,0.7925729750611612,39.156363636363636,0.14290643662906435,0.21767816836363635,0.2133813666909091,ok
hitter,2025,BB%,skill,all_matched,PA,0,0,common_all,"[""OOPSY"", ""Steamer"", ""THE BAT X""]",OOPSY,073446bef71401ae2db75f58,True,582,0.02486724095532646,0.03554443005135243,0.004293488443298969,0.49987134049075543,0.5492682918840758,122.1872852233677,0.21030513807808554,0.08340892766323024,0.07911543921993126,ok
hitter,2025,BB%,skill,all_matched,PA,0,0,common_all,"[""OOPSY"", ""Steamer"", ""THE BAT X""]",Steamer,073446bef71401ae2db75f58,True,582,0.025118570116889633,0.03580275998747617,0.0058417251956090575,0.497144453833099,0.5469978248847036,122.9278350515464,0.21157975051901273,0.08495716441554033,0.07911543921993126,ok
hitter,2025,BB%,skill,all_matched,PA,0,0,common_all,"[""OOPSY"", ""Steamer"", ""THE BAT X""]",THE BAT X,073446bef71401ae2db75f58,True,582,0.024013072563573882,0.0349774898120671,-0.0009637079484536085,0.5127481789664372,0.567084876849323,119.72680412371135,0.20607023084976137,0.07815173127147766,0.07911543921993126,ok
hitter,2025,BB%,skill,established_sample,PA,100,0,common_all,"[""OOPSY"", ""Steamer"", ""THE BAT X""]",OOPSY,d56df42d2604a02a914f3dec,True,437,0.01807510043478261,0.022335639231192778,0.002728429395881007,0.6897418125257974,0.6862117368205441,78.8329519450801,0.18080952280981674,0.08456833089244851,0.0818399014965675,ok
hitter,2025,BB%,skill,established_sample,PA,100,0,common_all,"[""OOPSY"", ""Steamer"", ""THE BAT X""]",Steamer,d56df42d2604a02a914f3dec,True,437,0.018162031675359243,0.02257852121123308,0.0039166283081309115,0.6868834012417455,0.6793674574388421,79.07780320366133,0.18137110826527827,0.08575652980469842,0.0818399014965675,ok
hitter,2025,BB%,skill,established_sample,PA,100,0,common_all,"[""OOPSY"", ""Steamer"", ""THE BAT X""]",THE BAT X,d56df42d2604a02a914f3dec,True,437,0.01729424928604119,0.02189353378526458,-0.001895693487414188,0.7019591100865294,0.6955192960672812,76.8604118993135,0.17628534839292087,0.07994420800915332,0.0818399014965675,ok
hitter,2025,BB%,skill,regular_playing_time,PA,300,0,common_all,"[""OOPSY"", ""Steamer"", ""THE BAT X""]",OOPSY,95831c672008692c40b941a3,True,275,0.01571257303636364,0.019616279109267255,0.00016776105090909104,0.7452463542666738,0.756706821330625,44.47636363636364,0.16232249502322496,0.08537116109090909,0.08520340004,ok
hitter,2025,BB%,skill,regular_playing_time,PA,300,0,common_all,"[""OOPSY"", ""Steamer"", ""THE BAT X""]",Steamer,95831c672008692c40b941a3,True,275,0.01592728651654478,0.019880816111680553,0.0015213217059773028,0.73896620481331,0.7454091026856223,45.01090909090909,0.1642733908427339,0.0867247217459773,0.08520340004,ok
hitter,2025,BB%,skill,regular_playing_time,PA,300,0,common_all,"[""OOPSY"", ""Steamer"", ""THE BAT X""]",THE BAT X,95831c672008692c40b941a3,True,275,0.014924417858181818,0.019203321527459245,-0.003051657494545455,0.7651643720609076,0.7633405056638446,42.06909090909091,0.1535368281353683,0.08215174254545454,0.08520340004,ok
hitter,2025,ISO,skill,all_matched,PA,0,0,common_all,"[""OOPSY"", ""Steamer"", ""THE BAT X""]",OOPSY,6cae106447992391dd5b005b,True,582,0.044361632000000005,0.05825166142142329,0.01722038332646048,0.5745586095500661,0.5612505145937459,120.41237113402062,0.20725020849229023,0.15014160017182132,0.13292121684536082,ok
hitter,2025,ISO,skill,all_matched,PA,0,0,common_all,"[""OOPSY"", ""Steamer"", ""THE BAT X""]",Steamer,6cae106447992391dd5b005b,True,582,0.04540697396234659,0.05911052237604692,0.021070662556004358,0.5818728087824396,0.5736688662103357,117.3917525773196,0.2020512092552833,0.1539918794013652,0.13292121684536082,ok
hitter,2025,ISO,skill,all_matched,PA,0,0,common_all,"[""OOPSY"", ""Steamer"", ""THE BAT X""]",THE BAT X,6cae106447992391dd5b005b,True,582,0.04341549008247423,0.05631525114283067,0.011885034529209621,0.5836074076293732,0.573119667108072,119.41237113402062,0.20552903809642104,0.14480625137457043,0.13292121684536082,ok
hitter,2025,ISO,skill,established_sample,PA,100,0,common_all,"[""OOPSY"", ""Steamer"", ""THE BAT X""]",OOPSY,0794f7183035f3cc268310c3,True,437,0.034612020567505716,0.0445065946985086,0.006188783459954234,0.6396382837503966,0.6160233906104594,84.38672768878719,0.19354754057061282,0.15685793249427915,0.15066914903432496,ok
hitter,2025,ISO,skill,established_sample,PA,100,0,common_all,"[""OOPSY"", ""Steamer"", ""THE BAT X""]",Steamer,0794f7183035f3cc268310c3,True,437,0.0352850055411562,0.044805615720189984,0.009426370549098237,0.6305433948666409,0.6160240376814673,84.17848970251717,0.19306993051036048,0.1600955195834232,0.15066914903432496,ok
hitter,2025,ISO,skill,established_sample,PA,100,0,common_all,"[""OOPSY"", ""Steamer"", ""THE BAT X""]",THE BAT X,0794f7183035f3cc268310c3,True,437,0.034444562929061784,0.04387286301084365,0.0011407280823798626,0.6332427054935302,0.6232205905487369,84.49199084668192,0.19378896983183924,0.15180987711670482,0.15066914903432496,ok
hitter,2025,ISO,skill,regular_playing_time,PA,300,0,common_all,"[""OOPSY"", ""Steamer"", ""THE BAT X""]",OOPSY,8f583b315b6edd867e3b7985,True,275,0.030506061149090907,0.03804088810680889,0.001227329127272728,0.704058206889796,0.6597390899683174,50.95636363636363,0.1859721300597213,0.1657840690909091,0.16455673996363637,ok
hitter,2025,ISO,skill,regular_playing_time,PA,300,0,common_all,"[""OOPSY"", ""Steamer"", ""THE BAT X""]",Steamer,8f583b315b6edd867e3b7985,True,275,0.030217694414044018,0.037725382913376855,0.004885579414376963,0.6992642875996323,0.6671448218876889,50.28727272727273,0.18353019243530194,0.16944231937801335,0.16455673996363637,ok
hitter,2025,ISO,skill,regular_playing_time,PA,300,0,common_all,"[""OOPSY"", ""Steamer"", ""THE BAT X""]",THE BAT X,8f583b315b6edd867e3b7985,True,275,0.03096994418181818,0.038298254620419185,-0.003545795236363636,0.6909404423417941,0.6673206199996982,51.46181818181818,0.18781685467816855,0.16101094472727273,0.16455673996363637,ok
hitter,2025,BABIP,skill,all_matched,PA,0,0,common_all,"[""OOPSY"", ""Steamer"", ""THE BAT X""]",OOPSY,d4675533594a82328d4f39a2,True,582,0.04709495986941581,0.07926808535771442,0.01511921986597938,0.17368122783468473,0.2938910621778187,155.82474226804123,0.2682009333356992,0.2909246134020619,0.27580539353608247,ok
hitter,2025,BABIP,skill,all_matched,PA,0,0,common_all,"[""OOPSY"", ""Steamer"", ""THE BAT X""]",Steamer,d4675533594a82328d4f39a2,True,582,0.04780615503619177,0.079527053089762,0.01791811336320835,0.1902569300308246,0.29407943356164395,155.5893470790378,0.26779577810505645,0.29372350689929083,0.27580539353608247,ok
hitter,2025,BABIP,skill,all_matched,PA,0,0,common_all,"[""OOPSY"", ""Steamer"", ""THE BAT X""]",THE BAT X,d4675533594a82328d4f39a2,True,582,0.046984431371134026,0.0786182321773007,0.011825477597938144,0.18282366489085292,0.2960485102130772,155.28006872852234,0.267263457364066,0.2876308711340206,0.27580539353608247,ok
hitter,2025,BABIP,skill,established_sample,PA,100,0,common_all,"[""OOPSY"", ""Steamer"", ""THE BAT X""]",OOPSY,4351d9fde1d87922887decf8,True,437,0.027990604638443935,0.037496451853559494,0.004724487292906178,0.36639414535406006,0.3857139416370329,107.96796338672769,0.24763294354754056,0.29210631578947366,0.2873818284965675,ok
hitter,2025,BABIP,skill,established_sample,PA,100,0,common_all,"[""OOPSY"", ""Steamer"", ""THE BAT X""]",Steamer,4351d9fde1d87922887decf8,True,437,0.028362496050766312,0.03768707091055149,0.006949414903492681,0.37272831608939255,0.3867833663522532,107.55377574370709,0.24668297188923646,0.29433124340006017,0.2873818284965675,ok
hitter,2025,BABIP,skill,established_sample,PA,100,0,common_all,"[""OOPSY"", ""Steamer"", ""THE BAT X""]",THE BAT X,4351d9fde1d87922887decf8,True,437,0.02804535491762014,0.0371936140316654,0.0009314415263157888,0.37477522717195033,0.39527868172235275,107.46681922196797,0.2464835303256146,0.28831327002288326,0.2873818284965675,ok
hitter,2025,BABIP,skill,regular_playing_time,PA,300,0,common_all,"[""OOPSY"", ""Steamer"", ""THE BAT X""]",OOPSY,204bac1f0eec10a8a772e2ef,True,275,0.02235185358909091,0.029099168368624816,8.279312363636206e-05,0.4422504401806162,0.44193887245526414,64.63636363636364,0.2358991373589914,0.29403210545454544,0.2939493123309091,ok
hitter,2025,BABIP,skill,regular_playing_time,PA,300,0,common_all,"[""OOPSY"", ""Steamer"", ""THE BAT X""]",Steamer,204bac1f0eec10a8a772e2ef,True,275,0.02244477883056282,0.029313794896504184,0.0016299479754511151,0.427459457690149,0.4283281743126508,64.12363636363636,0.23402786994027872,0.2955792603063602,0.2939493123309091,ok
hitter,2025,BABIP,skill,regular_playing_time,PA,300,0,common_all,"[""OOPSY"", ""Steamer"", ""THE BAT X""]",THE BAT X,204bac1f0eec10a8a772e2ef,True,275,0.022593936454545452,0.029105588671661926,-0.0037225923309090925,0.4619978598098782,0.44759076275146975,65.04,0.23737226277372264,0.29022672,0.2939493123309091,ok
hitter,2025,wOBA,skill,all_matched,PA,0,0,common_all,"[""OOPSY"", ""Steamer"", ""THE BAT X""]",OOPSY,f0c1f473f2449b699a3c85a3,True,582,0.041613923884889534,0.06139469881083323,0.019681825253467417,0.47624820859681544,0.4919159492837625,130.29381443298968,0.22425785616693575,0.3055226323024055,0.28584080704893805,ok
hitter,2025,wOBA,skill,all_matched,PA,0,0,common_all,"[""OOPSY"", ""Steamer"", ""THE BAT X""]",Steamer,f0c1f473f2449b699a3c85a3,True,582,0.04302970458171815,0.06350337876437251,0.024594412220279912,0.4734884221945227,0.49592380304481815,128.23711340206185,0.22071792323934913,0.310435219269218,0.28584080704893805,ok
hitter,2025,wOBA,skill,all_matched,PA,0,0,common_all,"[""OOPSY"", ""Steamer"", ""THE BAT X""]",THE BAT X,f0c1f473f2449b699a3c85a3,True,582,0.04026685364212143,0.05940105465448425,0.013099069239721713,0.48490015981258383,0.5033938735605686,129.81786941580756,0.22343867369330045,0.2989398762886598,0.28584080704893805,ok
hitter,2025,wOBA,skill,established_sample,PA,100,0,common_all,"[""OOPSY"", ""Steamer"", ""THE BAT X""]",OOPSY,269d35839720ad12a2464e98,True,437,0.02758000858162289,0.03596498583288619,0.006692608228630649,0.5178255544670012,0.48435456728207077,98.00915331807781,0.22479163605063718,0.31197037528604116,0.3052777670574105,ok
hitter,2025,wOBA,skill,established_sample,PA,100,0,common_all,"[""OOPSY"", ""Steamer"", ""THE BAT X""]",Steamer,269d35839720ad12a2464e98,True,437,0.02820980992792116,0.03675249468409755,0.01088326863517045,0.5120443959581018,0.48754058211628926,96.44851258581235,0.22121218482984484,0.316161035692581,0.3052777670574105,ok
hitter,2025,wOBA,skill,established_sample,PA,100,0,common_all,"[""OOPSY"", ""Steamer"", ""THE BAT X""]",THE BAT X,269d35839720ad12a2464e98,True,437,0.026766228531635555,0.03517924592621382,0.00035843660391668864,0.5186667791099295,0.48843055511119493,98.55377574370709,0.22604077005437406,0.3056362036613272,0.3052777670574105,ok
hitter,2025,wOBA,skill,regular_playing_time,PA,300,0,common_all,"[""OOPSY"", ""Steamer"", ""THE BAT X""]",OOPSY,f1d1e9fb2e46648e1388e897,True,275,0.02208743414487245,0.027793384029414957,-0.00023232968112380927,0.5723557397824318,0.4862300568362136,61.54909090909091,0.22463171864631717,0.3199507127272727,0.32018304240839657,ok
hitter,2025,wOBA,skill,regular_playing_time,PA,300,0,common_all,"[""OOPSY"", ""Steamer"", ""THE BAT X""]",Steamer,f1d1e9fb2e46648e1388e897,True,275,0.021558997329595764,0.02729314552489062,0.003997184444715082,0.5659529398751773,0.4961697585182193,60.89454545454546,0.22224286662242868,0.32418022685311165,0.32018304240839657,ok
hitter,2025,wOBA,skill,regular_playing_time,PA,300,0,common_all,"[""OOPSY"", ""Steamer"", ""THE BAT X""]",THE BAT X,f1d1e9fb2e46648e1388e897,True,275,0.02181944928455247,0.028213927287671373,-0.0057892314993056295,0.5643950159691719,0.4766325264706731,62.79272727272727,0.22917053749170535,0.3143938109090909,0.32018304240839657,ok
hitter,2026,R,fantasy_outcome,all_matched,PA,0,0,common_all,"[""Depth Charts"", ""OOPSY"", ""Steamer"", ""THE BAT X""]",Depth Charts,fac3a43d285a5b6636734fd5,True,555,17.394594594594594,22.539574805937054,3.0126126126126125,0.7156455460232106,0.7090203964335705,94.63963963963964,0.17082967443978275,40.486486486486484,37.47387387387387,ok
hitter,2026,R,fantasy_outcome,all_matched,PA,0,0,common_all,"[""Depth Charts"", ""OOPSY"", ""Steamer"", ""THE BAT X""]",OOPSY,fac3a43d285a5b6636734fd5,True,555,17.273873873873875,22.317891663154214,2.3801801801801803,0.7119287645674359,0.7062276326679914,94.98738738738739,0.1714573779555729,39.85405405405405,37.47387387387387,ok
hitter,2026,R,fantasy_outcome,all_matched,PA,0,0,common_all,"[""Depth Charts"", ""OOPSY"", ""Steamer"", ""THE BAT X""]",Steamer,fac3a43d285a5b6636734fd5,True,555,16.19084774774775,20.918248197711563,-2.1339522522522523,0.7188872659344157,0.7072548436197967,95.07027027027027,0.17160698604741925,35.33992162162162,37.47387387387387,ok
hitter,2026,R,fantasy_outcome,all_matched,PA,0,0,common_all,"[""Depth Charts"", ""OOPSY"", ""Steamer"", ""THE BAT X""]",THE BAT X,fac3a43d285a5b6636734fd5,True,555,16.42674007207207,21.21964025219873,1.3290642342342343,0.7183827866121575,0.7086691476832598,94.04864864864865,0.16976290369792174,38.80293810810811,37.47387387387387,ok
hitter,2026,R,fantasy_outcome,established_sample,PA,100,0,common_all,"[""Depth Charts"", ""OOPSY"", ""Steamer"", ""THE BAT X""]",Depth Charts,9d546cedd0dcc7d60fa6e24a,True,435,19.27816091954023,23.827348336221387,1.7563218390804598,0.6274614247618329,0.6206708499341039,85.85057471264368,0.19781238413051538,48.298850574712645,46.54252873563218,ok
hitter,2026,R,fantasy_outcome,established_sample,PA,100,0,common_all,"[""Depth Charts"", ""OOPSY"", ""Steamer"", ""THE BAT X""]",OOPSY,9d546cedd0dcc7d60fa6e24a,True,435,19.108045977011493,23.493799622233418,0.9333333333333333,0.624503722641721,0.622796926380468,85.7632183908046,0.1976111022829599,47.47586206896552,46.54252873563218,ok
hitter,2026,R,fantasy_outcome,established_sample,PA,100,0,common_all,"[""Depth Charts"", ""OOPSY"", ""Steamer"", ""THE BAT X""]",Steamer,9d546cedd0dcc7d60fa6e24a,True,435,18.154928045977012,22.49774588299546,-4.74577264367816,0.6368585050509947,0.619182551424017,86.26436781609195,0.19876582446104135,41.79675609195402,46.54252873563218,ok
hitter,2026,R,fantasy_outcome,established_sample,PA,100,0,common_all,"[""Depth Charts"", ""OOPSY"", ""Steamer"", ""THE BAT X""]",THE BAT X,9d546cedd0dcc7d60fa6e24a,True,435,18.088881448275863,22.480252582031348,-0.6738805287356321,0.629595144395094,0.6196519552320271,85.30344827586207,0.19655172413793104,45.86864820689656,46.54252873563218,ok
hitter,2026,R,fantasy_outcome,regular_playing_time,PA,300,0,common_all,"[""Depth Charts"", ""OOPSY"", ""Steamer"", ""THE BAT X""]",Depth Charts,da7c4859994e45ba2f1fddc6,True,263,18.47148288973384,22.583853042626508,-1.832699619771863,0.5242948277156105,0.5565188486304504,57.27756653992395,0.21861666618291586,60.874524714828894,62.70722433460076,ok
hitter,2026,R,fantasy_outcome,regular_playing_time,PA,300,0,common_all,"[""Depth Charts"", ""OOPSY"", ""Steamer"", ""THE BAT X""]",OOPSY,da7c4859994e45ba2f1fddc6,True,263,18.26615969581749,22.164439027741007,-2.958174904942966,0.5233532633005379,0.5644938075488923,57.167300380228134,0.21819580297796998,59.749049429657795,62.70722433460076,ok
hitter,2026,R,fantasy_outcome,regular_playing_time,PA,300,0,common_all,"[""Depth Charts"", ""OOPSY"", ""Steamer"", ""THE BAT X""]",Steamer,da7c4859994e45ba2f1fddc6,True,263,19.244747908745246,23.68794894935529,-9.884856653992395,0.5255757169920895,0.5401857634193369,57.26615969581749,0.21857312860999042,52.822367680608366,62.70722433460076,ok
hitter,2026,R,fantasy_outcome,regular_playing_time,PA,300,0,common_all,"[""Depth Charts"", ""OOPSY"", ""Steamer"", ""THE BAT X""]",THE BAT X,da7c4859994e45ba2f1fddc6,True,263,17.726486197718632,21.813311761644837,-5.529347034220533,0.5313889071961618,0.5624353294896375,56.452471482889734,0.21546744840797608,57.17787730038023,62.70722433460076,ok
hitter,2026,HR,fantasy_outcome,all_matched,PA,0,0,common_all,"[""Depth Charts"", ""OOPSY"", ""Steamer"", ""THE BAT X""]",Depth Charts,2a5b3f78e1adfdd27d9c0ea1,True,555,5.385585585585585,7.239904434190842,1.0360360360360361,0.7187238839418499,0.6910709730820122,95.07567567567567,0.1716167430968875,10.745945945945946,9.70990990990991,ok
hitter,2026,HR,fantasy_outcome,all_matched,PA,0,0,common_all,"[""Depth Charts"", ""OOPSY"", ""Steamer"", ""THE BAT X""]",OOPSY,2a5b3f78e1adfdd27d9c0ea1,True,555,5.327927927927928,7.200225221702668,0.8342342342342343,0.7150152182437803,0.6883883497617023,95.61801801801802,0.17259570039353433,10.544144144144145,9.70990990990991,ok
hitter,2026,HR,fantasy_outcome,all_matched,PA,0,0,common_all,"[""Depth Charts"", ""OOPSY"", ""Steamer"", ""THE BAT X""]",Steamer,2a5b3f78e1adfdd27d9c0ea1,True,555,4.985630630630631,6.714019351202699,0.008264864864864932,0.7261331190244674,0.6979552466640583,95.21981981981982,0.17187693108270724,9.718174774774775,9.70990990990991,ok
hitter,2026,HR,fantasy_outcome,all_matched,PA,0,0,common_all,"[""Depth Charts"", ""OOPSY"", ""Steamer"", ""THE BAT X""]",THE BAT X,2a5b3f78e1adfdd27d9c0ea1,True,555,5.164227898738739,6.974004224528979,0.4726505589189189,0.7199928756036553,0.6968087062780987,95.78198198198199,0.17289166422740432,10.182560468828829,9.70990990990991,ok
hitter,2026,HR,fantasy_outcome,established_sample,PA,100,0,common_all,"[""Depth Charts"", ""OOPSY"", ""Steamer"", ""THE BAT X""]",Depth Charts,e3863f73079f347ca7923cc4,True,435,6.105747126436782,7.784452527276744,0.7494252873563219,0.6636624227866952,0.6233776499465125,84.42298850574713,0.19452301499020075,12.901149425287356,12.151724137931035,ok
hitter,2026,HR,fantasy_outcome,established_sample,PA,100,0,common_all,"[""Depth Charts"", ""OOPSY"", ""Steamer"", ""THE BAT X""]",OOPSY,e3863f73079f347ca7923cc4,True,435,6.04367816091954,7.736909597180422,0.4850574712643678,0.6610318041111881,0.6221190186944584,84.8735632183908,0.19556120557232903,12.636781609195403,12.151724137931035,ok
hitter,2026,HR,fantasy_outcome,established_sample,PA,100,0,common_all,"[""Depth Charts"", ""OOPSY"", ""Steamer"", ""THE BAT X""]",Steamer,e3863f73079f347ca7923cc4,True,435,5.646736551724137,7.2785140944134135,-0.5816767816091953,0.6742931606767407,0.631845459214054,83.80459770114942,0.19309815138513692,11.570047356321838,12.151724137931035,ok
hitter,2026,HR,fantasy_outcome,established_sample,PA,100,0,common_all,"[""Depth Charts"", ""OOPSY"", ""Steamer"", ""THE BAT X""]",THE BAT X,e3863f73079f347ca7923cc4,True,435,5.845699502988506,7.53624303235745,-0.008096574252873575,0.6674962602991614,0.6307813230186631,84.60919540229885,0.19495206313893745,12.14362756367816,12.151724137931035,ok
hitter,2026,HR,fantasy_outcome,regular_playing_time,PA,300,0,common_all,"[""Depth Charts"", ""OOPSY"", ""Steamer"", ""THE BAT X""]",Depth Charts,c8735da5f2763c098f85104a,True,263,6.32319391634981,7.8761805802253795,-0.155893536121673,0.6303968799475628,0.6203306057509352,52.129277566539926,0.19896670826923635,16.520912547528518,16.67680608365019,ok
hitter,2026,HR,fantasy_outcome,regular_playing_time,PA,300,0,common_all,"[""Depth Charts"", ""OOPSY"", ""Steamer"", ""THE BAT X""]",OOPSY,c8735da5f2763c098f85104a,True,263,6.212927756653992,7.786114187737468,-0.5779467680608364,0.6359112406562784,0.6278547915268308,51.7148288973384,0.1973848431196122,16.098859315589355,16.67680608365019,ok
hitter,2026,HR,fantasy_outcome,regular_playing_time,PA,300,0,common_all,"[""Depth Charts"", ""OOPSY"", ""Steamer"", ""THE BAT X""]",Steamer,c8735da5f2763c098f85104a,True,263,6.210907984790874,7.842012184353179,-1.8321954372623572,0.6273302494631409,0.6150674836127829,52.30038022813688,0.19961977186311786,14.844610646387832,16.67680608365019,ok
hitter,2026,HR,fantasy_outcome,regular_playing_time,PA,300,0,common_all,"[""Depth Charts"", ""OOPSY"", ""Steamer"", ""THE BAT X""]",THE BAT X,c8735da5f2763c098f85104a,True,263,6.232311007604563,7.809795738356006,-1.2974303231939164,0.6416923417673357,0.6353281472385547,51.49049429657795,0.19652860418541201,15.379375760456274,16.67680608365019,ok
hitter,2026,RBI,fantasy_outcome,all_matched,PA,0,0,common_all,"[""Depth Charts"", ""OOPSY"", ""Steamer"", ""THE BAT X""]",Depth Charts,1a6bbed12f8dbcd5e96acca9,True,555,17.78918918918919,23.424211698447692,4.254054054054054,0.6952009837313334,0.6991644548743173,95.58198198198198,0.1725306533970794,40.14594594594595,35.891891891891895,ok
hitter,2026,RBI,fantasy_outcome,all_matched,PA,0,0,common_all,"[""Depth Charts"", ""OOPSY"", ""Steamer"", ""THE BAT X""]",OOPSY,1a6bbed12f8dbcd5e96acca9,True,555,17.695495495495496,23.29052701526199,2.827027027027027,0.6857252173065651,0.6928125081479755,96.92612612612612,0.1749569063648486,38.71891891891892,35.891891891891895,ok
hitter,2026,RBI,fantasy_outcome,all_matched,PA,0,0,common_all,"[""Depth Charts"", ""OOPSY"", ""Steamer"", ""THE BAT X""]",Steamer,1a6bbed12f8dbcd5e96acca9,True,555,15.993288288288287,20.918937422333276,-1.4469581981981983,0.7052391839475742,0.7041965649850848,95.66846846846848,0.17268676618857126,34.44493369369369,35.891891891891895,ok
hitter,2026,RBI,fantasy_outcome,all_matched,PA,0,0,common_all,"[""Depth Charts"", ""OOPSY"", ""Steamer"", ""THE BAT X""]",THE BAT X,1a6bbed12f8dbcd5e96acca9,True,555,16.390283106306306,21.575587269293436,1.1099238918918921,0.7019212611784236,0.7015398322353782,95.62162162162163,0.17260220509317983,37.00181578378378,35.891891891891895,ok
hitter,2026,RBI,fantasy_outcome,established_sample,PA,100,0,common_all,"[""Depth Charts"", ""OOPSY"", ""Steamer"", ""THE BAT X""]",Depth Charts,85f96571cf7512b323e22114,True,435,19.797701149425286,24.899799195977465,3.2,0.5998199024542186,0.6004230734533447,87.1287356321839,0.20075745537369563,47.87126436781609,44.67126436781609,ok
hitter,2026,RBI,fantasy_outcome,established_sample,PA,100,0,common_all,"[""Depth Charts"", ""OOPSY"", ""Steamer"", ""THE BAT X""]",OOPSY,85f96571cf7512b323e22114,True,435,19.832183908045977,24.911660012887562,1.547126436781609,0.5868742103751092,0.5888558212311406,88.69195402298851,0.2043593410667938,46.2183908045977,44.67126436781609,ok
hitter,2026,RBI,fantasy_outcome,established_sample,PA,100,0,common_all,"[""Depth Charts"", ""OOPSY"", ""Steamer"", ""THE BAT X""]",Steamer,85f96571cf7512b323e22114,True,435,17.922259310344828,22.542086444229746,-3.9414606896551723,0.6163881618201386,0.6075659001514657,87.03448275862068,0.20054028285396472,40.72980367816092,44.67126436781609,ok
hitter,2026,RBI,fantasy_outcome,established_sample,PA,100,0,common_all,"[""Depth Charts"", ""OOPSY"", ""Steamer"", ""THE BAT X""]",THE BAT X,85f96571cf7512b323e22114,True,435,18.231160597701148,23.110283931555827,-0.8331642758620689,0.6092595761689522,0.6022370998885606,87.33793103448276,0.2012394724296838,43.838100091954026,44.67126436781609,ok
hitter,2026,RBI,fantasy_outcome,regular_playing_time,PA,300,0,common_all,"[""Depth Charts"", ""OOPSY"", ""Steamer"", ""THE BAT X""]",Depth Charts,8aedacffa9005ba67176f302,True,263,19.429657794676807,23.929713301818396,-0.3269961977186312,0.4659134922888805,0.4864009540974762,61.741444866920155,0.2356543697210693,60.26235741444867,60.5893536121673,ok
hitter,2026,RBI,fantasy_outcome,regular_playing_time,PA,300,0,common_all,"[""Depth Charts"", ""OOPSY"", ""Steamer"", ""THE BAT X""]",OOPSY,8aedacffa9005ba67176f302,True,263,19.79467680608365,24.4174717724144,-2.387832699619772,0.44632132630878046,0.4640436905816977,63.5893536121673,0.2427074565349897,58.20152091254753,60.5893536121673,ok
hitter,2026,RBI,fantasy_outcome,regular_playing_time,PA,300,0,common_all,"[""Depth Charts"", ""OOPSY"", ""Steamer"", ""THE BAT X""]",Steamer,8aedacffa9005ba67176f302,True,263,19.155259315589355,23.790000692576193,-9.26158783269962,0.4797426206346813,0.4833957734095847,62.43726235741445,0.2383101616695208,51.32776577946768,60.5893536121673,ok
hitter,2026,RBI,fantasy_outcome,regular_playing_time,PA,300,0,common_all,"[""Depth Charts"", ""OOPSY"", ""Steamer"", ""THE BAT X""]",THE BAT X,8aedacffa9005ba67176f302,True,263,18.531128288973385,23.15526221351016,-5.735006615969581,0.48849179891906097,0.49237276531989893,61.338403041825096,0.2341160421443706,54.85434699619772,60.5893536121673,ok
hitter,2026,SB,fantasy_outcome,all_matched,PA,0,0,common_all,"[""Depth Charts"", ""OOPSY"", ""Steamer"", ""THE BAT X""]",Depth Charts,e79d177332d86ea6de882f40,True,555,3.5603603603603604,5.525371456266966,0.7279279279279279,0.7597964140454143,0.6848099262416523,94.1981981981982,0.17003284873320976,6.311711711711712,5.583783783783784,ok
hitter,2026,SB,fantasy_outcome,all_matched,PA,0,0,common_all,"[""Depth Charts"", ""OOPSY"", ""Steamer"", ""THE BAT X""]",OOPSY,e79d177332d86ea6de882f40,True,555,3.8054054054054056,5.84360742587554,1.1567567567567567,0.7556799351831968,0.6717830125732813,96.99639639639639,0.17508374800793572,6.7405405405405405,5.583783783783784,ok
hitter,2026,SB,fantasy_outcome,all_matched,PA,0,0,common_all,"[""Depth Charts"", ""OOPSY"", ""Steamer"", ""THE BAT X""]",Steamer,e79d177332d86ea6de882f40,True,555,3.3452989189189193,5.172949821392882,0.008502162162162171,0.7663247285317617,0.6926017834491994,94.99459459459459,0.1714703873548639,5.592285945945946,5.583783783783784,ok
hitter,2026,SB,fantasy_outcome,all_matched,PA,0,0,common_all,"[""Depth Charts"", ""OOPSY"", ""Steamer"", ""THE BAT X""]",THE BAT X,e79d177332d86ea6de882f40,True,555,3.5174180066666665,5.325339928400204,0.5610887720720721,0.7646600636490455,0.6826004241382686,96.15675675675676,0.17356815299053568,6.144872555855856,5.583783783783784,ok
hitter,2026,SB,fantasy_outcome,established_sample,PA,100,0,common_all,"[""Depth Charts"", ""OOPSY"", ""Steamer"", ""THE BAT X""]",Depth Charts,e8f5e29fd2e1e9e60c262402,True,435,4.048275862068966,5.996742410695151,0.6091954022988506,0.7472375960797347,0.6650768385066894,76.87816091954024,0.17713861963027705,7.533333333333333,6.924137931034482,ok
hitter,2026,SB,fantasy_outcome,established_sample,PA,100,0,common_all,"[""Depth Charts"", ""OOPSY"", ""Steamer"", ""THE BAT X""]",OOPSY,e8f5e29fd2e1e9e60c262402,True,435,4.308045977011494,6.317645422003432,1.0942528735632184,0.7440317667887894,0.650553354717806,79.1655172413793,0.18240902590179564,8.0183908045977,6.924137931034482,ok
hitter,2026,SB,fantasy_outcome,established_sample,PA,100,0,common_all,"[""Depth Charts"", ""OOPSY"", ""Steamer"", ""THE BAT X""]",Steamer,e8f5e29fd2e1e9e60c262402,True,435,3.795575632183908,5.6798196736755004,-0.3172459770114942,0.7517263054420668,0.6739783048478732,76.73563218390805,0.17681021240531808,6.606891954022989,6.924137931034482,ok
hitter,2026,SB,fantasy_outcome,established_sample,PA,100,0,common_all,"[""Depth Charts"", ""OOPSY"", ""Steamer"", ""THE BAT X""]",THE BAT X,e8f5e29fd2e1e9e60c262402,True,435,3.9627261333333332,5.8024768997258285,0.3367906436781609,0.7514841219145107,0.6698031711986622,77.40919540229885,0.17836220138778536,7.2609285747126435,6.924137931034482,ok
hitter,2026,SB,fantasy_outcome,regular_playing_time,PA,300,0,common_all,"[""Depth Charts"", ""OOPSY"", ""Steamer"", ""THE BAT X""]",Depth Charts,211f6ffa4246c78c38111cb6,True,263,4.334600760456274,6.0617858052135905,0.2509505703422053,0.7914771150872894,0.7489841466128928,41.00380228136882,0.15650306214262907,9.536121673003802,9.285171102661597,ok
hitter,2026,SB,fantasy_outcome,regular_playing_time,PA,300,0,common_all,"[""Depth Charts"", ""OOPSY"", ""Steamer"", ""THE BAT X""]",OOPSY,211f6ffa4246c78c38111cb6,True,263,4.593155893536122,6.3143267601114905,0.8288973384030418,0.7899214997260023,0.7303794729963922,42.93916349809886,0.1638899370156445,10.114068441064639,9.285171102661597,ok
hitter,2026,SB,fantasy_outcome,regular_playing_time,PA,300,0,common_all,"[""Depth Charts"", ""OOPSY"", ""Steamer"", ""THE BAT X""]",Steamer,211f6ffa4246c78c38111cb6,True,263,4.3147608365019,6.182114111816516,-0.9120399239543726,0.7755668365752676,0.7369231385210514,41.97338403041825,0.16020375584129104,8.373131178707224,9.285171102661597,ok
hitter,2026,SB,fantasy_outcome,regular_playing_time,PA,300,0,common_all,"[""Depth Charts"", ""OOPSY"", ""Steamer"", ""THE BAT X""]",THE BAT X,211f6ffa4246c78c38111cb6,True,263,4.3313688821292775,6.031410349545695,-0.19329721673003802,0.7880737609506132,0.7340748150066447,42.89733840304182,0.16373029924825122,9.091873885931559,9.285171102661597,ok
hitter,2026,AVG,fantasy_outcome,all_matched,PA,0,0,common_all,"[""Depth Charts"", ""OOPSY"", ""Steamer"", ""THE BAT X""]",Depth Charts,4bcb6b309f99931a2e476a95,True,555,0.03365005312432432,0.0504811693934592,0.015914424486486483,0.4467312101696112,0.49260912709092225,124.46666666666667,0.2246690734055355,0.24301687207207204,0.2271024475855856,ok
hitter,2026,AVG,fantasy_outcome,all_matched,PA,0,0,common_all,"[""Depth Charts"", ""OOPSY"", ""Steamer"", ""THE BAT X""]",OOPSY,4bcb6b309f99931a2e476a95,True,555,0.033834151282882884,0.05069710304461034,0.0144630389009009,0.41964357140938574,0.4643526238892426,127.49009009009009,0.23012651640810486,0.2415654864864865,0.2271024475855856,ok
hitter,2026,AVG,fantasy_outcome,all_matched,PA,0,0,common_all,"[""Depth Charts"", ""OOPSY"", ""Steamer"", ""THE BAT X""]",Steamer,4bcb6b309f99931a2e476a95,True,555,0.033546821081081084,0.05031621881383053,0.015345599261261259,0.44330120000011525,0.4851529385314756,125.03243243243243,0.22569031124987804,0.24244804684684682,0.2271024475855856,ok
hitter,2026,AVG,fantasy_outcome,all_matched,PA,0,0,common_all,"[""Depth Charts"", ""OOPSY"", ""Steamer"", ""THE BAT X""]",THE BAT X,4bcb6b309f99931a2e476a95,True,555,0.0329623469981982,0.049489565718929256,0.0099984370990991,0.416974128355543,0.46885619293513314,124.6990990990991,0.22508862653266987,0.23710088468468468,0.2271024475855856,ok
hitter,2026,AVG,fantasy_outcome,established_sample,PA,100,0,common_all,"[""Depth Charts"", ""OOPSY"", ""Steamer"", ""THE BAT X""]",Depth Charts,8b9f0ff0305e8d36c300cec4,True,435,0.023668067641379312,0.030683857607844162,0.00813082793103448,0.48219080567010536,0.49099883553337337,99.1655172413793,0.2284919752105514,0.24631612873563216,0.2381853008045977,ok
hitter,2026,AVG,fantasy_outcome,established_sample,PA,100,0,common_all,"[""Depth Charts"", ""OOPSY"", ""Steamer"", ""THE BAT X""]",OOPSY,8b9f0ff0305e8d36c300cec4,True,435,0.02403398023908046,0.031057530318340805,0.006405342873563219,0.4378723286839523,0.4495722124636624,102.59540229885057,0.23639493617246676,0.2445906436781609,0.2381853008045977,ok
hitter,2026,AVG,fantasy_outcome,established_sample,PA,100,0,common_all,"[""Depth Charts"", ""OOPSY"", ""Steamer"", ""THE BAT X""]",Steamer,8b9f0ff0305e8d36c300cec4,True,435,0.02379248468045977,0.030955439082083164,0.00781109,0.46645893307566166,0.477108661547941,100.06666666666666,0.230568356374808,0.2459963908045977,0.2381853008045977,ok
hitter,2026,AVG,fantasy_outcome,established_sample,PA,100,0,common_all,"[""Depth Charts"", ""OOPSY"", ""Steamer"", ""THE BAT X""]",THE BAT X,8b9f0ff0305e8d36c300cec4,True,435,0.02347285547586207,0.03035359636513651,0.0024838716091954024,0.4538523435665394,0.4567897193954317,100.54712643678161,0.23167540653636315,0.2406691724137931,0.2381853008045977,ok
hitter,2026,AVG,fantasy_outcome,regular_playing_time,PA,300,0,common_all,"[""Depth Charts"", ""OOPSY"", ""Steamer"", ""THE BAT X""]",Depth Charts,a678f6fedcfeba5a4c0dceb5,True,263,0.01791462466539924,0.022455292491178867,0.0020893234182509496,0.5399599994500558,0.5227191431530843,57.07984790874525,0.217862014918875,0.2514539049429658,0.24936458152471483,ok
hitter,2026,AVG,fantasy_outcome,regular_playing_time,PA,300,0,common_all,"[""Depth Charts"", ""OOPSY"", ""Steamer"", ""THE BAT X""]",OOPSY,a678f6fedcfeba5a4c0dceb5,True,263,0.018412851821292778,0.02291177659941475,0.000523836726235742,0.5049781889230689,0.49483015461991064,58.92015209125475,0.22488607668417843,0.24988841825095057,0.24936458152471483,ok
hitter,2026,AVG,fantasy_outcome,regular_playing_time,PA,300,0,common_all,"[""Depth Charts"", ""OOPSY"", ""Steamer"", ""THE BAT X""]",Steamer,a678f6fedcfeba5a4c0dceb5,True,263,0.017974537638783275,0.022693777230625774,0.0019601979429657796,0.5310062688493427,0.5141255674530667,57.62357414448669,0.21993730589498736,0.2513247794676806,0.24936458152471483,ok
hitter,2026,AVG,fantasy_outcome,regular_playing_time,PA,300,0,common_all,"[""Depth Charts"", ""OOPSY"", ""Steamer"", ""THE BAT X""]",THE BAT X,a678f6fedcfeba5a4c0dceb5,True,263,0.018481504171102663,0.023348229769359,-0.0034257564296577944,0.5099764862371465,0.4932447408523916,56.91634980988593,0.21723797637361042,0.24593882509505705,0.24936458152471483,ok
hitter,2026,OPS,fantasy_outcome,all_matched,PA,0,0,common_all,"[""Depth Charts"", ""OOPSY"", ""Steamer"", ""THE BAT X""]",Depth Charts,ad39fd4404fa090fa7a81737,True,555,0.09520429514234235,0.13853500491450452,0.04750032027027027,0.4783335585436973,0.5120297785233496,123.04684684684685,0.2221062217452109,0.7117712468468469,0.6642709265765765,ok
hitter,2026,OPS,fantasy_outcome,all_matched,PA,0,0,common_all,"[""Depth Charts"", ""OOPSY"", ""Steamer"", ""THE BAT X""]",OOPSY,ad39fd4404fa090fa7a81737,True,555,0.09551150354234235,0.13882041601032713,0.04236727162162162,0.44712785543573563,0.4910789571010101,126.54414414414414,0.2284190327511627,0.7066381981981982,0.6642709265765765,ok
hitter,2026,OPS,fantasy_outcome,all_matched,PA,0,0,common_all,"[""Depth Charts"", ""OOPSY"", ""Steamer"", ""THE BAT X""]",Steamer,ad39fd4404fa090fa7a81737,True,555,0.09503964390270271,0.13779351362961098,0.04627046801801803,0.482114221969171,0.5075170716826171,123.05225225225226,0.22211597879467918,0.7105413945945946,0.6642709265765765,ok
hitter,2026,OPS,fantasy_outcome,all_matched,PA,0,0,common_all,"[""Depth Charts"", ""OOPSY"", ""Steamer"", ""THE BAT X""]",THE BAT X,ad39fd4404fa090fa7a81737,True,555,0.09392542189909911,0.13410770273768596,0.02284830945945946,0.4470404712937846,0.4616877600908149,129.2954954954955,0.23338537093049727,0.6871192360360361,0.6642709265765765,ok
hitter,2026,OPS,fantasy_outcome,established_sample,PA,100,0,common_all,"[""Depth Charts"", ""OOPSY"", ""Steamer"", ""THE BAT X""]",Depth Charts,0310bea971f586b0d76724e7,True,435,0.06892446665977012,0.08868391500764924,0.021649147643678163,0.48472109107741906,0.48073449024724635,100.93333333333334,0.23256528417818742,0.7235196459770115,0.7018704983333334,ok
hitter,2026,OPS,fantasy_outcome,established_sample,PA,100,0,common_all,"[""Depth Charts"", ""OOPSY"", ""Steamer"", ""THE BAT X""]",OOPSY,0310bea971f586b0d76724e7,True,435,0.06902521582298851,0.08902691169307167,0.01509280051724138,0.46696082394442284,0.4684963950222981,101.88735632183908,0.2347634938291223,0.7169632988505746,0.7018704983333334,ok
hitter,2026,OPS,fantasy_outcome,established_sample,PA,100,0,common_all,"[""Depth Charts"", ""OOPSY"", ""Steamer"", ""THE BAT X""]",Steamer,0310bea971f586b0d76724e7,True,435,0.06951660466896553,0.08930286455905086,0.021219283275862075,0.474802679526688,0.4711047422069928,102.27126436781609,0.2356480745802214,0.7230897816091955,0.7018704983333334,ok
hitter,2026,OPS,fantasy_outcome,established_sample,PA,100,0,common_all,"[""Depth Charts"", ""OOPSY"", ""Steamer"", ""THE BAT X""]",THE BAT X,0310bea971f586b0d76724e7,True,435,0.07139053692643678,0.09100981824951809,-0.0010327443103448257,0.4372198701222554,0.42072508116634616,106.67586206896551,0.24579691720959795,0.7008377540229884,0.7018704983333334,ok
hitter,2026,OPS,fantasy_outcome,regular_playing_time,PA,300,0,common_all,"[""Depth Charts"", ""OOPSY"", ""Steamer"", ""THE BAT X""]",Depth Charts,5a4e9506bf5027965d47e16a,True,263,0.05469749030418252,0.0678878933869642,0.005507487460076044,0.5195166795059615,0.46609808355519905,61.47528517110266,0.2346384930194758,0.7433038326996199,0.7377963452395437,ok
hitter,2026,OPS,fantasy_outcome,regular_playing_time,PA,300,0,common_all,"[""Depth Charts"", ""OOPSY"", ""Steamer"", ""THE BAT X""]",OOPSY,5a4e9506bf5027965d47e16a,True,263,0.05476386656273765,0.06845877456005867,-0.001985364250950572,0.5237999713779599,0.4844063725164474,60.954372623574145,0.2326502771892143,0.7358109809885932,0.7377963452395437,ok
hitter,2026,OPS,fantasy_outcome,regular_playing_time,PA,300,0,common_all,"[""Depth Charts"", ""OOPSY"", ""Steamer"", ""THE BAT X""]",Steamer,5a4e9506bf5027965d47e16a,True,263,0.05534301049429658,0.06864303754409667,0.006193419019011407,0.5107291585340368,0.46044586110160274,62.41444866920152,0.2382230865236699,0.7439897642585551,0.7377963452395437,ok
hitter,2026,OPS,fantasy_outcome,regular_playing_time,PA,300,0,common_all,"[""Depth Charts"", ""OOPSY"", ""Steamer"", ""THE BAT X""]",THE BAT X,5a4e9506bf5027965d47e16a,True,263,0.06017313148288973,0.07510381122976145,-0.016083729269961978,0.47450404007122293,0.42443196660536225,64.42585551330798,0.24590021188285488,0.7217126159695817,0.7377963452395437,ok
hitter,2026,PA,opportunity,all_matched,PA,0,0,common_all,"[""Depth Charts"", ""OOPSY"", ""Steamer"", ""THE BAT X""]",Depth Charts,5d2cf11a0a0a154f2eed1ff4,True,555,122.69189189189188,163.48992309911628,16.003603603603604,0.7349295073325347,0.7379904872978056,88.98198198198199,0.16061729599635738,331.4954954954955,315.4918918918919,ok
hitter,2026,PA,opportunity,all_matched,PA,0,0,common_all,"[""Depth Charts"", ""OOPSY"", ""Steamer"", ""THE BAT X""]",OOPSY,5d2cf11a0a0a154f2eed1ff4,True,555,122.69189189189188,163.48992309911628,16.003603603603604,0.7349295073325347,0.7379904872978056,88.98198198198199,0.16061729599635738,331.4954954954955,315.4918918918919,ok
hitter,2026,PA,opportunity,all_matched,PA,0,0,common_all,"[""Depth Charts"", ""OOPSY"", ""Steamer"", ""THE BAT X""]",Steamer,5d2cf11a0a0a154f2eed1ff4,True,555,115.83254378378379,149.87649711368863,-21.90514126126126,0.7438655828918644,0.738747797838985,89.27027027027027,0.1611376719679969,293.58675063063066,315.4918918918919,ok
hitter,2026,PA,opportunity,all_matched,PA,0,0,common_all,"[""Depth Charts"", ""OOPSY"", ""Steamer"", ""THE BAT X""]",THE BAT X,5d2cf11a0a0a154f2eed1ff4,True,555,116.6368990990991,153.21060687155884,9.718953153153153,0.7411490584692277,0.7410937814213671,88.32432432432432,0.15943018831105474,325.21084504504506,315.4918918918919,ok
hitter,2026,PA,opportunity,established_sample,PA,100,0,common_all,"[""Depth Charts"", ""OOPSY"", ""Steamer"", ""THE BAT X""]",Depth Charts,63af4041901dcf7387a7b423,True,435,133.04827586206898,169.81928190210652,3.659770114942529,0.6406296941572306,0.6531423567730525,80.52183908045977,0.18553419142963082,393.4183908045977,389.7586206896552,ok
hitter,2026,PA,opportunity,established_sample,PA,100,0,common_all,"[""Depth Charts"", ""OOPSY"", ""Steamer"", ""THE BAT X""]",OOPSY,63af4041901dcf7387a7b423,True,435,133.04827586206898,169.81928190210652,3.659770114942529,0.6406296941572306,0.6531423567730525,80.52183908045977,0.18553419142963082,393.4183908045977,389.7586206896552,ok
hitter,2026,PA,opportunity,established_sample,PA,100,0,common_all,"[""Depth Charts"", ""OOPSY"", ""Steamer"", ""THE BAT X""]",Steamer,63af4041901dcf7387a7b423,True,435,127.4438908045977,158.47610034608024,-45.31549540229885,0.6578139282898525,0.6558945524130781,81.22758620689655,0.18716033688225012,344.44312528735634,389.7586206896552,ok
hitter,2026,PA,opportunity,established_sample,PA,100,0,common_all,"[""Depth Charts"", ""OOPSY"", ""Steamer"", ""THE BAT X""]",THE BAT X,63af4041901dcf7387a7b423,True,435,124.94787126436782,158.71472383571813,-8.160809195402297,0.6473147354184714,0.6589513977487305,80.10114942528736,0.1845648604269294,381.5978114942529,389.7586206896552,ok
hitter,2026,PA,opportunity,regular_playing_time,PA,300,0,common_all,"[""Depth Charts"", ""OOPSY"", ""Steamer"", ""THE BAT X""]",Depth Charts,d34a3b528c077705376f1bd7,True,263,116.79087452471482,151.45155708835316,-27.41444866920152,0.5338017002869666,0.576517738098896,55.78707224334601,0.2129277566539924,487.03041825095056,514.4448669201521,ok
hitter,2026,PA,opportunity,regular_playing_time,PA,300,0,common_all,"[""Depth Charts"", ""OOPSY"", ""Steamer"", ""THE BAT X""]",OOPSY,d34a3b528c077705376f1bd7,True,263,116.79087452471482,151.45155708835316,-27.41444866920152,0.5338017002869666,0.576517738098896,55.78707224334601,0.2129277566539924,487.03041825095056,514.4448669201521,ok
hitter,2026,PA,opportunity,regular_playing_time,PA,300,0,common_all,"[""Depth Charts"", ""OOPSY"", ""Steamer"", ""THE BAT X""]",Steamer,d34a3b528c077705376f1bd7,True,263,129.77620228136882,162.88171323991426,-88.09452927756654,0.5397305913903484,0.5546765820074478,57.08745247148289,0.21789103996749196,426.35033764258554,514.4448669201521,ok
hitter,2026,PA,opportunity,regular_playing_time,PA,300,0,common_all,"[""Depth Charts"", ""OOPSY"", ""Steamer"", ""THE BAT X""]",THE BAT X,d34a3b528c077705376f1bd7,True,263,113.9522433460076,146.5689869963393,-46.78836501901141,0.5329560841605988,0.5752015539819801,55.5893536121673,0.21217310538995152,467.6565019011407,514.4448669201521,ok
hitter,2026,G,opportunity,all_matched,PA,0,0,common_all,"[""Depth Charts"", ""OOPSY"", ""Steamer"", ""THE BAT X""]",Depth Charts,08be09758d2536eb5384704b,True,555,33.33513513513513,43.956305085354444,-10.430630630630631,0.657451389194562,0.670015218875846,101.61801801801802,0.18342602530328161,77.48288288288288,87.91351351351351,ok
hitter,2026,G,opportunity,all_matched,PA,0,0,common_all,"[""Depth Charts"", ""OOPSY"", ""Steamer"", ""THE BAT X""]",OOPSY,08be09758d2536eb5384704b,True,555,33.33513513513513,43.956305085354444,-10.430630630630631,0.657451389194562,0.670015218875846,101.61801801801802,0.18342602530328161,77.48288288288288,87.91351351351351,ok
hitter,2026,G,opportunity,all_matched,PA,0,0,common_all,"[""Depth Charts"", ""OOPSY"", ""Steamer"", ""THE BAT X""]",Steamer,08be09758d2536eb5384704b,True,555,33.48254054054054,42.855078807997074,-18.104018018018017,0.6616999779865232,0.6704443181252465,101.68828828828829,0.18355286694636877,69.80949549549548,87.91351351351351,ok
hitter,2026,G,opportunity,all_matched,PA,0,0,common_all,"[""Depth Charts"", ""OOPSY"", ""Steamer"", ""THE BAT X""]",THE BAT X,08be09758d2536eb5384704b,True,555,30.979039639639637,40.86087683891579,-7.076484684684685,0.6616847793913769,0.6706180852998621,100.5945945945946,0.18157869060396137,80.83702882882882,87.91351351351351,ok
hitter,2026,G,opportunity,established_sample,PA,100,0,common_all,"[""Depth Charts"", ""OOPSY"", ""Steamer"", ""THE BAT X""]",Depth Charts,e0ed0fdfabae37adac0cf0b0,True,435,36.93563218390805,46.84017825383006,-14.719540229885057,0.5054724054584091,0.5368359978669572,95.39540229885057,0.21980507442131467,91.93103448275862,106.65057471264367,ok
hitter,2026,G,opportunity,established_sample,PA,100,0,common_all,"[""Depth Charts"", ""OOPSY"", ""Steamer"", ""THE BAT X""]",OOPSY,e0ed0fdfabae37adac0cf0b0,True,435,36.93563218390805,46.84017825383006,-14.719540229885057,0.5054724054584091,0.5368359978669572,95.39540229885057,0.21980507442131467,91.93103448275862,106.65057471264367,ok
hitter,2026,G,opportunity,established_sample,PA,100,0,common_all,"[""Depth Charts"", ""OOPSY"", ""Steamer"", ""THE BAT X""]",Steamer,e0ed0fdfabae37adac0cf0b0,True,435,37.982827586206895,46.34987771685937,-25.018459770114944,0.5182490784965325,0.5417070881587966,95.45747126436781,0.2199480904708936,81.63211494252874,106.65057471264367,ok
hitter,2026,G,opportunity,established_sample,PA,100,0,common_all,"[""Depth Charts"", ""OOPSY"", ""Steamer"", ""THE BAT X""]",THE BAT X,e0ed0fdfabae37adac0cf0b0,True,435,33.73434712643678,43.0315038880965,-12.471413793103448,0.5050027406826693,0.5412319812971332,94.77011494252874,0.21836432014407542,94.17916091954022,106.65057471264367,ok
hitter,2026,G,opportunity,regular_playing_time,PA,300,0,common_all,"[""Depth Charts"", ""OOPSY"", ""Steamer"", ""THE BAT X""]",Depth Charts,4bdd19f3b838ac315fbf0858,True,263,32.20152091254753,43.57332878021363,-18.247148288973385,0.3012287843824405,0.3661455461474471,69.59315589353612,0.2656227324180768,113.52851711026616,131.77566539923956,ok
hitter,2026,G,opportunity,regular_playing_time,PA,300,0,common_all,"[""Depth Charts"", ""OOPSY"", ""Steamer"", ""THE BAT X""]",OOPSY,4bdd19f3b838ac315fbf0858,True,263,32.20152091254753,43.57332878021363,-18.247148288973385,0.3012287843824405,0.3661455461474471,69.59315589353612,0.2656227324180768,113.52851711026616,131.77566539923956,ok
hitter,2026,G,opportunity,regular_playing_time,PA,300,0,common_all,"[""Depth Charts"", ""OOPSY"", ""Steamer"", ""THE BAT X""]",Steamer,4bdd19f3b838ac315fbf0858,True,263,37.714752851711026,47.07417447668729,-31.741064638783268,0.305922945721981,0.3530778184511793,69.99239543726236,0.267146547470467,100.03460076045627,131.77566539923956,ok
hitter,2026,G,opportunity,regular_playing_time,PA,300,0,common_all,"[""Depth Charts"", ""OOPSY"", ""Steamer"", ""THE BAT X""]",THE BAT X,4bdd19f3b838ac315fbf0858,True,263,30.110285171102664,40.11487110278625,-18.204840304182508,0.29381826584177406,0.36592218748297,69.1444866920152,0.26391025454967637,113.57082509505703,131.77566539923956,ok
hitter,2026,HR_per_PA,skill,all_matched,PA,0,0,common_all,"[""Depth Charts"", ""OOPSY"", ""Steamer"", ""THE BAT X""]",Depth Charts,91bdf2c96f6f115aa74b5c66,True,555,0.011442863718661146,0.016074346188921656,0.00028134206503960154,0.48181146917455775,0.5220042361420034,112.87567567567568,0.20374670699580447,0.02651890124927656,0.026237559184236956,ok
hitter,2026,HR_per_PA,skill,all_matched,PA,0,0,common_all,"[""Depth Charts"", ""OOPSY"", ""Steamer"", ""THE BAT X""]",OOPSY,91bdf2c96f6f115aa74b5c66,True,555,0.01152291036126474,0.016281718753414366,0.00029386809240790996,0.46273018830522356,0.51026111436468,115.07927927927928,0.20772433082902397,0.026531427276644867,0.026237559184236956,ok
hitter,2026,HR_per_PA,skill,all_matched,PA,0,0,common_all,"[""Depth Charts"", ""OOPSY"", ""Steamer"", ""THE BAT X""]",Steamer,91bdf2c96f6f115aa74b5c66,True,555,0.011110465995941912,0.01453644380411273,0.0031634542135903815,0.5589729452853697,0.5735851339630162,113.19279279279279,0.2043191205646079,0.029401013397827337,0.026237559184236956,ok
hitter,2026,HR_per_PA,skill,all_matched,PA,0,0,common_all,"[""Depth Charts"", ""OOPSY"", ""Steamer"", ""THE BAT X""]",THE BAT X,91bdf2c96f6f115aa74b5c66,True,555,0.01111169944900682,0.014438820373402435,0.001432247372730801,0.5531044120827114,0.5750241182223021,114.88108108108108,0.2073665723485218,0.027669806556967755,0.026237559184236956,ok
hitter,2026,HR_per_PA,skill,established_sample,PA,100,0,common_all,"[""Depth Charts"", ""OOPSY"", ""Steamer"", ""THE BAT X""]",Depth Charts,1af0a6fbc3264fd3720ff4b5,True,435,0.009801189065897888,0.013419583214303223,-0.0007176655596376575,0.518719351219517,0.566662203074136,86.1264367816092,0.19844801101753273,0.02875032233998802,0.029467987899625677,ok
hitter,2026,HR_per_PA,skill,established_sample,PA,100,0,common_all,"[""Depth Charts"", ""OOPSY"", ""Steamer"", ""THE BAT X""]",OOPSY,1af0a6fbc3264fd3720ff4b5,True,435,0.009851277840104193,0.013518215497067793,-0.0008881255606941583,0.508752375729523,0.5599362657358395,87.07816091954022,0.20064092377774245,0.02857986233893152,0.029467987899625677,ok
hitter,2026,HR_per_PA,skill,established_sample,PA,100,0,common_all,"[""Depth Charts"", ""OOPSY"", ""Steamer"", ""THE BAT X""]",Steamer,1af0a6fbc3264fd3720ff4b5,True,435,0.008630989904390055,0.011072197496610687,0.0011159465333200969,0.6443187339033861,0.637078646694835,80.8919540229885,0.18638699083637902,0.030583934432945773,0.029467987899625677,ok
hitter,2026,HR_per_PA,skill,established_sample,PA,100,0,common_all,"[""Depth Charts"", ""OOPSY"", ""Steamer"", ""THE BAT X""]",THE BAT X,1af0a6fbc3264fd3720ff4b5,True,435,0.009038286933808575,0.011505336384956613,-0.0004389979015944129,0.6255789748365443,0.6217858521895746,84.67586206896551,0.19510567296996661,0.029028989998031263,0.029467987899625677,ok
hitter,2026,HR_per_PA,skill,regular_playing_time,PA,300,0,common_all,"[""Depth Charts"", ""OOPSY"", ""Steamer"", ""THE BAT X""]",Depth Charts,9c43b70b7cfc5ce508014d4d,True,263,0.008251443616878764,0.010528299187767532,0.00010475760208251565,0.6720093479488282,0.6820940908016211,45.78326996197718,0.17474530519838619,0.03188211765898479,0.03177736005690228,ok
hitter,2026,HR_per_PA,skill,regular_playing_time,PA,300,0,common_all,"[""Depth Charts"", ""OOPSY"", ""Steamer"", ""THE BAT X""]",OOPSY,9c43b70b7cfc5ce508014d4d,True,263,0.00799584711722663,0.010262710717413148,-0.0004608636907268309,0.684761292859405,0.6901576281506354,45.20152091254753,0.17252488897918905,0.03131649636617545,0.03177736005690228,ok
hitter,2026,HR_per_PA,skill,regular_playing_time,PA,300,0,common_all,"[""Depth Charts"", ""OOPSY"", ""Steamer"", ""THE BAT X""]",Steamer,9c43b70b7cfc5ce508014d4d,True,263,0.007909743205007825,0.010017781961105093,0.0009976779471292043,0.6966724383713314,0.6882026428045787,45.56273764258555,0.17390357878849447,0.03277503800403148,0.03177736005690228,ok
hitter,2026,HR_per_PA,skill,regular_playing_time,PA,300,0,common_all,"[""Depth Charts"", ""OOPSY"", ""Steamer"", ""THE BAT X""]",THE BAT X,9c43b70b7cfc5ce508014d4d,True,263,0.008509107086805587,0.010689499380135178,-0.0007339585980076247,0.6710684241265823,0.6606848542016788,48.38783269961977,0.18468638434969378,0.03104340145889465,0.03177736005690228,ok
hitter,2026,R_per_PA,skill,all_matched,PA,0,0,common_all,"[""Depth Charts"", ""OOPSY"", ""Steamer"", ""THE BAT X""]",Depth Charts,00be074e8cee249ec7ea64b5,True,555,0.02889690688469488,0.044594331351001174,0.007058642145928717,0.08303847355981228,0.2046984266751998,156.25225225225225,0.2820437766286142,0.11932428425310644,0.11226564210717772,ok
hitter,2026,R_per_PA,skill,all_matched,PA,0,0,common_all,"[""Depth Charts"", ""OOPSY"", ""Steamer"", ""THE BAT X""]",OOPSY,00be074e8cee249ec7ea64b5,True,555,0.029064765439716058,0.044265591449994826,0.004979257796319117,0.09166289506730357,0.16727250244450018,160.63963963963963,0.28996324844700294,0.11724489990349683,0.11226564210717772,ok
hitter,2026,R_per_PA,skill,all_matched,PA,0,0,common_all,"[""Depth Charts"", ""OOPSY"", ""Steamer"", ""THE BAT X""]",Steamer,00be074e8cee249ec7ea64b5,True,555,0.027592564062568777,0.042289430062858416,0.001869724830538755,0.15035254974855608,0.20821771217307355,160.9225225225225,0.2904738673691742,0.11413536693771648,0.11226564210717772,ok
hitter,2026,R_per_PA,skill,all_matched,PA,0,0,common_all,"[""Depth Charts"", ""OOPSY"", ""Steamer"", ""THE BAT X""]",THE BAT X,00be074e8cee249ec7ea64b5,True,555,0.02714703601612495,0.04179435277010258,0.0015225171512563802,0.19616650507919683,0.2749950073640978,152.2882882882883,0.27488860701857093,0.11378815925843411,0.11226564210717772,ok
hitter,2026,R_per_PA,skill,established_sample,PA,100,0,common_all,"[""Depth Charts"", ""OOPSY"", ""Steamer"", ""THE BAT X""]",Depth Charts,ab5dfaa5b100497a39833905,True,435,0.01895478914129337,0.02389832927278506,0.004071716184453889,0.3322493151882197,0.32443244691875317,114.8,0.2645161290322581,0.12013193664357613,0.11606022045912223,ok
hitter,2026,R_per_PA,skill,established_sample,PA,100,0,common_all,"[""Depth Charts"", ""OOPSY"", ""Steamer"", ""THE BAT X""]",OOPSY,ab5dfaa5b100497a39833905,True,435,0.01907866015990768,0.02465269397341157,0.001258852079614656,0.26984794617417535,0.2924412294079768,118.6183908045977,0.2733142645267228,0.11731907253873688,0.11606022045912223,ok
hitter,2026,R_per_PA,skill,established_sample,PA,100,0,common_all,"[""Depth Charts"", ""OOPSY"", ""Steamer"", ""THE BAT X""]",Steamer,ab5dfaa5b100497a39833905,True,435,0.01881938015795089,0.024078288436160895,0.000260282828708964,0.26868715160325873,0.24295147587735091,122.30344827586207,0.28180518035912916,0.1163205032878312,0.11606022045912223,ok
hitter,2026,R_per_PA,skill,established_sample,PA,100,0,common_all,"[""Depth Charts"", ""OOPSY"", ""Steamer"", ""THE BAT X""]",THE BAT X,ab5dfaa5b100497a39833905,True,435,0.018650081074538364,0.023732008025543625,-1.835760269338132e-05,0.30617755261162616,0.29268606123201724,117.68505747126437,0.2711637268923142,0.11604186285642885,0.11606022045912223,ok
hitter,2026,R_per_PA,skill,regular_playing_time,PA,300,0,common_all,"[""Depth Charts"", ""OOPSY"", ""Steamer"", ""THE BAT X""]",Depth Charts,1bac74e849a8559b35a7f7d2,True,263,0.015667124973038384,0.01924358351748448,0.0022365907673902417,0.3813637460679832,0.3788224473152446,67.41444866920152,0.2573070559893188,0.12255780695404808,0.12032121618665785,ok
hitter,2026,R_per_PA,skill,regular_playing_time,PA,300,0,common_all,"[""Depth Charts"", ""OOPSY"", ""Steamer"", ""THE BAT X""]",OOPSY,1bac74e849a8559b35a7f7d2,True,263,0.015492148225041313,0.01939284576377928,0.0002507335769367841,0.34641459796726864,0.36330876007098933,68.4106463878327,0.26110933735814007,0.12057194976359463,0.12032121618665785,ok
hitter,2026,R_per_PA,skill,regular_playing_time,PA,300,0,common_all,"[""Depth Charts"", ""OOPSY"", ""Steamer"", ""THE BAT X""]",Steamer,1bac74e849a8559b35a7f7d2,True,263,0.015835825104966193,0.019695560915215196,-2.2674130020448767e-05,0.3510413670325613,0.3382740322484336,69.43726235741445,0.26502771892142923,0.1202985420566374,0.12032121618665785,ok
hitter,2026,R_per_PA,skill,regular_playing_time,PA,300,0,common_all,"[""Depth Charts"", ""OOPSY"", ""Steamer"", ""THE BAT X""]",THE BAT X,1bac74e849a8559b35a7f7d2,True,263,0.015490610989044118,0.019249190434989193,-0.0007971761087514331,0.38408055071680863,0.3802588412361253,67.01140684410646,0.25576872841262005,0.1195240400779064,0.12032121618665785,ok
hitter,2026,RBI_per_PA,skill,all_matched,PA,0,0,common_all,"[""Depth Charts"", ""OOPSY"", ""Steamer"", ""THE BAT X""]",Depth Charts,4aa2692b45bccc43bd6be2b0,True,555,0.031645793725008926,0.045017702411373074,0.01252303261597851,0.2552389041433356,0.33020831833521824,142.54774774774774,0.257306403876801,0.11710376768150488,0.10458073506552638,ok
hitter,2026,RBI_per_PA,skill,all_matched,PA,0,0,common_all,"[""Depth Charts"", ""OOPSY"", ""Steamer"", ""THE BAT X""]",OOPSY,4aa2692b45bccc43bd6be2b0,True,555,0.031917309202373394,0.04532412318723399,0.007774694097519504,0.20775620654848484,0.28471943547870876,148.4108108108108,0.2678895502000195,0.11235542916304589,0.10458073506552638,ok
hitter,2026,RBI_per_PA,skill,all_matched,PA,0,0,common_all,"[""Depth Charts"", ""OOPSY"", ""Steamer"", ""THE BAT X""]",Steamer,4aa2692b45bccc43bd6be2b0,True,555,0.029424984260985623,0.04159520373706187,0.006450842852097687,0.34675080440810363,0.4081167027594879,136.43423423423422,0.24627118092822062,0.11103157791762408,0.10458073506552638,ok
hitter,2026,RBI_per_PA,skill,all_matched,PA,0,0,common_all,"[""Depth Charts"", ""OOPSY"", ""Steamer"", ""THE BAT X""]",THE BAT X,4aa2692b45bccc43bd6be2b0,True,555,0.029542637250982277,0.04145171407844717,0.002131009167888363,0.34646672262955996,0.40347375762192184,138.32612612612613,0.24968614824210492,0.10671174423341474,0.10458073506552638,ok
hitter,2026,RBI_per_PA,skill,established_sample,PA,100,0,common_all,"[""Depth Charts"", ""OOPSY"", ""Steamer"", ""THE BAT X""]",Depth Charts,618a432cbfad882787abc237,True,435,0.022454425378336963,0.028526508042561433,0.0068658591492173895,0.38474339041084904,0.3905553078538434,108.07816091954022,0.249028020551936,0.11785390312733729,0.11098804397811991,ok
hitter,2026,RBI_per_PA,skill,established_sample,PA,100,0,common_all,"[""Depth Charts"", ""OOPSY"", ""Steamer"", ""THE BAT X""]",OOPSY,618a432cbfad882787abc237,True,435,0.023066469369769124,0.029280568430870586,0.0018669605044528388,0.34233523108886266,0.3526349681433178,113.04137931034482,0.26046400762752264,0.11285500448257274,0.11098804397811991,ok
hitter,2026,RBI_per_PA,skill,established_sample,PA,100,0,common_all,"[""Depth Charts"", ""OOPSY"", ""Steamer"", ""THE BAT X""]",Steamer,618a432cbfad882787abc237,True,435,0.02091850750590087,0.026648072810746055,0.0023643739155181386,0.4199254995317748,0.42820047061956684,104.80229885057472,0.24147995126860533,0.11335241789363805,0.11098804397811991,ok
hitter,2026,RBI_per_PA,skill,established_sample,PA,100,0,common_all,"[""Depth Charts"", ""OOPSY"", ""Steamer"", ""THE BAT X""]",THE BAT X,618a432cbfad882787abc237,True,435,0.021777368001534944,0.027538333835986903,-0.0014520037835837336,0.4191591079791591,0.4152760950114292,107.17701149425288,0.24695163938767944,0.10953604019453617,0.11098804397811991,ok
hitter,2026,RBI_per_PA,skill,regular_playing_time,PA,300,0,common_all,"[""Depth Charts"", ""OOPSY"", ""Steamer"", ""THE BAT X""]",Depth Charts,e70c729883e25dbf23b9d670,True,263,0.018740135968942997,0.023875516343962722,0.003958140099262193,0.4018190226293825,0.38002953031239,65.75285171102662,0.2509650828665138,0.12112597548156141,0.11716783538229922,ok
hitter,2026,RBI_per_PA,skill,regular_playing_time,PA,300,0,common_all,"[""Depth Charts"", ""OOPSY"", ""Steamer"", ""THE BAT X""]",OOPSY,e70c729883e25dbf23b9d670,True,263,0.019906318997587887,0.024957918303173288,-0.0007590261821183861,0.3561114893987469,0.3446788286537069,69.36882129277566,0.2647664934838766,0.11640880920018083,0.11716783538229922,ok
hitter,2026,RBI_per_PA,skill,regular_playing_time,PA,300,0,common_all,"[""Depth Charts"", ""OOPSY"", ""Steamer"", ""THE BAT X""]",Steamer,e70c729883e25dbf23b9d670,True,263,0.017889212861274408,0.02294953553313468,8.04958583655799e-05,0.42426574944756895,0.41091038744167124,63.555133079847906,0.2425768438162134,0.1172483312406648,0.11716783538229922,ok
hitter,2026,RBI_per_PA,skill,regular_playing_time,PA,300,0,common_all,"[""Depth Charts"", ""OOPSY"", ""Steamer"", ""THE BAT X""]",THE BAT X,e70c729883e25dbf23b9d670,True,263,0.019188232336654,0.024554860610125837,-0.0032901055887364088,0.4243692678070327,0.40802338364235696,64.54372623574145,0.24635010013641773,0.11387772979356282,0.11716783538229922,ok
hitter,2026,SB_per_PA,skill,all_matched,PA,0,0,common_all,"[""Depth Charts"", ""OOPSY"", ""Steamer"", ""THE BAT X""]",Depth Charts,e453a5d1e9d45dd5e471272e,True,555,0.010887451334068468,0.01976987951023152,0.0007928066081372751,0.5802156358715194,0.6245827075716404,96.89009009009008,0.17489185936839366,0.017774380134528794,0.016981573526391517,ok
hitter,2026,SB_per_PA,skill,all_matched,PA,0,0,common_all,"[""Depth Charts"", ""OOPSY"", ""Steamer"", ""THE BAT X""]",OOPSY,e453a5d1e9d45dd5e471272e,True,555,0.011861873865108324,0.02127617918947773,0.0025599598317675664,0.546629922068925,0.6086610869411181,99.94054054054054,0.18039808761830423,0.019541533358159086,0.016981573526391517,ok
hitter,2026,SB_per_PA,skill,all_matched,PA,0,0,common_all,"[""Depth Charts"", ""OOPSY"", ""Steamer"", ""THE BAT X""]",Steamer,e453a5d1e9d45dd5e471272e,True,555,0.011146543921787537,0.018632832167036678,0.0019656709490646898,0.6322832410240808,0.6414931777086381,99.76936936936937,0.18008911438514327,0.018947244475456208,0.016981573526391517,ok
hitter,2026,SB_per_PA,skill,all_matched,PA,0,0,common_all,"[""Depth Charts"", ""OOPSY"", ""Steamer"", ""THE BAT X""]",THE BAT X,e453a5d1e9d45dd5e471272e,True,555,0.011087362481755457,0.01866571483143455,0.0019589979334092384,0.6303589327818563,0.6447273998860967,98.62162162162163,0.17801736754805347,0.018940571459800756,0.016981573526391517,ok
hitter,2026,SB_per_PA,skill,established_sample,PA,100,0,common_all,"[""Depth Charts"", ""OOPSY"", ""Steamer"", ""THE BAT X""]",Depth Charts,72735433e20e4975185b24eb,True,435,0.00908433244702886,0.0132575686741494,0.0011508405352568675,0.7459506106578669,0.7008911092511035,71.26896551724138,0.16421420626092484,0.01844531532430791,0.017294474789051044,ok
hitter,2026,SB_per_PA,skill,established_sample,PA,100,0,common_all,"[""Depth Charts"", ""OOPSY"", ""Steamer"", ""THE BAT X""]",OOPSY,72735433e20e4975185b24eb,True,435,0.009743109127929379,0.014117682743947046,0.002579617150429846,0.7376014908320638,0.6944193474266024,73.17471264367816,0.1686053286720695,0.01987409193948089,0.017294474789051044,ok
hitter,2026,SB_per_PA,skill,established_sample,PA,100,0,common_all,"[""Depth Charts"", ""OOPSY"", ""Steamer"", ""THE BAT X""]",Steamer,72735433e20e4975185b24eb,True,435,0.008684687921768028,0.012120992783620848,0.0017954504988261049,0.7913723044598301,0.7644829227366913,66.4,0.15299539170506915,0.01908992528787715,0.017294474789051044,ok
hitter,2026,SB_per_PA,skill,established_sample,PA,100,0,common_all,"[""Depth Charts"", ""OOPSY"", ""Steamer"", ""THE BAT X""]",THE BAT X,72735433e20e4975185b24eb,True,435,0.008606295303257547,0.01240988693078323,0.0017186988978176816,0.7791201292783666,0.7641490753488063,65.95862068965518,0.15197838868584143,0.019013173686868726,0.017294474789051044,ok
hitter,2026,SB_per_PA,skill,regular_playing_time,PA,300,0,common_all,"[""Depth Charts"", ""OOPSY"", ""Steamer"", ""THE BAT X""]",Depth Charts,f6f6c42d0a89365c9afd1265,True,263,0.007577022607449967,0.00983719242108449,0.0017389268320574303,0.8410972851397608,0.7956974483935833,37.152091254752854,0.14180187501814068,0.01934057767666795,0.017601650844610517,ok
hitter,2026,SB_per_PA,skill,regular_playing_time,PA,300,0,common_all,"[""Depth Charts"", ""OOPSY"", ""Steamer"", ""THE BAT X""]",OOPSY,f6f6c42d0a89365c9afd1265,True,263,0.008322103438547812,0.010769383671089327,0.002840667994908787,0.8337989919538857,0.7699427782065673,40.125475285171106,0.15315066902737062,0.020442318839519306,0.017601650844610517,ok
hitter,2026,SB_per_PA,skill,regular_playing_time,PA,300,0,common_all,"[""Depth Charts"", ""OOPSY"", ""Steamer"", ""THE BAT X""]",Steamer,f6f6c42d0a89365c9afd1265,True,263,0.007545711739590027,0.009873355709545823,0.001874259393295524,0.8358914089144127,0.8008085807332166,37.06083650190114,0.1414535744347372,0.01947591023790604,0.017601650844610517,ok
hitter,2026,SB_per_PA,skill,regular_playing_time,PA,300,0,common_all,"[""Depth Charts"", ""OOPSY"", ""Steamer"", ""THE BAT X""]",THE BAT X,f6f6c42d0a89365c9afd1265,True,263,0.007444471545172491,0.009786971300007538,0.0017192081223327714,0.8388776384370126,0.8020201773036826,36.91254752851711,0.14088758598670653,0.019320858966943293,0.017601650844610517,ok
hitter,2026,K%,skill,all_matched,PA,0,0,common_all,"[""Depth Charts"", ""OOPSY"", ""Steamer"", ""THE BAT X""]",Depth Charts,a4bd676457ea9cafc963d49a,True,555,0.0386158952936937,0.06394085742731563,-0.011554935520720722,0.6767961193580907,0.7552142996648674,78.7081081081081,0.14207239730705434,0.22898763405405403,0.24054256957477474,ok
hitter,2026,K%,skill,all_matched,PA,0,0,common_all,"[""Depth Charts"", ""OOPSY"", ""Steamer"", ""THE BAT X""]",OOPSY,a4bd676457ea9cafc963d49a,True,555,0.04010292544864865,0.06496068887533113,-0.01201819461981982,0.6691428077520748,0.753751503578086,81.13333333333334,0.14645006016847173,0.22852437495495495,0.24054256957477474,ok
hitter,2026,K%,skill,all_matched,PA,0,0,common_all,"[""Depth Charts"", ""OOPSY"", ""Steamer"", ""THE BAT X""]",Steamer,a4bd676457ea9cafc963d49a,True,555,0.03982698378018018,0.06441250741714247,-0.011812781827027028,0.6728195012913532,0.7477405551399047,81.2018018018018,0.14657364946173612,0.22872978774774774,0.24054256957477474,ok
hitter,2026,K%,skill,all_matched,PA,0,0,common_all,"[""Depth Charts"", ""OOPSY"", ""Steamer"", ""THE BAT X""]",THE BAT X,a4bd676457ea9cafc963d49a,True,555,0.03857559228108108,0.0636194127914159,-0.009663720565765766,0.676203081617011,0.7549951637522048,80.14954954954955,0.14467427716525189,0.230878849009009,0.24054256957477474,ok
hitter,2026,K%,skill,established_sample,PA,100,0,common_all,"[""Depth Charts"", ""OOPSY"", ""Steamer"", ""THE BAT X""]",Depth Charts,f309b0776268b634bf58f3d4,True,435,0.028707477983908047,0.036913558474277734,-0.004701575616091955,0.812627290437788,0.7939942251943367,58.827586206896555,0.13554743365644367,0.22321958367816092,0.22792115929425286,ok
hitter,2026,K%,skill,established_sample,PA,100,0,common_all,"[""Depth Charts"", ""OOPSY"", ""Steamer"", ""THE BAT X""]",OOPSY,f309b0776268b634bf58f3d4,True,435,0.02968937528045977,0.037273137679515234,-0.004723519983908044,0.809776846593428,0.7947728687268886,60.50804597701149,0.13941946077652417,0.22319763931034484,0.22792115929425286,ok
hitter,2026,K%,skill,established_sample,PA,100,0,common_all,"[""Depth Charts"", ""OOPSY"", ""Steamer"", ""THE BAT X""]",Steamer,f309b0776268b634bf58f3d4,True,435,0.029862505620689657,0.038010084722180516,-0.005109168029885057,0.8001754617489165,0.7832609426407268,61.08045977011494,0.14073838656708512,0.22281199126436782,0.22792115929425286,ok
hitter,2026,K%,skill,established_sample,PA,100,0,common_all,"[""Depth Charts"", ""OOPSY"", ""Steamer"", ""THE BAT X""]",THE BAT X,f309b0776268b634bf58f3d4,True,435,0.028876685772413792,0.03703693555881992,-0.002563354236781609,0.8094240074631518,0.7915005099964352,59.8,0.13778801843317973,0.22535780505747124,0.22792115929425286,ok
hitter,2026,K%,skill,regular_playing_time,PA,300,0,common_all,"[""Depth Charts"", ""OOPSY"", ""Steamer"", ""THE BAT X""]",Depth Charts,515f1c8ffd860f1353ad58d1,True,263,0.02472451658555133,0.03162746001189694,-0.000803350714828897,0.8479771429702678,0.8383937532797947,32.0,0.12213740458015267,0.21187693878326996,0.21268028949809886,ok
hitter,2026,K%,skill,regular_playing_time,PA,300,0,common_all,"[""Depth Charts"", ""OOPSY"", ""Steamer"", ""THE BAT X""]",OOPSY,515f1c8ffd860f1353ad58d1,True,263,0.02610444534600761,0.03215012187287296,0.00018900746007604778,0.84194518989625,0.8354549661380273,33.67300380228137,0.1285229152758831,0.21286929695817491,0.21268028949809886,ok
hitter,2026,K%,skill,regular_playing_time,PA,300,0,common_all,"[""Depth Charts"", ""OOPSY"", ""Steamer"", ""THE BAT X""]",Steamer,515f1c8ffd860f1353ad58d1,True,263,0.025821131992395437,0.032803511801524216,-0.0010187488136882128,0.8348560198305867,0.8255798497491925,33.361216730038024,0.12733288828258787,0.21166154068441065,0.21268028949809886,ok
hitter,2026,K%,skill,regular_playing_time,PA,300,0,common_all,"[""Depth Charts"", ""OOPSY"", ""Steamer"", ""THE BAT X""]",THE BAT X,515f1c8ffd860f1353ad58d1,True,263,0.024875479087452468,0.03115991807606258,0.001386897574144488,0.8538732262279185,0.8435236024847228,32.334600760456276,0.12341450671929877,0.21406718707224334,0.21268028949809886,ok
hitter,2026,BB%,skill,all_matched,PA,0,0,common_all,"[""Depth Charts"", ""OOPSY"", ""Steamer"", ""THE BAT X""]",Depth Charts,db6341e1a84f8cf0b02fedbd,True,555,0.023706938567567566,0.03666076483432133,0.0012106608738738738,0.48495652115655147,0.5815481426361359,111.37657657657658,0.20104075194327903,0.08475560810810812,0.08354494723423424,ok
hitter,2026,BB%,skill,all_matched,PA,0,0,common_all,"[""Depth Charts"", ""OOPSY"", ""Steamer"", ""THE BAT X""]",OOPSY,db6341e1a84f8cf0b02fedbd,True,555,0.02384847262882883,0.036914174649025744,0.0007534817747747747,0.47186995942302257,0.5708464588851727,112.17297297297297,0.20247829056493316,0.08429842900900901,0.08354494723423424,ok
hitter,2026,BB%,skill,all_matched,PA,0,0,common_all,"[""Depth Charts"", ""OOPSY"", ""Steamer"", ""THE BAT X""]",Steamer,db6341e1a84f8cf0b02fedbd,True,555,0.02375465342162162,0.03667555397510955,0.0014179401531531528,0.4839433789747144,0.5799900589400541,111.48288288288288,0.2012326405828211,0.08496288738738739,0.08354494723423424,ok
hitter,2026,BB%,skill,all_matched,PA,0,0,common_all,"[""Depth Charts"", ""OOPSY"", ""Steamer"", ""THE BAT X""]",THE BAT X,db6341e1a84f8cf0b02fedbd,True,555,0.02403224026126126,0.03712605405208633,-0.005003180567567568,0.47683841244516856,0.5797490396832835,113.01081081081081,0.2039906332325105,0.07854176666666667,0.08354494723423424,ok
hitter,2026,BB%,skill,established_sample,PA,100,0,common_all,"[""Depth Charts"", ""OOPSY"", ""Steamer"", ""THE BAT X""]",Depth Charts,8c0f0bed3dc0d1e119be6214,True,435,0.017636573896551724,0.02242139611616317,-0.0001834868114942529,0.6885442769363637,0.6751562865161147,76.77931034482759,0.17691085332909584,0.08619942666666666,0.08638291347816092,ok
hitter,2026,BB%,skill,established_sample,PA,100,0,common_all,"[""Depth Charts"", ""OOPSY"", ""Steamer"", ""THE BAT X""]",OOPSY,8c0f0bed3dc0d1e119be6214,True,435,0.017759054186206897,0.02250494298115387,-0.0006250417540229886,0.6849938202639145,0.6692037606452389,78.16781609195402,0.180110175327083,0.08575787172413793,0.08638291347816092,ok
hitter,2026,BB%,skill,established_sample,PA,100,0,common_all,"[""Depth Charts"", ""OOPSY"", ""Steamer"", ""THE BAT X""]",Steamer,8c0f0bed3dc0d1e119be6214,True,435,0.01773923983678161,0.022531939757020208,5.8466521839080166e-05,0.6843072019725386,0.6711586164568263,77.1448275862069,0.17775305895439378,0.08644138,0.08638291347816092,ok
hitter,2026,BB%,skill,established_sample,PA,100,0,common_all,"[""Depth Charts"", ""OOPSY"", ""Steamer"", ""THE BAT X""]",THE BAT X,8c0f0bed3dc0d1e119be6214,True,435,0.018272317331034484,0.023172393174375482,-0.005922437156321839,0.6879141585307412,0.6715340691396402,78.38390804597701,0.18060808305524656,0.08046047632183909,0.08638291347816092,ok
hitter,2026,BB%,skill,regular_playing_time,PA,300,0,common_all,"[""Depth Charts"", ""OOPSY"", ""Steamer"", ""THE BAT X""]",Depth Charts,cacc42e1a24ff6c83e298790,True,263,0.015707426821292777,0.02012204591676809,-0.0027911663041825093,0.7230257042829797,0.695670214216053,44.79467680608365,0.17097204887818188,0.08886236349809885,0.09165352980228136,ok
hitter,2026,BB%,skill,regular_playing_time,PA,300,0,common_all,"[""Depth Charts"", ""OOPSY"", ""Steamer"", ""THE BAT X""]",OOPSY,cacc42e1a24ff6c83e298790,True,263,0.015980103931558933,0.020525485266402903,-0.0033734644030418252,0.7099975552532583,0.6808914926461974,46.20152091254753,0.17634168287231883,0.08828006539923955,0.09165352980228136,ok
hitter,2026,BB%,skill,regular_playing_time,PA,300,0,common_all,"[""Depth Charts"", ""OOPSY"", ""Steamer"", ""THE BAT X""]",Steamer,cacc42e1a24ff6c83e298790,True,263,0.01581612389353612,0.02022163222795249,-0.0024459126920152096,0.7178707598072106,0.6922569489411402,45.0722433460076,0.17203146315270076,0.08920761711026616,0.09165352980228136,ok
hitter,2026,BB%,skill,regular_playing_time,PA,300,0,common_all,"[""Depth Charts"", ""OOPSY"", ""Steamer"", ""THE BAT X""]",THE BAT X,cacc42e1a24ff6c83e298790,True,263,0.016711805011406847,0.021187022918509605,-0.007606783414448669,0.7264733783781989,0.6965707667433445,44.81749049429658,0.17105912402403275,0.0840467463878327,0.09165352980228136,ok
hitter,2026,ISO,skill,all_matched,PA,0,0,common_all,"[""Depth Charts"", ""OOPSY"", ""Steamer"", ""THE BAT X""]",Depth Charts,3e845fa5d3703a6f3145ab4b,True,555,0.0431218631045045,0.056628683890565336,0.016274988491891892,0.5382128484494592,0.54799419863025,116.3027027027027,0.20993267635866913,0.1542797845045045,0.13800479601261262,ok
hitter,2026,ISO,skill,all_matched,PA,0,0,common_all,"[""Depth Charts"", ""OOPSY"", ""Steamer"", ""THE BAT X""]",OOPSY,3e845fa5d3703a6f3145ab4b,True,555,0.04318849205945946,0.05682006065811232,0.014551808491891891,0.5221703530505851,0.5362089307397045,119.25765765765766,0.2152665300679741,0.1525566045045045,0.13800479601261262,ok
hitter,2026,ISO,skill,all_matched,PA,0,0,common_all,"[""Depth Charts"", ""OOPSY"", ""Steamer"", ""THE BAT X""]",Steamer,3e845fa5d3703a6f3145ab4b,True,555,0.04294402372432433,0.05642477516172818,0.016583510113513514,0.5444249930357822,0.5527044772332015,116.37297297297297,0.21005951800175626,0.15458830612612615,0.13800479601261262,ok
hitter,2026,ISO,skill,all_matched,PA,0,0,common_all,"[""Depth Charts"", ""OOPSY"", ""Steamer"", ""THE BAT X""]",THE BAT X,3e845fa5d3703a6f3145ab4b,True,555,0.04279881564504504,0.05572122657673798,0.008328989392792793,0.5250280102079304,0.5340807585791396,120.3945945945946,0.2173187628061274,0.1463337854054054,0.13800479601261262,ok
hitter,2026,ISO,skill,established_sample,PA,100,0,common_all,"[""Depth Charts"", ""OOPSY"", ""Steamer"", ""THE BAT X""]",Depth Charts,875c6132546ec1479fa63a09,True,435,0.03272948003678161,0.04133772145255763,0.006655272845977011,0.6189483616308529,0.6058068123864563,84.94712643678162,0.19573070607553367,0.15875322413793105,0.15209795129195403,ok
hitter,2026,ISO,skill,established_sample,PA,100,0,common_all,"[""Depth Charts"", ""OOPSY"", ""Steamer"", ""THE BAT X""]",OOPSY,875c6132546ec1479fa63a09,True,435,0.03273746231724138,0.0414841639784024,0.004017891006896551,0.6087443369976437,0.5982191649914805,86.75632183908046,0.19989935907622225,0.15611584229885056,0.15209795129195403,ok
hitter,2026,ISO,skill,established_sample,PA,100,0,common_all,"[""Depth Charts"", ""OOPSY"", ""Steamer"", ""THE BAT X""]",Steamer,875c6132546ec1479fa63a09,True,435,0.032614373540229884,0.04140582347428843,0.007163609167816091,0.6160306147829737,0.6034306740801987,85.34942528735633,0.19665766195243392,0.1592615604597701,0.15209795129195403,ok
hitter,2026,ISO,skill,established_sample,PA,100,0,common_all,"[""Depth Charts"", ""OOPSY"", ""Steamer"", ""THE BAT X""]",THE BAT X,875c6132546ec1479fa63a09,True,435,0.034052010864367814,0.04318136778690412,-0.0003025676137931039,0.5844551731719907,0.5680393371604371,90.62298850574713,0.20880872927591504,0.15179538367816092,0.15209795129195403,ok
hitter,2026,ISO,skill,regular_playing_time,PA,300,0,common_all,"[""Depth Charts"", ""OOPSY"", ""Steamer"", ""THE BAT X""]",Depth Charts,f9938a70574e2a567c0a9174,True,263,0.02844451148669202,0.036104833712894,0.0036844963840304184,0.6698379207073842,0.6589125796725437,47.06844106463878,0.17965053841465184,0.1669982239543726,0.1633137275703422,ok
hitter,2026,ISO,skill,regular_playing_time,PA,300,0,common_all,"[""Depth Charts"", ""OOPSY"", ""Steamer"", ""THE BAT X""]",OOPSY,f9938a70574e2a567c0a9174,True,263,0.028130019304182508,0.03579182507889733,-0.00012194506083650218,0.6727193510089243,0.6651899071313823,47.20152091254753,0.18015847676544858,0.16319178250950572,0.1633137275703422,ok
hitter,2026,ISO,skill,regular_playing_time,PA,300,0,common_all,"[""Depth Charts"", ""OOPSY"", ""Steamer"", ""THE BAT X""]",Steamer,f9938a70574e2a567c0a9174,True,263,0.02858448058174905,0.036079551667577536,0.004750000186311787,0.6690429189944983,0.6614192888301296,47.39923954372624,0.18091312802948947,0.16806372775665399,0.1633137275703422,ok
hitter,2026,ISO,skill,regular_playing_time,PA,300,0,common_all,"[""Depth Charts"", ""OOPSY"", ""Steamer"", ""THE BAT X""]",THE BAT X,f9938a70574e2a567c0a9174,True,263,0.0308750302243346,0.03895283106512625,-0.0032052819429657796,0.6351010345086217,0.617640932713503,51.27756653992395,0.19571590282413723,0.16010844562737642,0.1633137275703422,ok
hitter,2026,BABIP,skill,all_matched,PA,0,0,common_all,"[""Depth Charts"", ""OOPSY"", ""Steamer"", ""THE BAT X""]",Depth Charts,a8de63f7afd717f4d09973f9,True,555,0.04204224923963964,0.06832983439986184,0.014054707459459458,0.2822728089564952,0.3538538425601864,143.70810810810812,0.25940091716265,0.29319117657657656,0.2791364691171171,ok
hitter,2026,BABIP,skill,all_matched,PA,0,0,common_all,"[""Depth Charts"", ""OOPSY"", ""Steamer"", ""THE BAT X""]",OOPSY,a8de63f7afd717f4d09973f9,True,555,0.04207559087927928,0.06838934863081647,0.011932136288288287,0.2596978683949464,0.3381405263584901,146.7783783783784,0.2649429212606108,0.2910686054054054,0.2791364691171171,ok
hitter,2026,BABIP,skill,all_matched,PA,0,0,common_all,"[""Depth Charts"", ""OOPSY"", ""Steamer"", ""THE BAT X""]",Steamer,a8de63f7afd717f4d09973f9,True,555,0.04170269548828828,0.06807581365276012,0.01228402818018018,0.281048266406459,0.35284323440755616,143.08648648648648,0.25827885647380233,0.2914204972972973,0.2791364691171171,ok
hitter,2026,BABIP,skill,all_matched,PA,0,0,common_all,"[""Depth Charts"", ""OOPSY"", ""Steamer"", ""THE BAT X""]",THE BAT X,a8de63f7afd717f4d09973f9,True,555,0.041247522497297295,0.06772052776151302,0.007531339891891891,0.2601990719625143,0.3418672023878285,145.17117117117118,0.26204182521872055,0.286667809009009,0.2791364691171171,ok
hitter,2026,BABIP,skill,established_sample,PA,100,0,common_all,"[""Depth Charts"", ""OOPSY"", ""Steamer"", ""THE BAT X""]",Depth Charts,7fcbc4a8beaaa2109a8def66,True,435,0.027916596174712646,0.037278493371225574,0.008186489121839079,0.3905370633624654,0.40348527917364324,107.57471264367815,0.24786800148312937,0.2938889517241379,0.28570246260229887,ok
hitter,2026,BABIP,skill,established_sample,PA,100,0,common_all,"[""Depth Charts"", ""OOPSY"", ""Steamer"", ""THE BAT X""]",OOPSY,7fcbc4a8beaaa2109a8def66,True,435,0.027948576036781612,0.036998065811533996,0.006211454639080457,0.3777259848328785,0.402999459646486,108.56091954022989,0.2501403676042163,0.2919139172413793,0.28570246260229887,ok
hitter,2026,BABIP,skill,established_sample,PA,100,0,common_all,"[""Depth Charts"", ""OOPSY"", ""Steamer"", ""THE BAT X""]",Steamer,7fcbc4a8beaaa2109a8def66,True,435,0.027792053291954024,0.037224073716138506,0.006745824754022988,0.3711718034868273,0.3903848853051669,108.77011494252874,0.2506223846602045,0.29244828735632183,0.28570246260229887,ok
hitter,2026,BABIP,skill,established_sample,PA,100,0,common_all,"[""Depth Charts"", ""OOPSY"", ""Steamer"", ""THE BAT X""]",THE BAT X,7fcbc4a8beaaa2109a8def66,True,435,0.027230350298850573,0.03625561934046826,0.002018406363218391,0.4012999503816524,0.4120480037803547,107.23908045977012,0.24709465543725834,0.28772086896551724,0.28570246260229887,ok
hitter,2026,BABIP,skill,regular_playing_time,PA,300,0,common_all,"[""Depth Charts"", ""OOPSY"", ""Steamer"", ""THE BAT X""]",Depth Charts,e6ae3c8bbb0869d66acc79e8,True,263,0.02159074138403042,0.0275228368240278,0.0017018387680608352,0.49817899098418456,0.48024813864150484,58.56273764258555,0.2235218993991815,0.29368630798479084,0.29198446921673,ok
hitter,2026,BABIP,skill,regular_playing_time,PA,300,0,common_all,"[""Depth Charts"", ""OOPSY"", ""Steamer"", ""THE BAT X""]",OOPSY,e6ae3c8bbb0869d66acc79e8,True,263,0.02191369335361217,0.02740861370838967,0.0009364053079847878,0.4959167143881514,0.4808010150914075,60.29657794676806,0.23013961048384757,0.2929208745247148,0.29198446921673,ok
hitter,2026,BABIP,skill,regular_playing_time,PA,300,0,common_all,"[""Depth Charts"", ""OOPSY"", ""Steamer"", ""THE BAT X""]",Steamer,e6ae3c8bbb0869d66acc79e8,True,263,0.021696902258555133,0.02753594400776277,0.0005583939011406838,0.4890648982239442,0.46169941918644636,60.56273764258555,0.23115548718544104,0.2925428631178707,0.29198446921673,ok
hitter,2026,BABIP,skill,regular_playing_time,PA,300,0,common_all,"[""Depth Charts"", ""OOPSY"", ""Steamer"", ""THE BAT X""]",THE BAT X,e6ae3c8bbb0869d66acc79e8,True,263,0.021822869703422055,0.027805952123246037,-0.004048644121673004,0.4999534445757716,0.48070198642801837,58.93536121673004,0.22494412678141235,0.287935825095057,0.29198446921673,ok
hitter,2026,wOBA,skill,all_matched,PA,0,0,common_all,"[""Depth Charts"", ""OOPSY"", ""Steamer"", ""THE BAT X""]",Depth Charts,06003387fa4af282987e9030,True,555,0.03766225159783186,0.05619809177833876,0.01637886039222486,0.46891532277571535,0.5121393172281655,123.85045045045045,0.22355676976615604,0.3108837027027027,0.29450484231047785,ok
hitter,2026,wOBA,skill,all_matched,PA,0,0,common_all,"[""Depth Charts"", ""OOPSY"", ""Steamer"", ""THE BAT X""]",OOPSY,06003387fa4af282987e9030,True,555,0.03804861638959955,0.05646703594776215,0.014488278410242878,0.43618833005631624,0.4898529292898455,126.82702702702703,0.22892965167333398,0.3089931207207207,0.29450484231047785,ok
hitter,2026,wOBA,skill,all_matched,PA,0,0,common_all,"[""Depth Charts"", ""OOPSY"", ""Steamer"", ""THE BAT X""]",Steamer,06003387fa4af282987e9030,True,555,0.03766027179462474,0.05587492584619274,0.01578533066249513,0.47323033263468445,0.5070254369672005,123.93153153153153,0.22370312550817967,0.310290172972973,0.29450484231047785,ok
hitter,2026,wOBA,skill,all_matched,PA,0,0,common_all,"[""Depth Charts"", ""OOPSY"", ""Steamer"", ""THE BAT X""]",THE BAT X,06003387fa4af282987e9030,True,555,0.03791051350430865,0.054744856709521166,0.0056567036354681025,0.4381961888966283,0.45926998473706326,129.95495495495496,0.23457573096562268,0.3001615459459459,0.29450484231047785,ok
hitter,2026,wOBA,skill,established_sample,PA,100,0,common_all,"[""Depth Charts"", ""OOPSY"", ""Steamer"", ""THE BAT X""]",Depth Charts,1fc1627a22ee012bad066697,True,435,0.026933524816262915,0.03487880534259536,0.005941130668103024,0.4733536618534661,0.48237565849253167,101.48275862068965,0.2338312410614969,0.31548759310344826,0.3095464624353452,ok
hitter,2026,wOBA,skill,established_sample,PA,100,0,common_all,"[""Depth Charts"", ""OOPSY"", ""Steamer"", ""THE BAT X""]",OOPSY,1fc1627a22ee012bad066697,True,435,0.027324551152570428,0.03531903852852276,0.0035346456106317595,0.4510344344507936,0.4633931004883187,102.71494252873563,0.23667037449017428,0.313081108045977,0.3095464624353452,ok
hitter,2026,wOBA,skill,established_sample,PA,100,0,common_all,"[""Depth Charts"", ""OOPSY"", ""Steamer"", ""THE BAT X""]",Steamer,1fc1627a22ee012bad066697,True,435,0.027255064903083947,0.03517997945615077,0.005696696185344402,0.4611165234055365,0.4705777644302611,102.49655172413793,0.23616716987128555,0.31524315862068963,0.3095464624353452,ok
hitter,2026,wOBA,skill,established_sample,PA,100,0,common_all,"[""Depth Charts"", ""OOPSY"", ""Steamer"", ""THE BAT X""]",THE BAT X,1fc1627a22ee012bad066697,True,435,0.028754831406315837,0.03666326264496824,-0.003929552090517667,0.4222564019374284,0.41315416865771104,107.3632183908046,0.24738068753641615,0.3056169103448276,0.3095464624353452,ok
hitter,2026,wOBA,skill,regular_playing_time,PA,300,0,common_all,"[""Depth Charts"", ""OOPSY"", ""Steamer"", ""THE BAT X""]",Depth Charts,3055c9d9f3bbc769fe6f682e,True,263,0.021473290261635268,0.026505594348725337,-0.0007488265514007673,0.503662006377435,0.45752645897045513,62.64638783269962,0.2391083505064871,0.32315273003802286,0.3239015565894236,ok
hitter,2026,wOBA,skill,regular_playing_time,PA,300,0,common_all,"[""Depth Charts"", ""OOPSY"", ""Steamer"", ""THE BAT X""]",OOPSY,3055c9d9f3bbc769fe6f682e,True,263,0.021949909414351536,0.02727052165820299,-0.0034225375780167367,0.4983008409279647,0.4654734621133238,62.29657794676806,0.2377731982701071,0.32047901901140685,0.3239015565894236,ok
hitter,2026,wOBA,skill,regular_playing_time,PA,300,0,common_all,"[""Depth Charts"", ""OOPSY"", ""Steamer"", ""THE BAT X""]",Steamer,3055c9d9f3bbc769fe6f682e,True,263,0.02187694292030686,0.026887441655715147,-0.0005284044981688288,0.4903663117902862,0.44739209938176644,63.41444866920152,0.2420398804167997,0.3233731520912548,0.3239015565894236,ok
hitter,2026,wOBA,skill,regular_playing_time,PA,300,0,common_all,"[""Depth Charts"", ""OOPSY"", ""Steamer"", ""THE BAT X""]",THE BAT X,3055c9d9f3bbc769fe6f682e,True,263,0.024476237584141677,0.0305848037335303,-0.010005754308054761,0.45623069446421605,0.41043793521081423,65.52851711026616,0.2501088439323136,0.3138958022813688,0.3239015565894236,ok
pitcher,2024,W,fantasy_outcome,all_matched,IP,0,0,common_all,"[""ATC"", ""Steamer""]",ATC,e219af85dcfbda4a08b77d2c,True,622,2.243726225241158,2.9718414030601963,0.35052806414791,0.6452521735316555,0.580881683474684,122.9871382636656,0.19804692151959033,3.8569589323151128,3.5064308681672025,ok
pitcher,2024,W,fantasy_outcome,all_matched,IP,0,0,common_all,"[""ATC"", ""Steamer""]",Steamer,e219af85dcfbda4a08b77d2c,True,622,2.246717682533517,2.9703450391731105,0.5781289422555177,0.6652447203084179,0.6122679017806221,118.84405144694534,0.19137528413356739,4.0845598104227205,3.5064308681672025,ok
pitcher,2024,W,fantasy_outcome,substantial_innings,IP,40,0,common_all,"[""ATC"", ""Steamer""]",ATC,5efbbd58feb9687dc5b85bf7,True,361,2.5184730138504157,3.23735663191854,-0.5721673850415513,0.594665937733473,0.50182073618375,80.5623268698061,0.22378424130501695,4.948608238227147,5.520775623268698,ok
pitcher,2024,W,fantasy_outcome,substantial_innings,IP,40,0,common_all,"[""ATC"", ""Steamer""]",Steamer,5efbbd58feb9687dc5b85bf7,True,361,2.50910110886201,3.1976478290683867,-0.18716315092348657,0.6047955041534029,0.5042824684973065,80.42936288088643,0.2234148968913512,5.333612472345211,5.520775623268698,ok
pitcher,2024,W,fantasy_outcome,high_innings,IP,100,0,common_all,"[""ATC"", ""Steamer""]",ATC,3d76fc8307ecf18ea61da98c,True,116,2.9882231206896552,3.7039566395568038,-1.4934319137931034,0.46748759151652625,0.49475850933388327,26.344827586206897,0.2290854572713643,7.894499120689655,9.387931034482758,ok
pitcher,2024,W,fantasy_outcome,high_innings,IP,100,0,common_all,"[""ATC"", ""Steamer""]",Steamer,3d76fc8307ecf18ea61da98c,True,116,2.787070695696206,3.4321967796663273,-0.7792879075839602,0.4714246979958633,0.5057684022450184,26.57758620689655,0.23110944527736133,8.608643126898798,9.387931034482758,ok
pitcher,2024,SV,fantasy_outcome,all_matched,IP,0,0,common_all,"[""ATC"", ""Steamer""]",ATC,8fc20a695f46cfbf8fbb5cca,True,622,1.3892250721623796,3.676064803442846,-0.0831140414453376,0.7985332023812252,0.5221060597241455,114.42282958199357,0.18425576422221188,1.815599784921222,1.8987138263665595,ok
pitcher,2024,SV,fantasy_outcome,all_matched,IP,0,0,common_all,"[""ATC"", ""Steamer""]",Steamer,8fc20a695f46cfbf8fbb5cca,True,622,1.2669662378033641,3.529963578201028,-0.18660932616405548,0.8216834493924886,0.5417780576165518,84.58681672025723,0.13621065494405352,1.712104500202504,1.8987138263665595,ok
pitcher,2024,SV,fantasy_outcome,substantial_innings,IP,40,0,common_all,"[""ATC"", ""Steamer""]",ATC,d93f811c9c40167f351459a3,True,361,1.813924677429363,4.2938501933957145,-0.516671755434903,0.8251648217773278,0.6485239254330546,52.7202216066482,0.14644506001846722,2.4611675797451524,2.9778393351800556,ok
pitcher,2024,SV,fantasy_outcome,substantial_innings,IP,40,0,common_all,"[""ATC"", ""Steamer""]",Steamer,d93f811c9c40167f351459a3,True,361,1.6883573485873742,4.075640139333221,-0.5736537333010306,0.8479973460459972,0.6090445087606874,55.18282548476454,0.15328562634656817,2.404185601879025,2.9778393351800556,ok
pitcher,2024,SV,fantasy_outcome,high_innings,IP,100,0,common_all,"[""ATC"", ""Steamer""]",ATC,8e8afad76709bd74c4e54f31,True,116,0.1363297501724138,0.40388980982723566,-1.300672413793183e-05,-0.05182259692594994,-0.049757651790027446,18.525862068965516,0.16109445277361317,0.06895251051724138,0.06896551724137931,ok
pitcher,2024,SV,fantasy_outcome,high_innings,IP,100,0,common_all,"[""ATC"", ""Steamer""]",Steamer,8e8afad76709bd74c4e54f31,True,116,0.07902586254580267,0.2840879102815014,-0.05890517193695594,-0.025379566254229366,-0.025379566254229366,7.517241379310345,0.06536731634182909,0.010060345304423365,0.06896551724137931,ok
pitcher,2024,SO,fantasy_outcome,all_matched,IP,0,0,common_all,"[""ATC"", ""Steamer""]",ATC,5fd524653179d15cfe925f6b,True,622,26.696108440514468,35.872690223749885,7.765702009646302,0.7437258290419024,0.6680086879637559,108.38745980707395,0.17453697231412874,66.02454445337621,58.258842443729904,ok
pitcher,2024,SO,fantasy_outcome,all_matched,IP,0,0,common_all,"[""ATC"", ""Steamer""]",Steamer,5fd524653179d15cfe925f6b,True,622,28.17311931288894,38.469346188866794,13.085839452850857,0.7416983673398653,0.6751130587577695,107.20257234726688,0.17262894097788548,71.34468189658077,58.258842443729904,ok
pitcher,2024,SO,fantasy_outcome,substantial_innings,IP,40,0,common_all,"[""ATC"", ""Steamer""]",ATC,7ce2ed2d3232379eb920dcbc,True,361,26.007591080332407,33.93500904744559,-4.733317396121883,0.7447962305527676,0.6498161605117682,64.6426592797784,0.1795629424438289,83.87887096952909,88.61218836565097,ok
pitcher,2024,SO,fantasy_outcome,substantial_innings,IP,40,0,common_all,"[""ATC"", ""Steamer""]",Steamer,7ce2ed2d3232379eb920dcbc,True,361,26.372888887357846,35.26028425399994,2.7678637623456708,0.7347471895105971,0.6372267468443441,66.01108033240997,0.18336411203447214,91.38005212799663,88.61218836565097,ok
pitcher,2024,SO,fantasy_outcome,high_innings,IP,100,0,common_all,"[""ATC"", ""Steamer""]",ATC,982e80c6c4adfa6ff7bdef2f,True,116,31.816827586206895,38.16665416974523,-16.688646551724137,0.6638011375702544,0.6639881641847463,21.396551724137932,0.18605697151424289,127.64756034482758,144.33620689655172,ok
pitcher,2024,SO,fantasy_outcome,high_innings,IP,100,0,common_all,"[""ATC"", ""Steamer""]",Steamer,982e80c6c4adfa6ff7bdef2f,True,116,29.97812220145916,36.565447852251864,-7.036574939201618,0.6449440206633024,0.6414194871507887,22.086206896551722,0.19205397301349325,137.2996319573501,144.33620689655172,ok
pitcher,2024,ERA,fantasy_outcome,all_matched,IP,0,0,common_all,"[""ATC"", ""Steamer""]",ATC,8a81eb92468a16de29ed1ee6,True,622,1.7684803863913658,3.6386401538486814,-0.5113687988256895,0.21794522853956466,0.25256851054141544,173.66237942122186,0.2796495642853814,4.289024276527331,4.800393075353021,ok
pitcher,2024,ERA,fantasy_outcome,all_matched,IP,0,0,common_all,"[""ATC"", ""Steamer""]",Steamer,8a81eb92468a16de29ed1ee6,True,622,1.758716043289407,3.6572267643677923,-0.5896503012869011,0.21051391663965482,0.28226977764183475,169.51607717041801,0.27297274906669566,4.210742774066119,4.800393075353021,ok
pitcher,2024,ERA,fantasy_outcome,substantial_innings,IP,40,0,common_all,"[""ATC"", ""Steamer""]",ATC,8fb7b182bc068cad341851da,True,361,0.9080753218585988,1.161043486605427,0.24402340457954752,0.2808604719995563,0.284965976881408,98.4376731301939,0.2734379809172053,4.207428033240997,3.9634046286614497,ok
pitcher,2024,ERA,fantasy_outcome,substantial_innings,IP,40,0,common_all,"[""ATC"", ""Steamer""]",Steamer,8fb7b182bc068cad341851da,True,361,0.8794937658662483,1.124527885520922,0.19632013507305082,0.32832658483105326,0.31561376925332607,95.65096952908587,0.2656971375807941,4.159724763734501,3.9634046286614497,ok
pitcher,2024,ERA,fantasy_outcome,high_innings,IP,100,0,common_all,"[""ATC"", ""Steamer""]",ATC,aaeebe8d685ed3b55d2a06d9,True,116,0.5956709265362721,0.7678924797753324,0.31581992789038477,0.47164718360542196,0.4726933035027963,26.82758620689655,0.23328335832083957,4.233894827586207,3.9180748996958226,ok
pitcher,2024,ERA,fantasy_outcome,high_innings,IP,100,0,common_all,"[""ATC"", ""Steamer""]",Steamer,aaeebe8d685ed3b55d2a06d9,True,116,0.630236682815761,0.8052007042457348,0.3385666555293425,0.42249876430695077,0.40835124111800264,28.379310344827587,0.24677661169415294,4.256641555225165,3.9180748996958226,ok
pitcher,2024,WHIP,fantasy_outcome,all_matched,IP,0,0,common_all,"[""ATC"", ""Steamer""]",ATC,a700a4f25a7336871cb2386b,True,622,0.27064189308437775,0.49998839028254455,-0.056985387543197014,0.29709013803977014,0.33388675916817545,161.13022508038586,0.2594689614821028,1.3329388617363345,1.3899242492795314,ok
pitcher,2024,WHIP,fantasy_outcome,all_matched,IP,0,0,common_all,"[""ATC"", ""Steamer""]",Steamer,a700a4f25a7336871cb2386b,True,622,0.27109971097543334,0.5030400781704072,-0.05399206062042576,0.28512759178770836,0.34753354560714483,161.58199356913184,0.2601964469712268,1.3359321886591058,1.3899242492795314,ok
pitcher,2024,WHIP,fantasy_outcome,substantial_innings,IP,40,0,common_all,"[""ATC"", ""Steamer""]",ATC,a8762e8202815e051eaa2425,True,361,0.1555376974843514,0.20109424537189727,0.05078819824137361,0.35971752680273067,0.3562934850230576,90.79224376731302,0.2522006771314251,1.309031246537396,1.2582430482960225,ok
pitcher,2024,WHIP,fantasy_outcome,substantial_innings,IP,40,0,common_all,"[""ATC"", ""Steamer""]",Steamer,a8762e8202815e051eaa2425,True,361,0.15561079967051705,0.1984008052245298,0.06098877980091601,0.40120318495342244,0.36831534872919,91.93628808864266,0.2553785780240074,1.3192318280969384,1.2582430482960225,ok
pitcher,2024,WHIP,fantasy_outcome,high_innings,IP,100,0,common_all,"[""ATC"", ""Steamer""]",ATC,5683d2a76beba90c21fd6f67,True,116,0.11719512397852959,0.14857575973441772,0.056623090879113464,0.448847847622009,0.46800445930880713,26.810344827586206,0.2331334332833583,1.2835355172413794,1.226912426362266,ok
pitcher,2024,WHIP,fantasy_outcome,high_innings,IP,100,0,common_all,"[""ATC"", ""Steamer""]",Steamer,5683d2a76beba90c21fd6f67,True,116,0.12825393864241155,0.16028052174943933,0.08303615116686783,0.43741769425461013,0.4271479644792988,28.74137931034483,0.24992503748125938,1.3099485775291337,1.226912426362266,ok
pitcher,2024,QS,fantasy_outcome,all_matched,IP,0,0,common_all,"[""ATC"", ""Steamer""]",ATC,60f3c190e182fbe017e5d382,True,622,1.5528232193569131,3.023681707716646,0.0816193652090032,0.8015606297365311,0.8221154355466103,75.52411575562701,0.12161693358394043,2.6378894616720254,2.5562700964630225,ok
pitcher,2024,QS,fantasy_outcome,all_matched,IP,0,0,common_all,"[""ATC"", ""Steamer""]",Steamer,60f3c190e182fbe017e5d382,True,622,1.6920766926151956,3.3830274904770716,0.7288831304219758,0.7989132475422123,0.8361326637816763,58.745980707395496,0.09459900274942915,3.285153226884998,2.5562700964630225,ok
pitcher,2024,QS,fantasy_outcome,substantial_innings,IP,40,0,common_all,"[""ATC"", ""Steamer""]",ATC,9838427f4a9827c3f992db2f,True,361,2.0762314221606646,3.509736412159943,-0.4320070432132964,0.817642850643419,0.882457634033097,36.986149584487535,0.10273930440135426,3.878242264265928,4.310249307479224,ok
pitcher,2024,QS,fantasy_outcome,substantial_innings,IP,40,0,common_all,"[""ATC"", ""Steamer""]",Steamer,9838427f4a9827c3f992db2f,True,361,2.2480623307212197,3.7705094827377157,0.611624115286008,0.8110726817791395,0.8773872420599705,32.556786703601105,0.09043551862111418,4.921873422765232,4.310249307479224,ok
pitcher,2024,QS,fantasy_outcome,high_innings,IP,100,0,common_all,"[""ATC"", ""Steamer""]",ATC,69bd362d5846f8278251668b,True,116,4.065456448275862,5.091288923091331,-3.161946965517241,0.623248717894254,0.5881505131401139,24.060344827586206,0.20922038980509744,8.622535793103449,11.78448275862069,ok
pitcher,2024,QS,fantasy_outcome,high_innings,IP,100,0,common_all,"[""ATC"", ""Steamer""]",Steamer,69bd362d5846f8278251668b,True,116,3.758462936713778,4.558381893487255,-0.7968370256752804,0.5980811199928058,0.5754635618750653,24.767241379310345,0.2153673163418291,10.98764573294541,11.78448275862069,ok
pitcher,2024,SV_plus_HLD,fantasy_outcome,all_matched,IP,0,0,common_all,"[""ATC"", ""Steamer""]",ATC,e0cac86aad3ef60ca22dea70,True,622,3.8120228376093244,6.366344017721025,0.03172307086977493,0.7367241019207937,0.7315267319414598,99.42926045016077,0.1601115305155568,5.703748794342443,5.672025723472669,ok
pitcher,2024,SV_plus_HLD,fantasy_outcome,all_matched,IP,0,0,common_all,"[""ATC"", ""Steamer""]",Steamer,e0cac86aad3ef60ca22dea70,True,622,3.765820730154154,6.42080286732876,-0.3212188144972087,0.7351104051212827,0.6952976233117446,109.16881028938907,0.17579518565119012,5.35080690897546,5.672025723472669,ok
pitcher,2024,SV_plus_HLD,fantasy_outcome,substantial_innings,IP,40,0,common_all,"[""ATC"", ""Steamer""]",ATC,e23d01945cde5c4a91d2706a,True,361,4.159270851556787,6.926159978456098,-1.9083979173185595,0.7987042324546237,0.8503541607734703,44.933518005540165,0.12481532779316712,6.376920642238227,8.285318559556787,ok
pitcher,2024,SV_plus_HLD,fantasy_outcome,substantial_innings,IP,40,0,common_all,"[""ATC"", ""Steamer""]",Steamer,e23d01945cde5c4a91d2706a,True,361,4.221681160279588,7.0096644562184665,-2.027616337725991,0.7952951948585011,0.8174912811884569,47.93628808864266,0.13315635580178517,6.257702221830796,8.285318559556787,ok
pitcher,2024,SV_plus_HLD,fantasy_outcome,high_innings,IP,100,0,common_all,"[""ATC"", ""Steamer""]",ATC,15ae21721b3e3702d3f95658,True,116,0.6340822979310345,1.8104207933069252,0.454699155,0.3517839740316948,0.40189399666044995,25.982758620689655,0.22593703148425787,0.6615957067241379,0.20689655172413793,ok
pitcher,2024,SV_plus_HLD,fantasy_outcome,high_innings,IP,100,0,common_all,"[""ATC"", ""Steamer""]",Steamer,15ae21721b3e3702d3f95658,True,116,0.5353129336546207,1.6415620878731871,0.24446293351979093,0.11113048943645158,0.28918361728191067,25.086206896551722,0.21814092953523237,0.4513594852439288,0.20689655172413793,ok
pitcher,2024,IP,opportunity,all_matched,IP,0,0,common_all,"[""ATC"", ""Steamer""]",ATC,0276cef1ce047fea55a33227,True,622,25.88050927652733,35.60055369054977,7.204341045016078,0.75284800230389,0.6734735809916187,106.14469453376206,0.17092543403182298,67.6073957073955,60.40305466237942,ok
pitcher,2024,IP,opportunity,all_matched,IP,0,0,common_all,"[""ATC"", ""Steamer""]",Steamer,0276cef1ce047fea55a33227,True,622,27.410854583691172,38.34801755567825,13.26273783349531,0.7520898319217544,0.6787773653905563,104.68327974276528,0.16857210908657855,73.66579249587473,60.40305466237942,ok
pitcher,2024,IP,opportunity,substantial_innings,IP,40,0,common_all,"[""ATC"", ""Steamer""]",ATC,dde3e0910c385e608cc64794,True,361,24.668728531855955,33.445176830800136,-5.882771745152354,0.7590126782254083,0.6669932938492976,63.041551246537395,0.17511542012927053,85.7928515235457,91.67562326869806,ok
pitcher,2024,IP,opportunity,substantial_innings,IP,40,0,common_all,"[""ATC"", ""Steamer""]",Steamer,dde3e0910c385e608cc64794,True,361,24.742253647484606,34.68673831248597,2.6331738226301464,0.7493837532477712,0.6454895717072906,66.0803324099723,0.18355647891658972,94.3087970913282,91.67562326869806,ok
pitcher,2024,IP,opportunity,high_innings,IP,100,0,common_all,"[""ATC"", ""Steamer""]",ATC,494b3615806837a294087ac2,True,116,30.45222586206896,38.13867622590141,-20.58972586206896,0.5766545271704115,0.5584145483402144,24.439655172413794,0.21251874062968515,133.0482051724138,153.63793103448276,ok
pitcher,2024,IP,opportunity,high_innings,IP,100,0,common_all,"[""ATC"", ""Steamer""]",Steamer,494b3615806837a294087ac2,True,116,27.81700568034731,35.697701020453955,-9.33855114312007,0.5209771278569124,0.5158718267809049,25.862068965517242,0.22488755622188905,144.2993798913627,153.63793103448276,ok
pitcher,2024,G,opportunity,all_matched,IP,0,0,common_all,"[""ATC"", ""Steamer""]",ATC,faada44167c02acd30dd4b1d,True,622,13.730000868167203,18.147979687521225,4.8585310289389065,0.5974455915119714,0.5623004729687437,126.83922829581994,0.20424996504962953,34.254029421221865,29.39549839228296,ok
pitcher,2024,G,opportunity,all_matched,IP,0,0,common_all,"[""ATC"", ""Steamer""]",Steamer,faada44167c02acd30dd4b1d,True,622,15.26273941471454,20.482254321102598,10.055781572817606,0.6146698087860308,0.6036443698234818,123.80868167202573,0.19936985776493676,39.45127996510057,29.39549839228296,ok
pitcher,2024,G,opportunity,substantial_innings,IP,40,0,common_all,"[""ATC"", ""Steamer""]",ATC,bd023af8e926cb78787fce92,True,361,10.10802326869806,14.296289641219323,-3.937997783933518,0.6990185383703443,0.6509396776635913,64.37396121883657,0.1788165589412127,37.19773628808864,41.13573407202216,ok
pitcher,2024,G,opportunity,substantial_innings,IP,40,0,common_all,"[""ATC"", ""Steamer""]",Steamer,bd023af8e926cb78787fce92,True,361,9.763924693136664,13.330311612346996,2.293471569499811,0.7355560226112331,0.7012800868808045,63.43767313019391,0.17621575869498307,43.429205641521975,41.13573407202216,ok
pitcher,2024,G,opportunity,high_innings,IP,100,0,common_all,"[""ATC"", ""Steamer""]",ATC,06a23ad6e83ebf84775c07ec,True,116,4.958289655172414,6.713393526646617,-0.2565120689655172,0.13303592551890336,0.18558072465836914,35.0948275862069,0.30517241379310345,28.51935,28.775862068965516,ok
pitcher,2024,G,opportunity,high_innings,IP,100,0,common_all,"[""ATC"", ""Steamer""]",Steamer,06a23ad6e83ebf84775c07ec,True,116,6.4206897143659925,9.530299586683785,3.838276106735756,0.027333605668526953,-0.012259920993628347,39.87068965517241,0.3467016491754123,32.61413817570127,28.775862068965516,ok
pitcher,2024,GS,opportunity,all_matched,IP,0,0,common_all,"[""ATC"", ""Steamer""]",ATC,dd5179d1336a1533bdf2355e,True,622,3.090407005618971,5.831608071714795,0.36960688705948547,0.8476758124198562,0.8251368947273988,78.30225080385853,0.1260905810046031,7.1413110671237945,6.771704180064309,ok
pitcher,2024,GS,opportunity,all_matched,IP,0,0,common_all,"[""ATC"", ""Steamer""]",Steamer,dd5179d1336a1533bdf2355e,True,622,3.0787509735464043,6.051339044399375,0.5119069726850203,0.8478208691677985,0.8420264392141662,57.28295819935691,0.09224308888785332,7.283611152749329,6.771704180064309,ok
pitcher,2024,GS,opportunity,substantial_innings,IP,40,0,common_all,"[""ATC"", ""Steamer""]",ATC,70aaf0036c994974ed4929bb,True,361,3.7297532759473686,6.162338894417103,-0.5933188546454293,0.8702688295001749,0.8807022635490093,38.850415512465375,0.10791782086795937,10.403911062252078,10.997229916897506,ok
pitcher,2024,GS,opportunity,substantial_innings,IP,40,0,common_all,"[""ATC"", ""Steamer""]",Steamer,70aaf0036c994974ed4929bb,True,361,3.7585113638253507,6.381826813974684,-0.18618217904708886,0.8675939146969791,0.8778740362769686,34.254847645429365,0.09515235457063713,10.811047737850418,10.997229916897506,ok
pitcher,2024,GS,opportunity,high_innings,IP,100,0,common_all,"[""ATC"", ""Steamer""]",ATC,15b1bb1103eb30f09f3aacef,True,116,6.047756534482759,8.197657183357457,-4.656446189655172,0.5488872201050483,0.5189310918240595,24.896551724137932,0.21649175412293853,22.30907105172414,26.96551724137931,ok
pitcher,2024,GS,opportunity,high_innings,IP,100,0,common_all,"[""ATC"", ""Steamer""]",Steamer,15b1bb1103eb30f09f3aacef,True,116,5.613103402071986,7.955959757919519,-3.3772411963035323,0.5492847417517532,0.49062311110962264,26.370689655172413,0.2293103448275862,23.58827604507578,26.96551724137931,ok
pitcher,2024,K/9,skill,all_matched,IP,0,0,common_all,"[""ATC"", ""Steamer""]",ATC,d147f26310dfe537bfad87ee,True,622,1.4534061148306465,2.1310883470489554,0.2428692481233932,0.4893936906515516,0.5564037285512177,127.89871382636656,0.20595606091202345,8.797083054662378,8.554213806538986,ok
pitcher,2024,K/9,skill,all_matched,IP,0,0,common_all,"[""ATC"", ""Steamer""]",Steamer,d147f26310dfe537bfad87ee,True,622,1.4464035107077402,2.1246009260650944,0.13150247490916678,0.4829237795721993,0.5449681644985607,131.59163987138263,0.21190280172525383,8.685716281448153,8.554213806538986,ok
pitcher,2024,K/9,skill,substantial_innings,IP,40,0,common_all,"[""ATC"", ""Steamer""]",ATC,2d41139d4ac1b770284a5416,True,361,0.99834880860386,1.2882054335964275,0.08867723114624457,0.7046773318313171,0.6892218927185513,61.82825484764543,0.17174515235457063,8.8709075900277,8.782230358881456,ok
pitcher,2024,K/9,skill,substantial_innings,IP,40,0,common_all,"[""ATC"", ""Steamer""]",Steamer,2d41139d4ac1b770284a5416,True,361,0.9954424641899265,1.27349208455183,-0.0013287597286105368,0.7065853894446664,0.6944715724312273,63.05540166204986,0.17515389350569405,8.780901599152845,8.782230358881456,ok
pitcher,2024,K/9,skill,high_innings,IP,100,0,common_all,"[""ATC"", ""Steamer""]",ATC,5e0245fd5dfe4915527dfdb5,True,116,0.7735541831281614,1.0414907475253017,0.18568319343683182,0.7204862544052872,0.71318187060316,18.844827586206897,0.1638680659670165,8.564677327586207,8.378994134149375,ok
pitcher,2024,K/9,skill,high_innings,IP,100,0,common_all,"[""ATC"", ""Steamer""]",Steamer,5e0245fd5dfe4915527dfdb5,True,116,0.8012260890997851,1.04448118799107,0.1049165536198409,0.7054784903285493,0.6867796870795372,20.224137931034484,0.17586206896551726,8.483910687769216,8.378994134149375,ok
pitcher,2024,BB/9,skill,all_matched,IP,0,0,common_all,"[""ATC"", ""Steamer""]",ATC,d654a9a7201fe9c9ed368d87,True,622,1.1524697301311375,2.1088332663014318,-0.14426686384121687,0.3745261527064671,0.4352980027328826,143.7556270096463,0.2314905426886414,3.4641374598070738,3.608404323648291,ok
pitcher,2024,BB/9,skill,all_matched,IP,0,0,common_all,"[""ATC"", ""Steamer""]",Steamer,d654a9a7201fe9c9ed368d87,True,622,1.1747361176013749,2.13891818105487,-0.187572193157762,0.3484471909567432,0.4104355754125556,149.77813504823152,0.2411886232660733,3.420832130490529,3.608404323648291,ok
pitcher,2024,BB/9,skill,substantial_innings,IP,40,0,common_all,"[""ATC"", ""Steamer""]",ATC,8f242d90af372500b2448ba6,True,361,0.6850889600573424,0.8879127912782111,0.1531167858204266,0.5575223902726993,0.5466694656583029,75.05263157894737,0.20847953216374268,3.31057135734072,3.1574545715202937,ok
pitcher,2024,BB/9,skill,substantial_innings,IP,40,0,common_all,"[""ATC"", ""Steamer""]",Steamer,8f242d90af372500b2448ba6,True,361,0.6971736164357623,0.880711610631068,0.15232865636270435,0.5484206356405348,0.5257986978312151,78.74792243767313,0.21874422899353646,3.309783227882998,3.1574545715202937,ok
pitcher,2024,BB/9,skill,high_innings,IP,100,0,common_all,"[""ATC"", ""Steamer""]",ATC,464b7b2227a627dd6e7d7769,True,116,0.5663867725174202,0.7250028512919179,0.240557186167724,0.5077971462690144,0.510944527736132,25.20689655172414,0.2191904047976012,2.9828062068965515,2.742249020728828,ok
pitcher,2024,BB/9,skill,high_innings,IP,100,0,common_all,"[""ATC"", ""Steamer""]",Steamer,464b7b2227a627dd6e7d7769,True,116,0.5876900899315932,0.7365862881417818,0.2698524289116111,0.47262404858899854,0.4700188367354784,27.051724137931036,0.23523238380809597,3.012101449640439,2.742249020728828,ok
pitcher,2024,HR/9,skill,all_matched,IP,0,0,common_all,"[""ATC"", ""Steamer""]",ATC,106dc39a805f0e08a8300ba4,True,622,0.5933944741588453,1.1400667453933984,-0.11535590368242288,0.27145729006419983,0.3579762031313053,158.00321543408361,0.25443351921752594,1.19587584244373,1.311231746126153,ok
pitcher,2024,HR/9,skill,all_matched,IP,0,0,common_all,"[""ATC"", ""Steamer""]",Steamer,106dc39a805f0e08a8300ba4,True,622,0.5984163944510879,1.1477894550985286,-0.1043796555740158,0.23997977181214883,0.3543224166667785,162.2427652733119,0.261260491583433,1.206852090552137,1.311231746126153,ok
pitcher,2024,HR/9,skill,substantial_innings,IP,40,0,common_all,"[""ATC"", ""Steamer""]",ATC,18ee057346fde7411d21e74c,True,361,0.310311505456291,0.4047841776697103,0.09837193051095568,0.3900961707480944,0.42945275781559683,87.87534626038781,0.2440981840566328,1.185467490304709,1.0870955597937535,ok
pitcher,2024,HR/9,skill,substantial_innings,IP,40,0,common_all,"[""ATC"", ""Steamer""]",Steamer,18ee057346fde7411d21e74c,True,361,0.30788400099368585,0.3974368167870478,0.11393491122345271,0.4405886600378724,0.4563367632262274,85.78947368421052,0.23830409356725143,1.2010304710172062,1.0870955597937535,ok
pitcher,2024,HR/9,skill,high_innings,IP,100,0,common_all,"[""ATC"", ""Steamer""]",ATC,06f7244a6693095ed5d59090,True,116,0.2224483197975263,0.2752246519731747,0.11272314815230457,0.5984742538389597,0.5865990081882135,24.224137931034484,0.21064467766116943,1.256560448275862,1.1438373001235576,ok
pitcher,2024,HR/9,skill,high_innings,IP,100,0,common_all,"[""ATC"", ""Steamer""]",Steamer,06f7244a6693095ed5d59090,True,116,0.2232790710095596,0.27779782247305423,0.12490407324626936,0.6104190612262071,0.5964633068081344,23.362068965517242,0.20314842578710646,1.268741373369827,1.1438373001235576,ok
pitcher,2024,K%,skill,all_matched,IP,0,0,common_all,"[""ATC"", ""Steamer""]",ATC,3a4eb945009fe9c6e725dccd,True,622,0.039717688810289385,0.055871878689418696,0.00794323504823151,0.525996814117885,0.5638780264206816,127.4807073954984,0.20528294266585895,0.22879281672025725,0.22084958167202573,ok
pitcher,2024,K%,skill,all_matched,IP,0,0,common_all,"[""ATC"", ""Steamer""]",Steamer,3a4eb945009fe9c6e725dccd,True,622,0.039301290165303246,0.05532216637684372,0.003863837460961808,0.5247169156715673,0.5585574691347988,129.92926045016077,0.20922586223858416,0.22471341913298754,0.22084958167202573,ok
pitcher,2024,K%,skill,substantial_innings,IP,40,0,common_all,"[""ATC"", ""Steamer""]",ATC,1ec8b61e927208625f268e50,True,361,0.028507289307479228,0.03734501863100735,-1.9276398891966255e-05,0.6891166280047105,0.6792724386243265,62.67313019390582,0.17409202831640505,0.23207662049861497,0.23209589689750693,ok
pitcher,2024,K%,skill,substantial_innings,IP,40,0,common_all,"[""ATC"", ""Steamer""]",Steamer,1ec8b61e927208625f268e50,True,361,0.028471349340802244,0.036896709418846166,-0.004005930602916113,0.6964006538151218,0.6839176493135548,63.67590027700831,0.17687750076946754,0.22808996629459083,0.23209589689750693,ok
pitcher,2024,K%,skill,high_innings,IP,100,0,common_all,"[""ATC"", ""Steamer""]",ATC,b2e3cb1bbd982a473ff77f19,True,116,0.022586687931034487,0.03003850170914775,0.0020237201724137943,0.7225203090776452,0.7238202510685939,18.336206896551722,0.15944527736131933,0.22558070689655174,0.22355698672413793,ok
pitcher,2024,K%,skill,high_innings,IP,100,0,common_all,"[""ATC"", ""Steamer""]",Steamer,b2e3cb1bbd982a473ff77f19,True,116,0.023953755320332934,0.03091042863332468,-0.002770103295799687,0.699817995003414,0.6844244885733025,20.31896551724138,0.1766866566716642,0.22078688342833824,0.22355698672413793,ok
pitcher,2024,BB%,skill,all_matched,IP,0,0,common_all,"[""ATC"", ""Steamer""]",ATC,27ff1210d31804bd0bd59c28,True,622,0.02528615350482315,0.038741934515639585,-0.00038666479099678467,0.42787101994153304,0.447173064939395,142.08842443729904,0.22880583645297753,0.08954796800643088,0.08993463279742765,ok
pitcher,2024,BB%,skill,all_matched,IP,0,0,common_all,"[""ATC"", ""Steamer""]",Steamer,27ff1210d31804bd0bd59c28,True,622,0.02581737027776783,0.03926412391558739,-0.001751487748257403,0.40245909726363527,0.4209831718140144,148.7411575562701,0.23951877223231902,0.08818314504917024,0.08993463279742765,ok
pitcher,2024,BB%,skill,substantial_innings,IP,40,0,common_all,"[""ATC"", ""Steamer""]",ATC,6e53d63e2126cf9751357e39,True,361,0.016005084736842107,0.02082033743092191,0.0036210564819944596,0.5844077299358653,0.5689626740617051,72.79501385041551,0.20220837180670975,0.08612483601108033,0.08250377952908587,ok
pitcher,2024,BB%,skill,substantial_innings,IP,40,0,common_all,"[""ATC"", ""Steamer""]",Steamer,6e53d63e2126cf9751357e39,True,361,0.016403804026176225,0.020831377639090452,0.0031649363152890715,0.566647848562642,0.5430062182920687,76.73130193905817,0.2131425053862727,0.08566871584437494,0.08250377952908587,ok
pitcher,2024,BB%,skill,high_innings,IP,100,0,common_all,"[""ATC"", ""Steamer""]",ATC,80f3da544a656e063820568d,True,116,0.0138009325,0.017481528932225,0.005536670603448277,0.5336747989383245,0.5209933494791066,25.06896551724138,0.21799100449775113,0.07816447672413793,0.07262780612068966,ok
pitcher,2024,BB%,skill,high_innings,IP,100,0,common_all,"[""ATC"", ""Steamer""]",Steamer,80f3da544a656e063820568d,True,116,0.014082771089140233,0.01768251505290786,0.005468459543119402,0.494307763071748,0.4857033021950563,26.844827586206897,0.23343328335832084,0.07809626566380906,0.07262780612068966,ok
pitcher,2024,K-BB%,skill,all_matched,IP,0,0,common_all,"[""ATC"", ""Steamer""]",ATC,d11bb1bfa70e831b297da3b4,True,622,0.04970987435482499,0.07151431202989403,0.008329914281384156,0.41377684677515586,0.45773288929063755,144.81511254019293,0.2331966385510353,0.13924486384730056,0.1309149495659164,ok
pitcher,2024,K-BB%,skill,all_matched,IP,0,0,common_all,"[""ATC"", ""Steamer""]",Steamer,d11bb1bfa70e831b297da3b4,True,622,0.04971961915560655,0.07122836975059063,0.005615324517900883,0.40763736168452863,0.44158195427716884,148.34083601286173,0.23887413206579988,0.13653027408381727,0.1309149495659164,ok
pitcher,2024,K-BB%,skill,substantial_innings,IP,40,0,common_all,"[""ATC"", ""Steamer""]",ATC,2b24052f0d6bb1b255603b61,True,361,0.03496559520232663,0.04624538855724088,-0.0036403160535541856,0.556315503589078,0.5568889325350694,73.85318559556787,0.2051477377654663,0.14595180225669513,0.1495921183102493,ok
pitcher,2024,K-BB%,skill,substantial_innings,IP,40,0,common_all,"[""ATC"", ""Steamer""]",Steamer,2b24052f0d6bb1b255603b61,True,361,0.035127109078527015,0.04575050130193946,-0.00717086786003344,0.5634980007323951,0.5552109385267195,76.3573407202216,0.21210372422283777,0.14242125045021586,0.1495921183102493,ok
pitcher,2024,K-BB%,skill,high_innings,IP,100,0,common_all,"[""ATC"", ""Steamer""]",ATC,bb388fa300423f32f66ad05a,True,116,0.02726135024352378,0.03779350947907375,-0.0035129757928082854,0.6276105914366837,0.6701264752239265,19.810344827586206,0.17226386806596702,0.1474162068796055,0.1509291826724138,ok
pitcher,2024,K-BB%,skill,high_innings,IP,100,0,common_all,"[""ATC"", ""Steamer""]",Steamer,bb388fa300423f32f66ad05a,True,116,0.03040997918640395,0.04001516429717746,-0.008238564907884606,0.5843304809398832,0.6046668973205704,22.862068965517242,0.19880059970014993,0.1426906177645292,0.1509291826724138,ok
pitcher,2024,FIP,skill,all_matched,IP,0,0,common_all,"[""ATC"", ""Steamer""]",ATC,ef1ca3b907309abbfba50203,True,622,1.0992313045322784,2.0124797879015675,-0.19463513607062058,0.2921014059454731,0.39609502523651285,154.07073954983923,0.24810102987091665,4.332203231511254,4.526838367581875,ok
pitcher,2024,FIP,skill,all_matched,IP,0,0,common_all,"[""ATC"", ""Steamer""]",Steamer,ef1ca3b907309abbfba50203,True,622,1.1062754402342694,2.022647730819243,-0.1805568556234264,0.2742601047098001,0.38300825038811454,155.59967845659165,0.25056308930207993,4.346281511958448,4.526838367581875,ok
pitcher,2024,FIP,skill,substantial_innings,IP,40,0,common_all,"[""ATC"", ""Steamer""]",ATC,00cec0d10ff2d6b5a535edb0,True,361,0.6560257995048272,0.8463909191756246,0.2659495780111926,0.41727535812192595,0.44573454281757746,85.87257617728532,0.23853493382579258,4.246822271468144,3.9808726934569516,ok
pitcher,2024,FIP,skill,substantial_innings,IP,40,0,common_all,"[""ATC"", ""Steamer""]",Steamer,00cec0d10ff2d6b5a535edb0,True,361,0.6520018587409288,0.8322929864273809,0.2969597038237945,0.4558645044550144,0.45965816757682165,85.49030470914127,0.23747306863650353,4.277832397280745,3.9808726934569516,ok
pitcher,2024,FIP,skill,high_innings,IP,100,0,common_all,"[""ATC"", ""Steamer""]",ATC,a02c7f518dfdc84feb0f32fe,True,116,0.5059517605268059,0.610196357433921,0.3056165813776241,0.6151122615088448,0.612024756852343,23.155172413793103,0.20134932533733133,4.295070603448275,3.989454022070652,ok
pitcher,2024,FIP,skill,high_innings,IP,100,0,common_all,"[""ATC"", ""Steamer""]",Steamer,a02c7f518dfdc84feb0f32fe,True,116,0.5365745854242895,0.6512404515059411,0.3479324570421653,0.5767013480502639,0.5662937761888287,24.551724137931036,0.21349325337331335,4.3373864791128165,3.989454022070652,ok
pitcher,2024,BABIP,skill,all_matched,IP,0,0,common_all,"[""ATC"", ""Steamer""]",ATC,e7ad7001ceda72af197420c4,True,622,0.04786230101860687,0.07144722588904642,0.0038427935184855884,0.17743948738323712,0.18091067381344028,184.0048231511254,0.2963040630452905,0.29756213344051446,0.29371933992202887,ok
pitcher,2024,BABIP,skill,all_matched,IP,0,0,common_all,"[""ATC"", ""Steamer""]",Steamer,e7ad7001ceda72af197420c4,True,622,0.047160506332237444,0.07121592859151686,0.0017649519612609227,0.2211254048335999,0.2544247181088363,178.2395498392283,0.28702020908088294,0.2954842918832898,0.29371933992202887,ok
pitcher,2024,BABIP,skill,substantial_innings,IP,40,0,common_all,"[""ATC"", ""Steamer""]",ATC,c8ca517225ea3ed3baa1731c,True,361,0.0293086064195295,0.03786383494195223,0.010208002108034785,0.21941276050495137,0.20665597401194688,105.54847645429363,0.2931902123730379,0.2970227728531856,0.2868147707451508,ok
pitcher,2024,BABIP,skill,substantial_innings,IP,40,0,common_all,"[""ATC"", ""Steamer""]",Steamer,c8ca517225ea3ed3baa1731c,True,361,0.028480989240953294,0.03664526383931651,0.008756095853937315,0.32651672318318636,0.3140037421752374,98.63434903047091,0.2739843028624192,0.2955708665990881,0.2868147707451508,ok
pitcher,2024,BABIP,skill,high_innings,IP,100,0,common_all,"[""ATC"", ""Steamer""]",ATC,cc65334f3397b55b2ef9d34c,True,116,0.020594125967724412,0.025992373763912776,0.008864265939265006,0.30118832331137263,0.28075631560486186,33.13793103448276,0.28815592203898055,0.29409068103448277,0.28522641509521773,ok
pitcher,2024,BABIP,skill,high_innings,IP,100,0,common_all,"[""ATC"", ""Steamer""]",Steamer,cc65334f3397b55b2ef9d34c,True,116,0.020729207419326764,0.02611889624892729,0.010726364534057124,0.3769747631865805,0.3503408879045566,30.267241379310345,0.26319340329835084,0.29595277962927485,0.28522641509521773,ok
pitcher,2025,W,fantasy_outcome,all_matched,IP,0,0,common_all,"[""ATC"", ""OOPSY"", ""RotoWire"", ""Steamer""]",ATC,b0b9fe02606b7bdf3abedf60,True,558,2.263347240143369,2.9692079418727313,0.39337861290322584,0.646307038411171,0.5695300512165805,113.59856630824373,0.20394715674729574,4.01703452688172,3.6236559139784945,ok
pitcher,2025,W,fantasy_outcome,all_matched,IP,0,0,common_all,"[""ATC"", ""OOPSY"", ""RotoWire"", ""Steamer""]",OOPSY,b0b9fe02606b7bdf3abedf60,True,558,2.2885304659498207,3.081043904461382,0.34229390681003585,0.6298414345569867,0.5693532724398642,111.4820788530466,0.20014735880259713,3.9659498207885306,3.6236559139784945,ok
pitcher,2025,W,fantasy_outcome,all_matched,IP,0,0,common_all,"[""ATC"", ""OOPSY"", ""RotoWire"", ""Steamer""]",RotoWire,b0b9fe02606b7bdf3abedf60,True,558,2.4551971326164876,3.218450394066701,0.4444444444444444,0.611497409729815,0.524056869963941,120.03405017921148,0.21550098775441917,4.068100358422939,3.6236559139784945,ok
pitcher,2025,W,fantasy_outcome,all_matched,IP,0,0,common_all,"[""ATC"", ""OOPSY"", ""RotoWire"", ""Steamer""]",Steamer,b0b9fe02606b7bdf3abedf60,True,558,2.301529930417149,3.018901255273199,0.6359711467926007,0.6516348067598817,0.6042429555799769,106.17921146953405,0.19062695057366977,4.259627060771095,3.6236559139784945,ok
pitcher,2025,W,fantasy_outcome,substantial_innings,IP,40,0,common_all,"[""ATC"", ""OOPSY"", ""RotoWire"", ""Steamer""]",ATC,6ded1cb78c2ce2e07a9c4012,True,331,2.5089251510574018,3.295946846922745,-0.39695240785498487,0.5634716980762935,0.48490086848996566,74.3202416918429,0.22521285361164514,5.1861291631419935,5.5830815709969785,ok
pitcher,2025,W,fantasy_outcome,substantial_innings,IP,40,0,common_all,"[""ATC"", ""OOPSY"", ""RotoWire"", ""Steamer""]",OOPSY,6ded1cb78c2ce2e07a9c4012,True,331,2.5861027190332324,3.4841028701328085,-0.4652567975830816,0.5533299375154639,0.4716958511645549,73.39577039274924,0.22241142543257347,5.117824773413897,5.5830815709969785,ok
pitcher,2025,W,fantasy_outcome,substantial_innings,IP,40,0,common_all,"[""ATC"", ""OOPSY"", ""RotoWire"", ""Steamer""]",RotoWire,6ded1cb78c2ce2e07a9c4012,True,331,2.743202416918429,3.496221525401784,-0.338368580060423,0.5512544384882233,0.4921344164330663,75.57099697885197,0.22900302114803625,5.244712990936556,5.5830815709969785,ok
pitcher,2025,W,fantasy_outcome,substantial_innings,IP,40,0,common_all,"[""ATC"", ""OOPSY"", ""RotoWire"", ""Steamer""]",Steamer,6ded1cb78c2ce2e07a9c4012,True,331,2.519649546863539,3.303148837155878,-0.05610574247298644,0.562247216830946,0.5009968195969304,72.00604229607251,0.21820012816991669,5.526975828523993,5.5830815709969785,ok
pitcher,2025,W,fantasy_outcome,high_innings,IP,100,0,common_all,"[""ATC"", ""OOPSY"", ""RotoWire"", ""Steamer""]",ATC,98bc4ecb883366493051f0e8,True,111,3.06885472972973,3.7872475422258476,-1.2038995945945947,0.3856549570165841,0.4019695604740884,28.01801801801802,0.2547092547092547,8.057361666666667,9.26126126126126,ok
pitcher,2025,W,fantasy_outcome,high_innings,IP,100,0,common_all,"[""ATC"", ""OOPSY"", ""RotoWire"", ""Steamer""]",OOPSY,98bc4ecb883366493051f0e8,True,111,3.4594594594594597,4.2722654707136645,-1.135135135135135,0.3555178046530395,0.3544236083052871,28.513513513513512,0.2592137592137592,8.126126126126126,9.26126126126126,ok
pitcher,2025,W,fantasy_outcome,high_innings,IP,100,0,common_all,"[""ATC"", ""OOPSY"", ""RotoWire"", ""Steamer""]",RotoWire,98bc4ecb883366493051f0e8,True,111,3.108108108108108,3.7883177468833513,-1.054054054054054,0.42596097291000073,0.425219736659254,27.74774774774775,0.2522522522522523,8.207207207207206,9.26126126126126,ok
pitcher,2025,W,fantasy_outcome,high_innings,IP,100,0,common_all,"[""ATC"", ""OOPSY"", ""RotoWire"", ""Steamer""]",Steamer,98bc4ecb883366493051f0e8,True,111,2.9189495398654595,3.668959807258182,-0.6150054332909284,0.3318788690654648,0.40124679180084616,27.135135135135137,0.2466830466830467,8.646255827970332,9.26126126126126,ok
pitcher,2025,SV,fantasy_outcome,all_matched,IP,0,0,common_all,"[""ATC"", ""OOPSY"", ""RotoWire"", ""Steamer""]",ATC,527972e5db1186d2b7f2aebd,True,558,1.4456443144551971,3.620820551073473,-0.0017080383405017774,0.7918114139548842,0.5158167739870616,104.77777777777777,0.1881109116297626,1.86209124481362,1.863799283154122,ok
pitcher,2025,SV,fantasy_outcome,all_matched,IP,0,0,common_all,"[""ATC"", ""OOPSY"", ""RotoWire"", ""Steamer""]",OOPSY,527972e5db1186d2b7f2aebd,True,558,1.3835125448028673,3.656878430660613,-0.12186379928315412,0.7953840542796025,0.5100709803970983,75.99283154121864,0.13643237260541946,1.7419354838709677,1.863799283154122,ok
pitcher,2025,SV,fantasy_outcome,all_matched,IP,0,0,common_all,"[""ATC"", ""OOPSY"", ""RotoWire"", ""Steamer""]",RotoWire,527972e5db1186d2b7f2aebd,True,558,1.60752688172043,3.9365487131000068,0.24551971326164876,0.7759751734974557,0.5078868515056675,79.60394265232975,0.1429155164314717,2.109318996415771,1.863799283154122,ok
pitcher,2025,SV,fantasy_outcome,all_matched,IP,0,0,common_all,"[""ATC"", ""OOPSY"", ""RotoWire"", ""Steamer""]",Steamer,527972e5db1186d2b7f2aebd,True,558,1.3852957099355676,3.6659543652743847,-0.0891845746493254,0.7948917184957038,0.5074456107071275,75.96236559139786,0.13637767610663887,1.7746147085047965,1.863799283154122,ok
pitcher,2025,SV,fantasy_outcome,substantial_innings,IP,40,0,common_all,"[""ATC"", ""OOPSY"", ""RotoWire"", ""Steamer""]",ATC,3a36a792d6fdce10d8dc1648,True,331,1.8011375560755287,4.273290553497811,-0.4742136540755286,0.8119805913542104,0.6512611309591243,47.58006042296073,0.14418200128169917,2.3747289441117823,2.8489425981873113,ok
pitcher,2025,SV,fantasy_outcome,substantial_innings,IP,40,0,common_all,"[""ATC"", ""OOPSY"", ""RotoWire"", ""Steamer""]",OOPSY,3a36a792d6fdce10d8dc1648,True,331,1.755287009063444,4.205808097413131,-0.5649546827794562,0.823276690014293,0.5851036542740338,50.83081570996979,0.15403277487869635,2.283987915407855,2.8489425981873113,ok
pitcher,2025,SV,fantasy_outcome,substantial_innings,IP,40,0,common_all,"[""ATC"", ""OOPSY"", ""RotoWire"", ""Steamer""]",RotoWire,3a36a792d6fdce10d8dc1648,True,331,1.8851963746223566,4.506457267044467,-0.2537764350453172,0.801915564485915,0.6437941414120483,39.809667673716014,0.12063535658701822,2.595166163141994,2.8489425981873113,ok
pitcher,2025,SV,fantasy_outcome,substantial_innings,IP,40,0,common_all,"[""ATC"", ""OOPSY"", ""RotoWire"", ""Steamer""]",Steamer,3a36a792d6fdce10d8dc1648,True,331,1.743048354037939,4.1793216312859185,-0.5287522475524972,0.8251657028498157,0.5862379300811206,50.64350453172205,0.1534651652476426,2.320190350634814,2.8489425981873113,ok
pitcher,2025,SV,fantasy_outcome,high_innings,IP,100,0,common_all,"[""ATC"", ""OOPSY"", ""RotoWire"", ""Steamer""]",ATC,ca7d5bfd9d9f81ad3c6299b7,True,111,0.06717025316216216,0.24880605258390567,-0.03781543656756756,0.02920653256473868,0.1625484600810422,10.297297297297296,0.0936117936117936,0.016238617486486487,0.05405405405405406,ok
pitcher,2025,SV,fantasy_outcome,high_innings,IP,100,0,common_all,"[""ATC"", ""OOPSY"", ""RotoWire"", ""Steamer""]",OOPSY,ca7d5bfd9d9f81ad3c6299b7,True,111,0.05405405405405406,0.23249527748763857,-0.05405405405405406,,,5.675675675675675,0.051597051597051594,0.0,0.05405405405405406,constant_series
pitcher,2025,SV,fantasy_outcome,high_innings,IP,100,0,common_all,"[""ATC"", ""OOPSY"", ""RotoWire"", ""Steamer""]",RotoWire,ca7d5bfd9d9f81ad3c6299b7,True,111,0.05405405405405406,0.23249527748763857,-0.036036036036036036,0.26713861688100365,0.2671386168810037,4.81981981981982,0.04381654381654382,0.018018018018018018,0.05405405405405406,ok
pitcher,2025,SV,fantasy_outcome,high_innings,IP,100,0,common_all,"[""ATC"", ""OOPSY"", ""RotoWire"", ""Steamer""]",Steamer,ca7d5bfd9d9f81ad3c6299b7,True,111,0.05405405405405406,0.23249527748763857,-0.05405405405405406,,,5.675675675675675,0.051597051597051594,0.0,0.05405405405405406,constant_series
pitcher,2025,SO,fantasy_outcome,all_matched,IP,0,0,common_all,"[""ATC"", ""OOPSY"", ""RotoWire"", ""Steamer""]",ATC,858685954e2b43d6b5469f43,True,558,27.304559677419352,36.802906633033395,8.492107275985664,0.7344331622422533,0.6316098692418312,102.8225806451613,0.18460068338449065,67.4670176702509,58.97491039426523,ok
pitcher,2025,SO,fantasy_outcome,all_matched,IP,0,0,common_all,"[""ATC"", ""OOPSY"", ""RotoWire"", ""Steamer""]",OOPSY,858685954e2b43d6b5469f43,True,558,29.46415770609319,39.15274289223761,14.277777777777779,0.732067377746354,0.6448240174529276,101.1774193548387,0.1816470724503388,73.25268817204301,58.97491039426523,ok
pitcher,2025,SO,fantasy_outcome,all_matched,IP,0,0,common_all,"[""ATC"", ""OOPSY"", ""RotoWire"", ""Steamer""]",RotoWire,858685954e2b43d6b5469f43,True,558,30.801075268817204,41.15999467067899,6.854838709677419,0.6867350535549214,0.5685878101714462,111.88888888888889,0.20087771793337322,65.82974910394265,58.97491039426523,ok
pitcher,2025,SO,fantasy_outcome,all_matched,IP,0,0,common_all,"[""ATC"", ""OOPSY"", ""RotoWire"", ""Steamer""]",Steamer,858685954e2b43d6b5469f43,True,558,29.516189572418035,39.90376936247409,15.245247314694108,0.7344245752430015,0.6445003235943072,100.75806451612904,0.1808941912318295,74.22015770895933,58.97491039426523,ok
pitcher,2025,SO,fantasy_outcome,substantial_innings,IP,40,0,common_all,"[""ATC"", ""OOPSY"", ""RotoWire"", ""Steamer""]",ATC,1368a65f325e5c79d4d368f5,True,331,26.865772024169186,36.627979991654605,-2.711796193353474,0.7085272735944717,0.6129557063123027,61.46525679758308,0.18625835393206994,85.62959353474321,88.34138972809667,ok
pitcher,2025,SO,fantasy_outcome,substantial_innings,IP,40,0,common_all,"[""ATC"", ""OOPSY"", ""RotoWire"", ""Steamer""]",OOPSY,1368a65f325e5c79d4d368f5,True,331,27.65558912386707,37.90319997013221,4.519637462235649,0.6947385067313671,0.6027286118862649,62.42296072507553,0.18916048704568342,92.86102719033232,88.34138972809667,ok
pitcher,2025,SO,fantasy_outcome,substantial_innings,IP,40,0,common_all,"[""ATC"", ""OOPSY"", ""RotoWire"", ""Steamer""]",RotoWire,1368a65f325e5c79d4d368f5,True,331,31.785498489425983,41.977731112645415,-4.347432024169184,0.6694633597160452,0.5951477920399582,63.94259818731118,0.1937654490524581,83.99395770392749,88.34138972809667,ok
pitcher,2025,SO,fantasy_outcome,substantial_innings,IP,40,0,common_all,"[""ATC"", ""OOPSY"", ""RotoWire"", ""Steamer""]",Steamer,1368a65f325e5c79d4d368f5,True,331,27.63431895823637,38.69805925726857,6.059188486946313,0.7006294832265582,0.6048967285358823,62.06042296072508,0.18806188775977295,94.40057821504298,88.34138972809667,ok
pitcher,2025,SO,fantasy_outcome,high_innings,IP,100,0,common_all,"[""ATC"", ""OOPSY"", ""RotoWire"", ""Steamer""]",ATC,408438a0a70c45f795ef6847,True,111,29.495504864864866,37.13575339061427,-13.067007567567567,0.6814763624984124,0.6924126722078736,19.81081081081081,0.1800982800982801,126.85191135135135,139.9189189189189,ok
pitcher,2025,SO,fantasy_outcome,high_innings,IP,100,0,common_all,"[""ATC"", ""OOPSY"", ""RotoWire"", ""Steamer""]",OOPSY,408438a0a70c45f795ef6847,True,111,29.34234234234234,36.82794180099259,-5.648648648648648,0.6553989795286079,0.683567221221531,20.37837837837838,0.18525798525798526,134.27027027027026,139.9189189189189,ok
pitcher,2025,SO,fantasy_outcome,high_innings,IP,100,0,common_all,"[""ATC"", ""OOPSY"", ""RotoWire"", ""Steamer""]",RotoWire,408438a0a70c45f795ef6847,True,111,31.117117117117118,38.33940414129972,-11.405405405405405,0.6630381369814036,0.6582010721727122,20.74774774774775,0.18861588861588863,128.51351351351352,139.9189189189189,ok
pitcher,2025,SO,fantasy_outcome,high_innings,IP,100,0,common_all,"[""ATC"", ""OOPSY"", ""RotoWire"", ""Steamer""]",Steamer,408438a0a70c45f795ef6847,True,111,28.054669460734807,36.25200405691003,-1.8757248300689835,0.6720761439234483,0.7043086059093334,19.144144144144143,0.17403767403767403,138.04319408884993,139.9189189189189,ok
pitcher,2025,ERA,fantasy_outcome,all_matched,IP,0,0,common_all,"[""ATC"", ""OOPSY"", ""RotoWire"", ""Steamer""]",ATC,a78c92be510d03b646d5e0bd,True,558,1.6396751326556687,2.551107120834495,-0.6166269554971952,0.2941147259559844,0.32338496137089606,149.19175627240142,0.26784875452854834,4.12777729390681,4.744404249404005,ok
pitcher,2025,ERA,fantasy_outcome,all_matched,IP,0,0,common_all,"[""ATC"", ""OOPSY"", ""RotoWire"", ""Steamer""]",OOPSY,a78c92be510d03b646d5e0bd,True,558,1.646315921797905,2.59648172816302,-0.7686477440276611,0.282734178562393,0.3348028370902406,147.49462365591398,0.26480183780235905,3.9757565053763444,4.744404249404005,ok
pitcher,2025,ERA,fantasy_outcome,all_matched,IP,0,0,common_all,"[""ATC"", ""OOPSY"", ""RotoWire"", ""Steamer""]",RotoWire,a78c92be510d03b646d5e0bd,True,558,2.028265462922106,3.4318136324532684,-0.5246551454613528,0.08124963295862113,0.17963345871784123,162.91935483870967,0.29249435339086116,4.219749103942652,4.744404249404005,ok
pitcher,2025,ERA,fantasy_outcome,all_matched,IP,0,0,common_all,"[""ATC"", ""OOPSY"", ""RotoWire"", ""Steamer""]",Steamer,a78c92be510d03b646d5e0bd,True,558,1.6336009833835694,2.5767874376008044,-0.7042172876172086,0.303222734971811,0.3565063578521223,146.1451612903226,0.2623791046504894,4.040186961786796,4.744404249404005,ok
pitcher,2025,ERA,fantasy_outcome,substantial_innings,IP,40,0,common_all,"[""ATC"", ""OOPSY"", ""RotoWire"", ""Steamer""]",ATC,c1d0892fad5beeb566f8ca45,True,331,0.9079528302469906,1.1433139502816176,0.10841822954832077,0.3925298524611008,0.36151393331384873,83.63141993957704,0.2534285452714456,4.041036344410876,3.9326181148625556,ok
pitcher,2025,ERA,fantasy_outcome,substantial_innings,IP,40,0,common_all,"[""ATC"", ""OOPSY"", ""RotoWire"", ""Steamer""]",OOPSY,c1d0892fad5beeb566f8ca45,True,331,0.8788175840659109,1.1261246146526236,-0.019421891297600684,0.4153839263446184,0.3767048562406457,81.68580060422961,0.2475327291037261,3.9131962235649547,3.9326181148625556,ok
pitcher,2025,ERA,fantasy_outcome,substantial_innings,IP,40,0,common_all,"[""ATC"", ""OOPSY"", ""RotoWire"", ""Steamer""]",RotoWire,c1d0892fad5beeb566f8ca45,True,331,1.2100211488220736,1.7919934946370546,0.0729407975241516,0.12405421163718947,0.22070174823817792,95.68277945619336,0.28994781653391927,4.005558912386706,3.9326181148625556,ok
pitcher,2025,ERA,fantasy_outcome,substantial_innings,IP,40,0,common_all,"[""ATC"", ""OOPSY"", ""RotoWire"", ""Steamer""]",Steamer,c1d0892fad5beeb566f8ca45,True,331,0.8820082868265146,1.1111096515708907,0.0533493900588372,0.448939228560694,0.4069097285300926,82.04531722054381,0.2486221733955873,3.9859675049213927,3.9326181148625556,ok
pitcher,2025,ERA,fantasy_outcome,high_innings,IP,100,0,common_all,"[""ATC"", ""OOPSY"", ""RotoWire"", ""Steamer""]",ATC,f47d8c85e190fa7a61effc0b,True,111,0.7160045717224596,0.8827066017793864,0.09349056545414491,0.5037282864183985,0.4577800495361347,25.82882882882883,0.2348075348075348,4.10278018018018,4.009289614726035,ok
pitcher,2025,ERA,fantasy_outcome,high_innings,IP,100,0,common_all,"[""ATC"", ""OOPSY"", ""RotoWire"", ""Steamer""]",OOPSY,f47d8c85e190fa7a61effc0b,True,111,0.6918228110592256,0.872332223517278,0.02595759248117194,0.5117870134446627,0.47665074730447116,25.18018018018018,0.22891072891072892,4.035247207207207,4.009289614726035,ok
pitcher,2025,ERA,fantasy_outcome,high_innings,IP,100,0,common_all,"[""ATC"", ""OOPSY"", ""RotoWire"", ""Steamer""]",RotoWire,f47d8c85e190fa7a61effc0b,True,111,0.852139537941455,1.1763051954924368,-0.008028353464773999,0.2984418301140747,0.3802039463444242,28.18018018018018,0.25618345618345617,4.001261261261261,4.009289614726035,ok
pitcher,2025,ERA,fantasy_outcome,high_innings,IP,100,0,common_all,"[""ATC"", ""OOPSY"", ""RotoWire"", ""Steamer""]",Steamer,f47d8c85e190fa7a61effc0b,True,111,0.7079813296804417,0.874400334688062,0.0707982295155834,0.5162851486106377,0.4813453872979889,25.64864864864865,0.23316953316953318,4.080087844241619,4.009289614726035,ok
pitcher,2025,WHIP,fantasy_outcome,all_matched,IP,0,0,common_all,"[""ATC"", ""OOPSY"", ""RotoWire"", ""Steamer""]",ATC,4a03fead3f584c944095f1a2,True,558,0.26000480741710774,0.40087318370466185,-0.10490124379956298,0.2796261321185899,0.3267451151790683,146.5448028673835,0.26309659401684654,1.3017507688172043,1.4066520126167672,ok
pitcher,2025,WHIP,fantasy_outcome,all_matched,IP,0,0,common_all,"[""ATC"", ""OOPSY"", ""RotoWire"", ""Steamer""]",OOPSY,4a03fead3f584c944095f1a2,True,558,0.26113692566078955,0.40442373193391123,-0.117477120143649,0.2808348500013609,0.3308999566577967,146.76164874551972,0.26348590439052016,1.2891748924731183,1.4066520126167672,ok
pitcher,2025,WHIP,fantasy_outcome,all_matched,IP,0,0,common_all,"[""ATC"", ""OOPSY"", ""RotoWire"", ""Steamer""]",RotoWire,4a03fead3f584c944095f1a2,True,558,0.33159567551504876,0.5316828355708707,-0.10511079397877444,0.09394575434968178,0.21261865866102728,158.55017921146953,0.28465023197750366,1.3015412186379929,1.4066520126167672,ok
pitcher,2025,WHIP,fantasy_outcome,all_matched,IP,0,0,common_all,"[""ATC"", ""OOPSY"", ""RotoWire"", ""Steamer""]",Steamer,4a03fead3f584c944095f1a2,True,558,0.2594240131308488,0.39987085892162877,-0.10246462433009049,0.2957735138075566,0.3483036102935358,145.05555555555554,0.26042290045880706,1.3041873882866768,1.4066520126167672,ok
pitcher,2025,WHIP,fantasy_outcome,substantial_innings,IP,40,0,common_all,"[""ATC"", ""OOPSY"", ""RotoWire"", ""Steamer""]",ATC,a5356633683e141b92b12e39,True,331,0.14276499972659762,0.18464987166910146,0.02411271971104428,0.38867606336955857,0.3732966229071715,84.23867069486406,0.2552686990753456,1.2783801782477342,1.2542674585366897,ok
pitcher,2025,WHIP,fantasy_outcome,substantial_innings,IP,40,0,common_all,"[""ATC"", ""OOPSY"", ""RotoWire"", ""Steamer""]",OOPSY,a5356633683e141b92b12e39,True,331,0.13903932750106515,0.18017322451979603,0.017050487082645494,0.4193136023224134,0.4032494713818195,80.79154078549848,0.2448228508651469,1.2713179456193353,1.2542674585366897,ok
pitcher,2025,WHIP,fantasy_outcome,substantial_innings,IP,40,0,common_all,"[""ATC"", ""OOPSY"", ""RotoWire"", ""Steamer""]",RotoWire,a5356633683e141b92b12e39,True,331,0.20374216097168202,0.32181958166401853,0.010505955360591103,0.18222454621072054,0.269263927334748,90.87009063444108,0.2753639110134578,1.2647734138972808,1.2542674585366897,ok
pitcher,2025,WHIP,fantasy_outcome,substantial_innings,IP,40,0,common_all,"[""ATC"", ""OOPSY"", ""RotoWire"", ""Steamer""]",Steamer,a5356633683e141b92b12e39,True,331,0.14147938273684527,0.18133383433636555,0.033981853948812146,0.42573047672245745,0.39892489485544486,82.06042296072508,0.24866794836583356,1.288249312485502,1.2542674585366897,ok
pitcher,2025,WHIP,fantasy_outcome,high_innings,IP,100,0,common_all,"[""ATC"", ""OOPSY"", ""RotoWire"", ""Steamer""]",ATC,b43b4a9dcb3d0626fb8c844d,True,111,0.10969524510035537,0.14276908747138706,0.015429489155075589,0.6017241823072706,0.5464110214110214,22.9009009009009,0.20819000819000819,1.2610464774774774,1.245616988322402,ok
pitcher,2025,WHIP,fantasy_outcome,high_innings,IP,100,0,common_all,"[""ATC"", ""OOPSY"", ""RotoWire"", ""Steamer""]",OOPSY,b43b4a9dcb3d0626fb8c844d,True,111,0.10850310278962093,0.14211308479250753,0.019470399064985513,0.6112321468130429,0.5610916110916111,22.054054054054053,0.2004914004914005,1.2650873873873874,1.245616988322402,ok
pitcher,2025,WHIP,fantasy_outcome,high_innings,IP,100,0,common_all,"[""ATC"", ""OOPSY"", ""RotoWire"", ""Steamer""]",RotoWire,b43b4a9dcb3d0626fb8c844d,True,111,0.1352493128259267,0.2161557187299709,0.0018604891550756018,0.3594980384448498,0.4853627252520945,24.56756756756757,0.22334152334152335,1.2474774774774775,1.245616988322402,ok
pitcher,2025,WHIP,fantasy_outcome,high_innings,IP,100,0,common_all,"[""ATC"", ""OOPSY"", ""RotoWire"", ""Steamer""]",Steamer,b43b4a9dcb3d0626fb8c844d,True,111,0.11382685806320218,0.14808732914678763,0.03631354418238255,0.5921734787297332,0.5485170235170235,22.55855855855856,0.20507780507780507,1.2819305325047845,1.245616988322402,ok
pitcher,2025,QS,fantasy_outcome,all_matched,IP,0,0,common_all,"[""ATC"", ""OOPSY"", ""RotoWire"", ""Steamer""]",ATC,cfd729275fb1df4a4f376020,True,558,1.5922907989605735,3.1225921794466744,0.2461605971684588,0.7896040395375568,0.8174918356389114,65.92293906810036,0.11835357103788216,2.89311400218638,2.6469534050179213,ok
pitcher,2025,QS,fantasy_outcome,all_matched,IP,0,0,common_all,"[""ATC"", ""OOPSY"", ""RotoWire"", ""Steamer""]",OOPSY,cfd729275fb1df4a4f376020,True,558,2.1469534050179213,4.11788650248059,1.4731182795698925,0.78122608927557,0.8362697401687705,48.017921146953405,0.08620811696041904,4.120071684587813,2.6469534050179213,ok
pitcher,2025,QS,fantasy_outcome,all_matched,IP,0,0,common_all,"[""ATC"", ""OOPSY"", ""RotoWire"", ""Steamer""]",RotoWire,cfd729275fb1df4a4f376020,True,558,1.8082437275985663,3.544140502243326,0.568100358422939,0.7598294996341534,0.8013753127186092,57.65412186379928,0.10350829778060913,3.21505376344086,2.6469534050179213,ok
pitcher,2025,QS,fantasy_outcome,all_matched,IP,0,0,common_all,"[""ATC"", ""OOPSY"", ""RotoWire"", ""Steamer""]",Steamer,cfd729275fb1df4a4f376020,True,558,1.829182801911721,3.6566815089638243,0.9590645149303433,0.7910101290764506,0.8304052754225645,52.424731182795696,0.09411980463697611,3.6060179199482643,2.6469534050179213,ok
pitcher,2025,QS,fantasy_outcome,substantial_innings,IP,40,0,common_all,"[""ATC"", ""OOPSY"", ""RotoWire"", ""Steamer""]",ATC,9e90f648e72bbdd557b3a9b4,True,331,2.1652841302719033,3.6728618520638396,-0.04880083226586101,0.785559410445695,0.8602537906742317,35.07552870090635,0.10628948091183742,4.319779228157099,4.3685800604229605,ok
pitcher,2025,QS,fantasy_outcome,substantial_innings,IP,40,0,common_all,"[""ATC"", ""OOPSY"", ""RotoWire"", ""Steamer""]",OOPSY,9e90f648e72bbdd557b3a9b4,True,331,2.8731117824773413,4.73943410646744,1.7915407854984895,0.7750357254840535,0.8605118576578574,28.564954682779454,0.08656046873569531,6.16012084592145,4.3685800604229605,ok
pitcher,2025,QS,fantasy_outcome,substantial_innings,IP,40,0,common_all,"[""ATC"", ""OOPSY"", ""RotoWire"", ""Steamer""]",RotoWire,9e90f648e72bbdd557b3a9b4,True,331,2.3595166163141994,4.046930133388977,0.2990936555891239,0.7623841615900702,0.8412204931509498,32.27794561933535,0.09781195642222833,4.667673716012085,4.3685800604229605,ok
pitcher,2025,QS,fantasy_outcome,substantial_innings,IP,40,0,common_all,"[""ATC"", ""OOPSY"", ""RotoWire"", ""Steamer""]",Steamer,9e90f648e72bbdd557b3a9b4,True,331,2.510311791093688,4.263549632427497,1.104531113564788,0.782240863450074,0.8667883252091403,28.71299093655589,0.08700906344410876,5.473111173987749,4.3685800604229605,ok
pitcher,2025,QS,fantasy_outcome,high_innings,IP,100,0,common_all,"[""ATC"", ""OOPSY"", ""RotoWire"", ""Steamer""]",ATC,75bc07e4fcce368656759d70,True,111,3.9318473963963965,4.916956089883076,-2.171528837837838,0.4865262398844777,0.5230245191714142,24.684684684684683,0.2244062244062244,9.251894585585585,11.423423423423424,ok
pitcher,2025,QS,fantasy_outcome,high_innings,IP,100,0,common_all,"[""ATC"", ""OOPSY"", ""RotoWire"", ""Steamer""]",OOPSY,75bc07e4fcce368656759d70,True,111,4.207207207207207,5.122815948601242,1.4504504504504505,0.4517473784050812,0.518659036065847,24.945945945945947,0.2267813267813268,12.873873873873874,11.423423423423424,ok
pitcher,2025,QS,fantasy_outcome,high_innings,IP,100,0,common_all,"[""ATC"", ""OOPSY"", ""RotoWire"", ""Steamer""]",RotoWire,75bc07e4fcce368656759d70,True,111,4.063063063063063,5.131601439446884,-1.3963963963963963,0.4897267868160631,0.4911285315498222,24.792792792792792,0.2253890253890254,10.027027027027026,11.423423423423424,ok
pitcher,2025,QS,fantasy_outcome,high_innings,IP,100,0,common_all,"[""ATC"", ""OOPSY"", ""RotoWire"", ""Steamer""]",Steamer,75bc07e4fcce368656759d70,True,111,3.966463085968752,4.931911640318809,0.2975116966141237,0.4817258997378498,0.5181300635644613,25.45045045045045,0.23136773136773137,11.720935120037547,11.423423423423424,ok
pitcher,2025,SV_plus_HLD,fantasy_outcome,all_matched,IP,0,0,common_all,"[""ATC"", ""OOPSY"", ""RotoWire"", ""Steamer""]",ATC,ab7f99f9e2af7dd8099e205c,True,558,3.979496554942653,6.668813598589128,0.39796060612186385,0.7242246822932167,0.7481896097405115,86.44265232974911,0.15519327168716177,6.1846989573763445,5.78673835125448,ok
pitcher,2025,SV_plus_HLD,fantasy_outcome,all_matched,IP,0,0,common_all,"[""ATC"", ""OOPSY"", ""RotoWire"", ""Steamer""]",OOPSY,ab7f99f9e2af7dd8099e205c,True,558,3.9838709677419355,6.692825024609252,-0.11648745519713262,0.7175485579612771,0.7151997474500007,95.82795698924731,0.17204301075268819,5.670250896057348,5.78673835125448,ok
pitcher,2025,SV_plus_HLD,fantasy_outcome,all_matched,IP,0,0,common_all,"[""ATC"", ""OOPSY"", ""RotoWire"", ""Steamer""]",RotoWire,ab7f99f9e2af7dd8099e205c,True,558,4.39247311827957,7.661639305388771,0.12724014336917563,0.6602309455122649,0.6649548041088151,79.67562724014337,0.14304421407566134,5.913978494623656,5.78673835125448,ok
pitcher,2025,SV_plus_HLD,fantasy_outcome,all_matched,IP,0,0,common_all,"[""ATC"", ""OOPSY"", ""RotoWire"", ""Steamer""]",Steamer,ab7f99f9e2af7dd8099e205c,True,558,3.9401191777439526,6.6711630382195235,-0.21632775920693592,0.7212247221343756,0.6948452852483672,97.48745519713262,0.17502236121567796,5.570410592047544,5.78673835125448,ok
pitcher,2025,SV_plus_HLD,fantasy_outcome,substantial_innings,IP,40,0,common_all,"[""ATC"", ""OOPSY"", ""RotoWire"", ""Steamer""]",ATC,292177f088b9d2a1c186c9d8,True,331,3.770837415018127,6.690526287822711,-1.7577293431691843,0.8202507847809382,0.868176823419467,38.76737160120846,0.11747688364002563,6.562512348673716,8.3202416918429,ok
pitcher,2025,SV_plus_HLD,fantasy_outcome,substantial_innings,IP,40,0,common_all,"[""ATC"", ""OOPSY"", ""RotoWire"", ""Steamer""]",OOPSY,292177f088b9d2a1c186c9d8,True,331,4.169184290030212,7.143754799011427,-1.8972809667673716,0.7920243272340247,0.8284744682416453,44.92749244712991,0.13614391650645427,6.422960725075528,8.3202416918429,ok
pitcher,2025,SV_plus_HLD,fantasy_outcome,substantial_innings,IP,40,0,common_all,"[""ATC"", ""OOPSY"", ""RotoWire"", ""Steamer""]",RotoWire,292177f088b9d2a1c186c9d8,True,331,4.229607250755287,7.686060675073177,-2.205438066465257,0.7650507639748167,0.8124142900537655,36.1631419939577,0.10958527876956879,6.114803625377643,8.3202416918429,ok
pitcher,2025,SV_plus_HLD,fantasy_outcome,substantial_innings,IP,40,0,common_all,"[""ATC"", ""OOPSY"", ""RotoWire"", ""Steamer""]",Steamer,292177f088b9d2a1c186c9d8,True,331,4.06167008239337,7.061308427169037,-2.0157129701530825,0.8000953877520093,0.8200083483206517,45.11178247734139,0.13670237114345876,6.304528721689818,8.3202416918429,ok
pitcher,2025,SV_plus_HLD,fantasy_outcome,high_innings,IP,100,0,common_all,"[""ATC"", ""OOPSY"", ""RotoWire"", ""Steamer""]",ATC,0fae6346a176572fe2efd23c,True,111,0.3372535175765766,0.8144073810102483,0.1746437518108108,0.20142324708864795,0.3175937773601975,25.28828828828829,0.2298935298935299,0.30977888694594596,0.13513513513513514,ok
pitcher,2025,SV_plus_HLD,fantasy_outcome,high_innings,IP,100,0,common_all,"[""ATC"", ""OOPSY"", ""RotoWire"", ""Steamer""]",OOPSY,0fae6346a176572fe2efd23c,True,111,0.3963963963963964,0.7228571937267572,0.25225225225225223,0.2243731833547328,0.2403331047793165,24.972972972972972,0.227027027027027,0.38738738738738737,0.13513513513513514,ok
pitcher,2025,SV_plus_HLD,fantasy_outcome,high_innings,IP,100,0,common_all,"[""ATC"", ""OOPSY"", ""RotoWire"", ""Steamer""]",RotoWire,0fae6346a176572fe2efd23c,True,111,0.3063063063063063,1.065427207806866,0.10810810810810811,0.11750285561424113,0.1443071752769335,7.900900900900901,0.07182637182637182,0.24324324324324326,0.13513513513513514,ok
pitcher,2025,SV_plus_HLD,fantasy_outcome,high_innings,IP,100,0,common_all,"[""ATC"", ""OOPSY"", ""RotoWire"", ""Steamer""]",Steamer,0fae6346a176572fe2efd23c,True,111,0.30385765674951914,0.6197345047583322,0.11147387231792416,0.2063788779709758,0.16319433977609316,25.98198198198198,0.2361998361998362,0.2466090074530593,0.13513513513513514,ok
pitcher,2025,IP,opportunity,all_matched,IP,0,0,common_all,"[""ATC"", ""OOPSY"", ""RotoWire"", ""Steamer""]",ATC,8a7c5a36f7355ffcce7f30a0,True,558,27.21901415770609,37.235940072305915,7.328218781362008,0.7349736572560687,0.6431551264286218,101.69534050179212,0.18257691292960881,69.69470623655914,62.36648745519713,ok
pitcher,2025,IP,opportunity,all_matched,IP,0,0,common_all,"[""ATC"", ""OOPSY"", ""RotoWire"", ""Steamer""]",OOPSY,8a7c5a36f7355ffcce7f30a0,True,558,28.79763734767025,39.51394670125676,13.318845519713262,0.7327194085617799,0.6545988291988102,99.24014336917563,0.17816901861611423,75.6853329749104,62.36648745519713,ok
pitcher,2025,IP,opportunity,all_matched,IP,0,0,common_all,"[""ATC"", ""OOPSY"", ""RotoWire"", ""Steamer""]",RotoWire,8a7c5a36f7355ffcce7f30a0,True,558,31.14390681003584,41.24594582010433,3.8234767025089615,0.6823791721684331,0.5660094086023135,113.25627240143369,0.20333262549629028,66.18996415770609,62.36648745519713,ok
pitcher,2025,IP,opportunity,all_matched,IP,0,0,common_all,"[""ATC"", ""OOPSY"", ""RotoWire"", ""Steamer""]",Steamer,8a7c5a36f7355ffcce7f30a0,True,558,29.110658108632624,40.219030111409204,14.52069211946166,0.7349764195262407,0.654631069111881,99.18996415770609,0.17807893026518148,76.88717957465879,62.36648745519713,ok
pitcher,2025,IP,opportunity,substantial_innings,IP,40,0,common_all,"[""ATC"", ""OOPSY"", ""RotoWire"", ""Steamer""]",ATC,f66732e6afb796d76d98be75,True,331,26.620422960725076,37.30656377562254,-4.733030815709967,0.7037844199301857,0.6033628451146491,63.096676737160124,0.19120205071866705,88.36727129909366,93.10030211480363,ok
pitcher,2025,IP,opportunity,substantial_innings,IP,40,0,common_all,"[""ATC"", ""OOPSY"", ""RotoWire"", ""Steamer""]",OOPSY,f66732e6afb796d76d98be75,True,331,26.29604018126888,38.08825576952029,2.719669788519639,0.6934063563353376,0.5984959271102318,63.616314199395774,0.19277670969513871,95.81997190332326,93.10030211480363,ok
pitcher,2025,IP,opportunity,substantial_innings,IP,40,0,common_all,"[""ATC"", ""OOPSY"", ""RotoWire"", ""Steamer""]",RotoWire,f66732e6afb796d76d98be75,True,331,32.366767371601206,42.2813979938483,-8.885800604229605,0.6664860311987701,0.5886295914292876,64.93655589123867,0.19677744209466264,84.21450151057402,93.10030211480363,ok
pitcher,2025,IP,opportunity,substantial_innings,IP,40,0,common_all,"[""ATC"", ""OOPSY"", ""RotoWire"", ""Steamer""]",Steamer,f66732e6afb796d76d98be75,True,331,26.52486532850928,38.86678838259563,4.558641096040202,0.6954035367760211,0.6006277288770698,63.220543806646525,0.19157740547468644,97.65894321084383,93.10030211480363,ok
pitcher,2025,IP,opportunity,high_innings,IP,100,0,common_all,"[""ATC"", ""OOPSY"", ""RotoWire"", ""Steamer""]",ATC,5c991a9e8249dc35414ae71e,True,111,31.74680990990991,40.75768498473908,-18.7163054054054,0.4789654630447368,0.4878119419818054,25.82882882882883,0.2348075348075348,134.162072972973,152.8783783783784,ok
pitcher,2025,IP,opportunity,high_innings,IP,100,0,common_all,"[""ATC"", ""OOPSY"", ""RotoWire"", ""Steamer""]",OOPSY,5c991a9e8249dc35414ae71e,True,111,30.030113333333333,39.13548547357961,-10.767050270270266,0.4388353892328239,0.42251528059563104,27.90990990990991,0.25372645372645375,142.1113281081081,152.8783783783784,ok
pitcher,2025,IP,opportunity,high_innings,IP,100,0,common_all,"[""ATC"", ""OOPSY"", ""RotoWire"", ""Steamer""]",RotoWire,5c991a9e8249dc35414ae71e,True,111,35.5036036036036,43.4796182964755,-20.860360360360357,0.43607776807200116,0.4134806972278561,27.945945945945947,0.25405405405405407,132.018018018018,152.8783783783784,ok
pitcher,2025,IP,opportunity,high_innings,IP,100,0,common_all,"[""ATC"", ""OOPSY"", ""RotoWire"", ""Steamer""]",Steamer,5c991a9e8249dc35414ae71e,True,111,29.139903004964193,38.36855887363137,-7.108668456206446,0.4354612948678676,0.42387372133563295,27.43243243243243,0.24938574938574937,145.76970992217193,152.8783783783784,ok
pitcher,2025,G,opportunity,all_matched,IP,0,0,common_all,"[""ATC"", ""OOPSY"", ""RotoWire"", ""Steamer""]",ATC,eeaa5f428f0aa59e09a25344,True,558,14.061035501792116,18.417532353055012,4.699685967741936,0.5785731724266955,0.5227932698167067,121.38709677419355,0.2179301557884983,34.258825752688175,29.559139784946236,ok
pitcher,2025,G,opportunity,all_matched,IP,0,0,common_all,"[""ATC"", ""OOPSY"", ""RotoWire"", ""Steamer""]",OOPSY,eeaa5f428f0aa59e09a25344,True,558,16.693548387096776,21.866530618511995,11.575268817204302,0.5652114882417968,0.523336386257549,122.99820788530467,0.22082263534166008,41.134408602150536,29.559139784946236,ok
pitcher,2025,G,opportunity,all_matched,IP,0,0,common_all,"[""ATC"", ""OOPSY"", ""RotoWire"", ""Steamer""]",RotoWire,eeaa5f428f0aa59e09a25344,True,558,15.514336917562725,20.906130876939606,-0.8476702508960573,0.4610067050419737,0.4071924994682522,131.1899641577061,0.23552955863142927,28.711469534050178,29.559139784946236,ok
pitcher,2025,G,opportunity,all_matched,IP,0,0,common_all,"[""ATC"", ""OOPSY"", ""RotoWire"", ""Steamer""]",Steamer,eeaa5f428f0aa59e09a25344,True,558,16.682177390756358,21.84738381187586,11.54198028999097,0.565344458835911,0.5212121870736414,123.12903225806451,0.22105750854230613,41.10112007493721,29.559139784946236,ok
pitcher,2025,G,opportunity,substantial_innings,IP,40,0,common_all,"[""ATC"", ""OOPSY"", ""RotoWire"", ""Steamer""]",ATC,a6ee68851f467d1742b538da,True,331,10.225007099697885,13.607503239352502,-4.004654229607251,0.7592453807160874,0.7162818098747157,54.19939577039275,0.1642405932436144,36.59655422960725,40.601208459214504,ok
pitcher,2025,G,opportunity,substantial_innings,IP,40,0,common_all,"[""ATC"", ""OOPSY"", ""RotoWire"", ""Steamer""]",OOPSY,a6ee68851f467d1742b538da,True,331,10.311178247734139,13.350379335389372,3.2779456193353473,0.7624832607123948,0.7324247742981136,55.71299093655589,0.16882724526229057,43.879154078549846,40.601208459214504,ok
pitcher,2025,G,opportunity,substantial_innings,IP,40,0,common_all,"[""ATC"", ""OOPSY"", ""RotoWire"", ""Steamer""]",RotoWire,a6ee68851f467d1742b538da,True,331,14.108761329305135,19.980050473370405,-9.196374622356496,0.5637778150372497,0.5177574011057818,69.8882175226586,0.21178247734138972,31.404833836858007,40.601208459214504,ok
pitcher,2025,G,opportunity,substantial_innings,IP,40,0,common_all,"[""ATC"", ""OOPSY"", ""RotoWire"", ""Steamer""]",Steamer,a6ee68851f467d1742b538da,True,331,10.24758302670231,13.2256808178132,3.2096978842851978,0.7669514654489762,0.7355092331889463,55.26888217522659,0.16748146113705026,43.8109063434997,40.601208459214504,ok
pitcher,2025,G,opportunity,high_innings,IP,100,0,common_all,"[""ATC"", ""OOPSY"", ""RotoWire"", ""Steamer""]",ATC,65ec0a286695e8600918535e,True,111,4.809113063063063,6.305573416749004,-1.0552932432432431,0.27956596586016075,0.30731277604017526,29.64864864864865,0.2695331695331695,27.413175225225228,28.46846846846847,ok
pitcher,2025,G,opportunity,high_innings,IP,100,0,common_all,"[""ATC"", ""OOPSY"", ""RotoWire"", ""Steamer""]",OOPSY,65ec0a286695e8600918535e,True,111,6.8108108108108105,9.63383676479993,3.279279279279279,0.15705598248742245,0.13532068724958027,34.990990990990994,0.3180999180999181,31.74774774774775,28.46846846846847,ok
pitcher,2025,G,opportunity,high_innings,IP,100,0,common_all,"[""ATC"", ""OOPSY"", ""RotoWire"", ""Steamer""]",RotoWire,65ec0a286695e8600918535e,True,111,5.513513513513513,7.607488013390088,-2.954954954954955,0.22340922816671965,0.30540753074276217,29.135135135135137,0.2648648648648649,25.513513513513512,28.46846846846847,ok
pitcher,2025,G,opportunity,high_innings,IP,100,0,common_all,"[""ATC"", ""OOPSY"", ""RotoWire"", ""Steamer""]",Steamer,65ec0a286695e8600918535e,True,111,6.87973491243414,9.712273769579907,3.2568413878346347,0.15555324968865347,0.14033581008087878,34.792792792792795,0.3162981162981163,31.725309856303102,28.46846846846847,ok
pitcher,2025,GS,opportunity,all_matched,IP,0,0,common_all,"[""ATC"", ""OOPSY"", ""RotoWire"", ""Steamer""]",ATC,a304641ef0c3a921984dc4b8,True,558,3.1963911877646956,5.89666529098814,0.0007095859130824791,0.8506772835565816,0.8182270613408329,68.76164874551971,0.12344999774779121,7.316121772293011,7.315412186379929,ok
pitcher,2025,GS,opportunity,all_matched,IP,0,0,common_all,"[""ATC"", ""OOPSY"", ""RotoWire"", ""Steamer""]",OOPSY,a304641ef0c3a921984dc4b8,True,558,3.1057347670250897,5.995368582868316,0.2885304659498208,0.8562809100033659,0.8278404498515923,58.05017921146953,0.10421935226475679,7.603942652329749,7.315412186379929,ok
pitcher,2025,GS,opportunity,all_matched,IP,0,0,common_all,"[""ATC"", ""OOPSY"", ""RotoWire"", ""Steamer""]",RotoWire,a304641ef0c3a921984dc4b8,True,558,3.8440860215053765,6.656578388503655,1.0376344086021505,0.8197534990734842,0.7933569872489521,67.16129032258064,0.12057682284125788,8.353046594982079,7.315412186379929,ok
pitcher,2025,GS,opportunity,all_matched,IP,0,0,common_all,"[""ATC"", ""OOPSY"", ""RotoWire"", ""Steamer""]",Steamer,a304641ef0c3a921984dc4b8,True,558,3.1111802897853345,6.018930537968369,0.2556398174254805,0.8552727721092097,0.8279215892784805,58.35663082437276,0.10476953469366743,7.571052003805408,7.315412186379929,ok
pitcher,2025,GS,opportunity,substantial_innings,IP,40,0,common_all,"[""ATC"", ""OOPSY"", ""RotoWire"", ""Steamer""]",ATC,b688c0bfa6fca570fc948694,True,331,4.10769901036858,6.598866243837649,-0.9573442101752265,0.8540743328024907,0.8663351363009368,36.12990936555891,0.109484573835027,10.776794762634442,11.734138972809667,ok
pitcher,2025,GS,opportunity,substantial_innings,IP,40,0,common_all,"[""ATC"", ""OOPSY"", ""RotoWire"", ""Steamer""]",OOPSY,b688c0bfa6fca570fc948694,True,331,4.027190332326284,6.704600035156455,-0.3595166163141994,0.856377510394693,0.8617205607544035,38.700906344410875,0.11727547377094205,11.374622356495468,11.734138972809667,ok
pitcher,2025,GS,opportunity,substantial_innings,IP,40,0,common_all,"[""ATC"", ""OOPSY"", ""RotoWire"", ""Steamer""]",RotoWire,b688c0bfa6fca570fc948694,True,331,4.447129909365559,6.964736381952345,-0.030211480362537766,0.8364550089864639,0.8389870496105986,37.042296072507554,0.11224938203790168,11.70392749244713,11.734138972809667,ok
pitcher,2025,GS,opportunity,substantial_innings,IP,40,0,common_all,"[""ATC"", ""OOPSY"", ""RotoWire"", ""Steamer""]",Steamer,b688c0bfa6fca570fc948694,True,331,4.046525676309883,6.72009862360129,-0.3833232176718035,0.8556831487354386,0.8617177055513259,38.71299093655589,0.11731209374713907,11.350815755137864,11.734138972809667,ok
pitcher,2025,GS,opportunity,high_innings,IP,100,0,common_all,"[""ATC"", ""OOPSY"", ""RotoWire"", ""Steamer""]",ATC,eacb48ce0fca1afda7773fe0,True,111,6.2718827567567565,8.068794615345249,-4.685335009009009,0.5147735212120612,0.5057349456820027,24.603603603603602,0.22366912366912367,22.575926252252252,27.26126126126126,ok
pitcher,2025,GS,opportunity,high_innings,IP,100,0,common_all,"[""ATC"", ""OOPSY"", ""RotoWire"", ""Steamer""]",OOPSY,eacb48ce0fca1afda7773fe0,True,111,5.531531531531532,7.662944650767139,-3.279279279279279,0.5084958714808459,0.475636269866717,24.54954954954955,0.2231777231777232,23.98198198198198,27.26126126126126,ok
pitcher,2025,GS,opportunity,high_innings,IP,100,0,common_all,"[""ATC"", ""OOPSY"", ""RotoWire"", ""Steamer""]",RotoWire,eacb48ce0fca1afda7773fe0,True,111,5.900900900900901,7.679972785237066,-3.720720720720721,0.4529938842233033,0.43834030128046314,25.83783783783784,0.2348894348894349,23.54054054054054,27.26126126126126,ok
pitcher,2025,GS,opportunity,high_innings,IP,100,0,common_all,"[""ATC"", ""OOPSY"", ""RotoWire"", ""Steamer""]",Steamer,eacb48ce0fca1afda7773fe0,True,111,5.572654007120176,7.694863912145204,-3.3207620891096354,0.5087934525126309,0.475636269866717,24.54954954954955,0.2231777231777232,23.940499172151625,27.26126126126126,ok
pitcher,2025,K/9,skill,all_matched,IP,0,0,common_all,"[""ATC"", ""OOPSY"", ""RotoWire"", ""Steamer""]",ATC,3c853adfa8c54f730e58c929,True,558,1.3979109086053156,2.029339391075539,0.24849862353209606,0.5040679495464802,0.5500827656979229,112.61111111111111,0.2021743466985837,8.660999211469534,8.412500587937437,ok
pitcher,2025,K/9,skill,all_matched,IP,0,0,common_all,"[""ATC"", ""OOPSY"", ""RotoWire"", ""Steamer""]",OOPSY,3c853adfa8c54f730e58c929,True,558,1.4317598332072543,2.052582806188188,0.2559656844639957,0.4911937752545208,0.5420867350670591,115.52867383512545,0.20741234081710133,8.668466272401433,8.412500587937437,ok
pitcher,2025,K/9,skill,all_matched,IP,0,0,common_all,"[""ATC"", ""OOPSY"", ""RotoWire"", ""Steamer""]",RotoWire,3c853adfa8c54f730e58c929,True,558,1.8313229528635242,2.6492784500624387,0.3453130321342466,0.31196302600255005,0.42505333650786076,127.7921146953405,0.22942929029684112,8.757813620071683,8.412500587937437,ok
pitcher,2025,K/9,skill,all_matched,IP,0,0,common_all,"[""ATC"", ""OOPSY"", ""RotoWire"", ""Steamer""]",Steamer,3c853adfa8c54f730e58c929,True,558,1.4100429664863026,2.0374502468261624,0.21868523348906577,0.4945105635544615,0.5389704660323078,115.65770609318996,0.20764399657664265,8.631185821426504,8.412500587937437,ok
pitcher,2025,K/9,skill,substantial_innings,IP,40,0,common_all,"[""ATC"", ""OOPSY"", ""RotoWire"", ""Steamer""]",ATC,0fd1f36d131f23074320ca08,True,331,1.0183610329886537,1.3011174573963211,0.13303811182024403,0.6917213186310306,0.6661462106839221,58.25075528700906,0.17651744026366384,8.745437401812689,8.612399289992444,ok
pitcher,2025,K/9,skill,substantial_innings,IP,40,0,common_all,"[""ATC"", ""OOPSY"", ""RotoWire"", ""Steamer""]",OOPSY,0fd1f36d131f23074320ca08,True,331,1.0245438546290768,1.302315264974982,0.14771185804380899,0.6923213611881911,0.6724679557231417,58.53474320241692,0.17737800970429368,8.760111148036254,8.612399289992444,ok
pitcher,2025,K/9,skill,substantial_innings,IP,40,0,common_all,"[""ATC"", ""OOPSY"", ""RotoWire"", ""Steamer""]",RotoWire,0fd1f36d131f23074320ca08,True,331,1.4413491649578858,2.081669905462999,0.24781219037009294,0.4189833108412041,0.5046227956234157,69.97885196374622,0.21205712716286734,8.860211480362539,8.612399289992444,ok
pitcher,2025,K/9,skill,substantial_innings,IP,40,0,common_all,"[""ATC"", ""OOPSY"", ""RotoWire"", ""Steamer""]",Steamer,0fd1f36d131f23074320ca08,True,331,1.0339560451007426,1.3149529606901824,0.11381971364465014,0.6813595426704173,0.6603375314503143,58.987915407854985,0.17875125881168177,8.726219003637095,8.612399289992444,ok
pitcher,2025,K/9,skill,high_innings,IP,100,0,common_all,"[""ATC"", ""OOPSY"", ""RotoWire"", ""Steamer""]",ATC,64caeaf45ae69297bf01faf0,True,111,0.8286424409739919,1.03579422837377,0.2364590830193089,0.7615832920872355,0.7599349770441616,17.306306306306308,0.15733005733005734,8.391462342342342,8.155003259323033,ok
pitcher,2025,K/9,skill,high_innings,IP,100,0,common_all,"[""ATC"", ""OOPSY"", ""RotoWire"", ""Steamer""]",OOPSY,64caeaf45ae69297bf01faf0,True,111,0.854367411888246,1.0405499570125847,0.23787953346975932,0.7581331433412745,0.7595927509511761,18.2972972972973,0.16633906633906634,8.392882792792793,8.155003259323033,ok
pitcher,2025,K/9,skill,high_innings,IP,100,0,common_all,"[""ATC"", ""OOPSY"", ""RotoWire"", ""Steamer""]",RotoWire,64caeaf45ae69297bf01faf0,True,111,1.0909802503524073,1.5560680806949485,0.43121295689318273,0.5638921221981958,0.657817549393321,20.36036036036036,0.1850941850941851,8.586216216216217,8.155003259323033,ok
pitcher,2025,K/9,skill,high_innings,IP,100,0,common_all,"[""ATC"", ""OOPSY"", ""RotoWire"", ""Steamer""]",Steamer,64caeaf45ae69297bf01faf0,True,111,0.8529905829053814,1.035366234124321,0.2495465465528669,0.762955315084292,0.7583203718875124,17.52252252252252,0.15929565929565928,8.4045498058759,8.155003259323033,ok
pitcher,2025,BB/9,skill,all_matched,IP,0,0,common_all,"[""ATC"", ""OOPSY"", ""RotoWire"", ""Steamer""]",ATC,2c49a11b63c1ec01e9016d6a,True,558,1.1725252441980862,2.1569780917266566,-0.4552044624422248,0.3187109148701667,0.44871602830206897,125.168458781362,0.2247189565195009,3.2984796774193548,3.7536841398615794,ok
pitcher,2025,BB/9,skill,all_matched,IP,0,0,common_all,"[""ATC"", ""OOPSY"", ""RotoWire"", ""Steamer""]",OOPSY,2c49a11b63c1ec01e9016d6a,True,558,1.180017326547317,2.1466065269357797,-0.36888584237054023,0.3099110217819213,0.43116018755172486,129.5627240143369,0.2326081221083248,3.3847982974910398,3.7536841398615794,ok
pitcher,2025,BB/9,skill,all_matched,IP,0,0,common_all,"[""ATC"", ""OOPSY"", ""RotoWire"", ""Steamer""]",RotoWire,2c49a11b63c1ec01e9016d6a,True,558,1.4288719357798603,2.4665212819577733,-0.3309959678185689,0.16344422758303248,0.34805026435601505,136.84767025089604,0.24568702019909522,3.4226881720430105,3.7536841398615794,ok
pitcher,2025,BB/9,skill,all_matched,IP,0,0,common_all,"[""ATC"", ""OOPSY"", ""RotoWire"", ""Steamer""]",Steamer,2c49a11b63c1ec01e9016d6a,True,558,1.1886438757949571,2.1742864158295854,-0.5411823372830792,0.32517010124934614,0.43093460961012553,128.35125448028674,0.23043313192152018,3.2125018025785006,3.7536841398615794,ok
pitcher,2025,BB/9,skill,substantial_innings,IP,40,0,common_all,"[""ATC"", ""OOPSY"", ""RotoWire"", ""Steamer""]",ATC,8b01ae534ca53c46aef18a86,True,331,0.6186944191611764,0.8302018843035364,0.009979984984092659,0.5324037677210371,0.5649722421591895,66.69788519637463,0.20211480362537765,3.1523626888217517,3.1423827038376597,ok
pitcher,2025,BB/9,skill,substantial_innings,IP,40,0,common_all,"[""ATC"", ""OOPSY"", ""RotoWire"", ""Steamer""]",OOPSY,8b01ae534ca53c46aef18a86,True,331,0.6271298685056111,0.8170766454827111,0.11648859525599597,0.5470227419526636,0.5634496362749867,68.14803625377644,0.20650920076901952,3.2588712990936557,3.1423827038376597,ok
pitcher,2025,BB/9,skill,substantial_innings,IP,40,0,common_all,"[""ATC"", ""OOPSY"", ""RotoWire"", ""Steamer""]",RotoWire,8b01ae534ca53c46aef18a86,True,331,0.8155739265029047,1.1995285781109184,0.04251155598107152,0.40737954105453383,0.5142043873850735,71.57099697885197,0.21688180902682413,3.1848942598187313,3.1423827038376597,ok
pitcher,2025,BB/9,skill,substantial_innings,IP,40,0,common_all,"[""ATC"", ""OOPSY"", ""RotoWire"", ""Steamer""]",Steamer,8b01ae534ca53c46aef18a86,True,331,0.6149196798053798,0.8062826020980843,-0.03623745446266533,0.5333049848829956,0.5529707027960656,68.48036253776435,0.20751625011443742,3.106145249374994,3.1423827038376597,ok
pitcher,2025,BB/9,skill,high_innings,IP,100,0,common_all,"[""ATC"", ""OOPSY"", ""RotoWire"", ""Steamer""]",ATC,332b55c95eb0b1de67933e53,True,111,0.4612663776121543,0.6176751412749123,0.00025043667224207487,0.600411829825906,0.6440856440856441,19.92792792792793,0.18116298116298116,2.82259981981982,2.822349383147578,ok
pitcher,2025,BB/9,skill,high_innings,IP,100,0,common_all,"[""ATC"", ""OOPSY"", ""RotoWire"", ""Steamer""]",OOPSY,332b55c95eb0b1de67933e53,True,111,0.467103524920695,0.6033443769161893,0.08261593216773755,0.6247981648701112,0.6466918216918217,20.46846846846847,0.18607698607698608,2.904965315315315,2.822349383147578,ok
pitcher,2025,BB/9,skill,high_innings,IP,100,0,common_all,"[""ATC"", ""OOPSY"", ""RotoWire"", ""Steamer""]",RotoWire,332b55c95eb0b1de67933e53,True,111,0.4975270016006895,0.7103277662824732,-0.027034067832262455,0.5600199342991943,0.6214152834745421,20.126126126126128,0.18296478296478297,2.795315315315315,2.822349383147578,ok
pitcher,2025,BB/9,skill,high_innings,IP,100,0,common_all,"[""ATC"", ""OOPSY"", ""RotoWire"", ""Steamer""]",Steamer,332b55c95eb0b1de67933e53,True,111,0.47586492611479364,0.608158132412828,-0.008298723609207864,0.605100109530492,0.6381712881712882,21.2972972972973,0.19361179361179362,2.8140506595383696,2.822349383147578,ok
pitcher,2025,HR/9,skill,all_matched,IP,0,0,common_all,"[""ATC"", ""OOPSY"", ""RotoWire"", ""Steamer""]",ATC,f6530d7f633491ab4b134f94,True,558,0.5728398344265816,0.9243593610728742,-0.13604141797193564,0.22121848289439772,0.3187945093234024,146.8942652329749,0.2637239950322709,1.1326314695340503,1.2686728875059858,ok
pitcher,2025,HR/9,skill,all_matched,IP,0,0,common_all,"[""ATC"", ""OOPSY"", ""RotoWire"", ""Steamer""]",OOPSY,f6530d7f633491ab4b134f94,True,558,0.5685154725649527,0.9246655650610672,-0.17726122442354855,0.2595923269594349,0.34751454444977586,143.87275985663084,0.25829938932967833,1.0914116630824373,1.2686728875059858,ok
pitcher,2025,HR/9,skill,all_matched,IP,0,0,common_all,"[""ATC"", ""OOPSY"", ""RotoWire"", ""Steamer""]",RotoWire,f6530d7f633491ab4b134f94,True,558,0.7239202401253279,1.1980411493804448,-0.09311733195043026,0.09157961646286558,0.19588957832599715,159.3709677419355,0.28612382000347486,1.1755555555555557,1.2686728875059858,ok
pitcher,2025,HR/9,skill,all_matched,IP,0,0,common_all,"[""ATC"", ""OOPSY"", ""RotoWire"", ""Steamer""]",Steamer,f6530d7f633491ab4b134f94,True,558,0.5633983273209885,0.9134280064977554,-0.1142015622996981,0.26168344856541137,0.34849122560032153,144.40322580645162,0.25925175189668154,1.1544713252062877,1.2686728875059858,ok
pitcher,2025,HR/9,skill,substantial_innings,IP,40,0,common_all,"[""ATC"", ""OOPSY"", ""RotoWire"", ""Steamer""]",ATC,52d2b0de8fb830c299b9ed61,True,331,0.3322212658072674,0.4187646371789649,-0.009542540495008873,0.4627563839119815,0.45312362209690443,78.43202416918429,0.23767280051267967,1.126212084592145,1.1357546250871537,ok
pitcher,2025,HR/9,skill,substantial_innings,IP,40,0,common_all,"[""ATC"", ""OOPSY"", ""RotoWire"", ""Steamer""]",OOPSY,52d2b0de8fb830c299b9ed61,True,331,0.32679655717788625,0.4170582078130082,-0.05302031088775812,0.4928389326985064,0.4766369280901524,77.30211480362537,0.2342488327382587,1.082734314199396,1.1357546250871537,ok
pitcher,2025,HR/9,skill,substantial_innings,IP,40,0,common_all,"[""ATC"", ""OOPSY"", ""RotoWire"", ""Steamer""]",RotoWire,52d2b0de8fb830c299b9ed61,True,331,0.4907305768214516,0.8757842882492597,0.02167739908203041,0.12103058894218159,0.296496490618262,89.19939577039275,0.2703011993042205,1.1574320241691842,1.1357546250871537,ok
pitcher,2025,HR/9,skill,substantial_innings,IP,40,0,common_all,"[""ATC"", ""OOPSY"", ""RotoWire"", ""Steamer""]",Steamer,52d2b0de8fb830c299b9ed61,True,331,0.3232791907386444,0.4105334955815246,0.01216380296703659,0.5017683701361699,0.4880493350741334,75.41993957703927,0.22854527144557354,1.1479184280541905,1.1357546250871537,ok
pitcher,2025,HR/9,skill,high_innings,IP,100,0,common_all,"[""ATC"", ""OOPSY"", ""RotoWire"", ""Steamer""]",ATC,05d9219911f962b2f10127de,True,111,0.24060318559037663,0.29246922235551936,-0.009450608363846147,0.538830143036996,0.5172341172341173,24.64864864864865,0.22407862407862408,1.1853436306306304,1.1947942389944768,ok
pitcher,2025,HR/9,skill,high_innings,IP,100,0,common_all,"[""ATC"", ""OOPSY"", ""RotoWire"", ""Steamer""]",OOPSY,05d9219911f962b2f10127de,True,111,0.24473136075476765,0.301526043280564,-0.059065743498981284,0.5207513370837703,0.47211302211302214,25.873873873873872,0.23521703521703521,1.1357284954954954,1.1947942389944768,ok
pitcher,2025,HR/9,skill,high_innings,IP,100,0,common_all,"[""ATC"", ""OOPSY"", ""RotoWire"", ""Steamer""]",RotoWire,05d9219911f962b2f10127de,True,111,0.2938164437937678,0.3854903458839956,-0.057767211967449744,0.3240509182273599,0.3971301978331122,27.64864864864865,0.25135135135135134,1.137027027027027,1.1947942389944768,ok
pitcher,2025,HR/9,skill,high_innings,IP,100,0,common_all,"[""ATC"", ""OOPSY"", ""RotoWire"", ""Steamer""]",Steamer,05d9219911f962b2f10127de,True,111,0.24048652111080443,0.2964258547150273,0.004755315123144398,0.5185229194222919,0.4922867672867673,25.54954954954955,0.23226863226863226,1.199549554117621,1.1947942389944768,ok
pitcher,2025,K%,skill,all_matched,IP,0,0,common_all,"[""ATC"", ""OOPSY"", ""Steamer""]",ATC,62f59c387964c6ca547606e0,True,682,0.039239855498533725,0.055040186477030476,0.008269808079178886,0.5217646019111362,0.5287712723577519,141.79912023460412,0.208221909301915,0.22554859384164222,0.21727878576246334,ok
pitcher,2025,K%,skill,all_matched,IP,0,0,common_all,"[""ATC"", ""OOPSY"", ""Steamer""]",OOPSY,62f59c387964c6ca547606e0,True,682,0.039898143240469204,0.05580997701929816,0.007605412184750733,0.5048409598628703,0.5229757080744752,143.68035190615836,0.21098436403253798,0.2248841979472141,0.21727878576246334,ok
pitcher,2025,K%,skill,all_matched,IP,0,0,common_all,"[""ATC"", ""OOPSY"", ""Steamer""]",Steamer,62f59c387964c6ca547606e0,True,682,0.03955656817771616,0.0551516909160915,0.007032378211724731,0.5129469597690917,0.5187732903839057,144.4765395894428,0.2121535089419131,0.2243111639741881,0.21727878576246334,ok
pitcher,2025,K%,skill,substantial_innings,IP,40,0,common_all,"[""ATC"", ""OOPSY"", ""Steamer""]",ATC,b30985f1bc573e9bb6cc1417,True,385,0.029479504519480518,0.03733603297454593,-0.0003187355324675315,0.7080025220561762,0.6634534163163811,68.69350649350649,0.17888933982683983,0.22969858961038964,0.23001732514285714,ok
pitcher,2025,K%,skill,substantial_innings,IP,40,0,common_all,"[""ATC"", ""OOPSY"", ""Steamer""]",OOPSY,b30985f1bc573e9bb6cc1417,True,385,0.02973150742857143,0.03769672476184093,-0.001204873194805195,0.7021849227378351,0.6659230566269227,69.28571428571429,0.18043154761904764,0.22881245194805194,0.23001732514285714,ok
pitcher,2025,K%,skill,substantial_innings,IP,40,0,common_all,"[""ATC"", ""OOPSY"", ""Steamer""]",Steamer,b30985f1bc573e9bb6cc1417,True,385,0.03004920781539754,0.03796386925020096,-0.001644089598680031,0.6957415777628027,0.6530306799451285,70.13246753246753,0.1826366341991342,0.22837323554417713,0.23001732514285714,ok
pitcher,2025,K%,skill,high_innings,IP,100,0,common_all,"[""ATC"", ""OOPSY"", ""Steamer""]",ATC,758be0787771af460b3860aa,True,127,0.02372364929133858,0.02934365114389748,0.005094633700787404,0.7737786474053714,0.7690288713910761,19.275590551181104,0.15298087739032623,0.22211589763779527,0.21702126393700785,ok
pitcher,2025,K%,skill,high_innings,IP,100,0,common_all,"[""ATC"", ""OOPSY"", ""Steamer""]",OOPSY,758be0787771af460b3860aa,True,127,0.024690758582677164,0.029690646504999425,0.0035908935433070868,0.7626848956975892,0.7567725909261342,20.818897637795274,0.16522934633170852,0.22061215748031496,0.21702126393700785,ok
pitcher,2025,K%,skill,high_innings,IP,100,0,common_all,"[""ATC"", ""OOPSY"", ""Steamer""]",Steamer,758be0787771af460b3860aa,True,127,0.024030808380438168,0.029637412593910215,0.0036343904079343963,0.7637318876975348,0.7521149700037495,19.905511811023622,0.15798025246844144,0.22065565434494228,0.21702126393700785,ok
pitcher,2025,BB%,skill,all_matched,IP,0,0,common_all,"[""ATC"", ""OOPSY"", ""Steamer""]",ATC,799cb2d4c0f70a45941218a5,True,682,0.026629127096774192,0.043705935604024394,-0.009368971378299121,0.4001105055032126,0.48729541468715676,148.73900293255133,0.21841263279376114,0.08681780703812317,0.09618677841642227,ok
pitcher,2025,BB%,skill,all_matched,IP,0,0,common_all,"[""ATC"", ""OOPSY"", ""Steamer""]",OOPSY,799cb2d4c0f70a45941218a5,True,682,0.026519348504398826,0.04311793364134647,-0.006686811114369502,0.40527538891390336,0.48447784095243973,150.6715542521994,0.22125044677268635,0.08949996730205279,0.09618677841642227,ok
pitcher,2025,BB%,skill,all_matched,IP,0,0,common_all,"[""ATC"", ""OOPSY"", ""Steamer""]",Steamer,799cb2d4c0f70a45941218a5,True,682,0.02721852041842497,0.044351192099634965,-0.011589927272953035,0.3993274906315383,0.47635444091137513,151.0850439882698,0.22185762700186462,0.08459685114346925,0.09618677841642227,ok
pitcher,2025,BB%,skill,substantial_innings,IP,40,0,common_all,"[""ATC"", ""OOPSY"", ""Steamer""]",ATC,de53d5813c216fa0ab02283e,True,385,0.014810626285714286,0.0196994403281638,-8.152410389610412e-05,0.5474107199284802,0.5686900820743738,77.18441558441559,0.20100108225108226,0.08277852623376623,0.08286005033766233,ok
pitcher,2025,BB%,skill,substantial_innings,IP,40,0,common_all,"[""ATC"", ""OOPSY"", ""Steamer""]",OOPSY,de53d5813c216fa0ab02283e,True,385,0.015162330753246753,0.01956613504524824,0.0027379574545454543,0.5561543257421393,0.5624573718666138,79.7038961038961,0.20756222943722943,0.08559800779220779,0.08286005033766233,ok
pitcher,2025,BB%,skill,substantial_innings,IP,40,0,common_all,"[""ATC"", ""OOPSY"", ""Steamer""]",Steamer,de53d5813c216fa0ab02283e,True,385,0.01489668463798682,0.01945646278427177,-0.0014543925763610946,0.5369157228158651,0.549521784256743,79.8987012987013,0.20806953463203462,0.08140565776130125,0.08286005033766233,ok
pitcher,2025,BB%,skill,high_innings,IP,100,0,common_all,"[""ATC"", ""OOPSY"", ""Steamer""]",ATC,a7de15d04313133b082b9bb2,True,127,0.011296327952755906,0.01513825042729457,-0.0003612326771653549,0.5994159411557279,0.6334373732158047,22.755905511811022,0.18060242469691287,0.0750070377952756,0.07536827047244093,ok
pitcher,2025,BB%,skill,high_innings,IP,100,0,common_all,"[""ATC"", ""OOPSY"", ""Steamer""]",OOPSY,a7de15d04313133b082b9bb2,True,127,0.011467453307086614,0.0148588866929065,0.001667760236220473,0.6162979964184493,0.64186211371418,23.52755905511811,0.18672665916760406,0.07703603070866143,0.07536827047244093,ok
pitcher,2025,BB%,skill,high_innings,IP,100,0,common_all,"[""ATC"", ""OOPSY"", ""Steamer""]",Steamer,a7de15d04313133b082b9bb2,True,127,0.011588082656685348,0.015019539269677255,-0.0011655072807543257,0.5981604348286291,0.6198951008500229,24.456692913385826,0.19410073740782402,0.07420276319168663,0.07536827047244093,ok
pitcher,2025,K-BB%,skill,all_matched,IP,0,0,common_all,"[""ATC"", ""OOPSY"", ""Steamer""]",ATC,6d4b29a339d5b5b7dbfff98f,True,682,0.05259813274509373,0.07699826477949491,0.01763877402755448,0.39963235477735504,0.43752367891062555,159.71554252199414,0.2345308994449253,0.13873078213605888,0.12109200810850439,ok
pitcher,2025,K-BB%,skill,all_matched,IP,0,0,common_all,"[""ATC"", ""OOPSY"", ""Steamer""]",OOPSY,6d4b29a339d5b5b7dbfff98f,True,682,0.05279040150343298,0.07662493311846513,0.014292226313739886,0.39271296036616704,0.43168904477810127,160.71407624633432,0.23599717510474935,0.1353842344222443,0.12109200810850439,ok
pitcher,2025,K-BB%,skill,all_matched,IP,0,0,common_all,"[""ATC"", ""OOPSY"", ""Steamer""]",Steamer,6d4b29a339d5b5b7dbfff98f,True,682,0.052802114068528715,0.07715319890378158,0.018622304722214423,0.3992938570777704,0.4358103426737393,159.11876832844575,0.233654579043239,0.13971431283071883,0.12109200810850439,ok
pitcher,2025,K-BB%,skill,substantial_innings,IP,40,0,common_all,"[""ATC"", ""OOPSY"", ""Steamer""]",ATC,2dfe5a43be9f6a7c8cf0accb,True,385,0.034433338333292575,0.04353754002756164,-0.0002372333021010859,0.6244793889249217,0.5761823422811653,79.47532467532467,0.20696699134199134,0.14692004220439242,0.14715727550649352,ok
pitcher,2025,K-BB%,skill,substantial_innings,IP,40,0,common_all,"[""ATC"", ""OOPSY"", ""Steamer""]",OOPSY,2dfe5a43be9f6a7c8cf0accb,True,385,0.034991440557254866,0.044442488423670656,-0.003942828880954272,0.6092707900428851,0.5648318437655452,80.56363636363636,0.20980113636363637,0.14321444662553923,0.14715727550649352,ok
pitcher,2025,K-BB%,skill,substantial_innings,IP,40,0,common_all,"[""ATC"", ""OOPSY"", ""Steamer""]",Steamer,2dfe5a43be9f6a7c8cf0accb,True,385,0.03489696701340122,0.043864992862130886,-0.0001896977236176387,0.6139751297674972,0.5649850342276568,80.23896103896104,0.2089556277056277,0.14696757778287586,0.14715727550649352,ok
pitcher,2025,K-BB%,skill,high_innings,IP,100,0,common_all,"[""ATC"", ""OOPSY"", ""Steamer""]",ATC,3264658221c53ae8a331d3c9,True,127,0.028063457124515818,0.034894646739207925,0.005455821702733904,0.7429832214554559,0.7109287120359955,21.748031496062993,0.1726034245719285,0.1471088156397418,0.14165299393700787,ok
pitcher,2025,K-BB%,skill,high_innings,IP,100,0,common_all,"[""ATC"", ""OOPSY"", ""Steamer""]",OOPSY,3264658221c53ae8a331d3c9,True,127,0.0291859567430346,0.03497994109330855,0.0019231409685631997,0.7341165754173783,0.6898903262092239,22.661417322834644,0.1798525184351956,0.14357613490557108,0.14165299393700787,ok
pitcher,2025,K-BB%,skill,high_innings,IP,100,0,common_all,"[""ATC"", ""OOPSY"", ""Steamer""]",Steamer,3264658221c53ae8a331d3c9,True,127,0.028535309818281257,0.03505659999128606,0.004799897216247777,0.7376348236527839,0.7045955193100862,22.125984251968504,0.17560304961879764,0.14645289115325566,0.14165299393700787,ok
pitcher,2025,FIP,skill,all_matched,IP,0,0,common_all,"[""ATC"", ""OOPSY"", ""Steamer""]",ATC,56af5c5a569c8efd144cada6,True,682,1.0925862944958118,1.6538790909955157,-0.4135258900007066,0.3043985951301839,0.33672547094185773,177.80938416422288,0.26110041727492345,4.144418841642229,4.557944731642936,ok
pitcher,2025,FIP,skill,all_matched,IP,0,0,common_all,"[""ATC"", ""OOPSY"", ""Steamer""]",OOPSY,56af5c5a569c8efd144cada6,True,682,1.083348904348245,1.651243877794001,-0.44307773750803797,0.3280392902370857,0.3647439078801124,172.66862170087975,0.2535515737164167,4.114866994134897,4.557944731642936,ok
pitcher,2025,FIP,skill,all_matched,IP,0,0,common_all,"[""ATC"", ""OOPSY"", ""Steamer""]",Steamer,56af5c5a569c8efd144cada6,True,682,1.0737009127608341,1.6424565611446222,-0.4107546894216821,0.3297486887728916,0.3679046394213708,172.1642228739003,0.25281089996167444,4.147190042221253,4.557944731642936,ok
pitcher,2025,FIP,skill,substantial_innings,IP,40,0,common_all,"[""ATC"", ""OOPSY"", ""Steamer""]",ATC,fc26ae0dbd75dd127646b9e4,True,385,0.6305756030892387,0.7970869545390992,0.03549058050015541,0.4932003202120449,0.46923293715686976,88.15584415584415,0.22957251082251082,4.053490961038961,4.018000380538806,ok
pitcher,2025,FIP,skill,substantial_innings,IP,40,0,common_all,"[""ATC"", ""OOPSY"", ""Steamer""]",OOPSY,fc26ae0dbd75dd127646b9e4,True,385,0.6177828894910389,0.7917106562348296,0.0064863727079476135,0.4992585180543612,0.4762405833768229,86.45454545454545,0.22514204545454544,4.024486753246753,4.018000380538806,ok
pitcher,2025,FIP,skill,substantial_innings,IP,40,0,common_all,"[""ATC"", ""OOPSY"", ""Steamer""]",Steamer,fc26ae0dbd75dd127646b9e4,True,385,0.6160656001904691,0.7816350603647928,0.046765896920185915,0.5202305638611692,0.49062986227741,85.9974025974026,0.22395156926406926,4.064766277458991,4.018000380538806,ok
pitcher,2025,FIP,skill,high_innings,IP,100,0,common_all,"[""ATC"", ""OOPSY"", ""Steamer""]",ATC,7624ffb8134e64efe7327a1c,True,127,0.4828448096509777,0.6085139960499453,-0.012795765749923296,0.5993151758558144,0.5767072084739407,25.653543307086615,0.20359955005624297,4.100961023622047,4.113756789371971,ok
pitcher,2025,FIP,skill,high_innings,IP,100,0,common_all,"[""ATC"", ""OOPSY"", ""Steamer""]",OOPSY,7624ffb8134e64efe7327a1c,True,127,0.4822981779733746,0.6031396425179903,-0.0593834035451989,0.6101736796322466,0.5830814116985377,25.73228346456693,0.20422447194100737,4.054373385826772,4.113756789371971,ok
pitcher,2025,FIP,skill,high_innings,IP,100,0,common_all,"[""ATC"", ""OOPSY"", ""Steamer""]",Steamer,7624ffb8134e64efe7327a1c,True,127,0.48159643743489355,0.6072993429847466,-0.0018101819503433976,0.5988879774946573,0.5712996812898388,26.094488188976378,0.20709911261092365,4.111946607421627,4.113756789371971,ok
pitcher,2025,BABIP,skill,all_matched,IP,0,0,common_all,"[""ATC"", ""OOPSY"", ""Steamer""]",ATC,bfba7117b554a17484c1bda6,True,682,0.04397767785744308,0.06430326063936696,-0.001201158004613665,0.06939745584786601,0.11192788490665463,208.2375366568915,0.3057819921540257,0.29374601466275657,0.29494717266737025,ok
pitcher,2025,BABIP,skill,all_matched,IP,0,0,common_all,"[""ATC"", ""OOPSY"", ""Steamer""]",OOPSY,bfba7117b554a17484c1bda6,True,682,0.043793864142733036,0.06480427023322288,-0.00864444979346997,0.08192103770654047,0.1486378006513418,204.95894428152494,0.3009676127482011,0.2863027228739003,0.29494717266737025,ok
pitcher,2025,BABIP,skill,all_matched,IP,0,0,common_all,"[""ATC"", ""OOPSY"", ""Steamer""]",Steamer,bfba7117b554a17484c1bda6,True,682,0.044048303225542526,0.06420513581548938,-0.00016622539948485512,0.044758460249354884,0.1157554065556293,210.24780058651027,0.30873392156609436,0.2947809472678854,0.29494717266737025,ok
pitcher,2025,BABIP,skill,substantial_innings,IP,40,0,common_all,"[""ATC"", ""OOPSY"", ""Steamer""]",ATC,2e24d9926e623c1f7b3878b9,True,385,0.0283091548476648,0.035627991629924166,0.00853231698011325,0.19182154975514426,0.19181751914202455,112.2883116883117,0.2924174783549784,0.2927644649350649,0.28423214795495166,ok
pitcher,2025,BABIP,skill,substantial_innings,IP,40,0,common_all,"[""ATC"", ""OOPSY"", ""Steamer""]",OOPSY,2e24d9926e623c1f7b3878b9,True,385,0.0270410236721248,0.033837753310004645,0.002426363733360005,0.2737867705205263,0.2562613667713824,106.8025974025974,0.27813176406926404,0.2866585116883117,0.28423214795495166,ok
pitcher,2025,BABIP,skill,substantial_innings,IP,40,0,common_all,"[""ATC"", ""OOPSY"", ""Steamer""]",Steamer,2e24d9926e623c1f7b3878b9,True,385,0.028429625467734088,0.035660511696448266,0.010650205309783237,0.23777377187591897,0.2019508140269691,111.05974025974027,0.2892180735930736,0.29488235326473494,0.28423214795495166,ok
pitcher,2025,BABIP,skill,high_innings,IP,100,0,common_all,"[""ATC"", ""OOPSY"", ""Steamer""]",ATC,d9e79843df6e390c0c2be47d,True,127,0.02278192477370477,0.028065829770563537,0.007058219760829135,0.2883480840091651,0.25754045032550466,36.37007874015748,0.2886514185726784,0.2916344409448819,0.28457622118405274,ok
pitcher,2025,BABIP,skill,high_innings,IP,100,0,common_all,"[""ATC"", ""OOPSY"", ""Steamer""]",OOPSY,d9e79843df6e390c0c2be47d,True,127,0.02162043752773252,0.02695379550541715,0.00497188905216772,0.35849472388734566,0.34491102160380815,32.68503937007874,0.2594050743657043,0.28954811023622046,0.28457622118405274,ok
pitcher,2025,BABIP,skill,high_innings,IP,100,0,common_all,"[""ATC"", ""OOPSY"", ""Steamer""]",Steamer,d9e79843df6e390c0c2be47d,True,127,0.024219144182569294,0.029449473987839977,0.011370220411163348,0.29009185750417316,0.22515382621214014,35.86614173228347,0.28465191851018623,0.29594644159521605,0.28457622118405274,ok
pitcher,2026,W,fantasy_outcome,all_matched,IP,0,0,common_all,"[""ATC"", ""Depth Charts"", ""OOPSY"", ""RotoWire"", ""Steamer""]",ATC,0bfbad2cf1142f7009c5357e,True,594,2.2280517902356904,3.0148515045550695,0.2399536158249158,0.6218142619639615,0.5884265081021778,116.57744107744108,0.19658927669045714,3.751738127609427,3.5117845117845117,ok
pitcher,2026,W,fantasy_outcome,all_matched,IP,0,0,common_all,"[""ATC"", ""Depth Charts"", ""OOPSY"", ""RotoWire"", ""Steamer""]",Depth Charts,0bfbad2cf1142f7009c5357e,True,594,2.2861952861952863,3.051190638056611,0.569023569023569,0.62512456896193,0.5955745024496933,112.8013468013468,0.19022149544915143,4.08080808080808,3.5117845117845117,ok
pitcher,2026,W,fantasy_outcome,all_matched,IP,0,0,common_all,"[""ATC"", ""Depth Charts"", ""OOPSY"", ""RotoWire"", ""Steamer""]",OOPSY,0bfbad2cf1142f7009c5357e,True,594,2.3114478114478114,3.077287274483318,0.7188552188552189,0.6298959415436666,0.5970221001765997,112.8114478114478,0.190238529192998,4.230639730639731,3.5117845117845117,ok
pitcher,2026,W,fantasy_outcome,all_matched,IP,0,0,common_all,"[""ATC"", ""Depth Charts"", ""OOPSY"", ""RotoWire"", ""Steamer""]",RotoWire,0bfbad2cf1142f7009c5357e,True,594,2.3686868686868685,3.290379814945279,0.03872053872053872,0.5721310698280669,0.5300697098484188,126.11784511784512,0.2126776477535331,3.5505050505050506,3.5117845117845117,ok
pitcher,2026,W,fantasy_outcome,all_matched,IP,0,0,common_all,"[""ATC"", ""Depth Charts"", ""OOPSY"", ""RotoWire"", ""Steamer""]",Steamer,0bfbad2cf1142f7009c5357e,True,594,2.2576996632996633,3.0211574226652362,0.4743511784511784,0.6315256563804734,0.6070022162795335,112.0016835016835,0.18887299072796543,3.9861356902356904,3.5117845117845117,ok
pitcher,2026,W,fantasy_outcome,substantial_innings,IP,40,0,common_all,"[""ATC"", ""Depth Charts"", ""OOPSY"", ""RotoWire"", ""Steamer""]",ATC,becb8b48c0be60bb0b60c3e9,True,337,2.621608477744807,3.388980178556857,-0.5475551661721069,0.5398102614892772,0.491949924544663,76.37982195845697,0.22732089868588384,4.989536821958457,5.537091988130563,ok
pitcher,2026,W,fantasy_outcome,substantial_innings,IP,40,0,common_all,"[""ATC"", ""Depth Charts"", ""OOPSY"", ""RotoWire"", ""Steamer""]",Depth Charts,becb8b48c0be60bb0b60c3e9,True,337,2.56379821958457,3.324220976989581,-0.18397626112759644,0.543416521283148,0.5097172728500345,74.0593471810089,0.2204147237530027,5.353115727002967,5.537091988130563,ok
pitcher,2026,W,fantasy_outcome,substantial_innings,IP,40,0,common_all,"[""ATC"", ""Depth Charts"", ""OOPSY"", ""RotoWire"", ""Steamer""]",OOPSY,becb8b48c0be60bb0b60c3e9,True,337,2.5459940652818993,3.3268978430604443,-0.011869436201780416,0.5478890564699083,0.507890955265119,73.92581602373888,0.22001730959446095,5.525222551928783,5.537091988130563,ok
pitcher,2026,W,fantasy_outcome,substantial_innings,IP,40,0,common_all,"[""ATC"", ""Depth Charts"", ""OOPSY"", ""RotoWire"", ""Steamer""]",RotoWire,becb8b48c0be60bb0b60c3e9,True,337,2.913946587537092,3.7551152056515034,-0.7477744807121661,0.4871086040039999,0.428614637182712,80.73887240356083,0.24029426310583582,4.789317507418398,5.537091988130563,ok
pitcher,2026,W,fantasy_outcome,substantial_innings,IP,40,0,common_all,"[""ATC"", ""Depth Charts"", ""OOPSY"", ""RotoWire"", ""Steamer""]",Steamer,becb8b48c0be60bb0b60c3e9,True,337,2.591220771513353,3.332296639842414,-0.26266409495548965,0.5518448434727512,0.5159177875338097,73.59347181008901,0.21902818991097922,5.274427893175074,5.537091988130563,ok
pitcher,2026,W,fantasy_outcome,high_innings,IP,100,0,common_all,"[""ATC"", ""Depth Charts"", ""OOPSY"", ""RotoWire"", ""Steamer""]",ATC,7ba9892b9d206a26322edd4a,True,126,3.4898775317460315,4.182593576645622,-1.077810388888889,0.262829086638783,0.23260311251335222,37.58730158730159,0.3006984126984127,7.660284849206349,8.738095238095237,ok
pitcher,2026,W,fantasy_outcome,high_innings,IP,100,0,common_all,"[""ATC"", ""Depth Charts"", ""OOPSY"", ""RotoWire"", ""Steamer""]",Depth Charts,7ba9892b9d206a26322edd4a,True,126,3.3412698412698414,4.0483192671637065,-0.7380952380952381,0.2584401273047318,0.25711114652690603,36.42063492063492,0.2913650793650793,8.0,8.738095238095237,ok
pitcher,2026,W,fantasy_outcome,high_innings,IP,100,0,common_all,"[""ATC"", ""Depth Charts"", ""OOPSY"", ""RotoWire"", ""Steamer""]",OOPSY,7ba9892b9d206a26322edd4a,True,126,3.2857142857142856,4.039487630561618,-0.5873015873015873,0.28463359065115157,0.2506774673652743,36.13492063492063,0.28907936507936505,8.15079365079365,8.738095238095237,ok
pitcher,2026,W,fantasy_outcome,high_innings,IP,100,0,common_all,"[""ATC"", ""Depth Charts"", ""OOPSY"", ""RotoWire"", ""Steamer""]",RotoWire,7ba9892b9d206a26322edd4a,True,126,3.8412698412698414,4.617083529400385,-1.3968253968253967,0.25951571818566027,0.23152280762383481,36.92857142857143,0.29542857142857143,7.341269841269841,8.738095238095237,ok
pitcher,2026,W,fantasy_outcome,high_innings,IP,100,0,common_all,"[""ATC"", ""Depth Charts"", ""OOPSY"", ""RotoWire"", ""Steamer""]",Steamer,7ba9892b9d206a26322edd4a,True,126,3.3170015873015872,3.9701824925470346,-0.6405634920634921,0.26615889692333067,0.2477182141807461,37.301587301587304,0.2984126984126984,8.097531746031747,8.738095238095237,ok
pitcher,2026,SV,fantasy_outcome,all_matched,IP,0,0,common_all,"[""ATC"", ""Depth Charts"", ""OOPSY"", ""RotoWire"", ""Steamer""]",ATC,5fa66907105ea58729fb066b,True,594,1.63191894893266,4.466671733436988,-0.14424755207744105,0.6322886642501998,0.49486437642366676,104.25925925925925,0.17581662606957715,1.6082777004478115,1.7525252525252526,ok
pitcher,2026,SV,fantasy_outcome,all_matched,IP,0,0,common_all,"[""ATC"", ""Depth Charts"", ""OOPSY"", ""RotoWire"", ""Steamer""]",Depth Charts,5fa66907105ea58729fb066b,True,594,1.6178451178451179,4.602188031809944,-0.28114478114478114,0.6107883706909899,0.4971186767993103,95.43602693602693,0.16093765081960698,1.4713804713804715,1.7525252525252526,ok
pitcher,2026,SV,fantasy_outcome,all_matched,IP,0,0,common_all,"[""ATC"", ""Depth Charts"", ""OOPSY"", ""RotoWire"", ""Steamer""]",OOPSY,5fa66907105ea58729fb066b,True,594,1.6178451178451179,4.602188031809944,-0.28114478114478114,0.6107883706909899,0.4971186767993103,95.43602693602693,0.16093765081960698,1.4713804713804715,1.7525252525252526,ok
pitcher,2026,SV,fantasy_outcome,all_matched,IP,0,0,common_all,"[""ATC"", ""Depth Charts"", ""OOPSY"", ""RotoWire"", ""Steamer""]",RotoWire,5fa66907105ea58729fb066b,True,594,1.7727272727272727,4.448167632429705,0.1026936026936027,0.6445148561661177,0.4527481685116335,90.77441077441077,0.1530765780344195,1.8552188552188553,1.7525252525252526,ok
pitcher,2026,SV,fantasy_outcome,all_matched,IP,0,0,common_all,"[""ATC"", ""Depth Charts"", ""OOPSY"", ""RotoWire"", ""Steamer""]",Steamer,5fa66907105ea58729fb066b,True,594,1.6220824915824916,4.613211850483466,-0.27458754208754205,0.6088445265392046,0.49687491772323883,95.51346801346801,0.16106824285576393,1.4779377104377105,1.7525252525252526,ok
pitcher,2026,SV,fantasy_outcome,substantial_innings,IP,40,0,common_all,"[""ATC"", ""Depth Charts"", ""OOPSY"", ""RotoWire"", ""Steamer""]",ATC,7bb9a25757a254212e49b119,True,337,2.090930388041543,5.200815490079694,-0.6714804882195846,0.6802349365054242,0.6211584139208024,46.038575667655785,0.13701957043945173,2.0733266334421363,2.744807121661721,ok
pitcher,2026,SV,fantasy_outcome,substantial_innings,IP,40,0,common_all,"[""ATC"", ""Depth Charts"", ""OOPSY"", ""RotoWire"", ""Steamer""]",Depth Charts,7bb9a25757a254212e49b119,True,337,2.1246290801186944,5.340067459759048,-0.8249258160237388,0.6619130422698872,0.565539829583436,59.05044510385757,0.17574537233290943,1.9198813056379822,2.744807121661721,ok
pitcher,2026,SV,fantasy_outcome,substantial_innings,IP,40,0,common_all,"[""ATC"", ""Depth Charts"", ""OOPSY"", ""RotoWire"", ""Steamer""]",OOPSY,7bb9a25757a254212e49b119,True,337,2.1246290801186944,5.340067459759048,-0.8249258160237388,0.6619130422698872,0.565539829583436,59.05044510385757,0.17574537233290943,1.9198813056379822,2.744807121661721,ok
pitcher,2026,SV,fantasy_outcome,substantial_innings,IP,40,0,common_all,"[""ATC"", ""Depth Charts"", ""OOPSY"", ""RotoWire"", ""Steamer""]",RotoWire,7bb9a25757a254212e49b119,True,337,2.1275964391691393,5.123692566820128,-0.47774480712166173,0.6944598944708246,0.5730255070391698,54.845697329376854,0.16323124205171682,2.2670623145400595,2.744807121661721,ok
pitcher,2026,SV,fantasy_outcome,substantial_innings,IP,40,0,common_all,"[""ATC"", ""Depth Charts"", ""OOPSY"", ""RotoWire"", ""Steamer""]",Steamer,7bb9a25757a254212e49b119,True,337,2.1314302670623144,5.357371224693053,-0.8145697329376854,0.6594424561432722,0.5643949180892636,59.10682492581602,0.1759131694220715,1.9302373887240356,2.744807121661721,ok
pitcher,2026,SV,fantasy_outcome,high_innings,IP,100,0,common_all,"[""ATC"", ""Depth Charts"", ""OOPSY"", ""RotoWire"", ""Steamer""]",ATC,7bf2e43a33a5ef332bba6cbb,True,126,0.3745535374603175,1.8276136629681627,-0.035825757777777766,-0.0026995239540557672,0.12715094530724486,10.992063492063492,0.08793650793650794,0.18639646444444447,0.2222222222222222,ok
pitcher,2026,SV,fantasy_outcome,high_innings,IP,100,0,common_all,"[""ATC"", ""Depth Charts"", ""OOPSY"", ""RotoWire"", ""Steamer""]",Depth Charts,7bf2e43a33a5ef332bba6cbb,True,126,0.3492063492063492,1.391584685352615,-0.06349206349206349,0.013886354902804644,0.11146036428688245,11.841269841269842,0.09473015873015873,0.15873015873015872,0.2222222222222222,ok
pitcher,2026,SV,fantasy_outcome,high_innings,IP,100,0,common_all,"[""ATC"", ""Depth Charts"", ""OOPSY"", ""RotoWire"", ""Steamer""]",OOPSY,7bf2e43a33a5ef332bba6cbb,True,126,0.3492063492063492,1.391584685352615,-0.06349206349206349,0.013886354902804644,0.11146036428688245,11.841269841269842,0.09473015873015873,0.15873015873015872,0.2222222222222222,ok
pitcher,2026,SV,fantasy_outcome,high_innings,IP,100,0,common_all,"[""ATC"", ""Depth Charts"", ""OOPSY"", ""RotoWire"", ""Steamer""]",RotoWire,7bf2e43a33a5ef332bba6cbb,True,126,0.3333333333333333,1.4692617733849058,-0.06349206349206349,0.029181696173683082,0.22810851424075343,11.0,0.088,0.15873015873015872,0.2222222222222222,ok
pitcher,2026,SV,fantasy_outcome,high_innings,IP,100,0,common_all,"[""ATC"", ""Depth Charts"", ""OOPSY"", ""RotoWire"", ""Steamer""]",Steamer,7bf2e43a33a5ef332bba6cbb,True,126,0.35200793650793655,1.403472815712668,-0.06069047619047619,0.017659952727957607,0.11146036428688245,11.841269841269842,0.09473015873015873,0.16153174603174603,0.2222222222222222,ok
pitcher,2026,SO,fantasy_outcome,all_matched,IP,0,0,common_all,"[""ATC"", ""Depth Charts"", ""OOPSY"", ""RotoWire"", ""Steamer""]",ATC,d6bf1e8985704c83b409be96,True,594,27.468945841750845,37.784696124161414,5.272431498316498,0.7109308701833035,0.6407157318237385,107.81481481481481,0.1818125039035663,63.20004092592592,57.927609427609426,ok
pitcher,2026,SO,fantasy_outcome,all_matched,IP,0,0,common_all,"[""ATC"", ""Depth Charts"", ""OOPSY"", ""RotoWire"", ""Steamer""]",Depth Charts,d6bf1e8985704c83b409be96,True,594,28.474747474747474,39.19956709717673,9.582491582491583,0.7056873771443948,0.6470871622772103,107.61279461279462,0.1814718290266351,67.51010101010101,57.927609427609426,ok
pitcher,2026,SO,fantasy_outcome,all_matched,IP,0,0,common_all,"[""ATC"", ""Depth Charts"", ""OOPSY"", ""RotoWire"", ""Steamer""]",OOPSY,d6bf1e8985704c83b409be96,True,594,28.681818181818183,39.25615180510508,10.217171717171718,0.7097629565845955,0.6469728030639367,107.74074074074075,0.18168758978202487,68.14478114478115,57.927609427609426,ok
pitcher,2026,SO,fantasy_outcome,all_matched,IP,0,0,common_all,"[""ATC"", ""Depth Charts"", ""OOPSY"", ""RotoWire"", ""Steamer""]",RotoWire,d6bf1e8985704c83b409be96,True,594,30.078636363636363,41.57499470046189,4.901363636363636,0.6774776438671822,0.6052917094932473,112.4023569023569,0.1895486625672123,62.828973063973066,57.927609427609426,ok
pitcher,2026,SO,fantasy_outcome,all_matched,IP,0,0,common_all,"[""ATC"", ""Depth Charts"", ""OOPSY"", ""RotoWire"", ""Steamer""]",Steamer,d6bf1e8985704c83b409be96,True,594,28.943078787878786,39.96687236677969,10.655345791245791,0.7050288030491807,0.6458506600153856,107.82996632996633,0.18183805451933613,68.58295521885522,57.927609427609426,ok
pitcher,2026,SO,fantasy_outcome,substantial_innings,IP,40,0,common_all,"[""ATC"", ""Depth Charts"", ""OOPSY"", ""RotoWire"", ""Steamer""]",ATC,625125e04a0aa2c71ce9d706,True,337,28.630312818991097,37.79097581563033,-6.661611335311573,0.6948445204863827,0.6349463363001951,62.49851632047478,0.18600748904903208,82.28200884272998,88.94362017804154,ok
pitcher,2026,SO,fantasy_outcome,substantial_innings,IP,40,0,common_all,"[""ATC"", ""Depth Charts"", ""OOPSY"", ""RotoWire"", ""Steamer""]",Depth Charts,625125e04a0aa2c71ce9d706,True,337,28.27893175074184,37.96382785651742,-1.7863501483679525,0.6851134391370289,0.6365324660485027,61.97329376854599,0.18444432669210117,87.1572700296736,88.94362017804154,ok
pitcher,2026,SO,fantasy_outcome,substantial_innings,IP,40,0,common_all,"[""ATC"", ""Depth Charts"", ""OOPSY"", ""RotoWire"", ""Steamer""]",OOPSY,625125e04a0aa2c71ce9d706,True,337,28.19287833827893,37.541944889853,-1.1127596439169138,0.6958146903013277,0.6439869760921639,61.433234421364986,0.1828370072064434,87.83086053412462,88.94362017804154,ok
pitcher,2026,SO,fantasy_outcome,substantial_innings,IP,40,0,common_all,"[""ATC"", ""Depth Charts"", ""OOPSY"", ""RotoWire"", ""Steamer""]",RotoWire,625125e04a0aa2c71ce9d706,True,337,31.57112759643917,42.11597894144033,-5.802581602373888,0.6562949029636563,0.6145575794301052,64.03560830860535,0.19058216758513497,83.14103857566765,88.94362017804154,ok
pitcher,2026,SO,fantasy_outcome,substantial_innings,IP,40,0,common_all,"[""ATC"", ""Depth Charts"", ""OOPSY"", ""RotoWire"", ""Steamer""]",Steamer,625125e04a0aa2c71ce9d706,True,337,28.8833293768546,38.81566738862456,-0.15931988130563843,0.6825229241927596,0.6321615754041355,62.62314540059347,0.18637840893033772,88.7843002967359,88.94362017804154,ok
pitcher,2026,SO,fantasy_outcome,high_innings,IP,100,0,common_all,"[""ATC"", ""Depth Charts"", ""OOPSY"", ""RotoWire"", ""Steamer""]",ATC,88cb47dc01da71011ed68b75,True,126,37.531757142857145,46.98364609275789,-15.284,0.4854482318798939,0.511334474887605,27.873015873015873,0.22298412698412698,121.1048888888889,136.38888888888889,ok
pitcher,2026,SO,fantasy_outcome,high_innings,IP,100,0,common_all,"[""ATC"", ""Depth Charts"", ""OOPSY"", ""RotoWire"", ""Steamer""]",Depth Charts,88cb47dc01da71011ed68b75,True,126,36.214285714285715,46.266224095591504,-10.817460317460318,0.4746207377297892,0.5022749399716153,28.166666666666668,0.22533333333333333,125.57142857142857,136.38888888888889,ok
pitcher,2026,SO,fantasy_outcome,high_innings,IP,100,0,common_all,"[""ATC"", ""Depth Charts"", ""OOPSY"", ""RotoWire"", ""Steamer""]",OOPSY,88cb47dc01da71011ed68b75,True,126,36.12698412698413,45.79959797425273,-9.746031746031745,0.4958409424338586,0.5265426987706348,27.452380952380953,0.21961904761904763,126.64285714285714,136.38888888888889,ok
pitcher,2026,SO,fantasy_outcome,high_innings,IP,100,0,common_all,"[""ATC"", ""Depth Charts"", ""OOPSY"", ""RotoWire"", ""Steamer""]",RotoWire,88cb47dc01da71011ed68b75,True,126,39.766825396825396,51.00043978957592,-11.116031746031744,0.41387798970257894,0.44743387421314884,30.023809523809526,0.2401904761904762,125.27285714285713,136.38888888888889,ok
pitcher,2026,SO,fantasy_outcome,high_innings,IP,100,0,common_all,"[""ATC"", ""Depth Charts"", ""OOPSY"", ""RotoWire"", ""Steamer""]",Steamer,88cb47dc01da71011ed68b75,True,126,36.72575952380952,46.45892060330338,-7.887488095238096,0.4729165170940476,0.4967368324561265,28.476190476190474,0.2278095238095238,128.5014007936508,136.38888888888889,ok
pitcher,2026,ERA,fantasy_outcome,all_matched,IP,0,0,common_all,"[""ATC"", ""Depth Charts"", ""OOPSY"", ""RotoWire"", ""Steamer""]",ATC,3bd361a181c44bd9d9d7964d,True,594,1.6294297179512633,3.057835613505477,-0.6620010992585446,0.18596872192787114,0.27358560002879867,160.92592592592592,0.27137592904877894,4.19140765993266,4.853408759191205,ok
pitcher,2026,ERA,fantasy_outcome,all_matched,IP,0,0,common_all,"[""ATC"", ""Depth Charts"", ""OOPSY"", ""RotoWire"", ""Steamer""]",Depth Charts,3bd361a181c44bd9d9d7964d,True,594,1.6336619261075165,3.0667656174769036,-0.7013800554875008,0.18516728537860286,0.27299511141036104,160.65656565656565,0.27092169587953735,4.152028703703704,4.853408759191205,ok
pitcher,2026,ERA,fantasy_outcome,all_matched,IP,0,0,common_all,"[""ATC"", ""Depth Charts"", ""OOPSY"", ""RotoWire"", ""Steamer""]",OOPSY,3bd361a181c44bd9d9d7964d,True,594,1.628199194966887,3.0455942254856256,-0.7343022103696556,0.23247117144119528,0.30504593469282154,157.54208754208753,0.2656696248601813,4.1191065488215495,4.853408759191205,ok
pitcher,2026,ERA,fantasy_outcome,all_matched,IP,0,0,common_all,"[""ATC"", ""Depth Charts"", ""OOPSY"", ""RotoWire"", ""Steamer""]",RotoWire,3bd361a181c44bd9d9d7964d,True,594,1.757365057874464,3.194608579328041,-0.6732235740060193,0.03783114674152792,0.15309075388848709,177.2070707070707,0.298831485172126,4.180185185185185,4.853408759191205,ok
pitcher,2026,ERA,fantasy_outcome,all_matched,IP,0,0,common_all,"[""ATC"", ""Depth Charts"", ""OOPSY"", ""RotoWire"", ""Steamer""]",Steamer,3bd361a181c44bd9d9d7964d,True,594,1.6281506054910915,3.0828044535557146,-0.7546173450497904,0.17872678209258708,0.2890025055236597,160.33164983164983,0.2703737771191397,4.098791414141414,4.853408759191205,ok
pitcher,2026,ERA,fantasy_outcome,substantial_innings,IP,40,0,common_all,"[""ATC"", ""Depth Charts"", ""OOPSY"", ""RotoWire"", ""Steamer""]",ATC,17b6fd833610203ac2eb876c,True,337,0.8626460913055674,1.0839190177047575,0.11553664716643142,0.40477194521946425,0.3831689198563712,83.62314540059347,0.24887840893033772,4.125609169139466,4.010072521973035,ok
pitcher,2026,ERA,fantasy_outcome,substantial_innings,IP,40,0,common_all,"[""ATC"", ""Depth Charts"", ""OOPSY"", ""RotoWire"", ""Steamer""]",Depth Charts,17b6fd833610203ac2eb876c,True,337,0.8599959193732449,1.0829445304213199,0.0711362910833454,0.39919791568922236,0.3830678026285823,82.54302670623146,0.2456637699590222,4.08120881305638,4.010072521973035,ok
pitcher,2026,ERA,fantasy_outcome,substantial_innings,IP,40,0,common_all,"[""ATC"", ""Depth Charts"", ""OOPSY"", ""RotoWire"", ""Steamer""]",OOPSY,17b6fd833610203ac2eb876c,True,337,0.851730077704082,1.069053441836509,0.04189124657295961,0.42693995381838273,0.4019034184526271,82.95548961424332,0.24689133813762892,4.051963768545994,4.010072521973035,ok
pitcher,2026,ERA,fantasy_outcome,substantial_innings,IP,40,0,common_all,"[""ATC"", ""Depth Charts"", ""OOPSY"", ""RotoWire"", ""Steamer""]",RotoWire,17b6fd833610203ac2eb876c,True,337,0.9486361843162231,1.2387125664788392,0.04779097951064506,0.23053742275916309,0.25554630508979137,93.58456973293768,0.27852550515755264,4.05786350148368,4.010072521973035,ok
pitcher,2026,ERA,fantasy_outcome,substantial_innings,IP,40,0,common_all,"[""ATC"", ""Depth Charts"", ""OOPSY"", ""RotoWire"", ""Steamer""]",Steamer,17b6fd833610203ac2eb876c,True,337,0.8432413184084802,1.0649853695843963,0.04648427327919108,0.434050118044095,0.41428954285524944,81.13056379821958,0.24146001130422495,4.0565567952522255,4.010072521973035,ok
pitcher,2026,ERA,fantasy_outcome,high_innings,IP,100,0,common_all,"[""ATC"", ""Depth Charts"", ""OOPSY"", ""RotoWire"", ""Steamer""]",ATC,ac060040f2e9fee981c8791a,True,126,0.6866330280403518,0.8572675776710734,0.11300916102656318,0.5006619591460443,0.4022107236595426,31.349206349206348,0.2507936507936508,4.141021666666667,4.0280125056401035,ok
pitcher,2026,ERA,fantasy_outcome,high_innings,IP,100,0,common_all,"[""ATC"", ""Depth Charts"", ""OOPSY"", ""RotoWire"", ""Steamer""]",Depth Charts,ac060040f2e9fee981c8791a,True,126,0.6799204110925195,0.8550379883541367,0.07060289118529335,0.49742840909733005,0.4263637045369329,30.61904761904762,0.24495238095238098,4.098615396825396,4.0280125056401035,ok
pitcher,2026,ERA,fantasy_outcome,high_innings,IP,100,0,common_all,"[""ATC"", ""Depth Charts"", ""OOPSY"", ""RotoWire"", ""Steamer""]",OOPSY,ac060040f2e9fee981c8791a,True,126,0.6937367512062338,0.8564996192279879,0.06980646261386475,0.5044428621537593,0.4136272965879265,30.603174603174605,0.24482539682539683,4.097818968253969,4.0280125056401035,ok
pitcher,2026,ERA,fantasy_outcome,high_innings,IP,100,0,common_all,"[""ATC"", ""Depth Charts"", ""OOPSY"", ""RotoWire"", ""Steamer""]",RotoWire,ac060040f2e9fee981c8791a,True,126,0.7810582872373634,1.0267187452787938,0.03936844674084887,0.3120631204228662,0.31579326465977225,33.38095238095238,0.26704761904761903,4.067380952380953,4.0280125056401035,ok
pitcher,2026,ERA,fantasy_outcome,high_innings,IP,100,0,common_all,"[""ATC"", ""Depth Charts"", ""OOPSY"", ""RotoWire"", ""Steamer""]",Steamer,ac060040f2e9fee981c8791a,True,126,0.6660644428197535,0.8353995485729663,0.07501138324878538,0.5340540308602811,0.45323434570678667,29.0,0.232,4.103023888888889,4.0280125056401035,ok
pitcher,2026,WHIP,fantasy_outcome,all_matched,IP,0,0,common_all,"[""ATC"", ""Depth Charts"", ""OOPSY"", ""RotoWire"", ""Steamer""]",ATC,cff6fcef6310a64e06f4143b,True,594,0.27029719393387214,0.4718264695605588,-0.12346814552299401,0.2429482569069582,0.3255037794111383,155.86700336700338,0.26284486233896015,1.3113930673400673,1.4348612128630613,ok
pitcher,2026,WHIP,fantasy_outcome,all_matched,IP,0,0,common_all,"[""ATC"", ""Depth Charts"", ""OOPSY"", ""RotoWire"", ""Steamer""]",Depth Charts,cff6fcef6310a64e06f4143b,True,594,0.2697776901186619,0.47037387168693523,-0.11617946875531723,0.24046836027741916,0.3183232926977601,155.4882154882155,0.2622060969447142,1.318681744107744,1.4348612128630613,ok
pitcher,2026,WHIP,fantasy_outcome,all_matched,IP,0,0,common_all,"[""ATC"", ""Depth Charts"", ""OOPSY"", ""RotoWire"", ""Steamer""]",OOPSY,cff6fcef6310a64e06f4143b,True,594,0.2695945959035386,0.4689143943454157,-0.11888548727383577,0.25910171887566796,0.3327764583536244,155.92929292929293,0.26294990375934724,1.3159757255892255,1.4348612128630613,ok
pitcher,2026,WHIP,fantasy_outcome,all_matched,IP,0,0,common_all,"[""ATC"", ""Depth Charts"", ""OOPSY"", ""RotoWire"", ""Steamer""]",RotoWire,cff6fcef6310a64e06f4143b,True,594,0.30348579474793336,0.51353989928795,-0.1468140748159233,0.043789284096150335,0.18086036625229937,176.24410774410774,0.29720760159208726,1.288047138047138,1.4348612128630613,ok
pitcher,2026,WHIP,fantasy_outcome,all_matched,IP,0,0,common_all,"[""ATC"", ""Depth Charts"", ""OOPSY"", ""RotoWire"", ""Steamer""]",Steamer,cff6fcef6310a64e06f4143b,True,594,0.27008328104362395,0.4695664600879575,-0.10742424316609166,0.22869580599746192,0.3103778802793652,157.8080808080808,0.2661181801148074,1.3274369696969697,1.4348612128630613,ok
pitcher,2026,WHIP,fantasy_outcome,substantial_innings,IP,40,0,common_all,"[""ATC"", ""Depth Charts"", ""OOPSY"", ""RotoWire"", ""Steamer""]",ATC,cae57c14ac159731a72e81cb,True,337,0.14380211648554805,0.18301451342173117,0.015512983016258185,0.374184174955817,0.36363686245289045,85.55192878338279,0.25461883566482973,1.289587928783383,1.2740749457671245,ok
pitcher,2026,WHIP,fantasy_outcome,substantial_innings,IP,40,0,common_all,"[""ATC"", ""Depth Charts"", ""OOPSY"", ""RotoWire"", ""Steamer""]",Depth Charts,cae57c14ac159731a72e81cb,True,337,0.14533752764616034,0.18375799355843606,0.024073232274418422,0.3705763495224484,0.3683617808516732,85.62017804154303,0.2548219584569733,1.298148178041543,1.2740749457671245,ok
pitcher,2026,WHIP,fantasy_outcome,substantial_innings,IP,40,0,common_all,"[""ATC"", ""Depth Charts"", ""OOPSY"", ""RotoWire"", ""Steamer""]",OOPSY,cae57c14ac159731a72e81cb,True,337,0.14457213305157648,0.18243383101038235,0.020809745627534147,0.3903571340640315,0.3879440349806075,84.52225519287833,0.2515543309311855,1.2948846913946588,1.2740749457671245,ok
pitcher,2026,WHIP,fantasy_outcome,substantial_innings,IP,40,0,common_all,"[""ATC"", ""Depth Charts"", ""OOPSY"", ""RotoWire"", ""Steamer""]",RotoWire,cae57c14ac159731a72e81cb,True,337,0.1646654795021933,0.20925905377325224,-0.012591266241902065,0.265806516230073,0.28623700196596885,92.78338278931751,0.2761410202063021,1.2614836795252227,1.2740749457671245,ok
pitcher,2026,WHIP,fantasy_outcome,substantial_innings,IP,40,0,common_all,"[""ATC"", ""Depth Charts"", ""OOPSY"", ""RotoWire"", ""Steamer""]",Steamer,cae57c14ac159731a72e81cb,True,337,0.14736475206971897,0.18551505084302686,0.03719769518243029,0.3709902683244678,0.36883005555412396,85.41839762611276,0.254221421506288,1.311272640949555,1.2740749457671245,ok
pitcher,2026,WHIP,fantasy_outcome,high_innings,IP,100,0,common_all,"[""ATC"", ""Depth Charts"", ""OOPSY"", ""RotoWire"", ""Steamer""]",ATC,3d9ac795107a63040bca2411,True,126,0.11597187064780207,0.14807805981542796,0.009345501733219484,0.4527042437817883,0.43620012928452406,30.571428571428573,0.24457142857142858,1.2708789047619047,1.261533403028685,ok
pitcher,2026,WHIP,fantasy_outcome,high_innings,IP,100,0,common_all,"[""ATC"", ""Depth Charts"", ""OOPSY"", ""RotoWire"", ""Steamer""]",Depth Charts,3d9ac795107a63040bca2411,True,126,0.11435060814228602,0.1470097533978764,0.018486485860203614,0.4669406211252794,0.45812742126398925,30.158730158730158,0.24126984126984127,1.280019888888889,1.261533403028685,ok
pitcher,2026,WHIP,fantasy_outcome,high_innings,IP,100,0,common_all,"[""ATC"", ""Depth Charts"", ""OOPSY"", ""RotoWire"", ""Steamer""]",OOPSY,3d9ac795107a63040bca2411,True,126,0.11799852444212164,0.15108929776030086,0.020011049352267107,0.4496152747358725,0.4426943272510825,30.603174603174605,0.24482539682539683,1.2815444523809525,1.261533403028685,ok
pitcher,2026,WHIP,fantasy_outcome,high_innings,IP,100,0,common_all,"[""ATC"", ""Depth Charts"", ""OOPSY"", ""RotoWire"", ""Steamer""]",RotoWire,3d9ac795107a63040bca2411,True,126,0.14379808026443747,0.18296433077616112,-0.001057212552494806,0.31671427290544796,0.32374558982708024,34.30952380952381,0.2744761904761905,1.2604761904761905,1.261533403028685,ok
pitcher,2026,WHIP,fantasy_outcome,high_innings,IP,100,0,common_all,"[""ATC"", ""Depth Charts"", ""OOPSY"", ""RotoWire"", ""Steamer""]",Steamer,3d9ac795107a63040bca2411,True,126,0.11814374714965387,0.15252968947988677,0.036838739828457576,0.4455918201510281,0.4500044244540861,30.428571428571427,0.2434285714285714,1.2983721428571429,1.261533403028685,ok
pitcher,2026,QS,fantasy_outcome,all_matched,IP,0,0,common_all,"[""ATC"", ""Depth Charts"", ""OOPSY"", ""RotoWire"", ""Steamer""]",ATC,0c9dcb91435a5fe836728cd0,True,594,1.6231145733838384,3.2116178380383693,0.3935896518350169,0.7587859357230967,0.7982671575390385,77.04040404040404,0.1299163643177134,2.775744533989899,2.3821548821548824,ok
pitcher,2026,QS,fantasy_outcome,all_matched,IP,0,0,common_all,"[""ATC"", ""Depth Charts"", ""OOPSY"", ""RotoWire"", ""Steamer""]",Depth Charts,0c9dcb91435a5fe836728cd0,True,594,1.9713804713804715,3.9399960689788798,1.1632996632996633,0.7546824453564595,0.82510580000365,58.32828282828283,0.09836135384196093,3.5454545454545454,2.3821548821548824,ok
pitcher,2026,QS,fantasy_outcome,all_matched,IP,0,0,common_all,"[""ATC"", ""Depth Charts"", ""OOPSY"", ""RotoWire"", ""Steamer""]",OOPSY,0c9dcb91435a5fe836728cd0,True,594,2.1616161616161618,4.171815001176395,1.5353535353535352,0.7606767787793415,0.8275160772081127,57.69191919191919,0.09728822797962763,3.9175084175084174,2.3821548821548824,ok
pitcher,2026,QS,fantasy_outcome,all_matched,IP,0,0,common_all,"[""ATC"", ""Depth Charts"", ""OOPSY"", ""RotoWire"", ""Steamer""]",RotoWire,0c9dcb91435a5fe836728cd0,True,594,1.872053872053872,3.753337459853842,0.5286195286195287,0.69865355758094,0.762632211218101,57.90909090909091,0.09765445347232868,2.910774410774411,2.3821548821548824,ok
pitcher,2026,QS,fantasy_outcome,all_matched,IP,0,0,common_all,"[""ATC"", ""Depth Charts"", ""OOPSY"", ""RotoWire"", ""Steamer""]",Steamer,0c9dcb91435a5fe836728cd0,True,594,1.8686971380471382,3.7313181078500524,0.9950092592592592,0.7598415163367152,0.8257933776298412,57.77609427609428,0.09743017584501565,3.3771641414141413,2.3821548821548824,ok
pitcher,2026,QS,fantasy_outcome,substantial_innings,IP,40,0,common_all,"[""ATC"", ""Depth Charts"", ""OOPSY"", ""RotoWire"", ""Steamer""]",ATC,18e858c8e713a298c09f0b6b,True,337,2.270887163145401,3.7567313229447032,0.11099343792284869,0.759406202950403,0.8523173124461296,38.54896142433235,0.11472905185813198,4.247491954243324,4.136498516320475,ok
pitcher,2026,QS,fantasy_outcome,substantial_innings,IP,40,0,common_all,"[""ATC"", ""Depth Charts"", ""OOPSY"", ""RotoWire"", ""Steamer""]",Depth Charts,18e858c8e713a298c09f0b6b,True,337,2.7329376854599405,4.523266590951609,1.314540059347181,0.7528673943515908,0.857672891109487,33.204747774480715,0.09882365409071642,5.451038575667655,4.136498516320475,ok
pitcher,2026,QS,fantasy_outcome,substantial_innings,IP,40,0,common_all,"[""ATC"", ""Depth Charts"", ""OOPSY"", ""RotoWire"", ""Steamer""]",OOPSY,18e858c8e713a298c09f0b6b,True,337,2.9465875370919883,4.729790680495876,1.8486646884272997,0.7626879269046897,0.8594658003921013,32.76557863501483,0.09751660308040129,5.985163204747774,4.136498516320475,ok
pitcher,2026,QS,fantasy_outcome,substantial_innings,IP,40,0,common_all,"[""ATC"", ""Depth Charts"", ""OOPSY"", ""RotoWire"", ""Steamer""]",RotoWire,18e858c8e713a298c09f0b6b,True,337,2.5964391691394657,4.33158299885439,0.2522255192878338,0.7000572391617029,0.7885249052725494,35.84272997032641,0.10667479157835241,4.388724035608309,4.136498516320475,ok
pitcher,2026,QS,fantasy_outcome,substantial_innings,IP,40,0,common_all,"[""ATC"", ""Depth Charts"", ""OOPSY"", ""RotoWire"", ""Steamer""]",Steamer,18e858c8e713a298c09f0b6b,True,337,2.5839275964391692,4.254661546819229,1.0515086053412463,0.7613987569966973,0.8598212583164079,32.688427299703264,0.09728698601102162,5.188007121661721,4.136498516320475,ok
pitcher,2026,QS,fantasy_outcome,high_innings,IP,100,0,common_all,"[""ATC"", ""Depth Charts"", ""OOPSY"", ""RotoWire"", ""Steamer""]",ATC,ad7dc1212e8c1f99dd7dc553,True,126,4.297078521428571,5.375492250115205,-0.9981301087301586,0.4459694465679649,0.45306229108838,30.285714285714285,0.24228571428571427,8.779647669047618,9.777777777777779,ok
pitcher,2026,QS,fantasy_outcome,high_innings,IP,100,0,common_all,"[""ATC"", ""Depth Charts"", ""OOPSY"", ""RotoWire"", ""Steamer""]",Depth Charts,ad7dc1212e8c1f99dd7dc553,True,126,4.9603174603174605,6.072968992260077,1.5,0.4347342779146051,0.45324384691786385,30.58730158730159,0.24469841269841272,11.277777777777779,9.777777777777779,ok
pitcher,2026,QS,fantasy_outcome,high_innings,IP,100,0,common_all,"[""ATC"", ""Depth Charts"", ""OOPSY"", ""RotoWire"", ""Steamer""]",OOPSY,ad7dc1212e8c1f99dd7dc553,True,126,5.071428571428571,6.123724356957945,2.3412698412698414,0.4516036160464969,0.48579822457090216,29.6984126984127,0.2375873015873016,12.119047619047619,9.777777777777779,ok
pitcher,2026,QS,fantasy_outcome,high_innings,IP,100,0,common_all,"[""ATC"", ""Depth Charts"", ""OOPSY"", ""RotoWire"", ""Steamer""]",RotoWire,ad7dc1212e8c1f99dd7dc553,True,126,4.785714285714286,6.04020918380539,-0.7698412698412699,0.3757363455361084,0.36515123102872815,31.849206349206348,0.2547936507936508,9.007936507936508,9.777777777777779,ok
pitcher,2026,QS,fantasy_outcome,high_innings,IP,100,0,common_all,"[""ATC"", ""Depth Charts"", ""OOPSY"", ""RotoWire"", ""Steamer""]",Steamer,ad7dc1212e8c1f99dd7dc553,True,126,4.706683333333333,5.752208680157507,0.9597198412698414,0.46126807264590497,0.47335967048910654,30.0,0.24,10.73749761904762,9.777777777777779,ok
pitcher,2026,SV_plus_HLD,fantasy_outcome,all_matched,IP,0,0,common_all,"[""ATC"", ""Depth Charts"", ""OOPSY"", ""RotoWire"", ""Steamer""]",ATC,b49b2cb85d3b7bc44f56c9f8,True,594,3.8861655405824918,6.862006544145617,0.14654205499326597,0.6732640161425573,0.6990445357755514,100.23063973063974,0.16902300123210748,5.590986499437711,5.444444444444445,ok
pitcher,2026,SV_plus_HLD,fantasy_outcome,all_matched,IP,0,0,common_all,"[""ATC"", ""Depth Charts"", ""OOPSY"", ""RotoWire"", ""Steamer""]",Depth Charts,b49b2cb85d3b7bc44f56c9f8,True,594,3.8636363636363638,6.815633642799615,-0.08249158249158249,0.6573136240264448,0.6854242814976517,106.0942760942761,0.17891108953503557,5.361952861952862,5.444444444444445,ok
pitcher,2026,SV_plus_HLD,fantasy_outcome,all_matched,IP,0,0,common_all,"[""ATC"", ""Depth Charts"", ""OOPSY"", ""RotoWire"", ""Steamer""]",OOPSY,b49b2cb85d3b7bc44f56c9f8,True,594,3.8636363636363638,6.815633642799615,-0.08249158249158249,0.6573136240264448,0.6854242814976517,106.0942760942761,0.17891108953503557,5.361952861952862,5.444444444444445,ok
pitcher,2026,SV_plus_HLD,fantasy_outcome,all_matched,IP,0,0,common_all,"[""ATC"", ""Depth Charts"", ""OOPSY"", ""RotoWire"", ""Steamer""]",RotoWire,b49b2cb85d3b7bc44f56c9f8,True,594,4.260942760942761,7.643465112274598,-0.14309764309764308,0.6502491693152233,0.6092604010102171,105.04882154882155,0.1771480970469166,5.301346801346801,5.444444444444445,ok
pitcher,2026,SV_plus_HLD,fantasy_outcome,all_matched,IP,0,0,common_all,"[""ATC"", ""Depth Charts"", ""OOPSY"", ""RotoWire"", ""Steamer""]",Steamer,b49b2cb85d3b7bc44f56c9f8,True,594,3.8402006734006737,6.850636377724188,-0.22383535353535355,0.6572885630318361,0.6673495290359017,105.77104377104376,0.17836600973194564,5.2206090909090905,5.444444444444445,ok
pitcher,2026,SV_plus_HLD,fantasy_outcome,substantial_innings,IP,40,0,common_all,"[""ATC"", ""Depth Charts"", ""OOPSY"", ""RotoWire"", ""Steamer""]",ATC,9c4dda5d0fa9c0f691fa2739,True,337,4.082257404777448,7.328820578881592,-1.5708658692284865,0.73952614664909,0.8216137341919233,45.30860534124629,0.13484703970609016,6.236255792492581,7.807121661721069,ok
pitcher,2026,SV_plus_HLD,fantasy_outcome,substantial_innings,IP,40,0,common_all,"[""ATC"", ""Depth Charts"", ""OOPSY"", ""RotoWire"", ""Steamer""]",Depth Charts,9c4dda5d0fa9c0f691fa2739,True,337,4.181008902077151,7.394159215519439,-1.7121661721068249,0.7269355078581121,0.7871163931607428,48.41839762611276,0.14410237388724034,6.094955489614243,7.807121661721069,ok
pitcher,2026,SV_plus_HLD,fantasy_outcome,substantial_innings,IP,40,0,common_all,"[""ATC"", ""Depth Charts"", ""OOPSY"", ""RotoWire"", ""Steamer""]",OOPSY,9c4dda5d0fa9c0f691fa2739,True,337,4.181008902077151,7.394159215519439,-1.7121661721068249,0.7269355078581121,0.7871163931607428,48.41839762611276,0.14410237388724034,6.094955489614243,7.807121661721069,ok
pitcher,2026,SV_plus_HLD,fantasy_outcome,substantial_innings,IP,40,0,common_all,"[""ATC"", ""Depth Charts"", ""OOPSY"", ""RotoWire"", ""Steamer""]",RotoWire,9c4dda5d0fa9c0f691fa2739,True,337,4.584569732937686,7.945474422475954,-1.8842729970326408,0.7198826422154453,0.7034692048040825,53.85756676557863,0.16029037727850784,5.922848664688427,7.807121661721069,ok
pitcher,2026,SV_plus_HLD,fantasy_outcome,substantial_innings,IP,40,0,common_all,"[""ATC"", ""Depth Charts"", ""OOPSY"", ""RotoWire"", ""Steamer""]",Steamer,9c4dda5d0fa9c0f691fa2739,True,337,4.154383382789318,7.430956594250701,-1.8061240356083088,0.7265510481435298,0.7839738938676598,48.20771513353116,0.14347534265931894,6.00099762611276,7.807121661721069,ok
pitcher,2026,SV_plus_HLD,fantasy_outcome,high_innings,IP,100,0,common_all,"[""ATC"", ""Depth Charts"", ""OOPSY"", ""RotoWire"", ""Steamer""]",ATC,cf553f19ee12d6eaa4df6eab,True,126,1.0186196163492065,3.3611864911379707,0.17789720333333336,0.1659222000737494,0.3064073463491292,29.873015873015873,0.238984126984127,0.7651987906349207,0.5873015873015873,ok
pitcher,2026,SV_plus_HLD,fantasy_outcome,high_innings,IP,100,0,common_all,"[""ATC"", ""Depth Charts"", ""OOPSY"", ""RotoWire"", ""Steamer""]",Depth Charts,cf553f19ee12d6eaa4df6eab,True,126,1.0952380952380953,3.187276291558383,0.30158730158730157,0.20681667133944012,0.18922114757531325,29.22222222222222,0.23377777777777778,0.8888888888888888,0.5873015873015873,ok
pitcher,2026,SV_plus_HLD,fantasy_outcome,high_innings,IP,100,0,common_all,"[""ATC"", ""Depth Charts"", ""OOPSY"", ""RotoWire"", ""Steamer""]",OOPSY,cf553f19ee12d6eaa4df6eab,True,126,1.0952380952380953,3.187276291558383,0.30158730158730157,0.20681667133944012,0.18922114757531325,29.22222222222222,0.23377777777777778,0.8888888888888888,0.5873015873015873,ok
pitcher,2026,SV_plus_HLD,fantasy_outcome,high_innings,IP,100,0,common_all,"[""ATC"", ""Depth Charts"", ""OOPSY"", ""RotoWire"", ""Steamer""]",RotoWire,cf553f19ee12d6eaa4df6eab,True,126,0.873015873015873,3.2096085900912126,-0.1746031746031746,0.07827859506415265,0.34329744069729207,14.587301587301587,0.11669841269841269,0.4126984126984127,0.5873015873015873,ok
pitcher,2026,SV_plus_HLD,fantasy_outcome,high_innings,IP,100,0,common_all,"[""ATC"", ""Depth Charts"", ""OOPSY"", ""RotoWire"", ""Steamer""]",Steamer,cf553f19ee12d6eaa4df6eab,True,126,1.0119031746031746,3.180798338118558,0.18178095238095238,0.20927629139927778,0.18679515115580128,29.317460317460316,0.23453968253968252,0.7690825396825397,0.5873015873015873,ok
pitcher,2026,IP,opportunity,all_matched,IP,0,0,common_all,"[""ATC"", ""Depth Charts"", ""OOPSY"", ""RotoWire"", ""Steamer""]",ATC,fd23f565e382903ee83e1a75,True,594,26.22720213804714,36.79077693419425,5.655435740740741,0.7324485370539691,0.650803312732531,104.1919191919192,0.17570306777726677,66.69264112794612,61.03720538720538,ok
pitcher,2026,IP,opportunity,all_matched,IP,0,0,common_all,"[""ATC"", ""Depth Charts"", ""OOPSY"", ""RotoWire"", ""Steamer""]",Depth Charts,fd23f565e382903ee83e1a75,True,594,27.345959595959595,38.35136400719173,10.112626262626264,0.7274159181048127,0.652245876835948,104.493265993266,0.1762112411353558,71.14983164983165,61.03720538720538,ok
pitcher,2026,IP,opportunity,all_matched,IP,0,0,common_all,"[""ATC"", ""Depth Charts"", ""OOPSY"", ""RotoWire"", ""Steamer""]",OOPSY,fd23f565e382903ee83e1a75,True,594,27.383670033670032,38.53926918560171,10.112626262626264,0.7252561982356168,0.6503086477090957,104.74410774410775,0.17663424577421205,71.14983164983165,61.03720538720538,ok
pitcher,2026,IP,opportunity,all_matched,IP,0,0,common_all,"[""ATC"", ""Depth Charts"", ""OOPSY"", ""RotoWire"", ""Steamer""]",RotoWire,fd23f565e382903ee83e1a75,True,594,29.125420875420875,40.540118343268254,6.451010101010101,0.6971632096226044,0.6181194401883947,108.65656565656566,0.1832319825574463,67.48821548821549,61.03720538720538,ok
pitcher,2026,IP,opportunity,all_matched,IP,0,0,common_all,"[""ATC"", ""Depth Charts"", ""OOPSY"", ""RotoWire"", ""Steamer""]",Steamer,fd23f565e382903ee83e1a75,True,594,27.64791363636364,39.18864669734561,11.38987154882155,0.727276514340583,0.6536140123388285,104.11279461279462,0.17556963678380205,72.42707693602694,61.03720538720538,ok
pitcher,2026,IP,opportunity,substantial_innings,IP,40,0,common_all,"[""ATC"", ""Depth Charts"", ""OOPSY"", ""RotoWire"", ""Steamer""]",ATC,e968fdce488a9eb3c509e57f,True,337,26.189789020771514,35.70571286364547,-6.894938575667655,0.7247159440716696,0.6496831735333289,60.997032640949556,0.18153878762187367,86.80061038575668,93.69554896142432,ok
pitcher,2026,IP,opportunity,substantial_innings,IP,40,0,common_all,"[""ATC"", ""Depth Charts"", ""OOPSY"", ""RotoWire"", ""Steamer""]",Depth Charts,e968fdce488a9eb3c509e57f,True,337,25.9727002967359,35.97901877879477,-1.8350148367952512,0.7155278224290672,0.6418987919657247,61.62314540059347,0.18340221845414723,91.86053412462908,93.69554896142432,ok
pitcher,2026,IP,opportunity,substantial_innings,IP,40,0,common_all,"[""ATC"", ""Depth Charts"", ""OOPSY"", ""RotoWire"", ""Steamer""]",OOPSY,e968fdce488a9eb3c509e57f,True,337,25.94421364985163,36.041916744414074,-1.8350148367952512,0.7150826077612426,0.6430055838547553,61.45994065281899,0.18291649003815177,91.86053412462908,93.69554896142432,ok
pitcher,2026,IP,opportunity,substantial_innings,IP,40,0,common_all,"[""ATC"", ""Depth Charts"", ""OOPSY"", ""RotoWire"", ""Steamer""]",RotoWire,e968fdce488a9eb3c509e57f,True,337,28.35192878338279,39.06355089981039,-5.155489614243322,0.6877306745625418,0.6335100177531702,62.596439169139465,0.18629892609862936,88.54005934718101,93.69554896142432,ok
pitcher,2026,IP,opportunity,substantial_innings,IP,40,0,common_all,"[""ATC"", ""Depth Charts"", ""OOPSY"", ""RotoWire"", ""Steamer""]",Steamer,e968fdce488a9eb3c509e57f,True,337,26.197815133531154,36.75198394644798,0.061435311572701205,0.7150856437604829,0.642188715614491,61.44807121661721,0.18288116433517027,93.75698427299703,93.69554896142432,ok
pitcher,2026,IP,opportunity,high_innings,IP,100,0,common_all,"[""ATC"", ""Depth Charts"", ""OOPSY"", ""RotoWire"", ""Steamer""]",ATC,b2a81ad1c058015cf1f77f3d,True,126,33.444356349206345,42.8574600188136,-17.254292857142854,0.43430899126020167,0.43400839444994194,30.0,0.24,129.05443730158728,146.30873015873013,ok
pitcher,2026,IP,opportunity,high_innings,IP,100,0,common_all,"[""ATC"", ""Depth Charts"", ""OOPSY"", ""RotoWire"", ""Steamer""]",Depth Charts,b2a81ad1c058015cf1f77f3d,True,126,32.26587301587302,42.063994141957124,-12.070634920634918,0.41250190787145363,0.40671497989466887,30.91269841269841,0.2473015873015873,134.23809523809524,146.30873015873013,ok
pitcher,2026,IP,opportunity,high_innings,IP,100,0,common_all,"[""ATC"", ""Depth Charts"", ""OOPSY"", ""RotoWire"", ""Steamer""]",OOPSY,b2a81ad1c058015cf1f77f3d,True,126,32.10238095238095,42.11407693622734,-11.98333333333333,0.4102054108524958,0.4062499550514615,30.76984126984127,0.24615873015873016,134.32539682539684,146.30873015873013,ok
pitcher,2026,IP,opportunity,high_innings,IP,100,0,common_all,"[""ATC"", ""Depth Charts"", ""OOPSY"", ""RotoWire"", ""Steamer""]",RotoWire,b2a81ad1c058015cf1f77f3d,True,126,34.02142857142857,45.05233552778298,-14.816666666666665,0.36838174662088424,0.3733593019840801,31.626984126984127,0.253015873015873,131.4920634920635,146.30873015873013,ok
pitcher,2026,IP,opportunity,high_innings,IP,100,0,common_all,"[""ATC"", ""Depth Charts"", ""OOPSY"", ""RotoWire"", ""Steamer""]",Steamer,b2a81ad1c058015cf1f77f3d,True,126,31.813604761904763,41.896201115028944,-8.723811111111107,0.4084649563559745,0.4063041383571593,30.793650793650794,0.24634920634920635,137.58491904761902,146.30873015873013,ok
pitcher,2026,G,opportunity,all_matched,IP,0,0,common_all,"[""ATC"", ""Depth Charts"", ""OOPSY"", ""RotoWire"", ""Steamer""]",ATC,dbe24de56c4046af49e2dec6,True,594,12.968216195286196,17.07647354181503,3.9188507070707073,0.6137172129665421,0.588051323647214,117.10437710437711,0.19747787032778602,32.836359124579126,28.91750841750842,ok
pitcher,2026,G,opportunity,all_matched,IP,0,0,common_all,"[""ATC"", ""Depth Charts"", ""OOPSY"", ""RotoWire"", ""Steamer""]",Depth Charts,dbe24de56c4046af49e2dec6,True,594,15.212121212121213,19.891371663780923,9.693602693602694,0.5975282443796976,0.569020274286608,124.66835016835017,0.21023330551155173,38.611111111111114,28.91750841750842,ok
pitcher,2026,G,opportunity,all_matched,IP,0,0,common_all,"[""ATC"", ""Depth Charts"", ""OOPSY"", ""RotoWire"", ""Steamer""]",OOPSY,dbe24de56c4046af49e2dec6,True,594,15.212121212121213,19.891371663780923,9.693602693602694,0.5975282443796976,0.569020274286608,124.66835016835017,0.21023330551155173,38.611111111111114,28.91750841750842,ok
pitcher,2026,G,opportunity,all_matched,IP,0,0,common_all,"[""ATC"", ""Depth Charts"", ""OOPSY"", ""RotoWire"", ""Steamer""]",RotoWire,dbe24de56c4046af49e2dec6,True,594,14.713804713804715,19.85409744070944,3.740740740740741,0.5449400092735279,0.5347477534123934,123.95454545454545,0.20902958761306148,32.658249158249156,28.91750841750842,ok
pitcher,2026,G,opportunity,all_matched,IP,0,0,common_all,"[""ATC"", ""Depth Charts"", ""OOPSY"", ""RotoWire"", ""Steamer""]",Steamer,dbe24de56c4046af49e2dec6,True,594,15.21016835016835,19.87483433215582,9.656700336700336,0.5976390759818653,0.5688248241169308,124.78787878787878,0.21043487148040266,38.574208754208755,28.91750841750842,ok
pitcher,2026,G,opportunity,substantial_innings,IP,40,0,common_all,"[""ATC"", ""Depth Charts"", ""OOPSY"", ""RotoWire"", ""Steamer""]",ATC,cb19cbd47245f96d0bbb0e89,True,337,9.656492848664687,13.409392064115314,-3.830524896142433,0.7336224722625031,0.6995888968157822,55.4213649851632,0.16494453864631906,36.08935640949555,39.91988130563798,ok
pitcher,2026,G,opportunity,substantial_innings,IP,40,0,common_all,"[""ATC"", ""Depth Charts"", ""OOPSY"", ""RotoWire"", ""Steamer""]",Depth Charts,cb19cbd47245f96d0bbb0e89,True,337,10.198813056379821,13.463325280050213,2.0979228486646884,0.7256988375762368,0.6970647855199681,59.05637982195846,0.17576303518440017,42.017804154302674,39.91988130563798,ok
pitcher,2026,G,opportunity,substantial_innings,IP,40,0,common_all,"[""ATC"", ""Depth Charts"", ""OOPSY"", ""RotoWire"", ""Steamer""]",OOPSY,cb19cbd47245f96d0bbb0e89,True,337,10.198813056379821,13.463325280050213,2.0979228486646884,0.7256988375762368,0.6970647855199681,59.05637982195846,0.17576303518440017,42.017804154302674,39.91988130563798,ok
pitcher,2026,G,opportunity,substantial_innings,IP,40,0,common_all,"[""ATC"", ""Depth Charts"", ""OOPSY"", ""RotoWire"", ""Steamer""]",RotoWire,cb19cbd47245f96d0bbb0e89,True,337,10.845697329376854,15.705656808498972,-3.664688427299703,0.6625411791956293,0.6670753132058731,60.017804154302674,0.17862441712590083,36.25519287833828,39.91988130563798,ok
pitcher,2026,G,opportunity,substantial_innings,IP,40,0,common_all,"[""ATC"", ""Depth Charts"", ""OOPSY"", ""RotoWire"", ""Steamer""]",Steamer,cb19cbd47245f96d0bbb0e89,True,337,10.219525222551928,13.48672291386939,2.06486646884273,0.7248504339494036,0.6958916656651436,59.275964391691396,0.17641656068955772,41.98474777448072,39.91988130563798,ok
pitcher,2026,G,opportunity,high_innings,IP,100,0,common_all,"[""ATC"", ""Depth Charts"", ""OOPSY"", ""RotoWire"", ""Steamer""]",ATC,531f5d62ef98767c6859f3b5,True,126,5.381357301587301,7.68314224198657,-1.0179747619047619,0.21842899041857416,0.11401450221232853,36.84126984126984,0.29473015873015873,27.90266015873016,28.92063492063492,ok
pitcher,2026,G,opportunity,high_innings,IP,100,0,common_all,"[""ATC"", ""Depth Charts"", ""OOPSY"", ""RotoWire"", ""Steamer""]",Depth Charts,531f5d62ef98767c6859f3b5,True,126,7.436507936507937,10.941765041446569,3.373015873015873,0.17831811639025488,0.07310119163057818,38.55555555555556,0.30844444444444447,32.29365079365079,28.92063492063492,ok
pitcher,2026,G,opportunity,high_innings,IP,100,0,common_all,"[""ATC"", ""Depth Charts"", ""OOPSY"", ""RotoWire"", ""Steamer""]",OOPSY,531f5d62ef98767c6859f3b5,True,126,7.436507936507937,10.941765041446569,3.373015873015873,0.17831811639025488,0.07310119163057818,38.55555555555556,0.30844444444444447,32.29365079365079,28.92063492063492,ok
pitcher,2026,G,opportunity,high_innings,IP,100,0,common_all,"[""ATC"", ""Depth Charts"", ""OOPSY"", ""RotoWire"", ""Steamer""]",RotoWire,531f5d62ef98767c6859f3b5,True,126,6.650793650793651,10.28483241369434,-1.873015873015873,0.012084133981607655,-0.03163450276527026,40.91269841269841,0.3273015873015873,27.047619047619047,28.92063492063492,ok
pitcher,2026,G,opportunity,high_innings,IP,100,0,common_all,"[""ATC"", ""Depth Charts"", ""OOPSY"", ""RotoWire"", ""Steamer""]",Steamer,531f5d62ef98767c6859f3b5,True,126,7.476507936507936,10.981928589986167,3.313650793650794,0.1752811257581933,0.07264240470196927,38.69047619047619,0.30952380952380953,32.23428571428571,28.92063492063492,ok
pitcher,2026,GS,opportunity,all_matched,IP,0,0,common_all,"[""ATC"", ""Depth Charts"", ""OOPSY"", ""RotoWire"", ""Steamer""]",ATC,bf709d3f397a6c6808b64e6a,True,594,3.4814427507828283,6.368310844290839,-0.23537896773569023,0.8152493749446696,0.7986447018259916,74.51178451178451,0.12565225044145786,6.922870190513469,7.158249158249158,ok
pitcher,2026,GS,opportunity,all_matched,IP,0,0,common_all,"[""ATC"", ""Depth Charts"", ""OOPSY"", ""RotoWire"", ""Steamer""]",Depth Charts,bf709d3f397a6c6808b64e6a,True,594,3.506734006734007,6.6056551631674,0.045454545454545456,0.8132461229820666,0.8006456985981926,68.91582491582491,0.1162155563504636,7.203703703703703,7.158249158249158,ok
pitcher,2026,GS,opportunity,all_matched,IP,0,0,common_all,"[""ATC"", ""Depth Charts"", ""OOPSY"", ""RotoWire"", ""Steamer""]",OOPSY,bf709d3f397a6c6808b64e6a,True,594,3.506734006734007,6.6056551631674,0.045454545454545456,0.8132461229820666,0.8006456985981926,68.91582491582491,0.1162155563504636,7.203703703703703,7.158249158249158,ok
pitcher,2026,GS,opportunity,all_matched,IP,0,0,common_all,"[""ATC"", ""Depth Charts"", ""OOPSY"", ""RotoWire"", ""Steamer""]",RotoWire,bf709d3f397a6c6808b64e6a,True,594,3.7356902356902357,6.846193860121868,0.14983164983164984,0.7963793269417186,0.7827582068226014,71.96127946127946,0.12135123012020145,7.308080808080808,7.158249158249158,ok
pitcher,2026,GS,opportunity,all_matched,IP,0,0,common_all,"[""ATC"", ""Depth Charts"", ""OOPSY"", ""RotoWire"", ""Steamer""]",Steamer,bf709d3f397a6c6808b64e6a,True,594,3.5088215488215484,6.604891769453553,0.022020202020202155,0.8128363599487302,0.8006456985981926,68.91582491582491,0.1162155563504636,7.18026936026936,7.158249158249158,ok
pitcher,2026,GS,opportunity,substantial_innings,IP,40,0,common_all,"[""ATC"", ""Depth Charts"", ""OOPSY"", ""RotoWire"", ""Steamer""]",ATC,bc977864cc33914282d9491b,True,337,4.562711511572701,7.0681281819756725,-1.4745887169139464,0.8263078429491919,0.8542954612556861,36.0919881305638,0.10741663134096369,10.504639769732938,11.979228486646884,ok
pitcher,2026,GS,opportunity,substantial_innings,IP,40,0,common_all,"[""ATC"", ""Depth Charts"", ""OOPSY"", ""RotoWire"", ""Steamer""]",Depth Charts,bc977864cc33914282d9491b,True,337,4.566765578635015,7.286221295809876,-0.9762611275964391,0.8224296688159375,0.8357499239332518,42.40652818991098,0.126209905327116,11.002967359050444,11.979228486646884,ok
pitcher,2026,GS,opportunity,substantial_innings,IP,40,0,common_all,"[""ATC"", ""Depth Charts"", ""OOPSY"", ""RotoWire"", ""Steamer""]",OOPSY,bc977864cc33914282d9491b,True,337,4.566765578635015,7.286221295809876,-0.9762611275964391,0.8224296688159375,0.8357499239332518,42.40652818991098,0.126209905327116,11.002967359050444,11.979228486646884,ok
pitcher,2026,GS,opportunity,substantial_innings,IP,40,0,common_all,"[""ATC"", ""Depth Charts"", ""OOPSY"", ""RotoWire"", ""Steamer""]",RotoWire,bc977864cc33914282d9491b,True,337,4.798219584569733,7.4053874045370485,-0.9347181008902077,0.8103177754632048,0.8061940453842888,45.73887240356083,0.13612759643916914,11.044510385756677,11.979228486646884,ok
pitcher,2026,GS,opportunity,substantial_innings,IP,40,0,common_all,"[""ATC"", ""Depth Charts"", ""OOPSY"", ""RotoWire"", ""Steamer""]",Steamer,bc977864cc33914282d9491b,True,337,4.567181008902077,7.279788124219767,-1.0093175074183973,0.8224189131969162,0.8357499239332518,42.40652818991098,0.126209905327116,10.969910979228487,11.979228486646884,ok
pitcher,2026,GS,opportunity,high_innings,IP,100,0,common_all,"[""ATC"", ""Depth Charts"", ""OOPSY"", ""RotoWire"", ""Steamer""]",ATC,58ac7cc9167f344311945270,True,126,7.140910213492064,9.30636484447247,-4.153103864285714,0.38899663022871744,0.4129924718987779,31.08730158730159,0.2486984126984127,21.204038992857143,25.357142857142858,ok
pitcher,2026,GS,opportunity,high_innings,IP,100,0,common_all,"[""ATC"", ""Depth Charts"", ""OOPSY"", ""RotoWire"", ""Steamer""]",Depth Charts,58ac7cc9167f344311945270,True,126,6.944444444444445,9.45037162282647,-3.119047619047619,0.38695113195588904,0.41710681165195546,31.095238095238095,0.24876190476190477,22.238095238095237,25.357142857142858,ok
pitcher,2026,GS,opportunity,high_innings,IP,100,0,common_all,"[""ATC"", ""Depth Charts"", ""OOPSY"", ""RotoWire"", ""Steamer""]",OOPSY,58ac7cc9167f344311945270,True,126,6.944444444444445,9.45037162282647,-3.119047619047619,0.38695113195588904,0.41710681165195546,31.095238095238095,0.24876190476190477,22.238095238095237,25.357142857142858,ok
pitcher,2026,GS,opportunity,high_innings,IP,100,0,common_all,"[""ATC"", ""Depth Charts"", ""OOPSY"", ""RotoWire"", ""Steamer""]",RotoWire,58ac7cc9167f344311945270,True,126,6.984126984126984,9.200586592755576,-3.3492063492063493,0.3345241119743461,0.322766635189916,32.817460317460316,0.2625396825396825,22.00793650793651,25.357142857142858,ok
pitcher,2026,GS,opportunity,high_innings,IP,100,0,common_all,"[""ATC"", ""Depth Charts"", ""OOPSY"", ""RotoWire"", ""Steamer""]",Steamer,58ac7cc9167f344311945270,True,126,6.947619047619048,9.445141188118473,-3.178412698412698,0.38638862776576927,0.41710681165195546,31.095238095238095,0.24876190476190477,22.178730158730158,25.357142857142858,ok
pitcher,2026,K/9,skill,all_matched,IP,0,0,common_all,"[""ATC"", ""Depth Charts"", ""OOPSY"", ""RotoWire"", ""Steamer""]",ATC,e8a4632185c6f8c996cc323f,True,594,1.4663844730898594,2.058307747275356,-0.005797754239401687,0.42496213200693167,0.4599131836754315,137.82828282828282,0.23242543478631167,8.432188636363636,8.437986390603038,ok
pitcher,2026,K/9,skill,all_matched,IP,0,0,common_all,"[""ATC"", ""Depth Charts"", ""OOPSY"", ""RotoWire"", ""Steamer""]",Depth Charts,e8a4632185c6f8c996cc323f,True,594,1.4694715738600563,2.0591131659883986,0.020031218824571373,0.4277165783330572,0.4634495056884041,136.98316498316498,0.23100027821781616,8.458017609427609,8.437986390603038,ok
pitcher,2026,K/9,skill,all_matched,IP,0,0,common_all,"[""ATC"", ""Depth Charts"", ""OOPSY"", ""RotoWire"", ""Steamer""]",OOPSY,e8a4632185c6f8c996cc323f,True,594,1.4654370324036305,2.0706125466066996,0.10547243094578351,0.4315447858208108,0.4892768863327821,132.9983164983165,0.22428046627034826,8.543458821548821,8.437986390603038,ok
pitcher,2026,K/9,skill,all_matched,IP,0,0,common_all,"[""ATC"", ""Depth Charts"", ""OOPSY"", ""RotoWire"", ""Steamer""]",RotoWire,e8a4632185c6f8c996cc323f,True,594,1.572418502626253,2.2176392108498315,-0.28844093605758353,0.29816698393127355,0.37061892049717027,149.13636363636363,0.2514947110225356,8.149545454545454,8.437986390603038,ok
pitcher,2026,K/9,skill,all_matched,IP,0,0,common_all,"[""ATC"", ""Depth Charts"", ""OOPSY"", ""RotoWire"", ""Steamer""]",Steamer,e8a4632185c6f8c996cc323f,True,594,1.5023746825048239,2.0906052583538313,0.006876471349823872,0.400608863322307,0.41760794981091537,144.14646464646464,0.24308004156233498,8.444862861952862,8.437986390603038,ok
pitcher,2026,K/9,skill,substantial_innings,IP,40,0,common_all,"[""ATC"", ""Depth Charts"", ""OOPSY"", ""RotoWire"", ""Steamer""]",ATC,21cc6172cb90155bc015f025,True,337,1.0668160367349955,1.328976049205404,-0.0899008955078731,0.6629150454062686,0.6392393915690676,64.83086053412462,0.1929489896848947,8.481657774480713,8.571558669988585,ok
pitcher,2026,K/9,skill,substantial_innings,IP,40,0,common_all,"[""ATC"", ""Depth Charts"", ""OOPSY"", ""RotoWire"", ""Steamer""]",Depth Charts,21cc6172cb90155bc015f025,True,337,1.066071820062897,1.3142247446190216,-0.05247110322300663,0.6712570731293681,0.6490265978264834,63.70326409495549,0.18959304790165327,8.51908756676558,8.571558669988585,ok
pitcher,2026,K/9,skill,substantial_innings,IP,40,0,common_all,"[""ATC"", ""Depth Charts"", ""OOPSY"", ""RotoWire"", ""Steamer""]",OOPSY,21cc6172cb90155bc015f025,True,337,1.0517336157601869,1.2944931855624777,0.010914742474322782,0.6851259113639554,0.6708760694027858,62.21958456973294,0.18517733502896708,8.582473412462909,8.571558669988585,ok
pitcher,2026,K/9,skill,substantial_innings,IP,40,0,common_all,"[""ATC"", ""Depth Charts"", ""OOPSY"", ""RotoWire"", ""Steamer""]",RotoWire,21cc6172cb90155bc015f025,True,337,1.1989504281316363,1.5141848121998234,-0.29633611805980187,0.5499487578178283,0.5155011887549322,73.8813056379822,0.21988483820828034,8.275222551928783,8.571558669988585,ok
pitcher,2026,K/9,skill,substantial_innings,IP,40,0,common_all,"[""ATC"", ""Depth Charts"", ""OOPSY"", ""RotoWire"", ""Steamer""]",Steamer,21cc6172cb90155bc015f025,True,337,1.0988313469121602,1.3630554046351273,-0.07153309135357046,0.6405831053090142,0.6072170573619194,67.71513353115726,0.2015331355093966,8.500025578635015,8.571558669988585,ok
pitcher,2026,K/9,skill,high_innings,IP,100,0,common_all,"[""ATC"", ""Depth Charts"", ""OOPSY"", ""RotoWire"", ""Steamer""]",ATC,822ac94e8ce483e33a8c1d69,True,126,0.9382358891100665,1.1903726738861635,0.043767840737654364,0.6747181186384696,0.6563639390542652,23.61904761904762,0.18895238095238095,8.34686888888889,8.303101048151234,ok
pitcher,2026,K/9,skill,high_innings,IP,100,0,common_all,"[""ATC"", ""Depth Charts"", ""OOPSY"", ""RotoWire"", ""Steamer""]",Depth Charts,822ac94e8ce483e33a8c1d69,True,126,0.9352805341542519,1.17328913554039,0.023513872483686117,0.6845931936652228,0.6691003661055387,22.896825396825395,0.18317460317460316,8.32661492063492,8.303101048151234,ok
pitcher,2026,K/9,skill,high_innings,IP,100,0,common_all,"[""ATC"", ""Depth Charts"", ""OOPSY"", ""RotoWire"", ""Steamer""]",OOPSY,822ac94e8ce483e33a8c1d69,True,126,0.9201893688834492,1.1565887272632387,0.08248149153130512,0.7013234555528529,0.6858922923026722,22.746031746031747,0.18196825396825397,8.38558253968254,8.303101048151234,ok
pitcher,2026,K/9,skill,high_innings,IP,100,0,common_all,"[""ATC"", ""Depth Charts"", ""OOPSY"", ""RotoWire"", ""Steamer""]",RotoWire,822ac94e8ce483e33a8c1d69,True,126,1.018135758241803,1.311047395112924,0.12197831692813058,0.604505593038937,0.5635853412114771,26.023809523809526,0.2081904761904762,8.425079365079364,8.303101048151234,ok
pitcher,2026,K/9,skill,high_innings,IP,100,0,common_all,"[""ATC"", ""Depth Charts"", ""OOPSY"", ""RotoWire"", ""Steamer""]",Steamer,822ac94e8ce483e33a8c1d69,True,126,0.9558625758835483,1.2148950426776872,0.009952364547178131,0.6569358402898494,0.6333567804383283,23.936507936507937,0.1914920634920635,8.313053412698412,8.303101048151234,ok
pitcher,2026,BB/9,skill,all_matched,IP,0,0,common_all,"[""ATC"", ""Depth Charts"", ""OOPSY"", ""RotoWire"", ""Steamer""]",ATC,44384c3d5b4a477ecde5819e,True,594,1.2764909592148428,2.16950263239171,-0.7015238364134151,0.3777877330233882,0.4916429810166705,132.46464646464648,0.22338051680378831,3.374165404040404,4.075689240453819,ok
pitcher,2026,BB/9,skill,all_matched,IP,0,0,common_all,"[""ATC"", ""Depth Charts"", ""OOPSY"", ""RotoWire"", ""Steamer""]",Depth Charts,44384c3d5b4a477ecde5819e,True,594,1.2817055052034632,2.1817401601141975,-0.7262560754706543,0.37413344650988367,0.4905834231489738,132.6919191919192,0.22376377604033593,3.3494331649831652,4.075689240453819,ok
pitcher,2026,BB/9,skill,all_matched,IP,0,0,common_all,"[""ATC"", ""Depth Charts"", ""OOPSY"", ""RotoWire"", ""Steamer""]",OOPSY,44384c3d5b4a477ecde5819e,True,594,1.2544521508419473,2.1374051732017705,-0.5783888364134152,0.37536592016465287,0.4923834491004287,132.32996632996634,0.22315340021916752,3.497300404040404,4.075689240453819,ok
pitcher,2026,BB/9,skill,all_matched,IP,0,0,common_all,"[""ATC"", ""Depth Charts"", ""OOPSY"", ""RotoWire"", ""Steamer""]",RotoWire,44384c3d5b4a477ecde5819e,True,594,1.3866019111703454,2.258827661204362,-0.6408407556053343,0.2687110714254113,0.3754247118657483,148.14646464646464,0.24982540412557275,3.4348484848484846,4.075689240453819,ok
pitcher,2026,BB/9,skill,all_matched,IP,0,0,common_all,"[""ATC"", ""Depth Charts"", ""OOPSY"", ""RotoWire"", ""Steamer""]",Steamer,44384c3d5b4a477ecde5819e,True,594,1.3052879370915926,2.204831058033483,-0.7520918835514623,0.3573652089538407,0.47193906478699177,135.81313131313132,0.22902720288892298,3.323597356902357,4.075689240453819,ok
pitcher,2026,BB/9,skill,substantial_innings,IP,40,0,common_all,"[""ATC"", ""Depth Charts"", ""OOPSY"", ""RotoWire"", ""Steamer""]",ATC,70155f4033ac25009dbc2a2d,True,337,0.6704476447053005,0.8635025609659479,-0.16647603644559525,0.5499646491436586,0.561915401421222,70.486646884273,0.2097816871555744,3.1969293768545994,3.3634054133001947,ok
pitcher,2026,BB/9,skill,substantial_innings,IP,40,0,common_all,"[""ATC"", ""Depth Charts"", ""OOPSY"", ""RotoWire"", ""Steamer""]",Depth Charts,70155f4033ac25009dbc2a2d,True,337,0.6636291736225125,0.8575473541246139,-0.17237912249900772,0.5587320660238797,0.5719318059251864,69.75074183976261,0.20759149357072207,3.191026290801187,3.3634054133001947,ok
pitcher,2026,BB/9,skill,substantial_innings,IP,40,0,common_all,"[""ATC"", ""Depth Charts"", ""OOPSY"", ""RotoWire"", ""Steamer""]",OOPSY,70155f4033ac25009dbc2a2d,True,337,0.6697180540313258,0.8519644226415648,-0.03211665959099584,0.5416071602988242,0.5517876895986916,71.37685459940653,0.2124311148791861,3.3312887537091984,3.3634054133001947,ok
pitcher,2026,BB/9,skill,substantial_innings,IP,40,0,common_all,"[""ATC"", ""Depth Charts"", ""OOPSY"", ""RotoWire"", ""Steamer""]",RotoWire,70155f4033ac25009dbc2a2d,True,337,0.7734680335153352,1.0160753162079132,-0.14373182279574362,0.37705280815675973,0.46775492089777887,79.27299703264094,0.23593153878762185,3.219673590504451,3.3634054133001947,ok
pitcher,2026,BB/9,skill,substantial_innings,IP,40,0,common_all,"[""ATC"", ""Depth Charts"", ""OOPSY"", ""RotoWire"", ""Steamer""]",Steamer,70155f4033ac25009dbc2a2d,True,337,0.6855997153172798,0.8819072612242371,-0.18455734208357746,0.5241318089931989,0.5379533294647522,72.86053412462908,0.21684682775187228,3.178848071216617,3.3634054133001947,ok
pitcher,2026,BB/9,skill,high_innings,IP,100,0,common_all,"[""ATC"", ""Depth Charts"", ""OOPSY"", ""RotoWire"", ""Steamer""]",ATC,024f2ffb47251f97f9914ae8,True,126,0.515036474334232,0.6461869769865273,-0.05308450213870042,0.5232703916752685,0.53022272215973,27.634920634920636,0.2210793650793651,2.907026111111111,2.9601106132498116,ok
pitcher,2026,BB/9,skill,high_innings,IP,100,0,common_all,"[""ATC"", ""Depth Charts"", ""OOPSY"", ""RotoWire"", ""Steamer""]",Depth Charts,024f2ffb47251f97f9914ae8,True,126,0.5069280461643951,0.6419424866368024,-0.06835529578949408,0.5311392470382125,0.5442729658792651,26.92063492063492,0.21536507936507937,2.8917553174603174,2.9601106132498116,ok
pitcher,2026,BB/9,skill,high_innings,IP,100,0,common_all,"[""ATC"", ""Depth Charts"", ""OOPSY"", ""RotoWire"", ""Steamer""]",OOPSY,024f2ffb47251f97f9914ae8,True,126,0.5369070877006787,0.6839282649419048,0.08181010103590275,0.477489119563541,0.49637495313085866,28.571428571428573,0.2285714285714286,3.0419207142857143,2.9601106132498116,ok
pitcher,2026,BB/9,skill,high_innings,IP,100,0,common_all,"[""ATC"", ""Depth Charts"", ""OOPSY"", ""RotoWire"", ""Steamer""]",RotoWire,024f2ffb47251f97f9914ae8,True,126,0.6032147675248137,0.845204245556861,0.04377827563907736,0.4259224810967211,0.47826119644874643,28.023809523809526,0.22419047619047622,3.003888888888889,2.9601106132498116,ok
pitcher,2026,BB/9,skill,high_innings,IP,100,0,common_all,"[""ATC"", ""Depth Charts"", ""OOPSY"", ""RotoWire"", ""Steamer""]",Steamer,024f2ffb47251f97f9914ae8,True,126,0.5191817183435963,0.6587806646231288,-0.051122835472033744,0.497558536538754,0.503082114735658,28.349206349206348,0.2267936507936508,2.908987777777778,2.9601106132498116,ok
pitcher,2026,HR/9,skill,all_matched,IP,0,0,common_all,"[""ATC"", ""Depth Charts"", ""OOPSY"", ""RotoWire"", ""Steamer""]",ATC,b2065d0f46bca65007f627e2,True,594,0.5842726602959386,0.9566788418930193,-0.14796186259827493,0.16147711210781818,0.2720177151483228,161.52356902356902,0.2723837588930338,1.1462865151515151,1.2942483777497902,ok
pitcher,2026,HR/9,skill,all_matched,IP,0,0,common_all,"[""ATC"", ""Depth Charts"", ""OOPSY"", ""RotoWire"", ""Steamer""]",Depth Charts,b2065d0f46bca65007f627e2,True,594,0.5861653130073764,0.9605699313409688,-0.15320622960164196,0.14358270606996773,0.2578810264022673,163.42929292929293,0.27559745856541806,1.141042148148148,1.2942483777497902,ok
pitcher,2026,HR/9,skill,all_matched,IP,0,0,common_all,"[""ATC"", ""Depth Charts"", ""OOPSY"", ""RotoWire"", ""Steamer""]",OOPSY,b2065d0f46bca65007f627e2,True,594,0.5832821836706731,0.9514547057383661,-0.14964058987100223,0.18991247127591035,0.28610738386298434,159.18350168350167,0.2684376082352473,1.144607787878788,1.2942483777497902,ok
pitcher,2026,HR/9,skill,all_matched,IP,0,0,common_all,"[""ATC"", ""Depth Charts"", ""OOPSY"", ""RotoWire"", ""Steamer""]",RotoWire,b2065d0f46bca65007f627e2,True,594,0.6783736855001756,1.0738550211575524,-0.3266389501403625,0.09698350878596586,0.19377257734030473,173.42087542087543,0.29244667018697373,0.9676094276094276,1.2942483777497902,ok
pitcher,2026,HR/9,skill,all_matched,IP,0,0,common_all,"[""ATC"", ""Depth Charts"", ""OOPSY"", ""RotoWire"", ""Steamer""]",Steamer,b2065d0f46bca65007f627e2,True,594,0.5850763669275912,0.9562661256056111,-0.13737127337268573,0.15332424322878133,0.2814240941091547,161.40404040404042,0.27218219292418283,1.1568771043771042,1.2942483777497902,ok
pitcher,2026,HR/9,skill,substantial_innings,IP,40,0,common_all,"[""ATC"", ""Depth Charts"", ""OOPSY"", ""RotoWire"", ""Steamer""]",ATC,b8763f61eced3b59ba5914d4,True,337,0.3190781710950544,0.40924103537949463,0.044743458568551664,0.46076855586075927,0.4523459439359382,78.97922848664689,0.23505722763883002,1.145446409495549,1.1007029509269972,ok
pitcher,2026,HR/9,skill,substantial_innings,IP,40,0,common_all,"[""ATC"", ""Depth Charts"", ""OOPSY"", ""RotoWire"", ""Steamer""]",Depth Charts,b8763f61eced3b59ba5914d4,True,337,0.3207501146389987,0.4136048684460644,0.03615170189199381,0.43756566825861726,0.4469884536631828,79.73293768545994,0.2373004097781546,1.1368546528189911,1.1007029509269972,ok
pitcher,2026,HR/9,skill,substantial_innings,IP,40,0,common_all,"[""ATC"", ""Depth Charts"", ""OOPSY"", ""RotoWire"", ""Steamer""]",OOPSY,b8763f61eced3b59ba5914d4,True,337,0.3210864859473708,0.4097056278718326,0.03514328052700864,0.455067753082066,0.44872911663880244,78.77744807121661,0.23445669068814468,1.1358462314540059,1.1007029509269972,ok
pitcher,2026,HR/9,skill,substantial_innings,IP,40,0,common_all,"[""ATC"", ""Depth Charts"", ""OOPSY"", ""RotoWire"", ""Steamer""]",RotoWire,b8763f61eced3b59ba5914d4,True,337,0.39910250618875465,0.5153185249064812,-0.04927861858278366,0.2542536402087379,0.2903277257246278,92.91097922848665,0.27652077151335314,1.0514243323442136,1.1007029509269972,ok
pitcher,2026,HR/9,skill,substantial_innings,IP,40,0,common_all,"[""ATC"", ""Depth Charts"", ""OOPSY"", ""RotoWire"", ""Steamer""]",Steamer,b8763f61eced3b59ba5914d4,True,337,0.31951195907800317,0.4075554423391047,0.05561455649140032,0.47780442055297145,0.47837601580056344,76.82195845697329,0.22863678112194433,1.1563175074183976,1.1007029509269972,ok
pitcher,2026,HR/9,skill,high_innings,IP,100,0,common_all,"[""ATC"", ""Depth Charts"", ""OOPSY"", ""RotoWire"", ""Steamer""]",ATC,41cf1fe2ebaf88637b6e5bc6,True,126,0.23500427846770539,0.2883272720103132,0.013278186263706951,0.6669039409683913,0.6393330013767087,24.515873015873016,0.19612698412698412,1.187342349206349,1.1740641629426423,ok
pitcher,2026,HR/9,skill,high_innings,IP,100,0,common_all,"[""ATC"", ""Depth Charts"", ""OOPSY"", ""RotoWire"", ""Steamer""]",Depth Charts,41cf1fe2ebaf88637b6e5bc6,True,126,0.23139170492793135,0.2918558561451506,-0.0015864565934359024,0.6598927247467322,0.6628801286272901,24.150793650793652,0.19320634920634921,1.1724777063492064,1.1740641629426423,ok
pitcher,2026,HR/9,skill,high_innings,IP,100,0,common_all,"[""ATC"", ""Depth Charts"", ""OOPSY"", ""RotoWire"", ""Steamer""]",OOPSY,41cf1fe2ebaf88637b6e5bc6,True,126,0.2372134964622157,0.2942255055418483,-0.007814551831531145,0.6466448851838598,0.6315159550563246,24.738095238095237,0.1979047619047619,1.1662496111111111,1.1740641629426423,ok
pitcher,2026,HR/9,skill,high_innings,IP,100,0,common_all,"[""ATC"", ""Depth Charts"", ""OOPSY"", ""RotoWire"", ""Steamer""]",RotoWire,41cf1fe2ebaf88637b6e5bc6,True,126,0.30065692096898433,0.38196854617761566,-0.05477844865692797,0.4722372210049693,0.4844913349533811,29.428571428571427,0.2354285714285714,1.1192857142857142,1.1740641629426423,ok
pitcher,2026,HR/9,skill,high_innings,IP,100,0,common_all,"[""ATC"", ""Depth Charts"", ""OOPSY"", ""RotoWire"", ""Steamer""]",Steamer,41cf1fe2ebaf88637b6e5bc6,True,126,0.23642131885600098,0.2914462948459682,0.018285043406564085,0.6595214815766123,0.657089548001071,23.6984126984127,0.18958730158730158,1.1923492063492063,1.1740641629426423,ok
pitcher,2026,K%,skill,all_matched,IP,0,0,common_all,"[""ATC"", ""Depth Charts"", ""OOPSY"", ""Steamer""]",ATC,5a79591632a7fbe40fcc195c,True,660,0.03964672718181818,0.05224609156733752,0.00515170796969697,0.5057290221870171,0.4838387191331795,150.8030303030303,0.22883616130960593,0.2208829287878788,0.21573122081818183,ok
pitcher,2026,K%,skill,all_matched,IP,0,0,common_all,"[""ATC"", ""Depth Charts"", ""OOPSY"", ""Steamer""]",Depth Charts,5a79591632a7fbe40fcc195c,True,660,0.03953938812121212,0.052004186330687735,0.004698817060606061,0.5125631689036034,0.48947975098722635,148.5151515151515,0.22536441808065477,0.22043003787878787,0.21573122081818183,ok
pitcher,2026,K%,skill,all_matched,IP,0,0,common_all,"[""ATC"", ""Depth Charts"", ""OOPSY"", ""Steamer""]",OOPSY,5a79591632a7fbe40fcc195c,True,660,0.039331905121212124,0.05182935429286724,0.006753097363636364,0.5267737386495543,0.5244083689314472,143.8121212121212,0.21822780153584403,0.22248431818181819,0.21573122081818183,ok
pitcher,2026,K%,skill,all_matched,IP,0,0,common_all,"[""ATC"", ""Depth Charts"", ""OOPSY"", ""Steamer""]",Steamer,5a79591632a7fbe40fcc195c,True,660,0.04016967390909091,0.05294695039935108,0.004516467060606061,0.48613971111754933,0.45462474182569024,154.81969696969696,0.23493125488573136,0.22024768787878787,0.21573122081818183,ok
pitcher,2026,K%,skill,substantial_innings,IP,40,0,common_all,"[""ATC"", ""Depth Charts"", ""OOPSY"", ""Steamer""]",ATC,78824c27d581b47758c9f655,True,378,0.03127727142857143,0.039111350807373525,-0.0045135920105820095,0.6733430971269201,0.6239498143836115,74.32275132275132,0.19714257645292127,0.2237705238095238,0.22828411582010583,ok
pitcher,2026,K%,skill,substantial_innings,IP,40,0,common_all,"[""ATC"", ""Depth Charts"", ""OOPSY"", ""Steamer""]",Depth Charts,78824c27d581b47758c9f655,True,378,0.03129879830687831,0.03880238378834569,-0.0047520417460317444,0.6805518392854044,0.6340384395126599,72.86507936507937,0.1932760725864174,0.22353207407407408,0.22828411582010583,ok
pitcher,2026,K%,skill,substantial_innings,IP,40,0,common_all,"[""ATC"", ""Depth Charts"", ""OOPSY"", ""Steamer""]",OOPSY,78824c27d581b47758c9f655,True,378,0.030807539576719573,0.037936497834206995,-0.002890232222222221,0.6949872936495382,0.6550035840762152,71.02910052910053,0.18840610219920564,0.2253938835978836,0.22828411582010583,ok
pitcher,2026,K%,skill,substantial_innings,IP,40,0,common_all,"[""ATC"", ""Depth Charts"", ""OOPSY"", ""Steamer""]",Steamer,78824c27d581b47758c9f655,True,378,0.03171859042328042,0.03960433381951721,-0.005544449153439152,0.6655816448186211,0.6115680472289523,75.29100529100529,0.19971088936606177,0.22273966666666667,0.22828411582010583,ok
pitcher,2026,K%,skill,high_innings,IP,100,0,common_all,"[""ATC"", ""Depth Charts"", ""OOPSY"", ""Steamer""]",ATC,2aea936ce338d395e97fd91c,True,140,0.027067147785714285,0.034747823312555534,0.0009678742142857152,0.679931101922016,0.6644529896156196,25.678571428571427,0.18473792394655703,0.22056969999999998,0.21960182578571427,ok
pitcher,2026,K%,skill,high_innings,IP,100,0,common_all,"[""ATC"", ""Depth Charts"", ""OOPSY"", ""Steamer""]",Depth Charts,2aea936ce338d395e97fd91c,True,140,0.0267810695,0.034301263670349864,-0.0008447043571428567,0.6882047154205914,0.6804728099339373,24.864285714285714,0.178879753340185,0.21875712142857143,0.21960182578571427,ok
pitcher,2026,K%,skill,high_innings,IP,100,0,common_all,"[""ATC"", ""Depth Charts"", ""OOPSY"", ""Steamer""]",OOPSY,2aea936ce338d395e97fd91c,True,140,0.0267520305,0.033797236522822065,0.0008361313571428579,0.7015788416311836,0.6885526947382212,24.32857142857143,0.1750256937307297,0.22043795714285713,0.21960182578571427,ok
pitcher,2026,K%,skill,high_innings,IP,100,0,common_all,"[""ATC"", ""Depth Charts"", ""OOPSY"", ""Steamer""]",Steamer,2aea936ce338d395e97fd91c,True,140,0.02707306421428571,0.03503861627564252,-0.0017867900714285693,0.6726872493391339,0.6595394575032445,25.535714285714285,0.18371017471736895,0.21781503571428573,0.21960182578571427,ok
pitcher,2026,BB%,skill,all_matched,IP,0,0,common_all,"[""ATC"", ""Depth Charts"", ""OOPSY"", ""Steamer""]",ATC,1ca9117124cecd742e95ea4a,True,660,0.026876212090909093,0.04146651312652298,-0.012673534515151514,0.41746452207814133,0.5065255329270164,145.5969696969697,0.22093622108796615,0.0880234709090909,0.10069700542424243,ok
pitcher,2026,BB%,skill,all_matched,IP,0,0,common_all,"[""ATC"", ""Depth Charts"", ""OOPSY"", ""Steamer""]",Depth Charts,1ca9117124cecd742e95ea4a,True,660,0.027111847484848486,0.041870988384721884,-0.013636541030303031,0.4126111798263668,0.5000943899597122,146.8272727272727,0.22280314526141534,0.0870604643939394,0.10069700542424243,ok
pitcher,2026,BB%,skill,all_matched,IP,0,0,common_all,"[""ATC"", ""Depth Charts"", ""OOPSY"", ""Steamer""]",OOPSY,1ca9117124cecd742e95ea4a,True,660,0.02650551893939394,0.040877840448667435,-0.009997622393939394,0.41096009518450666,0.5064931111924911,145.4181818181818,0.22066491929921367,0.09069938303030303,0.10069700542424243,ok
pitcher,2026,BB%,skill,all_matched,IP,0,0,common_all,"[""ATC"", ""Depth Charts"", ""OOPSY"", ""Steamer""]",Steamer,1ca9117124cecd742e95ea4a,True,660,0.027518078212121214,0.04239166361563777,-0.01433588103030303,0.3972523048897667,0.4884831063272276,148.9878787878788,0.22608175840345796,0.08636112439393939,0.10069700542424243,ok
pitcher,2026,BB%,skill,substantial_innings,IP,40,0,common_all,"[""ATC"", ""Depth Charts"", ""OOPSY"", ""Steamer""]",ATC,5fe512ae1c02e2aa25aa9ea1,True,378,0.01588452632275132,0.02019085699979597,-0.004100468968253969,0.5966375783145127,0.5905319667052609,76.61640211640211,0.2032265308127377,0.08419281534391534,0.0882932843121693,ok
pitcher,2026,BB%,skill,substantial_innings,IP,40,0,common_all,"[""ATC"", ""Depth Charts"", ""OOPSY"", ""Steamer""]",Depth Charts,5fe512ae1c02e2aa25aa9ea1,True,378,0.015749713835978837,0.02022615147367684,-0.004542277169312169,0.5993683248903867,0.5911376357318008,76.25396825396825,0.20226516778240916,0.08375100714285715,0.0882932843121693,ok
pitcher,2026,BB%,skill,substantial_innings,IP,40,0,common_all,"[""ATC"", ""Depth Charts"", ""OOPSY"", ""Steamer""]",OOPSY,5fe512ae1c02e2aa25aa9ea1,True,378,0.015789719391534392,0.019876443755634795,-0.0010952946296296296,0.5909262849070942,0.5807313931193523,77.45502645502646,0.20545099855444685,0.08719798968253968,0.0882932843121693,ok
pitcher,2026,BB%,skill,substantial_innings,IP,40,0,common_all,"[""ATC"", ""Depth Charts"", ""OOPSY"", ""Steamer""]",Steamer,5fe512ae1c02e2aa25aa9ea1,True,378,0.016253821190476192,0.02086995761550758,-0.0050479131481481485,0.5685649519634969,0.5625583228617262,79.01322751322752,0.20958415786001994,0.08324537116402117,0.0882932843121693,ok
pitcher,2026,BB%,skill,high_innings,IP,100,0,common_all,"[""ATC"", ""Depth Charts"", ""OOPSY"", ""Steamer""]",ATC,8b2b59801736d6f522effe8c,True,140,0.012373989785714285,0.015420711447292915,-0.0015941897857142857,0.5819494111261344,0.5692068837331351,29.62857142857143,0.2131551901336074,0.07662518642857143,0.07821937621428571,ok
pitcher,2026,BB%,skill,high_innings,IP,100,0,common_all,"[""ATC"", ""Depth Charts"", ""OOPSY"", ""Steamer""]",Depth Charts,8b2b59801736d6f522effe8c,True,140,0.012248131357142858,0.015444837274030601,-0.002286031214285714,0.5850482471533911,0.5763005401150204,29.285714285714285,0.210688591983556,0.075933345,0.07821937621428571,ok
pitcher,2026,BB%,skill,high_innings,IP,100,0,common_all,"[""ATC"", ""Depth Charts"", ""OOPSY"", ""Steamer""]",OOPSY,8b2b59801736d6f522effe8c,True,140,0.0129744975,0.016276724023089776,0.0013439795000000005,0.5325782721589747,0.5316262491526536,30.957142857142856,0.2227132579650565,0.07956335571428572,0.07821937621428571,ok
pitcher,2026,BB%,skill,high_innings,IP,100,0,common_all,"[""ATC"", ""Depth Charts"", ""OOPSY"", ""Steamer""]",Steamer,8b2b59801736d6f522effe8c,True,140,0.01247197492857143,0.015842952441002162,-0.0021708697857142846,0.5566271178870097,0.543412564781002,30.185714285714287,0.21716341212744092,0.07604850642857142,0.07821937621428571,ok
pitcher,2026,K-BB%,skill,all_matched,IP,0,0,common_all,"[""ATC"", ""Depth Charts"", ""OOPSY"", ""Steamer""]",ATC,a7a5322664e0e0db7dd9bf98,True,660,0.05115869437282934,0.06858049934348592,0.017825256397778582,0.43618536176103084,0.4031521816958002,164.05151515151516,0.24894008368970436,0.1328594724280816,0.11503421603030302,ok
pitcher,2026,K-BB%,skill,all_matched,IP,0,0,common_all,"[""ATC"", ""Depth Charts"", ""OOPSY"", ""Steamer""]",Depth Charts,a7a5322664e0e0db7dd9bf98,True,660,0.051166225277440594,0.06840514777414435,0.018335377777390652,0.44383109293822265,0.40710831189038604,162.6621212121212,0.24683174690761944,0.13336959380769367,0.11503421603030302,ok
pitcher,2026,K-BB%,skill,all_matched,IP,0,0,common_all,"[""ATC"", ""Depth Charts"", ""OOPSY"", ""Steamer""]",OOPSY,a7a5322664e0e0db7dd9bf98,True,660,0.05015509890141488,0.06757698257020485,0.01675070942712577,0.4562459775163333,0.43640270485960225,159.87878787878788,0.2426081758403458,0.13178492545742881,0.11503421603030302,ok
pitcher,2026,K-BB%,skill,all_matched,IP,0,0,common_all,"[""ATC"", ""Depth Charts"", ""OOPSY"", ""Steamer""]",Steamer,a7a5322664e0e0db7dd9bf98,True,660,0.05210778096514153,0.06949032533394256,0.018852363642192494,0.41711884828032625,0.3778305734115912,166.51818181818183,0.25268312870740794,0.13388657967249554,0.11503421603030302,ok
pitcher,2026,K-BB%,skill,substantial_innings,IP,40,0,common_all,"[""ATC"", ""Depth Charts"", ""OOPSY"", ""Steamer""]",ATC,00a0162000f114820e9f2566,True,378,0.03651814805132548,0.046147274273344356,-0.0004131031170612418,0.5544563889192096,0.4756936345983365,87.85185185185185,0.23302878475292269,0.13957772910516097,0.13999083222222222,ok
pitcher,2026,K-BB%,skill,substantial_innings,IP,40,0,common_all,"[""ATC"", ""Depth Charts"", ""OOPSY"", ""Steamer""]",Depth Charts,00a0162000f114820e9f2566,True,378,0.03605700696499025,0.04532277939437603,-0.00020975027176269167,0.5708942737100241,0.4918075056128293,86.01851851851852,0.22816583161410747,0.13978108195045952,0.13999083222222222,ok
pitcher,2026,K-BB%,skill,substantial_innings,IP,40,0,common_all,"[""ATC"", ""Depth Charts"", ""OOPSY"", ""Steamer""]",OOPSY,00a0162000f114820e9f2566,True,378,0.035437186411797834,0.04466926341817367,-0.0017949453788821158,0.5890938252307543,0.5271188025138893,82.5079365079365,0.21885394299187402,0.1381958868433401,0.13999083222222222,ok
pitcher,2026,K-BB%,skill,substantial_innings,IP,40,0,common_all,"[""ATC"", ""Depth Charts"", ""OOPSY"", ""Steamer""]",Steamer,00a0162000f114820e9f2566,True,378,0.036764118118718415,0.046303217380929025,-0.0004965192261084805,0.5448610933503133,0.4617419291087631,88.37566137566138,0.23441819993544133,0.13949431299611373,0.13999083222222222,ok
pitcher,2026,K-BB%,skill,high_innings,IP,100,0,common_all,"[""ATC"", ""Depth Charts"", ""OOPSY"", ""Steamer""]",ATC,fbab31f4a338d1d9c5f75ec5,True,140,0.03394833859559563,0.04259036236585584,0.0025620606914687834,0.5765003319177272,0.5375965292655126,31.142857142857142,0.22404933196300103,0.14394451097718308,0.14138245028571428,ok
pitcher,2026,K-BB%,skill,high_innings,IP,100,0,common_all,"[""ATC"", ""Depth Charts"", ""OOPSY"", ""Steamer""]",Depth Charts,fbab31f4a338d1d9c5f75ec5,True,140,0.033430660364094804,0.04175159990461566,0.0014413027146558078,0.5880524574362043,0.5610183037967795,30.485714285714284,0.21932168550873585,0.1428237530003701,0.14138245028571428,ok
pitcher,2026,K-BB%,skill,high_innings,IP,100,0,common_all,"[""ATC"", ""Depth Charts"", ""OOPSY"", ""Steamer""]",OOPSY,fbab31f4a338d1d9c5f75ec5,True,140,0.03343887981685209,0.041815327788380825,-0.0005078669849790166,0.595179969596484,0.5644317469900675,29.928571428571427,0.21531346351490235,0.14087458330073527,0.14138245028571428,ok
pitcher,2026,K-BB%,skill,high_innings,IP,100,0,common_all,"[""ATC"", ""Depth Charts"", ""OOPSY"", ""Steamer""]",Steamer,fbab31f4a338d1d9c5f75ec5,True,140,0.03356628487570075,0.04279576591509459,0.00038410657223776395,0.5637000022029806,0.5293417258992973,30.928571428571427,0.2225077081192189,0.14176655685795206,0.14138245028571428,ok
pitcher,2026,FIP,skill,all_matched,IP,0,0,common_all,"[""ATC"", ""Depth Charts"", ""OOPSY"", ""Steamer""]",ATC,42a0c29b9859810a75fd9691,True,660,1.0885636033061616,1.6973924733692576,-0.45156046993803656,0.2865665108379279,0.3372513241224436,169.38787878787878,0.2570377523336552,4.179079848484848,4.630640318422885,ok
pitcher,2026,FIP,skill,all_matched,IP,0,0,common_all,"[""ATC"", ""Depth Charts"", ""OOPSY"", ""Steamer""]",Depth Charts,42a0c29b9859810a75fd9691,True,660,1.1022103908121414,1.711353372122714,-0.46532198508955175,0.26397490657818645,0.3070124833652514,173.9257575757576,0.26392375959902514,4.1653183333333335,4.630640318422885,ok
pitcher,2026,FIP,skill,all_matched,IP,0,0,common_all,"[""ATC"", ""Depth Charts"", ""OOPSY"", ""Steamer""]",OOPSY,42a0c29b9859810a75fd9691,True,660,1.0795605802361283,1.6770466474654784,-0.4304319850895517,0.3159685691187767,0.36952501242542085,166.46969696969697,0.2526095553409666,4.200208333333333,4.630640318422885,ok
pitcher,2026,FIP,skill,all_matched,IP,0,0,common_all,"[""ATC"", ""Depth Charts"", ""OOPSY"", ""Steamer""]",Steamer,42a0c29b9859810a75fd9691,True,660,1.1013625989432312,1.7160718794059024,-0.4655515759986426,0.2534109758939047,0.304802527337203,173.11212121212122,0.2626891065434313,4.165088742424242,4.630640318422885,ok
pitcher,2026,FIP,skill,substantial_innings,IP,40,0,common_all,"[""ATC"", ""Depth Charts"", ""OOPSY"", ""Steamer""]",ATC,389f78ef9a56de76f1144816,True,378,0.623167708231871,0.7993843876021236,0.06697709284960414,0.4822971750891997,0.42777112898120995,90.82539682539682,0.2409161719506547,4.096494894179894,4.02951780133029,ok
pitcher,2026,FIP,skill,substantial_innings,IP,40,0,common_all,"[""ATC"", ""Depth Charts"", ""OOPSY"", ""Steamer""]",Depth Charts,389f78ef9a56de76f1144816,True,378,0.6285605456098127,0.8058378896780736,0.05201844205595336,0.4670455070413226,0.4011119542918287,92.5026455026455,0.24536510743407297,4.081536243386243,4.02951780133029,ok
pitcher,2026,FIP,skill,substantial_innings,IP,40,0,common_all,"[""ATC"", ""Depth Charts"", ""OOPSY"", ""Steamer""]",OOPSY,389f78ef9a56de76f1144816,True,378,0.6266983359980045,0.7938149918231138,0.08414217221468348,0.4967204859195627,0.45098184178562867,88.8941798941799,0.23579358062116684,4.113659973544974,4.02951780133029,ok
pitcher,2026,FIP,skill,substantial_innings,IP,40,0,common_all,"[""ATC"", ""Depth Charts"", ""OOPSY"", ""Steamer""]",Steamer,389f78ef9a56de76f1144816,True,378,0.6275190374746344,0.7996614316685595,0.06936132565383693,0.48215464617193127,0.42110147069499765,90.20370370370371,0.2392671185774634,4.098879126984127,4.02951780133029,ok
pitcher,2026,FIP,skill,high_innings,IP,100,0,common_all,"[""ATC"", ""Depth Charts"", ""OOPSY"", ""Steamer""]",ATC,dbb4a13ec498958638db324a,True,140,0.48901658410033355,0.6357327081231557,-0.003448123152276751,0.5678189451233009,0.5586538671798124,29.5,0.21223021582733814,4.091750428571428,4.095198551723706,ok
pitcher,2026,FIP,skill,high_innings,IP,100,0,common_all,"[""ATC"", ""Depth Charts"", ""OOPSY"", ""Steamer""]",Depth Charts,dbb4a13ec498958638db324a,True,140,0.49344200796369336,0.6473012987173444,-0.02116533743799102,0.5460856930711668,0.5433207233605213,29.885714285714286,0.21500513874614594,4.0740332142857145,4.095198551723706,ok
pitcher,2026,FIP,skill,high_innings,IP,100,0,common_all,"[""ATC"", ""Depth Charts"", ""OOPSY"", ""Steamer""]",OOPSY,dbb4a13ec498958638db324a,True,140,0.49390586397776987,0.64016471683523,0.013975948276294663,0.5616784565709122,0.5666075163541429,28.978571428571428,0.20847893114080163,4.1091745,4.095198551723706,ok
pitcher,2026,FIP,skill,high_innings,IP,100,0,common_all,"[""ATC"", ""Depth Charts"", ""OOPSY"", ""Steamer""]",Steamer,dbb4a13ec498958638db324a,True,140,0.5006445943464916,0.6500830897218204,0.010174733990580385,0.5405452589085483,0.5229144344099189,30.414285714285715,0.21880781089414184,4.105373285714285,4.095198551723706,ok
pitcher,2026,BABIP,skill,all_matched,IP,0,0,common_all,"[""ATC"", ""Depth Charts"", ""OOPSY"", ""Steamer""]",ATC,8e185cb5ef72a17f4f0eb794,True,660,0.04387101352646116,0.06679670611426385,-0.003332586159935969,0.14845954722406818,0.1716885971196968,197.11212121212122,0.2991079229318987,0.29064218787878787,0.29397477403872385,ok
pitcher,2026,BABIP,skill,all_matched,IP,0,0,common_all,"[""ATC"", ""Depth Charts"", ""OOPSY"", ""Steamer""]",Depth Charts,8e185cb5ef72a17f4f0eb794,True,660,0.043965229352624674,0.06679325099449017,-0.0016491876750874843,0.149649271946538,0.18381583278909913,197.2378787878788,0.29929875385110594,0.29232558636363637,0.29397477403872385,ok
pitcher,2026,BABIP,skill,all_matched,IP,0,0,common_all,"[""ATC"", ""Depth Charts"", ""OOPSY"", ""Steamer""]",OOPSY,8e185cb5ef72a17f4f0eb794,True,660,0.04369341146124842,0.06693149706383561,-0.006033693735693544,0.1491364072786931,0.18051340279168795,197.46969696969697,0.2996505265094036,0.2879410803030303,0.29397477403872385,ok
pitcher,2026,BABIP,skill,all_matched,IP,0,0,common_all,"[""ATC"", ""Depth Charts"", ""OOPSY"", ""Steamer""]",Steamer,8e185cb5ef72a17f4f0eb794,True,660,0.04438304128330249,0.06681211033741707,0.0013882486885488806,0.13928894351515878,0.16774588655154746,199.4348484848485,0.3026325470179795,0.2953630227272727,0.29397477403872385,ok
pitcher,2026,BABIP,skill,substantial_innings,IP,40,0,common_all,"[""ATC"", ""Depth Charts"", ""OOPSY"", ""Steamer""]",ATC,a9a1005856eefca1d3544184,True,378,0.02709879185253255,0.03437055934598599,0.007625705584972527,0.2763773878663797,0.2315542330255694,107.7010582010582,0.2856791994723029,0.2906322777777778,0.28300657219280523,ok
pitcher,2026,BABIP,skill,substantial_innings,IP,40,0,common_all,"[""ATC"", ""Depth Charts"", ""OOPSY"", ""Steamer""]",Depth Charts,a9a1005856eefca1d3544184,True,378,0.027388483676439392,0.035008771817395395,0.00928743838920533,0.2546380492621406,0.23094920320935616,108.77513227513228,0.28852820232130577,0.2922940105820106,0.28300657219280523,ok
pitcher,2026,BABIP,skill,substantial_innings,IP,40,0,common_all,"[""ATC"", ""Depth Charts"", ""OOPSY"", ""Steamer""]",OOPSY,a9a1005856eefca1d3544184,True,378,0.026873257594670023,0.0341808073623465,0.004853094473861416,0.2477781155689767,0.21140699334233157,110.32539682539682,0.2926403098816892,0.2878596666666667,0.28300657219280523,ok
pitcher,2026,BABIP,skill,substantial_innings,IP,40,0,common_all,"[""ATC"", ""Depth Charts"", ""OOPSY"", ""Steamer""]",Steamer,a9a1005856eefca1d3544184,True,378,0.028318245633603325,0.03615855612566539,0.01266800981777676,0.2334709922000022,0.2140875628412402,110.63756613756614,0.2934683451924831,0.29567458201058205,0.28300657219280523,ok
pitcher,2026,BABIP,skill,high_innings,IP,100,0,common_all,"[""ATC"", ""Depth Charts"", ""OOPSY"", ""Steamer""]",ATC,5b8881b8a70dbd5f311a2a14,True,140,0.020009161840503966,0.024669041559136667,0.00527557741400627,0.2761717992433399,0.2105320702916213,41.01428571428571,0.2950668036998972,0.2911300642857143,0.285854486871708,ok
pitcher,2026,BABIP,skill,high_innings,IP,100,0,common_all,"[""ATC"", ""Depth Charts"", ""OOPSY"", ""Steamer""]",Depth Charts,5b8881b8a70dbd5f311a2a14,True,140,0.020185486148183277,0.024895542651372515,0.006739684556863415,0.29455085067263886,0.23172810417622727,40.371428571428574,0.2904419321685509,0.2925941714285714,0.285854486871708,ok
pitcher,2026,BABIP,skill,high_innings,IP,100,0,common_all,"[""ATC"", ""Depth Charts"", ""OOPSY"", ""Steamer""]",OOPSY,5b8881b8a70dbd5f311a2a14,True,140,0.020149858169170722,0.02485171910549907,0.0039896345568634145,0.26255694190047907,0.20457547211265645,41.32857142857143,0.297327852004111,0.2898441214285714,0.285854486871708,ok
pitcher,2026,BABIP,skill,high_innings,IP,100,0,common_all,"[""ATC"", ""Depth Charts"", ""OOPSY"", ""Steamer""]",Steamer,5b8881b8a70dbd5f311a2a14,True,140,0.021740614457834352,0.02672175552462051,0.010541070271149129,0.21566201362439275,0.17506382467033815,42.05,0.3025179856115108,0.29639555714285715,0.285854486871708,ok
