player_type,season,source,player_id,record_id,side,metric,formula,value
hitter,2024,THE BAT X,p_cbfcdeac8217106774120e81,s_ffbcc4dfdb62af924cdc8a3b,actual,OPS,"{""sum"": [""OBP"", ""SLG""]}",0.715934684
hitter,2024,THE BAT X,p_5c11dd145a24b1ffaecf5e75,s_966f3702d3db13850a6a18a7,actual,OPS,"{""sum"": [""OBP"", ""SLG""]}",0.8632041340000001
hitter,2024,THE BAT X,p_f16412beb35a9f8275245e07,s_a6f0d16e18f160c601222e42,actual,OPS,"{""sum"": [""OBP"", ""SLG""]}",1.15928922
hitter,2024,THE BAT X,p_8b0da430de74b9d38592cfa7,s_4534423fac4802ed44d93e3b,actual,OPS,"{""sum"": [""OBP"", ""SLG""]}",0.988799282
hitter,2024,THE BAT X,p_3f765e91616326426b8a43c2,s_0f089e30441be0609e34bc35,actual,OPS,"{""sum"": [""OBP"", ""SLG""]}",0.832644959
hitter,2024,THE BAT X,p_565062fedb9dc11884dc149f,s_c71b13a0fcb6864cf8b21b16,actual,OPS,"{""sum"": [""OBP"", ""SLG""]}",0.7087247249999999
hitter,2024,THE BAT X,p_306fe9c0d735d7f46146c529,s_4661078fe10d85a93296ef4b,actual,OPS,"{""sum"": [""OBP"", ""SLG""]}",0.8642993969999999
hitter,2024,THE BAT X,p_5ddf7b7c488d16218bdd70fc,s_19ae48845dff7d4d04acff44,actual,OPS,"{""sum"": [""OBP"", ""SLG""]}",0.977330991
hitter,2024,THE BAT X,p_b2d8d52d1ac8e278023dd28e,s_a676f387fb21fe1371e54410,actual,OPS,"{""sum"": [""OBP"", ""SLG""]}",0.959154969
hitter,2024,THE BAT X,p_773d7d56031db8879f6723e8,s_a46858e7e27886e006f137c0,actual,OPS,"{""sum"": [""OBP"", ""SLG""]}",0.759978991
hitter,2024,THE BAT X,p_67d2d4c4c4eb75d44dfc90f0,s_78c51539702c84bb2bd29cb5,actual,OPS,"{""sum"": [""OBP"", ""SLG""]}",0.7338040269999999
hitter,2024,THE BAT X,p_1a7540f0f62bdbec1d46a097,s_7889b9d086f71ee0371a9721,actual,OPS,"{""sum"": [""OBP"", ""SLG""]}",1.036336305
hitter,2024,THE BAT X,p_6c0a9e658a48ac4878d9dd6d,s_c903f5af300667a4999c7392,actual,OPS,"{""sum"": [""OBP"", ""SLG""]}",0.871898536
hitter,2024,THE BAT X,p_316c3f5d72b7ee1b6a59d1c6,s_9e3a717b57fadd718dc1606e,actual,OPS,"{""sum"": [""OBP"", ""SLG""]}",0.853757706
hitter,2024,THE BAT X,p_ba6f36e798456bccef1754a0,s_2d92e0232844a7c31a094f72,actual,OPS,"{""sum"": [""OBP"", ""SLG""]}",0.78313809
hitter,2024,THE BAT X,p_8363b9bca459e78ec2006bb0,s_e2e2d8777ab79771d99e1e7e,actual,OPS,"{""sum"": [""OBP"", ""SLG""]}",0.7681252270000001
hitter,2024,THE BAT X,p_8145c85e799111fad96f9326,s_31c528406cabab6c0fafad04,actual,OPS,"{""sum"": [""OBP"", ""SLG""]}",0.749429706
hitter,2024,THE BAT X,p_9c139e8de020d424429029d1,s_5878d42e767e37f5ff96bc4a,actual,OPS,"{""sum"": [""OBP"", ""SLG""]}",0.870599793
hitter,2024,THE BAT X,p_6bef577c2d843e259b2e4f8d,s_46fde154b40c1acc6b41d6cf,actual,OPS,"{""sum"": [""OBP"", ""SLG""]}",0.892966421
hitter,2024,THE BAT X,p_ed974f466607b19fee8971ac,s_04ee320081afec828279a8c5,actual,OPS,"{""sum"": [""OBP"", ""SLG""]}",0.866681228
hitter,2024,THE BAT X,p_8a17723cd1691cf9cab7393e,s_ddbe6a6ffbc991b9303b4132,actual,OPS,"{""sum"": [""OBP"", ""SLG""]}",0.843976777
hitter,2024,THE BAT X,p_6258e0b754720e6aa1ffc43d,s_59783c37f1e48dcbfabafa4d,actual,OPS,"{""sum"": [""OBP"", ""SLG""]}",0.939813951
hitter,2024,THE BAT X,p_b1a89f2be7e4c14ff4efdd77,s_2507f27843885be9c4349e80,actual,OPS,"{""sum"": [""OBP"", ""SLG""]}",0.636022239
hitter,2024,THE BAT X,p_60cc6d7817c312ca1f6e104d,s_43a32e6c292c2016bd686078,actual,OPS,"{""sum"": [""OBP"", ""SLG""]}",0.8307892219999999
hitter,2024,THE BAT X,p_112dcfa6b46c45a399a719e5,s_b95dfa06d60ca54391c92280,actual,OPS,"{""sum"": [""OBP"", ""SLG""]}",0.99257564
hitter,2024,THE BAT X,p_56e7275c3bfa42a75a7ac2ab,s_63efadcc1cb5c7ee7bfbb359,actual,OPS,"{""sum"": [""OBP"", ""SLG""]}",0.8069692669999999
hitter,2024,THE BAT X,p_cc20023b077f71dea170b091,s_bdbd50f4157025e6c958abdc,actual,OPS,"{""sum"": [""OBP"", ""SLG""]}",0.898470418
hitter,2024,THE BAT X,p_0ad68b951761f8685abeae36,s_45449952a146f7d6caedd097,actual,OPS,"{""sum"": [""OBP"", ""SLG""]}",0.698568672
hitter,2024,THE BAT X,p_470f32c7b44abc752b626681,s_976d148627c84c6bd8ed8513,actual,OPS,"{""sum"": [""OBP"", ""SLG""]}",0.701486126
hitter,2024,THE BAT X,p_ca7feb5b66329358ea3d8c70,s_e9a6f1483ba1c7f50c7bca1d,actual,OPS,"{""sum"": [""OBP"", ""SLG""]}",0.789513381
hitter,2024,THE BAT X,p_3d2334a857b6e51adfa60031,s_ea93280fdc35c83a01fdf1be,actual,OPS,"{""sum"": [""OBP"", ""SLG""]}",0.747999345
hitter,2024,THE BAT X,p_8b8b46332f730f938d5e4598,s_3b738769bd2d9806aeae134c,actual,OPS,"{""sum"": [""OBP"", ""SLG""]}",0.790274846
hitter,2024,THE BAT X,p_bb6f9449c9e0ffc57d547002,s_b143def241c5a36fdd342d0d,actual,OPS,"{""sum"": [""OBP"", ""SLG""]}",0.708510949
hitter,2024,THE BAT X,p_487446a58afe78ff3ecfe76c,s_895e44828aa3948c0122975f,actual,OPS,"{""sum"": [""OBP"", ""SLG""]}",0.931736501
hitter,2024,THE BAT X,p_553976eb2ca8a6fbca85aa5b,s_97fe27b15d0c45d03a755522,actual,OPS,"{""sum"": [""OBP"", ""SLG""]}",0.722437137
hitter,2024,THE BAT X,p_e96df7bede80ce3e564c75a2,s_95e6749b508b2320b4848426,actual,OPS,"{""sum"": [""OBP"", ""SLG""]}",0.789930327
hitter,2024,THE BAT X,p_314d65c651f0866b57c6c200,s_b05bee56f737f92e263e06a9,actual,OPS,"{""sum"": [""OBP"", ""SLG""]}",0.7509812659999999
hitter,2024,THE BAT X,p_0b1b7413f31673311ce952ef,s_e8d0f205b7aa527c19540d44,actual,OPS,"{""sum"": [""OBP"", ""SLG""]}",0.602314425
hitter,2024,THE BAT X,p_975a1b871ed65b006a1ce607,s_4e4a748114874be1175b5b15,actual,OPS,"{""sum"": [""OBP"", ""SLG""]}",0.797214259
hitter,2024,THE BAT X,p_18f58e283cd36378ac1da1fd,s_82c316e91a85e31c25ccfdfe,actual,OPS,"{""sum"": [""OBP"", ""SLG""]}",0.726599624
hitter,2024,THE BAT X,p_689b3153515d854852b70f4b,s_a7133fcdeb0b898b7c50477a,actual,OPS,"{""sum"": [""OBP"", ""SLG""]}",0.793690429
hitter,2024,THE BAT X,p_e6a7e479765cf29ade93adc3,s_cbed0b19afe44eb7884fbd57,actual,OPS,"{""sum"": [""OBP"", ""SLG""]}",0.7552392139999999
hitter,2024,THE BAT X,p_b3b356771b4a2b8a3dabc8a1,s_bb6ee19718e7faab0736b1c4,actual,OPS,"{""sum"": [""OBP"", ""SLG""]}",0.709614945
hitter,2024,THE BAT X,p_eb6d41898fee1956040bc079,s_ead4bcb1f10d1667bef6e76a,actual,OPS,"{""sum"": [""OBP"", ""SLG""]}",0.598329122
hitter,2024,THE BAT X,p_367043d04df11c50c62b433f,s_85743cc8137066d90f04d8b5,actual,OPS,"{""sum"": [""OBP"", ""SLG""]}",0.85203266
hitter,2024,THE BAT X,p_3664d107759fe0ae5d9df463,s_be0675166806b8d00ea766ea,actual,OPS,"{""sum"": [""OBP"", ""SLG""]}",0.706957046
hitter,2024,THE BAT X,p_9dc26246e90ca8f349fcd827,s_94a05ccd14f565e90af3e91d,actual,OPS,"{""sum"": [""OBP"", ""SLG""]}",0.719768265
hitter,2024,THE BAT X,p_67cb975359e89b208f68a778,s_b9c208d60095883dc0c47454,actual,OPS,"{""sum"": [""OBP"", ""SLG""]}",0.636691268
hitter,2024,THE BAT X,p_8b4dd804140aaf9ec7e45949,s_a583661d5ae66842ee601e28,actual,OPS,"{""sum"": [""OBP"", ""SLG""]}",0.848326806
hitter,2024,THE BAT X,p_d65b41dc5498c748aed03004,s_33fe270d2b6c716d1e569098,actual,OPS,"{""sum"": [""OBP"", ""SLG""]}",0.6774763779999999
hitter,2024,THE BAT X,p_806c100a85a17dfdcfe3aeab,s_d70d446dfb83d0ab4e1cf49b,actual,OPS,"{""sum"": [""OBP"", ""SLG""]}",0.6875365849999999
hitter,2024,THE BAT X,p_9dae11e0cd2670bf2ee9255e,s_daf81e21c3981d883e74856d,actual,OPS,"{""sum"": [""OBP"", ""SLG""]}",0.905219521
hitter,2024,THE BAT X,p_81055a604ebcb0e79f8ffbe8,s_38a677fb7f034183e5530ecc,actual,OPS,"{""sum"": [""OBP"", ""SLG""]}",0.638035339
hitter,2024,THE BAT X,p_dca7ac3dcb00e9e9c03af974,s_f4ca68996df819aeee7d6e49,actual,OPS,"{""sum"": [""OBP"", ""SLG""]}",0.747439409
hitter,2024,THE BAT X,p_8d8ac643ab43c0a5edae56ca,s_9368df186c2d463fbee12df9,actual,OPS,"{""sum"": [""OBP"", ""SLG""]}",0.78837798
hitter,2024,THE BAT X,p_07a6c8c4d72175b6a105acc0,s_659e6c53777aa7b95f7051f5,actual,OPS,"{""sum"": [""OBP"", ""SLG""]}",0.657436746
hitter,2024,THE BAT X,p_33ef22bd9c5fcfa876186831,s_9e582cbf4cb3daf7b75ef82f,actual,OPS,"{""sum"": [""OBP"", ""SLG""]}",0.85077273
hitter,2024,THE BAT X,p_fe5e81171887fdbded90e9cf,s_f1f9cbb26854c95b42b6b467,actual,OPS,"{""sum"": [""OBP"", ""SLG""]}",0.613848376
hitter,2024,THE BAT X,p_c315f699dc20ea9f45db58c2,s_19a669e837ce51cd38d105a2,actual,OPS,"{""sum"": [""OBP"", ""SLG""]}",0.7730413279999999
hitter,2024,THE BAT X,p_ce144ce9a8cc74bf957c8921,s_7f994b33f891e4b759cb2a78,actual,OPS,"{""sum"": [""OBP"", ""SLG""]}",0.70019915
hitter,2024,THE BAT X,p_1552cbc32b7c3d101007d1ee,s_ccae32e3caf0ffb6ba8a98ab,actual,OPS,"{""sum"": [""OBP"", ""SLG""]}",0.657210136
hitter,2024,THE BAT X,p_30c7a668112dbae738c3a2dc,s_a4f15b2c9873c001df86319f,actual,OPS,"{""sum"": [""OBP"", ""SLG""]}",0.84823384
hitter,2024,THE BAT X,p_d84830ffa4fab8cd91af4c87,s_a5ba1d384a1dcc24446ad32a,actual,OPS,"{""sum"": [""OBP"", ""SLG""]}",0.625197972
hitter,2024,THE BAT X,p_38ec0c549c03971eb5d0751e,s_7c9cd20d96b7741cd7667095,actual,OPS,"{""sum"": [""OBP"", ""SLG""]}",0.7124487580000001
hitter,2024,THE BAT X,p_a910702a6f8986211ef36f3c,s_214971eefc19ce11485bd0c6,actual,OPS,"{""sum"": [""OBP"", ""SLG""]}",0.632716049
hitter,2024,THE BAT X,p_fdaca5aed6785adf29ede698,s_c352407b1e567820f1928f75,actual,OPS,"{""sum"": [""OBP"", ""SLG""]}",0.715561833
hitter,2024,THE BAT X,p_d280fe766b138e116686c70c,s_97cf0945425d22b80573f9bf,actual,OPS,"{""sum"": [""OBP"", ""SLG""]}",0.6512913330000001
hitter,2024,THE BAT X,p_bb37edd9c4e88b2c706112f0,s_bddb5a953714597bc41643a9,actual,OPS,"{""sum"": [""OBP"", ""SLG""]}",0.615667073
hitter,2024,THE BAT X,p_0f12b16a4ff92fb0e5d398d2,s_b5ab985fc0fc655571b34a89,actual,OPS,"{""sum"": [""OBP"", ""SLG""]}",0.74700822
hitter,2024,THE BAT X,p_fe349ad78aee63c7c18b8b83,s_70e8b059fc851d0bda4998ea,actual,OPS,"{""sum"": [""OBP"", ""SLG""]}",0.748416288
hitter,2024,THE BAT X,p_44532242db028a1dd74c936e,s_0610c5304e51444377a9ad6a,actual,OPS,"{""sum"": [""OBP"", ""SLG""]}",0.790875972
hitter,2024,THE BAT X,p_6c63d7d7b55bc0f02c783a80,s_777ac65931eca4eec242dbef,actual,OPS,"{""sum"": [""OBP"", ""SLG""]}",0.7596145569999999
hitter,2024,THE BAT X,p_fd457e419f55ef98100c8820,s_2e4f41f584d4e279549a36b6,actual,OPS,"{""sum"": [""OBP"", ""SLG""]}",0.909454501
hitter,2024,THE BAT X,p_e7725c89676d89124848373c,s_e87497d8813716ca3b6150a2,actual,OPS,"{""sum"": [""OBP"", ""SLG""]}",0.8094905
hitter,2024,THE BAT X,p_bae0c0ca4e440ae7ebfa87be,s_a8f42691302e6ac772dc3050,actual,OPS,"{""sum"": [""OBP"", ""SLG""]}",0.783315507
hitter,2024,THE BAT X,p_d15ee8551777e5c3a4d0aae0,s_4b9ebb82f827d9ba5bbb5502,actual,OPS,"{""sum"": [""OBP"", ""SLG""]}",0.8403266220000001
hitter,2024,THE BAT X,p_e8a841a4c0a09c1611d07c5c,s_25d168811232fc8575953fb2,actual,OPS,"{""sum"": [""OBP"", ""SLG""]}",0.708265649
hitter,2024,THE BAT X,p_5df8600326504a53588a6de7,s_c9a66d34727085d68dc8f105,actual,OPS,"{""sum"": [""OBP"", ""SLG""]}",0.76053018
hitter,2024,THE BAT X,p_fffb6de42175eb3a17278de2,s_cb9fc2085e3a2e20b258bdf3,actual,OPS,"{""sum"": [""OBP"", ""SLG""]}",0.701261122
hitter,2024,THE BAT X,p_b80059e715bc562d70fcb8af,s_8cc325b2c6f3dab6baa85acf,actual,OPS,"{""sum"": [""OBP"", ""SLG""]}",0.719220654
hitter,2024,THE BAT X,p_63b127378fbb63f7a8ac5c53,s_3f11473c07eb645c918e7ec5,actual,OPS,"{""sum"": [""OBP"", ""SLG""]}",0.739322782
hitter,2024,THE BAT X,p_cf9af48ba71d61a22e7caa41,s_5660de4ddab538b50ff90b8c,actual,OPS,"{""sum"": [""OBP"", ""SLG""]}",0.619270938
hitter,2024,THE BAT X,p_374639c006432a57cd7173fc,s_c21dadbc0dbb810b518b1d2e,actual,OPS,"{""sum"": [""OBP"", ""SLG""]}",0.738733334
hitter,2024,THE BAT X,p_d04d80d479ca9798b6aba56a,s_7d8bf1bf0a759de9b58eb541,actual,OPS,"{""sum"": [""OBP"", ""SLG""]}",0.7514883990000001
hitter,2024,THE BAT X,p_b78289d1db7944d769d0fd0e,s_4219d2d36492e69d38298426,actual,OPS,"{""sum"": [""OBP"", ""SLG""]}",0.7603312179999999
hitter,2024,THE BAT X,p_a1c10b179912b1d2f03fa32c,s_60a6ab69f9fcf453db25dc23,actual,OPS,"{""sum"": [""OBP"", ""SLG""]}",0.826714595
hitter,2024,THE BAT X,p_21e21eee8205504dbb454499,s_a6840bffbf5dcfe626a0c360,actual,OPS,"{""sum"": [""OBP"", ""SLG""]}",0.780194171
hitter,2024,THE BAT X,p_034871097292618cf33a0c4f,s_5161c26930630c7490115f2a,actual,OPS,"{""sum"": [""OBP"", ""SLG""]}",0.657562838
hitter,2024,THE BAT X,p_54a176facbbf2b86f4773ac9,s_294cdedf69df804df28538bc,actual,OPS,"{""sum"": [""OBP"", ""SLG""]}",0.719384802
hitter,2024,THE BAT X,p_7fdf70628f36e355ee189240,s_1983722adbaca65b31a6e3fa,actual,OPS,"{""sum"": [""OBP"", ""SLG""]}",0.710283453
hitter,2024,THE BAT X,p_033ceef5ce1ff67ea9e54a84,s_4af6f46bcec2d0261dfaa3b9,actual,OPS,"{""sum"": [""OBP"", ""SLG""]}",0.57371298
hitter,2024,THE BAT X,p_fc5ea9af3a74454e7e41965e,s_c3ac56543cd8c2cb21f9c4ee,actual,OPS,"{""sum"": [""OBP"", ""SLG""]}",0.670967652
hitter,2024,THE BAT X,p_603925421b21bc562bc8d1f0,s_a3e84df051b508fe6dadfc84,actual,OPS,"{""sum"": [""OBP"", ""SLG""]}",0.765742926
hitter,2024,THE BAT X,p_a280e0051deab38225ff5e85,s_00c9740d3232a18fe5e1891c,actual,OPS,"{""sum"": [""OBP"", ""SLG""]}",0.5732392399999999
hitter,2024,THE BAT X,p_8763904d13a29c644082b122,s_b560ace3358eb0b340320bea,actual,OPS,"{""sum"": [""OBP"", ""SLG""]}",0.858995207
hitter,2024,THE BAT X,p_01f201d29bbe20594b827aba,s_1df0b67e0595c9c2a513f871,actual,OPS,"{""sum"": [""OBP"", ""SLG""]}",0.674067975
hitter,2024,THE BAT X,p_ea8a5d1c846e0c84971a0bb4,s_85a5a2cdb14f5e2051ca42eb,actual,OPS,"{""sum"": [""OBP"", ""SLG""]}",0.7316077990000001
hitter,2024,THE BAT X,p_38e2bb8be3a261e7adcb997c,s_23d894a7974dc9c008b0b59e,actual,OPS,"{""sum"": [""OBP"", ""SLG""]}",0.782068463
hitter,2024,THE BAT X,p_4a235c477ff97898bc829321,s_dd4aa467c51a5b38bf5adacc,actual,OPS,"{""sum"": [""OBP"", ""SLG""]}",0.7202380939999999
hitter,2024,THE BAT X,p_5c1070a01c0c31d9a11bbaed,s_08a2f3434247bcffc4049bf6,actual,OPS,"{""sum"": [""OBP"", ""SLG""]}",0.7582508240000001
hitter,2024,THE BAT X,p_e68c177b707ba2989502b77c,s_a6d1d06d16fcfaa0d486d771,actual,OPS,"{""sum"": [""OBP"", ""SLG""]}",0.632393626
hitter,2024,THE BAT X,p_5c4251b6812026c9a34d5cec,s_41f752b70c2c1e22898ad8a9,actual,OPS,"{""sum"": [""OBP"", ""SLG""]}",0.700376157
hitter,2024,THE BAT X,p_22206224451c3db51ac6d5b0,s_539a41b5ae7241abf332b757,actual,OPS,"{""sum"": [""OBP"", ""SLG""]}",0.684144427
hitter,2024,THE BAT X,p_5d01293e94a7585a67693fb0,s_e4c4ef3140eee71f12ffeef4,actual,OPS,"{""sum"": [""OBP"", ""SLG""]}",0.7881020139999999
hitter,2024,THE BAT X,p_98faa1d5523b21adac215d1f,s_0b5f99e6564e838dd0bdcd9c,actual,OPS,"{""sum"": [""OBP"", ""SLG""]}",0.717514123
hitter,2024,THE BAT X,p_ff7da0692023e81c73d988b1,s_283c865c14183a96cbff94d0,actual,OPS,"{""sum"": [""OBP"", ""SLG""]}",0.721620861
hitter,2024,THE BAT X,p_b0bd0cc808788129b5fe92e7,s_73c59e2c4c1e62e3e81c0bca,actual,OPS,"{""sum"": [""OBP"", ""SLG""]}",0.576461814
hitter,2024,THE BAT X,p_f00855fd10751f91f9838dac,s_e71cf981c14e0852ba7b8d3b,actual,OPS,"{""sum"": [""OBP"", ""SLG""]}",0.8471011239999999
hitter,2024,THE BAT X,p_b0eaf923fda4aa15ef19e892,s_c5b5ea04f3b7a6a53d952c29,actual,OPS,"{""sum"": [""OBP"", ""SLG""]}",0.721312022
hitter,2024,THE BAT X,p_8da5a98f5e436023740fed42,s_8f3f0cd50a43c6e38ccd165a,actual,OPS,"{""sum"": [""OBP"", ""SLG""]}",0.6711442780000001
hitter,2024,THE BAT X,p_bbaf8d520b3e4b79303a4fa8,s_0723d72a7c301f52cb42912c,actual,OPS,"{""sum"": [""OBP"", ""SLG""]}",0.802785845
hitter,2024,THE BAT X,p_c036f8c59b7723c46b54b8f3,s_bba95f9c08f4f4b426cd8bee,actual,OPS,"{""sum"": [""OBP"", ""SLG""]}",0.669005847
hitter,2024,THE BAT X,p_44767dae17d72f3b81e5e39f,s_3c500e478f6d04677be1cad8,actual,OPS,"{""sum"": [""OBP"", ""SLG""]}",0.733239662
hitter,2024,THE BAT X,p_cf93e6476cc705400a42c18a,s_78104ae39beff04ce1eb1654,actual,OPS,"{""sum"": [""OBP"", ""SLG""]}",0.6412584450000001
hitter,2024,THE BAT X,p_dedf39f3291ea6360bd9d86d,s_e4fac4f9e41324ceddb75b53,actual,OPS,"{""sum"": [""OBP"", ""SLG""]}",0.703016469
hitter,2024,THE BAT X,p_ba07987ec3defa0be7df57c7,s_f1cc97ec2be33c45616666c1,actual,OPS,"{""sum"": [""OBP"", ""SLG""]}",0.711383834
hitter,2024,THE BAT X,p_14d1280565f59b8db3772882,s_919c0f9e8ac934f0e1c94e08,actual,OPS,"{""sum"": [""OBP"", ""SLG""]}",0.83376513
hitter,2024,THE BAT X,p_8b3af4e00d6a58700b696caf,s_33f31a53f1e9109e2bb5c409,actual,OPS,"{""sum"": [""OBP"", ""SLG""]}",0.738534869
hitter,2024,THE BAT X,p_07105369a9e627dc07e08f3a,s_1c77dd5d2a7402382795e8b9,actual,OPS,"{""sum"": [""OBP"", ""SLG""]}",0.760211893
hitter,2024,THE BAT X,p_0b1f16cb17d8c26e63a90351,s_49e6b81735c81cbfae94cdb5,actual,OPS,"{""sum"": [""OBP"", ""SLG""]}",0.763332188
hitter,2024,THE BAT X,p_b7f93fa6cd2a0022c2f4073c,s_bc3a6533f5811ec0065d3631,actual,OPS,"{""sum"": [""OBP"", ""SLG""]}",0.6753299319999999
hitter,2024,THE BAT X,p_42767f2ef4cd11bba011e99d,s_e07c9ffab547f373443ce0ff,actual,OPS,"{""sum"": [""OBP"", ""SLG""]}",0.782065389
hitter,2024,THE BAT X,p_2f297136e604768cca48d5f2,s_c74aff966dd64bf658923fb3,actual,OPS,"{""sum"": [""OBP"", ""SLG""]}",0.646784443
hitter,2024,THE BAT X,p_5c21762346818604fbfcff71,s_d199413f37e4b2fea2324e94,actual,OPS,"{""sum"": [""OBP"", ""SLG""]}",0.762296513
hitter,2024,THE BAT X,p_1d811c6e48c551113658df8f,s_a15d34a0ea95800db8711e44,actual,OPS,"{""sum"": [""OBP"", ""SLG""]}",0.681942319
hitter,2024,THE BAT X,p_85bb7396ce2d4e28a61e72d7,s_94f960fd97299e6d0b6b29c9,actual,OPS,"{""sum"": [""OBP"", ""SLG""]}",0.624507594
hitter,2024,THE BAT X,p_453f6b5d6ed77a8cb0076130,s_0263813c2d78a5aa1686ada4,actual,OPS,"{""sum"": [""OBP"", ""SLG""]}",0.755555555
hitter,2024,THE BAT X,p_c8a9c9b6fba1a3672b307781,s_7c7fc9d5f04abc34f7b015f8,actual,OPS,"{""sum"": [""OBP"", ""SLG""]}",0.521116138
hitter,2024,THE BAT X,p_7868a9d4deb15c256be270e4,s_e52a883d64095975b5fc224e,actual,OPS,"{""sum"": [""OBP"", ""SLG""]}",0.814153028
hitter,2024,THE BAT X,p_43de269c43a2abc9eaaccc63,s_b5e0b70777a11dbfe6b2c937,actual,OPS,"{""sum"": [""OBP"", ""SLG""]}",0.7389685340000001
hitter,2024,THE BAT X,p_a04a776d277aaef9a5c0a0c5,s_24857bd11edc0deed52d3353,actual,OPS,"{""sum"": [""OBP"", ""SLG""]}",0.732639452
hitter,2024,THE BAT X,p_43edd76b977a3e8af976bc83,s_8085e53c2fbc192d82e07fc6,actual,OPS,"{""sum"": [""OBP"", ""SLG""]}",0.6201761450000001
hitter,2024,THE BAT X,p_976a51a68ae7b23d4651968b,s_8ce633c80d84138d10e4d119,actual,OPS,"{""sum"": [""OBP"", ""SLG""]}",0.7793365969999999
hitter,2024,THE BAT X,p_22db645384aeaef0e6b0dd37,s_a7c8860f87416811cdbf8b68,actual,OPS,"{""sum"": [""OBP"", ""SLG""]}",0.613524395
hitter,2024,THE BAT X,p_3a018d05684bd05311c373cb,s_7c5a751605142e43cde6c614,actual,OPS,"{""sum"": [""OBP"", ""SLG""]}",0.713567637
hitter,2024,THE BAT X,p_d3826afca90b544836e2677c,s_00e26d79437215a47db49c2a,actual,OPS,"{""sum"": [""OBP"", ""SLG""]}",0.776103379
hitter,2024,THE BAT X,p_d6e2291a941b28d7a61905e7,s_fb2c549c1d1691203b6affb7,actual,OPS,"{""sum"": [""OBP"", ""SLG""]}",0.654582699
hitter,2024,THE BAT X,p_9a7cb306dcada31282e6798e,s_f08e8ff9b8db8772cbd43bde,actual,OPS,"{""sum"": [""OBP"", ""SLG""]}",0.792428422
hitter,2024,THE BAT X,p_6ef9eb123a894da47938ad54,s_c77a39bec4beb10337682b44,actual,OPS,"{""sum"": [""OBP"", ""SLG""]}",0.692289588
hitter,2024,THE BAT X,p_55ce304d590ded904d24a170,s_9b3f09903c634b97166bcba6,actual,OPS,"{""sum"": [""OBP"", ""SLG""]}",0.763495783
hitter,2024,THE BAT X,p_940fa05875c6ec92a4c0f82a,s_64d9aa8404dc8e89f254fdeb,actual,OPS,"{""sum"": [""OBP"", ""SLG""]}",0.7439296879999999
hitter,2024,THE BAT X,p_73b12e6f36544a08a000f034,s_94dd1c7016c6a48741d960d8,actual,OPS,"{""sum"": [""OBP"", ""SLG""]}",0.6029927749999999
hitter,2024,THE BAT X,p_981b2c7f83451c96f57a0b8f,s_1f2aa37aea42010f2f489c5d,actual,OPS,"{""sum"": [""OBP"", ""SLG""]}",0.7071891379999999
hitter,2024,THE BAT X,p_7f9a759746613f250bc043c6,s_c6379d036150babe597f99d5,actual,OPS,"{""sum"": [""OBP"", ""SLG""]}",0.631021799
hitter,2024,THE BAT X,p_aca63cd113ae58163f54b166,s_b018badfb2dd381227fc0871,actual,OPS,"{""sum"": [""OBP"", ""SLG""]}",0.685498445
hitter,2024,THE BAT X,p_fe3b34280c5c898441437983,s_0d20f6eb7891a95f97ed4f3f,actual,OPS,"{""sum"": [""OBP"", ""SLG""]}",0.7930297390000001
hitter,2024,THE BAT X,p_b73db0222a01efed9cd5d4f9,s_c95edf91a858d928665b6520,actual,OPS,"{""sum"": [""OBP"", ""SLG""]}",0.46466165400000004
hitter,2024,THE BAT X,p_9f8e5fcf717acc70a142d6b8,s_4ae91a24d5b093a258376160,actual,OPS,"{""sum"": [""OBP"", ""SLG""]}",0.907762899
hitter,2024,THE BAT X,p_c83d352443086e7f53e8ec08,s_2d87596a5be6f6649ff61294,actual,OPS,"{""sum"": [""OBP"", ""SLG""]}",0.924661679
hitter,2024,THE BAT X,p_5ea69072becc5cf7c0a9e718,s_d0171692e1a82165fdc1aa87,actual,OPS,"{""sum"": [""OBP"", ""SLG""]}",0.747081339
hitter,2024,THE BAT X,p_b568a0123a1581a870454450,s_c25815e5c2d937efaf53feb2,actual,OPS,"{""sum"": [""OBP"", ""SLG""]}",0.749600389
hitter,2024,THE BAT X,p_3ee7d8b9c1b81790be270d8c,s_bb7b15b6bcd486ee08a27a87,actual,OPS,"{""sum"": [""OBP"", ""SLG""]}",0.6338467649999999
hitter,2024,THE BAT X,p_4f4c4807eced6c528cffe237,s_c85e75667df22dc5c582d1a1,actual,OPS,"{""sum"": [""OBP"", ""SLG""]}",0.6932604250000001
hitter,2024,THE BAT X,p_f23d1d9035065b244f5e458f,s_9cdca4a55cc9f2505caac156,actual,OPS,"{""sum"": [""OBP"", ""SLG""]}",0.723677452
hitter,2024,THE BAT X,p_212972d5e1d2c8460dc3a73b,s_7a7e01cdfa5bf546552ccd4a,actual,OPS,"{""sum"": [""OBP"", ""SLG""]}",0.729553039
hitter,2024,THE BAT X,p_8df2af654b2dd659804150c3,s_5bffbd9c1ac8e2efd3a8017a,actual,OPS,"{""sum"": [""OBP"", ""SLG""]}",0.5901257529999999
hitter,2024,THE BAT X,p_116cdec4053638cbb2ccefd2,s_64276740422a7f37fa491938,actual,OPS,"{""sum"": [""OBP"", ""SLG""]}",0.759401029
hitter,2024,THE BAT X,p_cc4f8c9a25aeb6dbca4880d7,s_b55e721a538f4974e14a567c,actual,OPS,"{""sum"": [""OBP"", ""SLG""]}",0.422494171
hitter,2024,THE BAT X,p_785195735e0fd0b05abaf802,s_d9486ee80b723ffbb812e043,actual,OPS,"{""sum"": [""OBP"", ""SLG""]}",0.45320512700000004
hitter,2024,THE BAT X,p_1bf803b8768936d90d2de00b,s_fb698bba3a226aeb6d829b23,actual,OPS,"{""sum"": [""OBP"", ""SLG""]}",0.641056717
hitter,2024,THE BAT X,p_cceba36110b2ebeda8120995,s_0eff3007cb021c183cbde4bb,actual,OPS,"{""sum"": [""OBP"", ""SLG""]}",0.685876453
hitter,2024,THE BAT X,p_5b39aa72d25ce69fb44d6ff6,s_ca46838c63edb0ac2a268844,actual,OPS,"{""sum"": [""OBP"", ""SLG""]}",0.588379392
hitter,2024,THE BAT X,p_949685b5495cd6ed803f6057,s_50c78f20d36c61120d2da440,actual,OPS,"{""sum"": [""OBP"", ""SLG""]}",0.613654164
hitter,2024,THE BAT X,p_9837c9964fe5b2c7ce57160e,s_2839277016d05aab95ffdd25,actual,OPS,"{""sum"": [""OBP"", ""SLG""]}",0.721864276
hitter,2024,THE BAT X,p_0575c7ada041df0cca2d5549,s_37bdacab97dba7643884a52e,actual,OPS,"{""sum"": [""OBP"", ""SLG""]}",0.7385969809999999
hitter,2024,THE BAT X,p_d94be8ab4a683b6d6e3536bf,s_a9c703ae2073a282511c0e05,actual,OPS,"{""sum"": [""OBP"", ""SLG""]}",0.704166666
hitter,2024,THE BAT X,p_094352eb62dc9717947a5478,s_521a2ba4827fe9a94d069483,actual,OPS,"{""sum"": [""OBP"", ""SLG""]}",0.756578505
hitter,2024,THE BAT X,p_9688f2cceb46676f818de1b7,s_b8dc589daafa46a34f1dcae9,actual,OPS,"{""sum"": [""OBP"", ""SLG""]}",0.644416814
hitter,2024,THE BAT X,p_e8f31649994a3e32ef11f822,s_ac4de5230f3f5eb04bccae78,actual,OPS,"{""sum"": [""OBP"", ""SLG""]}",0.705518649
hitter,2024,THE BAT X,p_affde6872bd6da6eac225574,s_fa615ed66320aecd7d70aa89,actual,OPS,"{""sum"": [""OBP"", ""SLG""]}",0.747742548
hitter,2024,THE BAT X,p_51e6b6a896f57028c6387f0a,s_9b4b5d76333814a75868152f,actual,OPS,"{""sum"": [""OBP"", ""SLG""]}",0.6902118230000001
hitter,2024,THE BAT X,p_b3b7429144b65984ac116b64,s_192b3c9b82bd1c0b1ee0fc91,actual,OPS,"{""sum"": [""OBP"", ""SLG""]}",0.7210365839999999
hitter,2024,THE BAT X,p_5fea85dc160e063a71ff0504,s_11b4e19090dc9df704c978d5,actual,OPS,"{""sum"": [""OBP"", ""SLG""]}",0.598428666
hitter,2024,THE BAT X,p_1ebeee998dafa37125803f82,s_2342de6e3f768676a7faa111,actual,OPS,"{""sum"": [""OBP"", ""SLG""]}",0.799712709
hitter,2024,THE BAT X,p_8ee0eb5cae5daa0d79a54f41,s_ab34017e43b0dc44badbd049,actual,OPS,"{""sum"": [""OBP"", ""SLG""]}",0.760664652
hitter,2024,THE BAT X,p_2e25971727a7328447e20387,s_1413e2ed4b670e722e9c42e4,actual,OPS,"{""sum"": [""OBP"", ""SLG""]}",0.626645966
hitter,2024,THE BAT X,p_4f3aaf23aa7dc9a15224e832,s_9c2ea3ebf0333ed6ae328918,actual,OPS,"{""sum"": [""OBP"", ""SLG""]}",0.7645125610000001
hitter,2024,THE BAT X,p_d85aa5a54347f648d409ab91,s_4628d1237e8f608489c7b892,actual,OPS,"{""sum"": [""OBP"", ""SLG""]}",0.733604221
hitter,2024,THE BAT X,p_3e75673e7335638cfe41e82a,s_5099553a2a9e3dfa73b95cb8,actual,OPS,"{""sum"": [""OBP"", ""SLG""]}",0.465071769
hitter,2024,THE BAT X,p_7464a49665d3e2d5bd7d2c5d,s_ce8986ace99d09d7302bf07a,actual,OPS,"{""sum"": [""OBP"", ""SLG""]}",0.699008019
hitter,2024,THE BAT X,p_d074168cad7665ea1260b2c7,s_7384d619f7d37e5fe97d248d,actual,OPS,"{""sum"": [""OBP"", ""SLG""]}",0.6738187689999999
hitter,2024,THE BAT X,p_0073829d150626e88713a1af,s_dbb57d6d409004e706b62342,actual,OPS,"{""sum"": [""OBP"", ""SLG""]}",0.618662646
hitter,2024,THE BAT X,p_def17f3e4bab01c04d8516d6,s_7ae8ba81291c4a962e243c48,actual,OPS,"{""sum"": [""OBP"", ""SLG""]}",0.625818033
hitter,2024,THE BAT X,p_89571ae4477faeb62a16b64b,s_a0fbbc1114c8fbab4e8604ab,actual,OPS,"{""sum"": [""OBP"", ""SLG""]}",0.762181818
hitter,2024,THE BAT X,p_dde3e9d72e8ee8edfa0affd9,s_465785dc10c5e3a0674e633b,actual,OPS,"{""sum"": [""OBP"", ""SLG""]}",0.420705609
hitter,2024,THE BAT X,p_ffa25e8aca01794d683910ce,s_4388e7bba91168abe45787b4,actual,OPS,"{""sum"": [""OBP"", ""SLG""]}",0.5274289329999999
hitter,2024,THE BAT X,p_31b75a6620ad0e384f24ca3c,s_9441e0f7c052a052419202c9,actual,OPS,"{""sum"": [""OBP"", ""SLG""]}",0.563388196
hitter,2024,THE BAT X,p_fa7ae4948e0db5fc494c553f,s_16281b5f422680054d3c248f,actual,OPS,"{""sum"": [""OBP"", ""SLG""]}",0.636644905
hitter,2024,THE BAT X,p_26c07dbedac1bda5bffc2c42,s_15858cb200a22dd991cf9a84,actual,OPS,"{""sum"": [""OBP"", ""SLG""]}",0.7091358489999999
hitter,2024,THE BAT X,p_c4e9bd291c503b119d01518b,s_f596cdd460d2fe6af1306307,actual,OPS,"{""sum"": [""OBP"", ""SLG""]}",0.606805781
hitter,2024,THE BAT X,p_f20437b72fe7159ab93a164b,s_2ad2c9e4db499a7d63cd0c1f,actual,OPS,"{""sum"": [""OBP"", ""SLG""]}",0.574917708
hitter,2024,THE BAT X,p_9135fc2468c32449f77b1f5b,s_adf38cadead63844f7b9a74d,actual,OPS,"{""sum"": [""OBP"", ""SLG""]}",0.656887188
hitter,2024,THE BAT X,p_71d39bbc0fefb4bfd7f4b968,s_9ae388c97601f7c14057bcea,actual,OPS,"{""sum"": [""OBP"", ""SLG""]}",0.743097642
hitter,2024,THE BAT X,p_0173b722ac4118ed6cdf2900,s_c1646e9df263948801c86589,actual,OPS,"{""sum"": [""OBP"", ""SLG""]}",0.654268839
hitter,2024,THE BAT X,p_ec46ba3925a24605aacacf22,s_92c76758739c4e7c9508a47c,actual,OPS,"{""sum"": [""OBP"", ""SLG""]}",0.630272108
hitter,2024,THE BAT X,p_e426e5978913a7f613e9007b,s_513c678b20c9e25f2b7d2eb6,actual,OPS,"{""sum"": [""OBP"", ""SLG""]}",0.469358973
hitter,2024,THE BAT X,p_27a4e13bd2bd883ef6cf0f68,s_51fdba7b8424711ad46c052f,actual,OPS,"{""sum"": [""OBP"", ""SLG""]}",0.608285784
hitter,2024,THE BAT X,p_c430ce2c9239469707f293a7,s_7c1042b1f8fdfdd8c4004400,actual,OPS,"{""sum"": [""OBP"", ""SLG""]}",0.641947284
hitter,2024,THE BAT X,p_e0d83b8da8aaead5cd952acc,s_2dc0a5f3f3c3a8ab5d5b5647,actual,OPS,"{""sum"": [""OBP"", ""SLG""]}",0.71771926
hitter,2024,THE BAT X,p_a2bf095f9201f07a43ff1926,s_34423e90fa91f4b9f3e49307,actual,OPS,"{""sum"": [""OBP"", ""SLG""]}",0.6516594499999999
hitter,2024,THE BAT X,p_afa3696617369fa9fd1578ef,s_a42a62b2304d970928440932,actual,OPS,"{""sum"": [""OBP"", ""SLG""]}",0.6136234119999999
hitter,2024,THE BAT X,p_2be2114f21490ac33af4d359,s_e7145e38190282fbe6a27300,actual,OPS,"{""sum"": [""OBP"", ""SLG""]}",0.375791854
hitter,2024,THE BAT X,p_734724174f1233575d37ef2a,s_99b41c18304b47b19f27ca7f,actual,OPS,"{""sum"": [""OBP"", ""SLG""]}",0.654093043
hitter,2024,THE BAT X,p_8d64e39982b70f86006ac025,s_0859e5ce9f93719ec15bea83,actual,OPS,"{""sum"": [""OBP"", ""SLG""]}",0.7591979179999999
hitter,2024,THE BAT X,p_7c7b46475a55fc9446621efc,s_b39820e60231a5849f851cd4,actual,OPS,"{""sum"": [""OBP"", ""SLG""]}",0.773295088
hitter,2024,THE BAT X,p_6a6f47011a0fdf81335ada30,s_bbfd6a4f278f2f89620b6cdc,actual,OPS,"{""sum"": [""OBP"", ""SLG""]}",0.74258049
hitter,2024,THE BAT X,p_ce5180c6b9ee3b8dc8c9de6b,s_9bb6e90c986e5455f45f352f,actual,OPS,"{""sum"": [""OBP"", ""SLG""]}",0.6606475709999999
hitter,2024,THE BAT X,p_983f337494dd44856c74ae94,s_8778a106dbb345e47e083adf,actual,OPS,"{""sum"": [""OBP"", ""SLG""]}",0.739241468
hitter,2024,THE BAT X,p_aee447a6c35dd53e48c4ca2f,s_ab20134e899b68b2fb5f480a,actual,OPS,"{""sum"": [""OBP"", ""SLG""]}",0.698894286
hitter,2024,THE BAT X,p_34425c8d8ba5966e2a935516,s_23959a7962aa67e6ab8ac99a,actual,OPS,"{""sum"": [""OBP"", ""SLG""]}",0.6463612759999999
hitter,2024,THE BAT X,p_ce15e01e3def598ffdccc288,s_d6ab04d54bc359b217bca07e,actual,OPS,"{""sum"": [""OBP"", ""SLG""]}",0.758389261
hitter,2024,THE BAT X,p_824052e6b4549a4dea8cb103,s_3cbc0716fc92ffca135ab15f,actual,OPS,"{""sum"": [""OBP"", ""SLG""]}",0.463010248
hitter,2024,THE BAT X,p_818a939d2c013337a28d18f6,s_47913921aa1d5cda66325e60,actual,OPS,"{""sum"": [""OBP"", ""SLG""]}",0.5
hitter,2024,THE BAT X,p_780c8c603f85a04c341a9865,s_13e5fe46d5e096b2d272d399,actual,OPS,"{""sum"": [""OBP"", ""SLG""]}",0.696369314
hitter,2024,THE BAT X,p_b3bb02b504668e533982a296,s_11b45f3837f19cd04aaff490,actual,OPS,"{""sum"": [""OBP"", ""SLG""]}",0.561890837
hitter,2024,THE BAT X,p_1c2555fab0a44a8694e53597,s_ecb11df458f49d04ada2159a,actual,OPS,"{""sum"": [""OBP"", ""SLG""]}",0.786193339
hitter,2024,THE BAT X,p_a90fbbe8cfc6dbd95768136c,s_f524d45e9b84f6ed3829389c,actual,OPS,"{""sum"": [""OBP"", ""SLG""]}",0.515570934
hitter,2024,THE BAT X,p_713f11bb66125b24c64ef2d1,s_0bd1a6bc89f66fb95630a4e4,actual,OPS,"{""sum"": [""OBP"", ""SLG""]}",0.625116638
hitter,2024,THE BAT X,p_93e2518a360652181cbea37d,s_3308a58d5f7d1c5c51da2c36,actual,OPS,"{""sum"": [""OBP"", ""SLG""]}",0.661532258
hitter,2024,THE BAT X,p_454c91d5fcc247805270d694,s_c7e124b1983796ddf1b9a1ca,actual,OPS,"{""sum"": [""OBP"", ""SLG""]}",0.549967589
hitter,2024,THE BAT X,p_08f6887f65d655a4a2baf9d5,s_c589a73d2bc20e8b9334aa15,actual,OPS,"{""sum"": [""OBP"", ""SLG""]}",0.577328159
hitter,2024,THE BAT X,p_a10691810a3a9049724c355e,s_41f135fa6c744493eee2c0be,actual,OPS,"{""sum"": [""OBP"", ""SLG""]}",0.664798121
hitter,2024,THE BAT X,p_376836ac6c44d0cd8f0e6415,s_4c104b1d09ecab1afbd77e62,actual,OPS,"{""sum"": [""OBP"", ""SLG""]}",0.670478253
hitter,2024,THE BAT X,p_16c8a61592460a4590a285cf,s_21f8cc855b686236dd6fe0ad,actual,OPS,"{""sum"": [""OBP"", ""SLG""]}",0.763689789
hitter,2024,THE BAT X,p_45a4c94329ef45c21f405f71,s_bbc112e3e77e512ebc5341de,actual,OPS,"{""sum"": [""OBP"", ""SLG""]}",0.800040621
hitter,2024,THE BAT X,p_8e68856222023e03ed776af4,s_f044882f59983eb373d55732,actual,OPS,"{""sum"": [""OBP"", ""SLG""]}",0.601358446
hitter,2024,THE BAT X,p_38d7241e29090de68e34bc2f,s_f2be6dc72260c842e51541fa,actual,OPS,"{""sum"": [""OBP"", ""SLG""]}",0.716534942
hitter,2024,THE BAT X,p_9f9b58cf9004c9e1b74f4f5e,s_e1b6fc1fb8b9ff59a69d923c,actual,OPS,"{""sum"": [""OBP"", ""SLG""]}",0.647445167
hitter,2024,THE BAT X,p_8a7e7a5df7676ae9c7c629fc,s_8e2d6b5416672aeb232657f4,actual,OPS,"{""sum"": [""OBP"", ""SLG""]}",0.82597623
hitter,2024,THE BAT X,p_abe047f07a0efa446f4a36de,s_7e5b1a6870b96f38e36de39a,actual,OPS,"{""sum"": [""OBP"", ""SLG""]}",0.663871084
hitter,2024,THE BAT X,p_c6e14bf6411d700d054a3e6b,s_44eae47fdac32d19746bec63,actual,OPS,"{""sum"": [""OBP"", ""SLG""]}",0.6989795910000001
hitter,2024,THE BAT X,p_3eccdbd6ff4e950207c3e8e4,s_47c8ff3908aea851a7d5173f,actual,OPS,"{""sum"": [""OBP"", ""SLG""]}",0.7369686200000001
hitter,2024,THE BAT X,p_b48a95e5e1067a48dd41f230,s_5f6912ca42c98316d1c6352e,actual,OPS,"{""sum"": [""OBP"", ""SLG""]}",0.741770458
hitter,2024,THE BAT X,p_a26b0d1d7a4d2e958b5d936d,s_afef5241dd7ae55e67cc07f1,actual,OPS,"{""sum"": [""OBP"", ""SLG""]}",0.725285553
hitter,2024,THE BAT X,p_34b3b6e9dd4f5cea6194f845,s_76d2a1202180929da3dc13f1,actual,OPS,"{""sum"": [""OBP"", ""SLG""]}",0.690205893
hitter,2024,THE BAT X,p_12ab82bfc52a6eb89981c8ef,s_012f767301a7fe2031ca41de,actual,OPS,"{""sum"": [""OBP"", ""SLG""]}",0.931831109
hitter,2024,THE BAT X,p_b28f3ce8ca53acc4ad480234,s_19e3246000d0664fa5ebcf1e,actual,OPS,"{""sum"": [""OBP"", ""SLG""]}",0.361356931
hitter,2024,THE BAT X,p_37802465e918b505100a2f85,s_2d4b078e029670df4883779d,actual,OPS,"{""sum"": [""OBP"", ""SLG""]}",0.445820432
hitter,2024,THE BAT X,p_26a8a517c6eb9d8b6968c481,s_9788344ccae0a906a5a6b9e7,actual,OPS,"{""sum"": [""OBP"", ""SLG""]}",0.894374781
hitter,2024,THE BAT X,p_ed4a6ec9fe44d2dea82bc36f,s_b22f58357bec62526aea26a8,actual,OPS,"{""sum"": [""OBP"", ""SLG""]}",0.715035177
hitter,2024,THE BAT X,p_c3db81d681439dff2231b5fd,s_27745e12c8992c20c9407f00,actual,OPS,"{""sum"": [""OBP"", ""SLG""]}",0.670017364
hitter,2024,THE BAT X,p_19514f95f70ecb1c86cbde9b,s_1ddec4ebed6ef9d3860f8949,actual,OPS,"{""sum"": [""OBP"", ""SLG""]}",0.6168278519999999
hitter,2024,THE BAT X,p_b0c1c14191ad2b5fe0bb6695,s_8ae456db286c7598ca9ffe9d,actual,OPS,"{""sum"": [""OBP"", ""SLG""]}",0.6499951020000001
hitter,2024,THE BAT X,p_91133680e8e4cb762502f288,s_87a21ef82688ee9273ec08dd,actual,OPS,"{""sum"": [""OBP"", ""SLG""]}",0.7349492339999999
hitter,2024,THE BAT X,p_f833a627792ee898758f75c1,s_000c840d58b4dbaa4a806a89,actual,OPS,"{""sum"": [""OBP"", ""SLG""]}",0.684582799
hitter,2024,THE BAT X,p_e2a6b3fb9b9c46752f076393,s_17a834cb5c4c94f808da2535,actual,OPS,"{""sum"": [""OBP"", ""SLG""]}",0.7246024529999999
hitter,2024,THE BAT X,p_3a8dce49800801c45f47c67d,s_2a565e6dda6d7831997b98a9,actual,OPS,"{""sum"": [""OBP"", ""SLG""]}",0.782959587
hitter,2024,THE BAT X,p_fa9150432cf11843e4d50fdd,s_f640d214f4b2b20772938362,actual,OPS,"{""sum"": [""OBP"", ""SLG""]}",0.62598162
hitter,2024,THE BAT X,p_89c17b1b7984d5edf458e9aa,s_68d514e5d4262370540e2b2d,actual,OPS,"{""sum"": [""OBP"", ""SLG""]}",0.6736211480000001
hitter,2024,THE BAT X,p_554a078086b51a0bb83f41e0,s_29a5fc1da562b9ab157423f6,actual,OPS,"{""sum"": [""OBP"", ""SLG""]}",0.5657894729999999
hitter,2024,THE BAT X,p_ac57765bdbb3034bbc1f2b61,s_91b7aad5c8b9baee1d8d49b2,actual,OPS,"{""sum"": [""OBP"", ""SLG""]}",0.512615643
hitter,2024,THE BAT X,p_94c59daacd9df75ff2c1cc3e,s_b5aecc6677d4ace4d23fefb4,actual,OPS,"{""sum"": [""OBP"", ""SLG""]}",0.666820424
hitter,2024,THE BAT X,p_bf4b6d6a344e848bb99ebb0d,s_7eb90855772eb74b5496e2b7,actual,OPS,"{""sum"": [""OBP"", ""SLG""]}",0.747736884
hitter,2024,THE BAT X,p_f473d4f7c4bf84ef62cdf005,s_0db3f3387e1bce7a99bbbf7c,actual,OPS,"{""sum"": [""OBP"", ""SLG""]}",0.668031957
hitter,2024,THE BAT X,p_965a6ea3817c304cc282796b,s_81864ce60e8cd6ff8694f40e,actual,OPS,"{""sum"": [""OBP"", ""SLG""]}",0.607599561
hitter,2024,THE BAT X,p_ff3b072d82919b7204d60391,s_80c6c632170e12fb4a04c48f,actual,OPS,"{""sum"": [""OBP"", ""SLG""]}",0.626475278
hitter,2024,THE BAT X,p_e6af781faea0daa3f5e4bba5,s_773b5df9d10f4c3fceb56129,actual,OPS,"{""sum"": [""OBP"", ""SLG""]}",0.6522248239999999
hitter,2024,THE BAT X,p_5ce3f1337c6a59836bdfb343,s_b8306e9cf56e451e37c9fbab,actual,OPS,"{""sum"": [""OBP"", ""SLG""]}",0.5198257070000001
hitter,2024,THE BAT X,p_5c8b0e2a4b0429d3d6458e79,s_8568977b4e8e5fc1b854ea87,actual,OPS,"{""sum"": [""OBP"", ""SLG""]}",0.586291439
hitter,2024,THE BAT X,p_2724acfafc878fd4c34e93e8,s_04fc7f609b25a226652852bc,actual,OPS,"{""sum"": [""OBP"", ""SLG""]}",0.813693703
hitter,2024,THE BAT X,p_555c31592ee254939e1d07dc,s_5af46ade602900eeac4cbec4,actual,OPS,"{""sum"": [""OBP"", ""SLG""]}",0.653310719
hitter,2024,THE BAT X,p_447d5b4369f4ab8fcc53abf4,s_228480e5602de61fe78b866f,actual,OPS,"{""sum"": [""OBP"", ""SLG""]}",0.620262535
hitter,2024,THE BAT X,p_79533d36604898f85009f47a,s_94eeeeb5614a7faa038676fe,actual,OPS,"{""sum"": [""OBP"", ""SLG""]}",0.678918168
hitter,2024,THE BAT X,p_6525dc93ba2de7e1b5e75be6,s_3f3aa42f066de2f667878f3c,actual,OPS,"{""sum"": [""OBP"", ""SLG""]}",0.6293992820000001
hitter,2024,THE BAT X,p_83161ed742ee108f5b6c36e3,s_dc8e84897cf491b892c996e3,actual,OPS,"{""sum"": [""OBP"", ""SLG""]}",0.745053253
hitter,2024,THE BAT X,p_0054b0f7e9600263c4339080,s_a2af712e55df7efed618cba3,actual,OPS,"{""sum"": [""OBP"", ""SLG""]}",0.623332524
hitter,2024,THE BAT X,p_56d916df39c8dfba62c80c88,s_cfdb00b427a023e383896602,actual,OPS,"{""sum"": [""OBP"", ""SLG""]}",0.6873023709999999
hitter,2024,THE BAT X,p_1bb082b12901fa7cb5d4c846,s_f1e6a08409499d8cd5767cd0,actual,OPS,"{""sum"": [""OBP"", ""SLG""]}",0.594616513
hitter,2024,THE BAT X,p_3600755d96c052bc6d329493,s_48bbf5fffc063291aca74631,actual,OPS,"{""sum"": [""OBP"", ""SLG""]}",0.610684937
hitter,2024,THE BAT X,p_dc046f34bce4a57510ab0b8a,s_72cf03976edf972c5355803c,actual,OPS,"{""sum"": [""OBP"", ""SLG""]}",0.700672522
hitter,2024,THE BAT X,p_eee8adf491cb30aad8c0c2e7,s_9fd016f0ccc9b57612479145,actual,OPS,"{""sum"": [""OBP"", ""SLG""]}",0.927091908
hitter,2024,THE BAT X,p_d570178e121f3df05edac8b9,s_cc3a970e6bb00318c2a90a24,actual,OPS,"{""sum"": [""OBP"", ""SLG""]}",0.617004263
hitter,2024,THE BAT X,p_1a95972d3cc893a472abc230,s_fca27b4e80199b2e32ef0205,actual,OPS,"{""sum"": [""OBP"", ""SLG""]}",0.5062267
hitter,2024,THE BAT X,p_0d7067889926958f567a5660,s_52a6a8415cb87c324deb2578,actual,OPS,"{""sum"": [""OBP"", ""SLG""]}",0.715557216
hitter,2024,THE BAT X,p_8d25944b1dbc5d259bcfda0c,s_632f0aff9a9a22424bbb2ec1,actual,OPS,"{""sum"": [""OBP"", ""SLG""]}",0.543341203
hitter,2024,THE BAT X,p_070e96f6f1ea057c6fff0a7d,s_c5013241684b33f3d7ba1f67,actual,OPS,"{""sum"": [""OBP"", ""SLG""]}",0.65354042
hitter,2024,THE BAT X,p_49284b363959e469c6d521d3,s_2d3e4c9b26d7f8d13514e967,actual,OPS,"{""sum"": [""OBP"", ""SLG""]}",0.686764521
hitter,2024,THE BAT X,p_bab287670fa987eb0b917507,s_80dbd82b8c6454b7a007d0cf,actual,OPS,"{""sum"": [""OBP"", ""SLG""]}",0.529452453
hitter,2024,THE BAT X,p_c347beb197dc45a63da2eb7d,s_e1576876151512cf0084b23a,actual,OPS,"{""sum"": [""OBP"", ""SLG""]}",0.760644665
hitter,2024,THE BAT X,p_72f8986dd2cfdf854e6d9496,s_bcc155f90e5ae889d90da9cc,actual,OPS,"{""sum"": [""OBP"", ""SLG""]}",0.657167105
hitter,2024,THE BAT X,p_a88d730b313818d432b74cc0,s_7a388d40ce4f2ac1c3585b6e,actual,OPS,"{""sum"": [""OBP"", ""SLG""]}",0.749432079
hitter,2024,THE BAT X,p_66ae1ff3d59748406c4525f6,s_be8d70690eba968d60036949,actual,OPS,"{""sum"": [""OBP"", ""SLG""]}",0.60861482
hitter,2024,THE BAT X,p_8010bf50d9cac90da8bc9c88,s_59677594aa8a992340ace686,actual,OPS,"{""sum"": [""OBP"", ""SLG""]}",0.730610749
hitter,2024,THE BAT X,p_fb066c9d1d9ad1ef88a158d8,s_5adcb84c0c255f4aef786f6d,actual,OPS,"{""sum"": [""OBP"", ""SLG""]}",0.7002184440000001
hitter,2024,THE BAT X,p_08ae04aabc21677b06e0f5b5,s_bfde28ffedc8cb3a1da6a9b6,actual,OPS,"{""sum"": [""OBP"", ""SLG""]}",0.731169588
hitter,2024,THE BAT X,p_6d631d96ba5ec34e5ff71520,s_9df0ff65f088ae0a19977744,actual,OPS,"{""sum"": [""OBP"", ""SLG""]}",0.625171421
hitter,2024,THE BAT X,p_7d6df8c8a5a5f404c9b1c9d7,s_ecfe40a8dbfedb5f95ffcf2a,actual,OPS,"{""sum"": [""OBP"", ""SLG""]}",0.574816901
hitter,2024,THE BAT X,p_92fb95aa919ddbe36555cc15,s_a488cd8b86e44edb5b91c697,actual,OPS,"{""sum"": [""OBP"", ""SLG""]}",0.613527341
hitter,2024,THE BAT X,p_186ced07377f7a0aad91a0e7,s_faab3cc184633790284b5d58,actual,OPS,"{""sum"": [""OBP"", ""SLG""]}",0.583846153
hitter,2024,THE BAT X,p_e5347f57c079821ded2c546d,s_ac04e7d6e86c6085f5772c07,actual,OPS,"{""sum"": [""OBP"", ""SLG""]}",0.694928774
hitter,2024,THE BAT X,p_6af69ff4c947bafc8bdfa219,s_fe8b911669b3e3334ae2159f,actual,OPS,"{""sum"": [""OBP"", ""SLG""]}",0.7028999010000001
hitter,2024,THE BAT X,p_c5052dde404660cf9ce169d1,s_8af16172b6c16d8273a7315f,actual,OPS,"{""sum"": [""OBP"", ""SLG""]}",0.761555916
hitter,2024,THE BAT X,p_ca9cb370432f3712d1a35d7f,s_48a9f9d0dda177ff64c56b20,actual,OPS,"{""sum"": [""OBP"", ""SLG""]}",0.738869624
hitter,2024,THE BAT X,p_14e237b15421137a6441571c,s_aa908c48af82905189a13cb6,actual,OPS,"{""sum"": [""OBP"", ""SLG""]}",0.575218805
hitter,2024,THE BAT X,p_17359d602cb142314bd90053,s_a78c9ade6994c06f21d280d1,actual,OPS,"{""sum"": [""OBP"", ""SLG""]}",0.8117300970000001
hitter,2024,THE BAT X,p_b6929f210270f100a8a18646,s_ce584871043b3591cc6045fd,actual,OPS,"{""sum"": [""OBP"", ""SLG""]}",0.5353838449999999
hitter,2024,THE BAT X,p_9424207a305885854f7bcd07,s_f9afd942cf9dcfd050174f49,actual,OPS,"{""sum"": [""OBP"", ""SLG""]}",0.632679737
hitter,2024,THE BAT X,p_324d7824f4bfab517e2b6f94,s_fae4309f604bbeb0bb076d5f,actual,OPS,"{""sum"": [""OBP"", ""SLG""]}",0.549243927
hitter,2024,THE BAT X,p_4acef52c25b5e9602e6d7849,s_a1b3161bdd1437ab9603a9da,actual,OPS,"{""sum"": [""OBP"", ""SLG""]}",0.463108954
hitter,2024,THE BAT X,p_1d7e8678c5830f3f0069f0d2,s_56d987cd57b270a3b8d20b04,actual,OPS,"{""sum"": [""OBP"", ""SLG""]}",0.780794267
hitter,2024,THE BAT X,p_b3b8ac27160931104baef466,s_f99fabd88b5fe3712380f013,actual,OPS,"{""sum"": [""OBP"", ""SLG""]}",0.49633699600000003
hitter,2024,THE BAT X,p_ddf817cabc06756b0e3c52c8,s_8bd13b739e3a22063a78d23b,actual,OPS,"{""sum"": [""OBP"", ""SLG""]}",0.7264674289999999
hitter,2024,THE BAT X,p_e7209053b03523d1b10b464b,s_1a22839046349772fcaca2a4,actual,OPS,"{""sum"": [""OBP"", ""SLG""]}",0.641620633
hitter,2024,THE BAT X,p_a8b8bf9ed5ff58501c45d9d8,s_52bcfd590d0f6e5f838aea6b,actual,OPS,"{""sum"": [""OBP"", ""SLG""]}",0.561904761
hitter,2024,THE BAT X,p_c6ac3aa8bb1da5cdad4a2ee9,s_54382ea6701b8ac3b9d6de42,actual,OPS,"{""sum"": [""OBP"", ""SLG""]}",0.646876801
hitter,2024,THE BAT X,p_04317762f4fcad76ed1c6ef1,s_c3a1dbf804c615de5a1009dc,actual,OPS,"{""sum"": [""OBP"", ""SLG""]}",0.586422922
hitter,2024,THE BAT X,p_34ccd8b501bbb85c38a690a6,s_8144598073025c14cbf47cb2,actual,OPS,"{""sum"": [""OBP"", ""SLG""]}",0.609103078
hitter,2024,THE BAT X,p_ad59e079dea6193c333f1d50,s_5c2960256a7775ba3cdef1c5,actual,OPS,"{""sum"": [""OBP"", ""SLG""]}",0.604017215
hitter,2024,THE BAT X,p_e4c0ca3fb703744e742784cc,s_2de91bcccbdd97e59eb7d637,actual,OPS,"{""sum"": [""OBP"", ""SLG""]}",0.690932318
hitter,2024,THE BAT X,p_d30f061d9aaf43b199425ce3,s_c6be78064b53d8473ed14b50,actual,OPS,"{""sum"": [""OBP"", ""SLG""]}",0.208556148
hitter,2024,THE BAT X,p_1c4fbcfee892342c211c40ad,s_e83b2ae1af42d80c03f541a3,actual,OPS,"{""sum"": [""OBP"", ""SLG""]}",0.463129796
hitter,2024,THE BAT X,p_b81e8091caa82f7d71c86390,s_aa7add1ae073d94f3693d30a,actual,OPS,"{""sum"": [""OBP"", ""SLG""]}",0.520882058
hitter,2024,THE BAT X,p_e7a6da04b2b0c84531277f57,s_0d940453ccef81f349eac949,actual,OPS,"{""sum"": [""OBP"", ""SLG""]}",0.6409326360000001
hitter,2024,THE BAT X,p_b4a85484b1990f2d6f0bdfb3,s_480cb44a2f50b51921a2d2fb,actual,OPS,"{""sum"": [""OBP"", ""SLG""]}",0.734186746
hitter,2024,THE BAT X,p_c1cd83784b034e2f932fceba,s_b83fa443639541ed521b3126,actual,OPS,"{""sum"": [""OBP"", ""SLG""]}",0.650315939
hitter,2024,THE BAT X,p_aef920456938e5f9afd72c40,s_f53179ca1da9aaa6b0d7b135,actual,OPS,"{""sum"": [""OBP"", ""SLG""]}",0.627412587
hitter,2024,THE BAT X,p_46c8ef61562526809be4aea3,s_20f324682da93ce49e87b9ee,actual,OPS,"{""sum"": [""OBP"", ""SLG""]}",0.515806111
hitter,2024,THE BAT X,p_60a101aecd2c0c2ef4294bcc,s_ee434bc0751861d22eb2dceb,actual,OPS,"{""sum"": [""OBP"", ""SLG""]}",0.796052631
hitter,2024,THE BAT X,p_a75bd301e57b0037086e420d,s_95b2e33a4cbfc0347b5014ed,actual,OPS,"{""sum"": [""OBP"", ""SLG""]}",0.54419014
hitter,2024,THE BAT X,p_93f0cbe4ba8d32de88ebd386,s_fec32b711844552dbb8ab2e6,actual,OPS,"{""sum"": [""OBP"", ""SLG""]}",0.8393103550000001
hitter,2024,THE BAT X,p_19d6f72431cccfd9decc553f,s_b934f42d3488f67fe4de9ae8,actual,OPS,"{""sum"": [""OBP"", ""SLG""]}",0.6397667010000001
hitter,2024,THE BAT X,p_c8a4acd1fcace66129321919,s_9d8c8beeba9d2d818c4a11ea,actual,OPS,"{""sum"": [""OBP"", ""SLG""]}",0.6383116879999999
hitter,2024,THE BAT X,p_94167fd7836504fba77eddb7,s_dbb5fa4d5a413b298f24e8c4,actual,OPS,"{""sum"": [""OBP"", ""SLG""]}",0.642966046
hitter,2024,THE BAT X,p_c89880c7125c5de1ef428333,s_df641f59fc8e7aa3b24bca95,actual,OPS,"{""sum"": [""OBP"", ""SLG""]}",0.7229146689999999
hitter,2024,THE BAT X,p_81fa67da8e4a65aba1f1942b,s_60643da4749604bb300dcd85,actual,OPS,"{""sum"": [""OBP"", ""SLG""]}",0.652228975
hitter,2024,THE BAT X,p_8dd52397fe332c1adee839da,s_5d2968401e5b7a09ec3e022c,actual,OPS,"{""sum"": [""OBP"", ""SLG""]}",0.875229305
hitter,2024,THE BAT X,p_6a0c1d9c45e972fd4dd6509b,s_b064a30778223c84a5b0df1f,actual,OPS,"{""sum"": [""OBP"", ""SLG""]}",0.764334956
hitter,2024,THE BAT X,p_aca016cd21ee7544840400c6,s_b2e7c7cbd11bb104fea49f60,actual,OPS,"{""sum"": [""OBP"", ""SLG""]}",0.760003201
hitter,2024,THE BAT X,p_d0ae7f0982167d57e6b06d67,s_a76a2911cb9ab5d9779afdb1,actual,OPS,"{""sum"": [""OBP"", ""SLG""]}",0.0
hitter,2024,THE BAT X,p_8653cdcc68d87c5feacb31a7,s_e52f99aab7a108bbf79f61f1,actual,OPS,"{""sum"": [""OBP"", ""SLG""]}",0.837324401
hitter,2024,THE BAT X,p_18290ea252b0cc74d94bdd5e,s_760d40bc4f524cfcd657801b,actual,OPS,"{""sum"": [""OBP"", ""SLG""]}",0.438708772
hitter,2024,THE BAT X,p_1620fd75bf9b990881bb94fb,s_a1e87de25ef8dd3db96c585e,actual,OPS,"{""sum"": [""OBP"", ""SLG""]}",0.630983301
hitter,2024,THE BAT X,p_83a60be2623269dba3d01184,s_6637501d8975742e69549776,actual,OPS,"{""sum"": [""OBP"", ""SLG""]}",0.830065359
hitter,2024,THE BAT X,p_dcbd85c04cb775142933b0a9,s_cfd57c327bcc740a0006a55f,actual,OPS,"{""sum"": [""OBP"", ""SLG""]}",0.621943702
hitter,2024,THE BAT X,p_85aa2b0fe3e8fb526c91f73a,s_8ec099e2d4a944844d301816,actual,OPS,"{""sum"": [""OBP"", ""SLG""]}",0.682632118
hitter,2024,THE BAT X,p_e98cd9ddacdea1f7cbfb388e,s_0ecf33b74972c617ea662564,actual,OPS,"{""sum"": [""OBP"", ""SLG""]}",0.624149659
hitter,2024,THE BAT X,p_c2bb9eee6ff9a8dfac3ffee7,s_355d013cf8f20eb207f27f28,actual,OPS,"{""sum"": [""OBP"", ""SLG""]}",0.368131867
hitter,2024,THE BAT X,p_4adfa388ddfc7eb8aab00551,s_13941b361b49119557c695f9,actual,OPS,"{""sum"": [""OBP"", ""SLG""]}",0.642353104
hitter,2024,THE BAT X,p_8d9c4fecc25f950465634c19,s_497bdae6de75bbe84003b8f5,actual,OPS,"{""sum"": [""OBP"", ""SLG""]}",0.615718209
hitter,2024,THE BAT X,p_9e7863714b0d9fb3f42de5fb,s_b6b5eb1be4292ac90a8004a5,actual,OPS,"{""sum"": [""OBP"", ""SLG""]}",0.645652279
hitter,2024,THE BAT X,p_717b2fb5f5eb23f302a6ebe2,s_89ccf5906f400b7a4b268639,actual,OPS,"{""sum"": [""OBP"", ""SLG""]}",0.407407407
hitter,2024,THE BAT X,p_a3174cf7ae27e035227413ca,s_2a26204123ecd43377d43dd3,actual,OPS,"{""sum"": [""OBP"", ""SLG""]}",0.6966606559999999
hitter,2024,THE BAT X,p_a428e39a0003f8c0f9cc53fe,s_f3037e6bd128f4455f7a8d67,actual,OPS,"{""sum"": [""OBP"", ""SLG""]}",0.772727272
hitter,2024,THE BAT X,p_b50c7faba421a14abbde4832,s_3a9250012d0511f209807541,actual,OPS,"{""sum"": [""OBP"", ""SLG""]}",0.6608447900000001
hitter,2024,THE BAT X,p_eed974693204a607f756bb81,s_423eb16d534dd49e3cccd7ec,actual,OPS,"{""sum"": [""OBP"", ""SLG""]}",0.57568007
hitter,2024,THE BAT X,p_998a708748e7e70acc1eee1d,s_14b2911c83eb20f194542b1d,actual,OPS,"{""sum"": [""OBP"", ""SLG""]}",0.687843406
hitter,2024,THE BAT X,p_f3bb19b4ab6bc68f9f1f98fc,s_e4548169a80eeeb4c16707d1,actual,OPS,"{""sum"": [""OBP"", ""SLG""]}",0.6893776030000001
hitter,2024,THE BAT X,p_039eacb0641753712ee33051,s_674ec6b7bce4f7bde4c24c17,actual,OPS,"{""sum"": [""OBP"", ""SLG""]}",0.799330024
hitter,2024,THE BAT X,p_8cf4729b5b1e0f175ee82c32,s_ab2864997f73bd2770eafe1f,actual,OPS,"{""sum"": [""OBP"", ""SLG""]}",0.654135337
hitter,2024,THE BAT X,p_93147868d8b8ef25dc5ff7ce,s_3e9085223fc5ce8ab01bf619,actual,OPS,"{""sum"": [""OBP"", ""SLG""]}",0.8199925020000001
hitter,2024,THE BAT X,p_2487a2fcc55829f4aa3870d9,s_defea95766c256a11e72ddd1,actual,OPS,"{""sum"": [""OBP"", ""SLG""]}",0.566306799
hitter,2024,THE BAT X,p_a83dafc55fbfe682b417f2ca,s_1326269a06d265cfe6cdef0a,actual,OPS,"{""sum"": [""OBP"", ""SLG""]}",0.40324074
hitter,2024,THE BAT X,p_e4142bee5a73201f7c2c7768,s_69c851495fa362335dcba729,actual,OPS,"{""sum"": [""OBP"", ""SLG""]}",0.819499341
hitter,2024,THE BAT X,p_89ada5eacdc2c58a0bedad08,s_48beff310298ae581da125ff,actual,OPS,"{""sum"": [""OBP"", ""SLG""]}",0.569327993
hitter,2024,THE BAT X,p_d18686fb38704415e5f45eff,s_dc7a70705b199ae64480bcf8,actual,OPS,"{""sum"": [""OBP"", ""SLG""]}",0.39390680899999997
hitter,2024,THE BAT X,p_edf8657586c7b50067f79dfb,s_c0a13515276bac8feba307cc,actual,OPS,"{""sum"": [""OBP"", ""SLG""]}",0.767749401
hitter,2024,THE BAT X,p_c1d6d30afc2b3b0e5d39410e,s_ada6707b7b3274c5eb90cfc8,actual,OPS,"{""sum"": [""OBP"", ""SLG""]}",0.606042741
hitter,2024,THE BAT X,p_d4f014697114e1593c664fe5,s_011a14203d58f713d30fd20c,actual,OPS,"{""sum"": [""OBP"", ""SLG""]}",0.628514588
hitter,2024,THE BAT X,p_7efcbb007ab3006e21da5cae,s_89e3e709fa8dbb9b97fcafd4,actual,OPS,"{""sum"": [""OBP"", ""SLG""]}",0.199300698
hitter,2024,THE BAT X,p_9898f674ff0479e5c7f7a87d,s_5af6d48211b182f91799d77e,actual,OPS,"{""sum"": [""OBP"", ""SLG""]}",0.0
hitter,2024,THE BAT X,p_f5939287ce62c956496ccc52,s_6852ad34ba60957f764893ab,actual,OPS,"{""sum"": [""OBP"", ""SLG""]}",0.814016171
hitter,2024,THE BAT X,p_c18d2ac39a45a469963266d6,s_c463746ec2eba1aa5f908d2e,actual,OPS,"{""sum"": [""OBP"", ""SLG""]}",0.771302816
hitter,2024,THE BAT X,p_e5035a422690248169e08d2f,s_fd0dac7e8e30d4e137352204,actual,OPS,"{""sum"": [""OBP"", ""SLG""]}",0.63490196
hitter,2024,THE BAT X,p_a08218aacd60db921dac40ba,s_3c22f3614d8d3dfea8e2799f,actual,OPS,"{""sum"": [""OBP"", ""SLG""]}",0.5
hitter,2024,THE BAT X,p_0b240f9198bdb842e485f0f2,s_b496bbf88148a0a9a7244110,actual,OPS,"{""sum"": [""OBP"", ""SLG""]}",0.19166666599999999
hitter,2024,THE BAT X,p_41adaed6cd990313cac1c28c,s_2530cc24c7e267a4a3251076,actual,OPS,"{""sum"": [""OBP"", ""SLG""]}",0.807364432
hitter,2024,THE BAT X,p_0ead71c96077a2652b5d5fe8,s_fc74dc2f71cb512571eb5abb,actual,OPS,"{""sum"": [""OBP"", ""SLG""]}",0.797142857
hitter,2024,THE BAT X,p_26715f7ed5db8556ff25aea4,s_7ae29651d65805f144a2ebe9,actual,OPS,"{""sum"": [""OBP"", ""SLG""]}",0.950031286
hitter,2024,THE BAT X,p_b78eec4ced930563501cf95a,s_88d69b7d6d62797fe731ceb6,actual,OPS,"{""sum"": [""OBP"", ""SLG""]}",0.25
hitter,2024,THE BAT X,p_87ef808c4b08eb6444f8d2c2,s_003ae802d1ae41becbdfe220,actual,OPS,"{""sum"": [""OBP"", ""SLG""]}",0.699358973
hitter,2024,THE BAT X,p_8c38f6506b6699f1ccf89345,s_1aa748c9d1723aae913b6439,actual,OPS,"{""sum"": [""OBP"", ""SLG""]}",0.622210622
hitter,2024,THE BAT X,p_010384a5153c3b7b0fb247e5,s_2ed9e0299847b10bf7def9f3,actual,OPS,"{""sum"": [""OBP"", ""SLG""]}",0.451041666
hitter,2024,THE BAT X,p_92a5c84cbf7e841a01387f4c,s_0329ab9db40f005ece539a6b,actual,OPS,"{""sum"": [""OBP"", ""SLG""]}",0.733333333
hitter,2024,THE BAT X,p_5fe1104b74d64e331d8a6d8a,s_058d4fff1daa77acfffc493b,actual,OPS,"{""sum"": [""OBP"", ""SLG""]}",0.676616915
hitter,2024,THE BAT X,p_7a73d79a099a02d80efb70ee,s_adfc04ae7e7df93a403ef88e,actual,OPS,"{""sum"": [""OBP"", ""SLG""]}",0.734664508
hitter,2024,THE BAT X,p_4af00e3fa0b959847f3eac9e,s_a872dd3ffb70d4a9139122fc,actual,OPS,"{""sum"": [""OBP"", ""SLG""]}",0.664213564
hitter,2024,THE BAT X,p_c6cb1f8dd6a2cf11e1e3a060,s_6d8508717565910b77e3385e,actual,OPS,"{""sum"": [""OBP"", ""SLG""]}",1.0
hitter,2024,THE BAT X,p_755efb1b178e88a9fe42fc92,s_8911603b15d4f2605ff55efd,actual,OPS,"{""sum"": [""OBP"", ""SLG""]}",0.557894045
hitter,2024,THE BAT X,p_3df3de11935400a2046d0e22,s_6cc0d61878f4336876ba9e0a,actual,OPS,"{""sum"": [""OBP"", ""SLG""]}",0.692278545
hitter,2024,THE BAT X,p_490b99b6246189b45cb09967,s_4de83a5f9d1ee5df955ea497,actual,OPS,"{""sum"": [""OBP"", ""SLG""]}",0.46977281299999996
hitter,2024,THE BAT X,p_d9207420d77623b50fd840b1,s_06f501680155db4a2361bddb,actual,OPS,"{""sum"": [""OBP"", ""SLG""]}",0.7598213540000001
hitter,2024,THE BAT X,p_d365089c5d3c77423a8c1d9e,s_b6234fe3ce2e1e38894771b6,actual,OPS,"{""sum"": [""OBP"", ""SLG""]}",0.575578653
hitter,2024,THE BAT X,p_35c1c2bb04c06adf52bae69a,s_30fbf2d6c9cd7ed1ea679093,actual,OPS,"{""sum"": [""OBP"", ""SLG""]}",0.621797484
hitter,2024,THE BAT X,p_0a0dae9c4fb855ec5e7a94c3,s_93dac5b44483909f1b722b3d,actual,OPS,"{""sum"": [""OBP"", ""SLG""]}",0.809817754
hitter,2024,THE BAT X,p_5da01fdd146ed628dfefc5f8,s_bfc97fcb2b884cc26f8ebf2d,actual,OPS,"{""sum"": [""OBP"", ""SLG""]}",0.49711058500000005
hitter,2024,THE BAT X,p_7065f57869b2c09db149ed1d,s_422407cd72260da7ced7eab0,actual,OPS,"{""sum"": [""OBP"", ""SLG""]}",0.568886888
hitter,2024,THE BAT X,p_a315a53749353a0cc7a5688d,s_fffde336f49bbf9d44be3fec,actual,OPS,"{""sum"": [""OBP"", ""SLG""]}",0.4375
hitter,2024,THE BAT X,p_6003376cc4c8466b26c0f396,s_43fb2482c78f66586826812e,actual,OPS,"{""sum"": [""OBP"", ""SLG""]}",0.6079898539999999
hitter,2024,THE BAT X,p_65233ab523d0b1f99d98e44e,s_61aa8e4f2459a5720c414121,actual,OPS,"{""sum"": [""OBP"", ""SLG""]}",0.5188394270000001
hitter,2024,THE BAT X,p_aed415d87aa458c3f61f701a,s_e5a267a45e46303117e7a697,actual,OPS,"{""sum"": [""OBP"", ""SLG""]}",0.665189047
hitter,2024,THE BAT X,p_dab598cd94a7ba9ac93e906c,s_7ee1ba9a3f97eb1546faa850,actual,OPS,"{""sum"": [""OBP"", ""SLG""]}",0.655688584
hitter,2024,THE BAT X,p_4a8437ee4bebaa90e13d502f,s_4ae274b027c6266457c61ea5,actual,OPS,"{""sum"": [""OBP"", ""SLG""]}",0.583333333
hitter,2024,THE BAT X,p_d39e56add63ee714cad49596,s_1c13b68f29682e4a1f53ce96,actual,OPS,"{""sum"": [""OBP"", ""SLG""]}",0.542682926
hitter,2024,THE BAT X,p_bdbf707b4334fb1819a9090e,s_5c9170fe1254cde66f97fef2,actual,OPS,"{""sum"": [""OBP"", ""SLG""]}",0.555358462
hitter,2024,THE BAT X,p_3e2e52ebd957c6fe9801d100,s_98c1608f86c792e73a75f540,actual,OPS,"{""sum"": [""OBP"", ""SLG""]}",0.296296296
hitter,2024,THE BAT X,p_2750ac3fc6e5429d75c00551,s_9453807aafde400790b1f075,actual,OPS,"{""sum"": [""OBP"", ""SLG""]}",0.574367193
hitter,2024,THE BAT X,p_3c0ef7bcd70b9e223c12baba,s_a4da0101bb98b885f8f120c1,actual,OPS,"{""sum"": [""OBP"", ""SLG""]}",0.686475409
hitter,2024,THE BAT X,p_c2215c37439fe2db6d555fe3,s_a4149b1a2163394dff21eac6,actual,OPS,"{""sum"": [""OBP"", ""SLG""]}",0.6205214450000001
hitter,2024,THE BAT X,p_305a89cbe0ae6fdb7ab1e9a7,s_bb1d95bab04b0e9c18f250e1,actual,OPS,"{""sum"": [""OBP"", ""SLG""]}",0.507805746
hitter,2024,THE BAT X,p_982c7d30cba9f37d0babd910,s_a1baea25325b45037e015e6e,actual,OPS,"{""sum"": [""OBP"", ""SLG""]}",0.7092095190000001
hitter,2024,THE BAT X,p_a7f09516df26f603d1594bdc,s_c47e9f083fd34bbf21d04e37,actual,OPS,"{""sum"": [""OBP"", ""SLG""]}",0.622241085
hitter,2024,THE BAT X,p_e7700021cd8397fee130db6a,s_6b5596e568925b5040beeb0a,actual,OPS,"{""sum"": [""OBP"", ""SLG""]}",0.633454349
hitter,2024,THE BAT X,p_43df61d72995e1a9b8e57a5a,s_12823b607b85190b58fc4a9b,actual,OPS,"{""sum"": [""OBP"", ""SLG""]}",0.6908854010000001
hitter,2024,THE BAT X,p_7ec5cf24f911a0a091451248,s_3ae6981cb1c77813405bacb9,actual,OPS,"{""sum"": [""OBP"", ""SLG""]}",0.8955465199999999
hitter,2024,THE BAT X,p_319f7bf62b5aabaa5ffbf892,s_c8bb10d5ea38016a81801c12,actual,OPS,"{""sum"": [""OBP"", ""SLG""]}",0.6132459450000001
hitter,2024,THE BAT X,p_772e2bb69cabe6eda522882b,s_788458feb4936b8f5c5680e1,actual,OPS,"{""sum"": [""OBP"", ""SLG""]}",0.6476028309999999
hitter,2024,THE BAT X,p_685b9d77b47efb9b02896e29,s_82bf5085094f12faa5e92105,actual,OPS,"{""sum"": [""OBP"", ""SLG""]}",0.667495387
hitter,2024,THE BAT X,p_ce641a5836f2731f583a85ae,s_e73450e194251058c92f3fbd,actual,OPS,"{""sum"": [""OBP"", ""SLG""]}",0.437689427
hitter,2024,THE BAT X,p_3b4b903bf0ec409efa7f7c4b,s_84c007cfa388db53f0112ff5,actual,OPS,"{""sum"": [""OBP"", ""SLG""]}",0.744816585
hitter,2024,THE BAT X,p_2c000c61bb3acaea45c849f7,s_6356e18ea67f881cceae7fb2,actual,OPS,"{""sum"": [""OBP"", ""SLG""]}",0.45378151200000005
hitter,2024,THE BAT X,p_090a1d58e67cb527524b4184,s_5c9507593b89928b32b20f6f,actual,OPS,"{""sum"": [""OBP"", ""SLG""]}",0.789882209
hitter,2024,THE BAT X,p_4f3e35cf2175d726c57ef9c5,s_2dd9f2afccad4c0fda7bd8ad,actual,OPS,"{""sum"": [""OBP"", ""SLG""]}",0.392857142
hitter,2024,THE BAT X,p_acb394d472b6013fee0b2e3f,s_322b8f08bc7ea3b3c0e6d663,actual,OPS,"{""sum"": [""OBP"", ""SLG""]}",0.831126136
hitter,2024,THE BAT X,p_d8586b85d7209c133f440fa4,s_e2cbfd017e53fc0f0b65569d,actual,OPS,"{""sum"": [""OBP"", ""SLG""]}",0.8944741519999999
hitter,2024,THE BAT X,p_0130cd45d3e0619843f93b86,s_2135b5fe76e26051be7d170c,actual,OPS,"{""sum"": [""OBP"", ""SLG""]}",0.690396273
hitter,2024,THE BAT X,p_d504362765d4fdc09d58f8e5,s_27de46ece7e591444792b3f7,actual,OPS,"{""sum"": [""OBP"", ""SLG""]}",0.909523808
hitter,2024,THE BAT X,p_e0274d8a9c2bcf25b465455d,s_ffcdc04fdac90f4e95eddbe2,actual,OPS,"{""sum"": [""OBP"", ""SLG""]}",0.493243243
hitter,2024,THE BAT X,p_3c10f22a4bf9b71fc77540b4,s_e50a2e8b5a5abe5f7d427b6b,actual,OPS,"{""sum"": [""OBP"", ""SLG""]}",0.7857142850000001
hitter,2024,THE BAT X,p_c8daa367e2a394e88a3a2b3a,s_8bf463cbb6c8138a61903ef3,actual,OPS,"{""sum"": [""OBP"", ""SLG""]}",0.697232659
hitter,2024,THE BAT X,p_1231a92e2be431286faefb7e,s_61c32c10fc5bc9aea4cf7bea,actual,OPS,"{""sum"": [""OBP"", ""SLG""]}",0.36949152500000004
hitter,2024,THE BAT X,p_736ca49e147e33025be1bfc0,s_ce820e8fbe60290f73861eb9,actual,OPS,"{""sum"": [""OBP"", ""SLG""]}",0.578481012
hitter,2024,THE BAT X,p_99ee3cb3d56dcf9cf8790fe0,s_a7c7e34d78fb32c7fe230734,actual,OPS,"{""sum"": [""OBP"", ""SLG""]}",0.661505186
hitter,2024,THE BAT X,p_226b98a3af9e6649b714b44e,s_568a5f208e539bac8722d028,actual,OPS,"{""sum"": [""OBP"", ""SLG""]}",0.5077062210000001
hitter,2024,THE BAT X,p_b60a90195e46f450edb4d2c2,s_cd61e65646fb7b21d9e016ac,actual,OPS,"{""sum"": [""OBP"", ""SLG""]}",0.717171716
hitter,2024,THE BAT X,p_5cc1c43544dd4a46bb1ba424,s_99d1baa1b65209dcb4a02f60,actual,OPS,"{""sum"": [""OBP"", ""SLG""]}",0.7486283170000001
hitter,2024,THE BAT X,p_991e8f54fb99c8fcf81d21a6,s_7b52d5dfb1aea2bcf8c5ce1e,actual,OPS,"{""sum"": [""OBP"", ""SLG""]}",0.787096774
hitter,2024,THE BAT X,p_8cd8f9d6f8b2efebc9d42e06,s_34141817fc77fd5382e5aaec,actual,OPS,"{""sum"": [""OBP"", ""SLG""]}",0.6230158720000001
hitter,2024,THE BAT X,p_cf91f13f6ce397f916b3b1e9,s_770783fadf72ea05060606a7,actual,OPS,"{""sum"": [""OBP"", ""SLG""]}",0.439824205
hitter,2024,THE BAT X,p_d63579b1fc968533fbc164c9,s_42a4dd3b1de08634800e9075,actual,OPS,"{""sum"": [""OBP"", ""SLG""]}",0.591134928
hitter,2024,THE BAT X,p_ec0d85aac8a0c04eedefdb2f,s_46fc5da4d045c9467c0c5e44,actual,OPS,"{""sum"": [""OBP"", ""SLG""]}",0.290948275
hitter,2024,THE BAT X,p_c3256a07b8bac1f086784cc2,s_02937ec399774269e2c6657b,actual,OPS,"{""sum"": [""OBP"", ""SLG""]}",0.7373798069999999
hitter,2024,THE BAT X,p_9d5a2c2ad1a5803de88379b4,s_bf2312dab2b25faa31f95900,actual,OPS,"{""sum"": [""OBP"", ""SLG""]}",0.647260891
hitter,2024,THE BAT X,p_f9f61f841dec5867c034e3bc,s_407a5028d399488597809bd5,actual,OPS,"{""sum"": [""OBP"", ""SLG""]}",0.686139901
hitter,2024,THE BAT X,p_661a2238a2963ae53524deec,s_d732c780ab4b7a3d15deb784,actual,OPS,"{""sum"": [""OBP"", ""SLG""]}",0.40158730099999995
hitter,2024,THE BAT X,p_118fa7b26ca0fc300fdf6071,s_c1fa7997820a617e3a8a3b57,actual,OPS,"{""sum"": [""OBP"", ""SLG""]}",0.526680526
hitter,2024,THE BAT X,p_b876419663159edfa11af0a0,s_85d400597a500cc31cf425a9,actual,OPS,"{""sum"": [""OBP"", ""SLG""]}",0.8
hitter,2024,THE BAT X,p_e06142149e0a8bcabc0b3250,s_5398f6565ad272e1a3257353,actual,OPS,"{""sum"": [""OBP"", ""SLG""]}",0.8041714499999999
hitter,2024,THE BAT X,p_9b7916f908afc5ad14fc69e1,s_755660d6001a88c75b355796,actual,OPS,"{""sum"": [""OBP"", ""SLG""]}",0.6824691350000001
hitter,2024,THE BAT X,p_6a7770873e3fb7c2d8a7a2ce,s_104170c58508f4fe19ad8c7b,actual,OPS,"{""sum"": [""OBP"", ""SLG""]}",0.869047618
hitter,2024,THE BAT X,p_357ea11cfcc1f1938f06924e,s_2934d9dc4c1eb352b94a5076,actual,OPS,"{""sum"": [""OBP"", ""SLG""]}",0.688644687
hitter,2024,THE BAT X,p_72819b8f9817b33033d1b6a2,s_44eec85827c119afe798ef77,actual,OPS,"{""sum"": [""OBP"", ""SLG""]}",0.685300206
hitter,2024,THE BAT X,p_e2958eaa641d77c60a1aa3e2,s_0ebb16d7b3c81a4f41d1557d,actual,OPS,"{""sum"": [""OBP"", ""SLG""]}",0.413398692
hitter,2024,THE BAT X,p_292004d692eb1e10c9836240,s_6af3f2a83945c50df53041b6,actual,OPS,"{""sum"": [""OBP"", ""SLG""]}",0.624643874
hitter,2024,THE BAT X,p_3022da48fbdb4f93917ac8ff,s_1c3c8a7ac389c0a39cde18ed,actual,OPS,"{""sum"": [""OBP"", ""SLG""]}",0.7754385960000001
hitter,2024,THE BAT X,p_dbcf019d453a408f7f5ea336,s_3e2efc4a6ad4214474d6ff70,actual,OPS,"{""sum"": [""OBP"", ""SLG""]}",0.395833333
hitter,2024,THE BAT X,p_2edd0c65fd9d7083ec14ee56,s_efd08c2125ac8f37eb48ea4a,actual,OPS,"{""sum"": [""OBP"", ""SLG""]}",0.222222222
hitter,2024,THE BAT X,p_4bab031a6ed50b53a6e222a5,s_22412d7153621345bf1fd43a,actual,OPS,"{""sum"": [""OBP"", ""SLG""]}",0.333333333
hitter,2024,THE BAT X,p_1bb209cc519c61d5235cfefe,s_f553bf7f745e358d5f9aa85d,actual,OPS,"{""sum"": [""OBP"", ""SLG""]}",0.7246376800000001
hitter,2024,THE BAT X,p_d06aa2b9b5e4ef1505ec6f1a,s_016ea641818a854d5e24d692,actual,OPS,"{""sum"": [""OBP"", ""SLG""]}",0.16
hitter,2024,THE BAT X,p_9d3953aace9cc552e3437bd4,s_bd8d1ac888e8eca58431f6e1,actual,OPS,"{""sum"": [""OBP"", ""SLG""]}",0.1
hitter,2024,THE BAT X,p_29babd6dfaa7f1c5b531c939,s_947fb582e3ebf746aafe9e43,actual,OPS,"{""sum"": [""OBP"", ""SLG""]}",0.277777777
hitter,2024,THE BAT X,p_6bbb672161e3bc25ba553ecb,s_6e49ae7eaae24cbbdc79fecc,actual,OPS,"{""sum"": [""OBP"", ""SLG""]}",0.697396939
hitter,2024,THE BAT X,p_ee3cbab00101500b56bb8aa2,s_801f384391b783d72f3fdf41,actual,OPS,"{""sum"": [""OBP"", ""SLG""]}",0.651656314
hitter,2024,THE BAT X,p_494f13db395735a0068392a4,s_afe3ae5d51d18367b6217723,actual,OPS,"{""sum"": [""OBP"", ""SLG""]}",0.829591446
hitter,2024,THE BAT X,p_e0a6385275b8fd42c026da9f,s_08df7d3bf17aea7508abf180,actual,OPS,"{""sum"": [""OBP"", ""SLG""]}",0.337453358
hitter,2024,THE BAT X,p_199535b70f1ae186aeb637be,s_8103544a8eb50e96d81f5b83,actual,OPS,"{""sum"": [""OBP"", ""SLG""]}",0.540608815
hitter,2024,THE BAT X,p_cc88b3775f3fce2ebe697058,s_c3ba38fc6daf39991a5a761a,actual,OPS,"{""sum"": [""OBP"", ""SLG""]}",0.6826923069999999
hitter,2024,THE BAT X,p_d6edffdd606adaf0dcc54111,s_3706687f7f037a796085a08b,actual,OPS,"{""sum"": [""OBP"", ""SLG""]}",0.5353793680000001
hitter,2024,THE BAT X,p_27d64d90ac45f1cc364cf11a,s_2dea355814341eff10f9a660,actual,OPS,"{""sum"": [""OBP"", ""SLG""]}",0.978947368
hitter,2024,THE BAT X,p_71367d86d30a1c4033210c2d,s_5812445b3f904c8e2fa89ee5,actual,OPS,"{""sum"": [""OBP"", ""SLG""]}",0.5815649860000001
hitter,2024,THE BAT X,p_642ed1c34f4044682830b533,s_a8c9dd449fcd4bd40cf7164a,actual,OPS,"{""sum"": [""OBP"", ""SLG""]}",0.534362717
hitter,2024,THE BAT X,p_2d444cfa000f2def8872ded3,s_efa17ad7dac9d5818329d223,actual,OPS,"{""sum"": [""OBP"", ""SLG""]}",0.791867506
hitter,2024,THE BAT X,p_57be4bd64faf94f5f3184be3,s_a72a746cf9f9c5f0d66f57d6,actual,OPS,"{""sum"": [""OBP"", ""SLG""]}",0.0
hitter,2024,THE BAT X,p_e7042b3a4a48a59d26470671,s_f3cdb0fc46240cec2164cc34,actual,OPS,"{""sum"": [""OBP"", ""SLG""]}",0.5
hitter,2024,THE BAT X,p_8d6f6f6848f015a167c87963,s_ea710673a090e2a0ef4b43f9,actual,OPS,"{""sum"": [""OBP"", ""SLG""]}",0.763074829
hitter,2024,THE BAT X,p_4d4c6c49b9e53cf5eea7989d,s_b5a7d4e39cea4ee8a0004f1e,actual,OPS,"{""sum"": [""OBP"", ""SLG""]}",0.817824543
hitter,2024,THE BAT X,p_7e3009efbeffd830f4f4947c,s_b435c9012c8a8cb5f9757cc3,actual,OPS,"{""sum"": [""OBP"", ""SLG""]}",0.333333332
hitter,2024,THE BAT X,p_3a1c72da6e9056e60ca9ea7d,s_f1381a5e7c9c7065985c6ece,actual,OPS,"{""sum"": [""OBP"", ""SLG""]}",0.523898645
hitter,2024,THE BAT X,p_7517d598bb2a03a162d6c6e1,s_ec8c5fb13c1ce3a21a0ed326,actual,OPS,"{""sum"": [""OBP"", ""SLG""]}",0.8181549370000001
hitter,2024,THE BAT X,p_0b8d12717e3a41fbb14e5a16,s_50d167b02f2a4390856a915e,actual,OPS,"{""sum"": [""OBP"", ""SLG""]}",0.6012759160000001
hitter,2024,THE BAT X,p_d6ff77576db5c47d1b617a7d,s_bbf80b0bcb7cf85cb4b97293,actual,OPS,"{""sum"": [""OBP"", ""SLG""]}",0.596153846
hitter,2024,THE BAT X,p_7b5d1a173b863deb0b76a4d6,s_1c848bee7e1dc1dc4244b39b,actual,OPS,"{""sum"": [""OBP"", ""SLG""]}",0.77461313
hitter,2024,THE BAT X,p_cee3c4f1e8b014fc0ba0b7a6,s_9048000a9c4ec90208ad7f63,actual,OPS,"{""sum"": [""OBP"", ""SLG""]}",0.6414679510000001
hitter,2024,THE BAT X,p_4af6f545bc35e4588dee86b9,s_e8fe5c9a7b72866a983e3225,actual,OPS,"{""sum"": [""OBP"", ""SLG""]}",0.5814906559999999
hitter,2024,THE BAT X,p_64cd7f2056e556168afff712,s_bfb66a1aae1de784fa8405f2,actual,OPS,"{""sum"": [""OBP"", ""SLG""]}",0.7226409819999999
hitter,2024,THE BAT X,p_91b7af896c70aaa9de26422d,s_007a78693b5958ac9b6a209d,actual,OPS,"{""sum"": [""OBP"", ""SLG""]}",0.56103896
hitter,2024,THE BAT X,p_930018ae093acdca3a1df102,s_7dedb59ec5768992442026c9,actual,OPS,"{""sum"": [""OBP"", ""SLG""]}",0.6384872070000001
hitter,2024,THE BAT X,p_d46997b7e54062e4838e429d,s_1c248f2100eb75c4202f492f,actual,OPS,"{""sum"": [""OBP"", ""SLG""]}",0.708333333
hitter,2024,THE BAT X,p_47aa97c098a8d23cf2c19690,s_26c19e09702b20f0087bf4c4,actual,OPS,"{""sum"": [""OBP"", ""SLG""]}",0.609307254
hitter,2024,THE BAT X,p_4bf4168dc6b395e35fa4624c,s_c2c7a5817c71268a573882ed,actual,OPS,"{""sum"": [""OBP"", ""SLG""]}",0.694873292
hitter,2024,THE BAT X,p_f8b30d2da35c688c466fb941,s_54728f52fb17600e53046ad1,actual,OPS,"{""sum"": [""OBP"", ""SLG""]}",0.5226757360000001
hitter,2024,THE BAT X,p_77f3f7b47430b887529000fa,s_fb9eb149ec372180cd6e6604,actual,OPS,"{""sum"": [""OBP"", ""SLG""]}",0.610294117
hitter,2024,THE BAT X,p_6e74f5212784c36ad7c91631,s_b0b4db8cac4ae90b379bc94f,actual,OPS,"{""sum"": [""OBP"", ""SLG""]}",0.31754032200000004
hitter,2024,THE BAT X,p_d90b27c2fa34490d962ae0df,s_0176d0f0aa1f51a2d9ff66f5,actual,OPS,"{""sum"": [""OBP"", ""SLG""]}",0.0
hitter,2024,THE BAT X,p_bc98648c6a6d04b33c536f08,s_2b5fd8aee3fa96ec0ffa1a63,actual,OPS,"{""sum"": [""OBP"", ""SLG""]}",0.769230768
hitter,2024,THE BAT X,p_947ecdf17a188d0730de9d95,s_546a1d1f23f6d442b0607ccb,actual,OPS,"{""sum"": [""OBP"", ""SLG""]}",0.749869621
hitter,2024,THE BAT X,p_6dd8b7d5d0bcb75642ddb4fd,s_44b6ec4690433ee71437c171,actual,OPS,"{""sum"": [""OBP"", ""SLG""]}",0.465079364
hitter,2024,THE BAT X,p_8b9ced53390e2e5559889e3b,s_e11c210187b95188b138ec9d,actual,OPS,"{""sum"": [""OBP"", ""SLG""]}",0.5642857139999999
hitter,2024,THE BAT X,p_28db411c7094613b9387cf26,s_78b3008010ae1ff1f3eb6fbd,actual,OPS,"{""sum"": [""OBP"", ""SLG""]}",0.5631578939999999
hitter,2024,THE BAT X,p_9e425fad3d6b6b6f90079317,s_cf167a7211f83e74e05f7bcf,actual,OPS,"{""sum"": [""OBP"", ""SLG""]}",0.247899159
hitter,2024,THE BAT X,p_6b03deb485d5344507644926,s_81eb0a869448fa34285ad333,actual,OPS,"{""sum"": [""OBP"", ""SLG""]}",0.5257142850000001
hitter,2024,THE BAT X,p_57d9c92fbb61c8c3106d0e53,s_1854948682c98d74332fc66f,actual,OPS,"{""sum"": [""OBP"", ""SLG""]}",0.660377691
hitter,2024,THE BAT X,p_9406ea193e4c8f53cbbe76c5,s_2b1e2b6ef4ff1009f19bc395,actual,OPS,"{""sum"": [""OBP"", ""SLG""]}",0.7274131269999999
hitter,2024,THE BAT X,p_f66331a3c12fee865cf819b5,s_2c35cbfd2122f2996d2da0e0,actual,OPS,"{""sum"": [""OBP"", ""SLG""]}",0.324675323
hitter,2024,THE BAT X,p_101659267800d1c0aa1341e5,s_bd6e1750adde1f53a8f72f2b,actual,OPS,"{""sum"": [""OBP"", ""SLG""]}",0.5238095229999999
hitter,2024,THE BAT X,p_ce1bcb16f90502037cdf8ac9,s_2273ba23d27b96b29618eff0,actual,OPS,"{""sum"": [""OBP"", ""SLG""]}",0.618382028
hitter,2024,THE BAT X,p_d780ef80586063b87be09743,s_0282a751ada09454d42b11f1,actual,OPS,"{""sum"": [""OBP"", ""SLG""]}",0.5700646199999999
hitter,2024,THE BAT X,p_1ba7e160db8e376dbbff850c,s_3477536361bb058385557f57,actual,OPS,"{""sum"": [""OBP"", ""SLG""]}",0.589956554
hitter,2024,THE BAT X,p_3c460b6a52cddaebe4d7306c,s_70f26c64f68cf6702aa11c63,actual,OPS,"{""sum"": [""OBP"", ""SLG""]}",0.611478483
hitter,2024,THE BAT X,p_c5887af215d324a64d8b255b,s_07c4efbdec2783a571fd914e,actual,OPS,"{""sum"": [""OBP"", ""SLG""]}",0.5
hitter,2024,THE BAT X,p_5908d1276c467b8673e9c5c2,s_7b8d49bc4b9a32374e1bc31e,actual,OPS,"{""sum"": [""OBP"", ""SLG""]}",0.690341321
hitter,2024,THE BAT X,p_74b0997a4c065a99b23f2d5e,s_aba2234d05a6b6aa34c46ee7,actual,OPS,"{""sum"": [""OBP"", ""SLG""]}",0.675438596
hitter,2024,THE BAT X,p_af61f4a3673f38df8289bdc0,s_9e2a0c3b00202ab93ab52813,actual,OPS,"{""sum"": [""OBP"", ""SLG""]}",0.301994301
hitter,2024,THE BAT X,p_296573835cf31c56650c558e,s_272e6ea40641eba2db4c9517,actual,OPS,"{""sum"": [""OBP"", ""SLG""]}",0.763880958
hitter,2024,THE BAT X,p_dc25209b8d6f78bd1ff199d1,s_bee0eae2245a3ced10ad389b,actual,OPS,"{""sum"": [""OBP"", ""SLG""]}",0.743125418
hitter,2024,THE BAT X,p_5d91804b58327ff29191ed0f,s_85b26323ccceb7aff538b279,actual,OPS,"{""sum"": [""OBP"", ""SLG""]}",0.835575138
hitter,2024,THE BAT X,p_d4e11ff535bf58d9e902a045,s_34d13608da3a65adf59b6397,actual,OPS,"{""sum"": [""OBP"", ""SLG""]}",0.41016238800000004
hitter,2024,THE BAT X,p_f53b29c1e618b1122b53265b,s_8dcec0fe94a96c4dccc85075,actual,OPS,"{""sum"": [""OBP"", ""SLG""]}",0.336405529
hitter,2024,THE BAT X,p_f793cd5a13c72d4b25f2b7e6,s_92cf57d96c4907bdb042178b,actual,OPS,"{""sum"": [""OBP"", ""SLG""]}",0.686365337
hitter,2024,THE BAT X,p_e698dcef026ade5c5ee72b97,s_305ebc0da8e12bb769329ef2,actual,OPS,"{""sum"": [""OBP"", ""SLG""]}",0.603759398
hitter,2024,THE BAT X,p_365e9a08ee3bd031bbc1484e,s_af9854913cd6461383e32321,actual,OPS,"{""sum"": [""OBP"", ""SLG""]}",0.8124411810000001
hitter,2024,THE BAT X,p_dae2f3444392e0e6d8dd111e,s_b3fffa95af0c1ced5eef4ca3,actual,OPS,"{""sum"": [""OBP"", ""SLG""]}",0.644740182
hitter,2024,THE BAT X,p_ae78cc7b4d1225faed5814c4,s_5d32f1247b9496f8ef5d41a9,actual,OPS,"{""sum"": [""OBP"", ""SLG""]}",0.5310093570000001
hitter,2024,THE BAT X,p_5f8880bbdb1e93d48f7029e0,s_18ef58189ccb51743853604d,actual,OPS,"{""sum"": [""OBP"", ""SLG""]}",1.3333333330000001
hitter,2024,THE BAT X,p_87f490dd4c21b1925f6dc8a1,s_e72f2bbfee6b15644fdc8cba,actual,OPS,"{""sum"": [""OBP"", ""SLG""]}",0.682533279
hitter,2024,THE BAT X,p_838588010c75fedc49fc50b5,s_3706450368f37567e7dbfbff,actual,OPS,"{""sum"": [""OBP"", ""SLG""]}",0.685714285
hitter,2024,THE BAT X,p_3bb8d1c0416b2fc0511d7217,s_ea839eab7759be7d284e3c36,actual,OPS,"{""sum"": [""OBP"", ""SLG""]}",0.47222222199999997
hitter,2024,THE BAT X,p_c6ace9dc98c43df160b7df5a,s_76c2b61c3e752b80deef8ba8,actual,OPS,"{""sum"": [""OBP"", ""SLG""]}",0.641148324
hitter,2024,THE BAT X,p_adce6fccfa0ad9ba417ad335,s_81b60c1daefff3d96550dec0,actual,OPS,"{""sum"": [""OBP"", ""SLG""]}",0.5520119210000001
hitter,2024,THE BAT X,p_c976a3dfe9632ef04ef4ea03,s_0920aeb9f4b6a7c7ee2fb083,actual,OPS,"{""sum"": [""OBP"", ""SLG""]}",0.705701754
hitter,2024,THE BAT X,p_67d7924a39e13f094552a659,s_04f615271616cdcc2bdf0b56,actual,OPS,"{""sum"": [""OBP"", ""SLG""]}",0.415204678
hitter,2024,THE BAT X,p_3877edc341fa20dfa2faecb8,s_0c1d144e422e6e6b77bf999d,actual,OPS,"{""sum"": [""OBP"", ""SLG""]}",0.634757834
hitter,2024,THE BAT X,p_84103dfa2943d73227acbe41,s_da71fce335549ec2e863ceba,actual,OPS,"{""sum"": [""OBP"", ""SLG""]}",0.74068404
hitter,2024,THE BAT X,p_e8b057dd84c29d0d45c331b6,s_ec30cd45e40ded35583e1964,actual,OPS,"{""sum"": [""OBP"", ""SLG""]}",0.637421382
hitter,2024,THE BAT X,p_de87ba791d7966ac280a6b12,s_f7b578c85ec5c5e04b23d86e,actual,OPS,"{""sum"": [""OBP"", ""SLG""]}",2.0666666659999997
hitter,2024,THE BAT X,p_031300a16afc4b3f02be8378,s_c8333d62a45b3b7d855965e1,actual,OPS,"{""sum"": [""OBP"", ""SLG""]}",0.410752687
hitter,2024,THE BAT X,p_1d5460116d6a4b1197a68140,s_39d16ecbfe47f8100e839bd0,actual,OPS,"{""sum"": [""OBP"", ""SLG""]}",0.593225927
hitter,2024,THE BAT X,p_6989200149e5df39efc0125a,s_9617fced595a2798fd4d17ac,actual,OPS,"{""sum"": [""OBP"", ""SLG""]}",0.7668624500000001
hitter,2024,THE BAT X,p_a7ae87bf1bd9831ffdfefbf2,s_9a7096b23bb57d5ee2e32802,actual,OPS,"{""sum"": [""OBP"", ""SLG""]}",0.706903146
hitter,2024,THE BAT X,p_37150007ab856cb2010415e6,s_22683b265b6b6cadb0aa0c92,actual,OPS,"{""sum"": [""OBP"", ""SLG""]}",0.5707779049999999
hitter,2025,THE BAT X,p_f16412beb35a9f8275245e07,s_fc1f885b9a7841ab357a426b,actual,OPS,"{""sum"": [""OBP"", ""SLG""]}",1.144169281
hitter,2025,THE BAT X,p_5ddf7b7c488d16218bdd70fc,s_c730452bc7d41c0d6b6786be,actual,OPS,"{""sum"": [""OBP"", ""SLG""]}",0.8516031500000001
hitter,2025,THE BAT X,p_8b0da430de74b9d38592cfa7,s_0c5b37355e2d12835c7757e6,actual,OPS,"{""sum"": [""OBP"", ""SLG""]}",0.920641903
hitter,2025,THE BAT X,p_6bef577c2d843e259b2e4f8d,s_2fcefc2d238ac43275d516ba,actual,OPS,"{""sum"": [""OBP"", ""SLG""]}",0.7871691860000001
hitter,2025,THE BAT X,p_1a7540f0f62bdbec1d46a097,s_7ee56b7292734794ff43a561,actual,OPS,"{""sum"": [""OBP"", ""SLG""]}",1.013655397
hitter,2025,THE BAT X,p_5c11dd145a24b1ffaecf5e75,s_e6def1f5976dfeb3742d9854,actual,OPS,"{""sum"": [""OBP"", ""SLG""]}",0.73156435
hitter,2025,THE BAT X,p_b2d8d52d1ac8e278023dd28e,s_3362d919593df878ed239992,actual,OPS,"{""sum"": [""OBP"", ""SLG""]}",0.7971372
hitter,2025,THE BAT X,p_306fe9c0d735d7f46146c529,s_21460cade923e0434495bc08,actual,OPS,"{""sum"": [""OBP"", ""SLG""]}",0.8598758120000001
hitter,2025,THE BAT X,p_6258e0b754720e6aa1ffc43d,s_a9b8dd8ed16dde9e25d86b75,actual,OPS,"{""sum"": [""OBP"", ""SLG""]}",0.847775391
hitter,2025,THE BAT X,p_6c0a9e658a48ac4878d9dd6d,s_56d299318c06d6020dc0da33,actual,OPS,"{""sum"": [""OBP"", ""SLG""]}",0.862648557
hitter,2025,THE BAT X,p_60cc6d7817c312ca1f6e104d,s_4938092a454220b5a313eade,actual,OPS,"{""sum"": [""OBP"", ""SLG""]}",0.7543767450000001
hitter,2025,THE BAT X,p_67d2d4c4c4eb75d44dfc90f0,s_e60feb0d84d5a40a0390b549,actual,OPS,"{""sum"": [""OBP"", ""SLG""]}",0.7978700409999999
hitter,2025,THE BAT X,p_cbfcdeac8217106774120e81,s_6deadb28ebd6b19ad07a9a30,actual,OPS,"{""sum"": [""OBP"", ""SLG""]}",0.935227207
hitter,2025,THE BAT X,p_8a17723cd1691cf9cab7393e,s_3696bf0137d28e48e7c59cda,actual,OPS,"{""sum"": [""OBP"", ""SLG""]}",0.8114669240000001
hitter,2025,THE BAT X,p_3d2334a857b6e51adfa60031,s_16d60026b605ab98be02b724,actual,OPS,"{""sum"": [""OBP"", ""SLG""]}",0.9477914220000001
hitter,2025,THE BAT X,p_3f765e91616326426b8a43c2,s_f3bae227b6c926a1a4e32aac,actual,OPS,"{""sum"": [""OBP"", ""SLG""]}",0.813711158
hitter,2025,THE BAT X,p_ba6f36e798456bccef1754a0,s_6a2d83f814c1ebd60732ca87,actual,OPS,"{""sum"": [""OBP"", ""SLG""]}",0.736609447
hitter,2025,THE BAT X,p_565062fedb9dc11884dc149f,s_90c257241be6c419d6cb53da,actual,OPS,"{""sum"": [""OBP"", ""SLG""]}",0.673308942
hitter,2025,THE BAT X,p_487446a58afe78ff3ecfe76c,s_ab13b0978e67ae8ebed5a1c7,actual,OPS,"{""sum"": [""OBP"", ""SLG""]}",0.8925659459999999
hitter,2025,THE BAT X,p_8b8b46332f730f938d5e4598,s_3486d4552e030d39e7ddfb70,actual,OPS,"{""sum"": [""OBP"", ""SLG""]}",0.7697023329999999
hitter,2025,THE BAT X,p_112dcfa6b46c45a399a719e5,s_69dcfdf06eb3d91726eb35ee,actual,OPS,"{""sum"": [""OBP"", ""SLG""]}",0.841104377
hitter,2025,THE BAT X,p_8a7e7a5df7676ae9c7c629fc,s_5a90657ffd1853131c23fad4,actual,OPS,"{""sum"": [""OBP"", ""SLG""]}",0.774245566
hitter,2025,THE BAT X,p_773d7d56031db8879f6723e8,s_f5f0b71b7f20d25813db0950,actual,OPS,"{""sum"": [""OBP"", ""SLG""]}",0.9009072929999999
hitter,2025,THE BAT X,p_8145c85e799111fad96f9326,s_e7e68fd5bbf999d7597bfc96,actual,OPS,"{""sum"": [""OBP"", ""SLG""]}",0.883459268
hitter,2025,THE BAT X,p_67cb975359e89b208f68a778,s_2face39eb2a4030b1d630ba9,actual,OPS,"{""sum"": [""OBP"", ""SLG""]}",0.601969088
hitter,2025,THE BAT X,p_e7725c89676d89124848373c,s_4ed442f0d93ba45f21189642,actual,OPS,"{""sum"": [""OBP"", ""SLG""]}",0.776576121
hitter,2025,THE BAT X,p_98faa1d5523b21adac215d1f,s_da23c059e31b78e15d4338c6,actual,OPS,"{""sum"": [""OBP"", ""SLG""]}",0.711576762
hitter,2025,THE BAT X,p_56e7275c3bfa42a75a7ac2ab,s_9a66c5e4ec0052ce5b398379,actual,OPS,"{""sum"": [""OBP"", ""SLG""]}",0.811948847
hitter,2025,THE BAT X,p_8363b9bca459e78ec2006bb0,s_95ca705a2af05303e89fa0c3,actual,OPS,"{""sum"": [""OBP"", ""SLG""]}",0.821489723
hitter,2025,THE BAT X,p_14d1280565f59b8db3772882,s_de2998a962c008dbb3aa235d,actual,OPS,"{""sum"": [""OBP"", ""SLG""]}",0.774309583
hitter,2025,THE BAT X,p_975a1b871ed65b006a1ce607,s_dff5acea8ccbb7edb557ce24,actual,OPS,"{""sum"": [""OBP"", ""SLG""]}",0.7949708600000001
hitter,2025,THE BAT X,p_cc20023b077f71dea170b091,s_9dddf5c01d08e42bd65e29bf,actual,OPS,"{""sum"": [""OBP"", ""SLG""]}",0.843922499
hitter,2025,THE BAT X,p_470f32c7b44abc752b626681,s_06278be2a02faf1cecd65a29,actual,OPS,"{""sum"": [""OBP"", ""SLG""]}",0.716638592
hitter,2025,THE BAT X,p_553976eb2ca8a6fbca85aa5b,s_2aba97e8aa7a336cabfa8ca4,actual,OPS,"{""sum"": [""OBP"", ""SLG""]}",0.6776111410000001
hitter,2025,THE BAT X,p_c098c2fe9513c8a2d9d6133f,s_d3d38587015460603f5a9c20,actual,OPS,"{""sum"": [""OBP"", ""SLG""]}",0.775297379
hitter,2025,THE BAT X,p_689b3153515d854852b70f4b,s_c050fda137315019907a5aa3,actual,OPS,"{""sum"": [""OBP"", ""SLG""]}",0.739567971
hitter,2025,THE BAT X,p_6c63d7d7b55bc0f02c783a80,s_0fdfaac6d8cafa59e9fe3ea8,actual,OPS,"{""sum"": [""OBP"", ""SLG""]}",0.812594951
hitter,2025,THE BAT X,p_316c3f5d72b7ee1b6a59d1c6,s_bb63a663fa208b67c90f1681,actual,OPS,"{""sum"": [""OBP"", ""SLG""]}",0.868624717
hitter,2025,THE BAT X,p_d65b41dc5498c748aed03004,s_c7c26bc4075884c5e10b6004,actual,OPS,"{""sum"": [""OBP"", ""SLG""]}",0.7691121169999999
hitter,2025,THE BAT X,p_9dae11e0cd2670bf2ee9255e,s_3f4defb0551568440d921cfa,actual,OPS,"{""sum"": [""OBP"", ""SLG""]}",0.734426416
hitter,2025,THE BAT X,p_9a7cb306dcada31282e6798e,s_05f48bd09dc93349586d73f2,actual,OPS,"{""sum"": [""OBP"", ""SLG""]}",0.769817073
hitter,2025,THE BAT X,p_ed974f466607b19fee8971ac,s_0fcda79a9a97c6aeb964498c,actual,OPS,"{""sum"": [""OBP"", ""SLG""]}",0.797155049
hitter,2025,THE BAT X,p_0ad68b951761f8685abeae36,s_c654a2c08debbd2e73255b0a,actual,OPS,"{""sum"": [""OBP"", ""SLG""]}",0.669073232
hitter,2025,THE BAT X,p_a1c10b179912b1d2f03fa32c,s_2dc94cac7c41df71db4a3b32,actual,OPS,"{""sum"": [""OBP"", ""SLG""]}",0.806310432
hitter,2025,THE BAT X,p_c315f699dc20ea9f45db58c2,s_8d452f5c5f007e66e9edc812,actual,OPS,"{""sum"": [""OBP"", ""SLG""]}",0.675713437
hitter,2025,THE BAT X,p_eee8adf491cb30aad8c0c2e7,s_c568e1980597306306657f9b,actual,OPS,"{""sum"": [""OBP"", ""SLG""]}",0.814476779
hitter,2025,THE BAT X,p_603925421b21bc562bc8d1f0,s_200b7839726f337b9beb055c,actual,OPS,"{""sum"": [""OBP"", ""SLG""]}",0.7009247860000001
hitter,2025,THE BAT X,p_b3b356771b4a2b8a3dabc8a1,s_d5bcb863479dd9d8ac71a6eb,actual,OPS,"{""sum"": [""OBP"", ""SLG""]}",0.786504651
hitter,2025,THE BAT X,p_fe5e81171887fdbded90e9cf,s_cacf80e1ec23a21a0a4a7b69,actual,OPS,"{""sum"": [""OBP"", ""SLG""]}",0.6610685249999999
hitter,2025,THE BAT X,p_e6a7e479765cf29ade93adc3,s_2818c56625cc0c15c060c719,actual,OPS,"{""sum"": [""OBP"", ""SLG""]}",0.847581105
hitter,2025,THE BAT X,p_eb6d41898fee1956040bc079,s_e12fed452a2bce6dd148efab,actual,OPS,"{""sum"": [""OBP"", ""SLG""]}",0.839505767
hitter,2025,THE BAT X,p_38ec0c549c03971eb5d0751e,s_9e77fc333335bb3c91b53b4f,actual,OPS,"{""sum"": [""OBP"", ""SLG""]}",0.6289361689999999
hitter,2025,THE BAT X,p_806c100a85a17dfdcfe3aeab,s_7f415be91eded2007db4e37f,actual,OPS,"{""sum"": [""OBP"", ""SLG""]}",0.719532343
hitter,2025,THE BAT X,p_9dc26246e90ca8f349fcd827,s_36c5cfd2816b6787b637330d,actual,OPS,"{""sum"": [""OBP"", ""SLG""]}",0.760048501
hitter,2025,THE BAT X,p_0575c7ada041df0cca2d5549,s_7c87e720b14d0678fbb7772d,actual,OPS,"{""sum"": [""OBP"", ""SLG""]}",0.861430337
hitter,2025,THE BAT X,p_9c139e8de020d424429029d1,s_be9917435bddb652e1862822,actual,OPS,"{""sum"": [""OBP"", ""SLG""]}",0.8511490310000001
hitter,2025,THE BAT X,p_f23d1d9035065b244f5e458f,s_21a72d42d54712b949e79490,actual,OPS,"{""sum"": [""OBP"", ""SLG""]}",0.8457566139999999
hitter,2025,THE BAT X,p_0f12b16a4ff92fb0e5d398d2,s_9e62f109726407e997b821c8,actual,OPS,"{""sum"": [""OBP"", ""SLG""]}",0.7482160330000001
hitter,2025,THE BAT X,p_034871097292618cf33a0c4f,s_65691436ae0768648a0ef82f,actual,OPS,"{""sum"": [""OBP"", ""SLG""]}",0.720734126
hitter,2025,THE BAT X,p_fffb6de42175eb3a17278de2,s_d56046f36db71ce171fa2341,actual,OPS,"{""sum"": [""OBP"", ""SLG""]}",0.840142061
hitter,2025,THE BAT X,p_bae0c0ca4e440ae7ebfa87be,s_6d654a8c18b9f5e04d382730,actual,OPS,"{""sum"": [""OBP"", ""SLG""]}",0.784731658
hitter,2025,THE BAT X,p_abdfe3139ed4c9eda6ce0c37,s_c3bc1bfa4f32858185402da9,actual,OPS,"{""sum"": [""OBP"", ""SLG""]}",0.770482509
hitter,2025,THE BAT X,p_45a4c94329ef45c21f405f71,s_f1bea1a5ce613db05be4ff10,actual,OPS,"{""sum"": [""OBP"", ""SLG""]}",0.837250858
hitter,2025,THE BAT X,p_fe349ad78aee63c7c18b8b83,s_68f3304016a788b5d1d46cae,actual,OPS,"{""sum"": [""OBP"", ""SLG""]}",0.791698903
hitter,2025,THE BAT X,p_3664d107759fe0ae5d9df463,s_3125d28c615efd78e5a3a7e8,actual,OPS,"{""sum"": [""OBP"", ""SLG""]}",0.67068953
hitter,2025,THE BAT X,p_406c3866f3427af34341afec,s_253ffe899ad1b1622365b29d,actual,OPS,"{""sum"": [""OBP"", ""SLG""]}",0.642788821
hitter,2025,THE BAT X,p_8d8ac643ab43c0a5edae56ca,s_21badbab5381b6d272fa34c2,actual,OPS,"{""sum"": [""OBP"", ""SLG""]}",0.8710060199999999
hitter,2025,THE BAT X,p_38e2bb8be3a261e7adcb997c,s_ded21d9d10cd1e2b4e55fca1,actual,OPS,"{""sum"": [""OBP"", ""SLG""]}",0.762418256
hitter,2025,THE BAT X,p_63b127378fbb63f7a8ac5c53,s_b7409d474c537c06bf4e314c,actual,OPS,"{""sum"": [""OBP"", ""SLG""]}",0.80927013
hitter,2025,THE BAT X,p_19af1c0e0d94d73536407863,s_6ca6c075589d3eb862642303,actual,OPS,"{""sum"": [""OBP"", ""SLG""]}",0.7345334560000001
hitter,2025,THE BAT X,p_314d65c651f0866b57c6c200,s_29bfbdc0b2009e6452b507e4,actual,OPS,"{""sum"": [""OBP"", ""SLG""]}",0.6995805479999999
hitter,2025,THE BAT X,p_ca7feb5b66329358ea3d8c70,s_991af12868dc5805e0ed136f,actual,OPS,"{""sum"": [""OBP"", ""SLG""]}",0.849996457
hitter,2025,THE BAT X,p_bb6f9449c9e0ffc57d547002,s_a5f86ef210047624ada82b27,actual,OPS,"{""sum"": [""OBP"", ""SLG""]}",0.7454982990000001
hitter,2025,THE BAT X,p_d84830ffa4fab8cd91af4c87,s_9450a89832f5e5f11425ae6b,actual,OPS,"{""sum"": [""OBP"", ""SLG""]}",0.722027289
hitter,2025,THE BAT X,p_41adaed6cd990313cac1c28c,s_02338568f9834faef04ece66,actual,OPS,"{""sum"": [""OBP"", ""SLG""]}",0.70995041
hitter,2025,THE BAT X,p_d85aa5a54347f648d409ab91,s_986f163b4aa6de80783dd315,actual,OPS,"{""sum"": [""OBP"", ""SLG""]}",0.785963805
hitter,2025,THE BAT X,p_b1a89f2be7e4c14ff4efdd77,s_cdb51bdb4393640302cd4238,actual,OPS,"{""sum"": [""OBP"", ""SLG""]}",0.708637971
hitter,2025,THE BAT X,p_d15ee8551777e5c3a4d0aae0,s_4f121738c374cf64f8bf7251,actual,OPS,"{""sum"": [""OBP"", ""SLG""]}",0.73841541
hitter,2025,THE BAT X,p_367043d04df11c50c62b433f,s_c79559ead9cb3cca7cb7a6ac,actual,OPS,"{""sum"": [""OBP"", ""SLG""]}",0.845937221
hitter,2025,THE BAT X,p_5df8600326504a53588a6de7,s_3e4191d34f897bcdd953f3fd,actual,OPS,"{""sum"": [""OBP"", ""SLG""]}",0.792944164
hitter,2025,THE BAT X,p_81055a604ebcb0e79f8ffbe8,s_7d188bf908cda7dbad5e7c77,actual,OPS,"{""sum"": [""OBP"", ""SLG""]}",0.598395994
hitter,2025,THE BAT X,p_3a018d05684bd05311c373cb,s_1037f7e5bc03487c67bc8292,actual,OPS,"{""sum"": [""OBP"", ""SLG""]}",0.743754971
hitter,2025,THE BAT X,p_376836ac6c44d0cd8f0e6415,s_594a199ec083726ebbbb0344,actual,OPS,"{""sum"": [""OBP"", ""SLG""]}",0.7675929370000001
hitter,2025,THE BAT X,p_edf8657586c7b50067f79dfb,s_e0471963bb605ffbd268ae58,actual,OPS,"{""sum"": [""OBP"", ""SLG""]}",0.654765544
hitter,2025,THE BAT X,p_e96df7bede80ce3e564c75a2,s_64c4ec3a6e0f4cf6eeeaf4de,actual,OPS,"{""sum"": [""OBP"", ""SLG""]}",0.771426487
hitter,2025,THE BAT X,p_ea8a5d1c846e0c84971a0bb4,s_77e69610e12827b70cbba696,actual,OPS,"{""sum"": [""OBP"", ""SLG""]}",0.7521551719999999
hitter,2025,THE BAT X,p_2724acfafc878fd4c34e93e8,s_51989a33c4f860925f4a4abd,actual,OPS,"{""sum"": [""OBP"", ""SLG""]}",0.610890433
hitter,2025,THE BAT X,p_42767f2ef4cd11bba011e99d,s_3c7b39b125f1e90d11d60c74,actual,OPS,"{""sum"": [""OBP"", ""SLG""]}",0.737194155
hitter,2025,THE BAT X,p_566da69483a08944a4fd0dbe,s_8cb9b63e83ac46d9586f8aa3,actual,OPS,"{""sum"": [""OBP"", ""SLG""]}",0.799530816
hitter,2025,THE BAT X,p_88ea9f9f953b0443fa439d35,s_2715839f0300066499e7bc2a,actual,OPS,"{""sum"": [""OBP"", ""SLG""]}",0.689756359
hitter,2025,THE BAT X,p_0b1f16cb17d8c26e63a90351,s_a49c86026392d4e01c12a962,actual,OPS,"{""sum"": [""OBP"", ""SLG""]}",0.694270833
hitter,2025,THE BAT X,p_976a51a68ae7b23d4651968b,s_a855179bf790426ef8fa93a7,actual,OPS,"{""sum"": [""OBP"", ""SLG""]}",0.7408319640000001
hitter,2025,THE BAT X,p_8763904d13a29c644082b122,s_964379adbcf1bf4df234de79,actual,OPS,"{""sum"": [""OBP"", ""SLG""]}",0.8777977730000001
hitter,2025,THE BAT X,p_1552cbc32b7c3d101007d1ee,s_413b76f3492a06ec40832db5,actual,OPS,"{""sum"": [""OBP"", ""SLG""]}",0.66296652
hitter,2025,THE BAT X,p_30c7a668112dbae738c3a2dc,s_8a1b777a6c490389e3a8e760,actual,OPS,"{""sum"": [""OBP"", ""SLG""]}",0.803761422
hitter,2025,THE BAT X,p_c5052dde404660cf9ce169d1,s_1b95b4c9e7578f3cffaaa14a,actual,OPS,"{""sum"": [""OBP"", ""SLG""]}",0.697513445
hitter,2025,THE BAT X,p_ce144ce9a8cc74bf957c8921,s_27b4ba51016bf034621de126,actual,OPS,"{""sum"": [""OBP"", ""SLG""]}",0.64869416
hitter,2025,THE BAT X,p_44532242db028a1dd74c936e,s_c409054193c87e52984640f1,actual,OPS,"{""sum"": [""OBP"", ""SLG""]}",0.720087106
hitter,2025,THE BAT X,p_a910702a6f8986211ef36f3c,s_4661f31992bf70ee51a76878,actual,OPS,"{""sum"": [""OBP"", ""SLG""]}",0.7281162130000001
hitter,2025,THE BAT X,p_b568a0123a1581a870454450,s_1d18699875d1a823e3e32eaf,actual,OPS,"{""sum"": [""OBP"", ""SLG""]}",0.669398012
hitter,2025,THE BAT X,p_7fdf70628f36e355ee189240,s_1383d1e8ae65b4c9393ddbd8,actual,OPS,"{""sum"": [""OBP"", ""SLG""]}",0.6897944949999999
hitter,2025,THE BAT X,p_5c4251b6812026c9a34d5cec,s_519220a65b8d612477fc4747,actual,OPS,"{""sum"": [""OBP"", ""SLG""]}",0.832519937
hitter,2025,THE BAT X,p_21e21eee8205504dbb454499,s_aa19492108aae38ae4758375,actual,OPS,"{""sum"": [""OBP"", ""SLG""]}",0.680090404
hitter,2025,THE BAT X,p_fc5ea9af3a74454e7e41965e,s_4a75447649eb12a2c2cf236a,actual,OPS,"{""sum"": [""OBP"", ""SLG""]}",0.718738552
hitter,2025,THE BAT X,p_212972d5e1d2c8460dc3a73b,s_946656a51c36b49bee820189,actual,OPS,"{""sum"": [""OBP"", ""SLG""]}",0.672805831
hitter,2025,THE BAT X,p_07a6c8c4d72175b6a105acc0,s_9b04c5fe85b1aed6a0204016,actual,OPS,"{""sum"": [""OBP"", ""SLG""]}",0.661298232
hitter,2025,THE BAT X,p_ddf817cabc06756b0e3c52c8,s_51a51912723d6f84a4943614,actual,OPS,"{""sum"": [""OBP"", ""SLG""]}",0.593021276
hitter,2025,THE BAT X,p_93147868d8b8ef25dc5ff7ce,s_324996b5feb8ff82237357f3,actual,OPS,"{""sum"": [""OBP"", ""SLG""]}",0.695473643
hitter,2025,THE BAT X,p_5d01293e94a7585a67693fb0,s_3808664ea68860347519499a,actual,OPS,"{""sum"": [""OBP"", ""SLG""]}",0.8238359260000001
hitter,2025,THE BAT X,p_33ef22bd9c5fcfa876186831,s_a985ea0b3896694b4aa83fe8,actual,OPS,"{""sum"": [""OBP"", ""SLG""]}",0.9275547900000001
hitter,2025,THE BAT X,p_116cdec4053638cbb2ccefd2,s_a9be2c0aee0efc93c9d0abcc,actual,OPS,"{""sum"": [""OBP"", ""SLG""]}",0.77456564
hitter,2025,THE BAT X,p_16c8a61592460a4590a285cf,s_967b1abcab5b9d8e49ce32d5,actual,OPS,"{""sum"": [""OBP"", ""SLG""]}",0.650747754
hitter,2025,THE BAT X,p_89571ae4477faeb62a16b64b,s_b12b41341f19e9d2a6935726,actual,OPS,"{""sum"": [""OBP"", ""SLG""]}",0.7008586290000001
hitter,2025,THE BAT X,p_5c1070a01c0c31d9a11bbaed,s_2903f5496fd4dfc65fd03112,actual,OPS,"{""sum"": [""OBP"", ""SLG""]}",0.6862353910000001
hitter,2025,THE BAT X,p_18f58e283cd36378ac1da1fd,s_95c7814d92f971f5ea4dc2dc,actual,OPS,"{""sum"": [""OBP"", ""SLG""]}",0.760232586
hitter,2025,THE BAT X,p_7868a9d4deb15c256be270e4,s_dd2ac75aa9f34f9ffe41d90e,actual,OPS,"{""sum"": [""OBP"", ""SLG""]}",0.565307644
hitter,2025,THE BAT X,p_f00855fd10751f91f9838dac,s_1056020ceacf9db50a7d8883,actual,OPS,"{""sum"": [""OBP"", ""SLG""]}",0.684131221
hitter,2025,THE BAT X,p_bbaf8d520b3e4b79303a4fa8,s_511cdaf9dedfe475ecc5176c,actual,OPS,"{""sum"": [""OBP"", ""SLG""]}",0.71738782
hitter,2025,THE BAT X,p_1c2555fab0a44a8694e53597,s_53c256e06e53f55e20166af6,actual,OPS,"{""sum"": [""OBP"", ""SLG""]}",0.729260198
hitter,2025,THE BAT X,p_fd457e419f55ef98100c8820,s_75d3c701aac7e1f7d0c866d8,actual,OPS,"{""sum"": [""OBP"", ""SLG""]}",0.795174681
hitter,2025,THE BAT X,p_e68c177b707ba2989502b77c,s_c741fb6428ce5928cab8976a,actual,OPS,"{""sum"": [""OBP"", ""SLG""]}",0.50173913
hitter,2025,THE BAT X,p_dca7ac3dcb00e9e9c03af974,s_7f80bed7b55b9a58ae27a46c,actual,OPS,"{""sum"": [""OBP"", ""SLG""]}",0.671176283
hitter,2025,THE BAT X,p_0b1b7413f31673311ce952ef,s_09997705cd1ca8a87f7dfdf2,actual,OPS,"{""sum"": [""OBP"", ""SLG""]}",0.602478902
hitter,2025,THE BAT X,p_8b4dd804140aaf9ec7e45949,s_027e0abc9b6b6f6cc4260d2d,actual,OPS,"{""sum"": [""OBP"", ""SLG""]}",0.790967295
hitter,2025,THE BAT X,p_8653cdcc68d87c5feacb31a7,s_9eaa1d17a0dd58c715aa226d,actual,OPS,"{""sum"": [""OBP"", ""SLG""]}",0.702152695
hitter,2025,THE BAT X,p_c83d352443086e7f53e8ec08,s_2f30712d53149fb8835f78a4,actual,OPS,"{""sum"": [""OBP"", ""SLG""]}",0.7557406259999999
hitter,2025,THE BAT X,p_9b7916f908afc5ad14fc69e1,s_478d787fb10eeb6efab65f16,actual,OPS,"{""sum"": [""OBP"", ""SLG""]}",0.77777333
hitter,2025,THE BAT X,p_7464a49665d3e2d5bd7d2c5d,s_09b4866f50f642334416dc8b,actual,OPS,"{""sum"": [""OBP"", ""SLG""]}",0.718504936
hitter,2025,THE BAT X,p_34425c8d8ba5966e2a935516,s_d70c362f919628290c8ec9c8,actual,OPS,"{""sum"": [""OBP"", ""SLG""]}",0.7267398469999999
hitter,2025,THE BAT X,p_cf9af48ba71d61a22e7caa41,s_e326f1a89d855d7ae99b1043,actual,OPS,"{""sum"": [""OBP"", ""SLG""]}",0.594800616
hitter,2025,THE BAT X,p_ba07987ec3defa0be7df57c7,s_a9458e12ffa5fa696ea4af0b,actual,OPS,"{""sum"": [""OBP"", ""SLG""]}",0.65543906
hitter,2025,THE BAT X,p_fe3b34280c5c898441437983,s_555b774798a5dff98705b5ef,actual,OPS,"{""sum"": [""OBP"", ""SLG""]}",0.704834782
hitter,2025,THE BAT X,p_71d39bbc0fefb4bfd7f4b968,s_d1348a4b2f3f4fd693b60186,actual,OPS,"{""sum"": [""OBP"", ""SLG""]}",0.6209227429999999
hitter,2025,THE BAT X,p_3ee7d8b9c1b81790be270d8c,s_68bd679502d1cf0282f7b462,actual,OPS,"{""sum"": [""OBP"", ""SLG""]}",0.684208043
hitter,2025,THE BAT X,p_e8a841a4c0a09c1611d07c5c,s_4643a7ef59687c2c59c8ff4a,actual,OPS,"{""sum"": [""OBP"", ""SLG""]}",0.739136362
hitter,2025,THE BAT X,p_4f4c4807eced6c528cffe237,s_23078a3181161c4f658d6f46,actual,OPS,"{""sum"": [""OBP"", ""SLG""]}",0.649571754
hitter,2025,THE BAT X,p_039eacb0641753712ee33051,s_20aee319a6ec75ea52e7dd8b,actual,OPS,"{""sum"": [""OBP"", ""SLG""]}",0.695772563
hitter,2025,THE BAT X,p_982c7d30cba9f37d0babd910,s_f1a76cba4a65ce83040e5fe8,actual,OPS,"{""sum"": [""OBP"", ""SLG""]}",0.661224331
hitter,2025,THE BAT X,p_d04d80d479ca9798b6aba56a,s_9108ef7f56c5a3cbfd3a291e,actual,OPS,"{""sum"": [""OBP"", ""SLG""]}",0.8134332989999999
hitter,2025,THE BAT X,p_43de269c43a2abc9eaaccc63,s_5b94c8c6590d98dbed00ead0,actual,OPS,"{""sum"": [""OBP"", ""SLG""]}",0.693160141
hitter,2025,THE BAT X,p_01f201d29bbe20594b827aba,s_b48ce2228e7fcf510723e664,actual,OPS,"{""sum"": [""OBP"", ""SLG""]}",0.959204693
hitter,2025,THE BAT X,p_3e65baa0e05437e8c0238e22,s_ce79ed65f768282f6202591a,actual,OPS,"{""sum"": [""OBP"", ""SLG""]}",0.688770788
hitter,2025,THE BAT X,p_22db645384aeaef0e6b0dd37,s_bb268bab53bb915d2c72bd70,actual,OPS,"{""sum"": [""OBP"", ""SLG""]}",0.800172375
hitter,2025,THE BAT X,p_e0d83b8da8aaead5cd952acc,s_aa2715479ef202035fff6055,actual,OPS,"{""sum"": [""OBP"", ""SLG""]}",0.8513565
hitter,2025,THE BAT X,p_8b3af4e00d6a58700b696caf,s_c3e59227bd01a6090739aee4,actual,OPS,"{""sum"": [""OBP"", ""SLG""]}",0.5981342590000001
hitter,2025,THE BAT X,p_5ea69072becc5cf7c0a9e718,s_436143720364a882c7403d46,actual,OPS,"{""sum"": [""OBP"", ""SLG""]}",0.785314522
hitter,2025,THE BAT X,p_44767dae17d72f3b81e5e39f,s_07d555693b49f5ab0b05e225,actual,OPS,"{""sum"": [""OBP"", ""SLG""]}",0.740816642
hitter,2025,THE BAT X,p_26c07dbedac1bda5bffc2c42,s_033d0e52f6811e5c555f0fb9,actual,OPS,"{""sum"": [""OBP"", ""SLG""]}",0.5184788730000001
hitter,2025,THE BAT X,p_d319b6b594701cbc5732b5b7,s_c294e1a8faffd10f7c6f92b5,actual,OPS,"{""sum"": [""OBP"", ""SLG""]}",0.689596543
hitter,2025,THE BAT X,p_cce7aefd60200f89eb5f62c5,s_90a5ad2d691c18825dede0f3,actual,OPS,"{""sum"": [""OBP"", ""SLG""]}",0.82469868
hitter,2025,THE BAT X,p_34ccd8b501bbb85c38a690a6,s_1cd908953b043f3229a8978c,actual,OPS,"{""sum"": [""OBP"", ""SLG""]}",0.812072553
hitter,2025,THE BAT X,p_38d7241e29090de68e34bc2f,s_e93f75e3682f0b47838f446b,actual,OPS,"{""sum"": [""OBP"", ""SLG""]}",0.679137424
hitter,2025,THE BAT X,p_949685b5495cd6ed803f6057,s_71c02ea38f1e3ea750f70540,actual,OPS,"{""sum"": [""OBP"", ""SLG""]}",0.630353746
hitter,2025,THE BAT X,p_d280fe766b138e116686c70c,s_d6b34ccf98cba2e1b3625e42,actual,OPS,"{""sum"": [""OBP"", ""SLG""]}",0.820987729
hitter,2025,THE BAT X,p_07105369a9e627dc07e08f3a,s_3a8897cc2249d32516eef026,actual,OPS,"{""sum"": [""OBP"", ""SLG""]}",0.797620902
hitter,2025,THE BAT X,p_08ae04aabc21677b06e0f5b5,s_9c5865c2ea8909562604ab50,actual,OPS,"{""sum"": [""OBP"", ""SLG""]}",0.700182504
hitter,2025,THE BAT X,p_9688f2cceb46676f818de1b7,s_bbd01d04f77bc4d2c29801cc,actual,OPS,"{""sum"": [""OBP"", ""SLG""]}",0.8137254899999999
hitter,2025,THE BAT X,p_b78289d1db7944d769d0fd0e,s_fc70254cff0458887faafc4b,actual,OPS,"{""sum"": [""OBP"", ""SLG""]}",0.6871563460000001
hitter,2025,THE BAT X,p_c18d2ac39a45a469963266d6,s_a9bccfd70ba189a94a27c918,actual,OPS,"{""sum"": [""OBP"", ""SLG""]}",0.726900082
hitter,2025,THE BAT X,p_940fa05875c6ec92a4c0f82a,s_202ebfcfcb2e7faeb266ba6a,actual,OPS,"{""sum"": [""OBP"", ""SLG""]}",0.727903963
hitter,2025,THE BAT X,p_2d444cfa000f2def8872ded3,s_7704284c1888894f208dabb3,actual,OPS,"{""sum"": [""OBP"", ""SLG""]}",0.728057553
hitter,2025,THE BAT X,p_9f8e5fcf717acc70a142d6b8,s_fcb4c40246a651565b3bd5ea,actual,OPS,"{""sum"": [""OBP"", ""SLG""]}",0.613547787
hitter,2025,THE BAT X,p_1d7e8678c5830f3f0069f0d2,s_8f2b239d9f9073a9bdb297fb,actual,OPS,"{""sum"": [""OBP"", ""SLG""]}",0.786476592
hitter,2025,THE BAT X,p_b80059e715bc562d70fcb8af,s_f30b54b00116518036e68441,actual,OPS,"{""sum"": [""OBP"", ""SLG""]}",0.683583567
hitter,2025,THE BAT X,p_54a176facbbf2b86f4773ac9,s_958a7f343fb5d50de0648a61,actual,OPS,"{""sum"": [""OBP"", ""SLG""]}",0.665549428
hitter,2025,THE BAT X,p_9837c9964fe5b2c7ce57160e,s_b719da54db9f119044e0d217,actual,OPS,"{""sum"": [""OBP"", ""SLG""]}",0.693426178
hitter,2025,THE BAT X,p_a04a776d277aaef9a5c0a0c5,s_78439d35a240e2b88a8d3f73,actual,OPS,"{""sum"": [""OBP"", ""SLG""]}",0.653184164
hitter,2025,THE BAT X,p_26a8a517c6eb9d8b6968c481,s_1245db5a0d47ea344dc241d9,actual,OPS,"{""sum"": [""OBP"", ""SLG""]}",0.7755102030000001
hitter,2025,THE BAT X,p_12ab82bfc52a6eb89981c8ef,s_3d645904991a43e0207964df,actual,OPS,"{""sum"": [""OBP"", ""SLG""]}",0.7878401429999999
hitter,2025,THE BAT X,p_56d916df39c8dfba62c80c88,s_8ddf9a20ee1fce30cd0fb9d4,actual,OPS,"{""sum"": [""OBP"", ""SLG""]}",0.641918934
hitter,2025,THE BAT X,p_d803dc65885a070fabf6818a,s_2ce78de1cea3859cca1afdb6,actual,OPS,"{""sum"": [""OBP"", ""SLG""]}",0.7737736660000001
hitter,2025,THE BAT X,p_49284b363959e469c6d521d3,s_86f30bc6e7069f7272a630f5,actual,OPS,"{""sum"": [""OBP"", ""SLG""]}",0.760725848
hitter,2025,THE BAT X,p_10f1f74c96a473df3fdd40c8,s_a0b0df521b5b37c89b8932de,actual,OPS,"{""sum"": [""OBP"", ""SLG""]}",0.6310389409999999
hitter,2025,THE BAT X,p_55ce304d590ded904d24a170,s_f18595911585e64be6981d7f,actual,OPS,"{""sum"": [""OBP"", ""SLG""]}",0.6223663779999999
hitter,2025,THE BAT X,p_9182f20a9487df382d08fb95,s_b488449cd6f5fefff32ba3ae,actual,OPS,"{""sum"": [""OBP"", ""SLG""]}",0.6643697989999999
hitter,2025,THE BAT X,p_93f0cbe4ba8d32de88ebd386,s_995a185d8b6fa4ab6c472b1f,actual,OPS,"{""sum"": [""OBP"", ""SLG""]}",0.787061994
hitter,2025,THE BAT X,p_a88d730b313818d432b74cc0,s_d0a2e63bfc47e4459b6de720,actual,OPS,"{""sum"": [""OBP"", ""SLG""]}",0.591235536
hitter,2025,THE BAT X,p_17359d602cb142314bd90053,s_3cf4402d230b29271552093a,actual,OPS,"{""sum"": [""OBP"", ""SLG""]}",0.579831932
hitter,2025,THE BAT X,p_a10691810a3a9049724c355e,s_115c316c6451648e595d0582,actual,OPS,"{""sum"": [""OBP"", ""SLG""]}",0.794140029
hitter,2025,THE BAT X,p_0130cd45d3e0619843f93b86,s_d9586db63da0eabda61a7aa7,actual,OPS,"{""sum"": [""OBP"", ""SLG""]}",0.672360862
hitter,2025,THE BAT X,p_fdaca5aed6785adf29ede698,s_bbc2de43703dae7a3b6e8756,actual,OPS,"{""sum"": [""OBP"", ""SLG""]}",0.7305466
hitter,2025,THE BAT X,p_b0bd0cc808788129b5fe92e7,s_8c283c5e96112d059dbca684,actual,OPS,"{""sum"": [""OBP"", ""SLG""]}",0.569279279
hitter,2025,THE BAT X,p_d570178e121f3df05edac8b9,s_aef870f9e526d072bf35092d,actual,OPS,"{""sum"": [""OBP"", ""SLG""]}",0.719453774
hitter,2025,THE BAT X,p_1bf803b8768936d90d2de00b,s_8de983b9f19462e86f593fc1,actual,OPS,"{""sum"": [""OBP"", ""SLG""]}",0.530082267
hitter,2025,THE BAT X,p_ce15e01e3def598ffdccc288,s_02dca94241476390043f62d0,actual,OPS,"{""sum"": [""OBP"", ""SLG""]}",0.5001273230000001
hitter,2025,THE BAT X,p_91133680e8e4cb762502f288,s_134ab8358a4448fa3caff0ef,actual,OPS,"{""sum"": [""OBP"", ""SLG""]}",0.616818181
hitter,2025,THE BAT X,p_85aa2b0fe3e8fb526c91f73a,s_e0c8e4f30f02b0abf8ff80ff,actual,OPS,"{""sum"": [""OBP"", ""SLG""]}",0.631463556
hitter,2025,THE BAT X,p_f20437b72fe7159ab93a164b,s_4b0a49ff170e1f4636a77800,actual,OPS,"{""sum"": [""OBP"", ""SLG""]}",0.544712247
hitter,2025,THE BAT X,p_c6e14bf6411d700d054a3e6b,s_4958212d9c25b9c141855576,actual,OPS,"{""sum"": [""OBP"", ""SLG""]}",0.714612119
hitter,2025,THE BAT X,p_d3826afca90b544836e2677c,s_20c037d9b150f6f434988915,actual,OPS,"{""sum"": [""OBP"", ""SLG""]}",0.81558011
hitter,2025,THE BAT X,p_a280e0051deab38225ff5e85,s_7a211dfdeee0d54c4a173133,actual,OPS,"{""sum"": [""OBP"", ""SLG""]}",0.595485271
hitter,2025,THE BAT X,p_6a6f47011a0fdf81335ada30,s_18d617ab6fecf7785a65741c,actual,OPS,"{""sum"": [""OBP"", ""SLG""]}",0.5810930409999999
hitter,2025,THE BAT X,p_1a95972d3cc893a472abc230,s_ca1a95bffdc3958eab86baf5,actual,OPS,"{""sum"": [""OBP"", ""SLG""]}",0.7171381130000001
hitter,2025,THE BAT X,p_453f6b5d6ed77a8cb0076130,s_769cd7f80450bb9c51052007,actual,OPS,"{""sum"": [""OBP"", ""SLG""]}",0.783220783
hitter,2025,THE BAT X,p_c4e9bd291c503b119d01518b,s_520bbb64ba12f534a6760518,actual,OPS,"{""sum"": [""OBP"", ""SLG""]}",0.609929077
hitter,2025,THE BAT X,p_acb394d472b6013fee0b2e3f,s_94a4fa57dcbd9124b7b50c2f,actual,OPS,"{""sum"": [""OBP"", ""SLG""]}",0.605669952
hitter,2025,THE BAT X,p_094352eb62dc9717947a5478,s_fab03100899bc9bc3e58a7f9,actual,OPS,"{""sum"": [""OBP"", ""SLG""]}",0.712871794
hitter,2025,THE BAT X,p_c347beb197dc45a63da2eb7d,s_1ec358899ab92e586d9a1664,actual,OPS,"{""sum"": [""OBP"", ""SLG""]}",0.802517683
hitter,2025,THE BAT X,p_22206224451c3db51ac6d5b0,s_8ab18fcef38879657a37253b,actual,OPS,"{""sum"": [""OBP"", ""SLG""]}",0.6650440440000001
hitter,2025,THE BAT X,p_b3b7429144b65984ac116b64,s_904d358a05fd6f3092bd3d87,actual,OPS,"{""sum"": [""OBP"", ""SLG""]}",0.7227783489999999
hitter,2025,THE BAT X,p_43edd76b977a3e8af976bc83,s_7068ef5c0000c01bc1d037bf,actual,OPS,"{""sum"": [""OBP"", ""SLG""]}",0.291666666
hitter,2025,THE BAT X,p_73b12e6f36544a08a000f034,s_79819d55d9582f9422e9ac27,actual,OPS,"{""sum"": [""OBP"", ""SLG""]}",0.658931857
hitter,2025,THE BAT X,p_83161ed742ee108f5b6c36e3,s_6bae93fb0a148dc27ecc54d0,actual,OPS,"{""sum"": [""OBP"", ""SLG""]}",0.6750828289999999
hitter,2025,THE BAT X,p_cc4f8c9a25aeb6dbca4880d7,s_38ca3b34885e2643d61ca2f4,actual,OPS,"{""sum"": [""OBP"", ""SLG""]}",0.5274193540000001
hitter,2025,THE BAT X,p_3a8dce49800801c45f47c67d,s_8370b8fa2bf8090766172aef,actual,OPS,"{""sum"": [""OBP"", ""SLG""]}",0.630919853
hitter,2025,THE BAT X,p_374639c006432a57cd7173fc,s_b4f7f91a9681e6ea1238fa17,actual,OPS,"{""sum"": [""OBP"", ""SLG""]}",0.719235633
hitter,2025,THE BAT X,p_3df3de11935400a2046d0e22,s_87d46ffc1157db4ba56a8c92,actual,OPS,"{""sum"": [""OBP"", ""SLG""]}",0.711418149
hitter,2025,THE BAT X,p_b7f93fa6cd2a0022c2f4073c,s_e316be8b93fa5894040341d7,actual,OPS,"{""sum"": [""OBP"", ""SLG""]}",0.8112391720000001
hitter,2025,THE BAT X,p_2f297136e604768cca48d5f2,s_0a96457a1a2b8dc0ca1a99ad,actual,OPS,"{""sum"": [""OBP"", ""SLG""]}",0.5851147480000001
hitter,2025,THE BAT X,p_0cfc16ec70a614e40004e420,s_3257fadb2e5994563436494f,actual,OPS,"{""sum"": [""OBP"", ""SLG""]}",0.648685258
hitter,2025,THE BAT X,p_7b5d1a173b863deb0b76a4d6,s_4a098a3fe2f57d1a6f2d5349,actual,OPS,"{""sum"": [""OBP"", ""SLG""]}",0.865806168
hitter,2025,THE BAT X,p_8ee0eb5cae5daa0d79a54f41,s_9866b3c2ef4d87f8ff8d1462,actual,OPS,"{""sum"": [""OBP"", ""SLG""]}",0.524421849
hitter,2025,THE BAT X,p_ff3b072d82919b7204d60391,s_97b0780d8a9147887eb5f7de,actual,OPS,"{""sum"": [""OBP"", ""SLG""]}",0.715202798
hitter,2025,THE BAT X,p_0173b722ac4118ed6cdf2900,s_32bd1da0eed05efad2ef15ba,actual,OPS,"{""sum"": [""OBP"", ""SLG""]}",0.653765919
hitter,2025,THE BAT X,p_c430ce2c9239469707f293a7,s_9a57558bec87103f7dddb753,actual,OPS,"{""sum"": [""OBP"", ""SLG""]}",0.222222222
hitter,2025,THE BAT X,p_095d65b80762b3662a2707e2,s_987228ef4ca9dfb253807373,actual,OPS,"{""sum"": [""OBP"", ""SLG""]}",0.603394091
hitter,2025,THE BAT X,p_bb37edd9c4e88b2c706112f0,s_8464aac27f9a70a0eb98273f,actual,OPS,"{""sum"": [""OBP"", ""SLG""]}",0.633354567
hitter,2025,THE BAT X,p_8010bf50d9cac90da8bc9c88,s_7c3cbf74b80c24a77d599e8a,actual,OPS,"{""sum"": [""OBP"", ""SLG""]}",0.698501429
hitter,2025,THE BAT X,p_d074168cad7665ea1260b2c7,s_4d59b955cf9b3e2aed601e36,actual,OPS,"{""sum"": [""OBP"", ""SLG""]}",0.320512819
hitter,2025,THE BAT X,p_0073829d150626e88713a1af,s_c13c31135492cf94d8c726e1,actual,OPS,"{""sum"": [""OBP"", ""SLG""]}",0.5835629
hitter,2025,THE BAT X,p_ec46ba3925a24605aacacf22,s_b56d927099e07d371f16be3a,actual,OPS,"{""sum"": [""OBP"", ""SLG""]}",0.685931571
hitter,2025,THE BAT X,p_c3256a07b8bac1f086784cc2,s_dc1d53ef73c61449e3430d81,actual,OPS,"{""sum"": [""OBP"", ""SLG""]}",0.882554117
hitter,2025,THE BAT X,p_5c21762346818604fbfcff71,s_40bfb60ac78dee65d052a00b,actual,OPS,"{""sum"": [""OBP"", ""SLG""]}",0.688542236
hitter,2025,THE BAT X,p_dedf39f3291ea6360bd9d86d,s_489ac40a0986c6924fbcf2b6,actual,OPS,"{""sum"": [""OBP"", ""SLG""]}",0.724340057
hitter,2025,THE BAT X,p_8d64e39982b70f86006ac025,s_1348585918598e62268cf94f,actual,OPS,"{""sum"": [""OBP"", ""SLG""]}",0.637062633
hitter,2025,THE BAT X,p_0eaaec37182495ecee4c0eba,s_249a891ba87c7cddb9f20cca,actual,OPS,"{""sum"": [""OBP"", ""SLG""]}",0.544635543
hitter,2025,THE BAT X,p_4377316cb604fc79c43e849f,s_b44f51c71d36f0dcaea24991,actual,OPS,"{""sum"": [""OBP"", ""SLG""]}",0.752210432
hitter,2025,THE BAT X,p_1ebeee998dafa37125803f82,s_10971816f85262de3a0027ca,actual,OPS,"{""sum"": [""OBP"", ""SLG""]}",0.579816017
hitter,2025,THE BAT X,p_e7a6da04b2b0c84531277f57,s_a2d5356c784eee71600c1832,actual,OPS,"{""sum"": [""OBP"", ""SLG""]}",0.511640211
hitter,2025,THE BAT X,p_dc25209b8d6f78bd1ff199d1,s_ac2cddc2990fd64f80d8d1ea,actual,OPS,"{""sum"": [""OBP"", ""SLG""]}",0.820307143
hitter,2025,THE BAT X,p_f5b455280992f6c5f1c3155d,s_14531857f9200fa31faa1e13,actual,OPS,"{""sum"": [""OBP"", ""SLG""]}",0.495614035
hitter,2025,THE BAT X,p_f5ccb86ccaa7d4867bf5f322,s_b2fd98f0b7ce6c9666b832db,actual,OPS,"{""sum"": [""OBP"", ""SLG""]}",0.5482092510000001
hitter,2025,THE BAT X,p_c2215c37439fe2db6d555fe3,s_7f1661d31a9f0d54bf868f1f,actual,OPS,"{""sum"": [""OBP"", ""SLG""]}",0.445357142
hitter,2025,THE BAT X,p_aca63cd113ae58163f54b166,s_be99ba3872453af8c50076bd,actual,OPS,"{""sum"": [""OBP"", ""SLG""]}",0.737988627
hitter,2025,THE BAT X,p_abe047f07a0efa446f4a36de,s_01f9c3282ec26834324148d8,actual,OPS,"{""sum"": [""OBP"", ""SLG""]}",0.70843996
hitter,2025,THE BAT X,p_2e25971727a7328447e20387,s_6dc0e7d9848944bf1b0ead1f,actual,OPS,"{""sum"": [""OBP"", ""SLG""]}",0.639071409
hitter,2025,THE BAT X,p_9f9b58cf9004c9e1b74f4f5e,s_10eb3ead729056ea3d6af422,actual,OPS,"{""sum"": [""OBP"", ""SLG""]}",0.613146337
hitter,2025,THE BAT X,p_e5347f57c079821ded2c546d,s_48520d446ab202bcf4d851bb,actual,OPS,"{""sum"": [""OBP"", ""SLG""]}",0.6070390729999999
hitter,2025,THE BAT X,p_affde6872bd6da6eac225574,s_05a31fc1e8118ad5e6b2ebef,actual,OPS,"{""sum"": [""OBP"", ""SLG""]}",0.854684769
hitter,2025,THE BAT X,p_dc046f34bce4a57510ab0b8a,s_5d04b5e2ffe43433562dd33c,actual,OPS,"{""sum"": [""OBP"", ""SLG""]}",0.5982865879999999
hitter,2025,THE BAT X,p_6ef9eb123a894da47938ad54,s_f2931b24719e347e1707d670,actual,OPS,"{""sum"": [""OBP"", ""SLG""]}",0.745810176
hitter,2025,THE BAT X,p_772e2bb69cabe6eda522882b,s_c67784c38fcddc63322a24a4,actual,OPS,"{""sum"": [""OBP"", ""SLG""]}",0.5828116839999999
hitter,2025,THE BAT X,p_2df0748ced386bc886f0bded,s_d1135dd78ca8905d99c0192f,actual,OPS,"{""sum"": [""OBP"", ""SLG""]}",0.654239837
hitter,2025,THE BAT X,p_aed415d87aa458c3f61f701a,s_8889ac6acb2ef8cba5c2d3d6,actual,OPS,"{""sum"": [""OBP"", ""SLG""]}",0.628515529
hitter,2025,THE BAT X,p_0a0dae9c4fb855ec5e7a94c3,s_21ab0d1dd14b4895febb17c9,actual,OPS,"{""sum"": [""OBP"", ""SLG""]}",0.363379726
hitter,2025,THE BAT X,p_780c8c603f85a04c341a9865,s_01018bb951d3f2dd03c7bc87,actual,OPS,"{""sum"": [""OBP"", ""SLG""]}",0.652963803
hitter,2025,THE BAT X,p_5e0944f2a44bb662ff478989,s_2c6bd3b0d0f949809bcf5bef,actual,OPS,"{""sum"": [""OBP"", ""SLG""]}",0.6011181729999999
hitter,2025,THE BAT X,p_3b4b903bf0ec409efa7f7c4b,s_f32bf73c8e9a7116795b266b,actual,OPS,"{""sum"": [""OBP"", ""SLG""]}",0.566444034
hitter,2025,THE BAT X,p_67ec3f2da8b9029b41815808,s_1d78ee5676a1f59fd564e46c,actual,OPS,"{""sum"": [""OBP"", ""SLG""]}",0.596336996
hitter,2025,THE BAT X,p_b0eaf923fda4aa15ef19e892,s_f2a7e9451865af8d469256c6,actual,OPS,"{""sum"": [""OBP"", ""SLG""]}",0.543885869
hitter,2025,THE BAT X,p_9e7863714b0d9fb3f42de5fb,s_ab3daccbd1c9371d40fef4e0,actual,OPS,"{""sum"": [""OBP"", ""SLG""]}",0.824290011
hitter,2025,THE BAT X,p_713f11bb66125b24c64ef2d1,s_6992637ffa0fdbe7e0b38487,actual,OPS,"{""sum"": [""OBP"", ""SLG""]}",0.528958151
hitter,2025,THE BAT X,p_afa3696617369fa9fd1578ef,s_7cc6c8e3c8b91dfbbddc84ba,actual,OPS,"{""sum"": [""OBP"", ""SLG""]}",0.77138643
hitter,2025,THE BAT X,p_aee447a6c35dd53e48c4ca2f,s_938db36872f48dcd3f994227,actual,OPS,"{""sum"": [""OBP"", ""SLG""]}",0.767535424
hitter,2025,THE BAT X,p_ac57765bdbb3034bbc1f2b61,s_1df381c0c5c9f18bd4fc1248,actual,OPS,"{""sum"": [""OBP"", ""SLG""]}",0.610499718
hitter,2025,THE BAT X,p_e8f31649994a3e32ef11f822,s_e2639123545766b4998cd647,actual,OPS,"{""sum"": [""OBP"", ""SLG""]}",0.742285438
hitter,2025,THE BAT X,p_9135fc2468c32449f77b1f5b,s_b6cb1c382376c34e848386eb,actual,OPS,"{""sum"": [""OBP"", ""SLG""]}",0.795966103
hitter,2025,THE BAT X,p_090a1d58e67cb527524b4184,s_31ff74619481d57e15bb83f7,actual,OPS,"{""sum"": [""OBP"", ""SLG""]}",0.786863987
hitter,2025,THE BAT X,p_8da5a98f5e436023740fed42,s_200283dfe32bf1028c8aa0b3,actual,OPS,"{""sum"": [""OBP"", ""SLG""]}",0.66639027
hitter,2025,THE BAT X,p_2b2e49a306624e102315f2b1,s_76149eab9a26a57e8f9c9f4c,actual,OPS,"{""sum"": [""OBP"", ""SLG""]}",0.654523375
hitter,2025,THE BAT X,p_910eaf826bf8a3ff8e586a66,s_8a3bf2548b26c7140a44e3fe,actual,OPS,"{""sum"": [""OBP"", ""SLG""]}",0.746376811
hitter,2025,THE BAT X,p_8e68856222023e03ed776af4,s_c523fcee1a19c5f47e5d3aa9,actual,OPS,"{""sum"": [""OBP"", ""SLG""]}",0.569235588
hitter,2025,THE BAT X,p_ff7da0692023e81c73d988b1,s_a5016d29f38a0eba68d0f388,actual,OPS,"{""sum"": [""OBP"", ""SLG""]}",0.748087682
hitter,2025,THE BAT X,p_38223e84aa9c100b39331fcf,s_affc5fa2747befe108c3457a,actual,OPS,"{""sum"": [""OBP"", ""SLG""]}",0.786067193
hitter,2025,THE BAT X,p_4adfa388ddfc7eb8aab00551,s_4840505505691ed81e0be63c,actual,OPS,"{""sum"": [""OBP"", ""SLG""]}",0.727180613
hitter,2025,THE BAT X,p_834bb635031b8e62a403a8ec,s_28c8edf0ff715ebef17bce5e,actual,OPS,"{""sum"": [""OBP"", ""SLG""]}",0.342746614
hitter,2025,THE BAT X,p_c3db81d681439dff2231b5fd,s_1536c6c701d8caa46607f4e2,actual,OPS,"{""sum"": [""OBP"", ""SLG""]}",0.680768523
hitter,2025,THE BAT X,p_1d811c6e48c551113658df8f,s_f03444e3e207cbdbbfde39d0,actual,OPS,"{""sum"": [""OBP"", ""SLG""]}",0.691098706
hitter,2025,THE BAT X,p_6df89ef6e838a7bd064ba0fe,s_0366d1a5eca6bf3433ef3b40,actual,OPS,"{""sum"": [""OBP"", ""SLG""]}",0.698702634
hitter,2025,THE BAT X,p_18f43dfd6af22a681f90df0a,s_94573a3ae3d7b86eeebd5898,actual,OPS,"{""sum"": [""OBP"", ""SLG""]}",0.688670586
hitter,2025,THE BAT X,p_7a73d79a099a02d80efb70ee,s_7526164a0254102897ca98fd,actual,OPS,"{""sum"": [""OBP"", ""SLG""]}",0.801293951
hitter,2025,THE BAT X,p_5238beca8d2e0f1fd715c816,s_a6337b95c8c5cfdfbb0f42d0,actual,OPS,"{""sum"": [""OBP"", ""SLG""]}",0.8403658270000001
hitter,2025,THE BAT X,p_b2481482b385c3996645ecdb,s_92d92b6c2d0dd958c0ec6329,actual,OPS,"{""sum"": [""OBP"", ""SLG""]}",0.809942976
hitter,2025,THE BAT X,p_4af00e3fa0b959847f3eac9e,s_89478721b5b6f083912be0fe,actual,OPS,"{""sum"": [""OBP"", ""SLG""]}",0.8482142850000001
hitter,2025,THE BAT X,p_7c7b46475a55fc9446621efc,s_f7cbe5229f6cef2d0d02e3e1,actual,OPS,"{""sum"": [""OBP"", ""SLG""]}",0.94437751
hitter,2025,THE BAT X,p_8dd52397fe332c1adee839da,s_4ffa05e4a890b6fc7912da42,actual,OPS,"{""sum"": [""OBP"", ""SLG""]}",0.673772836
hitter,2025,THE BAT X,p_93e2518a360652181cbea37d,s_906b104dab255942f8979caf,actual,OPS,"{""sum"": [""OBP"", ""SLG""]}",0.564170039
hitter,2025,THE BAT X,p_a90fbbe8cfc6dbd95768136c,s_1936b9b9d9ddbd20a49dafaf,actual,OPS,"{""sum"": [""OBP"", ""SLG""]}",0.680191625
hitter,2025,THE BAT X,p_1bae5ba18fd609513c330eea,s_1089ac8eb1011777c8d4d87c,actual,OPS,"{""sum"": [""OBP"", ""SLG""]}",0.5820081770000001
hitter,2025,THE BAT X,p_94c59daacd9df75ff2c1cc3e,s_13ae4a3f6064b93128869da8,actual,OPS,"{""sum"": [""OBP"", ""SLG""]}",0.754423719
hitter,2025,THE BAT X,p_4672fc02fbfa48399c90584a,s_7602140dceb0c45c7304aa13,actual,OPS,"{""sum"": [""OBP"", ""SLG""]}",0.8590746220000001
hitter,2025,THE BAT X,p_926280ac4e44befa2c879505,s_768425cca403878b92d529f9,actual,OPS,"{""sum"": [""OBP"", ""SLG""]}",0.6349016110000001
hitter,2025,THE BAT X,p_fd20bdc98b27520354fbe2ee,s_c6d8951cc86fe91eac769db6,actual,OPS,"{""sum"": [""OBP"", ""SLG""]}",0.738326552
hitter,2025,THE BAT X,p_f833a627792ee898758f75c1,s_f39aeec08a061b69aaf66ccc,actual,OPS,"{""sum"": [""OBP"", ""SLG""]}",0.635616816
hitter,2025,THE BAT X,p_9d5a2c2ad1a5803de88379b4,s_7bcfb1d00452205a4a717c75,actual,OPS,"{""sum"": [""OBP"", ""SLG""]}",0.64663271
hitter,2025,THE BAT X,p_4f3aaf23aa7dc9a15224e832,s_2122c478744012fefa9a10b4,actual,OPS,"{""sum"": [""OBP"", ""SLG""]}",0.695614945
hitter,2025,THE BAT X,p_79533d36604898f85009f47a,s_75826106ed4ceb093db9c0cf,actual,OPS,"{""sum"": [""OBP"", ""SLG""]}",0.53076923
hitter,2025,THE BAT X,p_3f6f6f23fc264051a9b180de,s_21a1dd57962327a8605f6dbe,actual,OPS,"{""sum"": [""OBP"", ""SLG""]}",0.6831483819999999
hitter,2025,THE BAT X,p_bab287670fa987eb0b917507,s_a45af9130ea01ec97c8ed351,actual,OPS,"{""sum"": [""OBP"", ""SLG""]}",0.5994037130000001
hitter,2025,THE BAT X,p_fd44d075dbb0de467ecd4cec,s_d49f20e21d4eed1bdce0dca1,actual,OPS,"{""sum"": [""OBP"", ""SLG""]}",0.7205128759999999
hitter,2025,THE BAT X,p_8df2af654b2dd659804150c3,s_c7447c89a9f398420d86623d,actual,OPS,"{""sum"": [""OBP"", ""SLG""]}",0.654978354
hitter,2025,THE BAT X,p_c89880c7125c5de1ef428333,s_1f891b2ee5a1e8620691b927,actual,OPS,"{""sum"": [""OBP"", ""SLG""]}",0.755844155
hitter,2025,THE BAT X,p_b48a95e5e1067a48dd41f230,s_901c7760859c640d08048968,actual,OPS,"{""sum"": [""OBP"", ""SLG""]}",0.6940837959999999
hitter,2025,THE BAT X,p_cf93e6476cc705400a42c18a,s_25398a6a3d791c1b51339be1,actual,OPS,"{""sum"": [""OBP"", ""SLG""]}",0.600245252
hitter,2025,THE BAT X,p_ee3cbab00101500b56bb8aa2,s_37e6e09abb3a3e141faaa0c6,actual,OPS,"{""sum"": [""OBP"", ""SLG""]}",0.668872624
hitter,2025,THE BAT X,p_d6e2291a941b28d7a61905e7,s_62a7d6f276f2b67d9fcb631c,actual,OPS,"{""sum"": [""OBP"", ""SLG""]}",0.756239997
hitter,2025,THE BAT X,p_87ef808c4b08eb6444f8d2c2,s_05818dd963d0a8178d3714d7,actual,OPS,"{""sum"": [""OBP"", ""SLG""]}",0.49999999900000003
hitter,2025,THE BAT X,p_c8320c4ade7bd25cdbb337e8,s_4f0fb8230b2c0c5efa25376e,actual,OPS,"{""sum"": [""OBP"", ""SLG""]}",0.42735042700000003
hitter,2025,THE BAT X,p_981b2c7f83451c96f57a0b8f,s_d73df97dd156e422ed58fa54,actual,OPS,"{""sum"": [""OBP"", ""SLG""]}",0.41030219700000004
hitter,2025,THE BAT X,p_f473d4f7c4bf84ef62cdf005,s_8b8a2cdcb3268ddea65e58bd,actual,OPS,"{""sum"": [""OBP"", ""SLG""]}",0.482690253
hitter,2025,THE BAT X,p_b50c7faba421a14abbde4832,s_b52e7bf8f32b85c84afc6113,actual,OPS,"{""sum"": [""OBP"", ""SLG""]}",0.630725263
hitter,2025,THE BAT X,p_983f337494dd44856c74ae94,s_deedb4f419cdf089515da6f1,actual,OPS,"{""sum"": [""OBP"", ""SLG""]}",0.735249535
hitter,2025,THE BAT X,p_08f6887f65d655a4a2baf9d5,s_1585f6bd9f8601750278c7d1,actual,OPS,"{""sum"": [""OBP"", ""SLG""]}",0.6444571859999999
hitter,2025,THE BAT X,p_b4a85484b1990f2d6f0bdfb3,s_a82e113f85857c7e8d830fe2,actual,OPS,"{""sum"": [""OBP"", ""SLG""]}",0.776528798
hitter,2025,THE BAT X,p_1a2ff168ae4dee38f3f0da86,s_7b62992810dad6a9db9dcf1b,actual,OPS,"{""sum"": [""OBP"", ""SLG""]}",0.76793685
hitter,2025,THE BAT X,p_a2bf095f9201f07a43ff1926,s_3bd21463a3c1472c5f9e432f,actual,OPS,"{""sum"": [""OBP"", ""SLG""]}",0.594202898
hitter,2025,THE BAT X,p_34b3b6e9dd4f5cea6194f845,s_75bb47a81214c2e77a36c559,actual,OPS,"{""sum"": [""OBP"", ""SLG""]}",0.742408678
hitter,2025,THE BAT X,p_5fea85dc160e063a71ff0504,s_19ecdcadc2a809bfca8966fd,actual,OPS,"{""sum"": [""OBP"", ""SLG""]}",0.556884955
hitter,2025,THE BAT X,p_965a6ea3817c304cc282796b,s_9b8e325e6f20eebd7a56149b,actual,OPS,"{""sum"": [""OBP"", ""SLG""]}",0.6378940099999999
hitter,2025,THE BAT X,p_6bbb672161e3bc25ba553ecb,s_5938ab5079b5037e7a8ce3e7,actual,OPS,"{""sum"": [""OBP"", ""SLG""]}",0.589877835
hitter,2025,THE BAT X,p_5908d1276c467b8673e9c5c2,s_fbf3df19a416dd2cc669eefd,actual,OPS,"{""sum"": [""OBP"", ""SLG""]}",0.609180125
hitter,2025,THE BAT X,p_3e3e2bbedd618c19b7401786,s_06b6a4c7ad935d9a381e6357,actual,OPS,"{""sum"": [""OBP"", ""SLG""]}",0.700587308
hitter,2025,THE BAT X,p_734724174f1233575d37ef2a,s_202978e55d3a299d07da4f96,actual,OPS,"{""sum"": [""OBP"", ""SLG""]}",0.452765957
hitter,2025,THE BAT X,p_070e96f6f1ea057c6fff0a7d,s_2633b836250d2c2a77f1dba5,actual,OPS,"{""sum"": [""OBP"", ""SLG""]}",0.62128127
hitter,2025,THE BAT X,p_8d6f6f6848f015a167c87963,s_361807f7156b9417c53dac55,actual,OPS,"{""sum"": [""OBP"", ""SLG""]}",0.416666666
hitter,2025,THE BAT X,p_5c8b0e2a4b0429d3d6458e79,s_02d59c7a73c9e518e9a79e19,actual,OPS,"{""sum"": [""OBP"", ""SLG""]}",0.642061872
hitter,2025,THE BAT X,p_e90065fd0aaec9bfa20b53bd,s_b1c00807ffbd5460f1eeab26,actual,OPS,"{""sum"": [""OBP"", ""SLG""]}",0.5827294670000001
hitter,2025,THE BAT X,p_6a0c1d9c45e972fd4dd6509b,s_4a4f9b8b366d9f6e87ee88fd,actual,OPS,"{""sum"": [""OBP"", ""SLG""]}",0.708641975
hitter,2025,THE BAT X,p_186ced07377f7a0aad91a0e7,s_4f5fea87adea977df472e870,actual,OPS,"{""sum"": [""OBP"", ""SLG""]}",0.6907229509999999
hitter,2025,THE BAT X,p_85bb7396ce2d4e28a61e72d7,s_6958eda058d799fc4a454ffb,actual,OPS,"{""sum"": [""OBP"", ""SLG""]}",0.797403692
hitter,2025,THE BAT X,p_ea016158543cb834e392af83,s_719c9c141f1f3838196ddda8,actual,OPS,"{""sum"": [""OBP"", ""SLG""]}",0.6411379079999999
hitter,2025,THE BAT X,p_19278a584fbb4c0f71a14548,s_62614cdad24bc8f5f3b20d6e,actual,OPS,"{""sum"": [""OBP"", ""SLG""]}",0.568462138
hitter,2025,THE BAT X,p_9424207a305885854f7bcd07,s_ff86c51b96cb944dd6ee76b8,actual,OPS,"{""sum"": [""OBP"", ""SLG""]}",0.748339561
hitter,2025,THE BAT X,p_f31d66f0ff014626cbbe58b6,s_e7ab952b0ceab200e6881b51,actual,OPS,"{""sum"": [""OBP"", ""SLG""]}",0.301446051
hitter,2025,THE BAT X,p_a3174cf7ae27e035227413ca,s_452016d2908eda9bdfc09256,actual,OPS,"{""sum"": [""OBP"", ""SLG""]}",0.32167831999999996
hitter,2025,THE BAT X,p_cceba36110b2ebeda8120995,s_82ff8e4970fe74b00794ddd1,actual,OPS,"{""sum"": [""OBP"", ""SLG""]}",0.745364611
hitter,2025,THE BAT X,p_ebf512ad6b26ce1f2d1410e4,s_098806963fa4b8c296685413,actual,OPS,"{""sum"": [""OBP"", ""SLG""]}",0.7396862900000001
hitter,2025,THE BAT X,p_72f8986dd2cfdf854e6d9496,s_c773d28d65cc16a6bb01743d,actual,OPS,"{""sum"": [""OBP"", ""SLG""]}",0.643621144
hitter,2025,THE BAT X,p_e7209053b03523d1b10b464b,s_7eb064ad39ba99e3a9cf1a67,actual,OPS,"{""sum"": [""OBP"", ""SLG""]}",0.623489078
hitter,2025,THE BAT X,p_aca016cd21ee7544840400c6,s_4f578bea2f3faca79ecdc54d,actual,OPS,"{""sum"": [""OBP"", ""SLG""]}",0.62785219
hitter,2025,THE BAT X,p_996f1713394d7bedb5732fdf,s_171ced287b68124592df98ed,actual,OPS,"{""sum"": [""OBP"", ""SLG""]}",0.0
hitter,2025,THE BAT X,p_51e6b6a896f57028c6387f0a,s_150d4615f6d6147f2908022c,actual,OPS,"{""sum"": [""OBP"", ""SLG""]}",0.5374867249999999
hitter,2025,THE BAT X,p_ce5180c6b9ee3b8dc8c9de6b,s_b6371cd2e1657b283c84076e,actual,OPS,"{""sum"": [""OBP"", ""SLG""]}",0.491682242
hitter,2025,THE BAT X,p_92c069a29d913048d5371a39,s_ca886a6d508ff730e1c90c56,actual,OPS,"{""sum"": [""OBP"", ""SLG""]}",0.836050548
hitter,2025,THE BAT X,p_60a101aecd2c0c2ef4294bcc,s_4e3af828aea9c36d08952fe2,actual,OPS,"{""sum"": [""OBP"", ""SLG""]}",0.354166666
hitter,2025,THE BAT X,p_3022da48fbdb4f93917ac8ff,s_aa851f211a764de66d6fe60a,actual,OPS,"{""sum"": [""OBP"", ""SLG""]}",0.61702419
hitter,2025,THE BAT X,p_e6af781faea0daa3f5e4bba5,s_2cb0b7678440e1082d2f6fb9,actual,OPS,"{""sum"": [""OBP"", ""SLG""]}",0.652790861
hitter,2025,THE BAT X,p_f81e06f86a4750a02ca58853,s_4cdd986bc77303731e223f1d,actual,OPS,"{""sum"": [""OBP"", ""SLG""]}",0.6706498679999999
hitter,2025,THE BAT X,p_c036f8c59b7723c46b54b8f3,s_87e63ae9e3617e5fb3340994,actual,OPS,"{""sum"": [""OBP"", ""SLG""]}",0.789302848
hitter,2025,THE BAT X,p_8cf4729b5b1e0f175ee82c32,s_3f3ab45c8b7ebbd0edf1b5d7,actual,OPS,"{""sum"": [""OBP"", ""SLG""]}",0.606060605
hitter,2025,THE BAT X,p_89c17b1b7984d5edf458e9aa,s_b26f3c7ac2ef503f234745d2,actual,OPS,"{""sum"": [""OBP"", ""SLG""]}",0.6995193390000001
hitter,2025,THE BAT X,p_b5dc590f86056ea0c359821b,s_cd0657677eea53ed3c04ce95,actual,OPS,"{""sum"": [""OBP"", ""SLG""]}",0.6871524259999999
hitter,2025,THE BAT X,p_66ae1ff3d59748406c4525f6,s_95bb71f82af476858484b280,actual,OPS,"{""sum"": [""OBP"", ""SLG""]}",0.558737971
hitter,2025,THE BAT X,p_d8586b85d7209c133f440fa4,s_dcaafcce09d64f32a10551ff,actual,OPS,"{""sum"": [""OBP"", ""SLG""]}",0.586813186
hitter,2025,THE BAT X,p_47f99564c6141fbd9fdc98e8,s_737548f98de1c320a2486760,actual,OPS,"{""sum"": [""OBP"", ""SLG""]}",0.696790122
hitter,2025,THE BAT X,p_7ec5cf24f911a0a091451248,s_5c1400851eb94816a847fd72,actual,OPS,"{""sum"": [""OBP"", ""SLG""]}",0.796795566
hitter,2025,THE BAT X,p_dbcf019d453a408f7f5ea336,s_fce091e3644f7edb8355c37f,actual,OPS,"{""sum"": [""OBP"", ""SLG""]}",0.777054127
hitter,2025,THE BAT X,p_998a708748e7e70acc1eee1d,s_219d232a03ad123516226efa,actual,OPS,"{""sum"": [""OBP"", ""SLG""]}",0.505357142
hitter,2025,THE BAT X,p_83a60be2623269dba3d01184,s_e3b9861e673b86c867fb3007,actual,OPS,"{""sum"": [""OBP"", ""SLG""]}",0.837583468
hitter,2025,THE BAT X,p_a428e39a0003f8c0f9cc53fe,s_1be12beba8dcc39123d83166,actual,OPS,"{""sum"": [""OBP"", ""SLG""]}",0.473484848
hitter,2025,THE BAT X,p_c8a9c9b6fba1a3672b307781,s_44bafd8ede4975b97aee4ce1,actual,OPS,"{""sum"": [""OBP"", ""SLG""]}",0.537111738
hitter,2025,THE BAT X,p_8d25944b1dbc5d259bcfda0c,s_e0f49a56648494d549d7eb23,actual,OPS,"{""sum"": [""OBP"", ""SLG""]}",0.624668672
hitter,2025,THE BAT X,p_23e0b260009583de186ff99f,s_0a001f1fdeb02c87472d4917,actual,OPS,"{""sum"": [""OBP"", ""SLG""]}",0.598666073
hitter,2025,THE BAT X,p_18290ea252b0cc74d94bdd5e,s_1014ed028a2fe0fdfcccd361,actual,OPS,"{""sum"": [""OBP"", ""SLG""]}",0.7625274719999999
hitter,2025,THE BAT X,p_e88e1048177b5e00fc6235b9,s_9d69d11fc2161ddd3e4cb960,actual,OPS,"{""sum"": [""OBP"", ""SLG""]}",0.555555555
hitter,2025,THE BAT X,p_c05881c381976b5718259e6a,s_67a0b65b2c17a208f646e79e,actual,OPS,"{""sum"": [""OBP"", ""SLG""]}",0.606893519
hitter,2025,THE BAT X,p_494f13db395735a0068392a4,s_418e1fe7201894682323333c,actual,OPS,"{""sum"": [""OBP"", ""SLG""]}",0.5920527499999999
hitter,2025,THE BAT X,p_3600755d96c052bc6d329493,s_f31818dc3e6a473f9c8718ca,actual,OPS,"{""sum"": [""OBP"", ""SLG""]}",0.667487425
hitter,2025,THE BAT X,p_ffa25e8aca01794d683910ce,s_39c065c8983f432121b4c21a,actual,OPS,"{""sum"": [""OBP"", ""SLG""]}",0.673965669
hitter,2025,THE BAT X,p_09c7619577ad30939383f6b8,s_1d6cf27c9b6f6dd33a0ae306,actual,OPS,"{""sum"": [""OBP"", ""SLG""]}",0.572582972
hitter,2025,THE BAT X,p_31b75a6620ad0e384f24ca3c,s_8038bb4f12f8356e6f26ac51,actual,OPS,"{""sum"": [""OBP"", ""SLG""]}",0.6144138269999999
hitter,2025,THE BAT X,p_ac2c415e448152dd4e3b1104,s_1c15fc4c5878b506ca6b81fb,actual,OPS,"{""sum"": [""OBP"", ""SLG""]}",0.725661144
hitter,2025,THE BAT X,p_bf4b6d6a344e848bb99ebb0d,s_b9fa26d28b6ad9a533337920,actual,OPS,"{""sum"": [""OBP"", ""SLG""]}",0.715023061
hitter,2025,THE BAT X,p_d4f014697114e1593c664fe5,s_4c79cbe7f05248a938a39b79,actual,OPS,"{""sum"": [""OBP"", ""SLG""]}",0.559733041
hitter,2025,THE BAT X,p_bf3cde84574979814bee8bc2,s_76908ca4c028981691c56581,actual,OPS,"{""sum"": [""OBP"", ""SLG""]}",0.628055458
hitter,2025,THE BAT X,p_aa6964498890afd992ade1fb,s_24d7a6db86dd0607666e392a,actual,OPS,"{""sum"": [""OBP"", ""SLG""]}",0.671098701
hitter,2025,THE BAT X,p_36096c55ce20956d0ec5b16a,s_b1e217a614a2354a3f96d5fb,actual,OPS,"{""sum"": [""OBP"", ""SLG""]}",0.567479431
hitter,2025,THE BAT X,p_086c084b7dde82d230f1974d,s_b0108b71a98789eac55c438a,actual,OPS,"{""sum"": [""OBP"", ""SLG""]}",0.636222337
hitter,2025,THE BAT X,p_fb066c9d1d9ad1ef88a158d8,s_64d84e18ddb11c4189c60298,actual,OPS,"{""sum"": [""OBP"", ""SLG""]}",0.49399249
hitter,2025,THE BAT X,p_5d96d38ca6ef254577b06725,s_93ecb4b2966a1d77273ea995,actual,OPS,"{""sum"": [""OBP"", ""SLG""]}",0.755745031
hitter,2025,THE BAT X,p_c1cd83784b034e2f932fceba,s_532b724ed4e4093dc49bb817,actual,OPS,"{""sum"": [""OBP"", ""SLG""]}",0.574699718
hitter,2025,THE BAT X,p_8cae94e12aa44504af05eaac,s_2fe57d5953e943630d532040,actual,OPS,"{""sum"": [""OBP"", ""SLG""]}",0.6817430010000001
hitter,2025,THE BAT X,p_64cd7f2056e556168afff712,s_f0472ab8f539b6dec4d03843,actual,OPS,"{""sum"": [""OBP"", ""SLG""]}",0.825648186
hitter,2025,THE BAT X,p_08f2cb4fa27c7d6496f173b0,s_8bf8c87f7fdf897a0827fd0b,actual,OPS,"{""sum"": [""OBP"", ""SLG""]}",0.683970855
hitter,2025,THE BAT X,p_635860f92d6161a5d5346c31,s_acd1871985fa5f5b56ecb888,actual,OPS,"{""sum"": [""OBP"", ""SLG""]}",0.913461538
hitter,2025,THE BAT X,p_fa9150432cf11843e4d50fdd,s_a2fc014927aeb18b179f3f5b,actual,OPS,"{""sum"": [""OBP"", ""SLG""]}",0.615789473
hitter,2025,THE BAT X,p_4acef52c25b5e9602e6d7849,s_30fc180a044e6e3b2a8a47d2,actual,OPS,"{""sum"": [""OBP"", ""SLG""]}",0.534987579
hitter,2025,THE BAT X,p_324d7824f4bfab517e2b6f94,s_7221b0c5ba8730e9945887fa,actual,OPS,"{""sum"": [""OBP"", ""SLG""]}",0.748377581
hitter,2025,THE BAT X,p_e2a6b3fb9b9c46752f076393,s_5745a8f3cef3aec020a28c24,actual,OPS,"{""sum"": [""OBP"", ""SLG""]}",0.7412445270000001
hitter,2025,THE BAT X,p_8cd8f9d6f8b2efebc9d42e06,s_e6046b9f4ea9a6137eeff91d,actual,OPS,"{""sum"": [""OBP"", ""SLG""]}",0.593503338
hitter,2025,THE BAT X,p_c8a4acd1fcace66129321919,s_ee7a2aba6b8ab2be688040a4,actual,OPS,"{""sum"": [""OBP"", ""SLG""]}",0.5182724240000001
hitter,2025,THE BAT X,p_7d6df8c8a5a5f404c9b1c9d7,s_7237526e6eb70ee941ad2dad,actual,OPS,"{""sum"": [""OBP"", ""SLG""]}",0.755026454
hitter,2025,THE BAT X,p_26715f7ed5db8556ff25aea4,s_38c2671b6d0da45b2cf6a452,actual,OPS,"{""sum"": [""OBP"", ""SLG""]}",0.745944678
hitter,2025,THE BAT X,p_5b39aa72d25ce69fb44d6ff6,s_207c29f29ce2a9744bfb05c6,actual,OPS,"{""sum"": [""OBP"", ""SLG""]}",0.534232209
hitter,2025,THE BAT X,p_c8daa367e2a394e88a3a2b3a,s_b7d287085d2b8376d1d0c7e5,actual,OPS,"{""sum"": [""OBP"", ""SLG""]}",0.822311142
hitter,2025,THE BAT X,p_b0c1c14191ad2b5fe0bb6695,s_3e02f78899a370336b29632f,actual,OPS,"{""sum"": [""OBP"", ""SLG""]}",0.70750988
hitter,2025,THE BAT X,p_dcbd85c04cb775142933b0a9,s_d10ff8f5b06dd29a5a1cba68,actual,OPS,"{""sum"": [""OBP"", ""SLG""]}",0.6376678870000001
hitter,2025,THE BAT X,p_14c16a139ce71b89830c7462,s_3bd6319cf13899ca846b8ad0,actual,OPS,"{""sum"": [""OBP"", ""SLG""]}",0.559088788
hitter,2025,THE BAT X,p_1763c2274b61c3817b119898,s_278300207acac9395c79019e,actual,OPS,"{""sum"": [""OBP"", ""SLG""]}",0.673633626
hitter,2025,THE BAT X,p_a7f09516df26f603d1594bdc,s_63111cdf12465238903f47dc,actual,OPS,"{""sum"": [""OBP"", ""SLG""]}",0.807470157
hitter,2025,THE BAT X,p_a9f4f65f0a9b44dc90bff976,s_5e9b953795bdbe33b92cf412,actual,OPS,"{""sum"": [""OBP"", ""SLG""]}",0.6625258789999999
hitter,2025,THE BAT X,p_d9207420d77623b50fd840b1,s_8e5adfe78ca96cb5b45773db,actual,OPS,"{""sum"": [""OBP"", ""SLG""]}",0.706116529
hitter,2025,THE BAT X,p_a878a24f2e648baf02c2be77,s_6e0be1b236f8af14874d925a,actual,OPS,"{""sum"": [""OBP"", ""SLG""]}",0.6926387709999999
hitter,2025,THE BAT X,p_e4142bee5a73201f7c2c7768,s_b72fedc60d9c9ea67401f805,actual,OPS,"{""sum"": [""OBP"", ""SLG""]}",0.646616541
hitter,2025,THE BAT X,p_785195735e0fd0b05abaf802,s_9f322e7a62b078625b6bdb7a,actual,OPS,"{""sum"": [""OBP"", ""SLG""]}",0.511590726
hitter,2025,THE BAT X,p_ca9cb370432f3712d1a35d7f,s_fc2b884b9039a30d106237be,actual,OPS,"{""sum"": [""OBP"", ""SLG""]}",0.700209643
hitter,2025,THE BAT X,p_041b290ccb9dec49681e05d7,s_1d17f4599c6d09203e241542,actual,OPS,"{""sum"": [""OBP"", ""SLG""]}",0.826697457
hitter,2025,THE BAT X,p_65233ab523d0b1f99d98e44e,s_67f212fe55946be57f398d0a,actual,OPS,"{""sum"": [""OBP"", ""SLG""]}",0.635217723
hitter,2025,THE BAT X,p_bfe0722bc292da175cf065f0,s_70a59523814cdcc6306b052e,actual,OPS,"{""sum"": [""OBP"", ""SLG""]}",0.625903738
hitter,2025,THE BAT X,p_b78eec4ced930563501cf95a,s_32f1766d77c7ce78460a9456,actual,OPS,"{""sum"": [""OBP"", ""SLG""]}",0.5982433300000001
hitter,2025,THE BAT X,p_4d4c6c49b9e53cf5eea7989d,s_27ee7fc0fffb4c8d9dcc3821,actual,OPS,"{""sum"": [""OBP"", ""SLG""]}",0.4355
hitter,2025,THE BAT X,p_e7700021cd8397fee130db6a,s_0c2417e74c44945af344fdcb,actual,OPS,"{""sum"": [""OBP"", ""SLG""]}",0.6567550090000001
hitter,2025,THE BAT X,p_dae2f3444392e0e6d8dd111e,s_75680aab53732c253f43efab,actual,OPS,"{""sum"": [""OBP"", ""SLG""]}",0.843341009
hitter,2025,THE BAT X,p_554a078086b51a0bb83f41e0,s_e5feac3fdfafb346337f8437,actual,OPS,"{""sum"": [""OBP"", ""SLG""]}",0.603205212
hitter,2025,THE BAT X,p_569cc434d930c86d5c9eeb16,s_416538bc4e4f958f9fc32335,actual,OPS,"{""sum"": [""OBP"", ""SLG""]}",0.658008657
hitter,2025,THE BAT X,p_7517d598bb2a03a162d6c6e1,s_acb750cda8346c3a49c214f0,actual,OPS,"{""sum"": [""OBP"", ""SLG""]}",0.729722294
hitter,2025,THE BAT X,p_0747e0152f1a05570f2a4321,s_37faadd243eb144ad0ff7a16,actual,OPS,"{""sum"": [""OBP"", ""SLG""]}",0.780303029
hitter,2025,THE BAT X,p_2a9fb5007e71f964ebc6bb63,s_3e8befafe59e767b520ae69a,actual,OPS,"{""sum"": [""OBP"", ""SLG""]}",0.7207207200000001
hitter,2025,THE BAT X,p_aa63e6f4e2c3594645947528,s_16036cdbdadbf918633b6bcc,actual,OPS,"{""sum"": [""OBP"", ""SLG""]}",0.867623603
hitter,2025,THE BAT X,p_7f9a759746613f250bc043c6,s_6096344285d50ea4d5b7c955,actual,OPS,"{""sum"": [""OBP"", ""SLG""]}",0.222222222
hitter,2025,THE BAT X,p_19514f95f70ecb1c86cbde9b,s_6240f8ff1a3b4979a483e959,actual,OPS,"{""sum"": [""OBP"", ""SLG""]}",0.542673107
hitter,2025,THE BAT X,p_d365089c5d3c77423a8c1d9e,s_e3e8711f75838bd377453259,actual,OPS,"{""sum"": [""OBP"", ""SLG""]}",0.418831168
hitter,2025,THE BAT X,p_c2bb9eee6ff9a8dfac3ffee7,s_098c2d6aa9c82d42744cef6e,actual,OPS,"{""sum"": [""OBP"", ""SLG""]}",0.7150521599999999
hitter,2025,THE BAT X,p_1c4fbcfee892342c211c40ad,s_93590dd7c4cc25bbee10d9fe,actual,OPS,"{""sum"": [""OBP"", ""SLG""]}",0.29
hitter,2025,THE BAT X,p_94167fd7836504fba77eddb7,s_9115d748aef984fdcd486f6c,actual,OPS,"{""sum"": [""OBP"", ""SLG""]}",0.659388764
hitter,2025,THE BAT X,p_d63579b1fc968533fbc164c9,s_7a0ce8d49f0408183f12afcb,actual,OPS,"{""sum"": [""OBP"", ""SLG""]}",0.761904761
hitter,2025,THE BAT X,p_2750ac3fc6e5429d75c00551,s_eaf55840d390eecbebb340a9,actual,OPS,"{""sum"": [""OBP"", ""SLG""]}",0.34047618999999996
hitter,2025,THE BAT X,p_31f105a7eb4a7a950745899a,s_421e60819ba773e898c40e46,actual,OPS,"{""sum"": [""OBP"", ""SLG""]}",0.691863343
hitter,2025,THE BAT X,p_11f97a5b1f4aecc3b4f6f59e,s_8bff9b3faf8e27788e5a1c8b,actual,OPS,"{""sum"": [""OBP"", ""SLG""]}",0.69914232
hitter,2025,THE BAT X,p_81fa67da8e4a65aba1f1942b,s_28ecbef100eff553774a3b2c,actual,OPS,"{""sum"": [""OBP"", ""SLG""]}",0.8396904359999999
hitter,2025,THE BAT X,p_bc98648c6a6d04b33c536f08,s_9fc11a75678b58cf3d307d28,actual,OPS,"{""sum"": [""OBP"", ""SLG""]}",0.67662037
hitter,2025,THE BAT X,p_ed4a6ec9fe44d2dea82bc36f,s_3c374ce49a393fc483690685,actual,OPS,"{""sum"": [""OBP"", ""SLG""]}",0.744922166
hitter,2025,THE BAT X,p_1db0767c21e16dc27d7f56de,s_a982f3dc0b96474a1e10c48e,actual,OPS,"{""sum"": [""OBP"", ""SLG""]}",0.698112006
hitter,2025,THE BAT X,p_ce641a5836f2731f583a85ae,s_92386f474a2fc8f495f8e720,actual,OPS,"{""sum"": [""OBP"", ""SLG""]}",0.7934782600000001
hitter,2025,THE BAT X,p_cced76e05d34ab38cbd25725,s_2bb29ab5961cadc0e969de69,actual,OPS,"{""sum"": [""OBP"", ""SLG""]}",0.637731685
hitter,2025,THE BAT X,p_39e01888f555a1c1c75bae63,s_0605e983a21dfea27f700aea,actual,OPS,"{""sum"": [""OBP"", ""SLG""]}",0.48030383200000004
hitter,2025,THE BAT X,p_292004d692eb1e10c9836240,s_c6876352866fe6dbb540e39b,actual,OPS,"{""sum"": [""OBP"", ""SLG""]}",0.515151514
hitter,2025,THE BAT X,p_35c1c2bb04c06adf52bae69a,s_5b289d06ff6682792e6ecce3,actual,OPS,"{""sum"": [""OBP"", ""SLG""]}",0.6156079839999999
hitter,2025,THE BAT X,p_4bab031a6ed50b53a6e222a5,s_b2a9d1f6c8b8bf576eb5a6df,actual,OPS,"{""sum"": [""OBP"", ""SLG""]}",0.333946078
hitter,2025,THE BAT X,p_818a939d2c013337a28d18f6,s_6426ebdb3196b8806029cf48,actual,OPS,"{""sum"": [""OBP"", ""SLG""]}",0.679541198
hitter,2025,THE BAT X,p_89ada5eacdc2c58a0bedad08,s_5e5c7960b29e52a62cf23911,actual,OPS,"{""sum"": [""OBP"", ""SLG""]}",0.620075757
hitter,2025,THE BAT X,p_9898f674ff0479e5c7f7a87d,s_249a0d83cb863e90804f3d60,actual,OPS,"{""sum"": [""OBP"", ""SLG""]}",0.6005290990000001
hitter,2025,THE BAT X,p_5414b6c5930f1355f0fa7315,s_4315c4ad67d70b886050d7c5,actual,OPS,"{""sum"": [""OBP"", ""SLG""]}",0.588288288
hitter,2025,THE BAT X,p_2be2114f21490ac33af4d359,s_313dd21333cf956358067f0e,actual,OPS,"{""sum"": [""OBP"", ""SLG""]}",0.685714285
hitter,2025,THE BAT X,p_feda259d717109da756725de,s_b5c81a5260f662c08ef835f3,actual,OPS,"{""sum"": [""OBP"", ""SLG""]}",0.39661835700000003
hitter,2025,THE BAT X,p_91a8efd7718ac0df6183f487,s_0ce6e4f715163f3dc39badea,actual,OPS,"{""sum"": [""OBP"", ""SLG""]}",0.48845968000000006
hitter,2025,THE BAT X,p_e06142149e0a8bcabc0b3250,s_a7f80615df9297b12be26a4b,actual,OPS,"{""sum"": [""OBP"", ""SLG""]}",0.592313061
hitter,2025,THE BAT X,p_642ed1c34f4044682830b533,s_d45e944693d8c7fa69238611,actual,OPS,"{""sum"": [""OBP"", ""SLG""]}",0.703968253
hitter,2025,THE BAT X,p_5fe1104b74d64e331d8a6d8a,s_fcfa0d2661c9ee09ea7226b3,actual,OPS,"{""sum"": [""OBP"", ""SLG""]}",0.596354166
hitter,2025,THE BAT X,p_f1708b988b2fbb90aac09ff6,s_92fba14656ada3acf0746cad,actual,OPS,"{""sum"": [""OBP"", ""SLG""]}",0.7324498319999999
hitter,2025,THE BAT X,p_fcad21c46d924d3056b3ddb6,s_5116a4d46c3733579ed13297,actual,OPS,"{""sum"": [""OBP"", ""SLG""]}",0.41948051799999997
hitter,2025,THE BAT X,p_5ce3f1337c6a59836bdfb343,s_c28d760c32bf23905f3d776a,actual,OPS,"{""sum"": [""OBP"", ""SLG""]}",0.701709401
hitter,2025,THE BAT X,p_546beacef1d2c43d81d75a4e,s_aa951eaef5bc7af284d3b4cb,actual,OPS,"{""sum"": [""OBP"", ""SLG""]}",0.683842238
hitter,2025,THE BAT X,p_b6f53a611ef170f529b8703e,s_fa46bed27e112d60df506eb8,actual,OPS,"{""sum"": [""OBP"", ""SLG""]}",0.6292517
hitter,2025,THE BAT X,p_4af6f545bc35e4588dee86b9,s_756b7646aa5b00dd6323011c,actual,OPS,"{""sum"": [""OBP"", ""SLG""]}",0.647435896
hitter,2025,THE BAT X,p_8f4e0edcdbb51e8ea8ef460c,s_b93df0877a031c10450525c4,actual,OPS,"{""sum"": [""OBP"", ""SLG""]}",0.841716762
hitter,2025,THE BAT X,p_37ddf22e72b2be2d0fd472a1,s_3ea4797992851ad2b2687725,actual,OPS,"{""sum"": [""OBP"", ""SLG""]}",0.39418328
hitter,2025,THE BAT X,p_d46997b7e54062e4838e429d,s_4fdcb3236161ef358769fa2a,actual,OPS,"{""sum"": [""OBP"", ""SLG""]}",0.5
hitter,2025,THE BAT X,p_2ba9946ebebe655efd1ec8f3,s_da058a6621e5851166c2660b,actual,OPS,"{""sum"": [""OBP"", ""SLG""]}",0.50696864
hitter,2025,THE BAT X,p_b139e8487e432f0b072c3239,s_076c804e0e222d65e1a47080,actual,OPS,"{""sum"": [""OBP"", ""SLG""]}",0.34375
hitter,2025,THE BAT X,p_53a8f92fc16f0dcdbdc4628d,s_8ef2dc16f3a6331383e37708,actual,OPS,"{""sum"": [""OBP"", ""SLG""]}",0.5214867249999999
hitter,2025,THE BAT X,p_65e7c0fa0d3cff8d1258c9b1,s_b4f36d963076aa98c7d56029,actual,OPS,"{""sum"": [""OBP"", ""SLG""]}",0.878640776
hitter,2025,THE BAT X,p_c6ac3aa8bb1da5cdad4a2ee9,s_97464215e44ad08f7accc750,actual,OPS,"{""sum"": [""OBP"", ""SLG""]}",0.6446209380000001
hitter,2025,THE BAT X,p_d38e4086c48ab6c12634caef,s_c15b173ce02123e613563e7f,actual,OPS,"{""sum"": [""OBP"", ""SLG""]}",0.6884478549999999
hitter,2025,THE BAT X,p_cfb8786983c38f5473cdec79,s_957862a78240406217e2564f,actual,OPS,"{""sum"": [""OBP"", ""SLG""]}",0.654148999
hitter,2025,THE BAT X,p_55908c06ceed1ceaa47e0f08,s_1122f00ad1593bd9de1a58d8,actual,OPS,"{""sum"": [""OBP"", ""SLG""]}",0.553333333
hitter,2025,THE BAT X,p_e2958eaa641d77c60a1aa3e2,s_e1291589a7283bf4005542aa,actual,OPS,"{""sum"": [""OBP"", ""SLG""]}",0.260101009
hitter,2025,THE BAT X,p_1e99c8473b9ac124e44a47a7,s_812d5a150a5ce9cbcddafe5b,actual,OPS,"{""sum"": [""OBP"", ""SLG""]}",0.673871104
hitter,2025,THE BAT X,p_2bb682ed8bcf8e4b3b378ead,s_48fb8e9c4a9786e02b900e70,actual,OPS,"{""sum"": [""OBP"", ""SLG""]}",0.349999999
hitter,2025,THE BAT X,p_d95ae5bc4b628d992466bdfe,s_ebf126ad8b18a237db9a39c1,actual,OPS,"{""sum"": [""OBP"", ""SLG""]}",0.485294117
hitter,2025,THE BAT X,p_632be5a85ab2629b9c998c54,s_fdd118ab596f71107dcf48e6,actual,OPS,"{""sum"": [""OBP"", ""SLG""]}",0.661057692
hitter,2025,THE BAT X,p_685b9d77b47efb9b02896e29,s_c024561a1cbe1223fedd00cb,actual,OPS,"{""sum"": [""OBP"", ""SLG""]}",0.465116278
hitter,2025,THE BAT X,p_0d749ef06cfb038def92d34a,s_597fa1f04285bf71126da314,actual,OPS,"{""sum"": [""OBP"", ""SLG""]}",0.515625
hitter,2025,THE BAT X,p_991e8f54fb99c8fcf81d21a6,s_373652e2175cff49e4c1cfdc,actual,OPS,"{""sum"": [""OBP"", ""SLG""]}",0.6057692299999999
hitter,2025,THE BAT X,p_dab598cd94a7ba9ac93e906c,s_8cb268275d664309c890f354,actual,OPS,"{""sum"": [""OBP"", ""SLG""]}",0.574671915
hitter,2025,THE BAT X,p_2a17e5c8d92f03d461fedc93,s_6d5b2eb73aba8dbdb5d0269d,actual,OPS,"{""sum"": [""OBP"", ""SLG""]}",0.47121212
hitter,2025,THE BAT X,p_824052e6b4549a4dea8cb103,s_1fb69d700f4652bdba784e28,actual,OPS,"{""sum"": [""OBP"", ""SLG""]}",0.499390821
hitter,2025,THE BAT X,p_99ee3cb3d56dcf9cf8790fe0,s_e94f7996535bf3b3d52cc698,actual,OPS,"{""sum"": [""OBP"", ""SLG""]}",0.752118112
hitter,2025,THE BAT X,p_490b99b6246189b45cb09967,s_79d97877eb633d2e818322a0,actual,OPS,"{""sum"": [""OBP"", ""SLG""]}",0.619582042
hitter,2025,THE BAT X,p_0d7067889926958f567a5660,s_abb30e054650710331b21ac5,actual,OPS,"{""sum"": [""OBP"", ""SLG""]}",0.713996187
hitter,2025,THE BAT X,p_ba9a6a8ad42271f1fd10cf27,s_a4e3c74f34831028987be5a4,actual,OPS,"{""sum"": [""OBP"", ""SLG""]}",0.316502462
hitter,2025,THE BAT X,p_755efb1b178e88a9fe42fc92,s_e42bd31764a3123a88bfa26f,actual,OPS,"{""sum"": [""OBP"", ""SLG""]}",0.0
hitter,2025,THE BAT X,p_357ea11cfcc1f1938f06924e,s_c12d203c46cb7e55a8dc41fa,actual,OPS,"{""sum"": [""OBP"", ""SLG""]}",0.259698275
hitter,2025,THE BAT X,p_14e237b15421137a6441571c,s_bd8fa09b78f5ea9372335f12,actual,OPS,"{""sum"": [""OBP"", ""SLG""]}",0.688213338
hitter,2025,THE BAT X,p_77f3f7b47430b887529000fa,s_7cb2ba4b645e5bd9e13a7895,actual,OPS,"{""sum"": [""OBP"", ""SLG""]}",0.49999999900000003
hitter,2025,THE BAT X,p_bdbf707b4334fb1819a9090e,s_59011bcb85edb52b43e30134,actual,OPS,"{""sum"": [""OBP"", ""SLG""]}",0.46181818100000005
hitter,2025,THE BAT X,p_213ee8a68e18e3674db206f3,s_5f901d9794b5661c73ce52ea,actual,OPS,"{""sum"": [""OBP"", ""SLG""]}",0.530303029
hitter,2025,THE BAT X,p_2b1fe08d244d5a40da442d74,s_100584208511a2d1d2c98621,actual,OPS,"{""sum"": [""OBP"", ""SLG""]}",0.573663897
hitter,2025,THE BAT X,p_a08218aacd60db921dac40ba,s_e34be575c70c77a5c3fb4add,actual,OPS,"{""sum"": [""OBP"", ""SLG""]}",0.6352272720000001
hitter,2025,THE BAT X,p_c1d6d30afc2b3b0e5d39410e,s_f0c53017e685c4643e8a88a5,actual,OPS,"{""sum"": [""OBP"", ""SLG""]}",0.220238094
hitter,2025,THE BAT X,p_d0a7a0ab49fd4a4d780fe1a3,s_d65495819668c936bd8fae14,actual,OPS,"{""sum"": [""OBP"", ""SLG""]}",0.341818181
hitter,2025,THE BAT X,p_cf91f13f6ce397f916b3b1e9,s_a66c9c4aefffb0dcdae09580,actual,OPS,"{""sum"": [""OBP"", ""SLG""]}",0.64713943
hitter,2025,THE BAT X,p_a8b8bf9ed5ff58501c45d9d8,s_9ddabb44463e45f38f18da27,actual,OPS,"{""sum"": [""OBP"", ""SLG""]}",0.1
hitter,2025,THE BAT X,p_3e2e52ebd957c6fe9801d100,s_2ea76c632b331b310a82ffa0,actual,OPS,"{""sum"": [""OBP"", ""SLG""]}",0.61111111
hitter,2025,THE BAT X,p_e3e1b12d8461e01c1f067064,s_69f37e494c81d6e30d5a676a,actual,OPS,"{""sum"": [""OBP"", ""SLG""]}",0.49999999900000003
hitter,2025,THE BAT X,p_57be4bd64faf94f5f3184be3,s_4eafd25a4d780d6b2bcd2329,actual,OPS,"{""sum"": [""OBP"", ""SLG""]}",1.416666666
hitter,2025,THE BAT X,p_3a1c72da6e9056e60ca9ea7d,s_3d60e83fd9f417ec42b5065a,actual,OPS,"{""sum"": [""OBP"", ""SLG""]}",0.561279537
hitter,2025,THE BAT X,p_dc1b5f53ef5e0ed0bc3779e9,s_31253295934561f69a4f660f,actual,OPS,"{""sum"": [""OBP"", ""SLG""]}",0.620276268
hitter,2025,THE BAT X,p_3431db6bc64346182f4c4a42,s_7c5ce59593f65726dfc52c27,actual,OPS,"{""sum"": [""OBP"", ""SLG""]}",0.6175548580000001
hitter,2025,THE BAT X,p_b81e8091caa82f7d71c86390,s_ee7ec92157339a7548b0cec1,actual,OPS,"{""sum"": [""OBP"", ""SLG""]}",0.343137254
hitter,2025,THE BAT X,p_d90ce2fb851e2bc7239d02d9,s_f95fead00e19a3be6ec7a42c,actual,OPS,"{""sum"": [""OBP"", ""SLG""]}",0.833333333
hitter,2025,THE BAT X,p_d26dd35f75ebb4f9a5b8426b,s_1b43ce18fb961fca2f30a386,actual,OPS,"{""sum"": [""OBP"", ""SLG""]}",0.57142857
hitter,2025,THE BAT X,p_0ead71c96077a2652b5d5fe8,s_8da218b68f2f1833cef7c188,actual,OPS,"{""sum"": [""OBP"", ""SLG""]}",0.611467235
hitter,2025,THE BAT X,p_13a0406d87d64c05a481a481,s_d69e769aa0c3092b4c324b62,actual,OPS,"{""sum"": [""OBP"", ""SLG""]}",0.6259374419999999
hitter,2025,THE BAT X,p_57a24cd404479f596a120e45,s_cd1587f251485c097ccc7590,actual,OPS,"{""sum"": [""OBP"", ""SLG""]}",0.5
hitter,2025,THE BAT X,p_22b6fa88bcf87875dcb06f80,s_683470f14806caec28e20597,actual,OPS,"{""sum"": [""OBP"", ""SLG""]}",0.74426508
hitter,2025,THE BAT X,p_a83dafc55fbfe682b417f2ca,s_2f907326fdd17918d063f0ac,actual,OPS,"{""sum"": [""OBP"", ""SLG""]}",0.571691902
hitter,2025,THE BAT X,p_d6edffdd606adaf0dcc54111,s_af926c39fc9228a363003247,actual,OPS,"{""sum"": [""OBP"", ""SLG""]}",0.370018975
hitter,2025,THE BAT X,p_5da01fdd146ed628dfefc5f8,s_150afd0688c992f88c8e2e7c,actual,OPS,"{""sum"": [""OBP"", ""SLG""]}",0.5641025630000001
hitter,2025,THE BAT X,p_72819b8f9817b33033d1b6a2,s_ff9598f1e2276013a3fa4387,actual,OPS,"{""sum"": [""OBP"", ""SLG""]}",0.937054262
hitter,2025,THE BAT X,p_27d64d90ac45f1cc364cf11a,s_15046a8099f45bf2a0f6fc32,actual,OPS,"{""sum"": [""OBP"", ""SLG""]}",0.864790237
hitter,2025,THE BAT X,p_784477c4df81037bd6fa216c,s_c94364927edbd582d5eabb54,actual,OPS,"{""sum"": [""OBP"", ""SLG""]}",0.4
hitter,2025,THE BAT X,p_3eccdbd6ff4e950207c3e8e4,s_442257a022f75118111b3498,actual,OPS,"{""sum"": [""OBP"", ""SLG""]}",0.6015675819999999
hitter,2025,THE BAT X,p_365e9a08ee3bd031bbc1484e,s_23952b203e769ab8bb16f68e,actual,OPS,"{""sum"": [""OBP"", ""SLG""]}",0.739633557
hitter,2025,THE BAT X,p_6fe2cb97cf136fac4714f88d,s_f3d57d702eac5d418582221b,actual,OPS,"{""sum"": [""OBP"", ""SLG""]}",0.483189774
hitter,2025,THE BAT X,p_1bd7ec313c1b0c6a4e0beaa8,s_1b1f8b45e095d2767a01c52f,actual,OPS,"{""sum"": [""OBP"", ""SLG""]}",0.77887023
hitter,2025,THE BAT X,p_c976a3dfe9632ef04ef4ea03,s_7e89b2b08e030cfb21f7aa32,actual,OPS,"{""sum"": [""OBP"", ""SLG""]}",0.715158045
hitter,2025,THE BAT X,p_753754367ddc7137c49f8f3b,s_1a1d42e0c29ad74d2a865814,actual,OPS,"{""sum"": [""OBP"", ""SLG""]}",0.0
hitter,2025,THE BAT X,p_1231a92e2be431286faefb7e,s_e1933138a4bcbb904a0d149c,actual,OPS,"{""sum"": [""OBP"", ""SLG""]}",0.295739347
hitter,2025,THE BAT X,p_661a2238a2963ae53524deec,s_75e3c6b7d7e749662f5f86a5,actual,OPS,"{""sum"": [""OBP"", ""SLG""]}",0.52173913
hitter,2025,THE BAT X,p_c762583b3c3a4ee5367bd335,s_dffa0451505a9134005c67fb,actual,OPS,"{""sum"": [""OBP"", ""SLG""]}",0.447547169
hitter,2025,THE BAT X,p_56922133a900e974099c393f,s_e1e99a03865aa572d4da32dc,actual,OPS,"{""sum"": [""OBP"", ""SLG""]}",0.706625257
hitter,2025,THE BAT X,p_4f3e35cf2175d726c57ef9c5,s_e9b19bc31dca6a5af13bc6c0,actual,OPS,"{""sum"": [""OBP"", ""SLG""]}",0.6296296290000001
hitter,2025,THE BAT X,p_65ee6b89f5da180d967907df,s_68bf78234327ccd76ac35b33,actual,OPS,"{""sum"": [""OBP"", ""SLG""]}",0.6410472970000001
hitter,2025,THE BAT X,p_8ac4131037b4b28af86c78e0,s_d6da0df096082aa0ebc3fe49,actual,OPS,"{""sum"": [""OBP"", ""SLG""]}",0.333333332
hitter,2025,THE BAT X,p_d90b27c2fa34490d962ae0df,s_5425106bbddfcaa5179791a5,actual,OPS,"{""sum"": [""OBP"", ""SLG""]}",0.570804195
hitter,2025,THE BAT X,p_a7294d5184e485ad8b842ac1,s_9728ba8ed164d477c9866eba,actual,OPS,"{""sum"": [""OBP"", ""SLG""]}",0.166666666
hitter,2025,THE BAT X,p_118fa7b26ca0fc300fdf6071,s_15e01bd551da338bbf9b6e55,actual,OPS,"{""sum"": [""OBP"", ""SLG""]}",0.522222222
hitter,2025,THE BAT X,p_08e4bf82f6f2d66a1fa3a6e0,s_fdaac402fcb2018317373bf1,actual,OPS,"{""sum"": [""OBP"", ""SLG""]}",0.25
hitter,2025,THE BAT X,p_4e8e0c6d9056e510d970d7d1,s_ed6204ed0b9a0414a0ed2f84,actual,OPS,"{""sum"": [""OBP"", ""SLG""]}",0.7479674789999999
hitter,2025,THE BAT X,p_a315a53749353a0cc7a5688d,s_5f6127baa60dda1b6923cf60,actual,OPS,"{""sum"": [""OBP"", ""SLG""]}",0.677935036
hitter,2025,THE BAT X,p_1bb082b12901fa7cb5d4c846,s_c848c34f31cdc5ac2aed9dbc,actual,OPS,"{""sum"": [""OBP"", ""SLG""]}",0.686170404
hitter,2025,THE BAT X,p_03b64d654a078e0d162c57bd,s_8f0bded2f9802ec7bd3a04ca,actual,OPS,"{""sum"": [""OBP"", ""SLG""]}",1.00224434
hitter,2025,THE BAT X,p_43df61d72995e1a9b8e57a5a,s_09795ec926aba6477355f58d,actual,OPS,"{""sum"": [""OBP"", ""SLG""]}",0.749999999
hitter,2025,THE BAT X,p_3e75673e7335638cfe41e82a,s_a2a408eab06e36796b50dac4,actual,OPS,"{""sum"": [""OBP"", ""SLG""]}",0.446074833
hitter,2025,THE BAT X,p_f53b29c1e618b1122b53265b,s_6f4f74696732b87193061c6c,actual,OPS,"{""sum"": [""OBP"", ""SLG""]}",0.692609351
hitter,2025,THE BAT X,p_d4deda86d7c17560e39f2e3c,s_e441d23fd6801eb9cd8ad41c,actual,OPS,"{""sum"": [""OBP"", ""SLG""]}",0.6131322079999999
hitter,2025,THE BAT X,p_a78ccc748ee0ee459987e364,s_b6cc6feba4d6b25e1b2d0127,actual,OPS,"{""sum"": [""OBP"", ""SLG""]}",0.416666666
hitter,2025,THE BAT X,p_b876419663159edfa11af0a0,s_6769a95a19e6fde57bd3ca80,actual,OPS,"{""sum"": [""OBP"", ""SLG""]}",0.25
hitter,2025,THE BAT X,p_b30c41d7e4aaa89dc18b6ca8,s_91b36bcee03e70b763afa7fb,actual,OPS,"{""sum"": [""OBP"", ""SLG""]}",0.722414646
hitter,2025,THE BAT X,p_f8b30d2da35c688c466fb941,s_937c18409322346b9bdfc6f0,actual,OPS,"{""sum"": [""OBP"", ""SLG""]}",0.45104895
hitter,2025,THE BAT X,p_bbbddf0d3123eb1859b1cc44,s_a4dfd7a8343d89e5a55502cb,actual,OPS,"{""sum"": [""OBP"", ""SLG""]}",0.597706422
hitter,2025,THE BAT X,p_2aa6427157e8b5b3a521d437,s_781a0ba20bb3e0ec6c4d2bd6,actual,OPS,"{""sum"": [""OBP"", ""SLG""]}",0.529377301
hitter,2025,THE BAT X,p_9406ea193e4c8f53cbbe76c5,s_4e0e360dac39beb688890fea,actual,OPS,"{""sum"": [""OBP"", ""SLG""]}",0.61
hitter,2025,THE BAT X,p_7902479205b3c22bd6f64c62,s_c3c35e55080b8e84a0d214e0,actual,OPS,"{""sum"": [""OBP"", ""SLG""]}",0.45433919300000003
hitter,2025,THE BAT X,p_c79d549c12d7c4d174e35cff,s_611aecaea7d3004cc40b60ce,actual,OPS,"{""sum"": [""OBP"", ""SLG""]}",0.0
hitter,2025,THE BAT X,p_dbd5ceb808a3a21b344e48b9,s_78a80b7353aa7b680deb6783,actual,OPS,"{""sum"": [""OBP"", ""SLG""]}",0.605813953
hitter,2025,THE BAT X,p_7edcc549a8856179722750db,s_93f55d06cd8b64e0d0653449,actual,OPS,"{""sum"": [""OBP"", ""SLG""]}",0.572002365
hitter,2025,THE BAT X,p_7a771f940265ce924e0fecee,s_f448319dc8a95d6ea5140a7c,actual,OPS,"{""sum"": [""OBP"", ""SLG""]}",0.333333333
hitter,2025,THE BAT X,p_45081ba883aae98afdbde4b5,s_0f46d6f587cd41145d24f723,actual,OPS,"{""sum"": [""OBP"", ""SLG""]}",0.276923076
hitter,2025,THE BAT X,p_47aa97c098a8d23cf2c19690,s_7fb6bdc4ebd6fc0a3f357b0b,actual,OPS,"{""sum"": [""OBP"", ""SLG""]}",0.544010237
hitter,2025,THE BAT X,p_254301c22a8f177b0963ac8b,s_7aa1108be34b77161b09ae76,actual,OPS,"{""sum"": [""OBP"", ""SLG""]}",0.6183258119999999
hitter,2025,THE BAT X,p_d780ef80586063b87be09743,s_039293d082a38473742fdb94,actual,OPS,"{""sum"": [""OBP"", ""SLG""]}",0.55108359
hitter,2025,THE BAT X,p_ae78cc7b4d1225faed5814c4,s_998817dea95977fe4a0c6be4,actual,OPS,"{""sum"": [""OBP"", ""SLG""]}",0.25
hitter,2025,THE BAT X,p_ffd040ba2a8510627669e8f3,s_416c7e5930dd8f12c147783b,actual,OPS,"{""sum"": [""OBP"", ""SLG""]}",0.568376068
hitter,2025,THE BAT X,p_9071059fd28809cfa6d5107d,s_b94796a94623fc4528f97f7d,actual,OPS,"{""sum"": [""OBP"", ""SLG""]}",0.40625
hitter,2025,THE BAT X,p_8915f49b7744525cc044f1d9,s_2661ceaba815bce948b09ac2,actual,OPS,"{""sum"": [""OBP"", ""SLG""]}",0.57436953
hitter,2025,THE BAT X,p_61f673d18a547d69481d0c85,s_f874c64ab038c1d71a46ad78,actual,OPS,"{""sum"": [""OBP"", ""SLG""]}",0.31739130400000004
hitter,2025,THE BAT X,p_04317762f4fcad76ed1c6ef1,s_e211179bdb263c1cd0eb1eb3,actual,OPS,"{""sum"": [""OBP"", ""SLG""]}",0.488999584
hitter,2025,THE BAT X,p_0223f9d06027dad935426645,s_bc2ed8898013da2ebd1edd1b,actual,OPS,"{""sum"": [""OBP"", ""SLG""]}",0.41543340300000003
hitter,2025,THE BAT X,p_39af8e3fae49f2dc71c99280,s_b97e61f9ddf4192cca565005,actual,OPS,"{""sum"": [""OBP"", ""SLG""]}",0.475868725
hitter,2025,THE BAT X,p_43458b1ca56bfc78e5851984,s_693c54ae31392aedab080512,actual,OPS,"{""sum"": [""OBP"", ""SLG""]}",0.392081736
hitter,2025,THE BAT X,p_4f3bc1771b25a9ec0fcdd80c,s_4f7a9e7fc4b3c647a0d50964,actual,OPS,"{""sum"": [""OBP"", ""SLG""]}",0.465331928
hitter,2025,THE BAT X,p_f1632c1a638e4afae1811926,s_17760574ad3f8426c5a9f5ef,actual,OPS,"{""sum"": [""OBP"", ""SLG""]}",0.666666666
hitter,2025,THE BAT X,p_3f142cab3b6b50a8fc284947,s_4e25aad928f1df7a4caea21e,actual,OPS,"{""sum"": [""OBP"", ""SLG""]}",0.0
hitter,2025,THE BAT X,p_6af69ff4c947bafc8bdfa219,s_afd3d870ffdaf12946a55a2a,actual,OPS,"{""sum"": [""OBP"", ""SLG""]}",0.6422877629999999
hitter,2025,THE BAT X,p_3c460b6a52cddaebe4d7306c,s_da0dd4c9670f195280a6f3dc,actual,OPS,"{""sum"": [""OBP"", ""SLG""]}",0.6742753610000001
hitter,2025,THE BAT X,p_101659267800d1c0aa1341e5,s_4932b352836a61699e7943d6,actual,OPS,"{""sum"": [""OBP"", ""SLG""]}",0.816926575
hitter,2025,THE BAT X,p_b0d2ac2af541e21ce500cc94,s_f3be516fbf014a9b55ee1c85,actual,OPS,"{""sum"": [""OBP"", ""SLG""]}",0.507936507
hitter,2025,THE BAT X,p_eed974693204a607f756bb81,s_7ff2d45dd94ef38e36fa0646,actual,OPS,"{""sum"": [""OBP"", ""SLG""]}",0.683932423
hitter,2025,THE BAT X,p_cb0ac3f0270df663ae5d3b34,s_0155794d35fb1595333656bb,actual,OPS,"{""sum"": [""OBP"", ""SLG""]}",0.522802652
hitter,2025,THE BAT X,p_88f9901fda4626a5d6806399,s_288d02057b57e623def91c91,actual,OPS,"{""sum"": [""OBP"", ""SLG""]}",1.0
hitter,2025,THE BAT X,p_5d91804b58327ff29191ed0f,s_5d5e6719519e5c8ecb0274b9,actual,OPS,"{""sum"": [""OBP"", ""SLG""]}",0.651627433
hitter,2025,THE BAT X,p_305a89cbe0ae6fdb7ab1e9a7,s_21dd14906ffd1d34184e5fa8,actual,OPS,"{""sum"": [""OBP"", ""SLG""]}",0.5746031730000001
hitter,2025,THE BAT X,p_f5d405fea4374fa2a900237a,s_37c3de40e44932f23a039dcf,actual,OPS,"{""sum"": [""OBP"", ""SLG""]}",0.424483306
hitter,2025,THE BAT X,p_e4c0ca3fb703744e742784cc,s_5252ba87a0df7cb49f29a9e5,actual,OPS,"{""sum"": [""OBP"", ""SLG""]}",0.718547599
hitter,2025,THE BAT X,p_3c0ef7bcd70b9e223c12baba,s_a594f4308a2fa64063ce4d4c,actual,OPS,"{""sum"": [""OBP"", ""SLG""]}",0.480625476
hitter,2025,THE BAT X,p_5cc1c43544dd4a46bb1ba424,s_20f82deafb111ccb059577b9,actual,OPS,"{""sum"": [""OBP"", ""SLG""]}",0.6333180810000001
hitter,2025,THE BAT X,p_57d9c92fbb61c8c3106d0e53,s_e6e7c98862df16207652d576,actual,OPS,"{""sum"": [""OBP"", ""SLG""]}",0.74629298
hitter,2025,THE BAT X,p_e5dda7a015da0e6f8878a81f,s_5f14f314260f77b344f9c186,actual,OPS,"{""sum"": [""OBP"", ""SLG""]}",0.228758169
hitter,2025,THE BAT X,p_3349dec029f22a9da6c8acfd,s_2099d53ed90253ee438cd266,actual,OPS,"{""sum"": [""OBP"", ""SLG""]}",0.504151099
hitter,2025,THE BAT X,p_838588010c75fedc49fc50b5,s_58c4fcdc054c649a8f2a8db6,actual,OPS,"{""sum"": [""OBP"", ""SLG""]}",0.689383069
hitter,2025,THE BAT X,p_a7ae87bf1bd9831ffdfefbf2,s_6fb7b76da147643d94047221,actual,OPS,"{""sum"": [""OBP"", ""SLG""]}",0.222222222
hitter,2025,THE BAT X,p_3877edc341fa20dfa2faecb8,s_f4262a9d0a7547c3a5a7aef3,actual,OPS,"{""sum"": [""OBP"", ""SLG""]}",0.338888888
hitter,2025,THE BAT X,p_adc3e219b06829fd32bdcb26,s_87ce314d6bf26c21bcb54309,actual,OPS,"{""sum"": [""OBP"", ""SLG""]}",0.705802611
hitter,2025,THE BAT X,p_52fc31dada4e865b88f8ce42,s_98fc2e668d9bcd1f17dd6731,actual,OPS,"{""sum"": [""OBP"", ""SLG""]}",0.5323070599999999
hitter,2025,THE BAT X,p_d4e11ff535bf58d9e902a045,s_54d749477bfeb5e9ceb585ba,actual,OPS,"{""sum"": [""OBP"", ""SLG""]}",0.61111111
hitter,2025,THE BAT X,p_226b98a3af9e6649b714b44e,s_e362178f40a56e2b5f7a6301,actual,OPS,"{""sum"": [""OBP"", ""SLG""]}",0.733455882
hitter,2025,THE BAT X,p_f3bb19b4ab6bc68f9f1f98fc,s_13ae4848fe080fd2ec558dc6,actual,OPS,"{""sum"": [""OBP"", ""SLG""]}",0.483164982
hitter,2025,THE BAT X,p_0054b0f7e9600263c4339080,s_d940b42a6f04680189284543,actual,OPS,"{""sum"": [""OBP"", ""SLG""]}",0.400250156
hitter,2025,THE BAT X,p_0b8d12717e3a41fbb14e5a16,s_d9e84d1d31330626d02be987,actual,OPS,"{""sum"": [""OBP"", ""SLG""]}",0.912280701
hitter,2025,THE BAT X,p_b6305e56ac4f04f2e9d682b2,s_7b3aa183a4c390b939b38060,actual,OPS,"{""sum"": [""OBP"", ""SLG""]}",0.258928571
hitter,2025,THE BAT X,p_6989200149e5df39efc0125a,s_eda1b36e3dfd62eaccb248ee,actual,OPS,"{""sum"": [""OBP"", ""SLG""]}",0.6111014130000001
hitter,2025,THE BAT X,p_326393c50f1b10e14a5b1570,s_a06198f66b76777f3f70c904,actual,OPS,"{""sum"": [""OBP"", ""SLG""]}",0.577922077
hitter,2025,THE BAT X,p_6ebf619662ac32499ebc6ce8,s_e718af24648494c44e250b02,actual,OPS,"{""sum"": [""OBP"", ""SLG""]}",0.731675006
hitter,2025,THE BAT X,p_af61f4a3673f38df8289bdc0,s_2e653b5bf57598d3547e422e,actual,OPS,"{""sum"": [""OBP"", ""SLG""]}",0.637064676
hitter,2026,THE BAT X,p_f16412beb35a9f8275245e07,s_28bda1eb60f1915be81f906f,actual,OPS,"{""sum"": [""OBP"", ""SLG""]}",0.8709725509999999
hitter,2026,THE BAT X,p_5ddf7b7c488d16218bdd70fc,s_0c73b74b7a6097d4306714af,actual,OPS,"{""sum"": [""OBP"", ""SLG""]}",0.8000374299999999
hitter,2026,THE BAT X,p_3d2334a857b6e51adfa60031,s_6ac40f1f426060e53678a0c2,actual,OPS,"{""sum"": [""OBP"", ""SLG""]}",0.6642973679999999
hitter,2026,THE BAT X,p_1a7540f0f62bdbec1d46a097,s_ce32cf407532822210519dca,actual,OPS,"{""sum"": [""OBP"", ""SLG""]}",0.8890516740000001
hitter,2026,THE BAT X,p_8b0da430de74b9d38592cfa7,s_4adf2ebe8f2e5fbc4e2e53b2,actual,OPS,"{""sum"": [""OBP"", ""SLG""]}",0.9079313920000001
hitter,2026,THE BAT X,p_67d2d4c4c4eb75d44dfc90f0,s_b47e8702d965a6b5c38d4423,actual,OPS,"{""sum"": [""OBP"", ""SLG""]}",0.7083461600000001
hitter,2026,THE BAT X,p_6bef577c2d843e259b2e4f8d,s_9d95822285c131c748fc052f,actual,OPS,"{""sum"": [""OBP"", ""SLG""]}",0.7150356920000001
hitter,2026,THE BAT X,p_3f765e91616326426b8a43c2,s_9546277bc910affa8c5eb2c1,actual,OPS,"{""sum"": [""OBP"", ""SLG""]}",0.828112288
hitter,2026,THE BAT X,p_6258e0b754720e6aa1ffc43d,s_89f16b2dc80ed6b0f532ba64,actual,OPS,"{""sum"": [""OBP"", ""SLG""]}",0.687779857
hitter,2026,THE BAT X,p_306fe9c0d735d7f46146c529,s_8df465920703efb0373b15ca,actual,OPS,"{""sum"": [""OBP"", ""SLG""]}",0.736405771
hitter,2026,THE BAT X,p_487446a58afe78ff3ecfe76c,s_479a265a64e4c6372d1a16e7,actual,OPS,"{""sum"": [""OBP"", ""SLG""]}",0.748089469
hitter,2026,THE BAT X,p_b2d8d52d1ac8e278023dd28e,s_db1ec09d950b582fa1751141,actual,OPS,"{""sum"": [""OBP"", ""SLG""]}",1.033491858
hitter,2026,THE BAT X,p_60cc6d7817c312ca1f6e104d,s_1f7621ca3909011f521f100f,actual,OPS,"{""sum"": [""OBP"", ""SLG""]}",0.75758613
hitter,2026,THE BAT X,p_8145c85e799111fad96f9326,s_3fa393751e5a5f362791c550,actual,OPS,"{""sum"": [""OBP"", ""SLG""]}",0.7952228029999999
hitter,2026,THE BAT X,p_773d7d56031db8879f6723e8,s_2a2f188032b5df1e31e9fdc7,actual,OPS,"{""sum"": [""OBP"", ""SLG""]}",0.780604377
hitter,2026,THE BAT X,p_cbfcdeac8217106774120e81,s_b5bd0f948c5f0ebac957ab11,actual,OPS,"{""sum"": [""OBP"", ""SLG""]}",0.79639617
hitter,2026,THE BAT X,p_8a17723cd1691cf9cab7393e,s_b22c2c41ccdd7bc61599a1b9,actual,OPS,"{""sum"": [""OBP"", ""SLG""]}",0.732613419
hitter,2026,THE BAT X,p_6c0a9e658a48ac4878d9dd6d,s_dca183f738455f0f0f888ed1,actual,OPS,"{""sum"": [""OBP"", ""SLG""]}",0.688306681
hitter,2026,THE BAT X,p_d65b41dc5498c748aed03004,s_53955a3419cda67150fc35b3,actual,OPS,"{""sum"": [""OBP"", ""SLG""]}",0.766600153
hitter,2026,THE BAT X,p_112dcfa6b46c45a399a719e5,s_33c778ab87082ca3bd77d5db,actual,OPS,"{""sum"": [""OBP"", ""SLG""]}",0.715328725
hitter,2026,THE BAT X,p_f23d1d9035065b244f5e458f,s_fb3178c3dc80ffaf4c6b600b,actual,OPS,"{""sum"": [""OBP"", ""SLG""]}",0.8847495089999999
hitter,2026,THE BAT X,p_c098c2fe9513c8a2d9d6133f,s_16af5612d65c8d17d684bcec,actual,OPS,"{""sum"": [""OBP"", ""SLG""]}",0.754257907
hitter,2026,THE BAT X,p_5c11dd145a24b1ffaecf5e75,s_efa600df79e8451f149f615d,actual,OPS,"{""sum"": [""OBP"", ""SLG""]}",0.77973247
hitter,2026,THE BAT X,p_56e7275c3bfa42a75a7ac2ab,s_d73fe72d02bd48ecb90f23f7,actual,OPS,"{""sum"": [""OBP"", ""SLG""]}",0.67543743
hitter,2026,THE BAT X,p_565062fedb9dc11884dc149f,s_397feed6d91f81d2e60ab3f7,actual,OPS,"{""sum"": [""OBP"", ""SLG""]}",0.740458321
hitter,2026,THE BAT X,p_ba6f36e798456bccef1754a0,s_78487ba49dbc20f99723de00,actual,OPS,"{""sum"": [""OBP"", ""SLG""]}",0.6544337870000001
hitter,2026,THE BAT X,p_8a7e7a5df7676ae9c7c629fc,s_9a3c1043ea7866dc4fa6a2ec,actual,OPS,"{""sum"": [""OBP"", ""SLG""]}",0.743487072
hitter,2026,THE BAT X,p_689b3153515d854852b70f4b,s_c3a94f81bd7cc5f2607db688,actual,OPS,"{""sum"": [""OBP"", ""SLG""]}",0.712764823
hitter,2026,THE BAT X,p_5df8600326504a53588a6de7,s_d386da7ec8f04ba205784468,actual,OPS,"{""sum"": [""OBP"", ""SLG""]}",0.765732853
hitter,2026,THE BAT X,p_8b8b46332f730f938d5e4598,s_377703c93f6730467c7ced92,actual,OPS,"{""sum"": [""OBP"", ""SLG""]}",0.691941811
hitter,2026,THE BAT X,p_e7725c89676d89124848373c,s_4e64b3d3422bc83fba169ca5,actual,OPS,"{""sum"": [""OBP"", ""SLG""]}",0.879985598
hitter,2026,THE BAT X,p_8363b9bca459e78ec2006bb0,s_07f2cd386fecd9261e29eb70,actual,OPS,"{""sum"": [""OBP"", ""SLG""]}",0.8185166429999999
hitter,2026,THE BAT X,p_fffb6de42175eb3a17278de2,s_9ccc2e05c28bd725b669b901,actual,OPS,"{""sum"": [""OBP"", ""SLG""]}",0.8015618259999999
hitter,2026,THE BAT X,p_0575c7ada041df0cca2d5549,s_f5290d153be242d1434322bd,actual,OPS,"{""sum"": [""OBP"", ""SLG""]}",0.801679729
hitter,2026,THE BAT X,p_470f32c7b44abc752b626681,s_f1549c8f47960def03342d32,actual,OPS,"{""sum"": [""OBP"", ""SLG""]}",0.694103477
hitter,2026,THE BAT X,p_376836ac6c44d0cd8f0e6415,s_078027418cc946e86eed74df,actual,OPS,"{""sum"": [""OBP"", ""SLG""]}",0.942701332
hitter,2026,THE BAT X,p_cc20023b077f71dea170b091,s_5771525ab9e2679686233401,actual,OPS,"{""sum"": [""OBP"", ""SLG""]}",0.8647780089999999
hitter,2026,THE BAT X,p_975a1b871ed65b006a1ce607,s_b2f281469c0917b0262ac38d,actual,OPS,"{""sum"": [""OBP"", ""SLG""]}",0.710724725
hitter,2026,THE BAT X,p_6c63d7d7b55bc0f02c783a80,s_db6b64a80df485598d987e2b,actual,OPS,"{""sum"": [""OBP"", ""SLG""]}",0.711180818
hitter,2026,THE BAT X,p_806c100a85a17dfdcfe3aeab,s_66e5eebc7ba19f9687ef2d13,actual,OPS,"{""sum"": [""OBP"", ""SLG""]}",0.675913937
hitter,2026,THE BAT X,p_8763904d13a29c644082b122,s_81489ddc070cbfbc1820d934,actual,OPS,"{""sum"": [""OBP"", ""SLG""]}",0.8294382599999999
hitter,2026,THE BAT X,p_8d8ac643ab43c0a5edae56ca,s_3a28410a359a1ab2ff9d9c11,actual,OPS,"{""sum"": [""OBP"", ""SLG""]}",0.884451826
hitter,2026,THE BAT X,p_e0d83b8da8aaead5cd952acc,s_22c694140d97564843970b69,actual,OPS,"{""sum"": [""OBP"", ""SLG""]}",0.746821814
hitter,2026,THE BAT X,p_4672fc02fbfa48399c90584a,s_b17fb1b3623dfe0762d0ba3b,actual,OPS,"{""sum"": [""OBP"", ""SLG""]}",0.73506939
hitter,2026,THE BAT X,p_c315f699dc20ea9f45db58c2,s_a4465a875fb77f78c9180789,actual,OPS,"{""sum"": [""OBP"", ""SLG""]}",0.853954809
hitter,2026,THE BAT X,p_33ef22bd9c5fcfa876186831,s_61e6aac35c7ab605a8cadf8a,actual,OPS,"{""sum"": [""OBP"", ""SLG""]}",0.856867469
hitter,2026,THE BAT X,p_116cdec4053638cbb2ccefd2,s_703f6a6f3edebf23585838f6,actual,OPS,"{""sum"": [""OBP"", ""SLG""]}",0.779828306
hitter,2026,THE BAT X,p_22db645384aeaef0e6b0dd37,s_02a5643b4bfc37745fec6004,actual,OPS,"{""sum"": [""OBP"", ""SLG""]}",0.714947486
hitter,2026,THE BAT X,p_98faa1d5523b21adac215d1f,s_421c0fc28972698f0b068f98,actual,OPS,"{""sum"": [""OBP"", ""SLG""]}",0.624324993
hitter,2026,THE BAT X,p_eee8adf491cb30aad8c0c2e7,s_61f703dcf77c9ee770254a68,actual,OPS,"{""sum"": [""OBP"", ""SLG""]}",0.669677065
hitter,2026,THE BAT X,p_03b64d654a078e0d162c57bd,s_a7b55f7c184b76a95eee9726,actual,OPS,"{""sum"": [""OBP"", ""SLG""]}",0.879267909
hitter,2026,THE BAT X,p_fe349ad78aee63c7c18b8b83,s_7ce7599adf913dacf00f5e2d,actual,OPS,"{""sum"": [""OBP"", ""SLG""]}",0.670388306
hitter,2026,THE BAT X,p_d85aa5a54347f648d409ab91,s_30ac18b43f4a45fe5b89a978,actual,OPS,"{""sum"": [""OBP"", ""SLG""]}",0.87423607
hitter,2026,THE BAT X,p_67cb975359e89b208f68a778,s_4cde971bb55bec91a8cbda30,actual,OPS,"{""sum"": [""OBP"", ""SLG""]}",0.607413694
hitter,2026,THE BAT X,p_eb6d41898fee1956040bc079,s_918255ab7d08c9a693c080c1,actual,OPS,"{""sum"": [""OBP"", ""SLG""]}",0.70206374
hitter,2026,THE BAT X,p_abdfe3139ed4c9eda6ce0c37,s_72a242984d7b0ba824602b81,actual,OPS,"{""sum"": [""OBP"", ""SLG""]}",0.837375378
hitter,2026,THE BAT X,p_0130cd45d3e0619843f93b86,s_86b8d09b15e6dd8d4cb774ff,actual,OPS,"{""sum"": [""OBP"", ""SLG""]}",0.786346572
hitter,2026,THE BAT X,p_9dc26246e90ca8f349fcd827,s_e29f23f0f170b70dc3455c6f,actual,OPS,"{""sum"": [""OBP"", ""SLG""]}",0.864862748
hitter,2026,THE BAT X,p_603925421b21bc562bc8d1f0,s_a30ac28526d815e9a91a4270,actual,OPS,"{""sum"": [""OBP"", ""SLG""]}",0.772321715
hitter,2026,THE BAT X,p_dae2f3444392e0e6d8dd111e,s_e879ba716e2e0ccae43e7fd9,actual,OPS,"{""sum"": [""OBP"", ""SLG""]}",0.839062057
hitter,2026,THE BAT X,p_0ad68b951761f8685abeae36,s_165c67a45c9c08715acbfe5f,actual,OPS,"{""sum"": [""OBP"", ""SLG""]}",0.620300751
hitter,2026,THE BAT X,p_30c7a668112dbae738c3a2dc,s_66f72533932d302bc1ba3392,actual,OPS,"{""sum"": [""OBP"", ""SLG""]}",0.840902381
hitter,2026,THE BAT X,p_bb6f9449c9e0ffc57d547002,s_a2e85d4a2d39eb1f1960dcd3,actual,OPS,"{""sum"": [""OBP"", ""SLG""]}",0.727414205
hitter,2026,THE BAT X,p_d803dc65885a070fabf6818a,s_cc817b27f0092a132f48777a,actual,OPS,"{""sum"": [""OBP"", ""SLG""]}",0.8109159450000001
hitter,2026,THE BAT X,p_92c069a29d913048d5371a39,s_f55293370dc8c3dacac3fea1,actual,OPS,"{""sum"": [""OBP"", ""SLG""]}",0.896850003
hitter,2026,THE BAT X,p_9c139e8de020d424429029d1,s_3b562f5d4706cd22e59f3c51,actual,OPS,"{""sum"": [""OBP"", ""SLG""]}",0.8647420530000001
hitter,2026,THE BAT X,p_01f201d29bbe20594b827aba,s_8b06bb9e10374abf4626ae69,actual,OPS,"{""sum"": [""OBP"", ""SLG""]}",0.725773577
hitter,2026,THE BAT X,p_e8a841a4c0a09c1611d07c5c,s_03d968bd2f881b915212d864,actual,OPS,"{""sum"": [""OBP"", ""SLG""]}",0.6667190510000001
hitter,2026,THE BAT X,p_1a95972d3cc893a472abc230,s_54ee8543be200f7a0e56ce24,actual,OPS,"{""sum"": [""OBP"", ""SLG""]}",0.837220947
hitter,2026,THE BAT X,p_041b290ccb9dec49681e05d7,s_19d74f4a59c658fd71893a3d,actual,OPS,"{""sum"": [""OBP"", ""SLG""]}",0.780983376
hitter,2026,THE BAT X,p_a10691810a3a9049724c355e,s_b938c5c69975e5b2ed4adbbf,actual,OPS,"{""sum"": [""OBP"", ""SLG""]}",0.8160977460000001
hitter,2026,THE BAT X,p_44767dae17d72f3b81e5e39f,s_035b529ce9daadcf5f7a5790,actual,OPS,"{""sum"": [""OBP"", ""SLG""]}",0.6212743000000001
hitter,2026,THE BAT X,p_e6a7e479765cf29ade93adc3,s_9fde58725a67673dc53d2117,actual,OPS,"{""sum"": [""OBP"", ""SLG""]}",0.8048546539999999
hitter,2026,THE BAT X,p_316c3f5d72b7ee1b6a59d1c6,s_5675b00b9af9ae5b0faa0a0d,actual,OPS,"{""sum"": [""OBP"", ""SLG""]}",0.792304476
hitter,2026,THE BAT X,p_a1c10b179912b1d2f03fa32c,s_e65e7ec708bb6558f0638a7f,actual,OPS,"{""sum"": [""OBP"", ""SLG""]}",0.843513645
hitter,2026,THE BAT X,p_b3b356771b4a2b8a3dabc8a1,s_e37b04e4bb9afbe75f26bc5e,actual,OPS,"{""sum"": [""OBP"", ""SLG""]}",0.71046859
hitter,2026,THE BAT X,p_566da69483a08944a4fd0dbe,s_e4b12c6851d7b344a6de817f,actual,OPS,"{""sum"": [""OBP"", ""SLG""]}",0.685119047
hitter,2026,THE BAT X,p_fe5e81171887fdbded90e9cf,s_958543dce6f7293bd4c8462c,actual,OPS,"{""sum"": [""OBP"", ""SLG""]}",0.489010988
hitter,2026,THE BAT X,p_57c56a495da77e06c1b64a9f,s_375ae438b65d214420a52759,actual,OPS,"{""sum"": [""OBP"", ""SLG""]}",0.762213215
hitter,2026,THE BAT X,p_38e2bb8be3a261e7adcb997c,s_7b4c36f79232f37f69128332,actual,OPS,"{""sum"": [""OBP"", ""SLG""]}",0.738072163
hitter,2026,THE BAT X,p_cce7aefd60200f89eb5f62c5,s_aa3d415ab1eca79b84b01875,actual,OPS,"{""sum"": [""OBP"", ""SLG""]}",0.8913669930000001
hitter,2026,THE BAT X,p_b7f93fa6cd2a0022c2f4073c,s_1083a573a9f67afdf54137a6,actual,OPS,"{""sum"": [""OBP"", ""SLG""]}",0.703225454
hitter,2026,THE BAT X,p_18f58e283cd36378ac1da1fd,s_52e54c9e81c7111ba7de6219,actual,OPS,"{""sum"": [""OBP"", ""SLG""]}",0.7283858750000001
hitter,2026,THE BAT X,p_ed974f466607b19fee8971ac,s_e0fb233ddc50b3bdb490e6f7,actual,OPS,"{""sum"": [""OBP"", ""SLG""]}",0.803359108
hitter,2026,THE BAT X,p_ea8a5d1c846e0c84971a0bb4,s_61f405503a445e5471fbb07b,actual,OPS,"{""sum"": [""OBP"", ""SLG""]}",0.813828692
hitter,2026,THE BAT X,p_fc5ea9af3a74454e7e41965e,s_1b7c3acebd9ea37d9d84724c,actual,OPS,"{""sum"": [""OBP"", ""SLG""]}",0.7355564880000001
hitter,2026,THE BAT X,p_3a018d05684bd05311c373cb,s_c9ec89f65bd054591074f78a,actual,OPS,"{""sum"": [""OBP"", ""SLG""]}",0.629011779
hitter,2026,THE BAT X,p_d84830ffa4fab8cd91af4c87,s_7ad36f7e0f1979f5ceddd1d0,actual,OPS,"{""sum"": [""OBP"", ""SLG""]}",0.686644005
hitter,2026,THE BAT X,p_314d65c651f0866b57c6c200,s_1478ccfea063f62e957a1a30,actual,OPS,"{""sum"": [""OBP"", ""SLG""]}",0.6135731200000001
hitter,2026,THE BAT X,p_9dae11e0cd2670bf2ee9255e,s_843e4433ad8604f778c46b8a,actual,OPS,"{""sum"": [""OBP"", ""SLG""]}",0.786827112
hitter,2026,THE BAT X,p_5c4251b6812026c9a34d5cec,s_1ff304f8a7a3a75d9087ce9b,actual,OPS,"{""sum"": [""OBP"", ""SLG""]}",0.636740721
hitter,2026,THE BAT X,p_519c7e279020b1a6676d30b6,s_185a5b15440f3b4b5c05bc35,actual,OPS,"{""sum"": [""OBP"", ""SLG""]}",0.805989689
hitter,2026,THE BAT X,p_edf8657586c7b50067f79dfb,s_25c90551c74aa68ce72ed14b,actual,OPS,"{""sum"": [""OBP"", ""SLG""]}",0.6866370150000001
hitter,2026,THE BAT X,p_14d1280565f59b8db3772882,s_7a580dd24c94f12e25930915,actual,OPS,"{""sum"": [""OBP"", ""SLG""]}",0.627277226
hitter,2026,THE BAT X,p_5238beca8d2e0f1fd715c816,s_7087275bbc96edd11cb89c56,actual,OPS,"{""sum"": [""OBP"", ""SLG""]}",0.6853006749999999
hitter,2026,THE BAT X,p_b2481482b385c3996645ecdb,s_0cd8879700db13d9705bccd8,actual,OPS,"{""sum"": [""OBP"", ""SLG""]}",0.81673997
hitter,2026,THE BAT X,p_367043d04df11c50c62b433f,s_b88ccc009918cb1f0d8543a7,actual,OPS,"{""sum"": [""OBP"", ""SLG""]}",0.83734768
hitter,2026,THE BAT X,p_88ea9f9f953b0443fa439d35,s_a906dab57dcedf7c8d4f2661,actual,OPS,"{""sum"": [""OBP"", ""SLG""]}",0.639965825
hitter,2026,THE BAT X,p_45a4c94329ef45c21f405f71,s_b759d8ec79e6004545998615,actual,OPS,"{""sum"": [""OBP"", ""SLG""]}",0.734677316
hitter,2026,THE BAT X,p_1d7e8678c5830f3f0069f0d2,s_56401ca13482e352222ff9fb,actual,OPS,"{""sum"": [""OBP"", ""SLG""]}",0.7729947669999999
hitter,2026,THE BAT X,p_4377316cb604fc79c43e849f,s_c07d4c358294b132d5df067e,actual,OPS,"{""sum"": [""OBP"", ""SLG""]}",0.748940318
hitter,2026,THE BAT X,p_e96df7bede80ce3e564c75a2,s_ddb14a61aafa9915235f22fe,actual,OPS,"{""sum"": [""OBP"", ""SLG""]}",0.7009822219999999
hitter,2026,THE BAT X,p_dc25209b8d6f78bd1ff199d1,s_13ce59ad68f6f24b6d03383b,actual,OPS,"{""sum"": [""OBP"", ""SLG""]}",0.8099705660000001
hitter,2026,THE BAT X,p_0b1f16cb17d8c26e63a90351,s_60dcfc99867b9747dd79b057,actual,OPS,"{""sum"": [""OBP"", ""SLG""]}",0.61657706
hitter,2026,THE BAT X,p_212972d5e1d2c8460dc3a73b,s_66e21c3d4d5797553d4988a7,actual,OPS,"{""sum"": [""OBP"", ""SLG""]}",0.625291952
hitter,2026,THE BAT X,p_8f4e0edcdbb51e8ea8ef460c,s_64d686d53986df5c5f58c93a,actual,OPS,"{""sum"": [""OBP"", ""SLG""]}",0.706068114
hitter,2026,THE BAT X,p_3e3e2bbedd618c19b7401786,s_f21d22532d85af543d3e60d4,actual,OPS,"{""sum"": [""OBP"", ""SLG""]}",0.671629358
hitter,2026,THE BAT X,p_1c2555fab0a44a8694e53597,s_5a0e5c859971e5caa4e36a15,actual,OPS,"{""sum"": [""OBP"", ""SLG""]}",0.65635862
hitter,2026,THE BAT X,p_d15ee8551777e5c3a4d0aae0,s_16361e66822d89aa432bb4d0,actual,OPS,"{""sum"": [""OBP"", ""SLG""]}",0.759351585
hitter,2026,THE BAT X,p_406c3866f3427af34341afec,s_2eac6360c0d017162b581e17,actual,OPS,"{""sum"": [""OBP"", ""SLG""]}",0.60792978
hitter,2026,THE BAT X,p_a3ea0178a0c5e8f586a37196,s_c8b05817e78c33f342d1b2bf,actual,OPS,"{""sum"": [""OBP"", ""SLG""]}",0.825170674
hitter,2026,THE BAT X,p_553976eb2ca8a6fbca85aa5b,s_ed0fb27ce4778ca6b6300035,actual,OPS,"{""sum"": [""OBP"", ""SLG""]}",0.812180007
hitter,2026,THE BAT X,p_0f12b16a4ff92fb0e5d398d2,s_f07e1385a31e489e6a041db8,actual,OPS,"{""sum"": [""OBP"", ""SLG""]}",0.833800763
hitter,2026,THE BAT X,p_d04d80d479ca9798b6aba56a,s_1d9c2dc8f4f4468eb236fab8,actual,OPS,"{""sum"": [""OBP"", ""SLG""]}",0.767513774
hitter,2026,THE BAT X,p_976a51a68ae7b23d4651968b,s_e55a1ef1384f9c5276f47205,actual,OPS,"{""sum"": [""OBP"", ""SLG""]}",0.697501422
hitter,2026,THE BAT X,p_ca7feb5b66329358ea3d8c70,s_03166fcb7aac251e5b53874e,actual,OPS,"{""sum"": [""OBP"", ""SLG""]}",0.823316905
hitter,2026,THE BAT X,p_039eacb0641753712ee33051,s_7130f5534c857852b2f7ab32,actual,OPS,"{""sum"": [""OBP"", ""SLG""]}",0.6618303569999999
hitter,2026,THE BAT X,p_8b4dd804140aaf9ec7e45949,s_834444d90fd7491184cefc51,actual,OPS,"{""sum"": [""OBP"", ""SLG""]}",0.90139279
hitter,2026,THE BAT X,p_fe3b34280c5c898441437983,s_12e7a6218f19df530c4799b8,actual,OPS,"{""sum"": [""OBP"", ""SLG""]}",0.7307275010000001
hitter,2026,THE BAT X,p_7b5d1a173b863deb0b76a4d6,s_782cbae6752cb47d7c6a4d2a,actual,OPS,"{""sum"": [""OBP"", ""SLG""]}",0.745446009
hitter,2026,THE BAT X,p_5c1070a01c0c31d9a11bbaed,s_fc45586a69dc277571e092d1,actual,OPS,"{""sum"": [""OBP"", ""SLG""]}",0.72128971
hitter,2026,THE BAT X,p_81055a604ebcb0e79f8ffbe8,s_61d521a2df7c4d2ea857d61c,actual,OPS,"{""sum"": [""OBP"", ""SLG""]}",0.649488191
hitter,2026,THE BAT X,p_2d444cfa000f2def8872ded3,s_1e7e148187c993e3a76dba83,actual,OPS,"{""sum"": [""OBP"", ""SLG""]}",0.716320953
hitter,2026,THE BAT X,p_c3256a07b8bac1f086784cc2,s_5cbc5326894d10cc5581e39f,actual,OPS,"{""sum"": [""OBP"", ""SLG""]}",0.792267189
hitter,2026,THE BAT X,p_a910702a6f8986211ef36f3c,s_1a2ddb900b26fa1cc7102d56,actual,OPS,"{""sum"": [""OBP"", ""SLG""]}",0.602218454
hitter,2026,THE BAT X,p_034871097292618cf33a0c4f,s_7fb434806238d97878bc0a90,actual,OPS,"{""sum"": [""OBP"", ""SLG""]}",0.676674784
hitter,2026,THE BAT X,p_abe047f07a0efa446f4a36de,s_c87c7f428a3560ee57f6c3ed,actual,OPS,"{""sum"": [""OBP"", ""SLG""]}",0.760589822
hitter,2026,THE BAT X,p_07a6c8c4d72175b6a105acc0,s_d99fbd5c4395e0f214ca1889,actual,OPS,"{""sum"": [""OBP"", ""SLG""]}",0.706862745
hitter,2026,THE BAT X,p_9b7916f908afc5ad14fc69e1,s_73121ac4a55564a25e44ddfc,actual,OPS,"{""sum"": [""OBP"", ""SLG""]}",0.699811547
hitter,2026,THE BAT X,p_41adaed6cd990313cac1c28c,s_36c384cf47c0353a1305dfc4,actual,OPS,"{""sum"": [""OBP"", ""SLG""]}",0.719952339
hitter,2026,THE BAT X,p_38ec0c549c03971eb5d0751e,s_436a72eb3920b278597e2f06,actual,OPS,"{""sum"": [""OBP"", ""SLG""]}",0.5775141180000001
hitter,2026,THE BAT X,p_b568a0123a1581a870454450,s_24df17a0b7f6f835201a2804,actual,OPS,"{""sum"": [""OBP"", ""SLG""]}",0.622844827
hitter,2026,THE BAT X,p_38223e84aa9c100b39331fcf,s_ea6744142880f6e6c7b5fefc,actual,OPS,"{""sum"": [""OBP"", ""SLG""]}",0.6970088720000001
hitter,2026,THE BAT X,p_ac2c415e448152dd4e3b1104,s_40b91772483bd28bb67d30d3,actual,OPS,"{""sum"": [""OBP"", ""SLG""]}",0.466813645
hitter,2026,THE BAT X,p_ce85f63fda313884a0d3797d,s_8f3cc069944c713556e7b6e3,actual,OPS,"{""sum"": [""OBP"", ""SLG""]}",0.728329928
hitter,2026,THE BAT X,p_42767f2ef4cd11bba011e99d,s_3c8ac7767bb4d9774a138b64,actual,OPS,"{""sum"": [""OBP"", ""SLG""]}",0.726542516
hitter,2026,THE BAT X,p_6ef9eb123a894da47938ad54,s_d33936a4c53d287a4cb3f97b,actual,OPS,"{""sum"": [""OBP"", ""SLG""]}",0.680942148
hitter,2026,THE BAT X,p_63b127378fbb63f7a8ac5c53,s_699bb3f24aa1eb6d2d656b9b,actual,OPS,"{""sum"": [""OBP"", ""SLG""]}",0.806255028
hitter,2026,THE BAT X,p_bae0c0ca4e440ae7ebfa87be,s_6061c9bc10478c8b01961c6f,actual,OPS,"{""sum"": [""OBP"", ""SLG""]}",0.823943366
hitter,2026,THE BAT X,p_b1a89f2be7e4c14ff4efdd77,s_f3d52dd4c65c39f265661073,actual,OPS,"{""sum"": [""OBP"", ""SLG""]}",0.556198347
hitter,2026,THE BAT X,p_16c8a61592460a4590a285cf,s_259d5580220212c4b71deb0e,actual,OPS,"{""sum"": [""OBP"", ""SLG""]}",0.6366795350000001
hitter,2026,THE BAT X,p_ddf817cabc06756b0e3c52c8,s_ca889110747b6229ee9c671d,actual,OPS,"{""sum"": [""OBP"", ""SLG""]}",0.730084403
hitter,2026,THE BAT X,p_3664d107759fe0ae5d9df463,s_36d2340da27dc6041c6265ff,actual,OPS,"{""sum"": [""OBP"", ""SLG""]}",0.684695686
hitter,2026,THE BAT X,p_34425c8d8ba5966e2a935516,s_18cfd378b4a103e5e30bc115,actual,OPS,"{""sum"": [""OBP"", ""SLG""]}",0.59421499
hitter,2026,THE BAT X,p_49284b363959e469c6d521d3,s_7b69375c00383834f74242e7,actual,OPS,"{""sum"": [""OBP"", ""SLG""]}",0.712786377
hitter,2026,THE BAT X,p_44532242db028a1dd74c936e,s_518ac1ea2b363307df5e00ba,actual,OPS,"{""sum"": [""OBP"", ""SLG""]}",0.788858923
hitter,2026,THE BAT X,p_fd457e419f55ef98100c8820,s_b4c01060cdacde8a07d83658,actual,OPS,"{""sum"": [""OBP"", ""SLG""]}",0.692457312
hitter,2026,THE BAT X,p_54a176facbbf2b86f4773ac9,s_bf03690ed216c06c4b9c3050,actual,OPS,"{""sum"": [""OBP"", ""SLG""]}",0.805775347
hitter,2026,THE BAT X,p_9837c9964fe5b2c7ce57160e,s_0121f475cd391f9c7d313ac3,actual,OPS,"{""sum"": [""OBP"", ""SLG""]}",0.635258849
hitter,2026,THE BAT X,p_3600755d96c052bc6d329493,s_4a172255fff1e94b2e83b076,actual,OPS,"{""sum"": [""OBP"", ""SLG""]}",0.609731704
hitter,2026,THE BAT X,p_12ab82bfc52a6eb89981c8ef,s_6c4dae56272d00e0da03788f,actual,OPS,"{""sum"": [""OBP"", ""SLG""]}",0.691849006
hitter,2026,THE BAT X,p_7fdf70628f36e355ee189240,s_1736afcd1d322f3d38d99da7,actual,OPS,"{""sum"": [""OBP"", ""SLG""]}",0.627939212
hitter,2026,THE BAT X,p_43de269c43a2abc9eaaccc63,s_aa293859ec9f1cc1e747ff4e,actual,OPS,"{""sum"": [""OBP"", ""SLG""]}",0.676148581
hitter,2026,THE BAT X,p_d3826afca90b544836e2677c,s_b18c63dae380e4b84b908689,actual,OPS,"{""sum"": [""OBP"", ""SLG""]}",0.667495154
hitter,2026,THE BAT X,p_b80059e715bc562d70fcb8af,s_dc4b9aee40a3222b0d9db0b8,actual,OPS,"{""sum"": [""OBP"", ""SLG""]}",0.827176421
hitter,2026,THE BAT X,p_07105369a9e627dc07e08f3a,s_e1a80f8dc091211322077927,actual,OPS,"{""sum"": [""OBP"", ""SLG""]}",0.7601937759999999
hitter,2026,THE BAT X,p_93147868d8b8ef25dc5ff7ce,s_ef1b5295cad0a89a688e33c6,actual,OPS,"{""sum"": [""OBP"", ""SLG""]}",0.730453667
hitter,2026,THE BAT X,p_f00855fd10751f91f9838dac,s_0705bf2d2068983d6eb5fec1,actual,OPS,"{""sum"": [""OBP"", ""SLG""]}",0.676623376
hitter,2026,THE BAT X,p_ce144ce9a8cc74bf957c8921,s_26d10345a277e3660d5b1b30,actual,OPS,"{""sum"": [""OBP"", ""SLG""]}",0.358712965
hitter,2026,THE BAT X,p_1552cbc32b7c3d101007d1ee,s_3bd468d4cc0de1d64d2f6da5,actual,OPS,"{""sum"": [""OBP"", ""SLG""]}",0.657501847
hitter,2026,THE BAT X,p_940fa05875c6ec92a4c0f82a,s_51cc9d55c6811fe3b512453d,actual,OPS,"{""sum"": [""OBP"", ""SLG""]}",0.626503033
hitter,2026,THE BAT X,p_c036f8c59b7723c46b54b8f3,s_c376e3fce8d64b68daf4c31b,actual,OPS,"{""sum"": [""OBP"", ""SLG""]}",0.7659667800000001
hitter,2026,THE BAT X,p_9135fc2468c32449f77b1f5b,s_91f36e00ac9dcedb40b39a27,actual,OPS,"{""sum"": [""OBP"", ""SLG""]}",0.556688764
hitter,2026,THE BAT X,p_7a73d79a099a02d80efb70ee,s_a2815c15adc959e4c1c9c1b9,actual,OPS,"{""sum"": [""OBP"", ""SLG""]}",0.816010854
hitter,2026,THE BAT X,p_32953bb768e19cff1aa203f4,s_f1ae9a21f9ffaa41e65439ae,actual,OPS,"{""sum"": [""OBP"", ""SLG""]}",0.409147869
hitter,2026,THE BAT X,p_dca7ac3dcb00e9e9c03af974,s_74da484fd2d56185f763169e,actual,OPS,"{""sum"": [""OBP"", ""SLG""]}",0.666966524
hitter,2026,THE BAT X,p_26d4f21be7d206242e2e82ad,s_3f13b6527721d0fbd26e5a62,actual,OPS,"{""sum"": [""OBP"", ""SLG""]}",0.787463884
hitter,2026,THE BAT X,p_0b8d12717e3a41fbb14e5a16,s_9aad81ca9a3caacafd38bcab,actual,OPS,"{""sum"": [""OBP"", ""SLG""]}",0.7893370449999999
hitter,2026,THE BAT X,p_3df3de11935400a2046d0e22,s_c0e7caddbeb542ca636e9801,actual,OPS,"{""sum"": [""OBP"", ""SLG""]}",0.649430933
hitter,2026,THE BAT X,p_5d01293e94a7585a67693fb0,s_168ae2485dd0f53cf03cb1c7,actual,OPS,"{""sum"": [""OBP"", ""SLG""]}",0.740408638
hitter,2026,THE BAT X,p_ba07987ec3defa0be7df57c7,s_925bf807dd3be88046669d84,actual,OPS,"{""sum"": [""OBP"", ""SLG""]}",0.7141480170000001
hitter,2026,THE BAT X,p_6de35f5e278afdecbd404107,s_d38229345d0de63880f34c12,actual,OPS,"{""sum"": [""OBP"", ""SLG""]}",0.662309367
hitter,2026,THE BAT X,p_5e0944f2a44bb662ff478989,s_8c14691fa6a2d6dfba6d02c5,actual,OPS,"{""sum"": [""OBP"", ""SLG""]}",0.5232823179999999
hitter,2026,THE BAT X,p_910eaf826bf8a3ff8e586a66,s_80d3c2a047358020e0da0897,actual,OPS,"{""sum"": [""OBP"", ""SLG""]}",0.727763002
hitter,2026,THE BAT X,p_0cfc16ec70a614e40004e420,s_dedb88b34fb9158737fc984e,actual,OPS,"{""sum"": [""OBP"", ""SLG""]}",0.765272838
hitter,2026,THE BAT X,p_26a8a517c6eb9d8b6968c481,s_74168f5d0a62e7cf34ccc23c,actual,OPS,"{""sum"": [""OBP"", ""SLG""]}",0.550925925
hitter,2026,THE BAT X,p_7464a49665d3e2d5bd7d2c5d,s_470ca7a169dcf80b369f2e94,actual,OPS,"{""sum"": [""OBP"", ""SLG""]}",0.83417254
hitter,2026,THE BAT X,p_08ae04aabc21677b06e0f5b5,s_8ac6ec18df501d2ff447fe64,actual,OPS,"{""sum"": [""OBP"", ""SLG""]}",0.611211147
hitter,2026,THE BAT X,p_8010bf50d9cac90da8bc9c88,s_f95898baa79f991b8948aca5,actual,OPS,"{""sum"": [""OBP"", ""SLG""]}",0.712519561
hitter,2026,THE BAT X,p_fd44d075dbb0de467ecd4cec,s_cdd72bfa9aa562ea2ca906d2,actual,OPS,"{""sum"": [""OBP"", ""SLG""]}",0.710132685
hitter,2026,THE BAT X,p_2a17e5c8d92f03d461fedc93,s_458efe984d2ef4ac60dd12e3,actual,OPS,"{""sum"": [""OBP"", ""SLG""]}",0.6251049449999999
hitter,2026,THE BAT X,p_c347beb197dc45a63da2eb7d,s_487d40f5f7ffcba1646836c0,actual,OPS,"{""sum"": [""OBP"", ""SLG""]}",0.770180379
hitter,2026,THE BAT X,p_38d7241e29090de68e34bc2f,s_585a22d060b2d2d8c227412c,actual,OPS,"{""sum"": [""OBP"", ""SLG""]}",0.748098723
hitter,2026,THE BAT X,p_982c7d30cba9f37d0babd910,s_7a029fbd4fcf0c27391a30df,actual,OPS,"{""sum"": [""OBP"", ""SLG""]}",0.755161069
hitter,2026,THE BAT X,p_aed2fb7cd6c58e39a3e092f7,s_03d540612503ec9d8a5f1cc7,actual,OPS,"{""sum"": [""OBP"", ""SLG""]}",0.680086624
hitter,2026,THE BAT X,p_cfd86603afc94c644229f9cc,s_aa9bbb6201298ff629cad9e3,actual,OPS,"{""sum"": [""OBP"", ""SLG""]}",0.7042475539999999
hitter,2026,THE BAT X,p_bbaf8d520b3e4b79303a4fa8,s_ca528a0b468397ab6897e1ac,actual,OPS,"{""sum"": [""OBP"", ""SLG""]}",0.726533088
hitter,2026,THE BAT X,p_f81e06f86a4750a02ca58853,s_321df5c420126d327171e722,actual,OPS,"{""sum"": [""OBP"", ""SLG""]}",0.6688556889999999
hitter,2026,THE BAT X,p_926280ac4e44befa2c879505,s_c4c46f4c5ad643f3305bc2a7,actual,OPS,"{""sum"": [""OBP"", ""SLG""]}",0.58753163
hitter,2026,THE BAT X,p_affde6872bd6da6eac225574,s_23763e02cc146c2e31796dde,actual,OPS,"{""sum"": [""OBP"", ""SLG""]}",0.660034139
hitter,2026,THE BAT X,p_e7209053b03523d1b10b464b,s_e840fba6fde69da43525be3a,actual,OPS,"{""sum"": [""OBP"", ""SLG""]}",0.556305535
hitter,2026,THE BAT X,p_d6e2291a941b28d7a61905e7,s_f091be446e2e6004822b7255,actual,OPS,"{""sum"": [""OBP"", ""SLG""]}",0.613796835
hitter,2026,THE BAT X,p_375a02679516c1818c1c1266,s_dce4f205e9dd3619da21c780,actual,OPS,"{""sum"": [""OBP"", ""SLG""]}",0.790176252
hitter,2026,THE BAT X,p_89571ae4477faeb62a16b64b,s_b3ae7b461e3fae6097713c59,actual,OPS,"{""sum"": [""OBP"", ""SLG""]}",0.8307100940000001
hitter,2026,THE BAT X,p_19af1c0e0d94d73536407863,s_07a92a7d1579027018eba1bc,actual,OPS,"{""sum"": [""OBP"", ""SLG""]}",0.723969097
hitter,2026,THE BAT X,p_374639c006432a57cd7173fc,s_c80db27404edf6574db14f07,actual,OPS,"{""sum"": [""OBP"", ""SLG""]}",0.764609466
hitter,2026,THE BAT X,p_10f1f74c96a473df3fdd40c8,s_cda73799740d8ea0ef759d1f,actual,OPS,"{""sum"": [""OBP"", ""SLG""]}",0.662701427
hitter,2026,THE BAT X,p_e2a6b3fb9b9c46752f076393,s_e0a35fc19340fae78b2ca3fc,actual,OPS,"{""sum"": [""OBP"", ""SLG""]}",0.7380617030000001
hitter,2026,THE BAT X,p_1a2ff168ae4dee38f3f0da86,s_5168769abf64f5da659b05c5,actual,OPS,"{""sum"": [""OBP"", ""SLG""]}",0.684384903
hitter,2026,THE BAT X,p_b78289d1db7944d769d0fd0e,s_1e9e8850f8484de9845c506e,actual,OPS,"{""sum"": [""OBP"", ""SLG""]}",0.722476212
hitter,2026,THE BAT X,p_1763c2274b61c3817b119898,s_d8b960c4f2a5f131747cd5f1,actual,OPS,"{""sum"": [""OBP"", ""SLG""]}",0.570044708
hitter,2026,THE BAT X,p_71d39bbc0fefb4bfd7f4b968,s_8a7b70b26a0c64fb285855d3,actual,OPS,"{""sum"": [""OBP"", ""SLG""]}",0.6410256400000001
hitter,2026,THE BAT X,p_f833a627792ee898758f75c1,s_af6272c4557fd7f877718d64,actual,OPS,"{""sum"": [""OBP"", ""SLG""]}",0.588786446
hitter,2026,THE BAT X,p_5d96d38ca6ef254577b06725,s_ec516147af4ee25c8837d2e4,actual,OPS,"{""sum"": [""OBP"", ""SLG""]}",0.305194804
hitter,2026,THE BAT X,p_5ea69072becc5cf7c0a9e718,s_74a543c59881764142b4a9ab,actual,OPS,"{""sum"": [""OBP"", ""SLG""]}",0.712821724
hitter,2026,THE BAT X,p_0eaaec37182495ecee4c0eba,s_f073fd8725a49506b4ddce42,actual,OPS,"{""sum"": [""OBP"", ""SLG""]}",0.778195937
hitter,2026,THE BAT X,p_d280fe766b138e116686c70c,s_667c70cce6c52004f1466fb8,actual,OPS,"{""sum"": [""OBP"", ""SLG""]}",0.431018517
hitter,2026,THE BAT X,p_ec46ba3925a24605aacacf22,s_8a973d25e583ff635141d321,actual,OPS,"{""sum"": [""OBP"", ""SLG""]}",0.654786511
hitter,2026,THE BAT X,p_09c7619577ad30939383f6b8,s_aa1304076d8bb4678b15a322,actual,OPS,"{""sum"": [""OBP"", ""SLG""]}",0.370062369
hitter,2026,THE BAT X,p_c05881c381976b5718259e6a,s_d30aa0f1658bd9feea393261,actual,OPS,"{""sum"": [""OBP"", ""SLG""]}",0.6936843779999999
hitter,2026,THE BAT X,p_85bb7396ce2d4e28a61e72d7,s_c5c14921f330ad617cca0184,actual,OPS,"{""sum"": [""OBP"", ""SLG""]}",0.624193548
hitter,2026,THE BAT X,p_453f6b5d6ed77a8cb0076130,s_5a320755331421a31c50eb22,actual,OPS,"{""sum"": [""OBP"", ""SLG""]}",0.604989604
hitter,2026,THE BAT X,p_e8e72620b515143c411b2f82,s_d83f9ed9052357895dfeeb38,actual,OPS,"{""sum"": [""OBP"", ""SLG""]}",0.663559322
hitter,2026,THE BAT X,p_0073829d150626e88713a1af,s_f5bf1b36f67f99d98299d1fe,actual,OPS,"{""sum"": [""OBP"", ""SLG""]}",0.79317484
hitter,2026,THE BAT X,p_211f7fb6c05e6db6c96fd034,s_d7f511f9c8fb5053b9b58178,actual,OPS,"{""sum"": [""OBP"", ""SLG""]}",0.5806749609999999
hitter,2026,THE BAT X,p_785195735e0fd0b05abaf802,s_6795b5a1b0d9f1dce6327c17,actual,OPS,"{""sum"": [""OBP"", ""SLG""]}",0.584608843
hitter,2026,THE BAT X,p_983f337494dd44856c74ae94,s_a728cc9c7be71d8bbff2caa9,actual,OPS,"{""sum"": [""OBP"", ""SLG""]}",0.6883249140000001
hitter,2026,THE BAT X,p_3e65baa0e05437e8c0238e22,s_e0ff5d12a5a65916a1cdde08,actual,OPS,"{""sum"": [""OBP"", ""SLG""]}",0.718936249
hitter,2026,THE BAT X,p_1bd7ec313c1b0c6a4e0beaa8,s_a5dcd7551a71ef654f8620c6,actual,OPS,"{""sum"": [""OBP"", ""SLG""]}",0.641034409
hitter,2026,THE BAT X,p_21e21eee8205504dbb454499,s_963b4693ed35504b93aad608,actual,OPS,"{""sum"": [""OBP"", ""SLG""]}",0.6642764459999999
hitter,2026,THE BAT X,p_17359d602cb142314bd90053,s_6d4d3a48be59897131d6db86,actual,OPS,"{""sum"": [""OBP"", ""SLG""]}",0.7706525660000001
hitter,2026,THE BAT X,p_195d3875e4a4e1c784bd1742,s_a05b8420e2eb90066eaf71e8,actual,OPS,"{""sum"": [""OBP"", ""SLG""]}",0.724754634
hitter,2026,THE BAT X,p_9688f2cceb46676f818de1b7,s_85593923fe705935b4d63ba0,actual,OPS,"{""sum"": [""OBP"", ""SLG""]}",0.716744186
hitter,2026,THE BAT X,p_965a6ea3817c304cc282796b,s_08548ba92a0ce7b340013981,actual,OPS,"{""sum"": [""OBP"", ""SLG""]}",0.653307765
hitter,2026,THE BAT X,p_36096c55ce20956d0ec5b16a,s_f6a93be9b295d26307e8cc12,actual,OPS,"{""sum"": [""OBP"", ""SLG""]}",0.537451737
hitter,2026,THE BAT X,p_2df0748ced386bc886f0bded,s_e55e9b9c61e3f62c5ad3440f,actual,OPS,"{""sum"": [""OBP"", ""SLG""]}",0.728327645
hitter,2026,THE BAT X,p_aca63cd113ae58163f54b166,s_afab2562fcbdd114e74977f0,actual,OPS,"{""sum"": [""OBP"", ""SLG""]}",0.715228856
hitter,2026,THE BAT X,p_e8f31649994a3e32ef11f822,s_a39e1fbb17c92e8222dd8a7e,actual,OPS,"{""sum"": [""OBP"", ""SLG""]}",0.735765878
hitter,2026,THE BAT X,p_8b3af4e00d6a58700b696caf,s_57733d723c38f9c938e025c6,actual,OPS,"{""sum"": [""OBP"", ""SLG""]}",0.474937343
hitter,2026,THE BAT X,p_f1708b988b2fbb90aac09ff6,s_9e88868a4274e1f9666b170a,actual,OPS,"{""sum"": [""OBP"", ""SLG""]}",0.5520202009999999
hitter,2026,THE BAT X,p_aed415d87aa458c3f61f701a,s_d25c7d74b0327fbf301d1917,actual,OPS,"{""sum"": [""OBP"", ""SLG""]}",0.6910424589999999
hitter,2026,THE BAT X,p_cc4f8c9a25aeb6dbca4880d7,s_b88dd5dfe5d40dce07fcd236,actual,OPS,"{""sum"": [""OBP"", ""SLG""]}",0.701847066
hitter,2026,THE BAT X,p_c83d352443086e7f53e8ec08,s_81a2f0f6cad90472c526ff7b,actual,OPS,"{""sum"": [""OBP"", ""SLG""]}",0.612407512
hitter,2026,THE BAT X,p_949685b5495cd6ed803f6057,s_467c3f8b5029fb79ab2d059f,actual,OPS,"{""sum"": [""OBP"", ""SLG""]}",0.704844029
hitter,2026,THE BAT X,p_9f8e5fcf717acc70a142d6b8,s_867ab0cceb74f7af9b820166,actual,OPS,"{""sum"": [""OBP"", ""SLG""]}",0.8160973730000001
hitter,2026,THE BAT X,p_ebf512ad6b26ce1f2d1410e4,s_26f2e9839d2e108149792c7f,actual,OPS,"{""sum"": [""OBP"", ""SLG""]}",0.6553516580000001
hitter,2026,THE BAT X,p_afa3696617369fa9fd1578ef,s_ca7dc9d8af0c7810496e8cff,actual,OPS,"{""sum"": [""OBP"", ""SLG""]}",0.581895777
hitter,2026,THE BAT X,p_ff3b072d82919b7204d60391,s_22935ced470f39a82bb15c58,actual,OPS,"{""sum"": [""OBP"", ""SLG""]}",0.630451468
hitter,2026,THE BAT X,p_a280e0051deab38225ff5e85,s_a9e60716306a845bc2f72097,actual,OPS,"{""sum"": [""OBP"", ""SLG""]}",0.41888447900000003
hitter,2026,THE BAT X,p_b4a85484b1990f2d6f0bdfb3,s_e1589e6e25c97c0190867523,actual,OPS,"{""sum"": [""OBP"", ""SLG""]}",0.7119722369999999
hitter,2026,THE BAT X,p_c18d2ac39a45a469963266d6,s_20f5b2263d594abc2e2582d0,actual,OPS,"{""sum"": [""OBP"", ""SLG""]}",0.7878831820000001
hitter,2026,THE BAT X,p_1bae5ba18fd609513c330eea,s_dfbbe1eb5252b8c999b64014,actual,OPS,"{""sum"": [""OBP"", ""SLG""]}",0.787884669
hitter,2026,THE BAT X,p_fd20bdc98b27520354fbe2ee,s_6282c693dde43e97b3f7980a,actual,OPS,"{""sum"": [""OBP"", ""SLG""]}",0.593540371
hitter,2026,THE BAT X,p_64cd7f2056e556168afff712,s_48c6a68b991270c42482a27a,actual,OPS,"{""sum"": [""OBP"", ""SLG""]}",0.571581195
hitter,2026,THE BAT X,p_72f8986dd2cfdf854e6d9496,s_a360734cf083ce1b9978f859,actual,OPS,"{""sum"": [""OBP"", ""SLG""]}",0.7194483030000001
hitter,2026,THE BAT X,p_094352eb62dc9717947a5478,s_8816c86bf62895432ee0a40a,actual,OPS,"{""sum"": [""OBP"", ""SLG""]}",0.544053923
hitter,2026,THE BAT X,p_9424207a305885854f7bcd07,s_1b8cde3b5723f5e3d422025e,actual,OPS,"{""sum"": [""OBP"", ""SLG""]}",0.680750604
hitter,2026,THE BAT X,p_11f97a5b1f4aecc3b4f6f59e,s_f258166072fb3d46b910d08a,actual,OPS,"{""sum"": [""OBP"", ""SLG""]}",0.534941803
hitter,2026,THE BAT X,p_3a8dce49800801c45f47c67d,s_d722d713a5bbf0b672b090ab,actual,OPS,"{""sum"": [""OBP"", ""SLG""]}",0.723141823
hitter,2026,THE BAT X,p_c430ce2c9239469707f293a7,s_f0ed9bcbc015ef9ae5dc8bd1,actual,OPS,"{""sum"": [""OBP"", ""SLG""]}",0.795461364
hitter,2026,THE BAT X,p_83161ed742ee108f5b6c36e3,s_7e0fafe4420d0435704a738f,actual,OPS,"{""sum"": [""OBP"", ""SLG""]}",0.585581395
hitter,2026,THE BAT X,p_3f6f6f23fc264051a9b180de,s_883cdfb3af6eae5a55779c66,actual,OPS,"{""sum"": [""OBP"", ""SLG""]}",0.7910339829999999
hitter,2026,THE BAT X,p_ce15e01e3def598ffdccc288,s_cb22a760f6df9de811158503,actual,OPS,"{""sum"": [""OBP"", ""SLG""]}",0.655311354
hitter,2026,THE BAT X,p_c6e14bf6411d700d054a3e6b,s_bd3408b435c36fcee1992079,actual,OPS,"{""sum"": [""OBP"", ""SLG""]}",0.771313131
hitter,2026,THE BAT X,p_b66716f22ae6eba474aedf37,s_2376f051c8546b444ac51f13,actual,OPS,"{""sum"": [""OBP"", ""SLG""]}",0.7758178490000001
hitter,2026,THE BAT X,p_14c16a139ce71b89830c7462,s_a91a31ed19b7d847b7670dca,actual,OPS,"{""sum"": [""OBP"", ""SLG""]}",0.696282372
hitter,2026,THE BAT X,p_7dcf529d38efe416819bc07e,s_85c986e092d63566f8be6950,actual,OPS,"{""sum"": [""OBP"", ""SLG""]}",0.7609937250000001
hitter,2026,THE BAT X,p_c976a3dfe9632ef04ef4ea03,s_3f748cec6e4f58e891924dce,actual,OPS,"{""sum"": [""OBP"", ""SLG""]}",0.757786219
hitter,2026,THE BAT X,p_d570178e121f3df05edac8b9,s_5d6ec901aa69b304cf26b52a,actual,OPS,"{""sum"": [""OBP"", ""SLG""]}",0.6353893770000001
hitter,2026,THE BAT X,p_d9207420d77623b50fd840b1,s_f98a4eb7b3baffb3df7203ba,actual,OPS,"{""sum"": [""OBP"", ""SLG""]}",0.78393763
hitter,2026,THE BAT X,p_91133680e8e4cb762502f288,s_32f31f9c4fbebaa9e1d4e7df,actual,OPS,"{""sum"": [""OBP"", ""SLG""]}",0.589758879
hitter,2026,THE BAT X,p_26c07dbedac1bda5bffc2c42,s_a421a43cc62dd2bb0da50fe2,actual,OPS,"{""sum"": [""OBP"", ""SLG""]}",0.7016174
hitter,2026,THE BAT X,p_aa6964498890afd992ade1fb,s_4e8790271c3971641da0e582,actual,OPS,"{""sum"": [""OBP"", ""SLG""]}",0.68884997
hitter,2026,THE BAT X,p_a88d730b313818d432b74cc0,s_835e8a909228ca9e54656af1,actual,OPS,"{""sum"": [""OBP"", ""SLG""]}",0.809218231
hitter,2026,THE BAT X,p_18f43dfd6af22a681f90df0a,s_759271490c8f42a73dc672b4,actual,OPS,"{""sum"": [""OBP"", ""SLG""]}",0.540405421
hitter,2026,THE BAT X,p_7c7b46475a55fc9446621efc,s_fff7f75631cb8babbfba8019,actual,OPS,"{""sum"": [""OBP"", ""SLG""]}",0.7243055549999999
hitter,2026,THE BAT X,p_c4e9bd291c503b119d01518b,s_1a4f3006573dd0d38c794681,actual,OPS,"{""sum"": [""OBP"", ""SLG""]}",0.563183874
hitter,2026,THE BAT X,p_b5dc590f86056ea0c359821b,s_184bf22cf24dcea5ab3297fd,actual,OPS,"{""sum"": [""OBP"", ""SLG""]}",0.7585218760000001
hitter,2026,THE BAT X,p_2e25971727a7328447e20387,s_c124700bfc069bee8c09c3c2,actual,OPS,"{""sum"": [""OBP"", ""SLG""]}",0.595664215
hitter,2026,THE BAT X,p_adc3e219b06829fd32bdcb26,s_448f8ca49b712b3f0b461c7a,actual,OPS,"{""sum"": [""OBP"", ""SLG""]}",0.7716878389999999
hitter,2026,THE BAT X,p_45fcf03395be58b0038593fc,s_b648fc52c89cf0a710206562,actual,OPS,"{""sum"": [""OBP"", ""SLG""]}",0.529093799
hitter,2026,THE BAT X,p_772e2bb69cabe6eda522882b,s_a59c0ff91e9e1566b1aafe80,actual,OPS,"{""sum"": [""OBP"", ""SLG""]}",0.707145259
hitter,2026,THE BAT X,p_b0c1c14191ad2b5fe0bb6695,s_50f7af6d585251970fbe66cb,actual,OPS,"{""sum"": [""OBP"", ""SLG""]}",0.643067846
hitter,2026,THE BAT X,p_cceba36110b2ebeda8120995,s_35e0ea8e1c92deba9d232f04,actual,OPS,"{""sum"": [""OBP"", ""SLG""]}",0.683974867
hitter,2026,THE BAT X,p_c95555620c84e45ec151d87d,s_c1deca78ef2663fe924a61ee,actual,OPS,"{""sum"": [""OBP"", ""SLG""]}",0.684848852
hitter,2026,THE BAT X,p_2724acfafc878fd4c34e93e8,s_9da8634dba762ae145a7da54,actual,OPS,"{""sum"": [""OBP"", ""SLG""]}",0.6233391690000001
hitter,2026,THE BAT X,p_aee447a6c35dd53e48c4ca2f,s_decb8d67d9ac4d5a1f0a43e2,actual,OPS,"{""sum"": [""OBP"", ""SLG""]}",0.7047619039999999
hitter,2026,THE BAT X,p_22206224451c3db51ac6d5b0,s_3330587d1a9da7225a0e3c5d,actual,OPS,"{""sum"": [""OBP"", ""SLG""]}",0.5992745989999999
hitter,2026,THE BAT X,p_090a1d58e67cb527524b4184,s_8429e9a1eb752efe9bfcaee3,actual,OPS,"{""sum"": [""OBP"", ""SLG""]}",0.7073170719999999
hitter,2026,THE BAT X,p_b3b7429144b65984ac116b64,s_cab048d4a7ba6feb87a45639,actual,OPS,"{""sum"": [""OBP"", ""SLG""]}",0.739126094
hitter,2026,THE BAT X,p_94c59daacd9df75ff2c1cc3e,s_3add80b1e7c93325c98726bc,actual,OPS,"{""sum"": [""OBP"", ""SLG""]}",0.766103814
hitter,2026,THE BAT X,p_08f6887f65d655a4a2baf9d5,s_f96da758db655b8332def873,actual,OPS,"{""sum"": [""OBP"", ""SLG""]}",0.679914161
hitter,2026,THE BAT X,p_83a60be2623269dba3d01184,s_ceb6433e37e167aac409afa4,actual,OPS,"{""sum"": [""OBP"", ""SLG""]}",0.465323464
hitter,2026,THE BAT X,p_dbcf019d453a408f7f5ea336,s_0c6b2e2b20601a39b0917e4a,actual,OPS,"{""sum"": [""OBP"", ""SLG""]}",0.443743238
hitter,2026,THE BAT X,p_34ccd8b501bbb85c38a690a6,s_9483fa1b0d9b60115be43290,actual,OPS,"{""sum"": [""OBP"", ""SLG""]}",0.728298948
hitter,2026,THE BAT X,p_93e100e165a078d561fb564c,s_a75cb7eebaefa7a6cca6b420,actual,OPS,"{""sum"": [""OBP"", ""SLG""]}",0.819714135
hitter,2026,THE BAT X,p_086c084b7dde82d230f1974d,s_cbc282a5841bda13bab808c9,actual,OPS,"{""sum"": [""OBP"", ""SLG""]}",0.6082848439999999
hitter,2026,THE BAT X,p_f31d66f0ff014626cbbe58b6,s_af1a8001d5b4d44707949eaa,actual,OPS,"{""sum"": [""OBP"", ""SLG""]}",0.564735625
hitter,2026,THE BAT X,p_0b1b7413f31673311ce952ef,s_0e47dab8e4d16b810e5af080,actual,OPS,"{""sum"": [""OBP"", ""SLG""]}",0.627460248
hitter,2026,THE BAT X,p_a90fbbe8cfc6dbd95768136c,s_19ea339815074775320fb71f,actual,OPS,"{""sum"": [""OBP"", ""SLG""]}",0.634044526
hitter,2026,THE BAT X,p_ab2f7e47e80d8a800e8a9a35,s_972f0d6c6adcdeae5c075c18,actual,OPS,"{""sum"": [""OBP"", ""SLG""]}",0.619762047
hitter,2026,THE BAT X,p_23e0b260009583de186ff99f,s_c15b9bb9c413393da061e644,actual,OPS,"{""sum"": [""OBP"", ""SLG""]}",0.593501294
hitter,2026,THE BAT X,p_bb37edd9c4e88b2c706112f0,s_0293c4ea644decc2f518400b,actual,OPS,"{""sum"": [""OBP"", ""SLG""]}",0.6148366489999999
hitter,2026,THE BAT X,p_14e237b15421137a6441571c,s_4a225ecb8fe9449b4e47075b,actual,OPS,"{""sum"": [""OBP"", ""SLG""]}",0.44514106500000006
hitter,2026,THE BAT X,p_cf9af48ba71d61a22e7caa41,s_99ebac7023f2d3eb95b6ebae,actual,OPS,"{""sum"": [""OBP"", ""SLG""]}",0.759155264
hitter,2026,THE BAT X,p_57d9c92fbb61c8c3106d0e53,s_125c768cc035478004008640,actual,OPS,"{""sum"": [""OBP"", ""SLG""]}",0.709343378
hitter,2026,THE BAT X,p_2b1fe08d244d5a40da442d74,s_2c05772cd44fea815da33c0e,actual,OPS,"{""sum"": [""OBP"", ""SLG""]}",0.709551056
hitter,2026,THE BAT X,p_2a9fb5007e71f964ebc6bb63,s_80a736836935ec63a1075083,actual,OPS,"{""sum"": [""OBP"", ""SLG""]}",0.460671674
hitter,2026,THE BAT X,p_88c22bc31ec398e84db3933a,s_f6e9da203bac2e4071c03be4,actual,OPS,"{""sum"": [""OBP"", ""SLG""]}",0.742195206
hitter,2026,THE BAT X,p_9e7863714b0d9fb3f42de5fb,s_e84cf3122fd2f64e3b7f2367,actual,OPS,"{""sum"": [""OBP"", ""SLG""]}",0.7577209540000001
hitter,2026,THE BAT X,p_b73db0222a01efed9cd5d4f9,s_aec11ff24b1677a3d6cb34b9,actual,OPS,"{""sum"": [""OBP"", ""SLG""]}",0.693459313
hitter,2026,THE BAT X,p_0d7067889926958f567a5660,s_fb5ee6071f9badc4426a1508,actual,OPS,"{""sum"": [""OBP"", ""SLG""]}",0.652296156
hitter,2026,THE BAT X,p_4f4c4807eced6c528cffe237,s_3768a8ff58262e62983d8d87,actual,OPS,"{""sum"": [""OBP"", ""SLG""]}",0.632855889
hitter,2026,THE BAT X,p_b6f53a611ef170f529b8703e,s_bf23961973b5156165879e34,actual,OPS,"{""sum"": [""OBP"", ""SLG""]}",0.509718669
hitter,2026,THE BAT X,p_f20437b72fe7159ab93a164b,s_238eeeebd51d1bd09f358ea0,actual,OPS,"{""sum"": [""OBP"", ""SLG""]}",0.582850447
hitter,2026,THE BAT X,p_bab287670fa987eb0b917507,s_25cd7cd9c96d566ac0e968d1,actual,OPS,"{""sum"": [""OBP"", ""SLG""]}",0.606891579
hitter,2026,THE BAT X,p_34b3b6e9dd4f5cea6194f845,s_4a914b1c230266f1299cfb5c,actual,OPS,"{""sum"": [""OBP"", ""SLG""]}",0.5099117719999999
hitter,2026,THE BAT X,p_324d7824f4bfab517e2b6f94,s_98c4f90bc7b8fcfc72be5b2e,actual,OPS,"{""sum"": [""OBP"", ""SLG""]}",0.549908352
hitter,2026,THE BAT X,p_73b12e6f36544a08a000f034,s_eb0c6b080aac5275c4e00b0d,actual,OPS,"{""sum"": [""OBP"", ""SLG""]}",0.554324384
hitter,2026,THE BAT X,p_ff7da0692023e81c73d988b1,s_c4a3bead63fba45d73522679,actual,OPS,"{""sum"": [""OBP"", ""SLG""]}",0.6824195449999999
hitter,2026,THE BAT X,p_b48a95e5e1067a48dd41f230,s_9f78e3806654177af56f8aa8,actual,OPS,"{""sum"": [""OBP"", ""SLG""]}",0.560441909
hitter,2026,THE BAT X,p_6a6f47011a0fdf81335ada30,s_8424eee5cbc196c02b2aaa99,actual,OPS,"{""sum"": [""OBP"", ""SLG""]}",0.730791303
hitter,2026,THE BAT X,p_ea016158543cb834e392af83,s_1815baf477e443f18ef4f5f8,actual,OPS,"{""sum"": [""OBP"", ""SLG""]}",0.646296295
hitter,2026,THE BAT X,p_feda259d717109da756725de,s_1b092e879c23207d9e269814,actual,OPS,"{""sum"": [""OBP"", ""SLG""]}",0.5908544520000001
hitter,2026,THE BAT X,p_2b2e49a306624e102315f2b1,s_aa65099ce35bc3e4f23ab5b4,actual,OPS,"{""sum"": [""OBP"", ""SLG""]}",0.5278200820000001
hitter,2026,THE BAT X,p_3022da48fbdb4f93917ac8ff,s_b92b42b81f63dadc7b19e144,actual,OPS,"{""sum"": [""OBP"", ""SLG""]}",0.7210237049999999
hitter,2026,THE BAT X,p_8da5a98f5e436023740fed42,s_ba1b548a55a9cd551e603b64,actual,OPS,"{""sum"": [""OBP"", ""SLG""]}",0.579793854
hitter,2026,THE BAT X,p_a878a24f2e648baf02c2be77,s_ce6175ddc5440b272f111532,actual,OPS,"{""sum"": [""OBP"", ""SLG""]}",0.801326602
hitter,2026,THE BAT X,p_c5052dde404660cf9ce169d1,s_2d5332192166a1bcf17b247e,actual,OPS,"{""sum"": [""OBP"", ""SLG""]}",0.7398384229999999
hitter,2026,THE BAT X,p_5908d1276c467b8673e9c5c2,s_bd60f52655e451276d6d80cd,actual,OPS,"{""sum"": [""OBP"", ""SLG""]}",0.733290867
hitter,2026,THE BAT X,p_1d811c6e48c551113658df8f,s_6155d793f94ee9932387f22b,actual,OPS,"{""sum"": [""OBP"", ""SLG""]}",0.565099268
hitter,2026,THE BAT X,p_cced76e05d34ab38cbd25725,s_93b0086660a92b9fae2fdc76,actual,OPS,"{""sum"": [""OBP"", ""SLG""]}",0.682493397
hitter,2026,THE BAT X,p_7517d598bb2a03a162d6c6e1,s_a970dafd402520bee5ad4e3e,actual,OPS,"{""sum"": [""OBP"", ""SLG""]}",0.71456867
hitter,2026,THE BAT X,p_26715f7ed5db8556ff25aea4,s_677c39c654c399bb6ca13aba,actual,OPS,"{""sum"": [""OBP"", ""SLG""]}",0.6554664139999999
hitter,2026,THE BAT X,p_66ae1ff3d59748406c4525f6,s_13c0413ec08ba8662d4c4fd5,actual,OPS,"{""sum"": [""OBP"", ""SLG""]}",0.739764788
hitter,2026,THE BAT X,p_89c17b1b7984d5edf458e9aa,s_880b23686c7cb620ce9ef632,actual,OPS,"{""sum"": [""OBP"", ""SLG""]}",0.42857142800000003
hitter,2026,THE BAT X,p_546beacef1d2c43d81d75a4e,s_4da2ecea8ea4488e42529510,actual,OPS,"{""sum"": [""OBP"", ""SLG""]}",0.56862745
hitter,2026,THE BAT X,p_1db0767c21e16dc27d7f56de,s_7d0dee40de78dba28320015a,actual,OPS,"{""sum"": [""OBP"", ""SLG""]}",0.6944420179999999
hitter,2026,THE BAT X,p_4d472121409dea6003a802a2,s_f653774d2e513251b11a5ab4,actual,OPS,"{""sum"": [""OBP"", ""SLG""]}",0.6930000000000001
hitter,2026,THE BAT X,p_81fa67da8e4a65aba1f1942b,s_035dbb24f826dda952067baa,actual,OPS,"{""sum"": [""OBP"", ""SLG""]}",0.820111625
hitter,2026,THE BAT X,p_a428e39a0003f8c0f9cc53fe,s_838f4e61ce12409362afc589,actual,OPS,"{""sum"": [""OBP"", ""SLG""]}",0.6161536679999999
hitter,2026,THE BAT X,p_27d64d90ac45f1cc364cf11a,s_036e2d58dc43af20d4acc556,actual,OPS,"{""sum"": [""OBP"", ""SLG""]}",0.378329127
hitter,2026,THE BAT X,p_d8586b85d7209c133f440fa4,s_9516cdfef4e56dc829b1e67b,actual,OPS,"{""sum"": [""OBP"", ""SLG""]}",0.301677269
hitter,2026,THE BAT X,p_8dd52397fe332c1adee839da,s_c46d61efc33a188187cecbd4,actual,OPS,"{""sum"": [""OBP"", ""SLG""]}",0.880323449
hitter,2026,THE BAT X,p_d319b6b594701cbc5732b5b7,s_68d7af9426b8a6e582d35046,actual,OPS,"{""sum"": [""OBP"", ""SLG""]}",0.7370377889999999
hitter,2026,THE BAT X,p_d14f14c4cba58cdb18431185,s_e24d0da0bbf67465e4e902d2,actual,OPS,"{""sum"": [""OBP"", ""SLG""]}",0.535665537
hitter,2026,THE BAT X,p_e68c177b707ba2989502b77c,s_7bc97377587cbc37bd02672e,actual,OPS,"{""sum"": [""OBP"", ""SLG""]}",0.7963785480000001
hitter,2026,THE BAT X,p_fdaca5aed6785adf29ede698,s_45f3997ae6a797e4efdc3d99,actual,OPS,"{""sum"": [""OBP"", ""SLG""]}",0.7653318069999999
hitter,2026,THE BAT X,p_a7f09516df26f603d1594bdc,s_f9c4ef90a01bdba5a0d08c39,actual,OPS,"{""sum"": [""OBP"", ""SLG""]}",0.5385654879999999
hitter,2026,THE BAT X,p_bc98648c6a6d04b33c536f08,s_0453133e50d8ddc26c9f7257,actual,OPS,"{""sum"": [""OBP"", ""SLG""]}",0.687121445
hitter,2026,THE BAT X,p_e6af781faea0daa3f5e4bba5,s_d33a8b7f3b077ad2b069856f,actual,OPS,"{""sum"": [""OBP"", ""SLG""]}",0.20234113599999998
hitter,2026,THE BAT X,p_a04a776d277aaef9a5c0a0c5,s_e55c49dbfa0154083212ea66,actual,OPS,"{""sum"": [""OBP"", ""SLG""]}",0.69047619
hitter,2026,THE BAT X,p_e46a5ca70e47df5f3556de95,s_ed573b69aaff123c77cd314d,actual,OPS,"{""sum"": [""OBP"", ""SLG""]}",0.682444625
hitter,2026,THE BAT X,p_bf4b6d6a344e848bb99ebb0d,s_5598dd8ce870fb65d2ae6307,actual,OPS,"{""sum"": [""OBP"", ""SLG""]}",0.703111111
hitter,2026,THE BAT X,p_f5b455280992f6c5f1c3155d,s_34ddd670c479e50d7423b235,actual,OPS,"{""sum"": [""OBP"", ""SLG""]}",0.840084387
hitter,2026,THE BAT X,p_070e96f6f1ea057c6fff0a7d,s_fdef78d5b0aee768cabfff2f,actual,OPS,"{""sum"": [""OBP"", ""SLG""]}",0.670833333
hitter,2026,THE BAT X,p_0b240f9198bdb842e485f0f2,s_1bb709d82c6b92ed2fe0acf3,actual,OPS,"{""sum"": [""OBP"", ""SLG""]}",0.39458413800000003
hitter,2026,THE BAT X,p_81415780b2596ba686e39508,s_b0a8b19ee93341dae534834a,actual,OPS,"{""sum"": [""OBP"", ""SLG""]}",0.654033977
hitter,2026,THE BAT X,p_39af8e3fae49f2dc71c99280,s_df628d15c70f2b09ab37db46,actual,OPS,"{""sum"": [""OBP"", ""SLG""]}",0.824979181
hitter,2026,THE BAT X,p_4b2704efc123de9d4cd81b10,s_cf43c48a741e89013d2abb11,actual,OPS,"{""sum"": [""OBP"", ""SLG""]}",0.7877777770000001
hitter,2026,THE BAT X,p_865383c42752b60074bbe4fe,s_02a23d9ae392c941cdd7c24c,actual,OPS,"{""sum"": [""OBP"", ""SLG""]}",0.61119628
hitter,2026,THE BAT X,p_9d5a2c2ad1a5803de88379b4,s_ea78362f02aa8f3267710abf,actual,OPS,"{""sum"": [""OBP"", ""SLG""]}",0.508426966
hitter,2026,THE BAT X,p_991e8f54fb99c8fcf81d21a6,s_df8933bbb98796ed87b8ebef,actual,OPS,"{""sum"": [""OBP"", ""SLG""]}",0.282828282
hitter,2026,THE BAT X,p_ce641a5836f2731f583a85ae,s_65b14988c408d28818d35583,actual,OPS,"{""sum"": [""OBP"", ""SLG""]}",0.66348323
hitter,2026,THE BAT X,p_8915f49b7744525cc044f1d9,s_6e0807addbb99e44a61af5ce,actual,OPS,"{""sum"": [""OBP"", ""SLG""]}",0.674946958
hitter,2026,THE BAT X,p_d18686fb38704415e5f45eff,s_6cddbfcfd64427044e20a1a3,actual,OPS,"{""sum"": [""OBP"", ""SLG""]}",0.643664383
hitter,2026,THE BAT X,p_a315a53749353a0cc7a5688d,s_e2d9e6857d7b49a2c1830a4d,actual,OPS,"{""sum"": [""OBP"", ""SLG""]}",0.6298183829999999
hitter,2026,THE BAT X,p_15f8ccf8a612332d83edbab5,s_b372f1f3add51d6af91cb742,actual,OPS,"{""sum"": [""OBP"", ""SLG""]}",0.727554178
hitter,2026,THE BAT X,p_a661022fd7a5d578c49f885e,s_a80cc7f5ebe8335f0aba063a,actual,OPS,"{""sum"": [""OBP"", ""SLG""]}",0.228148148
hitter,2026,THE BAT X,p_f2aecc6efea41e1a036f128e,s_78b7860ecb5737c20d7dc68d,actual,OPS,"{""sum"": [""OBP"", ""SLG""]}",0.686335402
hitter,2026,THE BAT X,p_aa63e6f4e2c3594645947528,s_002022e2c57289e33db554ed,actual,OPS,"{""sum"": [""OBP"", ""SLG""]}",0.612480283
hitter,2026,THE BAT X,p_6bbb672161e3bc25ba553ecb,s_3d3a7c220d2876ccc28fdb04,actual,OPS,"{""sum"": [""OBP"", ""SLG""]}",0.649956107
hitter,2026,THE BAT X,p_4f3bc1771b25a9ec0fcdd80c,s_08e2d2f5ad5626a149504846,actual,OPS,"{""sum"": [""OBP"", ""SLG""]}",0.747866419
hitter,2026,THE BAT X,p_7ec5cf24f911a0a091451248,s_a4020752c3be1e749390014d,actual,OPS,"{""sum"": [""OBP"", ""SLG""]}",0.555873062
hitter,2026,THE BAT X,p_c3db81d681439dff2231b5fd,s_59e6ea50b55c14cefb6ca540,actual,OPS,"{""sum"": [""OBP"", ""SLG""]}",0.864998177
hitter,2026,THE BAT X,p_ca9cb370432f3712d1a35d7f,s_4418c4bed6a482eed71120fe,actual,OPS,"{""sum"": [""OBP"", ""SLG""]}",0.537382405
hitter,2026,THE BAT X,p_886b7f89a26aadc1f2b85d10,s_e68af21aaba6ef16e8bc259f,actual,OPS,"{""sum"": [""OBP"", ""SLG""]}",0.357894736
hitter,2026,THE BAT X,p_e88e1048177b5e00fc6235b9,s_593638505eb15d097ba4011d,actual,OPS,"{""sum"": [""OBP"", ""SLG""]}",0.768749149
hitter,2026,THE BAT X,p_6df89ef6e838a7bd064ba0fe,s_4db09e2e4309a55f0f4e71d9,actual,OPS,"{""sum"": [""OBP"", ""SLG""]}",0.650663129
hitter,2026,THE BAT X,p_186ced07377f7a0aad91a0e7,s_71bd2d9c9e5d692727c1d0df,actual,OPS,"{""sum"": [""OBP"", ""SLG""]}",0.438095238
hitter,2026,THE BAT X,p_4f3aaf23aa7dc9a15224e832,s_743e5eae7d5f0176a95bc245,actual,OPS,"{""sum"": [""OBP"", ""SLG""]}",0.746040889
hitter,2026,THE BAT X,p_cf40524b93abc8fb3a1e9f92,s_1c517b7aa7019ede00ec4a5d,actual,OPS,"{""sum"": [""OBP"", ""SLG""]}",0.541620421
hitter,2026,THE BAT X,p_e90065fd0aaec9bfa20b53bd,s_77d490214aa142fc2994d134,actual,OPS,"{""sum"": [""OBP"", ""SLG""]}",0.5633289109999999
hitter,2026,THE BAT X,p_7d6df8c8a5a5f404c9b1c9d7,s_3a81d0fa3bffcee6cb5561c5,actual,OPS,"{""sum"": [""OBP"", ""SLG""]}",0.665404715
hitter,2026,THE BAT X,p_72819b8f9817b33033d1b6a2,s_962c9c0a044833d102305acb,actual,OPS,"{""sum"": [""OBP"", ""SLG""]}",0.667092541
hitter,2026,THE BAT X,p_89ada5eacdc2c58a0bedad08,s_765e0577c602cfc45b5305f6,actual,OPS,"{""sum"": [""OBP"", ""SLG""]}",0.8508292
hitter,2026,THE BAT X,p_67ec3f2da8b9029b41815808,s_79a5c0a03dd3644c6d4179d7,actual,OPS,"{""sum"": [""OBP"", ""SLG""]}",0.325
hitter,2026,THE BAT X,p_ffd040ba2a8510627669e8f3,s_9351f3cb7ee4a820d1e7e20e,actual,OPS,"{""sum"": [""OBP"", ""SLG""]}",0.7002499209999999
hitter,2026,THE BAT X,p_19d6f72431cccfd9decc553f,s_5bf75d471379ed0dcd2c74ac,actual,OPS,"{""sum"": [""OBP"", ""SLG""]}",0.662577762
hitter,2026,THE BAT X,p_dc046f34bce4a57510ab0b8a,s_74b9981e203fbecec9af90a7,actual,OPS,"{""sum"": [""OBP"", ""SLG""]}",0.827177619
hitter,2026,THE BAT X,p_621f18b50bbd645f504f79b7,s_3503813f5adf9f81e9c8b8ca,actual,OPS,"{""sum"": [""OBP"", ""SLG""]}",0.643636363
hitter,2026,THE BAT X,p_a2bf095f9201f07a43ff1926,s_071adb80a0b43974492140bb,actual,OPS,"{""sum"": [""OBP"", ""SLG""]}",0.699530516
hitter,2026,THE BAT X,p_c1cd83784b034e2f932fceba,s_e4e029b3f07235db55b094c5,actual,OPS,"{""sum"": [""OBP"", ""SLG""]}",0.650862068
hitter,2026,THE BAT X,p_8653cdcc68d87c5feacb31a7,s_a378d50222e5fe683a29822a,actual,OPS,"{""sum"": [""OBP"", ""SLG""]}",0.6517877009999999
hitter,2026,THE BAT X,p_2a1e1f24a6ef2dcf68d5522c,s_37b639c211ae66b90f9509ba,actual,OPS,"{""sum"": [""OBP"", ""SLG""]}",0.629166666
hitter,2026,THE BAT X,p_e5347f57c079821ded2c546d,s_f61cf8e8bd92f6c6189654b0,actual,OPS,"{""sum"": [""OBP"", ""SLG""]}",0.669764144
hitter,2026,THE BAT X,p_19278a584fbb4c0f71a14548,s_e7c8b4896df772e1bdbb85e7,actual,OPS,"{""sum"": [""OBP"", ""SLG""]}",0.6944444439999999
hitter,2026,THE BAT X,p_5c8b0e2a4b0429d3d6458e79,s_e99dd79e968c1a08b5087456,actual,OPS,"{""sum"": [""OBP"", ""SLG""]}",0.587733886
hitter,2026,THE BAT X,p_ee3cbab00101500b56bb8aa2,s_699637548e4ea4f1acea435d,actual,OPS,"{""sum"": [""OBP"", ""SLG""]}",0.671733138
hitter,2026,THE BAT X,p_55ce304d590ded904d24a170,s_87c42c0d9cb00041939dd6da,actual,OPS,"{""sum"": [""OBP"", ""SLG""]}",0.636396011
hitter,2026,THE BAT X,p_1bf803b8768936d90d2de00b,s_ab28c53ca67eddeca05ebc40,actual,OPS,"{""sum"": [""OBP"", ""SLG""]}",0.632514771
hitter,2026,THE BAT X,p_56d916df39c8dfba62c80c88,s_303d3f3e64f1fbefb83feeb5,actual,OPS,"{""sum"": [""OBP"", ""SLG""]}",0.2
hitter,2026,THE BAT X,p_3ee7d8b9c1b81790be270d8c,s_664c31b87811f17e781d700c,actual,OPS,"{""sum"": [""OBP"", ""SLG""]}",0.47346938699999996
hitter,2026,THE BAT X,p_c6ac3aa8bb1da5cdad4a2ee9,s_ac90757dcc7ab1a9ba9576f0,actual,OPS,"{""sum"": [""OBP"", ""SLG""]}",0.488304092
hitter,2026,THE BAT X,p_91a8efd7718ac0df6183f487,s_e7c7a3b1d1bf2cd08168fe46,actual,OPS,"{""sum"": [""OBP"", ""SLG""]}",0.8231114429999999
hitter,2026,THE BAT X,p_ed4a6ec9fe44d2dea82bc36f,s_76d65abc0fe405c0fd0f743c,actual,OPS,"{""sum"": [""OBP"", ""SLG""]}",0.611344537
hitter,2026,THE BAT X,p_c9a6ab52f6f6bb93ad398b65,s_dfe5b98e9e24c2c3349a4850,actual,OPS,"{""sum"": [""OBP"", ""SLG""]}",0.651742993
hitter,2026,THE BAT X,p_5ce3f1337c6a59836bdfb343,s_7a17ef10b6189be137e664ca,actual,OPS,"{""sum"": [""OBP"", ""SLG""]}",0.501893938
hitter,2026,THE BAT X,p_780c8c603f85a04c341a9865,s_c2a82327eba36c270cdfd9de,actual,OPS,"{""sum"": [""OBP"", ""SLG""]}",0.802803128
hitter,2026,THE BAT X,p_e7a6da04b2b0c84531277f57,s_bfa715bf57737ce785b3a0c1,actual,OPS,"{""sum"": [""OBP"", ""SLG""]}",0.586241441
hitter,2026,THE BAT X,p_2a76dfb64033dfefb079ac19,s_db1cd69e5ae2b035afaee5e7,actual,OPS,"{""sum"": [""OBP"", ""SLG""]}",0.5
hitter,2026,THE BAT X,p_0173b722ac4118ed6cdf2900,s_02a2cae99b0147e38e3746e1,actual,OPS,"{""sum"": [""OBP"", ""SLG""]}",0.590645174
hitter,2026,THE BAT X,p_99ee3cb3d56dcf9cf8790fe0,s_30d627190e8f6ac882dac117,actual,OPS,"{""sum"": [""OBP"", ""SLG""]}",0.873550085
hitter,2026,THE BAT X,p_818a939d2c013337a28d18f6,s_bb6950ef9f61dc8f6bd8fd1f,actual,OPS,"{""sum"": [""OBP"", ""SLG""]}",0.646053862
hitter,2026,THE BAT X,p_9b7e17333a014a8b6c192f64,s_750507984cb3ebff99bd2a2d,actual,OPS,"{""sum"": [""OBP"", ""SLG""]}",0.587186955
hitter,2026,THE BAT X,p_f473d4f7c4bf84ef62cdf005,s_af9203824239bb4cc5752095,actual,OPS,"{""sum"": [""OBP"", ""SLG""]}",0.559464206
hitter,2026,THE BAT X,p_53a8f92fc16f0dcdbdc4628d,s_da86592ce6b9d9771a4a1e2d,actual,OPS,"{""sum"": [""OBP"", ""SLG""]}",0.8436298369999999
hitter,2026,THE BAT X,p_e06142149e0a8bcabc0b3250,s_f5d8377fec5b413ac0ab53cd,actual,OPS,"{""sum"": [""OBP"", ""SLG""]}",0.6772145460000001
hitter,2026,THE BAT X,p_dc1b5f53ef5e0ed0bc3779e9,s_da02b269edc3c242bd6ad1dd,actual,OPS,"{""sum"": [""OBP"", ""SLG""]}",0.689482873
hitter,2026,THE BAT X,p_35ca8c7859bc827d0c712aa3,s_2746598335d7312ffb58e912,actual,OPS,"{""sum"": [""OBP"", ""SLG""]}",0.85831537
hitter,2026,THE BAT X,p_77f3f7b47430b887529000fa,s_55bb8d2803e091de259ff534,actual,OPS,"{""sum"": [""OBP"", ""SLG""]}",0.657993362
hitter,2026,THE BAT X,p_755efb1b178e88a9fe42fc92,s_616e4dab61acade04fe41075,actual,OPS,"{""sum"": [""OBP"", ""SLG""]}",0.36792698700000004
hitter,2026,THE BAT X,p_65233ab523d0b1f99d98e44e,s_8fda59b89a72846c0ebe1fa0,actual,OPS,"{""sum"": [""OBP"", ""SLG""]}",0.7104150419999999
hitter,2026,THE BAT X,p_a9df6f726497e038fd9738c8,s_6515f1de02a65db60ad81fb2,actual,OPS,"{""sum"": [""OBP"", ""SLG""]}",0.653059499
hitter,2026,THE BAT X,p_8d64e39982b70f86006ac025,s_77f76ea67137df37b6b97b74,actual,OPS,"{""sum"": [""OBP"", ""SLG""]}",0.799844877
hitter,2026,THE BAT X,p_43edd76b977a3e8af976bc83,s_dc74cf558b13a6b5b3d4a6c0,actual,OPS,"{""sum"": [""OBP"", ""SLG""]}",0.7122132240000001
hitter,2026,THE BAT X,p_bc815a9cb3945cd130b439a4,s_d440699d2ee7ccb5c0a02e3d,actual,OPS,"{""sum"": [""OBP"", ""SLG""]}",0.7658694340000001
hitter,2026,THE BAT X,p_8c7de7887df872fd24da0771,s_0094a46acb52fc10b737c008,actual,OPS,"{""sum"": [""OBP"", ""SLG""]}",0.637569603
hitter,2026,THE BAT X,p_35208040ebe03471e689d700,s_218fb5075f574fec69a20474,actual,OPS,"{""sum"": [""OBP"", ""SLG""]}",0.509523808
hitter,2026,THE BAT X,p_095d65b80762b3662a2707e2,s_32d86040b3de0074a86fb20a,actual,OPS,"{""sum"": [""OBP"", ""SLG""]}",0.707936507
hitter,2026,THE BAT X,p_1e99c8473b9ac124e44a47a7,s_85d2dc5e80fd67c91c9176b4,actual,OPS,"{""sum"": [""OBP"", ""SLG""]}",0.5883797049999999
hitter,2026,THE BAT X,p_52fc31dada4e865b88f8ce42,s_30b07f1efbcba53cbb0e176f,actual,OPS,"{""sum"": [""OBP"", ""SLG""]}",0.834104458
hitter,2026,THE BAT X,p_18290ea252b0cc74d94bdd5e,s_4caa260442f18ef150808558,actual,OPS,"{""sum"": [""OBP"", ""SLG""]}",0.748262854
hitter,2026,THE BAT X,p_5c21762346818604fbfcff71,s_5347f7e059fd2deb2ae32205,actual,OPS,"{""sum"": [""OBP"", ""SLG""]}",0.76058587
hitter,2026,THE BAT X,p_f611f93f45e5de5bded63a02,s_0f6c9b05bada354225b2ceac,actual,OPS,"{""sum"": [""OBP"", ""SLG""]}",0.704545454
hitter,2026,THE BAT X,p_389b99cbd5540993eb203758,s_02f224d44508e4b6e444ae77,actual,OPS,"{""sum"": [""OBP"", ""SLG""]}",0.953310104
hitter,2026,THE BAT X,p_f7f3d9dc136d46fb8aa6ae65,s_7e3a22c74e05cb084a5de6e6,actual,OPS,"{""sum"": [""OBP"", ""SLG""]}",0.34722222199999997
hitter,2026,THE BAT X,p_39c3a5a861907112a018268e,s_fa0ee8ab4e5c9665908cd2fc,actual,OPS,"{""sum"": [""OBP"", ""SLG""]}",0.746556473
hitter,2026,THE BAT X,p_8aedac04bf96afe7c557e68f,s_2d2df05b6049350726cbd7ef,actual,OPS,"{""sum"": [""OBP"", ""SLG""]}",0.636795994
hitter,2026,THE BAT X,p_cf91f13f6ce397f916b3b1e9,s_f39169db847cb3b9204ba48d,actual,OPS,"{""sum"": [""OBP"", ""SLG""]}",0.166666666
hitter,2026,THE BAT X,p_490b99b6246189b45cb09967,s_b3e3c7d5ff6bb44edb84cf8e,actual,OPS,"{""sum"": [""OBP"", ""SLG""]}",0.433687002
hitter,2026,THE BAT X,p_26002612e707aa2b52e7ccf5,s_9793ea001c9742ff7438557b,actual,OPS,"{""sum"": [""OBP"", ""SLG""]}",1.015220957
hitter,2026,THE BAT X,p_e4142bee5a73201f7c2c7768,s_4ab4d601a0f4b2c5e1bd1af1,actual,OPS,"{""sum"": [""OBP"", ""SLG""]}",0.599432765
hitter,2026,THE BAT X,p_22b6fa88bcf87875dcb06f80,s_47dc6e9602c1f262aad69faa,actual,OPS,"{""sum"": [""OBP"", ""SLG""]}",0.535294117
hitter,2026,THE BAT X,p_31f105a7eb4a7a950745899a,s_c6f0c6a238247cdfd6e8e385,actual,OPS,"{""sum"": [""OBP"", ""SLG""]}",0.421818181
hitter,2026,THE BAT X,p_569cc434d930c86d5c9eeb16,s_d5a0a78c9679f241463cb846,actual,OPS,"{""sum"": [""OBP"", ""SLG""]}",0.7552255210000001
hitter,2026,THE BAT X,p_4d4c6c49b9e53cf5eea7989d,s_5190f9a49f3e67f6b00fbf0c,actual,OPS,"{""sum"": [""OBP"", ""SLG""]}",0.5333333330000001
hitter,2026,THE BAT X,p_85aa2b0fe3e8fb526c91f73a,s_50338d5d0dec32e42a9c165e,actual,OPS,"{""sum"": [""OBP"", ""SLG""]}",0.632781228
hitter,2026,THE BAT X,p_fcdc1e9000395bc51889594d,s_e8380a0c7d89fbd23ac0160f,actual,OPS,"{""sum"": [""OBP"", ""SLG""]}",0.529336297
hitter,2026,THE BAT X,p_31b75a6620ad0e384f24ca3c,s_c8100b6d4e4e790399cf3e1b,actual,OPS,"{""sum"": [""OBP"", ""SLG""]}",0.0
hitter,2026,THE BAT X,p_636f8beec21f12b4609261c2,s_723d1cea28468d72b0a3b02d,actual,OPS,"{""sum"": [""OBP"", ""SLG""]}",0.604645353
hitter,2026,THE BAT X,p_b6929f210270f100a8a18646,s_413bd196082647dd50e07d07,actual,OPS,"{""sum"": [""OBP"", ""SLG""]}",0.6798941789999999
hitter,2026,THE BAT X,p_65ee6b89f5da180d967907df,s_0ee3eef2447a3dfc5452e9df,actual,OPS,"{""sum"": [""OBP"", ""SLG""]}",0.824795416
hitter,2026,THE BAT X,p_d074168cad7665ea1260b2c7,s_0034a96de63d8ed9e3c17daa,actual,OPS,"{""sum"": [""OBP"", ""SLG""]}",0.664685314
hitter,2026,THE BAT X,p_c2215c37439fe2db6d555fe3,s_b44b95bc9877b7af4eced476,actual,OPS,"{""sum"": [""OBP"", ""SLG""]}",0.37037037
hitter,2026,THE BAT X,p_cf3f4ae3890e2254a92338d9,s_55218aef3df4eceb14f120eb,actual,OPS,"{""sum"": [""OBP"", ""SLG""]}",0.664308176
hitter,2026,THE BAT X,p_8de157e0bca34bc106b6633d,s_33411e8ec24f76e220a02f15,actual,OPS,"{""sum"": [""OBP"", ""SLG""]}",0.754835572
hitter,2026,THE BAT X,p_08300de2db166bc79fc9aa55,s_5c5a1feab34a01dfbad1ab63,actual,OPS,"{""sum"": [""OBP"", ""SLG""]}",0.602678571
hitter,2026,THE BAT X,p_4aeaa89aaf113965fc970e37,s_c0736995584268eac7e33c0b,actual,OPS,"{""sum"": [""OBP"", ""SLG""]}",0.687680148
hitter,2026,THE BAT X,p_0f5fec6751f402c6ddda3df4,s_5c8e6041b8c92d80c5d1c094,actual,OPS,"{""sum"": [""OBP"", ""SLG""]}",0.0
hitter,2026,THE BAT X,p_a0e7bd6274c02cb716fec97c,s_9e20e32187aaee6f6fe3fccd,actual,OPS,"{""sum"": [""OBP"", ""SLG""]}",0.562428064
hitter,2026,THE BAT X,p_35ea903190fa5395379479ac,s_e45bb8719e48fa984e4fab05,actual,OPS,"{""sum"": [""OBP"", ""SLG""]}",0.7274853800000001
hitter,2026,THE BAT X,p_834bb635031b8e62a403a8ec,s_e0dd9be85c0ba3001b38654e,actual,OPS,"{""sum"": [""OBP"", ""SLG""]}",0.585858585
hitter,2026,THE BAT X,p_ea8077204c612c6affa6d1cf,s_9a56eb2d3a74d7ce99e41bb8,actual,OPS,"{""sum"": [""OBP"", ""SLG""]}",0.52710027
hitter,2026,THE BAT X,p_cbffbbb4c72ea67a36c0ee2f,s_acd35fdcd2be33278e763950,actual,OPS,"{""sum"": [""OBP"", ""SLG""]}",0.6260775860000001
hitter,2026,THE BAT X,p_c8a9c9b6fba1a3672b307781,s_eb2cbea25d7e48848d1c36e2,actual,OPS,"{""sum"": [""OBP"", ""SLG""]}",0.553765454
hitter,2026,THE BAT X,p_8ee0eb5cae5daa0d79a54f41,s_31746a87caeb3b7753280ad1,actual,OPS,"{""sum"": [""OBP"", ""SLG""]}",0.6546758699999999
hitter,2026,THE BAT X,p_65e7c0fa0d3cff8d1258c9b1,s_31ca110871f3a4eebf6e4fb0,actual,OPS,"{""sum"": [""OBP"", ""SLG""]}",0.641021456
hitter,2026,THE BAT X,p_4f3e35cf2175d726c57ef9c5,s_00ab8476ec417a5b6d2c525d,actual,OPS,"{""sum"": [""OBP"", ""SLG""]}",0.625898692
hitter,2026,THE BAT X,p_e73eacdb845e5cfde38a6426,s_74a938236b55330ab68729fd,actual,OPS,"{""sum"": [""OBP"", ""SLG""]}",0.0
hitter,2026,THE BAT X,p_8cf4729b5b1e0f175ee82c32,s_89bdcc024ddf5f26176f2245,actual,OPS,"{""sum"": [""OBP"", ""SLG""]}",0.565302143
hitter,2026,THE BAT X,p_5414b6c5930f1355f0fa7315,s_b8b0b566a5088c6b978dafda,actual,OPS,"{""sum"": [""OBP"", ""SLG""]}",0.905454545
hitter,2026,THE BAT X,p_a9f11a14f1185208b713d075,s_4e93d1fd409f5d41113d88b5,actual,OPS,"{""sum"": [""OBP"", ""SLG""]}",0.639835939
hitter,2026,THE BAT X,p_55908c06ceed1ceaa47e0f08,s_26a7871b2db98351b83c1aff,actual,OPS,"{""sum"": [""OBP"", ""SLG""]}",0.722807813
hitter,2026,THE BAT X,p_74306f3854a2b464c1ad043b,s_fd58b8fecbb400f696259981,actual,OPS,"{""sum"": [""OBP"", ""SLG""]}",0.368243243
hitter,2026,THE BAT X,p_6101e64b36cdbbeb0b252b54,s_758e3137f7fbdd15fe9d9a7b,actual,OPS,"{""sum"": [""OBP"", ""SLG""]}",0.3875
hitter,2026,THE BAT X,p_6d5e6f96a80b579eb717cb0a,s_774852d7125e84cf543304a3,actual,OPS,"{""sum"": [""OBP"", ""SLG""]}",0.0
hitter,2026,THE BAT X,p_84ee5c6d0b640ce81aad4a86,s_8799330865fa4ceed30f3f64,actual,OPS,"{""sum"": [""OBP"", ""SLG""]}",0.601469775
hitter,2026,THE BAT X,p_b876419663159edfa11af0a0,s_de2ef8000b3b1e301d664599,actual,OPS,"{""sum"": [""OBP"", ""SLG""]}",0.797429619
hitter,2026,THE BAT X,p_82ff2a9218b1af68846209d5,s_316f80c908d212d636d52683,actual,OPS,"{""sum"": [""OBP"", ""SLG""]}",0.855321178
hitter,2026,THE BAT X,p_5d91804b58327ff29191ed0f,s_68260bc9546b17e902921588,actual,OPS,"{""sum"": [""OBP"", ""SLG""]}",0.589031053
hitter,2026,THE BAT X,p_bfcf51965827d7e88c899918,s_a5fdb163d0a0ff5b19c8b632,actual,OPS,"{""sum"": [""OBP"", ""SLG""]}",0.602678571
hitter,2026,THE BAT X,p_838588010c75fedc49fc50b5,s_726ae73f41f328dc3350d930,actual,OPS,"{""sum"": [""OBP"", ""SLG""]}",0.4
hitter,2026,THE BAT X,p_b139e8487e432f0b072c3239,s_831848084eefe2d1f997ef4c,actual,OPS,"{""sum"": [""OBP"", ""SLG""]}",0.569540229
hitter,2026,THE BAT X,p_996f1713394d7bedb5732fdf,s_83e3c9ac04d73e2c6a216be5,actual,OPS,"{""sum"": [""OBP"", ""SLG""]}",0.534640522
hitter,2026,THE BAT X,p_998a708748e7e70acc1eee1d,s_31e54fa1f1e889efca236839,actual,OPS,"{""sum"": [""OBP"", ""SLG""]}",0.596581195
hitter,2026,THE BAT X,p_3431db6bc64346182f4c4a42,s_2ba9c79aa1c750cd1bdc47a4,actual,OPS,"{""sum"": [""OBP"", ""SLG""]}",0.787878787
hitter,2026,THE BAT X,p_44a8ee1524687358c1d1a0c0,s_f60d0957c4ff17c8651ca334,actual,OPS,"{""sum"": [""OBP"", ""SLG""]}",0.6002331000000001
hitter,2026,THE BAT X,p_f5762196b1a003b903a92174,s_b196993faae6cdd0bf7dec25,actual,OPS,"{""sum"": [""OBP"", ""SLG""]}",0.679459064
hitter,2026,THE BAT X,p_d1e856cae4d07f9a6c4fe1e2,s_fdfc49c8b44887fcf7362c35,actual,OPS,"{""sum"": [""OBP"", ""SLG""]}",0.466666666
hitter,2026,THE BAT X,p_b3db3fd1479982f0bec4782d,s_c6d7e90c77e5713c8a0aa3cb,actual,OPS,"{""sum"": [""OBP"", ""SLG""]}",0.658102339
hitter,2026,THE BAT X,p_c2bb9eee6ff9a8dfac3ffee7,s_9c91b152c8d445675e3e591b,actual,OPS,"{""sum"": [""OBP"", ""SLG""]}",0.911876075
hitter,2026,THE BAT X,p_b6baeecf55771a09c7e847cc,s_94a5cf59fdd53d153286a5c4,actual,OPS,"{""sum"": [""OBP"", ""SLG""]}",0.234143049
hitter,2026,THE BAT X,p_199535b70f1ae186aeb637be,s_371d1ccde6784d9451c3aefb,actual,OPS,"{""sum"": [""OBP"", ""SLG""]}",0.734924519
hitter,2026,THE BAT X,p_9c59d61635350a13a9c13013,s_1380095e66de42e4090fa710,actual,OPS,"{""sum"": [""OBP"", ""SLG""]}",0.6621739680000001
hitter,2026,THE BAT X,p_d7e2cdeda2afb7a71cf270af,s_927fd3ed7fd23cdd55453b54,actual,OPS,"{""sum"": [""OBP"", ""SLG""]}",0.526511134
hitter,2026,THE BAT X,p_0ff6cb4481aa28b4e0ca248f,s_aeb2f87b090070e284504f05,actual,OPS,"{""sum"": [""OBP"", ""SLG""]}",0.342857142
hitter,2026,THE BAT X,p_a7294d5184e485ad8b842ac1,s_d4ed8977d9641a9e876cf4a4,actual,OPS,"{""sum"": [""OBP"", ""SLG""]}",0.285714284
hitter,2026,THE BAT X,p_0747e0152f1a05570f2a4321,s_f8f47b591514d4ddb71072be,actual,OPS,"{""sum"": [""OBP"", ""SLG""]}",0.6457142849999999
hitter,2026,THE BAT X,p_1c4fbcfee892342c211c40ad,s_9543eebe3f2191edfe2a463b,actual,OPS,"{""sum"": [""OBP"", ""SLG""]}",1.166666666
hitter,2026,THE BAT X,p_97cc4865db22aadc4ce7f639,s_64eabddfd7502caaa110e5be,actual,OPS,"{""sum"": [""OBP"", ""SLG""]}",1.125
hitter,2026,THE BAT X,p_213ee8a68e18e3674db206f3,s_0303bedae5e5e52b79d3ebb6,actual,OPS,"{""sum"": [""OBP"", ""SLG""]}",1.0
hitter,2026,THE BAT X,p_b78eec4ced930563501cf95a,s_891f60fe77eae6178774f2bd,actual,OPS,"{""sum"": [""OBP"", ""SLG""]}",0.328877004
hitter,2026,THE BAT X,p_1953b3d3af65d23444c515f1,s_138f718735b970bd4f71fad3,actual,OPS,"{""sum"": [""OBP"", ""SLG""]}",0.741618773
hitter,2026,THE BAT X,p_b6dc84a75a7cf2791b76bd90,s_ec20c4a2295429a8bd331173,actual,OPS,"{""sum"": [""OBP"", ""SLG""]}",0.5687331520000001
hitter,2026,THE BAT X,p_a1e49d39df5862ee176ee61c,s_ce506dfe16faf2b871532734,actual,OPS,"{""sum"": [""OBP"", ""SLG""]}",0.285714284
hitter,2026,THE BAT X,p_b30c41d7e4aaa89dc18b6ca8,s_9bac0e0e96dbf6d23ddc6bc1,actual,OPS,"{""sum"": [""OBP"", ""SLG""]}",0.758980784
hitter,2026,THE BAT X,p_33a8f30b64fa485f170a7f38,s_a13e895cda020c26041602f7,actual,OPS,"{""sum"": [""OBP"", ""SLG""]}",0.714086758
hitter,2026,THE BAT X,p_adce6fccfa0ad9ba417ad335,s_225be9cb311c7d0ec098e412,actual,OPS,"{""sum"": [""OBP"", ""SLG""]}",0.25
hitter,2026,THE BAT X,p_254301c22a8f177b0963ac8b,s_00e8eee75f08fa6c5b8ecfaf,actual,OPS,"{""sum"": [""OBP"", ""SLG""]}",0.49971639199999995
hitter,2026,THE BAT X,p_dbd5ceb808a3a21b344e48b9,s_15cd1a6515b919e441722d1c,actual,OPS,"{""sum"": [""OBP"", ""SLG""]}",0.736791979
hitter,2026,THE BAT X,p_de7b16931d1b03236a59ea22,s_1296c58d3ae48bb9b43b8686,actual,OPS,"{""sum"": [""OBP"", ""SLG""]}",0.647713811
hitter,2026,THE BAT X,p_6525dc93ba2de7e1b5e75be6,s_192ed1ec1e49c05a3c8f5d13,actual,OPS,"{""sum"": [""OBP"", ""SLG""]}",0.351489361
hitter,2026,THE BAT X,p_d6edffdd606adaf0dcc54111,s_27aab55e88523d5c12801104,actual,OPS,"{""sum"": [""OBP"", ""SLG""]}",1.0
hitter,2026,THE BAT X,p_6dd8b7d5d0bcb75642ddb4fd,s_4e8e652df2ccc425b70ae773,actual,OPS,"{""sum"": [""OBP"", ""SLG""]}",0.598529411
hitter,2026,THE BAT X,p_38f8a04f9f47cc23c7f6f886,s_901e62bd8f75b715c75b7295,actual,OPS,"{""sum"": [""OBP"", ""SLG""]}",0.487961476
hitter,2026,THE BAT X,p_5220a50fb38e3439e1b6f5f6,s_a2769e3016027d0507cb5187,actual,OPS,"{""sum"": [""OBP"", ""SLG""]}",0.623015872
hitter,2026,THE BAT X,p_c8320c4ade7bd25cdbb337e8,s_ecb2ab16153ba0c9169bdf99,actual,OPS,"{""sum"": [""OBP"", ""SLG""]}",0.257575756
hitter,2026,THE BAT X,p_1d5460116d6a4b1197a68140,s_c69a6b50885dce2136b43f9d,actual,OPS,"{""sum"": [""OBP"", ""SLG""]}",0.43000000000000005
hitter,2026,THE BAT X,p_8ac4131037b4b28af86c78e0,s_93d1d1abdf99248d43496751,actual,OPS,"{""sum"": [""OBP"", ""SLG""]}",0.6724925509999999
hitter,2026,THE BAT X,p_def17f3e4bab01c04d8516d6,s_856223817ddfeaffd69c5ab6,actual,OPS,"{""sum"": [""OBP"", ""SLG""]}",0.633179722
hitter,2026,THE BAT X,p_6ff147b20b3f78ed8b9c9689,s_32720210f16736a43ef68553,actual,OPS,"{""sum"": [""OBP"", ""SLG""]}",0.747252746
hitter,2026,THE BAT X,p_a78ccc748ee0ee459987e364,s_7324ba94c6cb244b769660e9,actual,OPS,"{""sum"": [""OBP"", ""SLG""]}",0.18181818
hitter,2026,THE BAT X,p_d6cf9cb5264acc6da9bd1303,s_ece2230924d8876429d15a8f,actual,OPS,"{""sum"": [""OBP"", ""SLG""]}",0.0
hitter,2026,THE BAT X,p_d90ce2fb851e2bc7239d02d9,s_9b92ad32ad46f4ada95e1862,actual,OPS,"{""sum"": [""OBP"", ""SLG""]}",0.5942637479999999
hitter,2026,THE BAT X,p_bbbddf0d3123eb1859b1cc44,s_35d4ac948ab5cb8377537108,actual,OPS,"{""sum"": [""OBP"", ""SLG""]}",0.72404092
hitter,2026,THE BAT X,p_0a45d2e3437ab412bcc70a45,s_dbced19bf030c68fb2019f40,actual,OPS,"{""sum"": [""OBP"", ""SLG""]}",0.525084745
hitter,2026,THE BAT X,p_d6b7a242fff972cbbb11131c,s_ce4d517b92a13aa4873cbf82,actual,OPS,"{""sum"": [""OBP"", ""SLG""]}",0.686884236
hitter,2026,THE BAT X,p_79aaf719317a8e1c19d2d0f1,s_2ef45a54c40ae6bf6f1a640d,actual,OPS,"{""sum"": [""OBP"", ""SLG""]}",0.7378787870000001
hitter,2026,THE BAT X,p_753844a4c954b65f8910ff5c,s_47b5e534988677154082a990,actual,OPS,"{""sum"": [""OBP"", ""SLG""]}",0.759800994
hitter,2026,THE BAT X,p_a9f4f65f0a9b44dc90bff976,s_3e48363e1a0a9f9f5923e843,actual,OPS,"{""sum"": [""OBP"", ""SLG""]}",0.698742482
hitter,2026,THE BAT X,p_43458b1ca56bfc78e5851984,s_2996e76e92d6c1c25d61bc2e,actual,OPS,"{""sum"": [""OBP"", ""SLG""]}",0.5
hitter,2026,THE BAT X,p_d780ef80586063b87be09743,s_7e37a9bdf4f3d3da6b21b551,actual,OPS,"{""sum"": [""OBP"", ""SLG""]}",0.0
hitter,2026,THE BAT X,p_a866edf27abe9399b209a720,s_f99271c240f19e938edd21a4,actual,OPS,"{""sum"": [""OBP"", ""SLG""]}",0.438118811
hitter,2026,THE BAT X,p_e3e72bfb6402dc5860959650,s_5459f937477b8d6cf56d05c9,actual,OPS,"{""sum"": [""OBP"", ""SLG""]}",0.688499905
hitter,2026,THE BAT X,p_0223f9d06027dad935426645,s_4803492e015b5974ec37f20c,actual,OPS,"{""sum"": [""OBP"", ""SLG""]}",0.433489827
hitter,2026,THE BAT X,p_713f11bb66125b24c64ef2d1,s_69224f4ed9155be8c9df6f80,actual,OPS,"{""sum"": [""OBP"", ""SLG""]}",0.6541666660000001
hitter,2026,THE BAT X,p_c1d6d30afc2b3b0e5d39410e,s_6fb495281c753d1cdc66a6ca,actual,OPS,"{""sum"": [""OBP"", ""SLG""]}",0.6339417119999999
hitter,2026,THE BAT X,p_632be5a85ab2629b9c998c54,s_23c6138d7eeebcd7e0bba2f6,actual,OPS,"{""sum"": [""OBP"", ""SLG""]}",0.726849002
hitter,2026,THE BAT X,p_8cae94e12aa44504af05eaac,s_7c8ced4863fa35e698fdd32d,actual,OPS,"{""sum"": [""OBP"", ""SLG""]}",0.555546111
hitter,2026,THE BAT X,p_d38e4086c48ab6c12634caef,s_a265843aef6623d290be44f7,actual,OPS,"{""sum"": [""OBP"", ""SLG""]}",0.58715447
hitter,2026,THE BAT X,p_32091c9f78fec4451a11d54a,s_b97f0e3fb409d89b68d46396,actual,OPS,"{""sum"": [""OBP"", ""SLG""]}",0.773826584
hitter,2026,THE BAT X,p_4af00e3fa0b959847f3eac9e,s_d1b62a4a538bc7232d2186c1,actual,OPS,"{""sum"": [""OBP"", ""SLG""]}",0.703887854
hitter,2026,THE BAT X,p_35c1c2bb04c06adf52bae69a,s_217560bc86f139218737c99f,actual,OPS,"{""sum"": [""OBP"", ""SLG""]}",0.257575756
hitter,2026,THE BAT X,p_37ddf22e72b2be2d0fd472a1,s_a7111362a9c3aa8bb23162e4,actual,OPS,"{""sum"": [""OBP"", ""SLG""]}",0.615882966
hitter,2026,THE BAT X,p_3b4b903bf0ec409efa7f7c4b,s_2c7f3ca5ff368ee5f64ccf32,actual,OPS,"{""sum"": [""OBP"", ""SLG""]}",0.47368420899999997
hitter,2026,THE BAT X,p_8f1da6c1c180e7d676934fff,s_d3c588da3698a2628a5228fc,actual,OPS,"{""sum"": [""OBP"", ""SLG""]}",0.333333332
hitter,2026,THE BAT X,p_46c8ef61562526809be4aea3,s_c988268e6d09533a752dfb18,actual,OPS,"{""sum"": [""OBP"", ""SLG""]}",0.859477123
hitter,2026,THE BAT X,p_292004d692eb1e10c9836240,s_0c5d81eb0fc394d51a20f72b,actual,OPS,"{""sum"": [""OBP"", ""SLG""]}",0.343673469
hitter,2026,THE BAT X,p_734724174f1233575d37ef2a,s_bf3d3c1efe5ede545fce261c,actual,OPS,"{""sum"": [""OBP"", ""SLG""]}",0.762170542
hitter,2026,THE BAT X,p_3c460b6a52cddaebe4d7306c,s_d33e9969e57e496913060ed8,actual,OPS,"{""sum"": [""OBP"", ""SLG""]}",0.675004104
hitter,2026,THE BAT X,p_f53b29c1e618b1122b53265b,s_e1acfc84e1ce3a253b3fd6d0,actual,OPS,"{""sum"": [""OBP"", ""SLG""]}",0.5910791
hitter,2026,THE BAT X,p_0e75fbd620b0cf48a4036da3,s_d1386eec2d975406b93721fd,actual,OPS,"{""sum"": [""OBP"", ""SLG""]}",0.5747311820000001
hitter,2026,THE BAT X,p_71c91198b905a5433d8d1964,s_381b10e090f8be861959494e,actual,OPS,"{""sum"": [""OBP"", ""SLG""]}",0.436974789
hitter,2026,THE BAT X,p_0d749ef06cfb038def92d34a,s_b8b733fd29e715fad8a219c1,actual,OPS,"{""sum"": [""OBP"", ""SLG""]}",0.652098963
hitter,2026,THE BAT X,p_d0a7a0ab49fd4a4d780fe1a3,s_18f203d8ea4e68fe95451f29,actual,OPS,"{""sum"": [""OBP"", ""SLG""]}",0.522727272
hitter,2026,THE BAT X,p_f1632c1a638e4afae1811926,s_ae04134e29ab2a5f48cc86ea,actual,OPS,"{""sum"": [""OBP"", ""SLG""]}",0.45689655100000004
hitter,2026,THE BAT X,p_13a0406d87d64c05a481a481,s_183e8523163a8ba9b67e28d7,actual,OPS,"{""sum"": [""OBP"", ""SLG""]}",0.606060605
hitter,2026,THE BAT X,p_635860f92d6161a5d5346c31,s_a3c1bea1c62d3d794c876f60,actual,OPS,"{""sum"": [""OBP"", ""SLG""]}",0.838624338
hitter,2026,THE BAT X,p_7a771f940265ce924e0fecee,s_0834443bf65c1d73976d48d4,actual,OPS,"{""sum"": [""OBP"", ""SLG""]}",0.816428249
hitter,2026,THE BAT X,p_f24a8cfc5f92047e5da64ebc,s_9cbb64cd894247c3e1a42da9,actual,OPS,"{""sum"": [""OBP"", ""SLG""]}",0.739529914
hitter,2026,THE BAT X,p_ba9a6a8ad42271f1fd10cf27,s_7088ca0097bd5f7ebeda60eb,actual,OPS,"{""sum"": [""OBP"", ""SLG""]}",0.4
hitter,2026,THE BAT X,p_6989200149e5df39efc0125a,s_0e67a0b74a4771bcaf0519d1,actual,OPS,"{""sum"": [""OBP"", ""SLG""]}",0.37087912
hitter,2026,THE BAT X,p_6f0af86832f7dd869cd4835e,s_a7f5182fe4d8b61e8202c4ef,actual,OPS,"{""sum"": [""OBP"", ""SLG""]}",0.7440428720000001
hitter,2026,THE BAT X,p_2aa6427157e8b5b3a521d437,s_c201d390efd582fd37ad3f1a,actual,OPS,"{""sum"": [""OBP"", ""SLG""]}",0.801587301
hitter,2026,THE BAT X,p_f5d405fea4374fa2a900237a,s_798c35b658898776ebe54dd1,actual,OPS,"{""sum"": [""OBP"", ""SLG""]}",0.7464709190000001
hitter,2026,THE BAT X,p_4adfa388ddfc7eb8aab00551,s_d513dee5812fe847fbf36632,actual,OPS,"{""sum"": [""OBP"", ""SLG""]}",0.49008239100000006
hitter,2026,THE BAT X,p_c58578964d78032e94fe81f7,s_6e7b6b97cc36d6d127260ce2,actual,OPS,"{""sum"": [""OBP"", ""SLG""]}",0.851063828
hitter,2026,THE BAT X,p_79533d36604898f85009f47a,s_556728bbee08e37d83f9eabf,actual,OPS,"{""sum"": [""OBP"", ""SLG""]}",0.600924244
hitter,2026,THE BAT X,p_1231a92e2be431286faefb7e,s_39a080c5684049578a6d1827,actual,OPS,"{""sum"": [""OBP"", ""SLG""]}",0.664315108
hitter,2026,THE BAT X,p_ac57765bdbb3034bbc1f2b61,s_b6b58208ffb4af884b184b7b,actual,OPS,"{""sum"": [""OBP"", ""SLG""]}",0.83829221
hitter,2026,THE BAT X,p_56922133a900e974099c393f,s_74f037552f6a003f5720a310,actual,OPS,"{""sum"": [""OBP"", ""SLG""]}",0.342857142
hitter,2026,THE BAT X,p_4acef52c25b5e9602e6d7849,s_bbb1699d210372e89a430501,actual,OPS,"{""sum"": [""OBP"", ""SLG""]}",0.720147473
hitter,2026,THE BAT X,p_fbad84c715ce640fa8e017a1,s_2b75a492c6f3885442741c27,actual,OPS,"{""sum"": [""OBP"", ""SLG""]}",0.56
hitter,2026,THE BAT X,p_b50c7faba421a14abbde4832,s_f6b230b00307fa49bd07cafb,actual,OPS,"{""sum"": [""OBP"", ""SLG""]}",0.49011857600000003
hitter,2026,THE BAT X,p_bf3cde84574979814bee8bc2,s_08c4d0e99f14619a5182b379,actual,OPS,"{""sum"": [""OBP"", ""SLG""]}",0.7555395309999999
hitter,2026,THE BAT X,p_59d35620f5a758b99595238e,s_1af1b043d5ef9a9a5449a71e,actual,OPS,"{""sum"": [""OBP"", ""SLG""]}",0.353266887
hitter,2026,THE BAT X,p_a3174cf7ae27e035227413ca,s_76174be9d008511e4b3d2ef3,actual,OPS,"{""sum"": [""OBP"", ""SLG""]}",0.173913042
hitter,2026,THE BAT X,p_101659267800d1c0aa1341e5,s_5850d7f8aaa43d4b91e9d99e,actual,OPS,"{""sum"": [""OBP"", ""SLG""]}",0.451388888
hitter,2026,THE BAT X,p_981b2c7f83451c96f57a0b8f,s_25aed8a5125890fca09ca4b6,actual,OPS,"{""sum"": [""OBP"", ""SLG""]}",0.42222222200000004
hitter,2026,THE BAT X,p_4e8e0c6d9056e510d970d7d1,s_a88371813b4a68e5f9dd2284,actual,OPS,"{""sum"": [""OBP"", ""SLG""]}",0.534139402
hitter,2026,THE BAT X,p_c8daa367e2a394e88a3a2b3a,s_31a4f4f3dbc29320e9dc69ff,actual,OPS,"{""sum"": [""OBP"", ""SLG""]}",0.725743748
hitter,2026,THE BAT X,p_5cc1c43544dd4a46bb1ba424,s_ab2fd06358d843be912255f0,actual,OPS,"{""sum"": [""OBP"", ""SLG""]}",0.27884615300000004
hitter,2026,THE BAT X,p_45081ba883aae98afdbde4b5,s_771fde719c48e8345f7bd980,actual,OPS,"{""sum"": [""OBP"", ""SLG""]}",0.749871066
hitter,2026,THE BAT X,p_e4c0ca3fb703744e742784cc,s_80de941b9e15442fbf38d6dc,actual,OPS,"{""sum"": [""OBP"", ""SLG""]}",0.772727272
hitter,2026,THE BAT X,p_00a842b7a9c3feb99c5d2652,s_59bbc57223e2b867947f8f4c,actual,OPS,"{""sum"": [""OBP"", ""SLG""]}",0.571691176
hitter,2026,THE BAT X,p_43df61d72995e1a9b8e57a5a,s_c2a4c0aa49ea3d47140ac249,actual,OPS,"{""sum"": [""OBP"", ""SLG""]}",0.693936417
hitter,2026,THE BAT X,p_326393c50f1b10e14a5b1570,s_c35d7da9b1aa031ce6b6be66,actual,OPS,"{""sum"": [""OBP"", ""SLG""]}",0.405882352
hitter,2026,THE BAT X,p_77f5711fe36ce10120f5001c,s_d00407fd386491f587ec4e66,actual,OPS,"{""sum"": [""OBP"", ""SLG""]}",0.7411613880000001
hitter,2026,THE BAT X,p_3349dec029f22a9da6c8acfd,s_9d10a95b0041929fe4c02aff,actual,OPS,"{""sum"": [""OBP"", ""SLG""]}",0.884901647
hitter,2026,THE BAT X,p_28cfa428998c91d14340466b,s_6f4c1a642f0a154f31b7f14c,actual,OPS,"{""sum"": [""OBP"", ""SLG""]}",0.843239453
hitter,2026,THE BAT X,p_eed974693204a607f756bb81,s_46babd5d260a32492d09d11f,actual,OPS,"{""sum"": [""OBP"", ""SLG""]}",0.6635225229999999
hitter,2026,THE BAT X,p_6ebf619662ac32499ebc6ce8,s_2d7c4859ef1e8a22ec0a8bb2,actual,OPS,"{""sum"": [""OBP"", ""SLG""]}",0.8458989219999999
hitter,2026,Depth Charts,p_f16412beb35a9f8275245e07,s_c043d87aa7248df45c2f3b38,actual,OPS,"{""sum"": [""OBP"", ""SLG""]}",0.8709725509999999
hitter,2026,Depth Charts,p_5ddf7b7c488d16218bdd70fc,s_e76cac421d537a7ebdf8ad8c,actual,OPS,"{""sum"": [""OBP"", ""SLG""]}",0.8000374299999999
hitter,2026,Depth Charts,p_3d2334a857b6e51adfa60031,s_8091ff9b00845da0d216e2e6,actual,OPS,"{""sum"": [""OBP"", ""SLG""]}",0.6642973679999999
hitter,2026,Depth Charts,p_8b0da430de74b9d38592cfa7,s_7f265a35da909907e6a42355,actual,OPS,"{""sum"": [""OBP"", ""SLG""]}",0.9079313920000001
hitter,2026,Depth Charts,p_67d2d4c4c4eb75d44dfc90f0,s_47ca4672b1f5768c9ddb6bda,actual,OPS,"{""sum"": [""OBP"", ""SLG""]}",0.7083461600000001
hitter,2026,Depth Charts,p_6bef577c2d843e259b2e4f8d,s_03125135c80aa33dc0aeb95e,actual,OPS,"{""sum"": [""OBP"", ""SLG""]}",0.7150356920000001
hitter,2026,Depth Charts,p_1a7540f0f62bdbec1d46a097,s_5df987255c16a7addf1d4ad9,actual,OPS,"{""sum"": [""OBP"", ""SLG""]}",0.8890516740000001
hitter,2026,Depth Charts,p_3f765e91616326426b8a43c2,s_54988c3984f45b1e1124cbad,actual,OPS,"{""sum"": [""OBP"", ""SLG""]}",0.828112288
hitter,2026,Depth Charts,p_cbfcdeac8217106774120e81,s_69ca669b5b4b5e974750ec22,actual,OPS,"{""sum"": [""OBP"", ""SLG""]}",0.79639617
hitter,2026,Depth Charts,p_8a17723cd1691cf9cab7393e,s_2eca004feb8f5ef002e5c06b,actual,OPS,"{""sum"": [""OBP"", ""SLG""]}",0.732613419
hitter,2026,Depth Charts,p_6c0a9e658a48ac4878d9dd6d,s_f3265ed1c04226cadfd5377b,actual,OPS,"{""sum"": [""OBP"", ""SLG""]}",0.688306681
hitter,2026,Depth Charts,p_e7725c89676d89124848373c,s_2ce1614c5a50acfee0517cfc,actual,OPS,"{""sum"": [""OBP"", ""SLG""]}",0.879985598
hitter,2026,Depth Charts,p_8145c85e799111fad96f9326,s_4ffe53deb1135dc1faa3f9ad,actual,OPS,"{""sum"": [""OBP"", ""SLG""]}",0.7952228029999999
hitter,2026,Depth Charts,p_d65b41dc5498c748aed03004,s_f89c4f1689160afeddc43e51,actual,OPS,"{""sum"": [""OBP"", ""SLG""]}",0.766600153
hitter,2026,Depth Charts,p_c098c2fe9513c8a2d9d6133f,s_f3ba4776a952b31cf5a58aa8,actual,OPS,"{""sum"": [""OBP"", ""SLG""]}",0.754257907
hitter,2026,Depth Charts,p_e0d83b8da8aaead5cd952acc,s_9a633a9729f9badd1d908205,actual,OPS,"{""sum"": [""OBP"", ""SLG""]}",0.746821814
hitter,2026,Depth Charts,p_112dcfa6b46c45a399a719e5,s_25cdb59f228cb3bfa21b24d2,actual,OPS,"{""sum"": [""OBP"", ""SLG""]}",0.715328725
hitter,2026,Depth Charts,p_5c11dd145a24b1ffaecf5e75,s_b2616c60ebb6615fabcd86c5,actual,OPS,"{""sum"": [""OBP"", ""SLG""]}",0.77973247
hitter,2026,Depth Charts,p_6258e0b754720e6aa1ffc43d,s_4fea358fbf6677d2ef38f922,actual,OPS,"{""sum"": [""OBP"", ""SLG""]}",0.687779857
hitter,2026,Depth Charts,p_376836ac6c44d0cd8f0e6415,s_5649c886df8055f98ca2e535,actual,OPS,"{""sum"": [""OBP"", ""SLG""]}",0.942701332
hitter,2026,Depth Charts,p_487446a58afe78ff3ecfe76c,s_ab6c1212a50f9ff2304c687b,actual,OPS,"{""sum"": [""OBP"", ""SLG""]}",0.748089469
hitter,2026,Depth Charts,p_f23d1d9035065b244f5e458f,s_4594d0a0b947c32c03d54b31,actual,OPS,"{""sum"": [""OBP"", ""SLG""]}",0.8847495089999999
hitter,2026,Depth Charts,p_67cb975359e89b208f68a778,s_d1c0111feb92b05e88964e03,actual,OPS,"{""sum"": [""OBP"", ""SLG""]}",0.607413694
hitter,2026,Depth Charts,p_8a7e7a5df7676ae9c7c629fc,s_fdc5d2e841fb8e8d4cf18f0f,actual,OPS,"{""sum"": [""OBP"", ""SLG""]}",0.743487072
hitter,2026,Depth Charts,p_60cc6d7817c312ca1f6e104d,s_0995cce654e67d8d6416b18e,actual,OPS,"{""sum"": [""OBP"", ""SLG""]}",0.75758613
hitter,2026,Depth Charts,p_306fe9c0d735d7f46146c529,s_effa6c689752e3222ef8b824,actual,OPS,"{""sum"": [""OBP"", ""SLG""]}",0.736405771
hitter,2026,Depth Charts,p_b2d8d52d1ac8e278023dd28e,s_33175dd9eaf9e59a5bc3d2bd,actual,OPS,"{""sum"": [""OBP"", ""SLG""]}",1.033491858
hitter,2026,Depth Charts,p_8b8b46332f730f938d5e4598,s_63d98cdb1aa98d908fc47e57,actual,OPS,"{""sum"": [""OBP"", ""SLG""]}",0.691941811
hitter,2026,Depth Charts,p_56e7275c3bfa42a75a7ac2ab,s_7f6443401d1fb661cc0cb6f7,actual,OPS,"{""sum"": [""OBP"", ""SLG""]}",0.67543743
hitter,2026,Depth Charts,p_eb6d41898fee1956040bc079,s_9b2a98c96c70faf5429b7176,actual,OPS,"{""sum"": [""OBP"", ""SLG""]}",0.70206374
hitter,2026,Depth Charts,p_5df8600326504a53588a6de7,s_dd120f92926fc856611443e5,actual,OPS,"{""sum"": [""OBP"", ""SLG""]}",0.765732853
hitter,2026,Depth Charts,p_e8a841a4c0a09c1611d07c5c,s_9c2209584712657c0956bc09,actual,OPS,"{""sum"": [""OBP"", ""SLG""]}",0.6667190510000001
hitter,2026,Depth Charts,p_565062fedb9dc11884dc149f,s_1e69739c12cf39e7071911cc,actual,OPS,"{""sum"": [""OBP"", ""SLG""]}",0.740458321
hitter,2026,Depth Charts,p_689b3153515d854852b70f4b,s_4407eac75b99643afd98ee35,actual,OPS,"{""sum"": [""OBP"", ""SLG""]}",0.712764823
hitter,2026,Depth Charts,p_d85aa5a54347f648d409ab91,s_9631acadefdddc22e3cdf60b,actual,OPS,"{""sum"": [""OBP"", ""SLG""]}",0.87423607
hitter,2026,Depth Charts,p_8363b9bca459e78ec2006bb0,s_9bf7ccd4560d5587f450c31c,actual,OPS,"{""sum"": [""OBP"", ""SLG""]}",0.8185166429999999
hitter,2026,Depth Charts,p_470f32c7b44abc752b626681,s_68bb11c919f08c4d0a292b8d,actual,OPS,"{""sum"": [""OBP"", ""SLG""]}",0.694103477
hitter,2026,Depth Charts,p_22db645384aeaef0e6b0dd37,s_38d48dff16e10e1aa7491cd8,actual,OPS,"{""sum"": [""OBP"", ""SLG""]}",0.714947486
hitter,2026,Depth Charts,p_cc20023b077f71dea170b091,s_7b00e1a0276eec5c06741468,actual,OPS,"{""sum"": [""OBP"", ""SLG""]}",0.8647780089999999
hitter,2026,Depth Charts,p_212972d5e1d2c8460dc3a73b,s_a8cc180a9148b6e15a9681a1,actual,OPS,"{""sum"": [""OBP"", ""SLG""]}",0.625291952
hitter,2026,Depth Charts,p_ba6f36e798456bccef1754a0,s_ba4c04d7c72a752b709ae55c,actual,OPS,"{""sum"": [""OBP"", ""SLG""]}",0.6544337870000001
hitter,2026,Depth Charts,p_8763904d13a29c644082b122,s_e31bcd1e5d0ba13411ec4353,actual,OPS,"{""sum"": [""OBP"", ""SLG""]}",0.8294382599999999
hitter,2026,Depth Charts,p_fffb6de42175eb3a17278de2,s_d9c5f62aa2727ae1ab322177,actual,OPS,"{""sum"": [""OBP"", ""SLG""]}",0.8015618259999999
hitter,2026,Depth Charts,p_553976eb2ca8a6fbca85aa5b,s_19c99a5593c95a1fea8155d0,actual,OPS,"{""sum"": [""OBP"", ""SLG""]}",0.812180007
hitter,2026,Depth Charts,p_975a1b871ed65b006a1ce607,s_9804a08cf0021d25818bea9e,actual,OPS,"{""sum"": [""OBP"", ""SLG""]}",0.710724725
hitter,2026,Depth Charts,p_d04d80d479ca9798b6aba56a,s_14cd3627907bd5ba9c4bb674,actual,OPS,"{""sum"": [""OBP"", ""SLG""]}",0.767513774
hitter,2026,Depth Charts,p_566da69483a08944a4fd0dbe,s_a2211d555ee3db49f61836d3,actual,OPS,"{""sum"": [""OBP"", ""SLG""]}",0.685119047
hitter,2026,Depth Charts,p_03b64d654a078e0d162c57bd,s_18ba8e28ff1bbef3be4c07b0,actual,OPS,"{""sum"": [""OBP"", ""SLG""]}",0.879267909
hitter,2026,Depth Charts,p_316c3f5d72b7ee1b6a59d1c6,s_d1a6b44ebfb607a267073aaa,actual,OPS,"{""sum"": [""OBP"", ""SLG""]}",0.792304476
hitter,2026,Depth Charts,p_a1c10b179912b1d2f03fa32c,s_1db584c701c7cf9deab857c4,actual,OPS,"{""sum"": [""OBP"", ""SLG""]}",0.843513645
hitter,2026,Depth Charts,p_806c100a85a17dfdcfe3aeab,s_724a525a587598afb62d0b8e,actual,OPS,"{""sum"": [""OBP"", ""SLG""]}",0.675913937
hitter,2026,Depth Charts,p_abdfe3139ed4c9eda6ce0c37,s_52a863312a1d37669e3111c7,actual,OPS,"{""sum"": [""OBP"", ""SLG""]}",0.837375378
hitter,2026,Depth Charts,p_98faa1d5523b21adac215d1f,s_d82d8b51ed94d9a4c39a0538,actual,OPS,"{""sum"": [""OBP"", ""SLG""]}",0.624324993
hitter,2026,Depth Charts,p_4672fc02fbfa48399c90584a,s_a3af1ab3421d4087ea011246,actual,OPS,"{""sum"": [""OBP"", ""SLG""]}",0.73506939
hitter,2026,Depth Charts,p_8d8ac643ab43c0a5edae56ca,s_488c7cf888e3e46e71701bc1,actual,OPS,"{""sum"": [""OBP"", ""SLG""]}",0.884451826
hitter,2026,Depth Charts,p_fe3b34280c5c898441437983,s_5edf2ad6cbbbd46e0a273108,actual,OPS,"{""sum"": [""OBP"", ""SLG""]}",0.7307275010000001
hitter,2026,Depth Charts,p_ca7feb5b66329358ea3d8c70,s_1a73d93999620d006f69a957,actual,OPS,"{""sum"": [""OBP"", ""SLG""]}",0.823316905
hitter,2026,Depth Charts,p_cce7aefd60200f89eb5f62c5,s_d9b38dea802cc92f5999ba1f,actual,OPS,"{""sum"": [""OBP"", ""SLG""]}",0.8913669930000001
hitter,2026,Depth Charts,p_519c7e279020b1a6676d30b6,s_cb04149a88edf7dd28d45ee8,actual,OPS,"{""sum"": [""OBP"", ""SLG""]}",0.805989689
hitter,2026,Depth Charts,p_a10691810a3a9049724c355e,s_31e633c248b124797e92184a,actual,OPS,"{""sum"": [""OBP"", ""SLG""]}",0.8160977460000001
hitter,2026,Depth Charts,p_041b290ccb9dec49681e05d7,s_b3038122a904303f112675f9,actual,OPS,"{""sum"": [""OBP"", ""SLG""]}",0.780983376
hitter,2026,Depth Charts,p_773d7d56031db8879f6723e8,s_e3d987cf1137127fe582194a,actual,OPS,"{""sum"": [""OBP"", ""SLG""]}",0.780604377
hitter,2026,Depth Charts,p_6c63d7d7b55bc0f02c783a80,s_7fdef04bc89d4d868b60a060,actual,OPS,"{""sum"": [""OBP"", ""SLG""]}",0.711180818
hitter,2026,Depth Charts,p_b2481482b385c3996645ecdb,s_69d92a326e935a910d7efa9c,actual,OPS,"{""sum"": [""OBP"", ""SLG""]}",0.81673997
hitter,2026,Depth Charts,p_eee8adf491cb30aad8c0c2e7,s_9a18df27c3ff7b78dde2de35,actual,OPS,"{""sum"": [""OBP"", ""SLG""]}",0.669677065
hitter,2026,Depth Charts,p_0ad68b951761f8685abeae36,s_2cd07537c4d3e970db670197,actual,OPS,"{""sum"": [""OBP"", ""SLG""]}",0.620300751
hitter,2026,Depth Charts,p_abe047f07a0efa446f4a36de,s_e92f91adc2c1b64412a52f7d,actual,OPS,"{""sum"": [""OBP"", ""SLG""]}",0.760589822
hitter,2026,Depth Charts,p_116cdec4053638cbb2ccefd2,s_428b0e56d72521d552b5d703,actual,OPS,"{""sum"": [""OBP"", ""SLG""]}",0.779828306
hitter,2026,Depth Charts,p_cfd86603afc94c644229f9cc,s_c4b4b0919eae711a0434f2ac,actual,OPS,"{""sum"": [""OBP"", ""SLG""]}",0.7042475539999999
hitter,2026,Depth Charts,p_c315f699dc20ea9f45db58c2,s_a738e9f595d9941a17ad68a0,actual,OPS,"{""sum"": [""OBP"", ""SLG""]}",0.853954809
hitter,2026,Depth Charts,p_9c139e8de020d424429029d1,s_009964ff37a99922cfb739a1,actual,OPS,"{""sum"": [""OBP"", ""SLG""]}",0.8647420530000001
hitter,2026,Depth Charts,p_93147868d8b8ef25dc5ff7ce,s_5857366e0dcaefd576fec240,actual,OPS,"{""sum"": [""OBP"", ""SLG""]}",0.730453667
hitter,2026,Depth Charts,p_d803dc65885a070fabf6818a,s_20327f11c5bac7b40fd3da60,actual,OPS,"{""sum"": [""OBP"", ""SLG""]}",0.8109159450000001
hitter,2026,Depth Charts,p_0f12b16a4ff92fb0e5d398d2,s_22fbafbe23f13234dce67085,actual,OPS,"{""sum"": [""OBP"", ""SLG""]}",0.833800763
hitter,2026,Depth Charts,p_bb6f9449c9e0ffc57d547002,s_b24691fe127d9fb009fe631b,actual,OPS,"{""sum"": [""OBP"", ""SLG""]}",0.727414205
hitter,2026,Depth Charts,p_4377316cb604fc79c43e849f,s_03daf5165016cf920a0f95ab,actual,OPS,"{""sum"": [""OBP"", ""SLG""]}",0.748940318
hitter,2026,Depth Charts,p_d3826afca90b544836e2677c,s_27b4c9a16c48fac40a4c6f20,actual,OPS,"{""sum"": [""OBP"", ""SLG""]}",0.667495154
hitter,2026,Depth Charts,p_0b1f16cb17d8c26e63a90351,s_13bfd69e1aa9d71bd6747828,actual,OPS,"{""sum"": [""OBP"", ""SLG""]}",0.61657706
hitter,2026,Depth Charts,p_33ef22bd9c5fcfa876186831,s_566f1239ecbccd867cc2cb72,actual,OPS,"{""sum"": [""OBP"", ""SLG""]}",0.856867469
hitter,2026,Depth Charts,p_0575c7ada041df0cca2d5549,s_321ab383c3b9904633180290,actual,OPS,"{""sum"": [""OBP"", ""SLG""]}",0.801679729
hitter,2026,Depth Charts,p_45a4c94329ef45c21f405f71,s_d514cb52df2a2ff876173545,actual,OPS,"{""sum"": [""OBP"", ""SLG""]}",0.734677316
hitter,2026,Depth Charts,p_fc5ea9af3a74454e7e41965e,s_772abb3b6849d58e2fd9d2e3,actual,OPS,"{""sum"": [""OBP"", ""SLG""]}",0.7355564880000001
hitter,2026,Depth Charts,p_b7f93fa6cd2a0022c2f4073c,s_4e5a48a6b5cc6c0582a3df7c,actual,OPS,"{""sum"": [""OBP"", ""SLG""]}",0.703225454
hitter,2026,Depth Charts,p_9dae11e0cd2670bf2ee9255e,s_5cf60873dffcf3199336cafa,actual,OPS,"{""sum"": [""OBP"", ""SLG""]}",0.786827112
hitter,2026,Depth Charts,p_81055a604ebcb0e79f8ffbe8,s_14194243888c12e00d07a9af,actual,OPS,"{""sum"": [""OBP"", ""SLG""]}",0.649488191
hitter,2026,Depth Charts,p_406c3866f3427af34341afec,s_af3cae8dd0f49f7186d118bb,actual,OPS,"{""sum"": [""OBP"", ""SLG""]}",0.60792978
hitter,2026,Depth Charts,p_92c069a29d913048d5371a39,s_1620f0ce3e3256006a1685dc,actual,OPS,"{""sum"": [""OBP"", ""SLG""]}",0.896850003
hitter,2026,Depth Charts,p_7b5d1a173b863deb0b76a4d6,s_f35ce19fd4e5543ae67f0e77,actual,OPS,"{""sum"": [""OBP"", ""SLG""]}",0.745446009
hitter,2026,Depth Charts,p_b3b356771b4a2b8a3dabc8a1,s_72703841dfe22df38b922b65,actual,OPS,"{""sum"": [""OBP"", ""SLG""]}",0.71046859
hitter,2026,Depth Charts,p_e6a7e479765cf29ade93adc3,s_936720f484fbcdada9e92738,actual,OPS,"{""sum"": [""OBP"", ""SLG""]}",0.8048546539999999
hitter,2026,Depth Charts,p_fd44d075dbb0de467ecd4cec,s_d1a9e6be128fe90fc89eb69c,actual,OPS,"{""sum"": [""OBP"", ""SLG""]}",0.710132685
hitter,2026,Depth Charts,p_0130cd45d3e0619843f93b86,s_90d1e4bda810116fc3630aba,actual,OPS,"{""sum"": [""OBP"", ""SLG""]}",0.786346572
hitter,2026,Depth Charts,p_3df3de11935400a2046d0e22,s_cd88fb2af1e53ddf7567ad14,actual,OPS,"{""sum"": [""OBP"", ""SLG""]}",0.649430933
hitter,2026,Depth Charts,p_18f58e283cd36378ac1da1fd,s_c1d1aef426893992c1119f93,actual,OPS,"{""sum"": [""OBP"", ""SLG""]}",0.7283858750000001
hitter,2026,Depth Charts,p_fe349ad78aee63c7c18b8b83,s_79b3af4bc254fb1986e14792,actual,OPS,"{""sum"": [""OBP"", ""SLG""]}",0.670388306
hitter,2026,Depth Charts,p_19af1c0e0d94d73536407863,s_5b2a1d992e11868860409bc5,actual,OPS,"{""sum"": [""OBP"", ""SLG""]}",0.723969097
hitter,2026,Depth Charts,p_38e2bb8be3a261e7adcb997c,s_536f1a0f5fae759be82fd2fb,actual,OPS,"{""sum"": [""OBP"", ""SLG""]}",0.738072163
hitter,2026,Depth Charts,p_5c4251b6812026c9a34d5cec,s_f8b290fc561fa8d6b2378ef5,actual,OPS,"{""sum"": [""OBP"", ""SLG""]}",0.636740721
hitter,2026,Depth Charts,p_ddf817cabc06756b0e3c52c8,s_bf3cd41d8682357a07ea3aaa,actual,OPS,"{""sum"": [""OBP"", ""SLG""]}",0.730084403
hitter,2026,Depth Charts,p_dca7ac3dcb00e9e9c03af974,s_3433c3d926ea99214cc1a9b6,actual,OPS,"{""sum"": [""OBP"", ""SLG""]}",0.666966524
hitter,2026,Depth Charts,p_6ef9eb123a894da47938ad54,s_bae6b415e90e1729b5babbe1,actual,OPS,"{""sum"": [""OBP"", ""SLG""]}",0.680942148
hitter,2026,Depth Charts,p_0cfc16ec70a614e40004e420,s_cedd5e9c019dd7149c13d2d7,actual,OPS,"{""sum"": [""OBP"", ""SLG""]}",0.765272838
hitter,2026,Depth Charts,p_14d1280565f59b8db3772882,s_4aa8d4811e4d6cd077f864a3,actual,OPS,"{""sum"": [""OBP"", ""SLG""]}",0.627277226
hitter,2026,Depth Charts,p_30c7a668112dbae738c3a2dc,s_ddb8d07d61d1f7fe98712202,actual,OPS,"{""sum"": [""OBP"", ""SLG""]}",0.840902381
hitter,2026,Depth Charts,p_44767dae17d72f3b81e5e39f,s_2e2f8ef220f89d054878e7ad,actual,OPS,"{""sum"": [""OBP"", ""SLG""]}",0.6212743000000001
hitter,2026,Depth Charts,p_5238beca8d2e0f1fd715c816,s_518e3b8a6d8bd34978c66d09,actual,OPS,"{""sum"": [""OBP"", ""SLG""]}",0.6853006749999999
hitter,2026,Depth Charts,p_976a51a68ae7b23d4651968b,s_b73d2d0818b0c731fd85511c,actual,OPS,"{""sum"": [""OBP"", ""SLG""]}",0.697501422
hitter,2026,Depth Charts,p_d84830ffa4fab8cd91af4c87,s_01cb1f946876611e7f23a800,actual,OPS,"{""sum"": [""OBP"", ""SLG""]}",0.686644005
hitter,2026,Depth Charts,p_57c56a495da77e06c1b64a9f,s_d5ffe80d27145db6289bc992,actual,OPS,"{""sum"": [""OBP"", ""SLG""]}",0.762213215
hitter,2026,Depth Charts,p_e96df7bede80ce3e564c75a2,s_d1270a01d0c85acbe3438986,actual,OPS,"{""sum"": [""OBP"", ""SLG""]}",0.7009822219999999
hitter,2026,Depth Charts,p_1d7e8678c5830f3f0069f0d2,s_263d3d9ca0e45c8c4020db35,actual,OPS,"{""sum"": [""OBP"", ""SLG""]}",0.7729947669999999
hitter,2026,Depth Charts,p_603925421b21bc562bc8d1f0,s_d26067351e51484098eb7722,actual,OPS,"{""sum"": [""OBP"", ""SLG""]}",0.772321715
hitter,2026,Depth Charts,p_fe5e81171887fdbded90e9cf,s_d8c9d7be1413f9f4834179ea,actual,OPS,"{""sum"": [""OBP"", ""SLG""]}",0.489010988
hitter,2026,Depth Charts,p_63b127378fbb63f7a8ac5c53,s_61340308601fb0131a5bd64e,actual,OPS,"{""sum"": [""OBP"", ""SLG""]}",0.806255028
hitter,2026,Depth Charts,p_ed974f466607b19fee8971ac,s_7589bd30a9c1eafda50c07de,actual,OPS,"{""sum"": [""OBP"", ""SLG""]}",0.803359108
hitter,2026,Depth Charts,p_8f4e0edcdbb51e8ea8ef460c,s_b6d132e0269be872fdc68656,actual,OPS,"{""sum"": [""OBP"", ""SLG""]}",0.706068114
hitter,2026,Depth Charts,p_ce85f63fda313884a0d3797d,s_b6fbe23f571d37b28f0a836b,actual,OPS,"{""sum"": [""OBP"", ""SLG""]}",0.728329928
hitter,2026,Depth Charts,p_3a018d05684bd05311c373cb,s_0498b1d2ef2348d2346f93a5,actual,OPS,"{""sum"": [""OBP"", ""SLG""]}",0.629011779
hitter,2026,Depth Charts,p_41adaed6cd990313cac1c28c,s_332638c3871231758f75efa8,actual,OPS,"{""sum"": [""OBP"", ""SLG""]}",0.719952339
hitter,2026,Depth Charts,p_c3256a07b8bac1f086784cc2,s_d8951664fa3859baedd4377c,actual,OPS,"{""sum"": [""OBP"", ""SLG""]}",0.792267189
hitter,2026,Depth Charts,p_07a6c8c4d72175b6a105acc0,s_b07d6c974c86b0dabfd52ed8,actual,OPS,"{""sum"": [""OBP"", ""SLG""]}",0.706862745
hitter,2026,Depth Charts,p_367043d04df11c50c62b433f,s_cbd59c1a7934cd2518fd4936,actual,OPS,"{""sum"": [""OBP"", ""SLG""]}",0.83734768
hitter,2026,Depth Charts,p_26a8a517c6eb9d8b6968c481,s_3de5ef1336d1c1324377fd20,actual,OPS,"{""sum"": [""OBP"", ""SLG""]}",0.550925925
hitter,2026,Depth Charts,p_01f201d29bbe20594b827aba,s_22d1a09c3f95f238c2ac5085,actual,OPS,"{""sum"": [""OBP"", ""SLG""]}",0.725773577
hitter,2026,Depth Charts,p_ea8a5d1c846e0c84971a0bb4,s_5926ff940684cbaa6dab90d0,actual,OPS,"{""sum"": [""OBP"", ""SLG""]}",0.813828692
hitter,2026,Depth Charts,p_54a176facbbf2b86f4773ac9,s_3317fc1737dd28d5a4e89bfd,actual,OPS,"{""sum"": [""OBP"", ""SLG""]}",0.805775347
hitter,2026,Depth Charts,p_7a73d79a099a02d80efb70ee,s_bf837c572fb2be9b30a5f1a8,actual,OPS,"{""sum"": [""OBP"", ""SLG""]}",0.816010854
hitter,2026,Depth Charts,p_a3ea0178a0c5e8f586a37196,s_3560cff7a0ce7d4cbc853945,actual,OPS,"{""sum"": [""OBP"", ""SLG""]}",0.825170674
hitter,2026,Depth Charts,p_9dc26246e90ca8f349fcd827,s_d9191540b1d1e342799ebdc2,actual,OPS,"{""sum"": [""OBP"", ""SLG""]}",0.864862748
hitter,2026,Depth Charts,p_8b4dd804140aaf9ec7e45949,s_d2183316cbb9c4a045142f32,actual,OPS,"{""sum"": [""OBP"", ""SLG""]}",0.90139279
hitter,2026,Depth Charts,p_374639c006432a57cd7173fc,s_8a92a27d3d28e3986ff7b762,actual,OPS,"{""sum"": [""OBP"", ""SLG""]}",0.764609466
hitter,2026,Depth Charts,p_dc25209b8d6f78bd1ff199d1,s_b5eb6b03ae3366deacbf3f49,actual,OPS,"{""sum"": [""OBP"", ""SLG""]}",0.8099705660000001
hitter,2026,Depth Charts,p_1a95972d3cc893a472abc230,s_75ef812168dc10847bc596c5,actual,OPS,"{""sum"": [""OBP"", ""SLG""]}",0.837220947
hitter,2026,Depth Charts,p_16c8a61592460a4590a285cf,s_e5b1e0c5160d3a45f8be16cc,actual,OPS,"{""sum"": [""OBP"", ""SLG""]}",0.6366795350000001
hitter,2026,Depth Charts,p_f833a627792ee898758f75c1,s_e088e94f7f7492218b6ba823,actual,OPS,"{""sum"": [""OBP"", ""SLG""]}",0.588786446
hitter,2026,Depth Charts,p_3664d107759fe0ae5d9df463,s_6b30b78dc378c0354bca4e0d,actual,OPS,"{""sum"": [""OBP"", ""SLG""]}",0.684695686
hitter,2026,Depth Charts,p_a910702a6f8986211ef36f3c,s_8d2852df928353edb2ccdf29,actual,OPS,"{""sum"": [""OBP"", ""SLG""]}",0.602218454
hitter,2026,Depth Charts,p_d6e2291a941b28d7a61905e7,s_5fb71adc7b9260f90cd7ae31,actual,OPS,"{""sum"": [""OBP"", ""SLG""]}",0.613796835
hitter,2026,Depth Charts,p_34b3b6e9dd4f5cea6194f845,s_70aaf7465a78b6306dc34c71,actual,OPS,"{""sum"": [""OBP"", ""SLG""]}",0.5099117719999999
hitter,2026,Depth Charts,p_07105369a9e627dc07e08f3a,s_93fe8ee40405f0080a410d04,actual,OPS,"{""sum"": [""OBP"", ""SLG""]}",0.7601937759999999
hitter,2026,Depth Charts,p_1552cbc32b7c3d101007d1ee,s_9a838d948a5ecab44787cfdc,actual,OPS,"{""sum"": [""OBP"", ""SLG""]}",0.657501847
hitter,2026,Depth Charts,p_314d65c651f0866b57c6c200,s_6c0f9612db9fa8c47643726f,actual,OPS,"{""sum"": [""OBP"", ""SLG""]}",0.6135731200000001
hitter,2026,Depth Charts,p_34425c8d8ba5966e2a935516,s_716fdf08a974eb014e172aa7,actual,OPS,"{""sum"": [""OBP"", ""SLG""]}",0.59421499
hitter,2026,Depth Charts,p_dae2f3444392e0e6d8dd111e,s_bfe772542970d43862409c3e,actual,OPS,"{""sum"": [""OBP"", ""SLG""]}",0.839062057
hitter,2026,Depth Charts,p_88ea9f9f953b0443fa439d35,s_1e4c613726368ff3af496af4,actual,OPS,"{""sum"": [""OBP"", ""SLG""]}",0.639965825
hitter,2026,Depth Charts,p_edf8657586c7b50067f79dfb,s_57df33f3d1341d941fc5acf1,actual,OPS,"{""sum"": [""OBP"", ""SLG""]}",0.6866370150000001
hitter,2026,Depth Charts,p_affde6872bd6da6eac225574,s_d6d99ecaa92300f1a1b68709,actual,OPS,"{""sum"": [""OBP"", ""SLG""]}",0.660034139
hitter,2026,Depth Charts,p_ac2c415e448152dd4e3b1104,s_7f99c561563223fc99572c3a,actual,OPS,"{""sum"": [""OBP"", ""SLG""]}",0.466813645
hitter,2026,Depth Charts,p_5d96d38ca6ef254577b06725,s_d23514bf9202faccb4bd716c,actual,OPS,"{""sum"": [""OBP"", ""SLG""]}",0.305194804
hitter,2026,Depth Charts,p_5c1070a01c0c31d9a11bbaed,s_b7896105a54ba34316cce272,actual,OPS,"{""sum"": [""OBP"", ""SLG""]}",0.72128971
hitter,2026,Depth Charts,p_6de35f5e278afdecbd404107,s_4b6680ca1314c6cf811fe4d9,actual,OPS,"{""sum"": [""OBP"", ""SLG""]}",0.662309367
hitter,2026,Depth Charts,p_3600755d96c052bc6d329493,s_0f7667df6ecd8778909b0e71,actual,OPS,"{""sum"": [""OBP"", ""SLG""]}",0.609731704
hitter,2026,Depth Charts,p_b80059e715bc562d70fcb8af,s_4657b1f91b748e491c34e508,actual,OPS,"{""sum"": [""OBP"", ""SLG""]}",0.827176421
hitter,2026,Depth Charts,p_08ae04aabc21677b06e0f5b5,s_fdfa3ccb11a729f037296cbb,actual,OPS,"{""sum"": [""OBP"", ""SLG""]}",0.611211147
hitter,2026,Depth Charts,p_d15ee8551777e5c3a4d0aae0,s_483b6b10549a874e089b5bcc,actual,OPS,"{""sum"": [""OBP"", ""SLG""]}",0.759351585
hitter,2026,Depth Charts,p_0b8d12717e3a41fbb14e5a16,s_f82fa0d1417fa8212a49f51e,actual,OPS,"{""sum"": [""OBP"", ""SLG""]}",0.7893370449999999
hitter,2026,Depth Charts,p_fd457e419f55ef98100c8820,s_b30bbca3218d2ed8225d8734,actual,OPS,"{""sum"": [""OBP"", ""SLG""]}",0.692457312
hitter,2026,Depth Charts,p_d280fe766b138e116686c70c,s_872c700de89ff413b220e88a,actual,OPS,"{""sum"": [""OBP"", ""SLG""]}",0.431018517
hitter,2026,Depth Charts,p_49284b363959e469c6d521d3,s_4f9baf5869a982dd11c03725,actual,OPS,"{""sum"": [""OBP"", ""SLG""]}",0.712786377
hitter,2026,Depth Charts,p_5ea69072becc5cf7c0a9e718,s_dffe842699972eaa1a9bdbb4,actual,OPS,"{""sum"": [""OBP"", ""SLG""]}",0.712821724
hitter,2026,Depth Charts,p_26d4f21be7d206242e2e82ad,s_906faf3d41adfa73bb08f088,actual,OPS,"{""sum"": [""OBP"", ""SLG""]}",0.787463884
hitter,2026,Depth Charts,p_2d444cfa000f2def8872ded3,s_6ced0a176f7b68765c48f74b,actual,OPS,"{""sum"": [""OBP"", ""SLG""]}",0.716320953
hitter,2026,Depth Charts,p_375a02679516c1818c1c1266,s_b198e3aa71fd7087c7d23d4d,actual,OPS,"{""sum"": [""OBP"", ""SLG""]}",0.790176252
hitter,2026,Depth Charts,p_090a1d58e67cb527524b4184,s_94b25b6c9871568d4a457048,actual,OPS,"{""sum"": [""OBP"", ""SLG""]}",0.7073170719999999
hitter,2026,Depth Charts,p_9135fc2468c32449f77b1f5b,s_d52ba0bda404d6c6f584a245,actual,OPS,"{""sum"": [""OBP"", ""SLG""]}",0.556688764
hitter,2026,Depth Charts,p_910eaf826bf8a3ff8e586a66,s_3e3a1958e336d1b66afdb630,actual,OPS,"{""sum"": [""OBP"", ""SLG""]}",0.727763002
hitter,2026,Depth Charts,p_1a2ff168ae4dee38f3f0da86,s_fb351f1bd0fd6227420e765e,actual,OPS,"{""sum"": [""OBP"", ""SLG""]}",0.684384903
hitter,2026,Depth Charts,p_9b7916f908afc5ad14fc69e1,s_a98631776fbb41c542ce14e9,actual,OPS,"{""sum"": [""OBP"", ""SLG""]}",0.699811547
hitter,2026,Depth Charts,p_bae0c0ca4e440ae7ebfa87be,s_6695c8671e3571aa96e1966c,actual,OPS,"{""sum"": [""OBP"", ""SLG""]}",0.823943366
hitter,2026,Depth Charts,p_c05881c381976b5718259e6a,s_d47b173d4cd1721d6da06a29,actual,OPS,"{""sum"": [""OBP"", ""SLG""]}",0.6936843779999999
hitter,2026,Depth Charts,p_ce144ce9a8cc74bf957c8921,s_e0d9b8d5da9a53d00f3c4acb,actual,OPS,"{""sum"": [""OBP"", ""SLG""]}",0.358712965
hitter,2026,Depth Charts,p_c036f8c59b7723c46b54b8f3,s_71d2dfc9440121ba3df42686,actual,OPS,"{""sum"": [""OBP"", ""SLG""]}",0.7659667800000001
hitter,2026,Depth Charts,p_949685b5495cd6ed803f6057,s_101109ede0b8b2936f714b05,actual,OPS,"{""sum"": [""OBP"", ""SLG""]}",0.704844029
hitter,2026,Depth Charts,p_e8f31649994a3e32ef11f822,s_4c7791a83113fc8c90b62700,actual,OPS,"{""sum"": [""OBP"", ""SLG""]}",0.735765878
hitter,2026,Depth Charts,p_5d01293e94a7585a67693fb0,s_4084e4024121f39c0fc04d88,actual,OPS,"{""sum"": [""OBP"", ""SLG""]}",0.740408638
hitter,2026,Depth Charts,p_b1a89f2be7e4c14ff4efdd77,s_9f46429501e3d7d4f5f8ed61,actual,OPS,"{""sum"": [""OBP"", ""SLG""]}",0.556198347
hitter,2026,Depth Charts,p_0eaaec37182495ecee4c0eba,s_4f09c810b59ed65530fc1474,actual,OPS,"{""sum"": [""OBP"", ""SLG""]}",0.778195937
hitter,2026,Depth Charts,p_983f337494dd44856c74ae94,s_b72344f38edd5c6e82629c3b,actual,OPS,"{""sum"": [""OBP"", ""SLG""]}",0.6883249140000001
hitter,2026,Depth Charts,p_982c7d30cba9f37d0babd910,s_28a3483aa6e430d222c0621a,actual,OPS,"{""sum"": [""OBP"", ""SLG""]}",0.755161069
hitter,2026,Depth Charts,p_ba07987ec3defa0be7df57c7,s_54e80b118e9ec00e593e12f2,actual,OPS,"{""sum"": [""OBP"", ""SLG""]}",0.7141480170000001
hitter,2026,Depth Charts,p_c347beb197dc45a63da2eb7d,s_5856b230b1a5e76912384ce8,actual,OPS,"{""sum"": [""OBP"", ""SLG""]}",0.770180379
hitter,2026,Depth Charts,p_5e0944f2a44bb662ff478989,s_f4fbc9972bb5b16d72546477,actual,OPS,"{""sum"": [""OBP"", ""SLG""]}",0.5232823179999999
hitter,2026,Depth Charts,p_38223e84aa9c100b39331fcf,s_b43f40ebe4d0ad5babecf8a9,actual,OPS,"{""sum"": [""OBP"", ""SLG""]}",0.6970088720000001
hitter,2026,Depth Charts,p_3e65baa0e05437e8c0238e22,s_1269c71fcb10f297b47f9dff,actual,OPS,"{""sum"": [""OBP"", ""SLG""]}",0.718936249
hitter,2026,Depth Charts,p_10f1f74c96a473df3fdd40c8,s_c8fad6b22d659681f7f199cd,actual,OPS,"{""sum"": [""OBP"", ""SLG""]}",0.662701427
hitter,2026,Depth Charts,p_2df0748ced386bc886f0bded,s_5748801e42b9c24948e296f2,actual,OPS,"{""sum"": [""OBP"", ""SLG""]}",0.728327645
hitter,2026,Depth Charts,p_e2a6b3fb9b9c46752f076393,s_400eea20f908740be098272e,actual,OPS,"{""sum"": [""OBP"", ""SLG""]}",0.7380617030000001
hitter,2026,Depth Charts,p_9837c9964fe5b2c7ce57160e,s_390d18a24005fd45a40b08ec,actual,OPS,"{""sum"": [""OBP"", ""SLG""]}",0.635258849
hitter,2026,Depth Charts,p_b78289d1db7944d769d0fd0e,s_6b9eb06014700f9f9a19b30e,actual,OPS,"{""sum"": [""OBP"", ""SLG""]}",0.722476212
hitter,2026,Depth Charts,p_22206224451c3db51ac6d5b0,s_364fa0534c4729cfc1af802f,actual,OPS,"{""sum"": [""OBP"", ""SLG""]}",0.5992745989999999
hitter,2026,Depth Charts,p_926280ac4e44befa2c879505,s_8d2d345addc885a7feb18310,actual,OPS,"{""sum"": [""OBP"", ""SLG""]}",0.58753163
hitter,2026,Depth Charts,p_9424207a305885854f7bcd07,s_95f1d133dbabd6cf15aa0306,actual,OPS,"{""sum"": [""OBP"", ""SLG""]}",0.680750604
hitter,2026,Depth Charts,p_a280e0051deab38225ff5e85,s_e8cc32f2e8faa6453851a683,actual,OPS,"{""sum"": [""OBP"", ""SLG""]}",0.41888447900000003
hitter,2026,Depth Charts,p_52fc31dada4e865b88f8ce42,s_3419b6b3330e868ced920790,actual,OPS,"{""sum"": [""OBP"", ""SLG""]}",0.834104458
hitter,2026,Depth Charts,p_1c2555fab0a44a8694e53597,s_b01fc88f00b53dfd7104d8a8,actual,OPS,"{""sum"": [""OBP"", ""SLG""]}",0.65635862
hitter,2026,Depth Charts,p_12ab82bfc52a6eb89981c8ef,s_18cd5ff4414a054de647d000,actual,OPS,"{""sum"": [""OBP"", ""SLG""]}",0.691849006
hitter,2026,Depth Charts,p_3e3e2bbedd618c19b7401786,s_810555a4421d2d6afc023485,actual,OPS,"{""sum"": [""OBP"", ""SLG""]}",0.671629358
hitter,2026,Depth Charts,p_bbaf8d520b3e4b79303a4fa8,s_c35442e22df365dda2f16b65,actual,OPS,"{""sum"": [""OBP"", ""SLG""]}",0.726533088
hitter,2026,Depth Charts,p_71d39bbc0fefb4bfd7f4b968,s_186bd58641b8bb54ab6c71e0,actual,OPS,"{""sum"": [""OBP"", ""SLG""]}",0.6410256400000001
hitter,2026,Depth Charts,p_0173b722ac4118ed6cdf2900,s_2600f3d3263a92fb4ea93853,actual,OPS,"{""sum"": [""OBP"", ""SLG""]}",0.590645174
hitter,2026,Depth Charts,p_b568a0123a1581a870454450,s_cbf1d53d2e0bc74fa06ad556,actual,OPS,"{""sum"": [""OBP"", ""SLG""]}",0.622844827
hitter,2026,Depth Charts,p_8da5a98f5e436023740fed42,s_d258d07eca701fa8a5e3fc64,actual,OPS,"{""sum"": [""OBP"", ""SLG""]}",0.579793854
hitter,2026,Depth Charts,p_f00855fd10751f91f9838dac,s_2c3edfeebf92b2eb1084b661,actual,OPS,"{""sum"": [""OBP"", ""SLG""]}",0.676623376
hitter,2026,Depth Charts,p_e7209053b03523d1b10b464b,s_a9e971659904bf8374e84db6,actual,OPS,"{""sum"": [""OBP"", ""SLG""]}",0.556305535
hitter,2026,Depth Charts,p_cced76e05d34ab38cbd25725,s_7339605a86ea1b10e97ff3c3,actual,OPS,"{""sum"": [""OBP"", ""SLG""]}",0.682493397
hitter,2026,Depth Charts,p_93e100e165a078d561fb564c,s_05d898ae882722f5d724cd00,actual,OPS,"{""sum"": [""OBP"", ""SLG""]}",0.819714135
hitter,2026,Depth Charts,p_1bd7ec313c1b0c6a4e0beaa8,s_c42e95e431da4f9fe8092f98,actual,OPS,"{""sum"": [""OBP"", ""SLG""]}",0.641034409
hitter,2026,Depth Charts,p_89571ae4477faeb62a16b64b,s_5d4c2f096480174a17f5e874,actual,OPS,"{""sum"": [""OBP"", ""SLG""]}",0.8307100940000001
hitter,2026,Depth Charts,p_17359d602cb142314bd90053,s_87bf49f1b05b9d28379fb022,actual,OPS,"{""sum"": [""OBP"", ""SLG""]}",0.7706525660000001
hitter,2026,Depth Charts,p_8010bf50d9cac90da8bc9c88,s_254e03ff0fb6f1edc76c3f0f,actual,OPS,"{""sum"": [""OBP"", ""SLG""]}",0.712519561
hitter,2026,Depth Charts,p_32953bb768e19cff1aa203f4,s_3a8266fe139e5f13c714cc69,actual,OPS,"{""sum"": [""OBP"", ""SLG""]}",0.409147869
hitter,2026,Depth Charts,p_14c16a139ce71b89830c7462,s_9741a6faa21d0357513a51e2,actual,OPS,"{""sum"": [""OBP"", ""SLG""]}",0.696282372
hitter,2026,Depth Charts,p_453f6b5d6ed77a8cb0076130,s_ee41a2934f2c0128c05e3f20,actual,OPS,"{""sum"": [""OBP"", ""SLG""]}",0.604989604
hitter,2026,Depth Charts,p_44532242db028a1dd74c936e,s_0db1296a1e312ad837a1d75f,actual,OPS,"{""sum"": [""OBP"", ""SLG""]}",0.788858923
hitter,2026,Depth Charts,p_aed2fb7cd6c58e39a3e092f7,s_aa4af0506f2b27ce382b3e46,actual,OPS,"{""sum"": [""OBP"", ""SLG""]}",0.680086624
hitter,2026,Depth Charts,p_c83d352443086e7f53e8ec08,s_bf1266d5af530efb55091893,actual,OPS,"{""sum"": [""OBP"", ""SLG""]}",0.612407512
hitter,2026,Depth Charts,p_034871097292618cf33a0c4f,s_caeeb712dbbe30f28c7a3c0e,actual,OPS,"{""sum"": [""OBP"", ""SLG""]}",0.676674784
hitter,2026,Depth Charts,p_195d3875e4a4e1c784bd1742,s_febb630d72f29da29e59b909,actual,OPS,"{""sum"": [""OBP"", ""SLG""]}",0.724754634
hitter,2026,Depth Charts,p_7fdf70628f36e355ee189240,s_26fa03f54e2a67b20893ada9,actual,OPS,"{""sum"": [""OBP"", ""SLG""]}",0.627939212
hitter,2026,Depth Charts,p_4f4c4807eced6c528cffe237,s_0f19d1dc5ecdd44725e275ea,actual,OPS,"{""sum"": [""OBP"", ""SLG""]}",0.632855889
hitter,2026,Depth Charts,p_09c7619577ad30939383f6b8,s_edd702a8756aef2d81a36f47,actual,OPS,"{""sum"": [""OBP"", ""SLG""]}",0.370062369
hitter,2026,Depth Charts,p_38d7241e29090de68e34bc2f,s_9ec1679e7f65b6596f8c2c7f,actual,OPS,"{""sum"": [""OBP"", ""SLG""]}",0.748098723
hitter,2026,Depth Charts,p_f81e06f86a4750a02ca58853,s_86347b4605fa846051470c3f,actual,OPS,"{""sum"": [""OBP"", ""SLG""]}",0.6688556889999999
hitter,2026,Depth Charts,p_85bb7396ce2d4e28a61e72d7,s_619b67bbc80bb06c9e8cbd63,actual,OPS,"{""sum"": [""OBP"", ""SLG""]}",0.624193548
hitter,2026,Depth Charts,p_aed415d87aa458c3f61f701a,s_daf18ee2d66d50da9f1c0465,actual,OPS,"{""sum"": [""OBP"", ""SLG""]}",0.6910424589999999
hitter,2026,Depth Charts,p_940fa05875c6ec92a4c0f82a,s_a250982060d2996a5d8af760,actual,OPS,"{""sum"": [""OBP"", ""SLG""]}",0.626503033
hitter,2026,Depth Charts,p_965a6ea3817c304cc282796b,s_d86a7ead33ca995b629092cc,actual,OPS,"{""sum"": [""OBP"", ""SLG""]}",0.653307765
hitter,2026,Depth Charts,p_43de269c43a2abc9eaaccc63,s_a6b7f8e998b4cae1c1034925,actual,OPS,"{""sum"": [""OBP"", ""SLG""]}",0.676148581
hitter,2026,Depth Charts,p_42767f2ef4cd11bba011e99d,s_b9542a0791a9a544695f6ab3,actual,OPS,"{""sum"": [""OBP"", ""SLG""]}",0.726542516
hitter,2026,Depth Charts,p_7517d598bb2a03a162d6c6e1,s_4ed374dea4c936e5429c0c1e,actual,OPS,"{""sum"": [""OBP"", ""SLG""]}",0.71456867
hitter,2026,Depth Charts,p_ffd040ba2a8510627669e8f3,s_3563d37310f4774e06d2cf05,actual,OPS,"{""sum"": [""OBP"", ""SLG""]}",0.7002499209999999
hitter,2026,Depth Charts,p_772e2bb69cabe6eda522882b,s_e68434e4e31a6db008594c94,actual,OPS,"{""sum"": [""OBP"", ""SLG""]}",0.707145259
hitter,2026,Depth Charts,p_55ce304d590ded904d24a170,s_8c82311ed180ffe455524362,actual,OPS,"{""sum"": [""OBP"", ""SLG""]}",0.636396011
hitter,2026,Depth Charts,p_2b1fe08d244d5a40da442d74,s_9d571cc631252c76b80a096e,actual,OPS,"{""sum"": [""OBP"", ""SLG""]}",0.709551056
hitter,2026,Depth Charts,p_9f8e5fcf717acc70a142d6b8,s_6c508c0fd94f64705aeec429,actual,OPS,"{""sum"": [""OBP"", ""SLG""]}",0.8160973730000001
hitter,2026,Depth Charts,p_621f18b50bbd645f504f79b7,s_c84bb3c0409da0e1c58fb02d,actual,OPS,"{""sum"": [""OBP"", ""SLG""]}",0.643636363
hitter,2026,Depth Charts,p_1db0767c21e16dc27d7f56de,s_7ab10ef91a414c41155aec87,actual,OPS,"{""sum"": [""OBP"", ""SLG""]}",0.6944420179999999
hitter,2026,Depth Charts,p_36096c55ce20956d0ec5b16a,s_8811fecb495eb813ca2b7ac6,actual,OPS,"{""sum"": [""OBP"", ""SLG""]}",0.537451737
hitter,2026,Depth Charts,p_08f6887f65d655a4a2baf9d5,s_75625f158f0fe071012ce691,actual,OPS,"{""sum"": [""OBP"", ""SLG""]}",0.679914161
hitter,2026,Depth Charts,p_094352eb62dc9717947a5478,s_eae14991a84c796fdc3a3827,actual,OPS,"{""sum"": [""OBP"", ""SLG""]}",0.544053923
hitter,2026,Depth Charts,p_8653cdcc68d87c5feacb31a7,s_b6e6d0af7163f42df8e81d65,actual,OPS,"{""sum"": [""OBP"", ""SLG""]}",0.6517877009999999
hitter,2026,Depth Charts,p_1763c2274b61c3817b119898,s_501fc5d5515eeaddc68589c5,actual,OPS,"{""sum"": [""OBP"", ""SLG""]}",0.570044708
hitter,2026,Depth Charts,p_83161ed742ee108f5b6c36e3,s_e90dbbd4ee23ec1ae179993f,actual,OPS,"{""sum"": [""OBP"", ""SLG""]}",0.585581395
hitter,2026,Depth Charts,p_38ec0c549c03971eb5d0751e,s_2b3d366f47d15f739aa5a16e,actual,OPS,"{""sum"": [""OBP"", ""SLG""]}",0.5775141180000001
hitter,2026,Depth Charts,p_aee447a6c35dd53e48c4ca2f,s_87f3d4f183d1fcfb4da67652,actual,OPS,"{""sum"": [""OBP"", ""SLG""]}",0.7047619039999999
hitter,2026,Depth Charts,p_aa6964498890afd992ade1fb,s_a787dfe07813cd48cebf61ea,actual,OPS,"{""sum"": [""OBP"", ""SLG""]}",0.68884997
hitter,2026,Depth Charts,p_c4e9bd291c503b119d01518b,s_cbdf34a0b1da0906c97e7fd0,actual,OPS,"{""sum"": [""OBP"", ""SLG""]}",0.563183874
hitter,2026,Depth Charts,p_73b12e6f36544a08a000f034,s_4c6bf1db4508935c7ae1e920,actual,OPS,"{""sum"": [""OBP"", ""SLG""]}",0.554324384
hitter,2026,Depth Charts,p_211f7fb6c05e6db6c96fd034,s_5e9075f12ec909143a2eeb19,actual,OPS,"{""sum"": [""OBP"", ""SLG""]}",0.5806749609999999
hitter,2026,Depth Charts,p_ec46ba3925a24605aacacf22,s_8c8b842fa2470419f9860380,actual,OPS,"{""sum"": [""OBP"", ""SLG""]}",0.654786511
hitter,2026,Depth Charts,p_9688f2cceb46676f818de1b7,s_11e80df44bbd4d46c1720a97,actual,OPS,"{""sum"": [""OBP"", ""SLG""]}",0.716744186
hitter,2026,Depth Charts,p_afa3696617369fa9fd1578ef,s_8b9feba624966e599b5eb6e3,actual,OPS,"{""sum"": [""OBP"", ""SLG""]}",0.581895777
hitter,2026,Depth Charts,p_adc3e219b06829fd32bdcb26,s_48fce6dc2536dcf8a66c295a,actual,OPS,"{""sum"": [""OBP"", ""SLG""]}",0.7716878389999999
hitter,2026,Depth Charts,p_81fa67da8e4a65aba1f1942b,s_a9ea8d9f309431aab5419436,actual,OPS,"{""sum"": [""OBP"", ""SLG""]}",0.820111625
hitter,2026,Depth Charts,p_039eacb0641753712ee33051,s_48d4308cb4b64b56ce56df92,actual,OPS,"{""sum"": [""OBP"", ""SLG""]}",0.6618303569999999
hitter,2026,Depth Charts,p_c95555620c84e45ec151d87d,s_3e310161909200f8ae75223a,actual,OPS,"{""sum"": [""OBP"", ""SLG""]}",0.684848852
hitter,2026,Depth Charts,p_11f97a5b1f4aecc3b4f6f59e,s_d99a35580de1525f133250fd,actual,OPS,"{""sum"": [""OBP"", ""SLG""]}",0.534941803
hitter,2026,Depth Charts,p_65e7c0fa0d3cff8d1258c9b1,s_a2b7e2a67c35b85520f09c07,actual,OPS,"{""sum"": [""OBP"", ""SLG""]}",0.641021456
hitter,2026,Depth Charts,p_ab2f7e47e80d8a800e8a9a35,s_feb3d8140ddc4e5c5ac600e2,actual,OPS,"{""sum"": [""OBP"", ""SLG""]}",0.619762047
hitter,2026,Depth Charts,p_c18d2ac39a45a469963266d6,s_a50a015f4db4535d1dd17c32,actual,OPS,"{""sum"": [""OBP"", ""SLG""]}",0.7878831820000001
hitter,2026,Depth Charts,p_2724acfafc878fd4c34e93e8,s_f6e3a3e3c27c6806afa586fc,actual,OPS,"{""sum"": [""OBP"", ""SLG""]}",0.6233391690000001
hitter,2026,Depth Charts,p_7464a49665d3e2d5bd7d2c5d,s_e510d508e43544f9b9741048,actual,OPS,"{""sum"": [""OBP"", ""SLG""]}",0.83417254
hitter,2026,Depth Charts,p_ebf512ad6b26ce1f2d1410e4,s_6fe97618532ff40cec71fd95,actual,OPS,"{""sum"": [""OBP"", ""SLG""]}",0.6553516580000001
hitter,2026,Depth Charts,p_7c7b46475a55fc9446621efc,s_e13d211e2e5ccb5a6df50144,actual,OPS,"{""sum"": [""OBP"", ""SLG""]}",0.7243055549999999
hitter,2026,Depth Charts,p_fdaca5aed6785adf29ede698,s_81adcaf875fbbaa88494732f,actual,OPS,"{""sum"": [""OBP"", ""SLG""]}",0.7653318069999999
hitter,2026,Depth Charts,p_a88d730b313818d432b74cc0,s_345a5b479fdc4b8ff3362f17,actual,OPS,"{""sum"": [""OBP"", ""SLG""]}",0.809218231
hitter,2026,Depth Charts,p_bb37edd9c4e88b2c706112f0,s_dc11cb545c494999d7a4a289,actual,OPS,"{""sum"": [""OBP"", ""SLG""]}",0.6148366489999999
hitter,2026,Depth Charts,p_3a8dce49800801c45f47c67d,s_60a7b37ccca966301e7b6ad3,actual,OPS,"{""sum"": [""OBP"", ""SLG""]}",0.723141823
hitter,2026,Depth Charts,p_d14f14c4cba58cdb18431185,s_529135330966f36c0569e4d8,actual,OPS,"{""sum"": [""OBP"", ""SLG""]}",0.535665537
hitter,2026,Depth Charts,p_26c07dbedac1bda5bffc2c42,s_636ba32defe6814373e893c9,actual,OPS,"{""sum"": [""OBP"", ""SLG""]}",0.7016174
hitter,2026,Depth Charts,p_785195735e0fd0b05abaf802,s_d6c8b00ad099f1ec15bbbff0,actual,OPS,"{""sum"": [""OBP"", ""SLG""]}",0.584608843
hitter,2026,Depth Charts,p_88c22bc31ec398e84db3933a,s_0c5646006267977419178063,actual,OPS,"{""sum"": [""OBP"", ""SLG""]}",0.742195206
hitter,2026,Depth Charts,p_b4a85484b1990f2d6f0bdfb3,s_80cdf3084088957030db615d,actual,OPS,"{""sum"": [""OBP"", ""SLG""]}",0.7119722369999999
hitter,2026,Depth Charts,p_d319b6b594701cbc5732b5b7,s_88e17d23e03ef4d257fb401c,actual,OPS,"{""sum"": [""OBP"", ""SLG""]}",0.7370377889999999
hitter,2026,Depth Charts,p_7ec5cf24f911a0a091451248,s_84f60988c340bcc534f8305d,actual,OPS,"{""sum"": [""OBP"", ""SLG""]}",0.555873062
hitter,2026,Depth Charts,p_886b7f89a26aadc1f2b85d10,s_323beb0323e914e2d76e92a0,actual,OPS,"{""sum"": [""OBP"", ""SLG""]}",0.357894736
hitter,2026,Depth Charts,p_1bae5ba18fd609513c330eea,s_0c9644041901cae77d067679,actual,OPS,"{""sum"": [""OBP"", ""SLG""]}",0.787884669
hitter,2026,Depth Charts,p_b3b7429144b65984ac116b64,s_bbe57fbff7c8c488f14317dc,actual,OPS,"{""sum"": [""OBP"", ""SLG""]}",0.739126094
hitter,2026,Depth Charts,p_a315a53749353a0cc7a5688d,s_361772334fb57aa19ac8f8de,actual,OPS,"{""sum"": [""OBP"", ""SLG""]}",0.6298183829999999
hitter,2026,Depth Charts,p_0b240f9198bdb842e485f0f2,s_8772eb96ad134b48f7ecc0a2,actual,OPS,"{""sum"": [""OBP"", ""SLG""]}",0.39458413800000003
hitter,2026,Depth Charts,p_dbcf019d453a408f7f5ea336,s_640e8b2bb6830a0eee558416,actual,OPS,"{""sum"": [""OBP"", ""SLG""]}",0.443743238
hitter,2026,Depth Charts,p_2b2e49a306624e102315f2b1,s_881e06086aeb43ae9e9cdc08,actual,OPS,"{""sum"": [""OBP"", ""SLG""]}",0.5278200820000001
hitter,2026,Depth Charts,p_b0c1c14191ad2b5fe0bb6695,s_f318b4fb15ce456a54727804,actual,OPS,"{""sum"": [""OBP"", ""SLG""]}",0.643067846
hitter,2026,Depth Charts,p_4e8e0c6d9056e510d970d7d1,s_82bacb2e8d91115c8e59d39d,actual,OPS,"{""sum"": [""OBP"", ""SLG""]}",0.534139402
hitter,2026,Depth Charts,p_b66716f22ae6eba474aedf37,s_7572c4efe40244c9c2f3b067,actual,OPS,"{""sum"": [""OBP"", ""SLG""]}",0.7758178490000001
hitter,2026,Depth Charts,p_64cd7f2056e556168afff712,s_d66d4898f4dead0270824c16,actual,OPS,"{""sum"": [""OBP"", ""SLG""]}",0.571581195
hitter,2026,Depth Charts,p_0d7067889926958f567a5660,s_9596017e9ae79bb63c138ea4,actual,OPS,"{""sum"": [""OBP"", ""SLG""]}",0.652296156
hitter,2026,Depth Charts,p_b5dc590f86056ea0c359821b,s_89fe4c0db0db06e71c808ed9,actual,OPS,"{""sum"": [""OBP"", ""SLG""]}",0.7585218760000001
hitter,2026,Depth Charts,p_e8e72620b515143c411b2f82,s_b57ff1ff68657d34058786fd,actual,OPS,"{""sum"": [""OBP"", ""SLG""]}",0.663559322
hitter,2026,Depth Charts,p_aca63cd113ae58163f54b166,s_e70cf052b2b565a32d9c9399,actual,OPS,"{""sum"": [""OBP"", ""SLG""]}",0.715228856
hitter,2026,Depth Charts,p_cc4f8c9a25aeb6dbca4880d7,s_6fe87f154b3cd4173ff2a674,actual,OPS,"{""sum"": [""OBP"", ""SLG""]}",0.701847066
hitter,2026,Depth Charts,p_18f43dfd6af22a681f90df0a,s_329f321df3d3c49bed400cae,actual,OPS,"{""sum"": [""OBP"", ""SLG""]}",0.540405421
hitter,2026,Depth Charts,p_c430ce2c9239469707f293a7,s_f912f9920dd63285f4b23954,actual,OPS,"{""sum"": [""OBP"", ""SLG""]}",0.795461364
hitter,2026,Depth Charts,p_2a17e5c8d92f03d461fedc93,s_65d6aff41f69073f7d99b99b,actual,OPS,"{""sum"": [""OBP"", ""SLG""]}",0.6251049449999999
hitter,2026,Depth Charts,p_99ee3cb3d56dcf9cf8790fe0,s_9ea3d539d5cb4dd9297fa2e7,actual,OPS,"{""sum"": [""OBP"", ""SLG""]}",0.873550085
hitter,2026,Depth Charts,p_ff7da0692023e81c73d988b1,s_de651cc7867c849907d8aafe,actual,OPS,"{""sum"": [""OBP"", ""SLG""]}",0.6824195449999999
hitter,2026,Depth Charts,p_21e21eee8205504dbb454499,s_28993ffcd0dc015c4c9c5a90,actual,OPS,"{""sum"": [""OBP"", ""SLG""]}",0.6642764459999999
hitter,2026,Depth Charts,p_2a9fb5007e71f964ebc6bb63,s_d71acafc53e36d7929b3694f,actual,OPS,"{""sum"": [""OBP"", ""SLG""]}",0.460671674
hitter,2026,Depth Charts,p_b6f53a611ef170f529b8703e,s_62893fbf1712724a9450c757,actual,OPS,"{""sum"": [""OBP"", ""SLG""]}",0.509718669
hitter,2026,Depth Charts,p_6bbb672161e3bc25ba553ecb,s_ef0d2ccec291900e68b1c8dc,actual,OPS,"{""sum"": [""OBP"", ""SLG""]}",0.649956107
hitter,2026,Depth Charts,p_c976a3dfe9632ef04ef4ea03,s_8fbc85dc078ad13d128daf8c,actual,OPS,"{""sum"": [""OBP"", ""SLG""]}",0.757786219
hitter,2026,Depth Charts,p_7dcf529d38efe416819bc07e,s_8008c7034cf8a2d4889aa766,actual,OPS,"{""sum"": [""OBP"", ""SLG""]}",0.7609937250000001
hitter,2026,Depth Charts,p_72f8986dd2cfdf854e6d9496,s_5ddef52562814f3de50d76ae,actual,OPS,"{""sum"": [""OBP"", ""SLG""]}",0.7194483030000001
hitter,2026,Depth Charts,p_9e7863714b0d9fb3f42de5fb,s_1295380bd74c04ce0f2444e4,actual,OPS,"{""sum"": [""OBP"", ""SLG""]}",0.7577209540000001
hitter,2026,Depth Charts,p_aa63e6f4e2c3594645947528,s_b4f5953b1301844aee35eca9,actual,OPS,"{""sum"": [""OBP"", ""SLG""]}",0.612480283
hitter,2026,Depth Charts,p_26715f7ed5db8556ff25aea4,s_3f2f5e0d644e475029a61a07,actual,OPS,"{""sum"": [""OBP"", ""SLG""]}",0.6554664139999999
hitter,2026,Depth Charts,p_e88e1048177b5e00fc6235b9,s_a6335d9229a0df1933917c41,actual,OPS,"{""sum"": [""OBP"", ""SLG""]}",0.768749149
hitter,2026,Depth Charts,p_a878a24f2e648baf02c2be77,s_2897b0b7a5c2bd8c67ca7bd0,actual,OPS,"{""sum"": [""OBP"", ""SLG""]}",0.801326602
hitter,2026,Depth Charts,p_a7f09516df26f603d1594bdc,s_1af8494701cdd38cffbff8be,actual,OPS,"{""sum"": [""OBP"", ""SLG""]}",0.5385654879999999
hitter,2026,Depth Charts,p_f1708b988b2fbb90aac09ff6,s_aaa6fbf1a689af306884bcca,actual,OPS,"{""sum"": [""OBP"", ""SLG""]}",0.5520202009999999
hitter,2026,Depth Charts,p_cf40524b93abc8fb3a1e9f92,s_3c29c77071d9580be0b2a65e,actual,OPS,"{""sum"": [""OBP"", ""SLG""]}",0.541620421
hitter,2026,Depth Charts,p_57d9c92fbb61c8c3106d0e53,s_6416a1b0e2df063f9d082738,actual,OPS,"{""sum"": [""OBP"", ""SLG""]}",0.709343378
hitter,2026,Depth Charts,p_3f6f6f23fc264051a9b180de,s_3e4e1c963c86abdcd5030dab,actual,OPS,"{""sum"": [""OBP"", ""SLG""]}",0.7910339829999999
hitter,2026,Depth Charts,p_83a60be2623269dba3d01184,s_56c492f68ba412420c498942,actual,OPS,"{""sum"": [""OBP"", ""SLG""]}",0.465323464
hitter,2026,Depth Charts,p_324d7824f4bfab517e2b6f94,s_08dc00e0003a0b0d20fe5201,actual,OPS,"{""sum"": [""OBP"", ""SLG""]}",0.549908352
hitter,2026,Depth Charts,p_fd20bdc98b27520354fbe2ee,s_cfd0423b0621e68636b1266f,actual,OPS,"{""sum"": [""OBP"", ""SLG""]}",0.593540371
hitter,2026,Depth Charts,p_8b3af4e00d6a58700b696caf,s_07fed349ad7b52ed84f76316,actual,OPS,"{""sum"": [""OBP"", ""SLG""]}",0.474937343
hitter,2026,Depth Charts,p_d9207420d77623b50fd840b1,s_2193e54ce59d970f695ad557,actual,OPS,"{""sum"": [""OBP"", ""SLG""]}",0.78393763
hitter,2026,Depth Charts,p_3ee7d8b9c1b81790be270d8c,s_4fbde15b43a91f5a0c5b9439,actual,OPS,"{""sum"": [""OBP"", ""SLG""]}",0.47346938699999996
hitter,2026,Depth Charts,p_ee3cbab00101500b56bb8aa2,s_7600f2560b8ecde6026e2f4e,actual,OPS,"{""sum"": [""OBP"", ""SLG""]}",0.671733138
hitter,2026,Depth Charts,p_bf4b6d6a344e848bb99ebb0d,s_74a1078d48c8d048bd157d8c,actual,OPS,"{""sum"": [""OBP"", ""SLG""]}",0.703111111
hitter,2026,Depth Charts,p_ce641a5836f2731f583a85ae,s_d1b94b06e2a3d29efbeb2bd0,actual,OPS,"{""sum"": [""OBP"", ""SLG""]}",0.66348323
hitter,2026,Depth Charts,p_6a6f47011a0fdf81335ada30,s_e7a4312a3368e1c32ffc3da9,actual,OPS,"{""sum"": [""OBP"", ""SLG""]}",0.730791303
hitter,2026,Depth Charts,p_d8586b85d7209c133f440fa4,s_48f06648e4723803bf8bcd49,actual,OPS,"{""sum"": [""OBP"", ""SLG""]}",0.301677269
hitter,2026,Depth Charts,p_3349dec029f22a9da6c8acfd,s_33c1aa1e2ec8c43a8b22396f,actual,OPS,"{""sum"": [""OBP"", ""SLG""]}",0.884901647
hitter,2026,Depth Charts,p_c8a9c9b6fba1a3672b307781,s_302aa2cb1f2e27172fa45b4c,actual,OPS,"{""sum"": [""OBP"", ""SLG""]}",0.553765454
hitter,2026,Depth Charts,p_91133680e8e4cb762502f288,s_735de0eb88107605e3e3b728,actual,OPS,"{""sum"": [""OBP"", ""SLG""]}",0.589758879
hitter,2026,Depth Charts,p_c5052dde404660cf9ce169d1,s_d61a2605bd04c1b72f7429d3,actual,OPS,"{""sum"": [""OBP"", ""SLG""]}",0.7398384229999999
hitter,2026,Depth Charts,p_f20437b72fe7159ab93a164b,s_55554e64a353394bd00da2d0,actual,OPS,"{""sum"": [""OBP"", ""SLG""]}",0.582850447
hitter,2026,Depth Charts,p_cceba36110b2ebeda8120995,s_65b988de3a68eb42984c8974,actual,OPS,"{""sum"": [""OBP"", ""SLG""]}",0.683974867
hitter,2026,Depth Charts,p_3022da48fbdb4f93917ac8ff,s_01fdd20ae69903e55dac9b54,actual,OPS,"{""sum"": [""OBP"", ""SLG""]}",0.7210237049999999
hitter,2026,Depth Charts,p_a428e39a0003f8c0f9cc53fe,s_3498ef1d826aad7cdcbd8ccc,actual,OPS,"{""sum"": [""OBP"", ""SLG""]}",0.6161536679999999
hitter,2026,Depth Charts,p_23e0b260009583de186ff99f,s_2f8bfbb8648a47266e118a82,actual,OPS,"{""sum"": [""OBP"", ""SLG""]}",0.593501294
hitter,2026,Depth Charts,p_e6af781faea0daa3f5e4bba5,s_c63920a979e8960907752394,actual,OPS,"{""sum"": [""OBP"", ""SLG""]}",0.20234113599999998
hitter,2026,Depth Charts,p_27d64d90ac45f1cc364cf11a,s_d334e02bfb5ce597f0f951d7,actual,OPS,"{""sum"": [""OBP"", ""SLG""]}",0.378329127
hitter,2026,Depth Charts,p_c9a6ab52f6f6bb93ad398b65,s_1ed558b08f207847ae397d26,actual,OPS,"{""sum"": [""OBP"", ""SLG""]}",0.651742993
hitter,2026,Depth Charts,p_c8daa367e2a394e88a3a2b3a,s_0b9fc3a187e9c64b955bba51,actual,OPS,"{""sum"": [""OBP"", ""SLG""]}",0.725743748
hitter,2026,Depth Charts,p_14e237b15421137a6441571c,s_8124a09b4fbab4688af244a1,actual,OPS,"{""sum"": [""OBP"", ""SLG""]}",0.44514106500000006
hitter,2026,Depth Charts,p_ea016158543cb834e392af83,s_03371cfa4823a0b73f951a7d,actual,OPS,"{""sum"": [""OBP"", ""SLG""]}",0.646296295
hitter,2026,Depth Charts,p_66ae1ff3d59748406c4525f6,s_a242d9709c0f64b2c092c589,actual,OPS,"{""sum"": [""OBP"", ""SLG""]}",0.739764788
hitter,2026,Depth Charts,p_ed4a6ec9fe44d2dea82bc36f,s_5f9ed528f71d9a22338146f9,actual,OPS,"{""sum"": [""OBP"", ""SLG""]}",0.611344537
hitter,2026,Depth Charts,p_0073829d150626e88713a1af,s_55403b355942f00f1ef1bd27,actual,OPS,"{""sum"": [""OBP"", ""SLG""]}",0.79317484
hitter,2026,Depth Charts,p_a90fbbe8cfc6dbd95768136c,s_f3f59839ea8b99556641e5c0,actual,OPS,"{""sum"": [""OBP"", ""SLG""]}",0.634044526
hitter,2026,Depth Charts,p_81415780b2596ba686e39508,s_aea67b1c425c38b2d93f8e0c,actual,OPS,"{""sum"": [""OBP"", ""SLG""]}",0.654033977
hitter,2026,Depth Charts,p_9d5a2c2ad1a5803de88379b4,s_5202aafb3b786b07dc61c4bf,actual,OPS,"{""sum"": [""OBP"", ""SLG""]}",0.508426966
hitter,2026,Depth Charts,p_865383c42752b60074bbe4fe,s_59fd831a406bae28dac6d339,actual,OPS,"{""sum"": [""OBP"", ""SLG""]}",0.61119628
hitter,2026,Depth Charts,p_dc046f34bce4a57510ab0b8a,s_b83a5a868adabcf6ae700d51,actual,OPS,"{""sum"": [""OBP"", ""SLG""]}",0.827177619
hitter,2026,Depth Charts,p_bf3cde84574979814bee8bc2,s_56a1d75b9645df903739b474,actual,OPS,"{""sum"": [""OBP"", ""SLG""]}",0.7555395309999999
hitter,2026,Depth Charts,p_8aedac04bf96afe7c557e68f,s_55e1b3227a94dd0f02dbf484,actual,OPS,"{""sum"": [""OBP"", ""SLG""]}",0.636795994
hitter,2026,Depth Charts,p_ff3b072d82919b7204d60391,s_2009008556a005a1d19d556e,actual,OPS,"{""sum"": [""OBP"", ""SLG""]}",0.630451468
hitter,2026,Depth Charts,p_e68c177b707ba2989502b77c,s_869dc1f116167e59d11c7303,actual,OPS,"{""sum"": [""OBP"", ""SLG""]}",0.7963785480000001
hitter,2026,Depth Charts,p_72819b8f9817b33033d1b6a2,s_c724607385ab1b5bdb62f968,actual,OPS,"{""sum"": [""OBP"", ""SLG""]}",0.667092541
hitter,2026,Depth Charts,p_34ccd8b501bbb85c38a690a6,s_1c5e6f1cbf1fe1c1546154ff,actual,OPS,"{""sum"": [""OBP"", ""SLG""]}",0.728298948
hitter,2026,Depth Charts,p_086c084b7dde82d230f1974d,s_1309f7dcbe0e6b307cdfb14f,actual,OPS,"{""sum"": [""OBP"", ""SLG""]}",0.6082848439999999
hitter,2026,Depth Charts,p_94c59daacd9df75ff2c1cc3e,s_d40f944fd8e77a3e88e1c920,actual,OPS,"{""sum"": [""OBP"", ""SLG""]}",0.766103814
hitter,2026,Depth Charts,p_546beacef1d2c43d81d75a4e,s_bbb81bb91eb276cccf316660,actual,OPS,"{""sum"": [""OBP"", ""SLG""]}",0.56862745
hitter,2026,Depth Charts,p_4f3aaf23aa7dc9a15224e832,s_c137c5fccd4939feda6dcf8e,actual,OPS,"{""sum"": [""OBP"", ""SLG""]}",0.746040889
hitter,2026,Depth Charts,p_f5b455280992f6c5f1c3155d,s_e011115a3c6b25cd0d59f2ef,actual,OPS,"{""sum"": [""OBP"", ""SLG""]}",0.840084387
hitter,2026,Depth Charts,p_0e75fbd620b0cf48a4036da3,s_0c67fac4a57a26b19340f230,actual,OPS,"{""sum"": [""OBP"", ""SLG""]}",0.5747311820000001
hitter,2026,Depth Charts,p_c6e14bf6411d700d054a3e6b,s_84576f984800907955d66a60,actual,OPS,"{""sum"": [""OBP"", ""SLG""]}",0.771313131
hitter,2026,Depth Charts,p_8915f49b7744525cc044f1d9,s_9134c5dd960890a76c882502,actual,OPS,"{""sum"": [""OBP"", ""SLG""]}",0.674946958
hitter,2026,Depth Charts,p_a2bf095f9201f07a43ff1926,s_d135d5b6ec611636dfc7f028,actual,OPS,"{""sum"": [""OBP"", ""SLG""]}",0.699530516
hitter,2026,Depth Charts,p_4af00e3fa0b959847f3eac9e,s_5deb96b95fd5e92b518cd678,actual,OPS,"{""sum"": [""OBP"", ""SLG""]}",0.703887854
hitter,2026,Depth Charts,p_5cc1c43544dd4a46bb1ba424,s_61250fb5ec4d7ac5ccf9ceb2,actual,OPS,"{""sum"": [""OBP"", ""SLG""]}",0.27884615300000004
hitter,2026,Depth Charts,p_b73db0222a01efed9cd5d4f9,s_d9e1036ec570316d3129c8d5,actual,OPS,"{""sum"": [""OBP"", ""SLG""]}",0.693459313
hitter,2026,Depth Charts,p_6ebf619662ac32499ebc6ce8,s_9ec1190475d4612bbbc9d899,actual,OPS,"{""sum"": [""OBP"", ""SLG""]}",0.8458989219999999
hitter,2026,Depth Charts,p_4d472121409dea6003a802a2,s_f4077c930582b224ae0b3858,actual,OPS,"{""sum"": [""OBP"", ""SLG""]}",0.6930000000000001
hitter,2026,Depth Charts,p_feda259d717109da756725de,s_eb5fb68d65cbd9a0eb06393a,actual,OPS,"{""sum"": [""OBP"", ""SLG""]}",0.5908544520000001
hitter,2026,Depth Charts,p_d570178e121f3df05edac8b9,s_d6a19d8296aee9080e9ce5a9,actual,OPS,"{""sum"": [""OBP"", ""SLG""]}",0.6353893770000001
hitter,2026,Depth Charts,p_65233ab523d0b1f99d98e44e,s_ba22a0324a76933f8c3d02aa,actual,OPS,"{""sum"": [""OBP"", ""SLG""]}",0.7104150419999999
hitter,2026,Depth Charts,p_4f3bc1771b25a9ec0fcdd80c,s_8d5fabf08f43c03f2ce247c5,actual,OPS,"{""sum"": [""OBP"", ""SLG""]}",0.747866419
hitter,2026,Depth Charts,p_45081ba883aae98afdbde4b5,s_5a5563b49ee29280562d3d28,actual,OPS,"{""sum"": [""OBP"", ""SLG""]}",0.749871066
hitter,2026,Depth Charts,p_cf9af48ba71d61a22e7caa41,s_dc00e9d29ca1bf042bfffc17,actual,OPS,"{""sum"": [""OBP"", ""SLG""]}",0.759155264
hitter,2026,Depth Charts,p_bab287670fa987eb0b917507,s_ce9ff46b06ad3acb092d1016,actual,OPS,"{""sum"": [""OBP"", ""SLG""]}",0.606891579
hitter,2026,Depth Charts,p_ce15e01e3def598ffdccc288,s_e9a70a90d1bcba04ac369acd,actual,OPS,"{""sum"": [""OBP"", ""SLG""]}",0.655311354
hitter,2026,Depth Charts,p_1d811c6e48c551113658df8f,s_c42418225dd61195690fc484,actual,OPS,"{""sum"": [""OBP"", ""SLG""]}",0.565099268
hitter,2026,Depth Charts,p_a661022fd7a5d578c49f885e,s_fa0c5aa62f438340dc9cc6dd,actual,OPS,"{""sum"": [""OBP"", ""SLG""]}",0.228148148
hitter,2026,Depth Charts,p_8de157e0bca34bc106b6633d,s_babb43c60f00314d6fdde951,actual,OPS,"{""sum"": [""OBP"", ""SLG""]}",0.754835572
hitter,2026,Depth Charts,p_33a8f30b64fa485f170a7f38,s_abe2fcc5e27449ec03a5d404,actual,OPS,"{""sum"": [""OBP"", ""SLG""]}",0.714086758
hitter,2026,Depth Charts,p_5c21762346818604fbfcff71,s_4772c052d1e966af2e12b227,actual,OPS,"{""sum"": [""OBP"", ""SLG""]}",0.76058587
hitter,2026,Depth Charts,p_bc98648c6a6d04b33c536f08,s_bfa0f48f97c68a5e78c9f51e,actual,OPS,"{""sum"": [""OBP"", ""SLG""]}",0.687121445
hitter,2026,Depth Charts,p_e46a5ca70e47df5f3556de95,s_e7380751c8b27b5e9eab21c9,actual,OPS,"{""sum"": [""OBP"", ""SLG""]}",0.682444625
hitter,2026,Depth Charts,p_2e25971727a7328447e20387,s_f9859bd723581512142c93e2,actual,OPS,"{""sum"": [""OBP"", ""SLG""]}",0.595664215
hitter,2026,Depth Charts,p_e90065fd0aaec9bfa20b53bd,s_d067a48ab4c0d67a4442cdf2,actual,OPS,"{""sum"": [""OBP"", ""SLG""]}",0.5633289109999999
hitter,2026,Depth Charts,p_a9f4f65f0a9b44dc90bff976,s_3edd7d54fc4840151b171f3d,actual,OPS,"{""sum"": [""OBP"", ""SLG""]}",0.698742482
hitter,2026,Depth Charts,p_a04a776d277aaef9a5c0a0c5,s_1b8b93196f7d060cd142e6a0,actual,OPS,"{""sum"": [""OBP"", ""SLG""]}",0.69047619
hitter,2026,Depth Charts,p_7d6df8c8a5a5f404c9b1c9d7,s_4f9cc211b07302f3be46a9b3,actual,OPS,"{""sum"": [""OBP"", ""SLG""]}",0.665404715
hitter,2026,Depth Charts,p_f31d66f0ff014626cbbe58b6,s_2421b0968d6f39a8dd9818e3,actual,OPS,"{""sum"": [""OBP"", ""SLG""]}",0.564735625
hitter,2026,Depth Charts,p_1bf803b8768936d90d2de00b,s_e40b1ad5cd2ba6dee0f9fbdd,actual,OPS,"{""sum"": [""OBP"", ""SLG""]}",0.632514771
hitter,2026,Depth Charts,p_2aa6427157e8b5b3a521d437,s_7337ddf72dc7a2a11c67a7d8,actual,OPS,"{""sum"": [""OBP"", ""SLG""]}",0.801587301
hitter,2026,Depth Charts,p_cf3f4ae3890e2254a92338d9,s_7d8ab93ec731c8c9fde27419,actual,OPS,"{""sum"": [""OBP"", ""SLG""]}",0.664308176
hitter,2026,Depth Charts,p_0d749ef06cfb038def92d34a,s_eb3ec71584b7f1359a64339a,actual,OPS,"{""sum"": [""OBP"", ""SLG""]}",0.652098963
hitter,2026,Depth Charts,p_5908d1276c467b8673e9c5c2,s_39d1202550bbc0976ca34476,actual,OPS,"{""sum"": [""OBP"", ""SLG""]}",0.733290867
hitter,2026,Depth Charts,p_39af8e3fae49f2dc71c99280,s_42c32778354b953e74d84d48,actual,OPS,"{""sum"": [""OBP"", ""SLG""]}",0.824979181
hitter,2026,Depth Charts,p_35208040ebe03471e689d700,s_67c91943ca87626e0f96a100,actual,OPS,"{""sum"": [""OBP"", ""SLG""]}",0.509523808
hitter,2026,Depth Charts,p_f53b29c1e618b1122b53265b,s_2a32c3d486ab588280595bbf,actual,OPS,"{""sum"": [""OBP"", ""SLG""]}",0.5910791
hitter,2026,Depth Charts,p_a0e7bd6274c02cb716fec97c,s_7db2ffa9c7d316563ad3ccaf,actual,OPS,"{""sum"": [""OBP"", ""SLG""]}",0.562428064
hitter,2026,Depth Charts,p_3c460b6a52cddaebe4d7306c,s_1be145d64a55d8356144166c,actual,OPS,"{""sum"": [""OBP"", ""SLG""]}",0.675004104
hitter,2026,Depth Charts,p_0b1b7413f31673311ce952ef,s_76a84b54ecf085f706127d3a,actual,OPS,"{""sum"": [""OBP"", ""SLG""]}",0.627460248
hitter,2026,Depth Charts,p_28cfa428998c91d14340466b,s_90089b1a3767cbbc4de26d01,actual,OPS,"{""sum"": [""OBP"", ""SLG""]}",0.843239453
hitter,2026,Depth Charts,p_67ec3f2da8b9029b41815808,s_304781f2aafaf48bf82057d9,actual,OPS,"{""sum"": [""OBP"", ""SLG""]}",0.325
hitter,2026,Depth Charts,p_2a1e1f24a6ef2dcf68d5522c,s_36b433bd47bba86a320cbd72,actual,OPS,"{""sum"": [""OBP"", ""SLG""]}",0.629166666
hitter,2026,Depth Charts,p_4acef52c25b5e9602e6d7849,s_248657e38a4bed205eb46d01,actual,OPS,"{""sum"": [""OBP"", ""SLG""]}",0.720147473
hitter,2026,Depth Charts,p_8dd52397fe332c1adee839da,s_10eee31473dea1da4caea475,actual,OPS,"{""sum"": [""OBP"", ""SLG""]}",0.880323449
hitter,2026,Depth Charts,p_31b75a6620ad0e384f24ca3c,s_e83f11e1ee967835029c7417,actual,OPS,"{""sum"": [""OBP"", ""SLG""]}",0.0
hitter,2026,Depth Charts,p_31f105a7eb4a7a950745899a,s_0fb63bee2c2da973ac0873d7,actual,OPS,"{""sum"": [""OBP"", ""SLG""]}",0.421818181
hitter,2026,Depth Charts,p_9b7e17333a014a8b6c192f64,s_125cf14d6577e02468208dbe,actual,OPS,"{""sum"": [""OBP"", ""SLG""]}",0.587186955
hitter,2026,Depth Charts,p_4adfa388ddfc7eb8aab00551,s_6582bb468e43d97046dd01d9,actual,OPS,"{""sum"": [""OBP"", ""SLG""]}",0.49008239100000006
hitter,2026,Depth Charts,p_b50c7faba421a14abbde4832,s_4d7cf27743c04b8936877798,actual,OPS,"{""sum"": [""OBP"", ""SLG""]}",0.49011857600000003
hitter,2026,Depth Charts,p_c1cd83784b034e2f932fceba,s_fc9cda13b40c21e5100df31e,actual,OPS,"{""sum"": [""OBP"", ""SLG""]}",0.650862068
hitter,2026,Depth Charts,p_f473d4f7c4bf84ef62cdf005,s_28d9c070b4505cb071397dc3,actual,OPS,"{""sum"": [""OBP"", ""SLG""]}",0.559464206
hitter,2026,Depth Charts,p_a1e49d39df5862ee176ee61c,s_c654abecf879db3858b62b2d,actual,OPS,"{""sum"": [""OBP"", ""SLG""]}",0.285714284
hitter,2026,Depth Charts,p_c3db81d681439dff2231b5fd,s_881cbda053de74e94b39ca80,actual,OPS,"{""sum"": [""OBP"", ""SLG""]}",0.864998177
hitter,2026,Depth Charts,p_5c8b0e2a4b0429d3d6458e79,s_a9275c67561655cd185bb47d,actual,OPS,"{""sum"": [""OBP"", ""SLG""]}",0.587733886
hitter,2026,Depth Charts,p_dc1b5f53ef5e0ed0bc3779e9,s_1ba6c18bd6338f505ee2d53e,actual,OPS,"{""sum"": [""OBP"", ""SLG""]}",0.689482873
hitter,2026,Depth Charts,p_89ada5eacdc2c58a0bedad08,s_2cd0b067d5e0d954e2098600,actual,OPS,"{""sum"": [""OBP"", ""SLG""]}",0.8508292
hitter,2026,Depth Charts,p_101659267800d1c0aa1341e5,s_2f6ad549d1f1d2756c9f7e82,actual,OPS,"{""sum"": [""OBP"", ""SLG""]}",0.451388888
hitter,2026,Depth Charts,p_a3174cf7ae27e035227413ca,s_1a5b2463556631f3d392fc3b,actual,OPS,"{""sum"": [""OBP"", ""SLG""]}",0.173913042
hitter,2026,Depth Charts,p_bc815a9cb3945cd130b439a4,s_8e527e001319e81f8ea2ecb1,actual,OPS,"{""sum"": [""OBP"", ""SLG""]}",0.7658694340000001
hitter,2026,Depth Charts,p_45fcf03395be58b0038593fc,s_0a00a0be0c7aad0a928b8935,actual,OPS,"{""sum"": [""OBP"", ""SLG""]}",0.529093799
hitter,2026,Depth Charts,p_ca9cb370432f3712d1a35d7f,s_fdba58a0cfdc0df68df7b2dd,actual,OPS,"{""sum"": [""OBP"", ""SLG""]}",0.537382405
hitter,2026,Depth Charts,p_6df89ef6e838a7bd064ba0fe,s_112e54f98cb516fb9621898c,actual,OPS,"{""sum"": [""OBP"", ""SLG""]}",0.650663129
hitter,2026,Depth Charts,p_1e99c8473b9ac124e44a47a7,s_31e3dca7e30cdc3b0a5cd23f,actual,OPS,"{""sum"": [""OBP"", ""SLG""]}",0.5883797049999999
hitter,2026,Depth Charts,p_f24a8cfc5f92047e5da64ebc,s_5bcfe8351ccbab7424464148,actual,OPS,"{""sum"": [""OBP"", ""SLG""]}",0.739529914
hitter,2026,Depth Charts,p_15f8ccf8a612332d83edbab5,s_1531357600fe4a709be1e64b,actual,OPS,"{""sum"": [""OBP"", ""SLG""]}",0.727554178
hitter,2026,Depth Charts,p_818a939d2c013337a28d18f6,s_5df07650694decd03c5990e9,actual,OPS,"{""sum"": [""OBP"", ""SLG""]}",0.646053862
hitter,2026,Depth Charts,p_18290ea252b0cc74d94bdd5e,s_33845107b21921becc1c2450,actual,OPS,"{""sum"": [""OBP"", ""SLG""]}",0.748262854
hitter,2026,Depth Charts,p_a9df6f726497e038fd9738c8,s_b2cd7c52a2b88b935d7318f8,actual,OPS,"{""sum"": [""OBP"", ""SLG""]}",0.653059499
hitter,2026,Depth Charts,p_85aa2b0fe3e8fb526c91f73a,s_324f13b939072a1a2c2fd4a9,actual,OPS,"{""sum"": [""OBP"", ""SLG""]}",0.632781228
hitter,2026,Depth Charts,p_13a0406d87d64c05a481a481,s_321c88e8cddb3b788a01644b,actual,OPS,"{""sum"": [""OBP"", ""SLG""]}",0.606060605
hitter,2026,Depth Charts,p_89c17b1b7984d5edf458e9aa,s_4b2bd68a11700f8fca96408d,actual,OPS,"{""sum"": [""OBP"", ""SLG""]}",0.42857142800000003
hitter,2026,Depth Charts,p_77f5711fe36ce10120f5001c,s_4e2857e31ac90a422a43e618,actual,OPS,"{""sum"": [""OBP"", ""SLG""]}",0.7411613880000001
hitter,2026,Depth Charts,p_22b6fa88bcf87875dcb06f80,s_fa454e9f674ce0025f31448a,actual,OPS,"{""sum"": [""OBP"", ""SLG""]}",0.535294117
hitter,2026,Depth Charts,p_56d916df39c8dfba62c80c88,s_067c8860192c84780e9f7107,actual,OPS,"{""sum"": [""OBP"", ""SLG""]}",0.2
hitter,2026,Depth Charts,p_326393c50f1b10e14a5b1570,s_968c7b0140cdb00b467c3e34,actual,OPS,"{""sum"": [""OBP"", ""SLG""]}",0.405882352
hitter,2026,Depth Charts,p_19d6f72431cccfd9decc553f,s_093657ca7bac678a4a01377e,actual,OPS,"{""sum"": [""OBP"", ""SLG""]}",0.662577762
hitter,2026,Depth Charts,p_00a842b7a9c3feb99c5d2652,s_46a3c9b02eec1ba85c679f2b,actual,OPS,"{""sum"": [""OBP"", ""SLG""]}",0.571691176
hitter,2026,Depth Charts,p_d38e4086c48ab6c12634caef,s_b3318478f8aabf19b53a46cb,actual,OPS,"{""sum"": [""OBP"", ""SLG""]}",0.58715447
hitter,2026,Depth Charts,p_713f11bb66125b24c64ef2d1,s_5d4cb29d5fb65e90a7dc2334,actual,OPS,"{""sum"": [""OBP"", ""SLG""]}",0.6541666660000001
hitter,2026,Depth Charts,p_f611f93f45e5de5bded63a02,s_7c993ed00b7706740dfa0394,actual,OPS,"{""sum"": [""OBP"", ""SLG""]}",0.704545454
hitter,2026,Depth Charts,p_8d64e39982b70f86006ac025,s_bf8d3c252969af1096b95fc8,actual,OPS,"{""sum"": [""OBP"", ""SLG""]}",0.799844877
hitter,2026,Depth Charts,p_834bb635031b8e62a403a8ec,s_68029f3ceb80ae24083de47b,actual,OPS,"{""sum"": [""OBP"", ""SLG""]}",0.585858585
hitter,2026,Depth Charts,p_8c7de7887df872fd24da0771,s_62695f46e871be5f1aa4b6f6,actual,OPS,"{""sum"": [""OBP"", ""SLG""]}",0.637569603
hitter,2026,Depth Charts,p_53a8f92fc16f0dcdbdc4628d,s_7ac6a9cfa1b9171a5cfe17a4,actual,OPS,"{""sum"": [""OBP"", ""SLG""]}",0.8436298369999999
hitter,2026,Depth Charts,p_e06142149e0a8bcabc0b3250,s_5ea78b5ba073e165f43aef58,actual,OPS,"{""sum"": [""OBP"", ""SLG""]}",0.6772145460000001
hitter,2026,Depth Charts,p_bbbddf0d3123eb1859b1cc44,s_c048a5fccbd84ad98fa82b51,actual,OPS,"{""sum"": [""OBP"", ""SLG""]}",0.72404092
hitter,2026,Depth Charts,p_3b4b903bf0ec409efa7f7c4b,s_43904e8a998c6c96f28a4867,actual,OPS,"{""sum"": [""OBP"", ""SLG""]}",0.47368420899999997
hitter,2026,Depth Charts,p_6f0af86832f7dd869cd4835e,s_528395ea46ff29184938da51,actual,OPS,"{""sum"": [""OBP"", ""SLG""]}",0.7440428720000001
hitter,2026,Depth Charts,p_8ee0eb5cae5daa0d79a54f41,s_89ae383c627093780665b0a3,actual,OPS,"{""sum"": [""OBP"", ""SLG""]}",0.6546758699999999
hitter,2026,Depth Charts,p_6101e64b36cdbbeb0b252b54,s_da42fd45a138d5b1691a98e0,actual,OPS,"{""sum"": [""OBP"", ""SLG""]}",0.3875
hitter,2026,Depth Charts,p_f2aecc6efea41e1a036f128e,s_e6f9cc7dc47dd9b2dbaef48f,actual,OPS,"{""sum"": [""OBP"", ""SLG""]}",0.686335402
hitter,2026,Depth Charts,p_780c8c603f85a04c341a9865,s_9d0efc41ec2ef56e84a4690e,actual,OPS,"{""sum"": [""OBP"", ""SLG""]}",0.802803128
hitter,2026,Depth Charts,p_77f3f7b47430b887529000fa,s_d7b4d43ae85a20f76a2420de,actual,OPS,"{""sum"": [""OBP"", ""SLG""]}",0.657993362
hitter,2026,Depth Charts,p_35ca8c7859bc827d0c712aa3,s_213fb7a4a33086a4e21293fc,actual,OPS,"{""sum"": [""OBP"", ""SLG""]}",0.85831537
hitter,2026,Depth Charts,p_37ddf22e72b2be2d0fd472a1,s_59b16913cbd49d2b28a746cf,actual,OPS,"{""sum"": [""OBP"", ""SLG""]}",0.615882966
hitter,2026,Depth Charts,p_43edd76b977a3e8af976bc83,s_12f11d100b4671e8e42e6c8c,actual,OPS,"{""sum"": [""OBP"", ""SLG""]}",0.7122132240000001
hitter,2026,Depth Charts,p_8cae94e12aa44504af05eaac,s_950d07ece26faa9bc057054f,actual,OPS,"{""sum"": [""OBP"", ""SLG""]}",0.555546111
hitter,2026,Depth Charts,p_186ced07377f7a0aad91a0e7,s_1984533ed97dd6698969db31,actual,OPS,"{""sum"": [""OBP"", ""SLG""]}",0.438095238
hitter,2026,Depth Charts,p_991e8f54fb99c8fcf81d21a6,s_0a4c075e5be6de3f9e73a83f,actual,OPS,"{""sum"": [""OBP"", ""SLG""]}",0.282828282
hitter,2026,Depth Charts,p_4f3e35cf2175d726c57ef9c5,s_fde964e8cb026c1c0b512eb3,actual,OPS,"{""sum"": [""OBP"", ""SLG""]}",0.625898692
hitter,2026,Depth Charts,p_254301c22a8f177b0963ac8b,s_3b767675278cdd4231bb438b,actual,OPS,"{""sum"": [""OBP"", ""SLG""]}",0.49971639199999995
hitter,2026,Depth Charts,p_095d65b80762b3662a2707e2,s_5fb12dd7b3829e14393bb4f7,actual,OPS,"{""sum"": [""OBP"", ""SLG""]}",0.707936507
hitter,2026,Depth Charts,p_c2bb9eee6ff9a8dfac3ffee7,s_9b226f034bb10319d40b36dd,actual,OPS,"{""sum"": [""OBP"", ""SLG""]}",0.911876075
hitter,2026,Depth Charts,p_35c1c2bb04c06adf52bae69a,s_dba0d6a6a39c1cf581c34714,actual,OPS,"{""sum"": [""OBP"", ""SLG""]}",0.257575756
hitter,2026,Depth Charts,p_fbad84c715ce640fa8e017a1,s_2b1668ca892e6c85b1ba4a84,actual,OPS,"{""sum"": [""OBP"", ""SLG""]}",0.56
hitter,2026,Depth Charts,p_bfcf51965827d7e88c899918,s_b9dbaa4636754e49ffe348f5,actual,OPS,"{""sum"": [""OBP"", ""SLG""]}",0.602678571
hitter,2026,Depth Charts,p_8cf4729b5b1e0f175ee82c32,s_ea26388ca3308733c1e5956b,actual,OPS,"{""sum"": [""OBP"", ""SLG""]}",0.565302143
hitter,2026,Depth Charts,p_19278a584fbb4c0f71a14548,s_ecf8a2db95f3ba42517909fd,actual,OPS,"{""sum"": [""OBP"", ""SLG""]}",0.6944444439999999
hitter,2026,Depth Charts,p_490b99b6246189b45cb09967,s_8bd999c82131367ee581572e,actual,OPS,"{""sum"": [""OBP"", ""SLG""]}",0.433687002
hitter,2026,Depth Charts,p_38f8a04f9f47cc23c7f6f886,s_9e71aa5762ab259b9d12f896,actual,OPS,"{""sum"": [""OBP"", ""SLG""]}",0.487961476
hitter,2026,Depth Charts,p_1953b3d3af65d23444c515f1,s_cc24dd95b6557a185867cf5d,actual,OPS,"{""sum"": [""OBP"", ""SLG""]}",0.741618773
hitter,2026,Depth Charts,p_a9f11a14f1185208b713d075,s_14204df995f3bb29f9ee1650,actual,OPS,"{""sum"": [""OBP"", ""SLG""]}",0.639835939
hitter,2026,Depth Charts,p_5d91804b58327ff29191ed0f,s_29d5851466f6f144386e64da,actual,OPS,"{""sum"": [""OBP"", ""SLG""]}",0.589031053
hitter,2026,Depth Charts,p_8ac4131037b4b28af86c78e0,s_4e85543a00dbc0d8b6d70cd6,actual,OPS,"{""sum"": [""OBP"", ""SLG""]}",0.6724925509999999
hitter,2026,Depth Charts,p_4b2704efc123de9d4cd81b10,s_3e17964df776b37ddf113433,actual,OPS,"{""sum"": [""OBP"", ""SLG""]}",0.7877777770000001
hitter,2026,Depth Charts,p_4d4c6c49b9e53cf5eea7989d,s_1fbf52a01720d023c5cbb8ff,actual,OPS,"{""sum"": [""OBP"", ""SLG""]}",0.5333333330000001
hitter,2026,Depth Charts,p_0a45d2e3437ab412bcc70a45,s_c5b0204a7d26d4d91c256a25,actual,OPS,"{""sum"": [""OBP"", ""SLG""]}",0.525084745
hitter,2026,Depth Charts,p_1231a92e2be431286faefb7e,s_99dac436b4d9c78debb217e7,actual,OPS,"{""sum"": [""OBP"", ""SLG""]}",0.664315108
hitter,2026,Depth Charts,p_b6929f210270f100a8a18646,s_179d0ef5d03e375daaf3d2c8,actual,OPS,"{""sum"": [""OBP"", ""SLG""]}",0.6798941789999999
hitter,2026,Depth Charts,p_d0a7a0ab49fd4a4d780fe1a3,s_b74d9110e46cd76291dce683,actual,OPS,"{""sum"": [""OBP"", ""SLG""]}",0.522727272
hitter,2026,Depth Charts,p_cbffbbb4c72ea67a36c0ee2f,s_daf73031f51ccbff76302a83,actual,OPS,"{""sum"": [""OBP"", ""SLG""]}",0.6260775860000001
hitter,2026,Depth Charts,p_e7a6da04b2b0c84531277f57,s_1c575104732750650932eabf,actual,OPS,"{""sum"": [""OBP"", ""SLG""]}",0.586241441
hitter,2026,Depth Charts,p_d18686fb38704415e5f45eff,s_459fde9f9c5232b479400b0b,actual,OPS,"{""sum"": [""OBP"", ""SLG""]}",0.643664383
hitter,2026,Depth Charts,p_84ee5c6d0b640ce81aad4a86,s_76064081abb59778fb1dca35,actual,OPS,"{""sum"": [""OBP"", ""SLG""]}",0.601469775
hitter,2026,Depth Charts,p_26002612e707aa2b52e7ccf5,s_3e9bcec36b461e6786156f0e,actual,OPS,"{""sum"": [""OBP"", ""SLG""]}",1.015220957
hitter,2026,Depth Charts,p_199535b70f1ae186aeb637be,s_419cd18547505295c8ec432a,actual,OPS,"{""sum"": [""OBP"", ""SLG""]}",0.734924519
hitter,2026,Depth Charts,p_91a8efd7718ac0df6183f487,s_27209c6cf0b1cc4b0290b47c,actual,OPS,"{""sum"": [""OBP"", ""SLG""]}",0.8231114429999999
hitter,2026,Depth Charts,p_2a76dfb64033dfefb079ac19,s_2e07d4ccd6fcd4f13928bd7c,actual,OPS,"{""sum"": [""OBP"", ""SLG""]}",0.5
hitter,2026,Depth Charts,p_4aeaa89aaf113965fc970e37,s_fd9c804eeb565aabf75eedeb,actual,OPS,"{""sum"": [""OBP"", ""SLG""]}",0.687680148
hitter,2026,Depth Charts,p_cf91f13f6ce397f916b3b1e9,s_bae0f48590ff06d100fea597,actual,OPS,"{""sum"": [""OBP"", ""SLG""]}",0.166666666
hitter,2026,Depth Charts,p_e4142bee5a73201f7c2c7768,s_b50e18528c6aa1860b4495a1,actual,OPS,"{""sum"": [""OBP"", ""SLG""]}",0.599432765
hitter,2026,Depth Charts,p_5414b6c5930f1355f0fa7315,s_cc3097cab5749e61d49c55ee,actual,OPS,"{""sum"": [""OBP"", ""SLG""]}",0.905454545
hitter,2026,Depth Charts,p_070e96f6f1ea057c6fff0a7d,s_8a1ecad8858326c919a547cc,actual,OPS,"{""sum"": [""OBP"", ""SLG""]}",0.670833333
hitter,2026,Depth Charts,p_c2215c37439fe2db6d555fe3,s_b0de1c7597967271acbe87d2,actual,OPS,"{""sum"": [""OBP"", ""SLG""]}",0.37037037
hitter,2026,Depth Charts,p_b6baeecf55771a09c7e847cc,s_e7c5de2b705460766c300304,actual,OPS,"{""sum"": [""OBP"", ""SLG""]}",0.234143049
hitter,2026,Depth Charts,p_39c3a5a861907112a018268e,s_a451ca751e25cf0d9ee96af6,actual,OPS,"{""sum"": [""OBP"", ""SLG""]}",0.746556473
hitter,2026,Depth Charts,p_ea8077204c612c6affa6d1cf,s_2c2bb683e168dce872bd2ac5,actual,OPS,"{""sum"": [""OBP"", ""SLG""]}",0.52710027
hitter,2026,Depth Charts,p_0f5fec6751f402c6ddda3df4,s_e53fc12d1ff3231282a28b5e,actual,OPS,"{""sum"": [""OBP"", ""SLG""]}",0.0
hitter,2026,Depth Charts,p_0747e0152f1a05570f2a4321,s_bb556db48ccb3e621c4849bb,actual,OPS,"{""sum"": [""OBP"", ""SLG""]}",0.6457142849999999
hitter,2026,Depth Charts,p_b876419663159edfa11af0a0,s_788fe6a305371db773af4afd,actual,OPS,"{""sum"": [""OBP"", ""SLG""]}",0.797429619
hitter,2026,Depth Charts,p_b139e8487e432f0b072c3239,s_a837e4a4570a54aa751997a7,actual,OPS,"{""sum"": [""OBP"", ""SLG""]}",0.569540229
hitter,2026,Depth Charts,p_b30c41d7e4aaa89dc18b6ca8,s_8f4b64b4c5ce31776edac20a,actual,OPS,"{""sum"": [""OBP"", ""SLG""]}",0.758980784
hitter,2026,Depth Charts,p_e5347f57c079821ded2c546d,s_414de80645589a69edd89bae,actual,OPS,"{""sum"": [""OBP"", ""SLG""]}",0.669764144
hitter,2026,Depth Charts,p_55908c06ceed1ceaa47e0f08,s_7f3de8dab9b59192a4b8ec0e,actual,OPS,"{""sum"": [""OBP"", ""SLG""]}",0.722807813
hitter,2026,Depth Charts,p_635860f92d6161a5d5346c31,s_dc67241654660306292db49e,actual,OPS,"{""sum"": [""OBP"", ""SLG""]}",0.838624338
hitter,2026,Depth Charts,p_d90ce2fb851e2bc7239d02d9,s_da6b07f3966629e1fc426f81,actual,OPS,"{""sum"": [""OBP"", ""SLG""]}",0.5942637479999999
hitter,2026,Depth Charts,p_5220a50fb38e3439e1b6f5f6,s_33abe163806e833614b6cbee,actual,OPS,"{""sum"": [""OBP"", ""SLG""]}",0.623015872
hitter,2026,Depth Charts,p_e4c0ca3fb703744e742784cc,s_c1d3263875fa930fbeb2fc43,actual,OPS,"{""sum"": [""OBP"", ""SLG""]}",0.772727272
hitter,2026,Depth Charts,p_3431db6bc64346182f4c4a42,s_41d49dd697d75692cb85b8de,actual,OPS,"{""sum"": [""OBP"", ""SLG""]}",0.787878787
hitter,2026,Depth Charts,p_79aaf719317a8e1c19d2d0f1,s_5e49032bc896b1c3fd109e2e,actual,OPS,"{""sum"": [""OBP"", ""SLG""]}",0.7378787870000001
hitter,2026,Depth Charts,p_65ee6b89f5da180d967907df,s_1f0e1f64c4ee2a68c39b91db,actual,OPS,"{""sum"": [""OBP"", ""SLG""]}",0.824795416
hitter,2026,Depth Charts,p_6d5e6f96a80b579eb717cb0a,s_2c0ad9e4254ae9c3535a5b72,actual,OPS,"{""sum"": [""OBP"", ""SLG""]}",0.0
hitter,2026,Depth Charts,p_9c59d61635350a13a9c13013,s_7a63dcc2e69240afc397fec9,actual,OPS,"{""sum"": [""OBP"", ""SLG""]}",0.6621739680000001
hitter,2026,Depth Charts,p_632be5a85ab2629b9c998c54,s_e66aef83afc28f3e9745230c,actual,OPS,"{""sum"": [""OBP"", ""SLG""]}",0.726849002
hitter,2026,Depth Charts,p_636f8beec21f12b4609261c2,s_9d9e8ae61b5c07fef39b60e6,actual,OPS,"{""sum"": [""OBP"", ""SLG""]}",0.604645353
hitter,2026,Depth Charts,p_b48a95e5e1067a48dd41f230,s_a3bbc89bfe8fd21acd584309,actual,OPS,"{""sum"": [""OBP"", ""SLG""]}",0.560441909
hitter,2026,Depth Charts,p_213ee8a68e18e3674db206f3,s_838cc5f37540e855740c90e5,actual,OPS,"{""sum"": [""OBP"", ""SLG""]}",1.0
hitter,2026,Depth Charts,p_d1e856cae4d07f9a6c4fe1e2,s_a23e8aa420243c922618526a,actual,OPS,"{""sum"": [""OBP"", ""SLG""]}",0.466666666
hitter,2026,Depth Charts,p_35ea903190fa5395379479ac,s_ab365515d02ed4536608c1ee,actual,OPS,"{""sum"": [""OBP"", ""SLG""]}",0.7274853800000001
hitter,2026,Depth Charts,p_c6ac3aa8bb1da5cdad4a2ee9,s_7e181f7f1aed1c572aa58beb,actual,OPS,"{""sum"": [""OBP"", ""SLG""]}",0.488304092
hitter,2026,Depth Charts,p_7a771f940265ce924e0fecee,s_c2ed747f1eebc72f8fb4d1f6,actual,OPS,"{""sum"": [""OBP"", ""SLG""]}",0.816428249
hitter,2026,Depth Charts,p_d074168cad7665ea1260b2c7,s_f2d599d5df5ee0f50bcc5d58,actual,OPS,"{""sum"": [""OBP"", ""SLG""]}",0.664685314
hitter,2026,Depth Charts,p_755efb1b178e88a9fe42fc92,s_74e5ba1ce083e85ead82554e,actual,OPS,"{""sum"": [""OBP"", ""SLG""]}",0.36792698700000004
hitter,2026,Depth Charts,p_0223f9d06027dad935426645,s_ddb88299d50f2dda52c58656,actual,OPS,"{""sum"": [""OBP"", ""SLG""]}",0.433489827
hitter,2026,Depth Charts,p_fcdc1e9000395bc51889594d,s_559a6626e332c425963a47cf,actual,OPS,"{""sum"": [""OBP"", ""SLG""]}",0.529336297
hitter,2026,Depth Charts,p_a7294d5184e485ad8b842ac1,s_1e892132aee7adf635fa433c,actual,OPS,"{""sum"": [""OBP"", ""SLG""]}",0.285714284
hitter,2026,Depth Charts,p_f7f3d9dc136d46fb8aa6ae65,s_e7ebdbf5f7e28ef78d6103f6,actual,OPS,"{""sum"": [""OBP"", ""SLG""]}",0.34722222199999997
hitter,2026,Depth Charts,p_adce6fccfa0ad9ba417ad335,s_7e594d11ada70a3952d7e175,actual,OPS,"{""sum"": [""OBP"", ""SLG""]}",0.25
hitter,2026,Depth Charts,p_08300de2db166bc79fc9aa55,s_458a67d0e77e9cab980352b9,actual,OPS,"{""sum"": [""OBP"", ""SLG""]}",0.602678571
hitter,2026,Depth Charts,p_97cc4865db22aadc4ce7f639,s_cd8c396f40034504a1a5d35e,actual,OPS,"{""sum"": [""OBP"", ""SLG""]}",1.125
hitter,2026,Depth Charts,p_32091c9f78fec4451a11d54a,s_8080aa87469d5da67a2d9009,actual,OPS,"{""sum"": [""OBP"", ""SLG""]}",0.773826584
hitter,2026,Depth Charts,p_43458b1ca56bfc78e5851984,s_f59520917bf2ab29008289a2,actual,OPS,"{""sum"": [""OBP"", ""SLG""]}",0.5
hitter,2026,Depth Charts,p_e3e72bfb6402dc5860959650,s_92b1dde91fb2c8d806416701,actual,OPS,"{""sum"": [""OBP"", ""SLG""]}",0.688499905
hitter,2026,Depth Charts,p_f5762196b1a003b903a92174,s_3ab1637f87539bfb8bd7f2e4,actual,OPS,"{""sum"": [""OBP"", ""SLG""]}",0.679459064
hitter,2026,Depth Charts,p_d780ef80586063b87be09743,s_6ad2f15cfc23643c3a809a23,actual,OPS,"{""sum"": [""OBP"", ""SLG""]}",0.0
hitter,2026,Depth Charts,p_ac57765bdbb3034bbc1f2b61,s_3f65a3ef6d59db270b1d89c1,actual,OPS,"{""sum"": [""OBP"", ""SLG""]}",0.83829221
hitter,2026,Depth Charts,p_c1d6d30afc2b3b0e5d39410e,s_9f5b0e97a9a608576fc4e5e7,actual,OPS,"{""sum"": [""OBP"", ""SLG""]}",0.6339417119999999
hitter,2026,Depth Charts,p_0ff6cb4481aa28b4e0ca248f,s_58b9ebc6a594e013b0bf5e35,actual,OPS,"{""sum"": [""OBP"", ""SLG""]}",0.342857142
hitter,2026,Depth Charts,p_def17f3e4bab01c04d8516d6,s_2d5d1535d543931bc50a6ad5,actual,OPS,"{""sum"": [""OBP"", ""SLG""]}",0.633179722
hitter,2026,Depth Charts,p_6525dc93ba2de7e1b5e75be6,s_bc1502dd71a008f064572e7b,actual,OPS,"{""sum"": [""OBP"", ""SLG""]}",0.351489361
hitter,2026,Depth Charts,p_c58578964d78032e94fe81f7,s_ad5f29f7d5ec4a6a43ea420e,actual,OPS,"{""sum"": [""OBP"", ""SLG""]}",0.851063828
hitter,2026,Depth Charts,p_46c8ef61562526809be4aea3,s_184e306dcc47e1e73b037663,actual,OPS,"{""sum"": [""OBP"", ""SLG""]}",0.859477123
hitter,2026,Depth Charts,p_a866edf27abe9399b209a720,s_4b492ef00158e065e448cb28,actual,OPS,"{""sum"": [""OBP"", ""SLG""]}",0.438118811
hitter,2026,Depth Charts,p_6ff147b20b3f78ed8b9c9689,s_bc2dd3044e2c9ec5498b548d,actual,OPS,"{""sum"": [""OBP"", ""SLG""]}",0.747252746
hitter,2026,Depth Charts,p_b6dc84a75a7cf2791b76bd90,s_c1c61bf52352efde11cae468,actual,OPS,"{""sum"": [""OBP"", ""SLG""]}",0.5687331520000001
hitter,2026,Depth Charts,p_734724174f1233575d37ef2a,s_770600203ad87ad535f468fd,actual,OPS,"{""sum"": [""OBP"", ""SLG""]}",0.762170542
hitter,2026,Depth Charts,p_d6b7a242fff972cbbb11131c,s_3d5c307931d261dfbe7fa686,actual,OPS,"{""sum"": [""OBP"", ""SLG""]}",0.686884236
hitter,2026,Depth Charts,p_f5d405fea4374fa2a900237a,s_e2730cc453adc2d22889202b,actual,OPS,"{""sum"": [""OBP"", ""SLG""]}",0.7464709190000001
hitter,2026,Depth Charts,p_79533d36604898f85009f47a,s_c6f0d4d65ac60d8257c91f12,actual,OPS,"{""sum"": [""OBP"", ""SLG""]}",0.600924244
hitter,2026,Depth Charts,p_f1632c1a638e4afae1811926,s_be4dedb41730ddbbb78ef855,actual,OPS,"{""sum"": [""OBP"", ""SLG""]}",0.45689655100000004
hitter,2026,Depth Charts,p_56922133a900e974099c393f,s_984302e479921bcc6cc70b52,actual,OPS,"{""sum"": [""OBP"", ""SLG""]}",0.342857142
hitter,2026,Depth Charts,p_59d35620f5a758b99595238e,s_8b061655ee128c0d72afad01,actual,OPS,"{""sum"": [""OBP"", ""SLG""]}",0.353266887
hitter,2026,Depth Charts,p_43df61d72995e1a9b8e57a5a,s_21ba395f69a8e5377d91e59f,actual,OPS,"{""sum"": [""OBP"", ""SLG""]}",0.693936417
hitter,2026,Depth Charts,p_981b2c7f83451c96f57a0b8f,s_5f84c76665533585086d3888,actual,OPS,"{""sum"": [""OBP"", ""SLG""]}",0.42222222200000004
hitter,2026,Depth Charts,p_eed974693204a607f756bb81,s_79b96ceaa0c0b4ffd9fb0a82,actual,OPS,"{""sum"": [""OBP"", ""SLG""]}",0.6635225229999999
hitter,2025,OOPSY,p_f16412beb35a9f8275245e07,s_1561ddfccd426ad8af6af896,actual,OPS,"{""sum"": [""OBP"", ""SLG""]}",1.144169281
hitter,2025,OOPSY,p_5ddf7b7c488d16218bdd70fc,s_09413c1901509647d533702b,actual,OPS,"{""sum"": [""OBP"", ""SLG""]}",0.8516031500000001
hitter,2025,OOPSY,p_67d2d4c4c4eb75d44dfc90f0,s_0da3eea1b67db485f8893330,actual,OPS,"{""sum"": [""OBP"", ""SLG""]}",0.7978700409999999
hitter,2025,OOPSY,p_8b0da430de74b9d38592cfa7,s_2d71e962946c96a234a00a2e,actual,OPS,"{""sum"": [""OBP"", ""SLG""]}",0.920641903
hitter,2025,OOPSY,p_1a7540f0f62bdbec1d46a097,s_140824749158a67b0312c09e,actual,OPS,"{""sum"": [""OBP"", ""SLG""]}",1.013655397
hitter,2025,OOPSY,p_6bef577c2d843e259b2e4f8d,s_97af5d0282a61fbbcc344040,actual,OPS,"{""sum"": [""OBP"", ""SLG""]}",0.7871691860000001
hitter,2025,OOPSY,p_b2d8d52d1ac8e278023dd28e,s_3e054aea47a454e49211c277,actual,OPS,"{""sum"": [""OBP"", ""SLG""]}",0.7971372
hitter,2025,OOPSY,p_6258e0b754720e6aa1ffc43d,s_4dcbc497f497bd06488c244c,actual,OPS,"{""sum"": [""OBP"", ""SLG""]}",0.847775391
hitter,2025,OOPSY,p_3f765e91616326426b8a43c2,s_cf08a56ccb9e87c3a033f60e,actual,OPS,"{""sum"": [""OBP"", ""SLG""]}",0.813711158
hitter,2025,OOPSY,p_cbfcdeac8217106774120e81,s_973f7123900dc119a22878a6,actual,OPS,"{""sum"": [""OBP"", ""SLG""]}",0.935227207
hitter,2025,OOPSY,p_5c11dd145a24b1ffaecf5e75,s_395d762f3e1bf597685e30a2,actual,OPS,"{""sum"": [""OBP"", ""SLG""]}",0.73156435
hitter,2025,OOPSY,p_e7725c89676d89124848373c,s_b254018b22a0a76124a36ca1,actual,OPS,"{""sum"": [""OBP"", ""SLG""]}",0.776576121
hitter,2025,OOPSY,p_ba6f36e798456bccef1754a0,s_4841887243e773bd62427eb9,actual,OPS,"{""sum"": [""OBP"", ""SLG""]}",0.736609447
hitter,2025,OOPSY,p_6c0a9e658a48ac4878d9dd6d,s_336d4dd6ab805d42aedeb6bf,actual,OPS,"{""sum"": [""OBP"", ""SLG""]}",0.862648557
hitter,2025,OOPSY,p_8a17723cd1691cf9cab7393e,s_c29a06b321ac61021b5e1aa0,actual,OPS,"{""sum"": [""OBP"", ""SLG""]}",0.8114669240000001
hitter,2025,OOPSY,p_3d2334a857b6e51adfa60031,s_cab202873017fc87f142bf3f,actual,OPS,"{""sum"": [""OBP"", ""SLG""]}",0.9477914220000001
hitter,2025,OOPSY,p_112dcfa6b46c45a399a719e5,s_37ce9812356593aa9cd45691,actual,OPS,"{""sum"": [""OBP"", ""SLG""]}",0.841104377
hitter,2025,OOPSY,p_60cc6d7817c312ca1f6e104d,s_f3593fd1247134bc79f99218,actual,OPS,"{""sum"": [""OBP"", ""SLG""]}",0.7543767450000001
hitter,2025,OOPSY,p_553976eb2ca8a6fbca85aa5b,s_12b8be584e0afd0000e7cc43,actual,OPS,"{""sum"": [""OBP"", ""SLG""]}",0.6776111410000001
hitter,2025,OOPSY,p_306fe9c0d735d7f46146c529,s_1b9c2b5d9ed08c44714588d2,actual,OPS,"{""sum"": [""OBP"", ""SLG""]}",0.8598758120000001
hitter,2025,OOPSY,p_ed974f466607b19fee8971ac,s_a4c5dfa3a5259d698a9dcce8,actual,OPS,"{""sum"": [""OBP"", ""SLG""]}",0.797155049
hitter,2025,OOPSY,p_975a1b871ed65b006a1ce607,s_58b6c9f1cc18045e32afb755,actual,OPS,"{""sum"": [""OBP"", ""SLG""]}",0.7949708600000001
hitter,2025,OOPSY,p_cc20023b077f71dea170b091,s_2fa72e2f5f3b8c497ac44db9,actual,OPS,"{""sum"": [""OBP"", ""SLG""]}",0.843922499
hitter,2025,OOPSY,p_8145c85e799111fad96f9326,s_5871685e103c06eb8defb3a8,actual,OPS,"{""sum"": [""OBP"", ""SLG""]}",0.883459268
hitter,2025,OOPSY,p_689b3153515d854852b70f4b,s_1afd486d11011588abb80eb6,actual,OPS,"{""sum"": [""OBP"", ""SLG""]}",0.739567971
hitter,2025,OOPSY,p_a1c10b179912b1d2f03fa32c,s_47abcf707db5d7cd266f2576,actual,OPS,"{""sum"": [""OBP"", ""SLG""]}",0.806310432
hitter,2025,OOPSY,p_8b8b46332f730f938d5e4598,s_0f16791670cb7dce245bc63c,actual,OPS,"{""sum"": [""OBP"", ""SLG""]}",0.7697023329999999
hitter,2025,OOPSY,p_9dae11e0cd2670bf2ee9255e,s_6fad449ae0c5f57c9fa8ace0,actual,OPS,"{""sum"": [""OBP"", ""SLG""]}",0.734426416
hitter,2025,OOPSY,p_f23d1d9035065b244f5e458f,s_df4c15664719b8a9a52099bc,actual,OPS,"{""sum"": [""OBP"", ""SLG""]}",0.8457566139999999
hitter,2025,OOPSY,p_c315f699dc20ea9f45db58c2,s_70b6a7c229d1578a1f1ebee8,actual,OPS,"{""sum"": [""OBP"", ""SLG""]}",0.675713437
hitter,2025,OOPSY,p_487446a58afe78ff3ecfe76c,s_53a70c7ee1e24f05981b3ef1,actual,OPS,"{""sum"": [""OBP"", ""SLG""]}",0.8925659459999999
hitter,2025,OOPSY,p_eb6d41898fee1956040bc079,s_75986aa31857a3cb52fb2377,actual,OPS,"{""sum"": [""OBP"", ""SLG""]}",0.839505767
hitter,2025,OOPSY,p_470f32c7b44abc752b626681,s_caa533aaeed005cb46ae0f95,actual,OPS,"{""sum"": [""OBP"", ""SLG""]}",0.716638592
hitter,2025,OOPSY,p_565062fedb9dc11884dc149f,s_97e85c98e9d029c90a644ac7,actual,OPS,"{""sum"": [""OBP"", ""SLG""]}",0.673308942
hitter,2025,OOPSY,p_56e7275c3bfa42a75a7ac2ab,s_99e2795390defbbc92bdb399,actual,OPS,"{""sum"": [""OBP"", ""SLG""]}",0.811948847
hitter,2025,OOPSY,p_8a7e7a5df7676ae9c7c629fc,s_f709784c98b5bbb5587c1e5b,actual,OPS,"{""sum"": [""OBP"", ""SLG""]}",0.774245566
hitter,2025,OOPSY,p_bae0c0ca4e440ae7ebfa87be,s_5e8888d2456be1aee2ed345c,actual,OPS,"{""sum"": [""OBP"", ""SLG""]}",0.784731658
hitter,2025,OOPSY,p_07a6c8c4d72175b6a105acc0,s_825bf10a8b4ac6afb84cee68,actual,OPS,"{""sum"": [""OBP"", ""SLG""]}",0.661298232
hitter,2025,OOPSY,p_c098c2fe9513c8a2d9d6133f,s_366d6026be29e515fbc08904,actual,OPS,"{""sum"": [""OBP"", ""SLG""]}",0.775297379
hitter,2025,OOPSY,p_14d1280565f59b8db3772882,s_9025b12fd36230ef660994b2,actual,OPS,"{""sum"": [""OBP"", ""SLG""]}",0.774309583
hitter,2025,OOPSY,p_33ef22bd9c5fcfa876186831,s_ee92760f9ae249d8b54f0bae,actual,OPS,"{""sum"": [""OBP"", ""SLG""]}",0.9275547900000001
hitter,2025,OOPSY,p_fffb6de42175eb3a17278de2,s_8dc98123f40c0fda0c155642,actual,OPS,"{""sum"": [""OBP"", ""SLG""]}",0.840142061
hitter,2025,OOPSY,p_316c3f5d72b7ee1b6a59d1c6,s_923b8e26f1e848da7201de13,actual,OPS,"{""sum"": [""OBP"", ""SLG""]}",0.868624717
hitter,2025,OOPSY,p_d85aa5a54347f648d409ab91,s_4d8715e108014be6c462845b,actual,OPS,"{""sum"": [""OBP"", ""SLG""]}",0.785963805
hitter,2025,OOPSY,p_1552cbc32b7c3d101007d1ee,s_534f3b45c7974d8796c714bb,actual,OPS,"{""sum"": [""OBP"", ""SLG""]}",0.66296652
hitter,2025,OOPSY,p_eee8adf491cb30aad8c0c2e7,s_dad75a0c0cce411ee5a960c0,actual,OPS,"{""sum"": [""OBP"", ""SLG""]}",0.814476779
hitter,2025,OOPSY,p_9c139e8de020d424429029d1,s_6c61d2081b03d462fc73ae62,actual,OPS,"{""sum"": [""OBP"", ""SLG""]}",0.8511490310000001
hitter,2025,OOPSY,p_ca7feb5b66329358ea3d8c70,s_12a927feaa86b54c235a95c4,actual,OPS,"{""sum"": [""OBP"", ""SLG""]}",0.849996457
hitter,2025,OOPSY,p_6c63d7d7b55bc0f02c783a80,s_13e5d6edd97ade03c0f41e38,actual,OPS,"{""sum"": [""OBP"", ""SLG""]}",0.812594951
hitter,2025,OOPSY,p_0575c7ada041df0cca2d5549,s_084f699540ab1f6c19ae35bb,actual,OPS,"{""sum"": [""OBP"", ""SLG""]}",0.861430337
hitter,2025,OOPSY,p_81055a604ebcb0e79f8ffbe8,s_1170c07441e9c3536b56459d,actual,OPS,"{""sum"": [""OBP"", ""SLG""]}",0.598395994
hitter,2025,OOPSY,p_dca7ac3dcb00e9e9c03af974,s_0d13d0d6b164f4c2c518e08a,actual,OPS,"{""sum"": [""OBP"", ""SLG""]}",0.671176283
hitter,2025,OOPSY,p_5df8600326504a53588a6de7,s_4672c75b73c3fa513c1db773,actual,OPS,"{""sum"": [""OBP"", ""SLG""]}",0.792944164
hitter,2025,OOPSY,p_d65b41dc5498c748aed03004,s_1906eb06a87e100e4767adbc,actual,OPS,"{""sum"": [""OBP"", ""SLG""]}",0.7691121169999999
hitter,2025,OOPSY,p_8d8ac643ab43c0a5edae56ca,s_24c5f41e950518bbf118bded,actual,OPS,"{""sum"": [""OBP"", ""SLG""]}",0.8710060199999999
hitter,2025,OOPSY,p_63b127378fbb63f7a8ac5c53,s_219d4bb159164f5c695f4f41,actual,OPS,"{""sum"": [""OBP"", ""SLG""]}",0.80927013
hitter,2025,OOPSY,p_603925421b21bc562bc8d1f0,s_c762973e8e6836f171fc9b75,actual,OPS,"{""sum"": [""OBP"", ""SLG""]}",0.7009247860000001
hitter,2025,OOPSY,p_773d7d56031db8879f6723e8,s_fdd7309a3d761d1c160d3983,actual,OPS,"{""sum"": [""OBP"", ""SLG""]}",0.9009072929999999
hitter,2025,OOPSY,p_8363b9bca459e78ec2006bb0,s_dff185a6521057b456bc92d1,actual,OPS,"{""sum"": [""OBP"", ""SLG""]}",0.821489723
hitter,2025,OOPSY,p_0ad68b951761f8685abeae36,s_633e88fcda2542170e3d98cc,actual,OPS,"{""sum"": [""OBP"", ""SLG""]}",0.669073232
hitter,2025,OOPSY,p_406c3866f3427af34341afec,s_86bf079a653bdb9f9680f061,actual,OPS,"{""sum"": [""OBP"", ""SLG""]}",0.642788821
hitter,2025,OOPSY,p_806c100a85a17dfdcfe3aeab,s_566eb3fb6dbade15c99dc506,actual,OPS,"{""sum"": [""OBP"", ""SLG""]}",0.719532343
hitter,2025,OOPSY,p_e6a7e479765cf29ade93adc3,s_67f1dc0424d7854836f760b1,actual,OPS,"{""sum"": [""OBP"", ""SLG""]}",0.847581105
hitter,2025,OOPSY,p_bbaf8d520b3e4b79303a4fa8,s_d73a387f513b20c882301976,actual,OPS,"{""sum"": [""OBP"", ""SLG""]}",0.71738782
hitter,2025,OOPSY,p_8763904d13a29c644082b122,s_e1bd27991005e9de65dcc665,actual,OPS,"{""sum"": [""OBP"", ""SLG""]}",0.8777977730000001
hitter,2025,OOPSY,p_cce7aefd60200f89eb5f62c5,s_8864628d6de35767ca0baacd,actual,OPS,"{""sum"": [""OBP"", ""SLG""]}",0.82469868
hitter,2025,OOPSY,p_fe3b34280c5c898441437983,s_a04fbfc64e0cc19913656986,actual,OPS,"{""sum"": [""OBP"", ""SLG""]}",0.704834782
hitter,2025,OOPSY,p_98faa1d5523b21adac215d1f,s_4abeab8ede5d5ec0f59e8a4c,actual,OPS,"{""sum"": [""OBP"", ""SLG""]}",0.711576762
hitter,2025,OOPSY,p_bb6f9449c9e0ffc57d547002,s_28ea8813767ff26fd3f5c614,actual,OPS,"{""sum"": [""OBP"", ""SLG""]}",0.7454982990000001
hitter,2025,OOPSY,p_0f12b16a4ff92fb0e5d398d2,s_d8bbc154befe87df9bbd58ae,actual,OPS,"{""sum"": [""OBP"", ""SLG""]}",0.7482160330000001
hitter,2025,OOPSY,p_0b1f16cb17d8c26e63a90351,s_d4fa96dc999e0432b317ee38,actual,OPS,"{""sum"": [""OBP"", ""SLG""]}",0.694270833
hitter,2025,OOPSY,p_67cb975359e89b208f68a778,s_500d66763f189a1e83bfbec1,actual,OPS,"{""sum"": [""OBP"", ""SLG""]}",0.601969088
hitter,2025,OOPSY,p_e96df7bede80ce3e564c75a2,s_522c0e560c83605c5087ab26,actual,OPS,"{""sum"": [""OBP"", ""SLG""]}",0.771426487
hitter,2025,OOPSY,p_8653cdcc68d87c5feacb31a7,s_f2b07ea81f3591808d95fd13,actual,OPS,"{""sum"": [""OBP"", ""SLG""]}",0.702152695
hitter,2025,OOPSY,p_edf8657586c7b50067f79dfb,s_66fa31ec979572c5384fcc50,actual,OPS,"{""sum"": [""OBP"", ""SLG""]}",0.654765544
hitter,2025,OOPSY,p_9182f20a9487df382d08fb95,s_ef90941115ae35649b2e0796,actual,OPS,"{""sum"": [""OBP"", ""SLG""]}",0.6643697989999999
hitter,2025,OOPSY,p_9a7cb306dcada31282e6798e,s_6af48c131c034323bcb10861,actual,OPS,"{""sum"": [""OBP"", ""SLG""]}",0.769817073
hitter,2025,OOPSY,p_1ebeee998dafa37125803f82,s_9b4ab73ff80931cee777a6ed,actual,OPS,"{""sum"": [""OBP"", ""SLG""]}",0.579816017
hitter,2025,OOPSY,p_d15ee8551777e5c3a4d0aae0,s_538677f05fb33d3682932f6f,actual,OPS,"{""sum"": [""OBP"", ""SLG""]}",0.73841541
hitter,2025,OOPSY,p_3664d107759fe0ae5d9df463,s_2aeb31b00ba658f46efb8039,actual,OPS,"{""sum"": [""OBP"", ""SLG""]}",0.67068953
hitter,2025,OOPSY,p_212972d5e1d2c8460dc3a73b,s_5e6931839b6b2440bf8b4c1f,actual,OPS,"{""sum"": [""OBP"", ""SLG""]}",0.672805831
hitter,2025,OOPSY,p_314d65c651f0866b57c6c200,s_b039de43b2ab070f439b8abb,actual,OPS,"{""sum"": [""OBP"", ""SLG""]}",0.6995805479999999
hitter,2025,OOPSY,p_3ee7d8b9c1b81790be270d8c,s_afe39f0d5dd985882406691f,actual,OPS,"{""sum"": [""OBP"", ""SLG""]}",0.684208043
hitter,2025,OOPSY,p_c83d352443086e7f53e8ec08,s_2dc68762a751f30fae11c3dc,actual,OPS,"{""sum"": [""OBP"", ""SLG""]}",0.7557406259999999
hitter,2025,OOPSY,p_c5052dde404660cf9ce169d1,s_11c005142fd65ebe37729471,actual,OPS,"{""sum"": [""OBP"", ""SLG""]}",0.697513445
hitter,2025,OOPSY,p_566da69483a08944a4fd0dbe,s_dcb359cfe93405bb01c97978,actual,OPS,"{""sum"": [""OBP"", ""SLG""]}",0.799530816
hitter,2025,OOPSY,p_8b4dd804140aaf9ec7e45949,s_ce506b54c588e10b9b514f32,actual,OPS,"{""sum"": [""OBP"", ""SLG""]}",0.790967295
hitter,2025,OOPSY,p_d84830ffa4fab8cd91af4c87,s_2a6d4ec87bf1c2af1e35e0c7,actual,OPS,"{""sum"": [""OBP"", ""SLG""]}",0.722027289
hitter,2025,OOPSY,p_b78289d1db7944d769d0fd0e,s_af7858b1e159d2b8f823e7d5,actual,OPS,"{""sum"": [""OBP"", ""SLG""]}",0.6871563460000001
hitter,2025,OOPSY,p_89571ae4477faeb62a16b64b,s_4587f54898b24be85680a9bb,actual,OPS,"{""sum"": [""OBP"", ""SLG""]}",0.7008586290000001
hitter,2025,OOPSY,p_41adaed6cd990313cac1c28c,s_4184c4bc095c978b93a99e57,actual,OPS,"{""sum"": [""OBP"", ""SLG""]}",0.70995041
hitter,2025,OOPSY,p_b568a0123a1581a870454450,s_bf4f341812f18e96d0de04a7,actual,OPS,"{""sum"": [""OBP"", ""SLG""]}",0.669398012
hitter,2025,OOPSY,p_5c21762346818604fbfcff71,s_9ae840fcc6ef79bb3b38a79b,actual,OPS,"{""sum"": [""OBP"", ""SLG""]}",0.688542236
hitter,2025,OOPSY,p_26a8a517c6eb9d8b6968c481,s_b782dc1a90f634eead8c3170,actual,OPS,"{""sum"": [""OBP"", ""SLG""]}",0.7755102030000001
hitter,2025,OOPSY,p_1c2555fab0a44a8694e53597,s_d3987911a770526985ba6fb5,actual,OPS,"{""sum"": [""OBP"", ""SLG""]}",0.729260198
hitter,2025,OOPSY,p_4f4c4807eced6c528cffe237,s_e43f81410e2bc29de3509319,actual,OPS,"{""sum"": [""OBP"", ""SLG""]}",0.649571754
hitter,2025,OOPSY,p_e8a841a4c0a09c1611d07c5c,s_024f33f48af95a16d96e4795,actual,OPS,"{""sum"": [""OBP"", ""SLG""]}",0.739136362
hitter,2025,OOPSY,p_b1a89f2be7e4c14ff4efdd77,s_b3bf8d8fae0abf743bbef97c,actual,OPS,"{""sum"": [""OBP"", ""SLG""]}",0.708637971
hitter,2025,OOPSY,p_5c1070a01c0c31d9a11bbaed,s_fce25585e6a1fbfa8459a62b,actual,OPS,"{""sum"": [""OBP"", ""SLG""]}",0.6862353910000001
hitter,2025,OOPSY,p_5d01293e94a7585a67693fb0,s_22033f533f5600e3ab3fec8a,actual,OPS,"{""sum"": [""OBP"", ""SLG""]}",0.8238359260000001
hitter,2025,OOPSY,p_19af1c0e0d94d73536407863,s_2745bd221480a7a6ada92c58,actual,OPS,"{""sum"": [""OBP"", ""SLG""]}",0.7345334560000001
hitter,2025,OOPSY,p_54a176facbbf2b86f4773ac9,s_32fad54d3adb3e2152c66d5e,actual,OPS,"{""sum"": [""OBP"", ""SLG""]}",0.665549428
hitter,2025,OOPSY,p_976a51a68ae7b23d4651968b,s_cca99634f26868feb07c12e9,actual,OPS,"{""sum"": [""OBP"", ""SLG""]}",0.7408319640000001
hitter,2025,OOPSY,p_d570178e121f3df05edac8b9,s_f5189583103daf7c92190da8,actual,OPS,"{""sum"": [""OBP"", ""SLG""]}",0.719453774
hitter,2025,OOPSY,p_376836ac6c44d0cd8f0e6415,s_4e4b25e6dbe16a9fac24b38b,actual,OPS,"{""sum"": [""OBP"", ""SLG""]}",0.7675929370000001
hitter,2025,OOPSY,p_7fdf70628f36e355ee189240,s_437fcc58616955a10f068642,actual,OPS,"{""sum"": [""OBP"", ""SLG""]}",0.6897944949999999
hitter,2025,OOPSY,p_367043d04df11c50c62b433f,s_c81b45404eeffcffe7c7c974,actual,OPS,"{""sum"": [""OBP"", ""SLG""]}",0.845937221
hitter,2025,OOPSY,p_9b7916f908afc5ad14fc69e1,s_65a8d57cc73f2114fefe5e27,actual,OPS,"{""sum"": [""OBP"", ""SLG""]}",0.77777333
hitter,2025,OOPSY,p_f00855fd10751f91f9838dac,s_dbb3dd5e0bcd2847193de4b8,actual,OPS,"{""sum"": [""OBP"", ""SLG""]}",0.684131221
hitter,2025,OOPSY,p_7868a9d4deb15c256be270e4,s_443380cdbf8e80f21059da4e,actual,OPS,"{""sum"": [""OBP"", ""SLG""]}",0.565307644
hitter,2025,OOPSY,p_45a4c94329ef45c21f405f71,s_d18e5f703727d6eaa83c1c93,actual,OPS,"{""sum"": [""OBP"", ""SLG""]}",0.837250858
hitter,2025,OOPSY,p_9dc26246e90ca8f349fcd827,s_4aeaff639e641c5f189ca13e,actual,OPS,"{""sum"": [""OBP"", ""SLG""]}",0.760048501
hitter,2025,OOPSY,p_fe349ad78aee63c7c18b8b83,s_42cc86a4530704c77582edb8,actual,OPS,"{""sum"": [""OBP"", ""SLG""]}",0.791698903
hitter,2025,OOPSY,p_ea8a5d1c846e0c84971a0bb4,s_af82f1a847f90e353dd2efa7,actual,OPS,"{""sum"": [""OBP"", ""SLG""]}",0.7521551719999999
hitter,2025,OOPSY,p_b80059e715bc562d70fcb8af,s_611a7cc574d9a0d15cc85f15,actual,OPS,"{""sum"": [""OBP"", ""SLG""]}",0.683583567
hitter,2025,OOPSY,p_fc5ea9af3a74454e7e41965e,s_5279cac6440a747929e66abd,actual,OPS,"{""sum"": [""OBP"", ""SLG""]}",0.718738552
hitter,2025,OOPSY,p_38e2bb8be3a261e7adcb997c,s_0aeb451d82119972642bbdfa,actual,OPS,"{""sum"": [""OBP"", ""SLG""]}",0.762418256
hitter,2025,OOPSY,p_18f58e283cd36378ac1da1fd,s_871f9c676eb645bf5beb38e7,actual,OPS,"{""sum"": [""OBP"", ""SLG""]}",0.760232586
hitter,2025,OOPSY,p_38ec0c549c03971eb5d0751e,s_9e71482fc64df15b730b8142,actual,OPS,"{""sum"": [""OBP"", ""SLG""]}",0.6289361689999999
hitter,2025,OOPSY,p_55ce304d590ded904d24a170,s_eaa266db219bc77c343053d4,actual,OPS,"{""sum"": [""OBP"", ""SLG""]}",0.6223663779999999
hitter,2025,OOPSY,p_d319b6b594701cbc5732b5b7,s_1ab778286121fc2ac2e06d8a,actual,OPS,"{""sum"": [""OBP"", ""SLG""]}",0.689596543
hitter,2025,OOPSY,p_b3b356771b4a2b8a3dabc8a1,s_a425dd8befc6e6ee680769e6,actual,OPS,"{""sum"": [""OBP"", ""SLG""]}",0.786504651
hitter,2025,OOPSY,p_88ea9f9f953b0443fa439d35,s_8ca3c2a0881444137ada9269,actual,OPS,"{""sum"": [""OBP"", ""SLG""]}",0.689756359
hitter,2025,OOPSY,p_5c4251b6812026c9a34d5cec,s_2d45886e3a05b7026272f0d8,actual,OPS,"{""sum"": [""OBP"", ""SLG""]}",0.832519937
hitter,2025,OOPSY,p_93147868d8b8ef25dc5ff7ce,s_55b8ebd4d3badbf60275f482,actual,OPS,"{""sum"": [""OBP"", ""SLG""]}",0.695473643
hitter,2025,OOPSY,p_ce144ce9a8cc74bf957c8921,s_40ec8916902e2985ba0712a0,actual,OPS,"{""sum"": [""OBP"", ""SLG""]}",0.64869416
hitter,2025,OOPSY,p_3a8dce49800801c45f47c67d,s_44058c8802066688da6d939d,actual,OPS,"{""sum"": [""OBP"", ""SLG""]}",0.630919853
hitter,2025,OOPSY,p_44532242db028a1dd74c936e,s_2c77696a67ee38e80a9b2cc7,actual,OPS,"{""sum"": [""OBP"", ""SLG""]}",0.720087106
hitter,2025,OOPSY,p_fd457e419f55ef98100c8820,s_4c07c53b2351d9893c154a71,actual,OPS,"{""sum"": [""OBP"", ""SLG""]}",0.795174681
hitter,2025,OOPSY,p_d04d80d479ca9798b6aba56a,s_aa32185de0a4239459aeb5f2,actual,OPS,"{""sum"": [""OBP"", ""SLG""]}",0.8134332989999999
hitter,2025,OOPSY,p_116cdec4053638cbb2ccefd2,s_1ba5b21983e8d9630bb6f918,actual,OPS,"{""sum"": [""OBP"", ""SLG""]}",0.77456564
hitter,2025,OOPSY,p_5ea69072becc5cf7c0a9e718,s_682b222dc028657065d5a65e,actual,OPS,"{""sum"": [""OBP"", ""SLG""]}",0.785314522
hitter,2025,OOPSY,p_abdfe3139ed4c9eda6ce0c37,s_cc6abebe9998ea3062f6dabb,actual,OPS,"{""sum"": [""OBP"", ""SLG""]}",0.770482509
hitter,2025,OOPSY,p_17359d602cb142314bd90053,s_cb2f045e32bd1e290d7217b7,actual,OPS,"{""sum"": [""OBP"", ""SLG""]}",0.579831932
hitter,2025,OOPSY,p_fe5e81171887fdbded90e9cf,s_623b330e12f9b76981c5db48,actual,OPS,"{""sum"": [""OBP"", ""SLG""]}",0.6610685249999999
hitter,2025,OOPSY,p_a04a776d277aaef9a5c0a0c5,s_9a4e126ed48c1c5f534f0af7,actual,OPS,"{""sum"": [""OBP"", ""SLG""]}",0.653184164
hitter,2025,OOPSY,p_c4e9bd291c503b119d01518b,s_b5584b4727c7355df7f384dd,actual,OPS,"{""sum"": [""OBP"", ""SLG""]}",0.609929077
hitter,2025,OOPSY,p_38d7241e29090de68e34bc2f,s_65593e62ff3abf43ab0f20f4,actual,OPS,"{""sum"": [""OBP"", ""SLG""]}",0.679137424
hitter,2025,OOPSY,p_e0d83b8da8aaead5cd952acc,s_2628d601d386d0d7d5f70137,actual,OPS,"{""sum"": [""OBP"", ""SLG""]}",0.8513565
hitter,2025,OOPSY,p_2d444cfa000f2def8872ded3,s_8c7cc189825e5f46da90564a,actual,OPS,"{""sum"": [""OBP"", ""SLG""]}",0.728057553
hitter,2025,OOPSY,p_0073829d150626e88713a1af,s_e207f05b1081912fa15c5ad5,actual,OPS,"{""sum"": [""OBP"", ""SLG""]}",0.5835629
hitter,2025,OOPSY,p_21e21eee8205504dbb454499,s_aa3a414449e48127f87c48c9,actual,OPS,"{""sum"": [""OBP"", ""SLG""]}",0.680090404
hitter,2025,OOPSY,p_9f8e5fcf717acc70a142d6b8,s_40eef745ca8493b1b7473e5e,actual,OPS,"{""sum"": [""OBP"", ""SLG""]}",0.613547787
hitter,2025,OOPSY,p_16c8a61592460a4590a285cf,s_86e63a7db009c77c9d1513d3,actual,OPS,"{""sum"": [""OBP"", ""SLG""]}",0.650747754
hitter,2025,OOPSY,p_07105369a9e627dc07e08f3a,s_47b3f60d40292e30bbc240ea,actual,OPS,"{""sum"": [""OBP"", ""SLG""]}",0.797620902
hitter,2025,OOPSY,p_d3826afca90b544836e2677c,s_78033a2498b99e217d318bff,actual,OPS,"{""sum"": [""OBP"", ""SLG""]}",0.81558011
hitter,2025,OOPSY,p_1d7e8678c5830f3f0069f0d2,s_7308c54030258fc95e10e041,actual,OPS,"{""sum"": [""OBP"", ""SLG""]}",0.786476592
hitter,2025,OOPSY,p_910eaf826bf8a3ff8e586a66,s_a8310c74df959b8260669ae7,actual,OPS,"{""sum"": [""OBP"", ""SLG""]}",0.746376811
hitter,2025,OOPSY,p_d280fe766b138e116686c70c,s_f8ffa2820958188654cf36c8,actual,OPS,"{""sum"": [""OBP"", ""SLG""]}",0.820987729
hitter,2025,OOPSY,p_2724acfafc878fd4c34e93e8,s_3b0fd4e1ddb28b2e297b5ce1,actual,OPS,"{""sum"": [""OBP"", ""SLG""]}",0.610890433
hitter,2025,OOPSY,p_30c7a668112dbae738c3a2dc,s_ea6837023238c47070262a34,actual,OPS,"{""sum"": [""OBP"", ""SLG""]}",0.803761422
hitter,2025,OOPSY,p_9837c9964fe5b2c7ce57160e,s_0d9e18fcfb8389370578dba7,actual,OPS,"{""sum"": [""OBP"", ""SLG""]}",0.693426178
hitter,2025,OOPSY,p_22db645384aeaef0e6b0dd37,s_12d4c42d0b76a766cedc9c79,actual,OPS,"{""sum"": [""OBP"", ""SLG""]}",0.800172375
hitter,2025,OOPSY,p_22206224451c3db51ac6d5b0,s_626b49cf59c4c7ba3285b71e,actual,OPS,"{""sum"": [""OBP"", ""SLG""]}",0.6650440440000001
hitter,2025,OOPSY,p_374639c006432a57cd7173fc,s_56d471040f2fe7460ab3094e,actual,OPS,"{""sum"": [""OBP"", ""SLG""]}",0.719235633
hitter,2025,OOPSY,p_acb394d472b6013fee0b2e3f,s_ddbf4e1d49b399dc6a23d0ee,actual,OPS,"{""sum"": [""OBP"", ""SLG""]}",0.605669952
hitter,2025,OOPSY,p_949685b5495cd6ed803f6057,s_7b90b12016601dd9045c1afb,actual,OPS,"{""sum"": [""OBP"", ""SLG""]}",0.630353746
hitter,2025,OOPSY,p_3a018d05684bd05311c373cb,s_a1f8efbc82e9cdc92615bfb0,actual,OPS,"{""sum"": [""OBP"", ""SLG""]}",0.743754971
hitter,2025,OOPSY,p_fdaca5aed6785adf29ede698,s_c4222e18a64d50b26210d055,actual,OPS,"{""sum"": [""OBP"", ""SLG""]}",0.7305466
hitter,2025,OOPSY,p_a280e0051deab38225ff5e85,s_83875889e3ac6eeefb5bf1df,actual,OPS,"{""sum"": [""OBP"", ""SLG""]}",0.595485271
hitter,2025,OOPSY,p_034871097292618cf33a0c4f,s_b01542e7e13a9f88988a606d,actual,OPS,"{""sum"": [""OBP"", ""SLG""]}",0.720734126
hitter,2025,OOPSY,p_34425c8d8ba5966e2a935516,s_8b7ae24bce694f99b3a62672,actual,OPS,"{""sum"": [""OBP"", ""SLG""]}",0.7267398469999999
hitter,2025,OOPSY,p_f81e06f86a4750a02ca58853,s_bc2b68af6f6c635427e98d9c,actual,OPS,"{""sum"": [""OBP"", ""SLG""]}",0.6706498679999999
hitter,2025,OOPSY,p_8010bf50d9cac90da8bc9c88,s_b985c3362b57da419618b57f,actual,OPS,"{""sum"": [""OBP"", ""SLG""]}",0.698501429
hitter,2025,OOPSY,p_01f201d29bbe20594b827aba,s_f7665fa5b87ff40b05849d93,actual,OPS,"{""sum"": [""OBP"", ""SLG""]}",0.959204693
hitter,2025,OOPSY,p_8d64e39982b70f86006ac025,s_6ffa8f9d94e4f7aeb06eb5d9,actual,OPS,"{""sum"": [""OBP"", ""SLG""]}",0.637062633
hitter,2025,OOPSY,p_a88d730b313818d432b74cc0,s_cf6f69a4b46f43e9e5c492b3,actual,OPS,"{""sum"": [""OBP"", ""SLG""]}",0.591235536
hitter,2025,OOPSY,p_42767f2ef4cd11bba011e99d,s_178b4d78270008769c3eff8c,actual,OPS,"{""sum"": [""OBP"", ""SLG""]}",0.737194155
hitter,2025,OOPSY,p_a10691810a3a9049724c355e,s_93d0d31c6162e7cca2e6c663,actual,OPS,"{""sum"": [""OBP"", ""SLG""]}",0.794140029
hitter,2025,OOPSY,p_56d916df39c8dfba62c80c88,s_c95647f8295685c8eaebd8c2,actual,OPS,"{""sum"": [""OBP"", ""SLG""]}",0.641918934
hitter,2025,OOPSY,p_43edd76b977a3e8af976bc83,s_091c4bccf82a579f21ad597b,actual,OPS,"{""sum"": [""OBP"", ""SLG""]}",0.291666666
hitter,2025,OOPSY,p_12ab82bfc52a6eb89981c8ef,s_db337c984291c3fc3e642467,actual,OPS,"{""sum"": [""OBP"", ""SLG""]}",0.7878401429999999
hitter,2025,OOPSY,p_44767dae17d72f3b81e5e39f,s_ac8da9a7b4cd9559faa64050,actual,OPS,"{""sum"": [""OBP"", ""SLG""]}",0.740816642
hitter,2025,OOPSY,p_1a95972d3cc893a472abc230,s_3e7c9d7a6d0c8bb2b5666ecb,actual,OPS,"{""sum"": [""OBP"", ""SLG""]}",0.7171381130000001
hitter,2025,OOPSY,p_34b3b6e9dd4f5cea6194f845,s_9528cb6383f1c5d7eb7c3dfb,actual,OPS,"{""sum"": [""OBP"", ""SLG""]}",0.742408678
hitter,2025,OOPSY,p_ba07987ec3defa0be7df57c7,s_857681c3977cc72709289f33,actual,OPS,"{""sum"": [""OBP"", ""SLG""]}",0.65543906
hitter,2025,OOPSY,p_26c07dbedac1bda5bffc2c42,s_8a9f4b7b74a508fa63e5736c,actual,OPS,"{""sum"": [""OBP"", ""SLG""]}",0.5184788730000001
hitter,2025,OOPSY,p_f833a627792ee898758f75c1,s_424f6462d9c304c2ba66991c,actual,OPS,"{""sum"": [""OBP"", ""SLG""]}",0.635616816
hitter,2025,OOPSY,p_6a6f47011a0fdf81335ada30,s_a161948246a939095da27060,actual,OPS,"{""sum"": [""OBP"", ""SLG""]}",0.5810930409999999
hitter,2025,OOPSY,p_1bf803b8768936d90d2de00b,s_822a5ce502ddf81cc7d0bffe,actual,OPS,"{""sum"": [""OBP"", ""SLG""]}",0.530082267
hitter,2025,OOPSY,p_e68c177b707ba2989502b77c,s_02843f413f0ba17dda5b7af6,actual,OPS,"{""sum"": [""OBP"", ""SLG""]}",0.50173913
hitter,2025,OOPSY,p_ddf817cabc06756b0e3c52c8,s_7bc2732f8e3bbc2453fa20cf,actual,OPS,"{""sum"": [""OBP"", ""SLG""]}",0.593021276
hitter,2025,OOPSY,p_0cfc16ec70a614e40004e420,s_76610367a15548a2fb3e7f34,actual,OPS,"{""sum"": [""OBP"", ""SLG""]}",0.648685258
hitter,2025,OOPSY,p_8ee0eb5cae5daa0d79a54f41,s_402c3fa4bbf9141d8178b5a2,actual,OPS,"{""sum"": [""OBP"", ""SLG""]}",0.524421849
hitter,2025,OOPSY,p_cf9af48ba71d61a22e7caa41,s_41aa32f1c517953eaa1cc001,actual,OPS,"{""sum"": [""OBP"", ""SLG""]}",0.594800616
hitter,2025,OOPSY,p_713f11bb66125b24c64ef2d1,s_79b1f99d78ae279c7d3554e4,actual,OPS,"{""sum"": [""OBP"", ""SLG""]}",0.528958151
hitter,2025,OOPSY,p_8da5a98f5e436023740fed42,s_55b905fee2d9ed6128cfd8e4,actual,OPS,"{""sum"": [""OBP"", ""SLG""]}",0.66639027
hitter,2025,OOPSY,p_7b5d1a173b863deb0b76a4d6,s_7185322767bd7203a599c878,actual,OPS,"{""sum"": [""OBP"", ""SLG""]}",0.865806168
hitter,2025,OOPSY,p_982c7d30cba9f37d0babd910,s_9fa74f737132921578cb233a,actual,OPS,"{""sum"": [""OBP"", ""SLG""]}",0.661224331
hitter,2025,OOPSY,p_039eacb0641753712ee33051,s_7c632732b8354db53f49d89d,actual,OPS,"{""sum"": [""OBP"", ""SLG""]}",0.695772563
hitter,2025,OOPSY,p_0b1b7413f31673311ce952ef,s_182102a49b70120786b8e5a0,actual,OPS,"{""sum"": [""OBP"", ""SLG""]}",0.602478902
hitter,2025,OOPSY,p_0173b722ac4118ed6cdf2900,s_1ce5d87b41521190b440efab,actual,OPS,"{""sum"": [""OBP"", ""SLG""]}",0.653765919
hitter,2025,OOPSY,p_71d39bbc0fefb4bfd7f4b968,s_0d4deca29d9a5861cc317f8d,actual,OPS,"{""sum"": [""OBP"", ""SLG""]}",0.6209227429999999
hitter,2025,OOPSY,p_34ccd8b501bbb85c38a690a6,s_83ba7550d4761f39e4bfb043,actual,OPS,"{""sum"": [""OBP"", ""SLG""]}",0.812072553
hitter,2025,OOPSY,p_7c7b46475a55fc9446621efc,s_d602743233d6847bb47ad502,actual,OPS,"{""sum"": [""OBP"", ""SLG""]}",0.94437751
hitter,2025,OOPSY,p_dc25209b8d6f78bd1ff199d1,s_6e02535dffd2335991720f4f,actual,OPS,"{""sum"": [""OBP"", ""SLG""]}",0.820307143
hitter,2025,OOPSY,p_c18d2ac39a45a469963266d6,s_df6f81bf1abfbd68d4f39aa0,actual,OPS,"{""sum"": [""OBP"", ""SLG""]}",0.726900082
hitter,2025,OOPSY,p_a910702a6f8986211ef36f3c,s_c797e3d690e384ba301a0b50,actual,OPS,"{""sum"": [""OBP"", ""SLG""]}",0.7281162130000001
hitter,2025,OOPSY,p_780c8c603f85a04c341a9865,s_4e8554afed8d0470892b374f,actual,OPS,"{""sum"": [""OBP"", ""SLG""]}",0.652963803
hitter,2025,OOPSY,p_bb37edd9c4e88b2c706112f0,s_d79b872b527e89c4e3bf0927,actual,OPS,"{""sum"": [""OBP"", ""SLG""]}",0.633354567
hitter,2025,OOPSY,p_9688f2cceb46676f818de1b7,s_2cee108a56f726cc3fa0d4de,actual,OPS,"{""sum"": [""OBP"", ""SLG""]}",0.8137254899999999
hitter,2025,OOPSY,p_a90fbbe8cfc6dbd95768136c,s_560198a0e78cb1e0a1885df9,actual,OPS,"{""sum"": [""OBP"", ""SLG""]}",0.680191625
hitter,2025,OOPSY,p_cf93e6476cc705400a42c18a,s_65ffe360823af8a6e7dd992f,actual,OPS,"{""sum"": [""OBP"", ""SLG""]}",0.600245252
hitter,2025,OOPSY,p_f5ccb86ccaa7d4867bf5f322,s_e90be0390be6e69caed5a4df,actual,OPS,"{""sum"": [""OBP"", ""SLG""]}",0.5482092510000001
hitter,2025,OOPSY,p_08ae04aabc21677b06e0f5b5,s_7daded678146a85e908c8c14,actual,OPS,"{""sum"": [""OBP"", ""SLG""]}",0.700182504
hitter,2025,OOPSY,p_91133680e8e4cb762502f288,s_5164d5f9bc1f4b5a800ab0d3,actual,OPS,"{""sum"": [""OBP"", ""SLG""]}",0.616818181
hitter,2025,OOPSY,p_965a6ea3817c304cc282796b,s_0789993c7c890501de3a7950,actual,OPS,"{""sum"": [""OBP"", ""SLG""]}",0.6378940099999999
hitter,2025,OOPSY,p_49284b363959e469c6d521d3,s_05f46c37f63900bb696c2c0e,actual,OPS,"{""sum"": [""OBP"", ""SLG""]}",0.760725848
hitter,2025,OOPSY,p_453f6b5d6ed77a8cb0076130,s_ca0625c78a98f2a558e570d9,actual,OPS,"{""sum"": [""OBP"", ""SLG""]}",0.783220783
hitter,2025,OOPSY,p_dedf39f3291ea6360bd9d86d,s_77a61dc71bc292d362298de1,actual,OPS,"{""sum"": [""OBP"", ""SLG""]}",0.724340057
hitter,2025,OOPSY,p_3e65baa0e05437e8c0238e22,s_bc2b02e359571d0c7304f8b3,actual,OPS,"{""sum"": [""OBP"", ""SLG""]}",0.688770788
hitter,2025,OOPSY,p_c3256a07b8bac1f086784cc2,s_6b76fb3282d8af8edf3712d5,actual,OPS,"{""sum"": [""OBP"", ""SLG""]}",0.882554117
hitter,2025,OOPSY,p_772e2bb69cabe6eda522882b,s_2df60858d01c143b4f844096,actual,OPS,"{""sum"": [""OBP"", ""SLG""]}",0.5828116839999999
hitter,2025,OOPSY,p_43de269c43a2abc9eaaccc63,s_d9deaa8f66014e87bd93599a,actual,OPS,"{""sum"": [""OBP"", ""SLG""]}",0.693160141
hitter,2025,OOPSY,p_93f0cbe4ba8d32de88ebd386,s_a8f587ca4ca7bbfd60028186,actual,OPS,"{""sum"": [""OBP"", ""SLG""]}",0.787061994
hitter,2025,OOPSY,p_6df89ef6e838a7bd064ba0fe,s_5f5d23e0e37b324e848fa1d9,actual,OPS,"{""sum"": [""OBP"", ""SLG""]}",0.698702634
hitter,2025,OOPSY,p_ce15e01e3def598ffdccc288,s_571ab0c1ab55dfde2280d2a1,actual,OPS,"{""sum"": [""OBP"", ""SLG""]}",0.5001273230000001
hitter,2025,OOPSY,p_0130cd45d3e0619843f93b86,s_c640653e313193a74b1d3002,actual,OPS,"{""sum"": [""OBP"", ""SLG""]}",0.672360862
hitter,2025,OOPSY,p_940fa05875c6ec92a4c0f82a,s_894881ac7516e44f27e50a7b,actual,OPS,"{""sum"": [""OBP"", ""SLG""]}",0.727903963
hitter,2025,OOPSY,p_8d6f6f6848f015a167c87963,s_13748773ace59bf5240b693c,actual,OPS,"{""sum"": [""OBP"", ""SLG""]}",0.416666666
hitter,2025,OOPSY,p_d074168cad7665ea1260b2c7,s_9217f45849d99b86fba1a57f,actual,OPS,"{""sum"": [""OBP"", ""SLG""]}",0.320512819
hitter,2025,OOPSY,p_e8f31649994a3e32ef11f822,s_0650987f4d54ca0e93e5e1c8,actual,OPS,"{""sum"": [""OBP"", ""SLG""]}",0.742285438
hitter,2025,OOPSY,p_c347beb197dc45a63da2eb7d,s_99fb3b6f27400687c480950f,actual,OPS,"{""sum"": [""OBP"", ""SLG""]}",0.802517683
hitter,2025,OOPSY,p_ec46ba3925a24605aacacf22,s_10dd6fa26cb82a38f4683058,actual,OPS,"{""sum"": [""OBP"", ""SLG""]}",0.685931571
hitter,2025,OOPSY,p_1d811c6e48c551113658df8f,s_a98b467b82ea7d308cb137a2,actual,OPS,"{""sum"": [""OBP"", ""SLG""]}",0.691098706
hitter,2025,OOPSY,p_7464a49665d3e2d5bd7d2c5d,s_2ffe342f678cabe21715cb54,actual,OPS,"{""sum"": [""OBP"", ""SLG""]}",0.718504936
hitter,2025,OOPSY,p_8df2af654b2dd659804150c3,s_9df9a013ba8248bbf50492fd,actual,OPS,"{""sum"": [""OBP"", ""SLG""]}",0.654978354
hitter,2025,OOPSY,p_c3db81d681439dff2231b5fd,s_3a4c762c06714d3bd131752a,actual,OPS,"{""sum"": [""OBP"", ""SLG""]}",0.680768523
hitter,2025,OOPSY,p_090a1d58e67cb527524b4184,s_15fae914f142a6fb2ae4acd4,actual,OPS,"{""sum"": [""OBP"", ""SLG""]}",0.786863987
hitter,2025,OOPSY,p_8b3af4e00d6a58700b696caf,s_f587327d855d6e708f039d28,actual,OPS,"{""sum"": [""OBP"", ""SLG""]}",0.5981342590000001
hitter,2025,OOPSY,p_e88e1048177b5e00fc6235b9,s_6cda2b60e454abd801522d73,actual,OPS,"{""sum"": [""OBP"", ""SLG""]}",0.555555555
hitter,2025,OOPSY,p_2df0748ced386bc886f0bded,s_37fa642fea2be603ba1abeb2,actual,OPS,"{""sum"": [""OBP"", ""SLG""]}",0.654239837
hitter,2025,OOPSY,p_3df3de11935400a2046d0e22,s_fe62392fa6356ae0c795a29b,actual,OPS,"{""sum"": [""OBP"", ""SLG""]}",0.711418149
hitter,2025,OOPSY,p_9f9b58cf9004c9e1b74f4f5e,s_503a474aeb5c5a97b46df577,actual,OPS,"{""sum"": [""OBP"", ""SLG""]}",0.613146337
hitter,2025,OOPSY,p_094352eb62dc9717947a5478,s_ca2c829d73846806a4f97e74,actual,OPS,"{""sum"": [""OBP"", ""SLG""]}",0.712871794
hitter,2025,OOPSY,p_6ef9eb123a894da47938ad54,s_c9581718604f8a0c4e315b17,actual,OPS,"{""sum"": [""OBP"", ""SLG""]}",0.745810176
hitter,2025,OOPSY,p_9135fc2468c32449f77b1f5b,s_01dad935c6823a36745bd9f7,actual,OPS,"{""sum"": [""OBP"", ""SLG""]}",0.795966103
hitter,2025,OOPSY,p_c6e14bf6411d700d054a3e6b,s_50dead7f32a3ca8da8ca4c60,actual,OPS,"{""sum"": [""OBP"", ""SLG""]}",0.714612119
hitter,2025,OOPSY,p_83161ed742ee108f5b6c36e3,s_3b9baeb290ce21103a77f3ec,actual,OPS,"{""sum"": [""OBP"", ""SLG""]}",0.6750828289999999
hitter,2025,OOPSY,p_abe047f07a0efa446f4a36de,s_3baa7c6823b925d6dd35db47,actual,OPS,"{""sum"": [""OBP"", ""SLG""]}",0.70843996
hitter,2025,OOPSY,p_73b12e6f36544a08a000f034,s_86b7e196562a311973a356d1,actual,OPS,"{""sum"": [""OBP"", ""SLG""]}",0.658931857
hitter,2025,OOPSY,p_c8320c4ade7bd25cdbb337e8,s_9ab20d6b10fcb236122c593b,actual,OPS,"{""sum"": [""OBP"", ""SLG""]}",0.42735042700000003
hitter,2025,OOPSY,p_e7209053b03523d1b10b464b,s_5149a9ab127e36a8353c50fe,actual,OPS,"{""sum"": [""OBP"", ""SLG""]}",0.623489078
hitter,2025,OOPSY,p_0b8d12717e3a41fbb14e5a16,s_12969c041403b46c84e57995,actual,OPS,"{""sum"": [""OBP"", ""SLG""]}",0.912280701
hitter,2025,OOPSY,p_f5b455280992f6c5f1c3155d,s_e6807258c6484076f44d5464,actual,OPS,"{""sum"": [""OBP"", ""SLG""]}",0.495614035
hitter,2025,OOPSY,p_f3bb19b4ab6bc68f9f1f98fc,s_2c9263ae3509ee546ec95e22,actual,OPS,"{""sum"": [""OBP"", ""SLG""]}",0.483164982
hitter,2025,OOPSY,p_b7f93fa6cd2a0022c2f4073c,s_577d57d3bd7a0faa696424a0,actual,OPS,"{""sum"": [""OBP"", ""SLG""]}",0.8112391720000001
hitter,2025,OOPSY,p_b50c7faba421a14abbde4832,s_d4e9970c36d3bae9319bdfb5,actual,OPS,"{""sum"": [""OBP"", ""SLG""]}",0.630725263
hitter,2025,OOPSY,p_b0bd0cc808788129b5fe92e7,s_0a0bacf1f766c2cb30a43005,actual,OPS,"{""sum"": [""OBP"", ""SLG""]}",0.569279279
hitter,2025,OOPSY,p_3b4b903bf0ec409efa7f7c4b,s_e977533d9defc4e088b4da1f,actual,OPS,"{""sum"": [""OBP"", ""SLG""]}",0.566444034
hitter,2025,OOPSY,p_e5347f57c079821ded2c546d,s_fa307b3c072e4e5c62463d2e,actual,OPS,"{""sum"": [""OBP"", ""SLG""]}",0.6070390729999999
hitter,2025,OOPSY,p_b2481482b385c3996645ecdb,s_435bac427c41dfa832439074,actual,OPS,"{""sum"": [""OBP"", ""SLG""]}",0.809942976
hitter,2025,OOPSY,p_c2215c37439fe2db6d555fe3,s_423184b3b6fa642b255d238e,actual,OPS,"{""sum"": [""OBP"", ""SLG""]}",0.445357142
hitter,2025,OOPSY,p_ff3b072d82919b7204d60391,s_6c44c4460d07853f3a4a3918,actual,OPS,"{""sum"": [""OBP"", ""SLG""]}",0.715202798
hitter,2025,OOPSY,p_aed415d87aa458c3f61f701a,s_38aaed34804a50d5f3a70264,actual,OPS,"{""sum"": [""OBP"", ""SLG""]}",0.628515529
hitter,2025,OOPSY,p_4377316cb604fc79c43e849f,s_fe50a7a23af7b160efee92a5,actual,OPS,"{""sum"": [""OBP"", ""SLG""]}",0.752210432
hitter,2025,OOPSY,p_38223e84aa9c100b39331fcf,s_e070a2b1013353eb84d1480b,actual,OPS,"{""sum"": [""OBP"", ""SLG""]}",0.786067193
hitter,2025,OOPSY,p_b0eaf923fda4aa15ef19e892,s_29af9917069280a5653ce944,actual,OPS,"{""sum"": [""OBP"", ""SLG""]}",0.543885869
hitter,2025,OOPSY,p_4672fc02fbfa48399c90584a,s_3d151f9d4104a4ad9f06400c,actual,OPS,"{""sum"": [""OBP"", ""SLG""]}",0.8590746220000001
hitter,2025,OOPSY,p_6af69ff4c947bafc8bdfa219,s_67d86d4133a19e848ae12a25,actual,OPS,"{""sum"": [""OBP"", ""SLG""]}",0.6422877629999999
hitter,2025,OOPSY,p_ff7da0692023e81c73d988b1,s_adb40180ca05e786d7e1f1f4,actual,OPS,"{""sum"": [""OBP"", ""SLG""]}",0.748087682
hitter,2025,OOPSY,p_b3b7429144b65984ac116b64,s_075a1a1cd48f0fd3a3592fe7,actual,OPS,"{""sum"": [""OBP"", ""SLG""]}",0.7227783489999999
hitter,2025,OOPSY,p_7a73d79a099a02d80efb70ee,s_57b1eb10cb3cfaa2fed8ba1b,actual,OPS,"{""sum"": [""OBP"", ""SLG""]}",0.801293951
hitter,2025,OOPSY,p_1a2ff168ae4dee38f3f0da86,s_803a817e2dbf8ea0c07e655d,actual,OPS,"{""sum"": [""OBP"", ""SLG""]}",0.76793685
hitter,2025,OOPSY,p_72f8986dd2cfdf854e6d9496,s_265db7b632d1e253cd201aea,actual,OPS,"{""sum"": [""OBP"", ""SLG""]}",0.643621144
hitter,2025,OOPSY,p_0eaaec37182495ecee4c0eba,s_3b402e0d51f119ed82bedb33,actual,OPS,"{""sum"": [""OBP"", ""SLG""]}",0.544635543
hitter,2025,OOPSY,p_983f337494dd44856c74ae94,s_23534d3462441a8b3ff69319,actual,OPS,"{""sum"": [""OBP"", ""SLG""]}",0.735249535
hitter,2025,OOPSY,p_2e25971727a7328447e20387,s_7b1c2aabb0dca3de793c6fd1,actual,OPS,"{""sum"": [""OBP"", ""SLG""]}",0.639071409
hitter,2025,OOPSY,p_18f43dfd6af22a681f90df0a,s_4c2c4dcc34ac70091850ca29,actual,OPS,"{""sum"": [""OBP"", ""SLG""]}",0.688670586
hitter,2025,OOPSY,p_5b39aa72d25ce69fb44d6ff6,s_cb2e75318a8834c6fa9f7dd4,actual,OPS,"{""sum"": [""OBP"", ""SLG""]}",0.534232209
hitter,2025,OOPSY,p_5238beca8d2e0f1fd715c816,s_7c454fbef00b865f2c8f179e,actual,OPS,"{""sum"": [""OBP"", ""SLG""]}",0.8403658270000001
hitter,2025,OOPSY,p_c8daa367e2a394e88a3a2b3a,s_a30d58d79011c4f9f057f65a,actual,OPS,"{""sum"": [""OBP"", ""SLG""]}",0.822311142
hitter,2025,OOPSY,p_dae2f3444392e0e6d8dd111e,s_0359ec56c1d46ec4b0a5fd05,actual,OPS,"{""sum"": [""OBP"", ""SLG""]}",0.843341009
hitter,2025,OOPSY,p_85aa2b0fe3e8fb526c91f73a,s_1dcfc742bd481dc9a086b8b0,actual,OPS,"{""sum"": [""OBP"", ""SLG""]}",0.631463556
hitter,2025,OOPSY,p_834bb635031b8e62a403a8ec,s_8eb9fe3a2ace87225139581b,actual,OPS,"{""sum"": [""OBP"", ""SLG""]}",0.342746614
hitter,2025,OOPSY,p_39e01888f555a1c1c75bae63,s_8ada5d1b94b5db591d2b716e,actual,OPS,"{""sum"": [""OBP"", ""SLG""]}",0.48030383200000004
hitter,2025,OOPSY,p_08f6887f65d655a4a2baf9d5,s_c0a60f806efe7719c2005d65,actual,OPS,"{""sum"": [""OBP"", ""SLG""]}",0.6444571859999999
hitter,2025,OOPSY,p_d803dc65885a070fabf6818a,s_6760ac25d1d5258e41492ed6,actual,OPS,"{""sum"": [""OBP"", ""SLG""]}",0.7737736660000001
hitter,2025,OOPSY,p_10f1f74c96a473df3fdd40c8,s_8e99ee9e3f5805896935979d,actual,OPS,"{""sum"": [""OBP"", ""SLG""]}",0.6310389409999999
hitter,2025,OOPSY,p_a428e39a0003f8c0f9cc53fe,s_960ed99efab4ff344c8794ed,actual,OPS,"{""sum"": [""OBP"", ""SLG""]}",0.473484848
hitter,2025,OOPSY,p_981b2c7f83451c96f57a0b8f,s_bd5e638b8b11066a2bcef24d,actual,OPS,"{""sum"": [""OBP"", ""SLG""]}",0.41030219700000004
hitter,2025,OOPSY,p_0d7067889926958f567a5660,s_265b5c085d96c017d75bee34,actual,OPS,"{""sum"": [""OBP"", ""SLG""]}",0.713996187
hitter,2025,OOPSY,p_7ec5cf24f911a0a091451248,s_b2097a9ab643b0fb891b7028,actual,OPS,"{""sum"": [""OBP"", ""SLG""]}",0.796795566
hitter,2025,OOPSY,p_cceba36110b2ebeda8120995,s_af281b4a5dcb8ccc14a70f21,actual,OPS,"{""sum"": [""OBP"", ""SLG""]}",0.745364611
hitter,2025,OOPSY,p_8e68856222023e03ed776af4,s_711423171dc16568bd3b4856,actual,OPS,"{""sum"": [""OBP"", ""SLG""]}",0.569235588
hitter,2025,OOPSY,p_f20437b72fe7159ab93a164b,s_57750c8dc91e46f9b8da0191,actual,OPS,"{""sum"": [""OBP"", ""SLG""]}",0.544712247
hitter,2025,OOPSY,p_b4a85484b1990f2d6f0bdfb3,s_c14b547fbef24658e8172eca,actual,OPS,"{""sum"": [""OBP"", ""SLG""]}",0.776528798
hitter,2025,OOPSY,p_5cc1c43544dd4a46bb1ba424,s_abf5f17fc9f6f833745044ce,actual,OPS,"{""sum"": [""OBP"", ""SLG""]}",0.6333180810000001
hitter,2025,OOPSY,p_e7a6da04b2b0c84531277f57,s_ebb70f7cad0388fa5f916745,actual,OPS,"{""sum"": [""OBP"", ""SLG""]}",0.511640211
hitter,2025,OOPSY,p_926280ac4e44befa2c879505,s_8fd2a05e9d225a6add775855,actual,OPS,"{""sum"": [""OBP"", ""SLG""]}",0.6349016110000001
hitter,2025,OOPSY,p_c036f8c59b7723c46b54b8f3,s_e97bdce727867ae96cc944a9,actual,OPS,"{""sum"": [""OBP"", ""SLG""]}",0.789302848
hitter,2025,OOPSY,p_bab287670fa987eb0b917507,s_af7689b4be8eb2ca7ebaf024,actual,OPS,"{""sum"": [""OBP"", ""SLG""]}",0.5994037130000001
hitter,2025,OOPSY,p_93e2518a360652181cbea37d,s_53d3ae71efe65dbcc386751b,actual,OPS,"{""sum"": [""OBP"", ""SLG""]}",0.564170039
hitter,2025,OOPSY,p_aee447a6c35dd53e48c4ca2f,s_efa9415e93ec4a531304c4ad,actual,OPS,"{""sum"": [""OBP"", ""SLG""]}",0.767535424
hitter,2025,OOPSY,p_095d65b80762b3662a2707e2,s_e5535efb62519c7c93648538,actual,OPS,"{""sum"": [""OBP"", ""SLG""]}",0.603394091
hitter,2025,OOPSY,p_87ef808c4b08eb6444f8d2c2,s_0393895128e617796c086c23,actual,OPS,"{""sum"": [""OBP"", ""SLG""]}",0.49999999900000003
hitter,2025,OOPSY,p_e4c0ca3fb703744e742784cc,s_e5d503b967b8b8c1161f1f7c,actual,OPS,"{""sum"": [""OBP"", ""SLG""]}",0.718547599
hitter,2025,OOPSY,p_ac2c415e448152dd4e3b1104,s_ded4b4e89a38ece45eea1f5b,actual,OPS,"{""sum"": [""OBP"", ""SLG""]}",0.725661144
hitter,2025,OOPSY,p_affde6872bd6da6eac225574,s_b928d7e3b08bdf618b426e6b,actual,OPS,"{""sum"": [""OBP"", ""SLG""]}",0.854684769
hitter,2025,OOPSY,p_92c069a29d913048d5371a39,s_074c13d99754a43bd49a969c,actual,OPS,"{""sum"": [""OBP"", ""SLG""]}",0.836050548
hitter,2025,OOPSY,p_89ada5eacdc2c58a0bedad08,s_628e88bd4ddd83c9a021b8e6,actual,OPS,"{""sum"": [""OBP"", ""SLG""]}",0.620075757
hitter,2025,OOPSY,p_6a0c1d9c45e972fd4dd6509b,s_4f162a53b0a8029768ffe886,actual,OPS,"{""sum"": [""OBP"", ""SLG""]}",0.708641975
hitter,2025,OOPSY,p_4adfa388ddfc7eb8aab00551,s_75e0e27d76beafbe66235b17,actual,OPS,"{""sum"": [""OBP"", ""SLG""]}",0.727180613
hitter,2025,OOPSY,p_dc046f34bce4a57510ab0b8a,s_cc14b5d04109bff479c98d9a,actual,OPS,"{""sum"": [""OBP"", ""SLG""]}",0.5982865879999999
hitter,2025,OOPSY,p_4af00e3fa0b959847f3eac9e,s_636f21963516b23f06fcc936,actual,OPS,"{""sum"": [""OBP"", ""SLG""]}",0.8482142850000001
hitter,2025,OOPSY,p_83a60be2623269dba3d01184,s_8d8f1cb0029127f8a3e74666,actual,OPS,"{""sum"": [""OBP"", ""SLG""]}",0.837583468
hitter,2025,OOPSY,p_e2a6b3fb9b9c46752f076393,s_45ad896ea60fc7461c11bccb,actual,OPS,"{""sum"": [""OBP"", ""SLG""]}",0.7412445270000001
hitter,2025,OOPSY,p_9424207a305885854f7bcd07,s_b054e4dba5a9a18b4b60fdcc,actual,OPS,"{""sum"": [""OBP"", ""SLG""]}",0.748339561
hitter,2025,OOPSY,p_5c8b0e2a4b0429d3d6458e79,s_ccc8156c0a31b1d6fe7f5d99,actual,OPS,"{""sum"": [""OBP"", ""SLG""]}",0.642061872
hitter,2025,OOPSY,p_ac57765bdbb3034bbc1f2b61,s_81e03db3d2e775383588c3c5,actual,OPS,"{""sum"": [""OBP"", ""SLG""]}",0.610499718
hitter,2025,OOPSY,p_f473d4f7c4bf84ef62cdf005,s_e8e8387823159c5d88e10dc2,actual,OPS,"{""sum"": [""OBP"", ""SLG""]}",0.482690253
hitter,2025,OOPSY,p_c8a9c9b6fba1a3672b307781,s_415e2227d3a807e34e871f35,actual,OPS,"{""sum"": [""OBP"", ""SLG""]}",0.537111738
hitter,2025,OOPSY,p_5fea85dc160e063a71ff0504,s_732758eac71faccabfc12034,actual,OPS,"{""sum"": [""OBP"", ""SLG""]}",0.556884955
hitter,2025,OOPSY,p_c430ce2c9239469707f293a7,s_ddd1fe58b4d587bf55cf4284,actual,OPS,"{""sum"": [""OBP"", ""SLG""]}",0.222222222
hitter,2025,OOPSY,p_67ec3f2da8b9029b41815808,s_e6a336937b36f041c97255c6,actual,OPS,"{""sum"": [""OBP"", ""SLG""]}",0.596336996
hitter,2025,OOPSY,p_c89880c7125c5de1ef428333,s_74ec74c969c62074aa8afbaa,actual,OPS,"{""sum"": [""OBP"", ""SLG""]}",0.755844155
hitter,2025,OOPSY,p_ee3cbab00101500b56bb8aa2,s_a7d18f4196bcd2f26eb703ca,actual,OPS,"{""sum"": [""OBP"", ""SLG""]}",0.668872624
hitter,2025,OOPSY,p_afa3696617369fa9fd1578ef,s_2d174e387d45f1abef234d41,actual,OPS,"{""sum"": [""OBP"", ""SLG""]}",0.77138643
hitter,2025,OOPSY,p_8d25944b1dbc5d259bcfda0c,s_20282dbe60f0b78b5e1840cf,actual,OPS,"{""sum"": [""OBP"", ""SLG""]}",0.624668672
hitter,2025,OOPSY,p_a878a24f2e648baf02c2be77,s_7752cd98916610fb8d5fe11e,actual,OPS,"{""sum"": [""OBP"", ""SLG""]}",0.6926387709999999
hitter,2025,OOPSY,p_2b2e49a306624e102315f2b1,s_11d94e9acd8aece4c0adc7ac,actual,OPS,"{""sum"": [""OBP"", ""SLG""]}",0.654523375
hitter,2025,OOPSY,p_3e3e2bbedd618c19b7401786,s_dcdf30c87f11583968c135c6,actual,OPS,"{""sum"": [""OBP"", ""SLG""]}",0.700587308
hitter,2025,OOPSY,p_8dd52397fe332c1adee839da,s_229b212fd1480755c65d0611,actual,OPS,"{""sum"": [""OBP"", ""SLG""]}",0.673772836
hitter,2025,OOPSY,p_fd20bdc98b27520354fbe2ee,s_57cc8c0875f663ed83d98c2b,actual,OPS,"{""sum"": [""OBP"", ""SLG""]}",0.738326552
hitter,2025,OOPSY,p_b48a95e5e1067a48dd41f230,s_34327571fc24f12165a362e2,actual,OPS,"{""sum"": [""OBP"", ""SLG""]}",0.6940837959999999
hitter,2025,OOPSY,p_85bb7396ce2d4e28a61e72d7,s_eddc8c25d8f0ead00d653914,actual,OPS,"{""sum"": [""OBP"", ""SLG""]}",0.797403692
hitter,2025,OOPSY,p_d6e2291a941b28d7a61905e7,s_2d30b5c93e9df23311d236d2,actual,OPS,"{""sum"": [""OBP"", ""SLG""]}",0.756239997
hitter,2025,OOPSY,p_fb066c9d1d9ad1ef88a158d8,s_6c0e07a2a396dc55f231bba6,actual,OPS,"{""sum"": [""OBP"", ""SLG""]}",0.49399249
hitter,2025,OOPSY,p_b5dc590f86056ea0c359821b,s_f420fd65f9c9855dbc57d878,actual,OPS,"{""sum"": [""OBP"", ""SLG""]}",0.6871524259999999
hitter,2025,OOPSY,p_ea016158543cb834e392af83,s_4572814685b8380637be5682,actual,OPS,"{""sum"": [""OBP"", ""SLG""]}",0.6411379079999999
hitter,2025,OOPSY,p_569cc434d930c86d5c9eeb16,s_1e54de3b1f11ea6a4dfad165,actual,OPS,"{""sum"": [""OBP"", ""SLG""]}",0.658008657
hitter,2025,OOPSY,p_d38e4086c48ab6c12634caef,s_923579c76f6f576bab6014e3,actual,OPS,"{""sum"": [""OBP"", ""SLG""]}",0.6884478549999999
hitter,2025,OOPSY,p_ed4a6ec9fe44d2dea82bc36f,s_d0d25e335c890d305a9fa770,actual,OPS,"{""sum"": [""OBP"", ""SLG""]}",0.744922166
hitter,2025,OOPSY,p_dcbd85c04cb775142933b0a9,s_840c491b3a67dd2ff33d4197,actual,OPS,"{""sum"": [""OBP"", ""SLG""]}",0.6376678870000001
hitter,2025,OOPSY,p_d4f014697114e1593c664fe5,s_6ead7e0c6227fd4d3295d729,actual,OPS,"{""sum"": [""OBP"", ""SLG""]}",0.559733041
hitter,2025,OOPSY,p_494f13db395735a0068392a4,s_795d25f74168d43d3d6a2679,actual,OPS,"{""sum"": [""OBP"", ""SLG""]}",0.5920527499999999
hitter,2025,OOPSY,p_ffa25e8aca01794d683910ce,s_51d903862d038d3497640536,actual,OPS,"{""sum"": [""OBP"", ""SLG""]}",0.673965669
hitter,2025,OOPSY,p_dbcf019d453a408f7f5ea336,s_5dec08702d58732e167c60aa,actual,OPS,"{""sum"": [""OBP"", ""SLG""]}",0.777054127
hitter,2025,OOPSY,p_070e96f6f1ea057c6fff0a7d,s_12968af014316b01d700721f,actual,OPS,"{""sum"": [""OBP"", ""SLG""]}",0.62128127
hitter,2025,OOPSY,p_36096c55ce20956d0ec5b16a,s_47403ac3894bda107599579e,actual,OPS,"{""sum"": [""OBP"", ""SLG""]}",0.567479431
hitter,2025,OOPSY,p_326393c50f1b10e14a5b1570,s_235f09155a5c72a62e75ea91,actual,OPS,"{""sum"": [""OBP"", ""SLG""]}",0.577922077
hitter,2025,OOPSY,p_26715f7ed5db8556ff25aea4,s_55524015045be6cf66456bb1,actual,OPS,"{""sum"": [""OBP"", ""SLG""]}",0.745944678
hitter,2025,OOPSY,p_19278a584fbb4c0f71a14548,s_d926913a266056e2491b94f7,actual,OPS,"{""sum"": [""OBP"", ""SLG""]}",0.568462138
hitter,2025,OOPSY,p_9d5a2c2ad1a5803de88379b4,s_eae2c8042281d49968a3437b,actual,OPS,"{""sum"": [""OBP"", ""SLG""]}",0.64663271
hitter,2025,OOPSY,p_5e0944f2a44bb662ff478989,s_1cdb2f5a13cd745fd2e7a125,actual,OPS,"{""sum"": [""OBP"", ""SLG""]}",0.6011181729999999
hitter,2025,OOPSY,p_aca63cd113ae58163f54b166,s_128305d18bdc26ac8a45e9a4,actual,OPS,"{""sum"": [""OBP"", ""SLG""]}",0.737988627
hitter,2025,OOPSY,p_9e7863714b0d9fb3f42de5fb,s_e312620bc8572e57cf84c19e,actual,OPS,"{""sum"": [""OBP"", ""SLG""]}",0.824290011
hitter,2025,OOPSY,p_1c4fbcfee892342c211c40ad,s_88a3f4c92444a1d263780dea,actual,OPS,"{""sum"": [""OBP"", ""SLG""]}",0.29
hitter,2025,OOPSY,p_a2bf095f9201f07a43ff1926,s_9f9d12444d91f97b0884602d,actual,OPS,"{""sum"": [""OBP"", ""SLG""]}",0.594202898
hitter,2025,OOPSY,p_cced76e05d34ab38cbd25725,s_9910f4b9f2ac878d7c0cb9a7,actual,OPS,"{""sum"": [""OBP"", ""SLG""]}",0.637731685
hitter,2025,OOPSY,p_6bbb672161e3bc25ba553ecb,s_0d22e0bc40fdfe5702abfdd8,actual,OPS,"{""sum"": [""OBP"", ""SLG""]}",0.589877835
hitter,2025,OOPSY,p_aa6964498890afd992ade1fb,s_0783144b6d85ed4dc2e385ea,actual,OPS,"{""sum"": [""OBP"", ""SLG""]}",0.671098701
hitter,2025,OOPSY,p_838588010c75fedc49fc50b5,s_2eb64946011f4bbdfc388563,actual,OPS,"{""sum"": [""OBP"", ""SLG""]}",0.689383069
hitter,2025,OOPSY,p_186ced07377f7a0aad91a0e7,s_ac7d1765b4049b1b6ee29c92,actual,OPS,"{""sum"": [""OBP"", ""SLG""]}",0.6907229509999999
hitter,2025,OOPSY,p_51e6b6a896f57028c6387f0a,s_a8995f3c7838746c3fe67e24,actual,OPS,"{""sum"": [""OBP"", ""SLG""]}",0.5374867249999999
hitter,2025,OOPSY,p_fd44d075dbb0de467ecd4cec,s_7d2908d20df6e229f0bb037e,actual,OPS,"{""sum"": [""OBP"", ""SLG""]}",0.7205128759999999
hitter,2025,OOPSY,p_66ae1ff3d59748406c4525f6,s_fd5fd595592dd73a49f4bf35,actual,OPS,"{""sum"": [""OBP"", ""SLG""]}",0.558737971
hitter,2025,OOPSY,p_79533d36604898f85009f47a,s_760caea96e38d85abd084147,actual,OPS,"{""sum"": [""OBP"", ""SLG""]}",0.53076923
hitter,2025,OOPSY,p_c1d6d30afc2b3b0e5d39410e,s_f062238f8fe37a28fc9295d7,actual,OPS,"{""sum"": [""OBP"", ""SLG""]}",0.220238094
hitter,2025,OOPSY,p_91a8efd7718ac0df6183f487,s_9dd6650e19fe551748f3698d,actual,OPS,"{""sum"": [""OBP"", ""SLG""]}",0.48845968000000006
hitter,2025,OOPSY,p_b6f53a611ef170f529b8703e,s_23d51b755f75576baedd327e,actual,OPS,"{""sum"": [""OBP"", ""SLG""]}",0.6292517
hitter,2025,OOPSY,p_ce5180c6b9ee3b8dc8c9de6b,s_07f6bd4c1303b15f2eae3b1c,actual,OPS,"{""sum"": [""OBP"", ""SLG""]}",0.491682242
hitter,2025,OOPSY,p_5908d1276c467b8673e9c5c2,s_b1183c34010d63fe5ed44403,actual,OPS,"{""sum"": [""OBP"", ""SLG""]}",0.609180125
hitter,2025,OOPSY,p_e90065fd0aaec9bfa20b53bd,s_6f4828dbcb35ed24ca5f9d0f,actual,OPS,"{""sum"": [""OBP"", ""SLG""]}",0.5827294670000001
hitter,2025,OOPSY,p_d8586b85d7209c133f440fa4,s_cdf8332cd2d73d558f7d0d92,actual,OPS,"{""sum"": [""OBP"", ""SLG""]}",0.586813186
hitter,2025,OOPSY,p_4d4c6c49b9e53cf5eea7989d,s_46948cff3a86724ff687f5c6,actual,OPS,"{""sum"": [""OBP"", ""SLG""]}",0.4355
hitter,2025,OOPSY,p_4f3aaf23aa7dc9a15224e832,s_ce9d0e4af7148adfaf2a6283,actual,OPS,"{""sum"": [""OBP"", ""SLG""]}",0.695614945
hitter,2025,OOPSY,p_c1cd83784b034e2f932fceba,s_e5b58f3a3fd9cb98cab89adf,actual,OPS,"{""sum"": [""OBP"", ""SLG""]}",0.574699718
hitter,2025,OOPSY,p_fa9150432cf11843e4d50fdd,s_1bf26df20447ca986a233ede,actual,OPS,"{""sum"": [""OBP"", ""SLG""]}",0.615789473
hitter,2025,OOPSY,p_a3174cf7ae27e035227413ca,s_ef61d35a07e5bf206dd1eeb5,actual,OPS,"{""sum"": [""OBP"", ""SLG""]}",0.32167831999999996
hitter,2025,OOPSY,p_af61f4a3673f38df8289bdc0,s_4caab3d2a4a1c2c3db28d951,actual,OPS,"{""sum"": [""OBP"", ""SLG""]}",0.637064676
hitter,2025,OOPSY,p_47f99564c6141fbd9fdc98e8,s_7b8514ad8f5652fef76d1860,actual,OPS,"{""sum"": [""OBP"", ""SLG""]}",0.696790122
hitter,2025,OOPSY,p_1bb082b12901fa7cb5d4c846,s_ce4948d4cbab4b7816d9b3b6,actual,OPS,"{""sum"": [""OBP"", ""SLG""]}",0.686170404
hitter,2025,OOPSY,p_64cd7f2056e556168afff712,s_975fd4fe575dfb4aecd7b0ee,actual,OPS,"{""sum"": [""OBP"", ""SLG""]}",0.825648186
hitter,2025,OOPSY,p_19514f95f70ecb1c86cbde9b,s_fe5a571d4ddf6e967a84d46d,actual,OPS,"{""sum"": [""OBP"", ""SLG""]}",0.542673107
hitter,2025,OOPSY,p_c2bb9eee6ff9a8dfac3ffee7,s_091967bcd4e95dfada085703,actual,OPS,"{""sum"": [""OBP"", ""SLG""]}",0.7150521599999999
hitter,2025,OOPSY,p_6989200149e5df39efc0125a,s_eac74378c4975208890d210b,actual,OPS,"{""sum"": [""OBP"", ""SLG""]}",0.6111014130000001
hitter,2025,OOPSY,p_3600755d96c052bc6d329493,s_77875e4a0929b3067b40ef5b,actual,OPS,"{""sum"": [""OBP"", ""SLG""]}",0.667487425
hitter,2025,OOPSY,p_c05881c381976b5718259e6a,s_98999820d71f519925577e77,actual,OPS,"{""sum"": [""OBP"", ""SLG""]}",0.606893519
hitter,2025,OOPSY,p_d63579b1fc968533fbc164c9,s_4d77e568f6c2e4b2d591b8bd,actual,OPS,"{""sum"": [""OBP"", ""SLG""]}",0.761904761
hitter,2025,OOPSY,p_04317762f4fcad76ed1c6ef1,s_ecbc55e9d2873c31c93c19bf,actual,OPS,"{""sum"": [""OBP"", ""SLG""]}",0.488999584
hitter,2025,OOPSY,p_e4142bee5a73201f7c2c7768,s_d241b13232ec5dfc6a0c5b88,actual,OPS,"{""sum"": [""OBP"", ""SLG""]}",0.646616541
hitter,2025,OOPSY,p_6ebf619662ac32499ebc6ce8,s_49bd664ec33cccce1572ad77,actual,OPS,"{""sum"": [""OBP"", ""SLG""]}",0.731675006
hitter,2025,OOPSY,p_13a0406d87d64c05a481a481,s_902eacf4636132c3de400742,actual,OPS,"{""sum"": [""OBP"", ""SLG""]}",0.6259374419999999
hitter,2025,OOPSY,p_365e9a08ee3bd031bbc1484e,s_bcf6b33a9b02d5fda3c5e324,actual,OPS,"{""sum"": [""OBP"", ""SLG""]}",0.739633557
hitter,2025,OOPSY,p_086c084b7dde82d230f1974d,s_10bf714508bb54f45e29ff53,actual,OPS,"{""sum"": [""OBP"", ""SLG""]}",0.636222337
hitter,2025,OOPSY,p_4acef52c25b5e9602e6d7849,s_ec9688b70d0b2ec0d330a69c,actual,OPS,"{""sum"": [""OBP"", ""SLG""]}",0.534987579
hitter,2025,OOPSY,p_785195735e0fd0b05abaf802,s_4ce0ef918d21648ea65540a4,actual,OPS,"{""sum"": [""OBP"", ""SLG""]}",0.511590726
hitter,2025,OOPSY,p_996f1713394d7bedb5732fdf,s_29663e5b45c55372febb883d,actual,OPS,"{""sum"": [""OBP"", ""SLG""]}",0.0
hitter,2025,OOPSY,p_55908c06ceed1ceaa47e0f08,s_e3f959d0157a7c89067082d1,actual,OPS,"{""sum"": [""OBP"", ""SLG""]}",0.553333333
hitter,2025,OOPSY,p_3022da48fbdb4f93917ac8ff,s_9ba74e6bacd8e3ad6c7195ba,actual,OPS,"{""sum"": [""OBP"", ""SLG""]}",0.61702419
hitter,2025,OOPSY,p_e6af781faea0daa3f5e4bba5,s_826d2f79327464dcbac00f84,actual,OPS,"{""sum"": [""OBP"", ""SLG""]}",0.652790861
hitter,2025,OOPSY,p_041b290ccb9dec49681e05d7,s_253b1e4e15b98589a9c12c6b,actual,OPS,"{""sum"": [""OBP"", ""SLG""]}",0.826697457
hitter,2025,OOPSY,p_5ce3f1337c6a59836bdfb343,s_34347a359fc88ff1c1432f04,actual,OPS,"{""sum"": [""OBP"", ""SLG""]}",0.701709401
hitter,2025,OOPSY,p_998a708748e7e70acc1eee1d,s_71fce95eac5b3a12eecf9fda,actual,OPS,"{""sum"": [""OBP"", ""SLG""]}",0.505357142
hitter,2025,OOPSY,p_cf91f13f6ce397f916b3b1e9,s_59aaa855601b3f6d400fc61b,actual,OPS,"{""sum"": [""OBP"", ""SLG""]}",0.64713943
hitter,2025,OOPSY,p_3eccdbd6ff4e950207c3e8e4,s_5631774e7804f670451592a5,actual,OPS,"{""sum"": [""OBP"", ""SLG""]}",0.6015675819999999
hitter,2025,OOPSY,p_1bd7ec313c1b0c6a4e0beaa8,s_108bc40763d3b0f4bc7a5905,actual,OPS,"{""sum"": [""OBP"", ""SLG""]}",0.77887023
hitter,2025,OOPSY,p_254301c22a8f177b0963ac8b,s_cd09f8c20bd83c2a32d19c2d,actual,OPS,"{""sum"": [""OBP"", ""SLG""]}",0.6183258119999999
hitter,2025,OOPSY,p_324d7824f4bfab517e2b6f94,s_f52555152ea7e44a06784563,actual,OPS,"{""sum"": [""OBP"", ""SLG""]}",0.748377581
hitter,2025,OOPSY,p_c8a4acd1fcace66129321919,s_2fc179559a009fcdd8721a34,actual,OPS,"{""sum"": [""OBP"", ""SLG""]}",0.5182724240000001
hitter,2025,OOPSY,p_bf4b6d6a344e848bb99ebb0d,s_1f001a08d6ad17287547bbe2,actual,OPS,"{""sum"": [""OBP"", ""SLG""]}",0.715023061
hitter,2025,OOPSY,p_23e0b260009583de186ff99f,s_f218ee2a70b15f71cc43986f,actual,OPS,"{""sum"": [""OBP"", ""SLG""]}",0.598666073
hitter,2025,OOPSY,p_824052e6b4549a4dea8cb103,s_925567c8d2c3a03f66422f56,actual,OPS,"{""sum"": [""OBP"", ""SLG""]}",0.499390821
hitter,2025,OOPSY,p_d0a7a0ab49fd4a4d780fe1a3,s_4fa89562003da1bab9bf23a1,actual,OPS,"{""sum"": [""OBP"", ""SLG""]}",0.341818181
hitter,2025,OOPSY,p_aca016cd21ee7544840400c6,s_9af12a8a95b5b5f8f840c0f7,actual,OPS,"{""sum"": [""OBP"", ""SLG""]}",0.62785219
hitter,2025,OOPSY,p_8cae94e12aa44504af05eaac,s_b60a3e7fea83b32d10eab395,actual,OPS,"{""sum"": [""OBP"", ""SLG""]}",0.6817430010000001
hitter,2025,OOPSY,p_554a078086b51a0bb83f41e0,s_a7905e85383e92c8554fa56e,actual,OPS,"{""sum"": [""OBP"", ""SLG""]}",0.603205212
hitter,2025,OOPSY,p_a7f09516df26f603d1594bdc,s_eab6a96f520d1550e52f0c7e,actual,OPS,"{""sum"": [""OBP"", ""SLG""]}",0.807470157
hitter,2025,OOPSY,p_9898f674ff0479e5c7f7a87d,s_6b399c667e3697c7a7119d71,actual,OPS,"{""sum"": [""OBP"", ""SLG""]}",0.6005290990000001
hitter,2025,OOPSY,p_2f297136e604768cca48d5f2,s_ecd57c32e2c1786d693bc534,actual,OPS,"{""sum"": [""OBP"", ""SLG""]}",0.5851147480000001
hitter,2025,OOPSY,p_11f97a5b1f4aecc3b4f6f59e,s_9578757408a02a1b75615a27,actual,OPS,"{""sum"": [""OBP"", ""SLG""]}",0.69914232
hitter,2025,OOPSY,p_e06142149e0a8bcabc0b3250,s_67541c957b340e9b459a8991,actual,OPS,"{""sum"": [""OBP"", ""SLG""]}",0.592313061
hitter,2025,OOPSY,p_5d96d38ca6ef254577b06725,s_0ab34b8ab4451a26ac4db3e7,actual,OPS,"{""sum"": [""OBP"", ""SLG""]}",0.755745031
hitter,2025,OOPSY,p_d9207420d77623b50fd840b1,s_f0ff682b7a0b5820e17b67c9,actual,OPS,"{""sum"": [""OBP"", ""SLG""]}",0.706116529
hitter,2025,OOPSY,p_8cd8f9d6f8b2efebc9d42e06,s_2a437b497a631b4d0aef44d1,actual,OPS,"{""sum"": [""OBP"", ""SLG""]}",0.593503338
hitter,2025,OOPSY,p_1763c2274b61c3817b119898,s_0a11bb7a48874f962137f034,actual,OPS,"{""sum"": [""OBP"", ""SLG""]}",0.673633626
hitter,2025,OOPSY,p_5d91804b58327ff29191ed0f,s_c1d2305614e4ab77fdb0436d,actual,OPS,"{""sum"": [""OBP"", ""SLG""]}",0.651627433
hitter,2025,OOPSY,p_c6ac3aa8bb1da5cdad4a2ee9,s_fe2703c190e8eeaefaa3a09d,actual,OPS,"{""sum"": [""OBP"", ""SLG""]}",0.6446209380000001
hitter,2025,OOPSY,p_d95ae5bc4b628d992466bdfe,s_8a5a2d346dd5bcb8af7bc09d,actual,OPS,"{""sum"": [""OBP"", ""SLG""]}",0.485294117
hitter,2025,OOPSY,p_635860f92d6161a5d5346c31,s_5a6e26110ee58f0fb82ed66e,actual,OPS,"{""sum"": [""OBP"", ""SLG""]}",0.913461538
hitter,2025,OOPSY,p_d780ef80586063b87be09743,s_dc5fbc6bdc37909d52e95feb,actual,OPS,"{""sum"": [""OBP"", ""SLG""]}",0.55108359
hitter,2025,OOPSY,p_292004d692eb1e10c9836240,s_26397fffbe51df6b1a7afcf4,actual,OPS,"{""sum"": [""OBP"", ""SLG""]}",0.515151514
hitter,2025,OOPSY,p_0a0dae9c4fb855ec5e7a94c3,s_c8068e79b2d8f93d41dec781,actual,OPS,"{""sum"": [""OBP"", ""SLG""]}",0.363379726
hitter,2025,OOPSY,p_bf3cde84574979814bee8bc2,s_d8a0e607fe84896595579660,actual,OPS,"{""sum"": [""OBP"", ""SLG""]}",0.628055458
hitter,2025,OOPSY,p_57d9c92fbb61c8c3106d0e53,s_7ff4ef2ddb882c3f4a0818e6,actual,OPS,"{""sum"": [""OBP"", ""SLG""]}",0.74629298
hitter,2025,OOPSY,p_b0c1c14191ad2b5fe0bb6695,s_e3ccc3dd08e02fccdb689b8d,actual,OPS,"{""sum"": [""OBP"", ""SLG""]}",0.70750988
hitter,2025,OOPSY,p_f31d66f0ff014626cbbe58b6,s_16173dabcecf0502888a2eca,actual,OPS,"{""sum"": [""OBP"", ""SLG""]}",0.301446051
hitter,2025,OOPSY,p_b78eec4ced930563501cf95a,s_888cc71fd871f1aebf2d02d6,actual,OPS,"{""sum"": [""OBP"", ""SLG""]}",0.5982433300000001
hitter,2025,OOPSY,p_3e75673e7335638cfe41e82a,s_4c548d1671425f44bc957433,actual,OPS,"{""sum"": [""OBP"", ""SLG""]}",0.446074833
hitter,2025,OOPSY,p_4f3bc1771b25a9ec0fcdd80c,s_1badba4c2db1487d5c5445e8,actual,OPS,"{""sum"": [""OBP"", ""SLG""]}",0.465331928
hitter,2025,OOPSY,p_ce641a5836f2731f583a85ae,s_4ee07d3568a64ddf5e9bd205,actual,OPS,"{""sum"": [""OBP"", ""SLG""]}",0.7934782600000001
hitter,2025,OOPSY,p_2a9fb5007e71f964ebc6bb63,s_81d6ed3c15d13b23b8edbc23,actual,OPS,"{""sum"": [""OBP"", ""SLG""]}",0.7207207200000001
hitter,2025,OOPSY,p_99ee3cb3d56dcf9cf8790fe0,s_2df9b1212c2b3d27541dec3e,actual,OPS,"{""sum"": [""OBP"", ""SLG""]}",0.752118112
hitter,2025,OOPSY,p_0ead71c96077a2652b5d5fe8,s_2fe3163c5ae876e43d1dd7b0,actual,OPS,"{""sum"": [""OBP"", ""SLG""]}",0.611467235
hitter,2025,OOPSY,p_3c0ef7bcd70b9e223c12baba,s_a11fd953eb5465db0470559d,actual,OPS,"{""sum"": [""OBP"", ""SLG""]}",0.480625476
hitter,2025,OOPSY,p_03b64d654a078e0d162c57bd,s_cffe48072415bd19616dde62,actual,OPS,"{""sum"": [""OBP"", ""SLG""]}",1.00224434
hitter,2025,OOPSY,p_685b9d77b47efb9b02896e29,s_4cfd174af7f8593ac0621c6e,actual,OPS,"{""sum"": [""OBP"", ""SLG""]}",0.465116278
hitter,2025,OOPSY,p_31b75a6620ad0e384f24ca3c,s_69dc63b120f5323abe8274c7,actual,OPS,"{""sum"": [""OBP"", ""SLG""]}",0.6144138269999999
hitter,2025,OOPSY,p_cc4f8c9a25aeb6dbca4880d7,s_a6dcec63594b119af62bc722,actual,OPS,"{""sum"": [""OBP"", ""SLG""]}",0.5274193540000001
hitter,2025,OOPSY,p_18290ea252b0cc74d94bdd5e,s_ed278d215308d3ff7f52a231,actual,OPS,"{""sum"": [""OBP"", ""SLG""]}",0.7625274719999999
hitter,2025,OOPSY,p_818a939d2c013337a28d18f6,s_3cbc81d201b49b45218bb561,actual,OPS,"{""sum"": [""OBP"", ""SLG""]}",0.679541198
hitter,2025,OOPSY,p_a9f4f65f0a9b44dc90bff976,s_044e04896b2fb25228581978,actual,OPS,"{""sum"": [""OBP"", ""SLG""]}",0.6625258789999999
hitter,2025,OOPSY,p_010384a5153c3b7b0fb247e5,s_46c9675f0a087b89f114252a,actual,OPS,"{""sum"": [""OBP"", ""SLG""]}",0.468230693
hitter,2025,OOPSY,p_d46997b7e54062e4838e429d,s_0fbc4f66fd553ebb81719ace,actual,OPS,"{""sum"": [""OBP"", ""SLG""]}",0.5
hitter,2025,OOPSY,p_cfb8786983c38f5473cdec79,s_206137661e42c6fa444c311d,actual,OPS,"{""sum"": [""OBP"", ""SLG""]}",0.654148999
hitter,2025,OOPSY,p_65233ab523d0b1f99d98e44e,s_f1875423d7fdc8b51dcda094,actual,OPS,"{""sum"": [""OBP"", ""SLG""]}",0.635217723
hitter,2025,OOPSY,p_ebf512ad6b26ce1f2d1410e4,s_11cd9c239cc89d28d6f3328a,actual,OPS,"{""sum"": [""OBP"", ""SLG""]}",0.7396862900000001
hitter,2025,OOPSY,p_fcad21c46d924d3056b3ddb6,s_e06fc370293bea169f65a4f5,actual,OPS,"{""sum"": [""OBP"", ""SLG""]}",0.41948051799999997
hitter,2025,OOPSY,p_a7ae87bf1bd9831ffdfefbf2,s_803c9d75dc96be3b776feeb0,actual,OPS,"{""sum"": [""OBP"", ""SLG""]}",0.222222222
hitter,2025,OOPSY,p_08f2cb4fa27c7d6496f173b0,s_1cf60c40e775d82ab806845d,actual,OPS,"{""sum"": [""OBP"", ""SLG""]}",0.683970855
hitter,2025,OOPSY,p_47aa97c098a8d23cf2c19690,s_a1af134105d7bece572b28e9,actual,OPS,"{""sum"": [""OBP"", ""SLG""]}",0.544010237
hitter,2025,OOPSY,p_7d6df8c8a5a5f404c9b1c9d7,s_e1b86510964626b396854a5b,actual,OPS,"{""sum"": [""OBP"", ""SLG""]}",0.755026454
hitter,2025,OOPSY,p_94c59daacd9df75ff2c1cc3e,s_05957922fa41ca32a1aefd23,actual,OPS,"{""sum"": [""OBP"", ""SLG""]}",0.754423719
hitter,2025,OOPSY,p_734724174f1233575d37ef2a,s_a6fc78c381578e5c5b1106de,actual,OPS,"{""sum"": [""OBP"", ""SLG""]}",0.452765957
hitter,2025,OOPSY,p_7517d598bb2a03a162d6c6e1,s_240e444d464b03eb70220f2c,actual,OPS,"{""sum"": [""OBP"", ""SLG""]}",0.729722294
hitter,2025,OOPSY,p_81fa67da8e4a65aba1f1942b,s_f2cab41de59db4dff11a4562,actual,OPS,"{""sum"": [""OBP"", ""SLG""]}",0.8396904359999999
hitter,2025,OOPSY,p_4f3e35cf2175d726c57ef9c5,s_5ada4ded463b10d7c18be13f,actual,OPS,"{""sum"": [""OBP"", ""SLG""]}",0.6296296290000001
hitter,2025,OOPSY,p_2aa6427157e8b5b3a521d437,s_90775a64076d2c48009f89c8,actual,OPS,"{""sum"": [""OBP"", ""SLG""]}",0.529377301
hitter,2025,OOPSY,p_53a8f92fc16f0dcdbdc4628d,s_66412b38d71edbb0f4f3cef5,actual,OPS,"{""sum"": [""OBP"", ""SLG""]}",0.5214867249999999
hitter,2025,OOPSY,p_60a101aecd2c0c2ef4294bcc,s_2533ecce2f2fd62ab4861dce,actual,OPS,"{""sum"": [""OBP"", ""SLG""]}",0.354166666
hitter,2025,OOPSY,p_546beacef1d2c43d81d75a4e,s_b2c5e8af7f1864f0265bb988,actual,OPS,"{""sum"": [""OBP"", ""SLG""]}",0.683842238
hitter,2025,OOPSY,p_0747e0152f1a05570f2a4321,s_7b76cf8f3dc779ed41ec059a,actual,OPS,"{""sum"": [""OBP"", ""SLG""]}",0.780303029
hitter,2025,OOPSY,p_35c1c2bb04c06adf52bae69a,s_44ac8e6ba59c9ff3968ff6b0,actual,OPS,"{""sum"": [""OBP"", ""SLG""]}",0.6156079839999999
hitter,2025,OOPSY,p_65e7c0fa0d3cff8d1258c9b1,s_a1e2886a09750a9e45159074,actual,OPS,"{""sum"": [""OBP"", ""SLG""]}",0.878640776
hitter,2025,OOPSY,p_2a17e5c8d92f03d461fedc93,s_dd0ca95ec2bbcb468c42b125,actual,OPS,"{""sum"": [""OBP"", ""SLG""]}",0.47121212
hitter,2025,OOPSY,p_adc3e219b06829fd32bdcb26,s_19f3c32b02289da161c86189,actual,OPS,"{""sum"": [""OBP"", ""SLG""]}",0.705802611
hitter,2025,OOPSY,p_1231a92e2be431286faefb7e,s_c0810d89fe1f832bc429fb2b,actual,OPS,"{""sum"": [""OBP"", ""SLG""]}",0.295739347
hitter,2025,OOPSY,p_b139e8487e432f0b072c3239,s_90c910ab35901c0dfa7ce583,actual,OPS,"{""sum"": [""OBP"", ""SLG""]}",0.34375
hitter,2025,OOPSY,p_27d64d90ac45f1cc364cf11a,s_5f8a76304038cb4119592721,actual,OPS,"{""sum"": [""OBP"", ""SLG""]}",0.864790237
hitter,2025,OOPSY,p_a315a53749353a0cc7a5688d,s_699c1d54ebea6662eac82c4d,actual,OPS,"{""sum"": [""OBP"", ""SLG""]}",0.677935036
hitter,2025,OOPSY,p_ba9a6a8ad42271f1fd10cf27,s_17e018dbf656aa09ab5b91d1,actual,OPS,"{""sum"": [""OBP"", ""SLG""]}",0.316502462
hitter,2025,OOPSY,p_3431db6bc64346182f4c4a42,s_e12dddf5b2f6afac6752ee6e,actual,OPS,"{""sum"": [""OBP"", ""SLG""]}",0.6175548580000001
hitter,2025,OOPSY,p_d365089c5d3c77423a8c1d9e,s_c5c160affb9fbe1cf09e8cea,actual,OPS,"{""sum"": [""OBP"", ""SLG""]}",0.418831168
hitter,2025,OOPSY,p_e7700021cd8397fee130db6a,s_f85c8eb339e0c859fdbdfd4f,actual,OPS,"{""sum"": [""OBP"", ""SLG""]}",0.6567550090000001
hitter,2025,OOPSY,p_8f4e0edcdbb51e8ea8ef460c,s_b37b9f51bccec712df5c28d1,actual,OPS,"{""sum"": [""OBP"", ""SLG""]}",0.841716762
hitter,2025,OOPSY,p_89c17b1b7984d5edf458e9aa,s_084ff9a839e3684d808511c8,actual,OPS,"{""sum"": [""OBP"", ""SLG""]}",0.6995193390000001
hitter,2025,OOPSY,p_2b1fe08d244d5a40da442d74,s_abd1fd53b4741d004e2e21de,actual,OPS,"{""sum"": [""OBP"", ""SLG""]}",0.573663897
hitter,2025,OOPSY,p_c976a3dfe9632ef04ef4ea03,s_d360d98fbe2013cd6745ad5d,actual,OPS,"{""sum"": [""OBP"", ""SLG""]}",0.715158045
hitter,2025,OOPSY,p_3f142cab3b6b50a8fc284947,s_52b476b329f75a4d36d19105,actual,OPS,"{""sum"": [""OBP"", ""SLG""]}",0.0
hitter,2025,OOPSY,p_5414b6c5930f1355f0fa7315,s_43ad77c0899e2adf7a9c3ed2,actual,OPS,"{""sum"": [""OBP"", ""SLG""]}",0.588288288
hitter,2025,OOPSY,p_61f673d18a547d69481d0c85,s_ca3567d7c9913625f09bbdfe,actual,OPS,"{""sum"": [""OBP"", ""SLG""]}",0.31739130400000004
hitter,2025,OOPSY,p_feda259d717109da756725de,s_2973b8eb9aa5a9bba6ad2109,actual,OPS,"{""sum"": [""OBP"", ""SLG""]}",0.39661835700000003
hitter,2025,OOPSY,p_bfe0722bc292da175cf065f0,s_d2003b0e3f8e88bc8f321367,actual,OPS,"{""sum"": [""OBP"", ""SLG""]}",0.625903738
hitter,2025,OOPSY,p_642ed1c34f4044682830b533,s_2bb2e117d91c657e4cb67ba6,actual,OPS,"{""sum"": [""OBP"", ""SLG""]}",0.703968253
hitter,2025,OOPSY,p_31f105a7eb4a7a950745899a,s_0a4b450fff49cfc4d873d249,actual,OPS,"{""sum"": [""OBP"", ""SLG""]}",0.691863343
hitter,2025,OOPSY,p_755efb1b178e88a9fe42fc92,s_a4b5d470ef1dccb3b138774f,actual,OPS,"{""sum"": [""OBP"", ""SLG""]}",0.0
hitter,2025,OOPSY,p_8cf4729b5b1e0f175ee82c32,s_a4b32c404bee8d976d976cb1,actual,OPS,"{""sum"": [""OBP"", ""SLG""]}",0.606060605
hitter,2025,OOPSY,p_eed974693204a607f756bb81,s_aea357be9b91abfb40295b86,actual,OPS,"{""sum"": [""OBP"", ""SLG""]}",0.683932423
hitter,2025,OOPSY,p_7f9a759746613f250bc043c6,s_dd22b16d6285ad836ad20ee9,actual,OPS,"{""sum"": [""OBP"", ""SLG""]}",0.222222222
hitter,2025,OOPSY,p_14e237b15421137a6441571c,s_3add72a48408e61a2d5ff2bb,actual,OPS,"{""sum"": [""OBP"", ""SLG""]}",0.688213338
hitter,2025,OOPSY,p_f5d405fea4374fa2a900237a,s_76380d22e0c2234d8d23bab4,actual,OPS,"{""sum"": [""OBP"", ""SLG""]}",0.424483306
hitter,2025,OOPSY,p_0d749ef06cfb038def92d34a,s_26d4f48b7a74f0842dbe0b2d,actual,OPS,"{""sum"": [""OBP"", ""SLG""]}",0.515625
hitter,2025,OOPSY,p_490b99b6246189b45cb09967,s_73a5525dad314b06964505d5,actual,OPS,"{""sum"": [""OBP"", ""SLG""]}",0.619582042
hitter,2025,OOPSY,p_bc98648c6a6d04b33c536f08,s_cc9732af8ebf2fef097d5ff2,actual,OPS,"{""sum"": [""OBP"", ""SLG""]}",0.67662037
hitter,2025,OOPSY,p_0b240f9198bdb842e485f0f2,s_2b35eb6e64e672603383f37a,actual,OPS,"{""sum"": [""OBP"", ""SLG""]}",0.6981481469999999
hitter,2025,OOPSY,p_57a24cd404479f596a120e45,s_c7016b508f78eee2b3457b45,actual,OPS,"{""sum"": [""OBP"", ""SLG""]}",0.5
hitter,2025,OOPSY,p_632be5a85ab2629b9c998c54,s_014390a7bcc9bb2d7503ee5e,actual,OPS,"{""sum"": [""OBP"", ""SLG""]}",0.661057692
hitter,2025,OOPSY,p_d90b27c2fa34490d962ae0df,s_980159aaef0a857e6540476f,actual,OPS,"{""sum"": [""OBP"", ""SLG""]}",0.570804195
hitter,2025,OOPSY,p_ffd040ba2a8510627669e8f3,s_76785f2485f8bcbf3d57d133,actual,OPS,"{""sum"": [""OBP"", ""SLG""]}",0.568376068
hitter,2025,OOPSY,p_57be4bd64faf94f5f3184be3,s_5af11fb5ba00b4a465925b01,actual,OPS,"{""sum"": [""OBP"", ""SLG""]}",1.416666666
hitter,2025,OOPSY,p_a08218aacd60db921dac40ba,s_59fdc05e0478aeb60a7fd271,actual,OPS,"{""sum"": [""OBP"", ""SLG""]}",0.6352272720000001
hitter,2025,OOPSY,p_991e8f54fb99c8fcf81d21a6,s_b6ce441c7950e72d93cdfe68,actual,OPS,"{""sum"": [""OBP"", ""SLG""]}",0.6057692299999999
hitter,2025,OOPSY,p_8de157e0bca34bc106b6633d,s_f2955de4463109c67a9ad78b,actual,OPS,"{""sum"": [""OBP"", ""SLG""]}",0.7844387749999999
hitter,2025,OOPSY,p_72819b8f9817b33033d1b6a2,s_b747a441f691b58b0a7374cc,actual,OPS,"{""sum"": [""OBP"", ""SLG""]}",0.937054262
hitter,2025,OOPSY,p_3a1c72da6e9056e60ca9ea7d,s_168b7d57da7e4b63aec89265,actual,OPS,"{""sum"": [""OBP"", ""SLG""]}",0.561279537
hitter,2025,OOPSY,p_3349dec029f22a9da6c8acfd,s_806c29808a38dd4571a35692,actual,OPS,"{""sum"": [""OBP"", ""SLG""]}",0.504151099
hitter,2025,OOPSY,p_2c000c61bb3acaea45c849f7,s_0b0dde135afbe1de200197b1,actual,OPS,"{""sum"": [""OBP"", ""SLG""]}",0.67090909
hitter,2025,OOPSY,p_357ea11cfcc1f1938f06924e,s_75373d4af6fa880d2644a937,actual,OPS,"{""sum"": [""OBP"", ""SLG""]}",0.259698275
hitter,2025,OOPSY,p_2750ac3fc6e5429d75c00551,s_a68f4ea9e2b1e8fb7c6ba52a,actual,OPS,"{""sum"": [""OBP"", ""SLG""]}",0.34047618999999996
hitter,2025,OOPSY,p_dbd5ceb808a3a21b344e48b9,s_cd33cf8cdfb38406ba5e632f,actual,OPS,"{""sum"": [""OBP"", ""SLG""]}",0.605813953
hitter,2025,OOPSY,p_22b6fa88bcf87875dcb06f80,s_013e7dc149b065d7e6218fc4,actual,OPS,"{""sum"": [""OBP"", ""SLG""]}",0.74426508
hitter,2025,OOPSY,p_37ddf22e72b2be2d0fd472a1,s_faeeaef6d983280fd722b130,actual,OPS,"{""sum"": [""OBP"", ""SLG""]}",0.39418328
hitter,2025,OOPSY,p_5da01fdd146ed628dfefc5f8,s_c1ed1699876af9f57b0a3ab5,actual,OPS,"{""sum"": [""OBP"", ""SLG""]}",0.5641025630000001
hitter,2025,OOPSY,p_d26dd35f75ebb4f9a5b8426b,s_8e850670283f635f5c3b6450,actual,OPS,"{""sum"": [""OBP"", ""SLG""]}",0.57142857
hitter,2025,OOPSY,p_7a771f940265ce924e0fecee,s_3a4847488b93c8e03f0ebfee,actual,OPS,"{""sum"": [""OBP"", ""SLG""]}",0.333333333
hitter,2025,OOPSY,p_753754367ddc7137c49f8f3b,s_20796c98742b15bf4f299469,actual,OPS,"{""sum"": [""OBP"", ""SLG""]}",0.0
hitter,2025,OOPSY,p_dc1b5f53ef5e0ed0bc3779e9,s_6574b6fc62f81658086dc557,actual,OPS,"{""sum"": [""OBP"", ""SLG""]}",0.620276268
hitter,2025,OOPSY,p_1bae5ba18fd609513c330eea,s_ad6b6a817062b2cc2993d535,actual,OPS,"{""sum"": [""OBP"", ""SLG""]}",0.5820081770000001
hitter,2025,OOPSY,p_8f1da6c1c180e7d676934fff,s_527c43da5fc80dcde54f9f45,actual,OPS,"{""sum"": [""OBP"", ""SLG""]}",0.469410455
hitter,2025,OOPSY,p_92b4ea645c44c192b8402059,s_03686ef98c4a9911ef23297a,actual,OPS,"{""sum"": [""OBP"", ""SLG""]}",0.0
hitter,2025,OOPSY,p_3e2e52ebd957c6fe9801d100,s_135ab75743d7d0e9177c3efc,actual,OPS,"{""sum"": [""OBP"", ""SLG""]}",0.61111111
hitter,2025,OOPSY,p_213ee8a68e18e3674db206f3,s_db463d0f0001a155c2d2e05a,actual,OPS,"{""sum"": [""OBP"", ""SLG""]}",0.530303029
hitter,2025,OOPSY,p_09c7619577ad30939383f6b8,s_39a99e05cc5e8b89b9f91484,actual,OPS,"{""sum"": [""OBP"", ""SLG""]}",0.572582972
hitter,2025,OOPSY,p_b81e8091caa82f7d71c86390,s_a911f83809515cafa203fa2e,actual,OPS,"{""sum"": [""OBP"", ""SLG""]}",0.343137254
hitter,2025,OOPSY,p_14c16a139ce71b89830c7462,s_ea8f99ec6eed9e3cdc4a74c1,actual,OPS,"{""sum"": [""OBP"", ""SLG""]}",0.559088788
hitter,2025,OOPSY,p_b30c41d7e4aaa89dc18b6ca8,s_f7d1d866e154c7d1216c68bf,actual,OPS,"{""sum"": [""OBP"", ""SLG""]}",0.722414646
hitter,2025,OOPSY,p_621f18b50bbd645f504f79b7,s_3bf5386be4eae71c613fd735,actual,OPS,"{""sum"": [""OBP"", ""SLG""]}",0.706604948
hitter,2025,OOPSY,p_331c65d81b5f27dec479439b,s_1961aa91b1e6b50648011e5f,actual,OPS,"{""sum"": [""OBP"", ""SLG""]}",0.5350633300000001
hitter,2025,OOPSY,p_d90ce2fb851e2bc7239d02d9,s_45b551af0b7ab5a656cab5ab,actual,OPS,"{""sum"": [""OBP"", ""SLG""]}",0.833333333
hitter,2025,OOPSY,p_2ba9946ebebe655efd1ec8f3,s_fb7fa220fd54addfa3d39711,actual,OPS,"{""sum"": [""OBP"", ""SLG""]}",0.50696864
hitter,2025,OOPSY,p_dab598cd94a7ba9ac93e906c,s_d41a654aef86baa5554683e8,actual,OPS,"{""sum"": [""OBP"", ""SLG""]}",0.574671915
hitter,2025,OOPSY,p_9b7e17333a014a8b6c192f64,s_6797937e70f13de4daa9308e,actual,OPS,"{""sum"": [""OBP"", ""SLG""]}",0.674603174
hitter,2025,OOPSY,p_94167fd7836504fba77eddb7,s_b42615795c1609cb88cdd840,actual,OPS,"{""sum"": [""OBP"", ""SLG""]}",0.659388764
hitter,2025,OOPSY,p_d4e11ff535bf58d9e902a045,s_e8b2478e8a3de047ae335a46,actual,OPS,"{""sum"": [""OBP"", ""SLG""]}",0.61111111
hitter,2025,OOPSY,p_e8e72620b515143c411b2f82,s_be845b4e605941c3bf7d1d45,actual,OPS,"{""sum"": [""OBP"", ""SLG""]}",0.416666666
hitter,2025,OOPSY,p_784477c4df81037bd6fa216c,s_9e9200a9dd28c8b1fecfe78b,actual,OPS,"{""sum"": [""OBP"", ""SLG""]}",0.4
hitter,2025,OOPSY,p_4e8e0c6d9056e510d970d7d1,s_d3a1324101246fad8017600a,actual,OPS,"{""sum"": [""OBP"", ""SLG""]}",0.7479674789999999
hitter,2025,OOPSY,p_bdbf707b4334fb1819a9090e,s_3450a8adff975dc7987288d3,actual,OPS,"{""sum"": [""OBP"", ""SLG""]}",0.46181818100000005
hitter,2025,OOPSY,p_aa63e6f4e2c3594645947528,s_0fdf67eba77d238d4e0a1417,actual,OPS,"{""sum"": [""OBP"", ""SLG""]}",0.867623603
hitter,2025,OOPSY,p_a9df6f726497e038fd9738c8,s_20866e07e0c211bc7ed30d88,actual,OPS,"{""sum"": [""OBP"", ""SLG""]}",0.5906456950000001
hitter,2025,OOPSY,p_aed2fb7cd6c58e39a3e092f7,s_ca08ec588623d011ec2607a8,actual,OPS,"{""sum"": [""OBP"", ""SLG""]}",0.775
hitter,2025,OOPSY,p_8a7360140004cc6743fef136,s_07ed7c8c29e69b92a024a46c,actual,OPS,"{""sum"": [""OBP"", ""SLG""]}",0.352941176
hitter,2025,OOPSY,p_c9a6ab52f6f6bb93ad398b65,s_2a8f24de2161d5140b5c80ac,actual,OPS,"{""sum"": [""OBP"", ""SLG""]}",0.601190475
hitter,2025,OOPSY,p_7902479205b3c22bd6f64c62,s_b8c724246e36cbb6b529a0ff,actual,OPS,"{""sum"": [""OBP"", ""SLG""]}",0.45433919300000003
hitter,2025,OOPSY,p_175943e6646daab9b788771b,s_548cde9aa4f3cfa75cb252ea,actual,OPS,"{""sum"": [""OBP"", ""SLG""]}",0.731808731
hitter,2025,OOPSY,p_43df61d72995e1a9b8e57a5a,s_81f71e94600a3871fb732e7e,actual,OPS,"{""sum"": [""OBP"", ""SLG""]}",0.749999999
hitter,2025,OOPSY,p_a7294d5184e485ad8b842ac1,s_c7b87d283aa365b718ec9162,actual,OPS,"{""sum"": [""OBP"", ""SLG""]}",0.166666666
hitter,2025,OOPSY,p_6b03deb485d5344507644926,s_7197e877c37cc15f53267964,actual,OPS,"{""sum"": [""OBP"", ""SLG""]}",0.488095238
hitter,2025,OOPSY,p_32953bb768e19cff1aa203f4,s_58168d29dffc0881b0523d70,actual,OPS,"{""sum"": [""OBP"", ""SLG""]}",0.6455069710000001
hitter,2025,OOPSY,p_375a02679516c1818c1c1266,s_1ab82721c7a97188ef129e29,actual,OPS,"{""sum"": [""OBP"", ""SLG""]}",0.941304347
hitter,2025,OOPSY,p_4af6f545bc35e4588dee86b9,s_58301b1720e0b3df70e3451a,actual,OPS,"{""sum"": [""OBP"", ""SLG""]}",0.647435896
hitter,2025,OOPSY,p_6101e64b36cdbbeb0b252b54,s_fe7af45b22773b7020e79221,actual,OPS,"{""sum"": [""OBP"", ""SLG""]}",0.619047618
hitter,2025,OOPSY,p_886b7f89a26aadc1f2b85d10,s_1424ac7b44887750e8de46aa,actual,OPS,"{""sum"": [""OBP"", ""SLG""]}",0.632464897
hitter,2025,OOPSY,p_b876419663159edfa11af0a0,s_b95b4bb24f11acbc7e255547,actual,OPS,"{""sum"": [""OBP"", ""SLG""]}",0.25
hitter,2025,OOPSY,p_35ca8c7859bc827d0c712aa3,s_9a9b526c2cd9420d15a939d2,actual,OPS,"{""sum"": [""OBP"", ""SLG""]}",0.62745098
hitter,2025,OOPSY,p_45081ba883aae98afdbde4b5,s_197302ff6af3afe4275d0e34,actual,OPS,"{""sum"": [""OBP"", ""SLG""]}",0.276923076
hitter,2025,OOPSY,p_bbbddf0d3123eb1859b1cc44,s_3cdd30614cb646feaf7f4d75,actual,OPS,"{""sum"": [""OBP"", ""SLG""]}",0.597706422
hitter,2025,OOPSY,p_32091c9f78fec4451a11d54a,s_5347461d343784826439e4ff,actual,OPS,"{""sum"": [""OBP"", ""SLG""]}",0.0
hitter,2025,OOPSY,p_68079c900ddd69cb5a58bf68,s_09041b4eba9e1a10d0fef7a4,actual,OPS,"{""sum"": [""OBP"", ""SLG""]}",0.372413793
hitter,2025,OOPSY,p_77f5711fe36ce10120f5001c,s_9ece08df9b86ef462fd61d0a,actual,OPS,"{""sum"": [""OBP"", ""SLG""]}",0.7502213689999999
hitter,2025,OOPSY,p_985789a703b7e5dda8e9ee8c,s_fbc2137d8d1d843efffcd847,actual,OPS,"{""sum"": [""OBP"", ""SLG""]}",0.0
hitter,2025,OOPSY,p_0223f9d06027dad935426645,s_fa729bcd32aa18795215030b,actual,OPS,"{""sum"": [""OBP"", ""SLG""]}",0.41543340300000003
hitter,2025,OOPSY,p_33a8f30b64fa485f170a7f38,s_d0ea865a8e9795994cf5daf2,actual,OPS,"{""sum"": [""OBP"", ""SLG""]}",0.8657855139999999
hitter,2025,OOPSY,p_0e75fbd620b0cf48a4036da3,s_950c83d252834ed7a1f4a9e2,actual,OPS,"{""sum"": [""OBP"", ""SLG""]}",0.636904761
hitter,2025,OOPSY,p_2519ef12f95e5a083795c12a,s_d1e9ed30827de7133042572d,actual,OPS,"{""sum"": [""OBP"", ""SLG""]}",0.0
hitter,2025,OOPSY,p_9662931fd6e838b9873e1c88,s_1ef07eaa1773f068a43a9160,actual,OPS,"{""sum"": [""OBP"", ""SLG""]}",0.0
hitter,2025,OOPSY,p_6f0af86832f7dd869cd4835e,s_24cbe732d9c950a8766e5a24,actual,OPS,"{""sum"": [""OBP"", ""SLG""]}",0.5904265360000001
hitter,2025,OOPSY,p_26d4f21be7d206242e2e82ad,s_51de88b5a2e089a61272b773,actual,OPS,"{""sum"": [""OBP"", ""SLG""]}",0.838557993
hitter,2025,OOPSY,p_6fd1fe90f29da21b36508f45,s_f3371f9c019d938fc68278dc,actual,OPS,"{""sum"": [""OBP"", ""SLG""]}",0.575781663
hitter,2025,OOPSY,p_652fa92b3bac1d24c8225f99,s_7f0429a0fa58734134a12e66,actual,OPS,"{""sum"": [""OBP"", ""SLG""]}",0.18181818
hitter,2025,OOPSY,p_266dda02b008d139eaa0dd94,s_8ad99c14fffe49fbdb643c5e,actual,OPS,"{""sum"": [""OBP"", ""SLG""]}",0.5
hitter,2025,OOPSY,p_a661022fd7a5d578c49f885e,s_e6f55789d0d5d54f6da5cd24,actual,OPS,"{""sum"": [""OBP"", ""SLG""]}",0.709332649
hitter,2025,OOPSY,p_d6edffdd606adaf0dcc54111,s_c6ae94400a127b5d95652e70,actual,OPS,"{""sum"": [""OBP"", ""SLG""]}",0.370018975
hitter,2025,OOPSY,p_101659267800d1c0aa1341e5,s_6d3cb6260607a32fe574a701,actual,OPS,"{""sum"": [""OBP"", ""SLG""]}",0.816926575
hitter,2025,OOPSY,p_01180266484ab021680a3902,s_dee6dfb3b9180f79b234aaf1,actual,OPS,"{""sum"": [""OBP"", ""SLG""]}",0.476190475
hitter,2025,OOPSY,p_195d3875e4a4e1c784bd1742,s_3ba1f656729139291abec7f0,actual,OPS,"{""sum"": [""OBP"", ""SLG""]}",0.845147238
hitter,2025,OOPSY,p_44a8ee1524687358c1d1a0c0,s_32a507393d2d253dfd93bc8e,actual,OPS,"{""sum"": [""OBP"", ""SLG""]}",0.0
hitter,2025,OOPSY,p_661a2238a2963ae53524deec,s_da016e0200c18e32b71c1b47,actual,OPS,"{""sum"": [""OBP"", ""SLG""]}",0.52173913
hitter,2025,OOPSY,p_7d62d9f218e4521d7a5c233e,s_8133ca88149e547fd0ede949,actual,OPS,"{""sum"": [""OBP"", ""SLG""]}",0.604529616
hitter,2025,OOPSY,p_c762583b3c3a4ee5367bd335,s_d8b75cc68cfb5767274cbca6,actual,OPS,"{""sum"": [""OBP"", ""SLG""]}",0.447547169
hitter,2025,OOPSY,p_cd8327f6161b57f3f657aa12,s_add353b31e05045cc8e8e81c,actual,OPS,"{""sum"": [""OBP"", ""SLG""]}",0.350877192
hitter,2025,OOPSY,p_e30e83972eb9de495b775ef1,s_a678660381548a3652ebdedd,actual,OPS,"{""sum"": [""OBP"", ""SLG""]}",0.31619047499999997
hitter,2025,OOPSY,p_3c460b6a52cddaebe4d7306c,s_5bf793f2125736f0e63ef58a,actual,OPS,"{""sum"": [""OBP"", ""SLG""]}",0.6742753610000001
hitter,2025,OOPSY,p_35ea903190fa5395379479ac,s_4aec4ab9f25c52a47378f3d5,actual,OPS,"{""sum"": [""OBP"", ""SLG""]}",0.501344085
hitter,2025,OOPSY,p_b6baeecf55771a09c7e847cc,s_37e953327fc47b192b206b6d,actual,OPS,"{""sum"": [""OBP"", ""SLG""]}",0.333333332
hitter,2025,OOPSY,p_ae78cc7b4d1225faed5814c4,s_475a49171beae1fb2628fa07,actual,OPS,"{""sum"": [""OBP"", ""SLG""]}",0.25
hitter,2025,OOPSY,p_b021d4e364cfc3ed423fb56f,s_c6af71fb7f89faac5ae198b4,actual,OPS,"{""sum"": [""OBP"", ""SLG""]}",0.7584085309999999
hitter,2025,OOPSY,p_7dcf529d38efe416819bc07e,s_55344f6b4e03f0e8fd5a09a6,actual,OPS,"{""sum"": [""OBP"", ""SLG""]}",0.585064569
hitter,2025,OOPSY,p_71c91198b905a5433d8d1964,s_b911b2bf37557639fad67b96,actual,OPS,"{""sum"": [""OBP"", ""SLG""]}",0.547500827
hitter,2025,OOPSY,p_cdcbefbb1f8b84d28eb17aae,s_d2440ea1066106e12e50f09b,actual,OPS,"{""sum"": [""OBP"", ""SLG""]}",0.5
hitter,2025,OOPSY,p_6d5e6f96a80b579eb717cb0a,s_3710c5ecef96d00e538236b4,actual,OPS,"{""sum"": [""OBP"", ""SLG""]}",0.206504064
hitter,2025,OOPSY,p_cf40524b93abc8fb3a1e9f92,s_e8430c3415495eba55d26174,actual,OPS,"{""sum"": [""OBP"", ""SLG""]}",0.880114565
hitter,2025,OOPSY,p_e698dcef026ade5c5ee72b97,s_a2fd0f3fe06c1f0b1b72db2f,actual,OPS,"{""sum"": [""OBP"", ""SLG""]}",0.0
hitter,2025,OOPSY,p_9f41c4ea0bb0de1cf909af57,s_c6cb6f4f9be8020964ea5307,actual,OPS,"{""sum"": [""OBP"", ""SLG""]}",0.45
hitter,2025,OOPSY,p_d4deda86d7c17560e39f2e3c,s_162c8ccce3d13c9695372c63,actual,OPS,"{""sum"": [""OBP"", ""SLG""]}",0.6131322079999999
hitter,2025,OOPSY,p_45fcf03395be58b0038593fc,s_1cf66631b2493be071432317,actual,OPS,"{""sum"": [""OBP"", ""SLG""]}",0.59074074
hitter,2025,OOPSY,p_81415780b2596ba686e39508,s_a5653d605e855646901672f9,actual,OPS,"{""sum"": [""OBP"", ""SLG""]}",0.503968253
hitter,2025,OOPSY,p_640c7cf8ca0fdab4fb3c851d,s_c011c1f2e209d98f2657eb4a,actual,OPS,"{""sum"": [""OBP"", ""SLG""]}",0.26679841800000004
hitter,2025,OOPSY,p_717b2fb5f5eb23f302a6ebe2,s_fc748c85e6f19a388fc6975d,actual,OPS,"{""sum"": [""OBP"", ""SLG""]}",0.436974789
hitter,2025,OOPSY,p_ab2f7e47e80d8a800e8a9a35,s_28dc370abc71b1455724ab9e,actual,OPS,"{""sum"": [""OBP"", ""SLG""]}",0.603984672
hitter,2025,OOPSY,p_08e4bf82f6f2d66a1fa3a6e0,s_d7707cfde106b032a826ba8d,actual,OPS,"{""sum"": [""OBP"", ""SLG""]}",0.25
hitter,2025,OOPSY,p_865383c42752b60074bbe4fe,s_bc29860ded4ad64022ed03c8,actual,OPS,"{""sum"": [""OBP"", ""SLG""]}",0.774927675
hitter,2025,OOPSY,p_de7b16931d1b03236a59ea22,s_02b9897e48ec94f7af2d17de,actual,OPS,"{""sum"": [""OBP"", ""SLG""]}",0.5715778460000001
hitter,2025,OOPSY,p_fbad84c715ce640fa8e017a1,s_37c9a07dc6cb4df9a628a4b3,actual,OPS,"{""sum"": [""OBP"", ""SLG""]}",0.7310306550000001
hitter,2025,OOPSY,p_a0e7bd6274c02cb716fec97c,s_595870eb6053ba1c42d3091b,actual,OPS,"{""sum"": [""OBP"", ""SLG""]}",0.676326729
hitter,2025,OOPSY,p_f66331a3c12fee865cf819b5,s_61fee883d2a6de536a8e92de,actual,OPS,"{""sum"": [""OBP"", ""SLG""]}",0.41547619
hitter,2025,OOPSY,p_2edd0c65fd9d7083ec14ee56,s_1135037a56e6ab1d7386cb02,actual,OPS,"{""sum"": [""OBP"", ""SLG""]}",0.857142856
hitter,2025,OOPSY,p_46c8ef61562526809be4aea3,s_e2bd651be7d7a50c76061341,actual,OPS,"{""sum"": [""OBP"", ""SLG""]}",0.596491227
hitter,2025,OOPSY,p_d18686fb38704415e5f45eff,s_505375514478c8320d604167,actual,OPS,"{""sum"": [""OBP"", ""SLG""]}",0.5975518719999999
hitter,2025,OOPSY,p_f24a8cfc5f92047e5da64ebc,s_f8870827b82a49c69b87c553,actual,OPS,"{""sum"": [""OBP"", ""SLG""]}",0.701428571
hitter,2025,OOPSY,p_8aedac04bf96afe7c557e68f,s_09e6def927153c55fff1c94e,actual,OPS,"{""sum"": [""OBP"", ""SLG""]}",0.600438596
hitter,2025,OOPSY,p_97cc4865db22aadc4ce7f639,s_0f32de28331abd10ab6612a7,actual,OPS,"{""sum"": [""OBP"", ""SLG""]}",0.0
hitter,2025,OOPSY,p_6fe2cb97cf136fac4714f88d,s_8c8e71aa7e4cdaedd83683d1,actual,OPS,"{""sum"": [""OBP"", ""SLG""]}",0.483189774
hitter,2025,OOPSY,p_303e7b91e52849e2586619cf,s_c5d4e5ff78fdf06a21691b67,actual,OPS,"{""sum"": [""OBP"", ""SLG""]}",0.0
hitter,2025,OOPSY,p_3a324011f98fe54cc350fe8c,s_1be3c7a5fc7a4678eaa6b09a,actual,OPS,"{""sum"": [""OBP"", ""SLG""]}",0.5641025630000001
hitter,2025,OOPSY,p_43458b1ca56bfc78e5851984,s_f5c0c53700252fc90b1296b2,actual,OPS,"{""sum"": [""OBP"", ""SLG""]}",0.392081736
hitter,2025,OOPSY,p_77f3f7b47430b887529000fa,s_d4721894934f82e5e67310ee,actual,OPS,"{""sum"": [""OBP"", ""SLG""]}",0.49999999900000003
hitter,2025,OOPSY,p_a8b8bf9ed5ff58501c45d9d8,s_6417fc8fc4253090b83f9de1,actual,OPS,"{""sum"": [""OBP"", ""SLG""]}",0.1
hitter,2025,OOPSY,p_6767dbdb162c4ffba8c3f6e2,s_c79377eb4f0532f71b81cb74,actual,OPS,"{""sum"": [""OBP"", ""SLG""]}",0.697743174
hitter,2025,OOPSY,p_9071059fd28809cfa6d5107d,s_6acbafd430a4c123b977b063,actual,OPS,"{""sum"": [""OBP"", ""SLG""]}",0.40625
hitter,2025,OOPSY,p_0cc158711fa7bba8bdd29350,s_932a87b9ad3c05e8fbd8d67d,actual,OPS,"{""sum"": [""OBP"", ""SLG""]}",0.625
hitter,2025,OOPSY,p_cfbb217be71deb0ce2565a52,s_590e52a22092d4180bcc588d,actual,OPS,"{""sum"": [""OBP"", ""SLG""]}",0.435526315
hitter,2025,OOPSY,p_824cdc22a5de973c43ea52d0,s_4db5b453ae0b946ee2452c2b,actual,OPS,"{""sum"": [""OBP"", ""SLG""]}",0.307692306
hitter,2025,OOPSY,p_f53b29c1e618b1122b53265b,s_c7f208302d7c19b9a20d2b51,actual,OPS,"{""sum"": [""OBP"", ""SLG""]}",0.692609351
hitter,2025,OOPSY,p_e7b41dc11a533139ce78517b,s_a0e258d21781d2a8048950f5,actual,OPS,"{""sum"": [""OBP"", ""SLG""]}",0.324561402
hitter,2025,OOPSY,p_1db0767c21e16dc27d7f56de,s_689f78ece82ccee1429dd6c4,actual,OPS,"{""sum"": [""OBP"", ""SLG""]}",0.698112006
hitter,2025,OOPSY,p_35208040ebe03471e689d700,s_75174812ff238e8d8d538d7d,actual,OPS,"{""sum"": [""OBP"", ""SLG""]}",0.552669973
hitter,2025,OOPSY,p_84ee5c6d0b640ce81aad4a86,s_38d1ecaae56598285454f3f1,actual,OPS,"{""sum"": [""OBP"", ""SLG""]}",0.566445182
hitter,2025,OOPSY,p_c79d549c12d7c4d174e35cff,s_acee21674e04f7cefafc849a,actual,OPS,"{""sum"": [""OBP"", ""SLG""]}",0.0
hitter,2025,OOPSY,p_a78ccc748ee0ee459987e364,s_c729d36759fd92e5842bb857,actual,OPS,"{""sum"": [""OBP"", ""SLG""]}",0.416666666
hitter,2025,OOPSY,p_0ff6cb4481aa28b4e0ca248f,s_df7fb5f0f9b11dd2607031c9,actual,OPS,"{""sum"": [""OBP"", ""SLG""]}",0.2
hitter,2025,OOPSY,p_b1825a140a3beba774c79650,s_84ad4071fa93f934480926ac,actual,OPS,"{""sum"": [""OBP"", ""SLG""]}",0.909523808
hitter,2025,OOPSY,p_b6dc84a75a7cf2791b76bd90,s_49b16f3475f48988013e5054,actual,OPS,"{""sum"": [""OBP"", ""SLG""]}",0.448306594
hitter,2025,OOPSY,p_7edcc549a8856179722750db,s_9e3d4ff198ed20e12c074110,actual,OPS,"{""sum"": [""OBP"", ""SLG""]}",0.572002365
hitter,2025,OOPSY,p_2bb682ed8bcf8e4b3b378ead,s_f51be6fcd6820eba565c5fdf,actual,OPS,"{""sum"": [""OBP"", ""SLG""]}",0.349999999
hitter,2025,OOPSY,p_8ac4131037b4b28af86c78e0,s_0d69af50f432cecc1948fcdf,actual,OPS,"{""sum"": [""OBP"", ""SLG""]}",0.333333332
hitter,2025,OOPSY,p_f1632c1a638e4afae1811926,s_e98489faef4aa06576bd85b6,actual,OPS,"{""sum"": [""OBP"", ""SLG""]}",0.666666666
hitter,2025,OOPSY,p_118fa7b26ca0fc300fdf6071,s_fdaae3f85e5a2effdb3d239a,actual,OPS,"{""sum"": [""OBP"", ""SLG""]}",0.522222222
hitter,2025,OOPSY,p_1e99c8473b9ac124e44a47a7,s_c87fe95d71548e55c42a5827,actual,OPS,"{""sum"": [""OBP"", ""SLG""]}",0.673871104
hitter,2025,OOPSY,p_e2958eaa641d77c60a1aa3e2,s_22aee35db0736784dd4e708c,actual,OPS,"{""sum"": [""OBP"", ""SLG""]}",0.260101009
hitter,2025,OOPSY,p_56922133a900e974099c393f,s_65cbe7df94d6ae0822a3fe92,actual,OPS,"{""sum"": [""OBP"", ""SLG""]}",0.706625257
hitter,2025,OOPSY,p_f8b30d2da35c688c466fb941,s_98b089317f245a7d69ea1928,actual,OPS,"{""sum"": [""OBP"", ""SLG""]}",0.45104895
hitter,2025,OOPSY,p_be403a9b2db4f3802c9f3b61,s_a27515ffb0cfdd780d86849d,actual,OPS,"{""sum"": [""OBP"", ""SLG""]}",0.511031603
hitter,2025,OOPSY,p_88f9901fda4626a5d6806399,s_1a0a0bb5abcac07394f7a051,actual,OPS,"{""sum"": [""OBP"", ""SLG""]}",1.0
hitter,2025,OOPSY,p_cee3c4f1e8b014fc0ba0b7a6,s_256bd933e6101ea5a54707b9,actual,OPS,"{""sum"": [""OBP"", ""SLG""]}",0.5824059349999999
hitter,2025,OOPSY,p_d1e856cae4d07f9a6c4fe1e2,s_4852728d9d806b1f4f1d0339,actual,OPS,"{""sum"": [""OBP"", ""SLG""]}",0.415223664
hitter,2025,OOPSY,p_8915f49b7744525cc044f1d9,s_c08bb2cf73ae8ede993f3771,actual,OPS,"{""sum"": [""OBP"", ""SLG""]}",0.57436953
hitter,2025,OOPSY,p_65ee6b89f5da180d967907df,s_53de819d6965e6511ecfc43f,actual,OPS,"{""sum"": [""OBP"", ""SLG""]}",0.6410472970000001
hitter,2025,OOPSY,p_e3e1b12d8461e01c1f067064,s_d0c50b85e8f52edee5f8f587,actual,OPS,"{""sum"": [""OBP"", ""SLG""]}",0.49999999900000003
hitter,2025,OOPSY,p_b0d2ac2af541e21ce500cc94,s_8ef925b56ee0f4a2d32d89ba,actual,OPS,"{""sum"": [""OBP"", ""SLG""]}",0.507936507
hitter,2025,OOPSY,p_4bab031a6ed50b53a6e222a5,s_79acc0eea220a31a18d3e587,actual,OPS,"{""sum"": [""OBP"", ""SLG""]}",0.333946078
hitter,2025,OOPSY,p_cb0ac3f0270df663ae5d3b34,s_05fac03d49f614b24f515a18,actual,OPS,"{""sum"": [""OBP"", ""SLG""]}",0.522802652
hitter,2025,OOPSY,p_e5dda7a015da0e6f8878a81f,s_cef80380575bf31686454bb6,actual,OPS,"{""sum"": [""OBP"", ""SLG""]}",0.228758169
hitter,2025,OOPSY,p_305a89cbe0ae6fdb7ab1e9a7,s_fc50ca9c2a3448e2f67cc44e,actual,OPS,"{""sum"": [""OBP"", ""SLG""]}",0.5746031730000001
hitter,2025,OOPSY,p_3f6f6f23fc264051a9b180de,s_c864ab37744f5014c60b7b94,actual,OPS,"{""sum"": [""OBP"", ""SLG""]}",0.6831483819999999
hitter,2025,OOPSY,p_39af8e3fae49f2dc71c99280,s_5acc5deae288b57619df7d97,actual,OPS,"{""sum"": [""OBP"", ""SLG""]}",0.475868725
hitter,2025,OOPSY,p_a83dafc55fbfe682b417f2ca,s_cb1ecfb6b8c32902336968be,actual,OPS,"{""sum"": [""OBP"", ""SLG""]}",0.571691902
hitter,2025,OOPSY,p_226b98a3af9e6649b714b44e,s_5d32642241eacf26ff1d8419,actual,OPS,"{""sum"": [""OBP"", ""SLG""]}",0.733455882
hitter,2025,OOPSY,p_ca9cb370432f3712d1a35d7f,s_058050fcfab20768c55dbe2f,actual,OPS,"{""sum"": [""OBP"", ""SLG""]}",0.700209643
hitter,2025,OOPSY,p_52fc31dada4e865b88f8ce42,s_37071c7fbf2e901de3d25f65,actual,OPS,"{""sum"": [""OBP"", ""SLG""]}",0.5323070599999999
hitter,2025,OOPSY,p_b6305e56ac4f04f2e9d682b2,s_ec4bd342065494a6253eb9ab,actual,OPS,"{""sum"": [""OBP"", ""SLG""]}",0.258928571
hitter,2025,OOPSY,p_3877edc341fa20dfa2faecb8,s_7704bc673c68a9fa2edbacf2,actual,OPS,"{""sum"": [""OBP"", ""SLG""]}",0.338888888
hitter,2025,OOPSY,p_f1708b988b2fbb90aac09ff6,s_fab7898433089b45cfca2f45,actual,OPS,"{""sum"": [""OBP"", ""SLG""]}",0.7324498319999999
hitter,2025,OOPSY,p_0054b0f7e9600263c4339080,s_0cf57876996a99a486460707,actual,OPS,"{""sum"": [""OBP"", ""SLG""]}",0.400250156
hitter,2026,OOPSY,p_f16412beb35a9f8275245e07,s_fa044b7ccd9308124f7b3cc2,actual,OPS,"{""sum"": [""OBP"", ""SLG""]}",0.8709725509999999
hitter,2026,OOPSY,p_5ddf7b7c488d16218bdd70fc,s_c7cb47e4c0ab6a17c3260c30,actual,OPS,"{""sum"": [""OBP"", ""SLG""]}",0.8000374299999999
hitter,2026,OOPSY,p_8b0da430de74b9d38592cfa7,s_2b1520b888eebffbe81df015,actual,OPS,"{""sum"": [""OBP"", ""SLG""]}",0.9079313920000001
hitter,2026,OOPSY,p_1a7540f0f62bdbec1d46a097,s_46a44d44f1c3b186c780450e,actual,OPS,"{""sum"": [""OBP"", ""SLG""]}",0.8890516740000001
hitter,2026,OOPSY,p_6bef577c2d843e259b2e4f8d,s_0570f01bdc8e42b95348f21b,actual,OPS,"{""sum"": [""OBP"", ""SLG""]}",0.7150356920000001
hitter,2026,OOPSY,p_3d2334a857b6e51adfa60031,s_1ec40c01de220ec0c3f69a0c,actual,OPS,"{""sum"": [""OBP"", ""SLG""]}",0.6642973679999999
hitter,2026,OOPSY,p_67d2d4c4c4eb75d44dfc90f0,s_9b30d832498c409df333d3e1,actual,OPS,"{""sum"": [""OBP"", ""SLG""]}",0.7083461600000001
hitter,2026,OOPSY,p_3f765e91616326426b8a43c2,s_604285fae5396667e87f80c4,actual,OPS,"{""sum"": [""OBP"", ""SLG""]}",0.828112288
hitter,2026,OOPSY,p_cbfcdeac8217106774120e81,s_a9c5ea45e16835fbb92fcd0c,actual,OPS,"{""sum"": [""OBP"", ""SLG""]}",0.79639617
hitter,2026,OOPSY,p_d65b41dc5498c748aed03004,s_7197730aee7d438c72214c99,actual,OPS,"{""sum"": [""OBP"", ""SLG""]}",0.766600153
hitter,2026,OOPSY,p_e7725c89676d89124848373c,s_531cac50330f6a61f67a058a,actual,OPS,"{""sum"": [""OBP"", ""SLG""]}",0.879985598
hitter,2026,OOPSY,p_306fe9c0d735d7f46146c529,s_0d61e5ea18a193d92c899cb3,actual,OPS,"{""sum"": [""OBP"", ""SLG""]}",0.736405771
hitter,2026,OOPSY,p_6258e0b754720e6aa1ffc43d,s_64fb2a6a3d818ab27dead114,actual,OPS,"{""sum"": [""OBP"", ""SLG""]}",0.687779857
hitter,2026,OOPSY,p_b2d8d52d1ac8e278023dd28e,s_c987c802d41a08bd45ed67df,actual,OPS,"{""sum"": [""OBP"", ""SLG""]}",1.033491858
hitter,2026,OOPSY,p_8145c85e799111fad96f9326,s_4fd277b247c69bb6444ba1c6,actual,OPS,"{""sum"": [""OBP"", ""SLG""]}",0.7952228029999999
hitter,2026,OOPSY,p_60cc6d7817c312ca1f6e104d,s_6e50978f98f8f5bb798be396,actual,OPS,"{""sum"": [""OBP"", ""SLG""]}",0.75758613
hitter,2026,OOPSY,p_112dcfa6b46c45a399a719e5,s_b5266cadbe7ee9b843953f04,actual,OPS,"{""sum"": [""OBP"", ""SLG""]}",0.715328725
hitter,2026,OOPSY,p_6c0a9e658a48ac4878d9dd6d,s_e56b69fe8a77b2365723a950,actual,OPS,"{""sum"": [""OBP"", ""SLG""]}",0.688306681
hitter,2026,OOPSY,p_f23d1d9035065b244f5e458f,s_19923c8e3e93da852fdb25ea,actual,OPS,"{""sum"": [""OBP"", ""SLG""]}",0.8847495089999999
hitter,2026,OOPSY,p_8a17723cd1691cf9cab7393e,s_be39fb77f9c432475a4ce9a9,actual,OPS,"{""sum"": [""OBP"", ""SLG""]}",0.732613419
hitter,2026,OOPSY,p_376836ac6c44d0cd8f0e6415,s_c4293e82a588411c798edd2a,actual,OPS,"{""sum"": [""OBP"", ""SLG""]}",0.942701332
hitter,2026,OOPSY,p_c098c2fe9513c8a2d9d6133f,s_8b153e9b6c05959fd67f976d,actual,OPS,"{""sum"": [""OBP"", ""SLG""]}",0.754257907
hitter,2026,OOPSY,p_ba6f36e798456bccef1754a0,s_35280e250e25b1cf3fe594cd,actual,OPS,"{""sum"": [""OBP"", ""SLG""]}",0.6544337870000001
hitter,2026,OOPSY,p_487446a58afe78ff3ecfe76c,s_647736cfd6422b6f4f7e2b62,actual,OPS,"{""sum"": [""OBP"", ""SLG""]}",0.748089469
hitter,2026,OOPSY,p_5df8600326504a53588a6de7,s_845a297ca379773a6383d2b7,actual,OPS,"{""sum"": [""OBP"", ""SLG""]}",0.765732853
hitter,2026,OOPSY,p_565062fedb9dc11884dc149f,s_cb67733c47e68d9895b561f3,actual,OPS,"{""sum"": [""OBP"", ""SLG""]}",0.740458321
hitter,2026,OOPSY,p_5c11dd145a24b1ffaecf5e75,s_f38ffdd881d1ea45951d3a06,actual,OPS,"{""sum"": [""OBP"", ""SLG""]}",0.77973247
hitter,2026,OOPSY,p_a1c10b179912b1d2f03fa32c,s_f8c2fe9427d9cef4fd434fd4,actual,OPS,"{""sum"": [""OBP"", ""SLG""]}",0.843513645
hitter,2026,OOPSY,p_e0d83b8da8aaead5cd952acc,s_b0090e2ff2bf521eccfd27ac,actual,OPS,"{""sum"": [""OBP"", ""SLG""]}",0.746821814
hitter,2026,OOPSY,p_cc20023b077f71dea170b091,s_5a9b4cd57ab4ee2b22f81179,actual,OPS,"{""sum"": [""OBP"", ""SLG""]}",0.8647780089999999
hitter,2026,OOPSY,p_6c63d7d7b55bc0f02c783a80,s_7d309bdb423753703ab57aea,actual,OPS,"{""sum"": [""OBP"", ""SLG""]}",0.711180818
hitter,2026,OOPSY,p_67cb975359e89b208f68a778,s_1e032a71eb78a2e60a9604da,actual,OPS,"{""sum"": [""OBP"", ""SLG""]}",0.607413694
hitter,2026,OOPSY,p_8763904d13a29c644082b122,s_910597d3bc8170153f15da89,actual,OPS,"{""sum"": [""OBP"", ""SLG""]}",0.8294382599999999
hitter,2026,OOPSY,p_56e7275c3bfa42a75a7ac2ab,s_0d36dcedf16647fcf2518157,actual,OPS,"{""sum"": [""OBP"", ""SLG""]}",0.67543743
hitter,2026,OOPSY,p_689b3153515d854852b70f4b,s_cabc67ea6c52ec1527b84184,actual,OPS,"{""sum"": [""OBP"", ""SLG""]}",0.712764823
hitter,2026,OOPSY,p_fffb6de42175eb3a17278de2,s_0624661ea6a242677825e15b,actual,OPS,"{""sum"": [""OBP"", ""SLG""]}",0.8015618259999999
hitter,2026,OOPSY,p_22db645384aeaef0e6b0dd37,s_38afa82720492f0d67b30530,actual,OPS,"{""sum"": [""OBP"", ""SLG""]}",0.714947486
hitter,2026,OOPSY,p_975a1b871ed65b006a1ce607,s_6bcb6ae4f3496802cb7764a5,actual,OPS,"{""sum"": [""OBP"", ""SLG""]}",0.710724725
hitter,2026,OOPSY,p_fe3b34280c5c898441437983,s_479250b7e3ef2232d0d172a8,actual,OPS,"{""sum"": [""OBP"", ""SLG""]}",0.7307275010000001
hitter,2026,OOPSY,p_92c069a29d913048d5371a39,s_adc70ec8da11c68460585ae6,actual,OPS,"{""sum"": [""OBP"", ""SLG""]}",0.896850003
hitter,2026,OOPSY,p_9c139e8de020d424429029d1,s_35c30d6ad32cf3fac95d3325,actual,OPS,"{""sum"": [""OBP"", ""SLG""]}",0.8647420530000001
hitter,2026,OOPSY,p_d85aa5a54347f648d409ab91,s_4855de5f5b951a05407d312f,actual,OPS,"{""sum"": [""OBP"", ""SLG""]}",0.87423607
hitter,2026,OOPSY,p_8a7e7a5df7676ae9c7c629fc,s_501b8d08453c2600eac57762,actual,OPS,"{""sum"": [""OBP"", ""SLG""]}",0.743487072
hitter,2026,OOPSY,p_212972d5e1d2c8460dc3a73b,s_1b9b76692b557fe747f9e52f,actual,OPS,"{""sum"": [""OBP"", ""SLG""]}",0.625291952
hitter,2026,OOPSY,p_8b8b46332f730f938d5e4598,s_72a84f735c3944d4ff83bdd7,actual,OPS,"{""sum"": [""OBP"", ""SLG""]}",0.691941811
hitter,2026,OOPSY,p_eb6d41898fee1956040bc079,s_230871e613b6365eacff4562,actual,OPS,"{""sum"": [""OBP"", ""SLG""]}",0.70206374
hitter,2026,OOPSY,p_470f32c7b44abc752b626681,s_05b5517e5673e1858f1b3053,actual,OPS,"{""sum"": [""OBP"", ""SLG""]}",0.694103477
hitter,2026,OOPSY,p_03b64d654a078e0d162c57bd,s_a7b74c8e435acd835249121c,actual,OPS,"{""sum"": [""OBP"", ""SLG""]}",0.879267909
hitter,2026,OOPSY,p_b2481482b385c3996645ecdb,s_cf3d3cedc3fef8ee3da2047f,actual,OPS,"{""sum"": [""OBP"", ""SLG""]}",0.81673997
hitter,2026,OOPSY,p_4672fc02fbfa48399c90584a,s_f875c4a1e253dfabb188eb35,actual,OPS,"{""sum"": [""OBP"", ""SLG""]}",0.73506939
hitter,2026,OOPSY,p_553976eb2ca8a6fbca85aa5b,s_58cf89850fd9ca4f580699d4,actual,OPS,"{""sum"": [""OBP"", ""SLG""]}",0.812180007
hitter,2026,OOPSY,p_98faa1d5523b21adac215d1f,s_48f42b6907f77fb59cfaf000,actual,OPS,"{""sum"": [""OBP"", ""SLG""]}",0.624324993
hitter,2026,OOPSY,p_773d7d56031db8879f6723e8,s_67187433d27f56b8a4ab7dd0,actual,OPS,"{""sum"": [""OBP"", ""SLG""]}",0.780604377
hitter,2026,OOPSY,p_abdfe3139ed4c9eda6ce0c37,s_ef86bb13aae6d4d1af9d3572,actual,OPS,"{""sum"": [""OBP"", ""SLG""]}",0.837375378
hitter,2026,OOPSY,p_ca7feb5b66329358ea3d8c70,s_6ae0e31bca606809e484232c,actual,OPS,"{""sum"": [""OBP"", ""SLG""]}",0.823316905
hitter,2026,OOPSY,p_0575c7ada041df0cca2d5549,s_2dca6004b57bc503da3b32a8,actual,OPS,"{""sum"": [""OBP"", ""SLG""]}",0.801679729
hitter,2026,OOPSY,p_e8a841a4c0a09c1611d07c5c,s_9f845fa05e581a1806e940d8,actual,OPS,"{""sum"": [""OBP"", ""SLG""]}",0.6667190510000001
hitter,2026,OOPSY,p_566da69483a08944a4fd0dbe,s_da2d9108fd26fd488a72183d,actual,OPS,"{""sum"": [""OBP"", ""SLG""]}",0.685119047
hitter,2026,OOPSY,p_806c100a85a17dfdcfe3aeab,s_bf029270b2f937a0c46ce07a,actual,OPS,"{""sum"": [""OBP"", ""SLG""]}",0.675913937
hitter,2026,OOPSY,p_8d8ac643ab43c0a5edae56ca,s_cc4d9621cc05e5de7133fd5d,actual,OPS,"{""sum"": [""OBP"", ""SLG""]}",0.884451826
hitter,2026,OOPSY,p_33ef22bd9c5fcfa876186831,s_3acdc008d6482f8752854e69,actual,OPS,"{""sum"": [""OBP"", ""SLG""]}",0.856867469
hitter,2026,OOPSY,p_abe047f07a0efa446f4a36de,s_bd813aa08e6ff1969f46fa3b,actual,OPS,"{""sum"": [""OBP"", ""SLG""]}",0.760589822
hitter,2026,OOPSY,p_8363b9bca459e78ec2006bb0,s_5dae0ccef20bf9ac6dd3b30f,actual,OPS,"{""sum"": [""OBP"", ""SLG""]}",0.8185166429999999
hitter,2026,OOPSY,p_c315f699dc20ea9f45db58c2,s_9e89ea6b4b6fe008cc006c61,actual,OPS,"{""sum"": [""OBP"", ""SLG""]}",0.853954809
hitter,2026,OOPSY,p_316c3f5d72b7ee1b6a59d1c6,s_94f809bffe60dab5fd1d75da,actual,OPS,"{""sum"": [""OBP"", ""SLG""]}",0.792304476
hitter,2026,OOPSY,p_9dae11e0cd2670bf2ee9255e,s_6c0a0b9b2a9f73426c942c1a,actual,OPS,"{""sum"": [""OBP"", ""SLG""]}",0.786827112
hitter,2026,OOPSY,p_603925421b21bc562bc8d1f0,s_e916a83e284d561c96473508,actual,OPS,"{""sum"": [""OBP"", ""SLG""]}",0.772321715
hitter,2026,OOPSY,p_81055a604ebcb0e79f8ffbe8,s_895ef4471c5e6dd333bec302,actual,OPS,"{""sum"": [""OBP"", ""SLG""]}",0.649488191
hitter,2026,OOPSY,p_d803dc65885a070fabf6818a,s_95f2e3606c73d46172c19d7b,actual,OPS,"{""sum"": [""OBP"", ""SLG""]}",0.8109159450000001
hitter,2026,OOPSY,p_b3b356771b4a2b8a3dabc8a1,s_abbf4ef7dacd7c1bdc68be73,actual,OPS,"{""sum"": [""OBP"", ""SLG""]}",0.71046859
hitter,2026,OOPSY,p_dae2f3444392e0e6d8dd111e,s_79564a76ba1c232e48675a95,actual,OPS,"{""sum"": [""OBP"", ""SLG""]}",0.839062057
hitter,2026,OOPSY,p_bb6f9449c9e0ffc57d547002,s_4d4f9419ce819109a3574ca8,actual,OPS,"{""sum"": [""OBP"", ""SLG""]}",0.727414205
hitter,2026,OOPSY,p_cce7aefd60200f89eb5f62c5,s_b2ea3fbd6361c6c770c7330c,actual,OPS,"{""sum"": [""OBP"", ""SLG""]}",0.8913669930000001
hitter,2026,OOPSY,p_14d1280565f59b8db3772882,s_2dc85a8647d88ff36c5d161d,actual,OPS,"{""sum"": [""OBP"", ""SLG""]}",0.627277226
hitter,2026,OOPSY,p_ed974f466607b19fee8971ac,s_dd12aef33b7dc8ee3fc2dce5,actual,OPS,"{""sum"": [""OBP"", ""SLG""]}",0.803359108
hitter,2026,OOPSY,p_eee8adf491cb30aad8c0c2e7,s_51e1ee1896e83f5b8a512cbb,actual,OPS,"{""sum"": [""OBP"", ""SLG""]}",0.669677065
hitter,2026,OOPSY,p_19af1c0e0d94d73536407863,s_d8bf38257e34e37214acfecf,actual,OPS,"{""sum"": [""OBP"", ""SLG""]}",0.723969097
hitter,2026,OOPSY,p_a10691810a3a9049724c355e,s_52100d30ea05643d501ea33f,actual,OPS,"{""sum"": [""OBP"", ""SLG""]}",0.8160977460000001
hitter,2026,OOPSY,p_dca7ac3dcb00e9e9c03af974,s_2ad79b3610b261946b4a0d6b,actual,OPS,"{""sum"": [""OBP"", ""SLG""]}",0.666966524
hitter,2026,OOPSY,p_0f12b16a4ff92fb0e5d398d2,s_34a496c006492b69865ab38b,actual,OPS,"{""sum"": [""OBP"", ""SLG""]}",0.833800763
hitter,2026,OOPSY,p_116cdec4053638cbb2ccefd2,s_bc58839796a85c0b115100f6,actual,OPS,"{""sum"": [""OBP"", ""SLG""]}",0.779828306
hitter,2026,OOPSY,p_cfd86603afc94c644229f9cc,s_81a8cc23061007a2db4c7f7d,actual,OPS,"{""sum"": [""OBP"", ""SLG""]}",0.7042475539999999
hitter,2026,OOPSY,p_5c4251b6812026c9a34d5cec,s_7f2c585c345ded8c9d2079f9,actual,OPS,"{""sum"": [""OBP"", ""SLG""]}",0.636740721
hitter,2026,OOPSY,p_07a6c8c4d72175b6a105acc0,s_2ce99c0c5d1476783da08734,actual,OPS,"{""sum"": [""OBP"", ""SLG""]}",0.706862745
hitter,2026,OOPSY,p_ddf817cabc06756b0e3c52c8,s_62b4c947b26ec41969317d8d,actual,OPS,"{""sum"": [""OBP"", ""SLG""]}",0.730084403
hitter,2026,OOPSY,p_fe349ad78aee63c7c18b8b83,s_0e02dc0ca818bfea17c40907,actual,OPS,"{""sum"": [""OBP"", ""SLG""]}",0.670388306
hitter,2026,OOPSY,p_1d7e8678c5830f3f0069f0d2,s_a769b944133aedf8d89a591c,actual,OPS,"{""sum"": [""OBP"", ""SLG""]}",0.7729947669999999
hitter,2026,OOPSY,p_0ad68b951761f8685abeae36,s_20dfb737233ce2ce883844e8,actual,OPS,"{""sum"": [""OBP"", ""SLG""]}",0.620300751
hitter,2026,OOPSY,p_041b290ccb9dec49681e05d7,s_1cf6092792244c3b4c1d476a,actual,OPS,"{""sum"": [""OBP"", ""SLG""]}",0.780983376
hitter,2026,OOPSY,p_5238beca8d2e0f1fd715c816,s_c62144a3917658aa39df94de,actual,OPS,"{""sum"": [""OBP"", ""SLG""]}",0.6853006749999999
hitter,2026,OOPSY,p_4377316cb604fc79c43e849f,s_e8cd8e876c662bff7dcc948b,actual,OPS,"{""sum"": [""OBP"", ""SLG""]}",0.748940318
hitter,2026,OOPSY,p_45a4c94329ef45c21f405f71,s_b75b33dc3b8c4e923f8fa032,actual,OPS,"{""sum"": [""OBP"", ""SLG""]}",0.734677316
hitter,2026,OOPSY,p_0b1f16cb17d8c26e63a90351,s_eeb631bba8fe8b34cc50d499,actual,OPS,"{""sum"": [""OBP"", ""SLG""]}",0.61657706
hitter,2026,OOPSY,p_30c7a668112dbae738c3a2dc,s_f351d48217b2976e4e3a4d0c,actual,OPS,"{""sum"": [""OBP"", ""SLG""]}",0.840902381
hitter,2026,OOPSY,p_dc25209b8d6f78bd1ff199d1,s_486324861dcb75def5ffa1ef,actual,OPS,"{""sum"": [""OBP"", ""SLG""]}",0.8099705660000001
hitter,2026,OOPSY,p_fc5ea9af3a74454e7e41965e,s_d0baa6f3640225dd3cd67410,actual,OPS,"{""sum"": [""OBP"", ""SLG""]}",0.7355564880000001
hitter,2026,OOPSY,p_0130cd45d3e0619843f93b86,s_90d77ec43dc63e4a77c77c7b,actual,OPS,"{""sum"": [""OBP"", ""SLG""]}",0.786346572
hitter,2026,OOPSY,p_d04d80d479ca9798b6aba56a,s_1e32e124cd49b9212810471f,actual,OPS,"{""sum"": [""OBP"", ""SLG""]}",0.767513774
hitter,2026,OOPSY,p_38e2bb8be3a261e7adcb997c,s_421cdaa9c44e5a768a01da77,actual,OPS,"{""sum"": [""OBP"", ""SLG""]}",0.738072163
hitter,2026,OOPSY,p_9b7916f908afc5ad14fc69e1,s_101ee8de47cc8d27048823e5,actual,OPS,"{""sum"": [""OBP"", ""SLG""]}",0.699811547
hitter,2026,OOPSY,p_edf8657586c7b50067f79dfb,s_63f839a9342f290ad21ca9ba,actual,OPS,"{""sum"": [""OBP"", ""SLG""]}",0.6866370150000001
hitter,2026,OOPSY,p_b7f93fa6cd2a0022c2f4073c,s_4b2f5dcc3af12797127316df,actual,OPS,"{""sum"": [""OBP"", ""SLG""]}",0.703225454
hitter,2026,OOPSY,p_a3ea0178a0c5e8f586a37196,s_95b86f42f162ca4614ced422,actual,OPS,"{""sum"": [""OBP"", ""SLG""]}",0.825170674
hitter,2026,OOPSY,p_1c2555fab0a44a8694e53597,s_281f2d08a8e3c8c04b37aade,actual,OPS,"{""sum"": [""OBP"", ""SLG""]}",0.65635862
hitter,2026,OOPSY,p_18f58e283cd36378ac1da1fd,s_b8e7fee29ac80850fd11bcf5,actual,OPS,"{""sum"": [""OBP"", ""SLG""]}",0.7283858750000001
hitter,2026,OOPSY,p_fe5e81171887fdbded90e9cf,s_021ea03493ebddee3bb85aaf,actual,OPS,"{""sum"": [""OBP"", ""SLG""]}",0.489010988
hitter,2026,OOPSY,p_88ea9f9f953b0443fa439d35,s_0413bee1a6eb3a3c5aeb0a47,actual,OPS,"{""sum"": [""OBP"", ""SLG""]}",0.639965825
hitter,2026,OOPSY,p_519c7e279020b1a6676d30b6,s_d19ca0a034ba9b46d830b005,actual,OPS,"{""sum"": [""OBP"", ""SLG""]}",0.805989689
hitter,2026,OOPSY,p_ea8a5d1c846e0c84971a0bb4,s_fe76502859670cca5518ec13,actual,OPS,"{""sum"": [""OBP"", ""SLG""]}",0.813828692
hitter,2026,OOPSY,p_a910702a6f8986211ef36f3c,s_f5250205c22954e8b07d98a0,actual,OPS,"{""sum"": [""OBP"", ""SLG""]}",0.602218454
hitter,2026,OOPSY,p_9dc26246e90ca8f349fcd827,s_7db00c76a15b9dcce3e9b1a3,actual,OPS,"{""sum"": [""OBP"", ""SLG""]}",0.864862748
hitter,2026,OOPSY,p_57c56a495da77e06c1b64a9f,s_328842a98d3fd8477348fb8c,actual,OPS,"{""sum"": [""OBP"", ""SLG""]}",0.762213215
hitter,2026,OOPSY,p_14c16a139ce71b89830c7462,s_438d9dd90bc2cd08ce647f65,actual,OPS,"{""sum"": [""OBP"", ""SLG""]}",0.696282372
hitter,2026,OOPSY,p_e96df7bede80ce3e564c75a2,s_765cafac787f21c219899725,actual,OPS,"{""sum"": [""OBP"", ""SLG""]}",0.7009822219999999
hitter,2026,OOPSY,p_406c3866f3427af34341afec,s_ad3a08f4d9ed26fb160e0141,actual,OPS,"{""sum"": [""OBP"", ""SLG""]}",0.60792978
hitter,2026,OOPSY,p_976a51a68ae7b23d4651968b,s_19220de78456ab893e346a2a,actual,OPS,"{""sum"": [""OBP"", ""SLG""]}",0.697501422
hitter,2026,OOPSY,p_1552cbc32b7c3d101007d1ee,s_887feef151521581f54b0f3d,actual,OPS,"{""sum"": [""OBP"", ""SLG""]}",0.657501847
hitter,2026,OOPSY,p_32953bb768e19cff1aa203f4,s_6a76ee41bfd2e8679b7f3e14,actual,OPS,"{""sum"": [""OBP"", ""SLG""]}",0.409147869
hitter,2026,OOPSY,p_0cfc16ec70a614e40004e420,s_bfa21e1fe198932f40510499,actual,OPS,"{""sum"": [""OBP"", ""SLG""]}",0.765272838
hitter,2026,OOPSY,p_63b127378fbb63f7a8ac5c53,s_992abe55bd941111ceec4b92,actual,OPS,"{""sum"": [""OBP"", ""SLG""]}",0.806255028
hitter,2026,OOPSY,p_bae0c0ca4e440ae7ebfa87be,s_e6d4ed657ac25cce7496ed91,actual,OPS,"{""sum"": [""OBP"", ""SLG""]}",0.823943366
hitter,2026,OOPSY,p_01f201d29bbe20594b827aba,s_c4beec8273ca463435f66dbb,actual,OPS,"{""sum"": [""OBP"", ""SLG""]}",0.725773577
hitter,2026,OOPSY,p_b1a89f2be7e4c14ff4efdd77,s_9add8bbad2c873e65a5d38de,actual,OPS,"{""sum"": [""OBP"", ""SLG""]}",0.556198347
hitter,2026,OOPSY,p_41adaed6cd990313cac1c28c,s_284364224c35dccb8ab92de5,actual,OPS,"{""sum"": [""OBP"", ""SLG""]}",0.719952339
hitter,2026,OOPSY,p_93147868d8b8ef25dc5ff7ce,s_51978a36e339ff7033110612,actual,OPS,"{""sum"": [""OBP"", ""SLG""]}",0.730453667
hitter,2026,OOPSY,p_ac2c415e448152dd4e3b1104,s_f005fe39efee3e530b252412,actual,OPS,"{""sum"": [""OBP"", ""SLG""]}",0.466813645
hitter,2026,OOPSY,p_d84830ffa4fab8cd91af4c87,s_faff352b68e1943e4e4279a9,actual,OPS,"{""sum"": [""OBP"", ""SLG""]}",0.686644005
hitter,2026,OOPSY,p_d3826afca90b544836e2677c,s_e4ae3c22fc0fd0a04dd644fc,actual,OPS,"{""sum"": [""OBP"", ""SLG""]}",0.667495154
hitter,2026,OOPSY,p_26a8a517c6eb9d8b6968c481,s_5da7303f684fd20836639e3a,actual,OPS,"{""sum"": [""OBP"", ""SLG""]}",0.550925925
hitter,2026,OOPSY,p_5d96d38ca6ef254577b06725,s_12bcf34f6c6b25e0a5e0d319,actual,OPS,"{""sum"": [""OBP"", ""SLG""]}",0.305194804
hitter,2026,OOPSY,p_7b5d1a173b863deb0b76a4d6,s_8e8b5cd233dfab61b09299b1,actual,OPS,"{""sum"": [""OBP"", ""SLG""]}",0.745446009
hitter,2026,OOPSY,p_1a95972d3cc893a472abc230,s_1a7532034b7fe8fe447496e3,actual,OPS,"{""sum"": [""OBP"", ""SLG""]}",0.837220947
hitter,2026,OOPSY,p_5ea69072becc5cf7c0a9e718,s_aa82e74bc8a6c1abf3f8e4fd,actual,OPS,"{""sum"": [""OBP"", ""SLG""]}",0.712821724
hitter,2026,OOPSY,p_d15ee8551777e5c3a4d0aae0,s_b20cc896b1c70acead3a86a3,actual,OPS,"{""sum"": [""OBP"", ""SLG""]}",0.759351585
hitter,2026,OOPSY,p_374639c006432a57cd7173fc,s_8fbd0675f1258fa676ddd1aa,actual,OPS,"{""sum"": [""OBP"", ""SLG""]}",0.764609466
hitter,2026,OOPSY,p_affde6872bd6da6eac225574,s_499464a3a0f23e3f30091770,actual,OPS,"{""sum"": [""OBP"", ""SLG""]}",0.660034139
hitter,2026,OOPSY,p_367043d04df11c50c62b433f,s_1cb82a2568a71e826f9e5b1a,actual,OPS,"{""sum"": [""OBP"", ""SLG""]}",0.83734768
hitter,2026,OOPSY,p_3df3de11935400a2046d0e22,s_79b180b8a90d888d1afd0645,actual,OPS,"{""sum"": [""OBP"", ""SLG""]}",0.649430933
hitter,2026,OOPSY,p_0b8d12717e3a41fbb14e5a16,s_390ae47a5378bf73eef1f596,actual,OPS,"{""sum"": [""OBP"", ""SLG""]}",0.7893370449999999
hitter,2026,OOPSY,p_3a018d05684bd05311c373cb,s_6858628e01094593450ea8e5,actual,OPS,"{""sum"": [""OBP"", ""SLG""]}",0.629011779
hitter,2026,OOPSY,p_8f4e0edcdbb51e8ea8ef460c,s_f83d3297b622d32c7241f760,actual,OPS,"{""sum"": [""OBP"", ""SLG""]}",0.706068114
hitter,2026,OOPSY,p_910eaf826bf8a3ff8e586a66,s_8404d77d21a6a1e2e602181c,actual,OPS,"{""sum"": [""OBP"", ""SLG""]}",0.727763002
hitter,2026,OOPSY,p_ce85f63fda313884a0d3797d,s_f2e256c93101f6168482d8af,actual,OPS,"{""sum"": [""OBP"", ""SLG""]}",0.728329928
hitter,2026,OOPSY,p_08ae04aabc21677b06e0f5b5,s_becd8474d5a5b7fe8a76041f,actual,OPS,"{""sum"": [""OBP"", ""SLG""]}",0.611211147
hitter,2026,OOPSY,p_fd44d075dbb0de467ecd4cec,s_93aed7e75f65820e3e2affa8,actual,OPS,"{""sum"": [""OBP"", ""SLG""]}",0.710132685
hitter,2026,OOPSY,p_07105369a9e627dc07e08f3a,s_e78e8bfefedc708036670c55,actual,OPS,"{""sum"": [""OBP"", ""SLG""]}",0.7601937759999999
hitter,2026,OOPSY,p_44767dae17d72f3b81e5e39f,s_67b3126c029c73a46dc91db5,actual,OPS,"{""sum"": [""OBP"", ""SLG""]}",0.6212743000000001
hitter,2026,OOPSY,p_314d65c651f0866b57c6c200,s_f5f10eb34e8677db8e4997c9,actual,OPS,"{""sum"": [""OBP"", ""SLG""]}",0.6135731200000001
hitter,2026,OOPSY,p_f833a627792ee898758f75c1,s_e94e70c7ca85233f5fa20924,actual,OPS,"{""sum"": [""OBP"", ""SLG""]}",0.588786446
hitter,2026,OOPSY,p_d280fe766b138e116686c70c,s_ffba5a9af4c0d8ba816165f8,actual,OPS,"{""sum"": [""OBP"", ""SLG""]}",0.431018517
hitter,2026,OOPSY,p_d6e2291a941b28d7a61905e7,s_da9ea0d9b88c8fdbc7cc2cb5,actual,OPS,"{""sum"": [""OBP"", ""SLG""]}",0.613796835
hitter,2026,OOPSY,p_3664d107759fe0ae5d9df463,s_43158916fee85cce9c201280,actual,OPS,"{""sum"": [""OBP"", ""SLG""]}",0.684695686
hitter,2026,OOPSY,p_34425c8d8ba5966e2a935516,s_86fcf7fb9099b80ed78271d4,actual,OPS,"{""sum"": [""OBP"", ""SLG""]}",0.59421499
hitter,2026,OOPSY,p_b568a0123a1581a870454450,s_293a84dfbdfbc83365211962,actual,OPS,"{""sum"": [""OBP"", ""SLG""]}",0.622844827
hitter,2026,OOPSY,p_89571ae4477faeb62a16b64b,s_88ad32ab8bfa4751d7544b1a,actual,OPS,"{""sum"": [""OBP"", ""SLG""]}",0.8307100940000001
hitter,2026,OOPSY,p_5c1070a01c0c31d9a11bbaed,s_6b8322ded48ecbe155705d69,actual,OPS,"{""sum"": [""OBP"", ""SLG""]}",0.72128971
hitter,2026,OOPSY,p_fd457e419f55ef98100c8820,s_acd94148ba106531ff5055ca,actual,OPS,"{""sum"": [""OBP"", ""SLG""]}",0.692457312
hitter,2026,OOPSY,p_17359d602cb142314bd90053,s_691d5bd5fb811a6c4d48dfdd,actual,OPS,"{""sum"": [""OBP"", ""SLG""]}",0.7706525660000001
hitter,2026,OOPSY,p_49284b363959e469c6d521d3,s_ba7d6a94ef907ea2089fc7c0,actual,OPS,"{""sum"": [""OBP"", ""SLG""]}",0.712786377
hitter,2026,OOPSY,p_e6a7e479765cf29ade93adc3,s_427cb24bff977495398e02b2,actual,OPS,"{""sum"": [""OBP"", ""SLG""]}",0.8048546539999999
hitter,2026,OOPSY,p_1bd7ec313c1b0c6a4e0beaa8,s_63c5003d2533eedf19a35c52,actual,OPS,"{""sum"": [""OBP"", ""SLG""]}",0.641034409
hitter,2026,OOPSY,p_8010bf50d9cac90da8bc9c88,s_0d72a36ae9032fa74bfa85cc,actual,OPS,"{""sum"": [""OBP"", ""SLG""]}",0.712519561
hitter,2026,OOPSY,p_b80059e715bc562d70fcb8af,s_038145d22e4d11ea98e7be8d,actual,OPS,"{""sum"": [""OBP"", ""SLG""]}",0.827176421
hitter,2026,OOPSY,p_c036f8c59b7723c46b54b8f3,s_7893a7154f69ed02a9ab538d,actual,OPS,"{""sum"": [""OBP"", ""SLG""]}",0.7659667800000001
hitter,2026,OOPSY,p_b66716f22ae6eba474aedf37,s_b9d682105b3e2b439d729d43,actual,OPS,"{""sum"": [""OBP"", ""SLG""]}",0.7758178490000001
hitter,2026,OOPSY,p_2d444cfa000f2def8872ded3,s_9c16eebddbcfd948df333497,actual,OPS,"{""sum"": [""OBP"", ""SLG""]}",0.716320953
hitter,2026,OOPSY,p_375a02679516c1818c1c1266,s_431cda4a24ab360034c9e98c,actual,OPS,"{""sum"": [""OBP"", ""SLG""]}",0.790176252
hitter,2026,OOPSY,p_9424207a305885854f7bcd07,s_497ab76219affc1a6a31591d,actual,OPS,"{""sum"": [""OBP"", ""SLG""]}",0.680750604
hitter,2026,OOPSY,p_1763c2274b61c3817b119898,s_4e0bf0210121f6e493a17647,actual,OPS,"{""sum"": [""OBP"", ""SLG""]}",0.570044708
hitter,2026,OOPSY,p_9837c9964fe5b2c7ce57160e,s_1233f9c2b4f90486b33fe0ae,actual,OPS,"{""sum"": [""OBP"", ""SLG""]}",0.635258849
hitter,2026,OOPSY,p_12ab82bfc52a6eb89981c8ef,s_0f8f5136e5b909e5c4b67df2,actual,OPS,"{""sum"": [""OBP"", ""SLG""]}",0.691849006
hitter,2026,OOPSY,p_71d39bbc0fefb4bfd7f4b968,s_b2aa86128beae11bc0333c59,actual,OPS,"{""sum"": [""OBP"", ""SLG""]}",0.6410256400000001
hitter,2026,OOPSY,p_3600755d96c052bc6d329493,s_e78626f3b9ce2e437bbec44d,actual,OPS,"{""sum"": [""OBP"", ""SLG""]}",0.609731704
hitter,2026,OOPSY,p_f00855fd10751f91f9838dac,s_1e57d7b0d6a55edf496a6b2d,actual,OPS,"{""sum"": [""OBP"", ""SLG""]}",0.676623376
hitter,2026,OOPSY,p_22206224451c3db51ac6d5b0,s_4e48cae020e44fe5e3523227,actual,OPS,"{""sum"": [""OBP"", ""SLG""]}",0.5992745989999999
hitter,2026,OOPSY,p_a280e0051deab38225ff5e85,s_ab90532fde6a937614c1d144,actual,OPS,"{""sum"": [""OBP"", ""SLG""]}",0.41888447900000003
hitter,2026,OOPSY,p_0eaaec37182495ecee4c0eba,s_83fe527145705fa61e0d5195,actual,OPS,"{""sum"": [""OBP"", ""SLG""]}",0.778195937
hitter,2026,OOPSY,p_3e3e2bbedd618c19b7401786,s_1b8cc3d27f91fb447413b2e6,actual,OPS,"{""sum"": [""OBP"", ""SLG""]}",0.671629358
hitter,2026,OOPSY,p_42767f2ef4cd11bba011e99d,s_6f44b12f54abf2ee6befe2d7,actual,OPS,"{""sum"": [""OBP"", ""SLG""]}",0.726542516
hitter,2026,OOPSY,p_8b4dd804140aaf9ec7e45949,s_a51226f41ef7194400a5b447,actual,OPS,"{""sum"": [""OBP"", ""SLG""]}",0.90139279
hitter,2026,OOPSY,p_26d4f21be7d206242e2e82ad,s_d6bb69740de33da604b3c948,actual,OPS,"{""sum"": [""OBP"", ""SLG""]}",0.787463884
hitter,2026,OOPSY,p_38d7241e29090de68e34bc2f,s_c4ec3143f6e9c93376e0f9ea,actual,OPS,"{""sum"": [""OBP"", ""SLG""]}",0.748098723
hitter,2026,OOPSY,p_16c8a61592460a4590a285cf,s_3d5d441e2d5b940a36e9c236,actual,OPS,"{""sum"": [""OBP"", ""SLG""]}",0.6366795350000001
hitter,2026,OOPSY,p_940fa05875c6ec92a4c0f82a,s_f7b4395651e85aa6ac05b454,actual,OPS,"{""sum"": [""OBP"", ""SLG""]}",0.626503033
hitter,2026,OOPSY,p_ffd040ba2a8510627669e8f3,s_15c0ed34e1c77afccfbc126e,actual,OPS,"{""sum"": [""OBP"", ""SLG""]}",0.7002499209999999
hitter,2026,OOPSY,p_6de35f5e278afdecbd404107,s_a054dd4e509828962e5fe608,actual,OPS,"{""sum"": [""OBP"", ""SLG""]}",0.662309367
hitter,2026,OOPSY,p_4f4c4807eced6c528cffe237,s_c7e46da9ce91604f4ff717b8,actual,OPS,"{""sum"": [""OBP"", ""SLG""]}",0.632855889
hitter,2026,OOPSY,p_965a6ea3817c304cc282796b,s_b0bb84b66d64a1c75b5fe205,actual,OPS,"{""sum"": [""OBP"", ""SLG""]}",0.653307765
hitter,2026,OOPSY,p_38223e84aa9c100b39331fcf,s_710e4a4d886e0025e85bf17e,actual,OPS,"{""sum"": [""OBP"", ""SLG""]}",0.6970088720000001
hitter,2026,OOPSY,p_b78289d1db7944d769d0fd0e,s_379e579dca7855efb79b28a3,actual,OPS,"{""sum"": [""OBP"", ""SLG""]}",0.722476212
hitter,2026,OOPSY,p_38ec0c549c03971eb5d0751e,s_f49d36f56e06a03928bea4d7,actual,OPS,"{""sum"": [""OBP"", ""SLG""]}",0.5775141180000001
hitter,2026,OOPSY,p_ce144ce9a8cc74bf957c8921,s_bf4f6cdb690c30d88102bf97,actual,OPS,"{""sum"": [""OBP"", ""SLG""]}",0.358712965
hitter,2026,OOPSY,p_2df0748ced386bc886f0bded,s_2fa1c6ba244fa86199d377db,actual,OPS,"{""sum"": [""OBP"", ""SLG""]}",0.728327645
hitter,2026,OOPSY,p_949685b5495cd6ed803f6057,s_9ac4b8dd3d040517b2152995,actual,OPS,"{""sum"": [""OBP"", ""SLG""]}",0.704844029
hitter,2026,OOPSY,p_453f6b5d6ed77a8cb0076130,s_b7b3942691d662d8506e29d5,actual,OPS,"{""sum"": [""OBP"", ""SLG""]}",0.604989604
hitter,2026,OOPSY,p_9135fc2468c32449f77b1f5b,s_5a8181c4bf097ddd32bc5610,actual,OPS,"{""sum"": [""OBP"", ""SLG""]}",0.556688764
hitter,2026,OOPSY,p_44532242db028a1dd74c936e,s_3922346918a1b09dcb7cd9d7,actual,OPS,"{""sum"": [""OBP"", ""SLG""]}",0.788858923
hitter,2026,OOPSY,p_54a176facbbf2b86f4773ac9,s_5e263bf77b4551ea8ba4f806,actual,OPS,"{""sum"": [""OBP"", ""SLG""]}",0.805775347
hitter,2026,OOPSY,p_f81e06f86a4750a02ca58853,s_e33a701d8e6142c31169ad11,actual,OPS,"{""sum"": [""OBP"", ""SLG""]}",0.6688556889999999
hitter,2026,OOPSY,p_e8f31649994a3e32ef11f822,s_9f9c5840f8f31ccc3c0d3c87,actual,OPS,"{""sum"": [""OBP"", ""SLG""]}",0.735765878
hitter,2026,OOPSY,p_c3256a07b8bac1f086784cc2,s_ba6390834c92e56603b7f77a,actual,OPS,"{""sum"": [""OBP"", ""SLG""]}",0.792267189
hitter,2026,OOPSY,p_34b3b6e9dd4f5cea6194f845,s_0b57632088fd06967765ed87,actual,OPS,"{""sum"": [""OBP"", ""SLG""]}",0.5099117719999999
hitter,2026,OOPSY,p_bbaf8d520b3e4b79303a4fa8,s_cbf49a948b3a442c1a01da28,actual,OPS,"{""sum"": [""OBP"", ""SLG""]}",0.726533088
hitter,2026,OOPSY,p_c347beb197dc45a63da2eb7d,s_58acad50037f40934c741ab0,actual,OPS,"{""sum"": [""OBP"", ""SLG""]}",0.770180379
hitter,2026,OOPSY,p_aed2fb7cd6c58e39a3e092f7,s_06003d2d3386d3cc94ff1618,actual,OPS,"{""sum"": [""OBP"", ""SLG""]}",0.680086624
hitter,2026,OOPSY,p_85bb7396ce2d4e28a61e72d7,s_bb5760acbf1969db5c2df2b3,actual,OPS,"{""sum"": [""OBP"", ""SLG""]}",0.624193548
hitter,2026,OOPSY,p_7a73d79a099a02d80efb70ee,s_4ca625dfb502be83499d6963,actual,OPS,"{""sum"": [""OBP"", ""SLG""]}",0.816010854
hitter,2026,OOPSY,p_ec46ba3925a24605aacacf22,s_b1508bcf02fe6875f1392f8a,actual,OPS,"{""sum"": [""OBP"", ""SLG""]}",0.654786511
hitter,2026,OOPSY,p_034871097292618cf33a0c4f,s_ef2bccfcb59f374a981fffd7,actual,OPS,"{""sum"": [""OBP"", ""SLG""]}",0.676674784
hitter,2026,OOPSY,p_5d01293e94a7585a67693fb0,s_00033bf5bc75fd80b50fef89,actual,OPS,"{""sum"": [""OBP"", ""SLG""]}",0.740408638
hitter,2026,OOPSY,p_926280ac4e44befa2c879505,s_5b96f505b4bf158dda90ed92,actual,OPS,"{""sum"": [""OBP"", ""SLG""]}",0.58753163
hitter,2026,OOPSY,p_aed415d87aa458c3f61f701a,s_ecbdfe586b89910de473f670,actual,OPS,"{""sum"": [""OBP"", ""SLG""]}",0.6910424589999999
hitter,2026,OOPSY,p_09c7619577ad30939383f6b8,s_d6c605feb790654c51846a91,actual,OPS,"{""sum"": [""OBP"", ""SLG""]}",0.370062369
hitter,2026,OOPSY,p_93e100e165a078d561fb564c,s_4937c4ba186294c928b363a2,actual,OPS,"{""sum"": [""OBP"", ""SLG""]}",0.819714135
hitter,2026,OOPSY,p_090a1d58e67cb527524b4184,s_6c05162fbf0d66f767b6a62e,actual,OPS,"{""sum"": [""OBP"", ""SLG""]}",0.7073170719999999
hitter,2026,OOPSY,p_0173b722ac4118ed6cdf2900,s_ee42876eee7b78abfb17752b,actual,OPS,"{""sum"": [""OBP"", ""SLG""]}",0.590645174
hitter,2026,OOPSY,p_10f1f74c96a473df3fdd40c8,s_03965ec8d5049f30b4b01392,actual,OPS,"{""sum"": [""OBP"", ""SLG""]}",0.662701427
hitter,2026,OOPSY,p_9688f2cceb46676f818de1b7,s_95454293e36f0817196c21bf,actual,OPS,"{""sum"": [""OBP"", ""SLG""]}",0.716744186
hitter,2026,OOPSY,p_8da5a98f5e436023740fed42,s_41f2b972ece426193bec3b37,actual,OPS,"{""sum"": [""OBP"", ""SLG""]}",0.579793854
hitter,2026,OOPSY,p_772e2bb69cabe6eda522882b,s_5322e46946a49b13a8364659,actual,OPS,"{""sum"": [""OBP"", ""SLG""]}",0.707145259
hitter,2026,OOPSY,p_afa3696617369fa9fd1578ef,s_cd4c9e26d98e4e9837104b72,actual,OPS,"{""sum"": [""OBP"", ""SLG""]}",0.581895777
hitter,2026,OOPSY,p_3a8dce49800801c45f47c67d,s_4ae6a5f495515a1f417a9fab,actual,OPS,"{""sum"": [""OBP"", ""SLG""]}",0.723141823
hitter,2026,OOPSY,p_a315a53749353a0cc7a5688d,s_46f362993717bb0ae1cfde62,actual,OPS,"{""sum"": [""OBP"", ""SLG""]}",0.6298183829999999
hitter,2026,OOPSY,p_1a2ff168ae4dee38f3f0da86,s_da061c2ab56dcd13e28a0ebb,actual,OPS,"{""sum"": [""OBP"", ""SLG""]}",0.684384903
hitter,2026,OOPSY,p_aee447a6c35dd53e48c4ca2f,s_ce42bdd4db220ab73bf9c4ca,actual,OPS,"{""sum"": [""OBP"", ""SLG""]}",0.7047619039999999
hitter,2026,OOPSY,p_982c7d30cba9f37d0babd910,s_999a232959632608c3272653,actual,OPS,"{""sum"": [""OBP"", ""SLG""]}",0.755161069
hitter,2026,OOPSY,p_7c7b46475a55fc9446621efc,s_b52afcd2b452c0e509ac6cdd,actual,OPS,"{""sum"": [""OBP"", ""SLG""]}",0.7243055549999999
hitter,2026,OOPSY,p_c05881c381976b5718259e6a,s_bfd37f582fd39bc286537836,actual,OPS,"{""sum"": [""OBP"", ""SLG""]}",0.6936843779999999
hitter,2026,OOPSY,p_5e0944f2a44bb662ff478989,s_0455fc7a7501ac15370e412a,actual,OPS,"{""sum"": [""OBP"", ""SLG""]}",0.5232823179999999
hitter,2026,OOPSY,p_72f8986dd2cfdf854e6d9496,s_d182470e0ef4e1cf5f8a85e6,actual,OPS,"{""sum"": [""OBP"", ""SLG""]}",0.7194483030000001
hitter,2026,OOPSY,p_983f337494dd44856c74ae94,s_5a99ee6a80e2b68ceeb1e716,actual,OPS,"{""sum"": [""OBP"", ""SLG""]}",0.6883249140000001
hitter,2026,OOPSY,p_7464a49665d3e2d5bd7d2c5d,s_599da7ca574a5dc4939c52a7,actual,OPS,"{""sum"": [""OBP"", ""SLG""]}",0.83417254
hitter,2026,OOPSY,p_9e7863714b0d9fb3f42de5fb,s_adc9817f1f116802e3d6873f,actual,OPS,"{""sum"": [""OBP"", ""SLG""]}",0.7577209540000001
hitter,2026,OOPSY,p_52fc31dada4e865b88f8ce42,s_895d43276dc591fcb28a76d0,actual,OPS,"{""sum"": [""OBP"", ""SLG""]}",0.834104458
hitter,2026,OOPSY,p_6ef9eb123a894da47938ad54,s_aee4cf07f46b93e35e49795a,actual,OPS,"{""sum"": [""OBP"", ""SLG""]}",0.680942148
hitter,2026,OOPSY,p_2b1fe08d244d5a40da442d74,s_a7610c01773cb2f51f33da36,actual,OPS,"{""sum"": [""OBP"", ""SLG""]}",0.709551056
hitter,2026,OOPSY,p_324d7824f4bfab517e2b6f94,s_a24004259d1e343080194682,actual,OPS,"{""sum"": [""OBP"", ""SLG""]}",0.549908352
hitter,2026,OOPSY,p_8653cdcc68d87c5feacb31a7,s_18d96bcb1b13dd0c2f0f85bb,actual,OPS,"{""sum"": [""OBP"", ""SLG""]}",0.6517877009999999
hitter,2026,OOPSY,p_73b12e6f36544a08a000f034,s_c0f9569bf30e51c410d6d9fc,actual,OPS,"{""sum"": [""OBP"", ""SLG""]}",0.554324384
hitter,2026,OOPSY,p_18f43dfd6af22a681f90df0a,s_470164b217b6f01b5a2ecfa9,actual,OPS,"{""sum"": [""OBP"", ""SLG""]}",0.540405421
hitter,2026,OOPSY,p_785195735e0fd0b05abaf802,s_89ad0a8aaa54762710a383c1,actual,OPS,"{""sum"": [""OBP"", ""SLG""]}",0.584608843
hitter,2026,OOPSY,p_ba07987ec3defa0be7df57c7,s_92dd2280f32a0c6b4f636f1d,actual,OPS,"{""sum"": [""OBP"", ""SLG""]}",0.7141480170000001
hitter,2026,OOPSY,p_d319b6b594701cbc5732b5b7,s_9c7077266687664aea76f443,actual,OPS,"{""sum"": [""OBP"", ""SLG""]}",0.7370377889999999
hitter,2026,OOPSY,p_08f6887f65d655a4a2baf9d5,s_4581fcf4cdf7bab5436ee465,actual,OPS,"{""sum"": [""OBP"", ""SLG""]}",0.679914161
hitter,2026,OOPSY,p_9f8e5fcf717acc70a142d6b8,s_e6e878c9a08b5bf2c8556872,actual,OPS,"{""sum"": [""OBP"", ""SLG""]}",0.8160973730000001
hitter,2026,OOPSY,p_a88d730b313818d432b74cc0,s_597a52f769502072f45c5101,actual,OPS,"{""sum"": [""OBP"", ""SLG""]}",0.809218231
hitter,2026,OOPSY,p_094352eb62dc9717947a5478,s_c3ad4de482b618e31511f410,actual,OPS,"{""sum"": [""OBP"", ""SLG""]}",0.544053923
hitter,2026,OOPSY,p_26c07dbedac1bda5bffc2c42,s_2577b381d37d5babd05f2194,actual,OPS,"{""sum"": [""OBP"", ""SLG""]}",0.7016174
hitter,2026,OOPSY,p_a878a24f2e648baf02c2be77,s_15495d7bfce976f8ef705c69,actual,OPS,"{""sum"": [""OBP"", ""SLG""]}",0.801326602
hitter,2026,OOPSY,p_039eacb0641753712ee33051,s_223257b50c43a2d669482b47,actual,OPS,"{""sum"": [""OBP"", ""SLG""]}",0.6618303569999999
hitter,2026,OOPSY,p_81fa67da8e4a65aba1f1942b,s_919fbe578f7013ec8d258076,actual,OPS,"{""sum"": [""OBP"", ""SLG""]}",0.820111625
hitter,2026,OOPSY,p_c430ce2c9239469707f293a7,s_2e42a7bf1ad03730a40ef773,actual,OPS,"{""sum"": [""OBP"", ""SLG""]}",0.795461364
hitter,2026,OOPSY,p_fd20bdc98b27520354fbe2ee,s_61e5c286091e4f58d54e7a43,actual,OPS,"{""sum"": [""OBP"", ""SLG""]}",0.593540371
hitter,2026,OOPSY,p_d14f14c4cba58cdb18431185,s_d45b6f4de66db5f65ceb561a,actual,OPS,"{""sum"": [""OBP"", ""SLG""]}",0.535665537
hitter,2026,OOPSY,p_34ccd8b501bbb85c38a690a6,s_d817e298f5cd6647cc989210,actual,OPS,"{""sum"": [""OBP"", ""SLG""]}",0.728298948
hitter,2026,OOPSY,p_4e8e0c6d9056e510d970d7d1,s_5d77fc69df6afb94dea94623,actual,OPS,"{""sum"": [""OBP"", ""SLG""]}",0.534139402
hitter,2026,OOPSY,p_7517d598bb2a03a162d6c6e1,s_5e8089cf358c462eb78350d4,actual,OPS,"{""sum"": [""OBP"", ""SLG""]}",0.71456867
hitter,2026,OOPSY,p_0073829d150626e88713a1af,s_66cd2e44fd69793fffc2be72,actual,OPS,"{""sum"": [""OBP"", ""SLG""]}",0.79317484
hitter,2026,OOPSY,p_36096c55ce20956d0ec5b16a,s_45d4944fd6c8bb8cec6ce536,actual,OPS,"{""sum"": [""OBP"", ""SLG""]}",0.537451737
hitter,2026,OOPSY,p_c4e9bd291c503b119d01518b,s_84e56b087e1a9912a383dab4,actual,OPS,"{""sum"": [""OBP"", ""SLG""]}",0.563183874
hitter,2026,OOPSY,p_b5dc590f86056ea0c359821b,s_02fb84060c44394e19c57232,actual,OPS,"{""sum"": [""OBP"", ""SLG""]}",0.7585218760000001
hitter,2026,OOPSY,p_bb37edd9c4e88b2c706112f0,s_25f3dca702f2f7a9082a4e0a,actual,OPS,"{""sum"": [""OBP"", ""SLG""]}",0.6148366489999999
hitter,2026,OOPSY,p_55ce304d590ded904d24a170,s_bb709282321b8f50dfaa58e9,actual,OPS,"{""sum"": [""OBP"", ""SLG""]}",0.636396011
hitter,2026,OOPSY,p_2b2e49a306624e102315f2b1,s_88ad25580b2ff21bd301f667,actual,OPS,"{""sum"": [""OBP"", ""SLG""]}",0.5278200820000001
hitter,2026,OOPSY,p_83161ed742ee108f5b6c36e3,s_923e63ebbe54c683ae9ba0d8,actual,OPS,"{""sum"": [""OBP"", ""SLG""]}",0.585581395
hitter,2026,OOPSY,p_c95555620c84e45ec151d87d,s_f58abb0ca1e171bf5d26637e,actual,OPS,"{""sum"": [""OBP"", ""SLG""]}",0.684848852
hitter,2026,OOPSY,p_65e7c0fa0d3cff8d1258c9b1,s_e45840de0dc1dce1d41d836d,actual,OPS,"{""sum"": [""OBP"", ""SLG""]}",0.641021456
hitter,2026,OOPSY,p_e8e72620b515143c411b2f82,s_7855ad69db4db3b6d8bcf20f,actual,OPS,"{""sum"": [""OBP"", ""SLG""]}",0.663559322
hitter,2026,OOPSY,p_3e65baa0e05437e8c0238e22,s_b386477faadef3f923df27d1,actual,OPS,"{""sum"": [""OBP"", ""SLG""]}",0.718936249
hitter,2026,OOPSY,p_43de269c43a2abc9eaaccc63,s_2a6abcb190dc075de3090a85,actual,OPS,"{""sum"": [""OBP"", ""SLG""]}",0.676148581
hitter,2026,OOPSY,p_195d3875e4a4e1c784bd1742,s_7b74044dbf72171df14c19ff,actual,OPS,"{""sum"": [""OBP"", ""SLG""]}",0.724754634
hitter,2026,OOPSY,p_cf40524b93abc8fb3a1e9f92,s_b6bc9760861b1bc5bee15990,actual,OPS,"{""sum"": [""OBP"", ""SLG""]}",0.541620421
hitter,2026,OOPSY,p_1bae5ba18fd609513c330eea,s_2b81451edc53e6bde896fa11,actual,OPS,"{""sum"": [""OBP"", ""SLG""]}",0.787884669
hitter,2026,OOPSY,p_b4a85484b1990f2d6f0bdfb3,s_824e68cf0cdadc88a1341df6,actual,OPS,"{""sum"": [""OBP"", ""SLG""]}",0.7119722369999999
hitter,2026,OOPSY,p_11f97a5b1f4aecc3b4f6f59e,s_7f8529e7650f1b5b2984b600,actual,OPS,"{""sum"": [""OBP"", ""SLG""]}",0.534941803
hitter,2026,OOPSY,p_211f7fb6c05e6db6c96fd034,s_abe7f2744fcca701e8306685,actual,OPS,"{""sum"": [""OBP"", ""SLG""]}",0.5806749609999999
hitter,2026,OOPSY,p_a90fbbe8cfc6dbd95768136c,s_6689119e7ab710430463f5b9,actual,OPS,"{""sum"": [""OBP"", ""SLG""]}",0.634044526
hitter,2026,OOPSY,p_7fdf70628f36e355ee189240,s_827e695891daf1c006bf841c,actual,OPS,"{""sum"": [""OBP"", ""SLG""]}",0.627939212
hitter,2026,OOPSY,p_a428e39a0003f8c0f9cc53fe,s_1b672346fb959efd4d67ce17,actual,OPS,"{""sum"": [""OBP"", ""SLG""]}",0.6161536679999999
hitter,2026,OOPSY,p_c83d352443086e7f53e8ec08,s_a57afc052e98f57dd7636d08,actual,OPS,"{""sum"": [""OBP"", ""SLG""]}",0.612407512
hitter,2026,OOPSY,p_c18d2ac39a45a469963266d6,s_b338e8c4cc72d336c196bc96,actual,OPS,"{""sum"": [""OBP"", ""SLG""]}",0.7878831820000001
hitter,2026,OOPSY,p_e7209053b03523d1b10b464b,s_d1000c636c8c2a6a5e7cdcd0,actual,OPS,"{""sum"": [""OBP"", ""SLG""]}",0.556305535
hitter,2026,OOPSY,p_21e21eee8205504dbb454499,s_cad22ccc008613a10f5c55bb,actual,OPS,"{""sum"": [""OBP"", ""SLG""]}",0.6642764459999999
hitter,2026,OOPSY,p_c8a9c9b6fba1a3672b307781,s_9bc69e02877be104442f0a41,actual,OPS,"{""sum"": [""OBP"", ""SLG""]}",0.553765454
hitter,2026,OOPSY,p_91133680e8e4cb762502f288,s_36d4055adfe0489a4a1dd97e,actual,OPS,"{""sum"": [""OBP"", ""SLG""]}",0.589758879
hitter,2026,OOPSY,p_dbcf019d453a408f7f5ea336,s_a7539dd249e87eb3c6ff8693,actual,OPS,"{""sum"": [""OBP"", ""SLG""]}",0.443743238
hitter,2026,OOPSY,p_64cd7f2056e556168afff712,s_5a6b79d6e2ac5c6ff94b7fab,actual,OPS,"{""sum"": [""OBP"", ""SLG""]}",0.571581195
hitter,2026,OOPSY,p_66ae1ff3d59748406c4525f6,s_e5ba0949de3491a70487cf13,actual,OPS,"{""sum"": [""OBP"", ""SLG""]}",0.739764788
hitter,2026,OOPSY,p_fdaca5aed6785adf29ede698,s_6a187ee1072fff88d76ed6db,actual,OPS,"{""sum"": [""OBP"", ""SLG""]}",0.7653318069999999
hitter,2026,OOPSY,p_621f18b50bbd645f504f79b7,s_1af6fa781742dbda57d89558,actual,OPS,"{""sum"": [""OBP"", ""SLG""]}",0.643636363
hitter,2026,OOPSY,p_cced76e05d34ab38cbd25725,s_9d93020eb076c4073fa455e8,actual,OPS,"{""sum"": [""OBP"", ""SLG""]}",0.682493397
hitter,2026,OOPSY,p_2724acfafc878fd4c34e93e8,s_318c0c2a469103ea83006ff2,actual,OPS,"{""sum"": [""OBP"", ""SLG""]}",0.6233391690000001
hitter,2026,OOPSY,p_4adfa388ddfc7eb8aab00551,s_85b921a01fa2b83bcdc44ab3,actual,OPS,"{""sum"": [""OBP"", ""SLG""]}",0.49008239100000006
hitter,2026,OOPSY,p_b3b7429144b65984ac116b64,s_0b52f59b487460f079e535a6,actual,OPS,"{""sum"": [""OBP"", ""SLG""]}",0.739126094
hitter,2026,OOPSY,p_6a6f47011a0fdf81335ada30,s_951e862f9328372e96c7f2f5,actual,OPS,"{""sum"": [""OBP"", ""SLG""]}",0.730791303
hitter,2026,OOPSY,p_cceba36110b2ebeda8120995,s_85568e62510890cafac24cf8,actual,OPS,"{""sum"": [""OBP"", ""SLG""]}",0.683974867
hitter,2026,OOPSY,p_ff3b072d82919b7204d60391,s_31eff0296daf01a6d36b490e,actual,OPS,"{""sum"": [""OBP"", ""SLG""]}",0.630451468
hitter,2026,OOPSY,p_6ebf619662ac32499ebc6ce8,s_6e7366f47d6c28f54331fe94,actual,OPS,"{""sum"": [""OBP"", ""SLG""]}",0.8458989219999999
hitter,2026,OOPSY,p_2a17e5c8d92f03d461fedc93,s_64d216b34ed9226c69f1ac44,actual,OPS,"{""sum"": [""OBP"", ""SLG""]}",0.6251049449999999
hitter,2026,OOPSY,p_886b7f89a26aadc1f2b85d10,s_206fd8749a3f4d0c8b72fee9,actual,OPS,"{""sum"": [""OBP"", ""SLG""]}",0.357894736
hitter,2026,OOPSY,p_e2a6b3fb9b9c46752f076393,s_171e9742ca71d62fd7f1cad8,actual,OPS,"{""sum"": [""OBP"", ""SLG""]}",0.7380617030000001
hitter,2026,OOPSY,p_e88e1048177b5e00fc6235b9,s_f478f3ffff75a679c37be3cd,actual,OPS,"{""sum"": [""OBP"", ""SLG""]}",0.768749149
hitter,2026,OOPSY,p_0e75fbd620b0cf48a4036da3,s_41f369599de5c05e549086e0,actual,OPS,"{""sum"": [""OBP"", ""SLG""]}",0.5747311820000001
hitter,2026,OOPSY,p_ebf512ad6b26ce1f2d1410e4,s_96df69ae05e47ece9890331a,actual,OPS,"{""sum"": [""OBP"", ""SLG""]}",0.6553516580000001
hitter,2026,OOPSY,p_99ee3cb3d56dcf9cf8790fe0,s_e7473b84aab7a4853ab1803e,actual,OPS,"{""sum"": [""OBP"", ""SLG""]}",0.873550085
hitter,2026,OOPSY,p_4f3bc1771b25a9ec0fcdd80c,s_8836bb8b9fd9f34faa23cf85,actual,OPS,"{""sum"": [""OBP"", ""SLG""]}",0.747866419
hitter,2026,OOPSY,p_aa63e6f4e2c3594645947528,s_bb1d8d7055104430781d6496,actual,OPS,"{""sum"": [""OBP"", ""SLG""]}",0.612480283
hitter,2026,OOPSY,p_83a60be2623269dba3d01184,s_588ad4d3d274ae3a6f323d49,actual,OPS,"{""sum"": [""OBP"", ""SLG""]}",0.465323464
hitter,2026,OOPSY,p_b0c1c14191ad2b5fe0bb6695,s_20045e48b10536e7d1146a9a,actual,OPS,"{""sum"": [""OBP"", ""SLG""]}",0.643067846
hitter,2026,OOPSY,p_ce641a5836f2731f583a85ae,s_588368199f59908c3424cb3c,actual,OPS,"{""sum"": [""OBP"", ""SLG""]}",0.66348323
hitter,2026,OOPSY,p_adc3e219b06829fd32bdcb26,s_d297f55a2eba6f1a36ae8b2c,actual,OPS,"{""sum"": [""OBP"", ""SLG""]}",0.7716878389999999
hitter,2026,OOPSY,p_c6e14bf6411d700d054a3e6b,s_19dab406e90993f92aed1e22,actual,OPS,"{""sum"": [""OBP"", ""SLG""]}",0.771313131
hitter,2026,OOPSY,p_aa6964498890afd992ade1fb,s_678b7a0b8138f189b0c5eb8e,actual,OPS,"{""sum"": [""OBP"", ""SLG""]}",0.68884997
hitter,2026,OOPSY,p_dc046f34bce4a57510ab0b8a,s_a69bd9de2a5131f88f1a3f75,actual,OPS,"{""sum"": [""OBP"", ""SLG""]}",0.827177619
hitter,2026,OOPSY,p_b6f53a611ef170f529b8703e,s_dc3bf1fcab8f849364c12996,actual,OPS,"{""sum"": [""OBP"", ""SLG""]}",0.509718669
hitter,2026,OOPSY,p_c976a3dfe9632ef04ef4ea03,s_07bb7d5d4811a9a1d486f961,actual,OPS,"{""sum"": [""OBP"", ""SLG""]}",0.757786219
hitter,2026,OOPSY,p_2a9fb5007e71f964ebc6bb63,s_84c13c17b21f0a1ebbb5f649,actual,OPS,"{""sum"": [""OBP"", ""SLG""]}",0.460671674
hitter,2026,OOPSY,p_88c22bc31ec398e84db3933a,s_1a07b5cd3aca5bcfa4132142,actual,OPS,"{""sum"": [""OBP"", ""SLG""]}",0.742195206
hitter,2026,OOPSY,p_3ee7d8b9c1b81790be270d8c,s_8a9b0d1294597c0588133fcf,actual,OPS,"{""sum"": [""OBP"", ""SLG""]}",0.47346938699999996
hitter,2026,OOPSY,p_e6af781faea0daa3f5e4bba5,s_16139d60e00017f70ecd8323,actual,OPS,"{""sum"": [""OBP"", ""SLG""]}",0.20234113599999998
hitter,2026,OOPSY,p_a7f09516df26f603d1594bdc,s_c6d81096eb80af80f5e239b4,actual,OPS,"{""sum"": [""OBP"", ""SLG""]}",0.5385654879999999
hitter,2026,OOPSY,p_6bbb672161e3bc25ba553ecb,s_b199f6aeb622a3c7136afbc4,actual,OPS,"{""sum"": [""OBP"", ""SLG""]}",0.649956107
hitter,2026,OOPSY,p_f1708b988b2fbb90aac09ff6,s_82a5e9e905de09ecbe0e2577,actual,OPS,"{""sum"": [""OBP"", ""SLG""]}",0.5520202009999999
hitter,2026,OOPSY,p_27d64d90ac45f1cc364cf11a,s_97627a57f7b4cca6a6808a06,actual,OPS,"{""sum"": [""OBP"", ""SLG""]}",0.378329127
hitter,2026,OOPSY,p_00a842b7a9c3feb99c5d2652,s_2f91c2290f73a6c929d052e2,actual,OPS,"{""sum"": [""OBP"", ""SLG""]}",0.571691176
hitter,2026,OOPSY,p_ce15e01e3def598ffdccc288,s_9a46e6fcbcbafa8141152fba,actual,OPS,"{""sum"": [""OBP"", ""SLG""]}",0.655311354
hitter,2026,OOPSY,p_cf9af48ba71d61a22e7caa41,s_870a8a45e9132ab95d7ebc86,actual,OPS,"{""sum"": [""OBP"", ""SLG""]}",0.759155264
hitter,2026,OOPSY,p_c5052dde404660cf9ce169d1,s_c4830873f7b09d0730d83574,actual,OPS,"{""sum"": [""OBP"", ""SLG""]}",0.7398384229999999
hitter,2026,OOPSY,p_8b3af4e00d6a58700b696caf,s_965eb02e272c91c6c171382d,actual,OPS,"{""sum"": [""OBP"", ""SLG""]}",0.474937343
hitter,2026,OOPSY,p_b73db0222a01efed9cd5d4f9,s_4a8957474da53d1aed14acba,actual,OPS,"{""sum"": [""OBP"", ""SLG""]}",0.693459313
hitter,2026,OOPSY,p_c9a6ab52f6f6bb93ad398b65,s_c504905ffba0245dea5d3ae7,actual,OPS,"{""sum"": [""OBP"", ""SLG""]}",0.651742993
hitter,2026,OOPSY,p_57d9c92fbb61c8c3106d0e53,s_652fdd1eba610f2dac7ec239,actual,OPS,"{""sum"": [""OBP"", ""SLG""]}",0.709343378
hitter,2026,OOPSY,p_f5b455280992f6c5f1c3155d,s_4db705dffa0a785f663aba73,actual,OPS,"{""sum"": [""OBP"", ""SLG""]}",0.840084387
hitter,2026,OOPSY,p_ab2f7e47e80d8a800e8a9a35,s_d9532bb3418a415afab2f090,actual,OPS,"{""sum"": [""OBP"", ""SLG""]}",0.619762047
hitter,2026,OOPSY,p_ea016158543cb834e392af83,s_ce994f604fde8faa96b23e21,actual,OPS,"{""sum"": [""OBP"", ""SLG""]}",0.646296295
hitter,2026,OOPSY,p_e68c177b707ba2989502b77c,s_1c7db0506bfdfd815c734d7f,actual,OPS,"{""sum"": [""OBP"", ""SLG""]}",0.7963785480000001
hitter,2026,OOPSY,p_aca63cd113ae58163f54b166,s_f2334e2b9dc172cb4d662964,actual,OPS,"{""sum"": [""OBP"", ""SLG""]}",0.715228856
hitter,2026,OOPSY,p_14e237b15421137a6441571c,s_02464d038333099f03de1bbe,actual,OPS,"{""sum"": [""OBP"", ""SLG""]}",0.44514106500000006
hitter,2026,OOPSY,p_d8586b85d7209c133f440fa4,s_db2b649836c8dbbd5351239c,actual,OPS,"{""sum"": [""OBP"", ""SLG""]}",0.301677269
hitter,2026,OOPSY,p_865383c42752b60074bbe4fe,s_516d5e9bd8c154eb49bded62,actual,OPS,"{""sum"": [""OBP"", ""SLG""]}",0.61119628
hitter,2026,OOPSY,p_7dcf529d38efe416819bc07e,s_f6490f1c3f27cea9888fce37,actual,OPS,"{""sum"": [""OBP"", ""SLG""]}",0.7609937250000001
hitter,2026,OOPSY,p_ed4a6ec9fe44d2dea82bc36f,s_433cda970d839d84d6218f47,actual,OPS,"{""sum"": [""OBP"", ""SLG""]}",0.611344537
hitter,2026,OOPSY,p_0d7067889926958f567a5660,s_c65c8a8da1649711151d3d13,actual,OPS,"{""sum"": [""OBP"", ""SLG""]}",0.652296156
hitter,2026,OOPSY,p_4d472121409dea6003a802a2,s_61d4e45a3e9ebe464705641d,actual,OPS,"{""sum"": [""OBP"", ""SLG""]}",0.6930000000000001
hitter,2026,OOPSY,p_cc4f8c9a25aeb6dbca4880d7,s_dc9dee7b3307863727720177,actual,OPS,"{""sum"": [""OBP"", ""SLG""]}",0.701847066
hitter,2026,OOPSY,p_a661022fd7a5d578c49f885e,s_b92d7d74182268831bea3519,actual,OPS,"{""sum"": [""OBP"", ""SLG""]}",0.228148148
hitter,2026,OOPSY,p_0b240f9198bdb842e485f0f2,s_095fb9333e77dbd0661ce520,actual,OPS,"{""sum"": [""OBP"", ""SLG""]}",0.39458413800000003
hitter,2026,OOPSY,p_81415780b2596ba686e39508,s_8b34e54588963cbad363fdc1,actual,OPS,"{""sum"": [""OBP"", ""SLG""]}",0.654033977
hitter,2026,OOPSY,p_8de157e0bca34bc106b6633d,s_620edcb20c5c26d9abe69c16,actual,OPS,"{""sum"": [""OBP"", ""SLG""]}",0.754835572
hitter,2026,OOPSY,p_1d811c6e48c551113658df8f,s_9e544045c55004cd458ee0a9,actual,OPS,"{""sum"": [""OBP"", ""SLG""]}",0.565099268
hitter,2026,OOPSY,p_a04a776d277aaef9a5c0a0c5,s_e360d86b4af2efe48a0574bb,actual,OPS,"{""sum"": [""OBP"", ""SLG""]}",0.69047619
hitter,2026,OOPSY,p_28cfa428998c91d14340466b,s_e30c048e85d6d26fec896d73,actual,OPS,"{""sum"": [""OBP"", ""SLG""]}",0.843239453
hitter,2026,OOPSY,p_d9207420d77623b50fd840b1,s_4b27556905f08cf362086e95,actual,OPS,"{""sum"": [""OBP"", ""SLG""]}",0.78393763
hitter,2026,OOPSY,p_3f6f6f23fc264051a9b180de,s_02aa493b0f122856c1d18bcf,actual,OPS,"{""sum"": [""OBP"", ""SLG""]}",0.7910339829999999
hitter,2026,OOPSY,p_3022da48fbdb4f93917ac8ff,s_f9c7dabdfade9617238d1c21,actual,OPS,"{""sum"": [""OBP"", ""SLG""]}",0.7210237049999999
hitter,2026,OOPSY,p_c8daa367e2a394e88a3a2b3a,s_19345d540e5094846fb9d78c,actual,OPS,"{""sum"": [""OBP"", ""SLG""]}",0.725743748
hitter,2026,OOPSY,p_086c084b7dde82d230f1974d,s_d805c0a4ff5139ffab9553ba,actual,OPS,"{""sum"": [""OBP"", ""SLG""]}",0.6082848439999999
hitter,2026,OOPSY,p_26715f7ed5db8556ff25aea4,s_4122707789e6dae6579fd59b,actual,OPS,"{""sum"": [""OBP"", ""SLG""]}",0.6554664139999999
hitter,2026,OOPSY,p_9d5a2c2ad1a5803de88379b4,s_ef56e8bf0b35cc2ab7754e0a,actual,OPS,"{""sum"": [""OBP"", ""SLG""]}",0.508426966
hitter,2026,OOPSY,p_ff7da0692023e81c73d988b1,s_e72b1fc6df5ef90d2bee2442,actual,OPS,"{""sum"": [""OBP"", ""SLG""]}",0.6824195449999999
hitter,2026,OOPSY,p_a2bf095f9201f07a43ff1926,s_2c12b241e107bd5a23dc65ce,actual,OPS,"{""sum"": [""OBP"", ""SLG""]}",0.699530516
hitter,2026,OOPSY,p_3349dec029f22a9da6c8acfd,s_73f94290b83601cfa3c42045,actual,OPS,"{""sum"": [""OBP"", ""SLG""]}",0.884901647
hitter,2026,OOPSY,p_f53b29c1e618b1122b53265b,s_ac792b97c89dc67373375e02,actual,OPS,"{""sum"": [""OBP"", ""SLG""]}",0.5910791
hitter,2026,OOPSY,p_23e0b260009583de186ff99f,s_f63269c1456fee200f222468,actual,OPS,"{""sum"": [""OBP"", ""SLG""]}",0.593501294
hitter,2026,OOPSY,p_65233ab523d0b1f99d98e44e,s_65e6bcdb113f0870465a762c,actual,OPS,"{""sum"": [""OBP"", ""SLG""]}",0.7104150419999999
hitter,2026,OOPSY,p_2a1e1f24a6ef2dcf68d5522c,s_e9a76e773ffc5dbafbcb7cef,actual,OPS,"{""sum"": [""OBP"", ""SLG""]}",0.629166666
hitter,2026,OOPSY,p_feda259d717109da756725de,s_c73b8a90ef053b7b8f5eef81,actual,OPS,"{""sum"": [""OBP"", ""SLG""]}",0.5908544520000001
hitter,2026,OOPSY,p_7ec5cf24f911a0a091451248,s_1f86073ba9f497076cd6a574,actual,OPS,"{""sum"": [""OBP"", ""SLG""]}",0.555873062
hitter,2026,OOPSY,p_2e25971727a7328447e20387,s_a836acaaefafa7ad476157ce,actual,OPS,"{""sum"": [""OBP"", ""SLG""]}",0.595664215
hitter,2026,OOPSY,p_72819b8f9817b33033d1b6a2,s_5204973820f196f0f40ecb7f,actual,OPS,"{""sum"": [""OBP"", ""SLG""]}",0.667092541
hitter,2026,OOPSY,p_1db0767c21e16dc27d7f56de,s_07e1611cd1ca90fccd68c6ab,actual,OPS,"{""sum"": [""OBP"", ""SLG""]}",0.6944420179999999
hitter,2026,OOPSY,p_6101e64b36cdbbeb0b252b54,s_5c519404a77226723991868d,actual,OPS,"{""sum"": [""OBP"", ""SLG""]}",0.3875
hitter,2026,OOPSY,p_b50c7faba421a14abbde4832,s_9a6b6dc5f0b07f835bcc08e3,actual,OPS,"{""sum"": [""OBP"", ""SLG""]}",0.49011857600000003
hitter,2026,OOPSY,p_546beacef1d2c43d81d75a4e,s_e940f7254ad9f31fa1faaa6d,actual,OPS,"{""sum"": [""OBP"", ""SLG""]}",0.56862745
hitter,2026,OOPSY,p_bab287670fa987eb0b917507,s_7ad921956489503d3faecbd0,actual,OPS,"{""sum"": [""OBP"", ""SLG""]}",0.606891579
hitter,2026,OOPSY,p_bc98648c6a6d04b33c536f08,s_91efe979c3f54c81c8585e1f,actual,OPS,"{""sum"": [""OBP"", ""SLG""]}",0.687121445
hitter,2026,OOPSY,p_8915f49b7744525cc044f1d9,s_a578c5b8c5e201b289de83a0,actual,OPS,"{""sum"": [""OBP"", ""SLG""]}",0.674946958
hitter,2026,OOPSY,p_4af00e3fa0b959847f3eac9e,s_7bb1eeb1caba03e97f7927d7,actual,OPS,"{""sum"": [""OBP"", ""SLG""]}",0.703887854
hitter,2026,OOPSY,p_a9f4f65f0a9b44dc90bff976,s_8dd1bd9428f187d9750dfe98,actual,OPS,"{""sum"": [""OBP"", ""SLG""]}",0.698742482
hitter,2026,OOPSY,p_4f3aaf23aa7dc9a15224e832,s_e745176828665a8a6aeff73a,actual,OPS,"{""sum"": [""OBP"", ""SLG""]}",0.746040889
hitter,2026,OOPSY,p_94c59daacd9df75ff2c1cc3e,s_8185130586e34bbd8661e285,actual,OPS,"{""sum"": [""OBP"", ""SLG""]}",0.766103814
hitter,2026,OOPSY,p_9c59d61635350a13a9c13013,s_689f2b64c35e3c90b16df6e9,actual,OPS,"{""sum"": [""OBP"", ""SLG""]}",0.6621739680000001
hitter,2026,OOPSY,p_56d916df39c8dfba62c80c88,s_ba137219fbcd0d34fb9c5758,actual,OPS,"{""sum"": [""OBP"", ""SLG""]}",0.2
hitter,2026,OOPSY,p_ee3cbab00101500b56bb8aa2,s_32b6df27e7470a166e3f7ddb,actual,OPS,"{""sum"": [""OBP"", ""SLG""]}",0.671733138
hitter,2026,OOPSY,p_e90065fd0aaec9bfa20b53bd,s_ba24c90da40dc4286cd0e204,actual,OPS,"{""sum"": [""OBP"", ""SLG""]}",0.5633289109999999
hitter,2026,OOPSY,p_a3174cf7ae27e035227413ca,s_0fca3f65362ae426d462cf1a,actual,OPS,"{""sum"": [""OBP"", ""SLG""]}",0.173913042
hitter,2026,OOPSY,p_8aedac04bf96afe7c557e68f,s_a304c1a9198f804c2ed47ae6,actual,OPS,"{""sum"": [""OBP"", ""SLG""]}",0.636795994
hitter,2026,OOPSY,p_f20437b72fe7159ab93a164b,s_7dfd9a26bd5ac99b58ad338b,actual,OPS,"{""sum"": [""OBP"", ""SLG""]}",0.582850447
hitter,2026,OOPSY,p_d570178e121f3df05edac8b9,s_64a79d7075874205d72f9fe2,actual,OPS,"{""sum"": [""OBP"", ""SLG""]}",0.6353893770000001
hitter,2026,OOPSY,p_f31d66f0ff014626cbbe58b6,s_41956a217fc38443e7fb3fe6,actual,OPS,"{""sum"": [""OBP"", ""SLG""]}",0.564735625
hitter,2026,OOPSY,p_f473d4f7c4bf84ef62cdf005,s_cfea907b5467e13c284fdb0d,actual,OPS,"{""sum"": [""OBP"", ""SLG""]}",0.559464206
hitter,2026,OOPSY,p_5908d1276c467b8673e9c5c2,s_018b6e6767f22922ca6f7775,actual,OPS,"{""sum"": [""OBP"", ""SLG""]}",0.733290867
hitter,2026,OOPSY,p_bf4b6d6a344e848bb99ebb0d,s_4db83981429e062786687566,actual,OPS,"{""sum"": [""OBP"", ""SLG""]}",0.703111111
hitter,2026,OOPSY,p_1bf803b8768936d90d2de00b,s_f627b3d295211c7666c506c4,actual,OPS,"{""sum"": [""OBP"", ""SLG""]}",0.632514771
hitter,2026,OOPSY,p_33a8f30b64fa485f170a7f38,s_02cc7528c18035c1f99defb3,actual,OPS,"{""sum"": [""OBP"", ""SLG""]}",0.714086758
hitter,2026,OOPSY,p_4acef52c25b5e9602e6d7849,s_75f9293a38baaa506a868f86,actual,OPS,"{""sum"": [""OBP"", ""SLG""]}",0.720147473
hitter,2026,OOPSY,p_818a939d2c013337a28d18f6,s_862247eb9a7f4581e84fc1a4,actual,OPS,"{""sum"": [""OBP"", ""SLG""]}",0.646053862
hitter,2026,OOPSY,p_1e99c8473b9ac124e44a47a7,s_11bf5d5ac4a05208a61b5520,actual,OPS,"{""sum"": [""OBP"", ""SLG""]}",0.5883797049999999
hitter,2026,OOPSY,p_981b2c7f83451c96f57a0b8f,s_e15f14c559bdc4769f27234b,actual,OPS,"{""sum"": [""OBP"", ""SLG""]}",0.42222222200000004
hitter,2026,OOPSY,p_c3db81d681439dff2231b5fd,s_c8c71e5caea646d5cea3cc49,actual,OPS,"{""sum"": [""OBP"", ""SLG""]}",0.864998177
hitter,2026,OOPSY,p_89ada5eacdc2c58a0bedad08,s_2860a094e56d244a5b96d341,actual,OPS,"{""sum"": [""OBP"", ""SLG""]}",0.8508292
hitter,2026,OOPSY,p_9b7e17333a014a8b6c192f64,s_ee4adcf8b851ad3038990d97,actual,OPS,"{""sum"": [""OBP"", ""SLG""]}",0.587186955
hitter,2026,OOPSY,p_c2bb9eee6ff9a8dfac3ffee7,s_8289bfe3888e83a7006f497d,actual,OPS,"{""sum"": [""OBP"", ""SLG""]}",0.911876075
hitter,2026,OOPSY,p_7d6df8c8a5a5f404c9b1c9d7,s_2f803c37abeb62f625e520a6,actual,OPS,"{""sum"": [""OBP"", ""SLG""]}",0.665404715
hitter,2026,OOPSY,p_0a45d2e3437ab412bcc70a45,s_34ea7511d56648b050018daf,actual,OPS,"{""sum"": [""OBP"", ""SLG""]}",0.525084745
hitter,2026,OOPSY,p_35208040ebe03471e689d700,s_f91e1bb0653c35952a734123,actual,OPS,"{""sum"": [""OBP"", ""SLG""]}",0.509523808
hitter,2026,OOPSY,p_67ec3f2da8b9029b41815808,s_7aa0abcd2bf75739f8ee154d,actual,OPS,"{""sum"": [""OBP"", ""SLG""]}",0.325
hitter,2026,OOPSY,p_6f0af86832f7dd869cd4835e,s_b7240594602fe15e5b9b3014,actual,OPS,"{""sum"": [""OBP"", ""SLG""]}",0.7440428720000001
hitter,2026,OOPSY,p_326393c50f1b10e14a5b1570,s_f20c1f7bbc95fa058aa39219,actual,OPS,"{""sum"": [""OBP"", ""SLG""]}",0.405882352
hitter,2026,OOPSY,p_5c8b0e2a4b0429d3d6458e79,s_6b552de3e720cd92c669f1b2,actual,OPS,"{""sum"": [""OBP"", ""SLG""]}",0.587733886
hitter,2026,OOPSY,p_0b1b7413f31673311ce952ef,s_33e3f25950a8bdaca1c0dac6,actual,OPS,"{""sum"": [""OBP"", ""SLG""]}",0.627460248
hitter,2026,OOPSY,p_5c21762346818604fbfcff71,s_29f7f8b6c05fadf4f744b3f4,actual,OPS,"{""sum"": [""OBP"", ""SLG""]}",0.76058587
hitter,2026,OOPSY,p_8d64e39982b70f86006ac025,s_4dbe10ce0a5781457ef23eaa,actual,OPS,"{""sum"": [""OBP"", ""SLG""]}",0.799844877
hitter,2026,OOPSY,p_f5d405fea4374fa2a900237a,s_7701c1c129ec9b8068741a1f,actual,OPS,"{""sum"": [""OBP"", ""SLG""]}",0.7464709190000001
hitter,2026,OOPSY,p_85aa2b0fe3e8fb526c91f73a,s_aa01908f328627087dd94790,actual,OPS,"{""sum"": [""OBP"", ""SLG""]}",0.632781228
hitter,2026,OOPSY,p_dc1b5f53ef5e0ed0bc3779e9,s_25c7cbc4a027578ad0232759,actual,OPS,"{""sum"": [""OBP"", ""SLG""]}",0.689482873
hitter,2026,OOPSY,p_18290ea252b0cc74d94bdd5e,s_2c2424c44a8d1e68dd58baa8,actual,OPS,"{""sum"": [""OBP"", ""SLG""]}",0.748262854
hitter,2026,OOPSY,p_8dd52397fe332c1adee839da,s_fa01b4b1b983b66ba91162d8,actual,OPS,"{""sum"": [""OBP"", ""SLG""]}",0.880323449
hitter,2026,OOPSY,p_713f11bb66125b24c64ef2d1,s_8c1c1f000bdc86f694145e37,actual,OPS,"{""sum"": [""OBP"", ""SLG""]}",0.6541666660000001
hitter,2026,OOPSY,p_a1e49d39df5862ee176ee61c,s_4499db0d1358225c48207083,actual,OPS,"{""sum"": [""OBP"", ""SLG""]}",0.285714284
hitter,2026,OOPSY,p_e46a5ca70e47df5f3556de95,s_ce85093fe8284b6456b906b2,actual,OPS,"{""sum"": [""OBP"", ""SLG""]}",0.682444625
hitter,2026,OOPSY,p_31f105a7eb4a7a950745899a,s_603cf4cb418319913bf6f73e,actual,OPS,"{""sum"": [""OBP"", ""SLG""]}",0.421818181
hitter,2026,OOPSY,p_d38e4086c48ab6c12634caef,s_8171eb7992ec4d50aac8d8fe,actual,OPS,"{""sum"": [""OBP"", ""SLG""]}",0.58715447
hitter,2026,OOPSY,p_bc815a9cb3945cd130b439a4,s_c3a7da4ca908078d7d744966,actual,OPS,"{""sum"": [""OBP"", ""SLG""]}",0.7658694340000001
hitter,2026,OOPSY,p_19d6f72431cccfd9decc553f,s_069a282d7f0080dfaac9d698,actual,OPS,"{""sum"": [""OBP"", ""SLG""]}",0.662577762
hitter,2026,OOPSY,p_f611f93f45e5de5bded63a02,s_a0271204ee9919478a89d9c1,actual,OPS,"{""sum"": [""OBP"", ""SLG""]}",0.704545454
hitter,2026,OOPSY,p_45fcf03395be58b0038593fc,s_bdf502981d798e2ae7bf32ff,actual,OPS,"{""sum"": [""OBP"", ""SLG""]}",0.529093799
hitter,2026,OOPSY,p_bbbddf0d3123eb1859b1cc44,s_de2713399b03f77231b3f6f3,actual,OPS,"{""sum"": [""OBP"", ""SLG""]}",0.72404092
hitter,2026,OOPSY,p_31b75a6620ad0e384f24ca3c,s_8e5e2689d93061ee005de799,actual,OPS,"{""sum"": [""OBP"", ""SLG""]}",0.0
hitter,2026,OOPSY,p_a9df6f726497e038fd9738c8,s_128b619885334df4c664f218,actual,OPS,"{""sum"": [""OBP"", ""SLG""]}",0.653059499
hitter,2026,OOPSY,p_13a0406d87d64c05a481a481,s_373a8bf2e9ccb05d9f03bc3f,actual,OPS,"{""sum"": [""OBP"", ""SLG""]}",0.606060605
hitter,2026,OOPSY,p_ca9cb370432f3712d1a35d7f,s_c87f87f29c93bdb240dae5f0,actual,OPS,"{""sum"": [""OBP"", ""SLG""]}",0.537382405
hitter,2026,OOPSY,p_6df89ef6e838a7bd064ba0fe,s_b4402e66cedeeb4197eb47a7,actual,OPS,"{""sum"": [""OBP"", ""SLG""]}",0.650663129
hitter,2026,OOPSY,p_8cae94e12aa44504af05eaac,s_1df387a26166b77946fa17f1,actual,OPS,"{""sum"": [""OBP"", ""SLG""]}",0.555546111
hitter,2026,OOPSY,p_4f3e35cf2175d726c57ef9c5,s_65d5562f58e0ee762447d4ef,actual,OPS,"{""sum"": [""OBP"", ""SLG""]}",0.625898692
hitter,2026,OOPSY,p_35ca8c7859bc827d0c712aa3,s_b7cd355f3fdd8642f419d3ec,actual,OPS,"{""sum"": [""OBP"", ""SLG""]}",0.85831537
hitter,2026,OOPSY,p_77f5711fe36ce10120f5001c,s_623a3e739f706d97263401ed,actual,OPS,"{""sum"": [""OBP"", ""SLG""]}",0.7411613880000001
hitter,2026,OOPSY,p_45081ba883aae98afdbde4b5,s_1d966de7ce4a95fb017d23c8,actual,OPS,"{""sum"": [""OBP"", ""SLG""]}",0.749871066
hitter,2026,OOPSY,p_834bb635031b8e62a403a8ec,s_5c360082d8cf16a5e599fb1e,actual,OPS,"{""sum"": [""OBP"", ""SLG""]}",0.585858585
hitter,2026,OOPSY,p_38f8a04f9f47cc23c7f6f886,s_2b61cf7d3c441f0b7d56ca1b,actual,OPS,"{""sum"": [""OBP"", ""SLG""]}",0.487961476
hitter,2026,OOPSY,p_101659267800d1c0aa1341e5,s_82e733e890fa2ca6cf334517,actual,OPS,"{""sum"": [""OBP"", ""SLG""]}",0.451388888
hitter,2026,OOPSY,p_f2aecc6efea41e1a036f128e,s_6c7e691c62868b338ed3ad38,actual,OPS,"{""sum"": [""OBP"", ""SLG""]}",0.686335402
hitter,2026,OOPSY,p_43edd76b977a3e8af976bc83,s_2db276d6f6ee945c65fab90b,actual,OPS,"{""sum"": [""OBP"", ""SLG""]}",0.7122132240000001
hitter,2026,OOPSY,p_22b6fa88bcf87875dcb06f80,s_0cfb06d93ebe1157e3473e80,actual,OPS,"{""sum"": [""OBP"", ""SLG""]}",0.535294117
hitter,2026,OOPSY,p_2aa6427157e8b5b3a521d437,s_8eb18a3e1b542285698f9b97,actual,OPS,"{""sum"": [""OBP"", ""SLG""]}",0.801587301
hitter,2026,OOPSY,p_15f8ccf8a612332d83edbab5,s_f393b38ac9b3a6d38b98d3c2,actual,OPS,"{""sum"": [""OBP"", ""SLG""]}",0.727554178
hitter,2026,OOPSY,p_b48a95e5e1067a48dd41f230,s_d624d74af98463682d2f8796,actual,OPS,"{""sum"": [""OBP"", ""SLG""]}",0.560441909
hitter,2026,OOPSY,p_f24a8cfc5f92047e5da64ebc,s_1ad865865bbd6341b1c8e858,actual,OPS,"{""sum"": [""OBP"", ""SLG""]}",0.739529914
hitter,2026,OOPSY,p_a0e7bd6274c02cb716fec97c,s_f16e31813a8c8d147fff7f93,actual,OPS,"{""sum"": [""OBP"", ""SLG""]}",0.562428064
hitter,2026,OOPSY,p_e06142149e0a8bcabc0b3250,s_b234f498f899a8af842cae33,actual,OPS,"{""sum"": [""OBP"", ""SLG""]}",0.6772145460000001
hitter,2026,OOPSY,p_53a8f92fc16f0dcdbdc4628d,s_6fe9c341a424a6f9836efbe9,actual,OPS,"{""sum"": [""OBP"", ""SLG""]}",0.8436298369999999
hitter,2026,OOPSY,p_254301c22a8f177b0963ac8b,s_fc8ecad7d97ed3dbd48ad2c1,actual,OPS,"{""sum"": [""OBP"", ""SLG""]}",0.49971639199999995
hitter,2026,OOPSY,p_cf3f4ae3890e2254a92338d9,s_72d9e290b1e31b3d732f78f4,actual,OPS,"{""sum"": [""OBP"", ""SLG""]}",0.664308176
hitter,2026,OOPSY,p_780c8c603f85a04c341a9865,s_9dfc2d277d3c4f88d3ef0a64,actual,OPS,"{""sum"": [""OBP"", ""SLG""]}",0.802803128
hitter,2026,OOPSY,p_c58578964d78032e94fe81f7,s_064ee1e7dd20eb5a9089142a,actual,OPS,"{""sum"": [""OBP"", ""SLG""]}",0.851063828
hitter,2026,OOPSY,p_1953b3d3af65d23444c515f1,s_bdea59de75f0a577fe976704,actual,OPS,"{""sum"": [""OBP"", ""SLG""]}",0.741618773
hitter,2026,OOPSY,p_fbad84c715ce640fa8e017a1,s_01924d503067f35243c941f9,actual,OPS,"{""sum"": [""OBP"", ""SLG""]}",0.56
hitter,2026,OOPSY,p_37ddf22e72b2be2d0fd472a1,s_2881b64673f8978100182d86,actual,OPS,"{""sum"": [""OBP"", ""SLG""]}",0.615882966
hitter,2026,OOPSY,p_8c7de7887df872fd24da0771,s_2a7bdefbc911c75b8a013c77,actual,OPS,"{""sum"": [""OBP"", ""SLG""]}",0.637569603
hitter,2026,OOPSY,p_c1cd83784b034e2f932fceba,s_d2e8302b073a90fc6343540d,actual,OPS,"{""sum"": [""OBP"", ""SLG""]}",0.650862068
hitter,2026,OOPSY,p_5220a50fb38e3439e1b6f5f6,s_5659108e399ce70ccb9a388f,actual,OPS,"{""sum"": [""OBP"", ""SLG""]}",0.623015872
hitter,2026,OOPSY,p_8cf4729b5b1e0f175ee82c32,s_e6d8508b3936aa62f1b6e617,actual,OPS,"{""sum"": [""OBP"", ""SLG""]}",0.565302143
hitter,2026,OOPSY,p_070e96f6f1ea057c6fff0a7d,s_2afb2f7025504fb735e2833e,actual,OPS,"{""sum"": [""OBP"", ""SLG""]}",0.670833333
hitter,2026,OOPSY,p_77f3f7b47430b887529000fa,s_6a0e6189e0989daa9be830a8,actual,OPS,"{""sum"": [""OBP"", ""SLG""]}",0.657993362
hitter,2026,OOPSY,p_095d65b80762b3662a2707e2,s_f9c31a304b9693bef375eb0e,actual,OPS,"{""sum"": [""OBP"", ""SLG""]}",0.707936507
hitter,2026,OOPSY,p_991e8f54fb99c8fcf81d21a6,s_8f2b279fdb3bbab0aab5b167,actual,OPS,"{""sum"": [""OBP"", ""SLG""]}",0.282828282
hitter,2026,OOPSY,p_19278a584fbb4c0f71a14548,s_f5139e7a56d4e0f3610ea533,actual,OPS,"{""sum"": [""OBP"", ""SLG""]}",0.6944444439999999
hitter,2026,OOPSY,p_3c460b6a52cddaebe4d7306c,s_48b50ac6913929f8b016462d,actual,OPS,"{""sum"": [""OBP"", ""SLG""]}",0.675004104
hitter,2026,OOPSY,p_cbffbbb4c72ea67a36c0ee2f,s_7b5b6f7765b7a775bdddf5e2,actual,OPS,"{""sum"": [""OBP"", ""SLG""]}",0.6260775860000001
hitter,2026,OOPSY,p_79533d36604898f85009f47a,s_6028a04881a63e1803ba6134,actual,OPS,"{""sum"": [""OBP"", ""SLG""]}",0.600924244
hitter,2026,OOPSY,p_d0a7a0ab49fd4a4d780fe1a3,s_37784dc50072902c19f4d216,actual,OPS,"{""sum"": [""OBP"", ""SLG""]}",0.522727272
hitter,2026,OOPSY,p_1231a92e2be431286faefb7e,s_215eb75b9e7e6d7810435197,actual,OPS,"{""sum"": [""OBP"", ""SLG""]}",0.664315108
hitter,2026,OOPSY,p_0747e0152f1a05570f2a4321,s_cbc4fe1663bb8e1f31bcf1a3,actual,OPS,"{""sum"": [""OBP"", ""SLG""]}",0.6457142849999999
hitter,2026,OOPSY,p_5d91804b58327ff29191ed0f,s_ee6e8cf9c9c6d460bf7ef533,actual,OPS,"{""sum"": [""OBP"", ""SLG""]}",0.589031053
hitter,2026,OOPSY,p_4d4c6c49b9e53cf5eea7989d,s_7912073d937fa827dcca662d,actual,OPS,"{""sum"": [""OBP"", ""SLG""]}",0.5333333330000001
hitter,2026,OOPSY,p_fcdc1e9000395bc51889594d,s_1295111b3bc59de92a58b5a3,actual,OPS,"{""sum"": [""OBP"", ""SLG""]}",0.529336297
hitter,2026,OOPSY,p_3b4b903bf0ec409efa7f7c4b,s_428d48da266ebabe901dc4c2,actual,OPS,"{""sum"": [""OBP"", ""SLG""]}",0.47368420899999997
hitter,2026,OOPSY,p_89c17b1b7984d5edf458e9aa,s_e8f08c0bdd2158407f37d620,actual,OPS,"{""sum"": [""OBP"", ""SLG""]}",0.42857142800000003
hitter,2026,OOPSY,p_a9f11a14f1185208b713d075,s_8b500b8bca5e1e86dcfb51bc,actual,OPS,"{""sum"": [""OBP"", ""SLG""]}",0.639835939
hitter,2026,OOPSY,p_635860f92d6161a5d5346c31,s_e166b25de86a8b3725e2f771,actual,OPS,"{""sum"": [""OBP"", ""SLG""]}",0.838624338
hitter,2026,OOPSY,p_c6ac3aa8bb1da5cdad4a2ee9,s_8331111aa8b7ca43f3adef1c,actual,OPS,"{""sum"": [""OBP"", ""SLG""]}",0.488304092
hitter,2026,OOPSY,p_35c1c2bb04c06adf52bae69a,s_af3593ecedea06d8f3695138,actual,OPS,"{""sum"": [""OBP"", ""SLG""]}",0.257575756
hitter,2026,OOPSY,p_59d35620f5a758b99595238e,s_4fbe2ed8e7a28ab82b863e0b,actual,OPS,"{""sum"": [""OBP"", ""SLG""]}",0.353266887
hitter,2026,OOPSY,p_186ced07377f7a0aad91a0e7,s_cfc22c44d3654bd70cfc9341,actual,OPS,"{""sum"": [""OBP"", ""SLG""]}",0.438095238
hitter,2026,OOPSY,p_4b2704efc123de9d4cd81b10,s_e40ca5e28979b5206c4d9658,actual,OPS,"{""sum"": [""OBP"", ""SLG""]}",0.7877777770000001
hitter,2026,OOPSY,p_b6929f210270f100a8a18646,s_2f181a3f70918a142e5f9745,actual,OPS,"{""sum"": [""OBP"", ""SLG""]}",0.6798941789999999
hitter,2026,OOPSY,p_d18686fb38704415e5f45eff,s_5661481e428ce075f87bb6e9,actual,OPS,"{""sum"": [""OBP"", ""SLG""]}",0.643664383
hitter,2026,OOPSY,p_0f5fec6751f402c6ddda3df4,s_dd8999cb76a042a954226c29,actual,OPS,"{""sum"": [""OBP"", ""SLG""]}",0.0
hitter,2026,OOPSY,p_c2215c37439fe2db6d555fe3,s_2b599258b9211834e63a0f6f,actual,OPS,"{""sum"": [""OBP"", ""SLG""]}",0.37037037
hitter,2026,OOPSY,p_8ac4131037b4b28af86c78e0,s_5138124bd6d39fcd7926f88b,actual,OPS,"{""sum"": [""OBP"", ""SLG""]}",0.6724925509999999
hitter,2026,OOPSY,p_56922133a900e974099c393f,s_159db184de90e88860de5529,actual,OPS,"{""sum"": [""OBP"", ""SLG""]}",0.342857142
hitter,2026,OOPSY,p_cf91f13f6ce397f916b3b1e9,s_a75063df6a82a1419c7251d0,actual,OPS,"{""sum"": [""OBP"", ""SLG""]}",0.166666666
hitter,2026,OOPSY,p_bfcf51965827d7e88c899918,s_fa7b66fabec8e30d9564442b,actual,OPS,"{""sum"": [""OBP"", ""SLG""]}",0.602678571
hitter,2026,OOPSY,p_0d749ef06cfb038def92d34a,s_878afbffc00d3ad44f15cc0d,actual,OPS,"{""sum"": [""OBP"", ""SLG""]}",0.652098963
hitter,2026,OOPSY,p_32091c9f78fec4451a11d54a,s_ff36b8d5d000a655136f257c,actual,OPS,"{""sum"": [""OBP"", ""SLG""]}",0.773826584
hitter,2026,OOPSY,p_e4142bee5a73201f7c2c7768,s_e298110259faf543da027e84,actual,OPS,"{""sum"": [""OBP"", ""SLG""]}",0.599432765
hitter,2026,OOPSY,p_490b99b6246189b45cb09967,s_601e3f0ac61b0d9aa370fb6f,actual,OPS,"{""sum"": [""OBP"", ""SLG""]}",0.433687002
hitter,2026,OOPSY,p_7a771f940265ce924e0fecee,s_c510d3cc13187b21c22baba3,actual,OPS,"{""sum"": [""OBP"", ""SLG""]}",0.816428249
hitter,2026,OOPSY,p_e5347f57c079821ded2c546d,s_8770cfb51743159365391fae,actual,OPS,"{""sum"": [""OBP"", ""SLG""]}",0.669764144
hitter,2026,OOPSY,p_26002612e707aa2b52e7ccf5,s_b7c431a30a67b74dd9307d9e,actual,OPS,"{""sum"": [""OBP"", ""SLG""]}",1.015220957
hitter,2026,OOPSY,p_d074168cad7665ea1260b2c7,s_c6cc82916f1abdd1480bb65d,actual,OPS,"{""sum"": [""OBP"", ""SLG""]}",0.664685314
hitter,2026,OOPSY,p_79aaf719317a8e1c19d2d0f1,s_9a75497c336375255ba8c331,actual,OPS,"{""sum"": [""OBP"", ""SLG""]}",0.7378787870000001
hitter,2026,OOPSY,p_5414b6c5930f1355f0fa7315,s_8e3ccd0e014fefa7bd1486f3,actual,OPS,"{""sum"": [""OBP"", ""SLG""]}",0.905454545
hitter,2026,OOPSY,p_35ea903190fa5395379479ac,s_8e6ce21269f74b8fb788c170,actual,OPS,"{""sum"": [""OBP"", ""SLG""]}",0.7274853800000001
hitter,2026,OOPSY,p_91a8efd7718ac0df6183f487,s_bdc6998541582b8dfc23b452,actual,OPS,"{""sum"": [""OBP"", ""SLG""]}",0.8231114429999999
hitter,2026,OOPSY,p_e7a6da04b2b0c84531277f57,s_062ad1c293f4dd801996a70e,actual,OPS,"{""sum"": [""OBP"", ""SLG""]}",0.586241441
hitter,2026,OOPSY,p_b139e8487e432f0b072c3239,s_1a04f6ee0f0f86e0def1a1de,actual,OPS,"{""sum"": [""OBP"", ""SLG""]}",0.569540229
hitter,2026,OOPSY,p_39c3a5a861907112a018268e,s_b9865cebd9f8ed0d15017c77,actual,OPS,"{""sum"": [""OBP"", ""SLG""]}",0.746556473
hitter,2026,OOPSY,p_b30c41d7e4aaa89dc18b6ca8,s_154098f88e29263a8078d33b,actual,OPS,"{""sum"": [""OBP"", ""SLG""]}",0.758980784
hitter,2026,OOPSY,p_e4c0ca3fb703744e742784cc,s_5cf626e1aef4890055109089,actual,OPS,"{""sum"": [""OBP"", ""SLG""]}",0.772727272
hitter,2026,OOPSY,p_2a76dfb64033dfefb079ac19,s_62ce34ef94aaeb051635d41f,actual,OPS,"{""sum"": [""OBP"", ""SLG""]}",0.5
hitter,2026,OOPSY,p_0223f9d06027dad935426645,s_ae0c55d61787888f2c16a018,actual,OPS,"{""sum"": [""OBP"", ""SLG""]}",0.433489827
hitter,2026,OOPSY,p_55908c06ceed1ceaa47e0f08,s_52b713f3f5fe2c4dfcc595cb,actual,OPS,"{""sum"": [""OBP"", ""SLG""]}",0.722807813
hitter,2026,OOPSY,p_3431db6bc64346182f4c4a42,s_34437905281ee8d78598b0c8,actual,OPS,"{""sum"": [""OBP"", ""SLG""]}",0.787878787
hitter,2026,OOPSY,p_632be5a85ab2629b9c998c54,s_213e40a3fcad3eca8d7f73fb,actual,OPS,"{""sum"": [""OBP"", ""SLG""]}",0.726849002
hitter,2026,OOPSY,p_d90ce2fb851e2bc7239d02d9,s_a8a41531a1dd46b065c0f2a3,actual,OPS,"{""sum"": [""OBP"", ""SLG""]}",0.5942637479999999
hitter,2026,OOPSY,p_636f8beec21f12b4609261c2,s_7821b0be6c1950b219407310,actual,OPS,"{""sum"": [""OBP"", ""SLG""]}",0.604645353
hitter,2026,OOPSY,p_84ee5c6d0b640ce81aad4a86,s_ccefc3bf647354af75975ae3,actual,OPS,"{""sum"": [""OBP"", ""SLG""]}",0.601469775
hitter,2026,OOPSY,p_d1e856cae4d07f9a6c4fe1e2,s_08fffd8fe11c11394b2d6683,actual,OPS,"{""sum"": [""OBP"", ""SLG""]}",0.466666666
hitter,2026,OOPSY,p_199535b70f1ae186aeb637be,s_94950803601649c659507363,actual,OPS,"{""sum"": [""OBP"", ""SLG""]}",0.734924519
hitter,2026,OOPSY,p_4aeaa89aaf113965fc970e37,s_a1179a911f44e9cbeab1d1c4,actual,OPS,"{""sum"": [""OBP"", ""SLG""]}",0.687680148
hitter,2026,OOPSY,p_755efb1b178e88a9fe42fc92,s_5e6ccba39b640b32df481673,actual,OPS,"{""sum"": [""OBP"", ""SLG""]}",0.36792698700000004
hitter,2026,OOPSY,p_6d5e6f96a80b579eb717cb0a,s_60a62c70d47b2c73806e2ada,actual,OPS,"{""sum"": [""OBP"", ""SLG""]}",0.0
hitter,2026,OOPSY,p_ea8077204c612c6affa6d1cf,s_30bdfbf4cb2e6116a4222e8d,actual,OPS,"{""sum"": [""OBP"", ""SLG""]}",0.52710027
hitter,2026,OOPSY,p_f5762196b1a003b903a92174,s_40810a569823666aba420e9b,actual,OPS,"{""sum"": [""OBP"", ""SLG""]}",0.679459064
hitter,2026,OOPSY,p_08300de2db166bc79fc9aa55,s_3fddf908932773b1787e69dc,actual,OPS,"{""sum"": [""OBP"", ""SLG""]}",0.602678571
hitter,2026,OOPSY,p_b6baeecf55771a09c7e847cc,s_9db5f68f17abaa3c72f485ee,actual,OPS,"{""sum"": [""OBP"", ""SLG""]}",0.234143049
hitter,2026,OOPSY,p_b876419663159edfa11af0a0,s_3e608999a5458491838d507d,actual,OPS,"{""sum"": [""OBP"", ""SLG""]}",0.797429619
hitter,2026,OOPSY,p_f7f3d9dc136d46fb8aa6ae65,s_2977a5dccf612c46f613021b,actual,OPS,"{""sum"": [""OBP"", ""SLG""]}",0.34722222199999997
hitter,2026,OOPSY,p_43458b1ca56bfc78e5851984,s_121ee1e82d6bc51cb75fafef,actual,OPS,"{""sum"": [""OBP"", ""SLG""]}",0.5
hitter,2026,OOPSY,p_213ee8a68e18e3674db206f3,s_43797d6561b7848b6d3cc3e5,actual,OPS,"{""sum"": [""OBP"", ""SLG""]}",1.0
hitter,2026,OOPSY,p_65ee6b89f5da180d967907df,s_0d6a781a581b979394e32539,actual,OPS,"{""sum"": [""OBP"", ""SLG""]}",0.824795416
hitter,2026,OOPSY,p_e3e72bfb6402dc5860959650,s_c812c6a7f1e5dc14a8ee3fb0,actual,OPS,"{""sum"": [""OBP"", ""SLG""]}",0.688499905
hitter,2026,OOPSY,p_97cc4865db22aadc4ce7f639,s_cd63579dbc88cc84a5550f15,actual,OPS,"{""sum"": [""OBP"", ""SLG""]}",1.125
hitter,2026,OOPSY,p_ac57765bdbb3034bbc1f2b61,s_97da0249007785cedcfd4d70,actual,OPS,"{""sum"": [""OBP"", ""SLG""]}",0.83829221
hitter,2026,OOPSY,p_c1d6d30afc2b3b0e5d39410e,s_6a724bdae63d79aac07a25fa,actual,OPS,"{""sum"": [""OBP"", ""SLG""]}",0.6339417119999999
hitter,2026,OOPSY,p_a7294d5184e485ad8b842ac1,s_76c068478cc8df39c6a6c7f5,actual,OPS,"{""sum"": [""OBP"", ""SLG""]}",0.285714284
hitter,2026,OOPSY,p_734724174f1233575d37ef2a,s_94aad34dc9b0686f450b8e65,actual,OPS,"{""sum"": [""OBP"", ""SLG""]}",0.762170542
hitter,2026,OOPSY,p_def17f3e4bab01c04d8516d6,s_7aeb01c6ffad7459cc9caf9e,actual,OPS,"{""sum"": [""OBP"", ""SLG""]}",0.633179722
hitter,2026,OOPSY,p_8c09e1c36be92f786ea325b3,s_99e2e3bf11563d3c4eadf150,actual,OPS,"{""sum"": [""OBP"", ""SLG""]}",0.76642036
hitter,2026,OOPSY,p_e0dbb91bd2e32213a45c6e31,s_99729b89cab38057da19598b,actual,OPS,"{""sum"": [""OBP"", ""SLG""]}",0.721287393
hitter,2026,OOPSY,p_3963cee6c1170c337b8adcd1,s_9af8bf4427b73d036aadad02,actual,OPS,"{""sum"": [""OBP"", ""SLG""]}",0.7636303170000001
hitter,2026,OOPSY,p_e31a02c7200bf0328e804bf5,s_e1a95392f320f845cc6ae0eb,actual,OPS,"{""sum"": [""OBP"", ""SLG""]}",0.30357142800000003
hitter,2026,OOPSY,p_bf240404aa72823a399fdaf6,s_e7ce6be481f7e22d73ed9ecf,actual,OPS,"{""sum"": [""OBP"", ""SLG""]}",0.699917279
hitter,2026,OOPSY,p_b78eec4ced930563501cf95a,s_973e56b52f11cd5b78bb6793,actual,OPS,"{""sum"": [""OBP"", ""SLG""]}",0.328877004
hitter,2026,OOPSY,p_bdbf707b4334fb1819a9090e,s_89e17959741ead62812356e3,actual,OPS,"{""sum"": [""OBP"", ""SLG""]}",0.798408487
hitter,2026,OOPSY,p_d95ae5bc4b628d992466bdfe,s_c5d48966cb8adc0e1ef803b2,actual,OPS,"{""sum"": [""OBP"", ""SLG""]}",0.585365853
hitter,2026,OOPSY,p_57be4bd64faf94f5f3184be3,s_90621907e4a9ad3779a7516e,actual,OPS,"{""sum"": [""OBP"", ""SLG""]}",0.7675941070000001
hitter,2026,OOPSY,p_389b99cbd5540993eb203758,s_7cbd8d02342d16571e034e35,actual,OPS,"{""sum"": [""OBP"", ""SLG""]}",0.953310104
hitter,2026,OOPSY,p_3f142cab3b6b50a8fc284947,s_ad86e9a70e7b621f261b2248,actual,OPS,"{""sum"": [""OBP"", ""SLG""]}",0.173913042
hitter,2026,OOPSY,p_74306f3854a2b464c1ad043b,s_c1fccf4761e381461cab1ff1,actual,OPS,"{""sum"": [""OBP"", ""SLG""]}",0.368243243
hitter,2026,OOPSY,p_be86851c8fdfaf8c9101d78e,s_c8f8fb3eda58ab5f0623260e,actual,OPS,"{""sum"": [""OBP"", ""SLG""]}",0.785853975
hitter,2026,OOPSY,p_adce6fccfa0ad9ba417ad335,s_60900119e4d46ed684414485,actual,OPS,"{""sum"": [""OBP"", ""SLG""]}",0.25
hitter,2026,OOPSY,p_1c4fbcfee892342c211c40ad,s_0012a36b6d8b643d36900fb8,actual,OPS,"{""sum"": [""OBP"", ""SLG""]}",1.166666666
hitter,2026,OOPSY,p_376a4ea6c05094d6e237c121,s_f0bef5b96213430f441297c0,actual,OPS,"{""sum"": [""OBP"", ""SLG""]}",0.18181818
hitter,2026,OOPSY,p_bec8c226634e62555bff3435,s_fe7a7053590ebf9ea40ff2a1,actual,OPS,"{""sum"": [""OBP"", ""SLG""]}",0.718230937
hitter,2026,OOPSY,p_f8f434dac00bd4b76fc9a112,s_91e9c2a799902e8a7ad4d3bd,actual,OPS,"{""sum"": [""OBP"", ""SLG""]}",0.713636363
hitter,2026,OOPSY,p_357ea11cfcc1f1938f06924e,s_95c6cc183de7f01ec7c6fe7b,actual,OPS,"{""sum"": [""OBP"", ""SLG""]}",0.364024678
hitter,2026,OOPSY,p_9e00008a3117ed734b2805ff,s_daf5d6a13ae4261d361c828c,actual,OPS,"{""sum"": [""OBP"", ""SLG""]}",0.60648148
hitter,2026,OOPSY,p_387076081baa1ac1797b126d,s_de7d2088482c5cc60e9994f5,actual,OPS,"{""sum"": [""OBP"", ""SLG""]}",0.7365384610000001
hitter,2026,OOPSY,p_86f910b92584149d23a7f526,s_bccb1af0aab9ddc569c6e6fb,actual,OPS,"{""sum"": [""OBP"", ""SLG""]}",0.105263157
hitter,2026,OOPSY,p_fcb0b1e4e1912686e37038b4,s_84ca0e78b511a235ab7e0677,actual,OPS,"{""sum"": [""OBP"", ""SLG""]}",0.333333333
hitter,2026,OOPSY,p_5251fe2f68b7e008a3f95bda,s_2028451dec7f661e16666360,actual,OPS,"{""sum"": [""OBP"", ""SLG""]}",0.635928083
hitter,2026,OOPSY,p_705b593fa0c84db88daf81e7,s_8b5d3f8293315062927d80f2,actual,OPS,"{""sum"": [""OBP"", ""SLG""]}",0.790344827
hitter,2026,OOPSY,p_2ba9946ebebe655efd1ec8f3,s_14a5914937bcf8f669b9bff8,actual,OPS,"{""sum"": [""OBP"", ""SLG""]}",0.575
hitter,2026,OOPSY,p_d00457beb9814e5658a1623d,s_3b68a83f859a3d167519c0bd,actual,OPS,"{""sum"": [""OBP"", ""SLG""]}",0.723244342
hitter,2026,OOPSY,p_4af977a059a2b1dfcba5cecc,s_4fbf21827f6c2cc9cb4f6f58,actual,OPS,"{""sum"": [""OBP"", ""SLG""]}",0.702005259
hitter,2026,OOPSY,p_c9a3df2e5a0e709708efbe6c,s_a304cd99d80db332025d3e84,actual,OPS,"{""sum"": [""OBP"", ""SLG""]}",1.080645161
hitter,2026,OOPSY,p_8f1da6c1c180e7d676934fff,s_552da934b343be1cba68763a,actual,OPS,"{""sum"": [""OBP"", ""SLG""]}",0.333333332
hitter,2026,OOPSY,p_5e1baf3f3f74e5ddcbe2b4c7,s_06e060022ca2086d8dc346dc,actual,OPS,"{""sum"": [""OBP"", ""SLG""]}",0.571914121
hitter,2026,OOPSY,p_3142245d3fd4262d0ad1afe6,s_64f29fc1a9ca88bdc28a1284,actual,OPS,"{""sum"": [""OBP"", ""SLG""]}",0.530092592
hitter,2026,OOPSY,p_01180266484ab021680a3902,s_bae0f7997b8261cb5824dfbb,actual,OPS,"{""sum"": [""OBP"", ""SLG""]}",1.0
hitter,2026,OOPSY,p_6ff147b20b3f78ed8b9c9689,s_2a66ee44e1bd1cb256069dd3,actual,OPS,"{""sum"": [""OBP"", ""SLG""]}",0.747252746
hitter,2026,OOPSY,p_f167598ae863cfb8d2f80c83,s_cb1aff6ac924391d3345d5f8,actual,OPS,"{""sum"": [""OBP"", ""SLG""]}",0.919191918
hitter,2026,OOPSY,p_661a2238a2963ae53524deec,s_00946fe6f064e9308c5331b9,actual,OPS,"{""sum"": [""OBP"", ""SLG""]}",0.577050855
hitter,2026,OOPSY,p_abaaf883c7d31e3e9d08c0df,s_ed51e12eacb2929eb9751085,actual,OPS,"{""sum"": [""OBP"", ""SLG""]}",0.570293094
hitter,2026,OOPSY,p_dbd5ceb808a3a21b344e48b9,s_e9aed4418d2570a946e43ffa,actual,OPS,"{""sum"": [""OBP"", ""SLG""]}",0.736791979
hitter,2026,OOPSY,p_5a3a131447d5feca3eed399c,s_94c7f0109e1782f5852d6ba1,actual,OPS,"{""sum"": [""OBP"", ""SLG""]}",0.48275862
hitter,2026,OOPSY,p_82ff2a9218b1af68846209d5,s_d8ea6a27b3e5bcd54ce4d438,actual,OPS,"{""sum"": [""OBP"", ""SLG""]}",0.855321178
hitter,2026,OOPSY,p_88135b0e269d51b54b36cb3c,s_a95ef444b49981a8cde6ea33,actual,OPS,"{""sum"": [""OBP"", ""SLG""]}",0.608690904
hitter,2026,OOPSY,p_11c2d6f13f87d96a28310acb,s_fd6d9092fe988e21f97dcd5c,actual,OPS,"{""sum"": [""OBP"", ""SLG""]}",0.699322168
hitter,2026,OOPSY,p_e03aaf916058acd54dcba305,s_9bdb7c0cf03ed52a2d0bfd43,actual,OPS,"{""sum"": [""OBP"", ""SLG""]}",0.807017543
hitter,2026,OOPSY,p_19aac5e941b72dca4e9ce409,s_1ccc8b28f32d0cbfe1df7e29,actual,OPS,"{""sum"": [""OBP"", ""SLG""]}",0.898934144
hitter,2026,OOPSY,p_4d2f3224b62deb522c5a7b4b,s_7be7a35a42d33c0af95b8d52,actual,OPS,"{""sum"": [""OBP"", ""SLG""]}",0.818018017
hitter,2026,OOPSY,p_dd70d7ceebc9dc9119025cbe,s_a26efaf29a4251669cbde748,actual,OPS,"{""sum"": [""OBP"", ""SLG""]}",0.666666666
hitter,2026,OOPSY,p_b1825a140a3beba774c79650,s_63e936d9b5984f82d7cfba9c,actual,OPS,"{""sum"": [""OBP"", ""SLG""]}",0.44298245599999997
hitter,2026,OOPSY,p_0ca0eeb5dd17c286620db5a6,s_b26da9a279a5939b8ab42c6b,actual,OPS,"{""sum"": [""OBP"", ""SLG""]}",1.5
hitter,2026,OOPSY,p_838588010c75fedc49fc50b5,s_464d14a111c05638aa588220,actual,OPS,"{""sum"": [""OBP"", ""SLG""]}",0.4
hitter,2026,OOPSY,p_18e76dfa73b5fe39a43c0af3,s_7b43cf99c00185cb2b619bc1,actual,OPS,"{""sum"": [""OBP"", ""SLG""]}",0.766666666
hitter,2026,OOPSY,p_f9da848004e92a0da1617426,s_e437e321bcce1bc44d55d25d,actual,OPS,"{""sum"": [""OBP"", ""SLG""]}",0.42857142800000003
hitter,2026,OOPSY,p_c8320c4ade7bd25cdbb337e8,s_68c06414eb5fb4db4deb4414,actual,OPS,"{""sum"": [""OBP"", ""SLG""]}",0.257575756
hitter,2026,OOPSY,p_b3f403c91eb9f5b3a4373398,s_a0da25409e4b23963fb307da,actual,OPS,"{""sum"": [""OBP"", ""SLG""]}",0.620737326
hitter,2026,OOPSY,p_4859c439772097b6cfd1b2e8,s_92ff974d1ff40c41faaad468,actual,OPS,"{""sum"": [""OBP"", ""SLG""]}",0.599837199
hitter,2026,OOPSY,p_89834c5070e896ad8f6949ee,s_6b6388f3781a2df887d04bfc,actual,OPS,"{""sum"": [""OBP"", ""SLG""]}",0.693639369
hitter,2026,OOPSY,p_824cdc22a5de973c43ea52d0,s_fec048e37b0b94b74e3b3a8c,actual,OPS,"{""sum"": [""OBP"", ""SLG""]}",0.212184873
hitter,2026,OOPSY,p_d87550835f9e55aff85922f5,s_64a9cd3599b7b5cf300933a0,actual,OPS,"{""sum"": [""OBP"", ""SLG""]}",0.584244079
hitter,2026,OOPSY,p_2c000c61bb3acaea45c849f7,s_a739fbbe8db74dbe82d6ea96,actual,OPS,"{""sum"": [""OBP"", ""SLG""]}",0.442295081
hitter,2026,OOPSY,p_175842fab9c89bcc5aa79f9b,s_b135e2c57e4fcf89ea379988,actual,OPS,"{""sum"": [""OBP"", ""SLG""]}",0.826551226
hitter,2026,OOPSY,p_10bd62ec212504974bdb8823,s_ea375e8590e846b6e6146c1b,actual,OPS,"{""sum"": [""OBP"", ""SLG""]}",0.8262852679999999
hitter,2026,OOPSY,p_2a1152fc4795fbb48f10c0de,s_0b47206c4e86129c2572aa1d,actual,OPS,"{""sum"": [""OBP"", ""SLG""]}",0.0
hitter,2026,OOPSY,p_6dd8b7d5d0bcb75642ddb4fd,s_1b190e1378e4e86c7c452af9,actual,OPS,"{""sum"": [""OBP"", ""SLG""]}",0.598529411
hitter,2026,OOPSY,p_de7b16931d1b03236a59ea22,s_09dea3adc31f0fbd62912741,actual,OPS,"{""sum"": [""OBP"", ""SLG""]}",0.647713811
hitter,2026,OOPSY,p_998a708748e7e70acc1eee1d,s_7a889da6346c8b4aeb7af8b9,actual,OPS,"{""sum"": [""OBP"", ""SLG""]}",0.596581195
hitter,2026,OOPSY,p_08e4bf82f6f2d66a1fa3a6e0,s_24a60bc792e6c303222f2ab5,actual,OPS,"{""sum"": [""OBP"", ""SLG""]}",0.806316652
hitter,2026,OOPSY,p_e83f3f564dd2b5664ce6b129,s_a6043809c5784416f09fc790,actual,OPS,"{""sum"": [""OBP"", ""SLG""]}",0.611443661
hitter,2026,OOPSY,p_c28b6e659d4cd1d31d3fd474,s_fc671365c2db58c7ab0fd913,actual,OPS,"{""sum"": [""OBP"", ""SLG""]}",0.606086956
hitter,2026,OOPSY,p_4af6f545bc35e4588dee86b9,s_66479c71b5a68fe044c04f72,actual,OPS,"{""sum"": [""OBP"", ""SLG""]}",0.714285713
hitter,2026,OOPSY,p_366bd2935a1c918dd1949689,s_1e3b6d840cb562e6f5f1ce5a,actual,OPS,"{""sum"": [""OBP"", ""SLG""]}",0.563963963
hitter,2026,OOPSY,p_e0a6385275b8fd42c026da9f,s_86d08ca13b45e4fe53061509,actual,OPS,"{""sum"": [""OBP"", ""SLG""]}",0.693192332
hitter,2026,OOPSY,p_d6edffdd606adaf0dcc54111,s_4bed77682dbec6338d3c9f53,actual,OPS,"{""sum"": [""OBP"", ""SLG""]}",1.0
hitter,2026,OOPSY,p_f3c0298e1129d97cb783a6d9,s_ebc806e3b6f6beba3a1b3da6,actual,OPS,"{""sum"": [""OBP"", ""SLG""]}",1.0
hitter,2026,OOPSY,p_c79d549c12d7c4d174e35cff,s_1c9937fb9428046bf71124b2,actual,OPS,"{""sum"": [""OBP"", ""SLG""]}",0.47368420899999997
hitter,2026,OOPSY,p_af98e1612f34eb8f09c365ad,s_dba70c9308ecc652fe264c4a,actual,OPS,"{""sum"": [""OBP"", ""SLG""]}",0.45147058800000006
hitter,2026,OOPSY,p_652fa92b3bac1d24c8225f99,s_daa23fa306dc2adabe74f431,actual,OPS,"{""sum"": [""OBP"", ""SLG""]}",0.442857142
hitter,2026,OOPSY,p_44a8ee1524687358c1d1a0c0,s_c5de6df228d864882205d9e6,actual,OPS,"{""sum"": [""OBP"", ""SLG""]}",0.6002331000000001
hitter,2026,OOPSY,p_118fa7b26ca0fc300fdf6071,s_772af39fa51a3f1eea8feae6,actual,OPS,"{""sum"": [""OBP"", ""SLG""]}",0.417748917
hitter,2026,OOPSY,p_753754367ddc7137c49f8f3b,s_ec99bce5695356c41168de9e,actual,OPS,"{""sum"": [""OBP"", ""SLG""]}",0.173913042
hitter,2026,OOPSY,p_d780ef80586063b87be09743,s_db71b64fa97b82840f57117a,actual,OPS,"{""sum"": [""OBP"", ""SLG""]}",0.0
hitter,2026,OOPSY,p_ba9a6a8ad42271f1fd10cf27,s_3e7acca98760a90b95e42768,actual,OPS,"{""sum"": [""OBP"", ""SLG""]}",0.4
hitter,2026,OOPSY,p_71c91198b905a5433d8d1964,s_599a94b89ac510ad279f895d,actual,OPS,"{""sum"": [""OBP"", ""SLG""]}",0.436974789
hitter,2026,OOPSY,p_1d5460116d6a4b1197a68140,s_eedc91507bd2d978e22c22bd,actual,OPS,"{""sum"": [""OBP"", ""SLG""]}",0.43000000000000005
hitter,2026,OOPSY,p_7e20fc023f96e8cba0b13af3,s_cf27b5e3980db2dbf6abf4e9,actual,OPS,"{""sum"": [""OBP"", ""SLG""]}",0.5714285699999999
hitter,2026,OOPSY,p_889f902bbbf437d96aaf2791,s_8e4541f173265d4be1e6cb23,actual,OPS,"{""sum"": [""OBP"", ""SLG""]}",0.133333332
hitter,2026,OOPSY,p_b6dc84a75a7cf2791b76bd90,s_732790efb16c95d9ad277b97,actual,OPS,"{""sum"": [""OBP"", ""SLG""]}",0.5687331520000001
hitter,2026,OOPSY,p_3005c6eda0c65dfb1cc1df82,s_803e073d3d56c7359bd42fa8,actual,OPS,"{""sum"": [""OBP"", ""SLG""]}",0.637972646
hitter,2026,OOPSY,p_b961b94a0ef89d43a2df4626,s_97594a8d4246f27ed6e03b89,actual,OPS,"{""sum"": [""OBP"", ""SLG""]}",0.651351351
hitter,2026,OOPSY,p_0ff6cb4481aa28b4e0ca248f,s_a4bf5e2ea62b14df8f9512e7,actual,OPS,"{""sum"": [""OBP"", ""SLG""]}",0.342857142
hitter,2026,OOPSY,p_996f1713394d7bedb5732fdf,s_22d5f60e3911b9ba7b8c19fc,actual,OPS,"{""sum"": [""OBP"", ""SLG""]}",0.534640522
hitter,2026,OOPSY,p_9f829ba3526a16efa82e655a,s_8cbd75fb4d5a6ceaef94bb02,actual,OPS,"{""sum"": [""OBP"", ""SLG""]}",0.682242605
hitter,2026,OOPSY,p_739823393560ca8dcfd0dbc9,s_ac77533263963533ae7948b4,actual,OPS,"{""sum"": [""OBP"", ""SLG""]}",0.545092837
hitter,2026,OOPSY,p_a78ccc748ee0ee459987e364,s_4243d1ba514a92c323d8fd23,actual,OPS,"{""sum"": [""OBP"", ""SLG""]}",0.18181818
hitter,2026,OOPSY,p_ded33a2fd60acf671d39fd27,s_4b863bbcfadf21dde3429d93,actual,OPS,"{""sum"": [""OBP"", ""SLG""]}",0.642676424
hitter,2026,OOPSY,p_a260c06c43a7fd1d2e490fe7,s_edab241686e59b4cf37871ca,actual,OPS,"{""sum"": [""OBP"", ""SLG""]}",0.27302631499999996
hitter,2026,OOPSY,p_be403a9b2db4f3802c9f3b61,s_fd6df885b700c5571a8c26fe,actual,OPS,"{""sum"": [""OBP"", ""SLG""]}",1.133333333
hitter,2026,OOPSY,p_46c8ef61562526809be4aea3,s_7586ae5866f0a41d25996a6a,actual,OPS,"{""sum"": [""OBP"", ""SLG""]}",0.859477123
hitter,2026,OOPSY,p_d38221bbef65e1295a558373,s_e9620dab39494039d244fe15,actual,OPS,"{""sum"": [""OBP"", ""SLG""]}",0.0
hitter,2026,OOPSY,p_72622d6c7bb02a521a933eb6,s_2ae03b8f01a47a05fd9c5524,actual,OPS,"{""sum"": [""OBP"", ""SLG""]}",0.42105263000000004
hitter,2026,OOPSY,p_6989200149e5df39efc0125a,s_df47189207f4b64b0bc2aa8f,actual,OPS,"{""sum"": [""OBP"", ""SLG""]}",0.37087912
hitter,2026,OOPSY,p_5a5b11019ecd0b3ad1a3d864,s_52d5e0f106425cfd8cde0b6c,actual,OPS,"{""sum"": [""OBP"", ""SLG""]}",0.47471264300000005
hitter,2026,OOPSY,p_a866edf27abe9399b209a720,s_53fd0706e85131d8d51db211,actual,OPS,"{""sum"": [""OBP"", ""SLG""]}",0.438118811
hitter,2026,OOPSY,p_6525dc93ba2de7e1b5e75be6,s_496a3c441c9800113923dd0a,actual,OPS,"{""sum"": [""OBP"", ""SLG""]}",0.351489361
hitter,2026,OOPSY,p_f1632c1a638e4afae1811926,s_3382ba3c12bf2854b84e3b26,actual,OPS,"{""sum"": [""OBP"", ""SLG""]}",0.45689655100000004
hitter,2026,OOPSY,p_d6b7a242fff972cbbb11131c,s_f45a02aa28cdde3a17a2d3bf,actual,OPS,"{""sum"": [""OBP"", ""SLG""]}",0.686884236
hitter,2026,OOPSY,p_8ee0eb5cae5daa0d79a54f41,s_4ecf21f17d12fabf600e08c6,actual,OPS,"{""sum"": [""OBP"", ""SLG""]}",0.6546758699999999
hitter,2026,OOPSY,p_39af8e3fae49f2dc71c99280,s_82e6d0d544dcde4616da501f,actual,OPS,"{""sum"": [""OBP"", ""SLG""]}",0.824979181
hitter,2026,OOPSY,p_bf3cde84574979814bee8bc2,s_5f5c82a4dbb7937c04c87f17,actual,OPS,"{""sum"": [""OBP"", ""SLG""]}",0.7555395309999999
hitter,2026,OOPSY,p_5cc1c43544dd4a46bb1ba424,s_737f65a00fb0c002aa0125ae,actual,OPS,"{""sum"": [""OBP"", ""SLG""]}",0.27884615300000004
hitter,2026,OOPSY,p_43df61d72995e1a9b8e57a5a,s_ea7942be251cbd224c92213a,actual,OPS,"{""sum"": [""OBP"", ""SLG""]}",0.693936417
hitter,2026,OOPSY,p_eed974693204a607f756bb81,s_e30aae9c5f128124f00db5c1,actual,OPS,"{""sum"": [""OBP"", ""SLG""]}",0.6635225229999999
hitter,2024,Steamer,p_cbfcdeac8217106774120e81,s_931093234ecb521c16f31798,actual,OPS,"{""sum"": [""OBP"", ""SLG""]}",0.715934684
hitter,2024,Steamer,p_8b0da430de74b9d38592cfa7,s_8d7f1d118e94f7b2c8dc817f,actual,OPS,"{""sum"": [""OBP"", ""SLG""]}",0.988799282
hitter,2024,Steamer,p_f16412beb35a9f8275245e07,s_456a68d1dabfb7a68736cdc3,actual,OPS,"{""sum"": [""OBP"", ""SLG""]}",1.15928922
hitter,2024,Steamer,p_5c11dd145a24b1ffaecf5e75,s_8f44ca460e9aa3156ea55de8,actual,OPS,"{""sum"": [""OBP"", ""SLG""]}",0.8632041340000001
hitter,2024,Steamer,p_67d2d4c4c4eb75d44dfc90f0,s_0f0dc1e5060de6e45c7d6416,actual,OPS,"{""sum"": [""OBP"", ""SLG""]}",0.7338040269999999
hitter,2024,Steamer,p_b2d8d52d1ac8e278023dd28e,s_85b717da8afe7ef4efa2aed2,actual,OPS,"{""sum"": [""OBP"", ""SLG""]}",0.959154969
hitter,2024,Steamer,p_565062fedb9dc11884dc149f,s_f0975dd7a3c14a32e6fd1685,actual,OPS,"{""sum"": [""OBP"", ""SLG""]}",0.7087247249999999
hitter,2024,Steamer,p_3f765e91616326426b8a43c2,s_091be2f9ad20f8203109bdbc,actual,OPS,"{""sum"": [""OBP"", ""SLG""]}",0.832644959
hitter,2024,Steamer,p_6c0a9e658a48ac4878d9dd6d,s_19e60b552a7961bd28b35497,actual,OPS,"{""sum"": [""OBP"", ""SLG""]}",0.871898536
hitter,2024,Steamer,p_306fe9c0d735d7f46146c529,s_87e69851f0ccae1156acd484,actual,OPS,"{""sum"": [""OBP"", ""SLG""]}",0.8642993969999999
hitter,2024,Steamer,p_6bef577c2d843e259b2e4f8d,s_990caad2e96fb5242e5cd725,actual,OPS,"{""sum"": [""OBP"", ""SLG""]}",0.892966421
hitter,2024,Steamer,p_9c139e8de020d424429029d1,s_a4b1cd49b6dd51288e38fb82,actual,OPS,"{""sum"": [""OBP"", ""SLG""]}",0.870599793
hitter,2024,Steamer,p_112dcfa6b46c45a399a719e5,s_a48d93e4b1cd72e0e9cbca48,actual,OPS,"{""sum"": [""OBP"", ""SLG""]}",0.99257564
hitter,2024,Steamer,p_5ddf7b7c488d16218bdd70fc,s_2d923f0f69af975eaaede590,actual,OPS,"{""sum"": [""OBP"", ""SLG""]}",0.977330991
hitter,2024,Steamer,p_8145c85e799111fad96f9326,s_255d766785a298054bfbfc38,actual,OPS,"{""sum"": [""OBP"", ""SLG""]}",0.749429706
hitter,2024,Steamer,p_0ad68b951761f8685abeae36,s_83d44c8cb76f0ea675926340,actual,OPS,"{""sum"": [""OBP"", ""SLG""]}",0.698568672
hitter,2024,Steamer,p_ca7feb5b66329358ea3d8c70,s_0334d6f14acee25dd31d1aca,actual,OPS,"{""sum"": [""OBP"", ""SLG""]}",0.789513381
hitter,2024,Steamer,p_8363b9bca459e78ec2006bb0,s_e45a545051c59cf3d7bc5376,actual,OPS,"{""sum"": [""OBP"", ""SLG""]}",0.7681252270000001
hitter,2024,Steamer,p_e6a7e479765cf29ade93adc3,s_4234daf5cc678372f1d09093,actual,OPS,"{""sum"": [""OBP"", ""SLG""]}",0.7552392139999999
hitter,2024,Steamer,p_553976eb2ca8a6fbca85aa5b,s_9c4d2553391a58b20b3b383b,actual,OPS,"{""sum"": [""OBP"", ""SLG""]}",0.722437137
hitter,2024,Steamer,p_60cc6d7817c312ca1f6e104d,s_f181f3e0ef20ae49cb721c3b,actual,OPS,"{""sum"": [""OBP"", ""SLG""]}",0.8307892219999999
hitter,2024,Steamer,p_8a17723cd1691cf9cab7393e,s_dd81a5fd9163ce400fb97f2d,actual,OPS,"{""sum"": [""OBP"", ""SLG""]}",0.843976777
hitter,2024,Steamer,p_316c3f5d72b7ee1b6a59d1c6,s_00fde38f194fbbdf651de599,actual,OPS,"{""sum"": [""OBP"", ""SLG""]}",0.853757706
hitter,2024,Steamer,p_ed974f466607b19fee8971ac,s_5c582c452e6288e931fc523b,actual,OPS,"{""sum"": [""OBP"", ""SLG""]}",0.866681228
hitter,2024,Steamer,p_ba6f36e798456bccef1754a0,s_bb3d2c9c5a41e1b70da84de2,actual,OPS,"{""sum"": [""OBP"", ""SLG""]}",0.78313809
hitter,2024,Steamer,p_1a7540f0f62bdbec1d46a097,s_2e724e92835a56bcf547736c,actual,OPS,"{""sum"": [""OBP"", ""SLG""]}",1.036336305
hitter,2024,Steamer,p_eb6d41898fee1956040bc079,s_5f319303f60c0cf0fa86891a,actual,OPS,"{""sum"": [""OBP"", ""SLG""]}",0.598329122
hitter,2024,Steamer,p_806c100a85a17dfdcfe3aeab,s_08cfd3d535bf0cbf3ccfcb83,actual,OPS,"{""sum"": [""OBP"", ""SLG""]}",0.6875365849999999
hitter,2024,Steamer,p_3664d107759fe0ae5d9df463,s_0bba9bc4b7f40deb1415f7a8,actual,OPS,"{""sum"": [""OBP"", ""SLG""]}",0.706957046
hitter,2024,Steamer,p_6258e0b754720e6aa1ffc43d,s_1956083ace1b6f5d81c0227d,actual,OPS,"{""sum"": [""OBP"", ""SLG""]}",0.939813951
hitter,2024,Steamer,p_bb6f9449c9e0ffc57d547002,s_ea700b29b4a0515aa1098af1,actual,OPS,"{""sum"": [""OBP"", ""SLG""]}",0.708510949
hitter,2024,Steamer,p_e96df7bede80ce3e564c75a2,s_38bc195d46f8c149c085fd9a,actual,OPS,"{""sum"": [""OBP"", ""SLG""]}",0.789930327
hitter,2024,Steamer,p_773d7d56031db8879f6723e8,s_b9ac9fc92d32682617e4abd0,actual,OPS,"{""sum"": [""OBP"", ""SLG""]}",0.759978991
hitter,2024,Steamer,p_cc20023b077f71dea170b091,s_dde974c98341f75fc9d43c6b,actual,OPS,"{""sum"": [""OBP"", ""SLG""]}",0.898470418
hitter,2024,Steamer,p_975a1b871ed65b006a1ce607,s_fd0e5e7a33154777bbcf6312,actual,OPS,"{""sum"": [""OBP"", ""SLG""]}",0.797214259
hitter,2024,Steamer,p_3d2334a857b6e51adfa60031,s_b1ad3374d9c3970ba307074b,actual,OPS,"{""sum"": [""OBP"", ""SLG""]}",0.747999345
hitter,2024,Steamer,p_18f58e283cd36378ac1da1fd,s_fec0b9c1c02d10158eaf0268,actual,OPS,"{""sum"": [""OBP"", ""SLG""]}",0.726599624
hitter,2024,Steamer,p_d84830ffa4fab8cd91af4c87,s_3a93063511e07b113d0301ca,actual,OPS,"{""sum"": [""OBP"", ""SLG""]}",0.625197972
hitter,2024,Steamer,p_56e7275c3bfa42a75a7ac2ab,s_f2bfdf3b01feae0fb9babd20,actual,OPS,"{""sum"": [""OBP"", ""SLG""]}",0.8069692669999999
hitter,2024,Steamer,p_487446a58afe78ff3ecfe76c,s_339d4d513732f3e0102ec3a7,actual,OPS,"{""sum"": [""OBP"", ""SLG""]}",0.931736501
hitter,2024,Steamer,p_81055a604ebcb0e79f8ffbe8,s_f23c6828cdd73abb81a1f331,actual,OPS,"{""sum"": [""OBP"", ""SLG""]}",0.638035339
hitter,2024,Steamer,p_dca7ac3dcb00e9e9c03af974,s_6504d54f7ad1d0165aa2c5b2,actual,OPS,"{""sum"": [""OBP"", ""SLG""]}",0.747439409
hitter,2024,Steamer,p_07a6c8c4d72175b6a105acc0,s_6e439eb1846c3bb575b00989,actual,OPS,"{""sum"": [""OBP"", ""SLG""]}",0.657436746
hitter,2024,Steamer,p_b3b356771b4a2b8a3dabc8a1,s_23d099ff9fd61e928228e982,actual,OPS,"{""sum"": [""OBP"", ""SLG""]}",0.709614945
hitter,2024,Steamer,p_0b1b7413f31673311ce952ef,s_11c3b5784f62dffe2f82df2f,actual,OPS,"{""sum"": [""OBP"", ""SLG""]}",0.602314425
hitter,2024,Steamer,p_63b127378fbb63f7a8ac5c53,s_583863a4912e890a2712a93b,actual,OPS,"{""sum"": [""OBP"", ""SLG""]}",0.739322782
hitter,2024,Steamer,p_54a176facbbf2b86f4773ac9,s_b4207b14d0b34670b2af4d87,actual,OPS,"{""sum"": [""OBP"", ""SLG""]}",0.719384802
hitter,2024,Steamer,p_19af1c0e0d94d73536407863,s_9733bb9ee8cae3484342587a,actual,OPS,"{""sum"": [""OBP"", ""SLG""]}",0.6411610640000001
hitter,2024,Steamer,p_9dae11e0cd2670bf2ee9255e,s_313a76eafe6dc7032842ce19,actual,OPS,"{""sum"": [""OBP"", ""SLG""]}",0.905219521
hitter,2024,Steamer,p_c315f699dc20ea9f45db58c2,s_cc513b364e1fe38f104a48d6,actual,OPS,"{""sum"": [""OBP"", ""SLG""]}",0.7730413279999999
hitter,2024,Steamer,p_b1a89f2be7e4c14ff4efdd77,s_3b64b3400a3aadc36f96eefa,actual,OPS,"{""sum"": [""OBP"", ""SLG""]}",0.636022239
hitter,2024,Steamer,p_689b3153515d854852b70f4b,s_0aacdcc2eff04f8d4f47f8f6,actual,OPS,"{""sum"": [""OBP"", ""SLG""]}",0.793690429
hitter,2024,Steamer,p_8d8ac643ab43c0a5edae56ca,s_b84dffef46054f56fcdff2fd,actual,OPS,"{""sum"": [""OBP"", ""SLG""]}",0.78837798
hitter,2024,Steamer,p_e8a841a4c0a09c1611d07c5c,s_99567e0de0644864286a2dc8,actual,OPS,"{""sum"": [""OBP"", ""SLG""]}",0.708265649
hitter,2024,Steamer,p_d65b41dc5498c748aed03004,s_0a7db2c4006092ba15e7425b,actual,OPS,"{""sum"": [""OBP"", ""SLG""]}",0.6774763779999999
hitter,2024,Steamer,p_374639c006432a57cd7173fc,s_7b7b99ab4536ee632fd07fba,actual,OPS,"{""sum"": [""OBP"", ""SLG""]}",0.738733334
hitter,2024,Steamer,p_fdaca5aed6785adf29ede698,s_8ea48076d1216c87e3c1668e,actual,OPS,"{""sum"": [""OBP"", ""SLG""]}",0.715561833
hitter,2024,Steamer,p_1ebeee998dafa37125803f82,s_8d593200661633669d9fbbd8,actual,OPS,"{""sum"": [""OBP"", ""SLG""]}",0.799712709
hitter,2024,Steamer,p_d85aa5a54347f648d409ab91,s_828251bf01d7ca57afe2dd9e,actual,OPS,"{""sum"": [""OBP"", ""SLG""]}",0.733604221
hitter,2024,Steamer,p_38e2bb8be3a261e7adcb997c,s_0079527a6c397114458e04c5,actual,OPS,"{""sum"": [""OBP"", ""SLG""]}",0.782068463
hitter,2024,Steamer,p_470f32c7b44abc752b626681,s_841327012f000613e8dd8599,actual,OPS,"{""sum"": [""OBP"", ""SLG""]}",0.701486126
hitter,2024,Steamer,p_0f12b16a4ff92fb0e5d398d2,s_96ae7fb2aa2b8b7c861a085d,actual,OPS,"{""sum"": [""OBP"", ""SLG""]}",0.74700822
hitter,2024,Steamer,p_a1c10b179912b1d2f03fa32c,s_24affef428bad5fd7d58f0ea,actual,OPS,"{""sum"": [""OBP"", ""SLG""]}",0.826714595
hitter,2024,Steamer,p_9dc26246e90ca8f349fcd827,s_7a963777fae06f42847954af,actual,OPS,"{""sum"": [""OBP"", ""SLG""]}",0.719768265
hitter,2024,Steamer,p_fd457e419f55ef98100c8820,s_7dddf1d79878da368b2814e2,actual,OPS,"{""sum"": [""OBP"", ""SLG""]}",0.909454501
hitter,2024,Steamer,p_fe3b34280c5c898441437983,s_14608426319f891cb56bc28c,actual,OPS,"{""sum"": [""OBP"", ""SLG""]}",0.7930297390000001
hitter,2024,Steamer,p_01f201d29bbe20594b827aba,s_03c40e10c40abaac3b13d991,actual,OPS,"{""sum"": [""OBP"", ""SLG""]}",0.674067975
hitter,2024,Steamer,p_bae0c0ca4e440ae7ebfa87be,s_6d2853b4566b34d3bafc1659,actual,OPS,"{""sum"": [""OBP"", ""SLG""]}",0.783315507
hitter,2024,Steamer,p_07105369a9e627dc07e08f3a,s_1a772513b5abef6a0f73a219,actual,OPS,"{""sum"": [""OBP"", ""SLG""]}",0.760211893
hitter,2024,Steamer,p_033ceef5ce1ff67ea9e54a84,s_b01ec8c48e0db14bb61377a8,actual,OPS,"{""sum"": [""OBP"", ""SLG""]}",0.57371298
hitter,2024,Steamer,p_44532242db028a1dd74c936e,s_6c4a24087c553ae889576b3f,actual,OPS,"{""sum"": [""OBP"", ""SLG""]}",0.790875972
hitter,2024,Steamer,p_1552cbc32b7c3d101007d1ee,s_1cc609e4965870a6bf62af94,actual,OPS,"{""sum"": [""OBP"", ""SLG""]}",0.657210136
hitter,2024,Steamer,p_6ef9eb123a894da47938ad54,s_6c71b94e4af33559a43d6825,actual,OPS,"{""sum"": [""OBP"", ""SLG""]}",0.692289588
hitter,2024,Steamer,p_5c4251b6812026c9a34d5cec,s_b98f473aa08f75ef9266bc1b,actual,OPS,"{""sum"": [""OBP"", ""SLG""]}",0.700376157
hitter,2024,Steamer,p_67cb975359e89b208f68a778,s_48a1fa64615fc2a48d0fd3ef,actual,OPS,"{""sum"": [""OBP"", ""SLG""]}",0.636691268
hitter,2024,Steamer,p_b80059e715bc562d70fcb8af,s_225a5ef10abe48d025b9a317,actual,OPS,"{""sum"": [""OBP"", ""SLG""]}",0.719220654
hitter,2024,Steamer,p_d280fe766b138e116686c70c,s_1b314510a8c6f28a051453cf,actual,OPS,"{""sum"": [""OBP"", ""SLG""]}",0.6512913330000001
hitter,2024,Steamer,p_314d65c651f0866b57c6c200,s_8abd476bd509f7bbc5a1b984,actual,OPS,"{""sum"": [""OBP"", ""SLG""]}",0.7509812659999999
hitter,2024,Steamer,p_ce144ce9a8cc74bf957c8921,s_43217d48b4d3134f1ce87322,actual,OPS,"{""sum"": [""OBP"", ""SLG""]}",0.70019915
hitter,2024,Steamer,p_5c1070a01c0c31d9a11bbaed,s_27053aa188cf26db7853befb,actual,OPS,"{""sum"": [""OBP"", ""SLG""]}",0.7582508240000001
hitter,2024,Steamer,p_8b8b46332f730f938d5e4598,s_0e2bc999ac54e2e0ae88e834,actual,OPS,"{""sum"": [""OBP"", ""SLG""]}",0.790274846
hitter,2024,Steamer,p_a280e0051deab38225ff5e85,s_5adb318aca9ec2ebc431a4ac,actual,OPS,"{""sum"": [""OBP"", ""SLG""]}",0.5732392399999999
hitter,2024,Steamer,p_fffb6de42175eb3a17278de2,s_eba503050d57082f4d4a6d20,actual,OPS,"{""sum"": [""OBP"", ""SLG""]}",0.701261122
hitter,2024,Steamer,p_c098c2fe9513c8a2d9d6133f,s_d9dd8cb09c73f0c8f7c9949e,actual,OPS,"{""sum"": [""OBP"", ""SLG""]}",0.739784775
hitter,2024,Steamer,p_bb37edd9c4e88b2c706112f0,s_f529353661df4976e092cc01,actual,OPS,"{""sum"": [""OBP"", ""SLG""]}",0.615667073
hitter,2024,Steamer,p_7fdf70628f36e355ee189240,s_8ea58ebc091d8120de469fad,actual,OPS,"{""sum"": [""OBP"", ""SLG""]}",0.710283453
hitter,2024,Steamer,p_8da5a98f5e436023740fed42,s_13241d0dfb5f16f14d8df65a,actual,OPS,"{""sum"": [""OBP"", ""SLG""]}",0.6711442780000001
hitter,2024,Steamer,p_d04d80d479ca9798b6aba56a,s_058fc7778ea706fd0034de2f,actual,OPS,"{""sum"": [""OBP"", ""SLG""]}",0.7514883990000001
hitter,2024,Steamer,p_5df8600326504a53588a6de7,s_270ed065c48e6ef4cf45a846,actual,OPS,"{""sum"": [""OBP"", ""SLG""]}",0.76053018
hitter,2024,Steamer,p_d6e2291a941b28d7a61905e7,s_7e751dff1a49c7b98aa2321c,actual,OPS,"{""sum"": [""OBP"", ""SLG""]}",0.654582699
hitter,2024,Steamer,p_e68c177b707ba2989502b77c,s_43198c5e9e0506eb3c92b1ff,actual,OPS,"{""sum"": [""OBP"", ""SLG""]}",0.632393626
hitter,2024,Steamer,p_8b4dd804140aaf9ec7e45949,s_0d78f8efc09f703166e5f20e,actual,OPS,"{""sum"": [""OBP"", ""SLG""]}",0.848326806
hitter,2024,Steamer,p_453f6b5d6ed77a8cb0076130,s_fb3d2dacd4152e2cba58c267,actual,OPS,"{""sum"": [""OBP"", ""SLG""]}",0.755555555
hitter,2024,Steamer,p_a910702a6f8986211ef36f3c,s_6865db25a2c1be9abb584954,actual,OPS,"{""sum"": [""OBP"", ""SLG""]}",0.632716049
hitter,2024,Steamer,p_22206224451c3db51ac6d5b0,s_2e0e466d406d6a9cde975126,actual,OPS,"{""sum"": [""OBP"", ""SLG""]}",0.684144427
hitter,2024,Steamer,p_fc5ea9af3a74454e7e41965e,s_d20c5cf8be846a0f6efb1a90,actual,OPS,"{""sum"": [""OBP"", ""SLG""]}",0.670967652
hitter,2024,Steamer,p_33ef22bd9c5fcfa876186831,s_9a0a003778d751cacce63767,actual,OPS,"{""sum"": [""OBP"", ""SLG""]}",0.85077273
hitter,2024,Steamer,p_8763904d13a29c644082b122,s_84a2dc360c4c1cf63e8f4edd,actual,OPS,"{""sum"": [""OBP"", ""SLG""]}",0.858995207
hitter,2024,Steamer,p_fe349ad78aee63c7c18b8b83,s_f6ba2b3d5c123c5d5058f69b,actual,OPS,"{""sum"": [""OBP"", ""SLG""]}",0.748416288
hitter,2024,Steamer,p_603925421b21bc562bc8d1f0,s_ad74e9d3d579e74faf90aaac,actual,OPS,"{""sum"": [""OBP"", ""SLG""]}",0.765742926
hitter,2024,Steamer,p_30c7a668112dbae738c3a2dc,s_26ae7801b8390b24c930290d,actual,OPS,"{""sum"": [""OBP"", ""SLG""]}",0.84823384
hitter,2024,Steamer,p_5c21762346818604fbfcff71,s_32974bb2a25a38bca7018d48,actual,OPS,"{""sum"": [""OBP"", ""SLG""]}",0.762296513
hitter,2024,Steamer,p_cf93e6476cc705400a42c18a,s_1c7f29769b485027a3cd5e04,actual,OPS,"{""sum"": [""OBP"", ""SLG""]}",0.6412584450000001
hitter,2024,Steamer,p_fe5e81171887fdbded90e9cf,s_5f6a9034963e2a16699a2124,actual,OPS,"{""sum"": [""OBP"", ""SLG""]}",0.613848376
hitter,2024,Steamer,p_bbaf8d520b3e4b79303a4fa8,s_dc54696e69cd152eae8eec6d,actual,OPS,"{""sum"": [""OBP"", ""SLG""]}",0.802785845
hitter,2024,Steamer,p_116cdec4053638cbb2ccefd2,s_a72f78e4e2cd664b212a6c6f,actual,OPS,"{""sum"": [""OBP"", ""SLG""]}",0.759401029
hitter,2024,Steamer,p_6c63d7d7b55bc0f02c783a80,s_650c0d947caf17a941380ebd,actual,OPS,"{""sum"": [""OBP"", ""SLG""]}",0.7596145569999999
hitter,2024,Steamer,p_d3826afca90b544836e2677c,s_13825c613aa05d1ea1166184,actual,OPS,"{""sum"": [""OBP"", ""SLG""]}",0.776103379
hitter,2024,Steamer,p_b73db0222a01efed9cd5d4f9,s_f9efe2b2b73e3554ce6eb9fb,actual,OPS,"{""sum"": [""OBP"", ""SLG""]}",0.46466165400000004
hitter,2024,Steamer,p_e7725c89676d89124848373c,s_d802da5cc2d75310d9daddf5,actual,OPS,"{""sum"": [""OBP"", ""SLG""]}",0.8094905
hitter,2024,Steamer,p_c3db81d681439dff2231b5fd,s_e56b44404dc780bbdd117d0c,actual,OPS,"{""sum"": [""OBP"", ""SLG""]}",0.670017364
hitter,2024,Steamer,p_7868a9d4deb15c256be270e4,s_7996875368427dc6eb44bf83,actual,OPS,"{""sum"": [""OBP"", ""SLG""]}",0.814153028
hitter,2024,Steamer,p_1bf803b8768936d90d2de00b,s_811d4869b26833b8c5be2c44,actual,OPS,"{""sum"": [""OBP"", ""SLG""]}",0.641056717
hitter,2024,Steamer,p_976a51a68ae7b23d4651968b,s_543e9652598d091086e8f0d1,actual,OPS,"{""sum"": [""OBP"", ""SLG""]}",0.7793365969999999
hitter,2024,Steamer,p_1d811c6e48c551113658df8f,s_18981ed5d185cfc8b29f8901,actual,OPS,"{""sum"": [""OBP"", ""SLG""]}",0.681942319
hitter,2024,Steamer,p_e7209053b03523d1b10b464b,s_fcb9e643101957568b2b73a7,actual,OPS,"{""sum"": [""OBP"", ""SLG""]}",0.641620633
hitter,2024,Steamer,p_def17f3e4bab01c04d8516d6,s_527fda95729e6ee9fa6d50b0,actual,OPS,"{""sum"": [""OBP"", ""SLG""]}",0.625818033
hitter,2024,Steamer,p_b78289d1db7944d769d0fd0e,s_5d17128ac8b010d7558e4fcb,actual,OPS,"{""sum"": [""OBP"", ""SLG""]}",0.7603312179999999
hitter,2024,Steamer,p_ff7da0692023e81c73d988b1,s_3c160cb8cd06d9f395a9a179,actual,OPS,"{""sum"": [""OBP"", ""SLG""]}",0.721620861
hitter,2024,Steamer,p_b568a0123a1581a870454450,s_530ab78246aa50874c22b704,actual,OPS,"{""sum"": [""OBP"", ""SLG""]}",0.749600389
hitter,2024,Steamer,p_88ea9f9f953b0443fa439d35,s_56950f6dc1cd3106273d343c,actual,OPS,"{""sum"": [""OBP"", ""SLG""]}",0.5653340069999999
hitter,2024,Steamer,p_5b39aa72d25ce69fb44d6ff6,s_84641a07964367efbd6c88fd,actual,OPS,"{""sum"": [""OBP"", ""SLG""]}",0.588379392
hitter,2024,Steamer,p_44767dae17d72f3b81e5e39f,s_efb1a8d71b045b9b58860877,actual,OPS,"{""sum"": [""OBP"", ""SLG""]}",0.733239662
hitter,2024,Steamer,p_22db645384aeaef0e6b0dd37,s_e80ea92b09098694fdcf4080,actual,OPS,"{""sum"": [""OBP"", ""SLG""]}",0.613524395
hitter,2024,Steamer,p_8df2af654b2dd659804150c3,s_ff8ba3d5a0e03f7ac769c6d9,actual,OPS,"{""sum"": [""OBP"", ""SLG""]}",0.5901257529999999
hitter,2024,Steamer,p_73b12e6f36544a08a000f034,s_7947a00570edf2302f42e90d,actual,OPS,"{""sum"": [""OBP"", ""SLG""]}",0.6029927749999999
hitter,2024,Steamer,p_7f9a759746613f250bc043c6,s_4613e409ec95114d20bf7731,actual,OPS,"{""sum"": [""OBP"", ""SLG""]}",0.631021799
hitter,2024,Steamer,p_367043d04df11c50c62b433f,s_804e79cdd236e45f1fa60231,actual,OPS,"{""sum"": [""OBP"", ""SLG""]}",0.85203266
hitter,2024,Steamer,p_4f4c4807eced6c528cffe237,s_ab68260cd4b66bdf9d67537b,actual,OPS,"{""sum"": [""OBP"", ""SLG""]}",0.6932604250000001
hitter,2024,Steamer,p_c8a9c9b6fba1a3672b307781,s_530d47d21e146183b32f6467,actual,OPS,"{""sum"": [""OBP"", ""SLG""]}",0.521116138
hitter,2024,Steamer,p_55ce304d590ded904d24a170,s_1ecc401cf0577dcaf6f00f0f,actual,OPS,"{""sum"": [""OBP"", ""SLG""]}",0.763495783
hitter,2024,Steamer,p_3a018d05684bd05311c373cb,s_6b6ed2c24ff3e64f7eb28424,actual,OPS,"{""sum"": [""OBP"", ""SLG""]}",0.713567637
hitter,2024,Steamer,p_785195735e0fd0b05abaf802,s_327791588b1a6acae8807921,actual,OPS,"{""sum"": [""OBP"", ""SLG""]}",0.45320512700000004
hitter,2024,Steamer,p_9a7cb306dcada31282e6798e,s_56ae7d7884b2ea7b80b5d708,actual,OPS,"{""sum"": [""OBP"", ""SLG""]}",0.792428422
hitter,2024,Steamer,p_b0bd0cc808788129b5fe92e7,s_7980ecc63ef05ebfd4235b93,actual,OPS,"{""sum"": [""OBP"", ""SLG""]}",0.576461814
hitter,2024,Steamer,p_ffa25e8aca01794d683910ce,s_615c5bd39031779584ba0afb,actual,OPS,"{""sum"": [""OBP"", ""SLG""]}",0.5274289329999999
hitter,2024,Steamer,p_910eaf826bf8a3ff8e586a66,s_15be1cb4fb8109d1e7368a86,actual,OPS,"{""sum"": [""OBP"", ""SLG""]}",0.689197478
hitter,2024,Steamer,p_38ec0c549c03971eb5d0751e,s_b3a9923bb4eb8a6d28720393,actual,OPS,"{""sum"": [""OBP"", ""SLG""]}",0.7124487580000001
hitter,2024,Steamer,p_4f3aaf23aa7dc9a15224e832,s_f4ee16845f73514886088a32,actual,OPS,"{""sum"": [""OBP"", ""SLG""]}",0.7645125610000001
hitter,2024,Steamer,p_a04a776d277aaef9a5c0a0c5,s_d4905403afd97bd73f631e1a,actual,OPS,"{""sum"": [""OBP"", ""SLG""]}",0.732639452
hitter,2024,Steamer,p_b0eaf923fda4aa15ef19e892,s_a13eeadcfeca9211213799d6,actual,OPS,"{""sum"": [""OBP"", ""SLG""]}",0.721312022
hitter,2024,Steamer,p_f00855fd10751f91f9838dac,s_c56d20dba4a61219c090e98f,actual,OPS,"{""sum"": [""OBP"", ""SLG""]}",0.8471011239999999
hitter,2024,Steamer,p_c036f8c59b7723c46b54b8f3,s_31fe427e2269021555889777,actual,OPS,"{""sum"": [""OBP"", ""SLG""]}",0.669005847
hitter,2024,Steamer,p_3ee7d8b9c1b81790be270d8c,s_4494fca8867a4ef6954c7d80,actual,OPS,"{""sum"": [""OBP"", ""SLG""]}",0.6338467649999999
hitter,2024,Steamer,p_71d39bbc0fefb4bfd7f4b968,s_f3a30d426d2b669575fa2319,actual,OPS,"{""sum"": [""OBP"", ""SLG""]}",0.743097642
hitter,2024,Steamer,p_dedf39f3291ea6360bd9d86d,s_52642bf924ba0facf3dfeded,actual,OPS,"{""sum"": [""OBP"", ""SLG""]}",0.703016469
hitter,2024,Steamer,p_21e21eee8205504dbb454499,s_69841a489fdb1f5931c8a977,actual,OPS,"{""sum"": [""OBP"", ""SLG""]}",0.780194171
hitter,2024,Steamer,p_7464a49665d3e2d5bd7d2c5d,s_537b1c26f50f0b8ecf1a4225,actual,OPS,"{""sum"": [""OBP"", ""SLG""]}",0.699008019
hitter,2024,Steamer,p_85bb7396ce2d4e28a61e72d7,s_017a21dfd3b216e69fa3ed75,actual,OPS,"{""sum"": [""OBP"", ""SLG""]}",0.624507594
hitter,2024,Steamer,p_aee447a6c35dd53e48c4ca2f,s_ab912ab31bad3b81fc493da3,actual,OPS,"{""sum"": [""OBP"", ""SLG""]}",0.698894286
hitter,2024,Steamer,p_43edd76b977a3e8af976bc83,s_c7bdfa156fea62fa736c3208,actual,OPS,"{""sum"": [""OBP"", ""SLG""]}",0.6201761450000001
hitter,2024,Steamer,p_e8f31649994a3e32ef11f822,s_53c914516af3ece93de772b7,actual,OPS,"{""sum"": [""OBP"", ""SLG""]}",0.705518649
hitter,2024,Steamer,p_9837c9964fe5b2c7ce57160e,s_de7efbb7d2a37b7e8e9f4e82,actual,OPS,"{""sum"": [""OBP"", ""SLG""]}",0.721864276
hitter,2024,Steamer,p_e0d83b8da8aaead5cd952acc,s_7eb71d1505e93ddd69e88c1d,actual,OPS,"{""sum"": [""OBP"", ""SLG""]}",0.71771926
hitter,2024,Steamer,p_2e25971727a7328447e20387,s_786db4d2270678df4fdb6fcf,actual,OPS,"{""sum"": [""OBP"", ""SLG""]}",0.626645966
hitter,2024,Steamer,p_c430ce2c9239469707f293a7,s_c7794ee33daa5998305f5f18,actual,OPS,"{""sum"": [""OBP"", ""SLG""]}",0.641947284
hitter,2024,Steamer,p_ea8a5d1c846e0c84971a0bb4,s_1c1f75074cd77700481d12e1,actual,OPS,"{""sum"": [""OBP"", ""SLG""]}",0.7316077990000001
hitter,2024,Steamer,p_5d01293e94a7585a67693fb0,s_e836c111a81e98b9889ecaaa,actual,OPS,"{""sum"": [""OBP"", ""SLG""]}",0.7881020139999999
hitter,2024,Steamer,p_ac57765bdbb3034bbc1f2b61,s_01b2fb3c716bbfd2564b57a4,actual,OPS,"{""sum"": [""OBP"", ""SLG""]}",0.512615643
hitter,2024,Steamer,p_9135fc2468c32449f77b1f5b,s_f76dea613894d97e5fd15258,actual,OPS,"{""sum"": [""OBP"", ""SLG""]}",0.656887188
hitter,2024,Steamer,p_98faa1d5523b21adac215d1f,s_436ac430a808e00eacf2ad82,actual,OPS,"{""sum"": [""OBP"", ""SLG""]}",0.717514123
hitter,2024,Steamer,p_9424207a305885854f7bcd07,s_9ec47c5cbe8e88fda7d57d04,actual,OPS,"{""sum"": [""OBP"", ""SLG""]}",0.632679737
hitter,2024,Steamer,p_d15ee8551777e5c3a4d0aae0,s_ad6a4d549f1df397e87c4d1b,actual,OPS,"{""sum"": [""OBP"", ""SLG""]}",0.8403266220000001
hitter,2024,Steamer,p_713f11bb66125b24c64ef2d1,s_45ebbe9610f70a2be0b7eeb2,actual,OPS,"{""sum"": [""OBP"", ""SLG""]}",0.625116638
hitter,2024,Steamer,p_5ea69072becc5cf7c0a9e718,s_5a088d58e0bb6a05838bcf03,actual,OPS,"{""sum"": [""OBP"", ""SLG""]}",0.747081339
hitter,2024,Steamer,p_ba07987ec3defa0be7df57c7,s_0cf89dcd76def86d4e909628,actual,OPS,"{""sum"": [""OBP"", ""SLG""]}",0.711383834
hitter,2024,Steamer,p_aca63cd113ae58163f54b166,s_24a4d0a12d2d48126111d7fc,actual,OPS,"{""sum"": [""OBP"", ""SLG""]}",0.685498445
hitter,2024,Steamer,p_034871097292618cf33a0c4f,s_af6569672bf6d0cb7b5bfbe4,actual,OPS,"{""sum"": [""OBP"", ""SLG""]}",0.657562838
hitter,2024,Steamer,p_c4e9bd291c503b119d01518b,s_a780705c10063ff3da0103bf,actual,OPS,"{""sum"": [""OBP"", ""SLG""]}",0.606805781
hitter,2024,Steamer,p_940fa05875c6ec92a4c0f82a,s_8c421c1c91e18394660dbff1,actual,OPS,"{""sum"": [""OBP"", ""SLG""]}",0.7439296879999999
hitter,2024,Steamer,p_89571ae4477faeb62a16b64b,s_80e5f8245c70a0203d3c4c91,actual,OPS,"{""sum"": [""OBP"", ""SLG""]}",0.762181818
hitter,2024,Steamer,p_983f337494dd44856c74ae94,s_1d8b536aff82a947e1795e83,actual,OPS,"{""sum"": [""OBP"", ""SLG""]}",0.739241468
hitter,2024,Steamer,p_cf9af48ba71d61a22e7caa41,s_532e28c7bd617ac41b6f7403,actual,OPS,"{""sum"": [""OBP"", ""SLG""]}",0.619270938
hitter,2024,Steamer,p_2f297136e604768cca48d5f2,s_f04ac06d9530ffc090751445,actual,OPS,"{""sum"": [""OBP"", ""SLG""]}",0.646784443
hitter,2024,Steamer,p_212972d5e1d2c8460dc3a73b,s_ad340f4e82f2e1ce17007cca,actual,OPS,"{""sum"": [""OBP"", ""SLG""]}",0.729553039
hitter,2024,Steamer,p_3e75673e7335638cfe41e82a,s_98a5d38ef6f09b906d6fb75b,actual,OPS,"{""sum"": [""OBP"", ""SLG""]}",0.465071769
hitter,2024,Steamer,p_4a235c477ff97898bc829321,s_3a7b7b08dd94b6534f58da42,actual,OPS,"{""sum"": [""OBP"", ""SLG""]}",0.7202380939999999
hitter,2024,Steamer,p_34b3b6e9dd4f5cea6194f845,s_66d555b6d34653beb89dc233,actual,OPS,"{""sum"": [""OBP"", ""SLG""]}",0.690205893
hitter,2024,Steamer,p_26c07dbedac1bda5bffc2c42,s_c42285e0e12e99f52df35ec5,actual,OPS,"{""sum"": [""OBP"", ""SLG""]}",0.7091358489999999
hitter,2024,Steamer,p_981b2c7f83451c96f57a0b8f,s_6a3ef24b4823ab61a272785a,actual,OPS,"{""sum"": [""OBP"", ""SLG""]}",0.7071891379999999
hitter,2024,Steamer,p_824052e6b4549a4dea8cb103,s_337f29212da0ffe69ae60688,actual,OPS,"{""sum"": [""OBP"", ""SLG""]}",0.463010248
hitter,2024,Steamer,p_d074168cad7665ea1260b2c7,s_c927fe70223fa3218a84678e,actual,OPS,"{""sum"": [""OBP"", ""SLG""]}",0.6738187689999999
hitter,2024,Steamer,p_14d1280565f59b8db3772882,s_fa99c0a6a8b676699e711d04,actual,OPS,"{""sum"": [""OBP"", ""SLG""]}",0.83376513
hitter,2024,Steamer,p_949685b5495cd6ed803f6057,s_dffd7693e91d14fd50892249,actual,OPS,"{""sum"": [""OBP"", ""SLG""]}",0.613654164
hitter,2024,Steamer,p_8b3af4e00d6a58700b696caf,s_536720c17d56dac29b206d54,actual,OPS,"{""sum"": [""OBP"", ""SLG""]}",0.738534869
hitter,2024,Steamer,p_094352eb62dc9717947a5478,s_25dddd70343e726e9b06c61f,actual,OPS,"{""sum"": [""OBP"", ""SLG""]}",0.756578505
hitter,2024,Steamer,p_b3b7429144b65984ac116b64,s_21530ed1e57d8ea729fad6b4,actual,OPS,"{""sum"": [""OBP"", ""SLG""]}",0.7210365839999999
hitter,2024,Steamer,p_e426e5978913a7f613e9007b,s_4cf5e1011be4c80a9ee7239d,actual,OPS,"{""sum"": [""OBP"", ""SLG""]}",0.469358973
hitter,2024,Steamer,p_51e6b6a896f57028c6387f0a,s_f8717a76c49434d418f1c0e8,actual,OPS,"{""sum"": [""OBP"", ""SLG""]}",0.6902118230000001
hitter,2024,Steamer,p_fa7ae4948e0db5fc494c553f,s_22fdb99b37e35cb92e7e615a,actual,OPS,"{""sum"": [""OBP"", ""SLG""]}",0.636644905
hitter,2024,Steamer,p_c83d352443086e7f53e8ec08,s_14c1247276eee3a20d7ef726,actual,OPS,"{""sum"": [""OBP"", ""SLG""]}",0.924661679
hitter,2024,Steamer,p_43de269c43a2abc9eaaccc63,s_66f0319baeb00f8cb9bfe473,actual,OPS,"{""sum"": [""OBP"", ""SLG""]}",0.7389685340000001
hitter,2024,Steamer,p_45a4c94329ef45c21f405f71,s_afd45e8f3642378bc7c7b254,actual,OPS,"{""sum"": [""OBP"", ""SLG""]}",0.800040621
hitter,2024,Steamer,p_0073829d150626e88713a1af,s_cf184aa2fa07b15f6b3198bc,actual,OPS,"{""sum"": [""OBP"", ""SLG""]}",0.618662646
hitter,2024,Steamer,p_0173b722ac4118ed6cdf2900,s_b162665b64c8d23de0633893,actual,OPS,"{""sum"": [""OBP"", ""SLG""]}",0.654268839
hitter,2024,Steamer,p_780c8c603f85a04c341a9865,s_b0a827f9403c956f30e2b781,actual,OPS,"{""sum"": [""OBP"", ""SLG""]}",0.696369314
hitter,2024,Steamer,p_ff3b072d82919b7204d60391,s_9d1588b5007b01e9424d5570,actual,OPS,"{""sum"": [""OBP"", ""SLG""]}",0.626475278
hitter,2024,Steamer,p_8a7e7a5df7676ae9c7c629fc,s_888ff3cb46718e0dcd3e67d2,actual,OPS,"{""sum"": [""OBP"", ""SLG""]}",0.82597623
hitter,2024,Steamer,p_31b75a6620ad0e384f24ca3c,s_bb45c049b9f8ff299ec9d08f,actual,OPS,"{""sum"": [""OBP"", ""SLG""]}",0.563388196
hitter,2024,Steamer,p_a10691810a3a9049724c355e,s_bf6656633a2793a5b874dc64,actual,OPS,"{""sum"": [""OBP"", ""SLG""]}",0.664798121
hitter,2024,Steamer,p_8ee0eb5cae5daa0d79a54f41,s_15ecfafffd16005517ade717,actual,OPS,"{""sum"": [""OBP"", ""SLG""]}",0.760664652
hitter,2024,Steamer,p_abe047f07a0efa446f4a36de,s_863838f535fd7199f356abe8,actual,OPS,"{""sum"": [""OBP"", ""SLG""]}",0.663871084
hitter,2024,Steamer,p_ddf817cabc06756b0e3c52c8,s_06b3a6b73cbbc881f335319e,actual,OPS,"{""sum"": [""OBP"", ""SLG""]}",0.7264674289999999
hitter,2024,Steamer,p_f20437b72fe7159ab93a164b,s_a081bf0e3d46bcd852ecdf36,actual,OPS,"{""sum"": [""OBP"", ""SLG""]}",0.574917708
hitter,2024,Steamer,p_cceba36110b2ebeda8120995,s_48d09f0f65692c58b7659aa4,actual,OPS,"{""sum"": [""OBP"", ""SLG""]}",0.685876453
hitter,2024,Steamer,p_1c2555fab0a44a8694e53597,s_4e48d93713d5d6f27585f5ab,actual,OPS,"{""sum"": [""OBP"", ""SLG""]}",0.786193339
hitter,2024,Steamer,p_454c91d5fcc247805270d694,s_9b1986a9396e3cc3a1e431f7,actual,OPS,"{""sum"": [""OBP"", ""SLG""]}",0.549967589
hitter,2024,Steamer,p_0b1f16cb17d8c26e63a90351,s_c32b79be149c8d132dc89666,actual,OPS,"{""sum"": [""OBP"", ""SLG""]}",0.763332188
hitter,2024,Steamer,p_e2a6b3fb9b9c46752f076393,s_e128594c9ba435c5ae2a1849,actual,OPS,"{""sum"": [""OBP"", ""SLG""]}",0.7246024529999999
hitter,2024,Steamer,p_c5052dde404660cf9ce169d1,s_0d56131bdc02cb8acb2b2d80,actual,OPS,"{""sum"": [""OBP"", ""SLG""]}",0.761555916
hitter,2024,Steamer,p_1bb082b12901fa7cb5d4c846,s_a3d708452fa6941529503019,actual,OPS,"{""sum"": [""OBP"", ""SLG""]}",0.594616513
hitter,2024,Steamer,p_08f6887f65d655a4a2baf9d5,s_e90d4e1d324e00bf60422cae,actual,OPS,"{""sum"": [""OBP"", ""SLG""]}",0.577328159
hitter,2024,Steamer,p_f833a627792ee898758f75c1,s_ccd0d72ccafdae36b4d03087,actual,OPS,"{""sum"": [""OBP"", ""SLG""]}",0.684582799
hitter,2024,Steamer,p_a2bf095f9201f07a43ff1926,s_52b827ed2e9fdc2b554425d2,actual,OPS,"{""sum"": [""OBP"", ""SLG""]}",0.6516594499999999
hitter,2024,Steamer,p_0575c7ada041df0cca2d5549,s_f51cd74e866e1447e7d6529e,actual,OPS,"{""sum"": [""OBP"", ""SLG""]}",0.7385969809999999
hitter,2024,Steamer,p_9f8e5fcf717acc70a142d6b8,s_9d1796c848907fee9c3fd941,actual,OPS,"{""sum"": [""OBP"", ""SLG""]}",0.907762899
hitter,2024,Steamer,p_b7f93fa6cd2a0022c2f4073c,s_c18a1a2e81d4bfe0fd32b775,actual,OPS,"{""sum"": [""OBP"", ""SLG""]}",0.6753299319999999
hitter,2024,Steamer,p_8d64e39982b70f86006ac025,s_b967937513cdc25a25c2dafa,actual,OPS,"{""sum"": [""OBP"", ""SLG""]}",0.7591979179999999
hitter,2024,Steamer,p_6a6f47011a0fdf81335ada30,s_b308cc1b02d8f2bf801cdb57,actual,OPS,"{""sum"": [""OBP"", ""SLG""]}",0.74258049
hitter,2024,Steamer,p_85aa2b0fe3e8fb526c91f73a,s_206e975db6b0039f8461b484,actual,OPS,"{""sum"": [""OBP"", ""SLG""]}",0.682632118
hitter,2024,Steamer,p_9688f2cceb46676f818de1b7,s_a32f9a2480c7e5789bc590dd,actual,OPS,"{""sum"": [""OBP"", ""SLG""]}",0.644416814
hitter,2024,Steamer,p_0d7067889926958f567a5660,s_a6542495f2fc68472d2eef3f,actual,OPS,"{""sum"": [""OBP"", ""SLG""]}",0.715557216
hitter,2024,Steamer,p_c2215c37439fe2db6d555fe3,s_63143cb2611e7bb059f78317,actual,OPS,"{""sum"": [""OBP"", ""SLG""]}",0.6205214450000001
hitter,2024,Steamer,p_abdfe3139ed4c9eda6ce0c37,s_e25b7813d9005994d9362960,actual,OPS,"{""sum"": [""OBP"", ""SLG""]}",0.790938227
hitter,2024,Steamer,p_3a8dce49800801c45f47c67d,s_46651df820cfafbbfbb46202,actual,OPS,"{""sum"": [""OBP"", ""SLG""]}",0.782959587
hitter,2024,Steamer,p_49284b363959e469c6d521d3,s_fcf9ac2176f68714a0bce9bd,actual,OPS,"{""sum"": [""OBP"", ""SLG""]}",0.686764521
hitter,2024,Steamer,p_447d5b4369f4ab8fcc53abf4,s_f51c24d18b8e88d00b3580aa,actual,OPS,"{""sum"": [""OBP"", ""SLG""]}",0.620262535
hitter,2024,Steamer,p_34425c8d8ba5966e2a935516,s_bce6326ecbaa529f77d12dfd,actual,OPS,"{""sum"": [""OBP"", ""SLG""]}",0.6463612759999999
hitter,2024,Steamer,p_ed4a6ec9fe44d2dea82bc36f,s_fb9c6579877591cd55a70a3d,actual,OPS,"{""sum"": [""OBP"", ""SLG""]}",0.715035177
hitter,2024,Steamer,p_b0c1c14191ad2b5fe0bb6695,s_b6ace01801dc76abad07fc23,actual,OPS,"{""sum"": [""OBP"", ""SLG""]}",0.6499951020000001
hitter,2024,Steamer,p_93e2518a360652181cbea37d,s_244ce8da7ad42deed2ec3fa9,actual,OPS,"{""sum"": [""OBP"", ""SLG""]}",0.661532258
hitter,2024,Steamer,p_b28f3ce8ca53acc4ad480234,s_8358dd28ad1ff3712b5f9e43,actual,OPS,"{""sum"": [""OBP"", ""SLG""]}",0.361356931
hitter,2024,Steamer,p_0054b0f7e9600263c4339080,s_37250c43ec5508c23ef6bc91,actual,OPS,"{""sum"": [""OBP"", ""SLG""]}",0.623332524
hitter,2024,Steamer,p_3eccdbd6ff4e950207c3e8e4,s_05b296ad405d0f630c021a26,actual,OPS,"{""sum"": [""OBP"", ""SLG""]}",0.7369686200000001
hitter,2024,Steamer,p_81fa67da8e4a65aba1f1942b,s_7f8b283c96063471efbabe20,actual,OPS,"{""sum"": [""OBP"", ""SLG""]}",0.652228975
hitter,2024,Steamer,p_9f9b58cf9004c9e1b74f4f5e,s_d9ee5d88a2d68e3a89694707,actual,OPS,"{""sum"": [""OBP"", ""SLG""]}",0.647445167
hitter,2024,Steamer,p_26a8a517c6eb9d8b6968c481,s_28dd188a667e13239e96aeb4,actual,OPS,"{""sum"": [""OBP"", ""SLG""]}",0.894374781
hitter,2024,Steamer,p_f23d1d9035065b244f5e458f,s_7d3c01e994c4d26552c1c5f9,actual,OPS,"{""sum"": [""OBP"", ""SLG""]}",0.723677452
hitter,2024,Steamer,p_4acef52c25b5e9602e6d7849,s_10bd6e070ec517e18f268378,actual,OPS,"{""sum"": [""OBP"", ""SLG""]}",0.463108954
hitter,2024,Steamer,p_27a4e13bd2bd883ef6cf0f68,s_028013080ac930a1cf83c704,actual,OPS,"{""sum"": [""OBP"", ""SLG""]}",0.608285784
hitter,2024,Steamer,p_ec46ba3925a24605aacacf22,s_629dd2ea607d2a1f9b093bdc,actual,OPS,"{""sum"": [""OBP"", ""SLG""]}",0.630272108
hitter,2024,Steamer,p_e7a6da04b2b0c84531277f57,s_832c48774aa15af789ef2a09,actual,OPS,"{""sum"": [""OBP"", ""SLG""]}",0.6409326360000001
hitter,2024,Steamer,p_eee8adf491cb30aad8c0c2e7,s_0da42aa01db463f1210afccc,actual,OPS,"{""sum"": [""OBP"", ""SLG""]}",0.927091908
hitter,2024,Steamer,p_3600755d96c052bc6d329493,s_02a0070e7546410b1989d9df,actual,OPS,"{""sum"": [""OBP"", ""SLG""]}",0.610684937
hitter,2024,Steamer,p_83161ed742ee108f5b6c36e3,s_af9c787a2f910b8ab33a1f43,actual,OPS,"{""sum"": [""OBP"", ""SLG""]}",0.745053253
hitter,2024,Steamer,p_cc4f8c9a25aeb6dbca4880d7,s_23883032f48c22359f258545,actual,OPS,"{""sum"": [""OBP"", ""SLG""]}",0.422494171
hitter,2024,Steamer,p_dde3e9d72e8ee8edfa0affd9,s_8748918e3043e31fd97609bf,actual,OPS,"{""sum"": [""OBP"", ""SLG""]}",0.420705609
hitter,2024,Steamer,p_965a6ea3817c304cc282796b,s_2bf18b73e2d906052588ebff,actual,OPS,"{""sum"": [""OBP"", ""SLG""]}",0.607599561
hitter,2024,Steamer,p_1d7e8678c5830f3f0069f0d2,s_21bd8c56b7d97cf458a935cb,actual,OPS,"{""sum"": [""OBP"", ""SLG""]}",0.780794267
hitter,2024,Steamer,p_8010bf50d9cac90da8bc9c88,s_37a169e971f15d77bb7ebe49,actual,OPS,"{""sum"": [""OBP"", ""SLG""]}",0.730610749
hitter,2024,Steamer,p_17359d602cb142314bd90053,s_e19f73029526532a75e2142f,actual,OPS,"{""sum"": [""OBP"", ""SLG""]}",0.8117300970000001
hitter,2024,Steamer,p_12ab82bfc52a6eb89981c8ef,s_ae749e22b7c89a5fba6805f1,actual,OPS,"{""sum"": [""OBP"", ""SLG""]}",0.931831109
hitter,2024,Steamer,p_a90fbbe8cfc6dbd95768136c,s_7c5061367d40133cad749a5d,actual,OPS,"{""sum"": [""OBP"", ""SLG""]}",0.515570934
hitter,2024,Steamer,p_affde6872bd6da6eac225574,s_15079c6fc666cf3f6952dd02,actual,OPS,"{""sum"": [""OBP"", ""SLG""]}",0.747742548
hitter,2024,Steamer,p_1a2ff168ae4dee38f3f0da86,s_6b2ca7d4f3f29364d5c627fd,actual,OPS,"{""sum"": [""OBP"", ""SLG""]}",0.702740937
hitter,2024,Steamer,p_79533d36604898f85009f47a,s_797372d85b801d62de3dd9ed,actual,OPS,"{""sum"": [""OBP"", ""SLG""]}",0.678918168
hitter,2024,Steamer,p_91133680e8e4cb762502f288,s_acdbde014d3383e72863400a,actual,OPS,"{""sum"": [""OBP"", ""SLG""]}",0.7349492339999999
hitter,2024,Steamer,p_2be2114f21490ac33af4d359,s_b3e4213de818bf0d64337edd,actual,OPS,"{""sum"": [""OBP"", ""SLG""]}",0.375791854
hitter,2024,Steamer,p_324d7824f4bfab517e2b6f94,s_5d490dd7d6fb41b67a2fde41,actual,OPS,"{""sum"": [""OBP"", ""SLG""]}",0.549243927
hitter,2024,Steamer,p_14e237b15421137a6441571c,s_7725ca5177c11133ea3d7502,actual,OPS,"{""sum"": [""OBP"", ""SLG""]}",0.575218805
hitter,2024,Steamer,p_42767f2ef4cd11bba011e99d,s_c82836513892c6fb7d48fca5,actual,OPS,"{""sum"": [""OBP"", ""SLG""]}",0.782065389
hitter,2024,Steamer,p_fa9150432cf11843e4d50fdd,s_17d97d912660b947c4aa4649,actual,OPS,"{""sum"": [""OBP"", ""SLG""]}",0.62598162
hitter,2024,Steamer,p_6a0c1d9c45e972fd4dd6509b,s_372ef89cbed4579b8dbc05ca,actual,OPS,"{""sum"": [""OBP"", ""SLG""]}",0.764334956
hitter,2024,Steamer,p_d94be8ab4a683b6d6e3536bf,s_fe34f0728f198c0616961c38,actual,OPS,"{""sum"": [""OBP"", ""SLG""]}",0.704166666
hitter,2024,Steamer,p_7c7b46475a55fc9446621efc,s_fcb0ccb4699d88865fbc3e5f,actual,OPS,"{""sum"": [""OBP"", ""SLG""]}",0.773295088
hitter,2024,Steamer,p_8e68856222023e03ed776af4,s_ae5ce1326b0bc7d2313e330e,actual,OPS,"{""sum"": [""OBP"", ""SLG""]}",0.601358446
hitter,2024,Steamer,p_f3bb19b4ab6bc68f9f1f98fc,s_b8ae9f6650d0ef62fdd0569d,actual,OPS,"{""sum"": [""OBP"", ""SLG""]}",0.6893776030000001
hitter,2024,Steamer,p_72f8986dd2cfdf854e6d9496,s_6716d6b1e96d4a4a70b598b3,actual,OPS,"{""sum"": [""OBP"", ""SLG""]}",0.657167105
hitter,2024,Steamer,p_8d25944b1dbc5d259bcfda0c,s_39ea77948a431e630f8cdb29,actual,OPS,"{""sum"": [""OBP"", ""SLG""]}",0.543341203
hitter,2024,Steamer,p_ce5180c6b9ee3b8dc8c9de6b,s_3be1ebc50d2c77dd58110e99,actual,OPS,"{""sum"": [""OBP"", ""SLG""]}",0.6606475709999999
hitter,2024,Steamer,p_fb066c9d1d9ad1ef88a158d8,s_64d18181096b39ec82032cee,actual,OPS,"{""sum"": [""OBP"", ""SLG""]}",0.7002184440000001
hitter,2024,Steamer,p_19514f95f70ecb1c86cbde9b,s_89245e2829d0033511ef0c00,actual,OPS,"{""sum"": [""OBP"", ""SLG""]}",0.6168278519999999
hitter,2024,Steamer,p_c347beb197dc45a63da2eb7d,s_084decd7339db1262044d67e,actual,OPS,"{""sum"": [""OBP"", ""SLG""]}",0.760644665
hitter,2024,Steamer,p_555c31592ee254939e1d07dc,s_5d2ccb2175b04cefa829116d,actual,OPS,"{""sum"": [""OBP"", ""SLG""]}",0.653310719
hitter,2024,Steamer,p_edf8657586c7b50067f79dfb,s_f1e1293eef0b6cdbe239d72b,actual,OPS,"{""sum"": [""OBP"", ""SLG""]}",0.767749401
hitter,2024,Steamer,p_e6af781faea0daa3f5e4bba5,s_2fcfcd4695a770afb1aa8cfe,actual,OPS,"{""sum"": [""OBP"", ""SLG""]}",0.6522248239999999
hitter,2024,Steamer,p_e4c0ca3fb703744e742784cc,s_21abd604540aca3da285f4f7,actual,OPS,"{""sum"": [""OBP"", ""SLG""]}",0.690932318
hitter,2024,Steamer,p_2724acfafc878fd4c34e93e8,s_0bb7fcb0ee37a40e90c75288,actual,OPS,"{""sum"": [""OBP"", ""SLG""]}",0.813693703
hitter,2024,Steamer,p_89c17b1b7984d5edf458e9aa,s_fb635a5d7d56e6c6c8b68bcd,actual,OPS,"{""sum"": [""OBP"", ""SLG""]}",0.6736211480000001
hitter,2024,Steamer,p_38d7241e29090de68e34bc2f,s_fbfae0c4d1475cf1ebfa70b9,actual,OPS,"{""sum"": [""OBP"", ""SLG""]}",0.716534942
hitter,2024,Steamer,p_734724174f1233575d37ef2a,s_0e7e922b00f6a3e12799e87c,actual,OPS,"{""sum"": [""OBP"", ""SLG""]}",0.654093043
hitter,2024,Steamer,p_bab287670fa987eb0b917507,s_2e1833220b305a7a75b0d9ed,actual,OPS,"{""sum"": [""OBP"", ""SLG""]}",0.529452453
hitter,2024,Steamer,p_c1d6d30afc2b3b0e5d39410e,s_52c4e50d6b29472faf4cc1ee,actual,OPS,"{""sum"": [""OBP"", ""SLG""]}",0.606042741
hitter,2024,Steamer,p_23e0b260009583de186ff99f,s_bb5e9a502a27a07199c85f3c,actual,OPS,"{""sum"": [""OBP"", ""SLG""]}",0.502860695
hitter,2024,Steamer,p_5c8b0e2a4b0429d3d6458e79,s_2177dd9e9fbcb4e4f9582044,actual,OPS,"{""sum"": [""OBP"", ""SLG""]}",0.586291439
hitter,2024,Steamer,p_a3174cf7ae27e035227413ca,s_914d46c845d3afd19b16b43d,actual,OPS,"{""sum"": [""OBP"", ""SLG""]}",0.6966606559999999
hitter,2024,Steamer,p_67d7924a39e13f094552a659,s_4465e7859a16ff4dfa6b220a,actual,OPS,"{""sum"": [""OBP"", ""SLG""]}",0.415204678
hitter,2024,Steamer,p_1d5460116d6a4b1197a68140,s_a71eea62a7fc906ff8f818aa,actual,OPS,"{""sum"": [""OBP"", ""SLG""]}",0.593225927
hitter,2024,Steamer,p_afa3696617369fa9fd1578ef,s_9de5fb1f304b7d4c75625355,actual,OPS,"{""sum"": [""OBP"", ""SLG""]}",0.6136234119999999
hitter,2024,Steamer,p_998a708748e7e70acc1eee1d,s_96a5f442bc5b216571510931,actual,OPS,"{""sum"": [""OBP"", ""SLG""]}",0.687843406
hitter,2024,Steamer,p_41adaed6cd990313cac1c28c,s_bfad0a1576eb0bf9468d76cd,actual,OPS,"{""sum"": [""OBP"", ""SLG""]}",0.807364432
hitter,2024,Steamer,p_66ae1ff3d59748406c4525f6,s_9ae2dc8e7e2365c488e5014e,actual,OPS,"{""sum"": [""OBP"", ""SLG""]}",0.60861482
hitter,2024,Steamer,p_c89880c7125c5de1ef428333,s_fb59ceb16689738485528408,actual,OPS,"{""sum"": [""OBP"", ""SLG""]}",0.7229146689999999
hitter,2024,Steamer,p_b6929f210270f100a8a18646,s_2de63004a9f6d5e1ce410000,actual,OPS,"{""sum"": [""OBP"", ""SLG""]}",0.5353838449999999
hitter,2024,Steamer,p_7b5d1a173b863deb0b76a4d6,s_900bbea1111a6be2fd1e569a,actual,OPS,"{""sum"": [""OBP"", ""SLG""]}",0.77461313
hitter,2024,Steamer,p_dc046f34bce4a57510ab0b8a,s_d899e0fe55a5e6cfd3ed2baa,actual,OPS,"{""sum"": [""OBP"", ""SLG""]}",0.700672522
hitter,2024,Steamer,p_070e96f6f1ea057c6fff0a7d,s_d5f967debec7ea30552b1a7f,actual,OPS,"{""sum"": [""OBP"", ""SLG""]}",0.65354042
hitter,2024,Steamer,p_5fea85dc160e063a71ff0504,s_92e2e18d391949fa8b7822c6,actual,OPS,"{""sum"": [""OBP"", ""SLG""]}",0.598428666
hitter,2024,Steamer,p_c3256a07b8bac1f086784cc2,s_26c9c42060d2740adfad3025,actual,OPS,"{""sum"": [""OBP"", ""SLG""]}",0.7373798069999999
hitter,2024,Steamer,p_c1cd83784b034e2f932fceba,s_8314611237cbb18d46a01401,actual,OPS,"{""sum"": [""OBP"", ""SLG""]}",0.650315939
hitter,2024,Steamer,p_1620fd75bf9b990881bb94fb,s_b9704a78c97f0088079e06c5,actual,OPS,"{""sum"": [""OBP"", ""SLG""]}",0.630983301
hitter,2024,Steamer,p_c6ac3aa8bb1da5cdad4a2ee9,s_a32073f4eed18784389bb10f,actual,OPS,"{""sum"": [""OBP"", ""SLG""]}",0.646876801
hitter,2024,Steamer,p_eed974693204a607f756bb81,s_e2d02a134ce88d339e0db029,actual,OPS,"{""sum"": [""OBP"", ""SLG""]}",0.57568007
hitter,2024,Steamer,p_376836ac6c44d0cd8f0e6415,s_e4defea37926e52d1d6dfce5,actual,OPS,"{""sum"": [""OBP"", ""SLG""]}",0.670478253
hitter,2024,Steamer,p_a428e39a0003f8c0f9cc53fe,s_d5d2ae917072b2540cc770f6,actual,OPS,"{""sum"": [""OBP"", ""SLG""]}",0.772727272
hitter,2024,Steamer,p_5e0944f2a44bb662ff478989,s_3af6e3685255c062e592d2ab,actual,OPS,"{""sum"": [""OBP"", ""SLG""]}",0.502113458
hitter,2024,Steamer,p_bf4b6d6a344e848bb99ebb0d,s_2b1aeb36dd46dc828e860562,actual,OPS,"{""sum"": [""OBP"", ""SLG""]}",0.747736884
hitter,2024,Steamer,p_ad59e079dea6193c333f1d50,s_c322b43c29142a3adc75dafb,actual,OPS,"{""sum"": [""OBP"", ""SLG""]}",0.604017215
hitter,2024,Steamer,p_6525dc93ba2de7e1b5e75be6,s_bcd76adb622ef944f1650fc6,actual,OPS,"{""sum"": [""OBP"", ""SLG""]}",0.6293992820000001
hitter,2024,Steamer,p_8653cdcc68d87c5feacb31a7,s_7f3cfc05c8b573c49a812dd9,actual,OPS,"{""sum"": [""OBP"", ""SLG""]}",0.837324401
hitter,2024,Steamer,p_37802465e918b505100a2f85,s_02cad522c874829934912a3d,actual,OPS,"{""sum"": [""OBP"", ""SLG""]}",0.445820432
hitter,2024,Steamer,p_5cc1c43544dd4a46bb1ba424,s_0c50cb87788a4c3f36770783,actual,OPS,"{""sum"": [""OBP"", ""SLG""]}",0.7486283170000001
hitter,2024,Steamer,p_f473d4f7c4bf84ef62cdf005,s_dd947af5c7efe9444a786da9,actual,OPS,"{""sum"": [""OBP"", ""SLG""]}",0.668031957
hitter,2024,Steamer,p_6af69ff4c947bafc8bdfa219,s_2739e57976b105147376d7ce,actual,OPS,"{""sum"": [""OBP"", ""SLG""]}",0.7028999010000001
hitter,2024,Steamer,p_c8daa367e2a394e88a3a2b3a,s_dadad40f65f77368f9035279,actual,OPS,"{""sum"": [""OBP"", ""SLG""]}",0.697232659
hitter,2024,Steamer,p_16c8a61592460a4590a285cf,s_dea17903639404e38eaeccf5,actual,OPS,"{""sum"": [""OBP"", ""SLG""]}",0.763689789
hitter,2024,Steamer,p_1c4fbcfee892342c211c40ad,s_ff7472a243e84a48792147c6,actual,OPS,"{""sum"": [""OBP"", ""SLG""]}",0.463129796
hitter,2024,Steamer,p_56d916df39c8dfba62c80c88,s_e302af7b1272bd5374297563,actual,OPS,"{""sum"": [""OBP"", ""SLG""]}",0.6873023709999999
hitter,2024,Steamer,p_3df3de11935400a2046d0e22,s_1a84542e1f1b1839a5dda801,actual,OPS,"{""sum"": [""OBP"", ""SLG""]}",0.692278545
hitter,2024,Steamer,p_94c59daacd9df75ff2c1cc3e,s_a2f043b79b6bce677108ab00,actual,OPS,"{""sum"": [""OBP"", ""SLG""]}",0.666820424
hitter,2024,Steamer,p_92fb95aa919ddbe36555cc15,s_1b6ef271945df287fa562347,actual,OPS,"{""sum"": [""OBP"", ""SLG""]}",0.613527341
hitter,2024,Steamer,p_87ef808c4b08eb6444f8d2c2,s_4fee3dea7ff46a32df43113d,actual,OPS,"{""sum"": [""OBP"", ""SLG""]}",0.699358973
hitter,2024,Steamer,p_319f7bf62b5aabaa5ffbf892,s_205a9e282e82f2490aeefaf3,actual,OPS,"{""sum"": [""OBP"", ""SLG""]}",0.6132459450000001
hitter,2024,Steamer,p_b3b8ac27160931104baef466,s_8dadccac96062169a452692c,actual,OPS,"{""sum"": [""OBP"", ""SLG""]}",0.49633699600000003
hitter,2024,Steamer,p_b3bb02b504668e533982a296,s_0d1dd9380dc78e2221f57010,actual,OPS,"{""sum"": [""OBP"", ""SLG""]}",0.561890837
hitter,2024,Steamer,p_c8a4acd1fcace66129321919,s_b2170aa2558212ae99db6d86,actual,OPS,"{""sum"": [""OBP"", ""SLG""]}",0.6383116879999999
hitter,2024,Steamer,p_b81e8091caa82f7d71c86390,s_06b1fefa06e5e998b85095d6,actual,OPS,"{""sum"": [""OBP"", ""SLG""]}",0.520882058
hitter,2024,Steamer,p_19d6f72431cccfd9decc553f,s_4eba9f106dc8dcb5306ea076,actual,OPS,"{""sum"": [""OBP"", ""SLG""]}",0.6397667010000001
hitter,2024,Steamer,p_aca016cd21ee7544840400c6,s_79c2f301edab1e27577fa9dc,actual,OPS,"{""sum"": [""OBP"", ""SLG""]}",0.760003201
hitter,2024,Steamer,p_e7700021cd8397fee130db6a,s_cc294a4e1f0d2e2c7e030368,actual,OPS,"{""sum"": [""OBP"", ""SLG""]}",0.633454349
hitter,2024,Steamer,p_dcbd85c04cb775142933b0a9,s_c22aa6a82ac7a27fb502a86d,actual,OPS,"{""sum"": [""OBP"", ""SLG""]}",0.621943702
hitter,2024,Steamer,p_93f0cbe4ba8d32de88ebd386,s_10bc6eec87329111be33773a,actual,OPS,"{""sum"": [""OBP"", ""SLG""]}",0.8393103550000001
hitter,2024,Steamer,p_3c460b6a52cddaebe4d7306c,s_15bbd905355a22545ea27a25,actual,OPS,"{""sum"": [""OBP"", ""SLG""]}",0.611478483
hitter,2024,Steamer,p_305a89cbe0ae6fdb7ab1e9a7,s_cee40304421e66357c140253,actual,OPS,"{""sum"": [""OBP"", ""SLG""]}",0.507805746
hitter,2024,Steamer,p_5ce3f1337c6a59836bdfb343,s_7c4e378a82c0097a4eed6298,actual,OPS,"{""sum"": [""OBP"", ""SLG""]}",0.5198257070000001
hitter,2024,Steamer,p_c6e14bf6411d700d054a3e6b,s_7c1cedc8cde8562acf091dc7,actual,OPS,"{""sum"": [""OBP"", ""SLG""]}",0.6989795910000001
hitter,2024,Steamer,p_4af00e3fa0b959847f3eac9e,s_a448cdcad29d602970135cea,actual,OPS,"{""sum"": [""OBP"", ""SLG""]}",0.664213564
hitter,2024,Steamer,p_2df0748ced386bc886f0bded,s_a4e4f282ba85462c560b09c9,actual,OPS,"{""sum"": [""OBP"", ""SLG""]}",0.584632305
hitter,2024,Steamer,p_84103dfa2943d73227acbe41,s_13f919c25ce71a217925767c,actual,OPS,"{""sum"": [""OBP"", ""SLG""]}",0.74068404
hitter,2024,Steamer,p_a75bd301e57b0037086e420d,s_820da011f52a4b77de62fe5e,actual,OPS,"{""sum"": [""OBP"", ""SLG""]}",0.54419014
hitter,2024,Steamer,p_a08218aacd60db921dac40ba,s_5bfdc9cfae4d9e217433d262,actual,OPS,"{""sum"": [""OBP"", ""SLG""]}",0.5
hitter,2024,Steamer,p_7d6df8c8a5a5f404c9b1c9d7,s_d81478182c09589cd967e7ab,actual,OPS,"{""sum"": [""OBP"", ""SLG""]}",0.574816901
hitter,2024,Steamer,p_2750ac3fc6e5429d75c00551,s_18b4de76944f91b2f17b23a8,actual,OPS,"{""sum"": [""OBP"", ""SLG""]}",0.574367193
hitter,2024,Steamer,p_a315a53749353a0cc7a5688d,s_0be02c43febd840e890b611d,actual,OPS,"{""sum"": [""OBP"", ""SLG""]}",0.4375
hitter,2024,Steamer,p_226b98a3af9e6649b714b44e,s_1708f81f36e38df57a2ef7f4,actual,OPS,"{""sum"": [""OBP"", ""SLG""]}",0.5077062210000001
hitter,2024,Steamer,p_34ccd8b501bbb85c38a690a6,s_24bfe44732274a04b912e0b3,actual,OPS,"{""sum"": [""OBP"", ""SLG""]}",0.609103078
hitter,2024,Steamer,p_65233ab523d0b1f99d98e44e,s_4a4e6a126e2fa5b82aa27995,actual,OPS,"{""sum"": [""OBP"", ""SLG""]}",0.5188394270000001
hitter,2024,Steamer,p_e98cd9ddacdea1f7cbfb388e,s_c923805b1e5d2131989d43b7,actual,OPS,"{""sum"": [""OBP"", ""SLG""]}",0.624149659
hitter,2024,Steamer,p_b5dc590f86056ea0c359821b,s_bf32d152bcbd9522ea775bca,actual,OPS,"{""sum"": [""OBP"", ""SLG""]}",0.293213148
hitter,2024,Steamer,p_010384a5153c3b7b0fb247e5,s_193383f5abcfb926b18afea1,actual,OPS,"{""sum"": [""OBP"", ""SLG""]}",0.451041666
hitter,2024,Steamer,p_83a60be2623269dba3d01184,s_78ac6232418ff229e3202851,actual,OPS,"{""sum"": [""OBP"", ""SLG""]}",0.830065359
hitter,2024,Steamer,p_ca9cb370432f3712d1a35d7f,s_e0681d34eb67d7197cfb4bce,actual,OPS,"{""sum"": [""OBP"", ""SLG""]}",0.738869624
hitter,2024,Steamer,p_a26b0d1d7a4d2e958b5d936d,s_f3ba5367edd96e5c71350a0f,actual,OPS,"{""sum"": [""OBP"", ""SLG""]}",0.725285553
hitter,2024,Steamer,p_93147868d8b8ef25dc5ff7ce,s_9992b96f18f530de518b9efe,actual,OPS,"{""sum"": [""OBP"", ""SLG""]}",0.8199925020000001
hitter,2024,Steamer,p_94167fd7836504fba77eddb7,s_e310f464965eacfb4a95fe1f,actual,OPS,"{""sum"": [""OBP"", ""SLG""]}",0.642966046
hitter,2024,Steamer,p_b4a85484b1990f2d6f0bdfb3,s_5d352c2afb7a1fe39155ec52,actual,OPS,"{""sum"": [""OBP"", ""SLG""]}",0.734186746
hitter,2024,Steamer,p_0a0dae9c4fb855ec5e7a94c3,s_f51b989fb477bd05edda2248,actual,OPS,"{""sum"": [""OBP"", ""SLG""]}",0.809817754
hitter,2024,Steamer,p_08ae04aabc21677b06e0f5b5,s_6c027b2613c3d6140d943b84,actual,OPS,"{""sum"": [""OBP"", ""SLG""]}",0.731169588
hitter,2024,Steamer,p_186ced07377f7a0aad91a0e7,s_b32fef813feb95a970a67077,actual,OPS,"{""sum"": [""OBP"", ""SLG""]}",0.583846153
hitter,2024,Steamer,p_e0a6385275b8fd42c026da9f,s_4ef9dec0ac0505f8506d245e,actual,OPS,"{""sum"": [""OBP"", ""SLG""]}",0.337453358
hitter,2024,Steamer,p_d570178e121f3df05edac8b9,s_017f3f867858886c93d12bca,actual,OPS,"{""sum"": [""OBP"", ""SLG""]}",0.617004263
hitter,2024,Steamer,p_3b4b903bf0ec409efa7f7c4b,s_6bd558424e65cd6b3c62e422,actual,OPS,"{""sum"": [""OBP"", ""SLG""]}",0.744816585
hitter,2024,Steamer,p_5da01fdd146ed628dfefc5f8,s_c90ecc91d260f0cbc5aad48e,actual,OPS,"{""sum"": [""OBP"", ""SLG""]}",0.49711058500000005
hitter,2024,Steamer,p_e0274d8a9c2bcf25b465455d,s_46bd0d1e6c0ff24c54d2f071,actual,OPS,"{""sum"": [""OBP"", ""SLG""]}",0.493243243
hitter,2024,Steamer,p_3022da48fbdb4f93917ac8ff,s_e2e5dbe1fcfa6ccd771c23e0,actual,OPS,"{""sum"": [""OBP"", ""SLG""]}",0.7754385960000001
hitter,2024,Steamer,p_635860f92d6161a5d5346c31,s_311e52f6086b66ee553a773c,actual,OPS,"{""sum"": [""OBP"", ""SLG""]}",0.5606874319999999
hitter,2024,Steamer,p_7a73d79a099a02d80efb70ee,s_dd3e5d24df4f98d3d546b69d,actual,OPS,"{""sum"": [""OBP"", ""SLG""]}",0.734664508
hitter,2024,Steamer,p_a8b8bf9ed5ff58501c45d9d8,s_be8708cca6634f01ddd41843,actual,OPS,"{""sum"": [""OBP"", ""SLG""]}",0.561904761
hitter,2024,Steamer,p_c2bb9eee6ff9a8dfac3ffee7,s_fa83fee63e3bc2bcdf682378,actual,OPS,"{""sum"": [""OBP"", ""SLG""]}",0.368131867
hitter,2024,Steamer,p_9d5a2c2ad1a5803de88379b4,s_bbbcb3a6158317b99272cced,actual,OPS,"{""sum"": [""OBP"", ""SLG""]}",0.647260891
hitter,2024,Steamer,p_4d4c6c49b9e53cf5eea7989d,s_20f4f7a6bfd021f1043569cb,actual,OPS,"{""sum"": [""OBP"", ""SLG""]}",0.817824543
hitter,2024,Steamer,p_554a078086b51a0bb83f41e0,s_7156d4b72e29e359e9f3b082,actual,OPS,"{""sum"": [""OBP"", ""SLG""]}",0.5657894729999999
hitter,2024,Steamer,p_dc25209b8d6f78bd1ff199d1,s_01e238e573cbd43c0bbbfd83,actual,OPS,"{""sum"": [""OBP"", ""SLG""]}",0.743125418
hitter,2024,Steamer,p_89ada5eacdc2c58a0bedad08,s_e4d624e104e6c80321ef4c03,actual,OPS,"{""sum"": [""OBP"", ""SLG""]}",0.569327993
hitter,2024,Steamer,p_b50c7faba421a14abbde4832,s_cef22aaae419402b325a33b1,actual,OPS,"{""sum"": [""OBP"", ""SLG""]}",0.6608447900000001
hitter,2024,Steamer,p_43df61d72995e1a9b8e57a5a,s_90ad63bed8958f216b258ba3,actual,OPS,"{""sum"": [""OBP"", ""SLG""]}",0.6908854010000001
hitter,2024,Steamer,p_35c1c2bb04c06adf52bae69a,s_126a6e2863161ddb628349c8,actual,OPS,"{""sum"": [""OBP"", ""SLG""]}",0.621797484
hitter,2024,Steamer,p_04317762f4fcad76ed1c6ef1,s_6e15a645b81ab6ee83678438,actual,OPS,"{""sum"": [""OBP"", ""SLG""]}",0.586422922
hitter,2024,Steamer,p_f5939287ce62c956496ccc52,s_ebca3a549b4ff901b16f6450,actual,OPS,"{""sum"": [""OBP"", ""SLG""]}",0.814016171
hitter,2024,Steamer,p_9d3953aace9cc552e3437bd4,s_be81a2118de05bfab5b68fdc,actual,OPS,"{""sum"": [""OBP"", ""SLG""]}",0.1
hitter,2024,Steamer,p_ce15e01e3def598ffdccc288,s_c86e41df88776953d40fbfe4,actual,OPS,"{""sum"": [""OBP"", ""SLG""]}",0.758389261
hitter,2024,Steamer,p_6d631d96ba5ec34e5ff71520,s_b122bcad28f722405d1545bd,actual,OPS,"{""sum"": [""OBP"", ""SLG""]}",0.625171421
hitter,2024,Steamer,p_d30f061d9aaf43b199425ce3,s_bd4e3518d567950e18798cd1,actual,OPS,"{""sum"": [""OBP"", ""SLG""]}",0.208556148
hitter,2024,Steamer,p_4adfa388ddfc7eb8aab00551,s_e10f60e210ce0d47f8fea322,actual,OPS,"{""sum"": [""OBP"", ""SLG""]}",0.642353104
hitter,2024,Steamer,p_bdbf707b4334fb1819a9090e,s_6977994e1547182031e63af9,actual,OPS,"{""sum"": [""OBP"", ""SLG""]}",0.555358462
hitter,2024,Steamer,p_c18d2ac39a45a469963266d6,s_5d02bfa2556b27224e53f261,actual,OPS,"{""sum"": [""OBP"", ""SLG""]}",0.771302816
hitter,2024,Steamer,p_b48a95e5e1067a48dd41f230,s_1639a840a88f2d723b652d9b,actual,OPS,"{""sum"": [""OBP"", ""SLG""]}",0.741770458
hitter,2024,Steamer,p_aef920456938e5f9afd72c40,s_1f0dc98f416d478d1e701ba3,actual,OPS,"{""sum"": [""OBP"", ""SLG""]}",0.627412587
hitter,2024,Steamer,p_92a5c84cbf7e841a01387f4c,s_558018eb3b8dd7b4b5a1b33f,actual,OPS,"{""sum"": [""OBP"", ""SLG""]}",0.733333333
hitter,2024,Steamer,p_d18686fb38704415e5f45eff,s_046367ae7aeec9b56b5cbc3f,actual,OPS,"{""sum"": [""OBP"", ""SLG""]}",0.39390680899999997
hitter,2024,Steamer,p_351d26feb9f6fce28b9fee01,s_89b307969a98f6aae2a46874,actual,OPS,"{""sum"": [""OBP"", ""SLG""]}",0.0
hitter,2024,Steamer,p_0b240f9198bdb842e485f0f2,s_c8670eb7c8ab8612d87c00cd,actual,OPS,"{""sum"": [""OBP"", ""SLG""]}",0.19166666599999999
hitter,2024,Steamer,p_8dd52397fe332c1adee839da,s_920a5f48233a137e13bd465f,actual,OPS,"{""sum"": [""OBP"", ""SLG""]}",0.875229305
hitter,2024,Steamer,p_490b99b6246189b45cb09967,s_e29939fe8adf9dcf933826f3,actual,OPS,"{""sum"": [""OBP"", ""SLG""]}",0.46977281299999996
hitter,2024,Steamer,p_5fe1104b74d64e331d8a6d8a,s_5a44b8309a3e00462e914a0b,actual,OPS,"{""sum"": [""OBP"", ""SLG""]}",0.676616915
hitter,2024,Steamer,p_d365089c5d3c77423a8c1d9e,s_9a6b5c8975d68b057da92439,actual,OPS,"{""sum"": [""OBP"", ""SLG""]}",0.575578653
hitter,2024,Steamer,p_57d9c92fbb61c8c3106d0e53,s_9d3cdf56d707c0e430394292,actual,OPS,"{""sum"": [""OBP"", ""SLG""]}",0.660377691
hitter,2024,Steamer,p_5d96d38ca6ef254577b06725,s_b47d0f148b120bb25f490900,actual,OPS,"{""sum"": [""OBP"", ""SLG""]}",0.600961538
hitter,2024,Steamer,p_f2ac09aa610af22ea7fad693,s_e3e8457a7cfd9b5faa4b3db7,actual,OPS,"{""sum"": [""OBP"", ""SLG""]}",0.666666666
hitter,2024,Steamer,p_1a95972d3cc893a472abc230,s_adbce68fb6278d9237c7f8d2,actual,OPS,"{""sum"": [""OBP"", ""SLG""]}",0.5062267
hitter,2024,Steamer,p_2487a2fcc55829f4aa3870d9,s_e29aaef544ee89a30b0f7af1,actual,OPS,"{""sum"": [""OBP"", ""SLG""]}",0.566306799
hitter,2024,Steamer,p_9e7863714b0d9fb3f42de5fb,s_7f82c69e6f2d7e554796571e,actual,OPS,"{""sum"": [""OBP"", ""SLG""]}",0.645652279
hitter,2024,Steamer,p_772e2bb69cabe6eda522882b,s_15acef597d643fcda0f11254,actual,OPS,"{""sum"": [""OBP"", ""SLG""]}",0.6476028309999999
hitter,2024,Steamer,p_a88d730b313818d432b74cc0,s_41d96b8eadfa474202d14e96,actual,OPS,"{""sum"": [""OBP"", ""SLG""]}",0.749432079
hitter,2024,Steamer,p_e06142149e0a8bcabc0b3250,s_06a6a2be105fc9b3fe15e8a2,actual,OPS,"{""sum"": [""OBP"", ""SLG""]}",0.8041714499999999
hitter,2024,Steamer,p_818a939d2c013337a28d18f6,s_aa7505f048ec6735d233280a,actual,OPS,"{""sum"": [""OBP"", ""SLG""]}",0.5
hitter,2024,Steamer,p_ec0d85aac8a0c04eedefdb2f,s_24be73395372785cec7abd3f,actual,OPS,"{""sum"": [""OBP"", ""SLG""]}",0.290948275
hitter,2024,Steamer,p_8cf4729b5b1e0f175ee82c32,s_5ffd8fb586dbb4c21dbe3f5c,actual,OPS,"{""sum"": [""OBP"", ""SLG""]}",0.654135337
hitter,2024,Steamer,p_792fd3873c9d516fac960277,s_3f5461263832e81116b2e579,actual,OPS,"{""sum"": [""OBP"", ""SLG""]}",0.744761904
hitter,2024,Steamer,p_9b7916f908afc5ad14fc69e1,s_808e095bc3c9968b8e556de2,actual,OPS,"{""sum"": [""OBP"", ""SLG""]}",0.6824691350000001
hitter,2024,Steamer,p_7517d598bb2a03a162d6c6e1,s_884465e326a412a1a62df9ee,actual,OPS,"{""sum"": [""OBP"", ""SLG""]}",0.8181549370000001
hitter,2024,Steamer,p_b78eec4ced930563501cf95a,s_25dc6969eb36ae6006133545,actual,OPS,"{""sum"": [""OBP"", ""SLG""]}",0.25
hitter,2024,Steamer,p_199535b70f1ae186aeb637be,s_5581a0adc3b0e440d4af367e,actual,OPS,"{""sum"": [""OBP"", ""SLG""]}",0.540608815
hitter,2024,Steamer,p_ea016158543cb834e392af83,s_864b2453b74de70355e34d00,actual,OPS,"{""sum"": [""OBP"", ""SLG""]}",0.556122448
hitter,2024,Steamer,p_cfb8786983c38f5473cdec79,s_9ad66b1643415c2ade041a5c,actual,OPS,"{""sum"": [""OBP"", ""SLG""]}",0.65764098
hitter,2024,Steamer,p_f9f61f841dec5867c034e3bc,s_e39c356d0177774b2396bb4a,actual,OPS,"{""sum"": [""OBP"", ""SLG""]}",0.686139901
hitter,2024,Steamer,p_c8320c4ade7bd25cdbb337e8,s_f9e870f2af04cdfef6629f27,actual,OPS,"{""sum"": [""OBP"", ""SLG""]}",0.5973428709999999
hitter,2024,Steamer,p_e2958eaa641d77c60a1aa3e2,s_aa452a04934671e1fece0485,actual,OPS,"{""sum"": [""OBP"", ""SLG""]}",0.413398692
hitter,2024,Steamer,p_91b7af896c70aaa9de26422d,s_ec2cd0e1d5928ec17d8bb051,actual,OPS,"{""sum"": [""OBP"", ""SLG""]}",0.56103896
hitter,2024,Steamer,p_090a1d58e67cb527524b4184,s_70a86f072dd5e726a57154a3,actual,OPS,"{""sum"": [""OBP"", ""SLG""]}",0.789882209
hitter,2024,Steamer,p_8d6f6f6848f015a167c87963,s_86a76b5f0db7c81db89c8007,actual,OPS,"{""sum"": [""OBP"", ""SLG""]}",0.763074829
hitter,2024,Steamer,p_7efcbb007ab3006e21da5cae,s_82dceb3da3467d8323d41149,actual,OPS,"{""sum"": [""OBP"", ""SLG""]}",0.199300698
hitter,2024,Steamer,p_6dd8b7d5d0bcb75642ddb4fd,s_55e1eebe78f2fec741f85799,actual,OPS,"{""sum"": [""OBP"", ""SLG""]}",0.465079364
hitter,2024,Steamer,p_a7f09516df26f603d1594bdc,s_53e2e66d53e521ee3aa2a8c5,actual,OPS,"{""sum"": [""OBP"", ""SLG""]}",0.622241085
hitter,2024,Steamer,p_d8586b85d7209c133f440fa4,s_1d1f513f75c3b5e6bbfbe5de,actual,OPS,"{""sum"": [""OBP"", ""SLG""]}",0.8944741519999999
hitter,2024,Steamer,p_8d9c4fecc25f950465634c19,s_100aa18f0f822885f1fb8f1f,actual,OPS,"{""sum"": [""OBP"", ""SLG""]}",0.615718209
hitter,2024,Steamer,p_e4142bee5a73201f7c2c7768,s_b4fa725d12adb22f99036151,actual,OPS,"{""sum"": [""OBP"", ""SLG""]}",0.819499341
hitter,2024,Steamer,p_834bb635031b8e62a403a8ec,s_fd54e75e9aa6c41d29888536,actual,OPS,"{""sum"": [""OBP"", ""SLG""]}",0.665499595
hitter,2024,Steamer,p_dae2f3444392e0e6d8dd111e,s_b8b9d0b99c42b75a48be7a80,actual,OPS,"{""sum"": [""OBP"", ""SLG""]}",0.644740182
hitter,2024,Steamer,p_926280ac4e44befa2c879505,s_48fd54c21d96a7ee5f230ac4,actual,OPS,"{""sum"": [""OBP"", ""SLG""]}",0.657343613
hitter,2024,Steamer,p_b876419663159edfa11af0a0,s_6cde6dc505c810189ffee315,actual,OPS,"{""sum"": [""OBP"", ""SLG""]}",0.8
hitter,2024,Steamer,p_adce6fccfa0ad9ba417ad335,s_d931e534409b131fef79aae3,actual,OPS,"{""sum"": [""OBP"", ""SLG""]}",0.5520119210000001
hitter,2024,Steamer,p_f66331a3c12fee865cf819b5,s_d5ea753039972c6ce0221e4a,actual,OPS,"{""sum"": [""OBP"", ""SLG""]}",0.324675323
hitter,2024,Steamer,p_d9207420d77623b50fd840b1,s_919fc5a5c5d6bba6d9b27c2c,actual,OPS,"{""sum"": [""OBP"", ""SLG""]}",0.7598213540000001
hitter,2024,Steamer,p_53a8f92fc16f0dcdbdc4628d,s_72cc376ba346116a09ed6baa,actual,OPS,"{""sum"": [""OBP"", ""SLG""]}",0.394444444
hitter,2024,Steamer,p_dab598cd94a7ba9ac93e906c,s_45858734fc5e641444044392,actual,OPS,"{""sum"": [""OBP"", ""SLG""]}",0.655688584
hitter,2024,Steamer,p_a7ae87bf1bd9831ffdfefbf2,s_3ec6cacecb6b2f088af3e8a2,actual,OPS,"{""sum"": [""OBP"", ""SLG""]}",0.706903146
hitter,2024,Steamer,p_736ca49e147e33025be1bfc0,s_c748c2d72e9d8e922adc1d2d,actual,OPS,"{""sum"": [""OBP"", ""SLG""]}",0.578481012
hitter,2024,Steamer,p_46c8ef61562526809be4aea3,s_35d90f7865d6b3437e060272,actual,OPS,"{""sum"": [""OBP"", ""SLG""]}",0.515806111
hitter,2024,Steamer,p_3bb8d1c0416b2fc0511d7217,s_ddb69db609e9ee6b50bcf160,actual,OPS,"{""sum"": [""OBP"", ""SLG""]}",0.47222222199999997
hitter,2024,Steamer,p_996f1713394d7bedb5732fdf,s_739da3c9767b7d278a386494,actual,OPS,"{""sum"": [""OBP"", ""SLG""]}",0.442841286
hitter,2024,Steamer,p_4a8437ee4bebaa90e13d502f,s_88cbbc13017889e9090ef3b3,actual,OPS,"{""sum"": [""OBP"", ""SLG""]}",0.583333333
hitter,2024,Steamer,p_f31d66f0ff014626cbbe58b6,s_ff000363a5f6e88e87397e13,actual,OPS,"{""sum"": [""OBP"", ""SLG""]}",0.6861133269999999
hitter,2024,Steamer,p_adc3e219b06829fd32bdcb26,s_4992409a20b8222e1f7a14d3,actual,OPS,"{""sum"": [""OBP"", ""SLG""]}",0.6640256659999999
hitter,2024,Steamer,p_ebf512ad6b26ce1f2d1410e4,s_bd82dc16901508dd6b5a98f6,actual,OPS,"{""sum"": [""OBP"", ""SLG""]}",0.6695783879999999
hitter,2024,Steamer,p_ac2c415e448152dd4e3b1104,s_b72697fd04a136d352899073,actual,OPS,"{""sum"": [""OBP"", ""SLG""]}",0.5641025630000001
hitter,2024,Steamer,p_2c000c61bb3acaea45c849f7,s_6440336e9bd58f4798704152,actual,OPS,"{""sum"": [""OBP"", ""SLG""]}",0.45378151200000005
hitter,2024,Steamer,p_4377316cb604fc79c43e849f,s_1e16345d090b548b51c391c9,actual,OPS,"{""sum"": [""OBP"", ""SLG""]}",0.504926107
hitter,2024,Steamer,p_37150007ab856cb2010415e6,s_2b2f779330afad39a6399e52,actual,OPS,"{""sum"": [""OBP"", ""SLG""]}",0.5707779049999999
hitter,2024,Steamer,p_65e7c0fa0d3cff8d1258c9b1,s_d20a0c1fa659ef36afa496b1,actual,OPS,"{""sum"": [""OBP"", ""SLG""]}",0.6141620539999999
hitter,2024,Steamer,p_dbcf019d453a408f7f5ea336,s_f8b5b4ac1926b5ee5c136c09,actual,OPS,"{""sum"": [""OBP"", ""SLG""]}",0.395833333
hitter,2024,Steamer,p_cce7aefd60200f89eb5f62c5,s_2e9b9e9c842d8daf87aed310,actual,OPS,"{""sum"": [""OBP"", ""SLG""]}",0.78128531
hitter,2024,Steamer,p_2bb682ed8bcf8e4b3b378ead,s_d0d39a1aa505db68730d7ceb,actual,OPS,"{""sum"": [""OBP"", ""SLG""]}",0.53761574
hitter,2024,Steamer,p_717b2fb5f5eb23f302a6ebe2,s_75318e2bcefd5955d552b402,actual,OPS,"{""sum"": [""OBP"", ""SLG""]}",0.407407407
hitter,2024,Steamer,p_8c38f6506b6699f1ccf89345,s_69a814572d2b86f0cd9b3677,actual,OPS,"{""sum"": [""OBP"", ""SLG""]}",0.622210622
hitter,2024,Steamer,p_18290ea252b0cc74d94bdd5e,s_cef01aa35400123884c07813,actual,OPS,"{""sum"": [""OBP"", ""SLG""]}",0.438708772
hitter,2024,Steamer,p_64cd7f2056e556168afff712,s_e84c53a42feeaf7c2a754ed1,actual,OPS,"{""sum"": [""OBP"", ""SLG""]}",0.7226409819999999
hitter,2024,Steamer,p_67ec3f2da8b9029b41815808,s_fac7c98dd4b7bcda869adc6c,actual,OPS,"{""sum"": [""OBP"", ""SLG""]}",0.686680468
hitter,2024,Steamer,p_26715f7ed5db8556ff25aea4,s_2a2be541c36cb5a04416b14f,actual,OPS,"{""sum"": [""OBP"", ""SLG""]}",0.950031286
hitter,2024,Steamer,p_0130cd45d3e0619843f93b86,s_4d8c05b7eb33db4d107fad2f,actual,OPS,"{""sum"": [""OBP"", ""SLG""]}",0.690396273
hitter,2024,Steamer,p_4f3e35cf2175d726c57ef9c5,s_ac3b0115d096dd78e9488eea,actual,OPS,"{""sum"": [""OBP"", ""SLG""]}",0.392857142
hitter,2024,Steamer,p_27d64d90ac45f1cc364cf11a,s_64e77277bb881e4e007a3f74,actual,OPS,"{""sum"": [""OBP"", ""SLG""]}",0.978947368
hitter,2024,Steamer,p_0ca0eeb5dd17c286620db5a6,s_a6982defae348275264bcf2e,actual,OPS,"{""sum"": [""OBP"", ""SLG""]}",0.142857142
hitter,2024,Steamer,p_0b8d12717e3a41fbb14e5a16,s_0ec977338dea049dc448e5a9,actual,OPS,"{""sum"": [""OBP"", ""SLG""]}",0.6012759160000001
hitter,2024,Steamer,p_0ead71c96077a2652b5d5fe8,s_5bbf0d6a8422e28ccfea31a6,actual,OPS,"{""sum"": [""OBP"", ""SLG""]}",0.797142857
hitter,2024,Steamer,p_3877edc341fa20dfa2faecb8,s_054ccc36c9c0af6e6b81a3d1,actual,OPS,"{""sum"": [""OBP"", ""SLG""]}",0.634757834
hitter,2024,Steamer,p_88f9901fda4626a5d6806399,s_422527809ee3977e09ae43b1,actual,OPS,"{""sum"": [""OBP"", ""SLG""]}",0.49952153
hitter,2024,Steamer,p_7ec5cf24f911a0a091451248,s_00a7fae3c27b8f9fb08096b2,actual,OPS,"{""sum"": [""OBP"", ""SLG""]}",0.8955465199999999
hitter,2024,Steamer,p_af61f4a3673f38df8289bdc0,s_e79dae4fe59e712e8807e276,actual,OPS,"{""sum"": [""OBP"", ""SLG""]}",0.301994301
hitter,2024,Steamer,p_685b9d77b47efb9b02896e29,s_a28cac8661d0276fa73a3d0d,actual,OPS,"{""sum"": [""OBP"", ""SLG""]}",0.667495387
hitter,2024,Steamer,p_cf91f13f6ce397f916b3b1e9,s_cfbd3a6a90304451317ba84e,actual,OPS,"{""sum"": [""OBP"", ""SLG""]}",0.439824205
hitter,2024,Steamer,p_1231a92e2be431286faefb7e,s_425bfc7e88c70d396fd154cc,actual,OPS,"{""sum"": [""OBP"", ""SLG""]}",0.36949152500000004
hitter,2024,Steamer,p_72819b8f9817b33033d1b6a2,s_7ab564397ad4fe8d3a0c8368,actual,OPS,"{""sum"": [""OBP"", ""SLG""]}",0.685300206
hitter,2024,Steamer,p_7a771f940265ce924e0fecee,s_7b858971c670aaac059ad2d2,actual,OPS,"{""sum"": [""OBP"", ""SLG""]}",0.162337661
hitter,2024,Steamer,p_039eacb0641753712ee33051,s_baa2a66803fd7fb1fa4333bc,actual,OPS,"{""sum"": [""OBP"", ""SLG""]}",0.799330024
hitter,2024,Steamer,p_086c084b7dde82d230f1974d,s_1d606d251cd0e43808fd39fc,actual,OPS,"{""sum"": [""OBP"", ""SLG""]}",0.671043067
hitter,2024,Steamer,p_cee3c4f1e8b014fc0ba0b7a6,s_346b7f7381339669c3806486,actual,OPS,"{""sum"": [""OBP"", ""SLG""]}",0.6414679510000001
hitter,2024,Steamer,p_fd20bdc98b27520354fbe2ee,s_3396fbd83ba8d51ec8d113f8,actual,OPS,"{""sum"": [""OBP"", ""SLG""]}",0.683269825
hitter,2024,Steamer,p_991e8f54fb99c8fcf81d21a6,s_18361698064f51f29be79512,actual,OPS,"{""sum"": [""OBP"", ""SLG""]}",0.787096774
hitter,2024,Steamer,p_ce641a5836f2731f583a85ae,s_fe92d7222244fa72c3133a36,actual,OPS,"{""sum"": [""OBP"", ""SLG""]}",0.437689427
hitter,2024,Steamer,p_8cd8f9d6f8b2efebc9d42e06,s_e530448f034b3ceb842904c8,actual,OPS,"{""sum"": [""OBP"", ""SLG""]}",0.6230158720000001
hitter,2024,Steamer,p_60a101aecd2c0c2ef4294bcc,s_01c3c83264b40f7405c5e570,actual,OPS,"{""sum"": [""OBP"", ""SLG""]}",0.796052631
hitter,2024,Steamer,p_13a0406d87d64c05a481a481,s_4e83463584054b7f8552433d,actual,OPS,"{""sum"": [""OBP"", ""SLG""]}",0.486290322
hitter,2024,Steamer,p_292004d692eb1e10c9836240,s_077f8f7562fde64a2b06c8ba,actual,OPS,"{""sum"": [""OBP"", ""SLG""]}",0.624643874
hitter,2024,Steamer,p_71367d86d30a1c4033210c2d,s_e2890a570145313b1303486a,actual,OPS,"{""sum"": [""OBP"", ""SLG""]}",0.5815649860000001
hitter,2024,Steamer,p_296573835cf31c56650c558e,s_a2367cdc524e6b91968b6021,actual,OPS,"{""sum"": [""OBP"", ""SLG""]}",0.763880958
hitter,2024,Steamer,p_4bab031a6ed50b53a6e222a5,s_40a81c99c1546b7c81c0ce6c,actual,OPS,"{""sum"": [""OBP"", ""SLG""]}",0.333333333
hitter,2024,Steamer,p_6bbb672161e3bc25ba553ecb,s_464828baebc720671aa26365,actual,OPS,"{""sum"": [""OBP"", ""SLG""]}",0.697396939
hitter,2024,Steamer,p_37ddf22e72b2be2d0fd472a1,s_d0b2d0fb88095cb3a32e1f61,actual,OPS,"{""sum"": [""OBP"", ""SLG""]}",0.470588235
hitter,2024,Steamer,p_ce1bcb16f90502037cdf8ac9,s_fd5188e6b61c7c0ec903f90b,actual,OPS,"{""sum"": [""OBP"", ""SLG""]}",0.618382028
hitter,2024,Steamer,p_661a2238a2963ae53524deec,s_8985353b3025f00fc55ef085,actual,OPS,"{""sum"": [""OBP"", ""SLG""]}",0.40158730099999995
hitter,2024,Steamer,p_357ea11cfcc1f1938f06924e,s_1da463671db0b3d3815702a4,actual,OPS,"{""sum"": [""OBP"", ""SLG""]}",0.688644687
hitter,2024,Steamer,p_2a17e5c8d92f03d461fedc93,s_62c41e1b498e53aa0a9285f0,actual,OPS,"{""sum"": [""OBP"", ""SLG""]}",0.761904761
hitter,2024,Steamer,p_bf3cde84574979814bee8bc2,s_f6931ba389cc482fac44771a,actual,OPS,"{""sum"": [""OBP"", ""SLG""]}",0.635367391
hitter,2024,Steamer,p_31f105a7eb4a7a950745899a,s_4e6bdda6e9f14aa6f4c790fc,actual,OPS,"{""sum"": [""OBP"", ""SLG""]}",0.538558686
hitter,2024,Steamer,p_60241008ac2f967fbc7ac69a,s_9e4cfd28a41f373561cf373f,actual,OPS,"{""sum"": [""OBP"", ""SLG""]}",0.689899908
hitter,2024,Steamer,p_642ed1c34f4044682830b533,s_3c2f3bd9cd463e1c040726fc,actual,OPS,"{""sum"": [""OBP"", ""SLG""]}",0.534362717
hitter,2024,Steamer,p_f53b29c1e618b1122b53265b,s_938025f48ceabaae96255218,actual,OPS,"{""sum"": [""OBP"", ""SLG""]}",0.336405529
hitter,2024,Steamer,p_c976a3dfe9632ef04ef4ea03,s_3684aa22a71ca146be074235,actual,OPS,"{""sum"": [""OBP"", ""SLG""]}",0.705701754
hitter,2024,Steamer,p_4af6f545bc35e4588dee86b9,s_5d2a693920f48bf411e30681,actual,OPS,"{""sum"": [""OBP"", ""SLG""]}",0.5814906559999999
hitter,2024,Steamer,p_9406ea193e4c8f53cbbe76c5,s_a824aca52ecb151f8332c1cd,actual,OPS,"{""sum"": [""OBP"", ""SLG""]}",0.7274131269999999
hitter,2024,Steamer,p_494f13db395735a0068392a4,s_01429c42779136b89b32f0a7,actual,OPS,"{""sum"": [""OBP"", ""SLG""]}",0.829591446
hitter,2024,Steamer,p_dbd5ceb808a3a21b344e48b9,s_a0760d959dbd18cde4defc91,actual,OPS,"{""sum"": [""OBP"", ""SLG""]}",1.428571428
hitter,2024,Steamer,p_ee3cbab00101500b56bb8aa2,s_fa2b416e5015d5f298141cf7,actual,OPS,"{""sum"": [""OBP"", ""SLG""]}",0.651656314
hitter,2024,Steamer,p_c6ace9dc98c43df160b7df5a,s_181ae3268ae811fe097cc4a7,actual,OPS,"{""sum"": [""OBP"", ""SLG""]}",0.641148324
hitter,2024,Steamer,p_74b0997a4c065a99b23f2d5e,s_51cf53fa4defde0ccf3f8eca,actual,OPS,"{""sum"": [""OBP"", ""SLG""]}",0.675438596
hitter,2024,Steamer,p_d780ef80586063b87be09743,s_473e81f7cfde5c35ed21322b,actual,OPS,"{""sum"": [""OBP"", ""SLG""]}",0.5700646199999999
hitter,2024,Steamer,p_838588010c75fedc49fc50b5,s_848c9a1deaf792eab26148e4,actual,OPS,"{""sum"": [""OBP"", ""SLG""]}",0.685714285
hitter,2024,Steamer,p_19278a584fbb4c0f71a14548,s_2114a33e6334e75c0472e840,actual,OPS,"{""sum"": [""OBP"", ""SLG""]}",0.618653495
hitter,2024,Steamer,p_91a8efd7718ac0df6183f487,s_3b46aecb26c76fcea556d33c,actual,OPS,"{""sum"": [""OBP"", ""SLG""]}",0.217391304
hitter,2024,Steamer,p_3e65baa0e05437e8c0238e22,s_ce50c045eb179172aa1654d8,actual,OPS,"{""sum"": [""OBP"", ""SLG""]}",0.732016679
hitter,2024,Steamer,p_8b9ced53390e2e5559889e3b,s_3045d94838e4f3b8e5d2757c,actual,OPS,"{""sum"": [""OBP"", ""SLG""]}",0.5642857139999999
hitter,2024,Steamer,p_55908c06ceed1ceaa47e0f08,s_bcd697d9c6445322dd733638,actual,OPS,"{""sum"": [""OBP"", ""SLG""]}",0.5490716170000001
hitter,2024,Steamer,p_2edd0c65fd9d7083ec14ee56,s_0952ba1f0bb44c47c708c078,actual,OPS,"{""sum"": [""OBP"", ""SLG""]}",0.222222222
hitter,2024,Steamer,p_d9558d077e2867586176863d,s_4db4949958ee42a92c98fcc7,actual,OPS,"{""sum"": [""OBP"", ""SLG""]}",0.584042553
hitter,2024,Steamer,p_569cc434d930c86d5c9eeb16,s_d6345d83cb66971fa1b8df52,actual,OPS,"{""sum"": [""OBP"", ""SLG""]}",0.48076923
hitter,2024,Steamer,p_f1708b988b2fbb90aac09ff6,s_3dd66406f0d5e4c56ac55824,actual,OPS,"{""sum"": [""OBP"", ""SLG""]}",0.521035805
hitter,2024,Steamer,p_982c7d30cba9f37d0babd910,s_3bd4a5913573a7855b201eb2,actual,OPS,"{""sum"": [""OBP"", ""SLG""]}",0.7092095190000001
hitter,2024,Steamer,p_365e9a08ee3bd031bbc1484e,s_ae2703d5a75f3fe2d2dcd50c,actual,OPS,"{""sum"": [""OBP"", ""SLG""]}",0.8124411810000001
hitter,2024,Steamer,p_3e2e52ebd957c6fe9801d100,s_1f3600fe54af6d05f3a6025c,actual,OPS,"{""sum"": [""OBP"", ""SLG""]}",0.296296296
hitter,2024,Steamer,p_632be5a85ab2629b9c998c54,s_223e079cd33f2bb71b02a098,actual,OPS,"{""sum"": [""OBP"", ""SLG""]}",0.6502567189999999
hitter,2024,Steamer,p_d38e4086c48ab6c12634caef,s_4dd809488dce4eed35de297b,actual,OPS,"{""sum"": [""OBP"", ""SLG""]}",0.647890817
hitter,2024,Steamer,p_9898f674ff0479e5c7f7a87d,s_b0b439e2cf797839ef6ae950,actual,OPS,"{""sum"": [""OBP"", ""SLG""]}",0.0
hitter,2024,Steamer,p_2d444cfa000f2def8872ded3,s_898fc8fa401b4311b49605b9,actual,OPS,"{""sum"": [""OBP"", ""SLG""]}",0.791867506
hitter,2024,Steamer,p_095d65b80762b3662a2707e2,s_3fb71bc9da21b6abe7b0066b,actual,OPS,"{""sum"": [""OBP"", ""SLG""]}",0.788428814
hitter,2024,Steamer,p_3c0ef7bcd70b9e223c12baba,s_c9e5aa5578e95ba62996fac1,actual,OPS,"{""sum"": [""OBP"", ""SLG""]}",0.686475409
hitter,2024,Steamer,p_6b03deb485d5344507644926,s_6e9411a0a83a3677530bde0d,actual,OPS,"{""sum"": [""OBP"", ""SLG""]}",0.5257142850000001
hitter,2024,Steamer,p_d0ae7f0982167d57e6b06d67,s_ab3a73cfbee6f4452701d250,actual,OPS,"{""sum"": [""OBP"", ""SLG""]}",0.0
hitter,2024,Steamer,p_dc17c00fb4098eff83ad0945,s_11295e319421d69e73de872e,actual,OPS,"{""sum"": [""OBP"", ""SLG""]}",0.628571428
hitter,2024,Steamer,p_f5ccb86ccaa7d4867bf5f322,s_40e2fe617f9ed53a894756dd,actual,OPS,"{""sum"": [""OBP"", ""SLG""]}",0.6416348350000001
hitter,2024,Steamer,p_7065f57869b2c09db149ed1d,s_98386d5210a7676525d1df1e,actual,OPS,"{""sum"": [""OBP"", ""SLG""]}",0.568886888
hitter,2024,Steamer,p_e3e1b12d8461e01c1f067064,s_8303781232cbaf9f5efe9921,actual,OPS,"{""sum"": [""OBP"", ""SLG""]}",0.585669781
hitter,2024,Steamer,p_753754367ddc7137c49f8f3b,s_cb23207e421cf02c355f148b,actual,OPS,"{""sum"": [""OBP"", ""SLG""]}",0.32593984899999995
hitter,2024,Steamer,p_c6cb1f8dd6a2cf11e1e3a060,s_90f6e6c2be3449f2b9fe0d6c,actual,OPS,"{""sum"": [""OBP"", ""SLG""]}",1.0
hitter,2024,Steamer,p_1bd7ec313c1b0c6a4e0beaa8,s_c5f46b8842d64484170b8bcd,actual,OPS,"{""sum"": [""OBP"", ""SLG""]}",0.328173373
hitter,2024,Steamer,p_9e425fad3d6b6b6f90079317,s_fd687497256f84167426cd81,actual,OPS,"{""sum"": [""OBP"", ""SLG""]}",0.247899159
hitter,2024,Steamer,p_70f6e9693081c7218c58dc2f,s_dd0e47ab9a7039fdc5cd5894,actual,OPS,"{""sum"": [""OBP"", ""SLG""]}",0.181818181
hitter,2024,Steamer,p_2800c994e9e86d1e6c536fcd,s_3cd120579b4a0014b1133efc,actual,OPS,"{""sum"": [""OBP"", ""SLG""]}",0.552321552
hitter,2024,Steamer,p_c79d549c12d7c4d174e35cff,s_43c45dd373e2e8494665774f,actual,OPS,"{""sum"": [""OBP"", ""SLG""]}",0.0
hitter,2024,Steamer,p_2a9fb5007e71f964ebc6bb63,s_ba8485c6faee21d3e605ad00,actual,OPS,"{""sum"": [""OBP"", ""SLG""]}",0.6073059350000001
hitter,2024,Steamer,p_5c4cb1ace5ab0cb3639ff9d5,s_211e8b52b1997151a350aebd,actual,OPS,"{""sum"": [""OBP"", ""SLG""]}",0.446332046
hitter,2024,Steamer,p_d803dc65885a070fabf6818a,s_ea796e8b85419e4acc737d19,actual,OPS,"{""sum"": [""OBP"", ""SLG""]}",0.712377754
hitter,2024,Steamer,p_5414b6c5930f1355f0fa7315,s_96ef7743241b0afcc0620782,actual,OPS,"{""sum"": [""OBP"", ""SLG""]}",0.630899155
hitter,2024,Steamer,p_d46997b7e54062e4838e429d,s_46f9211777b3f7861611db73,actual,OPS,"{""sum"": [""OBP"", ""SLG""]}",0.708333333
hitter,2024,Steamer,p_8cae94e12aa44504af05eaac,s_8847b15d0a1ca6aea7d06f50,actual,OPS,"{""sum"": [""OBP"", ""SLG""]}",0.892816091
hitter,2024,Steamer,p_5908d1276c467b8673e9c5c2,s_b9c507a386a4813d50d09d34,actual,OPS,"{""sum"": [""OBP"", ""SLG""]}",0.690341321
hitter,2024,Steamer,p_6a7770873e3fb7c2d8a7a2ce,s_78b6146ef65027277f1cbcad,actual,OPS,"{""sum"": [""OBP"", ""SLG""]}",0.869047618
hitter,2024,Steamer,p_254301c22a8f177b0963ac8b,s_79f3d4d1355e1d8f4b44db30,actual,OPS,"{""sum"": [""OBP"", ""SLG""]}",0.133333332
hitter,2024,Steamer,p_c762583b3c3a4ee5367bd335,s_c74700ac55c0bf59acf15212,actual,OPS,"{""sum"": [""OBP"", ""SLG""]}",0.226190475
hitter,2024,Steamer,p_b60a90195e46f450edb4d2c2,s_0356895c86ba7f74873b14f6,actual,OPS,"{""sum"": [""OBP"", ""SLG""]}",0.717171716
hitter,2024,Steamer,p_92c069a29d913048d5371a39,s_bcb92e5ec5b662f9829c2678,actual,OPS,"{""sum"": [""OBP"", ""SLG""]}",0.612729153
hitter,2024,Steamer,p_6e74f5212784c36ad7c91631,s_7b18793e58e9aadb180d025a,actual,OPS,"{""sum"": [""OBP"", ""SLG""]}",0.31754032200000004
hitter,2024,Steamer,p_8915f49b7744525cc044f1d9,s_a8883cdda30f7f33da0cd19f,actual,OPS,"{""sum"": [""OBP"", ""SLG""]}",0.583333332
hitter,2024,Steamer,p_2aa6427157e8b5b3a521d437,s_f9dfca77f5591160a17a9822,actual,OPS,"{""sum"": [""OBP"", ""SLG""]}",0.535600906
hitter,2024,Steamer,p_22b6fa88bcf87875dcb06f80,s_0968513dd625d03438a59c9e,actual,OPS,"{""sum"": [""OBP"", ""SLG""]}",0.8
hitter,2024,Steamer,p_36096c55ce20956d0ec5b16a,s_ee7d77670065ff52ec572cae,actual,OPS,"{""sum"": [""OBP"", ""SLG""]}",0.9660256410000001
hitter,2024,Steamer,p_e90065fd0aaec9bfa20b53bd,s_9408db95e635737eb917e883,actual,OPS,"{""sum"": [""OBP"", ""SLG""]}",0.664092663
hitter,2024,Steamer,p_4bf4168dc6b395e35fa4624c,s_b4fda35746193822910135c6,actual,OPS,"{""sum"": [""OBP"", ""SLG""]}",0.694873292
hitter,2024,Steamer,p_ba9a6a8ad42271f1fd10cf27,s_873131a4535807081c6feb3d,actual,OPS,"{""sum"": [""OBP"", ""SLG""]}",0.598901098
hitter,2024,Steamer,p_08e4bf82f6f2d66a1fa3a6e0,s_b8182b30d0c894071b2ff7e9,actual,OPS,"{""sum"": [""OBP"", ""SLG""]}",0.512727272
hitter,2024,Steamer,p_57a24cd404479f596a120e45,s_3768f5a6e22973d118548909,actual,OPS,"{""sum"": [""OBP"", ""SLG""]}",0.0
hitter,2024,Steamer,p_3c10f22a4bf9b71fc77540b4,s_f5388cd153842f63ad380871,actual,OPS,"{""sum"": [""OBP"", ""SLG""]}",0.7857142850000001
hitter,2024,Steamer,p_6d35c4fff8b263aff41d2e7b,s_d888ff1b5df180b7b1bbb1dd,actual,OPS,"{""sum"": [""OBP"", ""SLG""]}",0.29090909
hitter,2024,Steamer,p_d39e56add63ee714cad49596,s_b02f45101d2651db951cdbcd,actual,OPS,"{""sum"": [""OBP"", ""SLG""]}",0.542682926
hitter,2024,Steamer,p_d504362765d4fdc09d58f8e5,s_499ad3d331c68bbe8c6f9132,actual,OPS,"{""sum"": [""OBP"", ""SLG""]}",0.909523808
hitter,2024,Steamer,p_cddf7480bf39801fa9563248,s_e605dbabb1ab20a3b6392c18,actual,OPS,"{""sum"": [""OBP"", ""SLG""]}",1.142857142
hitter,2024,Steamer,p_101659267800d1c0aa1341e5,s_3b8b5309c8587a74b994d278,actual,OPS,"{""sum"": [""OBP"", ""SLG""]}",0.5238095229999999
hitter,2024,Steamer,p_cc88b3775f3fce2ebe697058,s_3d6b3dc15c8bb572c2c6817a,actual,OPS,"{""sum"": [""OBP"", ""SLG""]}",0.6826923069999999
hitter,2024,Steamer,p_a7294d5184e485ad8b842ac1,s_bbe7a65277997358aa1c3391,actual,OPS,"{""sum"": [""OBP"", ""SLG""]}",0.549549549
hitter,2024,Steamer,p_d6cf9cb5264acc6da9bd1303,s_357b1f7ef84e6ca5a531fe61,actual,OPS,"{""sum"": [""OBP"", ""SLG""]}",0.397307859
hitter,2024,Steamer,p_5de0072cc1f71760e7c2b7ed,s_abc3f1be722fe4c2dfcecdbd,actual,OPS,"{""sum"": [""OBP"", ""SLG""]}",0.0
hitter,2024,Steamer,p_1bb209cc519c61d5235cfefe,s_29d9a0c2baa594a6528dee2a,actual,OPS,"{""sum"": [""OBP"", ""SLG""]}",0.7246376800000001
hitter,2024,Steamer,p_64626fbb17c69b41f17c5d5e,s_44c53b5adc75552cdcd0efad,actual,OPS,"{""sum"": [""OBP"", ""SLG""]}",0.5
hitter,2024,Steamer,p_2f5710d87213a367e88a87b3,s_02423778663ee9a907ebb211,actual,OPS,"{""sum"": [""OBP"", ""SLG""]}",0.519047618
hitter,2024,Steamer,p_bfe0722bc292da175cf065f0,s_5860ebbcbe674ef353ff43f2,actual,OPS,"{""sum"": [""OBP"", ""SLG""]}",0.25625
hitter,2024,Steamer,p_7902479205b3c22bd6f64c62,s_95a72e0710ed49b18b397138,actual,OPS,"{""sum"": [""OBP"", ""SLG""]}",0.36137931
hitter,2024,Steamer,p_c577326f836c03a9ca2b033e,s_d1ae6a5eb51d3dc77f21109c,actual,OPS,"{""sum"": [""OBP"", ""SLG""]}",0.0
hitter,2024,Steamer,p_5d91804b58327ff29191ed0f,s_9a072d4ab78906ed0601fab9,actual,OPS,"{""sum"": [""OBP"", ""SLG""]}",0.835575138
hitter,2024,Steamer,p_71c91198b905a5433d8d1964,s_8816b143a60337545ee62b9d,actual,OPS,"{""sum"": [""OBP"", ""SLG""]}",0.0
hitter,2024,Steamer,p_2ba9946ebebe655efd1ec8f3,s_c07133016d9929a3c560fcca,actual,OPS,"{""sum"": [""OBP"", ""SLG""]}",0.58747628
hitter,2024,Steamer,p_3349dec029f22a9da6c8acfd,s_009c932ae6efb814cc61ac12,actual,OPS,"{""sum"": [""OBP"", ""SLG""]}",0.6935261699999999
hitter,2024,Steamer,p_8a7360140004cc6743fef136,s_a9f167868d302872f8193a33,actual,OPS,"{""sum"": [""OBP"", ""SLG""]}",0.25
hitter,2024,Steamer,p_57be4bd64faf94f5f3184be3,s_7582e560739674ffddbb14ac,actual,OPS,"{""sum"": [""OBP"", ""SLG""]}",0.0
hitter,2024,Steamer,p_7e3009efbeffd830f4f4947c,s_60cfebccf34dfcf72de46c8e,actual,OPS,"{""sum"": [""OBP"", ""SLG""]}",0.333333332
hitter,2024,Steamer,p_45081ba883aae98afdbde4b5,s_9a63835e65fc219eaa877dfb,actual,OPS,"{""sum"": [""OBP"", ""SLG""]}",0.452777777
hitter,2024,Steamer,p_d6edffdd606adaf0dcc54111,s_e24673ce5ede0b5e45a40c42,actual,OPS,"{""sum"": [""OBP"", ""SLG""]}",0.5353793680000001
hitter,2024,Steamer,p_0747e0152f1a05570f2a4321,s_38619f0cfed5058d73421545,actual,OPS,"{""sum"": [""OBP"", ""SLG""]}",0.2
hitter,2024,Steamer,p_c976b5ed3a90322fab9c4c0b,s_e7ed190ba5113f2f92862baa,actual,OPS,"{""sum"": [""OBP"", ""SLG""]}",0.125
hitter,2024,Steamer,p_f0834ff09b55d84f0663e444,s_cb81f8793920293c9d8e3b4d,actual,OPS,"{""sum"": [""OBP"", ""SLG""]}",0.4
hitter,2024,Steamer,p_1e99c8473b9ac124e44a47a7,s_a8a61775c4a114ab2dbcaf0b,actual,OPS,"{""sum"": [""OBP"", ""SLG""]}",0.673048047
hitter,2024,Steamer,p_61f673d18a547d69481d0c85,s_4035e0d6053d84778e4ca214,actual,OPS,"{""sum"": [""OBP"", ""SLG""]}",0.6163522
hitter,2024,Steamer,p_c5887af215d324a64d8b255b,s_63dab36ba8b436f8cf54294a,actual,OPS,"{""sum"": [""OBP"", ""SLG""]}",0.5
hitter,2024,Steamer,p_326393c50f1b10e14a5b1570,s_2fda4d0d2944891319637720,actual,OPS,"{""sum"": [""OBP"", ""SLG""]}",0.702089685
hitter,2024,Steamer,p_39e01888f555a1c1c75bae63,s_d4d7731ba35c1d0b5a2a6e07,actual,OPS,"{""sum"": [""OBP"", ""SLG""]}",0.773912306
hitter,2024,Steamer,p_b139e8487e432f0b072c3239,s_01efa16799ab1cb641e90ddd,actual,OPS,"{""sum"": [""OBP"", ""SLG""]}",0.597030752
hitter,2024,Steamer,p_f8b30d2da35c688c466fb941,s_6d41bbb203f406c52f5ae2a4,actual,OPS,"{""sum"": [""OBP"", ""SLG""]}",0.5226757360000001
hitter,2024,Steamer,p_d0a7a0ab49fd4a4d780fe1a3,s_51d766a08b7b36842b78fd1d,actual,OPS,"{""sum"": [""OBP"", ""SLG""]}",0.617493796
hitter,2024,Steamer,p_566da69483a08944a4fd0dbe,s_a5232b9adcde3fa9d9d859c0,actual,OPS,"{""sum"": [""OBP"", ""SLG""]}",0.628942881
hitter,2024,Steamer,p_6ebf619662ac32499ebc6ce8,s_222420e6cf7dba0a5a41e077,actual,OPS,"{""sum"": [""OBP"", ""SLG""]}",0.777062208
hitter,2024,Steamer,p_47f99564c6141fbd9fdc98e8,s_1bb32199c34eca9468be55cf,actual,OPS,"{""sum"": [""OBP"", ""SLG""]}",0.5657894729999999
hitter,2024,Steamer,p_28db411c7094613b9387cf26,s_f8d9cc111b771b9792955e28,actual,OPS,"{""sum"": [""OBP"", ""SLG""]}",0.5631578939999999
hitter,2024,Steamer,p_aed415d87aa458c3f61f701a,s_52bcf57d523cc22544304c2c,actual,OPS,"{""sum"": [""OBP"", ""SLG""]}",0.665189047
hitter,2024,Steamer,p_f1632c1a638e4afae1811926,s_a6b10baaa2784630483ae2b6,actual,OPS,"{""sum"": [""OBP"", ""SLG""]}",0.6734693860000001
hitter,2024,Steamer,p_dd0901a68a495094ec688e03,s_be298f325d37bae328f21f39,actual,OPS,"{""sum"": [""OBP"", ""SLG""]}",0.311111111
hitter,2024,Steamer,p_118fa7b26ca0fc300fdf6071,s_3dd9d5340e73c4e04e661628,actual,OPS,"{""sum"": [""OBP"", ""SLG""]}",0.526680526
hitter,2024,Steamer,p_06cbedc06663d4a4e118dddb,s_3155f30d029f98df8db3030c,actual,OPS,"{""sum"": [""OBP"", ""SLG""]}",0.242857142
hitter,2024,Steamer,p_3431db6bc64346182f4c4a42,s_ee1c4fa2b43c0bbdb2c7cdf0,actual,OPS,"{""sum"": [""OBP"", ""SLG""]}",0.618659419
hitter,2024,Steamer,p_83c5ae77b6b320c871882a46,s_9013f7dbfa6f314bf2df8dc9,actual,OPS,"{""sum"": [""OBP"", ""SLG""]}",0.628997867
hitter,2024,Steamer,p_e698dcef026ade5c5ee72b97,s_6a03ed578d41f4d0cc4d5e94,actual,OPS,"{""sum"": [""OBP"", ""SLG""]}",0.603759398
hitter,2024,Steamer,p_87f490dd4c21b1925f6dc8a1,s_16d1722e8523e45e39d7c521,actual,OPS,"{""sum"": [""OBP"", ""SLG""]}",0.682533279
hitter,2024,Steamer,p_947ecdf17a188d0730de9d95,s_2259a139d102592756f1faa1,actual,OPS,"{""sum"": [""OBP"", ""SLG""]}",0.749869621
hitter,2024,Steamer,p_1135581422bc48279f241e29,s_c7075415fdf952a4a1258ead,actual,OPS,"{""sum"": [""OBP"", ""SLG""]}",0.467185761
hitter,2024,Steamer,p_3f6f6f23fc264051a9b180de,s_9c7c057ddac6f392a24e3849,actual,OPS,"{""sum"": [""OBP"", ""SLG""]}",0.5357142850000001
hitter,2024,Steamer,p_35208040ebe03471e689d700,s_9ee691286b12faeb02b4a73e,actual,OPS,"{""sum"": [""OBP"", ""SLG""]}",0.166666666
hitter,2024,Steamer,p_0223f9d06027dad935426645,s_72112ffb6d9bc50ba04688e3,actual,OPS,"{""sum"": [""OBP"", ""SLG""]}",1.050724637
hitter,2024,Steamer,p_bc98648c6a6d04b33c536f08,s_67bcbf892bbfaea686c53854,actual,OPS,"{""sum"": [""OBP"", ""SLG""]}",0.769230768
hitter,2024,Steamer,p_d90b27c2fa34490d962ae0df,s_6692e290d79e8cba8cc183f4,actual,OPS,"{""sum"": [""OBP"", ""SLG""]}",0.0
hitter,2024,Steamer,p_1ba7e160db8e376dbbff850c,s_188c506d6ff05f2fc015fff0,actual,OPS,"{""sum"": [""OBP"", ""SLG""]}",0.589956554
hitter,2024,Steamer,p_930018ae093acdca3a1df102,s_2edb4caa110f27c3f72b2588,actual,OPS,"{""sum"": [""OBP"", ""SLG""]}",0.6384872070000001
hitter,2024,Steamer,p_031300a16afc4b3f02be8378,s_e1c7e672c50b57c600bdb72f,actual,OPS,"{""sum"": [""OBP"", ""SLG""]}",0.410752687
hitter,2024,Steamer,p_9db21c2d8c351555038c457f,s_3a12d11cd6f6da2e79677b43,actual,OPS,"{""sum"": [""OBP"", ""SLG""]}",0.0
hitter,2024,Steamer,p_d6ff77576db5c47d1b617a7d,s_546599e88d0ca8dca50d3f8e,actual,OPS,"{""sum"": [""OBP"", ""SLG""]}",0.596153846
hitter,2024,Steamer,p_11f97a5b1f4aecc3b4f6f59e,s_100234cb553a00bdb8910792,actual,OPS,"{""sum"": [""OBP"", ""SLG""]}",0.632158094
hitter,2024,Steamer,p_e7042b3a4a48a59d26470671,s_4ec89d78c194b524e84c2822,actual,OPS,"{""sum"": [""OBP"", ""SLG""]}",0.5
hitter,2024,Steamer,p_d06aa2b9b5e4ef1505ec6f1a,s_7f91daa13317fc74c2215edc,actual,OPS,"{""sum"": [""OBP"", ""SLG""]}",0.16
hitter,2024,Steamer,p_10f1f74c96a473df3fdd40c8,s_6123766c094331c6ae12d9e5,actual,OPS,"{""sum"": [""OBP"", ""SLG""]}",0.640819963
hitter,2024,Steamer,p_3a1c72da6e9056e60ca9ea7d,s_6045b9496ae31707689513b4,actual,OPS,"{""sum"": [""OBP"", ""SLG""]}",0.523898645
hitter,2024,Steamer,p_47aa97c098a8d23cf2c19690,s_2aefc33a6e40150eda5c0ce3,actual,OPS,"{""sum"": [""OBP"", ""SLG""]}",0.609307254
hitter,2024,Steamer,p_d4e11ff535bf58d9e902a045,s_83c229573576da12c0d2ffd0,actual,OPS,"{""sum"": [""OBP"", ""SLG""]}",0.41016238800000004
hitter,2024,Steamer,p_755efb1b178e88a9fe42fc92,s_973e5d817000b5a5d9829494,actual,OPS,"{""sum"": [""OBP"", ""SLG""]}",0.557894045
hitter,2024,Steamer,p_9071059fd28809cfa6d5107d,s_9bac74e976d312bd5d950ef3,actual,OPS,"{""sum"": [""OBP"", ""SLG""]}",0.595093356
hitter,2024,Steamer,p_29babd6dfaa7f1c5b531c939,s_bce20b113d74dbae677844d7,actual,OPS,"{""sum"": [""OBP"", ""SLG""]}",0.277777777
hitter,2024,Steamer,p_d63579b1fc968533fbc164c9,s_8fae6b18469d64a092976ab9,actual,OPS,"{""sum"": [""OBP"", ""SLG""]}",0.591134928
hitter,2024,Steamer,p_99ee3cb3d56dcf9cf8790fe0,s_80e6ee3cce7b1553467041f0,actual,OPS,"{""sum"": [""OBP"", ""SLG""]}",0.661505186
hitter,2024,Steamer,p_3f142cab3b6b50a8fc284947,s_2f06f4d2a5f7f3e78804ed18,actual,OPS,"{""sum"": [""OBP"", ""SLG""]}",1.133333333
hitter,2024,Steamer,p_77f3f7b47430b887529000fa,s_814eda078669d0fa9b6fa618,actual,OPS,"{""sum"": [""OBP"", ""SLG""]}",0.610294117
hitter,2024,Steamer,p_437677dbfaffb9307669d08c,s_33b35c7a709cbf9ce7ff0d8b,actual,OPS,"{""sum"": [""OBP"", ""SLG""]}",0.6216915409999999
hitter,2024,Steamer,p_ae78cc7b4d1225faed5814c4,s_ea0a8a8b8c068c39cd3a373f,actual,OPS,"{""sum"": [""OBP"", ""SLG""]}",0.5310093570000001
hitter,2024,Steamer,p_acb394d472b6013fee0b2e3f,s_49476ea3082e3f3393fbd942,actual,OPS,"{""sum"": [""OBP"", ""SLG""]}",0.831126136
hitter,2024,Steamer,p_de87ba791d7966ac280a6b12,s_663de29cbffc66f59504726d,actual,OPS,"{""sum"": [""OBP"", ""SLG""]}",2.0666666659999997
hitter,2024,Steamer,p_d4f014697114e1593c664fe5,s_da961ec001d76f03be766cd5,actual,OPS,"{""sum"": [""OBP"", ""SLG""]}",0.628514588
hitter,2024,Steamer,p_6003376cc4c8466b26c0f396,s_d765491088e45d224c0f68e8,actual,OPS,"{""sum"": [""OBP"", ""SLG""]}",0.6079898539999999
hitter,2024,Steamer,p_e8b057dd84c29d0d45c331b6,s_d16edc3f46d9094c1f0e9a9e,actual,OPS,"{""sum"": [""OBP"", ""SLG""]}",0.637421382
hitter,2024,Steamer,p_5f8880bbdb1e93d48f7029e0,s_dbb470ddb4a0be5d7880f144,actual,OPS,"{""sum"": [""OBP"", ""SLG""]}",1.3333333330000001
hitter,2024,Steamer,p_f793cd5a13c72d4b25f2b7e6,s_0d34eef86da01979f54d4a31,actual,OPS,"{""sum"": [""OBP"", ""SLG""]}",0.686365337
hitter,2024,Steamer,p_e5347f57c079821ded2c546d,s_1c2624b8dd456808e843eb36,actual,OPS,"{""sum"": [""OBP"", ""SLG""]}",0.694928774
hitter,2024,Steamer,p_e5035a422690248169e08d2f,s_f3fd3e2a88e01b4ceace4e9a,actual,OPS,"{""sum"": [""OBP"", ""SLG""]}",0.63490196
hitter,2024,Steamer,p_a83dafc55fbfe682b417f2ca,s_25c40e78bd2217d64f1f9a4c,actual,OPS,"{""sum"": [""OBP"", ""SLG""]}",0.40324074
hitter,2024,Steamer,p_6989200149e5df39efc0125a,s_c1a2c06622c21ec183c15ba6,actual,OPS,"{""sum"": [""OBP"", ""SLG""]}",0.7668624500000001
hitter,2025,Steamer,p_5ddf7b7c488d16218bdd70fc,s_74e30e67869820aef17b9d5d,actual,OPS,"{""sum"": [""OBP"", ""SLG""]}",0.8516031500000001
hitter,2025,Steamer,p_f16412beb35a9f8275245e07,s_73b5b8da3e094cf36e9d7d7c,actual,OPS,"{""sum"": [""OBP"", ""SLG""]}",1.144169281
hitter,2025,Steamer,p_6bef577c2d843e259b2e4f8d,s_ea3866bd41ef07d79e55aed3,actual,OPS,"{""sum"": [""OBP"", ""SLG""]}",0.7871691860000001
hitter,2025,Steamer,p_8b0da430de74b9d38592cfa7,s_a059f00f434029203af3c86d,actual,OPS,"{""sum"": [""OBP"", ""SLG""]}",0.920641903
hitter,2025,Steamer,p_67d2d4c4c4eb75d44dfc90f0,s_e67a8748593d5b9ccdc844bb,actual,OPS,"{""sum"": [""OBP"", ""SLG""]}",0.7978700409999999
hitter,2025,Steamer,p_5c11dd145a24b1ffaecf5e75,s_0fe82fc4ff16110113ba39ea,actual,OPS,"{""sum"": [""OBP"", ""SLG""]}",0.73156435
hitter,2025,Steamer,p_b2d8d52d1ac8e278023dd28e,s_d56ff02b7edb20f51b464db2,actual,OPS,"{""sum"": [""OBP"", ""SLG""]}",0.7971372
hitter,2025,Steamer,p_1a7540f0f62bdbec1d46a097,s_6997499e66b175801706e5a5,actual,OPS,"{""sum"": [""OBP"", ""SLG""]}",1.013655397
hitter,2025,Steamer,p_cbfcdeac8217106774120e81,s_0438d660d73b9c21eae5cb10,actual,OPS,"{""sum"": [""OBP"", ""SLG""]}",0.935227207
hitter,2025,Steamer,p_8a17723cd1691cf9cab7393e,s_264dd188cbdbcdf563c36a36,actual,OPS,"{""sum"": [""OBP"", ""SLG""]}",0.8114669240000001
hitter,2025,Steamer,p_6c0a9e658a48ac4878d9dd6d,s_29b7fcc56763af64d01af223,actual,OPS,"{""sum"": [""OBP"", ""SLG""]}",0.862648557
hitter,2025,Steamer,p_e7725c89676d89124848373c,s_3a5b349111b87bcf3ad8030d,actual,OPS,"{""sum"": [""OBP"", ""SLG""]}",0.776576121
hitter,2025,Steamer,p_3f765e91616326426b8a43c2,s_c9984e6b8ebf03c10ae0c56e,actual,OPS,"{""sum"": [""OBP"", ""SLG""]}",0.813711158
hitter,2025,Steamer,p_60cc6d7817c312ca1f6e104d,s_d783c04b8bad4dde575e1a02,actual,OPS,"{""sum"": [""OBP"", ""SLG""]}",0.7543767450000001
hitter,2025,Steamer,p_8145c85e799111fad96f9326,s_f739923a3b3e7307c18d68e2,actual,OPS,"{""sum"": [""OBP"", ""SLG""]}",0.883459268
hitter,2025,Steamer,p_6258e0b754720e6aa1ffc43d,s_d7aa932a6ec8bfa451edd01b,actual,OPS,"{""sum"": [""OBP"", ""SLG""]}",0.847775391
hitter,2025,Steamer,p_3d2334a857b6e51adfa60031,s_fdcffabd80b8e42f5760b674,actual,OPS,"{""sum"": [""OBP"", ""SLG""]}",0.9477914220000001
hitter,2025,Steamer,p_306fe9c0d735d7f46146c529,s_2eb61f860cccddb5defdda80,actual,OPS,"{""sum"": [""OBP"", ""SLG""]}",0.8598758120000001
hitter,2025,Steamer,p_487446a58afe78ff3ecfe76c,s_b20c71a40c2fb8b35f355049,actual,OPS,"{""sum"": [""OBP"", ""SLG""]}",0.8925659459999999
hitter,2025,Steamer,p_8a7e7a5df7676ae9c7c629fc,s_7f6dbf5d2b834bd03f6d3bd2,actual,OPS,"{""sum"": [""OBP"", ""SLG""]}",0.774245566
hitter,2025,Steamer,p_565062fedb9dc11884dc149f,s_604a239cc9705442470ae659,actual,OPS,"{""sum"": [""OBP"", ""SLG""]}",0.673308942
hitter,2025,Steamer,p_553976eb2ca8a6fbca85aa5b,s_f3d092b648bcbfb1f81e0b75,actual,OPS,"{""sum"": [""OBP"", ""SLG""]}",0.6776111410000001
hitter,2025,Steamer,p_67cb975359e89b208f68a778,s_96c83d4eb59a3f53ae8df27e,actual,OPS,"{""sum"": [""OBP"", ""SLG""]}",0.601969088
hitter,2025,Steamer,p_0ad68b951761f8685abeae36,s_09836db00c1b54988463f082,actual,OPS,"{""sum"": [""OBP"", ""SLG""]}",0.669073232
hitter,2025,Steamer,p_8363b9bca459e78ec2006bb0,s_d60ec3f4d47a553a75f9158d,actual,OPS,"{""sum"": [""OBP"", ""SLG""]}",0.821489723
hitter,2025,Steamer,p_ba6f36e798456bccef1754a0,s_e36c990eb41d893adcb13f18,actual,OPS,"{""sum"": [""OBP"", ""SLG""]}",0.736609447
hitter,2025,Steamer,p_112dcfa6b46c45a399a719e5,s_dada20dc3eda82a841e16a57,actual,OPS,"{""sum"": [""OBP"", ""SLG""]}",0.841104377
hitter,2025,Steamer,p_cc20023b077f71dea170b091,s_af072a27b6a648dd3bc76f11,actual,OPS,"{""sum"": [""OBP"", ""SLG""]}",0.843922499
hitter,2025,Steamer,p_d65b41dc5498c748aed03004,s_e204adaf014f8078ff2b5ed2,actual,OPS,"{""sum"": [""OBP"", ""SLG""]}",0.7691121169999999
hitter,2025,Steamer,p_316c3f5d72b7ee1b6a59d1c6,s_0445a64391032b402909bfad,actual,OPS,"{""sum"": [""OBP"", ""SLG""]}",0.868624717
hitter,2025,Steamer,p_a1c10b179912b1d2f03fa32c,s_adf55c9e09d13578a7a6ef94,actual,OPS,"{""sum"": [""OBP"", ""SLG""]}",0.806310432
hitter,2025,Steamer,p_63b127378fbb63f7a8ac5c53,s_3bd2337772e39bdd1f1f53ee,actual,OPS,"{""sum"": [""OBP"", ""SLG""]}",0.80927013
hitter,2025,Steamer,p_689b3153515d854852b70f4b,s_730e16a718d36db4960afb31,actual,OPS,"{""sum"": [""OBP"", ""SLG""]}",0.739567971
hitter,2025,Steamer,p_975a1b871ed65b006a1ce607,s_e0c0b56b2bff8bfb5a3c3370,actual,OPS,"{""sum"": [""OBP"", ""SLG""]}",0.7949708600000001
hitter,2025,Steamer,p_1552cbc32b7c3d101007d1ee,s_5f378ca1c32154c47a83553a,actual,OPS,"{""sum"": [""OBP"", ""SLG""]}",0.66296652
hitter,2025,Steamer,p_eb6d41898fee1956040bc079,s_705f008de407165eefd9ee96,actual,OPS,"{""sum"": [""OBP"", ""SLG""]}",0.839505767
hitter,2025,Steamer,p_212972d5e1d2c8460dc3a73b,s_16bbfe9b51cc2c53f3a9b4b0,actual,OPS,"{""sum"": [""OBP"", ""SLG""]}",0.672805831
hitter,2025,Steamer,p_8b8b46332f730f938d5e4598,s_e6c6f789dd943097c4f3490e,actual,OPS,"{""sum"": [""OBP"", ""SLG""]}",0.7697023329999999
hitter,2025,Steamer,p_5df8600326504a53588a6de7,s_eafcc5ea7ce7f5a1ff6b07b9,actual,OPS,"{""sum"": [""OBP"", ""SLG""]}",0.792944164
hitter,2025,Steamer,p_98faa1d5523b21adac215d1f,s_e35e38017c3119b365ccb7bb,actual,OPS,"{""sum"": [""OBP"", ""SLG""]}",0.711576762
hitter,2025,Steamer,p_d85aa5a54347f648d409ab91,s_5cdf1e722c412c351be6e791,actual,OPS,"{""sum"": [""OBP"", ""SLG""]}",0.785963805
hitter,2025,Steamer,p_406c3866f3427af34341afec,s_2ea110b3b07dfc233bb4470d,actual,OPS,"{""sum"": [""OBP"", ""SLG""]}",0.642788821
hitter,2025,Steamer,p_14d1280565f59b8db3772882,s_5a354bedd4e5b9aa39315809,actual,OPS,"{""sum"": [""OBP"", ""SLG""]}",0.774309583
hitter,2025,Steamer,p_f23d1d9035065b244f5e458f,s_347d2e1d633714cb40db0906,actual,OPS,"{""sum"": [""OBP"", ""SLG""]}",0.8457566139999999
hitter,2025,Steamer,p_470f32c7b44abc752b626681,s_711e662c6e3acedefd4e0113,actual,OPS,"{""sum"": [""OBP"", ""SLG""]}",0.716638592
hitter,2025,Steamer,p_81055a604ebcb0e79f8ffbe8,s_3b1842fa7a8cf352ea18881a,actual,OPS,"{""sum"": [""OBP"", ""SLG""]}",0.598395994
hitter,2025,Steamer,p_9dae11e0cd2670bf2ee9255e,s_0a0ee06aee81739f980787ee,actual,OPS,"{""sum"": [""OBP"", ""SLG""]}",0.734426416
hitter,2025,Steamer,p_56e7275c3bfa42a75a7ac2ab,s_816d303b9cb26842e2ef1283,actual,OPS,"{""sum"": [""OBP"", ""SLG""]}",0.811948847
hitter,2025,Steamer,p_abdfe3139ed4c9eda6ce0c37,s_1c7297bc3cb5b42d8bc53802,actual,OPS,"{""sum"": [""OBP"", ""SLG""]}",0.770482509
hitter,2025,Steamer,p_6c63d7d7b55bc0f02c783a80,s_15a6724e1d52d77544fc9d05,actual,OPS,"{""sum"": [""OBP"", ""SLG""]}",0.812594951
hitter,2025,Steamer,p_fe3b34280c5c898441437983,s_d48b73a59dc6dcbcc199b011,actual,OPS,"{""sum"": [""OBP"", ""SLG""]}",0.704834782
hitter,2025,Steamer,p_e6a7e479765cf29ade93adc3,s_03a2928dadcc6c55ba44b5c4,actual,OPS,"{""sum"": [""OBP"", ""SLG""]}",0.847581105
hitter,2025,Steamer,p_93147868d8b8ef25dc5ff7ce,s_4b72cc04b8227522e9a5c093,actual,OPS,"{""sum"": [""OBP"", ""SLG""]}",0.695473643
hitter,2025,Steamer,p_566da69483a08944a4fd0dbe,s_c2f6841e3131910d69ed95ba,actual,OPS,"{""sum"": [""OBP"", ""SLG""]}",0.799530816
hitter,2025,Steamer,p_c315f699dc20ea9f45db58c2,s_f4f25c3941b12a604a6cf04b,actual,OPS,"{""sum"": [""OBP"", ""SLG""]}",0.675713437
hitter,2025,Steamer,p_806c100a85a17dfdcfe3aeab,s_8dc35e26e9820ed49e4ff874,actual,OPS,"{""sum"": [""OBP"", ""SLG""]}",0.719532343
hitter,2025,Steamer,p_ed974f466607b19fee8971ac,s_377f4cf26f3acf9dc6e681bb,actual,OPS,"{""sum"": [""OBP"", ""SLG""]}",0.797155049
hitter,2025,Steamer,p_8653cdcc68d87c5feacb31a7,s_892f2f8c68efef956cd0fe75,actual,OPS,"{""sum"": [""OBP"", ""SLG""]}",0.702152695
hitter,2025,Steamer,p_c5052dde404660cf9ce169d1,s_4a0727c9b45d476a35849bee,actual,OPS,"{""sum"": [""OBP"", ""SLG""]}",0.697513445
hitter,2025,Steamer,p_9a7cb306dcada31282e6798e,s_b5e39d0f3a43977ae376972b,actual,OPS,"{""sum"": [""OBP"", ""SLG""]}",0.769817073
hitter,2025,Steamer,p_41adaed6cd990313cac1c28c,s_8c95b2a05417859adc19f367,actual,OPS,"{""sum"": [""OBP"", ""SLG""]}",0.70995041
hitter,2025,Steamer,p_c098c2fe9513c8a2d9d6133f,s_26cbbb1c5fd1f8d1f8912e58,actual,OPS,"{""sum"": [""OBP"", ""SLG""]}",0.775297379
hitter,2025,Steamer,p_19af1c0e0d94d73536407863,s_5f88d7bd6cd4deb0aedfd9c1,actual,OPS,"{""sum"": [""OBP"", ""SLG""]}",0.7345334560000001
hitter,2025,Steamer,p_e8a841a4c0a09c1611d07c5c,s_31565d1c55668041185e3ebe,actual,OPS,"{""sum"": [""OBP"", ""SLG""]}",0.739136362
hitter,2025,Steamer,p_bae0c0ca4e440ae7ebfa87be,s_16188809fd84d193e1162a9b,actual,OPS,"{""sum"": [""OBP"", ""SLG""]}",0.784731658
hitter,2025,Steamer,p_fffb6de42175eb3a17278de2,s_61f5bd981b68dfd9d7fae9e7,actual,OPS,"{""sum"": [""OBP"", ""SLG""]}",0.840142061
hitter,2025,Steamer,p_9c139e8de020d424429029d1,s_ebbf3b84d98347250f75af80,actual,OPS,"{""sum"": [""OBP"", ""SLG""]}",0.8511490310000001
hitter,2025,Steamer,p_ca7feb5b66329358ea3d8c70,s_0764d741cffc0fec0cba2c6c,actual,OPS,"{""sum"": [""OBP"", ""SLG""]}",0.849996457
hitter,2025,Steamer,p_3664d107759fe0ae5d9df463,s_3da0b4a285c8d468d519ba98,actual,OPS,"{""sum"": [""OBP"", ""SLG""]}",0.67068953
hitter,2025,Steamer,p_0f12b16a4ff92fb0e5d398d2,s_2573b216ba548bfa2cbe3614,actual,OPS,"{""sum"": [""OBP"", ""SLG""]}",0.7482160330000001
hitter,2025,Steamer,p_603925421b21bc562bc8d1f0,s_4b8d492044f078e02de60a89,actual,OPS,"{""sum"": [""OBP"", ""SLG""]}",0.7009247860000001
hitter,2025,Steamer,p_773d7d56031db8879f6723e8,s_67d7858ceee598df4a9e73f8,actual,OPS,"{""sum"": [""OBP"", ""SLG""]}",0.9009072929999999
hitter,2025,Steamer,p_e96df7bede80ce3e564c75a2,s_04ee36aa8a0de54340c640dd,actual,OPS,"{""sum"": [""OBP"", ""SLG""]}",0.771426487
hitter,2025,Steamer,p_eee8adf491cb30aad8c0c2e7,s_daeb79369720175a7e5c0e97,actual,OPS,"{""sum"": [""OBP"", ""SLG""]}",0.814476779
hitter,2025,Steamer,p_dca7ac3dcb00e9e9c03af974,s_4c43d8b0cc956399f6c80629,actual,OPS,"{""sum"": [""OBP"", ""SLG""]}",0.671176283
hitter,2025,Steamer,p_bbaf8d520b3e4b79303a4fa8,s_5d0464170191b0253a493512,actual,OPS,"{""sum"": [""OBP"", ""SLG""]}",0.71738782
hitter,2025,Steamer,p_54a176facbbf2b86f4773ac9,s_fc6a9ec9e9f33558d86b89cf,actual,OPS,"{""sum"": [""OBP"", ""SLG""]}",0.665549428
hitter,2025,Steamer,p_0b1f16cb17d8c26e63a90351,s_476b11d690b9f21d121046a0,actual,OPS,"{""sum"": [""OBP"", ""SLG""]}",0.694270833
hitter,2025,Steamer,p_5c1070a01c0c31d9a11bbaed,s_d4a36bb2f873712106c1380c,actual,OPS,"{""sum"": [""OBP"", ""SLG""]}",0.6862353910000001
hitter,2025,Steamer,p_d04d80d479ca9798b6aba56a,s_ed9534a6e911052e45922ca6,actual,OPS,"{""sum"": [""OBP"", ""SLG""]}",0.8134332989999999
hitter,2025,Steamer,p_9182f20a9487df382d08fb95,s_733031501edc99231ecadf6d,actual,OPS,"{""sum"": [""OBP"", ""SLG""]}",0.6643697989999999
hitter,2025,Steamer,p_bb6f9449c9e0ffc57d547002,s_d4c13042c72cc921a7e8bf14,actual,OPS,"{""sum"": [""OBP"", ""SLG""]}",0.7454982990000001
hitter,2025,Steamer,p_fe5e81171887fdbded90e9cf,s_6dbef074b2b6476b224f4ade,actual,OPS,"{""sum"": [""OBP"", ""SLG""]}",0.6610685249999999
hitter,2025,Steamer,p_116cdec4053638cbb2ccefd2,s_8cb2d30d48a741b5a0bbb6f9,actual,OPS,"{""sum"": [""OBP"", ""SLG""]}",0.77456564
hitter,2025,Steamer,p_0575c7ada041df0cca2d5549,s_9f2a63bb281a85d5cf02378f,actual,OPS,"{""sum"": [""OBP"", ""SLG""]}",0.861430337
hitter,2025,Steamer,p_fe349ad78aee63c7c18b8b83,s_30c2316043faddae9930de90,actual,OPS,"{""sum"": [""OBP"", ""SLG""]}",0.791698903
hitter,2025,Steamer,p_07105369a9e627dc07e08f3a,s_b60501934c3f8a9d8cb8b7ac,actual,OPS,"{""sum"": [""OBP"", ""SLG""]}",0.797620902
hitter,2025,Steamer,p_07a6c8c4d72175b6a105acc0,s_7403d36eb5285892ad1acd9a,actual,OPS,"{""sum"": [""OBP"", ""SLG""]}",0.661298232
hitter,2025,Steamer,p_45a4c94329ef45c21f405f71,s_a6687335ac341beb50a1d226,actual,OPS,"{""sum"": [""OBP"", ""SLG""]}",0.837250858
hitter,2025,Steamer,p_b3b356771b4a2b8a3dabc8a1,s_ebd9fa696133cbc4def8971b,actual,OPS,"{""sum"": [""OBP"", ""SLG""]}",0.786504651
hitter,2025,Steamer,p_edf8657586c7b50067f79dfb,s_91ea80e5333a9a933e1031e0,actual,OPS,"{""sum"": [""OBP"", ""SLG""]}",0.654765544
hitter,2025,Steamer,p_e0d83b8da8aaead5cd952acc,s_c94a3ffc148855d7387a1705,actual,OPS,"{""sum"": [""OBP"", ""SLG""]}",0.8513565
hitter,2025,Steamer,p_33ef22bd9c5fcfa876186831,s_99a9192ed29283f404615464,actual,OPS,"{""sum"": [""OBP"", ""SLG""]}",0.9275547900000001
hitter,2025,Steamer,p_89571ae4477faeb62a16b64b,s_b190c6b3514a97312b4459d2,actual,OPS,"{""sum"": [""OBP"", ""SLG""]}",0.7008586290000001
hitter,2025,Steamer,p_c4e9bd291c503b119d01518b,s_8bdb9bab3aa2882fe6cec979,actual,OPS,"{""sum"": [""OBP"", ""SLG""]}",0.609929077
hitter,2025,Steamer,p_fc5ea9af3a74454e7e41965e,s_4a95fe1a8a837e1866a3fbd7,actual,OPS,"{""sum"": [""OBP"", ""SLG""]}",0.718738552
hitter,2025,Steamer,p_9dc26246e90ca8f349fcd827,s_a659de8b09695458cb179ec9,actual,OPS,"{""sum"": [""OBP"", ""SLG""]}",0.760048501
hitter,2025,Steamer,p_d84830ffa4fab8cd91af4c87,s_fd77a2580d49c0acce08a2bf,actual,OPS,"{""sum"": [""OBP"", ""SLG""]}",0.722027289
hitter,2025,Steamer,p_a10691810a3a9049724c355e,s_3a12ac435da6971f0a71c9af,actual,OPS,"{""sum"": [""OBP"", ""SLG""]}",0.794140029
hitter,2025,Steamer,p_7868a9d4deb15c256be270e4,s_20a4ec371d574a4d54f8b628,actual,OPS,"{""sum"": [""OBP"", ""SLG""]}",0.565307644
hitter,2025,Steamer,p_949685b5495cd6ed803f6057,s_3da1d85da36311a1ee926c7b,actual,OPS,"{""sum"": [""OBP"", ""SLG""]}",0.630353746
hitter,2025,Steamer,p_cce7aefd60200f89eb5f62c5,s_e23a90162e11189be45ef0db,actual,OPS,"{""sum"": [""OBP"", ""SLG""]}",0.82469868
hitter,2025,Steamer,p_38e2bb8be3a261e7adcb997c,s_1079699f3fee9ede262e5412,actual,OPS,"{""sum"": [""OBP"", ""SLG""]}",0.762418256
hitter,2025,Steamer,p_7fdf70628f36e355ee189240,s_e125389ff86979b7d9ea59f5,actual,OPS,"{""sum"": [""OBP"", ""SLG""]}",0.6897944949999999
hitter,2025,Steamer,p_8d8ac643ab43c0a5edae56ca,s_67383b8e02b9283d06f637d7,actual,OPS,"{""sum"": [""OBP"", ""SLG""]}",0.8710060199999999
hitter,2025,Steamer,p_18f58e283cd36378ac1da1fd,s_cafd553198fb0e39fdc460e4,actual,OPS,"{""sum"": [""OBP"", ""SLG""]}",0.760232586
hitter,2025,Steamer,p_ce144ce9a8cc74bf957c8921,s_7db5f819dd1d1ea93c1258f7,actual,OPS,"{""sum"": [""OBP"", ""SLG""]}",0.64869416
hitter,2025,Steamer,p_b568a0123a1581a870454450,s_83f388cb482ecc9366a5aa1b,actual,OPS,"{""sum"": [""OBP"", ""SLG""]}",0.669398012
hitter,2025,Steamer,p_374639c006432a57cd7173fc,s_7f86311b54bdb9b7929aa100,actual,OPS,"{""sum"": [""OBP"", ""SLG""]}",0.719235633
hitter,2025,Steamer,p_34b3b6e9dd4f5cea6194f845,s_5c5f7e4947593769baa54b09,actual,OPS,"{""sum"": [""OBP"", ""SLG""]}",0.742408678
hitter,2025,Steamer,p_16c8a61592460a4590a285cf,s_fab03ef609210e799821ad7d,actual,OPS,"{""sum"": [""OBP"", ""SLG""]}",0.650747754
hitter,2025,Steamer,p_44532242db028a1dd74c936e,s_4b2adac83be0d1613741aaff,actual,OPS,"{""sum"": [""OBP"", ""SLG""]}",0.720087106
hitter,2025,Steamer,p_22db645384aeaef0e6b0dd37,s_3d0bb10b55afbe7914cffee1,actual,OPS,"{""sum"": [""OBP"", ""SLG""]}",0.800172375
hitter,2025,Steamer,p_976a51a68ae7b23d4651968b,s_4b942c26738743b1f209dc92,actual,OPS,"{""sum"": [""OBP"", ""SLG""]}",0.7408319640000001
hitter,2025,Steamer,p_5d01293e94a7585a67693fb0,s_1d330180b1679bed8356aded,actual,OPS,"{""sum"": [""OBP"", ""SLG""]}",0.8238359260000001
hitter,2025,Steamer,p_910eaf826bf8a3ff8e586a66,s_f886f66000ded1323b64df6a,actual,OPS,"{""sum"": [""OBP"", ""SLG""]}",0.746376811
hitter,2025,Steamer,p_8b4dd804140aaf9ec7e45949,s_04cbd736db52a94041a4f232,actual,OPS,"{""sum"": [""OBP"", ""SLG""]}",0.790967295
hitter,2025,Steamer,p_55ce304d590ded904d24a170,s_c9edb1ed04239a65e546a2c0,actual,OPS,"{""sum"": [""OBP"", ""SLG""]}",0.6223663779999999
hitter,2025,Steamer,p_b1a89f2be7e4c14ff4efdd77,s_6c77a263e7ac942ad11d3d5b,actual,OPS,"{""sum"": [""OBP"", ""SLG""]}",0.708637971
hitter,2025,Steamer,p_d15ee8551777e5c3a4d0aae0,s_a2c818d3503e4de4070e7d02,actual,OPS,"{""sum"": [""OBP"", ""SLG""]}",0.73841541
hitter,2025,Steamer,p_38ec0c549c03971eb5d0751e,s_3b993f7bc2f8000aca395e86,actual,OPS,"{""sum"": [""OBP"", ""SLG""]}",0.6289361689999999
hitter,2025,Steamer,p_376836ac6c44d0cd8f0e6415,s_3dda2c1fc11950e99cf16cc9,actual,OPS,"{""sum"": [""OBP"", ""SLG""]}",0.7675929370000001
hitter,2025,Steamer,p_8763904d13a29c644082b122,s_c845172ad683cca68b0d3a1c,actual,OPS,"{""sum"": [""OBP"", ""SLG""]}",0.8777977730000001
hitter,2025,Steamer,p_b80059e715bc562d70fcb8af,s_7da6a33a8febd354dfe28c4a,actual,OPS,"{""sum"": [""OBP"", ""SLG""]}",0.683583567
hitter,2025,Steamer,p_1ebeee998dafa37125803f82,s_632d9e7c78138d0604e12cfd,actual,OPS,"{""sum"": [""OBP"", ""SLG""]}",0.579816017
hitter,2025,Steamer,p_88ea9f9f953b0443fa439d35,s_3143726940d102842564f63d,actual,OPS,"{""sum"": [""OBP"", ""SLG""]}",0.689756359
hitter,2025,Steamer,p_4f4c4807eced6c528cffe237,s_6347be207dee15ab1efa1627,actual,OPS,"{""sum"": [""OBP"", ""SLG""]}",0.649571754
hitter,2025,Steamer,p_2724acfafc878fd4c34e93e8,s_351df69cf4c94220c62f1500,actual,OPS,"{""sum"": [""OBP"", ""SLG""]}",0.610890433
hitter,2025,Steamer,p_3a018d05684bd05311c373cb,s_d6cc33eee44f0c03844466da,actual,OPS,"{""sum"": [""OBP"", ""SLG""]}",0.743754971
hitter,2025,Steamer,p_d570178e121f3df05edac8b9,s_ddc64dc11930aff21458afac,actual,OPS,"{""sum"": [""OBP"", ""SLG""]}",0.719453774
hitter,2025,Steamer,p_fd457e419f55ef98100c8820,s_8c57df3c93a5641473da5285,actual,OPS,"{""sum"": [""OBP"", ""SLG""]}",0.795174681
hitter,2025,Steamer,p_ddf817cabc06756b0e3c52c8,s_49f4cb663426c0325383387b,actual,OPS,"{""sum"": [""OBP"", ""SLG""]}",0.593021276
hitter,2025,Steamer,p_c83d352443086e7f53e8ec08,s_ddf41eb1756e036ef2c5b950,actual,OPS,"{""sum"": [""OBP"", ""SLG""]}",0.7557406259999999
hitter,2025,Steamer,p_26a8a517c6eb9d8b6968c481,s_712b717d51c03ae20bba1e14,actual,OPS,"{""sum"": [""OBP"", ""SLG""]}",0.7755102030000001
hitter,2025,Steamer,p_93f0cbe4ba8d32de88ebd386,s_159a82d9af13d59928ec24b0,actual,OPS,"{""sum"": [""OBP"", ""SLG""]}",0.787061994
hitter,2025,Steamer,p_367043d04df11c50c62b433f,s_e2dfb607e184eb743306b149,actual,OPS,"{""sum"": [""OBP"", ""SLG""]}",0.845937221
hitter,2025,Steamer,p_fdaca5aed6785adf29ede698,s_1fe369c5eb1cf2f146d04975,actual,OPS,"{""sum"": [""OBP"", ""SLG""]}",0.7305466
hitter,2025,Steamer,p_e8f31649994a3e32ef11f822,s_5f221644b6574b664d781a60,actual,OPS,"{""sum"": [""OBP"", ""SLG""]}",0.742285438
hitter,2025,Steamer,p_d3826afca90b544836e2677c,s_6ed55c3b015612e564fe8385,actual,OPS,"{""sum"": [""OBP"", ""SLG""]}",0.81558011
hitter,2025,Steamer,p_b78289d1db7944d769d0fd0e,s_d6e1b4de43ade60fc94919b1,actual,OPS,"{""sum"": [""OBP"", ""SLG""]}",0.6871563460000001
hitter,2025,Steamer,p_3ee7d8b9c1b81790be270d8c,s_e8f25bfa46a7508bb77c3838,actual,OPS,"{""sum"": [""OBP"", ""SLG""]}",0.684208043
hitter,2025,Steamer,p_26c07dbedac1bda5bffc2c42,s_d92f98bc2c48ffba64512173,actual,OPS,"{""sum"": [""OBP"", ""SLG""]}",0.5184788730000001
hitter,2025,Steamer,p_71d39bbc0fefb4bfd7f4b968,s_d442724c96140bad4eb93725,actual,OPS,"{""sum"": [""OBP"", ""SLG""]}",0.6209227429999999
hitter,2025,Steamer,p_a88d730b313818d432b74cc0,s_b195ebecba94884db79104de,actual,OPS,"{""sum"": [""OBP"", ""SLG""]}",0.591235536
hitter,2025,Steamer,p_9837c9964fe5b2c7ce57160e,s_5ffd1684f439fa512ab1cece,actual,OPS,"{""sum"": [""OBP"", ""SLG""]}",0.693426178
hitter,2025,Steamer,p_1c2555fab0a44a8694e53597,s_0a5edd30ef07534812f1dce0,actual,OPS,"{""sum"": [""OBP"", ""SLG""]}",0.729260198
hitter,2025,Steamer,p_0130cd45d3e0619843f93b86,s_1eefd4cac4493574430e3adf,actual,OPS,"{""sum"": [""OBP"", ""SLG""]}",0.672360862
hitter,2025,Steamer,p_1a95972d3cc893a472abc230,s_5cb104f2f27a4d9ff50ad096,actual,OPS,"{""sum"": [""OBP"", ""SLG""]}",0.7171381130000001
hitter,2025,Steamer,p_9f8e5fcf717acc70a142d6b8,s_12cc4d1fd8db058ab676327f,actual,OPS,"{""sum"": [""OBP"", ""SLG""]}",0.613547787
hitter,2025,Steamer,p_3e65baa0e05437e8c0238e22,s_00e461fa3fbc0707bda34f34,actual,OPS,"{""sum"": [""OBP"", ""SLG""]}",0.688770788
hitter,2025,Steamer,p_a280e0051deab38225ff5e85,s_dfea8e88621aafb6413188ad,actual,OPS,"{""sum"": [""OBP"", ""SLG""]}",0.595485271
hitter,2025,Steamer,p_314d65c651f0866b57c6c200,s_dd587a760bc0e531342b5e00,actual,OPS,"{""sum"": [""OBP"", ""SLG""]}",0.6995805479999999
hitter,2025,Steamer,p_5c4251b6812026c9a34d5cec,s_0b2e7d5a2c13dc81a2abd815,actual,OPS,"{""sum"": [""OBP"", ""SLG""]}",0.832519937
hitter,2025,Steamer,p_d280fe766b138e116686c70c,s_8903cc1ac72be908a6746485,actual,OPS,"{""sum"": [""OBP"", ""SLG""]}",0.820987729
hitter,2025,Steamer,p_b3b7429144b65984ac116b64,s_88a96a3e6a24f741e0a65988,actual,OPS,"{""sum"": [""OBP"", ""SLG""]}",0.7227783489999999
hitter,2025,Steamer,p_ea8a5d1c846e0c84971a0bb4,s_a05e742871925e2b3d10124d,actual,OPS,"{""sum"": [""OBP"", ""SLG""]}",0.7521551719999999
hitter,2025,Steamer,p_22206224451c3db51ac6d5b0,s_80b17a6ad5b49dbdd8153ff5,actual,OPS,"{""sum"": [""OBP"", ""SLG""]}",0.6650440440000001
hitter,2025,Steamer,p_01f201d29bbe20594b827aba,s_319b1060d8558020cd20f4cd,actual,OPS,"{""sum"": [""OBP"", ""SLG""]}",0.959204693
hitter,2025,Steamer,p_38d7241e29090de68e34bc2f,s_d89f8612230e8323655a4803,actual,OPS,"{""sum"": [""OBP"", ""SLG""]}",0.679137424
hitter,2025,Steamer,p_17359d602cb142314bd90053,s_146722cccfd7cb50b7e6d9d2,actual,OPS,"{""sum"": [""OBP"", ""SLG""]}",0.579831932
hitter,2025,Steamer,p_0b1b7413f31673311ce952ef,s_a7f9fc78ba31ef98810e01b6,actual,OPS,"{""sum"": [""OBP"", ""SLG""]}",0.602478902
hitter,2025,Steamer,p_42767f2ef4cd11bba011e99d,s_0815ab5f1ad4fbac6b43bc70,actual,OPS,"{""sum"": [""OBP"", ""SLG""]}",0.737194155
hitter,2025,Steamer,p_f833a627792ee898758f75c1,s_e8fa0f4229f03f86e2bbe8d2,actual,OPS,"{""sum"": [""OBP"", ""SLG""]}",0.635616816
hitter,2025,Steamer,p_6a6f47011a0fdf81335ada30,s_14cbd30f7224603e199ab7ff,actual,OPS,"{""sum"": [""OBP"", ""SLG""]}",0.5810930409999999
hitter,2025,Steamer,p_772e2bb69cabe6eda522882b,s_6e88d6f72b2dcecf17926810,actual,OPS,"{""sum"": [""OBP"", ""SLG""]}",0.5828116839999999
hitter,2025,Steamer,p_1bf803b8768936d90d2de00b,s_4c2294312b963e3b3184c3b2,actual,OPS,"{""sum"": [""OBP"", ""SLG""]}",0.530082267
hitter,2025,Steamer,p_e7209053b03523d1b10b464b,s_76952e64a765249227fb30f2,actual,OPS,"{""sum"": [""OBP"", ""SLG""]}",0.623489078
hitter,2025,Steamer,p_5ea69072becc5cf7c0a9e718,s_30a1d13fc0829a8f11f430a3,actual,OPS,"{""sum"": [""OBP"", ""SLG""]}",0.785314522
hitter,2025,Steamer,p_982c7d30cba9f37d0babd910,s_15dcd510b85368834cddf8d4,actual,OPS,"{""sum"": [""OBP"", ""SLG""]}",0.661224331
hitter,2025,Steamer,p_713f11bb66125b24c64ef2d1,s_29cc1ea5c22dde59a8837d31,actual,OPS,"{""sum"": [""OBP"", ""SLG""]}",0.528958151
hitter,2025,Steamer,p_2df0748ced386bc886f0bded,s_b33b67c995678c495befeee0,actual,OPS,"{""sum"": [""OBP"", ""SLG""]}",0.654239837
hitter,2025,Steamer,p_30c7a668112dbae738c3a2dc,s_48ad0504200b5ee7349361bf,actual,OPS,"{""sum"": [""OBP"", ""SLG""]}",0.803761422
hitter,2025,Steamer,p_d319b6b594701cbc5732b5b7,s_f76814b7c1a42275707d5aea,actual,OPS,"{""sum"": [""OBP"", ""SLG""]}",0.689596543
hitter,2025,Steamer,p_21e21eee8205504dbb454499,s_c118f1aae30d703a94615c4b,actual,OPS,"{""sum"": [""OBP"", ""SLG""]}",0.680090404
hitter,2025,Steamer,p_5c21762346818604fbfcff71,s_214f9a49d91ece7362acaa5d,actual,OPS,"{""sum"": [""OBP"", ""SLG""]}",0.688542236
hitter,2025,Steamer,p_090a1d58e67cb527524b4184,s_76f948cfbe9dd7873fbceaea,actual,OPS,"{""sum"": [""OBP"", ""SLG""]}",0.786863987
hitter,2025,Steamer,p_8ee0eb5cae5daa0d79a54f41,s_d6c7febc8666ec70a2710ba9,actual,OPS,"{""sum"": [""OBP"", ""SLG""]}",0.524421849
hitter,2025,Steamer,p_1d7e8678c5830f3f0069f0d2,s_079297376da0109bf3d01bf3,actual,OPS,"{""sum"": [""OBP"", ""SLG""]}",0.786476592
hitter,2025,Steamer,p_2d444cfa000f2def8872ded3,s_323f86ace2035c95b2777462,actual,OPS,"{""sum"": [""OBP"", ""SLG""]}",0.728057553
hitter,2025,Steamer,p_0cfc16ec70a614e40004e420,s_8958cbb9f81f6c9891084373,actual,OPS,"{""sum"": [""OBP"", ""SLG""]}",0.648685258
hitter,2025,Steamer,p_ba07987ec3defa0be7df57c7,s_9fd2a67072777de6ab337bae,actual,OPS,"{""sum"": [""OBP"", ""SLG""]}",0.65543906
hitter,2025,Steamer,p_34425c8d8ba5966e2a935516,s_ed82059dc5756ac76963aba2,actual,OPS,"{""sum"": [""OBP"", ""SLG""]}",0.7267398469999999
hitter,2025,Steamer,p_034871097292618cf33a0c4f,s_f4abce60eb97a727a27d795e,actual,OPS,"{""sum"": [""OBP"", ""SLG""]}",0.720734126
hitter,2025,Steamer,p_f00855fd10751f91f9838dac,s_f00ea965481230b7adc833b1,actual,OPS,"{""sum"": [""OBP"", ""SLG""]}",0.684131221
hitter,2025,Steamer,p_49284b363959e469c6d521d3,s_b3eea0a8b1771ce24c1feed1,actual,OPS,"{""sum"": [""OBP"", ""SLG""]}",0.760725848
hitter,2025,Steamer,p_08ae04aabc21677b06e0f5b5,s_829a340934890efabccc466c,actual,OPS,"{""sum"": [""OBP"", ""SLG""]}",0.700182504
hitter,2025,Steamer,p_dedf39f3291ea6360bd9d86d,s_f2f32f1fe74c5e545905f4db,actual,OPS,"{""sum"": [""OBP"", ""SLG""]}",0.724340057
hitter,2025,Steamer,p_095d65b80762b3662a2707e2,s_58339efcd7251ab0b60d9043,actual,OPS,"{""sum"": [""OBP"", ""SLG""]}",0.603394091
hitter,2025,Steamer,p_e68c177b707ba2989502b77c,s_e063ca3657d80b6442645dad,actual,OPS,"{""sum"": [""OBP"", ""SLG""]}",0.50173913
hitter,2025,Steamer,p_940fa05875c6ec92a4c0f82a,s_b1b806478e1217e6e67b3718,actual,OPS,"{""sum"": [""OBP"", ""SLG""]}",0.727903963
hitter,2025,Steamer,p_0173b722ac4118ed6cdf2900,s_c442d716abc0672291dfcb5e,actual,OPS,"{""sum"": [""OBP"", ""SLG""]}",0.653765919
hitter,2025,Steamer,p_acb394d472b6013fee0b2e3f,s_c34da300c0eefccdc00685ce,actual,OPS,"{""sum"": [""OBP"", ""SLG""]}",0.605669952
hitter,2025,Steamer,p_3df3de11935400a2046d0e22,s_dcfffd08901b27c116a8012a,actual,OPS,"{""sum"": [""OBP"", ""SLG""]}",0.711418149
hitter,2025,Steamer,p_a04a776d277aaef9a5c0a0c5,s_4472a3bd0c66f77e2afcea10,actual,OPS,"{""sum"": [""OBP"", ""SLG""]}",0.653184164
hitter,2025,Steamer,p_0073829d150626e88713a1af,s_f6e06ee6adacd7e51b842d78,actual,OPS,"{""sum"": [""OBP"", ""SLG""]}",0.5835629
hitter,2025,Steamer,p_9b7916f908afc5ad14fc69e1,s_2bfc0daf2062e1ba3a5415f6,actual,OPS,"{""sum"": [""OBP"", ""SLG""]}",0.77777333
hitter,2025,Steamer,p_6ef9eb123a894da47938ad54,s_a003d591923b753f368bb684,actual,OPS,"{""sum"": [""OBP"", ""SLG""]}",0.745810176
hitter,2025,Steamer,p_3a8dce49800801c45f47c67d,s_5c843b67a747e724e0c5b2bd,actual,OPS,"{""sum"": [""OBP"", ""SLG""]}",0.630919853
hitter,2025,Steamer,p_7a73d79a099a02d80efb70ee,s_74b4d1e7a23f13606bb3cf23,actual,OPS,"{""sum"": [""OBP"", ""SLG""]}",0.801293951
hitter,2025,Steamer,p_43de269c43a2abc9eaaccc63,s_daedac289855ec5e67ec9399,actual,OPS,"{""sum"": [""OBP"", ""SLG""]}",0.693160141
hitter,2025,Steamer,p_12ab82bfc52a6eb89981c8ef,s_550e62caa2a5d512183ffe35,actual,OPS,"{""sum"": [""OBP"", ""SLG""]}",0.7878401429999999
hitter,2025,Steamer,p_c18d2ac39a45a469963266d6,s_1c6108ebdf6c3bdce84f1e4e,actual,OPS,"{""sum"": [""OBP"", ""SLG""]}",0.726900082
hitter,2025,Steamer,p_abe047f07a0efa446f4a36de,s_8c61a0bf68163d6ee78ab8ec,actual,OPS,"{""sum"": [""OBP"", ""SLG""]}",0.70843996
hitter,2025,Steamer,p_8010bf50d9cac90da8bc9c88,s_34938ab826e98fd991747a63,actual,OPS,"{""sum"": [""OBP"", ""SLG""]}",0.698501429
hitter,2025,Steamer,p_a910702a6f8986211ef36f3c,s_214cedf614299256290337a8,actual,OPS,"{""sum"": [""OBP"", ""SLG""]}",0.7281162130000001
hitter,2025,Steamer,p_7464a49665d3e2d5bd7d2c5d,s_93211d4f12a9a2aa95ac1bc9,actual,OPS,"{""sum"": [""OBP"", ""SLG""]}",0.718504936
hitter,2025,Steamer,p_73b12e6f36544a08a000f034,s_e227f31cbe742f9611ff98ec,actual,OPS,"{""sum"": [""OBP"", ""SLG""]}",0.658931857
hitter,2025,Steamer,p_34ccd8b501bbb85c38a690a6,s_3d61eb8348881a3080018b97,actual,OPS,"{""sum"": [""OBP"", ""SLG""]}",0.812072553
hitter,2025,Steamer,p_cf9af48ba71d61a22e7caa41,s_069dfbbd04687c88cdbcca8e,actual,OPS,"{""sum"": [""OBP"", ""SLG""]}",0.594800616
hitter,2025,Steamer,p_8d6f6f6848f015a167c87963,s_4b19fff2fb5071542d3c775f,actual,OPS,"{""sum"": [""OBP"", ""SLG""]}",0.416666666
hitter,2025,Steamer,p_094352eb62dc9717947a5478,s_46223110bb43b617fbcf0b45,actual,OPS,"{""sum"": [""OBP"", ""SLG""]}",0.712871794
hitter,2025,Steamer,p_c347beb197dc45a63da2eb7d,s_87e64080144f8aff14a78055,actual,OPS,"{""sum"": [""OBP"", ""SLG""]}",0.802517683
hitter,2025,Steamer,p_b50c7faba421a14abbde4832,s_978f2b38e1570d091a12a9d9,actual,OPS,"{""sum"": [""OBP"", ""SLG""]}",0.630725263
hitter,2025,Steamer,p_5cc1c43544dd4a46bb1ba424,s_1d0471b90df08906062c8423,actual,OPS,"{""sum"": [""OBP"", ""SLG""]}",0.6333180810000001
hitter,2025,Steamer,p_56d916df39c8dfba62c80c88,s_8545c996d5fed108bccde17f,actual,OPS,"{""sum"": [""OBP"", ""SLG""]}",0.641918934
hitter,2025,Steamer,p_9688f2cceb46676f818de1b7,s_30749690930f510819f77c9c,actual,OPS,"{""sum"": [""OBP"", ""SLG""]}",0.8137254899999999
hitter,2025,Steamer,p_1a2ff168ae4dee38f3f0da86,s_39a0f49b42b246f17f63112d,actual,OPS,"{""sum"": [""OBP"", ""SLG""]}",0.76793685
hitter,2025,Steamer,p_10f1f74c96a473df3fdd40c8,s_add091a88cab8cd45af567f1,actual,OPS,"{""sum"": [""OBP"", ""SLG""]}",0.6310389409999999
hitter,2025,Steamer,p_8b3af4e00d6a58700b696caf,s_d39279ea251ac02146110033,actual,OPS,"{""sum"": [""OBP"", ""SLG""]}",0.5981342590000001
hitter,2025,Steamer,p_dc25209b8d6f78bd1ff199d1,s_10adca59bf2b99dbd1d9b915,actual,OPS,"{""sum"": [""OBP"", ""SLG""]}",0.820307143
hitter,2025,Steamer,p_91133680e8e4cb762502f288,s_ea276942cb4ff90c8c630d12,actual,OPS,"{""sum"": [""OBP"", ""SLG""]}",0.616818181
hitter,2025,Steamer,p_c8daa367e2a394e88a3a2b3a,s_86e5a569f0a914bd02dda70f,actual,OPS,"{""sum"": [""OBP"", ""SLG""]}",0.822311142
hitter,2025,Steamer,p_8df2af654b2dd659804150c3,s_863cc90557dd275e22ba30ae,actual,OPS,"{""sum"": [""OBP"", ""SLG""]}",0.654978354
hitter,2025,Steamer,p_780c8c603f85a04c341a9865,s_ed5c2851159393912a84e8d7,actual,OPS,"{""sum"": [""OBP"", ""SLG""]}",0.652963803
hitter,2025,Steamer,p_981b2c7f83451c96f57a0b8f,s_4b7ec523d01add8353cd81b9,actual,OPS,"{""sum"": [""OBP"", ""SLG""]}",0.41030219700000004
hitter,2025,Steamer,p_7b5d1a173b863deb0b76a4d6,s_7e0b89b51f12bf4cc91c9e61,actual,OPS,"{""sum"": [""OBP"", ""SLG""]}",0.865806168
hitter,2025,Steamer,p_d6e2291a941b28d7a61905e7,s_d19f21a0299e6eb13b30e88b,actual,OPS,"{""sum"": [""OBP"", ""SLG""]}",0.756239997
hitter,2025,Steamer,p_c3256a07b8bac1f086784cc2,s_085172770f6f1b96fbc804eb,actual,OPS,"{""sum"": [""OBP"", ""SLG""]}",0.882554117
hitter,2025,Steamer,p_c2215c37439fe2db6d555fe3,s_ff6898e2e7b4e6276be2dc03,actual,OPS,"{""sum"": [""OBP"", ""SLG""]}",0.445357142
hitter,2025,Steamer,p_08f6887f65d655a4a2baf9d5,s_fc6a53ad4d7c446c7d52c1c6,actual,OPS,"{""sum"": [""OBP"", ""SLG""]}",0.6444571859999999
hitter,2025,Steamer,p_67ec3f2da8b9029b41815808,s_1263c143df8f5b145d1abe07,actual,OPS,"{""sum"": [""OBP"", ""SLG""]}",0.596336996
hitter,2025,Steamer,p_8da5a98f5e436023740fed42,s_96a3998578ec999c3f4f7e69,actual,OPS,"{""sum"": [""OBP"", ""SLG""]}",0.66639027
hitter,2025,Steamer,p_f5b455280992f6c5f1c3155d,s_bd1d2c462d5c0a0e314f8d8f,actual,OPS,"{""sum"": [""OBP"", ""SLG""]}",0.495614035
hitter,2025,Steamer,p_9135fc2468c32449f77b1f5b,s_2ab64a65726f8e8f866f9eeb,actual,OPS,"{""sum"": [""OBP"", ""SLG""]}",0.795966103
hitter,2025,Steamer,p_bb37edd9c4e88b2c706112f0,s_e86ec61e1d36c8e4f75f8177,actual,OPS,"{""sum"": [""OBP"", ""SLG""]}",0.633354567
hitter,2025,Steamer,p_ec46ba3925a24605aacacf22,s_36db96f4948e234facb95fa8,actual,OPS,"{""sum"": [""OBP"", ""SLG""]}",0.685931571
hitter,2025,Steamer,p_965a6ea3817c304cc282796b,s_a46dec1086d54c19c2c34703,actual,OPS,"{""sum"": [""OBP"", ""SLG""]}",0.6378940099999999
hitter,2025,Steamer,p_8d64e39982b70f86006ac025,s_1c83890050362b6530f03edc,actual,OPS,"{""sum"": [""OBP"", ""SLG""]}",0.637062633
hitter,2025,Steamer,p_d074168cad7665ea1260b2c7,s_50aa9e757329724b1535b6db,actual,OPS,"{""sum"": [""OBP"", ""SLG""]}",0.320512819
hitter,2025,Steamer,p_f5ccb86ccaa7d4867bf5f322,s_4c0252345846d1d83c083f12,actual,OPS,"{""sum"": [""OBP"", ""SLG""]}",0.5482092510000001
hitter,2025,Steamer,p_e7a6da04b2b0c84531277f57,s_58c50c63f2c064f90751108c,actual,OPS,"{""sum"": [""OBP"", ""SLG""]}",0.511640211
hitter,2025,Steamer,p_f20437b72fe7159ab93a164b,s_8dbb1a98fe01a71b3f103103,actual,OPS,"{""sum"": [""OBP"", ""SLG""]}",0.544712247
hitter,2025,Steamer,p_c89880c7125c5de1ef428333,s_517df079815b95d610ac3329,actual,OPS,"{""sum"": [""OBP"", ""SLG""]}",0.755844155
hitter,2025,Steamer,p_e88e1048177b5e00fc6235b9,s_36f6ad197348e8dbea8eb65f,actual,OPS,"{""sum"": [""OBP"", ""SLG""]}",0.555555555
hitter,2025,Steamer,p_4af00e3fa0b959847f3eac9e,s_dd83011ba349326b0131edcd,actual,OPS,"{""sum"": [""OBP"", ""SLG""]}",0.8482142850000001
hitter,2025,Steamer,p_44767dae17d72f3b81e5e39f,s_19449f7d7e0583d3710def54,actual,OPS,"{""sum"": [""OBP"", ""SLG""]}",0.740816642
hitter,2025,Steamer,p_83161ed742ee108f5b6c36e3,s_e4fc26d57931295cfe7faf6f,actual,OPS,"{""sum"": [""OBP"", ""SLG""]}",0.6750828289999999
hitter,2025,Steamer,p_4adfa388ddfc7eb8aab00551,s_64ef689cce2fce9f8372ffda,actual,OPS,"{""sum"": [""OBP"", ""SLG""]}",0.727180613
hitter,2025,Steamer,p_b7f93fa6cd2a0022c2f4073c,s_2bcd774678d42e08268ed7f8,actual,OPS,"{""sum"": [""OBP"", ""SLG""]}",0.8112391720000001
hitter,2025,Steamer,p_43edd76b977a3e8af976bc83,s_93c9a8c287e8bf84dd078b4b,actual,OPS,"{""sum"": [""OBP"", ""SLG""]}",0.291666666
hitter,2025,Steamer,p_0d7067889926958f567a5660,s_340972fa9214a461b08b368e,actual,OPS,"{""sum"": [""OBP"", ""SLG""]}",0.713996187
hitter,2025,Steamer,p_453f6b5d6ed77a8cb0076130,s_f34ea453c3ca0cfd8673c7f9,actual,OPS,"{""sum"": [""OBP"", ""SLG""]}",0.783220783
hitter,2025,Steamer,p_ac57765bdbb3034bbc1f2b61,s_d15a6414fcc5a590a4effc55,actual,OPS,"{""sum"": [""OBP"", ""SLG""]}",0.610499718
hitter,2025,Steamer,p_ff3b072d82919b7204d60391,s_f4b301cad3113812f87abee7,actual,OPS,"{""sum"": [""OBP"", ""SLG""]}",0.715202798
hitter,2025,Steamer,p_9f9b58cf9004c9e1b74f4f5e,s_5ac0f35bee37dcafb1b9ef1c,actual,OPS,"{""sum"": [""OBP"", ""SLG""]}",0.613146337
hitter,2025,Steamer,p_6df89ef6e838a7bd064ba0fe,s_da724fbf491df05d745bc9cb,actual,OPS,"{""sum"": [""OBP"", ""SLG""]}",0.698702634
hitter,2025,Steamer,p_cf93e6476cc705400a42c18a,s_8ba5048bb8dfd5233901b7ae,actual,OPS,"{""sum"": [""OBP"", ""SLG""]}",0.600245252
hitter,2025,Steamer,p_72f8986dd2cfdf854e6d9496,s_cb1e3bc85fd75058b86bebf3,actual,OPS,"{""sum"": [""OBP"", ""SLG""]}",0.643621144
hitter,2025,Steamer,p_85aa2b0fe3e8fb526c91f73a,s_ae201576c602cd7ccbf7837f,actual,OPS,"{""sum"": [""OBP"", ""SLG""]}",0.631463556
hitter,2025,Steamer,p_6a0c1d9c45e972fd4dd6509b,s_cd4b2816d37d9bb6c273f46b,actual,OPS,"{""sum"": [""OBP"", ""SLG""]}",0.708641975
hitter,2025,Steamer,p_b2481482b385c3996645ecdb,s_8db8f92d37632e91d1ab63f5,actual,OPS,"{""sum"": [""OBP"", ""SLG""]}",0.809942976
hitter,2025,Steamer,p_38223e84aa9c100b39331fcf,s_83cbfb9a8dba0de39c4faa9f,actual,OPS,"{""sum"": [""OBP"", ""SLG""]}",0.786067193
hitter,2025,Steamer,p_039eacb0641753712ee33051,s_15945e83a18257002ad36d77,actual,OPS,"{""sum"": [""OBP"", ""SLG""]}",0.695772563
hitter,2025,Steamer,p_aed415d87aa458c3f61f701a,s_36fc92598b648a15992bd183,actual,OPS,"{""sum"": [""OBP"", ""SLG""]}",0.628515529
hitter,2025,Steamer,p_4377316cb604fc79c43e849f,s_9a29b7aa51a1f4d4478f018d,actual,OPS,"{""sum"": [""OBP"", ""SLG""]}",0.752210432
hitter,2025,Steamer,p_3b4b903bf0ec409efa7f7c4b,s_9307e8792af6bbae0c8ea29f,actual,OPS,"{""sum"": [""OBP"", ""SLG""]}",0.566444034
hitter,2025,Steamer,p_d803dc65885a070fabf6818a,s_b362d6ce67835ca1a941a27b,actual,OPS,"{""sum"": [""OBP"", ""SLG""]}",0.7737736660000001
hitter,2025,Steamer,p_aca63cd113ae58163f54b166,s_605cabf2bfded7e3400bf795,actual,OPS,"{""sum"": [""OBP"", ""SLG""]}",0.737988627
hitter,2025,Steamer,p_834bb635031b8e62a403a8ec,s_87560467ac75a912e1f81f3e,actual,OPS,"{""sum"": [""OBP"", ""SLG""]}",0.342746614
hitter,2025,Steamer,p_4672fc02fbfa48399c90584a,s_c9a5b4df1f0339509d5f1c72,actual,OPS,"{""sum"": [""OBP"", ""SLG""]}",0.8590746220000001
hitter,2025,Steamer,p_1d811c6e48c551113658df8f,s_9a162933d2c82dfaf84dcbe2,actual,OPS,"{""sum"": [""OBP"", ""SLG""]}",0.691098706
hitter,2025,Steamer,p_18f43dfd6af22a681f90df0a,s_c3454f29f168d62e00e55be9,actual,OPS,"{""sum"": [""OBP"", ""SLG""]}",0.688670586
hitter,2025,Steamer,p_a90fbbe8cfc6dbd95768136c,s_f4d608dcf7ee58e97697d5a1,actual,OPS,"{""sum"": [""OBP"", ""SLG""]}",0.680191625
hitter,2025,Steamer,p_b0eaf923fda4aa15ef19e892,s_ff5868575510751364ce3541,actual,OPS,"{""sum"": [""OBP"", ""SLG""]}",0.543885869
hitter,2025,Steamer,p_5e0944f2a44bb662ff478989,s_995f72934e5f1b153404c5c5,actual,OPS,"{""sum"": [""OBP"", ""SLG""]}",0.6011181729999999
hitter,2025,Steamer,p_8e68856222023e03ed776af4,s_36bd350acd5a97cec8d32e76,actual,OPS,"{""sum"": [""OBP"", ""SLG""]}",0.569235588
hitter,2025,Steamer,p_b0bd0cc808788129b5fe92e7,s_b3831385f3107c18253a646d,actual,OPS,"{""sum"": [""OBP"", ""SLG""]}",0.569279279
hitter,2025,Steamer,p_9d5a2c2ad1a5803de88379b4,s_3f13957ba7a080f9ee55f84a,actual,OPS,"{""sum"": [""OBP"", ""SLG""]}",0.64663271
hitter,2025,Steamer,p_983f337494dd44856c74ae94,s_795118464f4a49fb6219a14a,actual,OPS,"{""sum"": [""OBP"", ""SLG""]}",0.735249535
hitter,2025,Steamer,p_0eaaec37182495ecee4c0eba,s_16f7fff5be3811f03e0726ee,actual,OPS,"{""sum"": [""OBP"", ""SLG""]}",0.544635543
hitter,2025,Steamer,p_47f99564c6141fbd9fdc98e8,s_4d1b49d49383582ce9c46f62,actual,OPS,"{""sum"": [""OBP"", ""SLG""]}",0.696790122
hitter,2025,Steamer,p_926280ac4e44befa2c879505,s_76bc950904fdedf3bf5fe4fe,actual,OPS,"{""sum"": [""OBP"", ""SLG""]}",0.6349016110000001
hitter,2025,Steamer,p_5238beca8d2e0f1fd715c816,s_a576ab023016812e7cbc1af5,actual,OPS,"{""sum"": [""OBP"", ""SLG""]}",0.8403658270000001
hitter,2025,Steamer,p_186ced07377f7a0aad91a0e7,s_64f5ab6c30060c9867e371cf,actual,OPS,"{""sum"": [""OBP"", ""SLG""]}",0.6907229509999999
hitter,2025,Steamer,p_36096c55ce20956d0ec5b16a,s_12ebbfd3067b1312f9ccb13c,actual,OPS,"{""sum"": [""OBP"", ""SLG""]}",0.567479431
hitter,2025,Steamer,p_ac2c415e448152dd4e3b1104,s_3e059c144a10a15ee987d045,actual,OPS,"{""sum"": [""OBP"", ""SLG""]}",0.725661144
hitter,2025,Steamer,p_c3db81d681439dff2231b5fd,s_dd0fd17872686692c5da50f2,actual,OPS,"{""sum"": [""OBP"", ""SLG""]}",0.680768523
hitter,2025,Steamer,p_c430ce2c9239469707f293a7,s_c5fad9157c33f51321d3a05e,actual,OPS,"{""sum"": [""OBP"", ""SLG""]}",0.222222222
hitter,2025,Steamer,p_494f13db395735a0068392a4,s_244c2f2bf70b6e3a78f2503d,actual,OPS,"{""sum"": [""OBP"", ""SLG""]}",0.5920527499999999
hitter,2025,Steamer,p_ff7da0692023e81c73d988b1,s_8c3b7eb136e27e66e78a35b6,actual,OPS,"{""sum"": [""OBP"", ""SLG""]}",0.748087682
hitter,2025,Steamer,p_ce15e01e3def598ffdccc288,s_8fc8e7be4e6c177cf7a46604,actual,OPS,"{""sum"": [""OBP"", ""SLG""]}",0.5001273230000001
hitter,2025,Steamer,p_83a60be2623269dba3d01184,s_716fc5048f276fb81adb3fbc,actual,OPS,"{""sum"": [""OBP"", ""SLG""]}",0.837583468
hitter,2025,Steamer,p_afa3696617369fa9fd1578ef,s_d7b31ec944b500a42dcaa59f,actual,OPS,"{""sum"": [""OBP"", ""SLG""]}",0.77138643
hitter,2025,Steamer,p_2e25971727a7328447e20387,s_29a70d06fcae38c996adf513,actual,OPS,"{""sum"": [""OBP"", ""SLG""]}",0.639071409
hitter,2025,Steamer,p_fd20bdc98b27520354fbe2ee,s_c7b8504477335d0b624c69e6,actual,OPS,"{""sum"": [""OBP"", ""SLG""]}",0.738326552
hitter,2025,Steamer,p_bab287670fa987eb0b917507,s_a0c4daf1c576839f915885ca,actual,OPS,"{""sum"": [""OBP"", ""SLG""]}",0.5994037130000001
hitter,2025,Steamer,p_4d4c6c49b9e53cf5eea7989d,s_513e08ac8c2e65e8e59ffcc2,actual,OPS,"{""sum"": [""OBP"", ""SLG""]}",0.4355
hitter,2025,Steamer,p_a878a24f2e648baf02c2be77,s_c0326ae2059638192ea3b426,actual,OPS,"{""sum"": [""OBP"", ""SLG""]}",0.6926387709999999
hitter,2025,Steamer,p_c6e14bf6411d700d054a3e6b,s_760dcbcf77938d9612a5db1b,actual,OPS,"{""sum"": [""OBP"", ""SLG""]}",0.714612119
hitter,2025,Steamer,p_a428e39a0003f8c0f9cc53fe,s_a376a1a912584ecb45e450c1,actual,OPS,"{""sum"": [""OBP"", ""SLG""]}",0.473484848
hitter,2025,Steamer,p_dc046f34bce4a57510ab0b8a,s_76a2a7c66ffc7df204dc933a,actual,OPS,"{""sum"": [""OBP"", ""SLG""]}",0.5982865879999999
hitter,2025,Steamer,p_7c7b46475a55fc9446621efc,s_e126200b3f9dda60ed93723e,actual,OPS,"{""sum"": [""OBP"", ""SLG""]}",0.94437751
hitter,2025,Steamer,p_89ada5eacdc2c58a0bedad08,s_4e90ffcabf35e284e9a0aaf4,actual,OPS,"{""sum"": [""OBP"", ""SLG""]}",0.620075757
hitter,2025,Steamer,p_c1cd83784b034e2f932fceba,s_5397983093ef4329fa54c496,actual,OPS,"{""sum"": [""OBP"", ""SLG""]}",0.574699718
hitter,2025,Steamer,p_6af69ff4c947bafc8bdfa219,s_9abf4b616d1104956d0301ea,actual,OPS,"{""sum"": [""OBP"", ""SLG""]}",0.6422877629999999
hitter,2025,Steamer,p_aee447a6c35dd53e48c4ca2f,s_1525561363a1b25748d52d9c,actual,OPS,"{""sum"": [""OBP"", ""SLG""]}",0.767535424
hitter,2025,Steamer,p_cceba36110b2ebeda8120995,s_110a658f13d5a4c63fadff2f,actual,OPS,"{""sum"": [""OBP"", ""SLG""]}",0.745364611
hitter,2025,Steamer,p_0b8d12717e3a41fbb14e5a16,s_bdbb2fd10b0792b19a833550,actual,OPS,"{""sum"": [""OBP"", ""SLG""]}",0.912280701
hitter,2025,Steamer,p_f473d4f7c4bf84ef62cdf005,s_e83754af35cf2ee17c43c38b,actual,OPS,"{""sum"": [""OBP"", ""SLG""]}",0.482690253
hitter,2025,Steamer,p_c8320c4ade7bd25cdbb337e8,s_d79b58f36c98e12dee843914,actual,OPS,"{""sum"": [""OBP"", ""SLG""]}",0.42735042700000003
hitter,2025,Steamer,p_3f6f6f23fc264051a9b180de,s_47ae53bb10feb3cec5e26213,actual,OPS,"{""sum"": [""OBP"", ""SLG""]}",0.6831483819999999
hitter,2025,Steamer,p_5b39aa72d25ce69fb44d6ff6,s_7c422e35967c1e7268f88cc2,actual,OPS,"{""sum"": [""OBP"", ""SLG""]}",0.534232209
hitter,2025,Steamer,p_f3bb19b4ab6bc68f9f1f98fc,s_acb277265106792b21ff71b4,actual,OPS,"{""sum"": [""OBP"", ""SLG""]}",0.483164982
hitter,2025,Steamer,p_ea016158543cb834e392af83,s_7b21a2f05a48bfd69f840b6f,actual,OPS,"{""sum"": [""OBP"", ""SLG""]}",0.6411379079999999
hitter,2025,Steamer,p_5908d1276c467b8673e9c5c2,s_ce87ccf84781eeefad3cac26,actual,OPS,"{""sum"": [""OBP"", ""SLG""]}",0.609180125
hitter,2025,Steamer,p_e2a6b3fb9b9c46752f076393,s_150e88671d3266bca51a119f,actual,OPS,"{""sum"": [""OBP"", ""SLG""]}",0.7412445270000001
hitter,2025,Steamer,p_569cc434d930c86d5c9eeb16,s_ee7d534ed5cc74e48666289a,actual,OPS,"{""sum"": [""OBP"", ""SLG""]}",0.658008657
hitter,2025,Steamer,p_7ec5cf24f911a0a091451248,s_0fa9dd6cb2c7e8f712e6df76,actual,OPS,"{""sum"": [""OBP"", ""SLG""]}",0.796795566
hitter,2025,Steamer,p_fd44d075dbb0de467ecd4cec,s_b3caa31df4e175830184fe86,actual,OPS,"{""sum"": [""OBP"", ""SLG""]}",0.7205128759999999
hitter,2025,Steamer,p_9424207a305885854f7bcd07,s_ba9a9a07cae80e069831cfb0,actual,OPS,"{""sum"": [""OBP"", ""SLG""]}",0.748339561
hitter,2025,Steamer,p_4acef52c25b5e9602e6d7849,s_7be0c819777e8d59d80fcf07,actual,OPS,"{""sum"": [""OBP"", ""SLG""]}",0.534987579
hitter,2025,Steamer,p_aa6964498890afd992ade1fb,s_57f7885c6f1145e0943f5ae9,actual,OPS,"{""sum"": [""OBP"", ""SLG""]}",0.671098701
hitter,2025,Steamer,p_93e2518a360652181cbea37d,s_cdf347d8af4a72a4e1708aff,actual,OPS,"{""sum"": [""OBP"", ""SLG""]}",0.564170039
hitter,2025,Steamer,p_cced76e05d34ab38cbd25725,s_6b614f1fee1cffa8c54c62d6,actual,OPS,"{""sum"": [""OBP"", ""SLG""]}",0.637731685
hitter,2025,Steamer,p_070e96f6f1ea057c6fff0a7d,s_90123e25e3b1520c6227e177,actual,OPS,"{""sum"": [""OBP"", ""SLG""]}",0.62128127
hitter,2025,Steamer,p_6bbb672161e3bc25ba553ecb,s_7f0652e482f4aacb9300f023,actual,OPS,"{""sum"": [""OBP"", ""SLG""]}",0.589877835
hitter,2025,Steamer,p_ee3cbab00101500b56bb8aa2,s_b4773df0a35e3e9dd8fd6530,actual,OPS,"{""sum"": [""OBP"", ""SLG""]}",0.668872624
hitter,2025,Steamer,p_3600755d96c052bc6d329493,s_051420028376386d96c2276a,actual,OPS,"{""sum"": [""OBP"", ""SLG""]}",0.667487425
hitter,2025,Steamer,p_996f1713394d7bedb5732fdf,s_b9ec91f1adeccf8c8c921c70,actual,OPS,"{""sum"": [""OBP"", ""SLG""]}",0.0
hitter,2025,Steamer,p_39e01888f555a1c1c75bae63,s_b5e576bbc65f278903d59569,actual,OPS,"{""sum"": [""OBP"", ""SLG""]}",0.48030383200000004
hitter,2025,Steamer,p_85bb7396ce2d4e28a61e72d7,s_e0942d73709a53953fc643c5,actual,OPS,"{""sum"": [""OBP"", ""SLG""]}",0.797403692
hitter,2025,Steamer,p_92c069a29d913048d5371a39,s_41b5db3addc4136c35f2b415,actual,OPS,"{""sum"": [""OBP"", ""SLG""]}",0.836050548
hitter,2025,Steamer,p_c8a9c9b6fba1a3672b307781,s_e06c0981d82629a0ec790a19,actual,OPS,"{""sum"": [""OBP"", ""SLG""]}",0.537111738
hitter,2025,Steamer,p_51e6b6a896f57028c6387f0a,s_8900697d867073d23f1e0e82,actual,OPS,"{""sum"": [""OBP"", ""SLG""]}",0.5374867249999999
hitter,2025,Steamer,p_2b2e49a306624e102315f2b1,s_5022171464954db18b4ca0ec,actual,OPS,"{""sum"": [""OBP"", ""SLG""]}",0.654523375
hitter,2025,Steamer,p_26715f7ed5db8556ff25aea4,s_ef9a19755a4310c38a0aa791,actual,OPS,"{""sum"": [""OBP"", ""SLG""]}",0.745944678
hitter,2025,Steamer,p_b5dc590f86056ea0c359821b,s_20fd0d247ba11f0c24337d13,actual,OPS,"{""sum"": [""OBP"", ""SLG""]}",0.6871524259999999
hitter,2025,Steamer,p_cc4f8c9a25aeb6dbca4880d7,s_544e2360e6f6e08335a2bc75,actual,OPS,"{""sum"": [""OBP"", ""SLG""]}",0.5274193540000001
hitter,2025,Steamer,p_4f3aaf23aa7dc9a15224e832,s_50a24eb153d91a6b7802a68d,actual,OPS,"{""sum"": [""OBP"", ""SLG""]}",0.695614945
hitter,2025,Steamer,p_c05881c381976b5718259e6a,s_8dcb72f2171eca30123c9552,actual,OPS,"{""sum"": [""OBP"", ""SLG""]}",0.606893519
hitter,2025,Steamer,p_e90065fd0aaec9bfa20b53bd,s_d82d2e749f4d77eabb5012aa,actual,OPS,"{""sum"": [""OBP"", ""SLG""]}",0.5827294670000001
hitter,2025,Steamer,p_91a8efd7718ac0df6183f487,s_931d0a3d8f578ba75fa75c99,actual,OPS,"{""sum"": [""OBP"", ""SLG""]}",0.48845968000000006
hitter,2025,Steamer,p_5c8b0e2a4b0429d3d6458e79,s_2d19a1ff02bf552bc8353fa0,actual,OPS,"{""sum"": [""OBP"", ""SLG""]}",0.642061872
hitter,2025,Steamer,p_b4a85484b1990f2d6f0bdfb3,s_b917afbd44ec8c430744e90e,actual,OPS,"{""sum"": [""OBP"", ""SLG""]}",0.776528798
hitter,2025,Steamer,p_66ae1ff3d59748406c4525f6,s_9e8f5335bd08d37e808f7b3b,actual,OPS,"{""sum"": [""OBP"", ""SLG""]}",0.558737971
hitter,2025,Steamer,p_b6f53a611ef170f529b8703e,s_d140a45e9e324466263932e3,actual,OPS,"{""sum"": [""OBP"", ""SLG""]}",0.6292517
hitter,2025,Steamer,p_c1d6d30afc2b3b0e5d39410e,s_b53ed982898dda958eb2c5f2,actual,OPS,"{""sum"": [""OBP"", ""SLG""]}",0.220238094
hitter,2025,Steamer,p_ed4a6ec9fe44d2dea82bc36f,s_d2c5b458d27d6659bf490c84,actual,OPS,"{""sum"": [""OBP"", ""SLG""]}",0.744922166
hitter,2025,Steamer,p_3eccdbd6ff4e950207c3e8e4,s_b8277740a874c5581054493a,actual,OPS,"{""sum"": [""OBP"", ""SLG""]}",0.6015675819999999
hitter,2025,Steamer,p_3e3e2bbedd618c19b7401786,s_0e303d8eb690a2b189d8206a,actual,OPS,"{""sum"": [""OBP"", ""SLG""]}",0.700587308
hitter,2025,Steamer,p_87ef808c4b08eb6444f8d2c2,s_63db4a278a62723a2d509584,actual,OPS,"{""sum"": [""OBP"", ""SLG""]}",0.49999999900000003
hitter,2025,Steamer,p_a2bf095f9201f07a43ff1926,s_49d6c2fb95176e4d088a767e,actual,OPS,"{""sum"": [""OBP"", ""SLG""]}",0.594202898
hitter,2025,Steamer,p_89c17b1b7984d5edf458e9aa,s_8ce586b1a252c6d0004095e4,actual,OPS,"{""sum"": [""OBP"", ""SLG""]}",0.6995193390000001
hitter,2025,Steamer,p_19278a584fbb4c0f71a14548,s_62ed72bbe04115322a2c5a6e,actual,OPS,"{""sum"": [""OBP"", ""SLG""]}",0.568462138
hitter,2025,Steamer,p_d8586b85d7209c133f440fa4,s_f4c2baeb5aca52f3f8fdcd2b,actual,OPS,"{""sum"": [""OBP"", ""SLG""]}",0.586813186
hitter,2025,Steamer,p_a3174cf7ae27e035227413ca,s_7e6472ef4c7fc8da05ebbc5d,actual,OPS,"{""sum"": [""OBP"", ""SLG""]}",0.32167831999999996
hitter,2025,Steamer,p_aca016cd21ee7544840400c6,s_13e888cc5edd65825d141085,actual,OPS,"{""sum"": [""OBP"", ""SLG""]}",0.62785219
hitter,2025,Steamer,p_086c084b7dde82d230f1974d,s_d025ce5edbf3c10512f1f4a2,actual,OPS,"{""sum"": [""OBP"", ""SLG""]}",0.636222337
hitter,2025,Steamer,p_fb066c9d1d9ad1ef88a158d8,s_f6551678c272b8bd189e0afc,actual,OPS,"{""sum"": [""OBP"", ""SLG""]}",0.49399249
hitter,2025,Steamer,p_e4c0ca3fb703744e742784cc,s_0e48feb3afc3f13ef693d954,actual,OPS,"{""sum"": [""OBP"", ""SLG""]}",0.718547599
hitter,2025,Steamer,p_ffa25e8aca01794d683910ce,s_84a304f175540acef76fb8cb,actual,OPS,"{""sum"": [""OBP"", ""SLG""]}",0.673965669
hitter,2025,Steamer,p_1c4fbcfee892342c211c40ad,s_d20c95ffda6b0be8c5cec3cc,actual,OPS,"{""sum"": [""OBP"", ""SLG""]}",0.29
hitter,2025,Steamer,p_64cd7f2056e556168afff712,s_fa51318b4253a2c711dc98b8,actual,OPS,"{""sum"": [""OBP"", ""SLG""]}",0.825648186
hitter,2025,Steamer,p_e5347f57c079821ded2c546d,s_a8d706cabe63b7d400253d36,actual,OPS,"{""sum"": [""OBP"", ""SLG""]}",0.6070390729999999
hitter,2025,Steamer,p_79533d36604898f85009f47a,s_6e5d6bf078623d28c837852c,actual,OPS,"{""sum"": [""OBP"", ""SLG""]}",0.53076923
hitter,2025,Steamer,p_1bb082b12901fa7cb5d4c846,s_bd67f70c1b658727ce3cb2a6,actual,OPS,"{""sum"": [""OBP"", ""SLG""]}",0.686170404
hitter,2025,Steamer,p_2f297136e604768cca48d5f2,s_7ebf421a36c2e027b5f81330,actual,OPS,"{""sum"": [""OBP"", ""SLG""]}",0.5851147480000001
hitter,2025,Steamer,p_23e0b260009583de186ff99f,s_27c367efb0e6961b0d7ea9d2,actual,OPS,"{""sum"": [""OBP"", ""SLG""]}",0.598666073
hitter,2025,Steamer,p_affde6872bd6da6eac225574,s_f98fbd1de001871d13466f50,actual,OPS,"{""sum"": [""OBP"", ""SLG""]}",0.854684769
hitter,2025,Steamer,p_8dd52397fe332c1adee839da,s_da43d533198298d74a4db4de,actual,OPS,"{""sum"": [""OBP"", ""SLG""]}",0.673772836
hitter,2025,Steamer,p_3022da48fbdb4f93917ac8ff,s_003544a7ae697246f60060b8,actual,OPS,"{""sum"": [""OBP"", ""SLG""]}",0.61702419
hitter,2025,Steamer,p_dbcf019d453a408f7f5ea336,s_14dc329a41defca2309e0c8d,actual,OPS,"{""sum"": [""OBP"", ""SLG""]}",0.777054127
hitter,2025,Steamer,p_324d7824f4bfab517e2b6f94,s_f6c149629181f4e76f72d52a,actual,OPS,"{""sum"": [""OBP"", ""SLG""]}",0.748377581
hitter,2025,Steamer,p_c8a4acd1fcace66129321919,s_513cc11c613a7aad6e62d381,actual,OPS,"{""sum"": [""OBP"", ""SLG""]}",0.5182724240000001
hitter,2025,Steamer,p_fa9150432cf11843e4d50fdd,s_45a028162425b775639a7d3e,actual,OPS,"{""sum"": [""OBP"", ""SLG""]}",0.615789473
hitter,2025,Steamer,p_6989200149e5df39efc0125a,s_cdbc44740524137ea10bcce1,actual,OPS,"{""sum"": [""OBP"", ""SLG""]}",0.6111014130000001
hitter,2025,Steamer,p_8cae94e12aa44504af05eaac,s_5c89f6483eb5c89344effb4d,actual,OPS,"{""sum"": [""OBP"", ""SLG""]}",0.6817430010000001
hitter,2025,Steamer,p_1db0767c21e16dc27d7f56de,s_2f55d9b22702d6d868b7d373,actual,OPS,"{""sum"": [""OBP"", ""SLG""]}",0.698112006
hitter,2025,Steamer,p_bf4b6d6a344e848bb99ebb0d,s_888d17d74914eec117c6e424,actual,OPS,"{""sum"": [""OBP"", ""SLG""]}",0.715023061
hitter,2025,Steamer,p_5d96d38ca6ef254577b06725,s_98162416f01c8fa2e691c458,actual,OPS,"{""sum"": [""OBP"", ""SLG""]}",0.755745031
hitter,2025,Steamer,p_e06142149e0a8bcabc0b3250,s_6e6cd63a48dc84c199c0d33f,actual,OPS,"{""sum"": [""OBP"", ""SLG""]}",0.592313061
hitter,2025,Steamer,p_f31d66f0ff014626cbbe58b6,s_52e4d0f972a443fe4944b13f,actual,OPS,"{""sum"": [""OBP"", ""SLG""]}",0.301446051
hitter,2025,Steamer,p_d780ef80586063b87be09743,s_84854ab52d19ce194319a9c0,actual,OPS,"{""sum"": [""OBP"", ""SLG""]}",0.55108359
hitter,2025,Steamer,p_08f2cb4fa27c7d6496f173b0,s_cf778f827ccbf8643753b9f5,actual,OPS,"{""sum"": [""OBP"", ""SLG""]}",0.683970855
hitter,2025,Steamer,p_c036f8c59b7723c46b54b8f3,s_dc9dbe5001c58ae291d1b49c,actual,OPS,"{""sum"": [""OBP"", ""SLG""]}",0.789302848
hitter,2025,Steamer,p_14c16a139ce71b89830c7462,s_97a33ad989577b15b945ad50,actual,OPS,"{""sum"": [""OBP"", ""SLG""]}",0.559088788
hitter,2025,Steamer,p_292004d692eb1e10c9836240,s_aa3a051311adcf5475828259,actual,OPS,"{""sum"": [""OBP"", ""SLG""]}",0.515151514
hitter,2025,Steamer,p_3c0ef7bcd70b9e223c12baba,s_5f6c814921d325d2443507e7,actual,OPS,"{""sum"": [""OBP"", ""SLG""]}",0.480625476
hitter,2025,Steamer,p_824052e6b4549a4dea8cb103,s_d2205dcbda54593fa34952a1,actual,OPS,"{""sum"": [""OBP"", ""SLG""]}",0.499390821
hitter,2025,Steamer,p_d0a7a0ab49fd4a4d780fe1a3,s_67f2e00779f78372e6a2899b,actual,OPS,"{""sum"": [""OBP"", ""SLG""]}",0.341818181
hitter,2025,Steamer,p_d9207420d77623b50fd840b1,s_6ef8d958bf395b7e346a93d3,actual,OPS,"{""sum"": [""OBP"", ""SLG""]}",0.706116529
hitter,2025,Steamer,p_8cd8f9d6f8b2efebc9d42e06,s_06df0867a2554cf1ecb1f434,actual,OPS,"{""sum"": [""OBP"", ""SLG""]}",0.593503338
hitter,2025,Steamer,p_bf3cde84574979814bee8bc2,s_78d27280a9dd52dc4c88b5ef,actual,OPS,"{""sum"": [""OBP"", ""SLG""]}",0.628055458
hitter,2025,Steamer,p_546beacef1d2c43d81d75a4e,s_4c24e81994591174bd1737e8,actual,OPS,"{""sum"": [""OBP"", ""SLG""]}",0.683842238
hitter,2025,Steamer,p_7517d598bb2a03a162d6c6e1,s_50bbad532a139263f9706984,actual,OPS,"{""sum"": [""OBP"", ""SLG""]}",0.729722294
hitter,2025,Steamer,p_9e7863714b0d9fb3f42de5fb,s_0fc1b776ceec23a27dc1250c,actual,OPS,"{""sum"": [""OBP"", ""SLG""]}",0.824290011
hitter,2025,Steamer,p_dae2f3444392e0e6d8dd111e,s_3d0e75a027a11d33319d9684,actual,OPS,"{""sum"": [""OBP"", ""SLG""]}",0.843341009
hitter,2025,Steamer,p_11f97a5b1f4aecc3b4f6f59e,s_f94dce50ae34d1f9cdd037f4,actual,OPS,"{""sum"": [""OBP"", ""SLG""]}",0.69914232
hitter,2025,Steamer,p_e6af781faea0daa3f5e4bba5,s_937d92f673a4620917a0a7b6,actual,OPS,"{""sum"": [""OBP"", ""SLG""]}",0.652790861
hitter,2025,Steamer,p_dcbd85c04cb775142933b0a9,s_fb2a1070531417ba62c7367f,actual,OPS,"{""sum"": [""OBP"", ""SLG""]}",0.6376678870000001
hitter,2025,Steamer,p_1e99c8473b9ac124e44a47a7,s_42d9a3c1b699eee1734b4518,actual,OPS,"{""sum"": [""OBP"", ""SLG""]}",0.673871104
hitter,2025,Steamer,p_010384a5153c3b7b0fb247e5,s_5191d0bc72c960053145a728,actual,OPS,"{""sum"": [""OBP"", ""SLG""]}",0.468230693
hitter,2025,Steamer,p_ce641a5836f2731f583a85ae,s_3045a535d48558b6ec80b042,actual,OPS,"{""sum"": [""OBP"", ""SLG""]}",0.7934782600000001
hitter,2025,Steamer,p_ebf512ad6b26ce1f2d1410e4,s_f397844cdb9cbb4eef2c8299,actual,OPS,"{""sum"": [""OBP"", ""SLG""]}",0.7396862900000001
hitter,2025,Steamer,p_998a708748e7e70acc1eee1d,s_26cd5693807ec4c219923b1f,actual,OPS,"{""sum"": [""OBP"", ""SLG""]}",0.505357142
hitter,2025,Steamer,p_9898f674ff0479e5c7f7a87d,s_43d7afb44e1fa111cce09c4e,actual,OPS,"{""sum"": [""OBP"", ""SLG""]}",0.6005290990000001
hitter,2025,Steamer,p_b0c1c14191ad2b5fe0bb6695,s_03d6c947695e69099e32c2bb,actual,OPS,"{""sum"": [""OBP"", ""SLG""]}",0.70750988
hitter,2025,Steamer,p_d38e4086c48ab6c12634caef,s_7572a7c0aa08421760ae8d05,actual,OPS,"{""sum"": [""OBP"", ""SLG""]}",0.6884478549999999
hitter,2025,Steamer,p_18290ea252b0cc74d94bdd5e,s_6d370c5e041d7116accb06a9,actual,OPS,"{""sum"": [""OBP"", ""SLG""]}",0.7625274719999999
hitter,2025,Steamer,p_7d6df8c8a5a5f404c9b1c9d7,s_6c96cddd2414ca8be4d5acb2,actual,OPS,"{""sum"": [""OBP"", ""SLG""]}",0.755026454
hitter,2025,Steamer,p_d95ae5bc4b628d992466bdfe,s_35d4aeca6639f9dc5f212f2c,actual,OPS,"{""sum"": [""OBP"", ""SLG""]}",0.485294117
hitter,2025,Steamer,p_5fea85dc160e063a71ff0504,s_7a37947ffd624582ffa61bc2,actual,OPS,"{""sum"": [""OBP"", ""SLG""]}",0.556884955
hitter,2025,Steamer,p_a9f4f65f0a9b44dc90bff976,s_84c422b2a5c23ae89d1b430e,actual,OPS,"{""sum"": [""OBP"", ""SLG""]}",0.6625258789999999
hitter,2025,Steamer,p_31b75a6620ad0e384f24ca3c,s_e07e1bc3061d952b182b587a,actual,OPS,"{""sum"": [""OBP"", ""SLG""]}",0.6144138269999999
hitter,2025,Steamer,p_65233ab523d0b1f99d98e44e,s_d9c8d22ce6ef2b7336db6d8f,actual,OPS,"{""sum"": [""OBP"", ""SLG""]}",0.635217723
hitter,2025,Steamer,p_47aa97c098a8d23cf2c19690,s_940d4d524a2621bb79db8136,actual,OPS,"{""sum"": [""OBP"", ""SLG""]}",0.544010237
hitter,2025,Steamer,p_ce5180c6b9ee3b8dc8c9de6b,s_467b3c2cc0d1298ba21ff978,actual,OPS,"{""sum"": [""OBP"", ""SLG""]}",0.491682242
hitter,2025,Steamer,p_81fa67da8e4a65aba1f1942b,s_3734bfafe63c6f081f43fb9e,actual,OPS,"{""sum"": [""OBP"", ""SLG""]}",0.8396904359999999
hitter,2025,Steamer,p_b78eec4ced930563501cf95a,s_b8831e5d5370a4a95149df06,actual,OPS,"{""sum"": [""OBP"", ""SLG""]}",0.5982433300000001
hitter,2025,Steamer,p_4bab031a6ed50b53a6e222a5,s_71b30b420ad8cb718bdab189,actual,OPS,"{""sum"": [""OBP"", ""SLG""]}",0.333946078
hitter,2025,Steamer,p_8d25944b1dbc5d259bcfda0c,s_4c48a023fdc0bc8eab1e417f,actual,OPS,"{""sum"": [""OBP"", ""SLG""]}",0.624668672
hitter,2025,Steamer,p_1763c2274b61c3817b119898,s_aefe8987a61e2ce8bf50392d,actual,OPS,"{""sum"": [""OBP"", ""SLG""]}",0.673633626
hitter,2025,Steamer,p_490b99b6246189b45cb09967,s_bb9a1fa77973b4a87f50bbe6,actual,OPS,"{""sum"": [""OBP"", ""SLG""]}",0.619582042
hitter,2025,Steamer,p_ba9a6a8ad42271f1fd10cf27,s_859241f8b50ab8da4a8fbe4b,actual,OPS,"{""sum"": [""OBP"", ""SLG""]}",0.316502462
hitter,2025,Steamer,p_60a101aecd2c0c2ef4294bcc,s_2db09d389a2045e25567aa3d,actual,OPS,"{""sum"": [""OBP"", ""SLG""]}",0.354166666
hitter,2025,Steamer,p_2a9fb5007e71f964ebc6bb63,s_6b737a4bbc69e12edac140d2,actual,OPS,"{""sum"": [""OBP"", ""SLG""]}",0.7207207200000001
hitter,2025,Steamer,p_326393c50f1b10e14a5b1570,s_088f214a8449ba4459993e67,actual,OPS,"{""sum"": [""OBP"", ""SLG""]}",0.577922077
hitter,2025,Steamer,p_1bd7ec313c1b0c6a4e0beaa8,s_9e3c31214a9597be465495a0,actual,OPS,"{""sum"": [""OBP"", ""SLG""]}",0.77887023
hitter,2025,Steamer,p_a315a53749353a0cc7a5688d,s_0d90ba72fad2ec8c988c0093,actual,OPS,"{""sum"": [""OBP"", ""SLG""]}",0.677935036
hitter,2025,Steamer,p_e7700021cd8397fee130db6a,s_f73bccb5aff64ae92dfeb458,actual,OPS,"{""sum"": [""OBP"", ""SLG""]}",0.6567550090000001
hitter,2025,Steamer,p_635860f92d6161a5d5346c31,s_c9a457291127ea2ee8dd64db,actual,OPS,"{""sum"": [""OBP"", ""SLG""]}",0.913461538
hitter,2025,Steamer,p_f1708b988b2fbb90aac09ff6,s_02426a1293e5ddd5b6483262,actual,OPS,"{""sum"": [""OBP"", ""SLG""]}",0.7324498319999999
hitter,2025,Steamer,p_13a0406d87d64c05a481a481,s_6ca7fbc580be17afcac37a61,actual,OPS,"{""sum"": [""OBP"", ""SLG""]}",0.6259374419999999
hitter,2025,Steamer,p_685b9d77b47efb9b02896e29,s_c2492661c2e30028198a92e5,actual,OPS,"{""sum"": [""OBP"", ""SLG""]}",0.465116278
hitter,2025,Steamer,p_04317762f4fcad76ed1c6ef1,s_ac211c2efa0a2b2b945d9c4f,actual,OPS,"{""sum"": [""OBP"", ""SLG""]}",0.488999584
hitter,2025,Steamer,p_fcad21c46d924d3056b3ddb6,s_5a63a3b98b21d59edf36ebff,actual,OPS,"{""sum"": [""OBP"", ""SLG""]}",0.41948051799999997
hitter,2025,Steamer,p_e4142bee5a73201f7c2c7768,s_1b6cb5b49eded4eae07c6164,actual,OPS,"{""sum"": [""OBP"", ""SLG""]}",0.646616541
hitter,2025,Steamer,p_041b290ccb9dec49681e05d7,s_e55b9408eec69cf090464c2d,actual,OPS,"{""sum"": [""OBP"", ""SLG""]}",0.826697457
hitter,2025,Steamer,p_c6ac3aa8bb1da5cdad4a2ee9,s_50ff8fc0452f1e22ab7c603d,actual,OPS,"{""sum"": [""OBP"", ""SLG""]}",0.6446209380000001
hitter,2025,Steamer,p_b6305e56ac4f04f2e9d682b2,s_a621552f58fd12a26e03084b,actual,OPS,"{""sum"": [""OBP"", ""SLG""]}",0.258928571
hitter,2025,Steamer,p_554a078086b51a0bb83f41e0,s_576c9224546883b85e08df85,actual,OPS,"{""sum"": [""OBP"", ""SLG""]}",0.603205212
hitter,2025,Steamer,p_a7f09516df26f603d1594bdc,s_7e4e998baab5f759c8c55400,actual,OPS,"{""sum"": [""OBP"", ""SLG""]}",0.807470157
hitter,2025,Steamer,p_31f105a7eb4a7a950745899a,s_7d705dc6c2f52de690fb8661,actual,OPS,"{""sum"": [""OBP"", ""SLG""]}",0.691863343
hitter,2025,Steamer,p_cf91f13f6ce397f916b3b1e9,s_847932d6342eecebef8da758,actual,OPS,"{""sum"": [""OBP"", ""SLG""]}",0.64713943
hitter,2025,Steamer,p_bfe0722bc292da175cf065f0,s_8d3a16dc4b54929663e4276d,actual,OPS,"{""sum"": [""OBP"", ""SLG""]}",0.625903738
hitter,2025,Steamer,p_cfb8786983c38f5473cdec79,s_a5ed9ae7c5d515c0b242dfbc,actual,OPS,"{""sum"": [""OBP"", ""SLG""]}",0.654148999
hitter,2025,Steamer,p_19514f95f70ecb1c86cbde9b,s_753ccaf2254e2418b115f2df,actual,OPS,"{""sum"": [""OBP"", ""SLG""]}",0.542673107
hitter,2025,Steamer,p_785195735e0fd0b05abaf802,s_81bdc745d04a8da21d3269f0,actual,OPS,"{""sum"": [""OBP"", ""SLG""]}",0.511590726
hitter,2025,Steamer,p_35c1c2bb04c06adf52bae69a,s_0a9c936abbea93178407f35b,actual,OPS,"{""sum"": [""OBP"", ""SLG""]}",0.6156079839999999
hitter,2025,Steamer,p_feda259d717109da756725de,s_652ab386eb5ac5d883ccbab4,actual,OPS,"{""sum"": [""OBP"", ""SLG""]}",0.39661835700000003
hitter,2025,Steamer,p_27d64d90ac45f1cc364cf11a,s_b298f0aaaf52e0333acb7f2f,actual,OPS,"{""sum"": [""OBP"", ""SLG""]}",0.864790237
hitter,2025,Steamer,p_53a8f92fc16f0dcdbdc4628d,s_1d6eca5f88cc5800a70451e9,actual,OPS,"{""sum"": [""OBP"", ""SLG""]}",0.5214867249999999
hitter,2025,Steamer,p_838588010c75fedc49fc50b5,s_cbcf16c7e98ee113c8e924fa,actual,OPS,"{""sum"": [""OBP"", ""SLG""]}",0.689383069
hitter,2025,Steamer,p_2bb682ed8bcf8e4b3b378ead,s_d726aadf3393f92cccd073f4,actual,OPS,"{""sum"": [""OBP"", ""SLG""]}",0.349999999
hitter,2025,Steamer,p_94167fd7836504fba77eddb7,s_08fec25defc14f25a4c3eb17,actual,OPS,"{""sum"": [""OBP"", ""SLG""]}",0.659388764
hitter,2025,Steamer,p_56922133a900e974099c393f,s_923da385829861298b666bdd,actual,OPS,"{""sum"": [""OBP"", ""SLG""]}",0.706625257
hitter,2025,Steamer,p_e3e1b12d8461e01c1f067064,s_cca01b28e5b92b7ab79a85ae,actual,OPS,"{""sum"": [""OBP"", ""SLG""]}",0.49999999900000003
hitter,2025,Steamer,p_2aa6427157e8b5b3a521d437,s_9a8a72025ee4ca8236dac3bd,actual,OPS,"{""sum"": [""OBP"", ""SLG""]}",0.529377301
hitter,2025,Steamer,p_2a17e5c8d92f03d461fedc93,s_4d18f6e88680e2e49025ebab,actual,OPS,"{""sum"": [""OBP"", ""SLG""]}",0.47121212
hitter,2025,Steamer,p_b139e8487e432f0b072c3239,s_dc67909a18a26eb306932097,actual,OPS,"{""sum"": [""OBP"", ""SLG""]}",0.34375
hitter,2025,Steamer,p_dab598cd94a7ba9ac93e906c,s_b3347c6cfda0ad3ae6a377cd,actual,OPS,"{""sum"": [""OBP"", ""SLG""]}",0.574671915
hitter,2025,Steamer,p_3c460b6a52cddaebe4d7306c,s_806a9c4f7da905052f05c185,actual,OPS,"{""sum"": [""OBP"", ""SLG""]}",0.6742753610000001
hitter,2025,Steamer,p_c2bb9eee6ff9a8dfac3ffee7,s_410b6b616460e47f588f3796,actual,OPS,"{""sum"": [""OBP"", ""SLG""]}",0.7150521599999999
hitter,2025,Steamer,p_3431db6bc64346182f4c4a42,s_46932f31522490bf865e305b,actual,OPS,"{""sum"": [""OBP"", ""SLG""]}",0.6175548580000001
hitter,2025,Steamer,p_e8e72620b515143c411b2f82,s_6c0d894216aff00e88ac9fee,actual,OPS,"{""sum"": [""OBP"", ""SLG""]}",0.416666666
hitter,2025,Steamer,p_632be5a85ab2629b9c998c54,s_eb087e12894cfbb59166ba74,actual,OPS,"{""sum"": [""OBP"", ""SLG""]}",0.661057692
hitter,2025,Steamer,p_991e8f54fb99c8fcf81d21a6,s_4807bee19cf3524c44549670,actual,OPS,"{""sum"": [""OBP"", ""SLG""]}",0.6057692299999999
hitter,2025,Steamer,p_14e237b15421137a6441571c,s_8d67c48956baae09bcd4f22d,actual,OPS,"{""sum"": [""OBP"", ""SLG""]}",0.688213338
hitter,2025,Steamer,p_0a0dae9c4fb855ec5e7a94c3,s_070160d05c80bfe952c020c4,actual,OPS,"{""sum"": [""OBP"", ""SLG""]}",0.363379726
hitter,2025,Steamer,p_3e75673e7335638cfe41e82a,s_f38318af75ffeb8ed6e52e87,actual,OPS,"{""sum"": [""OBP"", ""SLG""]}",0.446074833
hitter,2025,Steamer,p_e2958eaa641d77c60a1aa3e2,s_0e578280d4f7ab97a1cc70d2,actual,OPS,"{""sum"": [""OBP"", ""SLG""]}",0.260101009
hitter,2025,Steamer,p_642ed1c34f4044682830b533,s_70acf80fb08e58ab429f1027,actual,OPS,"{""sum"": [""OBP"", ""SLG""]}",0.703968253
hitter,2025,Steamer,p_254301c22a8f177b0963ac8b,s_db5f7280a8b21c775366dc63,actual,OPS,"{""sum"": [""OBP"", ""SLG""]}",0.6183258119999999
hitter,2025,Steamer,p_d46997b7e54062e4838e429d,s_b17ae3449736706fe1e7f534,actual,OPS,"{""sum"": [""OBP"", ""SLG""]}",0.5
hitter,2025,Steamer,p_94c59daacd9df75ff2c1cc3e,s_b8cae3cfc32d37f5b8fc3bc6,actual,OPS,"{""sum"": [""OBP"", ""SLG""]}",0.754423719
hitter,2025,Steamer,p_0d749ef06cfb038def92d34a,s_e67a0f1e8054184b19eb2c73,actual,OPS,"{""sum"": [""OBP"", ""SLG""]}",0.515625
hitter,2025,Steamer,p_aa63e6f4e2c3594645947528,s_3e2ab26a3d3891d27ec1d17e,actual,OPS,"{""sum"": [""OBP"", ""SLG""]}",0.867623603
hitter,2025,Steamer,p_eed974693204a607f756bb81,s_ddce2da17132aaca211cf54e,actual,OPS,"{""sum"": [""OBP"", ""SLG""]}",0.683932423
hitter,2025,Steamer,p_a08218aacd60db921dac40ba,s_470f4fcb46ccf534a7db7dc8,actual,OPS,"{""sum"": [""OBP"", ""SLG""]}",0.6352272720000001
hitter,2025,Steamer,p_8915f49b7744525cc044f1d9,s_ac723f4a7a101790450305dd,actual,OPS,"{""sum"": [""OBP"", ""SLG""]}",0.57436953
hitter,2025,Steamer,p_b48a95e5e1067a48dd41f230,s_4ec7c1915b5b3f8cb088e856,actual,OPS,"{""sum"": [""OBP"", ""SLG""]}",0.6940837959999999
hitter,2025,Steamer,p_bdbf707b4334fb1819a9090e,s_3600019414c52c648ff6d2ec,actual,OPS,"{""sum"": [""OBP"", ""SLG""]}",0.46181818100000005
hitter,2025,Steamer,p_8f4e0edcdbb51e8ea8ef460c,s_76153c69ba9c6a889e0ef9f2,actual,OPS,"{""sum"": [""OBP"", ""SLG""]}",0.841716762
hitter,2025,Steamer,p_d63579b1fc968533fbc164c9,s_08aa40d65942c2324d68070c,actual,OPS,"{""sum"": [""OBP"", ""SLG""]}",0.761904761
hitter,2025,Steamer,p_4f3bc1771b25a9ec0fcdd80c,s_d5862eab4808391cac009c44,actual,OPS,"{""sum"": [""OBP"", ""SLG""]}",0.465331928
hitter,2025,Steamer,p_2750ac3fc6e5429d75c00551,s_236929b5838674535809d281,actual,OPS,"{""sum"": [""OBP"", ""SLG""]}",0.34047618999999996
hitter,2025,Steamer,p_357ea11cfcc1f1938f06924e,s_2c7fccf510c36aa076b6affd,actual,OPS,"{""sum"": [""OBP"", ""SLG""]}",0.259698275
hitter,2025,Steamer,p_d365089c5d3c77423a8c1d9e,s_79a82ab0593abb6558fd29a0,actual,OPS,"{""sum"": [""OBP"", ""SLG""]}",0.418831168
hitter,2025,Steamer,p_8cf4729b5b1e0f175ee82c32,s_f642599a11bb04a53410af2b,actual,OPS,"{""sum"": [""OBP"", ""SLG""]}",0.606060605
hitter,2025,Steamer,p_dc1b5f53ef5e0ed0bc3779e9,s_23a93afa994bdcbd12059e62,actual,OPS,"{""sum"": [""OBP"", ""SLG""]}",0.620276268
hitter,2025,Steamer,p_305a89cbe0ae6fdb7ab1e9a7,s_b58bf58a6974cc1427b4e1f7,actual,OPS,"{""sum"": [""OBP"", ""SLG""]}",0.5746031730000001
hitter,2025,Steamer,p_753754367ddc7137c49f8f3b,s_3ca8211058d473ed6721ce39,actual,OPS,"{""sum"": [""OBP"", ""SLG""]}",0.0
hitter,2025,Steamer,p_65ee6b89f5da180d967907df,s_92cacfe8f1c07f8450686c40,actual,OPS,"{""sum"": [""OBP"", ""SLG""]}",0.6410472970000001
hitter,2025,Steamer,p_5d91804b58327ff29191ed0f,s_e182e08084a178657b412eab,actual,OPS,"{""sum"": [""OBP"", ""SLG""]}",0.651627433
hitter,2025,Steamer,p_7f9a759746613f250bc043c6,s_68122b25bc853e95da321c75,actual,OPS,"{""sum"": [""OBP"", ""SLG""]}",0.222222222
hitter,2025,Steamer,p_09c7619577ad30939383f6b8,s_925e4abf0bbd26923f4a5e73,actual,OPS,"{""sum"": [""OBP"", ""SLG""]}",0.572582972
hitter,2025,Steamer,p_0747e0152f1a05570f2a4321,s_22540bbe4fd94799a994c2c3,actual,OPS,"{""sum"": [""OBP"", ""SLG""]}",0.780303029
hitter,2025,Steamer,p_de7b16931d1b03236a59ea22,s_e66e7937db6a0e122fc91b52,actual,OPS,"{""sum"": [""OBP"", ""SLG""]}",0.5715778460000001
hitter,2025,Steamer,p_0b240f9198bdb842e485f0f2,s_e2f23278ca294d704710858c,actual,OPS,"{""sum"": [""OBP"", ""SLG""]}",0.6981481469999999
hitter,2025,Steamer,p_5414b6c5930f1355f0fa7315,s_465bb8a4a4d9fcbf3f9682fa,actual,OPS,"{""sum"": [""OBP"", ""SLG""]}",0.588288288
hitter,2025,Steamer,p_f5d405fea4374fa2a900237a,s_a0901c52ad2cc22fa579fabc,actual,OPS,"{""sum"": [""OBP"", ""SLG""]}",0.424483306
hitter,2025,Steamer,p_1231a92e2be431286faefb7e,s_8468dfad351d4950df00ff2b,actual,OPS,"{""sum"": [""OBP"", ""SLG""]}",0.295739347
hitter,2025,Steamer,p_4f3e35cf2175d726c57ef9c5,s_67d3d39af7d6b09487791289,actual,OPS,"{""sum"": [""OBP"", ""SLG""]}",0.6296296290000001
hitter,2025,Steamer,p_57d9c92fbb61c8c3106d0e53,s_0b846154aaa6c394499303b6,actual,OPS,"{""sum"": [""OBP"", ""SLG""]}",0.74629298
hitter,2025,Steamer,p_37ddf22e72b2be2d0fd472a1,s_e9b24522e4d1655aa61bc439,actual,OPS,"{""sum"": [""OBP"", ""SLG""]}",0.39418328
hitter,2025,Steamer,p_88f9901fda4626a5d6806399,s_5d2cf57b972aa9146ddee9c1,actual,OPS,"{""sum"": [""OBP"", ""SLG""]}",1.0
hitter,2025,Steamer,p_118fa7b26ca0fc300fdf6071,s_d1f9300d946f91604e3a6de9,actual,OPS,"{""sum"": [""OBP"", ""SLG""]}",0.522222222
hitter,2025,Steamer,p_ca9cb370432f3712d1a35d7f,s_73814d83b359a6b2958d9633,actual,OPS,"{""sum"": [""OBP"", ""SLG""]}",0.700209643
hitter,2025,Steamer,p_734724174f1233575d37ef2a,s_dc007f0684107e9f54597499,actual,OPS,"{""sum"": [""OBP"", ""SLG""]}",0.452765957
hitter,2025,Steamer,p_818a939d2c013337a28d18f6,s_f577e26b032dc9d183d7d5e2,actual,OPS,"{""sum"": [""OBP"", ""SLG""]}",0.679541198
hitter,2025,Steamer,p_365e9a08ee3bd031bbc1484e,s_2975a2ea33f467f6272ded5b,actual,OPS,"{""sum"": [""OBP"", ""SLG""]}",0.739633557
hitter,2025,Steamer,p_661a2238a2963ae53524deec,s_48d2eea29fef2f8110f3e936,actual,OPS,"{""sum"": [""OBP"", ""SLG""]}",0.52173913
hitter,2025,Steamer,p_2c000c61bb3acaea45c849f7,s_d4872bf95bd6017fd4712fb7,actual,OPS,"{""sum"": [""OBP"", ""SLG""]}",0.67090909
hitter,2025,Steamer,p_5ce3f1337c6a59836bdfb343,s_08f17e3fdf0c799105891113,actual,OPS,"{""sum"": [""OBP"", ""SLG""]}",0.701709401
hitter,2025,Steamer,p_c9a6ab52f6f6bb93ad398b65,s_628f9ca754882451396787e2,actual,OPS,"{""sum"": [""OBP"", ""SLG""]}",0.601190475
hitter,2025,Steamer,p_0ead71c96077a2652b5d5fe8,s_ee795e748672a60110ac8a0f,actual,OPS,"{""sum"": [""OBP"", ""SLG""]}",0.611467235
hitter,2025,Steamer,p_ffd040ba2a8510627669e8f3,s_c561fcdd103f365fe6d049c4,actual,OPS,"{""sum"": [""OBP"", ""SLG""]}",0.568376068
hitter,2025,Steamer,p_72819b8f9817b33033d1b6a2,s_7e6bfd16a2a69415faea47bb,actual,OPS,"{""sum"": [""OBP"", ""SLG""]}",0.937054262
hitter,2025,Steamer,p_b81e8091caa82f7d71c86390,s_511bf840b5ea589f5acfa625,actual,OPS,"{""sum"": [""OBP"", ""SLG""]}",0.343137254
hitter,2025,Steamer,p_a7ae87bf1bd9831ffdfefbf2,s_c5555477fa996eb70a8a8fa0,actual,OPS,"{""sum"": [""OBP"", ""SLG""]}",0.222222222
hitter,2025,Steamer,p_9f41c4ea0bb0de1cf909af57,s_cf7e6c88ff6b4e0a73f5748b,actual,OPS,"{""sum"": [""OBP"", ""SLG""]}",0.45
hitter,2025,Steamer,p_3349dec029f22a9da6c8acfd,s_8fbd044aa3353c1d27b1e80d,actual,OPS,"{""sum"": [""OBP"", ""SLG""]}",0.504151099
hitter,2025,Steamer,p_c976a3dfe9632ef04ef4ea03,s_cab462c915cf65fe457767da,actual,OPS,"{""sum"": [""OBP"", ""SLG""]}",0.715158045
hitter,2025,Steamer,p_6f0af86832f7dd869cd4835e,s_ebd5522ba70ad262be556ff7,actual,OPS,"{""sum"": [""OBP"", ""SLG""]}",0.5904265360000001
hitter,2025,Steamer,p_213ee8a68e18e3674db206f3,s_edcc1f4c81d7b094d77621b1,actual,OPS,"{""sum"": [""OBP"", ""SLG""]}",0.530303029
hitter,2025,Steamer,p_af61f4a3673f38df8289bdc0,s_dbdf86ba50ebe9995e60b89f,actual,OPS,"{""sum"": [""OBP"", ""SLG""]}",0.637064676
hitter,2025,Steamer,p_3e2e52ebd957c6fe9801d100,s_d08a951d67b8a5fb8fe5df38,actual,OPS,"{""sum"": [""OBP"", ""SLG""]}",0.61111111
hitter,2025,Steamer,p_2ba9946ebebe655efd1ec8f3,s_8bcd24944c93a25f8e0ae3af,actual,OPS,"{""sum"": [""OBP"", ""SLG""]}",0.50696864
hitter,2025,Steamer,p_6fe2cb97cf136fac4714f88d,s_77460002b83cd94fccb47622,actual,OPS,"{""sum"": [""OBP"", ""SLG""]}",0.483189774
hitter,2025,Steamer,p_cee3c4f1e8b014fc0ba0b7a6,s_c482f38739e518b69ab84e0c,actual,OPS,"{""sum"": [""OBP"", ""SLG""]}",0.5824059349999999
hitter,2025,Steamer,p_35ca8c7859bc827d0c712aa3,s_2f10b8b3d06af363515ed853,actual,OPS,"{""sum"": [""OBP"", ""SLG""]}",0.62745098
hitter,2025,Steamer,p_f1632c1a638e4afae1811926,s_175e3d4b2f731de54870a3d5,actual,OPS,"{""sum"": [""OBP"", ""SLG""]}",0.666666666
hitter,2025,Steamer,p_886b7f89a26aadc1f2b85d10,s_c293045c78c54006b91687b7,actual,OPS,"{""sum"": [""OBP"", ""SLG""]}",0.632464897
hitter,2025,Steamer,p_d4f014697114e1593c664fe5,s_86f5e456c755e297bcc4ceff,actual,OPS,"{""sum"": [""OBP"", ""SLG""]}",0.559733041
hitter,2025,Steamer,p_22b6fa88bcf87875dcb06f80,s_5e0c05643fe0874e9d7bcc34,actual,OPS,"{""sum"": [""OBP"", ""SLG""]}",0.74426508
hitter,2025,Steamer,p_5fe1104b74d64e331d8a6d8a,s_e8b987de1364cddd228b976a,actual,OPS,"{""sum"": [""OBP"", ""SLG""]}",0.596354166
hitter,2025,Steamer,p_7a771f940265ce924e0fecee,s_cef54bed6fb5f6895a8c72e8,actual,OPS,"{""sum"": [""OBP"", ""SLG""]}",0.333333333
hitter,2025,Steamer,p_57a24cd404479f596a120e45,s_f894ef1b96d0dac9b5b37fa4,actual,OPS,"{""sum"": [""OBP"", ""SLG""]}",0.5
hitter,2025,Steamer,p_5da01fdd146ed628dfefc5f8,s_b98ef17632f56db3e808ae9e,actual,OPS,"{""sum"": [""OBP"", ""SLG""]}",0.5641025630000001
hitter,2025,Steamer,p_375a02679516c1818c1c1266,s_8c35185118349e69af4cba93,actual,OPS,"{""sum"": [""OBP"", ""SLG""]}",0.941304347
hitter,2025,Steamer,p_755efb1b178e88a9fe42fc92,s_9cbf46885fbe5fff0cdc474a,actual,OPS,"{""sum"": [""OBP"", ""SLG""]}",0.0
hitter,2025,Steamer,p_dbd5ceb808a3a21b344e48b9,s_af7e97703230fb61a71d7596,actual,OPS,"{""sum"": [""OBP"", ""SLG""]}",0.605813953
hitter,2025,Steamer,p_81415780b2596ba686e39508,s_a67aca1551085642f8b1cab2,actual,OPS,"{""sum"": [""OBP"", ""SLG""]}",0.503968253
hitter,2025,Steamer,p_6101e64b36cdbbeb0b252b54,s_0bb23ace34918d576b54ffe8,actual,OPS,"{""sum"": [""OBP"", ""SLG""]}",0.619047618
hitter,2025,Steamer,p_d90ce2fb851e2bc7239d02d9,s_5ddd0f6780470a225b20e921,actual,OPS,"{""sum"": [""OBP"", ""SLG""]}",0.833333333
hitter,2025,Steamer,p_44a8ee1524687358c1d1a0c0,s_0aa9fe478f84dbce06e05733,actual,OPS,"{""sum"": [""OBP"", ""SLG""]}",0.0
hitter,2025,Steamer,p_b6baeecf55771a09c7e847cc,s_37bcc6e46bfbc6d0c1d2819e,actual,OPS,"{""sum"": [""OBP"", ""SLG""]}",0.333333332
hitter,2025,Steamer,p_226b98a3af9e6649b714b44e,s_c716163c4293d4543c4f82d5,actual,OPS,"{""sum"": [""OBP"", ""SLG""]}",0.733455882
hitter,2025,Steamer,p_cd8327f6161b57f3f657aa12,s_626b512a3804f4fa10942693,actual,OPS,"{""sum"": [""OBP"", ""SLG""]}",0.350877192
hitter,2025,Steamer,p_55908c06ceed1ceaa47e0f08,s_526804646dac28889cf5254b,actual,OPS,"{""sum"": [""OBP"", ""SLG""]}",0.553333333
hitter,2025,Steamer,p_45fcf03395be58b0038593fc,s_92c304f7339a3a2fa37e3866,actual,OPS,"{""sum"": [""OBP"", ""SLG""]}",0.59074074
hitter,2025,Steamer,p_32953bb768e19cff1aa203f4,s_aeb7282b3283a2f4bffaa738,actual,OPS,"{""sum"": [""OBP"", ""SLG""]}",0.6455069710000001
hitter,2025,Steamer,p_c762583b3c3a4ee5367bd335,s_8e4ec662bb6bf60f1bd94ee3,actual,OPS,"{""sum"": [""OBP"", ""SLG""]}",0.447547169
hitter,2025,Steamer,p_2519ef12f95e5a083795c12a,s_a1fc50a6e391fb4dfcd40463,actual,OPS,"{""sum"": [""OBP"", ""SLG""]}",0.0
hitter,2025,Steamer,p_3a1c72da6e9056e60ca9ea7d,s_bb3fa9f47fabdc32009951db,actual,OPS,"{""sum"": [""OBP"", ""SLG""]}",0.561279537
hitter,2025,Steamer,p_bbbddf0d3123eb1859b1cc44,s_751131dede18d4ce40c0bd5c,actual,OPS,"{""sum"": [""OBP"", ""SLG""]}",0.597706422
hitter,2025,Steamer,p_8a7360140004cc6743fef136,s_803a0ffedc287dadfae8d1e8,actual,OPS,"{""sum"": [""OBP"", ""SLG""]}",0.352941176
hitter,2025,Steamer,p_d26dd35f75ebb4f9a5b8426b,s_e9dd5bfb40815ea38507908d,actual,OPS,"{""sum"": [""OBP"", ""SLG""]}",0.57142857
hitter,2025,Steamer,p_2b1fe08d244d5a40da442d74,s_afe363907793051789e2abe9,actual,OPS,"{""sum"": [""OBP"", ""SLG""]}",0.573663897
hitter,2025,Steamer,p_6fd1fe90f29da21b36508f45,s_60c7455aaa84c7779e3fd37f,actual,OPS,"{""sum"": [""OBP"", ""SLG""]}",0.575781663
hitter,2025,Steamer,p_717b2fb5f5eb23f302a6ebe2,s_08017b35d5f848e5843cb38a,actual,OPS,"{""sum"": [""OBP"", ""SLG""]}",0.436974789
hitter,2025,Steamer,p_3f142cab3b6b50a8fc284947,s_6b64e4819a4c51c865bad880,actual,OPS,"{""sum"": [""OBP"", ""SLG""]}",0.0
hitter,2025,Steamer,p_b876419663159edfa11af0a0,s_9059f2c200f40650c5de794a,actual,OPS,"{""sum"": [""OBP"", ""SLG""]}",0.25
hitter,2025,Steamer,p_3877edc341fa20dfa2faecb8,s_b9894a4c163050bb6457f5db,actual,OPS,"{""sum"": [""OBP"", ""SLG""]}",0.338888888
hitter,2025,Steamer,p_4e8e0c6d9056e510d970d7d1,s_ee269d65058db01ea1d6afb2,actual,OPS,"{""sum"": [""OBP"", ""SLG""]}",0.7479674789999999
hitter,2025,Steamer,p_8de157e0bca34bc106b6633d,s_5986f2c6aaf4d9f2b93fc941,actual,OPS,"{""sum"": [""OBP"", ""SLG""]}",0.7844387749999999
hitter,2025,Steamer,p_65e7c0fa0d3cff8d1258c9b1,s_1a84c132835ae8b4e7549a34,actual,OPS,"{""sum"": [""OBP"", ""SLG""]}",0.878640776
hitter,2025,Steamer,p_aed2fb7cd6c58e39a3e092f7,s_187017c031d7d96221759384,actual,OPS,"{""sum"": [""OBP"", ""SLG""]}",0.775
hitter,2025,Steamer,p_f53b29c1e618b1122b53265b,s_007d56199c98babe472acb9e,actual,OPS,"{""sum"": [""OBP"", ""SLG""]}",0.692609351
hitter,2025,Steamer,p_ab2f7e47e80d8a800e8a9a35,s_577fe2e72946e82b9cd2745d,actual,OPS,"{""sum"": [""OBP"", ""SLG""]}",0.603984672
hitter,2025,Steamer,p_9406ea193e4c8f53cbbe76c5,s_36e8c3b21e1556d3b91d64db,actual,OPS,"{""sum"": [""OBP"", ""SLG""]}",0.61
hitter,2025,Steamer,p_08e4bf82f6f2d66a1fa3a6e0,s_5896dd860e54511af78270d8,actual,OPS,"{""sum"": [""OBP"", ""SLG""]}",0.25
hitter,2025,Steamer,p_01180266484ab021680a3902,s_671b222c8e2fed52879c0cee,actual,OPS,"{""sum"": [""OBP"", ""SLG""]}",0.476190475
hitter,2025,Steamer,p_b021d4e364cfc3ed423fb56f,s_916cc5512fcd9cdad9d7556f,actual,OPS,"{""sum"": [""OBP"", ""SLG""]}",0.7584085309999999
hitter,2025,Steamer,p_d6edffdd606adaf0dcc54111,s_83c2a4621bc0aee9628b1905,actual,OPS,"{""sum"": [""OBP"", ""SLG""]}",0.370018975
hitter,2025,Steamer,p_4af6f545bc35e4588dee86b9,s_29830894da75a329d701431c,actual,OPS,"{""sum"": [""OBP"", ""SLG""]}",0.647435896
hitter,2025,Steamer,p_a9df6f726497e038fd9738c8,s_cc4302a8e188aca67c0b8a0b,actual,OPS,"{""sum"": [""OBP"", ""SLG""]}",0.5906456950000001
hitter,2025,Steamer,p_f66331a3c12fee865cf819b5,s_26702468ae53f81a7f49d8c2,actual,OPS,"{""sum"": [""OBP"", ""SLG""]}",0.41547619
hitter,2025,Steamer,p_6d5e6f96a80b579eb717cb0a,s_b50ce5e50f2fff4cc73c94b8,actual,OPS,"{""sum"": [""OBP"", ""SLG""]}",0.206504064
hitter,2025,Steamer,p_d90b27c2fa34490d962ae0df,s_4e14c708093a4c8772dd815d,actual,OPS,"{""sum"": [""OBP"", ""SLG""]}",0.570804195
hitter,2025,Steamer,p_77f3f7b47430b887529000fa,s_754c994c01cd858e2e411cdb,actual,OPS,"{""sum"": [""OBP"", ""SLG""]}",0.49999999900000003
hitter,2025,Steamer,p_bc98648c6a6d04b33c536f08,s_d0a2c81b250d913bcfaa9ca9,actual,OPS,"{""sum"": [""OBP"", ""SLG""]}",0.67662037
hitter,2025,Steamer,p_8aedac04bf96afe7c557e68f,s_359e049418d3dd8bc7214e9a,actual,OPS,"{""sum"": [""OBP"", ""SLG""]}",0.600438596
hitter,2025,Steamer,p_8ac4131037b4b28af86c78e0,s_47e74286c0e321319559b2f5,actual,OPS,"{""sum"": [""OBP"", ""SLG""]}",0.333333332
hitter,2025,Steamer,p_2be2114f21490ac33af4d359,s_01ee3e557b1f93db3dcd92c2,actual,OPS,"{""sum"": [""OBP"", ""SLG""]}",0.685714285
hitter,2025,Steamer,p_61f673d18a547d69481d0c85,s_7a451ae9f96bb970f19c979b,actual,OPS,"{""sum"": [""OBP"", ""SLG""]}",0.31739130400000004
hitter,2025,Steamer,p_a0e7bd6274c02cb716fec97c,s_c4b6bfa42372696bc81ad8ec,actual,OPS,"{""sum"": [""OBP"", ""SLG""]}",0.676326729
hitter,2025,Steamer,p_a7294d5184e485ad8b842ac1,s_acbfac010280b581396234f6,actual,OPS,"{""sum"": [""OBP"", ""SLG""]}",0.166666666
hitter,2025,Steamer,p_784477c4df81037bd6fa216c,s_9c015abf2b86639da4186b96,actual,OPS,"{""sum"": [""OBP"", ""SLG""]}",0.4
hitter,2025,Steamer,p_331c65d81b5f27dec479439b,s_dd9af8f4e2b276cc5d8b1179,actual,OPS,"{""sum"": [""OBP"", ""SLG""]}",0.5350633300000001
hitter,2025,Steamer,p_d18686fb38704415e5f45eff,s_c198a2d1e1211274183fdd99,actual,OPS,"{""sum"": [""OBP"", ""SLG""]}",0.5975518719999999
hitter,2025,Steamer,p_2edd0c65fd9d7083ec14ee56,s_6715e755361ff23844582d6d,actual,OPS,"{""sum"": [""OBP"", ""SLG""]}",0.857142856
hitter,2025,Steamer,p_77f5711fe36ce10120f5001c,s_bc41a95693fb4d8cb47936d9,actual,OPS,"{""sum"": [""OBP"", ""SLG""]}",0.7502213689999999
hitter,2025,Steamer,p_a8b8bf9ed5ff58501c45d9d8,s_88ee7ce4cee1341dcfd966c2,actual,OPS,"{""sum"": [""OBP"", ""SLG""]}",0.1
hitter,2025,Steamer,p_f24a8cfc5f92047e5da64ebc,s_a64e75e6fea4b9cc88aa76d5,actual,OPS,"{""sum"": [""OBP"", ""SLG""]}",0.701428571
hitter,2025,Steamer,p_32091c9f78fec4451a11d54a,s_49083878af803a9cc5479d22,actual,OPS,"{""sum"": [""OBP"", ""SLG""]}",0.0
hitter,2025,Steamer,p_865383c42752b60074bbe4fe,s_482cc6aca8136170f92a2303,actual,OPS,"{""sum"": [""OBP"", ""SLG""]}",0.774927675
hitter,2025,Steamer,p_7902479205b3c22bd6f64c62,s_9e7d70647ab7e17d1dd61bbf,actual,OPS,"{""sum"": [""OBP"", ""SLG""]}",0.45433919300000003
hitter,2025,Steamer,p_a661022fd7a5d578c49f885e,s_a16e5be2795ec0a9af81bc1c,actual,OPS,"{""sum"": [""OBP"", ""SLG""]}",0.709332649
hitter,2025,Steamer,p_35ea903190fa5395379479ac,s_9be4a83df9359cecdb9dc22a,actual,OPS,"{""sum"": [""OBP"", ""SLG""]}",0.501344085
hitter,2025,Steamer,p_57be4bd64faf94f5f3184be3,s_4760312c8f0016f421fa467f,actual,OPS,"{""sum"": [""OBP"", ""SLG""]}",1.416666666
hitter,2025,Steamer,p_0ff6cb4481aa28b4e0ca248f,s_bd254b3160a38669e022ce5f,actual,OPS,"{""sum"": [""OBP"", ""SLG""]}",0.2
hitter,2025,Steamer,p_175943e6646daab9b788771b,s_e5e8005f9c2f5076a82a8199,actual,OPS,"{""sum"": [""OBP"", ""SLG""]}",0.731808731
hitter,2025,Steamer,p_266dda02b008d139eaa0dd94,s_add2cd81ef9532d4f00671fa,actual,OPS,"{""sum"": [""OBP"", ""SLG""]}",0.5
hitter,2025,Steamer,p_1bae5ba18fd609513c330eea,s_1399a3206c26c9113571f1c5,actual,OPS,"{""sum"": [""OBP"", ""SLG""]}",0.5820081770000001
hitter,2025,Steamer,p_b1825a140a3beba774c79650,s_06e71ced3bd0d2b87dbe2eda,actual,OPS,"{""sum"": [""OBP"", ""SLG""]}",0.909523808
hitter,2025,Steamer,p_d1e856cae4d07f9a6c4fe1e2,s_6c68c305f159c055b9a2f289,actual,OPS,"{""sum"": [""OBP"", ""SLG""]}",0.415223664
hitter,2025,Steamer,p_cdcbefbb1f8b84d28eb17aae,s_e019a086dc85e3863f3519dd,actual,OPS,"{""sum"": [""OBP"", ""SLG""]}",0.5
hitter,2025,Steamer,p_b30c41d7e4aaa89dc18b6ca8,s_6104344d2f49bb47ec1eb126,actual,OPS,"{""sum"": [""OBP"", ""SLG""]}",0.722414646
hitter,2025,Steamer,p_9b7e17333a014a8b6c192f64,s_44331f47730c5383eb35c6db,actual,OPS,"{""sum"": [""OBP"", ""SLG""]}",0.674603174
hitter,2025,Steamer,p_621f18b50bbd645f504f79b7,s_a011121cd89976f9b45db0df,actual,OPS,"{""sum"": [""OBP"", ""SLG""]}",0.706604948
hitter,2025,Steamer,p_101659267800d1c0aa1341e5,s_c22c523d2c3f44145c71cbf4,actual,OPS,"{""sum"": [""OBP"", ""SLG""]}",0.816926575
hitter,2025,Steamer,p_3a324011f98fe54cc350fe8c,s_f59dd4362e87739b408655e0,actual,OPS,"{""sum"": [""OBP"", ""SLG""]}",0.5641025630000001
hitter,2025,Steamer,p_0223f9d06027dad935426645,s_7af72a90e36e3808deac6721,actual,OPS,"{""sum"": [""OBP"", ""SLG""]}",0.41543340300000003
hitter,2025,Steamer,p_adc3e219b06829fd32bdcb26,s_69361fcf28818b165537faa5,actual,OPS,"{""sum"": [""OBP"", ""SLG""]}",0.705802611
hitter,2025,Steamer,p_26d4f21be7d206242e2e82ad,s_de01d83065bd01d1ff15cdc0,actual,OPS,"{""sum"": [""OBP"", ""SLG""]}",0.838557993
hitter,2025,Steamer,p_43df61d72995e1a9b8e57a5a,s_be0ec8957121976c271e2380,actual,OPS,"{""sum"": [""OBP"", ""SLG""]}",0.749999999
hitter,2025,Steamer,p_9071059fd28809cfa6d5107d,s_b6ab3688296d5cd00deb0f0e,actual,OPS,"{""sum"": [""OBP"", ""SLG""]}",0.40625
hitter,2025,Steamer,p_0e75fbd620b0cf48a4036da3,s_a072ef09aed9e5b8f0f0d637,actual,OPS,"{""sum"": [""OBP"", ""SLG""]}",0.636904761
hitter,2025,Steamer,p_68079c900ddd69cb5a58bf68,s_285b81853658b1c235e21372,actual,OPS,"{""sum"": [""OBP"", ""SLG""]}",0.372413793
hitter,2025,Steamer,p_33a8f30b64fa485f170a7f38,s_a0ecbce51546a1405860eff3,actual,OPS,"{""sum"": [""OBP"", ""SLG""]}",0.8657855139999999
hitter,2025,Steamer,p_7dcf529d38efe416819bc07e,s_cfa491f23a69d6060f61207c,actual,OPS,"{""sum"": [""OBP"", ""SLG""]}",0.585064569
hitter,2025,Steamer,p_b6dc84a75a7cf2791b76bd90,s_b8bbac8ad18b9209e8ebffc7,actual,OPS,"{""sum"": [""OBP"", ""SLG""]}",0.448306594
hitter,2025,Steamer,p_9662931fd6e838b9873e1c88,s_5fe4a6363d7b52aed72681b1,actual,OPS,"{""sum"": [""OBP"", ""SLG""]}",0.0
hitter,2025,Steamer,p_985789a703b7e5dda8e9ee8c,s_8bce0c2768c4b1553a4e345b,actual,OPS,"{""sum"": [""OBP"", ""SLG""]}",0.0
hitter,2025,Steamer,p_97cc4865db22aadc4ce7f639,s_e82f1cff8044d35b6ab5594f,actual,OPS,"{""sum"": [""OBP"", ""SLG""]}",0.0
hitter,2025,Steamer,p_303e7b91e52849e2586619cf,s_61c5825f7f3214869868b67a,actual,OPS,"{""sum"": [""OBP"", ""SLG""]}",0.0
hitter,2025,Steamer,p_824cdc22a5de973c43ea52d0,s_bf37a6d39ca54f3bffa0b27a,actual,OPS,"{""sum"": [""OBP"", ""SLG""]}",0.307692306
hitter,2025,Steamer,p_652fa92b3bac1d24c8225f99,s_3d69b8fc54d30d950a03c927,actual,OPS,"{""sum"": [""OBP"", ""SLG""]}",0.18181818
hitter,2025,Steamer,p_84ee5c6d0b640ce81aad4a86,s_25e6476fb0c1e773e3cf56f2,actual,OPS,"{""sum"": [""OBP"", ""SLG""]}",0.566445182
hitter,2025,Steamer,p_46c8ef61562526809be4aea3,s_0559ddd62357e899f85b7ce6,actual,OPS,"{""sum"": [""OBP"", ""SLG""]}",0.596491227
hitter,2025,Steamer,p_a78ccc748ee0ee459987e364,s_8be9d9ff6a92f261b7c69d82,actual,OPS,"{""sum"": [""OBP"", ""SLG""]}",0.416666666
hitter,2025,Steamer,p_fbad84c715ce640fa8e017a1,s_fed8e43d0efbf0b6562a6910,actual,OPS,"{""sum"": [""OBP"", ""SLG""]}",0.7310306550000001
hitter,2025,Steamer,p_0cc158711fa7bba8bdd29350,s_7cb23b0edb1bc72e71a95b21,actual,OPS,"{""sum"": [""OBP"", ""SLG""]}",0.625
hitter,2025,Steamer,p_c79d549c12d7c4d174e35cff,s_59f47f875f09449ac1f49371,actual,OPS,"{""sum"": [""OBP"", ""SLG""]}",0.0
hitter,2025,Steamer,p_195d3875e4a4e1c784bd1742,s_f8ea7bc0bb9fb35dc38bad63,actual,OPS,"{""sum"": [""OBP"", ""SLG""]}",0.845147238
hitter,2025,Steamer,p_cfbb217be71deb0ce2565a52,s_6dd6f56214f6e03303d2b5ba,actual,OPS,"{""sum"": [""OBP"", ""SLG""]}",0.435526315
hitter,2025,Steamer,p_7d62d9f218e4521d7a5c233e,s_d8efc30ea0da98e7ae5f061e,actual,OPS,"{""sum"": [""OBP"", ""SLG""]}",0.604529616
hitter,2025,Steamer,p_6b03deb485d5344507644926,s_17caee62e41cb5a787d6ec51,actual,OPS,"{""sum"": [""OBP"", ""SLG""]}",0.488095238
hitter,2025,Steamer,p_43458b1ca56bfc78e5851984,s_5652541fbcc84ff7592189eb,actual,OPS,"{""sum"": [""OBP"", ""SLG""]}",0.392081736
hitter,2025,Steamer,p_35208040ebe03471e689d700,s_e7ab4e0841f274363052a078,actual,OPS,"{""sum"": [""OBP"", ""SLG""]}",0.552669973
hitter,2025,Steamer,p_45081ba883aae98afdbde4b5,s_d7ed69fc91c2f1e37e44de7d,actual,OPS,"{""sum"": [""OBP"", ""SLG""]}",0.276923076
hitter,2025,Steamer,p_cf40524b93abc8fb3a1e9f92,s_d2553a8c7016e30ae286fe90,actual,OPS,"{""sum"": [""OBP"", ""SLG""]}",0.880114565
hitter,2025,Steamer,p_e7b41dc11a533139ce78517b,s_339b2c26cb7dede399a1cf20,actual,OPS,"{""sum"": [""OBP"", ""SLG""]}",0.324561402
hitter,2025,Steamer,p_d4deda86d7c17560e39f2e3c,s_900a715abb150285b8220074,actual,OPS,"{""sum"": [""OBP"", ""SLG""]}",0.6131322079999999
hitter,2025,Steamer,p_e30e83972eb9de495b775ef1,s_f9a477bbea6df2a8e23e63a1,actual,OPS,"{""sum"": [""OBP"", ""SLG""]}",0.31619047499999997
hitter,2025,Steamer,p_f8b30d2da35c688c466fb941,s_47257cc40f491ba352af9546,actual,OPS,"{""sum"": [""OBP"", ""SLG""]}",0.45104895
hitter,2025,Steamer,p_39af8e3fae49f2dc71c99280,s_70cea8985f30a0ba7165d27c,actual,OPS,"{""sum"": [""OBP"", ""SLG""]}",0.475868725
hitter,2025,Steamer,p_ae78cc7b4d1225faed5814c4,s_f41b9e9f5e1c825aeea166d8,actual,OPS,"{""sum"": [""OBP"", ""SLG""]}",0.25
hitter,2025,Steamer,p_640c7cf8ca0fdab4fb3c851d,s_43652de1c277c2a8b911bbc3,actual,OPS,"{""sum"": [""OBP"", ""SLG""]}",0.26679841800000004
hitter,2025,Steamer,p_e698dcef026ade5c5ee72b97,s_04bbfb1f5b8f0d9fd0b991e4,actual,OPS,"{""sum"": [""OBP"", ""SLG""]}",0.0
hitter,2025,Steamer,p_8f1da6c1c180e7d676934fff,s_877e856cdadbe8e8e852fc48,actual,OPS,"{""sum"": [""OBP"", ""SLG""]}",0.469410455
hitter,2025,Steamer,p_71c91198b905a5433d8d1964,s_76f18e8935bf2928931a25e3,actual,OPS,"{""sum"": [""OBP"", ""SLG""]}",0.547500827
hitter,2025,Steamer,p_6767dbdb162c4ffba8c3f6e2,s_274a405bee9c95ff626a3f28,actual,OPS,"{""sum"": [""OBP"", ""SLG""]}",0.697743174
hitter,2025,Steamer,p_be403a9b2db4f3802c9f3b61,s_c81d2b7ae4e666be9023f35d,actual,OPS,"{""sum"": [""OBP"", ""SLG""]}",0.511031603
hitter,2025,Steamer,p_0054b0f7e9600263c4339080,s_ad53b2d04f33862bfee8d352,actual,OPS,"{""sum"": [""OBP"", ""SLG""]}",0.400250156
hitter,2025,Steamer,p_6ebf619662ac32499ebc6ce8,s_a195534e771b07c8756a66fc,actual,OPS,"{""sum"": [""OBP"", ""SLG""]}",0.731675006
hitter,2025,Steamer,p_b0d2ac2af541e21ce500cc94,s_732550e3db347f20f13654dc,actual,OPS,"{""sum"": [""OBP"", ""SLG""]}",0.507936507
hitter,2025,Steamer,p_99ee3cb3d56dcf9cf8790fe0,s_bd7723e0ff89849d3d7ae579,actual,OPS,"{""sum"": [""OBP"", ""SLG""]}",0.752118112
hitter,2025,Steamer,p_e5dda7a015da0e6f8878a81f,s_05c57601ae764fbb6c92af58,actual,OPS,"{""sum"": [""OBP"", ""SLG""]}",0.228758169
hitter,2025,Steamer,p_cb0ac3f0270df663ae5d3b34,s_e65b47fb1068ab5baf0e6cc7,actual,OPS,"{""sum"": [""OBP"", ""SLG""]}",0.522802652
hitter,2025,Steamer,p_7edcc549a8856179722750db,s_0a6db4e53bd030c233b8f6ae,actual,OPS,"{""sum"": [""OBP"", ""SLG""]}",0.572002365
hitter,2025,Steamer,p_d4e11ff535bf58d9e902a045,s_ec18f026c4daf0607498537e,actual,OPS,"{""sum"": [""OBP"", ""SLG""]}",0.61111111
hitter,2025,Steamer,p_a83dafc55fbfe682b417f2ca,s_69269883b58584152e3a3020,actual,OPS,"{""sum"": [""OBP"", ""SLG""]}",0.571691902
hitter,2025,Steamer,p_52fc31dada4e865b88f8ce42,s_9976060934166e32f2363918,actual,OPS,"{""sum"": [""OBP"", ""SLG""]}",0.5323070599999999
hitter,2025,Steamer,p_f81e06f86a4750a02ca58853,s_a763252587f809e63b3f3b51,actual,OPS,"{""sum"": [""OBP"", ""SLG""]}",0.6706498679999999
hitter,2026,Steamer,p_f16412beb35a9f8275245e07,s_38b499d0cb67441a2223d685,actual,OPS,"{""sum"": [""OBP"", ""SLG""]}",0.8709725509999999
hitter,2026,Steamer,p_5ddf7b7c488d16218bdd70fc,s_6e549e092b6cc9c711bd5bda,actual,OPS,"{""sum"": [""OBP"", ""SLG""]}",0.8000374299999999
hitter,2026,Steamer,p_6bef577c2d843e259b2e4f8d,s_5097686d9c4c032e4c70b5c8,actual,OPS,"{""sum"": [""OBP"", ""SLG""]}",0.7150356920000001
hitter,2026,Steamer,p_3d2334a857b6e51adfa60031,s_a645276fc4ca6d92416b7b6b,actual,OPS,"{""sum"": [""OBP"", ""SLG""]}",0.6642973679999999
hitter,2026,Steamer,p_67d2d4c4c4eb75d44dfc90f0,s_e504b12817cc8c0191057910,actual,OPS,"{""sum"": [""OBP"", ""SLG""]}",0.7083461600000001
hitter,2026,Steamer,p_8b0da430de74b9d38592cfa7,s_bab65092980a80a40e73e6ef,actual,OPS,"{""sum"": [""OBP"", ""SLG""]}",0.9079313920000001
hitter,2026,Steamer,p_1a7540f0f62bdbec1d46a097,s_5cfd2f767e505b0d61e5dbd2,actual,OPS,"{""sum"": [""OBP"", ""SLG""]}",0.8890516740000001
hitter,2026,Steamer,p_cbfcdeac8217106774120e81,s_b8febb58553e17be95617dbe,actual,OPS,"{""sum"": [""OBP"", ""SLG""]}",0.79639617
hitter,2026,Steamer,p_3f765e91616326426b8a43c2,s_84000960cb9572a1f21ca228,actual,OPS,"{""sum"": [""OBP"", ""SLG""]}",0.828112288
hitter,2026,Steamer,p_8a17723cd1691cf9cab7393e,s_d75f907d2a1c82efb8bd59e2,actual,OPS,"{""sum"": [""OBP"", ""SLG""]}",0.732613419
hitter,2026,Steamer,p_6258e0b754720e6aa1ffc43d,s_85ea8a6ae48ece73526ca919,actual,OPS,"{""sum"": [""OBP"", ""SLG""]}",0.687779857
hitter,2026,Steamer,p_e7725c89676d89124848373c,s_34a973d59d5c3cb38d3a3fe2,actual,OPS,"{""sum"": [""OBP"", ""SLG""]}",0.879985598
hitter,2026,Steamer,p_8145c85e799111fad96f9326,s_5eb831b7ce744da910efa6f0,actual,OPS,"{""sum"": [""OBP"", ""SLG""]}",0.7952228029999999
hitter,2026,Steamer,p_5c11dd145a24b1ffaecf5e75,s_2f6352c72ac616e07ec9d876,actual,OPS,"{""sum"": [""OBP"", ""SLG""]}",0.77973247
hitter,2026,Steamer,p_b2d8d52d1ac8e278023dd28e,s_560f56423efe099b07a7426c,actual,OPS,"{""sum"": [""OBP"", ""SLG""]}",1.033491858
hitter,2026,Steamer,p_487446a58afe78ff3ecfe76c,s_e0699cfc094e979fac43c86a,actual,OPS,"{""sum"": [""OBP"", ""SLG""]}",0.748089469
hitter,2026,Steamer,p_6c0a9e658a48ac4878d9dd6d,s_0a4e1d400bcdacfeb169b3d9,actual,OPS,"{""sum"": [""OBP"", ""SLG""]}",0.688306681
hitter,2026,Steamer,p_60cc6d7817c312ca1f6e104d,s_941190cb9331f1add2225c06,actual,OPS,"{""sum"": [""OBP"", ""SLG""]}",0.75758613
hitter,2026,Steamer,p_f23d1d9035065b244f5e458f,s_493435663344c5d467e44570,actual,OPS,"{""sum"": [""OBP"", ""SLG""]}",0.8847495089999999
hitter,2026,Steamer,p_d65b41dc5498c748aed03004,s_f06bdfd1661bc15a694abf33,actual,OPS,"{""sum"": [""OBP"", ""SLG""]}",0.766600153
hitter,2026,Steamer,p_376836ac6c44d0cd8f0e6415,s_549e4c92beed22d853ce13ba,actual,OPS,"{""sum"": [""OBP"", ""SLG""]}",0.942701332
hitter,2026,Steamer,p_8a7e7a5df7676ae9c7c629fc,s_d5ef348e7ed8d7e886316530,actual,OPS,"{""sum"": [""OBP"", ""SLG""]}",0.743487072
hitter,2026,Steamer,p_306fe9c0d735d7f46146c529,s_1f5e85869368af3bd5d09dba,actual,OPS,"{""sum"": [""OBP"", ""SLG""]}",0.736405771
hitter,2026,Steamer,p_56e7275c3bfa42a75a7ac2ab,s_601ca238c23f02bea9717e04,actual,OPS,"{""sum"": [""OBP"", ""SLG""]}",0.67543743
hitter,2026,Steamer,p_112dcfa6b46c45a399a719e5,s_7623abdd9b6486d2a6d3a94e,actual,OPS,"{""sum"": [""OBP"", ""SLG""]}",0.715328725
hitter,2026,Steamer,p_212972d5e1d2c8460dc3a73b,s_7a8dfb484c36115530b57b4b,actual,OPS,"{""sum"": [""OBP"", ""SLG""]}",0.625291952
hitter,2026,Steamer,p_e0d83b8da8aaead5cd952acc,s_e46699fc9edd0a44ee5640ef,actual,OPS,"{""sum"": [""OBP"", ""SLG""]}",0.746821814
hitter,2026,Steamer,p_8363b9bca459e78ec2006bb0,s_6340625726d743a66afffc36,actual,OPS,"{""sum"": [""OBP"", ""SLG""]}",0.8185166429999999
hitter,2026,Steamer,p_03b64d654a078e0d162c57bd,s_21732eb51f69a31939dbcfac,actual,OPS,"{""sum"": [""OBP"", ""SLG""]}",0.879267909
hitter,2026,Steamer,p_5df8600326504a53588a6de7,s_fe493eca3ca5dd0436398517,actual,OPS,"{""sum"": [""OBP"", ""SLG""]}",0.765732853
hitter,2026,Steamer,p_22db645384aeaef0e6b0dd37,s_1d9250b2d089158001c5805d,actual,OPS,"{""sum"": [""OBP"", ""SLG""]}",0.714947486
hitter,2026,Steamer,p_565062fedb9dc11884dc149f,s_45d6067d9df449298edd8d3c,actual,OPS,"{""sum"": [""OBP"", ""SLG""]}",0.740458321
hitter,2026,Steamer,p_cc20023b077f71dea170b091,s_662667958e5b9cb619301142,actual,OPS,"{""sum"": [""OBP"", ""SLG""]}",0.8647780089999999
hitter,2026,Steamer,p_fffb6de42175eb3a17278de2,s_4a38384db96ea44106ef5e4f,actual,OPS,"{""sum"": [""OBP"", ""SLG""]}",0.8015618259999999
hitter,2026,Steamer,p_c098c2fe9513c8a2d9d6133f,s_3a11f6ec1fab054e29d947d0,actual,OPS,"{""sum"": [""OBP"", ""SLG""]}",0.754257907
hitter,2026,Steamer,p_e8a841a4c0a09c1611d07c5c,s_76f5f7a35d721467c551d246,actual,OPS,"{""sum"": [""OBP"", ""SLG""]}",0.6667190510000001
hitter,2026,Steamer,p_d85aa5a54347f648d409ab91,s_c93b9c33738c4a38181c9b0d,actual,OPS,"{""sum"": [""OBP"", ""SLG""]}",0.87423607
hitter,2026,Steamer,p_eb6d41898fee1956040bc079,s_b47d0355a5176e5ee49dc14a,actual,OPS,"{""sum"": [""OBP"", ""SLG""]}",0.70206374
hitter,2026,Steamer,p_975a1b871ed65b006a1ce607,s_f9cbf106bd6734f3f32f4f80,actual,OPS,"{""sum"": [""OBP"", ""SLG""]}",0.710724725
hitter,2026,Steamer,p_8b8b46332f730f938d5e4598,s_7943b50ab8fe5a08e8fa5c22,actual,OPS,"{""sum"": [""OBP"", ""SLG""]}",0.691941811
hitter,2026,Steamer,p_689b3153515d854852b70f4b,s_08f830cbed2105460aa46552,actual,OPS,"{""sum"": [""OBP"", ""SLG""]}",0.712764823
hitter,2026,Steamer,p_566da69483a08944a4fd0dbe,s_3545bd13172e7ef7733f0426,actual,OPS,"{""sum"": [""OBP"", ""SLG""]}",0.685119047
hitter,2026,Steamer,p_ca7feb5b66329358ea3d8c70,s_25b4d948e5110a19ce6c2073,actual,OPS,"{""sum"": [""OBP"", ""SLG""]}",0.823316905
hitter,2026,Steamer,p_9dae11e0cd2670bf2ee9255e,s_5d7cc8344b230c66b8d417aa,actual,OPS,"{""sum"": [""OBP"", ""SLG""]}",0.786827112
hitter,2026,Steamer,p_316c3f5d72b7ee1b6a59d1c6,s_4e7c62f71dbd6c48eb1d29f4,actual,OPS,"{""sum"": [""OBP"", ""SLG""]}",0.792304476
hitter,2026,Steamer,p_67cb975359e89b208f68a778,s_4c8abe8d34b3886adc07c585,actual,OPS,"{""sum"": [""OBP"", ""SLG""]}",0.607413694
hitter,2026,Steamer,p_116cdec4053638cbb2ccefd2,s_a3de182b6a810565c452459b,actual,OPS,"{""sum"": [""OBP"", ""SLG""]}",0.779828306
hitter,2026,Steamer,p_6c63d7d7b55bc0f02c783a80,s_64c92fdad6c6986f67377fe0,actual,OPS,"{""sum"": [""OBP"", ""SLG""]}",0.711180818
hitter,2026,Steamer,p_ba6f36e798456bccef1754a0,s_6302120aa67d30633d7425ab,actual,OPS,"{""sum"": [""OBP"", ""SLG""]}",0.6544337870000001
hitter,2026,Steamer,p_553976eb2ca8a6fbca85aa5b,s_d3eda03822eb7dd866752bf6,actual,OPS,"{""sum"": [""OBP"", ""SLG""]}",0.812180007
hitter,2026,Steamer,p_98faa1d5523b21adac215d1f,s_be2f7584b740d87c52a900a7,actual,OPS,"{""sum"": [""OBP"", ""SLG""]}",0.624324993
hitter,2026,Steamer,p_abdfe3139ed4c9eda6ce0c37,s_d0d015a4603bf665f32ec1ee,actual,OPS,"{""sum"": [""OBP"", ""SLG""]}",0.837375378
hitter,2026,Steamer,p_773d7d56031db8879f6723e8,s_742201141241cd29119a19d9,actual,OPS,"{""sum"": [""OBP"", ""SLG""]}",0.780604377
hitter,2026,Steamer,p_cce7aefd60200f89eb5f62c5,s_c7b9cb6c35f24bba619acf6c,actual,OPS,"{""sum"": [""OBP"", ""SLG""]}",0.8913669930000001
hitter,2026,Steamer,p_806c100a85a17dfdcfe3aeab,s_0b9ee3de13b090116a57344d,actual,OPS,"{""sum"": [""OBP"", ""SLG""]}",0.675913937
hitter,2026,Steamer,p_0ad68b951761f8685abeae36,s_ff73cadf281bc1341a27d6f8,actual,OPS,"{""sum"": [""OBP"", ""SLG""]}",0.620300751
hitter,2026,Steamer,p_0f12b16a4ff92fb0e5d398d2,s_a699c6ce52c1341226f8bff5,actual,OPS,"{""sum"": [""OBP"", ""SLG""]}",0.833800763
hitter,2026,Steamer,p_a10691810a3a9049724c355e,s_de5b4a52dd371ae635e991e9,actual,OPS,"{""sum"": [""OBP"", ""SLG""]}",0.8160977460000001
hitter,2026,Steamer,p_8763904d13a29c644082b122,s_4102387ccadad91d496b48a9,actual,OPS,"{""sum"": [""OBP"", ""SLG""]}",0.8294382599999999
hitter,2026,Steamer,p_a1c10b179912b1d2f03fa32c,s_29a04305bda30f0aea1a337d,actual,OPS,"{""sum"": [""OBP"", ""SLG""]}",0.843513645
hitter,2026,Steamer,p_bb6f9449c9e0ffc57d547002,s_a560bebeb7e34e1f27d7ca6b,actual,OPS,"{""sum"": [""OBP"", ""SLG""]}",0.727414205
hitter,2026,Steamer,p_fe3b34280c5c898441437983,s_f13a6f0e86db024730eed790,actual,OPS,"{""sum"": [""OBP"", ""SLG""]}",0.7307275010000001
hitter,2026,Steamer,p_d04d80d479ca9798b6aba56a,s_9533cc1b50a6f3c33273cd2a,actual,OPS,"{""sum"": [""OBP"", ""SLG""]}",0.767513774
hitter,2026,Steamer,p_33ef22bd9c5fcfa876186831,s_6ab4e62ff00835b85968501c,actual,OPS,"{""sum"": [""OBP"", ""SLG""]}",0.856867469
hitter,2026,Steamer,p_9c139e8de020d424429029d1,s_7321b4924217dd89c0944a5b,actual,OPS,"{""sum"": [""OBP"", ""SLG""]}",0.8647420530000001
hitter,2026,Steamer,p_8d8ac643ab43c0a5edae56ca,s_34239ec7d71eeb5527490ddd,actual,OPS,"{""sum"": [""OBP"", ""SLG""]}",0.884451826
hitter,2026,Steamer,p_c315f699dc20ea9f45db58c2,s_ccc4d80d10c92871f6d2bbce,actual,OPS,"{""sum"": [""OBP"", ""SLG""]}",0.853954809
hitter,2026,Steamer,p_18f58e283cd36378ac1da1fd,s_039621721ca03fb446133298,actual,OPS,"{""sum"": [""OBP"", ""SLG""]}",0.7283858750000001
hitter,2026,Steamer,p_e96df7bede80ce3e564c75a2,s_37cbc41eacfbabbdc87e6e2f,actual,OPS,"{""sum"": [""OBP"", ""SLG""]}",0.7009822219999999
hitter,2026,Steamer,p_519c7e279020b1a6676d30b6,s_18e2e5a1f029def503407207,actual,OPS,"{""sum"": [""OBP"", ""SLG""]}",0.805989689
hitter,2026,Steamer,p_470f32c7b44abc752b626681,s_403ad36db3640f0857036acc,actual,OPS,"{""sum"": [""OBP"", ""SLG""]}",0.694103477
hitter,2026,Steamer,p_0b1f16cb17d8c26e63a90351,s_531ae09a97969b100e873d5b,actual,OPS,"{""sum"": [""OBP"", ""SLG""]}",0.61657706
hitter,2026,Steamer,p_041b290ccb9dec49681e05d7,s_7a041927236b3518c874dddf,actual,OPS,"{""sum"": [""OBP"", ""SLG""]}",0.780983376
hitter,2026,Steamer,p_e6a7e479765cf29ade93adc3,s_8ddbb2d3d587898f5d9dfb7c,actual,OPS,"{""sum"": [""OBP"", ""SLG""]}",0.8048546539999999
hitter,2026,Steamer,p_abe047f07a0efa446f4a36de,s_6d6a7105ea7ef6aabcd434dc,actual,OPS,"{""sum"": [""OBP"", ""SLG""]}",0.760589822
hitter,2026,Steamer,p_0cfc16ec70a614e40004e420,s_c7569a05580f7fc4df67d9fe,actual,OPS,"{""sum"": [""OBP"", ""SLG""]}",0.765272838
hitter,2026,Steamer,p_4672fc02fbfa48399c90584a,s_ff507688f85aaf51c3ec2b7e,actual,OPS,"{""sum"": [""OBP"", ""SLG""]}",0.73506939
hitter,2026,Steamer,p_0575c7ada041df0cca2d5549,s_0c190728ab4bda04c77ac2b9,actual,OPS,"{""sum"": [""OBP"", ""SLG""]}",0.801679729
hitter,2026,Steamer,p_cfd86603afc94c644229f9cc,s_c41b8006365cbcc3a1f9a274,actual,OPS,"{""sum"": [""OBP"", ""SLG""]}",0.7042475539999999
hitter,2026,Steamer,p_603925421b21bc562bc8d1f0,s_3fb307e5fc69209722c529c8,actual,OPS,"{""sum"": [""OBP"", ""SLG""]}",0.772321715
hitter,2026,Steamer,p_63b127378fbb63f7a8ac5c53,s_6b719b115c426aad9a952b3e,actual,OPS,"{""sum"": [""OBP"", ""SLG""]}",0.806255028
hitter,2026,Steamer,p_d3826afca90b544836e2677c,s_f4f3d5378dfbb2de85d63cb2,actual,OPS,"{""sum"": [""OBP"", ""SLG""]}",0.667495154
hitter,2026,Steamer,p_d803dc65885a070fabf6818a,s_ed8734d796346538790fb448,actual,OPS,"{""sum"": [""OBP"", ""SLG""]}",0.8109159450000001
hitter,2026,Steamer,p_b3b356771b4a2b8a3dabc8a1,s_833d4c48d661c1d367b1b5e5,actual,OPS,"{""sum"": [""OBP"", ""SLG""]}",0.71046859
hitter,2026,Steamer,p_01f201d29bbe20594b827aba,s_741be08960563cf47e477af5,actual,OPS,"{""sum"": [""OBP"", ""SLG""]}",0.725773577
hitter,2026,Steamer,p_93147868d8b8ef25dc5ff7ce,s_b3095890775d9db87be70bc4,actual,OPS,"{""sum"": [""OBP"", ""SLG""]}",0.730453667
hitter,2026,Steamer,p_fc5ea9af3a74454e7e41965e,s_53cd2ec20f286cd29e4d6c84,actual,OPS,"{""sum"": [""OBP"", ""SLG""]}",0.7355564880000001
hitter,2026,Steamer,p_b2481482b385c3996645ecdb,s_a75140ad2ccede3177d96eba,actual,OPS,"{""sum"": [""OBP"", ""SLG""]}",0.81673997
hitter,2026,Steamer,p_57c56a495da77e06c1b64a9f,s_4ccdaccec825bd1b7e69530f,actual,OPS,"{""sum"": [""OBP"", ""SLG""]}",0.762213215
hitter,2026,Steamer,p_374639c006432a57cd7173fc,s_db22a669601fdae2c6bee3e9,actual,OPS,"{""sum"": [""OBP"", ""SLG""]}",0.764609466
hitter,2026,Steamer,p_4377316cb604fc79c43e849f,s_7a757b769f9b28fbabef9b46,actual,OPS,"{""sum"": [""OBP"", ""SLG""]}",0.748940318
hitter,2026,Steamer,p_5238beca8d2e0f1fd715c816,s_f8e003c222263e8becd47af0,actual,OPS,"{""sum"": [""OBP"", ""SLG""]}",0.6853006749999999
hitter,2026,Steamer,p_fe349ad78aee63c7c18b8b83,s_39c65c546799c77245a7d3b4,actual,OPS,"{""sum"": [""OBP"", ""SLG""]}",0.670388306
hitter,2026,Steamer,p_92c069a29d913048d5371a39,s_846d1f1cb51ae6a9bf8fdc7f,actual,OPS,"{""sum"": [""OBP"", ""SLG""]}",0.896850003
hitter,2026,Steamer,p_b7f93fa6cd2a0022c2f4073c,s_f959a1186dbc23d09e526a25,actual,OPS,"{""sum"": [""OBP"", ""SLG""]}",0.703225454
hitter,2026,Steamer,p_45a4c94329ef45c21f405f71,s_50a79b2643f99cf0c3775ec6,actual,OPS,"{""sum"": [""OBP"", ""SLG""]}",0.734677316
hitter,2026,Steamer,p_dca7ac3dcb00e9e9c03af974,s_7f393ebe2bc9c11bec525002,actual,OPS,"{""sum"": [""OBP"", ""SLG""]}",0.666966524
hitter,2026,Steamer,p_8f4e0edcdbb51e8ea8ef460c,s_2ab99ff4cfb72dd135fd1391,actual,OPS,"{""sum"": [""OBP"", ""SLG""]}",0.706068114
hitter,2026,Steamer,p_0130cd45d3e0619843f93b86,s_3c81cfe31e4f2955fc268d0c,actual,OPS,"{""sum"": [""OBP"", ""SLG""]}",0.786346572
hitter,2026,Steamer,p_81055a604ebcb0e79f8ffbe8,s_0c0ba9fa44e8c9fd7d280681,actual,OPS,"{""sum"": [""OBP"", ""SLG""]}",0.649488191
hitter,2026,Steamer,p_eee8adf491cb30aad8c0c2e7,s_8de0a8ae339a16ea8b88e677,actual,OPS,"{""sum"": [""OBP"", ""SLG""]}",0.669677065
hitter,2026,Steamer,p_38e2bb8be3a261e7adcb997c,s_8053f9deee07ebf61c77b14d,actual,OPS,"{""sum"": [""OBP"", ""SLG""]}",0.738072163
hitter,2026,Steamer,p_fd44d075dbb0de467ecd4cec,s_fdfa19dd40eff96df9d3a888,actual,OPS,"{""sum"": [""OBP"", ""SLG""]}",0.710132685
hitter,2026,Steamer,p_fe5e81171887fdbded90e9cf,s_31d8af317bde33c43282625a,actual,OPS,"{""sum"": [""OBP"", ""SLG""]}",0.489010988
hitter,2026,Steamer,p_976a51a68ae7b23d4651968b,s_2b94218edf1e28406a1ae44b,actual,OPS,"{""sum"": [""OBP"", ""SLG""]}",0.697501422
hitter,2026,Steamer,p_dc25209b8d6f78bd1ff199d1,s_68fa35859c2d9322cf58bf01,actual,OPS,"{""sum"": [""OBP"", ""SLG""]}",0.8099705660000001
hitter,2026,Steamer,p_a3ea0178a0c5e8f586a37196,s_b1cb73a58a76a2d8c5c166d4,actual,OPS,"{""sum"": [""OBP"", ""SLG""]}",0.825170674
hitter,2026,Steamer,p_7b5d1a173b863deb0b76a4d6,s_3f7cc887635c614f47e5fa76,actual,OPS,"{""sum"": [""OBP"", ""SLG""]}",0.745446009
hitter,2026,Steamer,p_88ea9f9f953b0443fa439d35,s_db7dd4575f45d154ea4232ee,actual,OPS,"{""sum"": [""OBP"", ""SLG""]}",0.639965825
hitter,2026,Steamer,p_07105369a9e627dc07e08f3a,s_4b9ad040b7232b1a03ce2f2b,actual,OPS,"{""sum"": [""OBP"", ""SLG""]}",0.7601937759999999
hitter,2026,Steamer,p_3664d107759fe0ae5d9df463,s_d0516b19ac92320f5f5b8c86,actual,OPS,"{""sum"": [""OBP"", ""SLG""]}",0.684695686
hitter,2026,Steamer,p_3a018d05684bd05311c373cb,s_6b76917b3d02713ca1da0536,actual,OPS,"{""sum"": [""OBP"", ""SLG""]}",0.629011779
hitter,2026,Steamer,p_ea8a5d1c846e0c84971a0bb4,s_430993dfa732aea89cf2590d,actual,OPS,"{""sum"": [""OBP"", ""SLG""]}",0.813828692
hitter,2026,Steamer,p_7a73d79a099a02d80efb70ee,s_ec604c373bc8fd19e799430e,actual,OPS,"{""sum"": [""OBP"", ""SLG""]}",0.816010854
hitter,2026,Steamer,p_d84830ffa4fab8cd91af4c87,s_a86b21900249c1fc7a6a5d7b,actual,OPS,"{""sum"": [""OBP"", ""SLG""]}",0.686644005
hitter,2026,Steamer,p_f833a627792ee898758f75c1,s_6873ecf6623e2c6c79bbfaff,actual,OPS,"{""sum"": [""OBP"", ""SLG""]}",0.588786446
hitter,2026,Steamer,p_e8f31649994a3e32ef11f822,s_250a22edeadb93fb6b5ae9de,actual,OPS,"{""sum"": [""OBP"", ""SLG""]}",0.735765878
hitter,2026,Steamer,p_ddf817cabc06756b0e3c52c8,s_7952e8ab4d149ab6126cce34,actual,OPS,"{""sum"": [""OBP"", ""SLG""]}",0.730084403
hitter,2026,Steamer,p_30c7a668112dbae738c3a2dc,s_c2e9afe984d341cdf73ca1b3,actual,OPS,"{""sum"": [""OBP"", ""SLG""]}",0.840902381
hitter,2026,Steamer,p_19af1c0e0d94d73536407863,s_58dd139ac60d91ddc5ef3666,actual,OPS,"{""sum"": [""OBP"", ""SLG""]}",0.723969097
hitter,2026,Steamer,p_54a176facbbf2b86f4773ac9,s_20743d857c96879925073d2e,actual,OPS,"{""sum"": [""OBP"", ""SLG""]}",0.805775347
hitter,2026,Steamer,p_1552cbc32b7c3d101007d1ee,s_b6622b2f7566aeb135f8b5d8,actual,OPS,"{""sum"": [""OBP"", ""SLG""]}",0.657501847
hitter,2026,Steamer,p_910eaf826bf8a3ff8e586a66,s_a98e82865762fa6cb107a66d,actual,OPS,"{""sum"": [""OBP"", ""SLG""]}",0.727763002
hitter,2026,Steamer,p_1a95972d3cc893a472abc230,s_08923e0ddacd08a061b9b13d,actual,OPS,"{""sum"": [""OBP"", ""SLG""]}",0.837220947
hitter,2026,Steamer,p_14d1280565f59b8db3772882,s_5ed2dd32f5527a76ace399ae,actual,OPS,"{""sum"": [""OBP"", ""SLG""]}",0.627277226
hitter,2026,Steamer,p_34b3b6e9dd4f5cea6194f845,s_072d1b02ebd6a8a1c42b633d,actual,OPS,"{""sum"": [""OBP"", ""SLG""]}",0.5099117719999999
hitter,2026,Steamer,p_d280fe766b138e116686c70c,s_80f473a87f76f23f7a5f378a,actual,OPS,"{""sum"": [""OBP"", ""SLG""]}",0.431018517
hitter,2026,Steamer,p_bae0c0ca4e440ae7ebfa87be,s_28acb434c9bd69fb8589ebef,actual,OPS,"{""sum"": [""OBP"", ""SLG""]}",0.823943366
hitter,2026,Steamer,p_6ef9eb123a894da47938ad54,s_221115e853e98d80fdceaae1,actual,OPS,"{""sum"": [""OBP"", ""SLG""]}",0.680942148
hitter,2026,Steamer,p_1d7e8678c5830f3f0069f0d2,s_67caac173913ad409e0115a3,actual,OPS,"{""sum"": [""OBP"", ""SLG""]}",0.7729947669999999
hitter,2026,Steamer,p_367043d04df11c50c62b433f,s_0130e151e70addedc2f5aa5e,actual,OPS,"{""sum"": [""OBP"", ""SLG""]}",0.83734768
hitter,2026,Steamer,p_a910702a6f8986211ef36f3c,s_f8e0a03f041507df75473858,actual,OPS,"{""sum"": [""OBP"", ""SLG""]}",0.602218454
hitter,2026,Steamer,p_ac2c415e448152dd4e3b1104,s_e30b7104b12f0123d77c82df,actual,OPS,"{""sum"": [""OBP"", ""SLG""]}",0.466813645
hitter,2026,Steamer,p_08ae04aabc21677b06e0f5b5,s_7851e9cadddee632a77b4d12,actual,OPS,"{""sum"": [""OBP"", ""SLG""]}",0.611211147
hitter,2026,Steamer,p_dae2f3444392e0e6d8dd111e,s_c35d961e8d024a169b4ddae9,actual,OPS,"{""sum"": [""OBP"", ""SLG""]}",0.839062057
hitter,2026,Steamer,p_41adaed6cd990313cac1c28c,s_dd114e84c48a87f693b018ba,actual,OPS,"{""sum"": [""OBP"", ""SLG""]}",0.719952339
hitter,2026,Steamer,p_9dc26246e90ca8f349fcd827,s_c019a9e45a86fbe6b8cef3f5,actual,OPS,"{""sum"": [""OBP"", ""SLG""]}",0.864862748
hitter,2026,Steamer,p_5c1070a01c0c31d9a11bbaed,s_9a44d55e2cac67fe93558600,actual,OPS,"{""sum"": [""OBP"", ""SLG""]}",0.72128971
hitter,2026,Steamer,p_5d96d38ca6ef254577b06725,s_dce985d55945023e1da69b2e,actual,OPS,"{""sum"": [""OBP"", ""SLG""]}",0.305194804
hitter,2026,Steamer,p_5c4251b6812026c9a34d5cec,s_d13a730093376ef12b38f080,actual,OPS,"{""sum"": [""OBP"", ""SLG""]}",0.636740721
hitter,2026,Steamer,p_949685b5495cd6ed803f6057,s_4b3044f7389c63d37b937581,actual,OPS,"{""sum"": [""OBP"", ""SLG""]}",0.704844029
hitter,2026,Steamer,p_3df3de11935400a2046d0e22,s_0f370d927d3ece2b645ceb70,actual,OPS,"{""sum"": [""OBP"", ""SLG""]}",0.649430933
hitter,2026,Steamer,p_b80059e715bc562d70fcb8af,s_da986b9cf0918ea7abdf73f1,actual,OPS,"{""sum"": [""OBP"", ""SLG""]}",0.827176421
hitter,2026,Steamer,p_ce85f63fda313884a0d3797d,s_e1ada228900c816deeb01530,actual,OPS,"{""sum"": [""OBP"", ""SLG""]}",0.728329928
hitter,2026,Steamer,p_34425c8d8ba5966e2a935516,s_383baaafba4b0ca539f2e844,actual,OPS,"{""sum"": [""OBP"", ""SLG""]}",0.59421499
hitter,2026,Steamer,p_1c2555fab0a44a8694e53597,s_c0b2ed786b643dcfe1112d80,actual,OPS,"{""sum"": [""OBP"", ""SLG""]}",0.65635862
hitter,2026,Steamer,p_89571ae4477faeb62a16b64b,s_9ff58fd216592f1f27552fc7,actual,OPS,"{""sum"": [""OBP"", ""SLG""]}",0.8307100940000001
hitter,2026,Steamer,p_2df0748ced386bc886f0bded,s_1615ca65c989c6752c1abfb6,actual,OPS,"{""sum"": [""OBP"", ""SLG""]}",0.728327645
hitter,2026,Steamer,p_406c3866f3427af34341afec,s_e7dda8a002123ef3a6803865,actual,OPS,"{""sum"": [""OBP"", ""SLG""]}",0.60792978
hitter,2026,Steamer,p_07a6c8c4d72175b6a105acc0,s_e792e65ea8c49d9c77929691,actual,OPS,"{""sum"": [""OBP"", ""SLG""]}",0.706862745
hitter,2026,Steamer,p_49284b363959e469c6d521d3,s_7f943b6ef3e3e8ad95ede6d0,actual,OPS,"{""sum"": [""OBP"", ""SLG""]}",0.712786377
hitter,2026,Steamer,p_d6e2291a941b28d7a61905e7,s_9d9df24615699eec608bc8b5,actual,OPS,"{""sum"": [""OBP"", ""SLG""]}",0.613796835
hitter,2026,Steamer,p_195d3875e4a4e1c784bd1742,s_92a0599d5278cb0bef3e51fc,actual,OPS,"{""sum"": [""OBP"", ""SLG""]}",0.724754634
hitter,2026,Steamer,p_ed974f466607b19fee8971ac,s_ccabbd40003f11385752c578,actual,OPS,"{""sum"": [""OBP"", ""SLG""]}",0.803359108
hitter,2026,Steamer,p_9b7916f908afc5ad14fc69e1,s_229b180f8d0c06c919a09faf,actual,OPS,"{""sum"": [""OBP"", ""SLG""]}",0.699811547
hitter,2026,Steamer,p_edf8657586c7b50067f79dfb,s_fa79f7a57f011c3075c0ec54,actual,OPS,"{""sum"": [""OBP"", ""SLG""]}",0.6866370150000001
hitter,2026,Steamer,p_26a8a517c6eb9d8b6968c481,s_6e9895a50746898353f927cf,actual,OPS,"{""sum"": [""OBP"", ""SLG""]}",0.550925925
hitter,2026,Steamer,p_375a02679516c1818c1c1266,s_8c22d645802eff183231635a,actual,OPS,"{""sum"": [""OBP"", ""SLG""]}",0.790176252
hitter,2026,Steamer,p_b568a0123a1581a870454450,s_39edff09a20700c12e3a3969,actual,OPS,"{""sum"": [""OBP"", ""SLG""]}",0.622844827
hitter,2026,Steamer,p_c05881c381976b5718259e6a,s_d8a08bcd46e0252292ad8c2b,actual,OPS,"{""sum"": [""OBP"", ""SLG""]}",0.6936843779999999
hitter,2026,Steamer,p_44767dae17d72f3b81e5e39f,s_cd12ecd46cadeb2a8a40f81a,actual,OPS,"{""sum"": [""OBP"", ""SLG""]}",0.6212743000000001
hitter,2026,Steamer,p_c3256a07b8bac1f086784cc2,s_ad4496e4cbc66316393fc7e1,actual,OPS,"{""sum"": [""OBP"", ""SLG""]}",0.792267189
hitter,2026,Steamer,p_b78289d1db7944d769d0fd0e,s_c007bdcdf888b517bba18159,actual,OPS,"{""sum"": [""OBP"", ""SLG""]}",0.722476212
hitter,2026,Steamer,p_d15ee8551777e5c3a4d0aae0,s_0b93b53051e76b838ce07fd1,actual,OPS,"{""sum"": [""OBP"", ""SLG""]}",0.759351585
hitter,2026,Steamer,p_44532242db028a1dd74c936e,s_b0d051965b51d8624627d5e8,actual,OPS,"{""sum"": [""OBP"", ""SLG""]}",0.788858923
hitter,2026,Steamer,p_314d65c651f0866b57c6c200,s_883191e5e750be24cad6b1dc,actual,OPS,"{""sum"": [""OBP"", ""SLG""]}",0.6135731200000001
hitter,2026,Steamer,p_8b4dd804140aaf9ec7e45949,s_ce3d97f32e060926cc623da0,actual,OPS,"{""sum"": [""OBP"", ""SLG""]}",0.90139279
hitter,2026,Steamer,p_2d444cfa000f2def8872ded3,s_8a6fce5b017f49e1659e1d98,actual,OPS,"{""sum"": [""OBP"", ""SLG""]}",0.716320953
hitter,2026,Steamer,p_ce144ce9a8cc74bf957c8921,s_9a31efc97598b8e1d9bd36f7,actual,OPS,"{""sum"": [""OBP"", ""SLG""]}",0.358712965
hitter,2026,Steamer,p_26d4f21be7d206242e2e82ad,s_784c3b8db11acce10ed46850,actual,OPS,"{""sum"": [""OBP"", ""SLG""]}",0.787463884
hitter,2026,Steamer,p_fd457e419f55ef98100c8820,s_99828f873a4d7734403e4739,actual,OPS,"{""sum"": [""OBP"", ""SLG""]}",0.692457312
hitter,2026,Steamer,p_93e100e165a078d561fb564c,s_27658ff3b3767d51322b5c0b,actual,OPS,"{""sum"": [""OBP"", ""SLG""]}",0.819714135
hitter,2026,Steamer,p_38223e84aa9c100b39331fcf,s_8be694236f132b87b3f858f3,actual,OPS,"{""sum"": [""OBP"", ""SLG""]}",0.6970088720000001
hitter,2026,Steamer,p_982c7d30cba9f37d0babd910,s_fb4c858e45ebffca39786452,actual,OPS,"{""sum"": [""OBP"", ""SLG""]}",0.755161069
hitter,2026,Steamer,p_12ab82bfc52a6eb89981c8ef,s_ed2142b275a6d9c4c8e027c3,actual,OPS,"{""sum"": [""OBP"", ""SLG""]}",0.691849006
hitter,2026,Steamer,p_6de35f5e278afdecbd404107,s_fc56969bf758950a7252cfca,actual,OPS,"{""sum"": [""OBP"", ""SLG""]}",0.662309367
hitter,2026,Steamer,p_090a1d58e67cb527524b4184,s_c64d9d6c41d5074a99014250,actual,OPS,"{""sum"": [""OBP"", ""SLG""]}",0.7073170719999999
hitter,2026,Steamer,p_38d7241e29090de68e34bc2f,s_a0836c899aa23e908dcd3dfb,actual,OPS,"{""sum"": [""OBP"", ""SLG""]}",0.748098723
hitter,2026,Steamer,p_1a2ff168ae4dee38f3f0da86,s_03e551e956fa1ca9b4b9fee4,actual,OPS,"{""sum"": [""OBP"", ""SLG""]}",0.684384903
hitter,2026,Steamer,p_926280ac4e44befa2c879505,s_dbccbc8e06c7328162b03f59,actual,OPS,"{""sum"": [""OBP"", ""SLG""]}",0.58753163
hitter,2026,Steamer,p_16c8a61592460a4590a285cf,s_1f0eabeaf8f8c3512e664323,actual,OPS,"{""sum"": [""OBP"", ""SLG""]}",0.6366795350000001
hitter,2026,Steamer,p_52fc31dada4e865b88f8ce42,s_9e8006d166f95eaf10f574be,actual,OPS,"{""sum"": [""OBP"", ""SLG""]}",0.834104458
hitter,2026,Steamer,p_5ea69072becc5cf7c0a9e718,s_785ee569c95627bf16f2c3c7,actual,OPS,"{""sum"": [""OBP"", ""SLG""]}",0.712821724
hitter,2026,Steamer,p_3e3e2bbedd618c19b7401786,s_43d042524be9a1f230dc5d96,actual,OPS,"{""sum"": [""OBP"", ""SLG""]}",0.671629358
hitter,2026,Steamer,p_9135fc2468c32449f77b1f5b,s_9805b3092a7c8cc39eba85ff,actual,OPS,"{""sum"": [""OBP"", ""SLG""]}",0.556688764
hitter,2026,Steamer,p_772e2bb69cabe6eda522882b,s_abb894bf1678f36498fa5167,actual,OPS,"{""sum"": [""OBP"", ""SLG""]}",0.707145259
hitter,2026,Steamer,p_9837c9964fe5b2c7ce57160e,s_9fbe4daa0f3a747136c6b4da,actual,OPS,"{""sum"": [""OBP"", ""SLG""]}",0.635258849
hitter,2026,Steamer,p_c347beb197dc45a63da2eb7d,s_bf00d7acf04dc897392776e1,actual,OPS,"{""sum"": [""OBP"", ""SLG""]}",0.770180379
hitter,2026,Steamer,p_5d01293e94a7585a67693fb0,s_fe19bb2b9b420367895a4d75,actual,OPS,"{""sum"": [""OBP"", ""SLG""]}",0.740408638
hitter,2026,Steamer,p_aed415d87aa458c3f61f701a,s_cd07b7302a16a521a37fa45b,actual,OPS,"{""sum"": [""OBP"", ""SLG""]}",0.6910424589999999
hitter,2026,Steamer,p_14c16a139ce71b89830c7462,s_ea07b1070e90db37f0fa2391,actual,OPS,"{""sum"": [""OBP"", ""SLG""]}",0.696282372
hitter,2026,Steamer,p_3600755d96c052bc6d329493,s_4d075e656e2ee6d2fb2a273b,actual,OPS,"{""sum"": [""OBP"", ""SLG""]}",0.609731704
hitter,2026,Steamer,p_0b8d12717e3a41fbb14e5a16,s_92f96e88c993944912c88a01,actual,OPS,"{""sum"": [""OBP"", ""SLG""]}",0.7893370449999999
hitter,2026,Steamer,p_c036f8c59b7723c46b54b8f3,s_5678d9755d09764e4bf90c3d,actual,OPS,"{""sum"": [""OBP"", ""SLG""]}",0.7659667800000001
hitter,2026,Steamer,p_b1a89f2be7e4c14ff4efdd77,s_888597c1622bf836213084fb,actual,OPS,"{""sum"": [""OBP"", ""SLG""]}",0.556198347
hitter,2026,Steamer,p_8653cdcc68d87c5feacb31a7,s_0f57a8887a379aa270dc7bd7,actual,OPS,"{""sum"": [""OBP"", ""SLG""]}",0.6517877009999999
hitter,2026,Steamer,p_71d39bbc0fefb4bfd7f4b968,s_ce46507914b15c569532940f,actual,OPS,"{""sum"": [""OBP"", ""SLG""]}",0.6410256400000001
hitter,2026,Steamer,p_e2a6b3fb9b9c46752f076393,s_35fb9838d3fc78e816b73de8,actual,OPS,"{""sum"": [""OBP"", ""SLG""]}",0.7380617030000001
hitter,2026,Steamer,p_a280e0051deab38225ff5e85,s_6c86b8528cc669343b5f4ec9,actual,OPS,"{""sum"": [""OBP"", ""SLG""]}",0.41888447900000003
hitter,2026,Steamer,p_3e65baa0e05437e8c0238e22,s_0eee903610863dd7aebbff52,actual,OPS,"{""sum"": [""OBP"", ""SLG""]}",0.718936249
hitter,2026,Steamer,p_5e0944f2a44bb662ff478989,s_ab5b8b156d657e2b5f10fb73,actual,OPS,"{""sum"": [""OBP"", ""SLG""]}",0.5232823179999999
hitter,2026,Steamer,p_ba07987ec3defa0be7df57c7,s_e19de982241a809ab39fe039,actual,OPS,"{""sum"": [""OBP"", ""SLG""]}",0.7141480170000001
hitter,2026,Steamer,p_55ce304d590ded904d24a170,s_89f3e9de7ee87156ac01c6a2,actual,OPS,"{""sum"": [""OBP"", ""SLG""]}",0.636396011
hitter,2026,Steamer,p_034871097292618cf33a0c4f,s_fe6e6d4ecd538714be7132a2,actual,OPS,"{""sum"": [""OBP"", ""SLG""]}",0.676674784
hitter,2026,Steamer,p_8010bf50d9cac90da8bc9c88,s_9c6b3ed2d72e089422e4c709,actual,OPS,"{""sum"": [""OBP"", ""SLG""]}",0.712519561
hitter,2026,Steamer,p_affde6872bd6da6eac225574,s_52a3ade6f50766545f29b7f4,actual,OPS,"{""sum"": [""OBP"", ""SLG""]}",0.660034139
hitter,2026,Steamer,p_bbaf8d520b3e4b79303a4fa8,s_5fc58ffbbbc320872ba72157,actual,OPS,"{""sum"": [""OBP"", ""SLG""]}",0.726533088
hitter,2026,Steamer,p_e7209053b03523d1b10b464b,s_d7d508923526ddf760985f92,actual,OPS,"{""sum"": [""OBP"", ""SLG""]}",0.556305535
hitter,2026,Steamer,p_0173b722ac4118ed6cdf2900,s_df570a43577c0370aec76ee7,actual,OPS,"{""sum"": [""OBP"", ""SLG""]}",0.590645174
hitter,2026,Steamer,p_c4e9bd291c503b119d01518b,s_36c55cde870f779b51fa44f0,actual,OPS,"{""sum"": [""OBP"", ""SLG""]}",0.563183874
hitter,2026,Steamer,p_9424207a305885854f7bcd07,s_3360d181b9faebcedf0972d1,actual,OPS,"{""sum"": [""OBP"", ""SLG""]}",0.680750604
hitter,2026,Steamer,p_7fdf70628f36e355ee189240,s_493d82d032a0e9c1a234b4bf,actual,OPS,"{""sum"": [""OBP"", ""SLG""]}",0.627939212
hitter,2026,Steamer,p_36096c55ce20956d0ec5b16a,s_1f91639a112c79930807cb20,actual,OPS,"{""sum"": [""OBP"", ""SLG""]}",0.537451737
hitter,2026,Steamer,p_17359d602cb142314bd90053,s_854c1f377676c73349683473,actual,OPS,"{""sum"": [""OBP"", ""SLG""]}",0.7706525660000001
hitter,2026,Steamer,p_0eaaec37182495ecee4c0eba,s_7f576ff9239171be9d868a9f,actual,OPS,"{""sum"": [""OBP"", ""SLG""]}",0.778195937
hitter,2026,Steamer,p_8da5a98f5e436023740fed42,s_e882076bab7dcdcf0cd13acd,actual,OPS,"{""sum"": [""OBP"", ""SLG""]}",0.579793854
hitter,2026,Steamer,p_1763c2274b61c3817b119898,s_ac5e73e3be5ca5ae818e17fc,actual,OPS,"{""sum"": [""OBP"", ""SLG""]}",0.570044708
hitter,2026,Steamer,p_1bd7ec313c1b0c6a4e0beaa8,s_5559a541c159f0f94e298495,actual,OPS,"{""sum"": [""OBP"", ""SLG""]}",0.641034409
hitter,2026,Steamer,p_aed2fb7cd6c58e39a3e092f7,s_b5be58fc26f47001809ba534,actual,OPS,"{""sum"": [""OBP"", ""SLG""]}",0.680086624
hitter,2026,Steamer,p_08f6887f65d655a4a2baf9d5,s_9b3cdd99c4e73f4c9964d518,actual,OPS,"{""sum"": [""OBP"", ""SLG""]}",0.679914161
hitter,2026,Steamer,p_f00855fd10751f91f9838dac,s_c19075706d5122ef79f54c93,actual,OPS,"{""sum"": [""OBP"", ""SLG""]}",0.676623376
hitter,2026,Steamer,p_940fa05875c6ec92a4c0f82a,s_37c4e97ffb41989f347a43bd,actual,OPS,"{""sum"": [""OBP"", ""SLG""]}",0.626503033
hitter,2026,Steamer,p_11f97a5b1f4aecc3b4f6f59e,s_89925a21223e98bb25f94cb0,actual,OPS,"{""sum"": [""OBP"", ""SLG""]}",0.534941803
hitter,2026,Steamer,p_10f1f74c96a473df3fdd40c8,s_46c3e93a341e41b926fcb22b,actual,OPS,"{""sum"": [""OBP"", ""SLG""]}",0.662701427
hitter,2026,Steamer,p_85bb7396ce2d4e28a61e72d7,s_da7ee009599925369e9dbf21,actual,OPS,"{""sum"": [""OBP"", ""SLG""]}",0.624193548
hitter,2026,Steamer,p_9f8e5fcf717acc70a142d6b8,s_73b6fe4fbedaca22ed24af85,actual,OPS,"{""sum"": [""OBP"", ""SLG""]}",0.8160973730000001
hitter,2026,Steamer,p_c83d352443086e7f53e8ec08,s_4a949019bcec7073cf2451d1,actual,OPS,"{""sum"": [""OBP"", ""SLG""]}",0.612407512
hitter,2026,Steamer,p_453f6b5d6ed77a8cb0076130,s_14802ec366172feec946e534,actual,OPS,"{""sum"": [""OBP"", ""SLG""]}",0.604989604
hitter,2026,Steamer,p_42767f2ef4cd11bba011e99d,s_a15a1d0ff0df4ca8048f25da,actual,OPS,"{""sum"": [""OBP"", ""SLG""]}",0.726542516
hitter,2026,Steamer,p_22206224451c3db51ac6d5b0,s_08d51cca62a8ac3a976e4e5b,actual,OPS,"{""sum"": [""OBP"", ""SLG""]}",0.5992745989999999
hitter,2026,Steamer,p_ec46ba3925a24605aacacf22,s_918428dfeae18bb013c82c29,actual,OPS,"{""sum"": [""OBP"", ""SLG""]}",0.654786511
hitter,2026,Steamer,p_aa6964498890afd992ade1fb,s_89c3a805facaaab5b501a303,actual,OPS,"{""sum"": [""OBP"", ""SLG""]}",0.68884997
hitter,2026,Steamer,p_f81e06f86a4750a02ca58853,s_8d8caafb15225c1210b02618,actual,OPS,"{""sum"": [""OBP"", ""SLG""]}",0.6688556889999999
hitter,2026,Steamer,p_2b1fe08d244d5a40da442d74,s_5ab74c0c4919fb699851e0aa,actual,OPS,"{""sum"": [""OBP"", ""SLG""]}",0.709551056
hitter,2026,Steamer,p_ebf512ad6b26ce1f2d1410e4,s_b1d92293038c775c2157f184,actual,OPS,"{""sum"": [""OBP"", ""SLG""]}",0.6553516580000001
hitter,2026,Steamer,p_965a6ea3817c304cc282796b,s_13644b39bc67328d4857a003,actual,OPS,"{""sum"": [""OBP"", ""SLG""]}",0.653307765
hitter,2026,Steamer,p_785195735e0fd0b05abaf802,s_8f70708b36e341eb9b07983b,actual,OPS,"{""sum"": [""OBP"", ""SLG""]}",0.584608843
hitter,2026,Steamer,p_983f337494dd44856c74ae94,s_edb218ea3264a138decc45e4,actual,OPS,"{""sum"": [""OBP"", ""SLG""]}",0.6883249140000001
hitter,2026,Steamer,p_9688f2cceb46676f818de1b7,s_87d05d7308a83bfb34f41e6d,actual,OPS,"{""sum"": [""OBP"", ""SLG""]}",0.716744186
hitter,2026,Steamer,p_7517d598bb2a03a162d6c6e1,s_c54a2417bc7e7c914dcab4d8,actual,OPS,"{""sum"": [""OBP"", ""SLG""]}",0.71456867
hitter,2026,Steamer,p_039eacb0641753712ee33051,s_b9ab17831c91793a052b10bd,actual,OPS,"{""sum"": [""OBP"", ""SLG""]}",0.6618303569999999
hitter,2026,Steamer,p_43de269c43a2abc9eaaccc63,s_821565e0124b6421011048c0,actual,OPS,"{""sum"": [""OBP"", ""SLG""]}",0.676148581
hitter,2026,Steamer,p_73b12e6f36544a08a000f034,s_bce6fb2d9bb941588c8258f2,actual,OPS,"{""sum"": [""OBP"", ""SLG""]}",0.554324384
hitter,2026,Steamer,p_c18d2ac39a45a469963266d6,s_84de8aecf1427102f3630d50,actual,OPS,"{""sum"": [""OBP"", ""SLG""]}",0.7878831820000001
hitter,2026,Steamer,p_38ec0c549c03971eb5d0751e,s_e7815e4123e58e5694ae1714,actual,OPS,"{""sum"": [""OBP"", ""SLG""]}",0.5775141180000001
hitter,2026,Steamer,p_b6f53a611ef170f529b8703e,s_9f05eee586979eface43a776,actual,OPS,"{""sum"": [""OBP"", ""SLG""]}",0.509718669
hitter,2026,Steamer,p_83161ed742ee108f5b6c36e3,s_486cc0f95d909cae8d8e06bd,actual,OPS,"{""sum"": [""OBP"", ""SLG""]}",0.585581395
hitter,2026,Steamer,p_0073829d150626e88713a1af,s_b00f7c87b56d16d9f81c6ef9,actual,OPS,"{""sum"": [""OBP"", ""SLG""]}",0.79317484
hitter,2026,Steamer,p_cced76e05d34ab38cbd25725,s_bab9e8206006a2843b4f8cc4,actual,OPS,"{""sum"": [""OBP"", ""SLG""]}",0.682493397
hitter,2026,Steamer,p_094352eb62dc9717947a5478,s_a2b709411ded4d5a4e7b2d4c,actual,OPS,"{""sum"": [""OBP"", ""SLG""]}",0.544053923
hitter,2026,Steamer,p_c5052dde404660cf9ce169d1,s_fc7370511c5aba945f4fb996,actual,OPS,"{""sum"": [""OBP"", ""SLG""]}",0.7398384229999999
hitter,2026,Steamer,p_cceba36110b2ebeda8120995,s_e49ba2138e24b332c931acf7,actual,OPS,"{""sum"": [""OBP"", ""SLG""]}",0.683974867
hitter,2026,Steamer,p_3ee7d8b9c1b81790be270d8c,s_dc44f3694f6b0d2682b4b013,actual,OPS,"{""sum"": [""OBP"", ""SLG""]}",0.47346938699999996
hitter,2026,Steamer,p_1bae5ba18fd609513c330eea,s_eb81dedf7c15d2bd3d9682a7,actual,OPS,"{""sum"": [""OBP"", ""SLG""]}",0.787884669
hitter,2026,Steamer,p_2a17e5c8d92f03d461fedc93,s_3bcfd86d719cd73186f25817,actual,OPS,"{""sum"": [""OBP"", ""SLG""]}",0.6251049449999999
hitter,2026,Steamer,p_4f4c4807eced6c528cffe237,s_5b4248d0ffa0799caa6ccf04,actual,OPS,"{""sum"": [""OBP"", ""SLG""]}",0.632855889
hitter,2026,Steamer,p_324d7824f4bfab517e2b6f94,s_14614fc430baf02afa0f0c3f,actual,OPS,"{""sum"": [""OBP"", ""SLG""]}",0.549908352
hitter,2026,Steamer,p_c430ce2c9239469707f293a7,s_32eb36d672466df6e45b4e39,actual,OPS,"{""sum"": [""OBP"", ""SLG""]}",0.795461364
hitter,2026,Steamer,p_26c07dbedac1bda5bffc2c42,s_80a12f641bcb2df71926f707,actual,OPS,"{""sum"": [""OBP"", ""SLG""]}",0.7016174
hitter,2026,Steamer,p_64cd7f2056e556168afff712,s_cec281c54632f76cfd425dfb,actual,OPS,"{""sum"": [""OBP"", ""SLG""]}",0.571581195
hitter,2026,Steamer,p_bb37edd9c4e88b2c706112f0,s_2008d5c713b74581dfc9c3db,actual,OPS,"{""sum"": [""OBP"", ""SLG""]}",0.6148366489999999
hitter,2026,Steamer,p_b3b7429144b65984ac116b64,s_eb02be38aff1bac0ca2cf606,actual,OPS,"{""sum"": [""OBP"", ""SLG""]}",0.739126094
hitter,2026,Steamer,p_211f7fb6c05e6db6c96fd034,s_a77fc94b91ac6abf8be7a7bd,actual,OPS,"{""sum"": [""OBP"", ""SLG""]}",0.5806749609999999
hitter,2026,Steamer,p_a315a53749353a0cc7a5688d,s_52bbf4adfc6386ee3ca39266,actual,OPS,"{""sum"": [""OBP"", ""SLG""]}",0.6298183829999999
hitter,2026,Steamer,p_ea016158543cb834e392af83,s_75e1b9e32bfbafae86f20ede,actual,OPS,"{""sum"": [""OBP"", ""SLG""]}",0.646296295
hitter,2026,Steamer,p_afa3696617369fa9fd1578ef,s_02123bfd303f3ebdb51e84c4,actual,OPS,"{""sum"": [""OBP"", ""SLG""]}",0.581895777
hitter,2026,Steamer,p_d14f14c4cba58cdb18431185,s_d2278caeef993fb3a6d30c1e,actual,OPS,"{""sum"": [""OBP"", ""SLG""]}",0.535665537
hitter,2026,Steamer,p_21e21eee8205504dbb454499,s_1e70b12c9f515e0ca6987de5,actual,OPS,"{""sum"": [""OBP"", ""SLG""]}",0.6642764459999999
hitter,2026,Steamer,p_7c7b46475a55fc9446621efc,s_b886954fa23e93aab75a700c,actual,OPS,"{""sum"": [""OBP"", ""SLG""]}",0.7243055549999999
hitter,2026,Steamer,p_09c7619577ad30939383f6b8,s_a8b591a336e13af329872421,actual,OPS,"{""sum"": [""OBP"", ""SLG""]}",0.370062369
hitter,2026,Steamer,p_7464a49665d3e2d5bd7d2c5d,s_5aeff59a5c2ffc378ed10201,actual,OPS,"{""sum"": [""OBP"", ""SLG""]}",0.83417254
hitter,2026,Steamer,p_2b2e49a306624e102315f2b1,s_0732f2734bf12f7b44b994fe,actual,OPS,"{""sum"": [""OBP"", ""SLG""]}",0.5278200820000001
hitter,2026,Steamer,p_14e237b15421137a6441571c,s_39699a6674ec3d37e1f44b34,actual,OPS,"{""sum"": [""OBP"", ""SLG""]}",0.44514106500000006
hitter,2026,Steamer,p_ffd040ba2a8510627669e8f3,s_98054b9eb8c71fcd24327e08,actual,OPS,"{""sum"": [""OBP"", ""SLG""]}",0.7002499209999999
hitter,2026,Steamer,p_cf9af48ba71d61a22e7caa41,s_4df15a0cb76679b5c3573fd2,actual,OPS,"{""sum"": [""OBP"", ""SLG""]}",0.759155264
hitter,2026,Steamer,p_a7f09516df26f603d1594bdc,s_eee86abcd507caa967ce6bc1,actual,OPS,"{""sum"": [""OBP"", ""SLG""]}",0.5385654879999999
hitter,2026,Steamer,p_e8e72620b515143c411b2f82,s_b37f2a4ddd5b6ee74f61357e,actual,OPS,"{""sum"": [""OBP"", ""SLG""]}",0.663559322
hitter,2026,Steamer,p_a878a24f2e648baf02c2be77,s_1c4962a811ada9208bb9c4d5,actual,OPS,"{""sum"": [""OBP"", ""SLG""]}",0.801326602
hitter,2026,Steamer,p_32953bb768e19cff1aa203f4,s_cd2ebad00ecc73f3bf02db09,actual,OPS,"{""sum"": [""OBP"", ""SLG""]}",0.409147869
hitter,2026,Steamer,p_d319b6b594701cbc5732b5b7,s_70859483709e743015100471,actual,OPS,"{""sum"": [""OBP"", ""SLG""]}",0.7370377889999999
hitter,2026,Steamer,p_3f6f6f23fc264051a9b180de,s_1f6e44f143cc26c5d639baf0,actual,OPS,"{""sum"": [""OBP"", ""SLG""]}",0.7910339829999999
hitter,2026,Steamer,p_81fa67da8e4a65aba1f1942b,s_a8cd44f3376a8030499dcc5f,actual,OPS,"{""sum"": [""OBP"", ""SLG""]}",0.820111625
hitter,2026,Steamer,p_ce641a5836f2731f583a85ae,s_9d1d8bb3abc622cb68b385fd,actual,OPS,"{""sum"": [""OBP"", ""SLG""]}",0.66348323
hitter,2026,Steamer,p_2724acfafc878fd4c34e93e8,s_a889c5685cd7cd41bfed4725,actual,OPS,"{""sum"": [""OBP"", ""SLG""]}",0.6233391690000001
hitter,2026,Steamer,p_4e8e0c6d9056e510d970d7d1,s_2404afd601d54d81f30f16ea,actual,OPS,"{""sum"": [""OBP"", ""SLG""]}",0.534139402
hitter,2026,Steamer,p_0d7067889926958f567a5660,s_923877969ed6f52b854a5db4,actual,OPS,"{""sum"": [""OBP"", ""SLG""]}",0.652296156
hitter,2026,Steamer,p_cc4f8c9a25aeb6dbca4880d7,s_e157efe831174b5580907e4d,actual,OPS,"{""sum"": [""OBP"", ""SLG""]}",0.701847066
hitter,2026,Steamer,p_a88d730b313818d432b74cc0,s_8efcc688446f860aeb0a3dc0,actual,OPS,"{""sum"": [""OBP"", ""SLG""]}",0.809218231
hitter,2026,Steamer,p_c95555620c84e45ec151d87d,s_8f950bc787402ab58c807573,actual,OPS,"{""sum"": [""OBP"", ""SLG""]}",0.684848852
hitter,2026,Steamer,p_fd20bdc98b27520354fbe2ee,s_b3e386c0c43711f2500feb7b,actual,OPS,"{""sum"": [""OBP"", ""SLG""]}",0.593540371
hitter,2026,Steamer,p_0e75fbd620b0cf48a4036da3,s_9822aa0a36f482d675cb0a01,actual,OPS,"{""sum"": [""OBP"", ""SLG""]}",0.5747311820000001
hitter,2026,Steamer,p_aca63cd113ae58163f54b166,s_459f63af1a68b153cbbd12d2,actual,OPS,"{""sum"": [""OBP"", ""SLG""]}",0.715228856
hitter,2026,Steamer,p_621f18b50bbd645f504f79b7,s_7e75ecbcaecb71e27c194e7a,actual,OPS,"{""sum"": [""OBP"", ""SLG""]}",0.643636363
hitter,2026,Steamer,p_6bbb672161e3bc25ba553ecb,s_42e93afb279b519988d4dfcc,actual,OPS,"{""sum"": [""OBP"", ""SLG""]}",0.649956107
hitter,2026,Steamer,p_b66716f22ae6eba474aedf37,s_8aaec2f37742bab11e59282d,actual,OPS,"{""sum"": [""OBP"", ""SLG""]}",0.7758178490000001
hitter,2026,Steamer,p_d8586b85d7209c133f440fa4,s_c676ae8ec1f22336d3b722d8,actual,OPS,"{""sum"": [""OBP"", ""SLG""]}",0.301677269
hitter,2026,Steamer,p_18f43dfd6af22a681f90df0a,s_d2f8af10c8c34d639f1f2aad,actual,OPS,"{""sum"": [""OBP"", ""SLG""]}",0.540405421
hitter,2026,Steamer,p_a90fbbe8cfc6dbd95768136c,s_de86dd94f9aeeeb1df72b99c,actual,OPS,"{""sum"": [""OBP"", ""SLG""]}",0.634044526
hitter,2026,Steamer,p_57d9c92fbb61c8c3106d0e53,s_43df704e4edb6381aeae4bfb,actual,OPS,"{""sum"": [""OBP"", ""SLG""]}",0.709343378
hitter,2026,Steamer,p_2a9fb5007e71f964ebc6bb63,s_7d9c3ddb54d1f63029d0f51c,actual,OPS,"{""sum"": [""OBP"", ""SLG""]}",0.460671674
hitter,2026,Steamer,p_23e0b260009583de186ff99f,s_d5e0064d98e267ef333f5e8a,actual,OPS,"{""sum"": [""OBP"", ""SLG""]}",0.593501294
hitter,2026,Steamer,p_3a8dce49800801c45f47c67d,s_7e1ddfdcc951bf4bfef826bc,actual,OPS,"{""sum"": [""OBP"", ""SLG""]}",0.723141823
hitter,2026,Steamer,p_81415780b2596ba686e39508,s_b48828cb7177a2ec9fa0e2dc,actual,OPS,"{""sum"": [""OBP"", ""SLG""]}",0.654033977
hitter,2026,Steamer,p_adc3e219b06829fd32bdcb26,s_65b3bfe0d25455405ae94ee7,actual,OPS,"{""sum"": [""OBP"", ""SLG""]}",0.7716878389999999
hitter,2026,Steamer,p_d9207420d77623b50fd840b1,s_2050fd9cb981d4a0bda04e9e,actual,OPS,"{""sum"": [""OBP"", ""SLG""]}",0.78393763
hitter,2026,Steamer,p_8aedac04bf96afe7c557e68f,s_033828d17d4d1e9add463e70,actual,OPS,"{""sum"": [""OBP"", ""SLG""]}",0.636795994
hitter,2026,Steamer,p_72f8986dd2cfdf854e6d9496,s_ce37024fe69d4f4ac6d7d0a9,actual,OPS,"{""sum"": [""OBP"", ""SLG""]}",0.7194483030000001
hitter,2026,Steamer,p_6a6f47011a0fdf81335ada30,s_ef4727dc2fa3f63d458c34d3,actual,OPS,"{""sum"": [""OBP"", ""SLG""]}",0.730791303
hitter,2026,Steamer,p_7dcf529d38efe416819bc07e,s_d23c3645e3b1999604d0577a,actual,OPS,"{""sum"": [""OBP"", ""SLG""]}",0.7609937250000001
hitter,2026,Steamer,p_b4a85484b1990f2d6f0bdfb3,s_b20e7b27d098f41786857e3b,actual,OPS,"{""sum"": [""OBP"", ""SLG""]}",0.7119722369999999
hitter,2026,Steamer,p_c8daa367e2a394e88a3a2b3a,s_7e85420cee28a381dede7f38,actual,OPS,"{""sum"": [""OBP"", ""SLG""]}",0.725743748
hitter,2026,Steamer,p_fdaca5aed6785adf29ede698,s_4d47bf0283566af5cc39964e,actual,OPS,"{""sum"": [""OBP"", ""SLG""]}",0.7653318069999999
hitter,2026,Steamer,p_b5dc590f86056ea0c359821b,s_c50ea09300d7442d780a9a06,actual,OPS,"{""sum"": [""OBP"", ""SLG""]}",0.7585218760000001
hitter,2026,Steamer,p_ff3b072d82919b7204d60391,s_5ed70b6e3202d3166db5b614,actual,OPS,"{""sum"": [""OBP"", ""SLG""]}",0.630451468
hitter,2026,Steamer,p_865383c42752b60074bbe4fe,s_a096857866cabf8723366234,actual,OPS,"{""sum"": [""OBP"", ""SLG""]}",0.61119628
hitter,2026,Steamer,p_886b7f89a26aadc1f2b85d10,s_f7fd9a38e5dc00c1eb593c5b,actual,OPS,"{""sum"": [""OBP"", ""SLG""]}",0.357894736
hitter,2026,Steamer,p_66ae1ff3d59748406c4525f6,s_50b95dfb713cd2414c3e3d75,actual,OPS,"{""sum"": [""OBP"", ""SLG""]}",0.739764788
hitter,2026,Steamer,p_aa63e6f4e2c3594645947528,s_69fc8163ce7cab1357042e77,actual,OPS,"{""sum"": [""OBP"", ""SLG""]}",0.612480283
hitter,2026,Steamer,p_91133680e8e4cb762502f288,s_0ac8aaa848682700c98420e7,actual,OPS,"{""sum"": [""OBP"", ""SLG""]}",0.589758879
hitter,2026,Steamer,p_7ec5cf24f911a0a091451248,s_a77f28feb8a0b9762486370e,actual,OPS,"{""sum"": [""OBP"", ""SLG""]}",0.555873062
hitter,2026,Steamer,p_e88e1048177b5e00fc6235b9,s_4cd074146be1d196cb96f5e4,actual,OPS,"{""sum"": [""OBP"", ""SLG""]}",0.768749149
hitter,2026,Steamer,p_bf3cde84574979814bee8bc2,s_54a1843ca612b91f75ff03af,actual,OPS,"{""sum"": [""OBP"", ""SLG""]}",0.7555395309999999
hitter,2026,Steamer,p_dbcf019d453a408f7f5ea336,s_834c48fab3880bf96e470f27,actual,OPS,"{""sum"": [""OBP"", ""SLG""]}",0.443743238
hitter,2026,Steamer,p_83a60be2623269dba3d01184,s_221e4d53819b60866e0e4165,actual,OPS,"{""sum"": [""OBP"", ""SLG""]}",0.465323464
hitter,2026,Steamer,p_e46a5ca70e47df5f3556de95,s_9135e9cd0252304501390ca6,actual,OPS,"{""sum"": [""OBP"", ""SLG""]}",0.682444625
hitter,2026,Steamer,p_f20437b72fe7159ab93a164b,s_0706ed8aee0ca01a4fa07fca,actual,OPS,"{""sum"": [""OBP"", ""SLG""]}",0.582850447
hitter,2026,Steamer,p_f5b455280992f6c5f1c3155d,s_5cfdf1ed865202d34ee5c2d5,actual,OPS,"{""sum"": [""OBP"", ""SLG""]}",0.840084387
hitter,2026,Steamer,p_26715f7ed5db8556ff25aea4,s_e470c9ef0ddaf50617a5a4a0,actual,OPS,"{""sum"": [""OBP"", ""SLG""]}",0.6554664139999999
hitter,2026,Steamer,p_94c59daacd9df75ff2c1cc3e,s_e9f87a1324f3a493f2547001,actual,OPS,"{""sum"": [""OBP"", ""SLG""]}",0.766103814
hitter,2026,Steamer,p_f31d66f0ff014626cbbe58b6,s_f0c42413099eddda3155042f,actual,OPS,"{""sum"": [""OBP"", ""SLG""]}",0.564735625
hitter,2026,Steamer,p_bf4b6d6a344e848bb99ebb0d,s_c38d0df92db0345b27fbbee5,actual,OPS,"{""sum"": [""OBP"", ""SLG""]}",0.703111111
hitter,2026,Steamer,p_0b240f9198bdb842e485f0f2,s_c0c3db68e7d6713301459787,actual,OPS,"{""sum"": [""OBP"", ""SLG""]}",0.39458413800000003
hitter,2026,Steamer,p_b73db0222a01efed9cd5d4f9,s_05f2c669936252da3bed3cf4,actual,OPS,"{""sum"": [""OBP"", ""SLG""]}",0.693459313
hitter,2026,Steamer,p_1db0767c21e16dc27d7f56de,s_b19b0ef10ee13120d6f1458f,actual,OPS,"{""sum"": [""OBP"", ""SLG""]}",0.6944420179999999
hitter,2026,Steamer,p_ab2f7e47e80d8a800e8a9a35,s_6eb567d1e6dfd26f60983e70,actual,OPS,"{""sum"": [""OBP"", ""SLG""]}",0.619762047
hitter,2026,Steamer,p_88c22bc31ec398e84db3933a,s_5b544f55d38e34e5684858e7,actual,OPS,"{""sum"": [""OBP"", ""SLG""]}",0.742195206
hitter,2026,Steamer,p_f1708b988b2fbb90aac09ff6,s_e3be4ab47c7faeb875bc1025,actual,OPS,"{""sum"": [""OBP"", ""SLG""]}",0.5520202009999999
hitter,2026,Steamer,p_4adfa388ddfc7eb8aab00551,s_e199dd7b6dc2892a4cadfd88,actual,OPS,"{""sum"": [""OBP"", ""SLG""]}",0.49008239100000006
hitter,2026,Steamer,p_4af00e3fa0b959847f3eac9e,s_33208f362fdfd4394de44829,actual,OPS,"{""sum"": [""OBP"", ""SLG""]}",0.703887854
hitter,2026,Steamer,p_ce15e01e3def598ffdccc288,s_e7c772127bcd3e12b21acb0a,actual,OPS,"{""sum"": [""OBP"", ""SLG""]}",0.655311354
hitter,2026,Steamer,p_ee3cbab00101500b56bb8aa2,s_45f1ebe66ff36aeb63b74be6,actual,OPS,"{""sum"": [""OBP"", ""SLG""]}",0.671733138
hitter,2026,Steamer,p_c9a6ab52f6f6bb93ad398b65,s_88b18c1fe464ba91db01e6dc,actual,OPS,"{""sum"": [""OBP"", ""SLG""]}",0.651742993
hitter,2026,Steamer,p_c6e14bf6411d700d054a3e6b,s_274602df1ce50912d958d6db,actual,OPS,"{""sum"": [""OBP"", ""SLG""]}",0.771313131
hitter,2026,Steamer,p_9e7863714b0d9fb3f42de5fb,s_02f39af31120909eeffe38c6,actual,OPS,"{""sum"": [""OBP"", ""SLG""]}",0.7577209540000001
hitter,2026,Steamer,p_1bf803b8768936d90d2de00b,s_67658c92aa3b7187baf0a152,actual,OPS,"{""sum"": [""OBP"", ""SLG""]}",0.632514771
hitter,2026,Steamer,p_aee447a6c35dd53e48c4ca2f,s_562086461fb8318bf7abe58c,actual,OPS,"{""sum"": [""OBP"", ""SLG""]}",0.7047619039999999
hitter,2026,Steamer,p_ff7da0692023e81c73d988b1,s_1b204fa03386651fc3b226c2,actual,OPS,"{""sum"": [""OBP"", ""SLG""]}",0.6824195449999999
hitter,2026,Steamer,p_34ccd8b501bbb85c38a690a6,s_a66f5ae53f59c6ad9169a925,actual,OPS,"{""sum"": [""OBP"", ""SLG""]}",0.728298948
hitter,2026,Steamer,p_27d64d90ac45f1cc364cf11a,s_6bdf396c154ed7fd9784e7ab,actual,OPS,"{""sum"": [""OBP"", ""SLG""]}",0.378329127
hitter,2026,Steamer,p_2e25971727a7328447e20387,s_253e77719a1b0248fd373709,actual,OPS,"{""sum"": [""OBP"", ""SLG""]}",0.595664215
hitter,2026,Steamer,p_c8a9c9b6fba1a3672b307781,s_7f85c4eb35c00c427e4db5ca,actual,OPS,"{""sum"": [""OBP"", ""SLG""]}",0.553765454
hitter,2026,Steamer,p_e68c177b707ba2989502b77c,s_260bfdfb3aa87a1566290fd7,actual,OPS,"{""sum"": [""OBP"", ""SLG""]}",0.7963785480000001
hitter,2026,Steamer,p_feda259d717109da756725de,s_3f66a75f9a58c805175318b7,actual,OPS,"{""sum"": [""OBP"", ""SLG""]}",0.5908544520000001
hitter,2026,Steamer,p_c976a3dfe9632ef04ef4ea03,s_29238837d8be3f80cbee41b1,actual,OPS,"{""sum"": [""OBP"", ""SLG""]}",0.757786219
hitter,2026,Steamer,p_9d5a2c2ad1a5803de88379b4,s_2b978d13d5d4bbc0136451b1,actual,OPS,"{""sum"": [""OBP"", ""SLG""]}",0.508426966
hitter,2026,Steamer,p_a428e39a0003f8c0f9cc53fe,s_3d32b556f37b1c4e975f6bd6,actual,OPS,"{""sum"": [""OBP"", ""SLG""]}",0.6161536679999999
hitter,2026,Steamer,p_d570178e121f3df05edac8b9,s_ade8bd7a3b5e1d3b9c51a1f3,actual,OPS,"{""sum"": [""OBP"", ""SLG""]}",0.6353893770000001
hitter,2026,Steamer,p_b0c1c14191ad2b5fe0bb6695,s_47d1fb5db4e324d68fe16d0d,actual,OPS,"{""sum"": [""OBP"", ""SLG""]}",0.643067846
hitter,2026,Steamer,p_65233ab523d0b1f99d98e44e,s_d1e07ad3647232baf07ef309,actual,OPS,"{""sum"": [""OBP"", ""SLG""]}",0.7104150419999999
hitter,2026,Steamer,p_8b3af4e00d6a58700b696caf,s_44c01020fed8b3e2d895f94a,actual,OPS,"{""sum"": [""OBP"", ""SLG""]}",0.474937343
hitter,2026,Steamer,p_a2bf095f9201f07a43ff1926,s_5ae7cd240c6933af237c2087,actual,OPS,"{""sum"": [""OBP"", ""SLG""]}",0.699530516
hitter,2026,Steamer,p_5c21762346818604fbfcff71,s_fdd81386e1ef7e5f8b73eb96,actual,OPS,"{""sum"": [""OBP"", ""SLG""]}",0.76058587
hitter,2026,Steamer,p_4f3aaf23aa7dc9a15224e832,s_868a8b3978a3afba2b918b00,actual,OPS,"{""sum"": [""OBP"", ""SLG""]}",0.746040889
hitter,2026,Steamer,p_e90065fd0aaec9bfa20b53bd,s_a03ed0991c10433aa2dad316,actual,OPS,"{""sum"": [""OBP"", ""SLG""]}",0.5633289109999999
hitter,2026,Steamer,p_4acef52c25b5e9602e6d7849,s_794f4eb921e793a725071980,actual,OPS,"{""sum"": [""OBP"", ""SLG""]}",0.720147473
hitter,2026,Steamer,p_546beacef1d2c43d81d75a4e,s_6b28fc44add64026e626afb7,actual,OPS,"{""sum"": [""OBP"", ""SLG""]}",0.56862745
hitter,2026,Steamer,p_99ee3cb3d56dcf9cf8790fe0,s_f8c1cc4ac45cac4d375dd5c3,actual,OPS,"{""sum"": [""OBP"", ""SLG""]}",0.873550085
hitter,2026,Steamer,p_3022da48fbdb4f93917ac8ff,s_b5364e560cde6068df22cf27,actual,OPS,"{""sum"": [""OBP"", ""SLG""]}",0.7210237049999999
hitter,2026,Steamer,p_713f11bb66125b24c64ef2d1,s_7a7da30201e25827f2d7de6a,actual,OPS,"{""sum"": [""OBP"", ""SLG""]}",0.6541666660000001
hitter,2026,Steamer,p_4d472121409dea6003a802a2,s_ff66021577317dd0ccc61f1f,actual,OPS,"{""sum"": [""OBP"", ""SLG""]}",0.6930000000000001
hitter,2026,Steamer,p_ed4a6ec9fe44d2dea82bc36f,s_ef7a8c0e265c85cef18e19a8,actual,OPS,"{""sum"": [""OBP"", ""SLG""]}",0.611344537
hitter,2026,Steamer,p_67ec3f2da8b9029b41815808,s_7e0a1d2807b94d0b3ffc850f,actual,OPS,"{""sum"": [""OBP"", ""SLG""]}",0.325
hitter,2026,Steamer,p_0b1b7413f31673311ce952ef,s_f7f2dcd1be13f2fed492ac0d,actual,OPS,"{""sum"": [""OBP"", ""SLG""]}",0.627460248
hitter,2026,Steamer,p_cf40524b93abc8fb3a1e9f92,s_3265a8ed23acd99a304201a9,actual,OPS,"{""sum"": [""OBP"", ""SLG""]}",0.541620421
hitter,2026,Steamer,p_dc046f34bce4a57510ab0b8a,s_30aff4086884a3958a0fc435,actual,OPS,"{""sum"": [""OBP"", ""SLG""]}",0.827177619
hitter,2026,Steamer,p_cf3f4ae3890e2254a92338d9,s_055c69b91db8b9f9014899dd,actual,OPS,"{""sum"": [""OBP"", ""SLG""]}",0.664308176
hitter,2026,Steamer,p_086c084b7dde82d230f1974d,s_d9dedc57494e96c535c42e11,actual,OPS,"{""sum"": [""OBP"", ""SLG""]}",0.6082848439999999
hitter,2026,Steamer,p_c1cd83784b034e2f932fceba,s_fd27e01b5ab6a7261c0610b5,actual,OPS,"{""sum"": [""OBP"", ""SLG""]}",0.650862068
hitter,2026,Steamer,p_4f3bc1771b25a9ec0fcdd80c,s_d128759e39b751d77c139f39,actual,OPS,"{""sum"": [""OBP"", ""SLG""]}",0.747866419
hitter,2026,Steamer,p_3349dec029f22a9da6c8acfd,s_3d6878f4829936e229cea094,actual,OPS,"{""sum"": [""OBP"", ""SLG""]}",0.884901647
hitter,2026,Steamer,p_b50c7faba421a14abbde4832,s_9cf6a7d789e780fab888db8a,actual,OPS,"{""sum"": [""OBP"", ""SLG""]}",0.49011857600000003
hitter,2026,Steamer,p_bab287670fa987eb0b917507,s_d7a5a5b3ca86746a259a461d,actual,OPS,"{""sum"": [""OBP"", ""SLG""]}",0.606891579
hitter,2026,Steamer,p_15f8ccf8a612332d83edbab5,s_f0d19da2863dc8381bff0fc5,actual,OPS,"{""sum"": [""OBP"", ""SLG""]}",0.727554178
hitter,2026,Steamer,p_8dd52397fe332c1adee839da,s_533bebbdd44303445c1d2d9f,actual,OPS,"{""sum"": [""OBP"", ""SLG""]}",0.880323449
hitter,2026,Steamer,p_85aa2b0fe3e8fb526c91f73a,s_f24bcfa97d0ac412c85ceeaf,actual,OPS,"{""sum"": [""OBP"", ""SLG""]}",0.632781228
hitter,2026,Steamer,p_a9f4f65f0a9b44dc90bff976,s_b5ff6a3539aed755666f9858,actual,OPS,"{""sum"": [""OBP"", ""SLG""]}",0.698742482
hitter,2026,Steamer,p_e6af781faea0daa3f5e4bba5,s_daf0f92e173cbf79804329bd,actual,OPS,"{""sum"": [""OBP"", ""SLG""]}",0.20234113599999998
hitter,2026,Steamer,p_18290ea252b0cc74d94bdd5e,s_3902bb8980925567105d8a6d,actual,OPS,"{""sum"": [""OBP"", ""SLG""]}",0.748262854
hitter,2026,Steamer,p_7d6df8c8a5a5f404c9b1c9d7,s_c3cf91869dac07130a98688a,actual,OPS,"{""sum"": [""OBP"", ""SLG""]}",0.665404715
hitter,2026,Steamer,p_a04a776d277aaef9a5c0a0c5,s_776786cf84f02b58b8a7a518,actual,OPS,"{""sum"": [""OBP"", ""SLG""]}",0.69047619
hitter,2026,Steamer,p_89ada5eacdc2c58a0bedad08,s_54bab535085d374810ec70f0,actual,OPS,"{""sum"": [""OBP"", ""SLG""]}",0.8508292
hitter,2026,Steamer,p_72819b8f9817b33033d1b6a2,s_9613a3c422dddf45d3db0a9f,actual,OPS,"{""sum"": [""OBP"", ""SLG""]}",0.667092541
hitter,2026,Steamer,p_186ced07377f7a0aad91a0e7,s_064911f2977a089fba848e91,actual,OPS,"{""sum"": [""OBP"", ""SLG""]}",0.438095238
hitter,2026,Steamer,p_0d749ef06cfb038def92d34a,s_3f878ff1d678c6951c6718b9,actual,OPS,"{""sum"": [""OBP"", ""SLG""]}",0.652098963
hitter,2026,Steamer,p_6df89ef6e838a7bd064ba0fe,s_4e2d42659c3ddc13b142c53c,actual,OPS,"{""sum"": [""OBP"", ""SLG""]}",0.650663129
hitter,2026,Steamer,p_c3db81d681439dff2231b5fd,s_5ae2af60160233bc6172d702,actual,OPS,"{""sum"": [""OBP"", ""SLG""]}",0.864998177
hitter,2026,Steamer,p_33a8f30b64fa485f170a7f38,s_8612c3ad7584a6a98dee728d,actual,OPS,"{""sum"": [""OBP"", ""SLG""]}",0.714086758
hitter,2026,Steamer,p_31f105a7eb4a7a950745899a,s_964fd39b4f93e6d8b1c6418c,actual,OPS,"{""sum"": [""OBP"", ""SLG""]}",0.421818181
hitter,2026,Steamer,p_1d811c6e48c551113658df8f,s_797686895951895531485c8b,actual,OPS,"{""sum"": [""OBP"", ""SLG""]}",0.565099268
hitter,2026,Steamer,p_5cc1c43544dd4a46bb1ba424,s_e7e312c21fd3d7a8efe953a3,actual,OPS,"{""sum"": [""OBP"", ""SLG""]}",0.27884615300000004
hitter,2026,Steamer,p_53a8f92fc16f0dcdbdc4628d,s_7e4ce7158136323ad2f6365a,actual,OPS,"{""sum"": [""OBP"", ""SLG""]}",0.8436298369999999
hitter,2026,Steamer,p_19d6f72431cccfd9decc553f,s_9f528562d054eed163a55e8b,actual,OPS,"{""sum"": [""OBP"", ""SLG""]}",0.662577762
hitter,2026,Steamer,p_31b75a6620ad0e384f24ca3c,s_c3279f0c6aeeffe6ee9fd93b,actual,OPS,"{""sum"": [""OBP"", ""SLG""]}",0.0
hitter,2026,Steamer,p_bc815a9cb3945cd130b439a4,s_6082e7a9a8c670482972a0ae,actual,OPS,"{""sum"": [""OBP"", ""SLG""]}",0.7658694340000001
hitter,2026,Steamer,p_3c460b6a52cddaebe4d7306c,s_cf406e1d187b3746610ec9dc,actual,OPS,"{""sum"": [""OBP"", ""SLG""]}",0.675004104
hitter,2026,Steamer,p_780c8c603f85a04c341a9865,s_4448f79b9478e038180f2f9a,actual,OPS,"{""sum"": [""OBP"", ""SLG""]}",0.802803128
hitter,2026,Steamer,p_65e7c0fa0d3cff8d1258c9b1,s_b8f986262087098d8164e977,actual,OPS,"{""sum"": [""OBP"", ""SLG""]}",0.641021456
hitter,2026,Steamer,p_dc1b5f53ef5e0ed0bc3779e9,s_1c14ace25b320b64d06302b8,actual,OPS,"{""sum"": [""OBP"", ""SLG""]}",0.689482873
hitter,2026,Steamer,p_070e96f6f1ea057c6fff0a7d,s_c933b5479f939d148691968b,actual,OPS,"{""sum"": [""OBP"", ""SLG""]}",0.670833333
hitter,2026,Steamer,p_095d65b80762b3662a2707e2,s_0c9c29926ca029217e831cf9,actual,OPS,"{""sum"": [""OBP"", ""SLG""]}",0.707936507
hitter,2026,Steamer,p_a9f11a14f1185208b713d075,s_57c0403a3d34bd9af8e7d315,actual,OPS,"{""sum"": [""OBP"", ""SLG""]}",0.639835939
hitter,2026,Steamer,p_a9df6f726497e038fd9738c8,s_022e29fe783cdc1c38fa7a3a,actual,OPS,"{""sum"": [""OBP"", ""SLG""]}",0.653059499
hitter,2026,Steamer,p_13a0406d87d64c05a481a481,s_aa00ec1a5238acac5dfbb3be,actual,OPS,"{""sum"": [""OBP"", ""SLG""]}",0.606060605
hitter,2026,Steamer,p_2a1e1f24a6ef2dcf68d5522c,s_f8f709eef3b44a794cec0d95,actual,OPS,"{""sum"": [""OBP"", ""SLG""]}",0.629166666
hitter,2026,Steamer,p_5908d1276c467b8673e9c5c2,s_97c67aca9b45f37dc1ffbaae,actual,OPS,"{""sum"": [""OBP"", ""SLG""]}",0.733290867
hitter,2026,Steamer,p_834bb635031b8e62a403a8ec,s_0f92dc56e1624440c9484081,actual,OPS,"{""sum"": [""OBP"", ""SLG""]}",0.585858585
hitter,2026,Steamer,p_89c17b1b7984d5edf458e9aa,s_c5558063bc95e9ba7e966608,actual,OPS,"{""sum"": [""OBP"", ""SLG""]}",0.42857142800000003
hitter,2026,Steamer,p_8c7de7887df872fd24da0771,s_d1bedbd29423d37a91e66844,actual,OPS,"{""sum"": [""OBP"", ""SLG""]}",0.637569603
hitter,2026,Steamer,p_45fcf03395be58b0038593fc,s_d4677ec88adf9bff92552819,actual,OPS,"{""sum"": [""OBP"", ""SLG""]}",0.529093799
hitter,2026,Steamer,p_f53b29c1e618b1122b53265b,s_fe300b063a5184abcf906c81,actual,OPS,"{""sum"": [""OBP"", ""SLG""]}",0.5910791
hitter,2026,Steamer,p_9b7e17333a014a8b6c192f64,s_2ff2b9e1e0f047f313123a34,actual,OPS,"{""sum"": [""OBP"", ""SLG""]}",0.587186955
hitter,2026,Steamer,p_a661022fd7a5d578c49f885e,s_c7a5c671ff252624433a6f1c,actual,OPS,"{""sum"": [""OBP"", ""SLG""]}",0.228148148
hitter,2026,Steamer,p_4d4c6c49b9e53cf5eea7989d,s_c10a974493ba217f2e3bbd48,actual,OPS,"{""sum"": [""OBP"", ""SLG""]}",0.5333333330000001
hitter,2026,Steamer,p_d18686fb38704415e5f45eff,s_184f3fd621ace0ce04c332d7,actual,OPS,"{""sum"": [""OBP"", ""SLG""]}",0.643664383
hitter,2026,Steamer,p_d38e4086c48ab6c12634caef,s_09867d1bb56454f1de6c0fdb,actual,OPS,"{""sum"": [""OBP"", ""SLG""]}",0.58715447
hitter,2026,Steamer,p_f473d4f7c4bf84ef62cdf005,s_f214949f9b9c6d503bfd1fcb,actual,OPS,"{""sum"": [""OBP"", ""SLG""]}",0.559464206
hitter,2026,Steamer,p_8d64e39982b70f86006ac025,s_27490a4ceafcdb5481c71c4e,actual,OPS,"{""sum"": [""OBP"", ""SLG""]}",0.799844877
hitter,2026,Steamer,p_f2aecc6efea41e1a036f128e,s_946b90795d65bb5066aa9378,actual,OPS,"{""sum"": [""OBP"", ""SLG""]}",0.686335402
hitter,2026,Steamer,p_19278a584fbb4c0f71a14548,s_04839ddbe5e124e84e4b4f3a,actual,OPS,"{""sum"": [""OBP"", ""SLG""]}",0.6944444439999999
hitter,2026,Steamer,p_b48a95e5e1067a48dd41f230,s_cae7b6c80ac7605fccccc6e9,actual,OPS,"{""sum"": [""OBP"", ""SLG""]}",0.560441909
hitter,2026,Steamer,p_bbbddf0d3123eb1859b1cc44,s_5151acbd558a226175dec33b,actual,OPS,"{""sum"": [""OBP"", ""SLG""]}",0.72404092
hitter,2026,Steamer,p_2aa6427157e8b5b3a521d437,s_9d200ba59e1229ef178b7514,actual,OPS,"{""sum"": [""OBP"", ""SLG""]}",0.801587301
hitter,2026,Steamer,p_8915f49b7744525cc044f1d9,s_ce6421a08d4bc9ae35b8f260,actual,OPS,"{""sum"": [""OBP"", ""SLG""]}",0.674946958
hitter,2026,Steamer,p_991e8f54fb99c8fcf81d21a6,s_aab7d5b9df2af92553cf1291,actual,OPS,"{""sum"": [""OBP"", ""SLG""]}",0.282828282
hitter,2026,Steamer,p_f611f93f45e5de5bded63a02,s_b605dd75923d3fed543825da,actual,OPS,"{""sum"": [""OBP"", ""SLG""]}",0.704545454
hitter,2026,Steamer,p_1e99c8473b9ac124e44a47a7,s_a88112b036758bcb3a28b821,actual,OPS,"{""sum"": [""OBP"", ""SLG""]}",0.5883797049999999
hitter,2026,Steamer,p_490b99b6246189b45cb09967,s_2d157673f046bb5ade88fc17,actual,OPS,"{""sum"": [""OBP"", ""SLG""]}",0.433687002
hitter,2026,Steamer,p_a0e7bd6274c02cb716fec97c,s_f782caebaa0e8e5925158808,actual,OPS,"{""sum"": [""OBP"", ""SLG""]}",0.562428064
hitter,2026,Steamer,p_c2215c37439fe2db6d555fe3,s_f6a06a4e7f4f6ed179776b89,actual,OPS,"{""sum"": [""OBP"", ""SLG""]}",0.37037037
hitter,2026,Steamer,p_e06142149e0a8bcabc0b3250,s_ab403f1c50dfc5f0d48662cb,actual,OPS,"{""sum"": [""OBP"", ""SLG""]}",0.6772145460000001
hitter,2026,Steamer,p_b876419663159edfa11af0a0,s_dd14cac831f660de40b2e196,actual,OPS,"{""sum"": [""OBP"", ""SLG""]}",0.797429619
hitter,2026,Steamer,p_5c8b0e2a4b0429d3d6458e79,s_4c4f57fef9c4807d70bd2903,actual,OPS,"{""sum"": [""OBP"", ""SLG""]}",0.587733886
hitter,2026,Steamer,p_35ca8c7859bc827d0c712aa3,s_7ec27e42bd87e2d59e51e545,actual,OPS,"{""sum"": [""OBP"", ""SLG""]}",0.85831537
hitter,2026,Steamer,p_e7a6da04b2b0c84531277f57,s_d5758ee17c6af1d20503b747,actual,OPS,"{""sum"": [""OBP"", ""SLG""]}",0.586241441
hitter,2026,Steamer,p_91a8efd7718ac0df6183f487,s_a71f848a1f087d1071071154,actual,OPS,"{""sum"": [""OBP"", ""SLG""]}",0.8231114429999999
hitter,2026,Steamer,p_8ee0eb5cae5daa0d79a54f41,s_5d2856c50479ea5697a6b592,actual,OPS,"{""sum"": [""OBP"", ""SLG""]}",0.6546758699999999
hitter,2026,Steamer,p_a3174cf7ae27e035227413ca,s_4d81d814297b83ee62fa8f83,actual,OPS,"{""sum"": [""OBP"", ""SLG""]}",0.173913042
hitter,2026,Steamer,p_ca9cb370432f3712d1a35d7f,s_9fefc7a6f9e7f385947c42ec,actual,OPS,"{""sum"": [""OBP"", ""SLG""]}",0.537382405
hitter,2026,Steamer,p_56d916df39c8dfba62c80c88,s_78bde5288ff23e072d810e90,actual,OPS,"{""sum"": [""OBP"", ""SLG""]}",0.2
hitter,2026,Steamer,p_00a842b7a9c3feb99c5d2652,s_d1ba8d38db8a2781c3a08786,actual,OPS,"{""sum"": [""OBP"", ""SLG""]}",0.571691176
hitter,2026,Steamer,p_43edd76b977a3e8af976bc83,s_eff63dfbf12019f93e82bd1d,actual,OPS,"{""sum"": [""OBP"", ""SLG""]}",0.7122132240000001
hitter,2026,Steamer,p_5d91804b58327ff29191ed0f,s_55a1ba08127de81ffb23f6b3,actual,OPS,"{""sum"": [""OBP"", ""SLG""]}",0.589031053
hitter,2026,Steamer,p_bdbf707b4334fb1819a9090e,s_c5ef8d0e816c54c1f092b096,actual,OPS,"{""sum"": [""OBP"", ""SLG""]}",0.798408487
hitter,2026,Steamer,p_84ee5c6d0b640ce81aad4a86,s_45a9c8c9d6f2e9b51c020bd7,actual,OPS,"{""sum"": [""OBP"", ""SLG""]}",0.601469775
hitter,2026,Steamer,p_b6baeecf55771a09c7e847cc,s_40702cc58baff1c05f12b849,actual,OPS,"{""sum"": [""OBP"", ""SLG""]}",0.234143049
hitter,2026,Steamer,p_3b4b903bf0ec409efa7f7c4b,s_68916b61150463bd5ab8b308,actual,OPS,"{""sum"": [""OBP"", ""SLG""]}",0.47368420899999997
hitter,2026,Steamer,p_22b6fa88bcf87875dcb06f80,s_72fe3e0f01a8b992269c1729,actual,OPS,"{""sum"": [""OBP"", ""SLG""]}",0.535294117
hitter,2026,Steamer,p_b6929f210270f100a8a18646,s_6679e43475cb59e6866f267c,actual,OPS,"{""sum"": [""OBP"", ""SLG""]}",0.6798941789999999
hitter,2026,Steamer,p_2a76dfb64033dfefb079ac19,s_f168fd5d0b909e9031eb9458,actual,OPS,"{""sum"": [""OBP"", ""SLG""]}",0.5
hitter,2026,Steamer,p_35c1c2bb04c06adf52bae69a,s_77c92eb1611d849bd3b31cce,actual,OPS,"{""sum"": [""OBP"", ""SLG""]}",0.257575756
hitter,2026,Steamer,p_8cae94e12aa44504af05eaac,s_8055d2a369b4b8b5ad32b188,actual,OPS,"{""sum"": [""OBP"", ""SLG""]}",0.555546111
hitter,2026,Steamer,p_cf91f13f6ce397f916b3b1e9,s_0244c1fc3c08af39375b8077,actual,OPS,"{""sum"": [""OBP"", ""SLG""]}",0.166666666
hitter,2026,Steamer,p_0f5fec6751f402c6ddda3df4,s_4f6a2511e1d2060bf170bbbf,actual,OPS,"{""sum"": [""OBP"", ""SLG""]}",0.0
hitter,2026,Steamer,p_e5347f57c079821ded2c546d,s_f82feb0e8019c3f8ff166403,actual,OPS,"{""sum"": [""OBP"", ""SLG""]}",0.669764144
hitter,2026,Steamer,p_39af8e3fae49f2dc71c99280,s_e7e8533911becf8953f3a0b9,actual,OPS,"{""sum"": [""OBP"", ""SLG""]}",0.824979181
hitter,2026,Steamer,p_6ebf619662ac32499ebc6ce8,s_66ba694452f932b79a2dab27,actual,OPS,"{""sum"": [""OBP"", ""SLG""]}",0.8458989219999999
hitter,2026,Steamer,p_cbffbbb4c72ea67a36c0ee2f,s_f5c862945082c0896585db6d,actual,OPS,"{""sum"": [""OBP"", ""SLG""]}",0.6260775860000001
hitter,2026,Steamer,p_26002612e707aa2b52e7ccf5,s_e1d81a82c03bb68840d2d63c,actual,OPS,"{""sum"": [""OBP"", ""SLG""]}",1.015220957
hitter,2026,Steamer,p_ea8077204c612c6affa6d1cf,s_da63f08feeb63400037f4eb3,actual,OPS,"{""sum"": [""OBP"", ""SLG""]}",0.52710027
hitter,2026,Steamer,p_39c3a5a861907112a018268e,s_fec0c450b46d27b6925b184b,actual,OPS,"{""sum"": [""OBP"", ""SLG""]}",0.746556473
hitter,2026,Steamer,p_569cc434d930c86d5c9eeb16,s_e107690efc9b8eff92c6aaa9,actual,OPS,"{""sum"": [""OBP"", ""SLG""]}",0.7552255210000001
hitter,2026,Steamer,p_4b2704efc123de9d4cd81b10,s_2a266e041036b87d957a4740,actual,OPS,"{""sum"": [""OBP"", ""SLG""]}",0.7877777770000001
hitter,2026,Steamer,p_4f3e35cf2175d726c57ef9c5,s_54ebf6ff24091f88e72a50ba,actual,OPS,"{""sum"": [""OBP"", ""SLG""]}",0.625898692
hitter,2026,Steamer,p_e31a02c7200bf0328e804bf5,s_4f7c9da806267a1e8faea37c,actual,OPS,"{""sum"": [""OBP"", ""SLG""]}",0.30357142800000003
hitter,2026,Steamer,p_818a939d2c013337a28d18f6,s_f0bc580a0853e9262734d872,actual,OPS,"{""sum"": [""OBP"", ""SLG""]}",0.646053862
hitter,2026,Steamer,p_b30c41d7e4aaa89dc18b6ca8,s_c278623d553828e748a7e98e,actual,OPS,"{""sum"": [""OBP"", ""SLG""]}",0.758980784
hitter,2026,Steamer,p_101659267800d1c0aa1341e5,s_8c621c2be16a7ab98e161159,actual,OPS,"{""sum"": [""OBP"", ""SLG""]}",0.451388888
hitter,2026,Steamer,p_d0a7a0ab49fd4a4d780fe1a3,s_eeb9620730e55c7cab59443a,actual,OPS,"{""sum"": [""OBP"", ""SLG""]}",0.522727272
hitter,2026,Steamer,p_e4142bee5a73201f7c2c7768,s_bbc9a88d880ea08cbb611be3,actual,OPS,"{""sum"": [""OBP"", ""SLG""]}",0.599432765
hitter,2026,Steamer,p_35ea903190fa5395379479ac,s_38dba8fe70c2925b92dbb630,actual,OPS,"{""sum"": [""OBP"", ""SLG""]}",0.7274853800000001
hitter,2026,Steamer,p_6f0af86832f7dd869cd4835e,s_f02c2ebd78b373e1d1ff7919,actual,OPS,"{""sum"": [""OBP"", ""SLG""]}",0.7440428720000001
hitter,2026,Steamer,p_636f8beec21f12b4609261c2,s_63e2392836f6ce0ee017f906,actual,OPS,"{""sum"": [""OBP"", ""SLG""]}",0.604645353
hitter,2026,Steamer,p_de7b16931d1b03236a59ea22,s_bbcd5da8b48181526394a5ce,actual,OPS,"{""sum"": [""OBP"", ""SLG""]}",0.647713811
hitter,2026,Steamer,p_0a45d2e3437ab412bcc70a45,s_1959babad3c17bc96340eb90,actual,OPS,"{""sum"": [""OBP"", ""SLG""]}",0.525084745
hitter,2026,Steamer,p_5414b6c5930f1355f0fa7315,s_9e04f3c9b8c3227ef5f903e1,actual,OPS,"{""sum"": [""OBP"", ""SLG""]}",0.905454545
hitter,2026,Steamer,p_1953b3d3af65d23444c515f1,s_79b5ba3649fad13afdebe660,actual,OPS,"{""sum"": [""OBP"", ""SLG""]}",0.741618773
hitter,2026,Steamer,p_3431db6bc64346182f4c4a42,s_914987ffb9b9b11ac251f650,actual,OPS,"{""sum"": [""OBP"", ""SLG""]}",0.787878787
hitter,2026,Steamer,p_8de157e0bca34bc106b6633d,s_a004f956598d91f01b82bbed,actual,OPS,"{""sum"": [""OBP"", ""SLG""]}",0.754835572
hitter,2026,Steamer,p_8cf4729b5b1e0f175ee82c32,s_a4de8e2254bfaf480fe8da31,actual,OPS,"{""sum"": [""OBP"", ""SLG""]}",0.565302143
hitter,2026,Steamer,p_32091c9f78fec4451a11d54a,s_f9fd02c705dc9302a35e1aff,actual,OPS,"{""sum"": [""OBP"", ""SLG""]}",0.773826584
hitter,2026,Steamer,p_b139e8487e432f0b072c3239,s_87fe73ee686484ea60fc46ca,actual,OPS,"{""sum"": [""OBP"", ""SLG""]}",0.569540229
hitter,2026,Steamer,p_4aeaa89aaf113965fc970e37,s_7a6faba5b01cabdb9e24601d,actual,OPS,"{""sum"": [""OBP"", ""SLG""]}",0.687680148
hitter,2026,Steamer,p_f7f3d9dc136d46fb8aa6ae65,s_06a530ebf396822e50a9237e,actual,OPS,"{""sum"": [""OBP"", ""SLG""]}",0.34722222199999997
hitter,2026,Steamer,p_996f1713394d7bedb5732fdf,s_cd16fc486dd713c895d452d2,actual,OPS,"{""sum"": [""OBP"", ""SLG""]}",0.534640522
hitter,2026,Steamer,p_37ddf22e72b2be2d0fd472a1,s_14f670ee06b30acbabdff0ec,actual,OPS,"{""sum"": [""OBP"", ""SLG""]}",0.615882966
hitter,2026,Steamer,p_0747e0152f1a05570f2a4321,s_b3e373905ae3e584b0946bbe,actual,OPS,"{""sum"": [""OBP"", ""SLG""]}",0.6457142849999999
hitter,2026,Steamer,p_65ee6b89f5da180d967907df,s_79e831ef44cbf3e52cd71f77,actual,OPS,"{""sum"": [""OBP"", ""SLG""]}",0.824795416
hitter,2026,Steamer,p_fcdc1e9000395bc51889594d,s_037538fda4cbfe3a1f5c760e,actual,OPS,"{""sum"": [""OBP"", ""SLG""]}",0.529336297
hitter,2026,Steamer,p_d1e856cae4d07f9a6c4fe1e2,s_858d4639e2d1fc3cfa072369,actual,OPS,"{""sum"": [""OBP"", ""SLG""]}",0.466666666
hitter,2026,Steamer,p_c6ac3aa8bb1da5cdad4a2ee9,s_9d249373bdc5928589a87eec,actual,OPS,"{""sum"": [""OBP"", ""SLG""]}",0.488304092
hitter,2026,Steamer,p_661a2238a2963ae53524deec,s_8a2405b298e8915b60e58a53,actual,OPS,"{""sum"": [""OBP"", ""SLG""]}",0.577050855
hitter,2026,Steamer,p_632be5a85ab2629b9c998c54,s_4db906a48cd4901d084f7695,actual,OPS,"{""sum"": [""OBP"", ""SLG""]}",0.726849002
hitter,2026,Steamer,p_635860f92d6161a5d5346c31,s_f62926f3835d2f2112e9b00a,actual,OPS,"{""sum"": [""OBP"", ""SLG""]}",0.838624338
hitter,2026,Steamer,p_5ce3f1337c6a59836bdfb343,s_6b2449f209d1301aaba591c8,actual,OPS,"{""sum"": [""OBP"", ""SLG""]}",0.501893938
hitter,2026,Steamer,p_6d5e6f96a80b579eb717cb0a,s_d7ddd73b41e932855c551662,actual,OPS,"{""sum"": [""OBP"", ""SLG""]}",0.0
hitter,2026,Steamer,p_357ea11cfcc1f1938f06924e,s_8e6672ff2b6c043d46dc4b5b,actual,OPS,"{""sum"": [""OBP"", ""SLG""]}",0.364024678
hitter,2026,Steamer,p_254301c22a8f177b0963ac8b,s_cf85bab30276afe9aa362a1f,actual,OPS,"{""sum"": [""OBP"", ""SLG""]}",0.49971639199999995
hitter,2026,Steamer,p_77f3f7b47430b887529000fa,s_212a4c33f7f2858b7d2a292b,actual,OPS,"{""sum"": [""OBP"", ""SLG""]}",0.657993362
hitter,2026,Steamer,p_1c4fbcfee892342c211c40ad,s_7f54ac699589dfcf4e740366,actual,OPS,"{""sum"": [""OBP"", ""SLG""]}",1.166666666
hitter,2026,Steamer,p_c1d6d30afc2b3b0e5d39410e,s_d1a175d59a5588ae45841833,actual,OPS,"{""sum"": [""OBP"", ""SLG""]}",0.6339417119999999
hitter,2026,Steamer,p_e3e72bfb6402dc5860959650,s_739e9722fbe83b6c1ac2bc4c,actual,OPS,"{""sum"": [""OBP"", ""SLG""]}",0.688499905
hitter,2026,Steamer,p_7a771f940265ce924e0fecee,s_9cc56619e4ad272f5ecbe7b3,actual,OPS,"{""sum"": [""OBP"", ""SLG""]}",0.816428249
hitter,2026,Steamer,p_705b593fa0c84db88daf81e7,s_ce12c0f83d54530fae7f419c,actual,OPS,"{""sum"": [""OBP"", ""SLG""]}",0.790344827
hitter,2026,Steamer,p_f24a8cfc5f92047e5da64ebc,s_9d1b95113e93f120ecc9e8c7,actual,OPS,"{""sum"": [""OBP"", ""SLG""]}",0.739529914
hitter,2026,Steamer,p_74306f3854a2b464c1ad043b,s_45d2a8334124084f6afd1be4,actual,OPS,"{""sum"": [""OBP"", ""SLG""]}",0.368243243
hitter,2026,Steamer,p_0223f9d06027dad935426645,s_2418f947d7d493932583b206,actual,OPS,"{""sum"": [""OBP"", ""SLG""]}",0.433489827
hitter,2026,Steamer,p_f5d405fea4374fa2a900237a,s_13fccc7e1645732436e19561,actual,OPS,"{""sum"": [""OBP"", ""SLG""]}",0.7464709190000001
hitter,2026,Steamer,p_bc98648c6a6d04b33c536f08,s_ab7603ea8ff149e0028f821b,actual,OPS,"{""sum"": [""OBP"", ""SLG""]}",0.687121445
hitter,2026,Steamer,p_8ac4131037b4b28af86c78e0,s_f613f184177232b5e6ef2f87,actual,OPS,"{""sum"": [""OBP"", ""SLG""]}",0.6724925509999999
hitter,2026,Steamer,p_79aaf719317a8e1c19d2d0f1,s_724ed5cc415c0fbbb6863b10,actual,OPS,"{""sum"": [""OBP"", ""SLG""]}",0.7378787870000001
hitter,2026,Steamer,p_3142245d3fd4262d0ad1afe6,s_2dbe90d267dc01cfecebc6cc,actual,OPS,"{""sum"": [""OBP"", ""SLG""]}",0.530092592
hitter,2026,Steamer,p_b78eec4ced930563501cf95a,s_7f26c263f59769e242fc490b,actual,OPS,"{""sum"": [""OBP"", ""SLG""]}",0.328877004
hitter,2026,Steamer,p_38f8a04f9f47cc23c7f6f886,s_0d08d54208bb7141f1bc681a,actual,OPS,"{""sum"": [""OBP"", ""SLG""]}",0.487961476
hitter,2026,Steamer,p_292004d692eb1e10c9836240,s_970a237809685b0c5f142f50,actual,OPS,"{""sum"": [""OBP"", ""SLG""]}",0.343673469
hitter,2026,Steamer,p_5220a50fb38e3439e1b6f5f6,s_f0da69227753628f0471b0d0,actual,OPS,"{""sum"": [""OBP"", ""SLG""]}",0.623015872
hitter,2026,Steamer,p_d074168cad7665ea1260b2c7,s_255906e545d9036da3ef467d,actual,OPS,"{""sum"": [""OBP"", ""SLG""]}",0.664685314
hitter,2026,Steamer,p_998a708748e7e70acc1eee1d,s_714b9b8ec1837c9f5721f35a,actual,OPS,"{""sum"": [""OBP"", ""SLG""]}",0.596581195
hitter,2026,Steamer,p_753754367ddc7137c49f8f3b,s_35d57ee38ce36990d4ef2f9e,actual,OPS,"{""sum"": [""OBP"", ""SLG""]}",0.173913042
hitter,2026,Steamer,p_199535b70f1ae186aeb637be,s_b87aa8a38673af4f693f17df,actual,OPS,"{""sum"": [""OBP"", ""SLG""]}",0.734924519
hitter,2026,Steamer,p_dbd5ceb808a3a21b344e48b9,s_10aefb5e2566b598f8eeaa3c,actual,OPS,"{""sum"": [""OBP"", ""SLG""]}",0.736791979
hitter,2026,Steamer,p_f5762196b1a003b903a92174,s_7483ba7269dd27369376255c,actual,OPS,"{""sum"": [""OBP"", ""SLG""]}",0.679459064
hitter,2026,Steamer,p_b6dc84a75a7cf2791b76bd90,s_9c8f0ca06e9a1080cf9864ac,actual,OPS,"{""sum"": [""OBP"", ""SLG""]}",0.5687331520000001
hitter,2026,Steamer,p_c2bb9eee6ff9a8dfac3ffee7,s_0b73f38b37b7cf55507f81c4,actual,OPS,"{""sum"": [""OBP"", ""SLG""]}",0.911876075
hitter,2026,Steamer,p_755efb1b178e88a9fe42fc92,s_74362e6673339459282b3f57,actual,OPS,"{""sum"": [""OBP"", ""SLG""]}",0.36792698700000004
hitter,2026,Steamer,p_2ba9946ebebe655efd1ec8f3,s_1e3d220993f9b1cbb3743b58,actual,OPS,"{""sum"": [""OBP"", ""SLG""]}",0.575
hitter,2026,Steamer,p_d95ae5bc4b628d992466bdfe,s_19b873e572b726f33f4db51f,actual,OPS,"{""sum"": [""OBP"", ""SLG""]}",0.585365853
hitter,2026,Steamer,p_6525dc93ba2de7e1b5e75be6,s_d667c5ec8f39913c410fc312,actual,OPS,"{""sum"": [""OBP"", ""SLG""]}",0.351489361
hitter,2026,Steamer,p_e0dbb91bd2e32213a45c6e31,s_027f6e251a099758d6c31b7c,actual,OPS,"{""sum"": [""OBP"", ""SLG""]}",0.721287393
hitter,2026,Steamer,p_8c09e1c36be92f786ea325b3,s_a8deecc293f97d0c2f90699f,actual,OPS,"{""sum"": [""OBP"", ""SLG""]}",0.76642036
hitter,2026,Steamer,p_08300de2db166bc79fc9aa55,s_0381677d17ebcff351073cbd,actual,OPS,"{""sum"": [""OBP"", ""SLG""]}",0.602678571
hitter,2026,Steamer,p_652fa92b3bac1d24c8225f99,s_7df95201992946c4b0bb766b,actual,OPS,"{""sum"": [""OBP"", ""SLG""]}",0.442857142
hitter,2026,Steamer,p_376a4ea6c05094d6e237c121,s_9cb1d7faeec717bf7ecf4b9c,actual,OPS,"{""sum"": [""OBP"", ""SLG""]}",0.18181818
hitter,2026,Steamer,p_213ee8a68e18e3674db206f3,s_f4e5013e1483109f3ee6af22,actual,OPS,"{""sum"": [""OBP"", ""SLG""]}",1.0
hitter,2026,Steamer,p_f9da848004e92a0da1617426,s_e54c7edf9af08b81e9ff40c0,actual,OPS,"{""sum"": [""OBP"", ""SLG""]}",0.42857142800000003
hitter,2026,Steamer,p_3963cee6c1170c337b8adcd1,s_c9b79bed869a86c6d90144b8,actual,OPS,"{""sum"": [""OBP"", ""SLG""]}",0.7636303170000001
hitter,2026,Steamer,p_eed974693204a607f756bb81,s_43fb7654b2d49e041956b5f9,actual,OPS,"{""sum"": [""OBP"", ""SLG""]}",0.6635225229999999
hitter,2026,Steamer,p_08e4bf82f6f2d66a1fa3a6e0,s_177d1e77400e91fe8b344a8e,actual,OPS,"{""sum"": [""OBP"", ""SLG""]}",0.806316652
hitter,2026,Steamer,p_0ca0eeb5dd17c286620db5a6,s_20466d3b6c854d5c6b388ae6,actual,OPS,"{""sum"": [""OBP"", ""SLG""]}",1.5
hitter,2026,Steamer,p_01180266484ab021680a3902,s_ef061bdbd14966a8073b7555,actual,OPS,"{""sum"": [""OBP"", ""SLG""]}",1.0
hitter,2026,Steamer,p_b961b94a0ef89d43a2df4626,s_9b71d3f7ecc57687d366c53a,actual,OPS,"{""sum"": [""OBP"", ""SLG""]}",0.651351351
hitter,2026,Steamer,p_389b99cbd5540993eb203758,s_3bc7a58b8e64e5e6c4b49072,actual,OPS,"{""sum"": [""OBP"", ""SLG""]}",0.953310104
hitter,2026,Steamer,p_e03aaf916058acd54dcba305,s_90d48641023c2e419f2c04af,actual,OPS,"{""sum"": [""OBP"", ""SLG""]}",0.807017543
hitter,2026,Steamer,p_79533d36604898f85009f47a,s_56d3bfa9259f372f6552b6e8,actual,OPS,"{""sum"": [""OBP"", ""SLG""]}",0.600924244
hitter,2026,Steamer,p_b1825a140a3beba774c79650,s_6c27487e0dccc2dc0f3701e4,actual,OPS,"{""sum"": [""OBP"", ""SLG""]}",0.44298245599999997
hitter,2026,Steamer,p_19aac5e941b72dca4e9ce409,s_2f28babe505daf027a4eb89f,actual,OPS,"{""sum"": [""OBP"", ""SLG""]}",0.898934144
hitter,2026,Steamer,p_89834c5070e896ad8f6949ee,s_cf276df99f43593fc221c8e3,actual,OPS,"{""sum"": [""OBP"", ""SLG""]}",0.693639369
hitter,2026,Steamer,p_f8f434dac00bd4b76fc9a112,s_2c8e9c486e554bd1731a3e04,actual,OPS,"{""sum"": [""OBP"", ""SLG""]}",0.713636363
hitter,2026,Steamer,p_9e00008a3117ed734b2805ff,s_7277d584b719bb776f9f5fd2,actual,OPS,"{""sum"": [""OBP"", ""SLG""]}",0.60648148
hitter,2026,Steamer,p_5e1baf3f3f74e5ddcbe2b4c7,s_0307197487735e92bd446f13,actual,OPS,"{""sum"": [""OBP"", ""SLG""]}",0.571914121
hitter,2026,Steamer,p_753844a4c954b65f8910ff5c,s_840d2983bbaece9653719651,actual,OPS,"{""sum"": [""OBP"", ""SLG""]}",0.759800994
hitter,2026,Steamer,p_fcb0b1e4e1912686e37038b4,s_732362e2adeed7d72e8c6c55,actual,OPS,"{""sum"": [""OBP"", ""SLG""]}",0.333333333
hitter,2026,Steamer,p_10bd62ec212504974bdb8823,s_0d35a979f64d22899482b05a,actual,OPS,"{""sum"": [""OBP"", ""SLG""]}",0.8262852679999999
hitter,2026,Steamer,p_387076081baa1ac1797b126d,s_df3b6068204e2a80c5e3d9df,actual,OPS,"{""sum"": [""OBP"", ""SLG""]}",0.7365384610000001
hitter,2026,Steamer,p_e73eacdb845e5cfde38a6426,s_e96846370a2ebea34064806c,actual,OPS,"{""sum"": [""OBP"", ""SLG""]}",0.0
hitter,2026,Steamer,p_4859c439772097b6cfd1b2e8,s_ac3e1fd2992faae429b6fc08,actual,OPS,"{""sum"": [""OBP"", ""SLG""]}",0.599837199
hitter,2026,Steamer,p_57be4bd64faf94f5f3184be3,s_d5b160e03db72b7edb25cd86,actual,OPS,"{""sum"": [""OBP"", ""SLG""]}",0.7675941070000001
hitter,2026,Steamer,p_86f910b92584149d23a7f526,s_8e8ab13479b23ce7eed9bcb1,actual,OPS,"{""sum"": [""OBP"", ""SLG""]}",0.105263157
hitter,2026,Steamer,p_44a8ee1524687358c1d1a0c0,s_028290d44530cf722918c77b,actual,OPS,"{""sum"": [""OBP"", ""SLG""]}",0.6002331000000001
hitter,2026,Steamer,p_f167598ae863cfb8d2f80c83,s_0ed54ae73a451aaaa3a21303,actual,OPS,"{""sum"": [""OBP"", ""SLG""]}",0.919191918
hitter,2026,Steamer,p_bec8c226634e62555bff3435,s_585eae63459e59b0664d1067,actual,OPS,"{""sum"": [""OBP"", ""SLG""]}",0.718230937
hitter,2026,Steamer,p_af98e1612f34eb8f09c365ad,s_e38882ef2c95fb339c088ef4,actual,OPS,"{""sum"": [""OBP"", ""SLG""]}",0.45147058800000006
hitter,2026,Steamer,p_ded33a2fd60acf671d39fd27,s_22cac0afe4cfb8409b370ba7,actual,OPS,"{""sum"": [""OBP"", ""SLG""]}",0.642676424
hitter,2026,Steamer,p_88135b0e269d51b54b36cb3c,s_05023764fca81ed64406c556,actual,OPS,"{""sum"": [""OBP"", ""SLG""]}",0.608690904
hitter,2026,Steamer,p_d00457beb9814e5658a1623d,s_3f03a65cf71469cadf5dd946,actual,OPS,"{""sum"": [""OBP"", ""SLG""]}",0.723244342
hitter,2026,Steamer,p_d87550835f9e55aff85922f5,s_c990db11faeacadb702aa3e5,actual,OPS,"{""sum"": [""OBP"", ""SLG""]}",0.584244079
hitter,2026,Steamer,p_5251fe2f68b7e008a3f95bda,s_4e61bba1876b09cb547b22b6,actual,OPS,"{""sum"": [""OBP"", ""SLG""]}",0.635928083
hitter,2026,Steamer,p_4d2f3224b62deb522c5a7b4b,s_a4e45239dcd92dba8b1ff255,actual,OPS,"{""sum"": [""OBP"", ""SLG""]}",0.818018017
hitter,2026,Steamer,p_dd70d7ceebc9dc9119025cbe,s_28fc7292e32ba7ca4b942be3,actual,OPS,"{""sum"": [""OBP"", ""SLG""]}",0.666666666
hitter,2026,Steamer,p_8f1da6c1c180e7d676934fff,s_56bd5fc450a91cc29b6a9d6b,actual,OPS,"{""sum"": [""OBP"", ""SLG""]}",0.333333332
hitter,2026,Steamer,p_be86851c8fdfaf8c9101d78e,s_da35c19e2277b141c5da65a7,actual,OPS,"{""sum"": [""OBP"", ""SLG""]}",0.785853975
hitter,2026,Steamer,p_11c2d6f13f87d96a28310acb,s_1e4914c2ea39ddc20aca49b3,actual,OPS,"{""sum"": [""OBP"", ""SLG""]}",0.699322168
hitter,2026,Steamer,p_b3db3fd1479982f0bec4782d,s_f7612d80ce06aae26df67f5f,actual,OPS,"{""sum"": [""OBP"", ""SLG""]}",0.658102339
hitter,2026,Steamer,p_824cdc22a5de973c43ea52d0,s_2b34252437e4267de8713744,actual,OPS,"{""sum"": [""OBP"", ""SLG""]}",0.212184873
hitter,2026,Steamer,p_2a1152fc4795fbb48f10c0de,s_b113ecf0fbaba2207ce5ea75,actual,OPS,"{""sum"": [""OBP"", ""SLG""]}",0.0
hitter,2026,Steamer,p_82ff2a9218b1af68846209d5,s_aff609a777ae783e7d362a1a,actual,OPS,"{""sum"": [""OBP"", ""SLG""]}",0.855321178
hitter,2026,Steamer,p_bf240404aa72823a399fdaf6,s_93be590c03ec70d8d4f595ce,actual,OPS,"{""sum"": [""OBP"", ""SLG""]}",0.699917279
hitter,2026,Steamer,p_7e20fc023f96e8cba0b13af3,s_857537c4e64e807a9e365b01,actual,OPS,"{""sum"": [""OBP"", ""SLG""]}",0.5714285699999999
hitter,2026,Steamer,p_366bd2935a1c918dd1949689,s_f663ec0647d4130face18351,actual,OPS,"{""sum"": [""OBP"", ""SLG""]}",0.563963963
hitter,2026,Steamer,p_a260c06c43a7fd1d2e490fe7,s_78d79ee9357c750e906bb8f6,actual,OPS,"{""sum"": [""OBP"", ""SLG""]}",0.27302631499999996
hitter,2026,Steamer,p_b3f403c91eb9f5b3a4373398,s_5feeb58a441dc4b61fa5bbae,actual,OPS,"{""sum"": [""OBP"", ""SLG""]}",0.620737326
hitter,2026,Steamer,p_56922133a900e974099c393f,s_8d475bf961f4787c2dccf5a3,actual,OPS,"{""sum"": [""OBP"", ""SLG""]}",0.342857142
hitter,2026,Steamer,p_c79d549c12d7c4d174e35cff,s_e5dc4d48b77cd91fca68cf9e,actual,OPS,"{""sum"": [""OBP"", ""SLG""]}",0.47368420899999997
hitter,2026,Steamer,p_d7e2cdeda2afb7a71cf270af,s_7953d999227a1b9c6ec9bc05,actual,OPS,"{""sum"": [""OBP"", ""SLG""]}",0.526511134
hitter,2026,Steamer,p_5a3a131447d5feca3eed399c,s_2049544baed8ce670ab38650,actual,OPS,"{""sum"": [""OBP"", ""SLG""]}",0.48275862
hitter,2026,Steamer,p_4af6f545bc35e4588dee86b9,s_89474b39cf58c34d4a01f29b,actual,OPS,"{""sum"": [""OBP"", ""SLG""]}",0.714285713
hitter,2026,Steamer,p_175842fab9c89bcc5aa79f9b,s_26da199e899361a3e2f5850a,actual,OPS,"{""sum"": [""OBP"", ""SLG""]}",0.826551226
hitter,2026,Steamer,p_6101e64b36cdbbeb0b252b54,s_4bd3b14fdebcc854b7ca23e8,actual,OPS,"{""sum"": [""OBP"", ""SLG""]}",0.3875
hitter,2026,Steamer,p_8b75f6dd6e7e1631db64e1a5,s_37f44968d96079d84f04e449,actual,OPS,"{""sum"": [""OBP"", ""SLG""]}",0.625
hitter,2026,Steamer,p_f3c0298e1129d97cb783a6d9,s_229d6c95a0df1228609f1a87,actual,OPS,"{""sum"": [""OBP"", ""SLG""]}",1.0
hitter,2026,Steamer,p_5a5b11019ecd0b3ad1a3d864,s_6c2e86d953cfc2b5abdb95e0,actual,OPS,"{""sum"": [""OBP"", ""SLG""]}",0.47471264300000005
hitter,2026,Steamer,p_c9a3df2e5a0e709708efbe6c,s_f2c2c42acdc386a90a547b12,actual,OPS,"{""sum"": [""OBP"", ""SLG""]}",1.080645161
hitter,2026,Steamer,p_72622d6c7bb02a521a933eb6,s_4c1d08e04c4ed110da69f3f4,actual,OPS,"{""sum"": [""OBP"", ""SLG""]}",0.42105263000000004
hitter,2026,Steamer,p_9f829ba3526a16efa82e655a,s_69a808410f0423219250e1ea,actual,OPS,"{""sum"": [""OBP"", ""SLG""]}",0.682242605
hitter,2026,Steamer,p_18e76dfa73b5fe39a43c0af3,s_353cc3c1ef5e0e6d4c48a6ab,actual,OPS,"{""sum"": [""OBP"", ""SLG""]}",0.766666666
hitter,2026,Steamer,p_4af977a059a2b1dfcba5cecc,s_1430f1eea3c883dac1e7756a,actual,OPS,"{""sum"": [""OBP"", ""SLG""]}",0.702005259
hitter,2026,Steamer,p_c8320c4ade7bd25cdbb337e8,s_396733f5d2ffbb3393bf6292,actual,OPS,"{""sum"": [""OBP"", ""SLG""]}",0.257575756
hitter,2026,Steamer,p_c28b6e659d4cd1d31d3fd474,s_fc98e5b2e62e0b5dde888732,actual,OPS,"{""sum"": [""OBP"", ""SLG""]}",0.606086956
hitter,2026,Steamer,p_a78ccc748ee0ee459987e364,s_d9c59ad88a6097e15335a38b,actual,OPS,"{""sum"": [""OBP"", ""SLG""]}",0.18181818
hitter,2026,Steamer,p_2c000c61bb3acaea45c849f7,s_860841b304dc1871d0868e8c,actual,OPS,"{""sum"": [""OBP"", ""SLG""]}",0.442295081
hitter,2026,Steamer,p_71c91198b905a5433d8d1964,s_32b068f2b93b41b031a95201,actual,OPS,"{""sum"": [""OBP"", ""SLG""]}",0.436974789
hitter,2026,Steamer,p_d6cf9cb5264acc6da9bd1303,s_120def8a2ce4466a1467e021,actual,OPS,"{""sum"": [""OBP"", ""SLG""]}",0.0
hitter,2026,Steamer,p_3c7e6e601756ae761be82429,s_dea21c7e19a536e4c14a3dcc,actual,OPS,"{""sum"": [""OBP"", ""SLG""]}",0.48076923
hitter,2026,Steamer,p_e83f3f564dd2b5664ce6b129,s_b9368ad018071cc04de94ac4,actual,OPS,"{""sum"": [""OBP"", ""SLG""]}",0.611443661
hitter,2026,Steamer,p_e4c0ca3fb703744e742784cc,s_76fe374c4bed2065e0408b89,actual,OPS,"{""sum"": [""OBP"", ""SLG""]}",0.772727272
hitter,2026,Steamer,p_3005c6eda0c65dfb1cc1df82,s_2eba715a3aed3855c6d3038b,actual,OPS,"{""sum"": [""OBP"", ""SLG""]}",0.637972646
hitter,2026,Steamer,p_abaaf883c7d31e3e9d08c0df,s_4c35cc666a15007cf795c57c,actual,OPS,"{""sum"": [""OBP"", ""SLG""]}",0.570293094
hitter,2026,Steamer,p_be403a9b2db4f3802c9f3b61,s_a4e8cd8d17291f19f1bf4300,actual,OPS,"{""sum"": [""OBP"", ""SLG""]}",1.133333333
hitter,2026,Steamer,p_55908c06ceed1ceaa47e0f08,s_d75b40ee1981c71e40d94ca8,actual,OPS,"{""sum"": [""OBP"", ""SLG""]}",0.722807813
hitter,2026,Steamer,p_ac57765bdbb3034bbc1f2b61,s_2f35953a79cbd92c02cfff9c,actual,OPS,"{""sum"": [""OBP"", ""SLG""]}",0.83829221
hitter,2026,Steamer,p_d38221bbef65e1295a558373,s_5a1fe662d9a243d3fdc3f305,actual,OPS,"{""sum"": [""OBP"", ""SLG""]}",0.0
hitter,2026,Steamer,p_889f902bbbf437d96aaf2791,s_72c004fcaca99935eb1c0228,actual,OPS,"{""sum"": [""OBP"", ""SLG""]}",0.133333332
hitter,2026,Steamer,p_d90ce2fb851e2bc7239d02d9,s_bb5db40685ec7095908d7003,actual,OPS,"{""sum"": [""OBP"", ""SLG""]}",0.5942637479999999
hitter,2026,Steamer,p_e0a6385275b8fd42c026da9f,s_f53c9eb81dcad36457b589e3,actual,OPS,"{""sum"": [""OBP"", ""SLG""]}",0.693192332
hitter,2026,Steamer,p_ba9a6a8ad42271f1fd10cf27,s_971fe8527bddf0a9024190b4,actual,OPS,"{""sum"": [""OBP"", ""SLG""]}",0.4
hitter,2026,Steamer,p_6dd8b7d5d0bcb75642ddb4fd,s_cac5899c9373dc27cbb9490f,actual,OPS,"{""sum"": [""OBP"", ""SLG""]}",0.598529411
hitter,2026,Steamer,p_0ff6cb4481aa28b4e0ca248f,s_24dea5450c5959b12f2f4b6c,actual,OPS,"{""sum"": [""OBP"", ""SLG""]}",0.342857142
hitter,2026,Steamer,p_1231a92e2be431286faefb7e,s_d8d410854efd58dbeffb8321,actual,OPS,"{""sum"": [""OBP"", ""SLG""]}",0.664315108
hitter,2026,Steamer,p_43458b1ca56bfc78e5851984,s_f17bff2f04d22c1fc8cd7743,actual,OPS,"{""sum"": [""OBP"", ""SLG""]}",0.5
hitter,2026,Steamer,p_bfcf51965827d7e88c899918,s_f247f410bd0c188b9d11ac7c,actual,OPS,"{""sum"": [""OBP"", ""SLG""]}",0.602678571
hitter,2026,Steamer,p_838588010c75fedc49fc50b5,s_2cf8822ef804687b20ea3b41,actual,OPS,"{""sum"": [""OBP"", ""SLG""]}",0.4
hitter,2026,Steamer,p_97cc4865db22aadc4ce7f639,s_674333965bc4ee4616888668,actual,OPS,"{""sum"": [""OBP"", ""SLG""]}",1.125
hitter,2026,Steamer,p_3f142cab3b6b50a8fc284947,s_d6da11d325022b19466c0e0c,actual,OPS,"{""sum"": [""OBP"", ""SLG""]}",0.173913042
hitter,2026,Steamer,p_d6edffdd606adaf0dcc54111,s_c8da0306b4ac7f19564aaf21,actual,OPS,"{""sum"": [""OBP"", ""SLG""]}",1.0
hitter,2026,Steamer,p_6ff147b20b3f78ed8b9c9689,s_c0f18a2015457ef18185c035,actual,OPS,"{""sum"": [""OBP"", ""SLG""]}",0.747252746
hitter,2026,Steamer,p_d6b7a242fff972cbbb11131c,s_0c4ccd3de0bd31824a7ae07f,actual,OPS,"{""sum"": [""OBP"", ""SLG""]}",0.686884236
hitter,2026,Steamer,p_d780ef80586063b87be09743,s_78681ad1bcca059ac2684cd1,actual,OPS,"{""sum"": [""OBP"", ""SLG""]}",0.0
hitter,2026,Steamer,p_def17f3e4bab01c04d8516d6,s_b5dc2555ba38bfcf46d10dfd,actual,OPS,"{""sum"": [""OBP"", ""SLG""]}",0.633179722
hitter,2026,Steamer,p_a866edf27abe9399b209a720,s_095d116b15f0c46e5e252e74,actual,OPS,"{""sum"": [""OBP"", ""SLG""]}",0.438118811
hitter,2026,Steamer,p_45081ba883aae98afdbde4b5,s_6761682f169ae5542cbaed6f,actual,OPS,"{""sum"": [""OBP"", ""SLG""]}",0.749871066
hitter,2026,Steamer,p_118fa7b26ca0fc300fdf6071,s_a264490eb532279934719de2,actual,OPS,"{""sum"": [""OBP"", ""SLG""]}",0.417748917
hitter,2026,Steamer,p_fbad84c715ce640fa8e017a1,s_1b13a386f0845e101fa9b76d,actual,OPS,"{""sum"": [""OBP"", ""SLG""]}",0.56
hitter,2026,Steamer,p_35208040ebe03471e689d700,s_c4898de4e8d6f844e6e39a08,actual,OPS,"{""sum"": [""OBP"", ""SLG""]}",0.509523808
hitter,2026,Steamer,p_326393c50f1b10e14a5b1570,s_0021285927f0e6a3c0b1b854,actual,OPS,"{""sum"": [""OBP"", ""SLG""]}",0.405882352
hitter,2026,Steamer,p_adce6fccfa0ad9ba417ad335,s_1379f2107f166c611de8b5ce,actual,OPS,"{""sum"": [""OBP"", ""SLG""]}",0.25
hitter,2026,Steamer,p_9c59d61635350a13a9c13013,s_b2f430a3cb17348753218981,actual,OPS,"{""sum"": [""OBP"", ""SLG""]}",0.6621739680000001
hitter,2026,Steamer,p_a7294d5184e485ad8b842ac1,s_a4f6b6186421ffe9eca3c364,actual,OPS,"{""sum"": [""OBP"", ""SLG""]}",0.285714284
hitter,2026,Steamer,p_46c8ef61562526809be4aea3,s_19dfc3e9f934a399049660f8,actual,OPS,"{""sum"": [""OBP"", ""SLG""]}",0.859477123
hitter,2026,Steamer,p_77f5711fe36ce10120f5001c,s_3fa83df18bb2591db0ddb3fc,actual,OPS,"{""sum"": [""OBP"", ""SLG""]}",0.7411613880000001
hitter,2026,Steamer,p_6989200149e5df39efc0125a,s_36af34f929c4b1ac4e9a7dc1,actual,OPS,"{""sum"": [""OBP"", ""SLG""]}",0.37087912
hitter,2026,Steamer,p_739823393560ca8dcfd0dbc9,s_f2546fd09deb23d88467c866,actual,OPS,"{""sum"": [""OBP"", ""SLG""]}",0.545092837
hitter,2026,Steamer,p_1d5460116d6a4b1197a68140,s_0f47d4c255902f0a8defeece,actual,OPS,"{""sum"": [""OBP"", ""SLG""]}",0.43000000000000005
hitter,2026,Steamer,p_734724174f1233575d37ef2a,s_2cec28add910e241e0a4f90e,actual,OPS,"{""sum"": [""OBP"", ""SLG""]}",0.762170542
hitter,2026,Steamer,p_c58578964d78032e94fe81f7,s_7e6f27a8c0bcf26a42944380,actual,OPS,"{""sum"": [""OBP"", ""SLG""]}",0.851063828
hitter,2026,Steamer,p_f1632c1a638e4afae1811926,s_96a5cff230ad1660f9b629be,actual,OPS,"{""sum"": [""OBP"", ""SLG""]}",0.45689655100000004
hitter,2026,Steamer,p_a1e49d39df5862ee176ee61c,s_e7ea61f084ab8fa5ffb6042d,actual,OPS,"{""sum"": [""OBP"", ""SLG""]}",0.285714284
hitter,2026,Steamer,p_28cfa428998c91d14340466b,s_141df390d906e48c620eea32,actual,OPS,"{""sum"": [""OBP"", ""SLG""]}",0.843239453
hitter,2026,Steamer,p_981b2c7f83451c96f57a0b8f,s_86024f3db8f8bef1c0d3b89a,actual,OPS,"{""sum"": [""OBP"", ""SLG""]}",0.42222222200000004
hitter,2026,Steamer,p_59d35620f5a758b99595238e,s_4af08a5e78fe5d63de78e687,actual,OPS,"{""sum"": [""OBP"", ""SLG""]}",0.353266887
hitter,2026,Steamer,p_43df61d72995e1a9b8e57a5a,s_59d0229c5bf1d90b31dfd3ea,actual,OPS,"{""sum"": [""OBP"", ""SLG""]}",0.693936417
