player_type,season,source,player_id,record_id,metric,reason
pitcher,2025,RotoWire,p_79db076d96a757be408fc0b5,s_86f961e5e6c775047e490063,K%,missing_projection_metric
pitcher,2025,RotoWire,p_70c49bf0f0626ec80e6293cd,s_2075eb92972f658f0ada0c62,K%,missing_projection_metric
pitcher,2025,RotoWire,p_7f3c31a904c074d502da70d5,s_967c576a0e0a9a0d779e27c4,K%,missing_projection_metric
pitcher,2025,RotoWire,p_076050d971510ecbad0e9fc2,s_3ee3fbd5d16391748759d888,K%,missing_projection_metric
pitcher,2025,RotoWire,p_8f3911a4b3d4f5c1ddf408bd,s_24cb492adf23c864a1baebe7,K%,missing_projection_metric
pitcher,2025,RotoWire,p_a8c6e164b8c9d48c0a076f2c,s_71672de7075b1b3e2015028e,K%,missing_projection_metric
pitcher,2025,RotoWire,p_6146eadc3c516491667a222c,s_1b3fc20e1732bf7117afa961,K%,missing_projection_metric
pitcher,2025,RotoWire,p_961f6e00dd2d95905acb6d7f,s_f008a382e5e106c23257cd0c,K%,missing_projection_metric
pitcher,2025,RotoWire,p_7837da98084befe7500c0de1,s_37d9846050a8addb84b48be7,K%,missing_projection_metric
pitcher,2025,RotoWire,p_0708260b07e6d68ac2144df7,s_f2d45531c0425b7a4add7853,K%,missing_projection_metric
pitcher,2025,RotoWire,p_ab80696a06cabb94d0590e17,s_fb57d4cdee0e208cef59d773,K%,missing_projection_metric
pitcher,2025,RotoWire,p_d37981ebca7896eb8c5d5e08,s_68feff298629301ed51a0396,K%,missing_projection_metric
pitcher,2025,RotoWire,p_c403496243559cd5f45b24de,s_cd1f12e8a3b2c80fe2edc2cc,K%,missing_projection_metric
pitcher,2025,RotoWire,p_6660c34756e8e079063c8590,s_a5ae7484af4f87fab217b512,K%,missing_projection_metric
pitcher,2025,RotoWire,p_0ab41d8d7c86beb019a22451,s_394b9488aba2cdfdef170a29,K%,missing_projection_metric
pitcher,2025,RotoWire,p_30de042ebbb0b98c455a5266,s_65e083e10d36c924088935a0,K%,missing_projection_metric
pitcher,2025,RotoWire,p_b953f455340d5c6f3524bb9f,s_cd4b60316a75a54bac9fa4fa,K%,missing_projection_metric
pitcher,2025,RotoWire,p_8cb9b18f097241aaca305ef9,s_32d8463be317f3cd3ba49373,K%,missing_projection_metric
pitcher,2025,RotoWire,p_a519f6ec6b371e6f3cea0c99,s_180f7029795ae157a1549d31,K%,missing_projection_metric
pitcher,2025,RotoWire,p_000215aa0a15c0d7ca6d5492,s_0d5fd81ac5e7fc17f2e2efe8,K%,missing_projection_metric
pitcher,2025,RotoWire,p_ce0a7b766c90514f3d557d6b,s_95e50a1bbbacbd6af06669d0,K%,missing_projection_metric
pitcher,2025,RotoWire,p_14ae2075371d15014297c7ae,s_bfc288a7590e5044e7afa2cf,K%,missing_projection_metric
pitcher,2025,RotoWire,p_e57a7daba23968e0156d47d8,s_e7cc1c9888d13ade29a9746a,K%,missing_projection_metric
pitcher,2025,RotoWire,p_e333710884baecb1ae5dba0f,s_34092bfcbe8d99bb4f82fcdd,K%,missing_projection_metric
pitcher,2025,RotoWire,p_67c782a89ca0d0934cb67da0,s_a8a8c5e83cbd38399c51bea3,K%,missing_projection_metric
pitcher,2025,RotoWire,p_5c31828b78f7ebd5a1f567ea,s_a3555dae0d77ed4d6f0af5ea,K%,missing_projection_metric
pitcher,2025,RotoWire,p_dae655bcb2a707499b8da77f,s_f2dc4f5c089adc9809265bd6,K%,missing_projection_metric
pitcher,2025,RotoWire,p_a55e1314437f703697888e9a,s_a6f8ee6d1ad97ca47b4a98db,K%,missing_projection_metric
pitcher,2025,RotoWire,p_7f60fe780813d2e2f804a47f,s_51b05e47c797a13a2ff437a6,K%,missing_projection_metric
pitcher,2025,RotoWire,p_a0b216e0f9bfe85b303b93e1,s_cc4dfbc3eefe9fb96f0dc3fe,K%,missing_projection_metric
pitcher,2025,RotoWire,p_fac8fe6d0d4a7a73a2dc5d0b,s_6c61a6043fa12e677c845870,K%,missing_projection_metric
pitcher,2025,RotoWire,p_4946d0fafc0d0ae33e1e930e,s_d864c5f17ca5a8fe47edb31f,K%,missing_projection_metric
pitcher,2025,RotoWire,p_cc3893db1d216499b15a96b7,s_0aa26ad1d07c40add014cf60,K%,missing_projection_metric
pitcher,2025,RotoWire,p_10a3e264d0d762f0a6116bf0,s_5a944d799fbdfd6525ea211c,K%,missing_projection_metric
pitcher,2025,RotoWire,p_69bf94efbaeb173840b3fe59,s_44e76432a6313aa6d12b1be5,K%,missing_projection_metric
pitcher,2025,RotoWire,p_5e4be1b675696e14d59387d7,s_70f41a4be8783880453119de,K%,missing_projection_metric
pitcher,2025,RotoWire,p_bc5886f85f668aec59f650a3,s_9dd91974143eabdea1437724,K%,missing_projection_metric
pitcher,2025,RotoWire,p_c5b82d72e1ce8ed1000e8ca9,s_c1b22e5e6cc4512eb55fa9a8,K%,missing_projection_metric
pitcher,2025,RotoWire,p_b43c67aae95620f8ae32f063,s_a84edf73fa36abef9644106a,K%,missing_projection_metric
pitcher,2025,RotoWire,p_78a8db997f51090cfa594d12,s_5ce470de36098cd9b445e94d,K%,missing_projection_metric
pitcher,2025,RotoWire,p_56f8cacbf95fa9e9ccd5f037,s_8fc7a5a5fa897e388e1b0abe,K%,missing_projection_metric
pitcher,2025,RotoWire,p_07394d99dcbd9729eb1c244b,s_036cb2d4fa7ce09ac36bc404,K%,missing_projection_metric
pitcher,2025,RotoWire,p_f0656b8cbc96ad065e088776,s_d9c7a975e48906d3a5ef0e34,K%,missing_projection_metric
pitcher,2025,RotoWire,p_17e93d5e2f0eff121bd2e922,s_c416261369d600e008a085b2,K%,missing_projection_metric
pitcher,2025,RotoWire,p_05853e333f5ea183e286e9f3,s_b2be239d73fb864a1d73e804,K%,missing_projection_metric
pitcher,2025,RotoWire,p_9d536cb354f545a79cf263ad,s_8d50a46a5c992501f52a6bf6,K%,missing_projection_metric
pitcher,2025,RotoWire,p_19dec057e552049568aaec59,s_e71da14189701ba209f6cbcd,K%,missing_projection_metric
pitcher,2025,RotoWire,p_ab201d9f00a18e2a1bcb84f8,s_13993469241eac6f963dc9f6,K%,missing_projection_metric
pitcher,2025,RotoWire,p_d91a1459eee9777c42e1c294,s_841fd75fe95f71cbd91c19bd,K%,missing_projection_metric
pitcher,2025,RotoWire,p_af8228da2186a3c55a0c0647,s_d062649e47a509ec8309c2ae,K%,missing_projection_metric
pitcher,2025,RotoWire,p_e6f97a8200763e284decf5ae,s_4afce4b852d7f25a28289c61,K%,missing_projection_metric
pitcher,2025,RotoWire,p_fdcc3c57fc1404d67ef4d33f,s_779530880a7228bde2d9297c,K%,missing_projection_metric
pitcher,2025,RotoWire,p_97392f4b9a9bcd3580abacfa,s_10b218b01792f0a72d673db6,K%,missing_projection_metric
pitcher,2025,RotoWire,p_081253e7d079edbb13e4e0de,s_d6486c8805c44f95f660fc71,K%,missing_projection_metric
pitcher,2025,RotoWire,p_2b11176e1209a4155291382a,s_4f8699349416b629b7c9cdb9,K%,missing_projection_metric
pitcher,2025,RotoWire,p_b2fab903e6ffc323ace73400,s_45692ab540d2afb7677b868e,K%,missing_projection_metric
pitcher,2025,RotoWire,p_24a22b256217bda128f194b7,s_0fc4e259727cf0d4a1699684,K%,missing_projection_metric
pitcher,2025,RotoWire,p_e6c685d4a42733d68c25210b,s_c5852801e71f75868a2b8e5c,K%,missing_projection_metric
pitcher,2025,RotoWire,p_6cb3547deca91d83694527f9,s_0f0ea9b35f3935bec2bc6b34,K%,missing_projection_metric
pitcher,2025,RotoWire,p_f154f9fe1937e83897788168,s_bed827776ea55416db2de1bf,K%,missing_projection_metric
pitcher,2025,RotoWire,p_e596c20f3f965f74f208c29f,s_67bde5860efaaad382783ef4,K%,missing_projection_metric
pitcher,2025,RotoWire,p_481d55069fc331213e830346,s_0b33c240c519607d8b589311,K%,missing_projection_metric
pitcher,2025,RotoWire,p_5e4a0f72ee5813838f4aff38,s_7dd44086c38f1452cd7e80c0,K%,missing_projection_metric
pitcher,2025,RotoWire,p_80b914cf66fe72410163fff3,s_10b73d3604cec1aaf6cffc01,K%,missing_projection_metric
pitcher,2025,RotoWire,p_16e4efe96d962f1312ff2ed5,s_1951e4d33bf987993498a656,K%,missing_projection_metric
pitcher,2025,RotoWire,p_46e0d496d589ec6fa5a35f6d,s_29cabfddb50ce02c147c4a13,K%,missing_projection_metric
pitcher,2025,RotoWire,p_31b06a37157510ce6f137ea5,s_e0a82178aa302fc63cace7c8,K%,missing_projection_metric
pitcher,2025,RotoWire,p_41d77fd79c69b4fb06385e5c,s_3b8f4f3aba1d2045a6f872ef,K%,missing_projection_metric
pitcher,2025,RotoWire,p_5d461229c4f3a1d894c1ef5b,s_980f151addd9af79ec332a21,K%,missing_projection_metric
pitcher,2025,RotoWire,p_cd9bbe80bf6ddc022831c8ce,s_d73d30cd8c4bde95d369a4ff,K%,missing_projection_metric
pitcher,2025,RotoWire,p_b25d93daecd6b8c40be76364,s_c135030cd6e4073628595a99,K%,missing_projection_metric
pitcher,2025,RotoWire,p_1e13703553ee4e761b93a8d2,s_9674218e1587488230618b21,K%,missing_projection_metric
pitcher,2025,RotoWire,p_7c8aefd139986ac3072d388d,s_187255c7b00cb8bd4e6a0240,K%,missing_projection_metric
pitcher,2025,RotoWire,p_41722893e1c4663095c86715,s_e48124f5b5ca1e634aeba97b,K%,missing_projection_metric
pitcher,2025,RotoWire,p_71ab6c91e583b9c4b88368c8,s_46d68a8a448f1e79214c0172,K%,missing_projection_metric
pitcher,2025,RotoWire,p_79c8921830ad0b38d9102933,s_c288cbe76caecc26c421b1d3,K%,missing_projection_metric
pitcher,2025,RotoWire,p_132c5c809400e7c9829c64f8,s_596e218983291f4e3d25dcf8,K%,missing_projection_metric
pitcher,2025,RotoWire,p_482534e7ea7122d637d036f9,s_1c19c7c5da11b4043127482c,K%,missing_projection_metric
pitcher,2025,RotoWire,p_7c02936ac6ca07e9b01cbaf4,s_244b0deddb64032ca56a4cab,K%,missing_projection_metric
pitcher,2025,RotoWire,p_bdacaf18408f4db91a1d636e,s_6c12dcca725d4926d3ee7967,K%,missing_projection_metric
pitcher,2025,RotoWire,p_a22a4d8b57e5468ad3a65d76,s_55f607f45b40dd7e3db30b62,K%,missing_projection_metric
pitcher,2025,RotoWire,p_49f446543bf69cca3e98837a,s_3618f5a47d0993724e75d13a,K%,missing_projection_metric
pitcher,2025,RotoWire,p_b089c61cefb15acef80e4522,s_3b38504ed48087203fb3d5f9,K%,missing_projection_metric
pitcher,2025,RotoWire,p_2dcfce41c52f17e2ea97a04c,s_b6df2ced8ecd7dce34225840,K%,missing_projection_metric
pitcher,2025,RotoWire,p_3c11bca421face714ccc07b0,s_026fee40cf23f7a24af6e0ca,K%,missing_projection_metric
pitcher,2025,RotoWire,p_a67d7439eaa5a301707a0a3a,s_dfb314cdd5427dbfc107c2ab,K%,missing_projection_metric
pitcher,2025,RotoWire,p_d414670609afdbe251cf99be,s_21abbb2f06d73445152c3f56,K%,missing_projection_metric
pitcher,2025,RotoWire,p_1ef924b32d2eeac5534b766e,s_a600875c79d3cd9a8899efa0,K%,missing_projection_metric
pitcher,2025,RotoWire,p_1af5dd31a0e578895fc78c7a,s_cc1682013dd5e90c78677bf6,K%,missing_projection_metric
pitcher,2025,RotoWire,p_3f22e91a73d176ec1adc71e5,s_3a970ab28bdcff2eb3f7f266,K%,missing_projection_metric
pitcher,2025,RotoWire,p_36b9e4f3c1486512b790c92a,s_9ea09a9d0a3f5c8413039121,K%,missing_projection_metric
pitcher,2025,RotoWire,p_bbe0b0144e2190d075a1534d,s_b76c8135f9593a8f7eb4073f,K%,missing_projection_metric
pitcher,2025,RotoWire,p_b0e54ab450830f76f778c92d,s_e6439f2327f5a2d73b48cd6a,K%,missing_projection_metric
pitcher,2025,RotoWire,p_eb72c6cdf331edfe333d7274,s_fc0167c5229fd6fbba43b46a,K%,missing_projection_metric
pitcher,2025,RotoWire,p_3e9c50f5313e3ab52ed4ac9c,s_3fe0f78061c15f08b7880ebf,K%,missing_projection_metric
pitcher,2025,RotoWire,p_13e78e88a5cf19b96c5da64a,s_7cc1173b2f0059711e5fe16a,K%,missing_projection_metric
pitcher,2025,RotoWire,p_fdea2ad4794d12911ab12ec2,s_1032d2f30bf0e10bf606d17c,K%,missing_projection_metric
pitcher,2025,RotoWire,p_2c23e59d57f37af52a2c0170,s_e5bbbabbd6e339b7d5ec5fe2,K%,missing_projection_metric
pitcher,2025,RotoWire,p_b6c41e8a47dd22519ed59712,s_ff09fabc51917ff4a19e8d7d,K%,missing_projection_metric
pitcher,2025,RotoWire,p_df9f7a1ee43910f98210f8d4,s_da8f917f97db8d7d5c7db9fa,K%,missing_projection_metric
pitcher,2025,RotoWire,p_ce2c49b4be7d2bce7223a6a0,s_ee253e8a7f3c74bc44de96d9,K%,missing_projection_metric
pitcher,2025,RotoWire,p_2d5fe2afb55076421b84c2d7,s_b8b72c5c9c0abb26dcbe6b2e,K%,missing_projection_metric
pitcher,2025,RotoWire,p_4b322b3e9defa92b5a488baf,s_5953f48d648edde3dbeba230,K%,missing_projection_metric
pitcher,2025,RotoWire,p_442f67b0e6c767028dd31107,s_b81e57834b0df6e2754fd402,K%,missing_projection_metric
pitcher,2025,RotoWire,p_583ce1d38f5dfec0877a25c3,s_05ea99e9c576462c6a2261dd,K%,missing_projection_metric
pitcher,2025,RotoWire,p_2269ea2145532d73c89362b1,s_918e1c90d28b084b836c06aa,K%,missing_projection_metric
pitcher,2025,RotoWire,p_9c3f57de37187fa297d867da,s_398011692cd6435a9d29f006,K%,missing_projection_metric
pitcher,2025,RotoWire,p_230ac4acbb3108f710292706,s_ed35952dd33ca8d1ea4aeabe,K%,missing_projection_metric
pitcher,2025,RotoWire,p_f5a175e1a118851fbe27adfc,s_c0a5a35cdafa77f6939613fd,K%,missing_projection_metric
pitcher,2025,RotoWire,p_d4640ce6f07822bb71b449d4,s_21cf41c1a4d7d1277ab690c3,K%,missing_projection_metric
pitcher,2025,RotoWire,p_2a2d0322ad2e63c86800fbd2,s_eebbc1277864a19cec42ddf5,K%,missing_projection_metric
pitcher,2025,RotoWire,p_f468eeff6fef7a47f63cd456,s_a6d837d6ef957efe2dd6c0d5,K%,missing_projection_metric
pitcher,2025,RotoWire,p_1107fc33dd7fa76b67b0e2f6,s_a98f787994c0ea465e0658c6,K%,missing_projection_metric
pitcher,2025,RotoWire,p_d7a6a481b2c8156315936897,s_0f252836a7366a68a5d86ede,K%,missing_projection_metric
pitcher,2025,RotoWire,p_fae8649ac857a8babf1bdca8,s_33f69d1b5ad1c7734851d0fc,K%,missing_projection_metric
pitcher,2025,RotoWire,p_281f00a360ce484be44c5eae,s_f3b08b8e8c06062988573232,K%,missing_projection_metric
pitcher,2025,RotoWire,p_4c286b6792cd590ac26d8de5,s_ad1290a7e313e602c888e21f,K%,missing_projection_metric
pitcher,2025,RotoWire,p_6cb98ada7d3e5f6be65307b2,s_5200595b6f5798afc74940e3,K%,missing_projection_metric
pitcher,2025,RotoWire,p_0738eee4fb6a62334e2dc6a6,s_d38037f2c20bfbffb23ed3e0,K%,missing_projection_metric
pitcher,2025,RotoWire,p_ba2387323b64d5ebd5d849ac,s_aa456a6ed7de5ea0e53936fc,K%,missing_projection_metric
pitcher,2025,RotoWire,p_f2ee16b90f95f0ed772fe7aa,s_c497fe794f054e0771968624,K%,missing_projection_metric
pitcher,2025,RotoWire,p_008193aef738335244441232,s_e444a7e8b884f75eb903d380,K%,missing_projection_metric
pitcher,2025,RotoWire,p_0ba0cf7f94e74b8472593f01,s_414a57dbeb8997b8f723468a,K%,missing_projection_metric
pitcher,2025,RotoWire,p_e04c5d25f1824514545fac27,s_a3517840d0405e110fb71680,K%,missing_projection_metric
pitcher,2025,RotoWire,p_5dae408a50fd7a2ef23c70ad,s_df0d66d65b259c7c48461fa5,K%,missing_projection_metric
pitcher,2025,RotoWire,p_c86be00e2784333930137667,s_74a39b103acc2638a448de77,K%,missing_projection_metric
pitcher,2025,RotoWire,p_671b4ce2c3ec28ad663bf922,s_0bfd4064b0d3b695e4667925,K%,missing_projection_metric
pitcher,2025,RotoWire,p_983985938701c89b957bf280,s_7dcefa1d1dba45e3364dbdf3,K%,missing_projection_metric
pitcher,2025,RotoWire,p_833ff8e8d015c9ecd8ab1e4a,s_5b097fac77aef122f39ccda4,K%,missing_projection_metric
pitcher,2025,RotoWire,p_1495f8ede09487e68eb6132f,s_0e580f533d1c88c971fb7729,K%,missing_projection_metric
pitcher,2025,RotoWire,p_416065fb1e7bee98c8c06e9c,s_0a20fb2b61e60273dead431f,K%,missing_projection_metric
pitcher,2025,RotoWire,p_712ae68dc57df5d305f2eced,s_e17b900eca1442f257698b60,K%,missing_projection_metric
pitcher,2025,RotoWire,p_c64d1a71e8b698a4cf973c7e,s_97d3066f716d1f1c74cbbdc8,K%,missing_projection_metric
pitcher,2025,RotoWire,p_39a4d35b75bdffcbcfddff84,s_130e889df931cad846339593,K%,missing_projection_metric
pitcher,2025,RotoWire,p_b7e27b68ebd83bc6a468e72b,s_aef4560add238876576b5336,K%,missing_projection_metric
pitcher,2025,RotoWire,p_6195a4077f4c42e4300606dc,s_913dbfeeeb78af7bf5adcd2c,K%,missing_projection_metric
pitcher,2025,RotoWire,p_0656788e350d8a313901326d,s_f2c11db0faaa0102d6fb36cd,K%,missing_projection_metric
pitcher,2025,RotoWire,p_7baf8732d9a598c647856252,s_90e64d81f560cd52d110de89,K%,missing_projection_metric
pitcher,2025,RotoWire,p_036ba95158dbe1470dd58b5d,s_0009dd44414ce9f21133505e,K%,missing_projection_metric
pitcher,2025,RotoWire,p_6b060d3dfdf334d2e513ce27,s_7b747ab7774559f90e1f0f04,K%,missing_projection_metric
pitcher,2025,RotoWire,p_86bbc8fa57931321ecdf298d,s_3fe36898ff4124874d57bf61,K%,missing_projection_metric
pitcher,2025,RotoWire,p_d6d57443ec08aa62f4f79d93,s_0b674adfe9f1bf620f377082,K%,missing_projection_metric
pitcher,2025,RotoWire,p_ac8c5c8e84a95d130d682758,s_160af9786c5be9848d9e5639,K%,missing_projection_metric
pitcher,2025,RotoWire,p_6a5ad9cf8a12ffa4c0cfffae,s_a5403ef8b7b52087aaed9014,K%,missing_projection_metric
pitcher,2025,RotoWire,p_2d9cec8e1707efbb1e1cb52c,s_b9283324d20d52a77532d789,K%,missing_projection_metric
pitcher,2025,RotoWire,p_2553085f66061508335f3fb1,s_1f4c27b1eaa9122d594edbee,K%,missing_projection_metric
pitcher,2025,RotoWire,p_08c841183887e159fb3b9131,s_5331e8f9b0cefa195c5fd7c8,K%,missing_projection_metric
pitcher,2025,RotoWire,p_dba406ee26bfb7503c1bf27d,s_42953f1c02f0de0109285512,K%,missing_projection_metric
pitcher,2025,RotoWire,p_1dfc6e6af415ea42f3c5b686,s_4d503509ed4a01c0aecb43e2,K%,missing_projection_metric
pitcher,2025,RotoWire,p_607b4432d07e4a7dfc0a7e67,s_29e15367f92ed51fe319244f,K%,missing_projection_metric
pitcher,2025,RotoWire,p_2f8502e30665a12d3037adfa,s_1b911e08672a6aa69cd5e964,K%,missing_projection_metric
pitcher,2025,RotoWire,p_dc952cf10742e3abc77f91bf,s_18556b27f16da21bb3c21940,K%,missing_projection_metric
pitcher,2025,RotoWire,p_62360b5de96d90bc68e17dd9,s_1ad1eedfe5788eff438677ed,K%,missing_projection_metric
pitcher,2025,RotoWire,p_f2af4380a6d1108c9d507592,s_e252b8b486cf9e842474d35d,K%,missing_projection_metric
pitcher,2025,RotoWire,p_cdab5985b61ba75e14c1e3e7,s_7fe48e2c47e3dcc5c1ea19d2,K%,missing_projection_metric
pitcher,2025,RotoWire,p_1821549cff26dbba5d4aca04,s_b641beace190fc226f5b02b1,K%,missing_projection_metric
pitcher,2025,RotoWire,p_2f79f472a978afdd718437e0,s_bfb01addbf6fe0f28a2c3d6c,K%,missing_projection_metric
pitcher,2025,RotoWire,p_6812838b39eb2c709ed072fd,s_d41b4fd0376177bde39d58cf,K%,missing_projection_metric
pitcher,2025,RotoWire,p_c2f429582365b8384125cb6a,s_11628e648299e94d1acbcd19,K%,missing_projection_metric
pitcher,2025,RotoWire,p_0e56dc24388067d6adf8d91b,s_5d5dda2cbffa7cbacb390ce4,K%,missing_projection_metric
pitcher,2025,RotoWire,p_8961924234b18a32fc5f7a2c,s_063d72a8a5528edf111336a2,K%,missing_projection_metric
pitcher,2025,RotoWire,p_d0ae9150ea080d20bd5ec95d,s_2234ec5d7fb744b08827806c,K%,missing_projection_metric
pitcher,2025,RotoWire,p_d9c64dd40ed1ff65a53e6228,s_e9332b7665860065bc21993f,K%,missing_projection_metric
pitcher,2025,RotoWire,p_fd293a60557159fc55b19a14,s_30dd9a4b7d03dabba0117762,K%,missing_projection_metric
pitcher,2025,RotoWire,p_f5ba6b7a7aef6272c083449c,s_873fe86a76ee37a6c45ca9fd,K%,missing_projection_metric
pitcher,2025,RotoWire,p_b8cb9339000eda49122a846d,s_bc22c5fb28b372c83cd68608,K%,missing_projection_metric
pitcher,2025,RotoWire,p_f6d0db5ece194fe2beb1ec11,s_f5eea7d1d5c183aa9b517f64,K%,missing_projection_metric
pitcher,2025,RotoWire,p_340afab40ed7623681903f52,s_d52adcac5cd60628dc647295,K%,missing_projection_metric
pitcher,2025,RotoWire,p_6e405786ba3c4c7b03295e6c,s_b366497b22f23536a85a9b6d,K%,missing_projection_metric
pitcher,2025,RotoWire,p_c9dcb3032a2a934069d036a1,s_0bb57399523486a8c2e674f3,K%,missing_projection_metric
pitcher,2025,RotoWire,p_4d320f12f7ed1ac1d64a8564,s_bbb4da2feccc84c5cfee40c3,K%,missing_projection_metric
pitcher,2025,RotoWire,p_c9c4b9c76960c47b342a00fe,s_00836f6a4aa8a07bbc9a4201,K%,missing_projection_metric
pitcher,2025,RotoWire,p_2b6dc032a155f10c90f5d066,s_07f1aca0ff7d5dae687e216e,K%,missing_projection_metric
pitcher,2025,RotoWire,p_17ae1171e92abea6543117d2,s_4e782d9310cb93d3942eda63,K%,missing_projection_metric
pitcher,2025,RotoWire,p_e53dd34ff1049b4cdddde3b2,s_bfe6bfff4bf8f18ba2ac1f54,K%,missing_projection_metric
pitcher,2025,RotoWire,p_67fd9d9af5f906af95676a62,s_658bc5564cf49cc03ef5272c,K%,missing_projection_metric
pitcher,2025,RotoWire,p_fbcb5bbe88ef2a2cc64ce3bd,s_fd80993919b3a3aabe3f7435,K%,missing_projection_metric
pitcher,2025,RotoWire,p_bf86f5798c2e549b7fb30ee2,s_a446e906c35a5c92dce13290,K%,missing_projection_metric
pitcher,2025,RotoWire,p_6254917ef60e1ddc873e6f31,s_716caea0443e56d78a7e3796,K%,missing_projection_metric
pitcher,2025,RotoWire,p_c385db74ca850410df462be2,s_45ccdecaf0d66e5fa6380a15,K%,missing_projection_metric
pitcher,2025,RotoWire,p_94d21693ba45c52946454a20,s_7a3033e8c88241f6ddfc72fa,K%,missing_projection_metric
pitcher,2025,RotoWire,p_f3591f0057a7a2816bc6c347,s_cd76b63f7a745bff08182ac6,K%,missing_projection_metric
pitcher,2025,RotoWire,p_b38e7099b3fed40bc1dd2bdc,s_302d0f3ce70e73281bd0eaef,K%,missing_projection_metric
pitcher,2025,RotoWire,p_991aeb6ad93c0dfba092e8e7,s_bbe1ab59b2612cbf015acfc3,K%,missing_projection_metric
pitcher,2025,RotoWire,p_f092d568b762f9e2d2d576ac,s_852f2fa6ca21bd2337c8f3c6,K%,missing_projection_metric
pitcher,2025,RotoWire,p_436ab07080c06918509193ab,s_b60f435221745729d63a09ae,K%,missing_projection_metric
pitcher,2025,RotoWire,p_722d2ece3768b71aafae93e6,s_e79ea5b66173c3fb6fdb547b,K%,missing_projection_metric
pitcher,2025,RotoWire,p_d0fba3de9f79f83a683ff425,s_9e4eef8349872be1240e33a2,K%,missing_projection_metric
pitcher,2025,RotoWire,p_69cbff53fa69913aa98a74a7,s_549e12178fc9f863a3cb4395,K%,missing_projection_metric
pitcher,2025,RotoWire,p_4ab1054e1b4679af5e62847e,s_4ff89a0fc05313b1aaeef3d9,K%,missing_projection_metric
pitcher,2025,RotoWire,p_ca00aae418a6ebe5e7e21090,s_7e26c14b8a06bd5287f51048,K%,missing_projection_metric
pitcher,2025,RotoWire,p_fa38c0264bcdff8ad2c4499e,s_37d0cf03a1957529acb26b6c,K%,missing_projection_metric
pitcher,2025,RotoWire,p_bf0123618cb84b22ee89191d,s_8cac80bb3416bee7ec56704b,K%,missing_projection_metric
pitcher,2025,RotoWire,p_35b1547fd86fd8631d0c0c08,s_af64cc7ddf1036cfb25b4800,K%,missing_projection_metric
pitcher,2025,RotoWire,p_c9127bf6fe2742b6cdf5e2c0,s_116dcd047c0c50a01d8476bf,K%,missing_projection_metric
pitcher,2025,RotoWire,p_61ff0cbc6adc34d5b5e66201,s_bd8ff4abe86f9d9dabd75234,K%,missing_projection_metric
pitcher,2025,RotoWire,p_99556fc8912a79c6991db165,s_246247c81024d63b7181492f,K%,missing_projection_metric
pitcher,2025,RotoWire,p_c2941564b78650e8c80a6590,s_c2ab4691e1d30766e616ad81,K%,missing_projection_metric
pitcher,2025,RotoWire,p_0b16c16d0a16de2a6363baf5,s_1b1fc760e550dd7ac1043f88,K%,missing_projection_metric
pitcher,2025,RotoWire,p_2929654d5957b9990cd15b63,s_9c07b9e7f31dd8e706e65435,K%,missing_projection_metric
pitcher,2025,RotoWire,p_d25ebff370ce4e9202042d61,s_c0eb11a0e31a7c4c3d1b614b,K%,missing_projection_metric
pitcher,2025,RotoWire,p_c665cca64b9d1ec36d25bc81,s_b313bad6b33d5ae235f0f82a,K%,missing_projection_metric
pitcher,2025,RotoWire,p_09950035a7c10e145070d051,s_5348badb2010b775cc9c2947,K%,missing_projection_metric
pitcher,2025,RotoWire,p_e6a9049543a2ac63183c17bf,s_b3a86582c8292daa28ba26d6,K%,missing_projection_metric
pitcher,2025,RotoWire,p_2cbdc3dc2d503fe047479492,s_7171d268c8042941644b4e97,K%,missing_projection_metric
pitcher,2025,RotoWire,p_5d4e00ed942914f0c7681334,s_f444a319bd7ccbcca7ed37cc,K%,missing_projection_metric
pitcher,2025,RotoWire,p_5738a2c4aaf235e3c5ecf5c0,s_e9e139b24e0aba6e879bcf88,K%,missing_projection_metric
pitcher,2025,RotoWire,p_4d4066d01c2accb962e2e48b,s_51ba75b1f0513c989d49d4a1,K%,missing_projection_metric
pitcher,2025,RotoWire,p_a2de9bf5142663e3696178c7,s_4c5ed4a8845d030ddcb23758,K%,missing_projection_metric
pitcher,2025,RotoWire,p_f542eded5fa5eaaea2b03d47,s_9ee19b8b168171721864425b,K%,missing_projection_metric
pitcher,2025,RotoWire,p_5245cf30e7834dcfe275a8b3,s_20a19ca9a50f06d542f910c6,K%,missing_projection_metric
pitcher,2025,RotoWire,p_9a6e9d0ac50ab7ec0e62b627,s_c174d2ace2a827f0ac9945ac,K%,missing_projection_metric
pitcher,2025,RotoWire,p_ad5f4c4ff63f4dae1c70e25b,s_a53516fc6268debb5a17ba5d,K%,missing_projection_metric
pitcher,2025,RotoWire,p_0760b56a9e63e457fb539e83,s_5c3f4cd602e90392092b7363,K%,missing_projection_metric
pitcher,2025,RotoWire,p_4237d81a153d8369b516a611,s_18d4ae84da76b25c7bd4c5df,K%,missing_projection_metric
pitcher,2025,RotoWire,p_bbf24fd73a782298f740b3f0,s_f513a9f87389cecca8b37355,K%,missing_projection_metric
pitcher,2025,RotoWire,p_976e3a7c39f544bd2cb08e53,s_c62661a6379199418fec8356,K%,missing_projection_metric
pitcher,2025,RotoWire,p_f63e3a5b237a41953e0522bd,s_6552197e6383b17241ea8f4e,K%,missing_projection_metric
pitcher,2025,RotoWire,p_4f7f8b7fa67c451b93b2a673,s_da9eec596ce6df401d7be893,K%,missing_projection_metric
pitcher,2025,RotoWire,p_a2c21b01e40c23d7fbb867a7,s_68df4d2c3502ba84aecdaed7,K%,missing_projection_metric
pitcher,2025,RotoWire,p_6dcc3d04cf7940b67bd6d46b,s_4cfcb9c7b4ea90e879fde15d,K%,missing_projection_metric
pitcher,2025,RotoWire,p_88f12ce5773978cc13241f7e,s_ea97465e60b74fb4381042d3,K%,missing_projection_metric
pitcher,2025,RotoWire,p_1b7d5500d3348c285a56885f,s_c6142259d48d6c02cecc5ad2,K%,missing_projection_metric
pitcher,2025,RotoWire,p_bdd33abf9842a85d639efdb4,s_099a38fe1751c1df7a90baa0,K%,missing_projection_metric
pitcher,2025,RotoWire,p_9f5a6fd7b5c56e97737e286c,s_d481e4988788be605a0d60e5,K%,missing_projection_metric
pitcher,2025,RotoWire,p_9437e878d2b83f99c586279f,s_0d3cd1d90ec05fa89b3232f8,K%,missing_projection_metric
pitcher,2025,RotoWire,p_c58b2320aec9252222500ff6,s_3cb53def7ae06854714ba81c,K%,missing_projection_metric
pitcher,2025,RotoWire,p_5dc97cee80b94155de1c01a1,s_a592aa264d22a248e359d9f6,K%,missing_projection_metric
pitcher,2025,RotoWire,p_a5a04deac4056a7d183f7527,s_2d232f62d9075f1eac48dfb9,K%,missing_projection_metric
pitcher,2025,RotoWire,p_8fd609c8d2c9daaeb06fb12f,s_c9aeb9e73741f6f72e415242,K%,missing_projection_metric
pitcher,2025,RotoWire,p_45d1721e6163fdc317003890,s_f134e8d27f9a1332567684e7,K%,missing_projection_metric
pitcher,2025,RotoWire,p_528ea38467ab7d19956a07c4,s_a21642d65bfb24700f2f4602,K%,missing_projection_metric
pitcher,2025,RotoWire,p_b0cf8ae2b004dce051b6f4e5,s_1dd88f8fe2c0f522b9c3c18c,K%,missing_projection_metric
pitcher,2025,RotoWire,p_8672879edc2751e3034d5cab,s_0e2349081fdcbd545cf7474d,K%,missing_projection_metric
pitcher,2025,RotoWire,p_52cdf5aac19a3c4c28580306,s_7a26c6a04466701e4298f746,K%,missing_projection_metric
pitcher,2025,RotoWire,p_ab12a3e682ee31d77d06721f,s_70151d5edc7bcc41d66e6c7b,K%,missing_projection_metric
pitcher,2025,RotoWire,p_6b9903828f4f3e710cd779e7,s_62b861e07cddc8ab4b1b9758,K%,missing_projection_metric
pitcher,2025,RotoWire,p_390110644e6ab59d439767a2,s_f27cb07cbd68e0aba35e9982,K%,missing_projection_metric
pitcher,2025,RotoWire,p_9a2d81e4416b5d202f89af5f,s_cc93f408961df78cd5c3f929,K%,missing_projection_metric
pitcher,2025,RotoWire,p_864d23ea9d38652d0bc80673,s_2c4a6fbc1014c04f834c19c6,K%,missing_projection_metric
pitcher,2025,RotoWire,p_d326f0d57effe39186b9cc40,s_960df2d786e0460e6369e45a,K%,missing_projection_metric
pitcher,2025,RotoWire,p_a4fad9d3dcf8925b9fb560a5,s_a48a9feaf608c028589d9a2f,K%,missing_projection_metric
pitcher,2025,RotoWire,p_fe6a4f583a6c8a67c59c6a19,s_5c26641c771ce5a7c0bcbcc0,K%,missing_projection_metric
pitcher,2025,RotoWire,p_c4371908df4426aa30810911,s_b4ffeb6d84260e3ef9a51dda,K%,missing_projection_metric
pitcher,2025,RotoWire,p_debf3b356235599a4e7c505b,s_ef3979b21e07609d9cfd9cd5,K%,missing_projection_metric
pitcher,2025,RotoWire,p_5c981546fbb330a0a1ff2621,s_d96b07c350bdfe20d3fae3f9,K%,missing_projection_metric
pitcher,2025,RotoWire,p_b5c41f2a4e0be91512e6d378,s_4bbf9ec5f060738369f4d381,K%,missing_projection_metric
pitcher,2025,RotoWire,p_50683f238138b1baa284c3d3,s_709a54723d6e9e01fbcf3149,K%,missing_projection_metric
pitcher,2025,RotoWire,p_c503ccd5d3a208e3f2d4b6b2,s_89d5a48059a0a24741079c16,K%,missing_projection_metric
pitcher,2025,RotoWire,p_2b424c8be951d8ba23bebe80,s_2a864798f2471ab725ec6daf,K%,missing_projection_metric
pitcher,2025,RotoWire,p_28d92daeded3b1264245a417,s_b90faf380a079af8110bcde1,K%,missing_projection_metric
pitcher,2025,RotoWire,p_f90f88e0127db2447d6b4b6b,s_56de0f9be908b5414b8fc1c0,K%,missing_projection_metric
pitcher,2025,RotoWire,p_fa65bec2312b5d42d60ee8b4,s_38361bb8a6dc316862a86f25,K%,missing_projection_metric
pitcher,2025,RotoWire,p_e5e680d02216328712a96f14,s_6a12420764855772b1227a52,K%,missing_projection_metric
pitcher,2025,RotoWire,p_b35d34590b3ac43677949140,s_e1d23dde3bd3f555f82b6dc7,K%,missing_projection_metric
pitcher,2025,RotoWire,p_1462eea9ad139526006f6fba,s_86d7c4aca93066b3141cbcea,K%,missing_projection_metric
pitcher,2025,RotoWire,p_e0e812f1c8d46069cedfdc3e,s_e4ce3ca44a48b418924260ed,K%,missing_projection_metric
pitcher,2025,RotoWire,p_eb4a76757bbdb89cea654ef5,s_2e82b7fd5818dba60602848f,K%,missing_projection_metric
pitcher,2025,RotoWire,p_0af38066a94940e2b68bc8ba,s_c2c0c2f4c1e47f0b77cc7c70,K%,missing_projection_metric
pitcher,2025,RotoWire,p_2efba3d8e54fcb8d1f5d09b3,s_9003a42077f57e8b59ec2f01,K%,missing_projection_metric
pitcher,2025,RotoWire,p_6dd1c218fa3d789fd609b3e4,s_76db1242225c4f4aafc1a555,K%,missing_projection_metric
pitcher,2025,RotoWire,p_b27e7408b46d9fc16441348e,s_595c0f469ac24cb7e977dff5,K%,missing_projection_metric
pitcher,2025,RotoWire,p_acd9809fb06c81109d7ede29,s_07615f850cd2bf75f89bee54,K%,missing_projection_metric
pitcher,2025,RotoWire,p_fcd7de7bb40bf45a6ca34cdb,s_29e7d289a6d49f697c76353a,K%,missing_projection_metric
pitcher,2025,RotoWire,p_3b8c77fa245c713f7e0b7003,s_86ee1ea847929ca81a595e25,K%,missing_projection_metric
pitcher,2025,RotoWire,p_4fc08c6725ad3ff7c1ff7ffb,s_ee90393fcfd067391314ec22,K%,missing_projection_metric
pitcher,2025,RotoWire,p_832c0bfcb9b11d1926665bdf,s_4b7cf2d35f19d60cf1f39657,K%,missing_projection_metric
pitcher,2025,RotoWire,p_86a05e73061b5c85d481ae47,s_99e78bc86638592072777087,K%,missing_projection_metric
pitcher,2025,RotoWire,p_d240081eb8e6f1ec895ecf2d,s_6dec286b8d7f1b8ec59f5155,K%,missing_projection_metric
pitcher,2025,RotoWire,p_1538868d7d068cf244dceb49,s_2294561cae83f2f82669b91b,K%,missing_projection_metric
pitcher,2025,RotoWire,p_aebf4132a23ddbbf57422ae5,s_ec953b49634031ef0d7f33cb,K%,missing_projection_metric
pitcher,2025,RotoWire,p_670e72cdda746fe85f68a08d,s_55c34cab10738325cb7388aa,K%,missing_projection_metric
pitcher,2025,RotoWire,p_bbcccd33b7c810cfa8337201,s_66209888d106efca1a7e839d,K%,missing_projection_metric
pitcher,2025,RotoWire,p_79592f0690636428c30a46f5,s_87d49fb4dcd34f72e0436f89,K%,missing_projection_metric
pitcher,2025,RotoWire,p_35bb0a12c9538806f164c705,s_125288d8e694c89230519c03,K%,missing_projection_metric
pitcher,2025,RotoWire,p_438ee9a2108e62d8d14a062a,s_a66df52f8f9b751c57e6c290,K%,missing_projection_metric
pitcher,2025,RotoWire,p_4a61ee00a03f40227f39bfe7,s_bc44b816ee8e4bcf2b0e378e,K%,missing_projection_metric
pitcher,2025,RotoWire,p_bf0f117e1d0e72128aaa01dd,s_ece467d2f6b561ae8466c671,K%,missing_projection_metric
pitcher,2025,RotoWire,p_df19938cec41a3349a09f13c,s_1d77f1e3a4814b273bf9de01,K%,missing_projection_metric
pitcher,2025,RotoWire,p_aca14cb4cc82e85ca78f4fe7,s_daff7a17b972db026977f034,K%,missing_projection_metric
pitcher,2025,RotoWire,p_e68edd55c4d8c0af8968ba6d,s_0892f0beffc2f3293299feab,K%,missing_projection_metric
pitcher,2025,RotoWire,p_f746ebfba251896b073cf6d5,s_f96cfaeba2378a30c67f1cd8,K%,missing_projection_metric
pitcher,2025,RotoWire,p_7108c469d40316795ab472a1,s_f6579c793b55c609da5afe78,K%,missing_projection_metric
pitcher,2025,RotoWire,p_359b780a64cc77ed793a7606,s_3c134333611cbb0a62d2cf7d,K%,missing_projection_metric
pitcher,2025,RotoWire,p_840a7027a702a1c4e37e5527,s_4833243e5723eed8538f598d,K%,missing_projection_metric
pitcher,2025,RotoWire,p_5df36053416da5d9071410b9,s_d710e376c4a4caa9ed5704fb,K%,missing_projection_metric
pitcher,2025,RotoWire,p_9deb7e402f8cf109d514cac1,s_a516dafd7fd343006078350d,K%,missing_projection_metric
pitcher,2025,RotoWire,p_e341706f55862548e5ff2e3a,s_925d496c3fe8d52b74893900,K%,missing_projection_metric
pitcher,2025,RotoWire,p_9cdce3c51f326e76b98d6591,s_6083371a09f874207de1b1c4,K%,missing_projection_metric
pitcher,2025,RotoWire,p_7b5211dc885fe1586bfbb758,s_1d1a7505c4b77d3cbf15c262,K%,missing_projection_metric
pitcher,2025,RotoWire,p_1965206c1749b62f2876a8a0,s_dab2a5da6a1d1e125f878202,K%,missing_projection_metric
pitcher,2025,RotoWire,p_3bbf0f43326b5fa1e90d1ad7,s_195df7e69fd29913107fff65,K%,missing_projection_metric
pitcher,2025,RotoWire,p_f408d93b48d8da9a005af52b,s_ef95b026eb1ae8069f750cf5,K%,missing_projection_metric
pitcher,2025,RotoWire,p_df9fd20dc552186aecc92c54,s_f7dbd48750e55365d3a11cf3,K%,missing_projection_metric
pitcher,2025,RotoWire,p_e886ebd300c4c1987877017e,s_adb2361a8885da26a4454dc9,K%,missing_projection_metric
pitcher,2025,RotoWire,p_5ccb2be6f00de2400349d1ac,s_377f72f29f2b32ee1eedff91,K%,missing_projection_metric
pitcher,2025,RotoWire,p_03f6dd1978acd9701ea07f1a,s_95ba1a2f0b6ea0eaed533b6e,K%,missing_projection_metric
pitcher,2025,RotoWire,p_c3234d25b2dd20cd6e385c8d,s_b8b49d6af6974510e313e24c,K%,missing_projection_metric
pitcher,2025,RotoWire,p_2c26e1db411b6f9ae4a8f391,s_76b74269881b9437242be3b5,K%,missing_projection_metric
pitcher,2025,RotoWire,p_406202e17ebfe7ebc319947f,s_d103d0f6782722ead6a0f7f5,K%,missing_projection_metric
pitcher,2025,RotoWire,p_d8d53e9e8636ecf6680932fb,s_c3ba236de55228e46efc92be,K%,missing_projection_metric
pitcher,2025,RotoWire,p_053b89527a245babaa9de7f9,s_32d6f9e0a53c2fd8881655da,K%,missing_projection_metric
pitcher,2025,RotoWire,p_adde69a5f07d2ac65191bd61,s_f012d72d4e03d553814400c8,K%,missing_projection_metric
pitcher,2025,RotoWire,p_8d0b8540a9345dbadb133c54,s_c328b3623dff95352647d78b,K%,missing_projection_metric
pitcher,2025,RotoWire,p_a882285ec2332d4e35f9aea6,s_1bb2b2b451f44282b7e39b7f,K%,missing_projection_metric
pitcher,2025,RotoWire,p_3bdfe3d1215674f4accf5fdd,s_c02cf0ffdaf05085e9d43b6c,K%,missing_projection_metric
pitcher,2025,RotoWire,p_0239f62f150fdc94718a08a1,s_5fb2596862561deaca2d6ac3,K%,missing_projection_metric
pitcher,2025,RotoWire,p_c341da0c4ed0d8e6d65d1eab,s_07a882c081ddcb5720354aa5,K%,missing_projection_metric
pitcher,2025,RotoWire,p_9cca23a301a8a13d00cd6848,s_cf84183d9f3cd9459008b5d4,K%,missing_projection_metric
pitcher,2025,RotoWire,p_6ee049f492a3325cbfb8d052,s_88342fd7b94a8c3780de2824,K%,missing_projection_metric
pitcher,2025,RotoWire,p_7f797197ac1a11a7b3421d1b,s_2e030310e1bc80b10fa70afa,K%,missing_projection_metric
pitcher,2025,RotoWire,p_4b5cf5b09427a2ddf59454fc,s_79d0084a87cb9a5acfbf7696,K%,missing_projection_metric
pitcher,2025,RotoWire,p_65fdc9dc74636837b2495384,s_3fcad07cca78a09bf3c52d89,K%,missing_projection_metric
pitcher,2025,RotoWire,p_87ce29e2ae2416664b1444de,s_61b1520b9766c466939cd1b7,K%,missing_projection_metric
pitcher,2025,RotoWire,p_91748ec3a4fb9543ad6e456e,s_327a5e3991446f36ed7f841f,K%,missing_projection_metric
pitcher,2025,RotoWire,p_17cd91dbd7209eb72b5b0bc1,s_2d99591e1d8ae4a2c7144bb2,K%,missing_projection_metric
pitcher,2025,RotoWire,p_3f6b96f16faf2d5c1aa44e0a,s_0fcc122c71ded5e8386c1aac,K%,missing_projection_metric
pitcher,2025,RotoWire,p_865cf7963df08564ce6cc619,s_fc36b53a621645385c724a93,K%,missing_projection_metric
pitcher,2025,RotoWire,p_85531f0435fe2167b6bec63d,s_23c885ed49152eea5fab415e,K%,missing_projection_metric
pitcher,2025,RotoWire,p_dbe5f8eba79f31ae2fbbef12,s_4390991637335ed3af92133d,K%,missing_projection_metric
pitcher,2025,RotoWire,p_03939d9f4f366462a86d6720,s_c513dbe0854d911ae674d6a3,K%,missing_projection_metric
pitcher,2025,RotoWire,p_022a47af63aded318f018d95,s_aee2f9bb3c4bb0d4bcff0788,K%,missing_projection_metric
pitcher,2025,RotoWire,p_6fc12edf18996e0f7e6f48b7,s_db59ec368c1ee46a25e31879,K%,missing_projection_metric
pitcher,2025,RotoWire,p_cb0a1ee1967dcd5a0313f1f4,s_58d9712caf1b9f20234a37c3,K%,missing_projection_metric
pitcher,2025,RotoWire,p_e0efd3ededa73ca4e4f7ca65,s_6b94b808e1d2fd761b4c9894,K%,missing_projection_metric
pitcher,2025,RotoWire,p_d031ef31b9165ade2a07de8a,s_3fcc2ea9f74169de5101a8b6,K%,missing_projection_metric
pitcher,2025,RotoWire,p_74b20b99d57a6b4b6dcedc0b,s_69681267dddebb7ec49075f5,K%,missing_projection_metric
pitcher,2025,RotoWire,p_e68383f7b94770edd764c7c7,s_60cd887d6619f292822d244d,K%,missing_projection_metric
pitcher,2025,RotoWire,p_64e8114493f21a3998e972c5,s_06c735b143178b4a31bfd555,K%,missing_projection_metric
pitcher,2025,RotoWire,p_64b62a02d557250c812ea353,s_514aa32d26a79b6c10a8f4dc,K%,missing_projection_metric
pitcher,2025,RotoWire,p_2114033616e8bab28176ff3b,s_869306d850af7c0934765c1c,K%,missing_projection_metric
pitcher,2025,RotoWire,p_5fad378e158b1cb676afef64,s_9d6336bf4ba6aa27f7b252e4,K%,missing_projection_metric
pitcher,2025,RotoWire,p_61f4469f74d0edbc18e77e21,s_6950373d590ac3ac985d298a,K%,missing_projection_metric
pitcher,2025,RotoWire,p_2f7d0b281325531322ffa74b,s_3a36aca826615b5a12215ea9,K%,missing_projection_metric
pitcher,2025,RotoWire,p_43e8e7de2aa77634ff94469d,s_df221822a9611ba8539d0d01,K%,missing_projection_metric
pitcher,2025,RotoWire,p_663ac2743b68ff849ac3f794,s_7e7fb42ddaf212f9e126a7e9,K%,missing_projection_metric
pitcher,2025,RotoWire,p_5cb301be76b7e1a69519280c,s_23f2d22c00c00b6724704200,K%,missing_projection_metric
pitcher,2025,RotoWire,p_202088ef4fa208bc8e552f15,s_00606acf9ae424299f6176e4,K%,missing_projection_metric
pitcher,2025,RotoWire,p_d92f2d27a75f27f0e8a8f9b3,s_6aaa65136f505d34a045eb85,K%,missing_projection_metric
pitcher,2025,RotoWire,p_d5e07201a0f1d0cfa596e762,s_7e2888f4376be27e8433e34e,K%,missing_projection_metric
pitcher,2025,RotoWire,p_61ca94d7e3be2cbafe733df9,s_2e6f1513c04f0938dfd64e14,K%,missing_projection_metric
pitcher,2025,RotoWire,p_f4be239312e641d1fd5e879e,s_a8600346d053a9614886a678,K%,missing_projection_metric
pitcher,2025,RotoWire,p_3dac456e39a26258f30d8eb6,s_f6666bceed25272e5be1a6c4,K%,missing_projection_metric
pitcher,2025,RotoWire,p_b28716a06c47ecd76023490d,s_4b51e02fa852a3b5e5024f06,K%,missing_projection_metric
pitcher,2025,RotoWire,p_2043005deaaf8693e9eef0a1,s_4e0eb332a402d128504e7cfd,K%,missing_projection_metric
pitcher,2025,RotoWire,p_61df43fce399be15228241c7,s_ab4a65e0c0662341af69cefb,K%,missing_projection_metric
pitcher,2025,RotoWire,p_474b86765aff2f081bf6d73e,s_58fcecc6ba30b95795eda499,K%,missing_projection_metric
pitcher,2025,RotoWire,p_8b89ea9a1656d4f4956ecd7b,s_70d2537d14256e3ce3fd2072,K%,missing_projection_metric
pitcher,2025,RotoWire,p_3f747dc1e443a0eecfacc566,s_e72b9e98fa9780db7b403bb9,K%,missing_projection_metric
pitcher,2025,RotoWire,p_c6a0ec40c899f7b2c1dfc7bf,s_44d395a95f6639ba69e597ec,K%,missing_projection_metric
pitcher,2025,RotoWire,p_ebf87ec113e8b0f2ee8c9137,s_ad1557b0fccf2bb0826496ac,K%,missing_projection_metric
pitcher,2025,RotoWire,p_bb5b45202cd0e3997a49a903,s_48a0ae197831833350301991,K%,missing_projection_metric
pitcher,2025,RotoWire,p_1717f62465764e9d30864b06,s_3fac0a7bfd2f88b68c5e1bd3,K%,missing_projection_metric
pitcher,2025,RotoWire,p_357a85c29d85f1c884799b6b,s_97072597db70214dcfde8941,K%,missing_projection_metric
pitcher,2025,RotoWire,p_4055fa9f7ca334fe33a26bfe,s_7ace89390450b21db846905c,K%,missing_projection_metric
pitcher,2025,RotoWire,p_9a77feb051159af9aee2063c,s_8410f83d4a08a65007970a2b,K%,missing_projection_metric
pitcher,2025,RotoWire,p_c2e11e9b2895314b228d9143,s_e8e022b3ecd66bf68a1b8ae0,K%,missing_projection_metric
pitcher,2025,RotoWire,p_7ecdbe2c0870f558f16c0f62,s_c7ef8754c93ff06114589af9,K%,missing_projection_metric
pitcher,2025,RotoWire,p_46017178473b57a504f40f61,s_edd5f4479e3be01be64f3f01,K%,missing_projection_metric
pitcher,2025,RotoWire,p_947372bfc438cf39d3a30665,s_c93a38052fc2a266a2f55789,K%,missing_projection_metric
pitcher,2025,RotoWire,p_b13319e24b3552eff64d85bc,s_4c7758f25a943c1b55045063,K%,missing_projection_metric
pitcher,2025,RotoWire,p_a743e95c751b76805136d443,s_86f6365fb442082c5d37a13f,K%,missing_projection_metric
pitcher,2025,RotoWire,p_e19d9b502abd2d1b0b07ea2a,s_85bbaa54b6cf5a4af8b9ce1e,K%,missing_projection_metric
pitcher,2025,RotoWire,p_8c118f1cce2683232f54416f,s_709d41c27bda27ec60cb2246,K%,missing_projection_metric
pitcher,2025,RotoWire,p_6fd30c7531d5bc78103c740d,s_5315e853509ecdfc79e3d0d2,K%,missing_projection_metric
pitcher,2025,RotoWire,p_74d9cd5a911ee5ed93663d77,s_397d6e30e510ecb1cdf39757,K%,missing_projection_metric
pitcher,2025,RotoWire,p_bb82cb6ed787b635d6d9a9bd,s_efab43bf9c4191974e24d47c,K%,missing_projection_metric
pitcher,2025,RotoWire,p_ecff128ebd3bcb2627d0226e,s_2d0f9a62589b79b837b50d6a,K%,missing_projection_metric
pitcher,2025,RotoWire,p_5d9c98b0173958f4c189a129,s_886c6ab3b39ad92c8a1d6c6d,K%,missing_projection_metric
pitcher,2025,RotoWire,p_8ed8dc08bf2fc22b7d5fdc9e,s_4972ee6e947ee22364a9803a,K%,missing_projection_metric
pitcher,2025,RotoWire,p_de4f248f197b6ab7761cb09b,s_759b4b16f4f6a440e6a02ba0,K%,missing_projection_metric
pitcher,2025,RotoWire,p_e23cb32e39c22be655441929,s_b8d6209de8a517fd4f2f8648,K%,missing_projection_metric
pitcher,2025,RotoWire,p_068e7224bb054c1a9b281e8e,s_3167effc5d0cf472a1eee6d0,K%,missing_projection_metric
pitcher,2025,RotoWire,p_a8216ccda0a59c4e665e7874,s_c7cedc47ff79bb96358cdd0b,K%,missing_projection_metric
pitcher,2025,RotoWire,p_3e5cfa913cc4f482344401c1,s_45687258619aae6b77264604,K%,missing_projection_metric
pitcher,2025,RotoWire,p_c3b7cc93fd3c9b7f57a21594,s_033d60e3e03bcbc50a04d27a,K%,missing_projection_metric
pitcher,2025,RotoWire,p_873e9a85cedbbe1ba2ccefc2,s_eb8aedf1ea7e2e21133935b1,K%,missing_projection_metric
pitcher,2025,RotoWire,p_8ececb63a3f2cebed969a98d,s_8f3c96ee4a69d714500063a4,K%,missing_projection_metric
pitcher,2025,RotoWire,p_eef46cfc49e692afb37dbd7f,s_75b2194d80ba63fc11c6bb5d,K%,missing_projection_metric
pitcher,2025,RotoWire,p_c8fcbc835fb5f66a0bd0f41e,s_1f63fa95c78f6c956019dd2a,K%,missing_projection_metric
pitcher,2025,RotoWire,p_99be1f6c65672ddb89e36704,s_6fe13165731e4fc79b3b3a4e,K%,missing_projection_metric
pitcher,2025,RotoWire,p_b71fbe75f62a06bbed6595ec,s_5dfec4cea0c9f53cb3413373,K%,missing_projection_metric
pitcher,2025,RotoWire,p_2bd83f835d274b547829f07c,s_fad5986740e8ecd8924dbaac,K%,missing_projection_metric
pitcher,2025,RotoWire,p_04895952d7d004fc8bb3f14b,s_19835f590cd07808fd5bde9f,K%,missing_projection_metric
pitcher,2025,RotoWire,p_1b49209f0bd30dd5dc724000,s_0c84702fb435312752220a6c,K%,missing_projection_metric
pitcher,2025,RotoWire,p_add0f7573f9388cbc02c0706,s_5844fe2d7a7b3e09f3f25469,K%,missing_projection_metric
pitcher,2025,RotoWire,p_e0742aec163e8fe5a829ba96,s_15d208ff2ffb3836c592f362,K%,missing_projection_metric
pitcher,2025,RotoWire,p_4f111a07b4c0259d31c89e0d,s_cc3584ffb0869f3336671ef3,K%,missing_projection_metric
pitcher,2025,RotoWire,p_b051cf87af8a4244b6b81e2c,s_8079a38abb7b1d3e33b37f08,K%,missing_projection_metric
pitcher,2025,RotoWire,p_288584b43feea72ac1e47a2d,s_fcc11cbf18ab0ab72031276e,K%,missing_projection_metric
pitcher,2025,RotoWire,p_bad5772915c2a0ae9bf9c5f1,s_3e72dc993a5bb82d6d1108d2,K%,missing_projection_metric
pitcher,2025,RotoWire,p_ca72c1190ab195d082d039a5,s_69beab1528ef5ee74454228c,K%,missing_projection_metric
pitcher,2025,RotoWire,p_009e96c410d3379760f8b1a1,s_791c5de05abd428200d3bf54,K%,missing_projection_metric
pitcher,2025,RotoWire,p_6ddc0b571359a20df4eac80a,s_2f0d8ebcc96baee198206fbe,K%,missing_projection_metric
pitcher,2025,RotoWire,p_f5105d7ffd8537ed91519f0f,s_db40beb24419e8b1876955b6,K%,missing_projection_metric
pitcher,2025,RotoWire,p_5485d94fef637de4cbcf9080,s_9982e77aae9b18a1ce107ed7,K%,missing_projection_metric
pitcher,2025,RotoWire,p_14a0d313708d61eee3ed8e2d,s_342fb026107d067006758ce1,K%,missing_projection_metric
pitcher,2025,RotoWire,p_a98211b93d765f76eace7471,s_da9e811978851fbb8075821a,K%,missing_projection_metric
pitcher,2025,RotoWire,p_51a922809ad094b5a4433cdf,s_4fe70a5d7f38ef399d39712c,K%,missing_projection_metric
pitcher,2025,RotoWire,p_a16d0151ecec817dcaa17d65,s_00631b99288fda61f3782a0d,K%,missing_projection_metric
pitcher,2025,RotoWire,p_398375b387379868974113bb,s_eb75e97315033202b0af86c5,K%,missing_projection_metric
pitcher,2025,RotoWire,p_0c3b6b4f617c9009bb6c76e7,s_ab86df393e5bec2931e9b82c,K%,missing_projection_metric
pitcher,2025,RotoWire,p_67a7d083510fbec26f1ddc04,s_ee857fd83e804d2679544265,K%,missing_projection_metric
pitcher,2025,RotoWire,p_a14b46668a060bb5629886e6,s_fc180048133518b19d66054b,K%,missing_projection_metric
pitcher,2025,RotoWire,p_153188ef122e1ff0e54e37b2,s_b9c4007ff504093ea55d64df,K%,missing_projection_metric
pitcher,2025,RotoWire,p_f59ee04f5b058c3f109d1631,s_18e883e6ec429c9d3d20643b,K%,missing_projection_metric
pitcher,2025,RotoWire,p_1f226d7dd4cee0150a1549a0,s_37ba8749218df2f45e863a1e,K%,missing_projection_metric
pitcher,2025,RotoWire,p_17536a68362f900664fa9f61,s_22453d06f100e721efd30da8,K%,missing_projection_metric
pitcher,2025,RotoWire,p_867ee2262881488fe9e83603,s_6dd77f5846e1b53905d58d41,K%,missing_projection_metric
pitcher,2025,RotoWire,p_73a90042ce9db308c725c28a,s_f50414f5a8b8e8202d7a83e5,K%,missing_projection_metric
pitcher,2025,RotoWire,p_7343ba7168344875dfbe9cf1,s_6c90581a1ae094c569b8f7bc,K%,missing_projection_metric
pitcher,2025,RotoWire,p_1d99fee357b2b193b50cce26,s_fc64fd22361fc98c1d60a581,K%,missing_projection_metric
pitcher,2025,RotoWire,p_eccb7f5e13db472d4ab158a6,s_db025f76fb5908cbe217e409,K%,missing_projection_metric
pitcher,2025,RotoWire,p_b3710509193a23f9fb6df89c,s_2147334925a1ca4b8e66d6ff,K%,missing_projection_metric
pitcher,2025,RotoWire,p_97aae67787d9d128a0f68afd,s_3c8f43387f4160bc9b022afe,K%,missing_projection_metric
pitcher,2025,RotoWire,p_c5ed138e0e635ef0aec7663a,s_889b3d83396d871cd7b8df61,K%,missing_projection_metric
pitcher,2025,RotoWire,p_7e394fbf190746b9460471b6,s_b95ba853353cbaac2ee1bd42,K%,missing_projection_metric
pitcher,2025,RotoWire,p_145721815ffdf403b65c76d6,s_d2e2f023dbf3d944f111ccc1,K%,missing_projection_metric
pitcher,2025,RotoWire,p_dc94d49f14972788f07e6738,s_1ffefaa8feb14e60a150a002,K%,missing_projection_metric
pitcher,2025,RotoWire,p_2fad58b9923436119be174e1,s_551e3ab338149c89ed242eae,K%,missing_projection_metric
pitcher,2025,RotoWire,p_1577c13241c98d1b1b25a065,s_4c036d10011a7adc146c69c7,K%,missing_projection_metric
pitcher,2025,RotoWire,p_e07feaacf0b72192ae4d9189,s_a97f43d446463817f3503323,K%,missing_projection_metric
pitcher,2025,RotoWire,p_44f4ae0a56e818f589465db9,s_36d2d357de1dc4d52b4c5e4f,K%,missing_projection_metric
pitcher,2025,RotoWire,p_c25dc1ad5c4247237938a311,s_d41c4415d3398c25edb8a107,K%,missing_projection_metric
pitcher,2025,RotoWire,p_e97c60722d70876db2318cd9,s_b0fbf375ed1801b377c85d16,K%,missing_projection_metric
pitcher,2025,RotoWire,p_3e586e64329db1dd04a4e3b8,s_1d1e14b2592af689ea34936c,K%,missing_projection_metric
pitcher,2025,RotoWire,p_4dfc866ca5c495c85c00e1e6,s_22a119b9e7d4544246e3ea8c,K%,missing_projection_metric
pitcher,2025,RotoWire,p_1eaa1d1baccc84d06d8ed931,s_4b35ede3a3317c0ec3d62672,K%,missing_projection_metric
pitcher,2025,RotoWire,p_880a7122ece62032e449d29c,s_0c59367a67ee11aba4a648c7,K%,missing_projection_metric
pitcher,2025,RotoWire,p_cb86fe05321827f7f78d2eac,s_b33d28c29e70ced3fabec954,K%,missing_projection_metric
pitcher,2025,RotoWire,p_537e5057a32900098a2e0d2c,s_193d1ca2eb46eaf0524e8e04,K%,missing_projection_metric
pitcher,2025,RotoWire,p_eda6f75e34f4854b11eeef97,s_912cd77114e91d82db669547,K%,missing_projection_metric
pitcher,2025,RotoWire,p_791b3683027c9d8d92b609d0,s_db68800cd8a7d05698d8bb10,K%,missing_projection_metric
pitcher,2025,RotoWire,p_359c4b8937e5970b4d98d188,s_c4249bc25ef364fa96a587d1,K%,missing_projection_metric
pitcher,2025,RotoWire,p_d4a9b50b3224024b900f4e0c,s_0412b123fbe3927f79582d54,K%,missing_projection_metric
pitcher,2025,RotoWire,p_9e7db66bfc565b709fe46853,s_579f4cbaead706faedc828d8,K%,missing_projection_metric
pitcher,2025,RotoWire,p_80dabc460f667d0aafb8ff5c,s_dbf68400c8cdfa5c51bd5219,K%,missing_projection_metric
pitcher,2025,RotoWire,p_fc18f428295d7ad8c21b667f,s_5fdf06f09ccf1a8db4f1f8c9,K%,missing_projection_metric
pitcher,2025,RotoWire,p_1d65fb95d62bf324cbf07c1a,s_9989fd79189bcb7ce54cae2f,K%,missing_projection_metric
pitcher,2025,RotoWire,p_20b5e71becf329de17a636b1,s_79ac1956a64b0bfbd158f6db,K%,missing_projection_metric
pitcher,2025,RotoWire,p_2442495cf935c13e35ace791,s_994db47d24e7bddf17909934,K%,missing_projection_metric
pitcher,2025,RotoWire,p_5622eaf6fed51b2f0badc28f,s_935c498e337e6227b2e97a54,K%,missing_projection_metric
pitcher,2025,RotoWire,p_5a5e5a4baec1ff0e99cb37c5,s_c5bbc5852213b59d68498fb5,K%,missing_projection_metric
pitcher,2025,RotoWire,p_b9be4dd9135ef8202ccbf94b,s_34230b6726a548e11a9c1c3f,K%,missing_projection_metric
pitcher,2025,RotoWire,p_55e0b0cdfd06f59a14884d19,s_365487fec0ece5c3725150cf,K%,missing_projection_metric
pitcher,2025,RotoWire,p_adfce089754d8fcf93c9d6eb,s_fd57ab6f1c661dcf4ba65375,K%,missing_projection_metric
pitcher,2025,RotoWire,p_68ceebeeae0240ef1eeb496f,s_b7fe3d73d7ebf414636cd0a2,K%,missing_projection_metric
pitcher,2025,RotoWire,p_cae67aa5fd092dca6407ccd8,s_14c052a9645d1310631fb848,K%,missing_projection_metric
pitcher,2025,RotoWire,p_98cc697758a3fc95df098ccd,s_7441bb2c43becf490a807956,K%,missing_projection_metric
pitcher,2025,RotoWire,p_410328aef7c939f61d4b7528,s_91fbc2ba8229d7602f4fc4e9,K%,missing_projection_metric
pitcher,2025,RotoWire,p_9d5fc19a3ec0a2b92dad5383,s_579a47da3a9379194a7767e6,K%,missing_projection_metric
pitcher,2025,RotoWire,p_27bd8d698914d52a637c58ce,s_890ffd10adfc792b0d4572f8,K%,missing_projection_metric
pitcher,2025,RotoWire,p_37fb98747cdcda0fbfec7784,s_6526468ced49840a3dc273dd,K%,missing_projection_metric
pitcher,2025,RotoWire,p_87897e21381c92d01d1670b6,s_9b98134a20f7dc9b89a473b1,K%,missing_projection_metric
pitcher,2025,RotoWire,p_22eee69f8ac0239b99b11b78,s_466a695c06353110943c6b79,K%,missing_projection_metric
pitcher,2025,RotoWire,p_ab8444dc7f51611939832036,s_205a1277c4b56904ef234c2d,K%,missing_projection_metric
pitcher,2025,RotoWire,p_90e71871268b32dfc6280b86,s_e0ca8885af353a82f41d5c9e,K%,missing_projection_metric
pitcher,2025,RotoWire,p_ad8eeecb96286785de1abf84,s_8e88f0858905459e15c55d20,K%,missing_projection_metric
pitcher,2025,RotoWire,p_611b50d11016f9e5bac93980,s_130907414839b52ace848f8c,K%,missing_projection_metric
pitcher,2025,RotoWire,p_1db467c6cfbfe96ad057338e,s_6aa39c6bafe2fb4d9ba2a6ed,K%,missing_projection_metric
pitcher,2025,RotoWire,p_fa348e8a3e9e503fc5deebc7,s_9ce529e42bdf0bbb8a3785d6,K%,missing_projection_metric
pitcher,2025,RotoWire,p_61da229a19dcb37d006d054f,s_5ef6d0a9159ec27ab314029c,K%,missing_projection_metric
pitcher,2025,RotoWire,p_6d19fe3af838d3bcaf19f868,s_715102a97cc3e341d423ba7f,K%,missing_projection_metric
pitcher,2025,RotoWire,p_3a1cb7d74d6ff8302a97f30f,s_5a42147701ae2c891d5592be,K%,missing_projection_metric
pitcher,2025,RotoWire,p_08803fedfc7e3b44562070ba,s_bb1397a34c19df226e9748cd,K%,missing_projection_metric
pitcher,2025,RotoWire,p_c1803acfc69807176b03fceb,s_28bc71725ca62bcd193dbeb8,K%,missing_projection_metric
pitcher,2025,RotoWire,p_3d4fddbaa624427c64113cac,s_5c1637377642d706dcb2ba2a,K%,missing_projection_metric
pitcher,2025,RotoWire,p_4ce2bc74d9bdc379de52f9fb,s_49d287eef5b6f749ab80133f,K%,missing_projection_metric
pitcher,2025,RotoWire,p_1bd74263d59f9dcb39af1120,s_ecd41903fc74c0a3ecd285cc,K%,missing_projection_metric
pitcher,2025,RotoWire,p_49ed2c7ffa16b9279ff3f555,s_8a9b63b2418b515e02966efa,K%,missing_projection_metric
pitcher,2025,RotoWire,p_ce659b38e92388329f2ca16b,s_b361be04984a83d64a032cad,K%,missing_projection_metric
pitcher,2025,RotoWire,p_b94cd2fa50a25f87a513580d,s_834eedc782ee038a817d3d6c,K%,missing_projection_metric
pitcher,2025,RotoWire,p_6b8cba5bfea707d3dd734524,s_c54c7fad5efb2aefcf4976e8,K%,missing_projection_metric
pitcher,2025,RotoWire,p_a6fa59945d5551b89676371f,s_4c1997b0dfe84d86c517117e,K%,missing_projection_metric
pitcher,2025,RotoWire,p_0f524fd2285c4e78f5fe8913,s_9cf7c456ba8721383fb37fe0,K%,missing_projection_metric
pitcher,2025,RotoWire,p_f8aa57bef4644632c1796d15,s_09b0d8d161448874e9d8e826,K%,missing_projection_metric
pitcher,2025,RotoWire,p_5fdf2f3ccb63b4515b2eb625,s_7cb7da39ece94a436b3fa061,K%,missing_projection_metric
pitcher,2025,RotoWire,p_99369324bab1d4ff69bc1d02,s_ebe7080cf02f05558f239c11,K%,missing_projection_metric
pitcher,2025,RotoWire,p_dae2cbdd6aaffa6c61bee2de,s_ac7bd2ba65d66272bcf3b3f1,K%,missing_projection_metric
pitcher,2025,RotoWire,p_14f528eb56e4572f1129bda9,s_3c0875a175a3c9c544575c1c,K%,missing_projection_metric
pitcher,2025,RotoWire,p_9f550caec192fd42d10ff1b3,s_56fe9d2ae5656ddc8accc6bc,K%,missing_projection_metric
pitcher,2025,RotoWire,p_1b7aadf4254d0c04b28301e5,s_43098b7a7bdced36fd43f7bd,K%,missing_projection_metric
pitcher,2025,RotoWire,p_b9bda4330db43c739314fce4,s_b3550f4ba2da2f9477008532,K%,missing_projection_metric
pitcher,2025,RotoWire,p_8e3c5b6d41ea95d4beeb3c30,s_435704631bc6ff87f65c8cda,K%,missing_projection_metric
pitcher,2025,RotoWire,p_6b4f95ec9ffb4fe368a2576d,s_90f3f0aedd767974d861b2f6,K%,missing_projection_metric
pitcher,2025,RotoWire,p_c8060e0ca736e951c5c4b226,s_e5329c1fbf065f9ebf7d59ea,K%,missing_projection_metric
pitcher,2025,RotoWire,p_9c980b6b55a25e9cec08f624,s_ccfb08be6f2f1c97d4c9fc6b,K%,missing_projection_metric
pitcher,2025,RotoWire,p_53fdc6d306dc44415d488e16,s_6353341599df804f17c2fa80,K%,missing_projection_metric
pitcher,2025,RotoWire,p_a8a4ea29b153fef404ad3bfc,s_8a51ab5d3d74f09f84f631f6,K%,missing_projection_metric
pitcher,2025,RotoWire,p_aa3f542bce2dddb882aa93ae,s_c1615b2c4a8f03575e2469c6,K%,missing_projection_metric
pitcher,2025,RotoWire,p_3f88e6009659057719b46325,s_4719da202834a43dc9db52c7,K%,missing_projection_metric
pitcher,2025,RotoWire,p_fff5f1ebef83eebba71e9bbc,s_56f0935bba5ae3b683cc004e,K%,missing_projection_metric
pitcher,2025,RotoWire,p_6ae7476d65dc554f359685a1,s_535e7c065cd55accd3f8a335,K%,missing_projection_metric
pitcher,2025,RotoWire,p_c5178381d162a4b5d9527eb0,s_105ed20657dbfd6cb452bcba,K%,missing_projection_metric
pitcher,2025,RotoWire,p_b7580c74682c1a1cc5d24abd,s_cb27e5d71fac3e7de2d40e05,K%,missing_projection_metric
pitcher,2025,RotoWire,p_1cb2a2b9966604f2d0295576,s_436a64c904990c995f85e8f4,K%,missing_projection_metric
pitcher,2025,RotoWire,p_ccf29ec3fb51dbf128d874e4,s_d797c3e99a3ed77a9ad77c9a,K%,missing_projection_metric
pitcher,2025,RotoWire,p_517403ae3a1b79a433390aec,s_0c7393921b309e16500ad1fa,K%,missing_projection_metric
pitcher,2025,RotoWire,p_4a0039a3c02b3a1181636c3b,s_8a88544d9fd9c8b3ef64e6b3,K%,missing_projection_metric
pitcher,2025,RotoWire,p_9cf33bb8d6b6c72759e3b41d,s_6a673087a03c512059b90e15,K%,missing_projection_metric
pitcher,2025,RotoWire,p_54dfc42aa6e80f0846f08fcf,s_100722f139b822b5b3c2c65d,K%,missing_projection_metric
pitcher,2025,RotoWire,p_05aa5556dc44afe342917893,s_c5c3d1044f1e194a74aca8f8,K%,missing_projection_metric
pitcher,2025,RotoWire,p_e78d76af2b3a156869586232,s_888f90ecbe8d1073a5ad7332,K%,missing_projection_metric
pitcher,2025,RotoWire,p_6ab2031cdd4bbac15cafe542,s_9fda42b7542fc5ca7fc17303,K%,missing_projection_metric
pitcher,2025,RotoWire,p_9b79266fde272f3b8d161342,s_bf738b2e970ad75ccd5d4efb,K%,missing_projection_metric
pitcher,2025,RotoWire,p_19d2c7ec4ec2d984744eb5b3,s_54609b1f17adfb7de0fec66d,K%,missing_projection_metric
pitcher,2025,RotoWire,p_ce22d4726510344d78fb2e38,s_45e88be5add8d5dbf3f8ce88,K%,missing_projection_metric
pitcher,2025,RotoWire,p_54517e847736a45c8b1dabfd,s_e78453d02e40c51b68d93389,K%,missing_projection_metric
pitcher,2025,RotoWire,p_3c08e81780e0bae6ae834dda,s_ece03c80c533ef64dfff902d,K%,missing_projection_metric
pitcher,2025,RotoWire,p_021a6060a1c63e57e8422db3,s_77238097193d86a50b436a21,K%,missing_projection_metric
pitcher,2025,RotoWire,p_3a7abee15307a192a502f9bc,s_a9087f4c4791964265b0365a,K%,missing_projection_metric
pitcher,2025,RotoWire,p_8183d10c86c33b8c9d22b5ae,s_c2a6380152bcbf86c355da68,K%,missing_projection_metric
pitcher,2025,RotoWire,p_c81a0386598bf2f14a51264d,s_a176edd4d8278173498e9924,K%,missing_projection_metric
pitcher,2025,RotoWire,p_e5489bb69c8bf14362185b49,s_86cfd190420841839ebafc64,K%,missing_projection_metric
pitcher,2025,RotoWire,p_ea314bca6aece5d192c6a5b0,s_b226de9652ab1d12e9b31d44,K%,missing_projection_metric
pitcher,2025,RotoWire,p_de239dab073ee70e594e1202,s_57f1beccb1614551549937a0,K%,missing_projection_metric
pitcher,2025,RotoWire,p_64d490748b87ded9dfc75248,s_9ecbe2485f56f1bacd86b818,K%,missing_projection_metric
pitcher,2025,RotoWire,p_9316c4dc392000b5e1ac832e,s_b83d75689891565687b5faf8,K%,missing_projection_metric
pitcher,2025,RotoWire,p_45b474063e26679f1fc83858,s_887c4fbc3d6d064859edb786,K%,missing_projection_metric
pitcher,2025,RotoWire,p_070918a027c45f11ba1c7216,s_652f53f05592046a3dd377ca,K%,missing_projection_metric
pitcher,2025,RotoWire,p_c6edb861266cca1d8b7777f3,s_6d800329de2bafa05d08a462,K%,missing_projection_metric
pitcher,2025,RotoWire,p_ffe00fc2f01b7827200e26a4,s_fb86158334d9f7426cdfe8a6,K%,missing_projection_metric
pitcher,2025,RotoWire,p_d97c2be92435bc60ddb1a9e3,s_889ef6ec004b223edd2ad2fd,K%,missing_projection_metric
pitcher,2025,RotoWire,p_e10fdff8ef686e5845a7cfee,s_f1b3f61240e7ded1134c018c,K%,missing_projection_metric
pitcher,2025,RotoWire,p_a1dd30c06e29129ba5461f1e,s_f91bb4ac1d81e7dff08289a4,K%,missing_projection_metric
pitcher,2025,RotoWire,p_a52253efb8f29cc26461b906,s_85fd0599b781d7e3905dcaa0,K%,missing_projection_metric
pitcher,2025,RotoWire,p_7b68f5f154ad8bbbaa3c2564,s_1651f3b6402dbae2da8e50a6,K%,missing_projection_metric
pitcher,2025,RotoWire,p_ab34ac7065869093f97fd7ed,s_c669b12b8305caf9709c5ca5,K%,missing_projection_metric
pitcher,2025,RotoWire,p_137f09ddbe2e7a9b7aa50ffb,s_c4699ae77165d3adc95e2d77,K%,missing_projection_metric
pitcher,2025,RotoWire,p_1bae71852df5bd62f85fc3e8,s_2a63508e41af44ba16f49d16,K%,missing_projection_metric
pitcher,2025,RotoWire,p_318949b8bccbfa80a4474acc,s_492eb465df6d48c3d3eca6ce,K%,missing_projection_metric
pitcher,2025,RotoWire,p_edfc64041b7ee8740960ecff,s_f621d5b96579ee209078c9c8,K%,missing_projection_metric
pitcher,2025,RotoWire,p_45d1adc7248c7477ef8737e2,s_8433c864b70fb3c53dd0050e,K%,missing_projection_metric
pitcher,2025,RotoWire,p_de590bfab110555b10280410,s_e6c729a70b9891197fccef50,K%,missing_projection_metric
pitcher,2025,RotoWire,p_463c8505b18605c1574ec77d,s_38aec7ebe11a10d0d3bef8c1,K%,missing_projection_metric
pitcher,2025,RotoWire,p_48da1d101e8cb6eb88275ac2,s_1f194d63eaa21159d2bac1e6,K%,missing_projection_metric
pitcher,2025,RotoWire,p_cf41ac27465da6068c022374,s_fdda85a05ff074753fb415ea,K%,missing_projection_metric
pitcher,2025,RotoWire,p_f42b4ea020ded781aef89044,s_a865a394c29afb8502b6fcdc,K%,missing_projection_metric
pitcher,2025,RotoWire,p_c16ceee80f9bfb1fec04cdfe,s_4d262fad0e5e52a1e7b526d0,K%,missing_projection_metric
pitcher,2025,RotoWire,p_8563b288cabc5a90c0b362fd,s_5b42055fd0c0579bccbfd923,K%,missing_projection_metric
pitcher,2025,RotoWire,p_3d7dbeb61bf17e62ef16d36b,s_71b13b25a18beb82283f0326,K%,missing_projection_metric
pitcher,2025,RotoWire,p_cb7e3547063497ea6d59f8f1,s_5d61a7c462e0150cc7513c57,K%,missing_projection_metric
pitcher,2025,RotoWire,p_ae1758e742025670aed362b1,s_4d780221cbf8a9b4d3e1cc11,K%,missing_projection_metric
pitcher,2025,RotoWire,p_4c3ded7fcf0ddb95f5c59a5b,s_dc61b3cd8d307c749a8ec6c7,K%,missing_projection_metric
pitcher,2025,RotoWire,p_e75b990817978805c31533be,s_2ba83e927f5906c097015d5a,K%,missing_projection_metric
pitcher,2025,RotoWire,p_2760b771d5d2d52f8c0db525,s_17fb74c3deb0e557fe91c3ee,K%,missing_projection_metric
pitcher,2025,RotoWire,p_c1d12d935a24fbd60d6cf764,s_42c9739ccb4982c0793bf278,K%,missing_projection_metric
pitcher,2025,RotoWire,p_0e089b0f2e016b32a874b52f,s_a7bd69f9803ddb629f9aa44f,K%,missing_projection_metric
pitcher,2025,RotoWire,p_99f38b09686a812eec67a07d,s_84563be9c5432a2c0a56dc73,K%,missing_projection_metric
pitcher,2025,RotoWire,p_87e0f824b432c68de2f1cdda,s_e3ac09cfa98cc6ef4933b538,K%,missing_projection_metric
pitcher,2025,RotoWire,p_69b6354aceb0713a9f9ccb55,s_be9d0bec86ad87e3063c6e42,K%,missing_projection_metric
pitcher,2025,RotoWire,p_b780c726b42fc01482d044ea,s_715b1b1eaa85de2818e3807e,K%,missing_projection_metric
pitcher,2025,RotoWire,p_4418e268dc293e4c447c6546,s_2fdeb3ea829bb8c5e21c64c0,K%,missing_projection_metric
pitcher,2025,RotoWire,p_4f63322407a16b6cb9e684d5,s_1d4895b30166a8ae8d417c0e,K%,missing_projection_metric
pitcher,2025,RotoWire,p_4666c8933a6cfbcd75a49204,s_614b59fb9e144d8364219072,K%,missing_projection_metric
pitcher,2025,RotoWire,p_371a1a346ec1e2f9db0ad977,s_8b575a6c3720c2267160d323,K%,missing_projection_metric
pitcher,2025,RotoWire,p_a040d5160e3ed9b54434cfbb,s_9a6d13250b43ef64b96c1c90,K%,missing_projection_metric
pitcher,2025,RotoWire,p_31e198d6dadb10cdd4b3261f,s_150efa8bdc69fc1d8768e280,K%,missing_projection_metric
pitcher,2025,RotoWire,p_fde1cb0513829d5de21b3f1e,s_da4e5864abbc09ade830748c,K%,missing_projection_metric
pitcher,2025,RotoWire,p_d0cb62e3b68e340a9cdfacc2,s_370f78e1277c5715e23970b5,K%,missing_projection_metric
pitcher,2025,RotoWire,p_2685c99f10ed43abee99e8eb,s_b3befddb8baec226a66edd6b,K%,missing_projection_metric
pitcher,2025,RotoWire,p_d92fc75e4628979a37144e5a,s_94dea86304b7bedd815daf24,K%,missing_projection_metric
pitcher,2025,RotoWire,p_5ab6446da06e03d88133c394,s_3df184fa46695249cddfc69d,K%,missing_projection_metric
pitcher,2025,RotoWire,p_38048eea2f7c671d69ecd76b,s_e2c7c0f2e510d76d1bdb960a,K%,missing_projection_metric
pitcher,2025,RotoWire,p_161e5a9305eaea8fb63c7654,s_b1cc98cf67a5ab36a51bdf8b,K%,missing_projection_metric
pitcher,2025,RotoWire,p_a6d5aaf96c6c17db57e8301a,s_c1ecd205c72d066a9f7b7c53,K%,missing_projection_metric
pitcher,2025,RotoWire,p_2593790323a77719d1ad29bc,s_e97d5544ba4b7185742d7974,K%,missing_projection_metric
pitcher,2025,RotoWire,p_f7bab10a7c231ef55feda704,s_4ba51d2b4410abbf33265502,K%,missing_projection_metric
pitcher,2025,RotoWire,p_76d7ef74cfa636d8b9d155bd,s_9f49ed5b36d0239cacbae491,K%,missing_projection_metric
pitcher,2025,RotoWire,p_0f35ba84bee190d22ffef471,s_213cb026b91aefc6d9abee98,K%,missing_projection_metric
pitcher,2025,RotoWire,p_f50562cd42d6cc25aedd76e1,s_b959c879d73ea31876e14d2f,K%,missing_projection_metric
pitcher,2025,RotoWire,p_f33b45e0082d9a26a8b16000,s_9251669c86c2952bada9ba2b,K%,missing_projection_metric
pitcher,2025,RotoWire,p_f6143c39e5a443ea5b2ad3c7,s_bca6994f2c680025650790d2,K%,missing_projection_metric
pitcher,2025,RotoWire,p_ad235584736e2db776c9f300,s_29050e28695d8da813456d0a,K%,missing_projection_metric
pitcher,2025,RotoWire,p_9085615513755fa3b7c88ed7,s_a26000f6944b083d9e6da7c7,K%,missing_projection_metric
pitcher,2025,RotoWire,p_922ce00ab6c0df908faed3ae,s_ad5ac052d65adb2ee4242690,K%,missing_projection_metric
pitcher,2025,RotoWire,p_dae721ae0af6fe067aae9fe3,s_ca3b905c8554ed7d182a15bf,K%,missing_projection_metric
pitcher,2025,RotoWire,p_1142060f4e1e790850d30e59,s_3460d6493747324b74b183ea,K%,missing_projection_metric
pitcher,2025,RotoWire,p_15e9d5754d68658e8f9cb116,s_9d75f7f56f40558ddc22aa1a,K%,missing_projection_metric
pitcher,2025,RotoWire,p_30abefb7f554a01f12b64dc7,s_6772667c4c022386564568fa,K%,missing_projection_metric
pitcher,2025,RotoWire,p_76021b92269cadefa31be9e1,s_c7abf902bdfdb97c47d4aa32,K%,missing_projection_metric
pitcher,2025,RotoWire,p_b8c36673c22e36da61b875f4,s_85a42b69a24a8d83f85248f3,K%,missing_projection_metric
pitcher,2025,RotoWire,p_4e095ac42b4a01d1fdf29e14,s_b4a87e9dbe9ef15b6a130db9,K%,missing_projection_metric
pitcher,2025,RotoWire,p_e4a10c7f007942d7d013ffa8,s_0072450d9b96b06502c0ae44,K%,missing_projection_metric
pitcher,2025,RotoWire,p_f1199c5e49b77b823fde65db,s_943d184f47090ed2d8c4c664,K%,missing_projection_metric
pitcher,2025,RotoWire,p_2d89951f468f9685aecc45ef,s_194988855f3c55896cc03a0c,K%,missing_projection_metric
pitcher,2025,RotoWire,p_f6c81be67460a702270428c3,s_56fa9849d3aff2f48316bcbe,K%,missing_projection_metric
pitcher,2025,RotoWire,p_05f3918b6278bcd6d3856315,s_97ea146655769b5572fca58b,K%,missing_projection_metric
pitcher,2025,RotoWire,p_745eebfeac9df0e2aad9810a,s_445c824850867c3bb894da5f,K%,missing_projection_metric
pitcher,2025,RotoWire,p_bc1f7345b1d67fbf1e7c9f68,s_5730ca86323fdb14f146f35c,K%,missing_projection_metric
pitcher,2025,RotoWire,p_c564f60ca570a42cae848b9d,s_f2eab4d9d81cf97b5c44d6db,K%,missing_projection_metric
pitcher,2025,RotoWire,p_4b42caae2c74a4d78fc1d2c5,s_109893db5e83bd3effb1a5cc,K%,missing_projection_metric
pitcher,2025,RotoWire,p_93b79e92d76fa2af9c41c2cb,s_669b023296b33fb89e085b83,K%,missing_projection_metric
pitcher,2025,RotoWire,p_b761f7b76b0b90bfde27fc8b,s_fa82c1743ba6b15bfc578f5b,K%,missing_projection_metric
pitcher,2025,RotoWire,p_dedb29c4c8c6ce892139f533,s_281e71d67ee4b22041aadc7d,K%,missing_projection_metric
pitcher,2025,RotoWire,p_0876ad8121b608233facdf46,s_e7f1002bdea6d80d857f8385,K%,missing_projection_metric
pitcher,2025,RotoWire,p_d445cfc4cbcbaa36bc71236d,s_f5dcbe16ec6c753f7cf33033,K%,missing_projection_metric
pitcher,2025,RotoWire,p_8b9cb10f6657921d3c1ea1a2,s_1efc2756edf6880709ba68de,K%,missing_projection_metric
pitcher,2025,RotoWire,p_79db076d96a757be408fc0b5,s_86f961e5e6c775047e490063,BB%,missing_projection_metric
pitcher,2025,RotoWire,p_70c49bf0f0626ec80e6293cd,s_2075eb92972f658f0ada0c62,BB%,missing_projection_metric
pitcher,2025,RotoWire,p_7f3c31a904c074d502da70d5,s_967c576a0e0a9a0d779e27c4,BB%,missing_projection_metric
pitcher,2025,RotoWire,p_076050d971510ecbad0e9fc2,s_3ee3fbd5d16391748759d888,BB%,missing_projection_metric
pitcher,2025,RotoWire,p_8f3911a4b3d4f5c1ddf408bd,s_24cb492adf23c864a1baebe7,BB%,missing_projection_metric
pitcher,2025,RotoWire,p_a8c6e164b8c9d48c0a076f2c,s_71672de7075b1b3e2015028e,BB%,missing_projection_metric
pitcher,2025,RotoWire,p_6146eadc3c516491667a222c,s_1b3fc20e1732bf7117afa961,BB%,missing_projection_metric
pitcher,2025,RotoWire,p_961f6e00dd2d95905acb6d7f,s_f008a382e5e106c23257cd0c,BB%,missing_projection_metric
pitcher,2025,RotoWire,p_7837da98084befe7500c0de1,s_37d9846050a8addb84b48be7,BB%,missing_projection_metric
pitcher,2025,RotoWire,p_0708260b07e6d68ac2144df7,s_f2d45531c0425b7a4add7853,BB%,missing_projection_metric
pitcher,2025,RotoWire,p_ab80696a06cabb94d0590e17,s_fb57d4cdee0e208cef59d773,BB%,missing_projection_metric
pitcher,2025,RotoWire,p_d37981ebca7896eb8c5d5e08,s_68feff298629301ed51a0396,BB%,missing_projection_metric
pitcher,2025,RotoWire,p_c403496243559cd5f45b24de,s_cd1f12e8a3b2c80fe2edc2cc,BB%,missing_projection_metric
pitcher,2025,RotoWire,p_6660c34756e8e079063c8590,s_a5ae7484af4f87fab217b512,BB%,missing_projection_metric
pitcher,2025,RotoWire,p_0ab41d8d7c86beb019a22451,s_394b9488aba2cdfdef170a29,BB%,missing_projection_metric
pitcher,2025,RotoWire,p_30de042ebbb0b98c455a5266,s_65e083e10d36c924088935a0,BB%,missing_projection_metric
pitcher,2025,RotoWire,p_b953f455340d5c6f3524bb9f,s_cd4b60316a75a54bac9fa4fa,BB%,missing_projection_metric
pitcher,2025,RotoWire,p_8cb9b18f097241aaca305ef9,s_32d8463be317f3cd3ba49373,BB%,missing_projection_metric
pitcher,2025,RotoWire,p_a519f6ec6b371e6f3cea0c99,s_180f7029795ae157a1549d31,BB%,missing_projection_metric
pitcher,2025,RotoWire,p_000215aa0a15c0d7ca6d5492,s_0d5fd81ac5e7fc17f2e2efe8,BB%,missing_projection_metric
pitcher,2025,RotoWire,p_ce0a7b766c90514f3d557d6b,s_95e50a1bbbacbd6af06669d0,BB%,missing_projection_metric
pitcher,2025,RotoWire,p_14ae2075371d15014297c7ae,s_bfc288a7590e5044e7afa2cf,BB%,missing_projection_metric
pitcher,2025,RotoWire,p_e57a7daba23968e0156d47d8,s_e7cc1c9888d13ade29a9746a,BB%,missing_projection_metric
pitcher,2025,RotoWire,p_e333710884baecb1ae5dba0f,s_34092bfcbe8d99bb4f82fcdd,BB%,missing_projection_metric
pitcher,2025,RotoWire,p_67c782a89ca0d0934cb67da0,s_a8a8c5e83cbd38399c51bea3,BB%,missing_projection_metric
pitcher,2025,RotoWire,p_5c31828b78f7ebd5a1f567ea,s_a3555dae0d77ed4d6f0af5ea,BB%,missing_projection_metric
pitcher,2025,RotoWire,p_dae655bcb2a707499b8da77f,s_f2dc4f5c089adc9809265bd6,BB%,missing_projection_metric
pitcher,2025,RotoWire,p_a55e1314437f703697888e9a,s_a6f8ee6d1ad97ca47b4a98db,BB%,missing_projection_metric
pitcher,2025,RotoWire,p_7f60fe780813d2e2f804a47f,s_51b05e47c797a13a2ff437a6,BB%,missing_projection_metric
pitcher,2025,RotoWire,p_a0b216e0f9bfe85b303b93e1,s_cc4dfbc3eefe9fb96f0dc3fe,BB%,missing_projection_metric
pitcher,2025,RotoWire,p_fac8fe6d0d4a7a73a2dc5d0b,s_6c61a6043fa12e677c845870,BB%,missing_projection_metric
pitcher,2025,RotoWire,p_4946d0fafc0d0ae33e1e930e,s_d864c5f17ca5a8fe47edb31f,BB%,missing_projection_metric
pitcher,2025,RotoWire,p_cc3893db1d216499b15a96b7,s_0aa26ad1d07c40add014cf60,BB%,missing_projection_metric
pitcher,2025,RotoWire,p_10a3e264d0d762f0a6116bf0,s_5a944d799fbdfd6525ea211c,BB%,missing_projection_metric
pitcher,2025,RotoWire,p_69bf94efbaeb173840b3fe59,s_44e76432a6313aa6d12b1be5,BB%,missing_projection_metric
pitcher,2025,RotoWire,p_5e4be1b675696e14d59387d7,s_70f41a4be8783880453119de,BB%,missing_projection_metric
pitcher,2025,RotoWire,p_bc5886f85f668aec59f650a3,s_9dd91974143eabdea1437724,BB%,missing_projection_metric
pitcher,2025,RotoWire,p_c5b82d72e1ce8ed1000e8ca9,s_c1b22e5e6cc4512eb55fa9a8,BB%,missing_projection_metric
pitcher,2025,RotoWire,p_b43c67aae95620f8ae32f063,s_a84edf73fa36abef9644106a,BB%,missing_projection_metric
pitcher,2025,RotoWire,p_78a8db997f51090cfa594d12,s_5ce470de36098cd9b445e94d,BB%,missing_projection_metric
pitcher,2025,RotoWire,p_56f8cacbf95fa9e9ccd5f037,s_8fc7a5a5fa897e388e1b0abe,BB%,missing_projection_metric
pitcher,2025,RotoWire,p_07394d99dcbd9729eb1c244b,s_036cb2d4fa7ce09ac36bc404,BB%,missing_projection_metric
pitcher,2025,RotoWire,p_f0656b8cbc96ad065e088776,s_d9c7a975e48906d3a5ef0e34,BB%,missing_projection_metric
pitcher,2025,RotoWire,p_17e93d5e2f0eff121bd2e922,s_c416261369d600e008a085b2,BB%,missing_projection_metric
pitcher,2025,RotoWire,p_05853e333f5ea183e286e9f3,s_b2be239d73fb864a1d73e804,BB%,missing_projection_metric
pitcher,2025,RotoWire,p_9d536cb354f545a79cf263ad,s_8d50a46a5c992501f52a6bf6,BB%,missing_projection_metric
pitcher,2025,RotoWire,p_19dec057e552049568aaec59,s_e71da14189701ba209f6cbcd,BB%,missing_projection_metric
pitcher,2025,RotoWire,p_ab201d9f00a18e2a1bcb84f8,s_13993469241eac6f963dc9f6,BB%,missing_projection_metric
pitcher,2025,RotoWire,p_d91a1459eee9777c42e1c294,s_841fd75fe95f71cbd91c19bd,BB%,missing_projection_metric
pitcher,2025,RotoWire,p_af8228da2186a3c55a0c0647,s_d062649e47a509ec8309c2ae,BB%,missing_projection_metric
pitcher,2025,RotoWire,p_e6f97a8200763e284decf5ae,s_4afce4b852d7f25a28289c61,BB%,missing_projection_metric
pitcher,2025,RotoWire,p_fdcc3c57fc1404d67ef4d33f,s_779530880a7228bde2d9297c,BB%,missing_projection_metric
pitcher,2025,RotoWire,p_97392f4b9a9bcd3580abacfa,s_10b218b01792f0a72d673db6,BB%,missing_projection_metric
pitcher,2025,RotoWire,p_081253e7d079edbb13e4e0de,s_d6486c8805c44f95f660fc71,BB%,missing_projection_metric
pitcher,2025,RotoWire,p_2b11176e1209a4155291382a,s_4f8699349416b629b7c9cdb9,BB%,missing_projection_metric
pitcher,2025,RotoWire,p_b2fab903e6ffc323ace73400,s_45692ab540d2afb7677b868e,BB%,missing_projection_metric
pitcher,2025,RotoWire,p_24a22b256217bda128f194b7,s_0fc4e259727cf0d4a1699684,BB%,missing_projection_metric
pitcher,2025,RotoWire,p_e6c685d4a42733d68c25210b,s_c5852801e71f75868a2b8e5c,BB%,missing_projection_metric
pitcher,2025,RotoWire,p_6cb3547deca91d83694527f9,s_0f0ea9b35f3935bec2bc6b34,BB%,missing_projection_metric
pitcher,2025,RotoWire,p_f154f9fe1937e83897788168,s_bed827776ea55416db2de1bf,BB%,missing_projection_metric
pitcher,2025,RotoWire,p_e596c20f3f965f74f208c29f,s_67bde5860efaaad382783ef4,BB%,missing_projection_metric
pitcher,2025,RotoWire,p_481d55069fc331213e830346,s_0b33c240c519607d8b589311,BB%,missing_projection_metric
pitcher,2025,RotoWire,p_5e4a0f72ee5813838f4aff38,s_7dd44086c38f1452cd7e80c0,BB%,missing_projection_metric
pitcher,2025,RotoWire,p_80b914cf66fe72410163fff3,s_10b73d3604cec1aaf6cffc01,BB%,missing_projection_metric
pitcher,2025,RotoWire,p_16e4efe96d962f1312ff2ed5,s_1951e4d33bf987993498a656,BB%,missing_projection_metric
pitcher,2025,RotoWire,p_46e0d496d589ec6fa5a35f6d,s_29cabfddb50ce02c147c4a13,BB%,missing_projection_metric
pitcher,2025,RotoWire,p_31b06a37157510ce6f137ea5,s_e0a82178aa302fc63cace7c8,BB%,missing_projection_metric
pitcher,2025,RotoWire,p_41d77fd79c69b4fb06385e5c,s_3b8f4f3aba1d2045a6f872ef,BB%,missing_projection_metric
pitcher,2025,RotoWire,p_5d461229c4f3a1d894c1ef5b,s_980f151addd9af79ec332a21,BB%,missing_projection_metric
pitcher,2025,RotoWire,p_cd9bbe80bf6ddc022831c8ce,s_d73d30cd8c4bde95d369a4ff,BB%,missing_projection_metric
pitcher,2025,RotoWire,p_b25d93daecd6b8c40be76364,s_c135030cd6e4073628595a99,BB%,missing_projection_metric
pitcher,2025,RotoWire,p_1e13703553ee4e761b93a8d2,s_9674218e1587488230618b21,BB%,missing_projection_metric
pitcher,2025,RotoWire,p_7c8aefd139986ac3072d388d,s_187255c7b00cb8bd4e6a0240,BB%,missing_projection_metric
pitcher,2025,RotoWire,p_41722893e1c4663095c86715,s_e48124f5b5ca1e634aeba97b,BB%,missing_projection_metric
pitcher,2025,RotoWire,p_71ab6c91e583b9c4b88368c8,s_46d68a8a448f1e79214c0172,BB%,missing_projection_metric
pitcher,2025,RotoWire,p_79c8921830ad0b38d9102933,s_c288cbe76caecc26c421b1d3,BB%,missing_projection_metric
pitcher,2025,RotoWire,p_132c5c809400e7c9829c64f8,s_596e218983291f4e3d25dcf8,BB%,missing_projection_metric
pitcher,2025,RotoWire,p_482534e7ea7122d637d036f9,s_1c19c7c5da11b4043127482c,BB%,missing_projection_metric
pitcher,2025,RotoWire,p_7c02936ac6ca07e9b01cbaf4,s_244b0deddb64032ca56a4cab,BB%,missing_projection_metric
pitcher,2025,RotoWire,p_bdacaf18408f4db91a1d636e,s_6c12dcca725d4926d3ee7967,BB%,missing_projection_metric
pitcher,2025,RotoWire,p_a22a4d8b57e5468ad3a65d76,s_55f607f45b40dd7e3db30b62,BB%,missing_projection_metric
pitcher,2025,RotoWire,p_49f446543bf69cca3e98837a,s_3618f5a47d0993724e75d13a,BB%,missing_projection_metric
pitcher,2025,RotoWire,p_b089c61cefb15acef80e4522,s_3b38504ed48087203fb3d5f9,BB%,missing_projection_metric
pitcher,2025,RotoWire,p_2dcfce41c52f17e2ea97a04c,s_b6df2ced8ecd7dce34225840,BB%,missing_projection_metric
pitcher,2025,RotoWire,p_3c11bca421face714ccc07b0,s_026fee40cf23f7a24af6e0ca,BB%,missing_projection_metric
pitcher,2025,RotoWire,p_a67d7439eaa5a301707a0a3a,s_dfb314cdd5427dbfc107c2ab,BB%,missing_projection_metric
pitcher,2025,RotoWire,p_d414670609afdbe251cf99be,s_21abbb2f06d73445152c3f56,BB%,missing_projection_metric
pitcher,2025,RotoWire,p_1ef924b32d2eeac5534b766e,s_a600875c79d3cd9a8899efa0,BB%,missing_projection_metric
pitcher,2025,RotoWire,p_1af5dd31a0e578895fc78c7a,s_cc1682013dd5e90c78677bf6,BB%,missing_projection_metric
pitcher,2025,RotoWire,p_3f22e91a73d176ec1adc71e5,s_3a970ab28bdcff2eb3f7f266,BB%,missing_projection_metric
pitcher,2025,RotoWire,p_36b9e4f3c1486512b790c92a,s_9ea09a9d0a3f5c8413039121,BB%,missing_projection_metric
pitcher,2025,RotoWire,p_bbe0b0144e2190d075a1534d,s_b76c8135f9593a8f7eb4073f,BB%,missing_projection_metric
pitcher,2025,RotoWire,p_b0e54ab450830f76f778c92d,s_e6439f2327f5a2d73b48cd6a,BB%,missing_projection_metric
pitcher,2025,RotoWire,p_eb72c6cdf331edfe333d7274,s_fc0167c5229fd6fbba43b46a,BB%,missing_projection_metric
pitcher,2025,RotoWire,p_3e9c50f5313e3ab52ed4ac9c,s_3fe0f78061c15f08b7880ebf,BB%,missing_projection_metric
pitcher,2025,RotoWire,p_13e78e88a5cf19b96c5da64a,s_7cc1173b2f0059711e5fe16a,BB%,missing_projection_metric
pitcher,2025,RotoWire,p_fdea2ad4794d12911ab12ec2,s_1032d2f30bf0e10bf606d17c,BB%,missing_projection_metric
pitcher,2025,RotoWire,p_2c23e59d57f37af52a2c0170,s_e5bbbabbd6e339b7d5ec5fe2,BB%,missing_projection_metric
pitcher,2025,RotoWire,p_b6c41e8a47dd22519ed59712,s_ff09fabc51917ff4a19e8d7d,BB%,missing_projection_metric
pitcher,2025,RotoWire,p_df9f7a1ee43910f98210f8d4,s_da8f917f97db8d7d5c7db9fa,BB%,missing_projection_metric
pitcher,2025,RotoWire,p_ce2c49b4be7d2bce7223a6a0,s_ee253e8a7f3c74bc44de96d9,BB%,missing_projection_metric
pitcher,2025,RotoWire,p_2d5fe2afb55076421b84c2d7,s_b8b72c5c9c0abb26dcbe6b2e,BB%,missing_projection_metric
pitcher,2025,RotoWire,p_4b322b3e9defa92b5a488baf,s_5953f48d648edde3dbeba230,BB%,missing_projection_metric
pitcher,2025,RotoWire,p_442f67b0e6c767028dd31107,s_b81e57834b0df6e2754fd402,BB%,missing_projection_metric
pitcher,2025,RotoWire,p_583ce1d38f5dfec0877a25c3,s_05ea99e9c576462c6a2261dd,BB%,missing_projection_metric
pitcher,2025,RotoWire,p_2269ea2145532d73c89362b1,s_918e1c90d28b084b836c06aa,BB%,missing_projection_metric
pitcher,2025,RotoWire,p_9c3f57de37187fa297d867da,s_398011692cd6435a9d29f006,BB%,missing_projection_metric
pitcher,2025,RotoWire,p_230ac4acbb3108f710292706,s_ed35952dd33ca8d1ea4aeabe,BB%,missing_projection_metric
pitcher,2025,RotoWire,p_f5a175e1a118851fbe27adfc,s_c0a5a35cdafa77f6939613fd,BB%,missing_projection_metric
pitcher,2025,RotoWire,p_d4640ce6f07822bb71b449d4,s_21cf41c1a4d7d1277ab690c3,BB%,missing_projection_metric
pitcher,2025,RotoWire,p_2a2d0322ad2e63c86800fbd2,s_eebbc1277864a19cec42ddf5,BB%,missing_projection_metric
pitcher,2025,RotoWire,p_f468eeff6fef7a47f63cd456,s_a6d837d6ef957efe2dd6c0d5,BB%,missing_projection_metric
pitcher,2025,RotoWire,p_1107fc33dd7fa76b67b0e2f6,s_a98f787994c0ea465e0658c6,BB%,missing_projection_metric
pitcher,2025,RotoWire,p_d7a6a481b2c8156315936897,s_0f252836a7366a68a5d86ede,BB%,missing_projection_metric
pitcher,2025,RotoWire,p_fae8649ac857a8babf1bdca8,s_33f69d1b5ad1c7734851d0fc,BB%,missing_projection_metric
pitcher,2025,RotoWire,p_281f00a360ce484be44c5eae,s_f3b08b8e8c06062988573232,BB%,missing_projection_metric
pitcher,2025,RotoWire,p_4c286b6792cd590ac26d8de5,s_ad1290a7e313e602c888e21f,BB%,missing_projection_metric
pitcher,2025,RotoWire,p_6cb98ada7d3e5f6be65307b2,s_5200595b6f5798afc74940e3,BB%,missing_projection_metric
pitcher,2025,RotoWire,p_0738eee4fb6a62334e2dc6a6,s_d38037f2c20bfbffb23ed3e0,BB%,missing_projection_metric
pitcher,2025,RotoWire,p_ba2387323b64d5ebd5d849ac,s_aa456a6ed7de5ea0e53936fc,BB%,missing_projection_metric
pitcher,2025,RotoWire,p_f2ee16b90f95f0ed772fe7aa,s_c497fe794f054e0771968624,BB%,missing_projection_metric
pitcher,2025,RotoWire,p_008193aef738335244441232,s_e444a7e8b884f75eb903d380,BB%,missing_projection_metric
pitcher,2025,RotoWire,p_0ba0cf7f94e74b8472593f01,s_414a57dbeb8997b8f723468a,BB%,missing_projection_metric
pitcher,2025,RotoWire,p_e04c5d25f1824514545fac27,s_a3517840d0405e110fb71680,BB%,missing_projection_metric
pitcher,2025,RotoWire,p_5dae408a50fd7a2ef23c70ad,s_df0d66d65b259c7c48461fa5,BB%,missing_projection_metric
pitcher,2025,RotoWire,p_c86be00e2784333930137667,s_74a39b103acc2638a448de77,BB%,missing_projection_metric
pitcher,2025,RotoWire,p_671b4ce2c3ec28ad663bf922,s_0bfd4064b0d3b695e4667925,BB%,missing_projection_metric
pitcher,2025,RotoWire,p_983985938701c89b957bf280,s_7dcefa1d1dba45e3364dbdf3,BB%,missing_projection_metric
pitcher,2025,RotoWire,p_833ff8e8d015c9ecd8ab1e4a,s_5b097fac77aef122f39ccda4,BB%,missing_projection_metric
pitcher,2025,RotoWire,p_1495f8ede09487e68eb6132f,s_0e580f533d1c88c971fb7729,BB%,missing_projection_metric
pitcher,2025,RotoWire,p_416065fb1e7bee98c8c06e9c,s_0a20fb2b61e60273dead431f,BB%,missing_projection_metric
pitcher,2025,RotoWire,p_712ae68dc57df5d305f2eced,s_e17b900eca1442f257698b60,BB%,missing_projection_metric
pitcher,2025,RotoWire,p_c64d1a71e8b698a4cf973c7e,s_97d3066f716d1f1c74cbbdc8,BB%,missing_projection_metric
pitcher,2025,RotoWire,p_39a4d35b75bdffcbcfddff84,s_130e889df931cad846339593,BB%,missing_projection_metric
pitcher,2025,RotoWire,p_b7e27b68ebd83bc6a468e72b,s_aef4560add238876576b5336,BB%,missing_projection_metric
pitcher,2025,RotoWire,p_6195a4077f4c42e4300606dc,s_913dbfeeeb78af7bf5adcd2c,BB%,missing_projection_metric
pitcher,2025,RotoWire,p_0656788e350d8a313901326d,s_f2c11db0faaa0102d6fb36cd,BB%,missing_projection_metric
pitcher,2025,RotoWire,p_7baf8732d9a598c647856252,s_90e64d81f560cd52d110de89,BB%,missing_projection_metric
pitcher,2025,RotoWire,p_036ba95158dbe1470dd58b5d,s_0009dd44414ce9f21133505e,BB%,missing_projection_metric
pitcher,2025,RotoWire,p_6b060d3dfdf334d2e513ce27,s_7b747ab7774559f90e1f0f04,BB%,missing_projection_metric
pitcher,2025,RotoWire,p_86bbc8fa57931321ecdf298d,s_3fe36898ff4124874d57bf61,BB%,missing_projection_metric
pitcher,2025,RotoWire,p_d6d57443ec08aa62f4f79d93,s_0b674adfe9f1bf620f377082,BB%,missing_projection_metric
pitcher,2025,RotoWire,p_ac8c5c8e84a95d130d682758,s_160af9786c5be9848d9e5639,BB%,missing_projection_metric
pitcher,2025,RotoWire,p_6a5ad9cf8a12ffa4c0cfffae,s_a5403ef8b7b52087aaed9014,BB%,missing_projection_metric
pitcher,2025,RotoWire,p_2d9cec8e1707efbb1e1cb52c,s_b9283324d20d52a77532d789,BB%,missing_projection_metric
pitcher,2025,RotoWire,p_2553085f66061508335f3fb1,s_1f4c27b1eaa9122d594edbee,BB%,missing_projection_metric
pitcher,2025,RotoWire,p_08c841183887e159fb3b9131,s_5331e8f9b0cefa195c5fd7c8,BB%,missing_projection_metric
pitcher,2025,RotoWire,p_dba406ee26bfb7503c1bf27d,s_42953f1c02f0de0109285512,BB%,missing_projection_metric
pitcher,2025,RotoWire,p_1dfc6e6af415ea42f3c5b686,s_4d503509ed4a01c0aecb43e2,BB%,missing_projection_metric
pitcher,2025,RotoWire,p_607b4432d07e4a7dfc0a7e67,s_29e15367f92ed51fe319244f,BB%,missing_projection_metric
pitcher,2025,RotoWire,p_2f8502e30665a12d3037adfa,s_1b911e08672a6aa69cd5e964,BB%,missing_projection_metric
pitcher,2025,RotoWire,p_dc952cf10742e3abc77f91bf,s_18556b27f16da21bb3c21940,BB%,missing_projection_metric
pitcher,2025,RotoWire,p_62360b5de96d90bc68e17dd9,s_1ad1eedfe5788eff438677ed,BB%,missing_projection_metric
pitcher,2025,RotoWire,p_f2af4380a6d1108c9d507592,s_e252b8b486cf9e842474d35d,BB%,missing_projection_metric
pitcher,2025,RotoWire,p_cdab5985b61ba75e14c1e3e7,s_7fe48e2c47e3dcc5c1ea19d2,BB%,missing_projection_metric
pitcher,2025,RotoWire,p_1821549cff26dbba5d4aca04,s_b641beace190fc226f5b02b1,BB%,missing_projection_metric
pitcher,2025,RotoWire,p_2f79f472a978afdd718437e0,s_bfb01addbf6fe0f28a2c3d6c,BB%,missing_projection_metric
pitcher,2025,RotoWire,p_6812838b39eb2c709ed072fd,s_d41b4fd0376177bde39d58cf,BB%,missing_projection_metric
pitcher,2025,RotoWire,p_c2f429582365b8384125cb6a,s_11628e648299e94d1acbcd19,BB%,missing_projection_metric
pitcher,2025,RotoWire,p_0e56dc24388067d6adf8d91b,s_5d5dda2cbffa7cbacb390ce4,BB%,missing_projection_metric
pitcher,2025,RotoWire,p_8961924234b18a32fc5f7a2c,s_063d72a8a5528edf111336a2,BB%,missing_projection_metric
pitcher,2025,RotoWire,p_d0ae9150ea080d20bd5ec95d,s_2234ec5d7fb744b08827806c,BB%,missing_projection_metric
pitcher,2025,RotoWire,p_d9c64dd40ed1ff65a53e6228,s_e9332b7665860065bc21993f,BB%,missing_projection_metric
pitcher,2025,RotoWire,p_fd293a60557159fc55b19a14,s_30dd9a4b7d03dabba0117762,BB%,missing_projection_metric
pitcher,2025,RotoWire,p_f5ba6b7a7aef6272c083449c,s_873fe86a76ee37a6c45ca9fd,BB%,missing_projection_metric
pitcher,2025,RotoWire,p_b8cb9339000eda49122a846d,s_bc22c5fb28b372c83cd68608,BB%,missing_projection_metric
pitcher,2025,RotoWire,p_f6d0db5ece194fe2beb1ec11,s_f5eea7d1d5c183aa9b517f64,BB%,missing_projection_metric
pitcher,2025,RotoWire,p_340afab40ed7623681903f52,s_d52adcac5cd60628dc647295,BB%,missing_projection_metric
pitcher,2025,RotoWire,p_6e405786ba3c4c7b03295e6c,s_b366497b22f23536a85a9b6d,BB%,missing_projection_metric
pitcher,2025,RotoWire,p_c9dcb3032a2a934069d036a1,s_0bb57399523486a8c2e674f3,BB%,missing_projection_metric
pitcher,2025,RotoWire,p_4d320f12f7ed1ac1d64a8564,s_bbb4da2feccc84c5cfee40c3,BB%,missing_projection_metric
pitcher,2025,RotoWire,p_c9c4b9c76960c47b342a00fe,s_00836f6a4aa8a07bbc9a4201,BB%,missing_projection_metric
pitcher,2025,RotoWire,p_2b6dc032a155f10c90f5d066,s_07f1aca0ff7d5dae687e216e,BB%,missing_projection_metric
pitcher,2025,RotoWire,p_17ae1171e92abea6543117d2,s_4e782d9310cb93d3942eda63,BB%,missing_projection_metric
pitcher,2025,RotoWire,p_e53dd34ff1049b4cdddde3b2,s_bfe6bfff4bf8f18ba2ac1f54,BB%,missing_projection_metric
pitcher,2025,RotoWire,p_67fd9d9af5f906af95676a62,s_658bc5564cf49cc03ef5272c,BB%,missing_projection_metric
pitcher,2025,RotoWire,p_fbcb5bbe88ef2a2cc64ce3bd,s_fd80993919b3a3aabe3f7435,BB%,missing_projection_metric
pitcher,2025,RotoWire,p_bf86f5798c2e549b7fb30ee2,s_a446e906c35a5c92dce13290,BB%,missing_projection_metric
pitcher,2025,RotoWire,p_6254917ef60e1ddc873e6f31,s_716caea0443e56d78a7e3796,BB%,missing_projection_metric
pitcher,2025,RotoWire,p_c385db74ca850410df462be2,s_45ccdecaf0d66e5fa6380a15,BB%,missing_projection_metric
pitcher,2025,RotoWire,p_94d21693ba45c52946454a20,s_7a3033e8c88241f6ddfc72fa,BB%,missing_projection_metric
pitcher,2025,RotoWire,p_f3591f0057a7a2816bc6c347,s_cd76b63f7a745bff08182ac6,BB%,missing_projection_metric
pitcher,2025,RotoWire,p_b38e7099b3fed40bc1dd2bdc,s_302d0f3ce70e73281bd0eaef,BB%,missing_projection_metric
pitcher,2025,RotoWire,p_991aeb6ad93c0dfba092e8e7,s_bbe1ab59b2612cbf015acfc3,BB%,missing_projection_metric
pitcher,2025,RotoWire,p_f092d568b762f9e2d2d576ac,s_852f2fa6ca21bd2337c8f3c6,BB%,missing_projection_metric
pitcher,2025,RotoWire,p_436ab07080c06918509193ab,s_b60f435221745729d63a09ae,BB%,missing_projection_metric
pitcher,2025,RotoWire,p_722d2ece3768b71aafae93e6,s_e79ea5b66173c3fb6fdb547b,BB%,missing_projection_metric
pitcher,2025,RotoWire,p_d0fba3de9f79f83a683ff425,s_9e4eef8349872be1240e33a2,BB%,missing_projection_metric
pitcher,2025,RotoWire,p_69cbff53fa69913aa98a74a7,s_549e12178fc9f863a3cb4395,BB%,missing_projection_metric
pitcher,2025,RotoWire,p_4ab1054e1b4679af5e62847e,s_4ff89a0fc05313b1aaeef3d9,BB%,missing_projection_metric
pitcher,2025,RotoWire,p_ca00aae418a6ebe5e7e21090,s_7e26c14b8a06bd5287f51048,BB%,missing_projection_metric
pitcher,2025,RotoWire,p_fa38c0264bcdff8ad2c4499e,s_37d0cf03a1957529acb26b6c,BB%,missing_projection_metric
pitcher,2025,RotoWire,p_bf0123618cb84b22ee89191d,s_8cac80bb3416bee7ec56704b,BB%,missing_projection_metric
pitcher,2025,RotoWire,p_35b1547fd86fd8631d0c0c08,s_af64cc7ddf1036cfb25b4800,BB%,missing_projection_metric
pitcher,2025,RotoWire,p_c9127bf6fe2742b6cdf5e2c0,s_116dcd047c0c50a01d8476bf,BB%,missing_projection_metric
pitcher,2025,RotoWire,p_61ff0cbc6adc34d5b5e66201,s_bd8ff4abe86f9d9dabd75234,BB%,missing_projection_metric
pitcher,2025,RotoWire,p_99556fc8912a79c6991db165,s_246247c81024d63b7181492f,BB%,missing_projection_metric
pitcher,2025,RotoWire,p_c2941564b78650e8c80a6590,s_c2ab4691e1d30766e616ad81,BB%,missing_projection_metric
pitcher,2025,RotoWire,p_0b16c16d0a16de2a6363baf5,s_1b1fc760e550dd7ac1043f88,BB%,missing_projection_metric
pitcher,2025,RotoWire,p_2929654d5957b9990cd15b63,s_9c07b9e7f31dd8e706e65435,BB%,missing_projection_metric
pitcher,2025,RotoWire,p_d25ebff370ce4e9202042d61,s_c0eb11a0e31a7c4c3d1b614b,BB%,missing_projection_metric
pitcher,2025,RotoWire,p_c665cca64b9d1ec36d25bc81,s_b313bad6b33d5ae235f0f82a,BB%,missing_projection_metric
pitcher,2025,RotoWire,p_09950035a7c10e145070d051,s_5348badb2010b775cc9c2947,BB%,missing_projection_metric
pitcher,2025,RotoWire,p_e6a9049543a2ac63183c17bf,s_b3a86582c8292daa28ba26d6,BB%,missing_projection_metric
pitcher,2025,RotoWire,p_2cbdc3dc2d503fe047479492,s_7171d268c8042941644b4e97,BB%,missing_projection_metric
pitcher,2025,RotoWire,p_5d4e00ed942914f0c7681334,s_f444a319bd7ccbcca7ed37cc,BB%,missing_projection_metric
pitcher,2025,RotoWire,p_5738a2c4aaf235e3c5ecf5c0,s_e9e139b24e0aba6e879bcf88,BB%,missing_projection_metric
pitcher,2025,RotoWire,p_4d4066d01c2accb962e2e48b,s_51ba75b1f0513c989d49d4a1,BB%,missing_projection_metric
pitcher,2025,RotoWire,p_a2de9bf5142663e3696178c7,s_4c5ed4a8845d030ddcb23758,BB%,missing_projection_metric
pitcher,2025,RotoWire,p_f542eded5fa5eaaea2b03d47,s_9ee19b8b168171721864425b,BB%,missing_projection_metric
pitcher,2025,RotoWire,p_5245cf30e7834dcfe275a8b3,s_20a19ca9a50f06d542f910c6,BB%,missing_projection_metric
pitcher,2025,RotoWire,p_9a6e9d0ac50ab7ec0e62b627,s_c174d2ace2a827f0ac9945ac,BB%,missing_projection_metric
pitcher,2025,RotoWire,p_ad5f4c4ff63f4dae1c70e25b,s_a53516fc6268debb5a17ba5d,BB%,missing_projection_metric
pitcher,2025,RotoWire,p_0760b56a9e63e457fb539e83,s_5c3f4cd602e90392092b7363,BB%,missing_projection_metric
pitcher,2025,RotoWire,p_4237d81a153d8369b516a611,s_18d4ae84da76b25c7bd4c5df,BB%,missing_projection_metric
pitcher,2025,RotoWire,p_bbf24fd73a782298f740b3f0,s_f513a9f87389cecca8b37355,BB%,missing_projection_metric
pitcher,2025,RotoWire,p_976e3a7c39f544bd2cb08e53,s_c62661a6379199418fec8356,BB%,missing_projection_metric
pitcher,2025,RotoWire,p_f63e3a5b237a41953e0522bd,s_6552197e6383b17241ea8f4e,BB%,missing_projection_metric
pitcher,2025,RotoWire,p_4f7f8b7fa67c451b93b2a673,s_da9eec596ce6df401d7be893,BB%,missing_projection_metric
pitcher,2025,RotoWire,p_a2c21b01e40c23d7fbb867a7,s_68df4d2c3502ba84aecdaed7,BB%,missing_projection_metric
pitcher,2025,RotoWire,p_6dcc3d04cf7940b67bd6d46b,s_4cfcb9c7b4ea90e879fde15d,BB%,missing_projection_metric
pitcher,2025,RotoWire,p_88f12ce5773978cc13241f7e,s_ea97465e60b74fb4381042d3,BB%,missing_projection_metric
pitcher,2025,RotoWire,p_1b7d5500d3348c285a56885f,s_c6142259d48d6c02cecc5ad2,BB%,missing_projection_metric
pitcher,2025,RotoWire,p_bdd33abf9842a85d639efdb4,s_099a38fe1751c1df7a90baa0,BB%,missing_projection_metric
pitcher,2025,RotoWire,p_9f5a6fd7b5c56e97737e286c,s_d481e4988788be605a0d60e5,BB%,missing_projection_metric
pitcher,2025,RotoWire,p_9437e878d2b83f99c586279f,s_0d3cd1d90ec05fa89b3232f8,BB%,missing_projection_metric
pitcher,2025,RotoWire,p_c58b2320aec9252222500ff6,s_3cb53def7ae06854714ba81c,BB%,missing_projection_metric
pitcher,2025,RotoWire,p_5dc97cee80b94155de1c01a1,s_a592aa264d22a248e359d9f6,BB%,missing_projection_metric
pitcher,2025,RotoWire,p_a5a04deac4056a7d183f7527,s_2d232f62d9075f1eac48dfb9,BB%,missing_projection_metric
pitcher,2025,RotoWire,p_8fd609c8d2c9daaeb06fb12f,s_c9aeb9e73741f6f72e415242,BB%,missing_projection_metric
pitcher,2025,RotoWire,p_45d1721e6163fdc317003890,s_f134e8d27f9a1332567684e7,BB%,missing_projection_metric
pitcher,2025,RotoWire,p_528ea38467ab7d19956a07c4,s_a21642d65bfb24700f2f4602,BB%,missing_projection_metric
pitcher,2025,RotoWire,p_b0cf8ae2b004dce051b6f4e5,s_1dd88f8fe2c0f522b9c3c18c,BB%,missing_projection_metric
pitcher,2025,RotoWire,p_8672879edc2751e3034d5cab,s_0e2349081fdcbd545cf7474d,BB%,missing_projection_metric
pitcher,2025,RotoWire,p_52cdf5aac19a3c4c28580306,s_7a26c6a04466701e4298f746,BB%,missing_projection_metric
pitcher,2025,RotoWire,p_ab12a3e682ee31d77d06721f,s_70151d5edc7bcc41d66e6c7b,BB%,missing_projection_metric
pitcher,2025,RotoWire,p_6b9903828f4f3e710cd779e7,s_62b861e07cddc8ab4b1b9758,BB%,missing_projection_metric
pitcher,2025,RotoWire,p_390110644e6ab59d439767a2,s_f27cb07cbd68e0aba35e9982,BB%,missing_projection_metric
pitcher,2025,RotoWire,p_9a2d81e4416b5d202f89af5f,s_cc93f408961df78cd5c3f929,BB%,missing_projection_metric
pitcher,2025,RotoWire,p_864d23ea9d38652d0bc80673,s_2c4a6fbc1014c04f834c19c6,BB%,missing_projection_metric
pitcher,2025,RotoWire,p_d326f0d57effe39186b9cc40,s_960df2d786e0460e6369e45a,BB%,missing_projection_metric
pitcher,2025,RotoWire,p_a4fad9d3dcf8925b9fb560a5,s_a48a9feaf608c028589d9a2f,BB%,missing_projection_metric
pitcher,2025,RotoWire,p_fe6a4f583a6c8a67c59c6a19,s_5c26641c771ce5a7c0bcbcc0,BB%,missing_projection_metric
pitcher,2025,RotoWire,p_c4371908df4426aa30810911,s_b4ffeb6d84260e3ef9a51dda,BB%,missing_projection_metric
pitcher,2025,RotoWire,p_debf3b356235599a4e7c505b,s_ef3979b21e07609d9cfd9cd5,BB%,missing_projection_metric
pitcher,2025,RotoWire,p_5c981546fbb330a0a1ff2621,s_d96b07c350bdfe20d3fae3f9,BB%,missing_projection_metric
pitcher,2025,RotoWire,p_b5c41f2a4e0be91512e6d378,s_4bbf9ec5f060738369f4d381,BB%,missing_projection_metric
pitcher,2025,RotoWire,p_50683f238138b1baa284c3d3,s_709a54723d6e9e01fbcf3149,BB%,missing_projection_metric
pitcher,2025,RotoWire,p_c503ccd5d3a208e3f2d4b6b2,s_89d5a48059a0a24741079c16,BB%,missing_projection_metric
pitcher,2025,RotoWire,p_2b424c8be951d8ba23bebe80,s_2a864798f2471ab725ec6daf,BB%,missing_projection_metric
pitcher,2025,RotoWire,p_28d92daeded3b1264245a417,s_b90faf380a079af8110bcde1,BB%,missing_projection_metric
pitcher,2025,RotoWire,p_f90f88e0127db2447d6b4b6b,s_56de0f9be908b5414b8fc1c0,BB%,missing_projection_metric
pitcher,2025,RotoWire,p_fa65bec2312b5d42d60ee8b4,s_38361bb8a6dc316862a86f25,BB%,missing_projection_metric
pitcher,2025,RotoWire,p_e5e680d02216328712a96f14,s_6a12420764855772b1227a52,BB%,missing_projection_metric
pitcher,2025,RotoWire,p_b35d34590b3ac43677949140,s_e1d23dde3bd3f555f82b6dc7,BB%,missing_projection_metric
pitcher,2025,RotoWire,p_1462eea9ad139526006f6fba,s_86d7c4aca93066b3141cbcea,BB%,missing_projection_metric
pitcher,2025,RotoWire,p_e0e812f1c8d46069cedfdc3e,s_e4ce3ca44a48b418924260ed,BB%,missing_projection_metric
pitcher,2025,RotoWire,p_eb4a76757bbdb89cea654ef5,s_2e82b7fd5818dba60602848f,BB%,missing_projection_metric
pitcher,2025,RotoWire,p_0af38066a94940e2b68bc8ba,s_c2c0c2f4c1e47f0b77cc7c70,BB%,missing_projection_metric
pitcher,2025,RotoWire,p_2efba3d8e54fcb8d1f5d09b3,s_9003a42077f57e8b59ec2f01,BB%,missing_projection_metric
pitcher,2025,RotoWire,p_6dd1c218fa3d789fd609b3e4,s_76db1242225c4f4aafc1a555,BB%,missing_projection_metric
pitcher,2025,RotoWire,p_b27e7408b46d9fc16441348e,s_595c0f469ac24cb7e977dff5,BB%,missing_projection_metric
pitcher,2025,RotoWire,p_acd9809fb06c81109d7ede29,s_07615f850cd2bf75f89bee54,BB%,missing_projection_metric
pitcher,2025,RotoWire,p_fcd7de7bb40bf45a6ca34cdb,s_29e7d289a6d49f697c76353a,BB%,missing_projection_metric
pitcher,2025,RotoWire,p_3b8c77fa245c713f7e0b7003,s_86ee1ea847929ca81a595e25,BB%,missing_projection_metric
pitcher,2025,RotoWire,p_4fc08c6725ad3ff7c1ff7ffb,s_ee90393fcfd067391314ec22,BB%,missing_projection_metric
pitcher,2025,RotoWire,p_832c0bfcb9b11d1926665bdf,s_4b7cf2d35f19d60cf1f39657,BB%,missing_projection_metric
pitcher,2025,RotoWire,p_86a05e73061b5c85d481ae47,s_99e78bc86638592072777087,BB%,missing_projection_metric
pitcher,2025,RotoWire,p_d240081eb8e6f1ec895ecf2d,s_6dec286b8d7f1b8ec59f5155,BB%,missing_projection_metric
pitcher,2025,RotoWire,p_1538868d7d068cf244dceb49,s_2294561cae83f2f82669b91b,BB%,missing_projection_metric
pitcher,2025,RotoWire,p_aebf4132a23ddbbf57422ae5,s_ec953b49634031ef0d7f33cb,BB%,missing_projection_metric
pitcher,2025,RotoWire,p_670e72cdda746fe85f68a08d,s_55c34cab10738325cb7388aa,BB%,missing_projection_metric
pitcher,2025,RotoWire,p_bbcccd33b7c810cfa8337201,s_66209888d106efca1a7e839d,BB%,missing_projection_metric
pitcher,2025,RotoWire,p_79592f0690636428c30a46f5,s_87d49fb4dcd34f72e0436f89,BB%,missing_projection_metric
pitcher,2025,RotoWire,p_35bb0a12c9538806f164c705,s_125288d8e694c89230519c03,BB%,missing_projection_metric
pitcher,2025,RotoWire,p_438ee9a2108e62d8d14a062a,s_a66df52f8f9b751c57e6c290,BB%,missing_projection_metric
pitcher,2025,RotoWire,p_4a61ee00a03f40227f39bfe7,s_bc44b816ee8e4bcf2b0e378e,BB%,missing_projection_metric
pitcher,2025,RotoWire,p_bf0f117e1d0e72128aaa01dd,s_ece467d2f6b561ae8466c671,BB%,missing_projection_metric
pitcher,2025,RotoWire,p_df19938cec41a3349a09f13c,s_1d77f1e3a4814b273bf9de01,BB%,missing_projection_metric
pitcher,2025,RotoWire,p_aca14cb4cc82e85ca78f4fe7,s_daff7a17b972db026977f034,BB%,missing_projection_metric
pitcher,2025,RotoWire,p_e68edd55c4d8c0af8968ba6d,s_0892f0beffc2f3293299feab,BB%,missing_projection_metric
pitcher,2025,RotoWire,p_f746ebfba251896b073cf6d5,s_f96cfaeba2378a30c67f1cd8,BB%,missing_projection_metric
pitcher,2025,RotoWire,p_7108c469d40316795ab472a1,s_f6579c793b55c609da5afe78,BB%,missing_projection_metric
pitcher,2025,RotoWire,p_359b780a64cc77ed793a7606,s_3c134333611cbb0a62d2cf7d,BB%,missing_projection_metric
pitcher,2025,RotoWire,p_840a7027a702a1c4e37e5527,s_4833243e5723eed8538f598d,BB%,missing_projection_metric
pitcher,2025,RotoWire,p_5df36053416da5d9071410b9,s_d710e376c4a4caa9ed5704fb,BB%,missing_projection_metric
pitcher,2025,RotoWire,p_9deb7e402f8cf109d514cac1,s_a516dafd7fd343006078350d,BB%,missing_projection_metric
pitcher,2025,RotoWire,p_e341706f55862548e5ff2e3a,s_925d496c3fe8d52b74893900,BB%,missing_projection_metric
pitcher,2025,RotoWire,p_9cdce3c51f326e76b98d6591,s_6083371a09f874207de1b1c4,BB%,missing_projection_metric
pitcher,2025,RotoWire,p_7b5211dc885fe1586bfbb758,s_1d1a7505c4b77d3cbf15c262,BB%,missing_projection_metric
pitcher,2025,RotoWire,p_1965206c1749b62f2876a8a0,s_dab2a5da6a1d1e125f878202,BB%,missing_projection_metric
pitcher,2025,RotoWire,p_3bbf0f43326b5fa1e90d1ad7,s_195df7e69fd29913107fff65,BB%,missing_projection_metric
pitcher,2025,RotoWire,p_f408d93b48d8da9a005af52b,s_ef95b026eb1ae8069f750cf5,BB%,missing_projection_metric
pitcher,2025,RotoWire,p_df9fd20dc552186aecc92c54,s_f7dbd48750e55365d3a11cf3,BB%,missing_projection_metric
pitcher,2025,RotoWire,p_e886ebd300c4c1987877017e,s_adb2361a8885da26a4454dc9,BB%,missing_projection_metric
pitcher,2025,RotoWire,p_5ccb2be6f00de2400349d1ac,s_377f72f29f2b32ee1eedff91,BB%,missing_projection_metric
pitcher,2025,RotoWire,p_03f6dd1978acd9701ea07f1a,s_95ba1a2f0b6ea0eaed533b6e,BB%,missing_projection_metric
pitcher,2025,RotoWire,p_c3234d25b2dd20cd6e385c8d,s_b8b49d6af6974510e313e24c,BB%,missing_projection_metric
pitcher,2025,RotoWire,p_2c26e1db411b6f9ae4a8f391,s_76b74269881b9437242be3b5,BB%,missing_projection_metric
pitcher,2025,RotoWire,p_406202e17ebfe7ebc319947f,s_d103d0f6782722ead6a0f7f5,BB%,missing_projection_metric
pitcher,2025,RotoWire,p_d8d53e9e8636ecf6680932fb,s_c3ba236de55228e46efc92be,BB%,missing_projection_metric
pitcher,2025,RotoWire,p_053b89527a245babaa9de7f9,s_32d6f9e0a53c2fd8881655da,BB%,missing_projection_metric
pitcher,2025,RotoWire,p_adde69a5f07d2ac65191bd61,s_f012d72d4e03d553814400c8,BB%,missing_projection_metric
pitcher,2025,RotoWire,p_8d0b8540a9345dbadb133c54,s_c328b3623dff95352647d78b,BB%,missing_projection_metric
pitcher,2025,RotoWire,p_a882285ec2332d4e35f9aea6,s_1bb2b2b451f44282b7e39b7f,BB%,missing_projection_metric
pitcher,2025,RotoWire,p_3bdfe3d1215674f4accf5fdd,s_c02cf0ffdaf05085e9d43b6c,BB%,missing_projection_metric
pitcher,2025,RotoWire,p_0239f62f150fdc94718a08a1,s_5fb2596862561deaca2d6ac3,BB%,missing_projection_metric
pitcher,2025,RotoWire,p_c341da0c4ed0d8e6d65d1eab,s_07a882c081ddcb5720354aa5,BB%,missing_projection_metric
pitcher,2025,RotoWire,p_9cca23a301a8a13d00cd6848,s_cf84183d9f3cd9459008b5d4,BB%,missing_projection_metric
pitcher,2025,RotoWire,p_6ee049f492a3325cbfb8d052,s_88342fd7b94a8c3780de2824,BB%,missing_projection_metric
pitcher,2025,RotoWire,p_7f797197ac1a11a7b3421d1b,s_2e030310e1bc80b10fa70afa,BB%,missing_projection_metric
pitcher,2025,RotoWire,p_4b5cf5b09427a2ddf59454fc,s_79d0084a87cb9a5acfbf7696,BB%,missing_projection_metric
pitcher,2025,RotoWire,p_65fdc9dc74636837b2495384,s_3fcad07cca78a09bf3c52d89,BB%,missing_projection_metric
pitcher,2025,RotoWire,p_87ce29e2ae2416664b1444de,s_61b1520b9766c466939cd1b7,BB%,missing_projection_metric
pitcher,2025,RotoWire,p_91748ec3a4fb9543ad6e456e,s_327a5e3991446f36ed7f841f,BB%,missing_projection_metric
pitcher,2025,RotoWire,p_17cd91dbd7209eb72b5b0bc1,s_2d99591e1d8ae4a2c7144bb2,BB%,missing_projection_metric
pitcher,2025,RotoWire,p_3f6b96f16faf2d5c1aa44e0a,s_0fcc122c71ded5e8386c1aac,BB%,missing_projection_metric
pitcher,2025,RotoWire,p_865cf7963df08564ce6cc619,s_fc36b53a621645385c724a93,BB%,missing_projection_metric
pitcher,2025,RotoWire,p_85531f0435fe2167b6bec63d,s_23c885ed49152eea5fab415e,BB%,missing_projection_metric
pitcher,2025,RotoWire,p_dbe5f8eba79f31ae2fbbef12,s_4390991637335ed3af92133d,BB%,missing_projection_metric
pitcher,2025,RotoWire,p_03939d9f4f366462a86d6720,s_c513dbe0854d911ae674d6a3,BB%,missing_projection_metric
pitcher,2025,RotoWire,p_022a47af63aded318f018d95,s_aee2f9bb3c4bb0d4bcff0788,BB%,missing_projection_metric
pitcher,2025,RotoWire,p_6fc12edf18996e0f7e6f48b7,s_db59ec368c1ee46a25e31879,BB%,missing_projection_metric
pitcher,2025,RotoWire,p_cb0a1ee1967dcd5a0313f1f4,s_58d9712caf1b9f20234a37c3,BB%,missing_projection_metric
pitcher,2025,RotoWire,p_e0efd3ededa73ca4e4f7ca65,s_6b94b808e1d2fd761b4c9894,BB%,missing_projection_metric
pitcher,2025,RotoWire,p_d031ef31b9165ade2a07de8a,s_3fcc2ea9f74169de5101a8b6,BB%,missing_projection_metric
pitcher,2025,RotoWire,p_74b20b99d57a6b4b6dcedc0b,s_69681267dddebb7ec49075f5,BB%,missing_projection_metric
pitcher,2025,RotoWire,p_e68383f7b94770edd764c7c7,s_60cd887d6619f292822d244d,BB%,missing_projection_metric
pitcher,2025,RotoWire,p_64e8114493f21a3998e972c5,s_06c735b143178b4a31bfd555,BB%,missing_projection_metric
pitcher,2025,RotoWire,p_64b62a02d557250c812ea353,s_514aa32d26a79b6c10a8f4dc,BB%,missing_projection_metric
pitcher,2025,RotoWire,p_2114033616e8bab28176ff3b,s_869306d850af7c0934765c1c,BB%,missing_projection_metric
pitcher,2025,RotoWire,p_5fad378e158b1cb676afef64,s_9d6336bf4ba6aa27f7b252e4,BB%,missing_projection_metric
pitcher,2025,RotoWire,p_61f4469f74d0edbc18e77e21,s_6950373d590ac3ac985d298a,BB%,missing_projection_metric
pitcher,2025,RotoWire,p_2f7d0b281325531322ffa74b,s_3a36aca826615b5a12215ea9,BB%,missing_projection_metric
pitcher,2025,RotoWire,p_43e8e7de2aa77634ff94469d,s_df221822a9611ba8539d0d01,BB%,missing_projection_metric
pitcher,2025,RotoWire,p_663ac2743b68ff849ac3f794,s_7e7fb42ddaf212f9e126a7e9,BB%,missing_projection_metric
pitcher,2025,RotoWire,p_5cb301be76b7e1a69519280c,s_23f2d22c00c00b6724704200,BB%,missing_projection_metric
pitcher,2025,RotoWire,p_202088ef4fa208bc8e552f15,s_00606acf9ae424299f6176e4,BB%,missing_projection_metric
pitcher,2025,RotoWire,p_d92f2d27a75f27f0e8a8f9b3,s_6aaa65136f505d34a045eb85,BB%,missing_projection_metric
pitcher,2025,RotoWire,p_d5e07201a0f1d0cfa596e762,s_7e2888f4376be27e8433e34e,BB%,missing_projection_metric
pitcher,2025,RotoWire,p_61ca94d7e3be2cbafe733df9,s_2e6f1513c04f0938dfd64e14,BB%,missing_projection_metric
pitcher,2025,RotoWire,p_f4be239312e641d1fd5e879e,s_a8600346d053a9614886a678,BB%,missing_projection_metric
pitcher,2025,RotoWire,p_3dac456e39a26258f30d8eb6,s_f6666bceed25272e5be1a6c4,BB%,missing_projection_metric
pitcher,2025,RotoWire,p_b28716a06c47ecd76023490d,s_4b51e02fa852a3b5e5024f06,BB%,missing_projection_metric
pitcher,2025,RotoWire,p_2043005deaaf8693e9eef0a1,s_4e0eb332a402d128504e7cfd,BB%,missing_projection_metric
pitcher,2025,RotoWire,p_61df43fce399be15228241c7,s_ab4a65e0c0662341af69cefb,BB%,missing_projection_metric
pitcher,2025,RotoWire,p_474b86765aff2f081bf6d73e,s_58fcecc6ba30b95795eda499,BB%,missing_projection_metric
pitcher,2025,RotoWire,p_8b89ea9a1656d4f4956ecd7b,s_70d2537d14256e3ce3fd2072,BB%,missing_projection_metric
pitcher,2025,RotoWire,p_3f747dc1e443a0eecfacc566,s_e72b9e98fa9780db7b403bb9,BB%,missing_projection_metric
pitcher,2025,RotoWire,p_c6a0ec40c899f7b2c1dfc7bf,s_44d395a95f6639ba69e597ec,BB%,missing_projection_metric
pitcher,2025,RotoWire,p_ebf87ec113e8b0f2ee8c9137,s_ad1557b0fccf2bb0826496ac,BB%,missing_projection_metric
pitcher,2025,RotoWire,p_bb5b45202cd0e3997a49a903,s_48a0ae197831833350301991,BB%,missing_projection_metric
pitcher,2025,RotoWire,p_1717f62465764e9d30864b06,s_3fac0a7bfd2f88b68c5e1bd3,BB%,missing_projection_metric
pitcher,2025,RotoWire,p_357a85c29d85f1c884799b6b,s_97072597db70214dcfde8941,BB%,missing_projection_metric
pitcher,2025,RotoWire,p_4055fa9f7ca334fe33a26bfe,s_7ace89390450b21db846905c,BB%,missing_projection_metric
pitcher,2025,RotoWire,p_9a77feb051159af9aee2063c,s_8410f83d4a08a65007970a2b,BB%,missing_projection_metric
pitcher,2025,RotoWire,p_c2e11e9b2895314b228d9143,s_e8e022b3ecd66bf68a1b8ae0,BB%,missing_projection_metric
pitcher,2025,RotoWire,p_7ecdbe2c0870f558f16c0f62,s_c7ef8754c93ff06114589af9,BB%,missing_projection_metric
pitcher,2025,RotoWire,p_46017178473b57a504f40f61,s_edd5f4479e3be01be64f3f01,BB%,missing_projection_metric
pitcher,2025,RotoWire,p_947372bfc438cf39d3a30665,s_c93a38052fc2a266a2f55789,BB%,missing_projection_metric
pitcher,2025,RotoWire,p_b13319e24b3552eff64d85bc,s_4c7758f25a943c1b55045063,BB%,missing_projection_metric
pitcher,2025,RotoWire,p_a743e95c751b76805136d443,s_86f6365fb442082c5d37a13f,BB%,missing_projection_metric
pitcher,2025,RotoWire,p_e19d9b502abd2d1b0b07ea2a,s_85bbaa54b6cf5a4af8b9ce1e,BB%,missing_projection_metric
pitcher,2025,RotoWire,p_8c118f1cce2683232f54416f,s_709d41c27bda27ec60cb2246,BB%,missing_projection_metric
pitcher,2025,RotoWire,p_6fd30c7531d5bc78103c740d,s_5315e853509ecdfc79e3d0d2,BB%,missing_projection_metric
pitcher,2025,RotoWire,p_74d9cd5a911ee5ed93663d77,s_397d6e30e510ecb1cdf39757,BB%,missing_projection_metric
pitcher,2025,RotoWire,p_bb82cb6ed787b635d6d9a9bd,s_efab43bf9c4191974e24d47c,BB%,missing_projection_metric
pitcher,2025,RotoWire,p_ecff128ebd3bcb2627d0226e,s_2d0f9a62589b79b837b50d6a,BB%,missing_projection_metric
pitcher,2025,RotoWire,p_5d9c98b0173958f4c189a129,s_886c6ab3b39ad92c8a1d6c6d,BB%,missing_projection_metric
pitcher,2025,RotoWire,p_8ed8dc08bf2fc22b7d5fdc9e,s_4972ee6e947ee22364a9803a,BB%,missing_projection_metric
pitcher,2025,RotoWire,p_de4f248f197b6ab7761cb09b,s_759b4b16f4f6a440e6a02ba0,BB%,missing_projection_metric
pitcher,2025,RotoWire,p_e23cb32e39c22be655441929,s_b8d6209de8a517fd4f2f8648,BB%,missing_projection_metric
pitcher,2025,RotoWire,p_068e7224bb054c1a9b281e8e,s_3167effc5d0cf472a1eee6d0,BB%,missing_projection_metric
pitcher,2025,RotoWire,p_a8216ccda0a59c4e665e7874,s_c7cedc47ff79bb96358cdd0b,BB%,missing_projection_metric
pitcher,2025,RotoWire,p_3e5cfa913cc4f482344401c1,s_45687258619aae6b77264604,BB%,missing_projection_metric
pitcher,2025,RotoWire,p_c3b7cc93fd3c9b7f57a21594,s_033d60e3e03bcbc50a04d27a,BB%,missing_projection_metric
pitcher,2025,RotoWire,p_873e9a85cedbbe1ba2ccefc2,s_eb8aedf1ea7e2e21133935b1,BB%,missing_projection_metric
pitcher,2025,RotoWire,p_8ececb63a3f2cebed969a98d,s_8f3c96ee4a69d714500063a4,BB%,missing_projection_metric
pitcher,2025,RotoWire,p_eef46cfc49e692afb37dbd7f,s_75b2194d80ba63fc11c6bb5d,BB%,missing_projection_metric
pitcher,2025,RotoWire,p_c8fcbc835fb5f66a0bd0f41e,s_1f63fa95c78f6c956019dd2a,BB%,missing_projection_metric
pitcher,2025,RotoWire,p_99be1f6c65672ddb89e36704,s_6fe13165731e4fc79b3b3a4e,BB%,missing_projection_metric
pitcher,2025,RotoWire,p_b71fbe75f62a06bbed6595ec,s_5dfec4cea0c9f53cb3413373,BB%,missing_projection_metric
pitcher,2025,RotoWire,p_2bd83f835d274b547829f07c,s_fad5986740e8ecd8924dbaac,BB%,missing_projection_metric
pitcher,2025,RotoWire,p_04895952d7d004fc8bb3f14b,s_19835f590cd07808fd5bde9f,BB%,missing_projection_metric
pitcher,2025,RotoWire,p_1b49209f0bd30dd5dc724000,s_0c84702fb435312752220a6c,BB%,missing_projection_metric
pitcher,2025,RotoWire,p_add0f7573f9388cbc02c0706,s_5844fe2d7a7b3e09f3f25469,BB%,missing_projection_metric
pitcher,2025,RotoWire,p_e0742aec163e8fe5a829ba96,s_15d208ff2ffb3836c592f362,BB%,missing_projection_metric
pitcher,2025,RotoWire,p_4f111a07b4c0259d31c89e0d,s_cc3584ffb0869f3336671ef3,BB%,missing_projection_metric
pitcher,2025,RotoWire,p_b051cf87af8a4244b6b81e2c,s_8079a38abb7b1d3e33b37f08,BB%,missing_projection_metric
pitcher,2025,RotoWire,p_288584b43feea72ac1e47a2d,s_fcc11cbf18ab0ab72031276e,BB%,missing_projection_metric
pitcher,2025,RotoWire,p_bad5772915c2a0ae9bf9c5f1,s_3e72dc993a5bb82d6d1108d2,BB%,missing_projection_metric
pitcher,2025,RotoWire,p_ca72c1190ab195d082d039a5,s_69beab1528ef5ee74454228c,BB%,missing_projection_metric
pitcher,2025,RotoWire,p_009e96c410d3379760f8b1a1,s_791c5de05abd428200d3bf54,BB%,missing_projection_metric
pitcher,2025,RotoWire,p_6ddc0b571359a20df4eac80a,s_2f0d8ebcc96baee198206fbe,BB%,missing_projection_metric
pitcher,2025,RotoWire,p_f5105d7ffd8537ed91519f0f,s_db40beb24419e8b1876955b6,BB%,missing_projection_metric
pitcher,2025,RotoWire,p_5485d94fef637de4cbcf9080,s_9982e77aae9b18a1ce107ed7,BB%,missing_projection_metric
pitcher,2025,RotoWire,p_14a0d313708d61eee3ed8e2d,s_342fb026107d067006758ce1,BB%,missing_projection_metric
pitcher,2025,RotoWire,p_a98211b93d765f76eace7471,s_da9e811978851fbb8075821a,BB%,missing_projection_metric
pitcher,2025,RotoWire,p_51a922809ad094b5a4433cdf,s_4fe70a5d7f38ef399d39712c,BB%,missing_projection_metric
pitcher,2025,RotoWire,p_a16d0151ecec817dcaa17d65,s_00631b99288fda61f3782a0d,BB%,missing_projection_metric
pitcher,2025,RotoWire,p_398375b387379868974113bb,s_eb75e97315033202b0af86c5,BB%,missing_projection_metric
pitcher,2025,RotoWire,p_0c3b6b4f617c9009bb6c76e7,s_ab86df393e5bec2931e9b82c,BB%,missing_projection_metric
pitcher,2025,RotoWire,p_67a7d083510fbec26f1ddc04,s_ee857fd83e804d2679544265,BB%,missing_projection_metric
pitcher,2025,RotoWire,p_a14b46668a060bb5629886e6,s_fc180048133518b19d66054b,BB%,missing_projection_metric
pitcher,2025,RotoWire,p_153188ef122e1ff0e54e37b2,s_b9c4007ff504093ea55d64df,BB%,missing_projection_metric
pitcher,2025,RotoWire,p_f59ee04f5b058c3f109d1631,s_18e883e6ec429c9d3d20643b,BB%,missing_projection_metric
pitcher,2025,RotoWire,p_1f226d7dd4cee0150a1549a0,s_37ba8749218df2f45e863a1e,BB%,missing_projection_metric
pitcher,2025,RotoWire,p_17536a68362f900664fa9f61,s_22453d06f100e721efd30da8,BB%,missing_projection_metric
pitcher,2025,RotoWire,p_867ee2262881488fe9e83603,s_6dd77f5846e1b53905d58d41,BB%,missing_projection_metric
pitcher,2025,RotoWire,p_73a90042ce9db308c725c28a,s_f50414f5a8b8e8202d7a83e5,BB%,missing_projection_metric
pitcher,2025,RotoWire,p_7343ba7168344875dfbe9cf1,s_6c90581a1ae094c569b8f7bc,BB%,missing_projection_metric
pitcher,2025,RotoWire,p_1d99fee357b2b193b50cce26,s_fc64fd22361fc98c1d60a581,BB%,missing_projection_metric
pitcher,2025,RotoWire,p_eccb7f5e13db472d4ab158a6,s_db025f76fb5908cbe217e409,BB%,missing_projection_metric
pitcher,2025,RotoWire,p_b3710509193a23f9fb6df89c,s_2147334925a1ca4b8e66d6ff,BB%,missing_projection_metric
pitcher,2025,RotoWire,p_97aae67787d9d128a0f68afd,s_3c8f43387f4160bc9b022afe,BB%,missing_projection_metric
pitcher,2025,RotoWire,p_c5ed138e0e635ef0aec7663a,s_889b3d83396d871cd7b8df61,BB%,missing_projection_metric
pitcher,2025,RotoWire,p_7e394fbf190746b9460471b6,s_b95ba853353cbaac2ee1bd42,BB%,missing_projection_metric
pitcher,2025,RotoWire,p_145721815ffdf403b65c76d6,s_d2e2f023dbf3d944f111ccc1,BB%,missing_projection_metric
pitcher,2025,RotoWire,p_dc94d49f14972788f07e6738,s_1ffefaa8feb14e60a150a002,BB%,missing_projection_metric
pitcher,2025,RotoWire,p_2fad58b9923436119be174e1,s_551e3ab338149c89ed242eae,BB%,missing_projection_metric
pitcher,2025,RotoWire,p_1577c13241c98d1b1b25a065,s_4c036d10011a7adc146c69c7,BB%,missing_projection_metric
pitcher,2025,RotoWire,p_e07feaacf0b72192ae4d9189,s_a97f43d446463817f3503323,BB%,missing_projection_metric
pitcher,2025,RotoWire,p_44f4ae0a56e818f589465db9,s_36d2d357de1dc4d52b4c5e4f,BB%,missing_projection_metric
pitcher,2025,RotoWire,p_c25dc1ad5c4247237938a311,s_d41c4415d3398c25edb8a107,BB%,missing_projection_metric
pitcher,2025,RotoWire,p_e97c60722d70876db2318cd9,s_b0fbf375ed1801b377c85d16,BB%,missing_projection_metric
pitcher,2025,RotoWire,p_3e586e64329db1dd04a4e3b8,s_1d1e14b2592af689ea34936c,BB%,missing_projection_metric
pitcher,2025,RotoWire,p_4dfc866ca5c495c85c00e1e6,s_22a119b9e7d4544246e3ea8c,BB%,missing_projection_metric
pitcher,2025,RotoWire,p_1eaa1d1baccc84d06d8ed931,s_4b35ede3a3317c0ec3d62672,BB%,missing_projection_metric
pitcher,2025,RotoWire,p_880a7122ece62032e449d29c,s_0c59367a67ee11aba4a648c7,BB%,missing_projection_metric
pitcher,2025,RotoWire,p_cb86fe05321827f7f78d2eac,s_b33d28c29e70ced3fabec954,BB%,missing_projection_metric
pitcher,2025,RotoWire,p_537e5057a32900098a2e0d2c,s_193d1ca2eb46eaf0524e8e04,BB%,missing_projection_metric
pitcher,2025,RotoWire,p_eda6f75e34f4854b11eeef97,s_912cd77114e91d82db669547,BB%,missing_projection_metric
pitcher,2025,RotoWire,p_791b3683027c9d8d92b609d0,s_db68800cd8a7d05698d8bb10,BB%,missing_projection_metric
pitcher,2025,RotoWire,p_359c4b8937e5970b4d98d188,s_c4249bc25ef364fa96a587d1,BB%,missing_projection_metric
pitcher,2025,RotoWire,p_d4a9b50b3224024b900f4e0c,s_0412b123fbe3927f79582d54,BB%,missing_projection_metric
pitcher,2025,RotoWire,p_9e7db66bfc565b709fe46853,s_579f4cbaead706faedc828d8,BB%,missing_projection_metric
pitcher,2025,RotoWire,p_80dabc460f667d0aafb8ff5c,s_dbf68400c8cdfa5c51bd5219,BB%,missing_projection_metric
pitcher,2025,RotoWire,p_fc18f428295d7ad8c21b667f,s_5fdf06f09ccf1a8db4f1f8c9,BB%,missing_projection_metric
pitcher,2025,RotoWire,p_1d65fb95d62bf324cbf07c1a,s_9989fd79189bcb7ce54cae2f,BB%,missing_projection_metric
pitcher,2025,RotoWire,p_20b5e71becf329de17a636b1,s_79ac1956a64b0bfbd158f6db,BB%,missing_projection_metric
pitcher,2025,RotoWire,p_2442495cf935c13e35ace791,s_994db47d24e7bddf17909934,BB%,missing_projection_metric
pitcher,2025,RotoWire,p_5622eaf6fed51b2f0badc28f,s_935c498e337e6227b2e97a54,BB%,missing_projection_metric
pitcher,2025,RotoWire,p_5a5e5a4baec1ff0e99cb37c5,s_c5bbc5852213b59d68498fb5,BB%,missing_projection_metric
pitcher,2025,RotoWire,p_b9be4dd9135ef8202ccbf94b,s_34230b6726a548e11a9c1c3f,BB%,missing_projection_metric
pitcher,2025,RotoWire,p_55e0b0cdfd06f59a14884d19,s_365487fec0ece5c3725150cf,BB%,missing_projection_metric
pitcher,2025,RotoWire,p_adfce089754d8fcf93c9d6eb,s_fd57ab6f1c661dcf4ba65375,BB%,missing_projection_metric
pitcher,2025,RotoWire,p_68ceebeeae0240ef1eeb496f,s_b7fe3d73d7ebf414636cd0a2,BB%,missing_projection_metric
pitcher,2025,RotoWire,p_cae67aa5fd092dca6407ccd8,s_14c052a9645d1310631fb848,BB%,missing_projection_metric
pitcher,2025,RotoWire,p_98cc697758a3fc95df098ccd,s_7441bb2c43becf490a807956,BB%,missing_projection_metric
pitcher,2025,RotoWire,p_410328aef7c939f61d4b7528,s_91fbc2ba8229d7602f4fc4e9,BB%,missing_projection_metric
pitcher,2025,RotoWire,p_9d5fc19a3ec0a2b92dad5383,s_579a47da3a9379194a7767e6,BB%,missing_projection_metric
pitcher,2025,RotoWire,p_27bd8d698914d52a637c58ce,s_890ffd10adfc792b0d4572f8,BB%,missing_projection_metric
pitcher,2025,RotoWire,p_37fb98747cdcda0fbfec7784,s_6526468ced49840a3dc273dd,BB%,missing_projection_metric
pitcher,2025,RotoWire,p_87897e21381c92d01d1670b6,s_9b98134a20f7dc9b89a473b1,BB%,missing_projection_metric
pitcher,2025,RotoWire,p_22eee69f8ac0239b99b11b78,s_466a695c06353110943c6b79,BB%,missing_projection_metric
pitcher,2025,RotoWire,p_ab8444dc7f51611939832036,s_205a1277c4b56904ef234c2d,BB%,missing_projection_metric
pitcher,2025,RotoWire,p_90e71871268b32dfc6280b86,s_e0ca8885af353a82f41d5c9e,BB%,missing_projection_metric
pitcher,2025,RotoWire,p_ad8eeecb96286785de1abf84,s_8e88f0858905459e15c55d20,BB%,missing_projection_metric
pitcher,2025,RotoWire,p_611b50d11016f9e5bac93980,s_130907414839b52ace848f8c,BB%,missing_projection_metric
pitcher,2025,RotoWire,p_1db467c6cfbfe96ad057338e,s_6aa39c6bafe2fb4d9ba2a6ed,BB%,missing_projection_metric
pitcher,2025,RotoWire,p_fa348e8a3e9e503fc5deebc7,s_9ce529e42bdf0bbb8a3785d6,BB%,missing_projection_metric
pitcher,2025,RotoWire,p_61da229a19dcb37d006d054f,s_5ef6d0a9159ec27ab314029c,BB%,missing_projection_metric
pitcher,2025,RotoWire,p_6d19fe3af838d3bcaf19f868,s_715102a97cc3e341d423ba7f,BB%,missing_projection_metric
pitcher,2025,RotoWire,p_3a1cb7d74d6ff8302a97f30f,s_5a42147701ae2c891d5592be,BB%,missing_projection_metric
pitcher,2025,RotoWire,p_08803fedfc7e3b44562070ba,s_bb1397a34c19df226e9748cd,BB%,missing_projection_metric
pitcher,2025,RotoWire,p_c1803acfc69807176b03fceb,s_28bc71725ca62bcd193dbeb8,BB%,missing_projection_metric
pitcher,2025,RotoWire,p_3d4fddbaa624427c64113cac,s_5c1637377642d706dcb2ba2a,BB%,missing_projection_metric
pitcher,2025,RotoWire,p_4ce2bc74d9bdc379de52f9fb,s_49d287eef5b6f749ab80133f,BB%,missing_projection_metric
pitcher,2025,RotoWire,p_1bd74263d59f9dcb39af1120,s_ecd41903fc74c0a3ecd285cc,BB%,missing_projection_metric
pitcher,2025,RotoWire,p_49ed2c7ffa16b9279ff3f555,s_8a9b63b2418b515e02966efa,BB%,missing_projection_metric
pitcher,2025,RotoWire,p_ce659b38e92388329f2ca16b,s_b361be04984a83d64a032cad,BB%,missing_projection_metric
pitcher,2025,RotoWire,p_b94cd2fa50a25f87a513580d,s_834eedc782ee038a817d3d6c,BB%,missing_projection_metric
pitcher,2025,RotoWire,p_6b8cba5bfea707d3dd734524,s_c54c7fad5efb2aefcf4976e8,BB%,missing_projection_metric
pitcher,2025,RotoWire,p_a6fa59945d5551b89676371f,s_4c1997b0dfe84d86c517117e,BB%,missing_projection_metric
pitcher,2025,RotoWire,p_0f524fd2285c4e78f5fe8913,s_9cf7c456ba8721383fb37fe0,BB%,missing_projection_metric
pitcher,2025,RotoWire,p_f8aa57bef4644632c1796d15,s_09b0d8d161448874e9d8e826,BB%,missing_projection_metric
pitcher,2025,RotoWire,p_5fdf2f3ccb63b4515b2eb625,s_7cb7da39ece94a436b3fa061,BB%,missing_projection_metric
pitcher,2025,RotoWire,p_99369324bab1d4ff69bc1d02,s_ebe7080cf02f05558f239c11,BB%,missing_projection_metric
pitcher,2025,RotoWire,p_dae2cbdd6aaffa6c61bee2de,s_ac7bd2ba65d66272bcf3b3f1,BB%,missing_projection_metric
pitcher,2025,RotoWire,p_14f528eb56e4572f1129bda9,s_3c0875a175a3c9c544575c1c,BB%,missing_projection_metric
pitcher,2025,RotoWire,p_9f550caec192fd42d10ff1b3,s_56fe9d2ae5656ddc8accc6bc,BB%,missing_projection_metric
pitcher,2025,RotoWire,p_1b7aadf4254d0c04b28301e5,s_43098b7a7bdced36fd43f7bd,BB%,missing_projection_metric
pitcher,2025,RotoWire,p_b9bda4330db43c739314fce4,s_b3550f4ba2da2f9477008532,BB%,missing_projection_metric
pitcher,2025,RotoWire,p_8e3c5b6d41ea95d4beeb3c30,s_435704631bc6ff87f65c8cda,BB%,missing_projection_metric
pitcher,2025,RotoWire,p_6b4f95ec9ffb4fe368a2576d,s_90f3f0aedd767974d861b2f6,BB%,missing_projection_metric
pitcher,2025,RotoWire,p_c8060e0ca736e951c5c4b226,s_e5329c1fbf065f9ebf7d59ea,BB%,missing_projection_metric
pitcher,2025,RotoWire,p_9c980b6b55a25e9cec08f624,s_ccfb08be6f2f1c97d4c9fc6b,BB%,missing_projection_metric
pitcher,2025,RotoWire,p_53fdc6d306dc44415d488e16,s_6353341599df804f17c2fa80,BB%,missing_projection_metric
pitcher,2025,RotoWire,p_a8a4ea29b153fef404ad3bfc,s_8a51ab5d3d74f09f84f631f6,BB%,missing_projection_metric
pitcher,2025,RotoWire,p_aa3f542bce2dddb882aa93ae,s_c1615b2c4a8f03575e2469c6,BB%,missing_projection_metric
pitcher,2025,RotoWire,p_3f88e6009659057719b46325,s_4719da202834a43dc9db52c7,BB%,missing_projection_metric
pitcher,2025,RotoWire,p_fff5f1ebef83eebba71e9bbc,s_56f0935bba5ae3b683cc004e,BB%,missing_projection_metric
pitcher,2025,RotoWire,p_6ae7476d65dc554f359685a1,s_535e7c065cd55accd3f8a335,BB%,missing_projection_metric
pitcher,2025,RotoWire,p_c5178381d162a4b5d9527eb0,s_105ed20657dbfd6cb452bcba,BB%,missing_projection_metric
pitcher,2025,RotoWire,p_b7580c74682c1a1cc5d24abd,s_cb27e5d71fac3e7de2d40e05,BB%,missing_projection_metric
pitcher,2025,RotoWire,p_1cb2a2b9966604f2d0295576,s_436a64c904990c995f85e8f4,BB%,missing_projection_metric
pitcher,2025,RotoWire,p_ccf29ec3fb51dbf128d874e4,s_d797c3e99a3ed77a9ad77c9a,BB%,missing_projection_metric
pitcher,2025,RotoWire,p_517403ae3a1b79a433390aec,s_0c7393921b309e16500ad1fa,BB%,missing_projection_metric
pitcher,2025,RotoWire,p_4a0039a3c02b3a1181636c3b,s_8a88544d9fd9c8b3ef64e6b3,BB%,missing_projection_metric
pitcher,2025,RotoWire,p_9cf33bb8d6b6c72759e3b41d,s_6a673087a03c512059b90e15,BB%,missing_projection_metric
pitcher,2025,RotoWire,p_54dfc42aa6e80f0846f08fcf,s_100722f139b822b5b3c2c65d,BB%,missing_projection_metric
pitcher,2025,RotoWire,p_05aa5556dc44afe342917893,s_c5c3d1044f1e194a74aca8f8,BB%,missing_projection_metric
pitcher,2025,RotoWire,p_e78d76af2b3a156869586232,s_888f90ecbe8d1073a5ad7332,BB%,missing_projection_metric
pitcher,2025,RotoWire,p_6ab2031cdd4bbac15cafe542,s_9fda42b7542fc5ca7fc17303,BB%,missing_projection_metric
pitcher,2025,RotoWire,p_9b79266fde272f3b8d161342,s_bf738b2e970ad75ccd5d4efb,BB%,missing_projection_metric
pitcher,2025,RotoWire,p_19d2c7ec4ec2d984744eb5b3,s_54609b1f17adfb7de0fec66d,BB%,missing_projection_metric
pitcher,2025,RotoWire,p_ce22d4726510344d78fb2e38,s_45e88be5add8d5dbf3f8ce88,BB%,missing_projection_metric
pitcher,2025,RotoWire,p_54517e847736a45c8b1dabfd,s_e78453d02e40c51b68d93389,BB%,missing_projection_metric
pitcher,2025,RotoWire,p_3c08e81780e0bae6ae834dda,s_ece03c80c533ef64dfff902d,BB%,missing_projection_metric
pitcher,2025,RotoWire,p_021a6060a1c63e57e8422db3,s_77238097193d86a50b436a21,BB%,missing_projection_metric
pitcher,2025,RotoWire,p_3a7abee15307a192a502f9bc,s_a9087f4c4791964265b0365a,BB%,missing_projection_metric
pitcher,2025,RotoWire,p_8183d10c86c33b8c9d22b5ae,s_c2a6380152bcbf86c355da68,BB%,missing_projection_metric
pitcher,2025,RotoWire,p_c81a0386598bf2f14a51264d,s_a176edd4d8278173498e9924,BB%,missing_projection_metric
pitcher,2025,RotoWire,p_e5489bb69c8bf14362185b49,s_86cfd190420841839ebafc64,BB%,missing_projection_metric
pitcher,2025,RotoWire,p_ea314bca6aece5d192c6a5b0,s_b226de9652ab1d12e9b31d44,BB%,missing_projection_metric
pitcher,2025,RotoWire,p_de239dab073ee70e594e1202,s_57f1beccb1614551549937a0,BB%,missing_projection_metric
pitcher,2025,RotoWire,p_64d490748b87ded9dfc75248,s_9ecbe2485f56f1bacd86b818,BB%,missing_projection_metric
pitcher,2025,RotoWire,p_9316c4dc392000b5e1ac832e,s_b83d75689891565687b5faf8,BB%,missing_projection_metric
pitcher,2025,RotoWire,p_45b474063e26679f1fc83858,s_887c4fbc3d6d064859edb786,BB%,missing_projection_metric
pitcher,2025,RotoWire,p_070918a027c45f11ba1c7216,s_652f53f05592046a3dd377ca,BB%,missing_projection_metric
pitcher,2025,RotoWire,p_c6edb861266cca1d8b7777f3,s_6d800329de2bafa05d08a462,BB%,missing_projection_metric
pitcher,2025,RotoWire,p_ffe00fc2f01b7827200e26a4,s_fb86158334d9f7426cdfe8a6,BB%,missing_projection_metric
pitcher,2025,RotoWire,p_d97c2be92435bc60ddb1a9e3,s_889ef6ec004b223edd2ad2fd,BB%,missing_projection_metric
pitcher,2025,RotoWire,p_e10fdff8ef686e5845a7cfee,s_f1b3f61240e7ded1134c018c,BB%,missing_projection_metric
pitcher,2025,RotoWire,p_a1dd30c06e29129ba5461f1e,s_f91bb4ac1d81e7dff08289a4,BB%,missing_projection_metric
pitcher,2025,RotoWire,p_a52253efb8f29cc26461b906,s_85fd0599b781d7e3905dcaa0,BB%,missing_projection_metric
pitcher,2025,RotoWire,p_7b68f5f154ad8bbbaa3c2564,s_1651f3b6402dbae2da8e50a6,BB%,missing_projection_metric
pitcher,2025,RotoWire,p_ab34ac7065869093f97fd7ed,s_c669b12b8305caf9709c5ca5,BB%,missing_projection_metric
pitcher,2025,RotoWire,p_137f09ddbe2e7a9b7aa50ffb,s_c4699ae77165d3adc95e2d77,BB%,missing_projection_metric
pitcher,2025,RotoWire,p_1bae71852df5bd62f85fc3e8,s_2a63508e41af44ba16f49d16,BB%,missing_projection_metric
pitcher,2025,RotoWire,p_318949b8bccbfa80a4474acc,s_492eb465df6d48c3d3eca6ce,BB%,missing_projection_metric
pitcher,2025,RotoWire,p_edfc64041b7ee8740960ecff,s_f621d5b96579ee209078c9c8,BB%,missing_projection_metric
pitcher,2025,RotoWire,p_45d1adc7248c7477ef8737e2,s_8433c864b70fb3c53dd0050e,BB%,missing_projection_metric
pitcher,2025,RotoWire,p_de590bfab110555b10280410,s_e6c729a70b9891197fccef50,BB%,missing_projection_metric
pitcher,2025,RotoWire,p_463c8505b18605c1574ec77d,s_38aec7ebe11a10d0d3bef8c1,BB%,missing_projection_metric
pitcher,2025,RotoWire,p_48da1d101e8cb6eb88275ac2,s_1f194d63eaa21159d2bac1e6,BB%,missing_projection_metric
pitcher,2025,RotoWire,p_cf41ac27465da6068c022374,s_fdda85a05ff074753fb415ea,BB%,missing_projection_metric
pitcher,2025,RotoWire,p_f42b4ea020ded781aef89044,s_a865a394c29afb8502b6fcdc,BB%,missing_projection_metric
pitcher,2025,RotoWire,p_c16ceee80f9bfb1fec04cdfe,s_4d262fad0e5e52a1e7b526d0,BB%,missing_projection_metric
pitcher,2025,RotoWire,p_8563b288cabc5a90c0b362fd,s_5b42055fd0c0579bccbfd923,BB%,missing_projection_metric
pitcher,2025,RotoWire,p_3d7dbeb61bf17e62ef16d36b,s_71b13b25a18beb82283f0326,BB%,missing_projection_metric
pitcher,2025,RotoWire,p_cb7e3547063497ea6d59f8f1,s_5d61a7c462e0150cc7513c57,BB%,missing_projection_metric
pitcher,2025,RotoWire,p_ae1758e742025670aed362b1,s_4d780221cbf8a9b4d3e1cc11,BB%,missing_projection_metric
pitcher,2025,RotoWire,p_4c3ded7fcf0ddb95f5c59a5b,s_dc61b3cd8d307c749a8ec6c7,BB%,missing_projection_metric
pitcher,2025,RotoWire,p_e75b990817978805c31533be,s_2ba83e927f5906c097015d5a,BB%,missing_projection_metric
pitcher,2025,RotoWire,p_2760b771d5d2d52f8c0db525,s_17fb74c3deb0e557fe91c3ee,BB%,missing_projection_metric
pitcher,2025,RotoWire,p_c1d12d935a24fbd60d6cf764,s_42c9739ccb4982c0793bf278,BB%,missing_projection_metric
pitcher,2025,RotoWire,p_0e089b0f2e016b32a874b52f,s_a7bd69f9803ddb629f9aa44f,BB%,missing_projection_metric
pitcher,2025,RotoWire,p_99f38b09686a812eec67a07d,s_84563be9c5432a2c0a56dc73,BB%,missing_projection_metric
pitcher,2025,RotoWire,p_87e0f824b432c68de2f1cdda,s_e3ac09cfa98cc6ef4933b538,BB%,missing_projection_metric
pitcher,2025,RotoWire,p_69b6354aceb0713a9f9ccb55,s_be9d0bec86ad87e3063c6e42,BB%,missing_projection_metric
pitcher,2025,RotoWire,p_b780c726b42fc01482d044ea,s_715b1b1eaa85de2818e3807e,BB%,missing_projection_metric
pitcher,2025,RotoWire,p_4418e268dc293e4c447c6546,s_2fdeb3ea829bb8c5e21c64c0,BB%,missing_projection_metric
pitcher,2025,RotoWire,p_4f63322407a16b6cb9e684d5,s_1d4895b30166a8ae8d417c0e,BB%,missing_projection_metric
pitcher,2025,RotoWire,p_4666c8933a6cfbcd75a49204,s_614b59fb9e144d8364219072,BB%,missing_projection_metric
pitcher,2025,RotoWire,p_371a1a346ec1e2f9db0ad977,s_8b575a6c3720c2267160d323,BB%,missing_projection_metric
pitcher,2025,RotoWire,p_a040d5160e3ed9b54434cfbb,s_9a6d13250b43ef64b96c1c90,BB%,missing_projection_metric
pitcher,2025,RotoWire,p_31e198d6dadb10cdd4b3261f,s_150efa8bdc69fc1d8768e280,BB%,missing_projection_metric
pitcher,2025,RotoWire,p_fde1cb0513829d5de21b3f1e,s_da4e5864abbc09ade830748c,BB%,missing_projection_metric
pitcher,2025,RotoWire,p_d0cb62e3b68e340a9cdfacc2,s_370f78e1277c5715e23970b5,BB%,missing_projection_metric
pitcher,2025,RotoWire,p_2685c99f10ed43abee99e8eb,s_b3befddb8baec226a66edd6b,BB%,missing_projection_metric
pitcher,2025,RotoWire,p_d92fc75e4628979a37144e5a,s_94dea86304b7bedd815daf24,BB%,missing_projection_metric
pitcher,2025,RotoWire,p_5ab6446da06e03d88133c394,s_3df184fa46695249cddfc69d,BB%,missing_projection_metric
pitcher,2025,RotoWire,p_38048eea2f7c671d69ecd76b,s_e2c7c0f2e510d76d1bdb960a,BB%,missing_projection_metric
pitcher,2025,RotoWire,p_161e5a9305eaea8fb63c7654,s_b1cc98cf67a5ab36a51bdf8b,BB%,missing_projection_metric
pitcher,2025,RotoWire,p_a6d5aaf96c6c17db57e8301a,s_c1ecd205c72d066a9f7b7c53,BB%,missing_projection_metric
pitcher,2025,RotoWire,p_2593790323a77719d1ad29bc,s_e97d5544ba4b7185742d7974,BB%,missing_projection_metric
pitcher,2025,RotoWire,p_f7bab10a7c231ef55feda704,s_4ba51d2b4410abbf33265502,BB%,missing_projection_metric
pitcher,2025,RotoWire,p_76d7ef74cfa636d8b9d155bd,s_9f49ed5b36d0239cacbae491,BB%,missing_projection_metric
pitcher,2025,RotoWire,p_0f35ba84bee190d22ffef471,s_213cb026b91aefc6d9abee98,BB%,missing_projection_metric
pitcher,2025,RotoWire,p_f50562cd42d6cc25aedd76e1,s_b959c879d73ea31876e14d2f,BB%,missing_projection_metric
pitcher,2025,RotoWire,p_f33b45e0082d9a26a8b16000,s_9251669c86c2952bada9ba2b,BB%,missing_projection_metric
pitcher,2025,RotoWire,p_f6143c39e5a443ea5b2ad3c7,s_bca6994f2c680025650790d2,BB%,missing_projection_metric
pitcher,2025,RotoWire,p_ad235584736e2db776c9f300,s_29050e28695d8da813456d0a,BB%,missing_projection_metric
pitcher,2025,RotoWire,p_9085615513755fa3b7c88ed7,s_a26000f6944b083d9e6da7c7,BB%,missing_projection_metric
pitcher,2025,RotoWire,p_922ce00ab6c0df908faed3ae,s_ad5ac052d65adb2ee4242690,BB%,missing_projection_metric
pitcher,2025,RotoWire,p_dae721ae0af6fe067aae9fe3,s_ca3b905c8554ed7d182a15bf,BB%,missing_projection_metric
pitcher,2025,RotoWire,p_1142060f4e1e790850d30e59,s_3460d6493747324b74b183ea,BB%,missing_projection_metric
pitcher,2025,RotoWire,p_15e9d5754d68658e8f9cb116,s_9d75f7f56f40558ddc22aa1a,BB%,missing_projection_metric
pitcher,2025,RotoWire,p_30abefb7f554a01f12b64dc7,s_6772667c4c022386564568fa,BB%,missing_projection_metric
pitcher,2025,RotoWire,p_76021b92269cadefa31be9e1,s_c7abf902bdfdb97c47d4aa32,BB%,missing_projection_metric
pitcher,2025,RotoWire,p_b8c36673c22e36da61b875f4,s_85a42b69a24a8d83f85248f3,BB%,missing_projection_metric
pitcher,2025,RotoWire,p_4e095ac42b4a01d1fdf29e14,s_b4a87e9dbe9ef15b6a130db9,BB%,missing_projection_metric
pitcher,2025,RotoWire,p_e4a10c7f007942d7d013ffa8,s_0072450d9b96b06502c0ae44,BB%,missing_projection_metric
pitcher,2025,RotoWire,p_f1199c5e49b77b823fde65db,s_943d184f47090ed2d8c4c664,BB%,missing_projection_metric
pitcher,2025,RotoWire,p_2d89951f468f9685aecc45ef,s_194988855f3c55896cc03a0c,BB%,missing_projection_metric
pitcher,2025,RotoWire,p_f6c81be67460a702270428c3,s_56fa9849d3aff2f48316bcbe,BB%,missing_projection_metric
pitcher,2025,RotoWire,p_05f3918b6278bcd6d3856315,s_97ea146655769b5572fca58b,BB%,missing_projection_metric
pitcher,2025,RotoWire,p_745eebfeac9df0e2aad9810a,s_445c824850867c3bb894da5f,BB%,missing_projection_metric
pitcher,2025,RotoWire,p_bc1f7345b1d67fbf1e7c9f68,s_5730ca86323fdb14f146f35c,BB%,missing_projection_metric
pitcher,2025,RotoWire,p_c564f60ca570a42cae848b9d,s_f2eab4d9d81cf97b5c44d6db,BB%,missing_projection_metric
pitcher,2025,RotoWire,p_4b42caae2c74a4d78fc1d2c5,s_109893db5e83bd3effb1a5cc,BB%,missing_projection_metric
pitcher,2025,RotoWire,p_93b79e92d76fa2af9c41c2cb,s_669b023296b33fb89e085b83,BB%,missing_projection_metric
pitcher,2025,RotoWire,p_b761f7b76b0b90bfde27fc8b,s_fa82c1743ba6b15bfc578f5b,BB%,missing_projection_metric
pitcher,2025,RotoWire,p_dedb29c4c8c6ce892139f533,s_281e71d67ee4b22041aadc7d,BB%,missing_projection_metric
pitcher,2025,RotoWire,p_0876ad8121b608233facdf46,s_e7f1002bdea6d80d857f8385,BB%,missing_projection_metric
pitcher,2025,RotoWire,p_d445cfc4cbcbaa36bc71236d,s_f5dcbe16ec6c753f7cf33033,BB%,missing_projection_metric
pitcher,2025,RotoWire,p_8b9cb10f6657921d3c1ea1a2,s_1efc2756edf6880709ba68de,BB%,missing_projection_metric
pitcher,2025,RotoWire,p_79db076d96a757be408fc0b5,s_86f961e5e6c775047e490063,K-BB%,missing_projection_metric
pitcher,2025,RotoWire,p_70c49bf0f0626ec80e6293cd,s_2075eb92972f658f0ada0c62,K-BB%,missing_projection_metric
pitcher,2025,RotoWire,p_7f3c31a904c074d502da70d5,s_967c576a0e0a9a0d779e27c4,K-BB%,missing_projection_metric
pitcher,2025,RotoWire,p_076050d971510ecbad0e9fc2,s_3ee3fbd5d16391748759d888,K-BB%,missing_projection_metric
pitcher,2025,RotoWire,p_8f3911a4b3d4f5c1ddf408bd,s_24cb492adf23c864a1baebe7,K-BB%,missing_projection_metric
pitcher,2025,RotoWire,p_a8c6e164b8c9d48c0a076f2c,s_71672de7075b1b3e2015028e,K-BB%,missing_projection_metric
pitcher,2025,RotoWire,p_6146eadc3c516491667a222c,s_1b3fc20e1732bf7117afa961,K-BB%,missing_projection_metric
pitcher,2025,RotoWire,p_961f6e00dd2d95905acb6d7f,s_f008a382e5e106c23257cd0c,K-BB%,missing_projection_metric
pitcher,2025,RotoWire,p_7837da98084befe7500c0de1,s_37d9846050a8addb84b48be7,K-BB%,missing_projection_metric
pitcher,2025,RotoWire,p_0708260b07e6d68ac2144df7,s_f2d45531c0425b7a4add7853,K-BB%,missing_projection_metric
pitcher,2025,RotoWire,p_ab80696a06cabb94d0590e17,s_fb57d4cdee0e208cef59d773,K-BB%,missing_projection_metric
pitcher,2025,RotoWire,p_d37981ebca7896eb8c5d5e08,s_68feff298629301ed51a0396,K-BB%,missing_projection_metric
pitcher,2025,RotoWire,p_c403496243559cd5f45b24de,s_cd1f12e8a3b2c80fe2edc2cc,K-BB%,missing_projection_metric
pitcher,2025,RotoWire,p_6660c34756e8e079063c8590,s_a5ae7484af4f87fab217b512,K-BB%,missing_projection_metric
pitcher,2025,RotoWire,p_0ab41d8d7c86beb019a22451,s_394b9488aba2cdfdef170a29,K-BB%,missing_projection_metric
pitcher,2025,RotoWire,p_30de042ebbb0b98c455a5266,s_65e083e10d36c924088935a0,K-BB%,missing_projection_metric
pitcher,2025,RotoWire,p_b953f455340d5c6f3524bb9f,s_cd4b60316a75a54bac9fa4fa,K-BB%,missing_projection_metric
pitcher,2025,RotoWire,p_8cb9b18f097241aaca305ef9,s_32d8463be317f3cd3ba49373,K-BB%,missing_projection_metric
pitcher,2025,RotoWire,p_a519f6ec6b371e6f3cea0c99,s_180f7029795ae157a1549d31,K-BB%,missing_projection_metric
pitcher,2025,RotoWire,p_000215aa0a15c0d7ca6d5492,s_0d5fd81ac5e7fc17f2e2efe8,K-BB%,missing_projection_metric
pitcher,2025,RotoWire,p_ce0a7b766c90514f3d557d6b,s_95e50a1bbbacbd6af06669d0,K-BB%,missing_projection_metric
pitcher,2025,RotoWire,p_14ae2075371d15014297c7ae,s_bfc288a7590e5044e7afa2cf,K-BB%,missing_projection_metric
pitcher,2025,RotoWire,p_e57a7daba23968e0156d47d8,s_e7cc1c9888d13ade29a9746a,K-BB%,missing_projection_metric
pitcher,2025,RotoWire,p_e333710884baecb1ae5dba0f,s_34092bfcbe8d99bb4f82fcdd,K-BB%,missing_projection_metric
pitcher,2025,RotoWire,p_67c782a89ca0d0934cb67da0,s_a8a8c5e83cbd38399c51bea3,K-BB%,missing_projection_metric
pitcher,2025,RotoWire,p_5c31828b78f7ebd5a1f567ea,s_a3555dae0d77ed4d6f0af5ea,K-BB%,missing_projection_metric
pitcher,2025,RotoWire,p_dae655bcb2a707499b8da77f,s_f2dc4f5c089adc9809265bd6,K-BB%,missing_projection_metric
pitcher,2025,RotoWire,p_a55e1314437f703697888e9a,s_a6f8ee6d1ad97ca47b4a98db,K-BB%,missing_projection_metric
pitcher,2025,RotoWire,p_7f60fe780813d2e2f804a47f,s_51b05e47c797a13a2ff437a6,K-BB%,missing_projection_metric
pitcher,2025,RotoWire,p_a0b216e0f9bfe85b303b93e1,s_cc4dfbc3eefe9fb96f0dc3fe,K-BB%,missing_projection_metric
pitcher,2025,RotoWire,p_fac8fe6d0d4a7a73a2dc5d0b,s_6c61a6043fa12e677c845870,K-BB%,missing_projection_metric
pitcher,2025,RotoWire,p_4946d0fafc0d0ae33e1e930e,s_d864c5f17ca5a8fe47edb31f,K-BB%,missing_projection_metric
pitcher,2025,RotoWire,p_cc3893db1d216499b15a96b7,s_0aa26ad1d07c40add014cf60,K-BB%,missing_projection_metric
pitcher,2025,RotoWire,p_10a3e264d0d762f0a6116bf0,s_5a944d799fbdfd6525ea211c,K-BB%,missing_projection_metric
pitcher,2025,RotoWire,p_69bf94efbaeb173840b3fe59,s_44e76432a6313aa6d12b1be5,K-BB%,missing_projection_metric
pitcher,2025,RotoWire,p_5e4be1b675696e14d59387d7,s_70f41a4be8783880453119de,K-BB%,missing_projection_metric
pitcher,2025,RotoWire,p_bc5886f85f668aec59f650a3,s_9dd91974143eabdea1437724,K-BB%,missing_projection_metric
pitcher,2025,RotoWire,p_c5b82d72e1ce8ed1000e8ca9,s_c1b22e5e6cc4512eb55fa9a8,K-BB%,missing_projection_metric
pitcher,2025,RotoWire,p_b43c67aae95620f8ae32f063,s_a84edf73fa36abef9644106a,K-BB%,missing_projection_metric
pitcher,2025,RotoWire,p_78a8db997f51090cfa594d12,s_5ce470de36098cd9b445e94d,K-BB%,missing_projection_metric
pitcher,2025,RotoWire,p_56f8cacbf95fa9e9ccd5f037,s_8fc7a5a5fa897e388e1b0abe,K-BB%,missing_projection_metric
pitcher,2025,RotoWire,p_07394d99dcbd9729eb1c244b,s_036cb2d4fa7ce09ac36bc404,K-BB%,missing_projection_metric
pitcher,2025,RotoWire,p_f0656b8cbc96ad065e088776,s_d9c7a975e48906d3a5ef0e34,K-BB%,missing_projection_metric
pitcher,2025,RotoWire,p_17e93d5e2f0eff121bd2e922,s_c416261369d600e008a085b2,K-BB%,missing_projection_metric
pitcher,2025,RotoWire,p_05853e333f5ea183e286e9f3,s_b2be239d73fb864a1d73e804,K-BB%,missing_projection_metric
pitcher,2025,RotoWire,p_9d536cb354f545a79cf263ad,s_8d50a46a5c992501f52a6bf6,K-BB%,missing_projection_metric
pitcher,2025,RotoWire,p_19dec057e552049568aaec59,s_e71da14189701ba209f6cbcd,K-BB%,missing_projection_metric
pitcher,2025,RotoWire,p_ab201d9f00a18e2a1bcb84f8,s_13993469241eac6f963dc9f6,K-BB%,missing_projection_metric
pitcher,2025,RotoWire,p_d91a1459eee9777c42e1c294,s_841fd75fe95f71cbd91c19bd,K-BB%,missing_projection_metric
pitcher,2025,RotoWire,p_af8228da2186a3c55a0c0647,s_d062649e47a509ec8309c2ae,K-BB%,missing_projection_metric
pitcher,2025,RotoWire,p_e6f97a8200763e284decf5ae,s_4afce4b852d7f25a28289c61,K-BB%,missing_projection_metric
pitcher,2025,RotoWire,p_fdcc3c57fc1404d67ef4d33f,s_779530880a7228bde2d9297c,K-BB%,missing_projection_metric
pitcher,2025,RotoWire,p_97392f4b9a9bcd3580abacfa,s_10b218b01792f0a72d673db6,K-BB%,missing_projection_metric
pitcher,2025,RotoWire,p_081253e7d079edbb13e4e0de,s_d6486c8805c44f95f660fc71,K-BB%,missing_projection_metric
pitcher,2025,RotoWire,p_2b11176e1209a4155291382a,s_4f8699349416b629b7c9cdb9,K-BB%,missing_projection_metric
pitcher,2025,RotoWire,p_b2fab903e6ffc323ace73400,s_45692ab540d2afb7677b868e,K-BB%,missing_projection_metric
pitcher,2025,RotoWire,p_24a22b256217bda128f194b7,s_0fc4e259727cf0d4a1699684,K-BB%,missing_projection_metric
pitcher,2025,RotoWire,p_e6c685d4a42733d68c25210b,s_c5852801e71f75868a2b8e5c,K-BB%,missing_projection_metric
pitcher,2025,RotoWire,p_6cb3547deca91d83694527f9,s_0f0ea9b35f3935bec2bc6b34,K-BB%,missing_projection_metric
pitcher,2025,RotoWire,p_f154f9fe1937e83897788168,s_bed827776ea55416db2de1bf,K-BB%,missing_projection_metric
pitcher,2025,RotoWire,p_e596c20f3f965f74f208c29f,s_67bde5860efaaad382783ef4,K-BB%,missing_projection_metric
pitcher,2025,RotoWire,p_481d55069fc331213e830346,s_0b33c240c519607d8b589311,K-BB%,missing_projection_metric
pitcher,2025,RotoWire,p_5e4a0f72ee5813838f4aff38,s_7dd44086c38f1452cd7e80c0,K-BB%,missing_projection_metric
pitcher,2025,RotoWire,p_80b914cf66fe72410163fff3,s_10b73d3604cec1aaf6cffc01,K-BB%,missing_projection_metric
pitcher,2025,RotoWire,p_16e4efe96d962f1312ff2ed5,s_1951e4d33bf987993498a656,K-BB%,missing_projection_metric
pitcher,2025,RotoWire,p_46e0d496d589ec6fa5a35f6d,s_29cabfddb50ce02c147c4a13,K-BB%,missing_projection_metric
pitcher,2025,RotoWire,p_31b06a37157510ce6f137ea5,s_e0a82178aa302fc63cace7c8,K-BB%,missing_projection_metric
pitcher,2025,RotoWire,p_41d77fd79c69b4fb06385e5c,s_3b8f4f3aba1d2045a6f872ef,K-BB%,missing_projection_metric
pitcher,2025,RotoWire,p_5d461229c4f3a1d894c1ef5b,s_980f151addd9af79ec332a21,K-BB%,missing_projection_metric
pitcher,2025,RotoWire,p_cd9bbe80bf6ddc022831c8ce,s_d73d30cd8c4bde95d369a4ff,K-BB%,missing_projection_metric
pitcher,2025,RotoWire,p_b25d93daecd6b8c40be76364,s_c135030cd6e4073628595a99,K-BB%,missing_projection_metric
pitcher,2025,RotoWire,p_1e13703553ee4e761b93a8d2,s_9674218e1587488230618b21,K-BB%,missing_projection_metric
pitcher,2025,RotoWire,p_7c8aefd139986ac3072d388d,s_187255c7b00cb8bd4e6a0240,K-BB%,missing_projection_metric
pitcher,2025,RotoWire,p_41722893e1c4663095c86715,s_e48124f5b5ca1e634aeba97b,K-BB%,missing_projection_metric
pitcher,2025,RotoWire,p_71ab6c91e583b9c4b88368c8,s_46d68a8a448f1e79214c0172,K-BB%,missing_projection_metric
pitcher,2025,RotoWire,p_79c8921830ad0b38d9102933,s_c288cbe76caecc26c421b1d3,K-BB%,missing_projection_metric
pitcher,2025,RotoWire,p_132c5c809400e7c9829c64f8,s_596e218983291f4e3d25dcf8,K-BB%,missing_projection_metric
pitcher,2025,RotoWire,p_482534e7ea7122d637d036f9,s_1c19c7c5da11b4043127482c,K-BB%,missing_projection_metric
pitcher,2025,RotoWire,p_7c02936ac6ca07e9b01cbaf4,s_244b0deddb64032ca56a4cab,K-BB%,missing_projection_metric
pitcher,2025,RotoWire,p_bdacaf18408f4db91a1d636e,s_6c12dcca725d4926d3ee7967,K-BB%,missing_projection_metric
pitcher,2025,RotoWire,p_a22a4d8b57e5468ad3a65d76,s_55f607f45b40dd7e3db30b62,K-BB%,missing_projection_metric
pitcher,2025,RotoWire,p_49f446543bf69cca3e98837a,s_3618f5a47d0993724e75d13a,K-BB%,missing_projection_metric
pitcher,2025,RotoWire,p_b089c61cefb15acef80e4522,s_3b38504ed48087203fb3d5f9,K-BB%,missing_projection_metric
pitcher,2025,RotoWire,p_2dcfce41c52f17e2ea97a04c,s_b6df2ced8ecd7dce34225840,K-BB%,missing_projection_metric
pitcher,2025,RotoWire,p_3c11bca421face714ccc07b0,s_026fee40cf23f7a24af6e0ca,K-BB%,missing_projection_metric
pitcher,2025,RotoWire,p_a67d7439eaa5a301707a0a3a,s_dfb314cdd5427dbfc107c2ab,K-BB%,missing_projection_metric
pitcher,2025,RotoWire,p_d414670609afdbe251cf99be,s_21abbb2f06d73445152c3f56,K-BB%,missing_projection_metric
pitcher,2025,RotoWire,p_1ef924b32d2eeac5534b766e,s_a600875c79d3cd9a8899efa0,K-BB%,missing_projection_metric
pitcher,2025,RotoWire,p_1af5dd31a0e578895fc78c7a,s_cc1682013dd5e90c78677bf6,K-BB%,missing_projection_metric
pitcher,2025,RotoWire,p_3f22e91a73d176ec1adc71e5,s_3a970ab28bdcff2eb3f7f266,K-BB%,missing_projection_metric
pitcher,2025,RotoWire,p_36b9e4f3c1486512b790c92a,s_9ea09a9d0a3f5c8413039121,K-BB%,missing_projection_metric
pitcher,2025,RotoWire,p_bbe0b0144e2190d075a1534d,s_b76c8135f9593a8f7eb4073f,K-BB%,missing_projection_metric
pitcher,2025,RotoWire,p_b0e54ab450830f76f778c92d,s_e6439f2327f5a2d73b48cd6a,K-BB%,missing_projection_metric
pitcher,2025,RotoWire,p_eb72c6cdf331edfe333d7274,s_fc0167c5229fd6fbba43b46a,K-BB%,missing_projection_metric
pitcher,2025,RotoWire,p_3e9c50f5313e3ab52ed4ac9c,s_3fe0f78061c15f08b7880ebf,K-BB%,missing_projection_metric
pitcher,2025,RotoWire,p_13e78e88a5cf19b96c5da64a,s_7cc1173b2f0059711e5fe16a,K-BB%,missing_projection_metric
pitcher,2025,RotoWire,p_fdea2ad4794d12911ab12ec2,s_1032d2f30bf0e10bf606d17c,K-BB%,missing_projection_metric
pitcher,2025,RotoWire,p_2c23e59d57f37af52a2c0170,s_e5bbbabbd6e339b7d5ec5fe2,K-BB%,missing_projection_metric
pitcher,2025,RotoWire,p_b6c41e8a47dd22519ed59712,s_ff09fabc51917ff4a19e8d7d,K-BB%,missing_projection_metric
pitcher,2025,RotoWire,p_df9f7a1ee43910f98210f8d4,s_da8f917f97db8d7d5c7db9fa,K-BB%,missing_projection_metric
pitcher,2025,RotoWire,p_ce2c49b4be7d2bce7223a6a0,s_ee253e8a7f3c74bc44de96d9,K-BB%,missing_projection_metric
pitcher,2025,RotoWire,p_2d5fe2afb55076421b84c2d7,s_b8b72c5c9c0abb26dcbe6b2e,K-BB%,missing_projection_metric
pitcher,2025,RotoWire,p_4b322b3e9defa92b5a488baf,s_5953f48d648edde3dbeba230,K-BB%,missing_projection_metric
pitcher,2025,RotoWire,p_442f67b0e6c767028dd31107,s_b81e57834b0df6e2754fd402,K-BB%,missing_projection_metric
pitcher,2025,RotoWire,p_583ce1d38f5dfec0877a25c3,s_05ea99e9c576462c6a2261dd,K-BB%,missing_projection_metric
pitcher,2025,RotoWire,p_2269ea2145532d73c89362b1,s_918e1c90d28b084b836c06aa,K-BB%,missing_projection_metric
pitcher,2025,RotoWire,p_9c3f57de37187fa297d867da,s_398011692cd6435a9d29f006,K-BB%,missing_projection_metric
pitcher,2025,RotoWire,p_230ac4acbb3108f710292706,s_ed35952dd33ca8d1ea4aeabe,K-BB%,missing_projection_metric
pitcher,2025,RotoWire,p_f5a175e1a118851fbe27adfc,s_c0a5a35cdafa77f6939613fd,K-BB%,missing_projection_metric
pitcher,2025,RotoWire,p_d4640ce6f07822bb71b449d4,s_21cf41c1a4d7d1277ab690c3,K-BB%,missing_projection_metric
pitcher,2025,RotoWire,p_2a2d0322ad2e63c86800fbd2,s_eebbc1277864a19cec42ddf5,K-BB%,missing_projection_metric
pitcher,2025,RotoWire,p_f468eeff6fef7a47f63cd456,s_a6d837d6ef957efe2dd6c0d5,K-BB%,missing_projection_metric
pitcher,2025,RotoWire,p_1107fc33dd7fa76b67b0e2f6,s_a98f787994c0ea465e0658c6,K-BB%,missing_projection_metric
pitcher,2025,RotoWire,p_d7a6a481b2c8156315936897,s_0f252836a7366a68a5d86ede,K-BB%,missing_projection_metric
pitcher,2025,RotoWire,p_fae8649ac857a8babf1bdca8,s_33f69d1b5ad1c7734851d0fc,K-BB%,missing_projection_metric
pitcher,2025,RotoWire,p_281f00a360ce484be44c5eae,s_f3b08b8e8c06062988573232,K-BB%,missing_projection_metric
pitcher,2025,RotoWire,p_4c286b6792cd590ac26d8de5,s_ad1290a7e313e602c888e21f,K-BB%,missing_projection_metric
pitcher,2025,RotoWire,p_6cb98ada7d3e5f6be65307b2,s_5200595b6f5798afc74940e3,K-BB%,missing_projection_metric
pitcher,2025,RotoWire,p_0738eee4fb6a62334e2dc6a6,s_d38037f2c20bfbffb23ed3e0,K-BB%,missing_projection_metric
pitcher,2025,RotoWire,p_ba2387323b64d5ebd5d849ac,s_aa456a6ed7de5ea0e53936fc,K-BB%,missing_projection_metric
pitcher,2025,RotoWire,p_f2ee16b90f95f0ed772fe7aa,s_c497fe794f054e0771968624,K-BB%,missing_projection_metric
pitcher,2025,RotoWire,p_008193aef738335244441232,s_e444a7e8b884f75eb903d380,K-BB%,missing_projection_metric
pitcher,2025,RotoWire,p_0ba0cf7f94e74b8472593f01,s_414a57dbeb8997b8f723468a,K-BB%,missing_projection_metric
pitcher,2025,RotoWire,p_e04c5d25f1824514545fac27,s_a3517840d0405e110fb71680,K-BB%,missing_projection_metric
pitcher,2025,RotoWire,p_5dae408a50fd7a2ef23c70ad,s_df0d66d65b259c7c48461fa5,K-BB%,missing_projection_metric
pitcher,2025,RotoWire,p_c86be00e2784333930137667,s_74a39b103acc2638a448de77,K-BB%,missing_projection_metric
pitcher,2025,RotoWire,p_671b4ce2c3ec28ad663bf922,s_0bfd4064b0d3b695e4667925,K-BB%,missing_projection_metric
pitcher,2025,RotoWire,p_983985938701c89b957bf280,s_7dcefa1d1dba45e3364dbdf3,K-BB%,missing_projection_metric
pitcher,2025,RotoWire,p_833ff8e8d015c9ecd8ab1e4a,s_5b097fac77aef122f39ccda4,K-BB%,missing_projection_metric
pitcher,2025,RotoWire,p_1495f8ede09487e68eb6132f,s_0e580f533d1c88c971fb7729,K-BB%,missing_projection_metric
pitcher,2025,RotoWire,p_416065fb1e7bee98c8c06e9c,s_0a20fb2b61e60273dead431f,K-BB%,missing_projection_metric
pitcher,2025,RotoWire,p_712ae68dc57df5d305f2eced,s_e17b900eca1442f257698b60,K-BB%,missing_projection_metric
pitcher,2025,RotoWire,p_c64d1a71e8b698a4cf973c7e,s_97d3066f716d1f1c74cbbdc8,K-BB%,missing_projection_metric
pitcher,2025,RotoWire,p_39a4d35b75bdffcbcfddff84,s_130e889df931cad846339593,K-BB%,missing_projection_metric
pitcher,2025,RotoWire,p_b7e27b68ebd83bc6a468e72b,s_aef4560add238876576b5336,K-BB%,missing_projection_metric
pitcher,2025,RotoWire,p_6195a4077f4c42e4300606dc,s_913dbfeeeb78af7bf5adcd2c,K-BB%,missing_projection_metric
pitcher,2025,RotoWire,p_0656788e350d8a313901326d,s_f2c11db0faaa0102d6fb36cd,K-BB%,missing_projection_metric
pitcher,2025,RotoWire,p_7baf8732d9a598c647856252,s_90e64d81f560cd52d110de89,K-BB%,missing_projection_metric
pitcher,2025,RotoWire,p_036ba95158dbe1470dd58b5d,s_0009dd44414ce9f21133505e,K-BB%,missing_projection_metric
pitcher,2025,RotoWire,p_6b060d3dfdf334d2e513ce27,s_7b747ab7774559f90e1f0f04,K-BB%,missing_projection_metric
pitcher,2025,RotoWire,p_86bbc8fa57931321ecdf298d,s_3fe36898ff4124874d57bf61,K-BB%,missing_projection_metric
pitcher,2025,RotoWire,p_d6d57443ec08aa62f4f79d93,s_0b674adfe9f1bf620f377082,K-BB%,missing_projection_metric
pitcher,2025,RotoWire,p_ac8c5c8e84a95d130d682758,s_160af9786c5be9848d9e5639,K-BB%,missing_projection_metric
pitcher,2025,RotoWire,p_6a5ad9cf8a12ffa4c0cfffae,s_a5403ef8b7b52087aaed9014,K-BB%,missing_projection_metric
pitcher,2025,RotoWire,p_2d9cec8e1707efbb1e1cb52c,s_b9283324d20d52a77532d789,K-BB%,missing_projection_metric
pitcher,2025,RotoWire,p_2553085f66061508335f3fb1,s_1f4c27b1eaa9122d594edbee,K-BB%,missing_projection_metric
pitcher,2025,RotoWire,p_08c841183887e159fb3b9131,s_5331e8f9b0cefa195c5fd7c8,K-BB%,missing_projection_metric
pitcher,2025,RotoWire,p_dba406ee26bfb7503c1bf27d,s_42953f1c02f0de0109285512,K-BB%,missing_projection_metric
pitcher,2025,RotoWire,p_1dfc6e6af415ea42f3c5b686,s_4d503509ed4a01c0aecb43e2,K-BB%,missing_projection_metric
pitcher,2025,RotoWire,p_607b4432d07e4a7dfc0a7e67,s_29e15367f92ed51fe319244f,K-BB%,missing_projection_metric
pitcher,2025,RotoWire,p_2f8502e30665a12d3037adfa,s_1b911e08672a6aa69cd5e964,K-BB%,missing_projection_metric
pitcher,2025,RotoWire,p_dc952cf10742e3abc77f91bf,s_18556b27f16da21bb3c21940,K-BB%,missing_projection_metric
pitcher,2025,RotoWire,p_62360b5de96d90bc68e17dd9,s_1ad1eedfe5788eff438677ed,K-BB%,missing_projection_metric
pitcher,2025,RotoWire,p_f2af4380a6d1108c9d507592,s_e252b8b486cf9e842474d35d,K-BB%,missing_projection_metric
pitcher,2025,RotoWire,p_cdab5985b61ba75e14c1e3e7,s_7fe48e2c47e3dcc5c1ea19d2,K-BB%,missing_projection_metric
pitcher,2025,RotoWire,p_1821549cff26dbba5d4aca04,s_b641beace190fc226f5b02b1,K-BB%,missing_projection_metric
pitcher,2025,RotoWire,p_2f79f472a978afdd718437e0,s_bfb01addbf6fe0f28a2c3d6c,K-BB%,missing_projection_metric
pitcher,2025,RotoWire,p_6812838b39eb2c709ed072fd,s_d41b4fd0376177bde39d58cf,K-BB%,missing_projection_metric
pitcher,2025,RotoWire,p_c2f429582365b8384125cb6a,s_11628e648299e94d1acbcd19,K-BB%,missing_projection_metric
pitcher,2025,RotoWire,p_0e56dc24388067d6adf8d91b,s_5d5dda2cbffa7cbacb390ce4,K-BB%,missing_projection_metric
pitcher,2025,RotoWire,p_8961924234b18a32fc5f7a2c,s_063d72a8a5528edf111336a2,K-BB%,missing_projection_metric
pitcher,2025,RotoWire,p_d0ae9150ea080d20bd5ec95d,s_2234ec5d7fb744b08827806c,K-BB%,missing_projection_metric
pitcher,2025,RotoWire,p_d9c64dd40ed1ff65a53e6228,s_e9332b7665860065bc21993f,K-BB%,missing_projection_metric
pitcher,2025,RotoWire,p_fd293a60557159fc55b19a14,s_30dd9a4b7d03dabba0117762,K-BB%,missing_projection_metric
pitcher,2025,RotoWire,p_f5ba6b7a7aef6272c083449c,s_873fe86a76ee37a6c45ca9fd,K-BB%,missing_projection_metric
pitcher,2025,RotoWire,p_b8cb9339000eda49122a846d,s_bc22c5fb28b372c83cd68608,K-BB%,missing_projection_metric
pitcher,2025,RotoWire,p_f6d0db5ece194fe2beb1ec11,s_f5eea7d1d5c183aa9b517f64,K-BB%,missing_projection_metric
pitcher,2025,RotoWire,p_340afab40ed7623681903f52,s_d52adcac5cd60628dc647295,K-BB%,missing_projection_metric
pitcher,2025,RotoWire,p_6e405786ba3c4c7b03295e6c,s_b366497b22f23536a85a9b6d,K-BB%,missing_projection_metric
pitcher,2025,RotoWire,p_c9dcb3032a2a934069d036a1,s_0bb57399523486a8c2e674f3,K-BB%,missing_projection_metric
pitcher,2025,RotoWire,p_4d320f12f7ed1ac1d64a8564,s_bbb4da2feccc84c5cfee40c3,K-BB%,missing_projection_metric
pitcher,2025,RotoWire,p_c9c4b9c76960c47b342a00fe,s_00836f6a4aa8a07bbc9a4201,K-BB%,missing_projection_metric
pitcher,2025,RotoWire,p_2b6dc032a155f10c90f5d066,s_07f1aca0ff7d5dae687e216e,K-BB%,missing_projection_metric
pitcher,2025,RotoWire,p_17ae1171e92abea6543117d2,s_4e782d9310cb93d3942eda63,K-BB%,missing_projection_metric
pitcher,2025,RotoWire,p_e53dd34ff1049b4cdddde3b2,s_bfe6bfff4bf8f18ba2ac1f54,K-BB%,missing_projection_metric
pitcher,2025,RotoWire,p_67fd9d9af5f906af95676a62,s_658bc5564cf49cc03ef5272c,K-BB%,missing_projection_metric
pitcher,2025,RotoWire,p_fbcb5bbe88ef2a2cc64ce3bd,s_fd80993919b3a3aabe3f7435,K-BB%,missing_projection_metric
pitcher,2025,RotoWire,p_bf86f5798c2e549b7fb30ee2,s_a446e906c35a5c92dce13290,K-BB%,missing_projection_metric
pitcher,2025,RotoWire,p_6254917ef60e1ddc873e6f31,s_716caea0443e56d78a7e3796,K-BB%,missing_projection_metric
pitcher,2025,RotoWire,p_c385db74ca850410df462be2,s_45ccdecaf0d66e5fa6380a15,K-BB%,missing_projection_metric
pitcher,2025,RotoWire,p_94d21693ba45c52946454a20,s_7a3033e8c88241f6ddfc72fa,K-BB%,missing_projection_metric
pitcher,2025,RotoWire,p_f3591f0057a7a2816bc6c347,s_cd76b63f7a745bff08182ac6,K-BB%,missing_projection_metric
pitcher,2025,RotoWire,p_b38e7099b3fed40bc1dd2bdc,s_302d0f3ce70e73281bd0eaef,K-BB%,missing_projection_metric
pitcher,2025,RotoWire,p_991aeb6ad93c0dfba092e8e7,s_bbe1ab59b2612cbf015acfc3,K-BB%,missing_projection_metric
pitcher,2025,RotoWire,p_f092d568b762f9e2d2d576ac,s_852f2fa6ca21bd2337c8f3c6,K-BB%,missing_projection_metric
pitcher,2025,RotoWire,p_436ab07080c06918509193ab,s_b60f435221745729d63a09ae,K-BB%,missing_projection_metric
pitcher,2025,RotoWire,p_722d2ece3768b71aafae93e6,s_e79ea5b66173c3fb6fdb547b,K-BB%,missing_projection_metric
pitcher,2025,RotoWire,p_d0fba3de9f79f83a683ff425,s_9e4eef8349872be1240e33a2,K-BB%,missing_projection_metric
pitcher,2025,RotoWire,p_69cbff53fa69913aa98a74a7,s_549e12178fc9f863a3cb4395,K-BB%,missing_projection_metric
pitcher,2025,RotoWire,p_4ab1054e1b4679af5e62847e,s_4ff89a0fc05313b1aaeef3d9,K-BB%,missing_projection_metric
pitcher,2025,RotoWire,p_ca00aae418a6ebe5e7e21090,s_7e26c14b8a06bd5287f51048,K-BB%,missing_projection_metric
pitcher,2025,RotoWire,p_fa38c0264bcdff8ad2c4499e,s_37d0cf03a1957529acb26b6c,K-BB%,missing_projection_metric
pitcher,2025,RotoWire,p_bf0123618cb84b22ee89191d,s_8cac80bb3416bee7ec56704b,K-BB%,missing_projection_metric
pitcher,2025,RotoWire,p_35b1547fd86fd8631d0c0c08,s_af64cc7ddf1036cfb25b4800,K-BB%,missing_projection_metric
pitcher,2025,RotoWire,p_c9127bf6fe2742b6cdf5e2c0,s_116dcd047c0c50a01d8476bf,K-BB%,missing_projection_metric
pitcher,2025,RotoWire,p_61ff0cbc6adc34d5b5e66201,s_bd8ff4abe86f9d9dabd75234,K-BB%,missing_projection_metric
pitcher,2025,RotoWire,p_99556fc8912a79c6991db165,s_246247c81024d63b7181492f,K-BB%,missing_projection_metric
pitcher,2025,RotoWire,p_c2941564b78650e8c80a6590,s_c2ab4691e1d30766e616ad81,K-BB%,missing_projection_metric
pitcher,2025,RotoWire,p_0b16c16d0a16de2a6363baf5,s_1b1fc760e550dd7ac1043f88,K-BB%,missing_projection_metric
pitcher,2025,RotoWire,p_2929654d5957b9990cd15b63,s_9c07b9e7f31dd8e706e65435,K-BB%,missing_projection_metric
pitcher,2025,RotoWire,p_d25ebff370ce4e9202042d61,s_c0eb11a0e31a7c4c3d1b614b,K-BB%,missing_projection_metric
pitcher,2025,RotoWire,p_c665cca64b9d1ec36d25bc81,s_b313bad6b33d5ae235f0f82a,K-BB%,missing_projection_metric
pitcher,2025,RotoWire,p_09950035a7c10e145070d051,s_5348badb2010b775cc9c2947,K-BB%,missing_projection_metric
pitcher,2025,RotoWire,p_e6a9049543a2ac63183c17bf,s_b3a86582c8292daa28ba26d6,K-BB%,missing_projection_metric
pitcher,2025,RotoWire,p_2cbdc3dc2d503fe047479492,s_7171d268c8042941644b4e97,K-BB%,missing_projection_metric
pitcher,2025,RotoWire,p_5d4e00ed942914f0c7681334,s_f444a319bd7ccbcca7ed37cc,K-BB%,missing_projection_metric
pitcher,2025,RotoWire,p_5738a2c4aaf235e3c5ecf5c0,s_e9e139b24e0aba6e879bcf88,K-BB%,missing_projection_metric
pitcher,2025,RotoWire,p_4d4066d01c2accb962e2e48b,s_51ba75b1f0513c989d49d4a1,K-BB%,missing_projection_metric
pitcher,2025,RotoWire,p_a2de9bf5142663e3696178c7,s_4c5ed4a8845d030ddcb23758,K-BB%,missing_projection_metric
pitcher,2025,RotoWire,p_f542eded5fa5eaaea2b03d47,s_9ee19b8b168171721864425b,K-BB%,missing_projection_metric
pitcher,2025,RotoWire,p_5245cf30e7834dcfe275a8b3,s_20a19ca9a50f06d542f910c6,K-BB%,missing_projection_metric
pitcher,2025,RotoWire,p_9a6e9d0ac50ab7ec0e62b627,s_c174d2ace2a827f0ac9945ac,K-BB%,missing_projection_metric
pitcher,2025,RotoWire,p_ad5f4c4ff63f4dae1c70e25b,s_a53516fc6268debb5a17ba5d,K-BB%,missing_projection_metric
pitcher,2025,RotoWire,p_0760b56a9e63e457fb539e83,s_5c3f4cd602e90392092b7363,K-BB%,missing_projection_metric
pitcher,2025,RotoWire,p_4237d81a153d8369b516a611,s_18d4ae84da76b25c7bd4c5df,K-BB%,missing_projection_metric
pitcher,2025,RotoWire,p_bbf24fd73a782298f740b3f0,s_f513a9f87389cecca8b37355,K-BB%,missing_projection_metric
pitcher,2025,RotoWire,p_976e3a7c39f544bd2cb08e53,s_c62661a6379199418fec8356,K-BB%,missing_projection_metric
pitcher,2025,RotoWire,p_f63e3a5b237a41953e0522bd,s_6552197e6383b17241ea8f4e,K-BB%,missing_projection_metric
pitcher,2025,RotoWire,p_4f7f8b7fa67c451b93b2a673,s_da9eec596ce6df401d7be893,K-BB%,missing_projection_metric
pitcher,2025,RotoWire,p_a2c21b01e40c23d7fbb867a7,s_68df4d2c3502ba84aecdaed7,K-BB%,missing_projection_metric
pitcher,2025,RotoWire,p_6dcc3d04cf7940b67bd6d46b,s_4cfcb9c7b4ea90e879fde15d,K-BB%,missing_projection_metric
pitcher,2025,RotoWire,p_88f12ce5773978cc13241f7e,s_ea97465e60b74fb4381042d3,K-BB%,missing_projection_metric
pitcher,2025,RotoWire,p_1b7d5500d3348c285a56885f,s_c6142259d48d6c02cecc5ad2,K-BB%,missing_projection_metric
pitcher,2025,RotoWire,p_bdd33abf9842a85d639efdb4,s_099a38fe1751c1df7a90baa0,K-BB%,missing_projection_metric
pitcher,2025,RotoWire,p_9f5a6fd7b5c56e97737e286c,s_d481e4988788be605a0d60e5,K-BB%,missing_projection_metric
pitcher,2025,RotoWire,p_9437e878d2b83f99c586279f,s_0d3cd1d90ec05fa89b3232f8,K-BB%,missing_projection_metric
pitcher,2025,RotoWire,p_c58b2320aec9252222500ff6,s_3cb53def7ae06854714ba81c,K-BB%,missing_projection_metric
pitcher,2025,RotoWire,p_5dc97cee80b94155de1c01a1,s_a592aa264d22a248e359d9f6,K-BB%,missing_projection_metric
pitcher,2025,RotoWire,p_a5a04deac4056a7d183f7527,s_2d232f62d9075f1eac48dfb9,K-BB%,missing_projection_metric
pitcher,2025,RotoWire,p_8fd609c8d2c9daaeb06fb12f,s_c9aeb9e73741f6f72e415242,K-BB%,missing_projection_metric
pitcher,2025,RotoWire,p_45d1721e6163fdc317003890,s_f134e8d27f9a1332567684e7,K-BB%,missing_projection_metric
pitcher,2025,RotoWire,p_528ea38467ab7d19956a07c4,s_a21642d65bfb24700f2f4602,K-BB%,missing_projection_metric
pitcher,2025,RotoWire,p_b0cf8ae2b004dce051b6f4e5,s_1dd88f8fe2c0f522b9c3c18c,K-BB%,missing_projection_metric
pitcher,2025,RotoWire,p_8672879edc2751e3034d5cab,s_0e2349081fdcbd545cf7474d,K-BB%,missing_projection_metric
pitcher,2025,RotoWire,p_52cdf5aac19a3c4c28580306,s_7a26c6a04466701e4298f746,K-BB%,missing_projection_metric
pitcher,2025,RotoWire,p_ab12a3e682ee31d77d06721f,s_70151d5edc7bcc41d66e6c7b,K-BB%,missing_projection_metric
pitcher,2025,RotoWire,p_6b9903828f4f3e710cd779e7,s_62b861e07cddc8ab4b1b9758,K-BB%,missing_projection_metric
pitcher,2025,RotoWire,p_390110644e6ab59d439767a2,s_f27cb07cbd68e0aba35e9982,K-BB%,missing_projection_metric
pitcher,2025,RotoWire,p_9a2d81e4416b5d202f89af5f,s_cc93f408961df78cd5c3f929,K-BB%,missing_projection_metric
pitcher,2025,RotoWire,p_864d23ea9d38652d0bc80673,s_2c4a6fbc1014c04f834c19c6,K-BB%,missing_projection_metric
pitcher,2025,RotoWire,p_d326f0d57effe39186b9cc40,s_960df2d786e0460e6369e45a,K-BB%,missing_projection_metric
pitcher,2025,RotoWire,p_a4fad9d3dcf8925b9fb560a5,s_a48a9feaf608c028589d9a2f,K-BB%,missing_projection_metric
pitcher,2025,RotoWire,p_fe6a4f583a6c8a67c59c6a19,s_5c26641c771ce5a7c0bcbcc0,K-BB%,missing_projection_metric
pitcher,2025,RotoWire,p_c4371908df4426aa30810911,s_b4ffeb6d84260e3ef9a51dda,K-BB%,missing_projection_metric
pitcher,2025,RotoWire,p_debf3b356235599a4e7c505b,s_ef3979b21e07609d9cfd9cd5,K-BB%,missing_projection_metric
pitcher,2025,RotoWire,p_5c981546fbb330a0a1ff2621,s_d96b07c350bdfe20d3fae3f9,K-BB%,missing_projection_metric
pitcher,2025,RotoWire,p_b5c41f2a4e0be91512e6d378,s_4bbf9ec5f060738369f4d381,K-BB%,missing_projection_metric
pitcher,2025,RotoWire,p_50683f238138b1baa284c3d3,s_709a54723d6e9e01fbcf3149,K-BB%,missing_projection_metric
pitcher,2025,RotoWire,p_c503ccd5d3a208e3f2d4b6b2,s_89d5a48059a0a24741079c16,K-BB%,missing_projection_metric
pitcher,2025,RotoWire,p_2b424c8be951d8ba23bebe80,s_2a864798f2471ab725ec6daf,K-BB%,missing_projection_metric
pitcher,2025,RotoWire,p_28d92daeded3b1264245a417,s_b90faf380a079af8110bcde1,K-BB%,missing_projection_metric
pitcher,2025,RotoWire,p_f90f88e0127db2447d6b4b6b,s_56de0f9be908b5414b8fc1c0,K-BB%,missing_projection_metric
pitcher,2025,RotoWire,p_fa65bec2312b5d42d60ee8b4,s_38361bb8a6dc316862a86f25,K-BB%,missing_projection_metric
pitcher,2025,RotoWire,p_e5e680d02216328712a96f14,s_6a12420764855772b1227a52,K-BB%,missing_projection_metric
pitcher,2025,RotoWire,p_b35d34590b3ac43677949140,s_e1d23dde3bd3f555f82b6dc7,K-BB%,missing_projection_metric
pitcher,2025,RotoWire,p_1462eea9ad139526006f6fba,s_86d7c4aca93066b3141cbcea,K-BB%,missing_projection_metric
pitcher,2025,RotoWire,p_e0e812f1c8d46069cedfdc3e,s_e4ce3ca44a48b418924260ed,K-BB%,missing_projection_metric
pitcher,2025,RotoWire,p_eb4a76757bbdb89cea654ef5,s_2e82b7fd5818dba60602848f,K-BB%,missing_projection_metric
pitcher,2025,RotoWire,p_0af38066a94940e2b68bc8ba,s_c2c0c2f4c1e47f0b77cc7c70,K-BB%,missing_projection_metric
pitcher,2025,RotoWire,p_2efba3d8e54fcb8d1f5d09b3,s_9003a42077f57e8b59ec2f01,K-BB%,missing_projection_metric
pitcher,2025,RotoWire,p_6dd1c218fa3d789fd609b3e4,s_76db1242225c4f4aafc1a555,K-BB%,missing_projection_metric
pitcher,2025,RotoWire,p_b27e7408b46d9fc16441348e,s_595c0f469ac24cb7e977dff5,K-BB%,missing_projection_metric
pitcher,2025,RotoWire,p_acd9809fb06c81109d7ede29,s_07615f850cd2bf75f89bee54,K-BB%,missing_projection_metric
pitcher,2025,RotoWire,p_fcd7de7bb40bf45a6ca34cdb,s_29e7d289a6d49f697c76353a,K-BB%,missing_projection_metric
pitcher,2025,RotoWire,p_3b8c77fa245c713f7e0b7003,s_86ee1ea847929ca81a595e25,K-BB%,missing_projection_metric
pitcher,2025,RotoWire,p_4fc08c6725ad3ff7c1ff7ffb,s_ee90393fcfd067391314ec22,K-BB%,missing_projection_metric
pitcher,2025,RotoWire,p_832c0bfcb9b11d1926665bdf,s_4b7cf2d35f19d60cf1f39657,K-BB%,missing_projection_metric
pitcher,2025,RotoWire,p_86a05e73061b5c85d481ae47,s_99e78bc86638592072777087,K-BB%,missing_projection_metric
pitcher,2025,RotoWire,p_d240081eb8e6f1ec895ecf2d,s_6dec286b8d7f1b8ec59f5155,K-BB%,missing_projection_metric
pitcher,2025,RotoWire,p_1538868d7d068cf244dceb49,s_2294561cae83f2f82669b91b,K-BB%,missing_projection_metric
pitcher,2025,RotoWire,p_aebf4132a23ddbbf57422ae5,s_ec953b49634031ef0d7f33cb,K-BB%,missing_projection_metric
pitcher,2025,RotoWire,p_670e72cdda746fe85f68a08d,s_55c34cab10738325cb7388aa,K-BB%,missing_projection_metric
pitcher,2025,RotoWire,p_bbcccd33b7c810cfa8337201,s_66209888d106efca1a7e839d,K-BB%,missing_projection_metric
pitcher,2025,RotoWire,p_79592f0690636428c30a46f5,s_87d49fb4dcd34f72e0436f89,K-BB%,missing_projection_metric
pitcher,2025,RotoWire,p_35bb0a12c9538806f164c705,s_125288d8e694c89230519c03,K-BB%,missing_projection_metric
pitcher,2025,RotoWire,p_438ee9a2108e62d8d14a062a,s_a66df52f8f9b751c57e6c290,K-BB%,missing_projection_metric
pitcher,2025,RotoWire,p_4a61ee00a03f40227f39bfe7,s_bc44b816ee8e4bcf2b0e378e,K-BB%,missing_projection_metric
pitcher,2025,RotoWire,p_bf0f117e1d0e72128aaa01dd,s_ece467d2f6b561ae8466c671,K-BB%,missing_projection_metric
pitcher,2025,RotoWire,p_df19938cec41a3349a09f13c,s_1d77f1e3a4814b273bf9de01,K-BB%,missing_projection_metric
pitcher,2025,RotoWire,p_aca14cb4cc82e85ca78f4fe7,s_daff7a17b972db026977f034,K-BB%,missing_projection_metric
pitcher,2025,RotoWire,p_e68edd55c4d8c0af8968ba6d,s_0892f0beffc2f3293299feab,K-BB%,missing_projection_metric
pitcher,2025,RotoWire,p_f746ebfba251896b073cf6d5,s_f96cfaeba2378a30c67f1cd8,K-BB%,missing_projection_metric
pitcher,2025,RotoWire,p_7108c469d40316795ab472a1,s_f6579c793b55c609da5afe78,K-BB%,missing_projection_metric
pitcher,2025,RotoWire,p_359b780a64cc77ed793a7606,s_3c134333611cbb0a62d2cf7d,K-BB%,missing_projection_metric
pitcher,2025,RotoWire,p_840a7027a702a1c4e37e5527,s_4833243e5723eed8538f598d,K-BB%,missing_projection_metric
pitcher,2025,RotoWire,p_5df36053416da5d9071410b9,s_d710e376c4a4caa9ed5704fb,K-BB%,missing_projection_metric
pitcher,2025,RotoWire,p_9deb7e402f8cf109d514cac1,s_a516dafd7fd343006078350d,K-BB%,missing_projection_metric
pitcher,2025,RotoWire,p_e341706f55862548e5ff2e3a,s_925d496c3fe8d52b74893900,K-BB%,missing_projection_metric
pitcher,2025,RotoWire,p_9cdce3c51f326e76b98d6591,s_6083371a09f874207de1b1c4,K-BB%,missing_projection_metric
pitcher,2025,RotoWire,p_7b5211dc885fe1586bfbb758,s_1d1a7505c4b77d3cbf15c262,K-BB%,missing_projection_metric
pitcher,2025,RotoWire,p_1965206c1749b62f2876a8a0,s_dab2a5da6a1d1e125f878202,K-BB%,missing_projection_metric
pitcher,2025,RotoWire,p_3bbf0f43326b5fa1e90d1ad7,s_195df7e69fd29913107fff65,K-BB%,missing_projection_metric
pitcher,2025,RotoWire,p_f408d93b48d8da9a005af52b,s_ef95b026eb1ae8069f750cf5,K-BB%,missing_projection_metric
pitcher,2025,RotoWire,p_df9fd20dc552186aecc92c54,s_f7dbd48750e55365d3a11cf3,K-BB%,missing_projection_metric
pitcher,2025,RotoWire,p_e886ebd300c4c1987877017e,s_adb2361a8885da26a4454dc9,K-BB%,missing_projection_metric
pitcher,2025,RotoWire,p_5ccb2be6f00de2400349d1ac,s_377f72f29f2b32ee1eedff91,K-BB%,missing_projection_metric
pitcher,2025,RotoWire,p_03f6dd1978acd9701ea07f1a,s_95ba1a2f0b6ea0eaed533b6e,K-BB%,missing_projection_metric
pitcher,2025,RotoWire,p_c3234d25b2dd20cd6e385c8d,s_b8b49d6af6974510e313e24c,K-BB%,missing_projection_metric
pitcher,2025,RotoWire,p_2c26e1db411b6f9ae4a8f391,s_76b74269881b9437242be3b5,K-BB%,missing_projection_metric
pitcher,2025,RotoWire,p_406202e17ebfe7ebc319947f,s_d103d0f6782722ead6a0f7f5,K-BB%,missing_projection_metric
pitcher,2025,RotoWire,p_d8d53e9e8636ecf6680932fb,s_c3ba236de55228e46efc92be,K-BB%,missing_projection_metric
pitcher,2025,RotoWire,p_053b89527a245babaa9de7f9,s_32d6f9e0a53c2fd8881655da,K-BB%,missing_projection_metric
pitcher,2025,RotoWire,p_adde69a5f07d2ac65191bd61,s_f012d72d4e03d553814400c8,K-BB%,missing_projection_metric
pitcher,2025,RotoWire,p_8d0b8540a9345dbadb133c54,s_c328b3623dff95352647d78b,K-BB%,missing_projection_metric
pitcher,2025,RotoWire,p_a882285ec2332d4e35f9aea6,s_1bb2b2b451f44282b7e39b7f,K-BB%,missing_projection_metric
pitcher,2025,RotoWire,p_3bdfe3d1215674f4accf5fdd,s_c02cf0ffdaf05085e9d43b6c,K-BB%,missing_projection_metric
pitcher,2025,RotoWire,p_0239f62f150fdc94718a08a1,s_5fb2596862561deaca2d6ac3,K-BB%,missing_projection_metric
pitcher,2025,RotoWire,p_c341da0c4ed0d8e6d65d1eab,s_07a882c081ddcb5720354aa5,K-BB%,missing_projection_metric
pitcher,2025,RotoWire,p_9cca23a301a8a13d00cd6848,s_cf84183d9f3cd9459008b5d4,K-BB%,missing_projection_metric
pitcher,2025,RotoWire,p_6ee049f492a3325cbfb8d052,s_88342fd7b94a8c3780de2824,K-BB%,missing_projection_metric
pitcher,2025,RotoWire,p_7f797197ac1a11a7b3421d1b,s_2e030310e1bc80b10fa70afa,K-BB%,missing_projection_metric
pitcher,2025,RotoWire,p_4b5cf5b09427a2ddf59454fc,s_79d0084a87cb9a5acfbf7696,K-BB%,missing_projection_metric
pitcher,2025,RotoWire,p_65fdc9dc74636837b2495384,s_3fcad07cca78a09bf3c52d89,K-BB%,missing_projection_metric
pitcher,2025,RotoWire,p_87ce29e2ae2416664b1444de,s_61b1520b9766c466939cd1b7,K-BB%,missing_projection_metric
pitcher,2025,RotoWire,p_91748ec3a4fb9543ad6e456e,s_327a5e3991446f36ed7f841f,K-BB%,missing_projection_metric
pitcher,2025,RotoWire,p_17cd91dbd7209eb72b5b0bc1,s_2d99591e1d8ae4a2c7144bb2,K-BB%,missing_projection_metric
pitcher,2025,RotoWire,p_3f6b96f16faf2d5c1aa44e0a,s_0fcc122c71ded5e8386c1aac,K-BB%,missing_projection_metric
pitcher,2025,RotoWire,p_865cf7963df08564ce6cc619,s_fc36b53a621645385c724a93,K-BB%,missing_projection_metric
pitcher,2025,RotoWire,p_85531f0435fe2167b6bec63d,s_23c885ed49152eea5fab415e,K-BB%,missing_projection_metric
pitcher,2025,RotoWire,p_dbe5f8eba79f31ae2fbbef12,s_4390991637335ed3af92133d,K-BB%,missing_projection_metric
pitcher,2025,RotoWire,p_03939d9f4f366462a86d6720,s_c513dbe0854d911ae674d6a3,K-BB%,missing_projection_metric
pitcher,2025,RotoWire,p_022a47af63aded318f018d95,s_aee2f9bb3c4bb0d4bcff0788,K-BB%,missing_projection_metric
pitcher,2025,RotoWire,p_6fc12edf18996e0f7e6f48b7,s_db59ec368c1ee46a25e31879,K-BB%,missing_projection_metric
pitcher,2025,RotoWire,p_cb0a1ee1967dcd5a0313f1f4,s_58d9712caf1b9f20234a37c3,K-BB%,missing_projection_metric
pitcher,2025,RotoWire,p_e0efd3ededa73ca4e4f7ca65,s_6b94b808e1d2fd761b4c9894,K-BB%,missing_projection_metric
pitcher,2025,RotoWire,p_d031ef31b9165ade2a07de8a,s_3fcc2ea9f74169de5101a8b6,K-BB%,missing_projection_metric
pitcher,2025,RotoWire,p_74b20b99d57a6b4b6dcedc0b,s_69681267dddebb7ec49075f5,K-BB%,missing_projection_metric
pitcher,2025,RotoWire,p_e68383f7b94770edd764c7c7,s_60cd887d6619f292822d244d,K-BB%,missing_projection_metric
pitcher,2025,RotoWire,p_64e8114493f21a3998e972c5,s_06c735b143178b4a31bfd555,K-BB%,missing_projection_metric
pitcher,2025,RotoWire,p_64b62a02d557250c812ea353,s_514aa32d26a79b6c10a8f4dc,K-BB%,missing_projection_metric
pitcher,2025,RotoWire,p_2114033616e8bab28176ff3b,s_869306d850af7c0934765c1c,K-BB%,missing_projection_metric
pitcher,2025,RotoWire,p_5fad378e158b1cb676afef64,s_9d6336bf4ba6aa27f7b252e4,K-BB%,missing_projection_metric
pitcher,2025,RotoWire,p_61f4469f74d0edbc18e77e21,s_6950373d590ac3ac985d298a,K-BB%,missing_projection_metric
pitcher,2025,RotoWire,p_2f7d0b281325531322ffa74b,s_3a36aca826615b5a12215ea9,K-BB%,missing_projection_metric
pitcher,2025,RotoWire,p_43e8e7de2aa77634ff94469d,s_df221822a9611ba8539d0d01,K-BB%,missing_projection_metric
pitcher,2025,RotoWire,p_663ac2743b68ff849ac3f794,s_7e7fb42ddaf212f9e126a7e9,K-BB%,missing_projection_metric
pitcher,2025,RotoWire,p_5cb301be76b7e1a69519280c,s_23f2d22c00c00b6724704200,K-BB%,missing_projection_metric
pitcher,2025,RotoWire,p_202088ef4fa208bc8e552f15,s_00606acf9ae424299f6176e4,K-BB%,missing_projection_metric
pitcher,2025,RotoWire,p_d92f2d27a75f27f0e8a8f9b3,s_6aaa65136f505d34a045eb85,K-BB%,missing_projection_metric
pitcher,2025,RotoWire,p_d5e07201a0f1d0cfa596e762,s_7e2888f4376be27e8433e34e,K-BB%,missing_projection_metric
pitcher,2025,RotoWire,p_61ca94d7e3be2cbafe733df9,s_2e6f1513c04f0938dfd64e14,K-BB%,missing_projection_metric
pitcher,2025,RotoWire,p_f4be239312e641d1fd5e879e,s_a8600346d053a9614886a678,K-BB%,missing_projection_metric
pitcher,2025,RotoWire,p_3dac456e39a26258f30d8eb6,s_f6666bceed25272e5be1a6c4,K-BB%,missing_projection_metric
pitcher,2025,RotoWire,p_b28716a06c47ecd76023490d,s_4b51e02fa852a3b5e5024f06,K-BB%,missing_projection_metric
pitcher,2025,RotoWire,p_2043005deaaf8693e9eef0a1,s_4e0eb332a402d128504e7cfd,K-BB%,missing_projection_metric
pitcher,2025,RotoWire,p_61df43fce399be15228241c7,s_ab4a65e0c0662341af69cefb,K-BB%,missing_projection_metric
pitcher,2025,RotoWire,p_474b86765aff2f081bf6d73e,s_58fcecc6ba30b95795eda499,K-BB%,missing_projection_metric
pitcher,2025,RotoWire,p_8b89ea9a1656d4f4956ecd7b,s_70d2537d14256e3ce3fd2072,K-BB%,missing_projection_metric
pitcher,2025,RotoWire,p_3f747dc1e443a0eecfacc566,s_e72b9e98fa9780db7b403bb9,K-BB%,missing_projection_metric
pitcher,2025,RotoWire,p_c6a0ec40c899f7b2c1dfc7bf,s_44d395a95f6639ba69e597ec,K-BB%,missing_projection_metric
pitcher,2025,RotoWire,p_ebf87ec113e8b0f2ee8c9137,s_ad1557b0fccf2bb0826496ac,K-BB%,missing_projection_metric
pitcher,2025,RotoWire,p_bb5b45202cd0e3997a49a903,s_48a0ae197831833350301991,K-BB%,missing_projection_metric
pitcher,2025,RotoWire,p_1717f62465764e9d30864b06,s_3fac0a7bfd2f88b68c5e1bd3,K-BB%,missing_projection_metric
pitcher,2025,RotoWire,p_357a85c29d85f1c884799b6b,s_97072597db70214dcfde8941,K-BB%,missing_projection_metric
pitcher,2025,RotoWire,p_4055fa9f7ca334fe33a26bfe,s_7ace89390450b21db846905c,K-BB%,missing_projection_metric
pitcher,2025,RotoWire,p_9a77feb051159af9aee2063c,s_8410f83d4a08a65007970a2b,K-BB%,missing_projection_metric
pitcher,2025,RotoWire,p_c2e11e9b2895314b228d9143,s_e8e022b3ecd66bf68a1b8ae0,K-BB%,missing_projection_metric
pitcher,2025,RotoWire,p_7ecdbe2c0870f558f16c0f62,s_c7ef8754c93ff06114589af9,K-BB%,missing_projection_metric
pitcher,2025,RotoWire,p_46017178473b57a504f40f61,s_edd5f4479e3be01be64f3f01,K-BB%,missing_projection_metric
pitcher,2025,RotoWire,p_947372bfc438cf39d3a30665,s_c93a38052fc2a266a2f55789,K-BB%,missing_projection_metric
pitcher,2025,RotoWire,p_b13319e24b3552eff64d85bc,s_4c7758f25a943c1b55045063,K-BB%,missing_projection_metric
pitcher,2025,RotoWire,p_a743e95c751b76805136d443,s_86f6365fb442082c5d37a13f,K-BB%,missing_projection_metric
pitcher,2025,RotoWire,p_e19d9b502abd2d1b0b07ea2a,s_85bbaa54b6cf5a4af8b9ce1e,K-BB%,missing_projection_metric
pitcher,2025,RotoWire,p_8c118f1cce2683232f54416f,s_709d41c27bda27ec60cb2246,K-BB%,missing_projection_metric
pitcher,2025,RotoWire,p_6fd30c7531d5bc78103c740d,s_5315e853509ecdfc79e3d0d2,K-BB%,missing_projection_metric
pitcher,2025,RotoWire,p_74d9cd5a911ee5ed93663d77,s_397d6e30e510ecb1cdf39757,K-BB%,missing_projection_metric
pitcher,2025,RotoWire,p_bb82cb6ed787b635d6d9a9bd,s_efab43bf9c4191974e24d47c,K-BB%,missing_projection_metric
pitcher,2025,RotoWire,p_ecff128ebd3bcb2627d0226e,s_2d0f9a62589b79b837b50d6a,K-BB%,missing_projection_metric
pitcher,2025,RotoWire,p_5d9c98b0173958f4c189a129,s_886c6ab3b39ad92c8a1d6c6d,K-BB%,missing_projection_metric
pitcher,2025,RotoWire,p_8ed8dc08bf2fc22b7d5fdc9e,s_4972ee6e947ee22364a9803a,K-BB%,missing_projection_metric
pitcher,2025,RotoWire,p_de4f248f197b6ab7761cb09b,s_759b4b16f4f6a440e6a02ba0,K-BB%,missing_projection_metric
pitcher,2025,RotoWire,p_e23cb32e39c22be655441929,s_b8d6209de8a517fd4f2f8648,K-BB%,missing_projection_metric
pitcher,2025,RotoWire,p_068e7224bb054c1a9b281e8e,s_3167effc5d0cf472a1eee6d0,K-BB%,missing_projection_metric
pitcher,2025,RotoWire,p_a8216ccda0a59c4e665e7874,s_c7cedc47ff79bb96358cdd0b,K-BB%,missing_projection_metric
pitcher,2025,RotoWire,p_3e5cfa913cc4f482344401c1,s_45687258619aae6b77264604,K-BB%,missing_projection_metric
pitcher,2025,RotoWire,p_c3b7cc93fd3c9b7f57a21594,s_033d60e3e03bcbc50a04d27a,K-BB%,missing_projection_metric
pitcher,2025,RotoWire,p_873e9a85cedbbe1ba2ccefc2,s_eb8aedf1ea7e2e21133935b1,K-BB%,missing_projection_metric
pitcher,2025,RotoWire,p_8ececb63a3f2cebed969a98d,s_8f3c96ee4a69d714500063a4,K-BB%,missing_projection_metric
pitcher,2025,RotoWire,p_eef46cfc49e692afb37dbd7f,s_75b2194d80ba63fc11c6bb5d,K-BB%,missing_projection_metric
pitcher,2025,RotoWire,p_c8fcbc835fb5f66a0bd0f41e,s_1f63fa95c78f6c956019dd2a,K-BB%,missing_projection_metric
pitcher,2025,RotoWire,p_99be1f6c65672ddb89e36704,s_6fe13165731e4fc79b3b3a4e,K-BB%,missing_projection_metric
pitcher,2025,RotoWire,p_b71fbe75f62a06bbed6595ec,s_5dfec4cea0c9f53cb3413373,K-BB%,missing_projection_metric
pitcher,2025,RotoWire,p_2bd83f835d274b547829f07c,s_fad5986740e8ecd8924dbaac,K-BB%,missing_projection_metric
pitcher,2025,RotoWire,p_04895952d7d004fc8bb3f14b,s_19835f590cd07808fd5bde9f,K-BB%,missing_projection_metric
pitcher,2025,RotoWire,p_1b49209f0bd30dd5dc724000,s_0c84702fb435312752220a6c,K-BB%,missing_projection_metric
pitcher,2025,RotoWire,p_add0f7573f9388cbc02c0706,s_5844fe2d7a7b3e09f3f25469,K-BB%,missing_projection_metric
pitcher,2025,RotoWire,p_e0742aec163e8fe5a829ba96,s_15d208ff2ffb3836c592f362,K-BB%,missing_projection_metric
pitcher,2025,RotoWire,p_4f111a07b4c0259d31c89e0d,s_cc3584ffb0869f3336671ef3,K-BB%,missing_projection_metric
pitcher,2025,RotoWire,p_b051cf87af8a4244b6b81e2c,s_8079a38abb7b1d3e33b37f08,K-BB%,missing_projection_metric
pitcher,2025,RotoWire,p_288584b43feea72ac1e47a2d,s_fcc11cbf18ab0ab72031276e,K-BB%,missing_projection_metric
pitcher,2025,RotoWire,p_bad5772915c2a0ae9bf9c5f1,s_3e72dc993a5bb82d6d1108d2,K-BB%,missing_projection_metric
pitcher,2025,RotoWire,p_ca72c1190ab195d082d039a5,s_69beab1528ef5ee74454228c,K-BB%,missing_projection_metric
pitcher,2025,RotoWire,p_009e96c410d3379760f8b1a1,s_791c5de05abd428200d3bf54,K-BB%,missing_projection_metric
pitcher,2025,RotoWire,p_6ddc0b571359a20df4eac80a,s_2f0d8ebcc96baee198206fbe,K-BB%,missing_projection_metric
pitcher,2025,RotoWire,p_f5105d7ffd8537ed91519f0f,s_db40beb24419e8b1876955b6,K-BB%,missing_projection_metric
pitcher,2025,RotoWire,p_5485d94fef637de4cbcf9080,s_9982e77aae9b18a1ce107ed7,K-BB%,missing_projection_metric
pitcher,2025,RotoWire,p_14a0d313708d61eee3ed8e2d,s_342fb026107d067006758ce1,K-BB%,missing_projection_metric
pitcher,2025,RotoWire,p_a98211b93d765f76eace7471,s_da9e811978851fbb8075821a,K-BB%,missing_projection_metric
pitcher,2025,RotoWire,p_51a922809ad094b5a4433cdf,s_4fe70a5d7f38ef399d39712c,K-BB%,missing_projection_metric
pitcher,2025,RotoWire,p_a16d0151ecec817dcaa17d65,s_00631b99288fda61f3782a0d,K-BB%,missing_projection_metric
pitcher,2025,RotoWire,p_398375b387379868974113bb,s_eb75e97315033202b0af86c5,K-BB%,missing_projection_metric
pitcher,2025,RotoWire,p_0c3b6b4f617c9009bb6c76e7,s_ab86df393e5bec2931e9b82c,K-BB%,missing_projection_metric
pitcher,2025,RotoWire,p_67a7d083510fbec26f1ddc04,s_ee857fd83e804d2679544265,K-BB%,missing_projection_metric
pitcher,2025,RotoWire,p_a14b46668a060bb5629886e6,s_fc180048133518b19d66054b,K-BB%,missing_projection_metric
pitcher,2025,RotoWire,p_153188ef122e1ff0e54e37b2,s_b9c4007ff504093ea55d64df,K-BB%,missing_projection_metric
pitcher,2025,RotoWire,p_f59ee04f5b058c3f109d1631,s_18e883e6ec429c9d3d20643b,K-BB%,missing_projection_metric
pitcher,2025,RotoWire,p_1f226d7dd4cee0150a1549a0,s_37ba8749218df2f45e863a1e,K-BB%,missing_projection_metric
pitcher,2025,RotoWire,p_17536a68362f900664fa9f61,s_22453d06f100e721efd30da8,K-BB%,missing_projection_metric
pitcher,2025,RotoWire,p_867ee2262881488fe9e83603,s_6dd77f5846e1b53905d58d41,K-BB%,missing_projection_metric
pitcher,2025,RotoWire,p_73a90042ce9db308c725c28a,s_f50414f5a8b8e8202d7a83e5,K-BB%,missing_projection_metric
pitcher,2025,RotoWire,p_7343ba7168344875dfbe9cf1,s_6c90581a1ae094c569b8f7bc,K-BB%,missing_projection_metric
pitcher,2025,RotoWire,p_1d99fee357b2b193b50cce26,s_fc64fd22361fc98c1d60a581,K-BB%,missing_projection_metric
pitcher,2025,RotoWire,p_eccb7f5e13db472d4ab158a6,s_db025f76fb5908cbe217e409,K-BB%,missing_projection_metric
pitcher,2025,RotoWire,p_b3710509193a23f9fb6df89c,s_2147334925a1ca4b8e66d6ff,K-BB%,missing_projection_metric
pitcher,2025,RotoWire,p_97aae67787d9d128a0f68afd,s_3c8f43387f4160bc9b022afe,K-BB%,missing_projection_metric
pitcher,2025,RotoWire,p_c5ed138e0e635ef0aec7663a,s_889b3d83396d871cd7b8df61,K-BB%,missing_projection_metric
pitcher,2025,RotoWire,p_7e394fbf190746b9460471b6,s_b95ba853353cbaac2ee1bd42,K-BB%,missing_projection_metric
pitcher,2025,RotoWire,p_145721815ffdf403b65c76d6,s_d2e2f023dbf3d944f111ccc1,K-BB%,missing_projection_metric
pitcher,2025,RotoWire,p_dc94d49f14972788f07e6738,s_1ffefaa8feb14e60a150a002,K-BB%,missing_projection_metric
pitcher,2025,RotoWire,p_2fad58b9923436119be174e1,s_551e3ab338149c89ed242eae,K-BB%,missing_projection_metric
pitcher,2025,RotoWire,p_1577c13241c98d1b1b25a065,s_4c036d10011a7adc146c69c7,K-BB%,missing_projection_metric
pitcher,2025,RotoWire,p_e07feaacf0b72192ae4d9189,s_a97f43d446463817f3503323,K-BB%,missing_projection_metric
pitcher,2025,RotoWire,p_44f4ae0a56e818f589465db9,s_36d2d357de1dc4d52b4c5e4f,K-BB%,missing_projection_metric
pitcher,2025,RotoWire,p_c25dc1ad5c4247237938a311,s_d41c4415d3398c25edb8a107,K-BB%,missing_projection_metric
pitcher,2025,RotoWire,p_e97c60722d70876db2318cd9,s_b0fbf375ed1801b377c85d16,K-BB%,missing_projection_metric
pitcher,2025,RotoWire,p_3e586e64329db1dd04a4e3b8,s_1d1e14b2592af689ea34936c,K-BB%,missing_projection_metric
pitcher,2025,RotoWire,p_4dfc866ca5c495c85c00e1e6,s_22a119b9e7d4544246e3ea8c,K-BB%,missing_projection_metric
pitcher,2025,RotoWire,p_1eaa1d1baccc84d06d8ed931,s_4b35ede3a3317c0ec3d62672,K-BB%,missing_projection_metric
pitcher,2025,RotoWire,p_880a7122ece62032e449d29c,s_0c59367a67ee11aba4a648c7,K-BB%,missing_projection_metric
pitcher,2025,RotoWire,p_cb86fe05321827f7f78d2eac,s_b33d28c29e70ced3fabec954,K-BB%,missing_projection_metric
pitcher,2025,RotoWire,p_537e5057a32900098a2e0d2c,s_193d1ca2eb46eaf0524e8e04,K-BB%,missing_projection_metric
pitcher,2025,RotoWire,p_eda6f75e34f4854b11eeef97,s_912cd77114e91d82db669547,K-BB%,missing_projection_metric
pitcher,2025,RotoWire,p_791b3683027c9d8d92b609d0,s_db68800cd8a7d05698d8bb10,K-BB%,missing_projection_metric
pitcher,2025,RotoWire,p_359c4b8937e5970b4d98d188,s_c4249bc25ef364fa96a587d1,K-BB%,missing_projection_metric
pitcher,2025,RotoWire,p_d4a9b50b3224024b900f4e0c,s_0412b123fbe3927f79582d54,K-BB%,missing_projection_metric
pitcher,2025,RotoWire,p_9e7db66bfc565b709fe46853,s_579f4cbaead706faedc828d8,K-BB%,missing_projection_metric
pitcher,2025,RotoWire,p_80dabc460f667d0aafb8ff5c,s_dbf68400c8cdfa5c51bd5219,K-BB%,missing_projection_metric
pitcher,2025,RotoWire,p_fc18f428295d7ad8c21b667f,s_5fdf06f09ccf1a8db4f1f8c9,K-BB%,missing_projection_metric
pitcher,2025,RotoWire,p_1d65fb95d62bf324cbf07c1a,s_9989fd79189bcb7ce54cae2f,K-BB%,missing_projection_metric
pitcher,2025,RotoWire,p_20b5e71becf329de17a636b1,s_79ac1956a64b0bfbd158f6db,K-BB%,missing_projection_metric
pitcher,2025,RotoWire,p_2442495cf935c13e35ace791,s_994db47d24e7bddf17909934,K-BB%,missing_projection_metric
pitcher,2025,RotoWire,p_5622eaf6fed51b2f0badc28f,s_935c498e337e6227b2e97a54,K-BB%,missing_projection_metric
pitcher,2025,RotoWire,p_5a5e5a4baec1ff0e99cb37c5,s_c5bbc5852213b59d68498fb5,K-BB%,missing_projection_metric
pitcher,2025,RotoWire,p_b9be4dd9135ef8202ccbf94b,s_34230b6726a548e11a9c1c3f,K-BB%,missing_projection_metric
pitcher,2025,RotoWire,p_55e0b0cdfd06f59a14884d19,s_365487fec0ece5c3725150cf,K-BB%,missing_projection_metric
pitcher,2025,RotoWire,p_adfce089754d8fcf93c9d6eb,s_fd57ab6f1c661dcf4ba65375,K-BB%,missing_projection_metric
pitcher,2025,RotoWire,p_68ceebeeae0240ef1eeb496f,s_b7fe3d73d7ebf414636cd0a2,K-BB%,missing_projection_metric
pitcher,2025,RotoWire,p_cae67aa5fd092dca6407ccd8,s_14c052a9645d1310631fb848,K-BB%,missing_projection_metric
pitcher,2025,RotoWire,p_98cc697758a3fc95df098ccd,s_7441bb2c43becf490a807956,K-BB%,missing_projection_metric
pitcher,2025,RotoWire,p_410328aef7c939f61d4b7528,s_91fbc2ba8229d7602f4fc4e9,K-BB%,missing_projection_metric
pitcher,2025,RotoWire,p_9d5fc19a3ec0a2b92dad5383,s_579a47da3a9379194a7767e6,K-BB%,missing_projection_metric
pitcher,2025,RotoWire,p_27bd8d698914d52a637c58ce,s_890ffd10adfc792b0d4572f8,K-BB%,missing_projection_metric
pitcher,2025,RotoWire,p_37fb98747cdcda0fbfec7784,s_6526468ced49840a3dc273dd,K-BB%,missing_projection_metric
pitcher,2025,RotoWire,p_87897e21381c92d01d1670b6,s_9b98134a20f7dc9b89a473b1,K-BB%,missing_projection_metric
pitcher,2025,RotoWire,p_22eee69f8ac0239b99b11b78,s_466a695c06353110943c6b79,K-BB%,missing_projection_metric
pitcher,2025,RotoWire,p_ab8444dc7f51611939832036,s_205a1277c4b56904ef234c2d,K-BB%,missing_projection_metric
pitcher,2025,RotoWire,p_90e71871268b32dfc6280b86,s_e0ca8885af353a82f41d5c9e,K-BB%,missing_projection_metric
pitcher,2025,RotoWire,p_ad8eeecb96286785de1abf84,s_8e88f0858905459e15c55d20,K-BB%,missing_projection_metric
pitcher,2025,RotoWire,p_611b50d11016f9e5bac93980,s_130907414839b52ace848f8c,K-BB%,missing_projection_metric
pitcher,2025,RotoWire,p_1db467c6cfbfe96ad057338e,s_6aa39c6bafe2fb4d9ba2a6ed,K-BB%,missing_projection_metric
pitcher,2025,RotoWire,p_fa348e8a3e9e503fc5deebc7,s_9ce529e42bdf0bbb8a3785d6,K-BB%,missing_projection_metric
pitcher,2025,RotoWire,p_61da229a19dcb37d006d054f,s_5ef6d0a9159ec27ab314029c,K-BB%,missing_projection_metric
pitcher,2025,RotoWire,p_6d19fe3af838d3bcaf19f868,s_715102a97cc3e341d423ba7f,K-BB%,missing_projection_metric
pitcher,2025,RotoWire,p_3a1cb7d74d6ff8302a97f30f,s_5a42147701ae2c891d5592be,K-BB%,missing_projection_metric
pitcher,2025,RotoWire,p_08803fedfc7e3b44562070ba,s_bb1397a34c19df226e9748cd,K-BB%,missing_projection_metric
pitcher,2025,RotoWire,p_c1803acfc69807176b03fceb,s_28bc71725ca62bcd193dbeb8,K-BB%,missing_projection_metric
pitcher,2025,RotoWire,p_3d4fddbaa624427c64113cac,s_5c1637377642d706dcb2ba2a,K-BB%,missing_projection_metric
pitcher,2025,RotoWire,p_4ce2bc74d9bdc379de52f9fb,s_49d287eef5b6f749ab80133f,K-BB%,missing_projection_metric
pitcher,2025,RotoWire,p_1bd74263d59f9dcb39af1120,s_ecd41903fc74c0a3ecd285cc,K-BB%,missing_projection_metric
pitcher,2025,RotoWire,p_49ed2c7ffa16b9279ff3f555,s_8a9b63b2418b515e02966efa,K-BB%,missing_projection_metric
pitcher,2025,RotoWire,p_ce659b38e92388329f2ca16b,s_b361be04984a83d64a032cad,K-BB%,missing_projection_metric
pitcher,2025,RotoWire,p_b94cd2fa50a25f87a513580d,s_834eedc782ee038a817d3d6c,K-BB%,missing_projection_metric
pitcher,2025,RotoWire,p_6b8cba5bfea707d3dd734524,s_c54c7fad5efb2aefcf4976e8,K-BB%,missing_projection_metric
pitcher,2025,RotoWire,p_a6fa59945d5551b89676371f,s_4c1997b0dfe84d86c517117e,K-BB%,missing_projection_metric
pitcher,2025,RotoWire,p_0f524fd2285c4e78f5fe8913,s_9cf7c456ba8721383fb37fe0,K-BB%,missing_projection_metric
pitcher,2025,RotoWire,p_f8aa57bef4644632c1796d15,s_09b0d8d161448874e9d8e826,K-BB%,missing_projection_metric
pitcher,2025,RotoWire,p_5fdf2f3ccb63b4515b2eb625,s_7cb7da39ece94a436b3fa061,K-BB%,missing_projection_metric
pitcher,2025,RotoWire,p_99369324bab1d4ff69bc1d02,s_ebe7080cf02f05558f239c11,K-BB%,missing_projection_metric
pitcher,2025,RotoWire,p_dae2cbdd6aaffa6c61bee2de,s_ac7bd2ba65d66272bcf3b3f1,K-BB%,missing_projection_metric
pitcher,2025,RotoWire,p_14f528eb56e4572f1129bda9,s_3c0875a175a3c9c544575c1c,K-BB%,missing_projection_metric
pitcher,2025,RotoWire,p_9f550caec192fd42d10ff1b3,s_56fe9d2ae5656ddc8accc6bc,K-BB%,missing_projection_metric
pitcher,2025,RotoWire,p_1b7aadf4254d0c04b28301e5,s_43098b7a7bdced36fd43f7bd,K-BB%,missing_projection_metric
pitcher,2025,RotoWire,p_b9bda4330db43c739314fce4,s_b3550f4ba2da2f9477008532,K-BB%,missing_projection_metric
pitcher,2025,RotoWire,p_8e3c5b6d41ea95d4beeb3c30,s_435704631bc6ff87f65c8cda,K-BB%,missing_projection_metric
pitcher,2025,RotoWire,p_6b4f95ec9ffb4fe368a2576d,s_90f3f0aedd767974d861b2f6,K-BB%,missing_projection_metric
pitcher,2025,RotoWire,p_c8060e0ca736e951c5c4b226,s_e5329c1fbf065f9ebf7d59ea,K-BB%,missing_projection_metric
pitcher,2025,RotoWire,p_9c980b6b55a25e9cec08f624,s_ccfb08be6f2f1c97d4c9fc6b,K-BB%,missing_projection_metric
pitcher,2025,RotoWire,p_53fdc6d306dc44415d488e16,s_6353341599df804f17c2fa80,K-BB%,missing_projection_metric
pitcher,2025,RotoWire,p_a8a4ea29b153fef404ad3bfc,s_8a51ab5d3d74f09f84f631f6,K-BB%,missing_projection_metric
pitcher,2025,RotoWire,p_aa3f542bce2dddb882aa93ae,s_c1615b2c4a8f03575e2469c6,K-BB%,missing_projection_metric
pitcher,2025,RotoWire,p_3f88e6009659057719b46325,s_4719da202834a43dc9db52c7,K-BB%,missing_projection_metric
pitcher,2025,RotoWire,p_fff5f1ebef83eebba71e9bbc,s_56f0935bba5ae3b683cc004e,K-BB%,missing_projection_metric
pitcher,2025,RotoWire,p_6ae7476d65dc554f359685a1,s_535e7c065cd55accd3f8a335,K-BB%,missing_projection_metric
pitcher,2025,RotoWire,p_c5178381d162a4b5d9527eb0,s_105ed20657dbfd6cb452bcba,K-BB%,missing_projection_metric
pitcher,2025,RotoWire,p_b7580c74682c1a1cc5d24abd,s_cb27e5d71fac3e7de2d40e05,K-BB%,missing_projection_metric
pitcher,2025,RotoWire,p_1cb2a2b9966604f2d0295576,s_436a64c904990c995f85e8f4,K-BB%,missing_projection_metric
pitcher,2025,RotoWire,p_ccf29ec3fb51dbf128d874e4,s_d797c3e99a3ed77a9ad77c9a,K-BB%,missing_projection_metric
pitcher,2025,RotoWire,p_517403ae3a1b79a433390aec,s_0c7393921b309e16500ad1fa,K-BB%,missing_projection_metric
pitcher,2025,RotoWire,p_4a0039a3c02b3a1181636c3b,s_8a88544d9fd9c8b3ef64e6b3,K-BB%,missing_projection_metric
pitcher,2025,RotoWire,p_9cf33bb8d6b6c72759e3b41d,s_6a673087a03c512059b90e15,K-BB%,missing_projection_metric
pitcher,2025,RotoWire,p_54dfc42aa6e80f0846f08fcf,s_100722f139b822b5b3c2c65d,K-BB%,missing_projection_metric
pitcher,2025,RotoWire,p_05aa5556dc44afe342917893,s_c5c3d1044f1e194a74aca8f8,K-BB%,missing_projection_metric
pitcher,2025,RotoWire,p_e78d76af2b3a156869586232,s_888f90ecbe8d1073a5ad7332,K-BB%,missing_projection_metric
pitcher,2025,RotoWire,p_6ab2031cdd4bbac15cafe542,s_9fda42b7542fc5ca7fc17303,K-BB%,missing_projection_metric
pitcher,2025,RotoWire,p_9b79266fde272f3b8d161342,s_bf738b2e970ad75ccd5d4efb,K-BB%,missing_projection_metric
pitcher,2025,RotoWire,p_19d2c7ec4ec2d984744eb5b3,s_54609b1f17adfb7de0fec66d,K-BB%,missing_projection_metric
pitcher,2025,RotoWire,p_ce22d4726510344d78fb2e38,s_45e88be5add8d5dbf3f8ce88,K-BB%,missing_projection_metric
pitcher,2025,RotoWire,p_54517e847736a45c8b1dabfd,s_e78453d02e40c51b68d93389,K-BB%,missing_projection_metric
pitcher,2025,RotoWire,p_3c08e81780e0bae6ae834dda,s_ece03c80c533ef64dfff902d,K-BB%,missing_projection_metric
pitcher,2025,RotoWire,p_021a6060a1c63e57e8422db3,s_77238097193d86a50b436a21,K-BB%,missing_projection_metric
pitcher,2025,RotoWire,p_3a7abee15307a192a502f9bc,s_a9087f4c4791964265b0365a,K-BB%,missing_projection_metric
pitcher,2025,RotoWire,p_8183d10c86c33b8c9d22b5ae,s_c2a6380152bcbf86c355da68,K-BB%,missing_projection_metric
pitcher,2025,RotoWire,p_c81a0386598bf2f14a51264d,s_a176edd4d8278173498e9924,K-BB%,missing_projection_metric
pitcher,2025,RotoWire,p_e5489bb69c8bf14362185b49,s_86cfd190420841839ebafc64,K-BB%,missing_projection_metric
pitcher,2025,RotoWire,p_ea314bca6aece5d192c6a5b0,s_b226de9652ab1d12e9b31d44,K-BB%,missing_projection_metric
pitcher,2025,RotoWire,p_de239dab073ee70e594e1202,s_57f1beccb1614551549937a0,K-BB%,missing_projection_metric
pitcher,2025,RotoWire,p_64d490748b87ded9dfc75248,s_9ecbe2485f56f1bacd86b818,K-BB%,missing_projection_metric
pitcher,2025,RotoWire,p_9316c4dc392000b5e1ac832e,s_b83d75689891565687b5faf8,K-BB%,missing_projection_metric
pitcher,2025,RotoWire,p_45b474063e26679f1fc83858,s_887c4fbc3d6d064859edb786,K-BB%,missing_projection_metric
pitcher,2025,RotoWire,p_070918a027c45f11ba1c7216,s_652f53f05592046a3dd377ca,K-BB%,missing_projection_metric
pitcher,2025,RotoWire,p_c6edb861266cca1d8b7777f3,s_6d800329de2bafa05d08a462,K-BB%,missing_projection_metric
pitcher,2025,RotoWire,p_ffe00fc2f01b7827200e26a4,s_fb86158334d9f7426cdfe8a6,K-BB%,missing_projection_metric
pitcher,2025,RotoWire,p_d97c2be92435bc60ddb1a9e3,s_889ef6ec004b223edd2ad2fd,K-BB%,missing_projection_metric
pitcher,2025,RotoWire,p_e10fdff8ef686e5845a7cfee,s_f1b3f61240e7ded1134c018c,K-BB%,missing_projection_metric
pitcher,2025,RotoWire,p_a1dd30c06e29129ba5461f1e,s_f91bb4ac1d81e7dff08289a4,K-BB%,missing_projection_metric
pitcher,2025,RotoWire,p_a52253efb8f29cc26461b906,s_85fd0599b781d7e3905dcaa0,K-BB%,missing_projection_metric
pitcher,2025,RotoWire,p_7b68f5f154ad8bbbaa3c2564,s_1651f3b6402dbae2da8e50a6,K-BB%,missing_projection_metric
pitcher,2025,RotoWire,p_ab34ac7065869093f97fd7ed,s_c669b12b8305caf9709c5ca5,K-BB%,missing_projection_metric
pitcher,2025,RotoWire,p_137f09ddbe2e7a9b7aa50ffb,s_c4699ae77165d3adc95e2d77,K-BB%,missing_projection_metric
pitcher,2025,RotoWire,p_1bae71852df5bd62f85fc3e8,s_2a63508e41af44ba16f49d16,K-BB%,missing_projection_metric
pitcher,2025,RotoWire,p_318949b8bccbfa80a4474acc,s_492eb465df6d48c3d3eca6ce,K-BB%,missing_projection_metric
pitcher,2025,RotoWire,p_edfc64041b7ee8740960ecff,s_f621d5b96579ee209078c9c8,K-BB%,missing_projection_metric
pitcher,2025,RotoWire,p_45d1adc7248c7477ef8737e2,s_8433c864b70fb3c53dd0050e,K-BB%,missing_projection_metric
pitcher,2025,RotoWire,p_de590bfab110555b10280410,s_e6c729a70b9891197fccef50,K-BB%,missing_projection_metric
pitcher,2025,RotoWire,p_463c8505b18605c1574ec77d,s_38aec7ebe11a10d0d3bef8c1,K-BB%,missing_projection_metric
pitcher,2025,RotoWire,p_48da1d101e8cb6eb88275ac2,s_1f194d63eaa21159d2bac1e6,K-BB%,missing_projection_metric
pitcher,2025,RotoWire,p_cf41ac27465da6068c022374,s_fdda85a05ff074753fb415ea,K-BB%,missing_projection_metric
pitcher,2025,RotoWire,p_f42b4ea020ded781aef89044,s_a865a394c29afb8502b6fcdc,K-BB%,missing_projection_metric
pitcher,2025,RotoWire,p_c16ceee80f9bfb1fec04cdfe,s_4d262fad0e5e52a1e7b526d0,K-BB%,missing_projection_metric
pitcher,2025,RotoWire,p_8563b288cabc5a90c0b362fd,s_5b42055fd0c0579bccbfd923,K-BB%,missing_projection_metric
pitcher,2025,RotoWire,p_3d7dbeb61bf17e62ef16d36b,s_71b13b25a18beb82283f0326,K-BB%,missing_projection_metric
pitcher,2025,RotoWire,p_cb7e3547063497ea6d59f8f1,s_5d61a7c462e0150cc7513c57,K-BB%,missing_projection_metric
pitcher,2025,RotoWire,p_ae1758e742025670aed362b1,s_4d780221cbf8a9b4d3e1cc11,K-BB%,missing_projection_metric
pitcher,2025,RotoWire,p_4c3ded7fcf0ddb95f5c59a5b,s_dc61b3cd8d307c749a8ec6c7,K-BB%,missing_projection_metric
pitcher,2025,RotoWire,p_e75b990817978805c31533be,s_2ba83e927f5906c097015d5a,K-BB%,missing_projection_metric
pitcher,2025,RotoWire,p_2760b771d5d2d52f8c0db525,s_17fb74c3deb0e557fe91c3ee,K-BB%,missing_projection_metric
pitcher,2025,RotoWire,p_c1d12d935a24fbd60d6cf764,s_42c9739ccb4982c0793bf278,K-BB%,missing_projection_metric
pitcher,2025,RotoWire,p_0e089b0f2e016b32a874b52f,s_a7bd69f9803ddb629f9aa44f,K-BB%,missing_projection_metric
pitcher,2025,RotoWire,p_99f38b09686a812eec67a07d,s_84563be9c5432a2c0a56dc73,K-BB%,missing_projection_metric
pitcher,2025,RotoWire,p_87e0f824b432c68de2f1cdda,s_e3ac09cfa98cc6ef4933b538,K-BB%,missing_projection_metric
pitcher,2025,RotoWire,p_69b6354aceb0713a9f9ccb55,s_be9d0bec86ad87e3063c6e42,K-BB%,missing_projection_metric
pitcher,2025,RotoWire,p_b780c726b42fc01482d044ea,s_715b1b1eaa85de2818e3807e,K-BB%,missing_projection_metric
pitcher,2025,RotoWire,p_4418e268dc293e4c447c6546,s_2fdeb3ea829bb8c5e21c64c0,K-BB%,missing_projection_metric
pitcher,2025,RotoWire,p_4f63322407a16b6cb9e684d5,s_1d4895b30166a8ae8d417c0e,K-BB%,missing_projection_metric
pitcher,2025,RotoWire,p_4666c8933a6cfbcd75a49204,s_614b59fb9e144d8364219072,K-BB%,missing_projection_metric
pitcher,2025,RotoWire,p_371a1a346ec1e2f9db0ad977,s_8b575a6c3720c2267160d323,K-BB%,missing_projection_metric
pitcher,2025,RotoWire,p_a040d5160e3ed9b54434cfbb,s_9a6d13250b43ef64b96c1c90,K-BB%,missing_projection_metric
pitcher,2025,RotoWire,p_31e198d6dadb10cdd4b3261f,s_150efa8bdc69fc1d8768e280,K-BB%,missing_projection_metric
pitcher,2025,RotoWire,p_fde1cb0513829d5de21b3f1e,s_da4e5864abbc09ade830748c,K-BB%,missing_projection_metric
pitcher,2025,RotoWire,p_d0cb62e3b68e340a9cdfacc2,s_370f78e1277c5715e23970b5,K-BB%,missing_projection_metric
pitcher,2025,RotoWire,p_2685c99f10ed43abee99e8eb,s_b3befddb8baec226a66edd6b,K-BB%,missing_projection_metric
pitcher,2025,RotoWire,p_d92fc75e4628979a37144e5a,s_94dea86304b7bedd815daf24,K-BB%,missing_projection_metric
pitcher,2025,RotoWire,p_5ab6446da06e03d88133c394,s_3df184fa46695249cddfc69d,K-BB%,missing_projection_metric
pitcher,2025,RotoWire,p_38048eea2f7c671d69ecd76b,s_e2c7c0f2e510d76d1bdb960a,K-BB%,missing_projection_metric
pitcher,2025,RotoWire,p_161e5a9305eaea8fb63c7654,s_b1cc98cf67a5ab36a51bdf8b,K-BB%,missing_projection_metric
pitcher,2025,RotoWire,p_a6d5aaf96c6c17db57e8301a,s_c1ecd205c72d066a9f7b7c53,K-BB%,missing_projection_metric
pitcher,2025,RotoWire,p_2593790323a77719d1ad29bc,s_e97d5544ba4b7185742d7974,K-BB%,missing_projection_metric
pitcher,2025,RotoWire,p_f7bab10a7c231ef55feda704,s_4ba51d2b4410abbf33265502,K-BB%,missing_projection_metric
pitcher,2025,RotoWire,p_76d7ef74cfa636d8b9d155bd,s_9f49ed5b36d0239cacbae491,K-BB%,missing_projection_metric
pitcher,2025,RotoWire,p_0f35ba84bee190d22ffef471,s_213cb026b91aefc6d9abee98,K-BB%,missing_projection_metric
pitcher,2025,RotoWire,p_f50562cd42d6cc25aedd76e1,s_b959c879d73ea31876e14d2f,K-BB%,missing_projection_metric
pitcher,2025,RotoWire,p_f33b45e0082d9a26a8b16000,s_9251669c86c2952bada9ba2b,K-BB%,missing_projection_metric
pitcher,2025,RotoWire,p_f6143c39e5a443ea5b2ad3c7,s_bca6994f2c680025650790d2,K-BB%,missing_projection_metric
pitcher,2025,RotoWire,p_ad235584736e2db776c9f300,s_29050e28695d8da813456d0a,K-BB%,missing_projection_metric
pitcher,2025,RotoWire,p_9085615513755fa3b7c88ed7,s_a26000f6944b083d9e6da7c7,K-BB%,missing_projection_metric
pitcher,2025,RotoWire,p_922ce00ab6c0df908faed3ae,s_ad5ac052d65adb2ee4242690,K-BB%,missing_projection_metric
pitcher,2025,RotoWire,p_dae721ae0af6fe067aae9fe3,s_ca3b905c8554ed7d182a15bf,K-BB%,missing_projection_metric
pitcher,2025,RotoWire,p_1142060f4e1e790850d30e59,s_3460d6493747324b74b183ea,K-BB%,missing_projection_metric
pitcher,2025,RotoWire,p_15e9d5754d68658e8f9cb116,s_9d75f7f56f40558ddc22aa1a,K-BB%,missing_projection_metric
pitcher,2025,RotoWire,p_30abefb7f554a01f12b64dc7,s_6772667c4c022386564568fa,K-BB%,missing_projection_metric
pitcher,2025,RotoWire,p_76021b92269cadefa31be9e1,s_c7abf902bdfdb97c47d4aa32,K-BB%,missing_projection_metric
pitcher,2025,RotoWire,p_b8c36673c22e36da61b875f4,s_85a42b69a24a8d83f85248f3,K-BB%,missing_projection_metric
pitcher,2025,RotoWire,p_4e095ac42b4a01d1fdf29e14,s_b4a87e9dbe9ef15b6a130db9,K-BB%,missing_projection_metric
pitcher,2025,RotoWire,p_e4a10c7f007942d7d013ffa8,s_0072450d9b96b06502c0ae44,K-BB%,missing_projection_metric
pitcher,2025,RotoWire,p_f1199c5e49b77b823fde65db,s_943d184f47090ed2d8c4c664,K-BB%,missing_projection_metric
pitcher,2025,RotoWire,p_2d89951f468f9685aecc45ef,s_194988855f3c55896cc03a0c,K-BB%,missing_projection_metric
pitcher,2025,RotoWire,p_f6c81be67460a702270428c3,s_56fa9849d3aff2f48316bcbe,K-BB%,missing_projection_metric
pitcher,2025,RotoWire,p_05f3918b6278bcd6d3856315,s_97ea146655769b5572fca58b,K-BB%,missing_projection_metric
pitcher,2025,RotoWire,p_745eebfeac9df0e2aad9810a,s_445c824850867c3bb894da5f,K-BB%,missing_projection_metric
pitcher,2025,RotoWire,p_bc1f7345b1d67fbf1e7c9f68,s_5730ca86323fdb14f146f35c,K-BB%,missing_projection_metric
pitcher,2025,RotoWire,p_c564f60ca570a42cae848b9d,s_f2eab4d9d81cf97b5c44d6db,K-BB%,missing_projection_metric
pitcher,2025,RotoWire,p_4b42caae2c74a4d78fc1d2c5,s_109893db5e83bd3effb1a5cc,K-BB%,missing_projection_metric
pitcher,2025,RotoWire,p_93b79e92d76fa2af9c41c2cb,s_669b023296b33fb89e085b83,K-BB%,missing_projection_metric
pitcher,2025,RotoWire,p_b761f7b76b0b90bfde27fc8b,s_fa82c1743ba6b15bfc578f5b,K-BB%,missing_projection_metric
pitcher,2025,RotoWire,p_dedb29c4c8c6ce892139f533,s_281e71d67ee4b22041aadc7d,K-BB%,missing_projection_metric
pitcher,2025,RotoWire,p_0876ad8121b608233facdf46,s_e7f1002bdea6d80d857f8385,K-BB%,missing_projection_metric
pitcher,2025,RotoWire,p_d445cfc4cbcbaa36bc71236d,s_f5dcbe16ec6c753f7cf33033,K-BB%,missing_projection_metric
pitcher,2025,RotoWire,p_8b9cb10f6657921d3c1ea1a2,s_1efc2756edf6880709ba68de,K-BB%,missing_projection_metric
pitcher,2025,RotoWire,p_79db076d96a757be408fc0b5,s_86f961e5e6c775047e490063,FIP,missing_projection_metric
pitcher,2025,RotoWire,p_70c49bf0f0626ec80e6293cd,s_2075eb92972f658f0ada0c62,FIP,missing_projection_metric
pitcher,2025,RotoWire,p_7f3c31a904c074d502da70d5,s_967c576a0e0a9a0d779e27c4,FIP,missing_projection_metric
pitcher,2025,RotoWire,p_076050d971510ecbad0e9fc2,s_3ee3fbd5d16391748759d888,FIP,missing_projection_metric
pitcher,2025,RotoWire,p_8f3911a4b3d4f5c1ddf408bd,s_24cb492adf23c864a1baebe7,FIP,missing_projection_metric
pitcher,2025,RotoWire,p_a8c6e164b8c9d48c0a076f2c,s_71672de7075b1b3e2015028e,FIP,missing_projection_metric
pitcher,2025,RotoWire,p_6146eadc3c516491667a222c,s_1b3fc20e1732bf7117afa961,FIP,missing_projection_metric
pitcher,2025,RotoWire,p_961f6e00dd2d95905acb6d7f,s_f008a382e5e106c23257cd0c,FIP,missing_projection_metric
pitcher,2025,RotoWire,p_7837da98084befe7500c0de1,s_37d9846050a8addb84b48be7,FIP,missing_projection_metric
pitcher,2025,RotoWire,p_0708260b07e6d68ac2144df7,s_f2d45531c0425b7a4add7853,FIP,missing_projection_metric
pitcher,2025,RotoWire,p_ab80696a06cabb94d0590e17,s_fb57d4cdee0e208cef59d773,FIP,missing_projection_metric
pitcher,2025,RotoWire,p_d37981ebca7896eb8c5d5e08,s_68feff298629301ed51a0396,FIP,missing_projection_metric
pitcher,2025,RotoWire,p_c403496243559cd5f45b24de,s_cd1f12e8a3b2c80fe2edc2cc,FIP,missing_projection_metric
pitcher,2025,RotoWire,p_6660c34756e8e079063c8590,s_a5ae7484af4f87fab217b512,FIP,missing_projection_metric
pitcher,2025,RotoWire,p_0ab41d8d7c86beb019a22451,s_394b9488aba2cdfdef170a29,FIP,missing_projection_metric
pitcher,2025,RotoWire,p_30de042ebbb0b98c455a5266,s_65e083e10d36c924088935a0,FIP,missing_projection_metric
pitcher,2025,RotoWire,p_b953f455340d5c6f3524bb9f,s_cd4b60316a75a54bac9fa4fa,FIP,missing_projection_metric
pitcher,2025,RotoWire,p_8cb9b18f097241aaca305ef9,s_32d8463be317f3cd3ba49373,FIP,missing_projection_metric
pitcher,2025,RotoWire,p_a519f6ec6b371e6f3cea0c99,s_180f7029795ae157a1549d31,FIP,missing_projection_metric
pitcher,2025,RotoWire,p_000215aa0a15c0d7ca6d5492,s_0d5fd81ac5e7fc17f2e2efe8,FIP,missing_projection_metric
pitcher,2025,RotoWire,p_ce0a7b766c90514f3d557d6b,s_95e50a1bbbacbd6af06669d0,FIP,missing_projection_metric
pitcher,2025,RotoWire,p_14ae2075371d15014297c7ae,s_bfc288a7590e5044e7afa2cf,FIP,missing_projection_metric
pitcher,2025,RotoWire,p_e57a7daba23968e0156d47d8,s_e7cc1c9888d13ade29a9746a,FIP,missing_projection_metric
pitcher,2025,RotoWire,p_e333710884baecb1ae5dba0f,s_34092bfcbe8d99bb4f82fcdd,FIP,missing_projection_metric
pitcher,2025,RotoWire,p_67c782a89ca0d0934cb67da0,s_a8a8c5e83cbd38399c51bea3,FIP,missing_projection_metric
pitcher,2025,RotoWire,p_5c31828b78f7ebd5a1f567ea,s_a3555dae0d77ed4d6f0af5ea,FIP,missing_projection_metric
pitcher,2025,RotoWire,p_dae655bcb2a707499b8da77f,s_f2dc4f5c089adc9809265bd6,FIP,missing_projection_metric
pitcher,2025,RotoWire,p_a55e1314437f703697888e9a,s_a6f8ee6d1ad97ca47b4a98db,FIP,missing_projection_metric
pitcher,2025,RotoWire,p_7f60fe780813d2e2f804a47f,s_51b05e47c797a13a2ff437a6,FIP,missing_projection_metric
pitcher,2025,RotoWire,p_a0b216e0f9bfe85b303b93e1,s_cc4dfbc3eefe9fb96f0dc3fe,FIP,missing_projection_metric
pitcher,2025,RotoWire,p_fac8fe6d0d4a7a73a2dc5d0b,s_6c61a6043fa12e677c845870,FIP,missing_projection_metric
pitcher,2025,RotoWire,p_4946d0fafc0d0ae33e1e930e,s_d864c5f17ca5a8fe47edb31f,FIP,missing_projection_metric
pitcher,2025,RotoWire,p_cc3893db1d216499b15a96b7,s_0aa26ad1d07c40add014cf60,FIP,missing_projection_metric
pitcher,2025,RotoWire,p_10a3e264d0d762f0a6116bf0,s_5a944d799fbdfd6525ea211c,FIP,missing_projection_metric
pitcher,2025,RotoWire,p_69bf94efbaeb173840b3fe59,s_44e76432a6313aa6d12b1be5,FIP,missing_projection_metric
pitcher,2025,RotoWire,p_5e4be1b675696e14d59387d7,s_70f41a4be8783880453119de,FIP,missing_projection_metric
pitcher,2025,RotoWire,p_bc5886f85f668aec59f650a3,s_9dd91974143eabdea1437724,FIP,missing_projection_metric
pitcher,2025,RotoWire,p_c5b82d72e1ce8ed1000e8ca9,s_c1b22e5e6cc4512eb55fa9a8,FIP,missing_projection_metric
pitcher,2025,RotoWire,p_b43c67aae95620f8ae32f063,s_a84edf73fa36abef9644106a,FIP,missing_projection_metric
pitcher,2025,RotoWire,p_78a8db997f51090cfa594d12,s_5ce470de36098cd9b445e94d,FIP,missing_projection_metric
pitcher,2025,RotoWire,p_56f8cacbf95fa9e9ccd5f037,s_8fc7a5a5fa897e388e1b0abe,FIP,missing_projection_metric
pitcher,2025,RotoWire,p_07394d99dcbd9729eb1c244b,s_036cb2d4fa7ce09ac36bc404,FIP,missing_projection_metric
pitcher,2025,RotoWire,p_f0656b8cbc96ad065e088776,s_d9c7a975e48906d3a5ef0e34,FIP,missing_projection_metric
pitcher,2025,RotoWire,p_17e93d5e2f0eff121bd2e922,s_c416261369d600e008a085b2,FIP,missing_projection_metric
pitcher,2025,RotoWire,p_05853e333f5ea183e286e9f3,s_b2be239d73fb864a1d73e804,FIP,missing_projection_metric
pitcher,2025,RotoWire,p_9d536cb354f545a79cf263ad,s_8d50a46a5c992501f52a6bf6,FIP,missing_projection_metric
pitcher,2025,RotoWire,p_19dec057e552049568aaec59,s_e71da14189701ba209f6cbcd,FIP,missing_projection_metric
pitcher,2025,RotoWire,p_ab201d9f00a18e2a1bcb84f8,s_13993469241eac6f963dc9f6,FIP,missing_projection_metric
pitcher,2025,RotoWire,p_d91a1459eee9777c42e1c294,s_841fd75fe95f71cbd91c19bd,FIP,missing_projection_metric
pitcher,2025,RotoWire,p_af8228da2186a3c55a0c0647,s_d062649e47a509ec8309c2ae,FIP,missing_projection_metric
pitcher,2025,RotoWire,p_e6f97a8200763e284decf5ae,s_4afce4b852d7f25a28289c61,FIP,missing_projection_metric
pitcher,2025,RotoWire,p_fdcc3c57fc1404d67ef4d33f,s_779530880a7228bde2d9297c,FIP,missing_projection_metric
pitcher,2025,RotoWire,p_97392f4b9a9bcd3580abacfa,s_10b218b01792f0a72d673db6,FIP,missing_projection_metric
pitcher,2025,RotoWire,p_081253e7d079edbb13e4e0de,s_d6486c8805c44f95f660fc71,FIP,missing_projection_metric
pitcher,2025,RotoWire,p_2b11176e1209a4155291382a,s_4f8699349416b629b7c9cdb9,FIP,missing_projection_metric
pitcher,2025,RotoWire,p_b2fab903e6ffc323ace73400,s_45692ab540d2afb7677b868e,FIP,missing_projection_metric
pitcher,2025,RotoWire,p_24a22b256217bda128f194b7,s_0fc4e259727cf0d4a1699684,FIP,missing_projection_metric
pitcher,2025,RotoWire,p_e6c685d4a42733d68c25210b,s_c5852801e71f75868a2b8e5c,FIP,missing_projection_metric
pitcher,2025,RotoWire,p_6cb3547deca91d83694527f9,s_0f0ea9b35f3935bec2bc6b34,FIP,missing_projection_metric
pitcher,2025,RotoWire,p_f154f9fe1937e83897788168,s_bed827776ea55416db2de1bf,FIP,missing_projection_metric
pitcher,2025,RotoWire,p_e596c20f3f965f74f208c29f,s_67bde5860efaaad382783ef4,FIP,missing_projection_metric
pitcher,2025,RotoWire,p_481d55069fc331213e830346,s_0b33c240c519607d8b589311,FIP,missing_projection_metric
pitcher,2025,RotoWire,p_5e4a0f72ee5813838f4aff38,s_7dd44086c38f1452cd7e80c0,FIP,missing_projection_metric
pitcher,2025,RotoWire,p_80b914cf66fe72410163fff3,s_10b73d3604cec1aaf6cffc01,FIP,missing_projection_metric
pitcher,2025,RotoWire,p_16e4efe96d962f1312ff2ed5,s_1951e4d33bf987993498a656,FIP,missing_projection_metric
pitcher,2025,RotoWire,p_46e0d496d589ec6fa5a35f6d,s_29cabfddb50ce02c147c4a13,FIP,missing_projection_metric
pitcher,2025,RotoWire,p_31b06a37157510ce6f137ea5,s_e0a82178aa302fc63cace7c8,FIP,missing_projection_metric
pitcher,2025,RotoWire,p_41d77fd79c69b4fb06385e5c,s_3b8f4f3aba1d2045a6f872ef,FIP,missing_projection_metric
pitcher,2025,RotoWire,p_5d461229c4f3a1d894c1ef5b,s_980f151addd9af79ec332a21,FIP,missing_projection_metric
pitcher,2025,RotoWire,p_cd9bbe80bf6ddc022831c8ce,s_d73d30cd8c4bde95d369a4ff,FIP,missing_projection_metric
pitcher,2025,RotoWire,p_b25d93daecd6b8c40be76364,s_c135030cd6e4073628595a99,FIP,missing_projection_metric
pitcher,2025,RotoWire,p_1e13703553ee4e761b93a8d2,s_9674218e1587488230618b21,FIP,missing_projection_metric
pitcher,2025,RotoWire,p_7c8aefd139986ac3072d388d,s_187255c7b00cb8bd4e6a0240,FIP,missing_projection_metric
pitcher,2025,RotoWire,p_41722893e1c4663095c86715,s_e48124f5b5ca1e634aeba97b,FIP,missing_projection_metric
pitcher,2025,RotoWire,p_71ab6c91e583b9c4b88368c8,s_46d68a8a448f1e79214c0172,FIP,missing_projection_metric
pitcher,2025,RotoWire,p_79c8921830ad0b38d9102933,s_c288cbe76caecc26c421b1d3,FIP,missing_projection_metric
pitcher,2025,RotoWire,p_132c5c809400e7c9829c64f8,s_596e218983291f4e3d25dcf8,FIP,missing_projection_metric
pitcher,2025,RotoWire,p_482534e7ea7122d637d036f9,s_1c19c7c5da11b4043127482c,FIP,missing_projection_metric
pitcher,2025,RotoWire,p_7c02936ac6ca07e9b01cbaf4,s_244b0deddb64032ca56a4cab,FIP,missing_projection_metric
pitcher,2025,RotoWire,p_bdacaf18408f4db91a1d636e,s_6c12dcca725d4926d3ee7967,FIP,missing_projection_metric
pitcher,2025,RotoWire,p_a22a4d8b57e5468ad3a65d76,s_55f607f45b40dd7e3db30b62,FIP,missing_projection_metric
pitcher,2025,RotoWire,p_49f446543bf69cca3e98837a,s_3618f5a47d0993724e75d13a,FIP,missing_projection_metric
pitcher,2025,RotoWire,p_b089c61cefb15acef80e4522,s_3b38504ed48087203fb3d5f9,FIP,missing_projection_metric
pitcher,2025,RotoWire,p_2dcfce41c52f17e2ea97a04c,s_b6df2ced8ecd7dce34225840,FIP,missing_projection_metric
pitcher,2025,RotoWire,p_3c11bca421face714ccc07b0,s_026fee40cf23f7a24af6e0ca,FIP,missing_projection_metric
pitcher,2025,RotoWire,p_a67d7439eaa5a301707a0a3a,s_dfb314cdd5427dbfc107c2ab,FIP,missing_projection_metric
pitcher,2025,RotoWire,p_d414670609afdbe251cf99be,s_21abbb2f06d73445152c3f56,FIP,missing_projection_metric
pitcher,2025,RotoWire,p_1ef924b32d2eeac5534b766e,s_a600875c79d3cd9a8899efa0,FIP,missing_projection_metric
pitcher,2025,RotoWire,p_1af5dd31a0e578895fc78c7a,s_cc1682013dd5e90c78677bf6,FIP,missing_projection_metric
pitcher,2025,RotoWire,p_3f22e91a73d176ec1adc71e5,s_3a970ab28bdcff2eb3f7f266,FIP,missing_projection_metric
pitcher,2025,RotoWire,p_36b9e4f3c1486512b790c92a,s_9ea09a9d0a3f5c8413039121,FIP,missing_projection_metric
pitcher,2025,RotoWire,p_bbe0b0144e2190d075a1534d,s_b76c8135f9593a8f7eb4073f,FIP,missing_projection_metric
pitcher,2025,RotoWire,p_b0e54ab450830f76f778c92d,s_e6439f2327f5a2d73b48cd6a,FIP,missing_projection_metric
pitcher,2025,RotoWire,p_eb72c6cdf331edfe333d7274,s_fc0167c5229fd6fbba43b46a,FIP,missing_projection_metric
pitcher,2025,RotoWire,p_3e9c50f5313e3ab52ed4ac9c,s_3fe0f78061c15f08b7880ebf,FIP,missing_projection_metric
pitcher,2025,RotoWire,p_13e78e88a5cf19b96c5da64a,s_7cc1173b2f0059711e5fe16a,FIP,missing_projection_metric
pitcher,2025,RotoWire,p_fdea2ad4794d12911ab12ec2,s_1032d2f30bf0e10bf606d17c,FIP,missing_projection_metric
pitcher,2025,RotoWire,p_2c23e59d57f37af52a2c0170,s_e5bbbabbd6e339b7d5ec5fe2,FIP,missing_projection_metric
pitcher,2025,RotoWire,p_b6c41e8a47dd22519ed59712,s_ff09fabc51917ff4a19e8d7d,FIP,missing_projection_metric
pitcher,2025,RotoWire,p_df9f7a1ee43910f98210f8d4,s_da8f917f97db8d7d5c7db9fa,FIP,missing_projection_metric
pitcher,2025,RotoWire,p_ce2c49b4be7d2bce7223a6a0,s_ee253e8a7f3c74bc44de96d9,FIP,missing_projection_metric
pitcher,2025,RotoWire,p_2d5fe2afb55076421b84c2d7,s_b8b72c5c9c0abb26dcbe6b2e,FIP,missing_projection_metric
pitcher,2025,RotoWire,p_4b322b3e9defa92b5a488baf,s_5953f48d648edde3dbeba230,FIP,missing_projection_metric
pitcher,2025,RotoWire,p_442f67b0e6c767028dd31107,s_b81e57834b0df6e2754fd402,FIP,missing_projection_metric
pitcher,2025,RotoWire,p_583ce1d38f5dfec0877a25c3,s_05ea99e9c576462c6a2261dd,FIP,missing_projection_metric
pitcher,2025,RotoWire,p_2269ea2145532d73c89362b1,s_918e1c90d28b084b836c06aa,FIP,missing_projection_metric
pitcher,2025,RotoWire,p_9c3f57de37187fa297d867da,s_398011692cd6435a9d29f006,FIP,missing_projection_metric
pitcher,2025,RotoWire,p_230ac4acbb3108f710292706,s_ed35952dd33ca8d1ea4aeabe,FIP,missing_projection_metric
pitcher,2025,RotoWire,p_f5a175e1a118851fbe27adfc,s_c0a5a35cdafa77f6939613fd,FIP,missing_projection_metric
pitcher,2025,RotoWire,p_d4640ce6f07822bb71b449d4,s_21cf41c1a4d7d1277ab690c3,FIP,missing_projection_metric
pitcher,2025,RotoWire,p_2a2d0322ad2e63c86800fbd2,s_eebbc1277864a19cec42ddf5,FIP,missing_projection_metric
pitcher,2025,RotoWire,p_f468eeff6fef7a47f63cd456,s_a6d837d6ef957efe2dd6c0d5,FIP,missing_projection_metric
pitcher,2025,RotoWire,p_1107fc33dd7fa76b67b0e2f6,s_a98f787994c0ea465e0658c6,FIP,missing_projection_metric
pitcher,2025,RotoWire,p_d7a6a481b2c8156315936897,s_0f252836a7366a68a5d86ede,FIP,missing_projection_metric
pitcher,2025,RotoWire,p_fae8649ac857a8babf1bdca8,s_33f69d1b5ad1c7734851d0fc,FIP,missing_projection_metric
pitcher,2025,RotoWire,p_281f00a360ce484be44c5eae,s_f3b08b8e8c06062988573232,FIP,missing_projection_metric
pitcher,2025,RotoWire,p_4c286b6792cd590ac26d8de5,s_ad1290a7e313e602c888e21f,FIP,missing_projection_metric
pitcher,2025,RotoWire,p_6cb98ada7d3e5f6be65307b2,s_5200595b6f5798afc74940e3,FIP,missing_projection_metric
pitcher,2025,RotoWire,p_0738eee4fb6a62334e2dc6a6,s_d38037f2c20bfbffb23ed3e0,FIP,missing_projection_metric
pitcher,2025,RotoWire,p_ba2387323b64d5ebd5d849ac,s_aa456a6ed7de5ea0e53936fc,FIP,missing_projection_metric
pitcher,2025,RotoWire,p_f2ee16b90f95f0ed772fe7aa,s_c497fe794f054e0771968624,FIP,missing_projection_metric
pitcher,2025,RotoWire,p_008193aef738335244441232,s_e444a7e8b884f75eb903d380,FIP,missing_projection_metric
pitcher,2025,RotoWire,p_0ba0cf7f94e74b8472593f01,s_414a57dbeb8997b8f723468a,FIP,missing_projection_metric
pitcher,2025,RotoWire,p_e04c5d25f1824514545fac27,s_a3517840d0405e110fb71680,FIP,missing_projection_metric
pitcher,2025,RotoWire,p_5dae408a50fd7a2ef23c70ad,s_df0d66d65b259c7c48461fa5,FIP,missing_projection_metric
pitcher,2025,RotoWire,p_c86be00e2784333930137667,s_74a39b103acc2638a448de77,FIP,missing_projection_metric
pitcher,2025,RotoWire,p_671b4ce2c3ec28ad663bf922,s_0bfd4064b0d3b695e4667925,FIP,missing_projection_metric
pitcher,2025,RotoWire,p_983985938701c89b957bf280,s_7dcefa1d1dba45e3364dbdf3,FIP,missing_projection_metric
pitcher,2025,RotoWire,p_833ff8e8d015c9ecd8ab1e4a,s_5b097fac77aef122f39ccda4,FIP,missing_projection_metric
pitcher,2025,RotoWire,p_1495f8ede09487e68eb6132f,s_0e580f533d1c88c971fb7729,FIP,missing_projection_metric
pitcher,2025,RotoWire,p_416065fb1e7bee98c8c06e9c,s_0a20fb2b61e60273dead431f,FIP,missing_projection_metric
pitcher,2025,RotoWire,p_712ae68dc57df5d305f2eced,s_e17b900eca1442f257698b60,FIP,missing_projection_metric
pitcher,2025,RotoWire,p_c64d1a71e8b698a4cf973c7e,s_97d3066f716d1f1c74cbbdc8,FIP,missing_projection_metric
pitcher,2025,RotoWire,p_39a4d35b75bdffcbcfddff84,s_130e889df931cad846339593,FIP,missing_projection_metric
pitcher,2025,RotoWire,p_b7e27b68ebd83bc6a468e72b,s_aef4560add238876576b5336,FIP,missing_projection_metric
pitcher,2025,RotoWire,p_6195a4077f4c42e4300606dc,s_913dbfeeeb78af7bf5adcd2c,FIP,missing_projection_metric
pitcher,2025,RotoWire,p_0656788e350d8a313901326d,s_f2c11db0faaa0102d6fb36cd,FIP,missing_projection_metric
pitcher,2025,RotoWire,p_7baf8732d9a598c647856252,s_90e64d81f560cd52d110de89,FIP,missing_projection_metric
pitcher,2025,RotoWire,p_036ba95158dbe1470dd58b5d,s_0009dd44414ce9f21133505e,FIP,missing_projection_metric
pitcher,2025,RotoWire,p_6b060d3dfdf334d2e513ce27,s_7b747ab7774559f90e1f0f04,FIP,missing_projection_metric
pitcher,2025,RotoWire,p_86bbc8fa57931321ecdf298d,s_3fe36898ff4124874d57bf61,FIP,missing_projection_metric
pitcher,2025,RotoWire,p_d6d57443ec08aa62f4f79d93,s_0b674adfe9f1bf620f377082,FIP,missing_projection_metric
pitcher,2025,RotoWire,p_ac8c5c8e84a95d130d682758,s_160af9786c5be9848d9e5639,FIP,missing_projection_metric
pitcher,2025,RotoWire,p_6a5ad9cf8a12ffa4c0cfffae,s_a5403ef8b7b52087aaed9014,FIP,missing_projection_metric
pitcher,2025,RotoWire,p_2d9cec8e1707efbb1e1cb52c,s_b9283324d20d52a77532d789,FIP,missing_projection_metric
pitcher,2025,RotoWire,p_2553085f66061508335f3fb1,s_1f4c27b1eaa9122d594edbee,FIP,missing_projection_metric
pitcher,2025,RotoWire,p_08c841183887e159fb3b9131,s_5331e8f9b0cefa195c5fd7c8,FIP,missing_projection_metric
pitcher,2025,RotoWire,p_dba406ee26bfb7503c1bf27d,s_42953f1c02f0de0109285512,FIP,missing_projection_metric
pitcher,2025,RotoWire,p_1dfc6e6af415ea42f3c5b686,s_4d503509ed4a01c0aecb43e2,FIP,missing_projection_metric
pitcher,2025,RotoWire,p_607b4432d07e4a7dfc0a7e67,s_29e15367f92ed51fe319244f,FIP,missing_projection_metric
pitcher,2025,RotoWire,p_2f8502e30665a12d3037adfa,s_1b911e08672a6aa69cd5e964,FIP,missing_projection_metric
pitcher,2025,RotoWire,p_dc952cf10742e3abc77f91bf,s_18556b27f16da21bb3c21940,FIP,missing_projection_metric
pitcher,2025,RotoWire,p_62360b5de96d90bc68e17dd9,s_1ad1eedfe5788eff438677ed,FIP,missing_projection_metric
pitcher,2025,RotoWire,p_f2af4380a6d1108c9d507592,s_e252b8b486cf9e842474d35d,FIP,missing_projection_metric
pitcher,2025,RotoWire,p_cdab5985b61ba75e14c1e3e7,s_7fe48e2c47e3dcc5c1ea19d2,FIP,missing_projection_metric
pitcher,2025,RotoWire,p_1821549cff26dbba5d4aca04,s_b641beace190fc226f5b02b1,FIP,missing_projection_metric
pitcher,2025,RotoWire,p_2f79f472a978afdd718437e0,s_bfb01addbf6fe0f28a2c3d6c,FIP,missing_projection_metric
pitcher,2025,RotoWire,p_6812838b39eb2c709ed072fd,s_d41b4fd0376177bde39d58cf,FIP,missing_projection_metric
pitcher,2025,RotoWire,p_c2f429582365b8384125cb6a,s_11628e648299e94d1acbcd19,FIP,missing_projection_metric
pitcher,2025,RotoWire,p_0e56dc24388067d6adf8d91b,s_5d5dda2cbffa7cbacb390ce4,FIP,missing_projection_metric
pitcher,2025,RotoWire,p_8961924234b18a32fc5f7a2c,s_063d72a8a5528edf111336a2,FIP,missing_projection_metric
pitcher,2025,RotoWire,p_d0ae9150ea080d20bd5ec95d,s_2234ec5d7fb744b08827806c,FIP,missing_projection_metric
pitcher,2025,RotoWire,p_d9c64dd40ed1ff65a53e6228,s_e9332b7665860065bc21993f,FIP,missing_projection_metric
pitcher,2025,RotoWire,p_fd293a60557159fc55b19a14,s_30dd9a4b7d03dabba0117762,FIP,missing_projection_metric
pitcher,2025,RotoWire,p_f5ba6b7a7aef6272c083449c,s_873fe86a76ee37a6c45ca9fd,FIP,missing_projection_metric
pitcher,2025,RotoWire,p_b8cb9339000eda49122a846d,s_bc22c5fb28b372c83cd68608,FIP,missing_projection_metric
pitcher,2025,RotoWire,p_f6d0db5ece194fe2beb1ec11,s_f5eea7d1d5c183aa9b517f64,FIP,missing_projection_metric
pitcher,2025,RotoWire,p_340afab40ed7623681903f52,s_d52adcac5cd60628dc647295,FIP,missing_projection_metric
pitcher,2025,RotoWire,p_6e405786ba3c4c7b03295e6c,s_b366497b22f23536a85a9b6d,FIP,missing_projection_metric
pitcher,2025,RotoWire,p_c9dcb3032a2a934069d036a1,s_0bb57399523486a8c2e674f3,FIP,missing_projection_metric
pitcher,2025,RotoWire,p_4d320f12f7ed1ac1d64a8564,s_bbb4da2feccc84c5cfee40c3,FIP,missing_projection_metric
pitcher,2025,RotoWire,p_c9c4b9c76960c47b342a00fe,s_00836f6a4aa8a07bbc9a4201,FIP,missing_projection_metric
pitcher,2025,RotoWire,p_2b6dc032a155f10c90f5d066,s_07f1aca0ff7d5dae687e216e,FIP,missing_projection_metric
pitcher,2025,RotoWire,p_17ae1171e92abea6543117d2,s_4e782d9310cb93d3942eda63,FIP,missing_projection_metric
pitcher,2025,RotoWire,p_e53dd34ff1049b4cdddde3b2,s_bfe6bfff4bf8f18ba2ac1f54,FIP,missing_projection_metric
pitcher,2025,RotoWire,p_67fd9d9af5f906af95676a62,s_658bc5564cf49cc03ef5272c,FIP,missing_projection_metric
pitcher,2025,RotoWire,p_fbcb5bbe88ef2a2cc64ce3bd,s_fd80993919b3a3aabe3f7435,FIP,missing_projection_metric
pitcher,2025,RotoWire,p_bf86f5798c2e549b7fb30ee2,s_a446e906c35a5c92dce13290,FIP,missing_projection_metric
pitcher,2025,RotoWire,p_6254917ef60e1ddc873e6f31,s_716caea0443e56d78a7e3796,FIP,missing_projection_metric
pitcher,2025,RotoWire,p_c385db74ca850410df462be2,s_45ccdecaf0d66e5fa6380a15,FIP,missing_projection_metric
pitcher,2025,RotoWire,p_94d21693ba45c52946454a20,s_7a3033e8c88241f6ddfc72fa,FIP,missing_projection_metric
pitcher,2025,RotoWire,p_f3591f0057a7a2816bc6c347,s_cd76b63f7a745bff08182ac6,FIP,missing_projection_metric
pitcher,2025,RotoWire,p_b38e7099b3fed40bc1dd2bdc,s_302d0f3ce70e73281bd0eaef,FIP,missing_projection_metric
pitcher,2025,RotoWire,p_991aeb6ad93c0dfba092e8e7,s_bbe1ab59b2612cbf015acfc3,FIP,missing_projection_metric
pitcher,2025,RotoWire,p_f092d568b762f9e2d2d576ac,s_852f2fa6ca21bd2337c8f3c6,FIP,missing_projection_metric
pitcher,2025,RotoWire,p_436ab07080c06918509193ab,s_b60f435221745729d63a09ae,FIP,missing_projection_metric
pitcher,2025,RotoWire,p_722d2ece3768b71aafae93e6,s_e79ea5b66173c3fb6fdb547b,FIP,missing_projection_metric
pitcher,2025,RotoWire,p_d0fba3de9f79f83a683ff425,s_9e4eef8349872be1240e33a2,FIP,missing_projection_metric
pitcher,2025,RotoWire,p_69cbff53fa69913aa98a74a7,s_549e12178fc9f863a3cb4395,FIP,missing_projection_metric
pitcher,2025,RotoWire,p_4ab1054e1b4679af5e62847e,s_4ff89a0fc05313b1aaeef3d9,FIP,missing_projection_metric
pitcher,2025,RotoWire,p_ca00aae418a6ebe5e7e21090,s_7e26c14b8a06bd5287f51048,FIP,missing_projection_metric
pitcher,2025,RotoWire,p_fa38c0264bcdff8ad2c4499e,s_37d0cf03a1957529acb26b6c,FIP,missing_projection_metric
pitcher,2025,RotoWire,p_bf0123618cb84b22ee89191d,s_8cac80bb3416bee7ec56704b,FIP,missing_projection_metric
pitcher,2025,RotoWire,p_35b1547fd86fd8631d0c0c08,s_af64cc7ddf1036cfb25b4800,FIP,missing_projection_metric
pitcher,2025,RotoWire,p_c9127bf6fe2742b6cdf5e2c0,s_116dcd047c0c50a01d8476bf,FIP,missing_projection_metric
pitcher,2025,RotoWire,p_61ff0cbc6adc34d5b5e66201,s_bd8ff4abe86f9d9dabd75234,FIP,missing_projection_metric
pitcher,2025,RotoWire,p_99556fc8912a79c6991db165,s_246247c81024d63b7181492f,FIP,missing_projection_metric
pitcher,2025,RotoWire,p_c2941564b78650e8c80a6590,s_c2ab4691e1d30766e616ad81,FIP,missing_projection_metric
pitcher,2025,RotoWire,p_0b16c16d0a16de2a6363baf5,s_1b1fc760e550dd7ac1043f88,FIP,missing_projection_metric
pitcher,2025,RotoWire,p_2929654d5957b9990cd15b63,s_9c07b9e7f31dd8e706e65435,FIP,missing_projection_metric
pitcher,2025,RotoWire,p_d25ebff370ce4e9202042d61,s_c0eb11a0e31a7c4c3d1b614b,FIP,missing_projection_metric
pitcher,2025,RotoWire,p_c665cca64b9d1ec36d25bc81,s_b313bad6b33d5ae235f0f82a,FIP,missing_projection_metric
pitcher,2025,RotoWire,p_09950035a7c10e145070d051,s_5348badb2010b775cc9c2947,FIP,missing_projection_metric
pitcher,2025,RotoWire,p_e6a9049543a2ac63183c17bf,s_b3a86582c8292daa28ba26d6,FIP,missing_projection_metric
pitcher,2025,RotoWire,p_2cbdc3dc2d503fe047479492,s_7171d268c8042941644b4e97,FIP,missing_projection_metric
pitcher,2025,RotoWire,p_5d4e00ed942914f0c7681334,s_f444a319bd7ccbcca7ed37cc,FIP,missing_projection_metric
pitcher,2025,RotoWire,p_5738a2c4aaf235e3c5ecf5c0,s_e9e139b24e0aba6e879bcf88,FIP,missing_projection_metric
pitcher,2025,RotoWire,p_4d4066d01c2accb962e2e48b,s_51ba75b1f0513c989d49d4a1,FIP,missing_projection_metric
pitcher,2025,RotoWire,p_a2de9bf5142663e3696178c7,s_4c5ed4a8845d030ddcb23758,FIP,missing_projection_metric
pitcher,2025,RotoWire,p_f542eded5fa5eaaea2b03d47,s_9ee19b8b168171721864425b,FIP,missing_projection_metric
pitcher,2025,RotoWire,p_5245cf30e7834dcfe275a8b3,s_20a19ca9a50f06d542f910c6,FIP,missing_projection_metric
pitcher,2025,RotoWire,p_9a6e9d0ac50ab7ec0e62b627,s_c174d2ace2a827f0ac9945ac,FIP,missing_projection_metric
pitcher,2025,RotoWire,p_ad5f4c4ff63f4dae1c70e25b,s_a53516fc6268debb5a17ba5d,FIP,missing_projection_metric
pitcher,2025,RotoWire,p_0760b56a9e63e457fb539e83,s_5c3f4cd602e90392092b7363,FIP,missing_projection_metric
pitcher,2025,RotoWire,p_4237d81a153d8369b516a611,s_18d4ae84da76b25c7bd4c5df,FIP,missing_projection_metric
pitcher,2025,RotoWire,p_bbf24fd73a782298f740b3f0,s_f513a9f87389cecca8b37355,FIP,missing_projection_metric
pitcher,2025,RotoWire,p_976e3a7c39f544bd2cb08e53,s_c62661a6379199418fec8356,FIP,missing_projection_metric
pitcher,2025,RotoWire,p_f63e3a5b237a41953e0522bd,s_6552197e6383b17241ea8f4e,FIP,missing_projection_metric
pitcher,2025,RotoWire,p_4f7f8b7fa67c451b93b2a673,s_da9eec596ce6df401d7be893,FIP,missing_projection_metric
pitcher,2025,RotoWire,p_a2c21b01e40c23d7fbb867a7,s_68df4d2c3502ba84aecdaed7,FIP,missing_projection_metric
pitcher,2025,RotoWire,p_6dcc3d04cf7940b67bd6d46b,s_4cfcb9c7b4ea90e879fde15d,FIP,missing_projection_metric
pitcher,2025,RotoWire,p_88f12ce5773978cc13241f7e,s_ea97465e60b74fb4381042d3,FIP,missing_projection_metric
pitcher,2025,RotoWire,p_1b7d5500d3348c285a56885f,s_c6142259d48d6c02cecc5ad2,FIP,missing_projection_metric
pitcher,2025,RotoWire,p_bdd33abf9842a85d639efdb4,s_099a38fe1751c1df7a90baa0,FIP,missing_projection_metric
pitcher,2025,RotoWire,p_9f5a6fd7b5c56e97737e286c,s_d481e4988788be605a0d60e5,FIP,missing_projection_metric
pitcher,2025,RotoWire,p_9437e878d2b83f99c586279f,s_0d3cd1d90ec05fa89b3232f8,FIP,missing_projection_metric
pitcher,2025,RotoWire,p_c58b2320aec9252222500ff6,s_3cb53def7ae06854714ba81c,FIP,missing_projection_metric
pitcher,2025,RotoWire,p_5dc97cee80b94155de1c01a1,s_a592aa264d22a248e359d9f6,FIP,missing_projection_metric
pitcher,2025,RotoWire,p_a5a04deac4056a7d183f7527,s_2d232f62d9075f1eac48dfb9,FIP,missing_projection_metric
pitcher,2025,RotoWire,p_8fd609c8d2c9daaeb06fb12f,s_c9aeb9e73741f6f72e415242,FIP,missing_projection_metric
pitcher,2025,RotoWire,p_45d1721e6163fdc317003890,s_f134e8d27f9a1332567684e7,FIP,missing_projection_metric
pitcher,2025,RotoWire,p_528ea38467ab7d19956a07c4,s_a21642d65bfb24700f2f4602,FIP,missing_projection_metric
pitcher,2025,RotoWire,p_b0cf8ae2b004dce051b6f4e5,s_1dd88f8fe2c0f522b9c3c18c,FIP,missing_projection_metric
pitcher,2025,RotoWire,p_8672879edc2751e3034d5cab,s_0e2349081fdcbd545cf7474d,FIP,missing_projection_metric
pitcher,2025,RotoWire,p_52cdf5aac19a3c4c28580306,s_7a26c6a04466701e4298f746,FIP,missing_projection_metric
pitcher,2025,RotoWire,p_ab12a3e682ee31d77d06721f,s_70151d5edc7bcc41d66e6c7b,FIP,missing_projection_metric
pitcher,2025,RotoWire,p_6b9903828f4f3e710cd779e7,s_62b861e07cddc8ab4b1b9758,FIP,missing_projection_metric
pitcher,2025,RotoWire,p_390110644e6ab59d439767a2,s_f27cb07cbd68e0aba35e9982,FIP,missing_projection_metric
pitcher,2025,RotoWire,p_9a2d81e4416b5d202f89af5f,s_cc93f408961df78cd5c3f929,FIP,missing_projection_metric
pitcher,2025,RotoWire,p_864d23ea9d38652d0bc80673,s_2c4a6fbc1014c04f834c19c6,FIP,missing_projection_metric
pitcher,2025,RotoWire,p_d326f0d57effe39186b9cc40,s_960df2d786e0460e6369e45a,FIP,missing_projection_metric
pitcher,2025,RotoWire,p_a4fad9d3dcf8925b9fb560a5,s_a48a9feaf608c028589d9a2f,FIP,missing_projection_metric
pitcher,2025,RotoWire,p_fe6a4f583a6c8a67c59c6a19,s_5c26641c771ce5a7c0bcbcc0,FIP,missing_projection_metric
pitcher,2025,RotoWire,p_c4371908df4426aa30810911,s_b4ffeb6d84260e3ef9a51dda,FIP,missing_projection_metric
pitcher,2025,RotoWire,p_debf3b356235599a4e7c505b,s_ef3979b21e07609d9cfd9cd5,FIP,missing_projection_metric
pitcher,2025,RotoWire,p_5c981546fbb330a0a1ff2621,s_d96b07c350bdfe20d3fae3f9,FIP,missing_projection_metric
pitcher,2025,RotoWire,p_b5c41f2a4e0be91512e6d378,s_4bbf9ec5f060738369f4d381,FIP,missing_projection_metric
pitcher,2025,RotoWire,p_50683f238138b1baa284c3d3,s_709a54723d6e9e01fbcf3149,FIP,missing_projection_metric
pitcher,2025,RotoWire,p_c503ccd5d3a208e3f2d4b6b2,s_89d5a48059a0a24741079c16,FIP,missing_projection_metric
pitcher,2025,RotoWire,p_2b424c8be951d8ba23bebe80,s_2a864798f2471ab725ec6daf,FIP,missing_projection_metric
pitcher,2025,RotoWire,p_28d92daeded3b1264245a417,s_b90faf380a079af8110bcde1,FIP,missing_projection_metric
pitcher,2025,RotoWire,p_f90f88e0127db2447d6b4b6b,s_56de0f9be908b5414b8fc1c0,FIP,missing_projection_metric
pitcher,2025,RotoWire,p_fa65bec2312b5d42d60ee8b4,s_38361bb8a6dc316862a86f25,FIP,missing_projection_metric
pitcher,2025,RotoWire,p_e5e680d02216328712a96f14,s_6a12420764855772b1227a52,FIP,missing_projection_metric
pitcher,2025,RotoWire,p_b35d34590b3ac43677949140,s_e1d23dde3bd3f555f82b6dc7,FIP,missing_projection_metric
pitcher,2025,RotoWire,p_1462eea9ad139526006f6fba,s_86d7c4aca93066b3141cbcea,FIP,missing_projection_metric
pitcher,2025,RotoWire,p_e0e812f1c8d46069cedfdc3e,s_e4ce3ca44a48b418924260ed,FIP,missing_projection_metric
pitcher,2025,RotoWire,p_eb4a76757bbdb89cea654ef5,s_2e82b7fd5818dba60602848f,FIP,missing_projection_metric
pitcher,2025,RotoWire,p_0af38066a94940e2b68bc8ba,s_c2c0c2f4c1e47f0b77cc7c70,FIP,missing_projection_metric
pitcher,2025,RotoWire,p_2efba3d8e54fcb8d1f5d09b3,s_9003a42077f57e8b59ec2f01,FIP,missing_projection_metric
pitcher,2025,RotoWire,p_6dd1c218fa3d789fd609b3e4,s_76db1242225c4f4aafc1a555,FIP,missing_projection_metric
pitcher,2025,RotoWire,p_b27e7408b46d9fc16441348e,s_595c0f469ac24cb7e977dff5,FIP,missing_projection_metric
pitcher,2025,RotoWire,p_acd9809fb06c81109d7ede29,s_07615f850cd2bf75f89bee54,FIP,missing_projection_metric
pitcher,2025,RotoWire,p_fcd7de7bb40bf45a6ca34cdb,s_29e7d289a6d49f697c76353a,FIP,missing_projection_metric
pitcher,2025,RotoWire,p_3b8c77fa245c713f7e0b7003,s_86ee1ea847929ca81a595e25,FIP,missing_projection_metric
pitcher,2025,RotoWire,p_4fc08c6725ad3ff7c1ff7ffb,s_ee90393fcfd067391314ec22,FIP,missing_projection_metric
pitcher,2025,RotoWire,p_832c0bfcb9b11d1926665bdf,s_4b7cf2d35f19d60cf1f39657,FIP,missing_projection_metric
pitcher,2025,RotoWire,p_86a05e73061b5c85d481ae47,s_99e78bc86638592072777087,FIP,missing_projection_metric
pitcher,2025,RotoWire,p_d240081eb8e6f1ec895ecf2d,s_6dec286b8d7f1b8ec59f5155,FIP,missing_projection_metric
pitcher,2025,RotoWire,p_1538868d7d068cf244dceb49,s_2294561cae83f2f82669b91b,FIP,missing_projection_metric
pitcher,2025,RotoWire,p_aebf4132a23ddbbf57422ae5,s_ec953b49634031ef0d7f33cb,FIP,missing_projection_metric
pitcher,2025,RotoWire,p_670e72cdda746fe85f68a08d,s_55c34cab10738325cb7388aa,FIP,missing_projection_metric
pitcher,2025,RotoWire,p_bbcccd33b7c810cfa8337201,s_66209888d106efca1a7e839d,FIP,missing_projection_metric
pitcher,2025,RotoWire,p_79592f0690636428c30a46f5,s_87d49fb4dcd34f72e0436f89,FIP,missing_projection_metric
pitcher,2025,RotoWire,p_35bb0a12c9538806f164c705,s_125288d8e694c89230519c03,FIP,missing_projection_metric
pitcher,2025,RotoWire,p_438ee9a2108e62d8d14a062a,s_a66df52f8f9b751c57e6c290,FIP,missing_projection_metric
pitcher,2025,RotoWire,p_4a61ee00a03f40227f39bfe7,s_bc44b816ee8e4bcf2b0e378e,FIP,missing_projection_metric
pitcher,2025,RotoWire,p_bf0f117e1d0e72128aaa01dd,s_ece467d2f6b561ae8466c671,FIP,missing_projection_metric
pitcher,2025,RotoWire,p_df19938cec41a3349a09f13c,s_1d77f1e3a4814b273bf9de01,FIP,missing_projection_metric
pitcher,2025,RotoWire,p_aca14cb4cc82e85ca78f4fe7,s_daff7a17b972db026977f034,FIP,missing_projection_metric
pitcher,2025,RotoWire,p_e68edd55c4d8c0af8968ba6d,s_0892f0beffc2f3293299feab,FIP,missing_projection_metric
pitcher,2025,RotoWire,p_f746ebfba251896b073cf6d5,s_f96cfaeba2378a30c67f1cd8,FIP,missing_projection_metric
pitcher,2025,RotoWire,p_7108c469d40316795ab472a1,s_f6579c793b55c609da5afe78,FIP,missing_projection_metric
pitcher,2025,RotoWire,p_359b780a64cc77ed793a7606,s_3c134333611cbb0a62d2cf7d,FIP,missing_projection_metric
pitcher,2025,RotoWire,p_840a7027a702a1c4e37e5527,s_4833243e5723eed8538f598d,FIP,missing_projection_metric
pitcher,2025,RotoWire,p_5df36053416da5d9071410b9,s_d710e376c4a4caa9ed5704fb,FIP,missing_projection_metric
pitcher,2025,RotoWire,p_9deb7e402f8cf109d514cac1,s_a516dafd7fd343006078350d,FIP,missing_projection_metric
pitcher,2025,RotoWire,p_e341706f55862548e5ff2e3a,s_925d496c3fe8d52b74893900,FIP,missing_projection_metric
pitcher,2025,RotoWire,p_9cdce3c51f326e76b98d6591,s_6083371a09f874207de1b1c4,FIP,missing_projection_metric
pitcher,2025,RotoWire,p_7b5211dc885fe1586bfbb758,s_1d1a7505c4b77d3cbf15c262,FIP,missing_projection_metric
pitcher,2025,RotoWire,p_1965206c1749b62f2876a8a0,s_dab2a5da6a1d1e125f878202,FIP,missing_projection_metric
pitcher,2025,RotoWire,p_3bbf0f43326b5fa1e90d1ad7,s_195df7e69fd29913107fff65,FIP,missing_projection_metric
pitcher,2025,RotoWire,p_f408d93b48d8da9a005af52b,s_ef95b026eb1ae8069f750cf5,FIP,missing_projection_metric
pitcher,2025,RotoWire,p_df9fd20dc552186aecc92c54,s_f7dbd48750e55365d3a11cf3,FIP,missing_projection_metric
pitcher,2025,RotoWire,p_e886ebd300c4c1987877017e,s_adb2361a8885da26a4454dc9,FIP,missing_projection_metric
pitcher,2025,RotoWire,p_5ccb2be6f00de2400349d1ac,s_377f72f29f2b32ee1eedff91,FIP,missing_projection_metric
pitcher,2025,RotoWire,p_03f6dd1978acd9701ea07f1a,s_95ba1a2f0b6ea0eaed533b6e,FIP,missing_projection_metric
pitcher,2025,RotoWire,p_c3234d25b2dd20cd6e385c8d,s_b8b49d6af6974510e313e24c,FIP,missing_projection_metric
pitcher,2025,RotoWire,p_2c26e1db411b6f9ae4a8f391,s_76b74269881b9437242be3b5,FIP,missing_projection_metric
pitcher,2025,RotoWire,p_406202e17ebfe7ebc319947f,s_d103d0f6782722ead6a0f7f5,FIP,missing_projection_metric
pitcher,2025,RotoWire,p_d8d53e9e8636ecf6680932fb,s_c3ba236de55228e46efc92be,FIP,missing_projection_metric
pitcher,2025,RotoWire,p_053b89527a245babaa9de7f9,s_32d6f9e0a53c2fd8881655da,FIP,missing_projection_metric
pitcher,2025,RotoWire,p_adde69a5f07d2ac65191bd61,s_f012d72d4e03d553814400c8,FIP,missing_projection_metric
pitcher,2025,RotoWire,p_8d0b8540a9345dbadb133c54,s_c328b3623dff95352647d78b,FIP,missing_projection_metric
pitcher,2025,RotoWire,p_a882285ec2332d4e35f9aea6,s_1bb2b2b451f44282b7e39b7f,FIP,missing_projection_metric
pitcher,2025,RotoWire,p_3bdfe3d1215674f4accf5fdd,s_c02cf0ffdaf05085e9d43b6c,FIP,missing_projection_metric
pitcher,2025,RotoWire,p_0239f62f150fdc94718a08a1,s_5fb2596862561deaca2d6ac3,FIP,missing_projection_metric
pitcher,2025,RotoWire,p_c341da0c4ed0d8e6d65d1eab,s_07a882c081ddcb5720354aa5,FIP,missing_projection_metric
pitcher,2025,RotoWire,p_9cca23a301a8a13d00cd6848,s_cf84183d9f3cd9459008b5d4,FIP,missing_projection_metric
pitcher,2025,RotoWire,p_6ee049f492a3325cbfb8d052,s_88342fd7b94a8c3780de2824,FIP,missing_projection_metric
pitcher,2025,RotoWire,p_7f797197ac1a11a7b3421d1b,s_2e030310e1bc80b10fa70afa,FIP,missing_projection_metric
pitcher,2025,RotoWire,p_4b5cf5b09427a2ddf59454fc,s_79d0084a87cb9a5acfbf7696,FIP,missing_projection_metric
pitcher,2025,RotoWire,p_65fdc9dc74636837b2495384,s_3fcad07cca78a09bf3c52d89,FIP,missing_projection_metric
pitcher,2025,RotoWire,p_87ce29e2ae2416664b1444de,s_61b1520b9766c466939cd1b7,FIP,missing_projection_metric
pitcher,2025,RotoWire,p_91748ec3a4fb9543ad6e456e,s_327a5e3991446f36ed7f841f,FIP,missing_projection_metric
pitcher,2025,RotoWire,p_17cd91dbd7209eb72b5b0bc1,s_2d99591e1d8ae4a2c7144bb2,FIP,missing_projection_metric
pitcher,2025,RotoWire,p_3f6b96f16faf2d5c1aa44e0a,s_0fcc122c71ded5e8386c1aac,FIP,missing_projection_metric
pitcher,2025,RotoWire,p_865cf7963df08564ce6cc619,s_fc36b53a621645385c724a93,FIP,missing_projection_metric
pitcher,2025,RotoWire,p_85531f0435fe2167b6bec63d,s_23c885ed49152eea5fab415e,FIP,missing_projection_metric
pitcher,2025,RotoWire,p_dbe5f8eba79f31ae2fbbef12,s_4390991637335ed3af92133d,FIP,missing_projection_metric
pitcher,2025,RotoWire,p_03939d9f4f366462a86d6720,s_c513dbe0854d911ae674d6a3,FIP,missing_projection_metric
pitcher,2025,RotoWire,p_022a47af63aded318f018d95,s_aee2f9bb3c4bb0d4bcff0788,FIP,missing_projection_metric
pitcher,2025,RotoWire,p_6fc12edf18996e0f7e6f48b7,s_db59ec368c1ee46a25e31879,FIP,missing_projection_metric
pitcher,2025,RotoWire,p_cb0a1ee1967dcd5a0313f1f4,s_58d9712caf1b9f20234a37c3,FIP,missing_projection_metric
pitcher,2025,RotoWire,p_e0efd3ededa73ca4e4f7ca65,s_6b94b808e1d2fd761b4c9894,FIP,missing_projection_metric
pitcher,2025,RotoWire,p_d031ef31b9165ade2a07de8a,s_3fcc2ea9f74169de5101a8b6,FIP,missing_projection_metric
pitcher,2025,RotoWire,p_74b20b99d57a6b4b6dcedc0b,s_69681267dddebb7ec49075f5,FIP,missing_projection_metric
pitcher,2025,RotoWire,p_e68383f7b94770edd764c7c7,s_60cd887d6619f292822d244d,FIP,missing_projection_metric
pitcher,2025,RotoWire,p_64e8114493f21a3998e972c5,s_06c735b143178b4a31bfd555,FIP,missing_projection_metric
pitcher,2025,RotoWire,p_64b62a02d557250c812ea353,s_514aa32d26a79b6c10a8f4dc,FIP,missing_projection_metric
pitcher,2025,RotoWire,p_2114033616e8bab28176ff3b,s_869306d850af7c0934765c1c,FIP,missing_projection_metric
pitcher,2025,RotoWire,p_5fad378e158b1cb676afef64,s_9d6336bf4ba6aa27f7b252e4,FIP,missing_projection_metric
pitcher,2025,RotoWire,p_61f4469f74d0edbc18e77e21,s_6950373d590ac3ac985d298a,FIP,missing_projection_metric
pitcher,2025,RotoWire,p_2f7d0b281325531322ffa74b,s_3a36aca826615b5a12215ea9,FIP,missing_projection_metric
pitcher,2025,RotoWire,p_43e8e7de2aa77634ff94469d,s_df221822a9611ba8539d0d01,FIP,missing_projection_metric
pitcher,2025,RotoWire,p_663ac2743b68ff849ac3f794,s_7e7fb42ddaf212f9e126a7e9,FIP,missing_projection_metric
pitcher,2025,RotoWire,p_5cb301be76b7e1a69519280c,s_23f2d22c00c00b6724704200,FIP,missing_projection_metric
pitcher,2025,RotoWire,p_202088ef4fa208bc8e552f15,s_00606acf9ae424299f6176e4,FIP,missing_projection_metric
pitcher,2025,RotoWire,p_d92f2d27a75f27f0e8a8f9b3,s_6aaa65136f505d34a045eb85,FIP,missing_projection_metric
pitcher,2025,RotoWire,p_d5e07201a0f1d0cfa596e762,s_7e2888f4376be27e8433e34e,FIP,missing_projection_metric
pitcher,2025,RotoWire,p_61ca94d7e3be2cbafe733df9,s_2e6f1513c04f0938dfd64e14,FIP,missing_projection_metric
pitcher,2025,RotoWire,p_f4be239312e641d1fd5e879e,s_a8600346d053a9614886a678,FIP,missing_projection_metric
pitcher,2025,RotoWire,p_3dac456e39a26258f30d8eb6,s_f6666bceed25272e5be1a6c4,FIP,missing_projection_metric
pitcher,2025,RotoWire,p_b28716a06c47ecd76023490d,s_4b51e02fa852a3b5e5024f06,FIP,missing_projection_metric
pitcher,2025,RotoWire,p_2043005deaaf8693e9eef0a1,s_4e0eb332a402d128504e7cfd,FIP,missing_projection_metric
pitcher,2025,RotoWire,p_61df43fce399be15228241c7,s_ab4a65e0c0662341af69cefb,FIP,missing_projection_metric
pitcher,2025,RotoWire,p_474b86765aff2f081bf6d73e,s_58fcecc6ba30b95795eda499,FIP,missing_projection_metric
pitcher,2025,RotoWire,p_8b89ea9a1656d4f4956ecd7b,s_70d2537d14256e3ce3fd2072,FIP,missing_projection_metric
pitcher,2025,RotoWire,p_3f747dc1e443a0eecfacc566,s_e72b9e98fa9780db7b403bb9,FIP,missing_projection_metric
pitcher,2025,RotoWire,p_c6a0ec40c899f7b2c1dfc7bf,s_44d395a95f6639ba69e597ec,FIP,missing_projection_metric
pitcher,2025,RotoWire,p_ebf87ec113e8b0f2ee8c9137,s_ad1557b0fccf2bb0826496ac,FIP,missing_projection_metric
pitcher,2025,RotoWire,p_bb5b45202cd0e3997a49a903,s_48a0ae197831833350301991,FIP,missing_projection_metric
pitcher,2025,RotoWire,p_1717f62465764e9d30864b06,s_3fac0a7bfd2f88b68c5e1bd3,FIP,missing_projection_metric
pitcher,2025,RotoWire,p_357a85c29d85f1c884799b6b,s_97072597db70214dcfde8941,FIP,missing_projection_metric
pitcher,2025,RotoWire,p_4055fa9f7ca334fe33a26bfe,s_7ace89390450b21db846905c,FIP,missing_projection_metric
pitcher,2025,RotoWire,p_9a77feb051159af9aee2063c,s_8410f83d4a08a65007970a2b,FIP,missing_projection_metric
pitcher,2025,RotoWire,p_c2e11e9b2895314b228d9143,s_e8e022b3ecd66bf68a1b8ae0,FIP,missing_projection_metric
pitcher,2025,RotoWire,p_7ecdbe2c0870f558f16c0f62,s_c7ef8754c93ff06114589af9,FIP,missing_projection_metric
pitcher,2025,RotoWire,p_46017178473b57a504f40f61,s_edd5f4479e3be01be64f3f01,FIP,missing_projection_metric
pitcher,2025,RotoWire,p_947372bfc438cf39d3a30665,s_c93a38052fc2a266a2f55789,FIP,missing_projection_metric
pitcher,2025,RotoWire,p_b13319e24b3552eff64d85bc,s_4c7758f25a943c1b55045063,FIP,missing_projection_metric
pitcher,2025,RotoWire,p_a743e95c751b76805136d443,s_86f6365fb442082c5d37a13f,FIP,missing_projection_metric
pitcher,2025,RotoWire,p_e19d9b502abd2d1b0b07ea2a,s_85bbaa54b6cf5a4af8b9ce1e,FIP,missing_projection_metric
pitcher,2025,RotoWire,p_8c118f1cce2683232f54416f,s_709d41c27bda27ec60cb2246,FIP,missing_projection_metric
pitcher,2025,RotoWire,p_6fd30c7531d5bc78103c740d,s_5315e853509ecdfc79e3d0d2,FIP,missing_projection_metric
pitcher,2025,RotoWire,p_74d9cd5a911ee5ed93663d77,s_397d6e30e510ecb1cdf39757,FIP,missing_projection_metric
pitcher,2025,RotoWire,p_bb82cb6ed787b635d6d9a9bd,s_efab43bf9c4191974e24d47c,FIP,missing_projection_metric
pitcher,2025,RotoWire,p_ecff128ebd3bcb2627d0226e,s_2d0f9a62589b79b837b50d6a,FIP,missing_projection_metric
pitcher,2025,RotoWire,p_5d9c98b0173958f4c189a129,s_886c6ab3b39ad92c8a1d6c6d,FIP,missing_projection_metric
pitcher,2025,RotoWire,p_8ed8dc08bf2fc22b7d5fdc9e,s_4972ee6e947ee22364a9803a,FIP,missing_projection_metric
pitcher,2025,RotoWire,p_de4f248f197b6ab7761cb09b,s_759b4b16f4f6a440e6a02ba0,FIP,missing_projection_metric
pitcher,2025,RotoWire,p_e23cb32e39c22be655441929,s_b8d6209de8a517fd4f2f8648,FIP,missing_projection_metric
pitcher,2025,RotoWire,p_068e7224bb054c1a9b281e8e,s_3167effc5d0cf472a1eee6d0,FIP,missing_projection_metric
pitcher,2025,RotoWire,p_a8216ccda0a59c4e665e7874,s_c7cedc47ff79bb96358cdd0b,FIP,missing_projection_metric
pitcher,2025,RotoWire,p_3e5cfa913cc4f482344401c1,s_45687258619aae6b77264604,FIP,missing_projection_metric
pitcher,2025,RotoWire,p_c3b7cc93fd3c9b7f57a21594,s_033d60e3e03bcbc50a04d27a,FIP,missing_projection_metric
pitcher,2025,RotoWire,p_873e9a85cedbbe1ba2ccefc2,s_eb8aedf1ea7e2e21133935b1,FIP,missing_projection_metric
pitcher,2025,RotoWire,p_8ececb63a3f2cebed969a98d,s_8f3c96ee4a69d714500063a4,FIP,missing_projection_metric
pitcher,2025,RotoWire,p_eef46cfc49e692afb37dbd7f,s_75b2194d80ba63fc11c6bb5d,FIP,missing_projection_metric
pitcher,2025,RotoWire,p_c8fcbc835fb5f66a0bd0f41e,s_1f63fa95c78f6c956019dd2a,FIP,missing_projection_metric
pitcher,2025,RotoWire,p_99be1f6c65672ddb89e36704,s_6fe13165731e4fc79b3b3a4e,FIP,missing_projection_metric
pitcher,2025,RotoWire,p_b71fbe75f62a06bbed6595ec,s_5dfec4cea0c9f53cb3413373,FIP,missing_projection_metric
pitcher,2025,RotoWire,p_2bd83f835d274b547829f07c,s_fad5986740e8ecd8924dbaac,FIP,missing_projection_metric
pitcher,2025,RotoWire,p_04895952d7d004fc8bb3f14b,s_19835f590cd07808fd5bde9f,FIP,missing_projection_metric
pitcher,2025,RotoWire,p_1b49209f0bd30dd5dc724000,s_0c84702fb435312752220a6c,FIP,missing_projection_metric
pitcher,2025,RotoWire,p_add0f7573f9388cbc02c0706,s_5844fe2d7a7b3e09f3f25469,FIP,missing_projection_metric
pitcher,2025,RotoWire,p_e0742aec163e8fe5a829ba96,s_15d208ff2ffb3836c592f362,FIP,missing_projection_metric
pitcher,2025,RotoWire,p_4f111a07b4c0259d31c89e0d,s_cc3584ffb0869f3336671ef3,FIP,missing_projection_metric
pitcher,2025,RotoWire,p_b051cf87af8a4244b6b81e2c,s_8079a38abb7b1d3e33b37f08,FIP,missing_projection_metric
pitcher,2025,RotoWire,p_288584b43feea72ac1e47a2d,s_fcc11cbf18ab0ab72031276e,FIP,missing_projection_metric
pitcher,2025,RotoWire,p_bad5772915c2a0ae9bf9c5f1,s_3e72dc993a5bb82d6d1108d2,FIP,missing_projection_metric
pitcher,2025,RotoWire,p_ca72c1190ab195d082d039a5,s_69beab1528ef5ee74454228c,FIP,missing_projection_metric
pitcher,2025,RotoWire,p_009e96c410d3379760f8b1a1,s_791c5de05abd428200d3bf54,FIP,missing_projection_metric
pitcher,2025,RotoWire,p_6ddc0b571359a20df4eac80a,s_2f0d8ebcc96baee198206fbe,FIP,missing_projection_metric
pitcher,2025,RotoWire,p_f5105d7ffd8537ed91519f0f,s_db40beb24419e8b1876955b6,FIP,missing_projection_metric
pitcher,2025,RotoWire,p_5485d94fef637de4cbcf9080,s_9982e77aae9b18a1ce107ed7,FIP,missing_projection_metric
pitcher,2025,RotoWire,p_14a0d313708d61eee3ed8e2d,s_342fb026107d067006758ce1,FIP,missing_projection_metric
pitcher,2025,RotoWire,p_a98211b93d765f76eace7471,s_da9e811978851fbb8075821a,FIP,missing_projection_metric
pitcher,2025,RotoWire,p_51a922809ad094b5a4433cdf,s_4fe70a5d7f38ef399d39712c,FIP,missing_projection_metric
pitcher,2025,RotoWire,p_a16d0151ecec817dcaa17d65,s_00631b99288fda61f3782a0d,FIP,missing_projection_metric
pitcher,2025,RotoWire,p_398375b387379868974113bb,s_eb75e97315033202b0af86c5,FIP,missing_projection_metric
pitcher,2025,RotoWire,p_0c3b6b4f617c9009bb6c76e7,s_ab86df393e5bec2931e9b82c,FIP,missing_projection_metric
pitcher,2025,RotoWire,p_67a7d083510fbec26f1ddc04,s_ee857fd83e804d2679544265,FIP,missing_projection_metric
pitcher,2025,RotoWire,p_a14b46668a060bb5629886e6,s_fc180048133518b19d66054b,FIP,missing_projection_metric
pitcher,2025,RotoWire,p_153188ef122e1ff0e54e37b2,s_b9c4007ff504093ea55d64df,FIP,missing_projection_metric
pitcher,2025,RotoWire,p_f59ee04f5b058c3f109d1631,s_18e883e6ec429c9d3d20643b,FIP,missing_projection_metric
pitcher,2025,RotoWire,p_1f226d7dd4cee0150a1549a0,s_37ba8749218df2f45e863a1e,FIP,missing_projection_metric
pitcher,2025,RotoWire,p_17536a68362f900664fa9f61,s_22453d06f100e721efd30da8,FIP,missing_projection_metric
pitcher,2025,RotoWire,p_867ee2262881488fe9e83603,s_6dd77f5846e1b53905d58d41,FIP,missing_projection_metric
pitcher,2025,RotoWire,p_73a90042ce9db308c725c28a,s_f50414f5a8b8e8202d7a83e5,FIP,missing_projection_metric
pitcher,2025,RotoWire,p_7343ba7168344875dfbe9cf1,s_6c90581a1ae094c569b8f7bc,FIP,missing_projection_metric
pitcher,2025,RotoWire,p_1d99fee357b2b193b50cce26,s_fc64fd22361fc98c1d60a581,FIP,missing_projection_metric
pitcher,2025,RotoWire,p_eccb7f5e13db472d4ab158a6,s_db025f76fb5908cbe217e409,FIP,missing_projection_metric
pitcher,2025,RotoWire,p_b3710509193a23f9fb6df89c,s_2147334925a1ca4b8e66d6ff,FIP,missing_projection_metric
pitcher,2025,RotoWire,p_97aae67787d9d128a0f68afd,s_3c8f43387f4160bc9b022afe,FIP,missing_projection_metric
pitcher,2025,RotoWire,p_c5ed138e0e635ef0aec7663a,s_889b3d83396d871cd7b8df61,FIP,missing_projection_metric
pitcher,2025,RotoWire,p_7e394fbf190746b9460471b6,s_b95ba853353cbaac2ee1bd42,FIP,missing_projection_metric
pitcher,2025,RotoWire,p_145721815ffdf403b65c76d6,s_d2e2f023dbf3d944f111ccc1,FIP,missing_projection_metric
pitcher,2025,RotoWire,p_dc94d49f14972788f07e6738,s_1ffefaa8feb14e60a150a002,FIP,missing_projection_metric
pitcher,2025,RotoWire,p_2fad58b9923436119be174e1,s_551e3ab338149c89ed242eae,FIP,missing_projection_metric
pitcher,2025,RotoWire,p_1577c13241c98d1b1b25a065,s_4c036d10011a7adc146c69c7,FIP,missing_projection_metric
pitcher,2025,RotoWire,p_e07feaacf0b72192ae4d9189,s_a97f43d446463817f3503323,FIP,missing_projection_metric
pitcher,2025,RotoWire,p_44f4ae0a56e818f589465db9,s_36d2d357de1dc4d52b4c5e4f,FIP,missing_projection_metric
pitcher,2025,RotoWire,p_c25dc1ad5c4247237938a311,s_d41c4415d3398c25edb8a107,FIP,missing_projection_metric
pitcher,2025,RotoWire,p_e97c60722d70876db2318cd9,s_b0fbf375ed1801b377c85d16,FIP,missing_projection_metric
pitcher,2025,RotoWire,p_3e586e64329db1dd04a4e3b8,s_1d1e14b2592af689ea34936c,FIP,missing_projection_metric
pitcher,2025,RotoWire,p_4dfc866ca5c495c85c00e1e6,s_22a119b9e7d4544246e3ea8c,FIP,missing_projection_metric
pitcher,2025,RotoWire,p_1eaa1d1baccc84d06d8ed931,s_4b35ede3a3317c0ec3d62672,FIP,missing_projection_metric
pitcher,2025,RotoWire,p_880a7122ece62032e449d29c,s_0c59367a67ee11aba4a648c7,FIP,missing_projection_metric
pitcher,2025,RotoWire,p_cb86fe05321827f7f78d2eac,s_b33d28c29e70ced3fabec954,FIP,missing_projection_metric
pitcher,2025,RotoWire,p_537e5057a32900098a2e0d2c,s_193d1ca2eb46eaf0524e8e04,FIP,missing_projection_metric
pitcher,2025,RotoWire,p_eda6f75e34f4854b11eeef97,s_912cd77114e91d82db669547,FIP,missing_projection_metric
pitcher,2025,RotoWire,p_791b3683027c9d8d92b609d0,s_db68800cd8a7d05698d8bb10,FIP,missing_projection_metric
pitcher,2025,RotoWire,p_359c4b8937e5970b4d98d188,s_c4249bc25ef364fa96a587d1,FIP,missing_projection_metric
pitcher,2025,RotoWire,p_d4a9b50b3224024b900f4e0c,s_0412b123fbe3927f79582d54,FIP,missing_projection_metric
pitcher,2025,RotoWire,p_9e7db66bfc565b709fe46853,s_579f4cbaead706faedc828d8,FIP,missing_projection_metric
pitcher,2025,RotoWire,p_80dabc460f667d0aafb8ff5c,s_dbf68400c8cdfa5c51bd5219,FIP,missing_projection_metric
pitcher,2025,RotoWire,p_fc18f428295d7ad8c21b667f,s_5fdf06f09ccf1a8db4f1f8c9,FIP,missing_projection_metric
pitcher,2025,RotoWire,p_1d65fb95d62bf324cbf07c1a,s_9989fd79189bcb7ce54cae2f,FIP,missing_projection_metric
pitcher,2025,RotoWire,p_20b5e71becf329de17a636b1,s_79ac1956a64b0bfbd158f6db,FIP,missing_projection_metric
pitcher,2025,RotoWire,p_2442495cf935c13e35ace791,s_994db47d24e7bddf17909934,FIP,missing_projection_metric
pitcher,2025,RotoWire,p_5622eaf6fed51b2f0badc28f,s_935c498e337e6227b2e97a54,FIP,missing_projection_metric
pitcher,2025,RotoWire,p_5a5e5a4baec1ff0e99cb37c5,s_c5bbc5852213b59d68498fb5,FIP,missing_projection_metric
pitcher,2025,RotoWire,p_b9be4dd9135ef8202ccbf94b,s_34230b6726a548e11a9c1c3f,FIP,missing_projection_metric
pitcher,2025,RotoWire,p_55e0b0cdfd06f59a14884d19,s_365487fec0ece5c3725150cf,FIP,missing_projection_metric
pitcher,2025,RotoWire,p_adfce089754d8fcf93c9d6eb,s_fd57ab6f1c661dcf4ba65375,FIP,missing_projection_metric
pitcher,2025,RotoWire,p_68ceebeeae0240ef1eeb496f,s_b7fe3d73d7ebf414636cd0a2,FIP,missing_projection_metric
pitcher,2025,RotoWire,p_cae67aa5fd092dca6407ccd8,s_14c052a9645d1310631fb848,FIP,missing_projection_metric
pitcher,2025,RotoWire,p_98cc697758a3fc95df098ccd,s_7441bb2c43becf490a807956,FIP,missing_projection_metric
pitcher,2025,RotoWire,p_410328aef7c939f61d4b7528,s_91fbc2ba8229d7602f4fc4e9,FIP,missing_projection_metric
pitcher,2025,RotoWire,p_9d5fc19a3ec0a2b92dad5383,s_579a47da3a9379194a7767e6,FIP,missing_projection_metric
pitcher,2025,RotoWire,p_27bd8d698914d52a637c58ce,s_890ffd10adfc792b0d4572f8,FIP,missing_projection_metric
pitcher,2025,RotoWire,p_37fb98747cdcda0fbfec7784,s_6526468ced49840a3dc273dd,FIP,missing_projection_metric
pitcher,2025,RotoWire,p_87897e21381c92d01d1670b6,s_9b98134a20f7dc9b89a473b1,FIP,missing_projection_metric
pitcher,2025,RotoWire,p_22eee69f8ac0239b99b11b78,s_466a695c06353110943c6b79,FIP,missing_projection_metric
pitcher,2025,RotoWire,p_ab8444dc7f51611939832036,s_205a1277c4b56904ef234c2d,FIP,missing_projection_metric
pitcher,2025,RotoWire,p_90e71871268b32dfc6280b86,s_e0ca8885af353a82f41d5c9e,FIP,missing_projection_metric
pitcher,2025,RotoWire,p_ad8eeecb96286785de1abf84,s_8e88f0858905459e15c55d20,FIP,missing_projection_metric
pitcher,2025,RotoWire,p_611b50d11016f9e5bac93980,s_130907414839b52ace848f8c,FIP,missing_projection_metric
pitcher,2025,RotoWire,p_1db467c6cfbfe96ad057338e,s_6aa39c6bafe2fb4d9ba2a6ed,FIP,missing_projection_metric
pitcher,2025,RotoWire,p_fa348e8a3e9e503fc5deebc7,s_9ce529e42bdf0bbb8a3785d6,FIP,missing_projection_metric
pitcher,2025,RotoWire,p_61da229a19dcb37d006d054f,s_5ef6d0a9159ec27ab314029c,FIP,missing_projection_metric
pitcher,2025,RotoWire,p_6d19fe3af838d3bcaf19f868,s_715102a97cc3e341d423ba7f,FIP,missing_projection_metric
pitcher,2025,RotoWire,p_3a1cb7d74d6ff8302a97f30f,s_5a42147701ae2c891d5592be,FIP,missing_projection_metric
pitcher,2025,RotoWire,p_08803fedfc7e3b44562070ba,s_bb1397a34c19df226e9748cd,FIP,missing_projection_metric
pitcher,2025,RotoWire,p_c1803acfc69807176b03fceb,s_28bc71725ca62bcd193dbeb8,FIP,missing_projection_metric
pitcher,2025,RotoWire,p_3d4fddbaa624427c64113cac,s_5c1637377642d706dcb2ba2a,FIP,missing_projection_metric
pitcher,2025,RotoWire,p_4ce2bc74d9bdc379de52f9fb,s_49d287eef5b6f749ab80133f,FIP,missing_projection_metric
pitcher,2025,RotoWire,p_1bd74263d59f9dcb39af1120,s_ecd41903fc74c0a3ecd285cc,FIP,missing_projection_metric
pitcher,2025,RotoWire,p_49ed2c7ffa16b9279ff3f555,s_8a9b63b2418b515e02966efa,FIP,missing_projection_metric
pitcher,2025,RotoWire,p_ce659b38e92388329f2ca16b,s_b361be04984a83d64a032cad,FIP,missing_projection_metric
pitcher,2025,RotoWire,p_b94cd2fa50a25f87a513580d,s_834eedc782ee038a817d3d6c,FIP,missing_projection_metric
pitcher,2025,RotoWire,p_6b8cba5bfea707d3dd734524,s_c54c7fad5efb2aefcf4976e8,FIP,missing_projection_metric
pitcher,2025,RotoWire,p_a6fa59945d5551b89676371f,s_4c1997b0dfe84d86c517117e,FIP,missing_projection_metric
pitcher,2025,RotoWire,p_0f524fd2285c4e78f5fe8913,s_9cf7c456ba8721383fb37fe0,FIP,missing_projection_metric
pitcher,2025,RotoWire,p_f8aa57bef4644632c1796d15,s_09b0d8d161448874e9d8e826,FIP,missing_projection_metric
pitcher,2025,RotoWire,p_5fdf2f3ccb63b4515b2eb625,s_7cb7da39ece94a436b3fa061,FIP,missing_projection_metric
pitcher,2025,RotoWire,p_99369324bab1d4ff69bc1d02,s_ebe7080cf02f05558f239c11,FIP,missing_projection_metric
pitcher,2025,RotoWire,p_dae2cbdd6aaffa6c61bee2de,s_ac7bd2ba65d66272bcf3b3f1,FIP,missing_projection_metric
pitcher,2025,RotoWire,p_14f528eb56e4572f1129bda9,s_3c0875a175a3c9c544575c1c,FIP,missing_projection_metric
pitcher,2025,RotoWire,p_9f550caec192fd42d10ff1b3,s_56fe9d2ae5656ddc8accc6bc,FIP,missing_projection_metric
pitcher,2025,RotoWire,p_1b7aadf4254d0c04b28301e5,s_43098b7a7bdced36fd43f7bd,FIP,missing_projection_metric
pitcher,2025,RotoWire,p_b9bda4330db43c739314fce4,s_b3550f4ba2da2f9477008532,FIP,missing_projection_metric
pitcher,2025,RotoWire,p_8e3c5b6d41ea95d4beeb3c30,s_435704631bc6ff87f65c8cda,FIP,missing_projection_metric
pitcher,2025,RotoWire,p_6b4f95ec9ffb4fe368a2576d,s_90f3f0aedd767974d861b2f6,FIP,missing_projection_metric
pitcher,2025,RotoWire,p_c8060e0ca736e951c5c4b226,s_e5329c1fbf065f9ebf7d59ea,FIP,missing_projection_metric
pitcher,2025,RotoWire,p_9c980b6b55a25e9cec08f624,s_ccfb08be6f2f1c97d4c9fc6b,FIP,missing_projection_metric
pitcher,2025,RotoWire,p_53fdc6d306dc44415d488e16,s_6353341599df804f17c2fa80,FIP,missing_projection_metric
pitcher,2025,RotoWire,p_a8a4ea29b153fef404ad3bfc,s_8a51ab5d3d74f09f84f631f6,FIP,missing_projection_metric
pitcher,2025,RotoWire,p_aa3f542bce2dddb882aa93ae,s_c1615b2c4a8f03575e2469c6,FIP,missing_projection_metric
pitcher,2025,RotoWire,p_3f88e6009659057719b46325,s_4719da202834a43dc9db52c7,FIP,missing_projection_metric
pitcher,2025,RotoWire,p_fff5f1ebef83eebba71e9bbc,s_56f0935bba5ae3b683cc004e,FIP,missing_projection_metric
pitcher,2025,RotoWire,p_6ae7476d65dc554f359685a1,s_535e7c065cd55accd3f8a335,FIP,missing_projection_metric
pitcher,2025,RotoWire,p_c5178381d162a4b5d9527eb0,s_105ed20657dbfd6cb452bcba,FIP,missing_projection_metric
pitcher,2025,RotoWire,p_b7580c74682c1a1cc5d24abd,s_cb27e5d71fac3e7de2d40e05,FIP,missing_projection_metric
pitcher,2025,RotoWire,p_1cb2a2b9966604f2d0295576,s_436a64c904990c995f85e8f4,FIP,missing_projection_metric
pitcher,2025,RotoWire,p_ccf29ec3fb51dbf128d874e4,s_d797c3e99a3ed77a9ad77c9a,FIP,missing_projection_metric
pitcher,2025,RotoWire,p_517403ae3a1b79a433390aec,s_0c7393921b309e16500ad1fa,FIP,missing_projection_metric
pitcher,2025,RotoWire,p_4a0039a3c02b3a1181636c3b,s_8a88544d9fd9c8b3ef64e6b3,FIP,missing_projection_metric
pitcher,2025,RotoWire,p_9cf33bb8d6b6c72759e3b41d,s_6a673087a03c512059b90e15,FIP,missing_projection_metric
pitcher,2025,RotoWire,p_54dfc42aa6e80f0846f08fcf,s_100722f139b822b5b3c2c65d,FIP,missing_projection_metric
pitcher,2025,RotoWire,p_05aa5556dc44afe342917893,s_c5c3d1044f1e194a74aca8f8,FIP,missing_projection_metric
pitcher,2025,RotoWire,p_e78d76af2b3a156869586232,s_888f90ecbe8d1073a5ad7332,FIP,missing_projection_metric
pitcher,2025,RotoWire,p_6ab2031cdd4bbac15cafe542,s_9fda42b7542fc5ca7fc17303,FIP,missing_projection_metric
pitcher,2025,RotoWire,p_9b79266fde272f3b8d161342,s_bf738b2e970ad75ccd5d4efb,FIP,missing_projection_metric
pitcher,2025,RotoWire,p_19d2c7ec4ec2d984744eb5b3,s_54609b1f17adfb7de0fec66d,FIP,missing_projection_metric
pitcher,2025,RotoWire,p_ce22d4726510344d78fb2e38,s_45e88be5add8d5dbf3f8ce88,FIP,missing_projection_metric
pitcher,2025,RotoWire,p_54517e847736a45c8b1dabfd,s_e78453d02e40c51b68d93389,FIP,missing_projection_metric
pitcher,2025,RotoWire,p_3c08e81780e0bae6ae834dda,s_ece03c80c533ef64dfff902d,FIP,missing_projection_metric
pitcher,2025,RotoWire,p_021a6060a1c63e57e8422db3,s_77238097193d86a50b436a21,FIP,missing_projection_metric
pitcher,2025,RotoWire,p_3a7abee15307a192a502f9bc,s_a9087f4c4791964265b0365a,FIP,missing_projection_metric
pitcher,2025,RotoWire,p_8183d10c86c33b8c9d22b5ae,s_c2a6380152bcbf86c355da68,FIP,missing_projection_metric
pitcher,2025,RotoWire,p_c81a0386598bf2f14a51264d,s_a176edd4d8278173498e9924,FIP,missing_projection_metric
pitcher,2025,RotoWire,p_e5489bb69c8bf14362185b49,s_86cfd190420841839ebafc64,FIP,missing_projection_metric
pitcher,2025,RotoWire,p_ea314bca6aece5d192c6a5b0,s_b226de9652ab1d12e9b31d44,FIP,missing_projection_metric
pitcher,2025,RotoWire,p_de239dab073ee70e594e1202,s_57f1beccb1614551549937a0,FIP,missing_projection_metric
pitcher,2025,RotoWire,p_64d490748b87ded9dfc75248,s_9ecbe2485f56f1bacd86b818,FIP,missing_projection_metric
pitcher,2025,RotoWire,p_9316c4dc392000b5e1ac832e,s_b83d75689891565687b5faf8,FIP,missing_projection_metric
pitcher,2025,RotoWire,p_45b474063e26679f1fc83858,s_887c4fbc3d6d064859edb786,FIP,missing_projection_metric
pitcher,2025,RotoWire,p_070918a027c45f11ba1c7216,s_652f53f05592046a3dd377ca,FIP,missing_projection_metric
pitcher,2025,RotoWire,p_c6edb861266cca1d8b7777f3,s_6d800329de2bafa05d08a462,FIP,missing_projection_metric
pitcher,2025,RotoWire,p_ffe00fc2f01b7827200e26a4,s_fb86158334d9f7426cdfe8a6,FIP,missing_projection_metric
pitcher,2025,RotoWire,p_d97c2be92435bc60ddb1a9e3,s_889ef6ec004b223edd2ad2fd,FIP,missing_projection_metric
pitcher,2025,RotoWire,p_e10fdff8ef686e5845a7cfee,s_f1b3f61240e7ded1134c018c,FIP,missing_projection_metric
pitcher,2025,RotoWire,p_a1dd30c06e29129ba5461f1e,s_f91bb4ac1d81e7dff08289a4,FIP,missing_projection_metric
pitcher,2025,RotoWire,p_a52253efb8f29cc26461b906,s_85fd0599b781d7e3905dcaa0,FIP,missing_projection_metric
pitcher,2025,RotoWire,p_7b68f5f154ad8bbbaa3c2564,s_1651f3b6402dbae2da8e50a6,FIP,missing_projection_metric
pitcher,2025,RotoWire,p_ab34ac7065869093f97fd7ed,s_c669b12b8305caf9709c5ca5,FIP,missing_projection_metric
pitcher,2025,RotoWire,p_137f09ddbe2e7a9b7aa50ffb,s_c4699ae77165d3adc95e2d77,FIP,missing_projection_metric
pitcher,2025,RotoWire,p_1bae71852df5bd62f85fc3e8,s_2a63508e41af44ba16f49d16,FIP,missing_projection_metric
pitcher,2025,RotoWire,p_318949b8bccbfa80a4474acc,s_492eb465df6d48c3d3eca6ce,FIP,missing_projection_metric
pitcher,2025,RotoWire,p_edfc64041b7ee8740960ecff,s_f621d5b96579ee209078c9c8,FIP,missing_projection_metric
pitcher,2025,RotoWire,p_45d1adc7248c7477ef8737e2,s_8433c864b70fb3c53dd0050e,FIP,missing_projection_metric
pitcher,2025,RotoWire,p_de590bfab110555b10280410,s_e6c729a70b9891197fccef50,FIP,missing_projection_metric
pitcher,2025,RotoWire,p_463c8505b18605c1574ec77d,s_38aec7ebe11a10d0d3bef8c1,FIP,missing_projection_metric
pitcher,2025,RotoWire,p_48da1d101e8cb6eb88275ac2,s_1f194d63eaa21159d2bac1e6,FIP,missing_projection_metric
pitcher,2025,RotoWire,p_cf41ac27465da6068c022374,s_fdda85a05ff074753fb415ea,FIP,missing_projection_metric
pitcher,2025,RotoWire,p_f42b4ea020ded781aef89044,s_a865a394c29afb8502b6fcdc,FIP,missing_projection_metric
pitcher,2025,RotoWire,p_c16ceee80f9bfb1fec04cdfe,s_4d262fad0e5e52a1e7b526d0,FIP,missing_projection_metric
pitcher,2025,RotoWire,p_8563b288cabc5a90c0b362fd,s_5b42055fd0c0579bccbfd923,FIP,missing_projection_metric
pitcher,2025,RotoWire,p_3d7dbeb61bf17e62ef16d36b,s_71b13b25a18beb82283f0326,FIP,missing_projection_metric
pitcher,2025,RotoWire,p_cb7e3547063497ea6d59f8f1,s_5d61a7c462e0150cc7513c57,FIP,missing_projection_metric
pitcher,2025,RotoWire,p_ae1758e742025670aed362b1,s_4d780221cbf8a9b4d3e1cc11,FIP,missing_projection_metric
pitcher,2025,RotoWire,p_4c3ded7fcf0ddb95f5c59a5b,s_dc61b3cd8d307c749a8ec6c7,FIP,missing_projection_metric
pitcher,2025,RotoWire,p_e75b990817978805c31533be,s_2ba83e927f5906c097015d5a,FIP,missing_projection_metric
pitcher,2025,RotoWire,p_2760b771d5d2d52f8c0db525,s_17fb74c3deb0e557fe91c3ee,FIP,missing_projection_metric
pitcher,2025,RotoWire,p_c1d12d935a24fbd60d6cf764,s_42c9739ccb4982c0793bf278,FIP,missing_projection_metric
pitcher,2025,RotoWire,p_0e089b0f2e016b32a874b52f,s_a7bd69f9803ddb629f9aa44f,FIP,missing_projection_metric
pitcher,2025,RotoWire,p_99f38b09686a812eec67a07d,s_84563be9c5432a2c0a56dc73,FIP,missing_projection_metric
pitcher,2025,RotoWire,p_87e0f824b432c68de2f1cdda,s_e3ac09cfa98cc6ef4933b538,FIP,missing_projection_metric
pitcher,2025,RotoWire,p_69b6354aceb0713a9f9ccb55,s_be9d0bec86ad87e3063c6e42,FIP,missing_projection_metric
pitcher,2025,RotoWire,p_b780c726b42fc01482d044ea,s_715b1b1eaa85de2818e3807e,FIP,missing_projection_metric
pitcher,2025,RotoWire,p_4418e268dc293e4c447c6546,s_2fdeb3ea829bb8c5e21c64c0,FIP,missing_projection_metric
pitcher,2025,RotoWire,p_4f63322407a16b6cb9e684d5,s_1d4895b30166a8ae8d417c0e,FIP,missing_projection_metric
pitcher,2025,RotoWire,p_4666c8933a6cfbcd75a49204,s_614b59fb9e144d8364219072,FIP,missing_projection_metric
pitcher,2025,RotoWire,p_371a1a346ec1e2f9db0ad977,s_8b575a6c3720c2267160d323,FIP,missing_projection_metric
pitcher,2025,RotoWire,p_a040d5160e3ed9b54434cfbb,s_9a6d13250b43ef64b96c1c90,FIP,missing_projection_metric
pitcher,2025,RotoWire,p_31e198d6dadb10cdd4b3261f,s_150efa8bdc69fc1d8768e280,FIP,missing_projection_metric
pitcher,2025,RotoWire,p_fde1cb0513829d5de21b3f1e,s_da4e5864abbc09ade830748c,FIP,missing_projection_metric
pitcher,2025,RotoWire,p_d0cb62e3b68e340a9cdfacc2,s_370f78e1277c5715e23970b5,FIP,missing_projection_metric
pitcher,2025,RotoWire,p_2685c99f10ed43abee99e8eb,s_b3befddb8baec226a66edd6b,FIP,missing_projection_metric
pitcher,2025,RotoWire,p_d92fc75e4628979a37144e5a,s_94dea86304b7bedd815daf24,FIP,missing_projection_metric
pitcher,2025,RotoWire,p_5ab6446da06e03d88133c394,s_3df184fa46695249cddfc69d,FIP,missing_projection_metric
pitcher,2025,RotoWire,p_38048eea2f7c671d69ecd76b,s_e2c7c0f2e510d76d1bdb960a,FIP,missing_projection_metric
pitcher,2025,RotoWire,p_161e5a9305eaea8fb63c7654,s_b1cc98cf67a5ab36a51bdf8b,FIP,missing_projection_metric
pitcher,2025,RotoWire,p_a6d5aaf96c6c17db57e8301a,s_c1ecd205c72d066a9f7b7c53,FIP,missing_projection_metric
pitcher,2025,RotoWire,p_2593790323a77719d1ad29bc,s_e97d5544ba4b7185742d7974,FIP,missing_projection_metric
pitcher,2025,RotoWire,p_f7bab10a7c231ef55feda704,s_4ba51d2b4410abbf33265502,FIP,missing_projection_metric
pitcher,2025,RotoWire,p_76d7ef74cfa636d8b9d155bd,s_9f49ed5b36d0239cacbae491,FIP,missing_projection_metric
pitcher,2025,RotoWire,p_0f35ba84bee190d22ffef471,s_213cb026b91aefc6d9abee98,FIP,missing_projection_metric
pitcher,2025,RotoWire,p_f50562cd42d6cc25aedd76e1,s_b959c879d73ea31876e14d2f,FIP,missing_projection_metric
pitcher,2025,RotoWire,p_f33b45e0082d9a26a8b16000,s_9251669c86c2952bada9ba2b,FIP,missing_projection_metric
pitcher,2025,RotoWire,p_f6143c39e5a443ea5b2ad3c7,s_bca6994f2c680025650790d2,FIP,missing_projection_metric
pitcher,2025,RotoWire,p_ad235584736e2db776c9f300,s_29050e28695d8da813456d0a,FIP,missing_projection_metric
pitcher,2025,RotoWire,p_9085615513755fa3b7c88ed7,s_a26000f6944b083d9e6da7c7,FIP,missing_projection_metric
pitcher,2025,RotoWire,p_922ce00ab6c0df908faed3ae,s_ad5ac052d65adb2ee4242690,FIP,missing_projection_metric
pitcher,2025,RotoWire,p_dae721ae0af6fe067aae9fe3,s_ca3b905c8554ed7d182a15bf,FIP,missing_projection_metric
pitcher,2025,RotoWire,p_1142060f4e1e790850d30e59,s_3460d6493747324b74b183ea,FIP,missing_projection_metric
pitcher,2025,RotoWire,p_15e9d5754d68658e8f9cb116,s_9d75f7f56f40558ddc22aa1a,FIP,missing_projection_metric
pitcher,2025,RotoWire,p_30abefb7f554a01f12b64dc7,s_6772667c4c022386564568fa,FIP,missing_projection_metric
pitcher,2025,RotoWire,p_76021b92269cadefa31be9e1,s_c7abf902bdfdb97c47d4aa32,FIP,missing_projection_metric
pitcher,2025,RotoWire,p_b8c36673c22e36da61b875f4,s_85a42b69a24a8d83f85248f3,FIP,missing_projection_metric
pitcher,2025,RotoWire,p_4e095ac42b4a01d1fdf29e14,s_b4a87e9dbe9ef15b6a130db9,FIP,missing_projection_metric
pitcher,2025,RotoWire,p_e4a10c7f007942d7d013ffa8,s_0072450d9b96b06502c0ae44,FIP,missing_projection_metric
pitcher,2025,RotoWire,p_f1199c5e49b77b823fde65db,s_943d184f47090ed2d8c4c664,FIP,missing_projection_metric
pitcher,2025,RotoWire,p_2d89951f468f9685aecc45ef,s_194988855f3c55896cc03a0c,FIP,missing_projection_metric
pitcher,2025,RotoWire,p_f6c81be67460a702270428c3,s_56fa9849d3aff2f48316bcbe,FIP,missing_projection_metric
pitcher,2025,RotoWire,p_05f3918b6278bcd6d3856315,s_97ea146655769b5572fca58b,FIP,missing_projection_metric
pitcher,2025,RotoWire,p_745eebfeac9df0e2aad9810a,s_445c824850867c3bb894da5f,FIP,missing_projection_metric
pitcher,2025,RotoWire,p_bc1f7345b1d67fbf1e7c9f68,s_5730ca86323fdb14f146f35c,FIP,missing_projection_metric
pitcher,2025,RotoWire,p_c564f60ca570a42cae848b9d,s_f2eab4d9d81cf97b5c44d6db,FIP,missing_projection_metric
pitcher,2025,RotoWire,p_4b42caae2c74a4d78fc1d2c5,s_109893db5e83bd3effb1a5cc,FIP,missing_projection_metric
pitcher,2025,RotoWire,p_93b79e92d76fa2af9c41c2cb,s_669b023296b33fb89e085b83,FIP,missing_projection_metric
pitcher,2025,RotoWire,p_b761f7b76b0b90bfde27fc8b,s_fa82c1743ba6b15bfc578f5b,FIP,missing_projection_metric
pitcher,2025,RotoWire,p_dedb29c4c8c6ce892139f533,s_281e71d67ee4b22041aadc7d,FIP,missing_projection_metric
pitcher,2025,RotoWire,p_0876ad8121b608233facdf46,s_e7f1002bdea6d80d857f8385,FIP,missing_projection_metric
pitcher,2025,RotoWire,p_d445cfc4cbcbaa36bc71236d,s_f5dcbe16ec6c753f7cf33033,FIP,missing_projection_metric
pitcher,2025,RotoWire,p_8b9cb10f6657921d3c1ea1a2,s_1efc2756edf6880709ba68de,FIP,missing_projection_metric
pitcher,2025,RotoWire,p_79db076d96a757be408fc0b5,s_86f961e5e6c775047e490063,BABIP,missing_projection_metric
pitcher,2025,RotoWire,p_70c49bf0f0626ec80e6293cd,s_2075eb92972f658f0ada0c62,BABIP,missing_projection_metric
pitcher,2025,RotoWire,p_7f3c31a904c074d502da70d5,s_967c576a0e0a9a0d779e27c4,BABIP,missing_projection_metric
pitcher,2025,RotoWire,p_076050d971510ecbad0e9fc2,s_3ee3fbd5d16391748759d888,BABIP,missing_projection_metric
pitcher,2025,RotoWire,p_8f3911a4b3d4f5c1ddf408bd,s_24cb492adf23c864a1baebe7,BABIP,missing_projection_metric
pitcher,2025,RotoWire,p_a8c6e164b8c9d48c0a076f2c,s_71672de7075b1b3e2015028e,BABIP,missing_projection_metric
pitcher,2025,RotoWire,p_6146eadc3c516491667a222c,s_1b3fc20e1732bf7117afa961,BABIP,missing_projection_metric
pitcher,2025,RotoWire,p_961f6e00dd2d95905acb6d7f,s_f008a382e5e106c23257cd0c,BABIP,missing_projection_metric
pitcher,2025,RotoWire,p_7837da98084befe7500c0de1,s_37d9846050a8addb84b48be7,BABIP,missing_projection_metric
pitcher,2025,RotoWire,p_0708260b07e6d68ac2144df7,s_f2d45531c0425b7a4add7853,BABIP,missing_projection_metric
pitcher,2025,RotoWire,p_ab80696a06cabb94d0590e17,s_fb57d4cdee0e208cef59d773,BABIP,missing_projection_metric
pitcher,2025,RotoWire,p_d37981ebca7896eb8c5d5e08,s_68feff298629301ed51a0396,BABIP,missing_projection_metric
pitcher,2025,RotoWire,p_c403496243559cd5f45b24de,s_cd1f12e8a3b2c80fe2edc2cc,BABIP,missing_projection_metric
pitcher,2025,RotoWire,p_6660c34756e8e079063c8590,s_a5ae7484af4f87fab217b512,BABIP,missing_projection_metric
pitcher,2025,RotoWire,p_0ab41d8d7c86beb019a22451,s_394b9488aba2cdfdef170a29,BABIP,missing_projection_metric
pitcher,2025,RotoWire,p_30de042ebbb0b98c455a5266,s_65e083e10d36c924088935a0,BABIP,missing_projection_metric
pitcher,2025,RotoWire,p_b953f455340d5c6f3524bb9f,s_cd4b60316a75a54bac9fa4fa,BABIP,missing_projection_metric
pitcher,2025,RotoWire,p_8cb9b18f097241aaca305ef9,s_32d8463be317f3cd3ba49373,BABIP,missing_projection_metric
pitcher,2025,RotoWire,p_a519f6ec6b371e6f3cea0c99,s_180f7029795ae157a1549d31,BABIP,missing_projection_metric
pitcher,2025,RotoWire,p_000215aa0a15c0d7ca6d5492,s_0d5fd81ac5e7fc17f2e2efe8,BABIP,missing_projection_metric
pitcher,2025,RotoWire,p_ce0a7b766c90514f3d557d6b,s_95e50a1bbbacbd6af06669d0,BABIP,missing_projection_metric
pitcher,2025,RotoWire,p_14ae2075371d15014297c7ae,s_bfc288a7590e5044e7afa2cf,BABIP,missing_projection_metric
pitcher,2025,RotoWire,p_e57a7daba23968e0156d47d8,s_e7cc1c9888d13ade29a9746a,BABIP,missing_projection_metric
pitcher,2025,RotoWire,p_e333710884baecb1ae5dba0f,s_34092bfcbe8d99bb4f82fcdd,BABIP,missing_projection_metric
pitcher,2025,RotoWire,p_67c782a89ca0d0934cb67da0,s_a8a8c5e83cbd38399c51bea3,BABIP,missing_projection_metric
pitcher,2025,RotoWire,p_5c31828b78f7ebd5a1f567ea,s_a3555dae0d77ed4d6f0af5ea,BABIP,missing_projection_metric
pitcher,2025,RotoWire,p_dae655bcb2a707499b8da77f,s_f2dc4f5c089adc9809265bd6,BABIP,missing_projection_metric
pitcher,2025,RotoWire,p_a55e1314437f703697888e9a,s_a6f8ee6d1ad97ca47b4a98db,BABIP,missing_projection_metric
pitcher,2025,RotoWire,p_7f60fe780813d2e2f804a47f,s_51b05e47c797a13a2ff437a6,BABIP,missing_projection_metric
pitcher,2025,RotoWire,p_a0b216e0f9bfe85b303b93e1,s_cc4dfbc3eefe9fb96f0dc3fe,BABIP,missing_projection_metric
pitcher,2025,RotoWire,p_fac8fe6d0d4a7a73a2dc5d0b,s_6c61a6043fa12e677c845870,BABIP,missing_projection_metric
pitcher,2025,RotoWire,p_4946d0fafc0d0ae33e1e930e,s_d864c5f17ca5a8fe47edb31f,BABIP,missing_projection_metric
pitcher,2025,RotoWire,p_cc3893db1d216499b15a96b7,s_0aa26ad1d07c40add014cf60,BABIP,missing_projection_metric
pitcher,2025,RotoWire,p_10a3e264d0d762f0a6116bf0,s_5a944d799fbdfd6525ea211c,BABIP,missing_projection_metric
pitcher,2025,RotoWire,p_69bf94efbaeb173840b3fe59,s_44e76432a6313aa6d12b1be5,BABIP,missing_projection_metric
pitcher,2025,RotoWire,p_5e4be1b675696e14d59387d7,s_70f41a4be8783880453119de,BABIP,missing_projection_metric
pitcher,2025,RotoWire,p_bc5886f85f668aec59f650a3,s_9dd91974143eabdea1437724,BABIP,missing_projection_metric
pitcher,2025,RotoWire,p_c5b82d72e1ce8ed1000e8ca9,s_c1b22e5e6cc4512eb55fa9a8,BABIP,missing_projection_metric
pitcher,2025,RotoWire,p_b43c67aae95620f8ae32f063,s_a84edf73fa36abef9644106a,BABIP,missing_projection_metric
pitcher,2025,RotoWire,p_78a8db997f51090cfa594d12,s_5ce470de36098cd9b445e94d,BABIP,missing_projection_metric
pitcher,2025,RotoWire,p_56f8cacbf95fa9e9ccd5f037,s_8fc7a5a5fa897e388e1b0abe,BABIP,missing_projection_metric
pitcher,2025,RotoWire,p_07394d99dcbd9729eb1c244b,s_036cb2d4fa7ce09ac36bc404,BABIP,missing_projection_metric
pitcher,2025,RotoWire,p_f0656b8cbc96ad065e088776,s_d9c7a975e48906d3a5ef0e34,BABIP,missing_projection_metric
pitcher,2025,RotoWire,p_17e93d5e2f0eff121bd2e922,s_c416261369d600e008a085b2,BABIP,missing_projection_metric
pitcher,2025,RotoWire,p_05853e333f5ea183e286e9f3,s_b2be239d73fb864a1d73e804,BABIP,missing_projection_metric
pitcher,2025,RotoWire,p_9d536cb354f545a79cf263ad,s_8d50a46a5c992501f52a6bf6,BABIP,missing_projection_metric
pitcher,2025,RotoWire,p_19dec057e552049568aaec59,s_e71da14189701ba209f6cbcd,BABIP,missing_projection_metric
pitcher,2025,RotoWire,p_ab201d9f00a18e2a1bcb84f8,s_13993469241eac6f963dc9f6,BABIP,missing_projection_metric
pitcher,2025,RotoWire,p_d91a1459eee9777c42e1c294,s_841fd75fe95f71cbd91c19bd,BABIP,missing_projection_metric
pitcher,2025,RotoWire,p_af8228da2186a3c55a0c0647,s_d062649e47a509ec8309c2ae,BABIP,missing_projection_metric
pitcher,2025,RotoWire,p_e6f97a8200763e284decf5ae,s_4afce4b852d7f25a28289c61,BABIP,missing_projection_metric
pitcher,2025,RotoWire,p_fdcc3c57fc1404d67ef4d33f,s_779530880a7228bde2d9297c,BABIP,missing_projection_metric
pitcher,2025,RotoWire,p_97392f4b9a9bcd3580abacfa,s_10b218b01792f0a72d673db6,BABIP,missing_projection_metric
pitcher,2025,RotoWire,p_081253e7d079edbb13e4e0de,s_d6486c8805c44f95f660fc71,BABIP,missing_projection_metric
pitcher,2025,RotoWire,p_2b11176e1209a4155291382a,s_4f8699349416b629b7c9cdb9,BABIP,missing_projection_metric
pitcher,2025,RotoWire,p_b2fab903e6ffc323ace73400,s_45692ab540d2afb7677b868e,BABIP,missing_projection_metric
pitcher,2025,RotoWire,p_24a22b256217bda128f194b7,s_0fc4e259727cf0d4a1699684,BABIP,missing_projection_metric
pitcher,2025,RotoWire,p_e6c685d4a42733d68c25210b,s_c5852801e71f75868a2b8e5c,BABIP,missing_projection_metric
pitcher,2025,RotoWire,p_6cb3547deca91d83694527f9,s_0f0ea9b35f3935bec2bc6b34,BABIP,missing_projection_metric
pitcher,2025,RotoWire,p_f154f9fe1937e83897788168,s_bed827776ea55416db2de1bf,BABIP,missing_projection_metric
pitcher,2025,RotoWire,p_e596c20f3f965f74f208c29f,s_67bde5860efaaad382783ef4,BABIP,missing_projection_metric
pitcher,2025,RotoWire,p_481d55069fc331213e830346,s_0b33c240c519607d8b589311,BABIP,missing_projection_metric
pitcher,2025,RotoWire,p_5e4a0f72ee5813838f4aff38,s_7dd44086c38f1452cd7e80c0,BABIP,missing_projection_metric
pitcher,2025,RotoWire,p_80b914cf66fe72410163fff3,s_10b73d3604cec1aaf6cffc01,BABIP,missing_projection_metric
pitcher,2025,RotoWire,p_16e4efe96d962f1312ff2ed5,s_1951e4d33bf987993498a656,BABIP,missing_projection_metric
pitcher,2025,RotoWire,p_46e0d496d589ec6fa5a35f6d,s_29cabfddb50ce02c147c4a13,BABIP,missing_projection_metric
pitcher,2025,RotoWire,p_31b06a37157510ce6f137ea5,s_e0a82178aa302fc63cace7c8,BABIP,missing_projection_metric
pitcher,2025,RotoWire,p_41d77fd79c69b4fb06385e5c,s_3b8f4f3aba1d2045a6f872ef,BABIP,missing_projection_metric
pitcher,2025,RotoWire,p_5d461229c4f3a1d894c1ef5b,s_980f151addd9af79ec332a21,BABIP,missing_projection_metric
pitcher,2025,RotoWire,p_cd9bbe80bf6ddc022831c8ce,s_d73d30cd8c4bde95d369a4ff,BABIP,missing_projection_metric
pitcher,2025,RotoWire,p_b25d93daecd6b8c40be76364,s_c135030cd6e4073628595a99,BABIP,missing_projection_metric
pitcher,2025,RotoWire,p_1e13703553ee4e761b93a8d2,s_9674218e1587488230618b21,BABIP,missing_projection_metric
pitcher,2025,RotoWire,p_7c8aefd139986ac3072d388d,s_187255c7b00cb8bd4e6a0240,BABIP,missing_projection_metric
pitcher,2025,RotoWire,p_41722893e1c4663095c86715,s_e48124f5b5ca1e634aeba97b,BABIP,missing_projection_metric
pitcher,2025,RotoWire,p_71ab6c91e583b9c4b88368c8,s_46d68a8a448f1e79214c0172,BABIP,missing_projection_metric
pitcher,2025,RotoWire,p_79c8921830ad0b38d9102933,s_c288cbe76caecc26c421b1d3,BABIP,missing_projection_metric
pitcher,2025,RotoWire,p_132c5c809400e7c9829c64f8,s_596e218983291f4e3d25dcf8,BABIP,missing_projection_metric
pitcher,2025,RotoWire,p_482534e7ea7122d637d036f9,s_1c19c7c5da11b4043127482c,BABIP,missing_projection_metric
pitcher,2025,RotoWire,p_7c02936ac6ca07e9b01cbaf4,s_244b0deddb64032ca56a4cab,BABIP,missing_projection_metric
pitcher,2025,RotoWire,p_bdacaf18408f4db91a1d636e,s_6c12dcca725d4926d3ee7967,BABIP,missing_projection_metric
pitcher,2025,RotoWire,p_a22a4d8b57e5468ad3a65d76,s_55f607f45b40dd7e3db30b62,BABIP,missing_projection_metric
pitcher,2025,RotoWire,p_49f446543bf69cca3e98837a,s_3618f5a47d0993724e75d13a,BABIP,missing_projection_metric
pitcher,2025,RotoWire,p_b089c61cefb15acef80e4522,s_3b38504ed48087203fb3d5f9,BABIP,missing_projection_metric
pitcher,2025,RotoWire,p_2dcfce41c52f17e2ea97a04c,s_b6df2ced8ecd7dce34225840,BABIP,missing_projection_metric
pitcher,2025,RotoWire,p_3c11bca421face714ccc07b0,s_026fee40cf23f7a24af6e0ca,BABIP,missing_projection_metric
pitcher,2025,RotoWire,p_a67d7439eaa5a301707a0a3a,s_dfb314cdd5427dbfc107c2ab,BABIP,missing_projection_metric
pitcher,2025,RotoWire,p_d414670609afdbe251cf99be,s_21abbb2f06d73445152c3f56,BABIP,missing_projection_metric
pitcher,2025,RotoWire,p_1ef924b32d2eeac5534b766e,s_a600875c79d3cd9a8899efa0,BABIP,missing_projection_metric
pitcher,2025,RotoWire,p_1af5dd31a0e578895fc78c7a,s_cc1682013dd5e90c78677bf6,BABIP,missing_projection_metric
pitcher,2025,RotoWire,p_3f22e91a73d176ec1adc71e5,s_3a970ab28bdcff2eb3f7f266,BABIP,missing_projection_metric
pitcher,2025,RotoWire,p_36b9e4f3c1486512b790c92a,s_9ea09a9d0a3f5c8413039121,BABIP,missing_projection_metric
pitcher,2025,RotoWire,p_bbe0b0144e2190d075a1534d,s_b76c8135f9593a8f7eb4073f,BABIP,missing_projection_metric
pitcher,2025,RotoWire,p_b0e54ab450830f76f778c92d,s_e6439f2327f5a2d73b48cd6a,BABIP,missing_projection_metric
pitcher,2025,RotoWire,p_eb72c6cdf331edfe333d7274,s_fc0167c5229fd6fbba43b46a,BABIP,missing_projection_metric
pitcher,2025,RotoWire,p_3e9c50f5313e3ab52ed4ac9c,s_3fe0f78061c15f08b7880ebf,BABIP,missing_projection_metric
pitcher,2025,RotoWire,p_13e78e88a5cf19b96c5da64a,s_7cc1173b2f0059711e5fe16a,BABIP,missing_projection_metric
pitcher,2025,RotoWire,p_fdea2ad4794d12911ab12ec2,s_1032d2f30bf0e10bf606d17c,BABIP,missing_projection_metric
pitcher,2025,RotoWire,p_2c23e59d57f37af52a2c0170,s_e5bbbabbd6e339b7d5ec5fe2,BABIP,missing_projection_metric
pitcher,2025,RotoWire,p_b6c41e8a47dd22519ed59712,s_ff09fabc51917ff4a19e8d7d,BABIP,missing_projection_metric
pitcher,2025,RotoWire,p_df9f7a1ee43910f98210f8d4,s_da8f917f97db8d7d5c7db9fa,BABIP,missing_projection_metric
pitcher,2025,RotoWire,p_ce2c49b4be7d2bce7223a6a0,s_ee253e8a7f3c74bc44de96d9,BABIP,missing_projection_metric
pitcher,2025,RotoWire,p_2d5fe2afb55076421b84c2d7,s_b8b72c5c9c0abb26dcbe6b2e,BABIP,missing_projection_metric
pitcher,2025,RotoWire,p_4b322b3e9defa92b5a488baf,s_5953f48d648edde3dbeba230,BABIP,missing_projection_metric
pitcher,2025,RotoWire,p_442f67b0e6c767028dd31107,s_b81e57834b0df6e2754fd402,BABIP,missing_projection_metric
pitcher,2025,RotoWire,p_583ce1d38f5dfec0877a25c3,s_05ea99e9c576462c6a2261dd,BABIP,missing_projection_metric
pitcher,2025,RotoWire,p_2269ea2145532d73c89362b1,s_918e1c90d28b084b836c06aa,BABIP,missing_projection_metric
pitcher,2025,RotoWire,p_9c3f57de37187fa297d867da,s_398011692cd6435a9d29f006,BABIP,missing_projection_metric
pitcher,2025,RotoWire,p_230ac4acbb3108f710292706,s_ed35952dd33ca8d1ea4aeabe,BABIP,missing_projection_metric
pitcher,2025,RotoWire,p_f5a175e1a118851fbe27adfc,s_c0a5a35cdafa77f6939613fd,BABIP,missing_projection_metric
pitcher,2025,RotoWire,p_d4640ce6f07822bb71b449d4,s_21cf41c1a4d7d1277ab690c3,BABIP,missing_projection_metric
pitcher,2025,RotoWire,p_2a2d0322ad2e63c86800fbd2,s_eebbc1277864a19cec42ddf5,BABIP,missing_projection_metric
pitcher,2025,RotoWire,p_f468eeff6fef7a47f63cd456,s_a6d837d6ef957efe2dd6c0d5,BABIP,missing_projection_metric
pitcher,2025,RotoWire,p_1107fc33dd7fa76b67b0e2f6,s_a98f787994c0ea465e0658c6,BABIP,missing_projection_metric
pitcher,2025,RotoWire,p_d7a6a481b2c8156315936897,s_0f252836a7366a68a5d86ede,BABIP,missing_projection_metric
pitcher,2025,RotoWire,p_fae8649ac857a8babf1bdca8,s_33f69d1b5ad1c7734851d0fc,BABIP,missing_projection_metric
pitcher,2025,RotoWire,p_281f00a360ce484be44c5eae,s_f3b08b8e8c06062988573232,BABIP,missing_projection_metric
pitcher,2025,RotoWire,p_4c286b6792cd590ac26d8de5,s_ad1290a7e313e602c888e21f,BABIP,missing_projection_metric
pitcher,2025,RotoWire,p_6cb98ada7d3e5f6be65307b2,s_5200595b6f5798afc74940e3,BABIP,missing_projection_metric
pitcher,2025,RotoWire,p_0738eee4fb6a62334e2dc6a6,s_d38037f2c20bfbffb23ed3e0,BABIP,missing_projection_metric
pitcher,2025,RotoWire,p_ba2387323b64d5ebd5d849ac,s_aa456a6ed7de5ea0e53936fc,BABIP,missing_projection_metric
pitcher,2025,RotoWire,p_f2ee16b90f95f0ed772fe7aa,s_c497fe794f054e0771968624,BABIP,missing_projection_metric
pitcher,2025,RotoWire,p_008193aef738335244441232,s_e444a7e8b884f75eb903d380,BABIP,missing_projection_metric
pitcher,2025,RotoWire,p_0ba0cf7f94e74b8472593f01,s_414a57dbeb8997b8f723468a,BABIP,missing_projection_metric
pitcher,2025,RotoWire,p_e04c5d25f1824514545fac27,s_a3517840d0405e110fb71680,BABIP,missing_projection_metric
pitcher,2025,RotoWire,p_5dae408a50fd7a2ef23c70ad,s_df0d66d65b259c7c48461fa5,BABIP,missing_projection_metric
pitcher,2025,RotoWire,p_c86be00e2784333930137667,s_74a39b103acc2638a448de77,BABIP,missing_projection_metric
pitcher,2025,RotoWire,p_671b4ce2c3ec28ad663bf922,s_0bfd4064b0d3b695e4667925,BABIP,missing_projection_metric
pitcher,2025,RotoWire,p_983985938701c89b957bf280,s_7dcefa1d1dba45e3364dbdf3,BABIP,missing_projection_metric
pitcher,2025,RotoWire,p_833ff8e8d015c9ecd8ab1e4a,s_5b097fac77aef122f39ccda4,BABIP,missing_projection_metric
pitcher,2025,RotoWire,p_1495f8ede09487e68eb6132f,s_0e580f533d1c88c971fb7729,BABIP,missing_projection_metric
pitcher,2025,RotoWire,p_416065fb1e7bee98c8c06e9c,s_0a20fb2b61e60273dead431f,BABIP,missing_projection_metric
pitcher,2025,RotoWire,p_712ae68dc57df5d305f2eced,s_e17b900eca1442f257698b60,BABIP,missing_projection_metric
pitcher,2025,RotoWire,p_c64d1a71e8b698a4cf973c7e,s_97d3066f716d1f1c74cbbdc8,BABIP,missing_projection_metric
pitcher,2025,RotoWire,p_39a4d35b75bdffcbcfddff84,s_130e889df931cad846339593,BABIP,missing_projection_metric
pitcher,2025,RotoWire,p_b7e27b68ebd83bc6a468e72b,s_aef4560add238876576b5336,BABIP,missing_projection_metric
pitcher,2025,RotoWire,p_6195a4077f4c42e4300606dc,s_913dbfeeeb78af7bf5adcd2c,BABIP,missing_projection_metric
pitcher,2025,RotoWire,p_0656788e350d8a313901326d,s_f2c11db0faaa0102d6fb36cd,BABIP,missing_projection_metric
pitcher,2025,RotoWire,p_7baf8732d9a598c647856252,s_90e64d81f560cd52d110de89,BABIP,missing_projection_metric
pitcher,2025,RotoWire,p_036ba95158dbe1470dd58b5d,s_0009dd44414ce9f21133505e,BABIP,missing_projection_metric
pitcher,2025,RotoWire,p_6b060d3dfdf334d2e513ce27,s_7b747ab7774559f90e1f0f04,BABIP,missing_projection_metric
pitcher,2025,RotoWire,p_86bbc8fa57931321ecdf298d,s_3fe36898ff4124874d57bf61,BABIP,missing_projection_metric
pitcher,2025,RotoWire,p_d6d57443ec08aa62f4f79d93,s_0b674adfe9f1bf620f377082,BABIP,missing_projection_metric
pitcher,2025,RotoWire,p_ac8c5c8e84a95d130d682758,s_160af9786c5be9848d9e5639,BABIP,missing_projection_metric
pitcher,2025,RotoWire,p_6a5ad9cf8a12ffa4c0cfffae,s_a5403ef8b7b52087aaed9014,BABIP,missing_projection_metric
pitcher,2025,RotoWire,p_2d9cec8e1707efbb1e1cb52c,s_b9283324d20d52a77532d789,BABIP,missing_projection_metric
pitcher,2025,RotoWire,p_2553085f66061508335f3fb1,s_1f4c27b1eaa9122d594edbee,BABIP,missing_projection_metric
pitcher,2025,RotoWire,p_08c841183887e159fb3b9131,s_5331e8f9b0cefa195c5fd7c8,BABIP,missing_projection_metric
pitcher,2025,RotoWire,p_dba406ee26bfb7503c1bf27d,s_42953f1c02f0de0109285512,BABIP,missing_projection_metric
pitcher,2025,RotoWire,p_1dfc6e6af415ea42f3c5b686,s_4d503509ed4a01c0aecb43e2,BABIP,missing_projection_metric
pitcher,2025,RotoWire,p_607b4432d07e4a7dfc0a7e67,s_29e15367f92ed51fe319244f,BABIP,missing_projection_metric
pitcher,2025,RotoWire,p_2f8502e30665a12d3037adfa,s_1b911e08672a6aa69cd5e964,BABIP,missing_projection_metric
pitcher,2025,RotoWire,p_dc952cf10742e3abc77f91bf,s_18556b27f16da21bb3c21940,BABIP,missing_projection_metric
pitcher,2025,RotoWire,p_62360b5de96d90bc68e17dd9,s_1ad1eedfe5788eff438677ed,BABIP,missing_projection_metric
pitcher,2025,RotoWire,p_f2af4380a6d1108c9d507592,s_e252b8b486cf9e842474d35d,BABIP,missing_projection_metric
pitcher,2025,RotoWire,p_cdab5985b61ba75e14c1e3e7,s_7fe48e2c47e3dcc5c1ea19d2,BABIP,missing_projection_metric
pitcher,2025,RotoWire,p_1821549cff26dbba5d4aca04,s_b641beace190fc226f5b02b1,BABIP,missing_projection_metric
pitcher,2025,RotoWire,p_2f79f472a978afdd718437e0,s_bfb01addbf6fe0f28a2c3d6c,BABIP,missing_projection_metric
pitcher,2025,RotoWire,p_6812838b39eb2c709ed072fd,s_d41b4fd0376177bde39d58cf,BABIP,missing_projection_metric
pitcher,2025,RotoWire,p_c2f429582365b8384125cb6a,s_11628e648299e94d1acbcd19,BABIP,missing_projection_metric
pitcher,2025,RotoWire,p_0e56dc24388067d6adf8d91b,s_5d5dda2cbffa7cbacb390ce4,BABIP,missing_projection_metric
pitcher,2025,RotoWire,p_8961924234b18a32fc5f7a2c,s_063d72a8a5528edf111336a2,BABIP,missing_projection_metric
pitcher,2025,RotoWire,p_d0ae9150ea080d20bd5ec95d,s_2234ec5d7fb744b08827806c,BABIP,missing_projection_metric
pitcher,2025,RotoWire,p_d9c64dd40ed1ff65a53e6228,s_e9332b7665860065bc21993f,BABIP,missing_projection_metric
pitcher,2025,RotoWire,p_fd293a60557159fc55b19a14,s_30dd9a4b7d03dabba0117762,BABIP,missing_projection_metric
pitcher,2025,RotoWire,p_f5ba6b7a7aef6272c083449c,s_873fe86a76ee37a6c45ca9fd,BABIP,missing_projection_metric
pitcher,2025,RotoWire,p_b8cb9339000eda49122a846d,s_bc22c5fb28b372c83cd68608,BABIP,missing_projection_metric
pitcher,2025,RotoWire,p_f6d0db5ece194fe2beb1ec11,s_f5eea7d1d5c183aa9b517f64,BABIP,missing_projection_metric
pitcher,2025,RotoWire,p_340afab40ed7623681903f52,s_d52adcac5cd60628dc647295,BABIP,missing_projection_metric
pitcher,2025,RotoWire,p_6e405786ba3c4c7b03295e6c,s_b366497b22f23536a85a9b6d,BABIP,missing_projection_metric
pitcher,2025,RotoWire,p_c9dcb3032a2a934069d036a1,s_0bb57399523486a8c2e674f3,BABIP,missing_projection_metric
pitcher,2025,RotoWire,p_4d320f12f7ed1ac1d64a8564,s_bbb4da2feccc84c5cfee40c3,BABIP,missing_projection_metric
pitcher,2025,RotoWire,p_c9c4b9c76960c47b342a00fe,s_00836f6a4aa8a07bbc9a4201,BABIP,missing_projection_metric
pitcher,2025,RotoWire,p_2b6dc032a155f10c90f5d066,s_07f1aca0ff7d5dae687e216e,BABIP,missing_projection_metric
pitcher,2025,RotoWire,p_17ae1171e92abea6543117d2,s_4e782d9310cb93d3942eda63,BABIP,missing_projection_metric
pitcher,2025,RotoWire,p_e53dd34ff1049b4cdddde3b2,s_bfe6bfff4bf8f18ba2ac1f54,BABIP,missing_projection_metric
pitcher,2025,RotoWire,p_67fd9d9af5f906af95676a62,s_658bc5564cf49cc03ef5272c,BABIP,missing_projection_metric
pitcher,2025,RotoWire,p_fbcb5bbe88ef2a2cc64ce3bd,s_fd80993919b3a3aabe3f7435,BABIP,missing_projection_metric
pitcher,2025,RotoWire,p_bf86f5798c2e549b7fb30ee2,s_a446e906c35a5c92dce13290,BABIP,missing_projection_metric
pitcher,2025,RotoWire,p_6254917ef60e1ddc873e6f31,s_716caea0443e56d78a7e3796,BABIP,missing_projection_metric
pitcher,2025,RotoWire,p_c385db74ca850410df462be2,s_45ccdecaf0d66e5fa6380a15,BABIP,missing_projection_metric
pitcher,2025,RotoWire,p_94d21693ba45c52946454a20,s_7a3033e8c88241f6ddfc72fa,BABIP,missing_projection_metric
pitcher,2025,RotoWire,p_f3591f0057a7a2816bc6c347,s_cd76b63f7a745bff08182ac6,BABIP,missing_projection_metric
pitcher,2025,RotoWire,p_b38e7099b3fed40bc1dd2bdc,s_302d0f3ce70e73281bd0eaef,BABIP,missing_projection_metric
pitcher,2025,RotoWire,p_991aeb6ad93c0dfba092e8e7,s_bbe1ab59b2612cbf015acfc3,BABIP,missing_projection_metric
pitcher,2025,RotoWire,p_f092d568b762f9e2d2d576ac,s_852f2fa6ca21bd2337c8f3c6,BABIP,missing_projection_metric
pitcher,2025,RotoWire,p_436ab07080c06918509193ab,s_b60f435221745729d63a09ae,BABIP,missing_projection_metric
pitcher,2025,RotoWire,p_722d2ece3768b71aafae93e6,s_e79ea5b66173c3fb6fdb547b,BABIP,missing_projection_metric
pitcher,2025,RotoWire,p_d0fba3de9f79f83a683ff425,s_9e4eef8349872be1240e33a2,BABIP,missing_projection_metric
pitcher,2025,RotoWire,p_69cbff53fa69913aa98a74a7,s_549e12178fc9f863a3cb4395,BABIP,missing_projection_metric
pitcher,2025,RotoWire,p_4ab1054e1b4679af5e62847e,s_4ff89a0fc05313b1aaeef3d9,BABIP,missing_projection_metric
pitcher,2025,RotoWire,p_ca00aae418a6ebe5e7e21090,s_7e26c14b8a06bd5287f51048,BABIP,missing_projection_metric
pitcher,2025,RotoWire,p_fa38c0264bcdff8ad2c4499e,s_37d0cf03a1957529acb26b6c,BABIP,missing_projection_metric
pitcher,2025,RotoWire,p_bf0123618cb84b22ee89191d,s_8cac80bb3416bee7ec56704b,BABIP,missing_projection_metric
pitcher,2025,RotoWire,p_35b1547fd86fd8631d0c0c08,s_af64cc7ddf1036cfb25b4800,BABIP,missing_projection_metric
pitcher,2025,RotoWire,p_c9127bf6fe2742b6cdf5e2c0,s_116dcd047c0c50a01d8476bf,BABIP,missing_projection_metric
pitcher,2025,RotoWire,p_61ff0cbc6adc34d5b5e66201,s_bd8ff4abe86f9d9dabd75234,BABIP,missing_projection_metric
pitcher,2025,RotoWire,p_99556fc8912a79c6991db165,s_246247c81024d63b7181492f,BABIP,missing_projection_metric
pitcher,2025,RotoWire,p_c2941564b78650e8c80a6590,s_c2ab4691e1d30766e616ad81,BABIP,missing_projection_metric
pitcher,2025,RotoWire,p_0b16c16d0a16de2a6363baf5,s_1b1fc760e550dd7ac1043f88,BABIP,missing_projection_metric
pitcher,2025,RotoWire,p_2929654d5957b9990cd15b63,s_9c07b9e7f31dd8e706e65435,BABIP,missing_projection_metric
pitcher,2025,RotoWire,p_d25ebff370ce4e9202042d61,s_c0eb11a0e31a7c4c3d1b614b,BABIP,missing_projection_metric
pitcher,2025,RotoWire,p_c665cca64b9d1ec36d25bc81,s_b313bad6b33d5ae235f0f82a,BABIP,missing_projection_metric
pitcher,2025,RotoWire,p_09950035a7c10e145070d051,s_5348badb2010b775cc9c2947,BABIP,missing_projection_metric
pitcher,2025,RotoWire,p_e6a9049543a2ac63183c17bf,s_b3a86582c8292daa28ba26d6,BABIP,missing_projection_metric
pitcher,2025,RotoWire,p_2cbdc3dc2d503fe047479492,s_7171d268c8042941644b4e97,BABIP,missing_projection_metric
pitcher,2025,RotoWire,p_5d4e00ed942914f0c7681334,s_f444a319bd7ccbcca7ed37cc,BABIP,missing_projection_metric
pitcher,2025,RotoWire,p_5738a2c4aaf235e3c5ecf5c0,s_e9e139b24e0aba6e879bcf88,BABIP,missing_projection_metric
pitcher,2025,RotoWire,p_4d4066d01c2accb962e2e48b,s_51ba75b1f0513c989d49d4a1,BABIP,missing_projection_metric
pitcher,2025,RotoWire,p_a2de9bf5142663e3696178c7,s_4c5ed4a8845d030ddcb23758,BABIP,missing_projection_metric
pitcher,2025,RotoWire,p_f542eded5fa5eaaea2b03d47,s_9ee19b8b168171721864425b,BABIP,missing_projection_metric
pitcher,2025,RotoWire,p_5245cf30e7834dcfe275a8b3,s_20a19ca9a50f06d542f910c6,BABIP,missing_projection_metric
pitcher,2025,RotoWire,p_9a6e9d0ac50ab7ec0e62b627,s_c174d2ace2a827f0ac9945ac,BABIP,missing_projection_metric
pitcher,2025,RotoWire,p_ad5f4c4ff63f4dae1c70e25b,s_a53516fc6268debb5a17ba5d,BABIP,missing_projection_metric
pitcher,2025,RotoWire,p_0760b56a9e63e457fb539e83,s_5c3f4cd602e90392092b7363,BABIP,missing_projection_metric
pitcher,2025,RotoWire,p_4237d81a153d8369b516a611,s_18d4ae84da76b25c7bd4c5df,BABIP,missing_projection_metric
pitcher,2025,RotoWire,p_bbf24fd73a782298f740b3f0,s_f513a9f87389cecca8b37355,BABIP,missing_projection_metric
pitcher,2025,RotoWire,p_976e3a7c39f544bd2cb08e53,s_c62661a6379199418fec8356,BABIP,missing_projection_metric
pitcher,2025,RotoWire,p_f63e3a5b237a41953e0522bd,s_6552197e6383b17241ea8f4e,BABIP,missing_projection_metric
pitcher,2025,RotoWire,p_4f7f8b7fa67c451b93b2a673,s_da9eec596ce6df401d7be893,BABIP,missing_projection_metric
pitcher,2025,RotoWire,p_a2c21b01e40c23d7fbb867a7,s_68df4d2c3502ba84aecdaed7,BABIP,missing_projection_metric
pitcher,2025,RotoWire,p_6dcc3d04cf7940b67bd6d46b,s_4cfcb9c7b4ea90e879fde15d,BABIP,missing_projection_metric
pitcher,2025,RotoWire,p_88f12ce5773978cc13241f7e,s_ea97465e60b74fb4381042d3,BABIP,missing_projection_metric
pitcher,2025,RotoWire,p_1b7d5500d3348c285a56885f,s_c6142259d48d6c02cecc5ad2,BABIP,missing_projection_metric
pitcher,2025,RotoWire,p_bdd33abf9842a85d639efdb4,s_099a38fe1751c1df7a90baa0,BABIP,missing_projection_metric
pitcher,2025,RotoWire,p_9f5a6fd7b5c56e97737e286c,s_d481e4988788be605a0d60e5,BABIP,missing_projection_metric
pitcher,2025,RotoWire,p_9437e878d2b83f99c586279f,s_0d3cd1d90ec05fa89b3232f8,BABIP,missing_projection_metric
pitcher,2025,RotoWire,p_c58b2320aec9252222500ff6,s_3cb53def7ae06854714ba81c,BABIP,missing_projection_metric
pitcher,2025,RotoWire,p_5dc97cee80b94155de1c01a1,s_a592aa264d22a248e359d9f6,BABIP,missing_projection_metric
pitcher,2025,RotoWire,p_a5a04deac4056a7d183f7527,s_2d232f62d9075f1eac48dfb9,BABIP,missing_projection_metric
pitcher,2025,RotoWire,p_8fd609c8d2c9daaeb06fb12f,s_c9aeb9e73741f6f72e415242,BABIP,missing_projection_metric
pitcher,2025,RotoWire,p_45d1721e6163fdc317003890,s_f134e8d27f9a1332567684e7,BABIP,missing_projection_metric
pitcher,2025,RotoWire,p_528ea38467ab7d19956a07c4,s_a21642d65bfb24700f2f4602,BABIP,missing_projection_metric
pitcher,2025,RotoWire,p_b0cf8ae2b004dce051b6f4e5,s_1dd88f8fe2c0f522b9c3c18c,BABIP,missing_projection_metric
pitcher,2025,RotoWire,p_8672879edc2751e3034d5cab,s_0e2349081fdcbd545cf7474d,BABIP,missing_projection_metric
pitcher,2025,RotoWire,p_52cdf5aac19a3c4c28580306,s_7a26c6a04466701e4298f746,BABIP,missing_projection_metric
pitcher,2025,RotoWire,p_ab12a3e682ee31d77d06721f,s_70151d5edc7bcc41d66e6c7b,BABIP,missing_projection_metric
pitcher,2025,RotoWire,p_6b9903828f4f3e710cd779e7,s_62b861e07cddc8ab4b1b9758,BABIP,missing_projection_metric
pitcher,2025,RotoWire,p_390110644e6ab59d439767a2,s_f27cb07cbd68e0aba35e9982,BABIP,missing_projection_metric
pitcher,2025,RotoWire,p_9a2d81e4416b5d202f89af5f,s_cc93f408961df78cd5c3f929,BABIP,missing_projection_metric
pitcher,2025,RotoWire,p_864d23ea9d38652d0bc80673,s_2c4a6fbc1014c04f834c19c6,BABIP,missing_projection_metric
pitcher,2025,RotoWire,p_d326f0d57effe39186b9cc40,s_960df2d786e0460e6369e45a,BABIP,missing_projection_metric
pitcher,2025,RotoWire,p_a4fad9d3dcf8925b9fb560a5,s_a48a9feaf608c028589d9a2f,BABIP,missing_projection_metric
pitcher,2025,RotoWire,p_fe6a4f583a6c8a67c59c6a19,s_5c26641c771ce5a7c0bcbcc0,BABIP,missing_projection_metric
pitcher,2025,RotoWire,p_c4371908df4426aa30810911,s_b4ffeb6d84260e3ef9a51dda,BABIP,missing_projection_metric
pitcher,2025,RotoWire,p_debf3b356235599a4e7c505b,s_ef3979b21e07609d9cfd9cd5,BABIP,missing_projection_metric
pitcher,2025,RotoWire,p_5c981546fbb330a0a1ff2621,s_d96b07c350bdfe20d3fae3f9,BABIP,missing_projection_metric
pitcher,2025,RotoWire,p_b5c41f2a4e0be91512e6d378,s_4bbf9ec5f060738369f4d381,BABIP,missing_projection_metric
pitcher,2025,RotoWire,p_50683f238138b1baa284c3d3,s_709a54723d6e9e01fbcf3149,BABIP,missing_projection_metric
pitcher,2025,RotoWire,p_c503ccd5d3a208e3f2d4b6b2,s_89d5a48059a0a24741079c16,BABIP,missing_projection_metric
pitcher,2025,RotoWire,p_2b424c8be951d8ba23bebe80,s_2a864798f2471ab725ec6daf,BABIP,missing_projection_metric
pitcher,2025,RotoWire,p_28d92daeded3b1264245a417,s_b90faf380a079af8110bcde1,BABIP,missing_projection_metric
pitcher,2025,RotoWire,p_f90f88e0127db2447d6b4b6b,s_56de0f9be908b5414b8fc1c0,BABIP,missing_projection_metric
pitcher,2025,RotoWire,p_fa65bec2312b5d42d60ee8b4,s_38361bb8a6dc316862a86f25,BABIP,missing_projection_metric
pitcher,2025,RotoWire,p_e5e680d02216328712a96f14,s_6a12420764855772b1227a52,BABIP,missing_projection_metric
pitcher,2025,RotoWire,p_b35d34590b3ac43677949140,s_e1d23dde3bd3f555f82b6dc7,BABIP,missing_projection_metric
pitcher,2025,RotoWire,p_1462eea9ad139526006f6fba,s_86d7c4aca93066b3141cbcea,BABIP,missing_projection_metric
pitcher,2025,RotoWire,p_e0e812f1c8d46069cedfdc3e,s_e4ce3ca44a48b418924260ed,BABIP,missing_projection_metric
pitcher,2025,RotoWire,p_eb4a76757bbdb89cea654ef5,s_2e82b7fd5818dba60602848f,BABIP,missing_projection_metric
pitcher,2025,RotoWire,p_0af38066a94940e2b68bc8ba,s_c2c0c2f4c1e47f0b77cc7c70,BABIP,missing_projection_metric
pitcher,2025,RotoWire,p_2efba3d8e54fcb8d1f5d09b3,s_9003a42077f57e8b59ec2f01,BABIP,missing_projection_metric
pitcher,2025,RotoWire,p_6dd1c218fa3d789fd609b3e4,s_76db1242225c4f4aafc1a555,BABIP,missing_projection_metric
pitcher,2025,RotoWire,p_b27e7408b46d9fc16441348e,s_595c0f469ac24cb7e977dff5,BABIP,missing_projection_metric
pitcher,2025,RotoWire,p_acd9809fb06c81109d7ede29,s_07615f850cd2bf75f89bee54,BABIP,missing_projection_metric
pitcher,2025,RotoWire,p_fcd7de7bb40bf45a6ca34cdb,s_29e7d289a6d49f697c76353a,BABIP,missing_projection_metric
pitcher,2025,RotoWire,p_3b8c77fa245c713f7e0b7003,s_86ee1ea847929ca81a595e25,BABIP,missing_projection_metric
pitcher,2025,RotoWire,p_4fc08c6725ad3ff7c1ff7ffb,s_ee90393fcfd067391314ec22,BABIP,missing_projection_metric
pitcher,2025,RotoWire,p_832c0bfcb9b11d1926665bdf,s_4b7cf2d35f19d60cf1f39657,BABIP,missing_projection_metric
pitcher,2025,RotoWire,p_86a05e73061b5c85d481ae47,s_99e78bc86638592072777087,BABIP,missing_projection_metric
pitcher,2025,RotoWire,p_d240081eb8e6f1ec895ecf2d,s_6dec286b8d7f1b8ec59f5155,BABIP,missing_projection_metric
pitcher,2025,RotoWire,p_1538868d7d068cf244dceb49,s_2294561cae83f2f82669b91b,BABIP,missing_projection_metric
pitcher,2025,RotoWire,p_aebf4132a23ddbbf57422ae5,s_ec953b49634031ef0d7f33cb,BABIP,missing_projection_metric
pitcher,2025,RotoWire,p_670e72cdda746fe85f68a08d,s_55c34cab10738325cb7388aa,BABIP,missing_projection_metric
pitcher,2025,RotoWire,p_bbcccd33b7c810cfa8337201,s_66209888d106efca1a7e839d,BABIP,missing_projection_metric
pitcher,2025,RotoWire,p_79592f0690636428c30a46f5,s_87d49fb4dcd34f72e0436f89,BABIP,missing_projection_metric
pitcher,2025,RotoWire,p_35bb0a12c9538806f164c705,s_125288d8e694c89230519c03,BABIP,missing_projection_metric
pitcher,2025,RotoWire,p_438ee9a2108e62d8d14a062a,s_a66df52f8f9b751c57e6c290,BABIP,missing_projection_metric
pitcher,2025,RotoWire,p_4a61ee00a03f40227f39bfe7,s_bc44b816ee8e4bcf2b0e378e,BABIP,missing_projection_metric
pitcher,2025,RotoWire,p_bf0f117e1d0e72128aaa01dd,s_ece467d2f6b561ae8466c671,BABIP,missing_projection_metric
pitcher,2025,RotoWire,p_df19938cec41a3349a09f13c,s_1d77f1e3a4814b273bf9de01,BABIP,missing_projection_metric
pitcher,2025,RotoWire,p_aca14cb4cc82e85ca78f4fe7,s_daff7a17b972db026977f034,BABIP,missing_projection_metric
pitcher,2025,RotoWire,p_e68edd55c4d8c0af8968ba6d,s_0892f0beffc2f3293299feab,BABIP,missing_projection_metric
pitcher,2025,RotoWire,p_f746ebfba251896b073cf6d5,s_f96cfaeba2378a30c67f1cd8,BABIP,missing_projection_metric
pitcher,2025,RotoWire,p_7108c469d40316795ab472a1,s_f6579c793b55c609da5afe78,BABIP,missing_projection_metric
pitcher,2025,RotoWire,p_359b780a64cc77ed793a7606,s_3c134333611cbb0a62d2cf7d,BABIP,missing_projection_metric
pitcher,2025,RotoWire,p_840a7027a702a1c4e37e5527,s_4833243e5723eed8538f598d,BABIP,missing_projection_metric
pitcher,2025,RotoWire,p_5df36053416da5d9071410b9,s_d710e376c4a4caa9ed5704fb,BABIP,missing_projection_metric
pitcher,2025,RotoWire,p_9deb7e402f8cf109d514cac1,s_a516dafd7fd343006078350d,BABIP,missing_projection_metric
pitcher,2025,RotoWire,p_e341706f55862548e5ff2e3a,s_925d496c3fe8d52b74893900,BABIP,missing_projection_metric
pitcher,2025,RotoWire,p_9cdce3c51f326e76b98d6591,s_6083371a09f874207de1b1c4,BABIP,missing_projection_metric
pitcher,2025,RotoWire,p_7b5211dc885fe1586bfbb758,s_1d1a7505c4b77d3cbf15c262,BABIP,missing_projection_metric
pitcher,2025,RotoWire,p_1965206c1749b62f2876a8a0,s_dab2a5da6a1d1e125f878202,BABIP,missing_projection_metric
pitcher,2025,RotoWire,p_3bbf0f43326b5fa1e90d1ad7,s_195df7e69fd29913107fff65,BABIP,missing_projection_metric
pitcher,2025,RotoWire,p_f408d93b48d8da9a005af52b,s_ef95b026eb1ae8069f750cf5,BABIP,missing_projection_metric
pitcher,2025,RotoWire,p_df9fd20dc552186aecc92c54,s_f7dbd48750e55365d3a11cf3,BABIP,missing_projection_metric
pitcher,2025,RotoWire,p_e886ebd300c4c1987877017e,s_adb2361a8885da26a4454dc9,BABIP,missing_projection_metric
pitcher,2025,RotoWire,p_5ccb2be6f00de2400349d1ac,s_377f72f29f2b32ee1eedff91,BABIP,missing_projection_metric
pitcher,2025,RotoWire,p_03f6dd1978acd9701ea07f1a,s_95ba1a2f0b6ea0eaed533b6e,BABIP,missing_projection_metric
pitcher,2025,RotoWire,p_c3234d25b2dd20cd6e385c8d,s_b8b49d6af6974510e313e24c,BABIP,missing_projection_metric
pitcher,2025,RotoWire,p_2c26e1db411b6f9ae4a8f391,s_76b74269881b9437242be3b5,BABIP,missing_projection_metric
pitcher,2025,RotoWire,p_406202e17ebfe7ebc319947f,s_d103d0f6782722ead6a0f7f5,BABIP,missing_projection_metric
pitcher,2025,RotoWire,p_d8d53e9e8636ecf6680932fb,s_c3ba236de55228e46efc92be,BABIP,missing_projection_metric
pitcher,2025,RotoWire,p_053b89527a245babaa9de7f9,s_32d6f9e0a53c2fd8881655da,BABIP,missing_projection_metric
pitcher,2025,RotoWire,p_adde69a5f07d2ac65191bd61,s_f012d72d4e03d553814400c8,BABIP,missing_projection_metric
pitcher,2025,RotoWire,p_8d0b8540a9345dbadb133c54,s_c328b3623dff95352647d78b,BABIP,missing_projection_metric
pitcher,2025,RotoWire,p_a882285ec2332d4e35f9aea6,s_1bb2b2b451f44282b7e39b7f,BABIP,missing_projection_metric
pitcher,2025,RotoWire,p_3bdfe3d1215674f4accf5fdd,s_c02cf0ffdaf05085e9d43b6c,BABIP,missing_projection_metric
pitcher,2025,RotoWire,p_0239f62f150fdc94718a08a1,s_5fb2596862561deaca2d6ac3,BABIP,missing_projection_metric
pitcher,2025,RotoWire,p_c341da0c4ed0d8e6d65d1eab,s_07a882c081ddcb5720354aa5,BABIP,missing_projection_metric
pitcher,2025,RotoWire,p_9cca23a301a8a13d00cd6848,s_cf84183d9f3cd9459008b5d4,BABIP,missing_projection_metric
pitcher,2025,RotoWire,p_6ee049f492a3325cbfb8d052,s_88342fd7b94a8c3780de2824,BABIP,missing_projection_metric
pitcher,2025,RotoWire,p_7f797197ac1a11a7b3421d1b,s_2e030310e1bc80b10fa70afa,BABIP,missing_projection_metric
pitcher,2025,RotoWire,p_4b5cf5b09427a2ddf59454fc,s_79d0084a87cb9a5acfbf7696,BABIP,missing_projection_metric
pitcher,2025,RotoWire,p_65fdc9dc74636837b2495384,s_3fcad07cca78a09bf3c52d89,BABIP,missing_projection_metric
pitcher,2025,RotoWire,p_87ce29e2ae2416664b1444de,s_61b1520b9766c466939cd1b7,BABIP,missing_projection_metric
pitcher,2025,RotoWire,p_91748ec3a4fb9543ad6e456e,s_327a5e3991446f36ed7f841f,BABIP,missing_projection_metric
pitcher,2025,RotoWire,p_17cd91dbd7209eb72b5b0bc1,s_2d99591e1d8ae4a2c7144bb2,BABIP,missing_projection_metric
pitcher,2025,RotoWire,p_3f6b96f16faf2d5c1aa44e0a,s_0fcc122c71ded5e8386c1aac,BABIP,missing_projection_metric
pitcher,2025,RotoWire,p_865cf7963df08564ce6cc619,s_fc36b53a621645385c724a93,BABIP,missing_projection_metric
pitcher,2025,RotoWire,p_85531f0435fe2167b6bec63d,s_23c885ed49152eea5fab415e,BABIP,missing_projection_metric
pitcher,2025,RotoWire,p_dbe5f8eba79f31ae2fbbef12,s_4390991637335ed3af92133d,BABIP,missing_projection_metric
pitcher,2025,RotoWire,p_03939d9f4f366462a86d6720,s_c513dbe0854d911ae674d6a3,BABIP,missing_projection_metric
pitcher,2025,RotoWire,p_022a47af63aded318f018d95,s_aee2f9bb3c4bb0d4bcff0788,BABIP,missing_projection_metric
pitcher,2025,RotoWire,p_6fc12edf18996e0f7e6f48b7,s_db59ec368c1ee46a25e31879,BABIP,missing_projection_metric
pitcher,2025,RotoWire,p_cb0a1ee1967dcd5a0313f1f4,s_58d9712caf1b9f20234a37c3,BABIP,missing_projection_metric
pitcher,2025,RotoWire,p_e0efd3ededa73ca4e4f7ca65,s_6b94b808e1d2fd761b4c9894,BABIP,missing_projection_metric
pitcher,2025,RotoWire,p_d031ef31b9165ade2a07de8a,s_3fcc2ea9f74169de5101a8b6,BABIP,missing_projection_metric
pitcher,2025,RotoWire,p_74b20b99d57a6b4b6dcedc0b,s_69681267dddebb7ec49075f5,BABIP,missing_projection_metric
pitcher,2025,RotoWire,p_e68383f7b94770edd764c7c7,s_60cd887d6619f292822d244d,BABIP,missing_projection_metric
pitcher,2025,RotoWire,p_64e8114493f21a3998e972c5,s_06c735b143178b4a31bfd555,BABIP,missing_projection_metric
pitcher,2025,RotoWire,p_64b62a02d557250c812ea353,s_514aa32d26a79b6c10a8f4dc,BABIP,missing_projection_metric
pitcher,2025,RotoWire,p_2114033616e8bab28176ff3b,s_869306d850af7c0934765c1c,BABIP,missing_projection_metric
pitcher,2025,RotoWire,p_5fad378e158b1cb676afef64,s_9d6336bf4ba6aa27f7b252e4,BABIP,missing_projection_metric
pitcher,2025,RotoWire,p_61f4469f74d0edbc18e77e21,s_6950373d590ac3ac985d298a,BABIP,missing_projection_metric
pitcher,2025,RotoWire,p_2f7d0b281325531322ffa74b,s_3a36aca826615b5a12215ea9,BABIP,missing_projection_metric
pitcher,2025,RotoWire,p_43e8e7de2aa77634ff94469d,s_df221822a9611ba8539d0d01,BABIP,missing_projection_metric
pitcher,2025,RotoWire,p_663ac2743b68ff849ac3f794,s_7e7fb42ddaf212f9e126a7e9,BABIP,missing_projection_metric
pitcher,2025,RotoWire,p_5cb301be76b7e1a69519280c,s_23f2d22c00c00b6724704200,BABIP,missing_projection_metric
pitcher,2025,RotoWire,p_202088ef4fa208bc8e552f15,s_00606acf9ae424299f6176e4,BABIP,missing_projection_metric
pitcher,2025,RotoWire,p_d92f2d27a75f27f0e8a8f9b3,s_6aaa65136f505d34a045eb85,BABIP,missing_projection_metric
pitcher,2025,RotoWire,p_d5e07201a0f1d0cfa596e762,s_7e2888f4376be27e8433e34e,BABIP,missing_projection_metric
pitcher,2025,RotoWire,p_61ca94d7e3be2cbafe733df9,s_2e6f1513c04f0938dfd64e14,BABIP,missing_projection_metric
pitcher,2025,RotoWire,p_f4be239312e641d1fd5e879e,s_a8600346d053a9614886a678,BABIP,missing_projection_metric
pitcher,2025,RotoWire,p_3dac456e39a26258f30d8eb6,s_f6666bceed25272e5be1a6c4,BABIP,missing_projection_metric
pitcher,2025,RotoWire,p_b28716a06c47ecd76023490d,s_4b51e02fa852a3b5e5024f06,BABIP,missing_projection_metric
pitcher,2025,RotoWire,p_2043005deaaf8693e9eef0a1,s_4e0eb332a402d128504e7cfd,BABIP,missing_projection_metric
pitcher,2025,RotoWire,p_61df43fce399be15228241c7,s_ab4a65e0c0662341af69cefb,BABIP,missing_projection_metric
pitcher,2025,RotoWire,p_474b86765aff2f081bf6d73e,s_58fcecc6ba30b95795eda499,BABIP,missing_projection_metric
pitcher,2025,RotoWire,p_8b89ea9a1656d4f4956ecd7b,s_70d2537d14256e3ce3fd2072,BABIP,missing_projection_metric
pitcher,2025,RotoWire,p_3f747dc1e443a0eecfacc566,s_e72b9e98fa9780db7b403bb9,BABIP,missing_projection_metric
pitcher,2025,RotoWire,p_c6a0ec40c899f7b2c1dfc7bf,s_44d395a95f6639ba69e597ec,BABIP,missing_projection_metric
pitcher,2025,RotoWire,p_ebf87ec113e8b0f2ee8c9137,s_ad1557b0fccf2bb0826496ac,BABIP,missing_projection_metric
pitcher,2025,RotoWire,p_bb5b45202cd0e3997a49a903,s_48a0ae197831833350301991,BABIP,missing_projection_metric
pitcher,2025,RotoWire,p_1717f62465764e9d30864b06,s_3fac0a7bfd2f88b68c5e1bd3,BABIP,missing_projection_metric
pitcher,2025,RotoWire,p_357a85c29d85f1c884799b6b,s_97072597db70214dcfde8941,BABIP,missing_projection_metric
pitcher,2025,RotoWire,p_4055fa9f7ca334fe33a26bfe,s_7ace89390450b21db846905c,BABIP,missing_projection_metric
pitcher,2025,RotoWire,p_9a77feb051159af9aee2063c,s_8410f83d4a08a65007970a2b,BABIP,missing_projection_metric
pitcher,2025,RotoWire,p_c2e11e9b2895314b228d9143,s_e8e022b3ecd66bf68a1b8ae0,BABIP,missing_projection_metric
pitcher,2025,RotoWire,p_7ecdbe2c0870f558f16c0f62,s_c7ef8754c93ff06114589af9,BABIP,missing_projection_metric
pitcher,2025,RotoWire,p_46017178473b57a504f40f61,s_edd5f4479e3be01be64f3f01,BABIP,missing_projection_metric
pitcher,2025,RotoWire,p_947372bfc438cf39d3a30665,s_c93a38052fc2a266a2f55789,BABIP,missing_projection_metric
pitcher,2025,RotoWire,p_b13319e24b3552eff64d85bc,s_4c7758f25a943c1b55045063,BABIP,missing_projection_metric
pitcher,2025,RotoWire,p_a743e95c751b76805136d443,s_86f6365fb442082c5d37a13f,BABIP,missing_projection_metric
pitcher,2025,RotoWire,p_e19d9b502abd2d1b0b07ea2a,s_85bbaa54b6cf5a4af8b9ce1e,BABIP,missing_projection_metric
pitcher,2025,RotoWire,p_8c118f1cce2683232f54416f,s_709d41c27bda27ec60cb2246,BABIP,missing_projection_metric
pitcher,2025,RotoWire,p_6fd30c7531d5bc78103c740d,s_5315e853509ecdfc79e3d0d2,BABIP,missing_projection_metric
pitcher,2025,RotoWire,p_74d9cd5a911ee5ed93663d77,s_397d6e30e510ecb1cdf39757,BABIP,missing_projection_metric
pitcher,2025,RotoWire,p_bb82cb6ed787b635d6d9a9bd,s_efab43bf9c4191974e24d47c,BABIP,missing_projection_metric
pitcher,2025,RotoWire,p_ecff128ebd3bcb2627d0226e,s_2d0f9a62589b79b837b50d6a,BABIP,missing_projection_metric
pitcher,2025,RotoWire,p_5d9c98b0173958f4c189a129,s_886c6ab3b39ad92c8a1d6c6d,BABIP,missing_projection_metric
pitcher,2025,RotoWire,p_8ed8dc08bf2fc22b7d5fdc9e,s_4972ee6e947ee22364a9803a,BABIP,missing_projection_metric
pitcher,2025,RotoWire,p_de4f248f197b6ab7761cb09b,s_759b4b16f4f6a440e6a02ba0,BABIP,missing_projection_metric
pitcher,2025,RotoWire,p_e23cb32e39c22be655441929,s_b8d6209de8a517fd4f2f8648,BABIP,missing_projection_metric
pitcher,2025,RotoWire,p_068e7224bb054c1a9b281e8e,s_3167effc5d0cf472a1eee6d0,BABIP,missing_projection_metric
pitcher,2025,RotoWire,p_a8216ccda0a59c4e665e7874,s_c7cedc47ff79bb96358cdd0b,BABIP,missing_projection_metric
pitcher,2025,RotoWire,p_3e5cfa913cc4f482344401c1,s_45687258619aae6b77264604,BABIP,missing_projection_metric
pitcher,2025,RotoWire,p_c3b7cc93fd3c9b7f57a21594,s_033d60e3e03bcbc50a04d27a,BABIP,missing_projection_metric
pitcher,2025,RotoWire,p_873e9a85cedbbe1ba2ccefc2,s_eb8aedf1ea7e2e21133935b1,BABIP,missing_projection_metric
pitcher,2025,RotoWire,p_8ececb63a3f2cebed969a98d,s_8f3c96ee4a69d714500063a4,BABIP,missing_projection_metric
pitcher,2025,RotoWire,p_eef46cfc49e692afb37dbd7f,s_75b2194d80ba63fc11c6bb5d,BABIP,missing_projection_metric
pitcher,2025,RotoWire,p_c8fcbc835fb5f66a0bd0f41e,s_1f63fa95c78f6c956019dd2a,BABIP,missing_projection_metric
pitcher,2025,RotoWire,p_99be1f6c65672ddb89e36704,s_6fe13165731e4fc79b3b3a4e,BABIP,missing_projection_metric
pitcher,2025,RotoWire,p_b71fbe75f62a06bbed6595ec,s_5dfec4cea0c9f53cb3413373,BABIP,missing_projection_metric
pitcher,2025,RotoWire,p_2bd83f835d274b547829f07c,s_fad5986740e8ecd8924dbaac,BABIP,missing_projection_metric
pitcher,2025,RotoWire,p_04895952d7d004fc8bb3f14b,s_19835f590cd07808fd5bde9f,BABIP,missing_projection_metric
pitcher,2025,RotoWire,p_1b49209f0bd30dd5dc724000,s_0c84702fb435312752220a6c,BABIP,missing_projection_metric
pitcher,2025,RotoWire,p_add0f7573f9388cbc02c0706,s_5844fe2d7a7b3e09f3f25469,BABIP,missing_projection_metric
pitcher,2025,RotoWire,p_e0742aec163e8fe5a829ba96,s_15d208ff2ffb3836c592f362,BABIP,missing_projection_metric
pitcher,2025,RotoWire,p_4f111a07b4c0259d31c89e0d,s_cc3584ffb0869f3336671ef3,BABIP,missing_projection_metric
pitcher,2025,RotoWire,p_b051cf87af8a4244b6b81e2c,s_8079a38abb7b1d3e33b37f08,BABIP,missing_projection_metric
pitcher,2025,RotoWire,p_288584b43feea72ac1e47a2d,s_fcc11cbf18ab0ab72031276e,BABIP,missing_projection_metric
pitcher,2025,RotoWire,p_bad5772915c2a0ae9bf9c5f1,s_3e72dc993a5bb82d6d1108d2,BABIP,missing_projection_metric
pitcher,2025,RotoWire,p_ca72c1190ab195d082d039a5,s_69beab1528ef5ee74454228c,BABIP,missing_projection_metric
pitcher,2025,RotoWire,p_009e96c410d3379760f8b1a1,s_791c5de05abd428200d3bf54,BABIP,missing_projection_metric
pitcher,2025,RotoWire,p_6ddc0b571359a20df4eac80a,s_2f0d8ebcc96baee198206fbe,BABIP,missing_projection_metric
pitcher,2025,RotoWire,p_f5105d7ffd8537ed91519f0f,s_db40beb24419e8b1876955b6,BABIP,missing_projection_metric
pitcher,2025,RotoWire,p_5485d94fef637de4cbcf9080,s_9982e77aae9b18a1ce107ed7,BABIP,missing_projection_metric
pitcher,2025,RotoWire,p_14a0d313708d61eee3ed8e2d,s_342fb026107d067006758ce1,BABIP,missing_projection_metric
pitcher,2025,RotoWire,p_a98211b93d765f76eace7471,s_da9e811978851fbb8075821a,BABIP,missing_projection_metric
pitcher,2025,RotoWire,p_51a922809ad094b5a4433cdf,s_4fe70a5d7f38ef399d39712c,BABIP,missing_projection_metric
pitcher,2025,RotoWire,p_a16d0151ecec817dcaa17d65,s_00631b99288fda61f3782a0d,BABIP,missing_projection_metric
pitcher,2025,RotoWire,p_398375b387379868974113bb,s_eb75e97315033202b0af86c5,BABIP,missing_projection_metric
pitcher,2025,RotoWire,p_0c3b6b4f617c9009bb6c76e7,s_ab86df393e5bec2931e9b82c,BABIP,missing_projection_metric
pitcher,2025,RotoWire,p_67a7d083510fbec26f1ddc04,s_ee857fd83e804d2679544265,BABIP,missing_projection_metric
pitcher,2025,RotoWire,p_a14b46668a060bb5629886e6,s_fc180048133518b19d66054b,BABIP,missing_projection_metric
pitcher,2025,RotoWire,p_153188ef122e1ff0e54e37b2,s_b9c4007ff504093ea55d64df,BABIP,missing_projection_metric
pitcher,2025,RotoWire,p_f59ee04f5b058c3f109d1631,s_18e883e6ec429c9d3d20643b,BABIP,missing_projection_metric
pitcher,2025,RotoWire,p_1f226d7dd4cee0150a1549a0,s_37ba8749218df2f45e863a1e,BABIP,missing_projection_metric
pitcher,2025,RotoWire,p_17536a68362f900664fa9f61,s_22453d06f100e721efd30da8,BABIP,missing_projection_metric
pitcher,2025,RotoWire,p_867ee2262881488fe9e83603,s_6dd77f5846e1b53905d58d41,BABIP,missing_projection_metric
pitcher,2025,RotoWire,p_73a90042ce9db308c725c28a,s_f50414f5a8b8e8202d7a83e5,BABIP,missing_projection_metric
pitcher,2025,RotoWire,p_7343ba7168344875dfbe9cf1,s_6c90581a1ae094c569b8f7bc,BABIP,missing_projection_metric
pitcher,2025,RotoWire,p_1d99fee357b2b193b50cce26,s_fc64fd22361fc98c1d60a581,BABIP,missing_projection_metric
pitcher,2025,RotoWire,p_eccb7f5e13db472d4ab158a6,s_db025f76fb5908cbe217e409,BABIP,missing_projection_metric
pitcher,2025,RotoWire,p_b3710509193a23f9fb6df89c,s_2147334925a1ca4b8e66d6ff,BABIP,missing_projection_metric
pitcher,2025,RotoWire,p_97aae67787d9d128a0f68afd,s_3c8f43387f4160bc9b022afe,BABIP,missing_projection_metric
pitcher,2025,RotoWire,p_c5ed138e0e635ef0aec7663a,s_889b3d83396d871cd7b8df61,BABIP,missing_projection_metric
pitcher,2025,RotoWire,p_7e394fbf190746b9460471b6,s_b95ba853353cbaac2ee1bd42,BABIP,missing_projection_metric
pitcher,2025,RotoWire,p_145721815ffdf403b65c76d6,s_d2e2f023dbf3d944f111ccc1,BABIP,missing_projection_metric
pitcher,2025,RotoWire,p_dc94d49f14972788f07e6738,s_1ffefaa8feb14e60a150a002,BABIP,missing_projection_metric
pitcher,2025,RotoWire,p_2fad58b9923436119be174e1,s_551e3ab338149c89ed242eae,BABIP,missing_projection_metric
pitcher,2025,RotoWire,p_1577c13241c98d1b1b25a065,s_4c036d10011a7adc146c69c7,BABIP,missing_projection_metric
pitcher,2025,RotoWire,p_e07feaacf0b72192ae4d9189,s_a97f43d446463817f3503323,BABIP,missing_projection_metric
pitcher,2025,RotoWire,p_44f4ae0a56e818f589465db9,s_36d2d357de1dc4d52b4c5e4f,BABIP,missing_projection_metric
pitcher,2025,RotoWire,p_c25dc1ad5c4247237938a311,s_d41c4415d3398c25edb8a107,BABIP,missing_projection_metric
pitcher,2025,RotoWire,p_e97c60722d70876db2318cd9,s_b0fbf375ed1801b377c85d16,BABIP,missing_projection_metric
pitcher,2025,RotoWire,p_3e586e64329db1dd04a4e3b8,s_1d1e14b2592af689ea34936c,BABIP,missing_projection_metric
pitcher,2025,RotoWire,p_4dfc866ca5c495c85c00e1e6,s_22a119b9e7d4544246e3ea8c,BABIP,missing_projection_metric
pitcher,2025,RotoWire,p_1eaa1d1baccc84d06d8ed931,s_4b35ede3a3317c0ec3d62672,BABIP,missing_projection_metric
pitcher,2025,RotoWire,p_880a7122ece62032e449d29c,s_0c59367a67ee11aba4a648c7,BABIP,missing_projection_metric
pitcher,2025,RotoWire,p_cb86fe05321827f7f78d2eac,s_b33d28c29e70ced3fabec954,BABIP,missing_projection_metric
pitcher,2025,RotoWire,p_537e5057a32900098a2e0d2c,s_193d1ca2eb46eaf0524e8e04,BABIP,missing_projection_metric
pitcher,2025,RotoWire,p_eda6f75e34f4854b11eeef97,s_912cd77114e91d82db669547,BABIP,missing_projection_metric
pitcher,2025,RotoWire,p_791b3683027c9d8d92b609d0,s_db68800cd8a7d05698d8bb10,BABIP,missing_projection_metric
pitcher,2025,RotoWire,p_359c4b8937e5970b4d98d188,s_c4249bc25ef364fa96a587d1,BABIP,missing_projection_metric
pitcher,2025,RotoWire,p_d4a9b50b3224024b900f4e0c,s_0412b123fbe3927f79582d54,BABIP,missing_projection_metric
pitcher,2025,RotoWire,p_9e7db66bfc565b709fe46853,s_579f4cbaead706faedc828d8,BABIP,missing_projection_metric
pitcher,2025,RotoWire,p_80dabc460f667d0aafb8ff5c,s_dbf68400c8cdfa5c51bd5219,BABIP,missing_projection_metric
pitcher,2025,RotoWire,p_fc18f428295d7ad8c21b667f,s_5fdf06f09ccf1a8db4f1f8c9,BABIP,missing_projection_metric
pitcher,2025,RotoWire,p_1d65fb95d62bf324cbf07c1a,s_9989fd79189bcb7ce54cae2f,BABIP,missing_projection_metric
pitcher,2025,RotoWire,p_20b5e71becf329de17a636b1,s_79ac1956a64b0bfbd158f6db,BABIP,missing_projection_metric
pitcher,2025,RotoWire,p_2442495cf935c13e35ace791,s_994db47d24e7bddf17909934,BABIP,missing_projection_metric
pitcher,2025,RotoWire,p_5622eaf6fed51b2f0badc28f,s_935c498e337e6227b2e97a54,BABIP,missing_projection_metric
pitcher,2025,RotoWire,p_5a5e5a4baec1ff0e99cb37c5,s_c5bbc5852213b59d68498fb5,BABIP,missing_projection_metric
pitcher,2025,RotoWire,p_b9be4dd9135ef8202ccbf94b,s_34230b6726a548e11a9c1c3f,BABIP,missing_projection_metric
pitcher,2025,RotoWire,p_55e0b0cdfd06f59a14884d19,s_365487fec0ece5c3725150cf,BABIP,missing_projection_metric
pitcher,2025,RotoWire,p_adfce089754d8fcf93c9d6eb,s_fd57ab6f1c661dcf4ba65375,BABIP,missing_projection_metric
pitcher,2025,RotoWire,p_68ceebeeae0240ef1eeb496f,s_b7fe3d73d7ebf414636cd0a2,BABIP,missing_projection_metric
pitcher,2025,RotoWire,p_cae67aa5fd092dca6407ccd8,s_14c052a9645d1310631fb848,BABIP,missing_projection_metric
pitcher,2025,RotoWire,p_98cc697758a3fc95df098ccd,s_7441bb2c43becf490a807956,BABIP,missing_projection_metric
pitcher,2025,RotoWire,p_410328aef7c939f61d4b7528,s_91fbc2ba8229d7602f4fc4e9,BABIP,missing_projection_metric
pitcher,2025,RotoWire,p_9d5fc19a3ec0a2b92dad5383,s_579a47da3a9379194a7767e6,BABIP,missing_projection_metric
pitcher,2025,RotoWire,p_27bd8d698914d52a637c58ce,s_890ffd10adfc792b0d4572f8,BABIP,missing_projection_metric
pitcher,2025,RotoWire,p_37fb98747cdcda0fbfec7784,s_6526468ced49840a3dc273dd,BABIP,missing_projection_metric
pitcher,2025,RotoWire,p_87897e21381c92d01d1670b6,s_9b98134a20f7dc9b89a473b1,BABIP,missing_projection_metric
pitcher,2025,RotoWire,p_22eee69f8ac0239b99b11b78,s_466a695c06353110943c6b79,BABIP,missing_projection_metric
pitcher,2025,RotoWire,p_ab8444dc7f51611939832036,s_205a1277c4b56904ef234c2d,BABIP,missing_projection_metric
pitcher,2025,RotoWire,p_90e71871268b32dfc6280b86,s_e0ca8885af353a82f41d5c9e,BABIP,missing_projection_metric
pitcher,2025,RotoWire,p_ad8eeecb96286785de1abf84,s_8e88f0858905459e15c55d20,BABIP,missing_projection_metric
pitcher,2025,RotoWire,p_611b50d11016f9e5bac93980,s_130907414839b52ace848f8c,BABIP,missing_projection_metric
pitcher,2025,RotoWire,p_1db467c6cfbfe96ad057338e,s_6aa39c6bafe2fb4d9ba2a6ed,BABIP,missing_projection_metric
pitcher,2025,RotoWire,p_fa348e8a3e9e503fc5deebc7,s_9ce529e42bdf0bbb8a3785d6,BABIP,missing_projection_metric
pitcher,2025,RotoWire,p_61da229a19dcb37d006d054f,s_5ef6d0a9159ec27ab314029c,BABIP,missing_projection_metric
pitcher,2025,RotoWire,p_6d19fe3af838d3bcaf19f868,s_715102a97cc3e341d423ba7f,BABIP,missing_projection_metric
pitcher,2025,RotoWire,p_3a1cb7d74d6ff8302a97f30f,s_5a42147701ae2c891d5592be,BABIP,missing_projection_metric
pitcher,2025,RotoWire,p_08803fedfc7e3b44562070ba,s_bb1397a34c19df226e9748cd,BABIP,missing_projection_metric
pitcher,2025,RotoWire,p_c1803acfc69807176b03fceb,s_28bc71725ca62bcd193dbeb8,BABIP,missing_projection_metric
pitcher,2025,RotoWire,p_3d4fddbaa624427c64113cac,s_5c1637377642d706dcb2ba2a,BABIP,missing_projection_metric
pitcher,2025,RotoWire,p_4ce2bc74d9bdc379de52f9fb,s_49d287eef5b6f749ab80133f,BABIP,missing_projection_metric
pitcher,2025,RotoWire,p_1bd74263d59f9dcb39af1120,s_ecd41903fc74c0a3ecd285cc,BABIP,missing_projection_metric
pitcher,2025,RotoWire,p_49ed2c7ffa16b9279ff3f555,s_8a9b63b2418b515e02966efa,BABIP,missing_projection_metric
pitcher,2025,RotoWire,p_ce659b38e92388329f2ca16b,s_b361be04984a83d64a032cad,BABIP,missing_projection_metric
pitcher,2025,RotoWire,p_b94cd2fa50a25f87a513580d,s_834eedc782ee038a817d3d6c,BABIP,missing_projection_metric
pitcher,2025,RotoWire,p_6b8cba5bfea707d3dd734524,s_c54c7fad5efb2aefcf4976e8,BABIP,missing_projection_metric
pitcher,2025,RotoWire,p_a6fa59945d5551b89676371f,s_4c1997b0dfe84d86c517117e,BABIP,missing_projection_metric
pitcher,2025,RotoWire,p_0f524fd2285c4e78f5fe8913,s_9cf7c456ba8721383fb37fe0,BABIP,missing_projection_metric
pitcher,2025,RotoWire,p_f8aa57bef4644632c1796d15,s_09b0d8d161448874e9d8e826,BABIP,missing_projection_metric
pitcher,2025,RotoWire,p_5fdf2f3ccb63b4515b2eb625,s_7cb7da39ece94a436b3fa061,BABIP,missing_projection_metric
pitcher,2025,RotoWire,p_99369324bab1d4ff69bc1d02,s_ebe7080cf02f05558f239c11,BABIP,missing_projection_metric
pitcher,2025,RotoWire,p_dae2cbdd6aaffa6c61bee2de,s_ac7bd2ba65d66272bcf3b3f1,BABIP,missing_projection_metric
pitcher,2025,RotoWire,p_14f528eb56e4572f1129bda9,s_3c0875a175a3c9c544575c1c,BABIP,missing_projection_metric
pitcher,2025,RotoWire,p_9f550caec192fd42d10ff1b3,s_56fe9d2ae5656ddc8accc6bc,BABIP,missing_projection_metric
pitcher,2025,RotoWire,p_1b7aadf4254d0c04b28301e5,s_43098b7a7bdced36fd43f7bd,BABIP,missing_projection_metric
pitcher,2025,RotoWire,p_b9bda4330db43c739314fce4,s_b3550f4ba2da2f9477008532,BABIP,missing_projection_metric
pitcher,2025,RotoWire,p_8e3c5b6d41ea95d4beeb3c30,s_435704631bc6ff87f65c8cda,BABIP,missing_projection_metric
pitcher,2025,RotoWire,p_6b4f95ec9ffb4fe368a2576d,s_90f3f0aedd767974d861b2f6,BABIP,missing_projection_metric
pitcher,2025,RotoWire,p_c8060e0ca736e951c5c4b226,s_e5329c1fbf065f9ebf7d59ea,BABIP,missing_projection_metric
pitcher,2025,RotoWire,p_9c980b6b55a25e9cec08f624,s_ccfb08be6f2f1c97d4c9fc6b,BABIP,missing_projection_metric
pitcher,2025,RotoWire,p_53fdc6d306dc44415d488e16,s_6353341599df804f17c2fa80,BABIP,missing_projection_metric
pitcher,2025,RotoWire,p_a8a4ea29b153fef404ad3bfc,s_8a51ab5d3d74f09f84f631f6,BABIP,missing_projection_metric
pitcher,2025,RotoWire,p_aa3f542bce2dddb882aa93ae,s_c1615b2c4a8f03575e2469c6,BABIP,missing_projection_metric
pitcher,2025,RotoWire,p_3f88e6009659057719b46325,s_4719da202834a43dc9db52c7,BABIP,missing_projection_metric
pitcher,2025,RotoWire,p_fff5f1ebef83eebba71e9bbc,s_56f0935bba5ae3b683cc004e,BABIP,missing_projection_metric
pitcher,2025,RotoWire,p_6ae7476d65dc554f359685a1,s_535e7c065cd55accd3f8a335,BABIP,missing_projection_metric
pitcher,2025,RotoWire,p_c5178381d162a4b5d9527eb0,s_105ed20657dbfd6cb452bcba,BABIP,missing_projection_metric
pitcher,2025,RotoWire,p_b7580c74682c1a1cc5d24abd,s_cb27e5d71fac3e7de2d40e05,BABIP,missing_projection_metric
pitcher,2025,RotoWire,p_1cb2a2b9966604f2d0295576,s_436a64c904990c995f85e8f4,BABIP,missing_projection_metric
pitcher,2025,RotoWire,p_ccf29ec3fb51dbf128d874e4,s_d797c3e99a3ed77a9ad77c9a,BABIP,missing_projection_metric
pitcher,2025,RotoWire,p_517403ae3a1b79a433390aec,s_0c7393921b309e16500ad1fa,BABIP,missing_projection_metric
pitcher,2025,RotoWire,p_4a0039a3c02b3a1181636c3b,s_8a88544d9fd9c8b3ef64e6b3,BABIP,missing_projection_metric
pitcher,2025,RotoWire,p_9cf33bb8d6b6c72759e3b41d,s_6a673087a03c512059b90e15,BABIP,missing_projection_metric
pitcher,2025,RotoWire,p_54dfc42aa6e80f0846f08fcf,s_100722f139b822b5b3c2c65d,BABIP,missing_projection_metric
pitcher,2025,RotoWire,p_05aa5556dc44afe342917893,s_c5c3d1044f1e194a74aca8f8,BABIP,missing_projection_metric
pitcher,2025,RotoWire,p_e78d76af2b3a156869586232,s_888f90ecbe8d1073a5ad7332,BABIP,missing_projection_metric
pitcher,2025,RotoWire,p_6ab2031cdd4bbac15cafe542,s_9fda42b7542fc5ca7fc17303,BABIP,missing_projection_metric
pitcher,2025,RotoWire,p_9b79266fde272f3b8d161342,s_bf738b2e970ad75ccd5d4efb,BABIP,missing_projection_metric
pitcher,2025,RotoWire,p_19d2c7ec4ec2d984744eb5b3,s_54609b1f17adfb7de0fec66d,BABIP,missing_projection_metric
pitcher,2025,RotoWire,p_ce22d4726510344d78fb2e38,s_45e88be5add8d5dbf3f8ce88,BABIP,missing_projection_metric
pitcher,2025,RotoWire,p_54517e847736a45c8b1dabfd,s_e78453d02e40c51b68d93389,BABIP,missing_projection_metric
pitcher,2025,RotoWire,p_3c08e81780e0bae6ae834dda,s_ece03c80c533ef64dfff902d,BABIP,missing_projection_metric
pitcher,2025,RotoWire,p_021a6060a1c63e57e8422db3,s_77238097193d86a50b436a21,BABIP,missing_projection_metric
pitcher,2025,RotoWire,p_3a7abee15307a192a502f9bc,s_a9087f4c4791964265b0365a,BABIP,missing_projection_metric
pitcher,2025,RotoWire,p_8183d10c86c33b8c9d22b5ae,s_c2a6380152bcbf86c355da68,BABIP,missing_projection_metric
pitcher,2025,RotoWire,p_c81a0386598bf2f14a51264d,s_a176edd4d8278173498e9924,BABIP,missing_projection_metric
pitcher,2025,RotoWire,p_e5489bb69c8bf14362185b49,s_86cfd190420841839ebafc64,BABIP,missing_projection_metric
pitcher,2025,RotoWire,p_ea314bca6aece5d192c6a5b0,s_b226de9652ab1d12e9b31d44,BABIP,missing_projection_metric
pitcher,2025,RotoWire,p_de239dab073ee70e594e1202,s_57f1beccb1614551549937a0,BABIP,missing_projection_metric
pitcher,2025,RotoWire,p_64d490748b87ded9dfc75248,s_9ecbe2485f56f1bacd86b818,BABIP,missing_projection_metric
pitcher,2025,RotoWire,p_9316c4dc392000b5e1ac832e,s_b83d75689891565687b5faf8,BABIP,missing_projection_metric
pitcher,2025,RotoWire,p_45b474063e26679f1fc83858,s_887c4fbc3d6d064859edb786,BABIP,missing_projection_metric
pitcher,2025,RotoWire,p_070918a027c45f11ba1c7216,s_652f53f05592046a3dd377ca,BABIP,missing_projection_metric
pitcher,2025,RotoWire,p_c6edb861266cca1d8b7777f3,s_6d800329de2bafa05d08a462,BABIP,missing_projection_metric
pitcher,2025,RotoWire,p_ffe00fc2f01b7827200e26a4,s_fb86158334d9f7426cdfe8a6,BABIP,missing_projection_metric
pitcher,2025,RotoWire,p_d97c2be92435bc60ddb1a9e3,s_889ef6ec004b223edd2ad2fd,BABIP,missing_projection_metric
pitcher,2025,RotoWire,p_e10fdff8ef686e5845a7cfee,s_f1b3f61240e7ded1134c018c,BABIP,missing_projection_metric
pitcher,2025,RotoWire,p_a1dd30c06e29129ba5461f1e,s_f91bb4ac1d81e7dff08289a4,BABIP,missing_projection_metric
pitcher,2025,RotoWire,p_a52253efb8f29cc26461b906,s_85fd0599b781d7e3905dcaa0,BABIP,missing_projection_metric
pitcher,2025,RotoWire,p_7b68f5f154ad8bbbaa3c2564,s_1651f3b6402dbae2da8e50a6,BABIP,missing_projection_metric
pitcher,2025,RotoWire,p_ab34ac7065869093f97fd7ed,s_c669b12b8305caf9709c5ca5,BABIP,missing_projection_metric
pitcher,2025,RotoWire,p_137f09ddbe2e7a9b7aa50ffb,s_c4699ae77165d3adc95e2d77,BABIP,missing_projection_metric
pitcher,2025,RotoWire,p_1bae71852df5bd62f85fc3e8,s_2a63508e41af44ba16f49d16,BABIP,missing_projection_metric
pitcher,2025,RotoWire,p_318949b8bccbfa80a4474acc,s_492eb465df6d48c3d3eca6ce,BABIP,missing_projection_metric
pitcher,2025,RotoWire,p_edfc64041b7ee8740960ecff,s_f621d5b96579ee209078c9c8,BABIP,missing_projection_metric
pitcher,2025,RotoWire,p_45d1adc7248c7477ef8737e2,s_8433c864b70fb3c53dd0050e,BABIP,missing_projection_metric
pitcher,2025,RotoWire,p_de590bfab110555b10280410,s_e6c729a70b9891197fccef50,BABIP,missing_projection_metric
pitcher,2025,RotoWire,p_463c8505b18605c1574ec77d,s_38aec7ebe11a10d0d3bef8c1,BABIP,missing_projection_metric
pitcher,2025,RotoWire,p_48da1d101e8cb6eb88275ac2,s_1f194d63eaa21159d2bac1e6,BABIP,missing_projection_metric
pitcher,2025,RotoWire,p_cf41ac27465da6068c022374,s_fdda85a05ff074753fb415ea,BABIP,missing_projection_metric
pitcher,2025,RotoWire,p_f42b4ea020ded781aef89044,s_a865a394c29afb8502b6fcdc,BABIP,missing_projection_metric
pitcher,2025,RotoWire,p_c16ceee80f9bfb1fec04cdfe,s_4d262fad0e5e52a1e7b526d0,BABIP,missing_projection_metric
pitcher,2025,RotoWire,p_8563b288cabc5a90c0b362fd,s_5b42055fd0c0579bccbfd923,BABIP,missing_projection_metric
pitcher,2025,RotoWire,p_3d7dbeb61bf17e62ef16d36b,s_71b13b25a18beb82283f0326,BABIP,missing_projection_metric
pitcher,2025,RotoWire,p_cb7e3547063497ea6d59f8f1,s_5d61a7c462e0150cc7513c57,BABIP,missing_projection_metric
pitcher,2025,RotoWire,p_ae1758e742025670aed362b1,s_4d780221cbf8a9b4d3e1cc11,BABIP,missing_projection_metric
pitcher,2025,RotoWire,p_4c3ded7fcf0ddb95f5c59a5b,s_dc61b3cd8d307c749a8ec6c7,BABIP,missing_projection_metric
pitcher,2025,RotoWire,p_e75b990817978805c31533be,s_2ba83e927f5906c097015d5a,BABIP,missing_projection_metric
pitcher,2025,RotoWire,p_2760b771d5d2d52f8c0db525,s_17fb74c3deb0e557fe91c3ee,BABIP,missing_projection_metric
pitcher,2025,RotoWire,p_c1d12d935a24fbd60d6cf764,s_42c9739ccb4982c0793bf278,BABIP,missing_projection_metric
pitcher,2025,RotoWire,p_0e089b0f2e016b32a874b52f,s_a7bd69f9803ddb629f9aa44f,BABIP,missing_projection_metric
pitcher,2025,RotoWire,p_99f38b09686a812eec67a07d,s_84563be9c5432a2c0a56dc73,BABIP,missing_projection_metric
pitcher,2025,RotoWire,p_87e0f824b432c68de2f1cdda,s_e3ac09cfa98cc6ef4933b538,BABIP,missing_projection_metric
pitcher,2025,RotoWire,p_69b6354aceb0713a9f9ccb55,s_be9d0bec86ad87e3063c6e42,BABIP,missing_projection_metric
pitcher,2025,RotoWire,p_b780c726b42fc01482d044ea,s_715b1b1eaa85de2818e3807e,BABIP,missing_projection_metric
pitcher,2025,RotoWire,p_4418e268dc293e4c447c6546,s_2fdeb3ea829bb8c5e21c64c0,BABIP,missing_projection_metric
pitcher,2025,RotoWire,p_4f63322407a16b6cb9e684d5,s_1d4895b30166a8ae8d417c0e,BABIP,missing_projection_metric
pitcher,2025,RotoWire,p_4666c8933a6cfbcd75a49204,s_614b59fb9e144d8364219072,BABIP,missing_projection_metric
pitcher,2025,RotoWire,p_371a1a346ec1e2f9db0ad977,s_8b575a6c3720c2267160d323,BABIP,missing_projection_metric
pitcher,2025,RotoWire,p_a040d5160e3ed9b54434cfbb,s_9a6d13250b43ef64b96c1c90,BABIP,missing_projection_metric
pitcher,2025,RotoWire,p_31e198d6dadb10cdd4b3261f,s_150efa8bdc69fc1d8768e280,BABIP,missing_projection_metric
pitcher,2025,RotoWire,p_fde1cb0513829d5de21b3f1e,s_da4e5864abbc09ade830748c,BABIP,missing_projection_metric
pitcher,2025,RotoWire,p_d0cb62e3b68e340a9cdfacc2,s_370f78e1277c5715e23970b5,BABIP,missing_projection_metric
pitcher,2025,RotoWire,p_2685c99f10ed43abee99e8eb,s_b3befddb8baec226a66edd6b,BABIP,missing_projection_metric
pitcher,2025,RotoWire,p_d92fc75e4628979a37144e5a,s_94dea86304b7bedd815daf24,BABIP,missing_projection_metric
pitcher,2025,RotoWire,p_5ab6446da06e03d88133c394,s_3df184fa46695249cddfc69d,BABIP,missing_projection_metric
pitcher,2025,RotoWire,p_38048eea2f7c671d69ecd76b,s_e2c7c0f2e510d76d1bdb960a,BABIP,missing_projection_metric
pitcher,2025,RotoWire,p_161e5a9305eaea8fb63c7654,s_b1cc98cf67a5ab36a51bdf8b,BABIP,missing_projection_metric
pitcher,2025,RotoWire,p_a6d5aaf96c6c17db57e8301a,s_c1ecd205c72d066a9f7b7c53,BABIP,missing_projection_metric
pitcher,2025,RotoWire,p_2593790323a77719d1ad29bc,s_e97d5544ba4b7185742d7974,BABIP,missing_projection_metric
pitcher,2025,RotoWire,p_f7bab10a7c231ef55feda704,s_4ba51d2b4410abbf33265502,BABIP,missing_projection_metric
pitcher,2025,RotoWire,p_76d7ef74cfa636d8b9d155bd,s_9f49ed5b36d0239cacbae491,BABIP,missing_projection_metric
pitcher,2025,RotoWire,p_0f35ba84bee190d22ffef471,s_213cb026b91aefc6d9abee98,BABIP,missing_projection_metric
pitcher,2025,RotoWire,p_f50562cd42d6cc25aedd76e1,s_b959c879d73ea31876e14d2f,BABIP,missing_projection_metric
pitcher,2025,RotoWire,p_f33b45e0082d9a26a8b16000,s_9251669c86c2952bada9ba2b,BABIP,missing_projection_metric
pitcher,2025,RotoWire,p_f6143c39e5a443ea5b2ad3c7,s_bca6994f2c680025650790d2,BABIP,missing_projection_metric
pitcher,2025,RotoWire,p_ad235584736e2db776c9f300,s_29050e28695d8da813456d0a,BABIP,missing_projection_metric
pitcher,2025,RotoWire,p_9085615513755fa3b7c88ed7,s_a26000f6944b083d9e6da7c7,BABIP,missing_projection_metric
pitcher,2025,RotoWire,p_922ce00ab6c0df908faed3ae,s_ad5ac052d65adb2ee4242690,BABIP,missing_projection_metric
pitcher,2025,RotoWire,p_dae721ae0af6fe067aae9fe3,s_ca3b905c8554ed7d182a15bf,BABIP,missing_projection_metric
pitcher,2025,RotoWire,p_1142060f4e1e790850d30e59,s_3460d6493747324b74b183ea,BABIP,missing_projection_metric
pitcher,2025,RotoWire,p_15e9d5754d68658e8f9cb116,s_9d75f7f56f40558ddc22aa1a,BABIP,missing_projection_metric
pitcher,2025,RotoWire,p_30abefb7f554a01f12b64dc7,s_6772667c4c022386564568fa,BABIP,missing_projection_metric
pitcher,2025,RotoWire,p_76021b92269cadefa31be9e1,s_c7abf902bdfdb97c47d4aa32,BABIP,missing_projection_metric
pitcher,2025,RotoWire,p_b8c36673c22e36da61b875f4,s_85a42b69a24a8d83f85248f3,BABIP,missing_projection_metric
pitcher,2025,RotoWire,p_4e095ac42b4a01d1fdf29e14,s_b4a87e9dbe9ef15b6a130db9,BABIP,missing_projection_metric
pitcher,2025,RotoWire,p_e4a10c7f007942d7d013ffa8,s_0072450d9b96b06502c0ae44,BABIP,missing_projection_metric
pitcher,2025,RotoWire,p_f1199c5e49b77b823fde65db,s_943d184f47090ed2d8c4c664,BABIP,missing_projection_metric
pitcher,2025,RotoWire,p_2d89951f468f9685aecc45ef,s_194988855f3c55896cc03a0c,BABIP,missing_projection_metric
pitcher,2025,RotoWire,p_f6c81be67460a702270428c3,s_56fa9849d3aff2f48316bcbe,BABIP,missing_projection_metric
pitcher,2025,RotoWire,p_05f3918b6278bcd6d3856315,s_97ea146655769b5572fca58b,BABIP,missing_projection_metric
pitcher,2025,RotoWire,p_745eebfeac9df0e2aad9810a,s_445c824850867c3bb894da5f,BABIP,missing_projection_metric
pitcher,2025,RotoWire,p_bc1f7345b1d67fbf1e7c9f68,s_5730ca86323fdb14f146f35c,BABIP,missing_projection_metric
pitcher,2025,RotoWire,p_c564f60ca570a42cae848b9d,s_f2eab4d9d81cf97b5c44d6db,BABIP,missing_projection_metric
pitcher,2025,RotoWire,p_4b42caae2c74a4d78fc1d2c5,s_109893db5e83bd3effb1a5cc,BABIP,missing_projection_metric
pitcher,2025,RotoWire,p_93b79e92d76fa2af9c41c2cb,s_669b023296b33fb89e085b83,BABIP,missing_projection_metric
pitcher,2025,RotoWire,p_b761f7b76b0b90bfde27fc8b,s_fa82c1743ba6b15bfc578f5b,BABIP,missing_projection_metric
pitcher,2025,RotoWire,p_dedb29c4c8c6ce892139f533,s_281e71d67ee4b22041aadc7d,BABIP,missing_projection_metric
pitcher,2025,RotoWire,p_0876ad8121b608233facdf46,s_e7f1002bdea6d80d857f8385,BABIP,missing_projection_metric
pitcher,2025,RotoWire,p_d445cfc4cbcbaa36bc71236d,s_f5dcbe16ec6c753f7cf33033,BABIP,missing_projection_metric
pitcher,2025,RotoWire,p_8b9cb10f6657921d3c1ea1a2,s_1efc2756edf6880709ba68de,BABIP,missing_projection_metric
pitcher,2026,RotoWire,p_79db076d96a757be408fc0b5,s_02e73efe89ad262325e8dfaa,K%,missing_projection_metric
pitcher,2026,RotoWire,p_71d09db50c9a74cdff2daaa6,s_614802de35e345fb7ede0dda,K%,missing_projection_metric
pitcher,2026,RotoWire,p_fe8cab313ac88ec19b9d2fd5,s_20ee2b13a3927aaf89b8a0f2,K%,missing_projection_metric
pitcher,2026,RotoWire,p_70c49bf0f0626ec80e6293cd,s_1ca8ae9daf345f13f08be96c,K%,missing_projection_metric
pitcher,2026,RotoWire,p_7f3c31a904c074d502da70d5,s_66635d895980ec6ac7e9c95d,K%,missing_projection_metric
pitcher,2026,RotoWire,p_076050d971510ecbad0e9fc2,s_796e0cb433f95b4700dc1cb3,K%,missing_projection_metric
pitcher,2026,RotoWire,p_0dc12b093f01fa4ff1998e35,s_52a8f78e72cffe623c4beaec,K%,missing_projection_metric
pitcher,2026,RotoWire,p_b64f0bdc08dbeb2bf1f233f1,s_52c78ceb5d9d23c55918a01f,K%,missing_projection_metric
pitcher,2026,RotoWire,p_5e15cd85b86d4f7d8a3917f1,s_e06a5474d27445ec072d0359,K%,missing_projection_metric
pitcher,2026,RotoWire,p_c77633fc44aa9ab70e90b313,s_e99e7ffd1bd3cafb2fda6e44,K%,missing_projection_metric
pitcher,2026,RotoWire,p_7a0f54bccb8bb17435ba889a,s_a0393aa3cb0d4c07fdc452ba,K%,missing_projection_metric
pitcher,2026,RotoWire,p_a8c6e164b8c9d48c0a076f2c,s_7f244160368a805400e14a62,K%,missing_projection_metric
pitcher,2026,RotoWire,p_961f6e00dd2d95905acb6d7f,s_fbd426f38b7a98cbd6fd9fc2,K%,missing_projection_metric
pitcher,2026,RotoWire,p_7837da98084befe7500c0de1,s_e33f1987f1f370fba5e8b6f1,K%,missing_projection_metric
pitcher,2026,RotoWire,p_47ed758dc936cd8e92d1d3fb,s_ad2c9cd6d2a4b7af156273fe,K%,missing_projection_metric
pitcher,2026,RotoWire,p_ab80696a06cabb94d0590e17,s_34aad421bfe6fbfaff97283d,K%,missing_projection_metric
pitcher,2026,RotoWire,p_d37981ebca7896eb8c5d5e08,s_ad008f879e465fc7added602,K%,missing_projection_metric
pitcher,2026,RotoWire,p_8349a663da3750fe77506964,s_09e8532c1e4f4ac4fe7ab5ad,K%,missing_projection_metric
pitcher,2026,RotoWire,p_6660c34756e8e079063c8590,s_f7b7cb1405b211e04f7fbc12,K%,missing_projection_metric
pitcher,2026,RotoWire,p_3a56b40b2c57dca6ae8cf58e,s_7f9591b058fdd1db884ec9b4,K%,missing_projection_metric
pitcher,2026,RotoWire,p_1c8acb186b9d936cb16ba8c8,s_524eb687adb4e4f3c7208d75,K%,missing_projection_metric
pitcher,2026,RotoWire,p_8cb9b18f097241aaca305ef9,s_ad4a6ec31c7ee36215220d40,K%,missing_projection_metric
pitcher,2026,RotoWire,p_30de042ebbb0b98c455a5266,s_17d5978d0e70f0d886c4d08c,K%,missing_projection_metric
pitcher,2026,RotoWire,p_28abf5cc48d77ded7411a157,s_ced59eb3acfa93540d7dda19,K%,missing_projection_metric
pitcher,2026,RotoWire,p_cf9fa37e74c0fa0c64a54b23,s_c77a1898a876049f00b4004e,K%,missing_projection_metric
pitcher,2026,RotoWire,p_000215aa0a15c0d7ca6d5492,s_e640bc8bd3c8454846755b00,K%,missing_projection_metric
pitcher,2026,RotoWire,p_ce0a7b766c90514f3d557d6b,s_05af1499743ad27ac3f9de42,K%,missing_projection_metric
pitcher,2026,RotoWire,p_d931f098ccb7246a53c02b23,s_58ee4d655966670a532d22d5,K%,missing_projection_metric
pitcher,2026,RotoWire,p_14ae2075371d15014297c7ae,s_2945d8db294971bc58dc7928,K%,missing_projection_metric
pitcher,2026,RotoWire,p_e57a7daba23968e0156d47d8,s_9f0b3f3e9149946c020e1b84,K%,missing_projection_metric
pitcher,2026,RotoWire,p_f8207c80dd8d374f9e4cc152,s_4b83386ab430086495361d6f,K%,missing_projection_metric
pitcher,2026,RotoWire,p_e333710884baecb1ae5dba0f,s_7d08a9b76af5b8f0b8448821,K%,missing_projection_metric
pitcher,2026,RotoWire,p_67c782a89ca0d0934cb67da0,s_1f69d8750d3f7ba8256d97ee,K%,missing_projection_metric
pitcher,2026,RotoWire,p_05b053aef1fe89fcd847726e,s_562775cf25cd3f31f8e59c34,K%,missing_projection_metric
pitcher,2026,RotoWire,p_5c31828b78f7ebd5a1f567ea,s_1738f243cfb1a99899c2a7dc,K%,missing_projection_metric
pitcher,2026,RotoWire,p_dae655bcb2a707499b8da77f,s_4ae5c13d3dec7187155fae83,K%,missing_projection_metric
pitcher,2026,RotoWire,p_a55e1314437f703697888e9a,s_f58c4f95ff890a6b6b20d0b8,K%,missing_projection_metric
pitcher,2026,RotoWire,p_bad965b08abad35f7f072927,s_41bba3a6a43b0537bb54e299,K%,missing_projection_metric
pitcher,2026,RotoWire,p_7f60fe780813d2e2f804a47f,s_4ced7b9890859c8d08fb63b1,K%,missing_projection_metric
pitcher,2026,RotoWire,p_f732808de15e4b6e01ed6e5e,s_616ef2c9ccaaeabb97487640,K%,missing_projection_metric
pitcher,2026,RotoWire,p_a88afe1f0743c6b59b5fa48c,s_84bef2c1e7861ff427632396,K%,missing_projection_metric
pitcher,2026,RotoWire,p_fac8fe6d0d4a7a73a2dc5d0b,s_12013fb886c3b5b3a867a185,K%,missing_projection_metric
pitcher,2026,RotoWire,p_4946d0fafc0d0ae33e1e930e,s_23594cd3339f56e30480cd45,K%,missing_projection_metric
pitcher,2026,RotoWire,p_45af90dea0a15679463264ff,s_70e54aa9970aa17262b01623,K%,missing_projection_metric
pitcher,2026,RotoWire,p_cc3893db1d216499b15a96b7,s_86c270b67e17b539dc6bcf96,K%,missing_projection_metric
pitcher,2026,RotoWire,p_10a3e264d0d762f0a6116bf0,s_0d7a85627da562938036f05a,K%,missing_projection_metric
pitcher,2026,RotoWire,p_69bf94efbaeb173840b3fe59,s_603a7fa637a85021fd2334bf,K%,missing_projection_metric
pitcher,2026,RotoWire,p_20cfc1ed708ec62614a8be4a,s_e9f44b929da6498d83f1e4b0,K%,missing_projection_metric
pitcher,2026,RotoWire,p_5e4be1b675696e14d59387d7,s_569a4ab274f1c1ffc0aac1bf,K%,missing_projection_metric
pitcher,2026,RotoWire,p_bc5886f85f668aec59f650a3,s_20a9db26a02c74fd697d0b28,K%,missing_projection_metric
pitcher,2026,RotoWire,p_c5b82d72e1ce8ed1000e8ca9,s_7aed22939a32c3a2bf7c9dbb,K%,missing_projection_metric
pitcher,2026,RotoWire,p_b43c67aae95620f8ae32f063,s_22d6db56ca20ecfbab1e3dbb,K%,missing_projection_metric
pitcher,2026,RotoWire,p_78a8db997f51090cfa594d12,s_b54fe9d62534073c2f494b32,K%,missing_projection_metric
pitcher,2026,RotoWire,p_56f8cacbf95fa9e9ccd5f037,s_ccdf7d168096c840b25ca2f5,K%,missing_projection_metric
pitcher,2026,RotoWire,p_2cd1bbdbc7d02b4f5c0e4a81,s_e1f52ec2819f17b068323800,K%,missing_projection_metric
pitcher,2026,RotoWire,p_07394d99dcbd9729eb1c244b,s_17f2ef6270a28339bb189ba1,K%,missing_projection_metric
pitcher,2026,RotoWire,p_17e93d5e2f0eff121bd2e922,s_4ea0e8ba5ebb276a47a29537,K%,missing_projection_metric
pitcher,2026,RotoWire,p_05853e333f5ea183e286e9f3,s_c2983ea9e81c1508c6099caa,K%,missing_projection_metric
pitcher,2026,RotoWire,p_f291c89c85ccbcc1a5b86d36,s_f096a15291b2715045f8289b,K%,missing_projection_metric
pitcher,2026,RotoWire,p_9d536cb354f545a79cf263ad,s_5e7a22ab833cad21b60282e5,K%,missing_projection_metric
pitcher,2026,RotoWire,p_19dec057e552049568aaec59,s_a69ed7ac9bdf1e86f70e84f9,K%,missing_projection_metric
pitcher,2026,RotoWire,p_ab201d9f00a18e2a1bcb84f8,s_3e72fa6e0785b6b8645834f6,K%,missing_projection_metric
pitcher,2026,RotoWire,p_af8228da2186a3c55a0c0647,s_aae2bcd9d96ff918fe948e2a,K%,missing_projection_metric
pitcher,2026,RotoWire,p_dccf73052bae55c71948ac4c,s_3219ee8482f2f624dc4ec859,K%,missing_projection_metric
pitcher,2026,RotoWire,p_e6f97a8200763e284decf5ae,s_6bdd30c677b24b708db0e278,K%,missing_projection_metric
pitcher,2026,RotoWire,p_fdcc3c57fc1404d67ef4d33f,s_dedfd054be4ff6c3c5938dd2,K%,missing_projection_metric
pitcher,2026,RotoWire,p_97392f4b9a9bcd3580abacfa,s_eb8229b948d02b6f80bcf1cf,K%,missing_projection_metric
pitcher,2026,RotoWire,p_081253e7d079edbb13e4e0de,s_65a0c6f3512d068c8ebbc923,K%,missing_projection_metric
pitcher,2026,RotoWire,p_61fb48d2e73aa7850e1737bd,s_a3cd36cc4d8cf2cf829bf81a,K%,missing_projection_metric
pitcher,2026,RotoWire,p_2b11176e1209a4155291382a,s_036c5aea09ea8e4d4d8832aa,K%,missing_projection_metric
pitcher,2026,RotoWire,p_b2fab903e6ffc323ace73400,s_f8b373e56d8fbca3810dcb90,K%,missing_projection_metric
pitcher,2026,RotoWire,p_24a22b256217bda128f194b7,s_9f06f3eaed258dfb1a93e3f0,K%,missing_projection_metric
pitcher,2026,RotoWire,p_b70c49459235c52b0d564237,s_5a568f574297c4ff5b76319a,K%,missing_projection_metric
pitcher,2026,RotoWire,p_6cb3547deca91d83694527f9,s_31fabd9729215a9949003c77,K%,missing_projection_metric
pitcher,2026,RotoWire,p_e596c20f3f965f74f208c29f,s_8328e2b71b4ee86fe3a2f3f4,K%,missing_projection_metric
pitcher,2026,RotoWire,p_481d55069fc331213e830346,s_8b4be7a0ecc307bc3fa75358,K%,missing_projection_metric
pitcher,2026,RotoWire,p_fde48aca5839877a629d3e92,s_5c7331f17b7b63e2e03d11df,K%,missing_projection_metric
pitcher,2026,RotoWire,p_5e4a0f72ee5813838f4aff38,s_067ff7ec56f29a45f041acb9,K%,missing_projection_metric
pitcher,2026,RotoWire,p_80b914cf66fe72410163fff3,s_9cdbd8af6d471af0399a1fcd,K%,missing_projection_metric
pitcher,2026,RotoWire,p_16e4efe96d962f1312ff2ed5,s_a17377923fa84851e0ea0064,K%,missing_projection_metric
pitcher,2026,RotoWire,p_1d309b98d8a85dce0f5ce922,s_dda28f951ebc4c3d20388033,K%,missing_projection_metric
pitcher,2026,RotoWire,p_31b06a37157510ce6f137ea5,s_23a075b1781e644b664395e1,K%,missing_projection_metric
pitcher,2026,RotoWire,p_41d77fd79c69b4fb06385e5c,s_a6dbf0caee5440ae6d54a731,K%,missing_projection_metric
pitcher,2026,RotoWire,p_5d461229c4f3a1d894c1ef5b,s_a3d91b35925836f0030d069b,K%,missing_projection_metric
pitcher,2026,RotoWire,p_29e3a8fc6ea52a0f2a8c07d7,s_56f3548c202df799cede6dd5,K%,missing_projection_metric
pitcher,2026,RotoWire,p_b25d93daecd6b8c40be76364,s_08938cb1e2bd51545c9ae8ae,K%,missing_projection_metric
pitcher,2026,RotoWire,p_1e13703553ee4e761b93a8d2,s_1ddd04d3fc7b7cbd69c573ce,K%,missing_projection_metric
pitcher,2026,RotoWire,p_7c8aefd139986ac3072d388d,s_6281ffe87331df956d90942a,K%,missing_projection_metric
pitcher,2026,RotoWire,p_41722893e1c4663095c86715,s_bf91f90f1033a36d841735dd,K%,missing_projection_metric
pitcher,2026,RotoWire,p_71ab6c91e583b9c4b88368c8,s_698cac4bee7738b7d497b9cc,K%,missing_projection_metric
pitcher,2026,RotoWire,p_79c8921830ad0b38d9102933,s_75d4baa0e78ba48f8ad5a854,K%,missing_projection_metric
pitcher,2026,RotoWire,p_132c5c809400e7c9829c64f8,s_b2e18d452a15a3f9f5c92db1,K%,missing_projection_metric
pitcher,2026,RotoWire,p_ed117e6d08f801679bab8315,s_a6be2f4e494d49dc1c0ef7a6,K%,missing_projection_metric
pitcher,2026,RotoWire,p_7b181bc3135686a422e14ce5,s_89a4d8a46c2532371b238053,K%,missing_projection_metric
pitcher,2026,RotoWire,p_bdacaf18408f4db91a1d636e,s_f0ae22590feb1167596ad39b,K%,missing_projection_metric
pitcher,2026,RotoWire,p_7c02936ac6ca07e9b01cbaf4,s_cf11914bd152b9d9f461ea08,K%,missing_projection_metric
pitcher,2026,RotoWire,p_28bb786af5098edc9010594c,s_c18134503823c04064fc3ff8,K%,missing_projection_metric
pitcher,2026,RotoWire,p_a22a4d8b57e5468ad3a65d76,s_bdfe575a8f03acc401a8123c,K%,missing_projection_metric
pitcher,2026,RotoWire,p_6a42955399901b3739b52d45,s_50b8bc6751c5093241089ca6,K%,missing_projection_metric
pitcher,2026,RotoWire,p_b089c61cefb15acef80e4522,s_2e9063597ffcdcad42b10efa,K%,missing_projection_metric
pitcher,2026,RotoWire,p_2dcfce41c52f17e2ea97a04c,s_c0943b9905e238779697b5dc,K%,missing_projection_metric
pitcher,2026,RotoWire,p_a67d7439eaa5a301707a0a3a,s_591c26d378ad73e95af715cd,K%,missing_projection_metric
pitcher,2026,RotoWire,p_d414670609afdbe251cf99be,s_c42855b7de7177fb727fb7e3,K%,missing_projection_metric
pitcher,2026,RotoWire,p_1af5dd31a0e578895fc78c7a,s_f183b8441ccd7236312f3495,K%,missing_projection_metric
pitcher,2026,RotoWire,p_3f22e91a73d176ec1adc71e5,s_7d857c8b61a49b06d77bc3a8,K%,missing_projection_metric
pitcher,2026,RotoWire,p_36b9e4f3c1486512b790c92a,s_a73483fc2d124c4a09e99795,K%,missing_projection_metric
pitcher,2026,RotoWire,p_bbe0b0144e2190d075a1534d,s_5157500c6e2ba6c70bb5b04b,K%,missing_projection_metric
pitcher,2026,RotoWire,p_3d0062533d192d85478f4c10,s_77a62d6a51cfcb12763cec3f,K%,missing_projection_metric
pitcher,2026,RotoWire,p_b0e54ab450830f76f778c92d,s_2c8e1611ddf4dcf1f5ec772f,K%,missing_projection_metric
pitcher,2026,RotoWire,p_1842c09e90dd4df6bc699fe5,s_dcbcc705bfca6b8aa3327cbf,K%,missing_projection_metric
pitcher,2026,RotoWire,p_cd588d51b00463d2fafe77cc,s_bdafbc46a4d523d5f809cd46,K%,missing_projection_metric
pitcher,2026,RotoWire,p_0d3da1fa979ed07af5004686,s_e185f1ad7e3651df58d43f9d,K%,missing_projection_metric
pitcher,2026,RotoWire,p_fdea2ad4794d12911ab12ec2,s_0f7c97601be907424af919ac,K%,missing_projection_metric
pitcher,2026,RotoWire,p_2c23e59d57f37af52a2c0170,s_5697470dc73097764a390fd8,K%,missing_projection_metric
pitcher,2026,RotoWire,p_b6c41e8a47dd22519ed59712,s_a90254f322b7431d70ae4057,K%,missing_projection_metric
pitcher,2026,RotoWire,p_716e1d0491d0acf637acf49d,s_c4cce9240189d044dd3329e7,K%,missing_projection_metric
pitcher,2026,RotoWire,p_ce2c49b4be7d2bce7223a6a0,s_0d3b439462823eb7e399fd3e,K%,missing_projection_metric
pitcher,2026,RotoWire,p_2d5fe2afb55076421b84c2d7,s_398c3f61db847db934f6b270,K%,missing_projection_metric
pitcher,2026,RotoWire,p_442f67b0e6c767028dd31107,s_c83002c2f99332d5425bbd12,K%,missing_projection_metric
pitcher,2026,RotoWire,p_583ce1d38f5dfec0877a25c3,s_b5777ad9f2ec12bc72570ccb,K%,missing_projection_metric
pitcher,2026,RotoWire,p_2269ea2145532d73c89362b1,s_fc62eb5ed0edf0b71c81610f,K%,missing_projection_metric
pitcher,2026,RotoWire,p_230ac4acbb3108f710292706,s_342bc20cae260e3cc3a2e0ae,K%,missing_projection_metric
pitcher,2026,RotoWire,p_d102f410880190d0edf406b6,s_8666beaad3ad1f0ac5e85d72,K%,missing_projection_metric
pitcher,2026,RotoWire,p_da8308c5e24e6b959b553489,s_6304808ac13dd00744470a58,K%,missing_projection_metric
pitcher,2026,RotoWire,p_6d4ae8b0d7f537ca8fbfe71e,s_8b4a8134fb13d9aafc6a4da6,K%,missing_projection_metric
pitcher,2026,RotoWire,p_f468eeff6fef7a47f63cd456,s_09cc96f415ecf4501e3aa097,K%,missing_projection_metric
pitcher,2026,RotoWire,p_3a5340479fb9d5d45f5e9e64,s_2cd92837f0e92867470a70a6,K%,missing_projection_metric
pitcher,2026,RotoWire,p_e34cbeb141d24f4faface8ac,s_71b56212edfebcad3a8c54b9,K%,missing_projection_metric
pitcher,2026,RotoWire,p_969b0d48692c2520e3a6ca51,s_0662c51630d77110d38e7748,K%,missing_projection_metric
pitcher,2026,RotoWire,p_d7a6a481b2c8156315936897,s_82f9218259ded6fa2112f2ae,K%,missing_projection_metric
pitcher,2026,RotoWire,p_fae8649ac857a8babf1bdca8,s_028c0d6cd2dd3953de7d9837,K%,missing_projection_metric
pitcher,2026,RotoWire,p_6cb98ada7d3e5f6be65307b2,s_d5d4d62889977950f37ee8b4,K%,missing_projection_metric
pitcher,2026,RotoWire,p_0738eee4fb6a62334e2dc6a6,s_85ec860c4050835b36b71df5,K%,missing_projection_metric
pitcher,2026,RotoWire,p_eccd2ebd3c9871f883165c10,s_5f57d1ed50b0d3d9923bcc69,K%,missing_projection_metric
pitcher,2026,RotoWire,p_a4292d6ed24cf3d214692278,s_df44c62956c5f598e38205f0,K%,missing_projection_metric
pitcher,2026,RotoWire,p_3830026e4827f3c798c92493,s_da20a86bb54e62c1d83a4367,K%,missing_projection_metric
pitcher,2026,RotoWire,p_ba2387323b64d5ebd5d849ac,s_e7597dd07e0f1d8da59a3400,K%,missing_projection_metric
pitcher,2026,RotoWire,p_8d015290d706bfda018cbc6c,s_d0ce00300f20ec1a25e6e5c4,K%,missing_projection_metric
pitcher,2026,RotoWire,p_fd76b24f9ee996f781b69c33,s_045f549c48c01e18f685b98f,K%,missing_projection_metric
pitcher,2026,RotoWire,p_8a63344ccf2319f6266b3f1f,s_d45866520b5834dc3f5f1f83,K%,missing_projection_metric
pitcher,2026,RotoWire,p_e701ea2611f379ba863599b0,s_5c7f2d626f97b1de990bebb8,K%,missing_projection_metric
pitcher,2026,RotoWire,p_33ae34742e696d8f84d174a1,s_9d8113acdd23bed9a0f6adbc,K%,missing_projection_metric
pitcher,2026,RotoWire,p_983985938701c89b957bf280,s_211419391970d8b1d0144d40,K%,missing_projection_metric
pitcher,2026,RotoWire,p_833ff8e8d015c9ecd8ab1e4a,s_60e93d044ce76321b8243383,K%,missing_projection_metric
pitcher,2026,RotoWire,p_1495f8ede09487e68eb6132f,s_6b0133ab90086aca833e5eaf,K%,missing_projection_metric
pitcher,2026,RotoWire,p_712ae68dc57df5d305f2eced,s_9222565f90bb5eafa12ad508,K%,missing_projection_metric
pitcher,2026,RotoWire,p_c64d1a71e8b698a4cf973c7e,s_21308c26e641cb31d76ae9cc,K%,missing_projection_metric
pitcher,2026,RotoWire,p_6195a4077f4c42e4300606dc,s_fb661d7389529e74f0035106,K%,missing_projection_metric
pitcher,2026,RotoWire,p_b7e27b68ebd83bc6a468e72b,s_be63c50f73c8ff6661170b58,K%,missing_projection_metric
pitcher,2026,RotoWire,p_d90668f2da110f1ef8a9f695,s_3591de3176081ab38e550c8a,K%,missing_projection_metric
pitcher,2026,RotoWire,p_0656788e350d8a313901326d,s_69aa5aad97e53e41f94c1789,K%,missing_projection_metric
pitcher,2026,RotoWire,p_7baf8732d9a598c647856252,s_0c2b492e7d497799171ea7f1,K%,missing_projection_metric
pitcher,2026,RotoWire,p_036ba95158dbe1470dd58b5d,s_8a0abeccb9f873766e423e83,K%,missing_projection_metric
pitcher,2026,RotoWire,p_6b060d3dfdf334d2e513ce27,s_ae941874ac1912f4350685bd,K%,missing_projection_metric
pitcher,2026,RotoWire,p_a43389757236b20e3141d27c,s_72b0c2ef519efb4514c239b6,K%,missing_projection_metric
pitcher,2026,RotoWire,p_86bbc8fa57931321ecdf298d,s_e41dd40cfe43684375e3898f,K%,missing_projection_metric
pitcher,2026,RotoWire,p_9f3a80089b3361cb0cbce43f,s_8aed51ea81aacdcbdf8c00d4,K%,missing_projection_metric
pitcher,2026,RotoWire,p_ad78ce5032f69f100e3afe02,s_e837ffd18c02be5e23bb959c,K%,missing_projection_metric
pitcher,2026,RotoWire,p_20593f1b2a54d619214da9e6,s_eb06e57bd5e815759f05e53c,K%,missing_projection_metric
pitcher,2026,RotoWire,p_243c60d01118f80fce959797,s_3a18cc93ab30b64eb1cbdc46,K%,missing_projection_metric
pitcher,2026,RotoWire,p_6a5ad9cf8a12ffa4c0cfffae,s_f3b9ef45454b231ba60b9dca,K%,missing_projection_metric
pitcher,2026,RotoWire,p_f423bf407dac7dca6759a07b,s_c2ef29318fa8b384f2fae2d4,K%,missing_projection_metric
pitcher,2026,RotoWire,p_4d31d759d710f8357e79536b,s_7c265a1f04c8d1ff2fb0dcc1,K%,missing_projection_metric
pitcher,2026,RotoWire,p_2553085f66061508335f3fb1,s_d46240b83594205e73a80ee8,K%,missing_projection_metric
pitcher,2026,RotoWire,p_08c841183887e159fb3b9131,s_af85b36fafc81172db80c3be,K%,missing_projection_metric
pitcher,2026,RotoWire,p_1046da07b999ebe851bcced8,s_c3400b9286dccded1d6bd5b1,K%,missing_projection_metric
pitcher,2026,RotoWire,p_dba406ee26bfb7503c1bf27d,s_6100d708654d437b72f780fb,K%,missing_projection_metric
pitcher,2026,RotoWire,p_b3fd9a51515080534ee8cdc9,s_f350d4c57cc60cb9ee10371d,K%,missing_projection_metric
pitcher,2026,RotoWire,p_607b4432d07e4a7dfc0a7e67,s_ae784347c299600214f4d6ea,K%,missing_projection_metric
pitcher,2026,RotoWire,p_e65f6476452ef1c2469ceb29,s_b3c1dedcbd9dd3fd85aa19e3,K%,missing_projection_metric
pitcher,2026,RotoWire,p_2f8502e30665a12d3037adfa,s_113b16c1a8e292bbb3c799f2,K%,missing_projection_metric
pitcher,2026,RotoWire,p_dc952cf10742e3abc77f91bf,s_16a4f2dc7800547f70b65523,K%,missing_projection_metric
pitcher,2026,RotoWire,p_62360b5de96d90bc68e17dd9,s_b305bd7c53ab81f13c1c912e,K%,missing_projection_metric
pitcher,2026,RotoWire,p_c7e08145000aa38e16a0f7fc,s_038b937bebcb3941c080f59c,K%,missing_projection_metric
pitcher,2026,RotoWire,p_f2af4380a6d1108c9d507592,s_404b29b162dd302cc29e0f43,K%,missing_projection_metric
pitcher,2026,RotoWire,p_1821549cff26dbba5d4aca04,s_b15f1f5f5767cd47ef9f46fc,K%,missing_projection_metric
pitcher,2026,RotoWire,p_a0394efcc7f08bfbcaf82819,s_a4e2aa1108c24912c764ab83,K%,missing_projection_metric
pitcher,2026,RotoWire,p_2f79f472a978afdd718437e0,s_dcee8773c97bac3eaf4ae3e4,K%,missing_projection_metric
pitcher,2026,RotoWire,p_6812838b39eb2c709ed072fd,s_fc3128ea970344d60bcc6a9b,K%,missing_projection_metric
pitcher,2026,RotoWire,p_543d7c89d0a82ee568c8f70d,s_ae792e964b1c67ccc4dea181,K%,missing_projection_metric
pitcher,2026,RotoWire,p_c2f429582365b8384125cb6a,s_55c7e983497bcfd06e5e0a2c,K%,missing_projection_metric
pitcher,2026,RotoWire,p_0e56dc24388067d6adf8d91b,s_c82a6bbeb3d4a638908852d7,K%,missing_projection_metric
pitcher,2026,RotoWire,p_8961924234b18a32fc5f7a2c,s_f68640ccad2041e242b29f09,K%,missing_projection_metric
pitcher,2026,RotoWire,p_d0ae9150ea080d20bd5ec95d,s_82b1bfc3706b57e69ccc66f3,K%,missing_projection_metric
pitcher,2026,RotoWire,p_d9c64dd40ed1ff65a53e6228,s_751de3332f53fb67db97fd65,K%,missing_projection_metric
pitcher,2026,RotoWire,p_ec38b20b6fea67297fb8b7e9,s_e6ccdcafe03697ed83c3f667,K%,missing_projection_metric
pitcher,2026,RotoWire,p_fd293a60557159fc55b19a14,s_17c017336be777d6f7bd52fa,K%,missing_projection_metric
pitcher,2026,RotoWire,p_b8cb9339000eda49122a846d,s_e7d06d8895035094a72ee3f0,K%,missing_projection_metric
pitcher,2026,RotoWire,p_889ef298862822ad30619dee,s_74392b3536cab0d3639e5b53,K%,missing_projection_metric
pitcher,2026,RotoWire,p_f6d0db5ece194fe2beb1ec11,s_d6b37a50adcb95aa5c0edefb,K%,missing_projection_metric
pitcher,2026,RotoWire,p_ba6bc0de0ca86615bd2bdedc,s_676cb05c07bcc30e91eb692c,K%,missing_projection_metric
pitcher,2026,RotoWire,p_7f98fc5309c4bebcdf90b1ee,s_87e175102226c69f05792cb4,K%,missing_projection_metric
pitcher,2026,RotoWire,p_99936a0709128a5b98222b47,s_3bb81993e0fa94307a55f0d3,K%,missing_projection_metric
pitcher,2026,RotoWire,p_a2d71b7fb136048f257feacb,s_9b231aab3c071369d47d6aa1,K%,missing_projection_metric
pitcher,2026,RotoWire,p_6e405786ba3c4c7b03295e6c,s_ff6e0fb946fa9cfd93308244,K%,missing_projection_metric
pitcher,2026,RotoWire,p_f70df816fb2af92723c3bf45,s_e8eb19c3b70c6096d7c7d67e,K%,missing_projection_metric
pitcher,2026,RotoWire,p_57926ad8504ce0a902b32f60,s_8a41497965fdbc1e478408bc,K%,missing_projection_metric
pitcher,2026,RotoWire,p_4d320f12f7ed1ac1d64a8564,s_bb8efbc54ac4da39df06b9db,K%,missing_projection_metric
pitcher,2026,RotoWire,p_c9c4b9c76960c47b342a00fe,s_9ed8ffe1dcea97647aacace3,K%,missing_projection_metric
pitcher,2026,RotoWire,p_2d552f16a226676cfbe73c4b,s_0dbf2dfbdb2b739c681071d6,K%,missing_projection_metric
pitcher,2026,RotoWire,p_2b6dc032a155f10c90f5d066,s_1ed09da81190098daa437aeb,K%,missing_projection_metric
pitcher,2026,RotoWire,p_eb64217a110853bbd2776488,s_7756b14a2c726c3ccd7d4035,K%,missing_projection_metric
pitcher,2026,RotoWire,p_e53dd34ff1049b4cdddde3b2,s_3527fd472cfeb6eb12e052d9,K%,missing_projection_metric
pitcher,2026,RotoWire,p_67fd9d9af5f906af95676a62,s_605fed54b903a6fa29aaf809,K%,missing_projection_metric
pitcher,2026,RotoWire,p_fbcb5bbe88ef2a2cc64ce3bd,s_b123b2e61e113540d53980fd,K%,missing_projection_metric
pitcher,2026,RotoWire,p_bf86f5798c2e549b7fb30ee2,s_2a519d8c6bc98a6265df0750,K%,missing_projection_metric
pitcher,2026,RotoWire,p_7e64b52cb46e4cbbb3f33766,s_d86b607dda8bc443db5be938,K%,missing_projection_metric
pitcher,2026,RotoWire,p_12ca2be8b434327cb415d7c5,s_cd978a3f34d68e6fa9dc28de,K%,missing_projection_metric
pitcher,2026,RotoWire,p_f3591f0057a7a2816bc6c347,s_d528ab90c61131d5135f949f,K%,missing_projection_metric
pitcher,2026,RotoWire,p_94d21693ba45c52946454a20,s_1dad8d2293d9708902dd6459,K%,missing_projection_metric
pitcher,2026,RotoWire,p_f59021dc23b8ddcf8911efd0,s_ee8c763c1398adfd38e9636e,K%,missing_projection_metric
pitcher,2026,RotoWire,p_4fab0891227489fe7e84e153,s_37bca59eab36f2d7dc4d83b0,K%,missing_projection_metric
pitcher,2026,RotoWire,p_f092d568b762f9e2d2d576ac,s_fb8deb25ee0333238a60447f,K%,missing_projection_metric
pitcher,2026,RotoWire,p_69ae3692f4863f1abb5c3bb9,s_bb130d2e8768d4a1a9d71176,K%,missing_projection_metric
pitcher,2026,RotoWire,p_140d15342bf054cc6bef835d,s_26549a153ce622f24dd82e2a,K%,missing_projection_metric
pitcher,2026,RotoWire,p_e56f6708129dc98e3650a30b,s_74952806c4fd86a22a970001,K%,missing_projection_metric
pitcher,2026,RotoWire,p_be418d076834b45c8048ba6d,s_8dd5cf374b57e67801711b2d,K%,missing_projection_metric
pitcher,2026,RotoWire,p_d0fba3de9f79f83a683ff425,s_0eda4928e8df20b116bb6be5,K%,missing_projection_metric
pitcher,2026,RotoWire,p_4ab1054e1b4679af5e62847e,s_2654b58dbb7f7439524c956b,K%,missing_projection_metric
pitcher,2026,RotoWire,p_69cbff53fa69913aa98a74a7,s_e4ef3d2c4ad49d24972b735d,K%,missing_projection_metric
pitcher,2026,RotoWire,p_35b1547fd86fd8631d0c0c08,s_9939f2bcf1599e0892de23a9,K%,missing_projection_metric
pitcher,2026,RotoWire,p_c9127bf6fe2742b6cdf5e2c0,s_913fa0e452a2200977a40dc9,K%,missing_projection_metric
pitcher,2026,RotoWire,p_61ff0cbc6adc34d5b5e66201,s_7893c0a32d78a8b8cf441e7a,K%,missing_projection_metric
pitcher,2026,RotoWire,p_c2941564b78650e8c80a6590,s_0aa917eec648bd80cbb81b7b,K%,missing_projection_metric
pitcher,2026,RotoWire,p_b03bb8a15fb123d1ac325eaf,s_b2d6a6dc3f23881726738ef7,K%,missing_projection_metric
pitcher,2026,RotoWire,p_2929654d5957b9990cd15b63,s_e8e87aa53e80c41866282c19,K%,missing_projection_metric
pitcher,2026,RotoWire,p_d25ebff370ce4e9202042d61,s_e555e994459d962f74a31cb0,K%,missing_projection_metric
pitcher,2026,RotoWire,p_ad6909784deaf0a3417eb39a,s_0fc170380fd1906242c53874,K%,missing_projection_metric
pitcher,2026,RotoWire,p_e6b274fe314e959af649cea6,s_1c1ce5b6a9700405a58724e4,K%,missing_projection_metric
pitcher,2026,RotoWire,p_ee453cdf63786502116e53af,s_6718ec834c52c2b42eb2d361,K%,missing_projection_metric
pitcher,2026,RotoWire,p_c665cca64b9d1ec36d25bc81,s_32b332686cab77ee5b8819d8,K%,missing_projection_metric
pitcher,2026,RotoWire,p_09950035a7c10e145070d051,s_8d0bd35d73a0fa5924e07aa4,K%,missing_projection_metric
pitcher,2026,RotoWire,p_2f71255f874e6218b662dffb,s_b11dbb3644dbe5e50574e5af,K%,missing_projection_metric
pitcher,2026,RotoWire,p_5259e9497e66f8f15a14f5b0,s_937c99470de98482db1b820c,K%,missing_projection_metric
pitcher,2026,RotoWire,p_5d4e00ed942914f0c7681334,s_4d55e64db5b25399f2479529,K%,missing_projection_metric
pitcher,2026,RotoWire,p_31088b7e6a9d597d1f87583c,s_5416aeb97cd5cd5ed9dc177c,K%,missing_projection_metric
pitcher,2026,RotoWire,p_4d4066d01c2accb962e2e48b,s_c44a5177f3e77db4eea91955,K%,missing_projection_metric
pitcher,2026,RotoWire,p_3213e22dc02292b898d8651e,s_a895563cde75fdd7f2b51099,K%,missing_projection_metric
pitcher,2026,RotoWire,p_54795b56b11d92cd3e1407cf,s_b4f8cc2e5310fe65d5bf7ff9,K%,missing_projection_metric
pitcher,2026,RotoWire,p_a0f88c722760a6abb0863f6b,s_5dcdbea36c24b932ca855d29,K%,missing_projection_metric
pitcher,2026,RotoWire,p_d121e0bd4eedf6095d6400f2,s_0f682551cced3da30334654d,K%,missing_projection_metric
pitcher,2026,RotoWire,p_f542eded5fa5eaaea2b03d47,s_54a4492ccb15ab84a586035b,K%,missing_projection_metric
pitcher,2026,RotoWire,p_a36ab493ac77cd275d7daa3f,s_fbcae5b7a5dfa94d87ded13c,K%,missing_projection_metric
pitcher,2026,RotoWire,p_5245cf30e7834dcfe275a8b3,s_01751576c4b5c8dd9a97dbd1,K%,missing_projection_metric
pitcher,2026,RotoWire,p_9a6e9d0ac50ab7ec0e62b627,s_74bb43a7b93288c58db7c078,K%,missing_projection_metric
pitcher,2026,RotoWire,p_ad5f4c4ff63f4dae1c70e25b,s_8ea59648671f088db386ded9,K%,missing_projection_metric
pitcher,2026,RotoWire,p_0760b56a9e63e457fb539e83,s_e00de2795fe20bdca9c9c00b,K%,missing_projection_metric
pitcher,2026,RotoWire,p_4237d81a153d8369b516a611,s_1280a8b47892f1058d4f526c,K%,missing_projection_metric
pitcher,2026,RotoWire,p_57d58fea9dee77b2bf2da71d,s_69be29f382f0650532a016ee,K%,missing_projection_metric
pitcher,2026,RotoWire,p_687cd4b7aacf0709d996ec9a,s_7ea592a3c12d9e6c350f2de7,K%,missing_projection_metric
pitcher,2026,RotoWire,p_976e3a7c39f544bd2cb08e53,s_76e2d4d35ebe25e653b9021b,K%,missing_projection_metric
pitcher,2026,RotoWire,p_f63e3a5b237a41953e0522bd,s_0da9330e5358f22893b856d9,K%,missing_projection_metric
pitcher,2026,RotoWire,p_4f7f8b7fa67c451b93b2a673,s_fab96893d6c7b5b156c3d181,K%,missing_projection_metric
pitcher,2026,RotoWire,p_a2c21b01e40c23d7fbb867a7,s_33f8454187531a70b0e2dfe8,K%,missing_projection_metric
pitcher,2026,RotoWire,p_6dcc3d04cf7940b67bd6d46b,s_9733bbb06565388efeb27002,K%,missing_projection_metric
pitcher,2026,RotoWire,p_1b7d5500d3348c285a56885f,s_5118753002905cef3e501884,K%,missing_projection_metric
pitcher,2026,RotoWire,p_9e9a345145bd56bcc6ebe6c7,s_ec7ebfc24b3847a7bc9ab44d,K%,missing_projection_metric
pitcher,2026,RotoWire,p_9f5a6fd7b5c56e97737e286c,s_75ce9f49e2764431d0f356a2,K%,missing_projection_metric
pitcher,2026,RotoWire,p_9437e878d2b83f99c586279f,s_0835fee04f6ce001827c950e,K%,missing_projection_metric
pitcher,2026,RotoWire,p_8fd609c8d2c9daaeb06fb12f,s_d3676b45ef267d45a77285d9,K%,missing_projection_metric
pitcher,2026,RotoWire,p_ca63ffee54a2c0530795bd58,s_ac39b56d91629961cf1ea279,K%,missing_projection_metric
pitcher,2026,RotoWire,p_0073f20e0bb5f168c15c590d,s_d941a9d6d9216e2a615afa92,K%,missing_projection_metric
pitcher,2026,RotoWire,p_b0cf8ae2b004dce051b6f4e5,s_c88cb3a0236c228b28deaa7b,K%,missing_projection_metric
pitcher,2026,RotoWire,p_528ea38467ab7d19956a07c4,s_a5e225392126fad4774a77d3,K%,missing_projection_metric
pitcher,2026,RotoWire,p_52cdf5aac19a3c4c28580306,s_369cd937b7bcb81071939df2,K%,missing_projection_metric
pitcher,2026,RotoWire,p_6051aedaa1ffd1edd8a1c7d7,s_a22804e3943b70f3cdfe7735,K%,missing_projection_metric
pitcher,2026,RotoWire,p_0d908f0583b1361a673d9471,s_218c663d33b4222d1bdae1dc,K%,missing_projection_metric
pitcher,2026,RotoWire,p_a1a7ec296f8db5e924c3a755,s_b03576d3761041c0276ca9ac,K%,missing_projection_metric
pitcher,2026,RotoWire,p_6b9903828f4f3e710cd779e7,s_f91737cc948f7438b6f12057,K%,missing_projection_metric
pitcher,2026,RotoWire,p_dc0ddc9e05030e62821b8ade,s_dbc9a14f4cc64c6191cb424f,K%,missing_projection_metric
pitcher,2026,RotoWire,p_390110644e6ab59d439767a2,s_7de19629a25eac2da9251421,K%,missing_projection_metric
pitcher,2026,RotoWire,p_d326f0d57effe39186b9cc40,s_efa890f610e939583832e4f8,K%,missing_projection_metric
pitcher,2026,RotoWire,p_864d23ea9d38652d0bc80673,s_4e26a4649e476c79e118cb81,K%,missing_projection_metric
pitcher,2026,RotoWire,p_aeb4f8d74d1aa31f7de81705,s_dc0063aebc9a5c91f98c9ff2,K%,missing_projection_metric
pitcher,2026,RotoWire,p_cedc24a184f838c48e92ceca,s_349953425504a940a40787cf,K%,missing_projection_metric
pitcher,2026,RotoWire,p_62bde7fc4bc9b822889bd5a7,s_8b4a1beaff65cdf9473825e7,K%,missing_projection_metric
pitcher,2026,RotoWire,p_debf3b356235599a4e7c505b,s_57cebe5cc3a23913a5121ba9,K%,missing_projection_metric
pitcher,2026,RotoWire,p_fbe1b25148ecde0b36eee454,s_8df56aab87fb5044d25211fa,K%,missing_projection_metric
pitcher,2026,RotoWire,p_5c981546fbb330a0a1ff2621,s_def46312e0883d8cf3bcc674,K%,missing_projection_metric
pitcher,2026,RotoWire,p_b5c41f2a4e0be91512e6d378,s_bc8acb38c57a831ad1bd0250,K%,missing_projection_metric
pitcher,2026,RotoWire,p_c503ccd5d3a208e3f2d4b6b2,s_04004e190a11c27b35cf669a,K%,missing_projection_metric
pitcher,2026,RotoWire,p_2b424c8be951d8ba23bebe80,s_d0f6742a6c75a1bb8a9c48ba,K%,missing_projection_metric
pitcher,2026,RotoWire,p_93883545927b8b62d8949e05,s_390d2fb52ceee2cceb5ca04b,K%,missing_projection_metric
pitcher,2026,RotoWire,p_1da529cb2c7580f94638b99e,s_b9d819bf4f37fe5551f0ae3a,K%,missing_projection_metric
pitcher,2026,RotoWire,p_071efe5abc6c6857d9f21866,s_e6e5619adcdc49cb3254dfb3,K%,missing_projection_metric
pitcher,2026,RotoWire,p_28d92daeded3b1264245a417,s_788efd03e99e236dcfea8d2c,K%,missing_projection_metric
pitcher,2026,RotoWire,p_f90f88e0127db2447d6b4b6b,s_32a70383cf5f931327db51a5,K%,missing_projection_metric
pitcher,2026,RotoWire,p_fa65bec2312b5d42d60ee8b4,s_81a5a71a1e31da900f922972,K%,missing_projection_metric
pitcher,2026,RotoWire,p_196c6eaaf2744d528518f12a,s_df130a9f4f9922658740efb0,K%,missing_projection_metric
pitcher,2026,RotoWire,p_be830ebbda2fe42c429b42ff,s_66269b853d7f3798a48a2521,K%,missing_projection_metric
pitcher,2026,RotoWire,p_e5e680d02216328712a96f14,s_7744126ea626a66afa67a1fe,K%,missing_projection_metric
pitcher,2026,RotoWire,p_b35d34590b3ac43677949140,s_1b3583e6b2f60889c52edb6d,K%,missing_projection_metric
pitcher,2026,RotoWire,p_77bbadf5f7c9163e5cdaafe1,s_e8b7222ea70168f96a670339,K%,missing_projection_metric
pitcher,2026,RotoWire,p_f2200b5fcfbd381ace4f2861,s_b940a3aec149f66b62da1ead,K%,missing_projection_metric
pitcher,2026,RotoWire,p_1462eea9ad139526006f6fba,s_18d09f12e5507f960af831cb,K%,missing_projection_metric
pitcher,2026,RotoWire,p_eb4a76757bbdb89cea654ef5,s_93e92a231b20a2a2d0bc1871,K%,missing_projection_metric
pitcher,2026,RotoWire,p_0af38066a94940e2b68bc8ba,s_0caf07892fb71cb56c5d7d1f,K%,missing_projection_metric
pitcher,2026,RotoWire,p_2efba3d8e54fcb8d1f5d09b3,s_d24eb10b589a14577f12ae8f,K%,missing_projection_metric
pitcher,2026,RotoWire,p_b27e7408b46d9fc16441348e,s_b80c12e9529a70dda1b59784,K%,missing_projection_metric
pitcher,2026,RotoWire,p_acd9809fb06c81109d7ede29,s_4043fbf071cb4c212e7c195b,K%,missing_projection_metric
pitcher,2026,RotoWire,p_fcd7de7bb40bf45a6ca34cdb,s_4950bfaa3759d8b6f1ed6d31,K%,missing_projection_metric
pitcher,2026,RotoWire,p_6dc7f0e021a4dbfae3c23d83,s_559a5ad450fb682bbff8c7db,K%,missing_projection_metric
pitcher,2026,RotoWire,p_4fc08c6725ad3ff7c1ff7ffb,s_f56ef40295b5cd747d4137a2,K%,missing_projection_metric
pitcher,2026,RotoWire,p_3b8c77fa245c713f7e0b7003,s_0b46a298db5a1fff04e96821,K%,missing_projection_metric
pitcher,2026,RotoWire,p_832c0bfcb9b11d1926665bdf,s_3b88ecd913ad2245e52a103b,K%,missing_projection_metric
pitcher,2026,RotoWire,p_c9e4b09f64ff213554b55bf3,s_3b2451f784faa1e7a1d66dd3,K%,missing_projection_metric
pitcher,2026,RotoWire,p_e2d37845ff1ca163da8b0647,s_1aa1446ec7a49b35d6e0a2a8,K%,missing_projection_metric
pitcher,2026,RotoWire,p_86a05e73061b5c85d481ae47,s_41b02d2c9b0a626b4c60d84f,K%,missing_projection_metric
pitcher,2026,RotoWire,p_d240081eb8e6f1ec895ecf2d,s_b85f843b25690d189973a52f,K%,missing_projection_metric
pitcher,2026,RotoWire,p_1538868d7d068cf244dceb49,s_61e1f778e1c8d5e65f1a4950,K%,missing_projection_metric
pitcher,2026,RotoWire,p_8dfc430c8abbf65b0b0bbbab,s_06529e6a6fbe6e7e43c792d9,K%,missing_projection_metric
pitcher,2026,RotoWire,p_27e0d2a201c5411cd9ea636f,s_d9b685951bf4f69a7a595550,K%,missing_projection_metric
pitcher,2026,RotoWire,p_670e72cdda746fe85f68a08d,s_6fd7df3cf05f20ed92c2b063,K%,missing_projection_metric
pitcher,2026,RotoWire,p_aebf4132a23ddbbf57422ae5,s_dc0408f84bbae68c168ef202,K%,missing_projection_metric
pitcher,2026,RotoWire,p_1b9767205e472eb4f0d30fae,s_3a8bcb0b29481a34a5cbbff6,K%,missing_projection_metric
pitcher,2026,RotoWire,p_79592f0690636428c30a46f5,s_799f384a22a703b973431229,K%,missing_projection_metric
pitcher,2026,RotoWire,p_35bb0a12c9538806f164c705,s_8cc9f8318e553faee6223ac3,K%,missing_projection_metric
pitcher,2026,RotoWire,p_b9199b1fb4e1798319d45797,s_bcc5fe0be3d35a245947794d,K%,missing_projection_metric
pitcher,2026,RotoWire,p_bbcccd33b7c810cfa8337201,s_e6b40a5631c29d3e4139356a,K%,missing_projection_metric
pitcher,2026,RotoWire,p_438ee9a2108e62d8d14a062a,s_7fa539fb59ffe73e360807e6,K%,missing_projection_metric
pitcher,2026,RotoWire,p_583486d37b4399b234e944ea,s_aa058f5dee31a0a1f41a49f9,K%,missing_projection_metric
pitcher,2026,RotoWire,p_6faee8c8e6ce929dbb691dee,s_2cb03f81315b2ab9da30fe57,K%,missing_projection_metric
pitcher,2026,RotoWire,p_9f6304b8a80236b39a4e952d,s_0e05db963c0a3d8415d10c8b,K%,missing_projection_metric
pitcher,2026,RotoWire,p_bf0f117e1d0e72128aaa01dd,s_5639fa55695a179bf6c916fe,K%,missing_projection_metric
pitcher,2026,RotoWire,p_7b20c90a5cb523c9e3008737,s_0f6a453076763483b8e3de0d,K%,missing_projection_metric
pitcher,2026,RotoWire,p_d0e5cd403843e151ee96904f,s_3c876fb1721c8abe8f2ff802,K%,missing_projection_metric
pitcher,2026,RotoWire,p_aca14cb4cc82e85ca78f4fe7,s_5385452decf4abdab85c05db,K%,missing_projection_metric
pitcher,2026,RotoWire,p_e7369cc77051b2201297a493,s_91358e38353851ee4e417ef7,K%,missing_projection_metric
pitcher,2026,RotoWire,p_e68edd55c4d8c0af8968ba6d,s_62f2fcd4dff324e16ba7064d,K%,missing_projection_metric
pitcher,2026,RotoWire,p_359b780a64cc77ed793a7606,s_952588b57592fea8dea88bd1,K%,missing_projection_metric
pitcher,2026,RotoWire,p_7108c469d40316795ab472a1,s_46836f014efe059d1c25e66b,K%,missing_projection_metric
pitcher,2026,RotoWire,p_f746ebfba251896b073cf6d5,s_5854feddeb0945e1d3b443e9,K%,missing_projection_metric
pitcher,2026,RotoWire,p_840a7027a702a1c4e37e5527,s_7ce50bd78715d13680fad585,K%,missing_projection_metric
pitcher,2026,RotoWire,p_5df36053416da5d9071410b9,s_35ad9aae3d2a574c57ae4a8a,K%,missing_projection_metric
pitcher,2026,RotoWire,p_9deb7e402f8cf109d514cac1,s_8558b050b9ce65affbe7e55e,K%,missing_projection_metric
pitcher,2026,RotoWire,p_787fc132ba01ef35f4778403,s_c53769add9daa0bdf13bfa68,K%,missing_projection_metric
pitcher,2026,RotoWire,p_b70a6085f951f9cd1540affa,s_9031489af38167ec42fe749f,K%,missing_projection_metric
pitcher,2026,RotoWire,p_e341706f55862548e5ff2e3a,s_0b8cffbf4998d3aec357bd8c,K%,missing_projection_metric
pitcher,2026,RotoWire,p_9cdce3c51f326e76b98d6591,s_0bbbb28c4e2e423ff10beafe,K%,missing_projection_metric
pitcher,2026,RotoWire,p_7b5211dc885fe1586bfbb758,s_da4e37b4e128677587b2c461,K%,missing_projection_metric
pitcher,2026,RotoWire,p_f408d93b48d8da9a005af52b,s_aad49bbc735c375fe36bdb6d,K%,missing_projection_metric
pitcher,2026,RotoWire,p_df9fd20dc552186aecc92c54,s_588dfb3562b531cda1579a5f,K%,missing_projection_metric
pitcher,2026,RotoWire,p_e886ebd300c4c1987877017e,s_e1f2e19f9bf8cdf996eb39f6,K%,missing_projection_metric
pitcher,2026,RotoWire,p_5ccb2be6f00de2400349d1ac,s_f0c21734bbdcec222e7680ab,K%,missing_projection_metric
pitcher,2026,RotoWire,p_410d3b82adc35964f997ce0f,s_3f1f6dbe8460cd20a4a13be2,K%,missing_projection_metric
pitcher,2026,RotoWire,p_2404ba19bcc42b43ba8eb726,s_cb8740352d04bd50987219ef,K%,missing_projection_metric
pitcher,2026,RotoWire,p_c3234d25b2dd20cd6e385c8d,s_c85ff3d927682360ac9b421f,K%,missing_projection_metric
pitcher,2026,RotoWire,p_2c26e1db411b6f9ae4a8f391,s_a2abd9de6017f10914f70bb2,K%,missing_projection_metric
pitcher,2026,RotoWire,p_406202e17ebfe7ebc319947f,s_6fa48f908fdb2dec7ee68d33,K%,missing_projection_metric
pitcher,2026,RotoWire,p_26d80183aee34c4a22d05a16,s_f0c10b74474e3d4482c9c3c8,K%,missing_projection_metric
pitcher,2026,RotoWire,p_4cc8481b752dd06c66c19299,s_c4bf0d1f6ef103876f72eaec,K%,missing_projection_metric
pitcher,2026,RotoWire,p_8bace50f8abed453d2ef0ac3,s_00992277f26cc6b145bd209f,K%,missing_projection_metric
pitcher,2026,RotoWire,p_053b89527a245babaa9de7f9,s_abc663cedaab9a5e08f5bbb6,K%,missing_projection_metric
pitcher,2026,RotoWire,p_adde69a5f07d2ac65191bd61,s_a77fadaa47f0e121689e7ea8,K%,missing_projection_metric
pitcher,2026,RotoWire,p_8d0b8540a9345dbadb133c54,s_aa6c899e2bd6338888522a35,K%,missing_projection_metric
pitcher,2026,RotoWire,p_3bdfe3d1215674f4accf5fdd,s_3d213bcb3703204c3f82d111,K%,missing_projection_metric
pitcher,2026,RotoWire,p_5073c13edb903746d3e77b04,s_3e2dad42d8e1d5d7bba307b2,K%,missing_projection_metric
pitcher,2026,RotoWire,p_0239f62f150fdc94718a08a1,s_8a70c1c8238a9e1e6fdb1c0f,K%,missing_projection_metric
pitcher,2026,RotoWire,p_983ea2317782126a9a51ed6d,s_b493b0fcfea30f815606ec4e,K%,missing_projection_metric
pitcher,2026,RotoWire,p_c341da0c4ed0d8e6d65d1eab,s_32f381d49fac301451117ba2,K%,missing_projection_metric
pitcher,2026,RotoWire,p_9cca23a301a8a13d00cd6848,s_1bb534188bb0c42643005736,K%,missing_projection_metric
pitcher,2026,RotoWire,p_6ee049f492a3325cbfb8d052,s_689a19e85246a11c0a925243,K%,missing_projection_metric
pitcher,2026,RotoWire,p_7f797197ac1a11a7b3421d1b,s_3a77d4e6e0beae44c95b9f14,K%,missing_projection_metric
pitcher,2026,RotoWire,p_65fdc9dc74636837b2495384,s_e588915197b497c68dcc5efa,K%,missing_projection_metric
pitcher,2026,RotoWire,p_87ce29e2ae2416664b1444de,s_44cde47a7e08d61f66c53e5b,K%,missing_projection_metric
pitcher,2026,RotoWire,p_fdb4b031a99eefb57ba56cc4,s_c1817eb49f54be402d083896,K%,missing_projection_metric
pitcher,2026,RotoWire,p_865cf7963df08564ce6cc619,s_bcfec87573a4ca9da3c877d1,K%,missing_projection_metric
pitcher,2026,RotoWire,p_17cd91dbd7209eb72b5b0bc1,s_831e4a1349915fcbb8fec782,K%,missing_projection_metric
pitcher,2026,RotoWire,p_0be188f9e14bb7f25e2107af,s_c23201930ed51b249eebbd09,K%,missing_projection_metric
pitcher,2026,RotoWire,p_dbe5f8eba79f31ae2fbbef12,s_03ab08703f8f7e0db997abe2,K%,missing_projection_metric
pitcher,2026,RotoWire,p_03939d9f4f366462a86d6720,s_adbd090f648ffa2618835255,K%,missing_projection_metric
pitcher,2026,RotoWire,p_ed0b1e6b85550910ed5ae415,s_458e5cad0de0c0c6da6a2e64,K%,missing_projection_metric
pitcher,2026,RotoWire,p_6fc12edf18996e0f7e6f48b7,s_803b3ebc6b2c9fc8700d077a,K%,missing_projection_metric
pitcher,2026,RotoWire,p_cb0a1ee1967dcd5a0313f1f4,s_d81b0a1d00a0142fe841e791,K%,missing_projection_metric
pitcher,2026,RotoWire,p_e0efd3ededa73ca4e4f7ca65,s_9371381726bb9daf1d7968aa,K%,missing_projection_metric
pitcher,2026,RotoWire,p_d031ef31b9165ade2a07de8a,s_20010eee18ad64610117070b,K%,missing_projection_metric
pitcher,2026,RotoWire,p_0b1f482f502ee0715ad2818d,s_a22525f77e5f20c8a95b5083,K%,missing_projection_metric
pitcher,2026,RotoWire,p_e68383f7b94770edd764c7c7,s_d476b70dd1b7cc0232ecfb2a,K%,missing_projection_metric
pitcher,2026,RotoWire,p_64e8114493f21a3998e972c5,s_ec36caff226008a5628d4055,K%,missing_projection_metric
pitcher,2026,RotoWire,p_2803fe661b73a6e4bd4bfca4,s_6150046e626bafbfb7dee9c9,K%,missing_projection_metric
pitcher,2026,RotoWire,p_f30c390b26bea6c21a518118,s_4aab1c9d9a8e00dffb131ac8,K%,missing_projection_metric
pitcher,2026,RotoWire,p_64b62a02d557250c812ea353,s_cb3cd3290361fe5beab6d19a,K%,missing_projection_metric
pitcher,2026,RotoWire,p_2114033616e8bab28176ff3b,s_ea9e989c6c93c966fe28f2c9,K%,missing_projection_metric
pitcher,2026,RotoWire,p_5fad378e158b1cb676afef64,s_fd46fd587a9eb8ff91f8000b,K%,missing_projection_metric
pitcher,2026,RotoWire,p_148d2220e9c462a0b7e48358,s_005ab9c456a393b48e084293,K%,missing_projection_metric
pitcher,2026,RotoWire,p_2f7d0b281325531322ffa74b,s_02ddd97443392829c75075a6,K%,missing_projection_metric
pitcher,2026,RotoWire,p_43e8e7de2aa77634ff94469d,s_7c7ec015320082b37a905dd0,K%,missing_projection_metric
pitcher,2026,RotoWire,p_61f4469f74d0edbc18e77e21,s_62bfcd731ae1613eba509649,K%,missing_projection_metric
pitcher,2026,RotoWire,p_d9e002d9e27fd74ae27948f9,s_d066070856611b07c507b947,K%,missing_projection_metric
pitcher,2026,RotoWire,p_5cb301be76b7e1a69519280c,s_b3e710904a554946d2bf0bd0,K%,missing_projection_metric
pitcher,2026,RotoWire,p_663ac2743b68ff849ac3f794,s_1e23efd5555b7c77a825b669,K%,missing_projection_metric
pitcher,2026,RotoWire,p_202088ef4fa208bc8e552f15,s_19865bc454e8328006095b4e,K%,missing_projection_metric
pitcher,2026,RotoWire,p_a2aecebc9a8fffbbace22e46,s_f1727d1a98bdd17869523989,K%,missing_projection_metric
pitcher,2026,RotoWire,p_d92f2d27a75f27f0e8a8f9b3,s_62aea82eab523c1df2a66991,K%,missing_projection_metric
pitcher,2026,RotoWire,p_d5e07201a0f1d0cfa596e762,s_2cda80acea8a998ce1337601,K%,missing_projection_metric
pitcher,2026,RotoWire,p_61ca94d7e3be2cbafe733df9,s_a5735acf8d7e139641369056,K%,missing_projection_metric
pitcher,2026,RotoWire,p_f4be239312e641d1fd5e879e,s_fcfba9db239ebefdfb14008f,K%,missing_projection_metric
pitcher,2026,RotoWire,p_3dac456e39a26258f30d8eb6,s_fdfbbb2d2605f35d7dc1b5dc,K%,missing_projection_metric
pitcher,2026,RotoWire,p_f20dbbcf8c772a03de7ec118,s_57d8a6f5c4623a8e4c44a8ff,K%,missing_projection_metric
pitcher,2026,RotoWire,p_a76bce6d3d2ee7c00f12333d,s_9b500f4a8aeddd080293abb7,K%,missing_projection_metric
pitcher,2026,RotoWire,p_2043005deaaf8693e9eef0a1,s_d648d3bcb37bcf3d26756083,K%,missing_projection_metric
pitcher,2026,RotoWire,p_61df43fce399be15228241c7,s_c5ac4d59c8f4be6af4356c60,K%,missing_projection_metric
pitcher,2026,RotoWire,p_8c68497d69c0faec32c31da4,s_f75c8cb99712e09ccf59b81f,K%,missing_projection_metric
pitcher,2026,RotoWire,p_aa82bbb9131dca9e098c8636,s_ddc1a0c2ec3fa2ee946c5c0f,K%,missing_projection_metric
pitcher,2026,RotoWire,p_3f747dc1e443a0eecfacc566,s_ce79c399b5e5eec48d4dc3f1,K%,missing_projection_metric
pitcher,2026,RotoWire,p_c6a0ec40c899f7b2c1dfc7bf,s_e2c5a7d8fb41e2f42f5ce180,K%,missing_projection_metric
pitcher,2026,RotoWire,p_8551c7d8bbe875bb87b41ee4,s_bc9dbbd275b479722bafbc6d,K%,missing_projection_metric
pitcher,2026,RotoWire,p_bb5b45202cd0e3997a49a903,s_ea2daa494604389bf5d254a8,K%,missing_projection_metric
pitcher,2026,RotoWire,p_7af86937f30ec89e1f92abe3,s_0afdfb435d73a8678a29c908,K%,missing_projection_metric
pitcher,2026,RotoWire,p_4055fa9f7ca334fe33a26bfe,s_1f78b2e232410f668089a197,K%,missing_projection_metric
pitcher,2026,RotoWire,p_9a77feb051159af9aee2063c,s_f78685ae461085f2b2281b2b,K%,missing_projection_metric
pitcher,2026,RotoWire,p_c2e11e9b2895314b228d9143,s_f86f46733910fda016017450,K%,missing_projection_metric
pitcher,2026,RotoWire,p_8f4d229bdbf5985172a873b9,s_259f45aab501c882c8ec75df,K%,missing_projection_metric
pitcher,2026,RotoWire,p_138ed44a822bb4b34b68d8d3,s_75d8b5bbcdff73d2246a5406,K%,missing_projection_metric
pitcher,2026,RotoWire,p_0101c7191284f9932160f01c,s_36f8da32ea1e68f80503aa32,K%,missing_projection_metric
pitcher,2026,RotoWire,p_947372bfc438cf39d3a30665,s_03a8ce0a1969c5c825c40e19,K%,missing_projection_metric
pitcher,2026,RotoWire,p_b13319e24b3552eff64d85bc,s_5642c7fc2edc3038c7e6745f,K%,missing_projection_metric
pitcher,2026,RotoWire,p_d15a984c8351b109e14b2746,s_7ff413166b1e391f0a596e70,K%,missing_projection_metric
pitcher,2026,RotoWire,p_8c118f1cce2683232f54416f,s_a4c2b5eeadf4cd19c00d474c,K%,missing_projection_metric
pitcher,2026,RotoWire,p_6fd30c7531d5bc78103c740d,s_1f308fb934eda4481b5d0411,K%,missing_projection_metric
pitcher,2026,RotoWire,p_b7736681fe0e03a5a6703dbb,s_ea7b9963174ed0e92ff3caae,K%,missing_projection_metric
pitcher,2026,RotoWire,p_74d9cd5a911ee5ed93663d77,s_fa4dd9cdb3232ef9b72e306b,K%,missing_projection_metric
pitcher,2026,RotoWire,p_bb82cb6ed787b635d6d9a9bd,s_51c9610913f9f9470ee24fc4,K%,missing_projection_metric
pitcher,2026,RotoWire,p_5d9c98b0173958f4c189a129,s_07e32912b397571f55a45e45,K%,missing_projection_metric
pitcher,2026,RotoWire,p_8ed8dc08bf2fc22b7d5fdc9e,s_007373e43b5e62aaf0640c9c,K%,missing_projection_metric
pitcher,2026,RotoWire,p_de4f248f197b6ab7761cb09b,s_fcc4edd9149c560668dabb7a,K%,missing_projection_metric
pitcher,2026,RotoWire,p_e23cb32e39c22be655441929,s_7a19dce9973cf299e818b416,K%,missing_projection_metric
pitcher,2026,RotoWire,p_b81b76814081912b6c81cf9d,s_bbb9b8bb7aea1cbfbb533653,K%,missing_projection_metric
pitcher,2026,RotoWire,p_3b39342b8d03af7adee187b3,s_67a495c69c2753d436ec1074,K%,missing_projection_metric
pitcher,2026,RotoWire,p_20987c55f1b40e76f29fef72,s_ab2e1d4e2a51637fa895d44c,K%,missing_projection_metric
pitcher,2026,RotoWire,p_3e5cfa913cc4f482344401c1,s_981f3bb1f2de7068efd97e42,K%,missing_projection_metric
pitcher,2026,RotoWire,p_c3b7cc93fd3c9b7f57a21594,s_b91ca8fc62927722d94bc1f3,K%,missing_projection_metric
pitcher,2026,RotoWire,p_a6f79ef2ecc729073db83188,s_53a6769393add960d4c7cf66,K%,missing_projection_metric
pitcher,2026,RotoWire,p_8ececb63a3f2cebed969a98d,s_dcb3c3af531b2c3eeeb1b98f,K%,missing_projection_metric
pitcher,2026,RotoWire,p_23f9a55147310e8dec4f47a2,s_92d986045456ede8a8f0c978,K%,missing_projection_metric
pitcher,2026,RotoWire,p_1ccbcea91d9f49d165cfb488,s_8a3e2fce8c27e2b378be6db8,K%,missing_projection_metric
pitcher,2026,RotoWire,p_89e6e8eb0e7077ed03071a06,s_e210e2f378debdbceebe5db9,K%,missing_projection_metric
pitcher,2026,RotoWire,p_c8fcbc835fb5f66a0bd0f41e,s_f710a6c69e631fb5d53460e9,K%,missing_projection_metric
pitcher,2026,RotoWire,p_5c4336ee3ef73426afb4c6c2,s_8cfa71211e862a3cd9aae0bd,K%,missing_projection_metric
pitcher,2026,RotoWire,p_b71fbe75f62a06bbed6595ec,s_1a30f62b302322daffa27ce3,K%,missing_projection_metric
pitcher,2026,RotoWire,p_e3f71882ebe26350f89c3813,s_efe0166de035477255fa8aff,K%,missing_projection_metric
pitcher,2026,RotoWire,p_9adccc0a4017fa70e4b06f24,s_9b20050e3dc2949517c86080,K%,missing_projection_metric
pitcher,2026,RotoWire,p_fccb4591ce5767a04c76ef83,s_a6de594bc4e1364c4eed3b7a,K%,missing_projection_metric
pitcher,2026,RotoWire,p_d291977287dccac53c171a63,s_286fa2e51a845840a7fff176,K%,missing_projection_metric
pitcher,2026,RotoWire,p_2bd83f835d274b547829f07c,s_932ba3637eeae9fbf5e3f7b1,K%,missing_projection_metric
pitcher,2026,RotoWire,p_04895952d7d004fc8bb3f14b,s_f8c85a2e2310235642e7caf7,K%,missing_projection_metric
pitcher,2026,RotoWire,p_222c356cfa14a6ec4cefc492,s_ec53e3bac7d0b359acdf4673,K%,missing_projection_metric
pitcher,2026,RotoWire,p_1b49209f0bd30dd5dc724000,s_4a572860c109c381b9599f8b,K%,missing_projection_metric
pitcher,2026,RotoWire,p_4f111a07b4c0259d31c89e0d,s_2c7ca2dc2c1ba12d9d8310a2,K%,missing_projection_metric
pitcher,2026,RotoWire,p_b051cf87af8a4244b6b81e2c,s_2436026c64a6693348f588e0,K%,missing_projection_metric
pitcher,2026,RotoWire,p_7ecbe1110bdd0537891dc1c4,s_40dcd0dae34ab1d260a321a9,K%,missing_projection_metric
pitcher,2026,RotoWire,p_288584b43feea72ac1e47a2d,s_bf41753e2e0ff8c12dbf27a5,K%,missing_projection_metric
pitcher,2026,RotoWire,p_394806adeaf6af907d17f876,s_6968be3056cfbccf293d38de,K%,missing_projection_metric
pitcher,2026,RotoWire,p_bad5772915c2a0ae9bf9c5f1,s_1470a84d54d96a36505537cd,K%,missing_projection_metric
pitcher,2026,RotoWire,p_ca72c1190ab195d082d039a5,s_f9e188ac52e4d1eea8684043,K%,missing_projection_metric
pitcher,2026,RotoWire,p_009e96c410d3379760f8b1a1,s_5b48c3711b348b7c38fbb3a0,K%,missing_projection_metric
pitcher,2026,RotoWire,p_f5105d7ffd8537ed91519f0f,s_70a2e35ae2bd12403e410012,K%,missing_projection_metric
pitcher,2026,RotoWire,p_51a922809ad094b5a4433cdf,s_f6287462479ad5a6d992dffc,K%,missing_projection_metric
pitcher,2026,RotoWire,p_0c3b6b4f617c9009bb6c76e7,s_720c0ed73d1ba1b13c15bd13,K%,missing_projection_metric
pitcher,2026,RotoWire,p_67a7d083510fbec26f1ddc04,s_64230f4ae4e504349046ac2c,K%,missing_projection_metric
pitcher,2026,RotoWire,p_ba985e05d88f96b785affcdf,s_36216789328366086e1e9baf,K%,missing_projection_metric
pitcher,2026,RotoWire,p_a14b46668a060bb5629886e6,s_4ef127163ae740077e465fe6,K%,missing_projection_metric
pitcher,2026,RotoWire,p_747ca9b3f8488871801660b7,s_e7ac249bf01a183930a8faca,K%,missing_projection_metric
pitcher,2026,RotoWire,p_153188ef122e1ff0e54e37b2,s_971e41cd03b694200bad9d78,K%,missing_projection_metric
pitcher,2026,RotoWire,p_f59ee04f5b058c3f109d1631,s_643d4c7939de92874f6a14b2,K%,missing_projection_metric
pitcher,2026,RotoWire,p_41f07f1c060750689589e72e,s_8f4a9d3285bca74b4f41625d,K%,missing_projection_metric
pitcher,2026,RotoWire,p_7a47c598f2891d6ce738d8e0,s_3d1cf899ff4442ddc83d0199,K%,missing_projection_metric
pitcher,2026,RotoWire,p_1b534a0f3684e7ea3112d6b0,s_64da9285f21ed7d32cec3819,K%,missing_projection_metric
pitcher,2026,RotoWire,p_da96852b71c08e176dbccd2d,s_6a16477de8c707cdab312103,K%,missing_projection_metric
pitcher,2026,RotoWire,p_1f226d7dd4cee0150a1549a0,s_77fcd4da255deb34daefffa9,K%,missing_projection_metric
pitcher,2026,RotoWire,p_17536a68362f900664fa9f61,s_400136cfcfa994b80810ef9e,K%,missing_projection_metric
pitcher,2026,RotoWire,p_977a6ab875041bddeb3e28a7,s_3ee8a8ac49b0ada1af602a76,K%,missing_projection_metric
pitcher,2026,RotoWire,p_582294a58869be2075f58add,s_e79b2d579bd09a2428455ff0,K%,missing_projection_metric
pitcher,2026,RotoWire,p_29a27415a63b98dbb075621d,s_2073dbe3cad8e2dd787397ef,K%,missing_projection_metric
pitcher,2026,RotoWire,p_33b1f758ce8872869b7bbb68,s_7160708984d023ac94d240c5,K%,missing_projection_metric
pitcher,2026,RotoWire,p_7343ba7168344875dfbe9cf1,s_67f9e3882b4983166222f981,K%,missing_projection_metric
pitcher,2026,RotoWire,p_1d99fee357b2b193b50cce26,s_a4834cb07e9232b83a0dce3a,K%,missing_projection_metric
pitcher,2026,RotoWire,p_b3710509193a23f9fb6df89c,s_9b4a7b98dc7e5f10502604fc,K%,missing_projection_metric
pitcher,2026,RotoWire,p_145721815ffdf403b65c76d6,s_385a4193cfbf19f53e1d0400,K%,missing_projection_metric
pitcher,2026,RotoWire,p_c5ed138e0e635ef0aec7663a,s_9b9bffbc2a879babe9696cba,K%,missing_projection_metric
pitcher,2026,RotoWire,p_7e394fbf190746b9460471b6,s_097a41751befc4a5c1211306,K%,missing_projection_metric
pitcher,2026,RotoWire,p_dc94d49f14972788f07e6738,s_1b0485f5cd208127cea8cd15,K%,missing_projection_metric
pitcher,2026,RotoWire,p_77de692e06d27ffb17c45ac8,s_f4b6a3140b1357de80e3f024,K%,missing_projection_metric
pitcher,2026,RotoWire,p_2fad58b9923436119be174e1,s_a9000b2eedab9133f82e83b1,K%,missing_projection_metric
pitcher,2026,RotoWire,p_153ad9f9a631deb95bb0d30a,s_9b6fbbd7af72c8645cd2e44b,K%,missing_projection_metric
pitcher,2026,RotoWire,p_1577c13241c98d1b1b25a065,s_3d99f48d5a1df841196e11ba,K%,missing_projection_metric
pitcher,2026,RotoWire,p_e07feaacf0b72192ae4d9189,s_7c4ef7d9af7bfb2c457fa4a3,K%,missing_projection_metric
pitcher,2026,RotoWire,p_44f4ae0a56e818f589465db9,s_205db3291d05af8715cfd909,K%,missing_projection_metric
pitcher,2026,RotoWire,p_c25dc1ad5c4247237938a311,s_4ffc3a690a9212289286d020,K%,missing_projection_metric
pitcher,2026,RotoWire,p_777feb45decd9c1846a693da,s_4bc1f0e4681785c1fd0a723e,K%,missing_projection_metric
pitcher,2026,RotoWire,p_3e586e64329db1dd04a4e3b8,s_140a22ca0f8df2b19e867104,K%,missing_projection_metric
pitcher,2026,RotoWire,p_6db920b8caea39aab799a496,s_445daa97825c4e5e5e9abe4f,K%,missing_projection_metric
pitcher,2026,RotoWire,p_dd095f93709ce87f6607edc6,s_170d2924db9f3c44dc5d12a1,K%,missing_projection_metric
pitcher,2026,RotoWire,p_1eaa1d1baccc84d06d8ed931,s_c426b7518e8cddbb66ca7034,K%,missing_projection_metric
pitcher,2026,RotoWire,p_f91f14e15dff3410600517de,s_083fb1a01291dbadfc455e6e,K%,missing_projection_metric
pitcher,2026,RotoWire,p_b73b5615e068b80f9b259d86,s_efed45aa9346056d597f89fe,K%,missing_projection_metric
pitcher,2026,RotoWire,p_80cde5a89fe8ba26c89f71ea,s_08823d7435b78a66d4a37171,K%,missing_projection_metric
pitcher,2026,RotoWire,p_791b3683027c9d8d92b609d0,s_b6c6438dadb86ba0d3e9e803,K%,missing_projection_metric
pitcher,2026,RotoWire,p_d4a9b50b3224024b900f4e0c,s_fb0d3cfd17a322f0e6f31d1b,K%,missing_projection_metric
pitcher,2026,RotoWire,p_9e7db66bfc565b709fe46853,s_a6a3f778bf284c7e5a1576d8,K%,missing_projection_metric
pitcher,2026,RotoWire,p_80dabc460f667d0aafb8ff5c,s_a8693cc26f592a1ebad8f2c2,K%,missing_projection_metric
pitcher,2026,RotoWire,p_116ae62fa49115e6533fcf6d,s_f6d11fb46f17d9d6a3756ac8,K%,missing_projection_metric
pitcher,2026,RotoWire,p_fc18f428295d7ad8c21b667f,s_637203bc35b263633e3d8c0e,K%,missing_projection_metric
pitcher,2026,RotoWire,p_1001641b01e3c2ddf44b4ee5,s_f089b9db3725ba3a812dbd06,K%,missing_projection_metric
pitcher,2026,RotoWire,p_20b5e71becf329de17a636b1,s_65b00dc9057a80ce7c7e8b12,K%,missing_projection_metric
pitcher,2026,RotoWire,p_93bf9339edbf6229883985c6,s_3f22d4c952ee95164ec0b5e4,K%,missing_projection_metric
pitcher,2026,RotoWire,p_f0e21bded869dafe4b07e71f,s_1306549d3213edc8ecff3adf,K%,missing_projection_metric
pitcher,2026,RotoWire,p_caa0b49368710031fd01f701,s_f04819d968a89483c89ca8bf,K%,missing_projection_metric
pitcher,2026,RotoWire,p_0f33dc90f5cb990ad4d0247b,s_32fc41121701bbd4b928dfa5,K%,missing_projection_metric
pitcher,2026,RotoWire,p_2442495cf935c13e35ace791,s_37dd8694ee1cdc7bee097711,K%,missing_projection_metric
pitcher,2026,RotoWire,p_5622eaf6fed51b2f0badc28f,s_1cf282f8f0fdbe6a0c106925,K%,missing_projection_metric
pitcher,2026,RotoWire,p_34f7258033fc0f715c7802e8,s_22d1e530480aaba64d14b225,K%,missing_projection_metric
pitcher,2026,RotoWire,p_5a5e5a4baec1ff0e99cb37c5,s_d350e1bbe96980c7f3d8ee67,K%,missing_projection_metric
pitcher,2026,RotoWire,p_b9be4dd9135ef8202ccbf94b,s_bbcead23d18fa363242baa4f,K%,missing_projection_metric
pitcher,2026,RotoWire,p_55e0b0cdfd06f59a14884d19,s_d34941c1e867d48ced402636,K%,missing_projection_metric
pitcher,2026,RotoWire,p_adfce089754d8fcf93c9d6eb,s_8e53ce8d309a52865a0c6df4,K%,missing_projection_metric
pitcher,2026,RotoWire,p_d1d18bba4583a9d5fb70e080,s_467469ee746b2f53390e6898,K%,missing_projection_metric
pitcher,2026,RotoWire,p_52192aa00351b1a71ee2c4b3,s_eeb719c2d8ca42c5c8e983f1,K%,missing_projection_metric
pitcher,2026,RotoWire,p_7c9ea4fc0117961c6e7b012c,s_34c90b220beb1c5d31693988,K%,missing_projection_metric
pitcher,2026,RotoWire,p_2ae6b10075130e19d90d4b32,s_9964f4b2c567f60400c3def3,K%,missing_projection_metric
pitcher,2026,RotoWire,p_d27ce95571a74bf9f18770ae,s_5e78c576a86e6bab0f527aea,K%,missing_projection_metric
pitcher,2026,RotoWire,p_68ceebeeae0240ef1eeb496f,s_c01ed7b3977f8433d2d996ae,K%,missing_projection_metric
pitcher,2026,RotoWire,p_00b956086b42d4f7340ce048,s_54c0ac7b707bc9ebdbb2400a,K%,missing_projection_metric
pitcher,2026,RotoWire,p_98cc697758a3fc95df098ccd,s_dce6bd9fb247e0c772258f87,K%,missing_projection_metric
pitcher,2026,RotoWire,p_410328aef7c939f61d4b7528,s_6456f23fd603e1cd5ff01938,K%,missing_projection_metric
pitcher,2026,RotoWire,p_9d5fc19a3ec0a2b92dad5383,s_99c3755f96a5159021601588,K%,missing_projection_metric
pitcher,2026,RotoWire,p_3d69f7e4ccbcfe929ed1f539,s_3325bfa78bf10dc69c400482,K%,missing_projection_metric
pitcher,2026,RotoWire,p_b773b485dc612974de0ee445,s_606f7a3464f8c16f52c9f22f,K%,missing_projection_metric
pitcher,2026,RotoWire,p_e44c55c882f52d9ec55bfae3,s_c8bd17a0575cbb20ff13cd4e,K%,missing_projection_metric
pitcher,2026,RotoWire,p_37fb98747cdcda0fbfec7784,s_840cd45daf0bd55c83035bb1,K%,missing_projection_metric
pitcher,2026,RotoWire,p_22eee69f8ac0239b99b11b78,s_040c3eee8fd2be1c1435fcd4,K%,missing_projection_metric
pitcher,2026,RotoWire,p_87897e21381c92d01d1670b6,s_2ad1be98a537593b78c5a813,K%,missing_projection_metric
pitcher,2026,RotoWire,p_8471050f369a301b6f71c4be,s_cca07111c90b3a8ff824826c,K%,missing_projection_metric
pitcher,2026,RotoWire,p_6e0c3901af2303ff2f765958,s_2db5ae81a85ee7ef6e1914bf,K%,missing_projection_metric
pitcher,2026,RotoWire,p_e219e5c6f7ec667410973dec,s_f25aa55f8fa314259de30f86,K%,missing_projection_metric
pitcher,2026,RotoWire,p_ab8444dc7f51611939832036,s_58716c7b1f611dfbc75b036c,K%,missing_projection_metric
pitcher,2026,RotoWire,p_90e71871268b32dfc6280b86,s_6af89f9d728dbb984fd9770b,K%,missing_projection_metric
pitcher,2026,RotoWire,p_ed52312eef709ee07ba3e575,s_f57f26300e7937d94787a766,K%,missing_projection_metric
pitcher,2026,RotoWire,p_ad8eeecb96286785de1abf84,s_83a4514dd29ab0c79b5cb41f,K%,missing_projection_metric
pitcher,2026,RotoWire,p_611b50d11016f9e5bac93980,s_09d2de1272ae381f1d9c023d,K%,missing_projection_metric
pitcher,2026,RotoWire,p_3f657a30af6cf3b6b118dd7d,s_edd9bb08e95c85b661ef894c,K%,missing_projection_metric
pitcher,2026,RotoWire,p_1db467c6cfbfe96ad057338e,s_2421ef963564baf926d17465,K%,missing_projection_metric
pitcher,2026,RotoWire,p_a8e02f57bd3e35b91149c0d6,s_f6cb34db02de259e9dc338f6,K%,missing_projection_metric
pitcher,2026,RotoWire,p_61da229a19dcb37d006d054f,s_71785e40add7a0fefb436075,K%,missing_projection_metric
pitcher,2026,RotoWire,p_6d19fe3af838d3bcaf19f868,s_0e5da867aa1de12b938c27cc,K%,missing_projection_metric
pitcher,2026,RotoWire,p_28b88c75bbb3485832e0fbb1,s_0a2c3f9c3fc122467cbdd7ca,K%,missing_projection_metric
pitcher,2026,RotoWire,p_08803fedfc7e3b44562070ba,s_dbbbfea419b6d7d993523349,K%,missing_projection_metric
pitcher,2026,RotoWire,p_e573b05454d024acae1fffe0,s_0e502d4fe86e72651791add7,K%,missing_projection_metric
pitcher,2026,RotoWire,p_c1803acfc69807176b03fceb,s_dc4edcfeb371f78279a83f31,K%,missing_projection_metric
pitcher,2026,RotoWire,p_d84214456f41ba299fcf20c0,s_600c196f8ac0683f11c2426b,K%,missing_projection_metric
pitcher,2026,RotoWire,p_c1b16bac113e009a04e9d07b,s_9d8738be1d0c5786c0050b80,K%,missing_projection_metric
pitcher,2026,RotoWire,p_3d4fddbaa624427c64113cac,s_d4b5ce1cf3639220d7a74379,K%,missing_projection_metric
pitcher,2026,RotoWire,p_36dec542a06db312dff05ed3,s_45e9357a9524ba5a0d2b4ec5,K%,missing_projection_metric
pitcher,2026,RotoWire,p_4ce2bc74d9bdc379de52f9fb,s_25a9c78c7de4242d98708902,K%,missing_projection_metric
pitcher,2026,RotoWire,p_1bd74263d59f9dcb39af1120,s_34f2ba02a79a3cd59f095533,K%,missing_projection_metric
pitcher,2026,RotoWire,p_b48582763b8f7f6f91074a0d,s_4d92004386fd3d2bf51acae0,K%,missing_projection_metric
pitcher,2026,RotoWire,p_49ed2c7ffa16b9279ff3f555,s_c4afd328e8d328bc56261722,K%,missing_projection_metric
pitcher,2026,RotoWire,p_ce659b38e92388329f2ca16b,s_d3fccd71f956621325a51433,K%,missing_projection_metric
pitcher,2026,RotoWire,p_b94cd2fa50a25f87a513580d,s_9999231528a2b32c9b5a6bea,K%,missing_projection_metric
pitcher,2026,RotoWire,p_b862f8fa2a57ec2f1c12850b,s_717b202b49e2d1d6506e3750,K%,missing_projection_metric
pitcher,2026,RotoWire,p_6b8cba5bfea707d3dd734524,s_21e2e6dc884cba72d6c8655f,K%,missing_projection_metric
pitcher,2026,RotoWire,p_a6fa59945d5551b89676371f,s_a2d6c021b62b09f6f243d03d,K%,missing_projection_metric
pitcher,2026,RotoWire,p_0f524fd2285c4e78f5fe8913,s_ded2373e1e872aabdbd5aaae,K%,missing_projection_metric
pitcher,2026,RotoWire,p_64eadd5a9c1db68fc646be45,s_bab8a849edc13b8ecd6655c7,K%,missing_projection_metric
pitcher,2026,RotoWire,p_5fdf2f3ccb63b4515b2eb625,s_95a63942e2e3135409140952,K%,missing_projection_metric
pitcher,2026,RotoWire,p_99369324bab1d4ff69bc1d02,s_81a785ed3889cb90122f059f,K%,missing_projection_metric
pitcher,2026,RotoWire,p_5ab8edce0d7c479009e600fb,s_d9bf5e047239a453a2cf3afe,K%,missing_projection_metric
pitcher,2026,RotoWire,p_5b7aca63cb468b989990acb9,s_0f09798054db7458155c1701,K%,missing_projection_metric
pitcher,2026,RotoWire,p_7ef545114aef3d660b73dcb7,s_f1cc739cd0673a2a07c1f5be,K%,missing_projection_metric
pitcher,2026,RotoWire,p_22dafc9081fa932d292f968b,s_76567fbffc13e1cb927dfd1a,K%,missing_projection_metric
pitcher,2026,RotoWire,p_9f550caec192fd42d10ff1b3,s_17444bf94b830008071fb564,K%,missing_projection_metric
pitcher,2026,RotoWire,p_1b7aadf4254d0c04b28301e5,s_5e130d045148d66c7fd31653,K%,missing_projection_metric
pitcher,2026,RotoWire,p_b9bda4330db43c739314fce4,s_c17c33bf416aa4b0c4af4f09,K%,missing_projection_metric
pitcher,2026,RotoWire,p_b1ab737f8c5f55323e91d0f5,s_7e380d8d8c8b84235a5155bf,K%,missing_projection_metric
pitcher,2026,RotoWire,p_f25183fc2c47de9223d05e18,s_e5a77a57a49234fcadbc2926,K%,missing_projection_metric
pitcher,2026,RotoWire,p_6b4f95ec9ffb4fe368a2576d,s_2d543d2902dabca988a565a5,K%,missing_projection_metric
pitcher,2026,RotoWire,p_c8060e0ca736e951c5c4b226,s_c0309c8c30f2587cd449c411,K%,missing_projection_metric
pitcher,2026,RotoWire,p_9c980b6b55a25e9cec08f624,s_b545795417b5fd61adebdcb9,K%,missing_projection_metric
pitcher,2026,RotoWire,p_53fdc6d306dc44415d488e16,s_32f1a7cdaab754a620a06fab,K%,missing_projection_metric
pitcher,2026,RotoWire,p_7c334178878220517ce9f328,s_84474e651da76333dc79c4b1,K%,missing_projection_metric
pitcher,2026,RotoWire,p_70afef2de0e1d2c4130d7a6f,s_97381ad047f21ece3b53dfac,K%,missing_projection_metric
pitcher,2026,RotoWire,p_a8a4ea29b153fef404ad3bfc,s_3ed0f240d30d827ca9951fa4,K%,missing_projection_metric
pitcher,2026,RotoWire,p_34b9c312bb9fd77b95735fa7,s_39a88f8a21b81fce7f7373c5,K%,missing_projection_metric
pitcher,2026,RotoWire,p_aa3f542bce2dddb882aa93ae,s_02545767668eef11f0a4cc68,K%,missing_projection_metric
pitcher,2026,RotoWire,p_3f88e6009659057719b46325,s_38500b5e89f080fc7618b070,K%,missing_projection_metric
pitcher,2026,RotoWire,p_fff5f1ebef83eebba71e9bbc,s_accdc9f091974e312fb2d9a1,K%,missing_projection_metric
pitcher,2026,RotoWire,p_2969c4d6cb29c114efd4bb95,s_f8d1371eea4639af8ebeb1bf,K%,missing_projection_metric
pitcher,2026,RotoWire,p_6ae7476d65dc554f359685a1,s_373e046a2d3c00475714f11f,K%,missing_projection_metric
pitcher,2026,RotoWire,p_c037b82bc4462dd614d5ab27,s_c38596ed46d121122bcc60d0,K%,missing_projection_metric
pitcher,2026,RotoWire,p_c5178381d162a4b5d9527eb0,s_8bff9705940bb1e6d858f777,K%,missing_projection_metric
pitcher,2026,RotoWire,p_f56aefc4ede81ff8de5457ab,s_8d428db1ef0c7f22a3f2fd2f,K%,missing_projection_metric
pitcher,2026,RotoWire,p_b7580c74682c1a1cc5d24abd,s_c19ccd038785e91d4fa03c5e,K%,missing_projection_metric
pitcher,2026,RotoWire,p_a41a3c5bc64b1e0489feb28f,s_3683d283b2af8b00a350cf3f,K%,missing_projection_metric
pitcher,2026,RotoWire,p_1cb2a2b9966604f2d0295576,s_ecacc59bd1d2f6e2bf4a56eb,K%,missing_projection_metric
pitcher,2026,RotoWire,p_06ac62e58655fdbf61a0ce7b,s_1296c23b23208fd125e2ea9a,K%,missing_projection_metric
pitcher,2026,RotoWire,p_871261aef233e820be74ffc9,s_66ab8297ba652569ea1131d2,K%,missing_projection_metric
pitcher,2026,RotoWire,p_ccf29ec3fb51dbf128d874e4,s_bac2df2b3f5e16f4f493d6d3,K%,missing_projection_metric
pitcher,2026,RotoWire,p_517403ae3a1b79a433390aec,s_87697517d46b5200927be5f0,K%,missing_projection_metric
pitcher,2026,RotoWire,p_09468a2fee5db7203f0eb46f,s_458a599e196a1bc0e9e661c1,K%,missing_projection_metric
pitcher,2026,RotoWire,p_d21949823eaf8abb13ea0c7e,s_0b589368d943d12591464c19,K%,missing_projection_metric
pitcher,2026,RotoWire,p_a9cd8307ddcf9289441ea557,s_3014e5e5aaeac3a5ddd7c5db,K%,missing_projection_metric
pitcher,2026,RotoWire,p_54dfc42aa6e80f0846f08fcf,s_02f97e9c1a426bc50ba72697,K%,missing_projection_metric
pitcher,2026,RotoWire,p_9cf33bb8d6b6c72759e3b41d,s_c41da28cf7cf52681277f13e,K%,missing_projection_metric
pitcher,2026,RotoWire,p_05aa5556dc44afe342917893,s_c7be1888db989bac8673889c,K%,missing_projection_metric
pitcher,2026,RotoWire,p_e78d76af2b3a156869586232,s_7bcd964dea78ae2157a5ec77,K%,missing_projection_metric
pitcher,2026,RotoWire,p_6ab2031cdd4bbac15cafe542,s_59465e3f8e7cf14cb1865526,K%,missing_projection_metric
pitcher,2026,RotoWire,p_9b79266fde272f3b8d161342,s_37b6b7ddf49afe09163f12f0,K%,missing_projection_metric
pitcher,2026,RotoWire,p_19d2c7ec4ec2d984744eb5b3,s_3a960d9e412fa3d3e3a9dad1,K%,missing_projection_metric
pitcher,2026,RotoWire,p_ce22d4726510344d78fb2e38,s_8acb546203e92adde255a9cf,K%,missing_projection_metric
pitcher,2026,RotoWire,p_54517e847736a45c8b1dabfd,s_65f196935c0357c546446552,K%,missing_projection_metric
pitcher,2026,RotoWire,p_781ca9e5c281bea0fd02a3a9,s_d3685aa7d984d7aa063f0170,K%,missing_projection_metric
pitcher,2026,RotoWire,p_3c08e81780e0bae6ae834dda,s_f2e22dbf4ad951080151e8ff,K%,missing_projection_metric
pitcher,2026,RotoWire,p_8183d10c86c33b8c9d22b5ae,s_825ae827882e62022934d154,K%,missing_projection_metric
pitcher,2026,RotoWire,p_c81a0386598bf2f14a51264d,s_8287385ca3ef2c399760cf91,K%,missing_projection_metric
pitcher,2026,RotoWire,p_1953e9b8e9520ff434fb0757,s_82c8bb94eecf39d99a830e31,K%,missing_projection_metric
pitcher,2026,RotoWire,p_e5489bb69c8bf14362185b49,s_8c3b421225ce18c10ce62cfc,K%,missing_projection_metric
pitcher,2026,RotoWire,p_de239dab073ee70e594e1202,s_2ca6cdfd12d301ca7ed43826,K%,missing_projection_metric
pitcher,2026,RotoWire,p_9316c4dc392000b5e1ac832e,s_86e475db1fbfcf8b1a77f778,K%,missing_projection_metric
pitcher,2026,RotoWire,p_b439564078d45af9d65a0fbe,s_c008f69d0f9c670cc9ebadaf,K%,missing_projection_metric
pitcher,2026,RotoWire,p_f4a21c23681d7a8de5411075,s_e45d0d44a32669c00454d037,K%,missing_projection_metric
pitcher,2026,RotoWire,p_ffe00fc2f01b7827200e26a4,s_401612462f44a1c3364cba4f,K%,missing_projection_metric
pitcher,2026,RotoWire,p_c6edb861266cca1d8b7777f3,s_9e0de88350b421f81ec12712,K%,missing_projection_metric
pitcher,2026,RotoWire,p_070918a027c45f11ba1c7216,s_3cb0f247392b812f36ec9878,K%,missing_projection_metric
pitcher,2026,RotoWire,p_e10fdff8ef686e5845a7cfee,s_08750125c8f7e6880fe4018e,K%,missing_projection_metric
pitcher,2026,RotoWire,p_a1dd30c06e29129ba5461f1e,s_9ed676fc1486825fd9ef21fa,K%,missing_projection_metric
pitcher,2026,RotoWire,p_a52253efb8f29cc26461b906,s_37b9eb34fd4a4a7bedbf1de9,K%,missing_projection_metric
pitcher,2026,RotoWire,p_13d0b2d2bfa1eb67d025c56d,s_888d4587c81fb0c832c125f4,K%,missing_projection_metric
pitcher,2026,RotoWire,p_ab34ac7065869093f97fd7ed,s_014afa24a5effe4abd643a91,K%,missing_projection_metric
pitcher,2026,RotoWire,p_ef076093f73d78369c5e2007,s_62c42bf78a57a4c6284b4c86,K%,missing_projection_metric
pitcher,2026,RotoWire,p_318949b8bccbfa80a4474acc,s_537e9c3db329aa5b6a20f344,K%,missing_projection_metric
pitcher,2026,RotoWire,p_e9baadb1fdaf2108fb24d243,s_d51db1464aeba861c6fb9129,K%,missing_projection_metric
pitcher,2026,RotoWire,p_edfc64041b7ee8740960ecff,s_015d294682c40069c48c4506,K%,missing_projection_metric
pitcher,2026,RotoWire,p_7e61c15cf9c6d600c25cc6b0,s_578e03fdf78f3da8993ba802,K%,missing_projection_metric
pitcher,2026,RotoWire,p_463c8505b18605c1574ec77d,s_4f4f5dd275be9f5a369e4c9a,K%,missing_projection_metric
pitcher,2026,RotoWire,p_fc2efd485c9feb6bf3d10686,s_2891b40bce7037cb6fc4160c,K%,missing_projection_metric
pitcher,2026,RotoWire,p_48da1d101e8cb6eb88275ac2,s_875d6a0a39242fc632d4d458,K%,missing_projection_metric
pitcher,2026,RotoWire,p_340fa49b390d7ccae182eaa4,s_e226d353eaea6f69c7205dcf,K%,missing_projection_metric
pitcher,2026,RotoWire,p_028d1e47ba08f397b36a0b34,s_17a5878850d218b141b7e6a3,K%,missing_projection_metric
pitcher,2026,RotoWire,p_a80d4ffd8c4ac0d867414d37,s_752b5446c44d8e7ce2155452,K%,missing_projection_metric
pitcher,2026,RotoWire,p_601859fdd8080fb55daaca88,s_36065566c97b35b68687fdf8,K%,missing_projection_metric
pitcher,2026,RotoWire,p_d27727ac36c7fea7168491ea,s_4d01e5a76005617d7b76e157,K%,missing_projection_metric
pitcher,2026,RotoWire,p_c16ceee80f9bfb1fec04cdfe,s_beeb5243a74a35a0bf5daff1,K%,missing_projection_metric
pitcher,2026,RotoWire,p_3d7dbeb61bf17e62ef16d36b,s_09dae89ed03cfa40558feb64,K%,missing_projection_metric
pitcher,2026,RotoWire,p_cb7e3547063497ea6d59f8f1,s_bb303cb7f8b3f5f771d8c07a,K%,missing_projection_metric
pitcher,2026,RotoWire,p_5265b84a78acbbda433f96c7,s_85ff95d1a073bcdabe150465,K%,missing_projection_metric
pitcher,2026,RotoWire,p_d0ebfea953424a7ec46c2eb9,s_4b0f02a5848e9f03f5294b16,K%,missing_projection_metric
pitcher,2026,RotoWire,p_c4eb415b77ff8b7ebcd826e3,s_903df48c3452114e1decec98,K%,missing_projection_metric
pitcher,2026,RotoWire,p_3751299442003f8a18705d67,s_5641bfed92a468abeb3f210f,K%,missing_projection_metric
pitcher,2026,RotoWire,p_2760b771d5d2d52f8c0db525,s_e29248ee3c0c7f65f93467a0,K%,missing_projection_metric
pitcher,2026,RotoWire,p_c1d12d935a24fbd60d6cf764,s_5d987d21cf52bafe5221dd67,K%,missing_projection_metric
pitcher,2026,RotoWire,p_0e089b0f2e016b32a874b52f,s_40661569304e9e6d235aa5aa,K%,missing_projection_metric
pitcher,2026,RotoWire,p_c229b53fa6e02347d49d14af,s_92a1f1638de6e45c64f25eab,K%,missing_projection_metric
pitcher,2026,RotoWire,p_5aa9a1553defc70fdc9f44f6,s_0c3ae8fae4c2937f9a6a7a97,K%,missing_projection_metric
pitcher,2026,RotoWire,p_99f38b09686a812eec67a07d,s_87afe2fa72b7e6dedeb56fc5,K%,missing_projection_metric
pitcher,2026,RotoWire,p_7c9db6128a2d163051be00ea,s_3b96b41fd9e2148088b0c288,K%,missing_projection_metric
pitcher,2026,RotoWire,p_87e0f824b432c68de2f1cdda,s_7bdb2abc30385b242b1e6dc6,K%,missing_projection_metric
pitcher,2026,RotoWire,p_9d30f7fa80d5f631417ee075,s_f25bda8bdbf9dce044b98f09,K%,missing_projection_metric
pitcher,2026,RotoWire,p_b780c726b42fc01482d044ea,s_c405b0c20b4e6359698228ac,K%,missing_projection_metric
pitcher,2026,RotoWire,p_4418e268dc293e4c447c6546,s_834fab11eb38bf6052973750,K%,missing_projection_metric
pitcher,2026,RotoWire,p_4f63322407a16b6cb9e684d5,s_0dfd2147ebf1de91bb4049f9,K%,missing_projection_metric
pitcher,2026,RotoWire,p_4666c8933a6cfbcd75a49204,s_f49a29cb525ee8b5105bf239,K%,missing_projection_metric
pitcher,2026,RotoWire,p_65fc75eaa7cdf02f389515d9,s_8907cc7237cc8bbfecb8d45d,K%,missing_projection_metric
pitcher,2026,RotoWire,p_371a1a346ec1e2f9db0ad977,s_5b3d13e1056846fe80754a17,K%,missing_projection_metric
pitcher,2026,RotoWire,p_c3cfef0ffe32dcdecf86b61f,s_548eacae98a2577c2e8ecc25,K%,missing_projection_metric
pitcher,2026,RotoWire,p_27741deb9bcc7a5143466fbb,s_8e93023757fb4490770b557c,K%,missing_projection_metric
pitcher,2026,RotoWire,p_a040d5160e3ed9b54434cfbb,s_b1cf44160a6db5a931afdfaa,K%,missing_projection_metric
pitcher,2026,RotoWire,p_31e198d6dadb10cdd4b3261f,s_8f1280b82543642957404379,K%,missing_projection_metric
pitcher,2026,RotoWire,p_fde1cb0513829d5de21b3f1e,s_42a6de7becabde90a55ad218,K%,missing_projection_metric
pitcher,2026,RotoWire,p_d0cb62e3b68e340a9cdfacc2,s_ae7774bb549201c34d77e05c,K%,missing_projection_metric
pitcher,2026,RotoWire,p_d67e2299a0f2997cb42780b7,s_2cdabf4aa1046a81574ca380,K%,missing_projection_metric
pitcher,2026,RotoWire,p_5ab6446da06e03d88133c394,s_d8333a88bb0ba38ee61b0600,K%,missing_projection_metric
pitcher,2026,RotoWire,p_1dd0b1900f0273e21e3b6bc0,s_4119bdd6c893fb622e67d966,K%,missing_projection_metric
pitcher,2026,RotoWire,p_38048eea2f7c671d69ecd76b,s_36637e82852ce9266583b1cd,K%,missing_projection_metric
pitcher,2026,RotoWire,p_161e5a9305eaea8fb63c7654,s_71de7fd1e8bd40c2c73f2611,K%,missing_projection_metric
pitcher,2026,RotoWire,p_a6d5aaf96c6c17db57e8301a,s_5a02842895ea3a11c3fffa36,K%,missing_projection_metric
pitcher,2026,RotoWire,p_7b633d9c0fd8d30fda378a1c,s_6686b82c60156c0ae0d0bbfa,K%,missing_projection_metric
pitcher,2026,RotoWire,p_f7bab10a7c231ef55feda704,s_bd939012e148491941d0b364,K%,missing_projection_metric
pitcher,2026,RotoWire,p_76d7ef74cfa636d8b9d155bd,s_fd3454bba7c92acb8cfe6c4f,K%,missing_projection_metric
pitcher,2026,RotoWire,p_f50562cd42d6cc25aedd76e1,s_116f1b993051f4281b5f0885,K%,missing_projection_metric
pitcher,2026,RotoWire,p_5988f710e101ad2973bb1376,s_8e58a0514b94aa4876615f9c,K%,missing_projection_metric
pitcher,2026,RotoWire,p_f33b45e0082d9a26a8b16000,s_1d4ca3de5c0f190ad1cd9904,K%,missing_projection_metric
pitcher,2026,RotoWire,p_ca0d45e796adb570fdbab1c7,s_c54989d725c39f992d847180,K%,missing_projection_metric
pitcher,2026,RotoWire,p_ad235584736e2db776c9f300,s_82c549976445ec5293bd4013,K%,missing_projection_metric
pitcher,2026,RotoWire,p_9085615513755fa3b7c88ed7,s_f8dee4d6a6d5b4fc6bf16c14,K%,missing_projection_metric
pitcher,2026,RotoWire,p_533e1d1b9b0e042ae42a70bc,s_8f36a1e0022c964f31c91f6c,K%,missing_projection_metric
pitcher,2026,RotoWire,p_6bd9055b9b59370a6fc21176,s_38cb4d4248701e7a6ce03c04,K%,missing_projection_metric
pitcher,2026,RotoWire,p_1142060f4e1e790850d30e59,s_e3055325e6d4d537bb5e9944,K%,missing_projection_metric
pitcher,2026,RotoWire,p_dae721ae0af6fe067aae9fe3,s_db565252059663c6bffa179c,K%,missing_projection_metric
pitcher,2026,RotoWire,p_922ce00ab6c0df908faed3ae,s_ef97b59aeed2b866edf74fc1,K%,missing_projection_metric
pitcher,2026,RotoWire,p_337ef551541514c24ce1c46c,s_229979b7e30905a88660d96c,K%,missing_projection_metric
pitcher,2026,RotoWire,p_30abefb7f554a01f12b64dc7,s_fc49ffe12ccb4971dd49b87c,K%,missing_projection_metric
pitcher,2026,RotoWire,p_4e095ac42b4a01d1fdf29e14,s_c1ff9537b3916f96e21da196,K%,missing_projection_metric
pitcher,2026,RotoWire,p_ca0da33a70c68f592795f426,s_92ec7236f3bdeff13bd44080,K%,missing_projection_metric
pitcher,2026,RotoWire,p_35ac1581cac235bb1668f22a,s_d36b2e4d860586127be89fd8,K%,missing_projection_metric
pitcher,2026,RotoWire,p_e4a10c7f007942d7d013ffa8,s_cf43669aca51ad8bb46a7ad1,K%,missing_projection_metric
pitcher,2026,RotoWire,p_f1199c5e49b77b823fde65db,s_143519ffbff4d224a199b05c,K%,missing_projection_metric
pitcher,2026,RotoWire,p_2d89951f468f9685aecc45ef,s_03122fe5dd8adcaf8d77c768,K%,missing_projection_metric
pitcher,2026,RotoWire,p_f6c81be67460a702270428c3,s_af291b754a869e280b9c2b8e,K%,missing_projection_metric
pitcher,2026,RotoWire,p_05f3918b6278bcd6d3856315,s_df9b30f4a30507058f649de3,K%,missing_projection_metric
pitcher,2026,RotoWire,p_bc1f7345b1d67fbf1e7c9f68,s_4e9fd06a26e71e911e735224,K%,missing_projection_metric
pitcher,2026,RotoWire,p_5fc4cd4565230611a892c103,s_715fa66e6dfd8383030a4599,K%,missing_projection_metric
pitcher,2026,RotoWire,p_c564f60ca570a42cae848b9d,s_187fde3f46b3d79e19312456,K%,missing_projection_metric
pitcher,2026,RotoWire,p_4b42caae2c74a4d78fc1d2c5,s_5a02da658098d16ade5abcfa,K%,missing_projection_metric
pitcher,2026,RotoWire,p_8b93ec63be6ec0ab8c535e69,s_0518026017a1f141d269059b,K%,missing_projection_metric
pitcher,2026,RotoWire,p_23ad51a9725fb7e2007c6f4a,s_a90769eb9d65f184dc3ba662,K%,missing_projection_metric
pitcher,2026,RotoWire,p_e0d80b0ade89ca191c7c7e55,s_e14d447b381f1e1b02d397af,K%,missing_projection_metric
pitcher,2026,RotoWire,p_93b79e92d76fa2af9c41c2cb,s_f3964a3b926efc08eaa079e7,K%,missing_projection_metric
pitcher,2026,RotoWire,p_574ecbd5a49e1ed6c42b24dc,s_15412145a00613abe84e86db,K%,missing_projection_metric
pitcher,2026,RotoWire,p_dedb29c4c8c6ce892139f533,s_df57e2dc4776985c74b9ce97,K%,missing_projection_metric
pitcher,2026,RotoWire,p_0876ad8121b608233facdf46,s_7236fb6735a8e63e3af6edf1,K%,missing_projection_metric
pitcher,2026,RotoWire,p_d445cfc4cbcbaa36bc71236d,s_f633dd566d881d2b933d6b51,K%,missing_projection_metric
pitcher,2026,RotoWire,p_8b9cb10f6657921d3c1ea1a2,s_2d1cd2cafa217d36a804386f,K%,missing_projection_metric
pitcher,2026,RotoWire,p_c09cf00381457e60dd0c837e,s_78f62445549e2eb76f41cac4,K%,missing_projection_metric
pitcher,2026,RotoWire,p_79db076d96a757be408fc0b5,s_02e73efe89ad262325e8dfaa,BB%,missing_projection_metric
pitcher,2026,RotoWire,p_71d09db50c9a74cdff2daaa6,s_614802de35e345fb7ede0dda,BB%,missing_projection_metric
pitcher,2026,RotoWire,p_fe8cab313ac88ec19b9d2fd5,s_20ee2b13a3927aaf89b8a0f2,BB%,missing_projection_metric
pitcher,2026,RotoWire,p_70c49bf0f0626ec80e6293cd,s_1ca8ae9daf345f13f08be96c,BB%,missing_projection_metric
pitcher,2026,RotoWire,p_7f3c31a904c074d502da70d5,s_66635d895980ec6ac7e9c95d,BB%,missing_projection_metric
pitcher,2026,RotoWire,p_076050d971510ecbad0e9fc2,s_796e0cb433f95b4700dc1cb3,BB%,missing_projection_metric
pitcher,2026,RotoWire,p_0dc12b093f01fa4ff1998e35,s_52a8f78e72cffe623c4beaec,BB%,missing_projection_metric
pitcher,2026,RotoWire,p_b64f0bdc08dbeb2bf1f233f1,s_52c78ceb5d9d23c55918a01f,BB%,missing_projection_metric
pitcher,2026,RotoWire,p_5e15cd85b86d4f7d8a3917f1,s_e06a5474d27445ec072d0359,BB%,missing_projection_metric
pitcher,2026,RotoWire,p_c77633fc44aa9ab70e90b313,s_e99e7ffd1bd3cafb2fda6e44,BB%,missing_projection_metric
pitcher,2026,RotoWire,p_7a0f54bccb8bb17435ba889a,s_a0393aa3cb0d4c07fdc452ba,BB%,missing_projection_metric
pitcher,2026,RotoWire,p_a8c6e164b8c9d48c0a076f2c,s_7f244160368a805400e14a62,BB%,missing_projection_metric
pitcher,2026,RotoWire,p_961f6e00dd2d95905acb6d7f,s_fbd426f38b7a98cbd6fd9fc2,BB%,missing_projection_metric
pitcher,2026,RotoWire,p_7837da98084befe7500c0de1,s_e33f1987f1f370fba5e8b6f1,BB%,missing_projection_metric
pitcher,2026,RotoWire,p_47ed758dc936cd8e92d1d3fb,s_ad2c9cd6d2a4b7af156273fe,BB%,missing_projection_metric
pitcher,2026,RotoWire,p_ab80696a06cabb94d0590e17,s_34aad421bfe6fbfaff97283d,BB%,missing_projection_metric
pitcher,2026,RotoWire,p_d37981ebca7896eb8c5d5e08,s_ad008f879e465fc7added602,BB%,missing_projection_metric
pitcher,2026,RotoWire,p_8349a663da3750fe77506964,s_09e8532c1e4f4ac4fe7ab5ad,BB%,missing_projection_metric
pitcher,2026,RotoWire,p_6660c34756e8e079063c8590,s_f7b7cb1405b211e04f7fbc12,BB%,missing_projection_metric
pitcher,2026,RotoWire,p_3a56b40b2c57dca6ae8cf58e,s_7f9591b058fdd1db884ec9b4,BB%,missing_projection_metric
pitcher,2026,RotoWire,p_1c8acb186b9d936cb16ba8c8,s_524eb687adb4e4f3c7208d75,BB%,missing_projection_metric
pitcher,2026,RotoWire,p_8cb9b18f097241aaca305ef9,s_ad4a6ec31c7ee36215220d40,BB%,missing_projection_metric
pitcher,2026,RotoWire,p_30de042ebbb0b98c455a5266,s_17d5978d0e70f0d886c4d08c,BB%,missing_projection_metric
pitcher,2026,RotoWire,p_28abf5cc48d77ded7411a157,s_ced59eb3acfa93540d7dda19,BB%,missing_projection_metric
pitcher,2026,RotoWire,p_cf9fa37e74c0fa0c64a54b23,s_c77a1898a876049f00b4004e,BB%,missing_projection_metric
pitcher,2026,RotoWire,p_000215aa0a15c0d7ca6d5492,s_e640bc8bd3c8454846755b00,BB%,missing_projection_metric
pitcher,2026,RotoWire,p_ce0a7b766c90514f3d557d6b,s_05af1499743ad27ac3f9de42,BB%,missing_projection_metric
pitcher,2026,RotoWire,p_d931f098ccb7246a53c02b23,s_58ee4d655966670a532d22d5,BB%,missing_projection_metric
pitcher,2026,RotoWire,p_14ae2075371d15014297c7ae,s_2945d8db294971bc58dc7928,BB%,missing_projection_metric
pitcher,2026,RotoWire,p_e57a7daba23968e0156d47d8,s_9f0b3f3e9149946c020e1b84,BB%,missing_projection_metric
pitcher,2026,RotoWire,p_f8207c80dd8d374f9e4cc152,s_4b83386ab430086495361d6f,BB%,missing_projection_metric
pitcher,2026,RotoWire,p_e333710884baecb1ae5dba0f,s_7d08a9b76af5b8f0b8448821,BB%,missing_projection_metric
pitcher,2026,RotoWire,p_67c782a89ca0d0934cb67da0,s_1f69d8750d3f7ba8256d97ee,BB%,missing_projection_metric
pitcher,2026,RotoWire,p_05b053aef1fe89fcd847726e,s_562775cf25cd3f31f8e59c34,BB%,missing_projection_metric
pitcher,2026,RotoWire,p_5c31828b78f7ebd5a1f567ea,s_1738f243cfb1a99899c2a7dc,BB%,missing_projection_metric
pitcher,2026,RotoWire,p_dae655bcb2a707499b8da77f,s_4ae5c13d3dec7187155fae83,BB%,missing_projection_metric
pitcher,2026,RotoWire,p_a55e1314437f703697888e9a,s_f58c4f95ff890a6b6b20d0b8,BB%,missing_projection_metric
pitcher,2026,RotoWire,p_bad965b08abad35f7f072927,s_41bba3a6a43b0537bb54e299,BB%,missing_projection_metric
pitcher,2026,RotoWire,p_7f60fe780813d2e2f804a47f,s_4ced7b9890859c8d08fb63b1,BB%,missing_projection_metric
pitcher,2026,RotoWire,p_f732808de15e4b6e01ed6e5e,s_616ef2c9ccaaeabb97487640,BB%,missing_projection_metric
pitcher,2026,RotoWire,p_a88afe1f0743c6b59b5fa48c,s_84bef2c1e7861ff427632396,BB%,missing_projection_metric
pitcher,2026,RotoWire,p_fac8fe6d0d4a7a73a2dc5d0b,s_12013fb886c3b5b3a867a185,BB%,missing_projection_metric
pitcher,2026,RotoWire,p_4946d0fafc0d0ae33e1e930e,s_23594cd3339f56e30480cd45,BB%,missing_projection_metric
pitcher,2026,RotoWire,p_45af90dea0a15679463264ff,s_70e54aa9970aa17262b01623,BB%,missing_projection_metric
pitcher,2026,RotoWire,p_cc3893db1d216499b15a96b7,s_86c270b67e17b539dc6bcf96,BB%,missing_projection_metric
pitcher,2026,RotoWire,p_10a3e264d0d762f0a6116bf0,s_0d7a85627da562938036f05a,BB%,missing_projection_metric
pitcher,2026,RotoWire,p_69bf94efbaeb173840b3fe59,s_603a7fa637a85021fd2334bf,BB%,missing_projection_metric
pitcher,2026,RotoWire,p_20cfc1ed708ec62614a8be4a,s_e9f44b929da6498d83f1e4b0,BB%,missing_projection_metric
pitcher,2026,RotoWire,p_5e4be1b675696e14d59387d7,s_569a4ab274f1c1ffc0aac1bf,BB%,missing_projection_metric
pitcher,2026,RotoWire,p_bc5886f85f668aec59f650a3,s_20a9db26a02c74fd697d0b28,BB%,missing_projection_metric
pitcher,2026,RotoWire,p_c5b82d72e1ce8ed1000e8ca9,s_7aed22939a32c3a2bf7c9dbb,BB%,missing_projection_metric
pitcher,2026,RotoWire,p_b43c67aae95620f8ae32f063,s_22d6db56ca20ecfbab1e3dbb,BB%,missing_projection_metric
pitcher,2026,RotoWire,p_78a8db997f51090cfa594d12,s_b54fe9d62534073c2f494b32,BB%,missing_projection_metric
pitcher,2026,RotoWire,p_56f8cacbf95fa9e9ccd5f037,s_ccdf7d168096c840b25ca2f5,BB%,missing_projection_metric
pitcher,2026,RotoWire,p_2cd1bbdbc7d02b4f5c0e4a81,s_e1f52ec2819f17b068323800,BB%,missing_projection_metric
pitcher,2026,RotoWire,p_07394d99dcbd9729eb1c244b,s_17f2ef6270a28339bb189ba1,BB%,missing_projection_metric
pitcher,2026,RotoWire,p_17e93d5e2f0eff121bd2e922,s_4ea0e8ba5ebb276a47a29537,BB%,missing_projection_metric
pitcher,2026,RotoWire,p_05853e333f5ea183e286e9f3,s_c2983ea9e81c1508c6099caa,BB%,missing_projection_metric
pitcher,2026,RotoWire,p_f291c89c85ccbcc1a5b86d36,s_f096a15291b2715045f8289b,BB%,missing_projection_metric
pitcher,2026,RotoWire,p_9d536cb354f545a79cf263ad,s_5e7a22ab833cad21b60282e5,BB%,missing_projection_metric
pitcher,2026,RotoWire,p_19dec057e552049568aaec59,s_a69ed7ac9bdf1e86f70e84f9,BB%,missing_projection_metric
pitcher,2026,RotoWire,p_ab201d9f00a18e2a1bcb84f8,s_3e72fa6e0785b6b8645834f6,BB%,missing_projection_metric
pitcher,2026,RotoWire,p_af8228da2186a3c55a0c0647,s_aae2bcd9d96ff918fe948e2a,BB%,missing_projection_metric
pitcher,2026,RotoWire,p_dccf73052bae55c71948ac4c,s_3219ee8482f2f624dc4ec859,BB%,missing_projection_metric
pitcher,2026,RotoWire,p_e6f97a8200763e284decf5ae,s_6bdd30c677b24b708db0e278,BB%,missing_projection_metric
pitcher,2026,RotoWire,p_fdcc3c57fc1404d67ef4d33f,s_dedfd054be4ff6c3c5938dd2,BB%,missing_projection_metric
pitcher,2026,RotoWire,p_97392f4b9a9bcd3580abacfa,s_eb8229b948d02b6f80bcf1cf,BB%,missing_projection_metric
pitcher,2026,RotoWire,p_081253e7d079edbb13e4e0de,s_65a0c6f3512d068c8ebbc923,BB%,missing_projection_metric
pitcher,2026,RotoWire,p_61fb48d2e73aa7850e1737bd,s_a3cd36cc4d8cf2cf829bf81a,BB%,missing_projection_metric
pitcher,2026,RotoWire,p_2b11176e1209a4155291382a,s_036c5aea09ea8e4d4d8832aa,BB%,missing_projection_metric
pitcher,2026,RotoWire,p_b2fab903e6ffc323ace73400,s_f8b373e56d8fbca3810dcb90,BB%,missing_projection_metric
pitcher,2026,RotoWire,p_24a22b256217bda128f194b7,s_9f06f3eaed258dfb1a93e3f0,BB%,missing_projection_metric
pitcher,2026,RotoWire,p_b70c49459235c52b0d564237,s_5a568f574297c4ff5b76319a,BB%,missing_projection_metric
pitcher,2026,RotoWire,p_6cb3547deca91d83694527f9,s_31fabd9729215a9949003c77,BB%,missing_projection_metric
pitcher,2026,RotoWire,p_e596c20f3f965f74f208c29f,s_8328e2b71b4ee86fe3a2f3f4,BB%,missing_projection_metric
pitcher,2026,RotoWire,p_481d55069fc331213e830346,s_8b4be7a0ecc307bc3fa75358,BB%,missing_projection_metric
pitcher,2026,RotoWire,p_fde48aca5839877a629d3e92,s_5c7331f17b7b63e2e03d11df,BB%,missing_projection_metric
pitcher,2026,RotoWire,p_5e4a0f72ee5813838f4aff38,s_067ff7ec56f29a45f041acb9,BB%,missing_projection_metric
pitcher,2026,RotoWire,p_80b914cf66fe72410163fff3,s_9cdbd8af6d471af0399a1fcd,BB%,missing_projection_metric
pitcher,2026,RotoWire,p_16e4efe96d962f1312ff2ed5,s_a17377923fa84851e0ea0064,BB%,missing_projection_metric
pitcher,2026,RotoWire,p_1d309b98d8a85dce0f5ce922,s_dda28f951ebc4c3d20388033,BB%,missing_projection_metric
pitcher,2026,RotoWire,p_31b06a37157510ce6f137ea5,s_23a075b1781e644b664395e1,BB%,missing_projection_metric
pitcher,2026,RotoWire,p_41d77fd79c69b4fb06385e5c,s_a6dbf0caee5440ae6d54a731,BB%,missing_projection_metric
pitcher,2026,RotoWire,p_5d461229c4f3a1d894c1ef5b,s_a3d91b35925836f0030d069b,BB%,missing_projection_metric
pitcher,2026,RotoWire,p_29e3a8fc6ea52a0f2a8c07d7,s_56f3548c202df799cede6dd5,BB%,missing_projection_metric
pitcher,2026,RotoWire,p_b25d93daecd6b8c40be76364,s_08938cb1e2bd51545c9ae8ae,BB%,missing_projection_metric
pitcher,2026,RotoWire,p_1e13703553ee4e761b93a8d2,s_1ddd04d3fc7b7cbd69c573ce,BB%,missing_projection_metric
pitcher,2026,RotoWire,p_7c8aefd139986ac3072d388d,s_6281ffe87331df956d90942a,BB%,missing_projection_metric
pitcher,2026,RotoWire,p_41722893e1c4663095c86715,s_bf91f90f1033a36d841735dd,BB%,missing_projection_metric
pitcher,2026,RotoWire,p_71ab6c91e583b9c4b88368c8,s_698cac4bee7738b7d497b9cc,BB%,missing_projection_metric
pitcher,2026,RotoWire,p_79c8921830ad0b38d9102933,s_75d4baa0e78ba48f8ad5a854,BB%,missing_projection_metric
pitcher,2026,RotoWire,p_132c5c809400e7c9829c64f8,s_b2e18d452a15a3f9f5c92db1,BB%,missing_projection_metric
pitcher,2026,RotoWire,p_ed117e6d08f801679bab8315,s_a6be2f4e494d49dc1c0ef7a6,BB%,missing_projection_metric
pitcher,2026,RotoWire,p_7b181bc3135686a422e14ce5,s_89a4d8a46c2532371b238053,BB%,missing_projection_metric
pitcher,2026,RotoWire,p_bdacaf18408f4db91a1d636e,s_f0ae22590feb1167596ad39b,BB%,missing_projection_metric
pitcher,2026,RotoWire,p_7c02936ac6ca07e9b01cbaf4,s_cf11914bd152b9d9f461ea08,BB%,missing_projection_metric
pitcher,2026,RotoWire,p_28bb786af5098edc9010594c,s_c18134503823c04064fc3ff8,BB%,missing_projection_metric
pitcher,2026,RotoWire,p_a22a4d8b57e5468ad3a65d76,s_bdfe575a8f03acc401a8123c,BB%,missing_projection_metric
pitcher,2026,RotoWire,p_6a42955399901b3739b52d45,s_50b8bc6751c5093241089ca6,BB%,missing_projection_metric
pitcher,2026,RotoWire,p_b089c61cefb15acef80e4522,s_2e9063597ffcdcad42b10efa,BB%,missing_projection_metric
pitcher,2026,RotoWire,p_2dcfce41c52f17e2ea97a04c,s_c0943b9905e238779697b5dc,BB%,missing_projection_metric
pitcher,2026,RotoWire,p_a67d7439eaa5a301707a0a3a,s_591c26d378ad73e95af715cd,BB%,missing_projection_metric
pitcher,2026,RotoWire,p_d414670609afdbe251cf99be,s_c42855b7de7177fb727fb7e3,BB%,missing_projection_metric
pitcher,2026,RotoWire,p_1af5dd31a0e578895fc78c7a,s_f183b8441ccd7236312f3495,BB%,missing_projection_metric
pitcher,2026,RotoWire,p_3f22e91a73d176ec1adc71e5,s_7d857c8b61a49b06d77bc3a8,BB%,missing_projection_metric
pitcher,2026,RotoWire,p_36b9e4f3c1486512b790c92a,s_a73483fc2d124c4a09e99795,BB%,missing_projection_metric
pitcher,2026,RotoWire,p_bbe0b0144e2190d075a1534d,s_5157500c6e2ba6c70bb5b04b,BB%,missing_projection_metric
pitcher,2026,RotoWire,p_3d0062533d192d85478f4c10,s_77a62d6a51cfcb12763cec3f,BB%,missing_projection_metric
pitcher,2026,RotoWire,p_b0e54ab450830f76f778c92d,s_2c8e1611ddf4dcf1f5ec772f,BB%,missing_projection_metric
pitcher,2026,RotoWire,p_1842c09e90dd4df6bc699fe5,s_dcbcc705bfca6b8aa3327cbf,BB%,missing_projection_metric
pitcher,2026,RotoWire,p_cd588d51b00463d2fafe77cc,s_bdafbc46a4d523d5f809cd46,BB%,missing_projection_metric
pitcher,2026,RotoWire,p_0d3da1fa979ed07af5004686,s_e185f1ad7e3651df58d43f9d,BB%,missing_projection_metric
pitcher,2026,RotoWire,p_fdea2ad4794d12911ab12ec2,s_0f7c97601be907424af919ac,BB%,missing_projection_metric
pitcher,2026,RotoWire,p_2c23e59d57f37af52a2c0170,s_5697470dc73097764a390fd8,BB%,missing_projection_metric
pitcher,2026,RotoWire,p_b6c41e8a47dd22519ed59712,s_a90254f322b7431d70ae4057,BB%,missing_projection_metric
pitcher,2026,RotoWire,p_716e1d0491d0acf637acf49d,s_c4cce9240189d044dd3329e7,BB%,missing_projection_metric
pitcher,2026,RotoWire,p_ce2c49b4be7d2bce7223a6a0,s_0d3b439462823eb7e399fd3e,BB%,missing_projection_metric
pitcher,2026,RotoWire,p_2d5fe2afb55076421b84c2d7,s_398c3f61db847db934f6b270,BB%,missing_projection_metric
pitcher,2026,RotoWire,p_442f67b0e6c767028dd31107,s_c83002c2f99332d5425bbd12,BB%,missing_projection_metric
pitcher,2026,RotoWire,p_583ce1d38f5dfec0877a25c3,s_b5777ad9f2ec12bc72570ccb,BB%,missing_projection_metric
pitcher,2026,RotoWire,p_2269ea2145532d73c89362b1,s_fc62eb5ed0edf0b71c81610f,BB%,missing_projection_metric
pitcher,2026,RotoWire,p_230ac4acbb3108f710292706,s_342bc20cae260e3cc3a2e0ae,BB%,missing_projection_metric
pitcher,2026,RotoWire,p_d102f410880190d0edf406b6,s_8666beaad3ad1f0ac5e85d72,BB%,missing_projection_metric
pitcher,2026,RotoWire,p_da8308c5e24e6b959b553489,s_6304808ac13dd00744470a58,BB%,missing_projection_metric
pitcher,2026,RotoWire,p_6d4ae8b0d7f537ca8fbfe71e,s_8b4a8134fb13d9aafc6a4da6,BB%,missing_projection_metric
pitcher,2026,RotoWire,p_f468eeff6fef7a47f63cd456,s_09cc96f415ecf4501e3aa097,BB%,missing_projection_metric
pitcher,2026,RotoWire,p_3a5340479fb9d5d45f5e9e64,s_2cd92837f0e92867470a70a6,BB%,missing_projection_metric
pitcher,2026,RotoWire,p_e34cbeb141d24f4faface8ac,s_71b56212edfebcad3a8c54b9,BB%,missing_projection_metric
pitcher,2026,RotoWire,p_969b0d48692c2520e3a6ca51,s_0662c51630d77110d38e7748,BB%,missing_projection_metric
pitcher,2026,RotoWire,p_d7a6a481b2c8156315936897,s_82f9218259ded6fa2112f2ae,BB%,missing_projection_metric
pitcher,2026,RotoWire,p_fae8649ac857a8babf1bdca8,s_028c0d6cd2dd3953de7d9837,BB%,missing_projection_metric
pitcher,2026,RotoWire,p_6cb98ada7d3e5f6be65307b2,s_d5d4d62889977950f37ee8b4,BB%,missing_projection_metric
pitcher,2026,RotoWire,p_0738eee4fb6a62334e2dc6a6,s_85ec860c4050835b36b71df5,BB%,missing_projection_metric
pitcher,2026,RotoWire,p_eccd2ebd3c9871f883165c10,s_5f57d1ed50b0d3d9923bcc69,BB%,missing_projection_metric
pitcher,2026,RotoWire,p_a4292d6ed24cf3d214692278,s_df44c62956c5f598e38205f0,BB%,missing_projection_metric
pitcher,2026,RotoWire,p_3830026e4827f3c798c92493,s_da20a86bb54e62c1d83a4367,BB%,missing_projection_metric
pitcher,2026,RotoWire,p_ba2387323b64d5ebd5d849ac,s_e7597dd07e0f1d8da59a3400,BB%,missing_projection_metric
pitcher,2026,RotoWire,p_8d015290d706bfda018cbc6c,s_d0ce00300f20ec1a25e6e5c4,BB%,missing_projection_metric
pitcher,2026,RotoWire,p_fd76b24f9ee996f781b69c33,s_045f549c48c01e18f685b98f,BB%,missing_projection_metric
pitcher,2026,RotoWire,p_8a63344ccf2319f6266b3f1f,s_d45866520b5834dc3f5f1f83,BB%,missing_projection_metric
pitcher,2026,RotoWire,p_e701ea2611f379ba863599b0,s_5c7f2d626f97b1de990bebb8,BB%,missing_projection_metric
pitcher,2026,RotoWire,p_33ae34742e696d8f84d174a1,s_9d8113acdd23bed9a0f6adbc,BB%,missing_projection_metric
pitcher,2026,RotoWire,p_983985938701c89b957bf280,s_211419391970d8b1d0144d40,BB%,missing_projection_metric
pitcher,2026,RotoWire,p_833ff8e8d015c9ecd8ab1e4a,s_60e93d044ce76321b8243383,BB%,missing_projection_metric
pitcher,2026,RotoWire,p_1495f8ede09487e68eb6132f,s_6b0133ab90086aca833e5eaf,BB%,missing_projection_metric
pitcher,2026,RotoWire,p_712ae68dc57df5d305f2eced,s_9222565f90bb5eafa12ad508,BB%,missing_projection_metric
pitcher,2026,RotoWire,p_c64d1a71e8b698a4cf973c7e,s_21308c26e641cb31d76ae9cc,BB%,missing_projection_metric
pitcher,2026,RotoWire,p_6195a4077f4c42e4300606dc,s_fb661d7389529e74f0035106,BB%,missing_projection_metric
pitcher,2026,RotoWire,p_b7e27b68ebd83bc6a468e72b,s_be63c50f73c8ff6661170b58,BB%,missing_projection_metric
pitcher,2026,RotoWire,p_d90668f2da110f1ef8a9f695,s_3591de3176081ab38e550c8a,BB%,missing_projection_metric
pitcher,2026,RotoWire,p_0656788e350d8a313901326d,s_69aa5aad97e53e41f94c1789,BB%,missing_projection_metric
pitcher,2026,RotoWire,p_7baf8732d9a598c647856252,s_0c2b492e7d497799171ea7f1,BB%,missing_projection_metric
pitcher,2026,RotoWire,p_036ba95158dbe1470dd58b5d,s_8a0abeccb9f873766e423e83,BB%,missing_projection_metric
pitcher,2026,RotoWire,p_6b060d3dfdf334d2e513ce27,s_ae941874ac1912f4350685bd,BB%,missing_projection_metric
pitcher,2026,RotoWire,p_a43389757236b20e3141d27c,s_72b0c2ef519efb4514c239b6,BB%,missing_projection_metric
pitcher,2026,RotoWire,p_86bbc8fa57931321ecdf298d,s_e41dd40cfe43684375e3898f,BB%,missing_projection_metric
pitcher,2026,RotoWire,p_9f3a80089b3361cb0cbce43f,s_8aed51ea81aacdcbdf8c00d4,BB%,missing_projection_metric
pitcher,2026,RotoWire,p_ad78ce5032f69f100e3afe02,s_e837ffd18c02be5e23bb959c,BB%,missing_projection_metric
pitcher,2026,RotoWire,p_20593f1b2a54d619214da9e6,s_eb06e57bd5e815759f05e53c,BB%,missing_projection_metric
pitcher,2026,RotoWire,p_243c60d01118f80fce959797,s_3a18cc93ab30b64eb1cbdc46,BB%,missing_projection_metric
pitcher,2026,RotoWire,p_6a5ad9cf8a12ffa4c0cfffae,s_f3b9ef45454b231ba60b9dca,BB%,missing_projection_metric
pitcher,2026,RotoWire,p_f423bf407dac7dca6759a07b,s_c2ef29318fa8b384f2fae2d4,BB%,missing_projection_metric
pitcher,2026,RotoWire,p_4d31d759d710f8357e79536b,s_7c265a1f04c8d1ff2fb0dcc1,BB%,missing_projection_metric
pitcher,2026,RotoWire,p_2553085f66061508335f3fb1,s_d46240b83594205e73a80ee8,BB%,missing_projection_metric
pitcher,2026,RotoWire,p_08c841183887e159fb3b9131,s_af85b36fafc81172db80c3be,BB%,missing_projection_metric
pitcher,2026,RotoWire,p_1046da07b999ebe851bcced8,s_c3400b9286dccded1d6bd5b1,BB%,missing_projection_metric
pitcher,2026,RotoWire,p_dba406ee26bfb7503c1bf27d,s_6100d708654d437b72f780fb,BB%,missing_projection_metric
pitcher,2026,RotoWire,p_b3fd9a51515080534ee8cdc9,s_f350d4c57cc60cb9ee10371d,BB%,missing_projection_metric
pitcher,2026,RotoWire,p_607b4432d07e4a7dfc0a7e67,s_ae784347c299600214f4d6ea,BB%,missing_projection_metric
pitcher,2026,RotoWire,p_e65f6476452ef1c2469ceb29,s_b3c1dedcbd9dd3fd85aa19e3,BB%,missing_projection_metric
pitcher,2026,RotoWire,p_2f8502e30665a12d3037adfa,s_113b16c1a8e292bbb3c799f2,BB%,missing_projection_metric
pitcher,2026,RotoWire,p_dc952cf10742e3abc77f91bf,s_16a4f2dc7800547f70b65523,BB%,missing_projection_metric
pitcher,2026,RotoWire,p_62360b5de96d90bc68e17dd9,s_b305bd7c53ab81f13c1c912e,BB%,missing_projection_metric
pitcher,2026,RotoWire,p_c7e08145000aa38e16a0f7fc,s_038b937bebcb3941c080f59c,BB%,missing_projection_metric
pitcher,2026,RotoWire,p_f2af4380a6d1108c9d507592,s_404b29b162dd302cc29e0f43,BB%,missing_projection_metric
pitcher,2026,RotoWire,p_1821549cff26dbba5d4aca04,s_b15f1f5f5767cd47ef9f46fc,BB%,missing_projection_metric
pitcher,2026,RotoWire,p_a0394efcc7f08bfbcaf82819,s_a4e2aa1108c24912c764ab83,BB%,missing_projection_metric
pitcher,2026,RotoWire,p_2f79f472a978afdd718437e0,s_dcee8773c97bac3eaf4ae3e4,BB%,missing_projection_metric
pitcher,2026,RotoWire,p_6812838b39eb2c709ed072fd,s_fc3128ea970344d60bcc6a9b,BB%,missing_projection_metric
pitcher,2026,RotoWire,p_543d7c89d0a82ee568c8f70d,s_ae792e964b1c67ccc4dea181,BB%,missing_projection_metric
pitcher,2026,RotoWire,p_c2f429582365b8384125cb6a,s_55c7e983497bcfd06e5e0a2c,BB%,missing_projection_metric
pitcher,2026,RotoWire,p_0e56dc24388067d6adf8d91b,s_c82a6bbeb3d4a638908852d7,BB%,missing_projection_metric
pitcher,2026,RotoWire,p_8961924234b18a32fc5f7a2c,s_f68640ccad2041e242b29f09,BB%,missing_projection_metric
pitcher,2026,RotoWire,p_d0ae9150ea080d20bd5ec95d,s_82b1bfc3706b57e69ccc66f3,BB%,missing_projection_metric
pitcher,2026,RotoWire,p_d9c64dd40ed1ff65a53e6228,s_751de3332f53fb67db97fd65,BB%,missing_projection_metric
pitcher,2026,RotoWire,p_ec38b20b6fea67297fb8b7e9,s_e6ccdcafe03697ed83c3f667,BB%,missing_projection_metric
pitcher,2026,RotoWire,p_fd293a60557159fc55b19a14,s_17c017336be777d6f7bd52fa,BB%,missing_projection_metric
pitcher,2026,RotoWire,p_b8cb9339000eda49122a846d,s_e7d06d8895035094a72ee3f0,BB%,missing_projection_metric
pitcher,2026,RotoWire,p_889ef298862822ad30619dee,s_74392b3536cab0d3639e5b53,BB%,missing_projection_metric
pitcher,2026,RotoWire,p_f6d0db5ece194fe2beb1ec11,s_d6b37a50adcb95aa5c0edefb,BB%,missing_projection_metric
pitcher,2026,RotoWire,p_ba6bc0de0ca86615bd2bdedc,s_676cb05c07bcc30e91eb692c,BB%,missing_projection_metric
pitcher,2026,RotoWire,p_7f98fc5309c4bebcdf90b1ee,s_87e175102226c69f05792cb4,BB%,missing_projection_metric
pitcher,2026,RotoWire,p_99936a0709128a5b98222b47,s_3bb81993e0fa94307a55f0d3,BB%,missing_projection_metric
pitcher,2026,RotoWire,p_a2d71b7fb136048f257feacb,s_9b231aab3c071369d47d6aa1,BB%,missing_projection_metric
pitcher,2026,RotoWire,p_6e405786ba3c4c7b03295e6c,s_ff6e0fb946fa9cfd93308244,BB%,missing_projection_metric
pitcher,2026,RotoWire,p_f70df816fb2af92723c3bf45,s_e8eb19c3b70c6096d7c7d67e,BB%,missing_projection_metric
pitcher,2026,RotoWire,p_57926ad8504ce0a902b32f60,s_8a41497965fdbc1e478408bc,BB%,missing_projection_metric
pitcher,2026,RotoWire,p_4d320f12f7ed1ac1d64a8564,s_bb8efbc54ac4da39df06b9db,BB%,missing_projection_metric
pitcher,2026,RotoWire,p_c9c4b9c76960c47b342a00fe,s_9ed8ffe1dcea97647aacace3,BB%,missing_projection_metric
pitcher,2026,RotoWire,p_2d552f16a226676cfbe73c4b,s_0dbf2dfbdb2b739c681071d6,BB%,missing_projection_metric
pitcher,2026,RotoWire,p_2b6dc032a155f10c90f5d066,s_1ed09da81190098daa437aeb,BB%,missing_projection_metric
pitcher,2026,RotoWire,p_eb64217a110853bbd2776488,s_7756b14a2c726c3ccd7d4035,BB%,missing_projection_metric
pitcher,2026,RotoWire,p_e53dd34ff1049b4cdddde3b2,s_3527fd472cfeb6eb12e052d9,BB%,missing_projection_metric
pitcher,2026,RotoWire,p_67fd9d9af5f906af95676a62,s_605fed54b903a6fa29aaf809,BB%,missing_projection_metric
pitcher,2026,RotoWire,p_fbcb5bbe88ef2a2cc64ce3bd,s_b123b2e61e113540d53980fd,BB%,missing_projection_metric
pitcher,2026,RotoWire,p_bf86f5798c2e549b7fb30ee2,s_2a519d8c6bc98a6265df0750,BB%,missing_projection_metric
pitcher,2026,RotoWire,p_7e64b52cb46e4cbbb3f33766,s_d86b607dda8bc443db5be938,BB%,missing_projection_metric
pitcher,2026,RotoWire,p_12ca2be8b434327cb415d7c5,s_cd978a3f34d68e6fa9dc28de,BB%,missing_projection_metric
pitcher,2026,RotoWire,p_f3591f0057a7a2816bc6c347,s_d528ab90c61131d5135f949f,BB%,missing_projection_metric
pitcher,2026,RotoWire,p_94d21693ba45c52946454a20,s_1dad8d2293d9708902dd6459,BB%,missing_projection_metric
pitcher,2026,RotoWire,p_f59021dc23b8ddcf8911efd0,s_ee8c763c1398adfd38e9636e,BB%,missing_projection_metric
pitcher,2026,RotoWire,p_4fab0891227489fe7e84e153,s_37bca59eab36f2d7dc4d83b0,BB%,missing_projection_metric
pitcher,2026,RotoWire,p_f092d568b762f9e2d2d576ac,s_fb8deb25ee0333238a60447f,BB%,missing_projection_metric
pitcher,2026,RotoWire,p_69ae3692f4863f1abb5c3bb9,s_bb130d2e8768d4a1a9d71176,BB%,missing_projection_metric
pitcher,2026,RotoWire,p_140d15342bf054cc6bef835d,s_26549a153ce622f24dd82e2a,BB%,missing_projection_metric
pitcher,2026,RotoWire,p_e56f6708129dc98e3650a30b,s_74952806c4fd86a22a970001,BB%,missing_projection_metric
pitcher,2026,RotoWire,p_be418d076834b45c8048ba6d,s_8dd5cf374b57e67801711b2d,BB%,missing_projection_metric
pitcher,2026,RotoWire,p_d0fba3de9f79f83a683ff425,s_0eda4928e8df20b116bb6be5,BB%,missing_projection_metric
pitcher,2026,RotoWire,p_4ab1054e1b4679af5e62847e,s_2654b58dbb7f7439524c956b,BB%,missing_projection_metric
pitcher,2026,RotoWire,p_69cbff53fa69913aa98a74a7,s_e4ef3d2c4ad49d24972b735d,BB%,missing_projection_metric
pitcher,2026,RotoWire,p_35b1547fd86fd8631d0c0c08,s_9939f2bcf1599e0892de23a9,BB%,missing_projection_metric
pitcher,2026,RotoWire,p_c9127bf6fe2742b6cdf5e2c0,s_913fa0e452a2200977a40dc9,BB%,missing_projection_metric
pitcher,2026,RotoWire,p_61ff0cbc6adc34d5b5e66201,s_7893c0a32d78a8b8cf441e7a,BB%,missing_projection_metric
pitcher,2026,RotoWire,p_c2941564b78650e8c80a6590,s_0aa917eec648bd80cbb81b7b,BB%,missing_projection_metric
pitcher,2026,RotoWire,p_b03bb8a15fb123d1ac325eaf,s_b2d6a6dc3f23881726738ef7,BB%,missing_projection_metric
pitcher,2026,RotoWire,p_2929654d5957b9990cd15b63,s_e8e87aa53e80c41866282c19,BB%,missing_projection_metric
pitcher,2026,RotoWire,p_d25ebff370ce4e9202042d61,s_e555e994459d962f74a31cb0,BB%,missing_projection_metric
pitcher,2026,RotoWire,p_ad6909784deaf0a3417eb39a,s_0fc170380fd1906242c53874,BB%,missing_projection_metric
pitcher,2026,RotoWire,p_e6b274fe314e959af649cea6,s_1c1ce5b6a9700405a58724e4,BB%,missing_projection_metric
pitcher,2026,RotoWire,p_ee453cdf63786502116e53af,s_6718ec834c52c2b42eb2d361,BB%,missing_projection_metric
pitcher,2026,RotoWire,p_c665cca64b9d1ec36d25bc81,s_32b332686cab77ee5b8819d8,BB%,missing_projection_metric
pitcher,2026,RotoWire,p_09950035a7c10e145070d051,s_8d0bd35d73a0fa5924e07aa4,BB%,missing_projection_metric
pitcher,2026,RotoWire,p_2f71255f874e6218b662dffb,s_b11dbb3644dbe5e50574e5af,BB%,missing_projection_metric
pitcher,2026,RotoWire,p_5259e9497e66f8f15a14f5b0,s_937c99470de98482db1b820c,BB%,missing_projection_metric
pitcher,2026,RotoWire,p_5d4e00ed942914f0c7681334,s_4d55e64db5b25399f2479529,BB%,missing_projection_metric
pitcher,2026,RotoWire,p_31088b7e6a9d597d1f87583c,s_5416aeb97cd5cd5ed9dc177c,BB%,missing_projection_metric
pitcher,2026,RotoWire,p_4d4066d01c2accb962e2e48b,s_c44a5177f3e77db4eea91955,BB%,missing_projection_metric
pitcher,2026,RotoWire,p_3213e22dc02292b898d8651e,s_a895563cde75fdd7f2b51099,BB%,missing_projection_metric
pitcher,2026,RotoWire,p_54795b56b11d92cd3e1407cf,s_b4f8cc2e5310fe65d5bf7ff9,BB%,missing_projection_metric
pitcher,2026,RotoWire,p_a0f88c722760a6abb0863f6b,s_5dcdbea36c24b932ca855d29,BB%,missing_projection_metric
pitcher,2026,RotoWire,p_d121e0bd4eedf6095d6400f2,s_0f682551cced3da30334654d,BB%,missing_projection_metric
pitcher,2026,RotoWire,p_f542eded5fa5eaaea2b03d47,s_54a4492ccb15ab84a586035b,BB%,missing_projection_metric
pitcher,2026,RotoWire,p_a36ab493ac77cd275d7daa3f,s_fbcae5b7a5dfa94d87ded13c,BB%,missing_projection_metric
pitcher,2026,RotoWire,p_5245cf30e7834dcfe275a8b3,s_01751576c4b5c8dd9a97dbd1,BB%,missing_projection_metric
pitcher,2026,RotoWire,p_9a6e9d0ac50ab7ec0e62b627,s_74bb43a7b93288c58db7c078,BB%,missing_projection_metric
pitcher,2026,RotoWire,p_ad5f4c4ff63f4dae1c70e25b,s_8ea59648671f088db386ded9,BB%,missing_projection_metric
pitcher,2026,RotoWire,p_0760b56a9e63e457fb539e83,s_e00de2795fe20bdca9c9c00b,BB%,missing_projection_metric
pitcher,2026,RotoWire,p_4237d81a153d8369b516a611,s_1280a8b47892f1058d4f526c,BB%,missing_projection_metric
pitcher,2026,RotoWire,p_57d58fea9dee77b2bf2da71d,s_69be29f382f0650532a016ee,BB%,missing_projection_metric
pitcher,2026,RotoWire,p_687cd4b7aacf0709d996ec9a,s_7ea592a3c12d9e6c350f2de7,BB%,missing_projection_metric
pitcher,2026,RotoWire,p_976e3a7c39f544bd2cb08e53,s_76e2d4d35ebe25e653b9021b,BB%,missing_projection_metric
pitcher,2026,RotoWire,p_f63e3a5b237a41953e0522bd,s_0da9330e5358f22893b856d9,BB%,missing_projection_metric
pitcher,2026,RotoWire,p_4f7f8b7fa67c451b93b2a673,s_fab96893d6c7b5b156c3d181,BB%,missing_projection_metric
pitcher,2026,RotoWire,p_a2c21b01e40c23d7fbb867a7,s_33f8454187531a70b0e2dfe8,BB%,missing_projection_metric
pitcher,2026,RotoWire,p_6dcc3d04cf7940b67bd6d46b,s_9733bbb06565388efeb27002,BB%,missing_projection_metric
pitcher,2026,RotoWire,p_1b7d5500d3348c285a56885f,s_5118753002905cef3e501884,BB%,missing_projection_metric
pitcher,2026,RotoWire,p_9e9a345145bd56bcc6ebe6c7,s_ec7ebfc24b3847a7bc9ab44d,BB%,missing_projection_metric
pitcher,2026,RotoWire,p_9f5a6fd7b5c56e97737e286c,s_75ce9f49e2764431d0f356a2,BB%,missing_projection_metric
pitcher,2026,RotoWire,p_9437e878d2b83f99c586279f,s_0835fee04f6ce001827c950e,BB%,missing_projection_metric
pitcher,2026,RotoWire,p_8fd609c8d2c9daaeb06fb12f,s_d3676b45ef267d45a77285d9,BB%,missing_projection_metric
pitcher,2026,RotoWire,p_ca63ffee54a2c0530795bd58,s_ac39b56d91629961cf1ea279,BB%,missing_projection_metric
pitcher,2026,RotoWire,p_0073f20e0bb5f168c15c590d,s_d941a9d6d9216e2a615afa92,BB%,missing_projection_metric
pitcher,2026,RotoWire,p_b0cf8ae2b004dce051b6f4e5,s_c88cb3a0236c228b28deaa7b,BB%,missing_projection_metric
pitcher,2026,RotoWire,p_528ea38467ab7d19956a07c4,s_a5e225392126fad4774a77d3,BB%,missing_projection_metric
pitcher,2026,RotoWire,p_52cdf5aac19a3c4c28580306,s_369cd937b7bcb81071939df2,BB%,missing_projection_metric
pitcher,2026,RotoWire,p_6051aedaa1ffd1edd8a1c7d7,s_a22804e3943b70f3cdfe7735,BB%,missing_projection_metric
pitcher,2026,RotoWire,p_0d908f0583b1361a673d9471,s_218c663d33b4222d1bdae1dc,BB%,missing_projection_metric
pitcher,2026,RotoWire,p_a1a7ec296f8db5e924c3a755,s_b03576d3761041c0276ca9ac,BB%,missing_projection_metric
pitcher,2026,RotoWire,p_6b9903828f4f3e710cd779e7,s_f91737cc948f7438b6f12057,BB%,missing_projection_metric
pitcher,2026,RotoWire,p_dc0ddc9e05030e62821b8ade,s_dbc9a14f4cc64c6191cb424f,BB%,missing_projection_metric
pitcher,2026,RotoWire,p_390110644e6ab59d439767a2,s_7de19629a25eac2da9251421,BB%,missing_projection_metric
pitcher,2026,RotoWire,p_d326f0d57effe39186b9cc40,s_efa890f610e939583832e4f8,BB%,missing_projection_metric
pitcher,2026,RotoWire,p_864d23ea9d38652d0bc80673,s_4e26a4649e476c79e118cb81,BB%,missing_projection_metric
pitcher,2026,RotoWire,p_aeb4f8d74d1aa31f7de81705,s_dc0063aebc9a5c91f98c9ff2,BB%,missing_projection_metric
pitcher,2026,RotoWire,p_cedc24a184f838c48e92ceca,s_349953425504a940a40787cf,BB%,missing_projection_metric
pitcher,2026,RotoWire,p_62bde7fc4bc9b822889bd5a7,s_8b4a1beaff65cdf9473825e7,BB%,missing_projection_metric
pitcher,2026,RotoWire,p_debf3b356235599a4e7c505b,s_57cebe5cc3a23913a5121ba9,BB%,missing_projection_metric
pitcher,2026,RotoWire,p_fbe1b25148ecde0b36eee454,s_8df56aab87fb5044d25211fa,BB%,missing_projection_metric
pitcher,2026,RotoWire,p_5c981546fbb330a0a1ff2621,s_def46312e0883d8cf3bcc674,BB%,missing_projection_metric
pitcher,2026,RotoWire,p_b5c41f2a4e0be91512e6d378,s_bc8acb38c57a831ad1bd0250,BB%,missing_projection_metric
pitcher,2026,RotoWire,p_c503ccd5d3a208e3f2d4b6b2,s_04004e190a11c27b35cf669a,BB%,missing_projection_metric
pitcher,2026,RotoWire,p_2b424c8be951d8ba23bebe80,s_d0f6742a6c75a1bb8a9c48ba,BB%,missing_projection_metric
pitcher,2026,RotoWire,p_93883545927b8b62d8949e05,s_390d2fb52ceee2cceb5ca04b,BB%,missing_projection_metric
pitcher,2026,RotoWire,p_1da529cb2c7580f94638b99e,s_b9d819bf4f37fe5551f0ae3a,BB%,missing_projection_metric
pitcher,2026,RotoWire,p_071efe5abc6c6857d9f21866,s_e6e5619adcdc49cb3254dfb3,BB%,missing_projection_metric
pitcher,2026,RotoWire,p_28d92daeded3b1264245a417,s_788efd03e99e236dcfea8d2c,BB%,missing_projection_metric
pitcher,2026,RotoWire,p_f90f88e0127db2447d6b4b6b,s_32a70383cf5f931327db51a5,BB%,missing_projection_metric
pitcher,2026,RotoWire,p_fa65bec2312b5d42d60ee8b4,s_81a5a71a1e31da900f922972,BB%,missing_projection_metric
pitcher,2026,RotoWire,p_196c6eaaf2744d528518f12a,s_df130a9f4f9922658740efb0,BB%,missing_projection_metric
pitcher,2026,RotoWire,p_be830ebbda2fe42c429b42ff,s_66269b853d7f3798a48a2521,BB%,missing_projection_metric
pitcher,2026,RotoWire,p_e5e680d02216328712a96f14,s_7744126ea626a66afa67a1fe,BB%,missing_projection_metric
pitcher,2026,RotoWire,p_b35d34590b3ac43677949140,s_1b3583e6b2f60889c52edb6d,BB%,missing_projection_metric
pitcher,2026,RotoWire,p_77bbadf5f7c9163e5cdaafe1,s_e8b7222ea70168f96a670339,BB%,missing_projection_metric
pitcher,2026,RotoWire,p_f2200b5fcfbd381ace4f2861,s_b940a3aec149f66b62da1ead,BB%,missing_projection_metric
pitcher,2026,RotoWire,p_1462eea9ad139526006f6fba,s_18d09f12e5507f960af831cb,BB%,missing_projection_metric
pitcher,2026,RotoWire,p_eb4a76757bbdb89cea654ef5,s_93e92a231b20a2a2d0bc1871,BB%,missing_projection_metric
pitcher,2026,RotoWire,p_0af38066a94940e2b68bc8ba,s_0caf07892fb71cb56c5d7d1f,BB%,missing_projection_metric
pitcher,2026,RotoWire,p_2efba3d8e54fcb8d1f5d09b3,s_d24eb10b589a14577f12ae8f,BB%,missing_projection_metric
pitcher,2026,RotoWire,p_b27e7408b46d9fc16441348e,s_b80c12e9529a70dda1b59784,BB%,missing_projection_metric
pitcher,2026,RotoWire,p_acd9809fb06c81109d7ede29,s_4043fbf071cb4c212e7c195b,BB%,missing_projection_metric
pitcher,2026,RotoWire,p_fcd7de7bb40bf45a6ca34cdb,s_4950bfaa3759d8b6f1ed6d31,BB%,missing_projection_metric
pitcher,2026,RotoWire,p_6dc7f0e021a4dbfae3c23d83,s_559a5ad450fb682bbff8c7db,BB%,missing_projection_metric
pitcher,2026,RotoWire,p_4fc08c6725ad3ff7c1ff7ffb,s_f56ef40295b5cd747d4137a2,BB%,missing_projection_metric
pitcher,2026,RotoWire,p_3b8c77fa245c713f7e0b7003,s_0b46a298db5a1fff04e96821,BB%,missing_projection_metric
pitcher,2026,RotoWire,p_832c0bfcb9b11d1926665bdf,s_3b88ecd913ad2245e52a103b,BB%,missing_projection_metric
pitcher,2026,RotoWire,p_c9e4b09f64ff213554b55bf3,s_3b2451f784faa1e7a1d66dd3,BB%,missing_projection_metric
pitcher,2026,RotoWire,p_e2d37845ff1ca163da8b0647,s_1aa1446ec7a49b35d6e0a2a8,BB%,missing_projection_metric
pitcher,2026,RotoWire,p_86a05e73061b5c85d481ae47,s_41b02d2c9b0a626b4c60d84f,BB%,missing_projection_metric
pitcher,2026,RotoWire,p_d240081eb8e6f1ec895ecf2d,s_b85f843b25690d189973a52f,BB%,missing_projection_metric
pitcher,2026,RotoWire,p_1538868d7d068cf244dceb49,s_61e1f778e1c8d5e65f1a4950,BB%,missing_projection_metric
pitcher,2026,RotoWire,p_8dfc430c8abbf65b0b0bbbab,s_06529e6a6fbe6e7e43c792d9,BB%,missing_projection_metric
pitcher,2026,RotoWire,p_27e0d2a201c5411cd9ea636f,s_d9b685951bf4f69a7a595550,BB%,missing_projection_metric
pitcher,2026,RotoWire,p_670e72cdda746fe85f68a08d,s_6fd7df3cf05f20ed92c2b063,BB%,missing_projection_metric
pitcher,2026,RotoWire,p_aebf4132a23ddbbf57422ae5,s_dc0408f84bbae68c168ef202,BB%,missing_projection_metric
pitcher,2026,RotoWire,p_1b9767205e472eb4f0d30fae,s_3a8bcb0b29481a34a5cbbff6,BB%,missing_projection_metric
pitcher,2026,RotoWire,p_79592f0690636428c30a46f5,s_799f384a22a703b973431229,BB%,missing_projection_metric
pitcher,2026,RotoWire,p_35bb0a12c9538806f164c705,s_8cc9f8318e553faee6223ac3,BB%,missing_projection_metric
pitcher,2026,RotoWire,p_b9199b1fb4e1798319d45797,s_bcc5fe0be3d35a245947794d,BB%,missing_projection_metric
pitcher,2026,RotoWire,p_bbcccd33b7c810cfa8337201,s_e6b40a5631c29d3e4139356a,BB%,missing_projection_metric
pitcher,2026,RotoWire,p_438ee9a2108e62d8d14a062a,s_7fa539fb59ffe73e360807e6,BB%,missing_projection_metric
pitcher,2026,RotoWire,p_583486d37b4399b234e944ea,s_aa058f5dee31a0a1f41a49f9,BB%,missing_projection_metric
pitcher,2026,RotoWire,p_6faee8c8e6ce929dbb691dee,s_2cb03f81315b2ab9da30fe57,BB%,missing_projection_metric
pitcher,2026,RotoWire,p_9f6304b8a80236b39a4e952d,s_0e05db963c0a3d8415d10c8b,BB%,missing_projection_metric
pitcher,2026,RotoWire,p_bf0f117e1d0e72128aaa01dd,s_5639fa55695a179bf6c916fe,BB%,missing_projection_metric
pitcher,2026,RotoWire,p_7b20c90a5cb523c9e3008737,s_0f6a453076763483b8e3de0d,BB%,missing_projection_metric
pitcher,2026,RotoWire,p_d0e5cd403843e151ee96904f,s_3c876fb1721c8abe8f2ff802,BB%,missing_projection_metric
pitcher,2026,RotoWire,p_aca14cb4cc82e85ca78f4fe7,s_5385452decf4abdab85c05db,BB%,missing_projection_metric
pitcher,2026,RotoWire,p_e7369cc77051b2201297a493,s_91358e38353851ee4e417ef7,BB%,missing_projection_metric
pitcher,2026,RotoWire,p_e68edd55c4d8c0af8968ba6d,s_62f2fcd4dff324e16ba7064d,BB%,missing_projection_metric
pitcher,2026,RotoWire,p_359b780a64cc77ed793a7606,s_952588b57592fea8dea88bd1,BB%,missing_projection_metric
pitcher,2026,RotoWire,p_7108c469d40316795ab472a1,s_46836f014efe059d1c25e66b,BB%,missing_projection_metric
pitcher,2026,RotoWire,p_f746ebfba251896b073cf6d5,s_5854feddeb0945e1d3b443e9,BB%,missing_projection_metric
pitcher,2026,RotoWire,p_840a7027a702a1c4e37e5527,s_7ce50bd78715d13680fad585,BB%,missing_projection_metric
pitcher,2026,RotoWire,p_5df36053416da5d9071410b9,s_35ad9aae3d2a574c57ae4a8a,BB%,missing_projection_metric
pitcher,2026,RotoWire,p_9deb7e402f8cf109d514cac1,s_8558b050b9ce65affbe7e55e,BB%,missing_projection_metric
pitcher,2026,RotoWire,p_787fc132ba01ef35f4778403,s_c53769add9daa0bdf13bfa68,BB%,missing_projection_metric
pitcher,2026,RotoWire,p_b70a6085f951f9cd1540affa,s_9031489af38167ec42fe749f,BB%,missing_projection_metric
pitcher,2026,RotoWire,p_e341706f55862548e5ff2e3a,s_0b8cffbf4998d3aec357bd8c,BB%,missing_projection_metric
pitcher,2026,RotoWire,p_9cdce3c51f326e76b98d6591,s_0bbbb28c4e2e423ff10beafe,BB%,missing_projection_metric
pitcher,2026,RotoWire,p_7b5211dc885fe1586bfbb758,s_da4e37b4e128677587b2c461,BB%,missing_projection_metric
pitcher,2026,RotoWire,p_f408d93b48d8da9a005af52b,s_aad49bbc735c375fe36bdb6d,BB%,missing_projection_metric
pitcher,2026,RotoWire,p_df9fd20dc552186aecc92c54,s_588dfb3562b531cda1579a5f,BB%,missing_projection_metric
pitcher,2026,RotoWire,p_e886ebd300c4c1987877017e,s_e1f2e19f9bf8cdf996eb39f6,BB%,missing_projection_metric
pitcher,2026,RotoWire,p_5ccb2be6f00de2400349d1ac,s_f0c21734bbdcec222e7680ab,BB%,missing_projection_metric
pitcher,2026,RotoWire,p_410d3b82adc35964f997ce0f,s_3f1f6dbe8460cd20a4a13be2,BB%,missing_projection_metric
pitcher,2026,RotoWire,p_2404ba19bcc42b43ba8eb726,s_cb8740352d04bd50987219ef,BB%,missing_projection_metric
pitcher,2026,RotoWire,p_c3234d25b2dd20cd6e385c8d,s_c85ff3d927682360ac9b421f,BB%,missing_projection_metric
pitcher,2026,RotoWire,p_2c26e1db411b6f9ae4a8f391,s_a2abd9de6017f10914f70bb2,BB%,missing_projection_metric
pitcher,2026,RotoWire,p_406202e17ebfe7ebc319947f,s_6fa48f908fdb2dec7ee68d33,BB%,missing_projection_metric
pitcher,2026,RotoWire,p_26d80183aee34c4a22d05a16,s_f0c10b74474e3d4482c9c3c8,BB%,missing_projection_metric
pitcher,2026,RotoWire,p_4cc8481b752dd06c66c19299,s_c4bf0d1f6ef103876f72eaec,BB%,missing_projection_metric
pitcher,2026,RotoWire,p_8bace50f8abed453d2ef0ac3,s_00992277f26cc6b145bd209f,BB%,missing_projection_metric
pitcher,2026,RotoWire,p_053b89527a245babaa9de7f9,s_abc663cedaab9a5e08f5bbb6,BB%,missing_projection_metric
pitcher,2026,RotoWire,p_adde69a5f07d2ac65191bd61,s_a77fadaa47f0e121689e7ea8,BB%,missing_projection_metric
pitcher,2026,RotoWire,p_8d0b8540a9345dbadb133c54,s_aa6c899e2bd6338888522a35,BB%,missing_projection_metric
pitcher,2026,RotoWire,p_3bdfe3d1215674f4accf5fdd,s_3d213bcb3703204c3f82d111,BB%,missing_projection_metric
pitcher,2026,RotoWire,p_5073c13edb903746d3e77b04,s_3e2dad42d8e1d5d7bba307b2,BB%,missing_projection_metric
pitcher,2026,RotoWire,p_0239f62f150fdc94718a08a1,s_8a70c1c8238a9e1e6fdb1c0f,BB%,missing_projection_metric
pitcher,2026,RotoWire,p_983ea2317782126a9a51ed6d,s_b493b0fcfea30f815606ec4e,BB%,missing_projection_metric
pitcher,2026,RotoWire,p_c341da0c4ed0d8e6d65d1eab,s_32f381d49fac301451117ba2,BB%,missing_projection_metric
pitcher,2026,RotoWire,p_9cca23a301a8a13d00cd6848,s_1bb534188bb0c42643005736,BB%,missing_projection_metric
pitcher,2026,RotoWire,p_6ee049f492a3325cbfb8d052,s_689a19e85246a11c0a925243,BB%,missing_projection_metric
pitcher,2026,RotoWire,p_7f797197ac1a11a7b3421d1b,s_3a77d4e6e0beae44c95b9f14,BB%,missing_projection_metric
pitcher,2026,RotoWire,p_65fdc9dc74636837b2495384,s_e588915197b497c68dcc5efa,BB%,missing_projection_metric
pitcher,2026,RotoWire,p_87ce29e2ae2416664b1444de,s_44cde47a7e08d61f66c53e5b,BB%,missing_projection_metric
pitcher,2026,RotoWire,p_fdb4b031a99eefb57ba56cc4,s_c1817eb49f54be402d083896,BB%,missing_projection_metric
pitcher,2026,RotoWire,p_865cf7963df08564ce6cc619,s_bcfec87573a4ca9da3c877d1,BB%,missing_projection_metric
pitcher,2026,RotoWire,p_17cd91dbd7209eb72b5b0bc1,s_831e4a1349915fcbb8fec782,BB%,missing_projection_metric
pitcher,2026,RotoWire,p_0be188f9e14bb7f25e2107af,s_c23201930ed51b249eebbd09,BB%,missing_projection_metric
pitcher,2026,RotoWire,p_dbe5f8eba79f31ae2fbbef12,s_03ab08703f8f7e0db997abe2,BB%,missing_projection_metric
pitcher,2026,RotoWire,p_03939d9f4f366462a86d6720,s_adbd090f648ffa2618835255,BB%,missing_projection_metric
pitcher,2026,RotoWire,p_ed0b1e6b85550910ed5ae415,s_458e5cad0de0c0c6da6a2e64,BB%,missing_projection_metric
pitcher,2026,RotoWire,p_6fc12edf18996e0f7e6f48b7,s_803b3ebc6b2c9fc8700d077a,BB%,missing_projection_metric
pitcher,2026,RotoWire,p_cb0a1ee1967dcd5a0313f1f4,s_d81b0a1d00a0142fe841e791,BB%,missing_projection_metric
pitcher,2026,RotoWire,p_e0efd3ededa73ca4e4f7ca65,s_9371381726bb9daf1d7968aa,BB%,missing_projection_metric
pitcher,2026,RotoWire,p_d031ef31b9165ade2a07de8a,s_20010eee18ad64610117070b,BB%,missing_projection_metric
pitcher,2026,RotoWire,p_0b1f482f502ee0715ad2818d,s_a22525f77e5f20c8a95b5083,BB%,missing_projection_metric
pitcher,2026,RotoWire,p_e68383f7b94770edd764c7c7,s_d476b70dd1b7cc0232ecfb2a,BB%,missing_projection_metric
pitcher,2026,RotoWire,p_64e8114493f21a3998e972c5,s_ec36caff226008a5628d4055,BB%,missing_projection_metric
pitcher,2026,RotoWire,p_2803fe661b73a6e4bd4bfca4,s_6150046e626bafbfb7dee9c9,BB%,missing_projection_metric
pitcher,2026,RotoWire,p_f30c390b26bea6c21a518118,s_4aab1c9d9a8e00dffb131ac8,BB%,missing_projection_metric
pitcher,2026,RotoWire,p_64b62a02d557250c812ea353,s_cb3cd3290361fe5beab6d19a,BB%,missing_projection_metric
pitcher,2026,RotoWire,p_2114033616e8bab28176ff3b,s_ea9e989c6c93c966fe28f2c9,BB%,missing_projection_metric
pitcher,2026,RotoWire,p_5fad378e158b1cb676afef64,s_fd46fd587a9eb8ff91f8000b,BB%,missing_projection_metric
pitcher,2026,RotoWire,p_148d2220e9c462a0b7e48358,s_005ab9c456a393b48e084293,BB%,missing_projection_metric
pitcher,2026,RotoWire,p_2f7d0b281325531322ffa74b,s_02ddd97443392829c75075a6,BB%,missing_projection_metric
pitcher,2026,RotoWire,p_43e8e7de2aa77634ff94469d,s_7c7ec015320082b37a905dd0,BB%,missing_projection_metric
pitcher,2026,RotoWire,p_61f4469f74d0edbc18e77e21,s_62bfcd731ae1613eba509649,BB%,missing_projection_metric
pitcher,2026,RotoWire,p_d9e002d9e27fd74ae27948f9,s_d066070856611b07c507b947,BB%,missing_projection_metric
pitcher,2026,RotoWire,p_5cb301be76b7e1a69519280c,s_b3e710904a554946d2bf0bd0,BB%,missing_projection_metric
pitcher,2026,RotoWire,p_663ac2743b68ff849ac3f794,s_1e23efd5555b7c77a825b669,BB%,missing_projection_metric
pitcher,2026,RotoWire,p_202088ef4fa208bc8e552f15,s_19865bc454e8328006095b4e,BB%,missing_projection_metric
pitcher,2026,RotoWire,p_a2aecebc9a8fffbbace22e46,s_f1727d1a98bdd17869523989,BB%,missing_projection_metric
pitcher,2026,RotoWire,p_d92f2d27a75f27f0e8a8f9b3,s_62aea82eab523c1df2a66991,BB%,missing_projection_metric
pitcher,2026,RotoWire,p_d5e07201a0f1d0cfa596e762,s_2cda80acea8a998ce1337601,BB%,missing_projection_metric
pitcher,2026,RotoWire,p_61ca94d7e3be2cbafe733df9,s_a5735acf8d7e139641369056,BB%,missing_projection_metric
pitcher,2026,RotoWire,p_f4be239312e641d1fd5e879e,s_fcfba9db239ebefdfb14008f,BB%,missing_projection_metric
pitcher,2026,RotoWire,p_3dac456e39a26258f30d8eb6,s_fdfbbb2d2605f35d7dc1b5dc,BB%,missing_projection_metric
pitcher,2026,RotoWire,p_f20dbbcf8c772a03de7ec118,s_57d8a6f5c4623a8e4c44a8ff,BB%,missing_projection_metric
pitcher,2026,RotoWire,p_a76bce6d3d2ee7c00f12333d,s_9b500f4a8aeddd080293abb7,BB%,missing_projection_metric
pitcher,2026,RotoWire,p_2043005deaaf8693e9eef0a1,s_d648d3bcb37bcf3d26756083,BB%,missing_projection_metric
pitcher,2026,RotoWire,p_61df43fce399be15228241c7,s_c5ac4d59c8f4be6af4356c60,BB%,missing_projection_metric
pitcher,2026,RotoWire,p_8c68497d69c0faec32c31da4,s_f75c8cb99712e09ccf59b81f,BB%,missing_projection_metric
pitcher,2026,RotoWire,p_aa82bbb9131dca9e098c8636,s_ddc1a0c2ec3fa2ee946c5c0f,BB%,missing_projection_metric
pitcher,2026,RotoWire,p_3f747dc1e443a0eecfacc566,s_ce79c399b5e5eec48d4dc3f1,BB%,missing_projection_metric
pitcher,2026,RotoWire,p_c6a0ec40c899f7b2c1dfc7bf,s_e2c5a7d8fb41e2f42f5ce180,BB%,missing_projection_metric
pitcher,2026,RotoWire,p_8551c7d8bbe875bb87b41ee4,s_bc9dbbd275b479722bafbc6d,BB%,missing_projection_metric
pitcher,2026,RotoWire,p_bb5b45202cd0e3997a49a903,s_ea2daa494604389bf5d254a8,BB%,missing_projection_metric
pitcher,2026,RotoWire,p_7af86937f30ec89e1f92abe3,s_0afdfb435d73a8678a29c908,BB%,missing_projection_metric
pitcher,2026,RotoWire,p_4055fa9f7ca334fe33a26bfe,s_1f78b2e232410f668089a197,BB%,missing_projection_metric
pitcher,2026,RotoWire,p_9a77feb051159af9aee2063c,s_f78685ae461085f2b2281b2b,BB%,missing_projection_metric
pitcher,2026,RotoWire,p_c2e11e9b2895314b228d9143,s_f86f46733910fda016017450,BB%,missing_projection_metric
pitcher,2026,RotoWire,p_8f4d229bdbf5985172a873b9,s_259f45aab501c882c8ec75df,BB%,missing_projection_metric
pitcher,2026,RotoWire,p_138ed44a822bb4b34b68d8d3,s_75d8b5bbcdff73d2246a5406,BB%,missing_projection_metric
pitcher,2026,RotoWire,p_0101c7191284f9932160f01c,s_36f8da32ea1e68f80503aa32,BB%,missing_projection_metric
pitcher,2026,RotoWire,p_947372bfc438cf39d3a30665,s_03a8ce0a1969c5c825c40e19,BB%,missing_projection_metric
pitcher,2026,RotoWire,p_b13319e24b3552eff64d85bc,s_5642c7fc2edc3038c7e6745f,BB%,missing_projection_metric
pitcher,2026,RotoWire,p_d15a984c8351b109e14b2746,s_7ff413166b1e391f0a596e70,BB%,missing_projection_metric
pitcher,2026,RotoWire,p_8c118f1cce2683232f54416f,s_a4c2b5eeadf4cd19c00d474c,BB%,missing_projection_metric
pitcher,2026,RotoWire,p_6fd30c7531d5bc78103c740d,s_1f308fb934eda4481b5d0411,BB%,missing_projection_metric
pitcher,2026,RotoWire,p_b7736681fe0e03a5a6703dbb,s_ea7b9963174ed0e92ff3caae,BB%,missing_projection_metric
pitcher,2026,RotoWire,p_74d9cd5a911ee5ed93663d77,s_fa4dd9cdb3232ef9b72e306b,BB%,missing_projection_metric
pitcher,2026,RotoWire,p_bb82cb6ed787b635d6d9a9bd,s_51c9610913f9f9470ee24fc4,BB%,missing_projection_metric
pitcher,2026,RotoWire,p_5d9c98b0173958f4c189a129,s_07e32912b397571f55a45e45,BB%,missing_projection_metric
pitcher,2026,RotoWire,p_8ed8dc08bf2fc22b7d5fdc9e,s_007373e43b5e62aaf0640c9c,BB%,missing_projection_metric
pitcher,2026,RotoWire,p_de4f248f197b6ab7761cb09b,s_fcc4edd9149c560668dabb7a,BB%,missing_projection_metric
pitcher,2026,RotoWire,p_e23cb32e39c22be655441929,s_7a19dce9973cf299e818b416,BB%,missing_projection_metric
pitcher,2026,RotoWire,p_b81b76814081912b6c81cf9d,s_bbb9b8bb7aea1cbfbb533653,BB%,missing_projection_metric
pitcher,2026,RotoWire,p_3b39342b8d03af7adee187b3,s_67a495c69c2753d436ec1074,BB%,missing_projection_metric
pitcher,2026,RotoWire,p_20987c55f1b40e76f29fef72,s_ab2e1d4e2a51637fa895d44c,BB%,missing_projection_metric
pitcher,2026,RotoWire,p_3e5cfa913cc4f482344401c1,s_981f3bb1f2de7068efd97e42,BB%,missing_projection_metric
pitcher,2026,RotoWire,p_c3b7cc93fd3c9b7f57a21594,s_b91ca8fc62927722d94bc1f3,BB%,missing_projection_metric
pitcher,2026,RotoWire,p_a6f79ef2ecc729073db83188,s_53a6769393add960d4c7cf66,BB%,missing_projection_metric
pitcher,2026,RotoWire,p_8ececb63a3f2cebed969a98d,s_dcb3c3af531b2c3eeeb1b98f,BB%,missing_projection_metric
pitcher,2026,RotoWire,p_23f9a55147310e8dec4f47a2,s_92d986045456ede8a8f0c978,BB%,missing_projection_metric
pitcher,2026,RotoWire,p_1ccbcea91d9f49d165cfb488,s_8a3e2fce8c27e2b378be6db8,BB%,missing_projection_metric
pitcher,2026,RotoWire,p_89e6e8eb0e7077ed03071a06,s_e210e2f378debdbceebe5db9,BB%,missing_projection_metric
pitcher,2026,RotoWire,p_c8fcbc835fb5f66a0bd0f41e,s_f710a6c69e631fb5d53460e9,BB%,missing_projection_metric
pitcher,2026,RotoWire,p_5c4336ee3ef73426afb4c6c2,s_8cfa71211e862a3cd9aae0bd,BB%,missing_projection_metric
pitcher,2026,RotoWire,p_b71fbe75f62a06bbed6595ec,s_1a30f62b302322daffa27ce3,BB%,missing_projection_metric
pitcher,2026,RotoWire,p_e3f71882ebe26350f89c3813,s_efe0166de035477255fa8aff,BB%,missing_projection_metric
pitcher,2026,RotoWire,p_9adccc0a4017fa70e4b06f24,s_9b20050e3dc2949517c86080,BB%,missing_projection_metric
pitcher,2026,RotoWire,p_fccb4591ce5767a04c76ef83,s_a6de594bc4e1364c4eed3b7a,BB%,missing_projection_metric
pitcher,2026,RotoWire,p_d291977287dccac53c171a63,s_286fa2e51a845840a7fff176,BB%,missing_projection_metric
pitcher,2026,RotoWire,p_2bd83f835d274b547829f07c,s_932ba3637eeae9fbf5e3f7b1,BB%,missing_projection_metric
pitcher,2026,RotoWire,p_04895952d7d004fc8bb3f14b,s_f8c85a2e2310235642e7caf7,BB%,missing_projection_metric
pitcher,2026,RotoWire,p_222c356cfa14a6ec4cefc492,s_ec53e3bac7d0b359acdf4673,BB%,missing_projection_metric
pitcher,2026,RotoWire,p_1b49209f0bd30dd5dc724000,s_4a572860c109c381b9599f8b,BB%,missing_projection_metric
pitcher,2026,RotoWire,p_4f111a07b4c0259d31c89e0d,s_2c7ca2dc2c1ba12d9d8310a2,BB%,missing_projection_metric
pitcher,2026,RotoWire,p_b051cf87af8a4244b6b81e2c,s_2436026c64a6693348f588e0,BB%,missing_projection_metric
pitcher,2026,RotoWire,p_7ecbe1110bdd0537891dc1c4,s_40dcd0dae34ab1d260a321a9,BB%,missing_projection_metric
pitcher,2026,RotoWire,p_288584b43feea72ac1e47a2d,s_bf41753e2e0ff8c12dbf27a5,BB%,missing_projection_metric
pitcher,2026,RotoWire,p_394806adeaf6af907d17f876,s_6968be3056cfbccf293d38de,BB%,missing_projection_metric
pitcher,2026,RotoWire,p_bad5772915c2a0ae9bf9c5f1,s_1470a84d54d96a36505537cd,BB%,missing_projection_metric
pitcher,2026,RotoWire,p_ca72c1190ab195d082d039a5,s_f9e188ac52e4d1eea8684043,BB%,missing_projection_metric
pitcher,2026,RotoWire,p_009e96c410d3379760f8b1a1,s_5b48c3711b348b7c38fbb3a0,BB%,missing_projection_metric
pitcher,2026,RotoWire,p_f5105d7ffd8537ed91519f0f,s_70a2e35ae2bd12403e410012,BB%,missing_projection_metric
pitcher,2026,RotoWire,p_51a922809ad094b5a4433cdf,s_f6287462479ad5a6d992dffc,BB%,missing_projection_metric
pitcher,2026,RotoWire,p_0c3b6b4f617c9009bb6c76e7,s_720c0ed73d1ba1b13c15bd13,BB%,missing_projection_metric
pitcher,2026,RotoWire,p_67a7d083510fbec26f1ddc04,s_64230f4ae4e504349046ac2c,BB%,missing_projection_metric
pitcher,2026,RotoWire,p_ba985e05d88f96b785affcdf,s_36216789328366086e1e9baf,BB%,missing_projection_metric
pitcher,2026,RotoWire,p_a14b46668a060bb5629886e6,s_4ef127163ae740077e465fe6,BB%,missing_projection_metric
pitcher,2026,RotoWire,p_747ca9b3f8488871801660b7,s_e7ac249bf01a183930a8faca,BB%,missing_projection_metric
pitcher,2026,RotoWire,p_153188ef122e1ff0e54e37b2,s_971e41cd03b694200bad9d78,BB%,missing_projection_metric
pitcher,2026,RotoWire,p_f59ee04f5b058c3f109d1631,s_643d4c7939de92874f6a14b2,BB%,missing_projection_metric
pitcher,2026,RotoWire,p_41f07f1c060750689589e72e,s_8f4a9d3285bca74b4f41625d,BB%,missing_projection_metric
pitcher,2026,RotoWire,p_7a47c598f2891d6ce738d8e0,s_3d1cf899ff4442ddc83d0199,BB%,missing_projection_metric
pitcher,2026,RotoWire,p_1b534a0f3684e7ea3112d6b0,s_64da9285f21ed7d32cec3819,BB%,missing_projection_metric
pitcher,2026,RotoWire,p_da96852b71c08e176dbccd2d,s_6a16477de8c707cdab312103,BB%,missing_projection_metric
pitcher,2026,RotoWire,p_1f226d7dd4cee0150a1549a0,s_77fcd4da255deb34daefffa9,BB%,missing_projection_metric
pitcher,2026,RotoWire,p_17536a68362f900664fa9f61,s_400136cfcfa994b80810ef9e,BB%,missing_projection_metric
pitcher,2026,RotoWire,p_977a6ab875041bddeb3e28a7,s_3ee8a8ac49b0ada1af602a76,BB%,missing_projection_metric
pitcher,2026,RotoWire,p_582294a58869be2075f58add,s_e79b2d579bd09a2428455ff0,BB%,missing_projection_metric
pitcher,2026,RotoWire,p_29a27415a63b98dbb075621d,s_2073dbe3cad8e2dd787397ef,BB%,missing_projection_metric
pitcher,2026,RotoWire,p_33b1f758ce8872869b7bbb68,s_7160708984d023ac94d240c5,BB%,missing_projection_metric
pitcher,2026,RotoWire,p_7343ba7168344875dfbe9cf1,s_67f9e3882b4983166222f981,BB%,missing_projection_metric
pitcher,2026,RotoWire,p_1d99fee357b2b193b50cce26,s_a4834cb07e9232b83a0dce3a,BB%,missing_projection_metric
pitcher,2026,RotoWire,p_b3710509193a23f9fb6df89c,s_9b4a7b98dc7e5f10502604fc,BB%,missing_projection_metric
pitcher,2026,RotoWire,p_145721815ffdf403b65c76d6,s_385a4193cfbf19f53e1d0400,BB%,missing_projection_metric
pitcher,2026,RotoWire,p_c5ed138e0e635ef0aec7663a,s_9b9bffbc2a879babe9696cba,BB%,missing_projection_metric
pitcher,2026,RotoWire,p_7e394fbf190746b9460471b6,s_097a41751befc4a5c1211306,BB%,missing_projection_metric
pitcher,2026,RotoWire,p_dc94d49f14972788f07e6738,s_1b0485f5cd208127cea8cd15,BB%,missing_projection_metric
pitcher,2026,RotoWire,p_77de692e06d27ffb17c45ac8,s_f4b6a3140b1357de80e3f024,BB%,missing_projection_metric
pitcher,2026,RotoWire,p_2fad58b9923436119be174e1,s_a9000b2eedab9133f82e83b1,BB%,missing_projection_metric
pitcher,2026,RotoWire,p_153ad9f9a631deb95bb0d30a,s_9b6fbbd7af72c8645cd2e44b,BB%,missing_projection_metric
pitcher,2026,RotoWire,p_1577c13241c98d1b1b25a065,s_3d99f48d5a1df841196e11ba,BB%,missing_projection_metric
pitcher,2026,RotoWire,p_e07feaacf0b72192ae4d9189,s_7c4ef7d9af7bfb2c457fa4a3,BB%,missing_projection_metric
pitcher,2026,RotoWire,p_44f4ae0a56e818f589465db9,s_205db3291d05af8715cfd909,BB%,missing_projection_metric
pitcher,2026,RotoWire,p_c25dc1ad5c4247237938a311,s_4ffc3a690a9212289286d020,BB%,missing_projection_metric
pitcher,2026,RotoWire,p_777feb45decd9c1846a693da,s_4bc1f0e4681785c1fd0a723e,BB%,missing_projection_metric
pitcher,2026,RotoWire,p_3e586e64329db1dd04a4e3b8,s_140a22ca0f8df2b19e867104,BB%,missing_projection_metric
pitcher,2026,RotoWire,p_6db920b8caea39aab799a496,s_445daa97825c4e5e5e9abe4f,BB%,missing_projection_metric
pitcher,2026,RotoWire,p_dd095f93709ce87f6607edc6,s_170d2924db9f3c44dc5d12a1,BB%,missing_projection_metric
pitcher,2026,RotoWire,p_1eaa1d1baccc84d06d8ed931,s_c426b7518e8cddbb66ca7034,BB%,missing_projection_metric
pitcher,2026,RotoWire,p_f91f14e15dff3410600517de,s_083fb1a01291dbadfc455e6e,BB%,missing_projection_metric
pitcher,2026,RotoWire,p_b73b5615e068b80f9b259d86,s_efed45aa9346056d597f89fe,BB%,missing_projection_metric
pitcher,2026,RotoWire,p_80cde5a89fe8ba26c89f71ea,s_08823d7435b78a66d4a37171,BB%,missing_projection_metric
pitcher,2026,RotoWire,p_791b3683027c9d8d92b609d0,s_b6c6438dadb86ba0d3e9e803,BB%,missing_projection_metric
pitcher,2026,RotoWire,p_d4a9b50b3224024b900f4e0c,s_fb0d3cfd17a322f0e6f31d1b,BB%,missing_projection_metric
pitcher,2026,RotoWire,p_9e7db66bfc565b709fe46853,s_a6a3f778bf284c7e5a1576d8,BB%,missing_projection_metric
pitcher,2026,RotoWire,p_80dabc460f667d0aafb8ff5c,s_a8693cc26f592a1ebad8f2c2,BB%,missing_projection_metric
pitcher,2026,RotoWire,p_116ae62fa49115e6533fcf6d,s_f6d11fb46f17d9d6a3756ac8,BB%,missing_projection_metric
pitcher,2026,RotoWire,p_fc18f428295d7ad8c21b667f,s_637203bc35b263633e3d8c0e,BB%,missing_projection_metric
pitcher,2026,RotoWire,p_1001641b01e3c2ddf44b4ee5,s_f089b9db3725ba3a812dbd06,BB%,missing_projection_metric
pitcher,2026,RotoWire,p_20b5e71becf329de17a636b1,s_65b00dc9057a80ce7c7e8b12,BB%,missing_projection_metric
pitcher,2026,RotoWire,p_93bf9339edbf6229883985c6,s_3f22d4c952ee95164ec0b5e4,BB%,missing_projection_metric
pitcher,2026,RotoWire,p_f0e21bded869dafe4b07e71f,s_1306549d3213edc8ecff3adf,BB%,missing_projection_metric
pitcher,2026,RotoWire,p_caa0b49368710031fd01f701,s_f04819d968a89483c89ca8bf,BB%,missing_projection_metric
pitcher,2026,RotoWire,p_0f33dc90f5cb990ad4d0247b,s_32fc41121701bbd4b928dfa5,BB%,missing_projection_metric
pitcher,2026,RotoWire,p_2442495cf935c13e35ace791,s_37dd8694ee1cdc7bee097711,BB%,missing_projection_metric
pitcher,2026,RotoWire,p_5622eaf6fed51b2f0badc28f,s_1cf282f8f0fdbe6a0c106925,BB%,missing_projection_metric
pitcher,2026,RotoWire,p_34f7258033fc0f715c7802e8,s_22d1e530480aaba64d14b225,BB%,missing_projection_metric
pitcher,2026,RotoWire,p_5a5e5a4baec1ff0e99cb37c5,s_d350e1bbe96980c7f3d8ee67,BB%,missing_projection_metric
pitcher,2026,RotoWire,p_b9be4dd9135ef8202ccbf94b,s_bbcead23d18fa363242baa4f,BB%,missing_projection_metric
pitcher,2026,RotoWire,p_55e0b0cdfd06f59a14884d19,s_d34941c1e867d48ced402636,BB%,missing_projection_metric
pitcher,2026,RotoWire,p_adfce089754d8fcf93c9d6eb,s_8e53ce8d309a52865a0c6df4,BB%,missing_projection_metric
pitcher,2026,RotoWire,p_d1d18bba4583a9d5fb70e080,s_467469ee746b2f53390e6898,BB%,missing_projection_metric
pitcher,2026,RotoWire,p_52192aa00351b1a71ee2c4b3,s_eeb719c2d8ca42c5c8e983f1,BB%,missing_projection_metric
pitcher,2026,RotoWire,p_7c9ea4fc0117961c6e7b012c,s_34c90b220beb1c5d31693988,BB%,missing_projection_metric
pitcher,2026,RotoWire,p_2ae6b10075130e19d90d4b32,s_9964f4b2c567f60400c3def3,BB%,missing_projection_metric
pitcher,2026,RotoWire,p_d27ce95571a74bf9f18770ae,s_5e78c576a86e6bab0f527aea,BB%,missing_projection_metric
pitcher,2026,RotoWire,p_68ceebeeae0240ef1eeb496f,s_c01ed7b3977f8433d2d996ae,BB%,missing_projection_metric
pitcher,2026,RotoWire,p_00b956086b42d4f7340ce048,s_54c0ac7b707bc9ebdbb2400a,BB%,missing_projection_metric
pitcher,2026,RotoWire,p_98cc697758a3fc95df098ccd,s_dce6bd9fb247e0c772258f87,BB%,missing_projection_metric
pitcher,2026,RotoWire,p_410328aef7c939f61d4b7528,s_6456f23fd603e1cd5ff01938,BB%,missing_projection_metric
pitcher,2026,RotoWire,p_9d5fc19a3ec0a2b92dad5383,s_99c3755f96a5159021601588,BB%,missing_projection_metric
pitcher,2026,RotoWire,p_3d69f7e4ccbcfe929ed1f539,s_3325bfa78bf10dc69c400482,BB%,missing_projection_metric
pitcher,2026,RotoWire,p_b773b485dc612974de0ee445,s_606f7a3464f8c16f52c9f22f,BB%,missing_projection_metric
pitcher,2026,RotoWire,p_e44c55c882f52d9ec55bfae3,s_c8bd17a0575cbb20ff13cd4e,BB%,missing_projection_metric
pitcher,2026,RotoWire,p_37fb98747cdcda0fbfec7784,s_840cd45daf0bd55c83035bb1,BB%,missing_projection_metric
pitcher,2026,RotoWire,p_22eee69f8ac0239b99b11b78,s_040c3eee8fd2be1c1435fcd4,BB%,missing_projection_metric
pitcher,2026,RotoWire,p_87897e21381c92d01d1670b6,s_2ad1be98a537593b78c5a813,BB%,missing_projection_metric
pitcher,2026,RotoWire,p_8471050f369a301b6f71c4be,s_cca07111c90b3a8ff824826c,BB%,missing_projection_metric
pitcher,2026,RotoWire,p_6e0c3901af2303ff2f765958,s_2db5ae81a85ee7ef6e1914bf,BB%,missing_projection_metric
pitcher,2026,RotoWire,p_e219e5c6f7ec667410973dec,s_f25aa55f8fa314259de30f86,BB%,missing_projection_metric
pitcher,2026,RotoWire,p_ab8444dc7f51611939832036,s_58716c7b1f611dfbc75b036c,BB%,missing_projection_metric
pitcher,2026,RotoWire,p_90e71871268b32dfc6280b86,s_6af89f9d728dbb984fd9770b,BB%,missing_projection_metric
pitcher,2026,RotoWire,p_ed52312eef709ee07ba3e575,s_f57f26300e7937d94787a766,BB%,missing_projection_metric
pitcher,2026,RotoWire,p_ad8eeecb96286785de1abf84,s_83a4514dd29ab0c79b5cb41f,BB%,missing_projection_metric
pitcher,2026,RotoWire,p_611b50d11016f9e5bac93980,s_09d2de1272ae381f1d9c023d,BB%,missing_projection_metric
pitcher,2026,RotoWire,p_3f657a30af6cf3b6b118dd7d,s_edd9bb08e95c85b661ef894c,BB%,missing_projection_metric
pitcher,2026,RotoWire,p_1db467c6cfbfe96ad057338e,s_2421ef963564baf926d17465,BB%,missing_projection_metric
pitcher,2026,RotoWire,p_a8e02f57bd3e35b91149c0d6,s_f6cb34db02de259e9dc338f6,BB%,missing_projection_metric
pitcher,2026,RotoWire,p_61da229a19dcb37d006d054f,s_71785e40add7a0fefb436075,BB%,missing_projection_metric
pitcher,2026,RotoWire,p_6d19fe3af838d3bcaf19f868,s_0e5da867aa1de12b938c27cc,BB%,missing_projection_metric
pitcher,2026,RotoWire,p_28b88c75bbb3485832e0fbb1,s_0a2c3f9c3fc122467cbdd7ca,BB%,missing_projection_metric
pitcher,2026,RotoWire,p_08803fedfc7e3b44562070ba,s_dbbbfea419b6d7d993523349,BB%,missing_projection_metric
pitcher,2026,RotoWire,p_e573b05454d024acae1fffe0,s_0e502d4fe86e72651791add7,BB%,missing_projection_metric
pitcher,2026,RotoWire,p_c1803acfc69807176b03fceb,s_dc4edcfeb371f78279a83f31,BB%,missing_projection_metric
pitcher,2026,RotoWire,p_d84214456f41ba299fcf20c0,s_600c196f8ac0683f11c2426b,BB%,missing_projection_metric
pitcher,2026,RotoWire,p_c1b16bac113e009a04e9d07b,s_9d8738be1d0c5786c0050b80,BB%,missing_projection_metric
pitcher,2026,RotoWire,p_3d4fddbaa624427c64113cac,s_d4b5ce1cf3639220d7a74379,BB%,missing_projection_metric
pitcher,2026,RotoWire,p_36dec542a06db312dff05ed3,s_45e9357a9524ba5a0d2b4ec5,BB%,missing_projection_metric
pitcher,2026,RotoWire,p_4ce2bc74d9bdc379de52f9fb,s_25a9c78c7de4242d98708902,BB%,missing_projection_metric
pitcher,2026,RotoWire,p_1bd74263d59f9dcb39af1120,s_34f2ba02a79a3cd59f095533,BB%,missing_projection_metric
pitcher,2026,RotoWire,p_b48582763b8f7f6f91074a0d,s_4d92004386fd3d2bf51acae0,BB%,missing_projection_metric
pitcher,2026,RotoWire,p_49ed2c7ffa16b9279ff3f555,s_c4afd328e8d328bc56261722,BB%,missing_projection_metric
pitcher,2026,RotoWire,p_ce659b38e92388329f2ca16b,s_d3fccd71f956621325a51433,BB%,missing_projection_metric
pitcher,2026,RotoWire,p_b94cd2fa50a25f87a513580d,s_9999231528a2b32c9b5a6bea,BB%,missing_projection_metric
pitcher,2026,RotoWire,p_b862f8fa2a57ec2f1c12850b,s_717b202b49e2d1d6506e3750,BB%,missing_projection_metric
pitcher,2026,RotoWire,p_6b8cba5bfea707d3dd734524,s_21e2e6dc884cba72d6c8655f,BB%,missing_projection_metric
pitcher,2026,RotoWire,p_a6fa59945d5551b89676371f,s_a2d6c021b62b09f6f243d03d,BB%,missing_projection_metric
pitcher,2026,RotoWire,p_0f524fd2285c4e78f5fe8913,s_ded2373e1e872aabdbd5aaae,BB%,missing_projection_metric
pitcher,2026,RotoWire,p_64eadd5a9c1db68fc646be45,s_bab8a849edc13b8ecd6655c7,BB%,missing_projection_metric
pitcher,2026,RotoWire,p_5fdf2f3ccb63b4515b2eb625,s_95a63942e2e3135409140952,BB%,missing_projection_metric
pitcher,2026,RotoWire,p_99369324bab1d4ff69bc1d02,s_81a785ed3889cb90122f059f,BB%,missing_projection_metric
pitcher,2026,RotoWire,p_5ab8edce0d7c479009e600fb,s_d9bf5e047239a453a2cf3afe,BB%,missing_projection_metric
pitcher,2026,RotoWire,p_5b7aca63cb468b989990acb9,s_0f09798054db7458155c1701,BB%,missing_projection_metric
pitcher,2026,RotoWire,p_7ef545114aef3d660b73dcb7,s_f1cc739cd0673a2a07c1f5be,BB%,missing_projection_metric
pitcher,2026,RotoWire,p_22dafc9081fa932d292f968b,s_76567fbffc13e1cb927dfd1a,BB%,missing_projection_metric
pitcher,2026,RotoWire,p_9f550caec192fd42d10ff1b3,s_17444bf94b830008071fb564,BB%,missing_projection_metric
pitcher,2026,RotoWire,p_1b7aadf4254d0c04b28301e5,s_5e130d045148d66c7fd31653,BB%,missing_projection_metric
pitcher,2026,RotoWire,p_b9bda4330db43c739314fce4,s_c17c33bf416aa4b0c4af4f09,BB%,missing_projection_metric
pitcher,2026,RotoWire,p_b1ab737f8c5f55323e91d0f5,s_7e380d8d8c8b84235a5155bf,BB%,missing_projection_metric
pitcher,2026,RotoWire,p_f25183fc2c47de9223d05e18,s_e5a77a57a49234fcadbc2926,BB%,missing_projection_metric
pitcher,2026,RotoWire,p_6b4f95ec9ffb4fe368a2576d,s_2d543d2902dabca988a565a5,BB%,missing_projection_metric
pitcher,2026,RotoWire,p_c8060e0ca736e951c5c4b226,s_c0309c8c30f2587cd449c411,BB%,missing_projection_metric
pitcher,2026,RotoWire,p_9c980b6b55a25e9cec08f624,s_b545795417b5fd61adebdcb9,BB%,missing_projection_metric
pitcher,2026,RotoWire,p_53fdc6d306dc44415d488e16,s_32f1a7cdaab754a620a06fab,BB%,missing_projection_metric
pitcher,2026,RotoWire,p_7c334178878220517ce9f328,s_84474e651da76333dc79c4b1,BB%,missing_projection_metric
pitcher,2026,RotoWire,p_70afef2de0e1d2c4130d7a6f,s_97381ad047f21ece3b53dfac,BB%,missing_projection_metric
pitcher,2026,RotoWire,p_a8a4ea29b153fef404ad3bfc,s_3ed0f240d30d827ca9951fa4,BB%,missing_projection_metric
pitcher,2026,RotoWire,p_34b9c312bb9fd77b95735fa7,s_39a88f8a21b81fce7f7373c5,BB%,missing_projection_metric
pitcher,2026,RotoWire,p_aa3f542bce2dddb882aa93ae,s_02545767668eef11f0a4cc68,BB%,missing_projection_metric
pitcher,2026,RotoWire,p_3f88e6009659057719b46325,s_38500b5e89f080fc7618b070,BB%,missing_projection_metric
pitcher,2026,RotoWire,p_fff5f1ebef83eebba71e9bbc,s_accdc9f091974e312fb2d9a1,BB%,missing_projection_metric
pitcher,2026,RotoWire,p_2969c4d6cb29c114efd4bb95,s_f8d1371eea4639af8ebeb1bf,BB%,missing_projection_metric
pitcher,2026,RotoWire,p_6ae7476d65dc554f359685a1,s_373e046a2d3c00475714f11f,BB%,missing_projection_metric
pitcher,2026,RotoWire,p_c037b82bc4462dd614d5ab27,s_c38596ed46d121122bcc60d0,BB%,missing_projection_metric
pitcher,2026,RotoWire,p_c5178381d162a4b5d9527eb0,s_8bff9705940bb1e6d858f777,BB%,missing_projection_metric
pitcher,2026,RotoWire,p_f56aefc4ede81ff8de5457ab,s_8d428db1ef0c7f22a3f2fd2f,BB%,missing_projection_metric
pitcher,2026,RotoWire,p_b7580c74682c1a1cc5d24abd,s_c19ccd038785e91d4fa03c5e,BB%,missing_projection_metric
pitcher,2026,RotoWire,p_a41a3c5bc64b1e0489feb28f,s_3683d283b2af8b00a350cf3f,BB%,missing_projection_metric
pitcher,2026,RotoWire,p_1cb2a2b9966604f2d0295576,s_ecacc59bd1d2f6e2bf4a56eb,BB%,missing_projection_metric
pitcher,2026,RotoWire,p_06ac62e58655fdbf61a0ce7b,s_1296c23b23208fd125e2ea9a,BB%,missing_projection_metric
pitcher,2026,RotoWire,p_871261aef233e820be74ffc9,s_66ab8297ba652569ea1131d2,BB%,missing_projection_metric
pitcher,2026,RotoWire,p_ccf29ec3fb51dbf128d874e4,s_bac2df2b3f5e16f4f493d6d3,BB%,missing_projection_metric
pitcher,2026,RotoWire,p_517403ae3a1b79a433390aec,s_87697517d46b5200927be5f0,BB%,missing_projection_metric
pitcher,2026,RotoWire,p_09468a2fee5db7203f0eb46f,s_458a599e196a1bc0e9e661c1,BB%,missing_projection_metric
pitcher,2026,RotoWire,p_d21949823eaf8abb13ea0c7e,s_0b589368d943d12591464c19,BB%,missing_projection_metric
pitcher,2026,RotoWire,p_a9cd8307ddcf9289441ea557,s_3014e5e5aaeac3a5ddd7c5db,BB%,missing_projection_metric
pitcher,2026,RotoWire,p_54dfc42aa6e80f0846f08fcf,s_02f97e9c1a426bc50ba72697,BB%,missing_projection_metric
pitcher,2026,RotoWire,p_9cf33bb8d6b6c72759e3b41d,s_c41da28cf7cf52681277f13e,BB%,missing_projection_metric
pitcher,2026,RotoWire,p_05aa5556dc44afe342917893,s_c7be1888db989bac8673889c,BB%,missing_projection_metric
pitcher,2026,RotoWire,p_e78d76af2b3a156869586232,s_7bcd964dea78ae2157a5ec77,BB%,missing_projection_metric
pitcher,2026,RotoWire,p_6ab2031cdd4bbac15cafe542,s_59465e3f8e7cf14cb1865526,BB%,missing_projection_metric
pitcher,2026,RotoWire,p_9b79266fde272f3b8d161342,s_37b6b7ddf49afe09163f12f0,BB%,missing_projection_metric
pitcher,2026,RotoWire,p_19d2c7ec4ec2d984744eb5b3,s_3a960d9e412fa3d3e3a9dad1,BB%,missing_projection_metric
pitcher,2026,RotoWire,p_ce22d4726510344d78fb2e38,s_8acb546203e92adde255a9cf,BB%,missing_projection_metric
pitcher,2026,RotoWire,p_54517e847736a45c8b1dabfd,s_65f196935c0357c546446552,BB%,missing_projection_metric
pitcher,2026,RotoWire,p_781ca9e5c281bea0fd02a3a9,s_d3685aa7d984d7aa063f0170,BB%,missing_projection_metric
pitcher,2026,RotoWire,p_3c08e81780e0bae6ae834dda,s_f2e22dbf4ad951080151e8ff,BB%,missing_projection_metric
pitcher,2026,RotoWire,p_8183d10c86c33b8c9d22b5ae,s_825ae827882e62022934d154,BB%,missing_projection_metric
pitcher,2026,RotoWire,p_c81a0386598bf2f14a51264d,s_8287385ca3ef2c399760cf91,BB%,missing_projection_metric
pitcher,2026,RotoWire,p_1953e9b8e9520ff434fb0757,s_82c8bb94eecf39d99a830e31,BB%,missing_projection_metric
pitcher,2026,RotoWire,p_e5489bb69c8bf14362185b49,s_8c3b421225ce18c10ce62cfc,BB%,missing_projection_metric
pitcher,2026,RotoWire,p_de239dab073ee70e594e1202,s_2ca6cdfd12d301ca7ed43826,BB%,missing_projection_metric
pitcher,2026,RotoWire,p_9316c4dc392000b5e1ac832e,s_86e475db1fbfcf8b1a77f778,BB%,missing_projection_metric
pitcher,2026,RotoWire,p_b439564078d45af9d65a0fbe,s_c008f69d0f9c670cc9ebadaf,BB%,missing_projection_metric
pitcher,2026,RotoWire,p_f4a21c23681d7a8de5411075,s_e45d0d44a32669c00454d037,BB%,missing_projection_metric
pitcher,2026,RotoWire,p_ffe00fc2f01b7827200e26a4,s_401612462f44a1c3364cba4f,BB%,missing_projection_metric
pitcher,2026,RotoWire,p_c6edb861266cca1d8b7777f3,s_9e0de88350b421f81ec12712,BB%,missing_projection_metric
pitcher,2026,RotoWire,p_070918a027c45f11ba1c7216,s_3cb0f247392b812f36ec9878,BB%,missing_projection_metric
pitcher,2026,RotoWire,p_e10fdff8ef686e5845a7cfee,s_08750125c8f7e6880fe4018e,BB%,missing_projection_metric
pitcher,2026,RotoWire,p_a1dd30c06e29129ba5461f1e,s_9ed676fc1486825fd9ef21fa,BB%,missing_projection_metric
pitcher,2026,RotoWire,p_a52253efb8f29cc26461b906,s_37b9eb34fd4a4a7bedbf1de9,BB%,missing_projection_metric
pitcher,2026,RotoWire,p_13d0b2d2bfa1eb67d025c56d,s_888d4587c81fb0c832c125f4,BB%,missing_projection_metric
pitcher,2026,RotoWire,p_ab34ac7065869093f97fd7ed,s_014afa24a5effe4abd643a91,BB%,missing_projection_metric
pitcher,2026,RotoWire,p_ef076093f73d78369c5e2007,s_62c42bf78a57a4c6284b4c86,BB%,missing_projection_metric
pitcher,2026,RotoWire,p_318949b8bccbfa80a4474acc,s_537e9c3db329aa5b6a20f344,BB%,missing_projection_metric
pitcher,2026,RotoWire,p_e9baadb1fdaf2108fb24d243,s_d51db1464aeba861c6fb9129,BB%,missing_projection_metric
pitcher,2026,RotoWire,p_edfc64041b7ee8740960ecff,s_015d294682c40069c48c4506,BB%,missing_projection_metric
pitcher,2026,RotoWire,p_7e61c15cf9c6d600c25cc6b0,s_578e03fdf78f3da8993ba802,BB%,missing_projection_metric
pitcher,2026,RotoWire,p_463c8505b18605c1574ec77d,s_4f4f5dd275be9f5a369e4c9a,BB%,missing_projection_metric
pitcher,2026,RotoWire,p_fc2efd485c9feb6bf3d10686,s_2891b40bce7037cb6fc4160c,BB%,missing_projection_metric
pitcher,2026,RotoWire,p_48da1d101e8cb6eb88275ac2,s_875d6a0a39242fc632d4d458,BB%,missing_projection_metric
pitcher,2026,RotoWire,p_340fa49b390d7ccae182eaa4,s_e226d353eaea6f69c7205dcf,BB%,missing_projection_metric
pitcher,2026,RotoWire,p_028d1e47ba08f397b36a0b34,s_17a5878850d218b141b7e6a3,BB%,missing_projection_metric
pitcher,2026,RotoWire,p_a80d4ffd8c4ac0d867414d37,s_752b5446c44d8e7ce2155452,BB%,missing_projection_metric
pitcher,2026,RotoWire,p_601859fdd8080fb55daaca88,s_36065566c97b35b68687fdf8,BB%,missing_projection_metric
pitcher,2026,RotoWire,p_d27727ac36c7fea7168491ea,s_4d01e5a76005617d7b76e157,BB%,missing_projection_metric
pitcher,2026,RotoWire,p_c16ceee80f9bfb1fec04cdfe,s_beeb5243a74a35a0bf5daff1,BB%,missing_projection_metric
pitcher,2026,RotoWire,p_3d7dbeb61bf17e62ef16d36b,s_09dae89ed03cfa40558feb64,BB%,missing_projection_metric
pitcher,2026,RotoWire,p_cb7e3547063497ea6d59f8f1,s_bb303cb7f8b3f5f771d8c07a,BB%,missing_projection_metric
pitcher,2026,RotoWire,p_5265b84a78acbbda433f96c7,s_85ff95d1a073bcdabe150465,BB%,missing_projection_metric
pitcher,2026,RotoWire,p_d0ebfea953424a7ec46c2eb9,s_4b0f02a5848e9f03f5294b16,BB%,missing_projection_metric
pitcher,2026,RotoWire,p_c4eb415b77ff8b7ebcd826e3,s_903df48c3452114e1decec98,BB%,missing_projection_metric
pitcher,2026,RotoWire,p_3751299442003f8a18705d67,s_5641bfed92a468abeb3f210f,BB%,missing_projection_metric
pitcher,2026,RotoWire,p_2760b771d5d2d52f8c0db525,s_e29248ee3c0c7f65f93467a0,BB%,missing_projection_metric
pitcher,2026,RotoWire,p_c1d12d935a24fbd60d6cf764,s_5d987d21cf52bafe5221dd67,BB%,missing_projection_metric
pitcher,2026,RotoWire,p_0e089b0f2e016b32a874b52f,s_40661569304e9e6d235aa5aa,BB%,missing_projection_metric
pitcher,2026,RotoWire,p_c229b53fa6e02347d49d14af,s_92a1f1638de6e45c64f25eab,BB%,missing_projection_metric
pitcher,2026,RotoWire,p_5aa9a1553defc70fdc9f44f6,s_0c3ae8fae4c2937f9a6a7a97,BB%,missing_projection_metric
pitcher,2026,RotoWire,p_99f38b09686a812eec67a07d,s_87afe2fa72b7e6dedeb56fc5,BB%,missing_projection_metric
pitcher,2026,RotoWire,p_7c9db6128a2d163051be00ea,s_3b96b41fd9e2148088b0c288,BB%,missing_projection_metric
pitcher,2026,RotoWire,p_87e0f824b432c68de2f1cdda,s_7bdb2abc30385b242b1e6dc6,BB%,missing_projection_metric
pitcher,2026,RotoWire,p_9d30f7fa80d5f631417ee075,s_f25bda8bdbf9dce044b98f09,BB%,missing_projection_metric
pitcher,2026,RotoWire,p_b780c726b42fc01482d044ea,s_c405b0c20b4e6359698228ac,BB%,missing_projection_metric
pitcher,2026,RotoWire,p_4418e268dc293e4c447c6546,s_834fab11eb38bf6052973750,BB%,missing_projection_metric
pitcher,2026,RotoWire,p_4f63322407a16b6cb9e684d5,s_0dfd2147ebf1de91bb4049f9,BB%,missing_projection_metric
pitcher,2026,RotoWire,p_4666c8933a6cfbcd75a49204,s_f49a29cb525ee8b5105bf239,BB%,missing_projection_metric
pitcher,2026,RotoWire,p_65fc75eaa7cdf02f389515d9,s_8907cc7237cc8bbfecb8d45d,BB%,missing_projection_metric
pitcher,2026,RotoWire,p_371a1a346ec1e2f9db0ad977,s_5b3d13e1056846fe80754a17,BB%,missing_projection_metric
pitcher,2026,RotoWire,p_c3cfef0ffe32dcdecf86b61f,s_548eacae98a2577c2e8ecc25,BB%,missing_projection_metric
pitcher,2026,RotoWire,p_27741deb9bcc7a5143466fbb,s_8e93023757fb4490770b557c,BB%,missing_projection_metric
pitcher,2026,RotoWire,p_a040d5160e3ed9b54434cfbb,s_b1cf44160a6db5a931afdfaa,BB%,missing_projection_metric
pitcher,2026,RotoWire,p_31e198d6dadb10cdd4b3261f,s_8f1280b82543642957404379,BB%,missing_projection_metric
pitcher,2026,RotoWire,p_fde1cb0513829d5de21b3f1e,s_42a6de7becabde90a55ad218,BB%,missing_projection_metric
pitcher,2026,RotoWire,p_d0cb62e3b68e340a9cdfacc2,s_ae7774bb549201c34d77e05c,BB%,missing_projection_metric
pitcher,2026,RotoWire,p_d67e2299a0f2997cb42780b7,s_2cdabf4aa1046a81574ca380,BB%,missing_projection_metric
pitcher,2026,RotoWire,p_5ab6446da06e03d88133c394,s_d8333a88bb0ba38ee61b0600,BB%,missing_projection_metric
pitcher,2026,RotoWire,p_1dd0b1900f0273e21e3b6bc0,s_4119bdd6c893fb622e67d966,BB%,missing_projection_metric
pitcher,2026,RotoWire,p_38048eea2f7c671d69ecd76b,s_36637e82852ce9266583b1cd,BB%,missing_projection_metric
pitcher,2026,RotoWire,p_161e5a9305eaea8fb63c7654,s_71de7fd1e8bd40c2c73f2611,BB%,missing_projection_metric
pitcher,2026,RotoWire,p_a6d5aaf96c6c17db57e8301a,s_5a02842895ea3a11c3fffa36,BB%,missing_projection_metric
pitcher,2026,RotoWire,p_7b633d9c0fd8d30fda378a1c,s_6686b82c60156c0ae0d0bbfa,BB%,missing_projection_metric
pitcher,2026,RotoWire,p_f7bab10a7c231ef55feda704,s_bd939012e148491941d0b364,BB%,missing_projection_metric
pitcher,2026,RotoWire,p_76d7ef74cfa636d8b9d155bd,s_fd3454bba7c92acb8cfe6c4f,BB%,missing_projection_metric
pitcher,2026,RotoWire,p_f50562cd42d6cc25aedd76e1,s_116f1b993051f4281b5f0885,BB%,missing_projection_metric
pitcher,2026,RotoWire,p_5988f710e101ad2973bb1376,s_8e58a0514b94aa4876615f9c,BB%,missing_projection_metric
pitcher,2026,RotoWire,p_f33b45e0082d9a26a8b16000,s_1d4ca3de5c0f190ad1cd9904,BB%,missing_projection_metric
pitcher,2026,RotoWire,p_ca0d45e796adb570fdbab1c7,s_c54989d725c39f992d847180,BB%,missing_projection_metric
pitcher,2026,RotoWire,p_ad235584736e2db776c9f300,s_82c549976445ec5293bd4013,BB%,missing_projection_metric
pitcher,2026,RotoWire,p_9085615513755fa3b7c88ed7,s_f8dee4d6a6d5b4fc6bf16c14,BB%,missing_projection_metric
pitcher,2026,RotoWire,p_533e1d1b9b0e042ae42a70bc,s_8f36a1e0022c964f31c91f6c,BB%,missing_projection_metric
pitcher,2026,RotoWire,p_6bd9055b9b59370a6fc21176,s_38cb4d4248701e7a6ce03c04,BB%,missing_projection_metric
pitcher,2026,RotoWire,p_1142060f4e1e790850d30e59,s_e3055325e6d4d537bb5e9944,BB%,missing_projection_metric
pitcher,2026,RotoWire,p_dae721ae0af6fe067aae9fe3,s_db565252059663c6bffa179c,BB%,missing_projection_metric
pitcher,2026,RotoWire,p_922ce00ab6c0df908faed3ae,s_ef97b59aeed2b866edf74fc1,BB%,missing_projection_metric
pitcher,2026,RotoWire,p_337ef551541514c24ce1c46c,s_229979b7e30905a88660d96c,BB%,missing_projection_metric
pitcher,2026,RotoWire,p_30abefb7f554a01f12b64dc7,s_fc49ffe12ccb4971dd49b87c,BB%,missing_projection_metric
pitcher,2026,RotoWire,p_4e095ac42b4a01d1fdf29e14,s_c1ff9537b3916f96e21da196,BB%,missing_projection_metric
pitcher,2026,RotoWire,p_ca0da33a70c68f592795f426,s_92ec7236f3bdeff13bd44080,BB%,missing_projection_metric
pitcher,2026,RotoWire,p_35ac1581cac235bb1668f22a,s_d36b2e4d860586127be89fd8,BB%,missing_projection_metric
pitcher,2026,RotoWire,p_e4a10c7f007942d7d013ffa8,s_cf43669aca51ad8bb46a7ad1,BB%,missing_projection_metric
pitcher,2026,RotoWire,p_f1199c5e49b77b823fde65db,s_143519ffbff4d224a199b05c,BB%,missing_projection_metric
pitcher,2026,RotoWire,p_2d89951f468f9685aecc45ef,s_03122fe5dd8adcaf8d77c768,BB%,missing_projection_metric
pitcher,2026,RotoWire,p_f6c81be67460a702270428c3,s_af291b754a869e280b9c2b8e,BB%,missing_projection_metric
pitcher,2026,RotoWire,p_05f3918b6278bcd6d3856315,s_df9b30f4a30507058f649de3,BB%,missing_projection_metric
pitcher,2026,RotoWire,p_bc1f7345b1d67fbf1e7c9f68,s_4e9fd06a26e71e911e735224,BB%,missing_projection_metric
pitcher,2026,RotoWire,p_5fc4cd4565230611a892c103,s_715fa66e6dfd8383030a4599,BB%,missing_projection_metric
pitcher,2026,RotoWire,p_c564f60ca570a42cae848b9d,s_187fde3f46b3d79e19312456,BB%,missing_projection_metric
pitcher,2026,RotoWire,p_4b42caae2c74a4d78fc1d2c5,s_5a02da658098d16ade5abcfa,BB%,missing_projection_metric
pitcher,2026,RotoWire,p_8b93ec63be6ec0ab8c535e69,s_0518026017a1f141d269059b,BB%,missing_projection_metric
pitcher,2026,RotoWire,p_23ad51a9725fb7e2007c6f4a,s_a90769eb9d65f184dc3ba662,BB%,missing_projection_metric
pitcher,2026,RotoWire,p_e0d80b0ade89ca191c7c7e55,s_e14d447b381f1e1b02d397af,BB%,missing_projection_metric
pitcher,2026,RotoWire,p_93b79e92d76fa2af9c41c2cb,s_f3964a3b926efc08eaa079e7,BB%,missing_projection_metric
pitcher,2026,RotoWire,p_574ecbd5a49e1ed6c42b24dc,s_15412145a00613abe84e86db,BB%,missing_projection_metric
pitcher,2026,RotoWire,p_dedb29c4c8c6ce892139f533,s_df57e2dc4776985c74b9ce97,BB%,missing_projection_metric
pitcher,2026,RotoWire,p_0876ad8121b608233facdf46,s_7236fb6735a8e63e3af6edf1,BB%,missing_projection_metric
pitcher,2026,RotoWire,p_d445cfc4cbcbaa36bc71236d,s_f633dd566d881d2b933d6b51,BB%,missing_projection_metric
pitcher,2026,RotoWire,p_8b9cb10f6657921d3c1ea1a2,s_2d1cd2cafa217d36a804386f,BB%,missing_projection_metric
pitcher,2026,RotoWire,p_c09cf00381457e60dd0c837e,s_78f62445549e2eb76f41cac4,BB%,missing_projection_metric
pitcher,2026,RotoWire,p_79db076d96a757be408fc0b5,s_02e73efe89ad262325e8dfaa,K-BB%,missing_projection_metric
pitcher,2026,RotoWire,p_71d09db50c9a74cdff2daaa6,s_614802de35e345fb7ede0dda,K-BB%,missing_projection_metric
pitcher,2026,RotoWire,p_fe8cab313ac88ec19b9d2fd5,s_20ee2b13a3927aaf89b8a0f2,K-BB%,missing_projection_metric
pitcher,2026,RotoWire,p_70c49bf0f0626ec80e6293cd,s_1ca8ae9daf345f13f08be96c,K-BB%,missing_projection_metric
pitcher,2026,RotoWire,p_7f3c31a904c074d502da70d5,s_66635d895980ec6ac7e9c95d,K-BB%,missing_projection_metric
pitcher,2026,RotoWire,p_076050d971510ecbad0e9fc2,s_796e0cb433f95b4700dc1cb3,K-BB%,missing_projection_metric
pitcher,2026,RotoWire,p_0dc12b093f01fa4ff1998e35,s_52a8f78e72cffe623c4beaec,K-BB%,missing_projection_metric
pitcher,2026,RotoWire,p_b64f0bdc08dbeb2bf1f233f1,s_52c78ceb5d9d23c55918a01f,K-BB%,missing_projection_metric
pitcher,2026,RotoWire,p_5e15cd85b86d4f7d8a3917f1,s_e06a5474d27445ec072d0359,K-BB%,missing_projection_metric
pitcher,2026,RotoWire,p_c77633fc44aa9ab70e90b313,s_e99e7ffd1bd3cafb2fda6e44,K-BB%,missing_projection_metric
pitcher,2026,RotoWire,p_7a0f54bccb8bb17435ba889a,s_a0393aa3cb0d4c07fdc452ba,K-BB%,missing_projection_metric
pitcher,2026,RotoWire,p_a8c6e164b8c9d48c0a076f2c,s_7f244160368a805400e14a62,K-BB%,missing_projection_metric
pitcher,2026,RotoWire,p_961f6e00dd2d95905acb6d7f,s_fbd426f38b7a98cbd6fd9fc2,K-BB%,missing_projection_metric
pitcher,2026,RotoWire,p_7837da98084befe7500c0de1,s_e33f1987f1f370fba5e8b6f1,K-BB%,missing_projection_metric
pitcher,2026,RotoWire,p_47ed758dc936cd8e92d1d3fb,s_ad2c9cd6d2a4b7af156273fe,K-BB%,missing_projection_metric
pitcher,2026,RotoWire,p_ab80696a06cabb94d0590e17,s_34aad421bfe6fbfaff97283d,K-BB%,missing_projection_metric
pitcher,2026,RotoWire,p_d37981ebca7896eb8c5d5e08,s_ad008f879e465fc7added602,K-BB%,missing_projection_metric
pitcher,2026,RotoWire,p_8349a663da3750fe77506964,s_09e8532c1e4f4ac4fe7ab5ad,K-BB%,missing_projection_metric
pitcher,2026,RotoWire,p_6660c34756e8e079063c8590,s_f7b7cb1405b211e04f7fbc12,K-BB%,missing_projection_metric
pitcher,2026,RotoWire,p_3a56b40b2c57dca6ae8cf58e,s_7f9591b058fdd1db884ec9b4,K-BB%,missing_projection_metric
pitcher,2026,RotoWire,p_1c8acb186b9d936cb16ba8c8,s_524eb687adb4e4f3c7208d75,K-BB%,missing_projection_metric
pitcher,2026,RotoWire,p_8cb9b18f097241aaca305ef9,s_ad4a6ec31c7ee36215220d40,K-BB%,missing_projection_metric
pitcher,2026,RotoWire,p_30de042ebbb0b98c455a5266,s_17d5978d0e70f0d886c4d08c,K-BB%,missing_projection_metric
pitcher,2026,RotoWire,p_28abf5cc48d77ded7411a157,s_ced59eb3acfa93540d7dda19,K-BB%,missing_projection_metric
pitcher,2026,RotoWire,p_cf9fa37e74c0fa0c64a54b23,s_c77a1898a876049f00b4004e,K-BB%,missing_projection_metric
pitcher,2026,RotoWire,p_000215aa0a15c0d7ca6d5492,s_e640bc8bd3c8454846755b00,K-BB%,missing_projection_metric
pitcher,2026,RotoWire,p_ce0a7b766c90514f3d557d6b,s_05af1499743ad27ac3f9de42,K-BB%,missing_projection_metric
pitcher,2026,RotoWire,p_d931f098ccb7246a53c02b23,s_58ee4d655966670a532d22d5,K-BB%,missing_projection_metric
pitcher,2026,RotoWire,p_14ae2075371d15014297c7ae,s_2945d8db294971bc58dc7928,K-BB%,missing_projection_metric
pitcher,2026,RotoWire,p_e57a7daba23968e0156d47d8,s_9f0b3f3e9149946c020e1b84,K-BB%,missing_projection_metric
pitcher,2026,RotoWire,p_f8207c80dd8d374f9e4cc152,s_4b83386ab430086495361d6f,K-BB%,missing_projection_metric
pitcher,2026,RotoWire,p_e333710884baecb1ae5dba0f,s_7d08a9b76af5b8f0b8448821,K-BB%,missing_projection_metric
pitcher,2026,RotoWire,p_67c782a89ca0d0934cb67da0,s_1f69d8750d3f7ba8256d97ee,K-BB%,missing_projection_metric
pitcher,2026,RotoWire,p_05b053aef1fe89fcd847726e,s_562775cf25cd3f31f8e59c34,K-BB%,missing_projection_metric
pitcher,2026,RotoWire,p_5c31828b78f7ebd5a1f567ea,s_1738f243cfb1a99899c2a7dc,K-BB%,missing_projection_metric
pitcher,2026,RotoWire,p_dae655bcb2a707499b8da77f,s_4ae5c13d3dec7187155fae83,K-BB%,missing_projection_metric
pitcher,2026,RotoWire,p_a55e1314437f703697888e9a,s_f58c4f95ff890a6b6b20d0b8,K-BB%,missing_projection_metric
pitcher,2026,RotoWire,p_bad965b08abad35f7f072927,s_41bba3a6a43b0537bb54e299,K-BB%,missing_projection_metric
pitcher,2026,RotoWire,p_7f60fe780813d2e2f804a47f,s_4ced7b9890859c8d08fb63b1,K-BB%,missing_projection_metric
pitcher,2026,RotoWire,p_f732808de15e4b6e01ed6e5e,s_616ef2c9ccaaeabb97487640,K-BB%,missing_projection_metric
pitcher,2026,RotoWire,p_a88afe1f0743c6b59b5fa48c,s_84bef2c1e7861ff427632396,K-BB%,missing_projection_metric
pitcher,2026,RotoWire,p_fac8fe6d0d4a7a73a2dc5d0b,s_12013fb886c3b5b3a867a185,K-BB%,missing_projection_metric
pitcher,2026,RotoWire,p_4946d0fafc0d0ae33e1e930e,s_23594cd3339f56e30480cd45,K-BB%,missing_projection_metric
pitcher,2026,RotoWire,p_45af90dea0a15679463264ff,s_70e54aa9970aa17262b01623,K-BB%,missing_projection_metric
pitcher,2026,RotoWire,p_cc3893db1d216499b15a96b7,s_86c270b67e17b539dc6bcf96,K-BB%,missing_projection_metric
pitcher,2026,RotoWire,p_10a3e264d0d762f0a6116bf0,s_0d7a85627da562938036f05a,K-BB%,missing_projection_metric
pitcher,2026,RotoWire,p_69bf94efbaeb173840b3fe59,s_603a7fa637a85021fd2334bf,K-BB%,missing_projection_metric
pitcher,2026,RotoWire,p_20cfc1ed708ec62614a8be4a,s_e9f44b929da6498d83f1e4b0,K-BB%,missing_projection_metric
pitcher,2026,RotoWire,p_5e4be1b675696e14d59387d7,s_569a4ab274f1c1ffc0aac1bf,K-BB%,missing_projection_metric
pitcher,2026,RotoWire,p_bc5886f85f668aec59f650a3,s_20a9db26a02c74fd697d0b28,K-BB%,missing_projection_metric
pitcher,2026,RotoWire,p_c5b82d72e1ce8ed1000e8ca9,s_7aed22939a32c3a2bf7c9dbb,K-BB%,missing_projection_metric
pitcher,2026,RotoWire,p_b43c67aae95620f8ae32f063,s_22d6db56ca20ecfbab1e3dbb,K-BB%,missing_projection_metric
pitcher,2026,RotoWire,p_78a8db997f51090cfa594d12,s_b54fe9d62534073c2f494b32,K-BB%,missing_projection_metric
pitcher,2026,RotoWire,p_56f8cacbf95fa9e9ccd5f037,s_ccdf7d168096c840b25ca2f5,K-BB%,missing_projection_metric
pitcher,2026,RotoWire,p_2cd1bbdbc7d02b4f5c0e4a81,s_e1f52ec2819f17b068323800,K-BB%,missing_projection_metric
pitcher,2026,RotoWire,p_07394d99dcbd9729eb1c244b,s_17f2ef6270a28339bb189ba1,K-BB%,missing_projection_metric
pitcher,2026,RotoWire,p_17e93d5e2f0eff121bd2e922,s_4ea0e8ba5ebb276a47a29537,K-BB%,missing_projection_metric
pitcher,2026,RotoWire,p_05853e333f5ea183e286e9f3,s_c2983ea9e81c1508c6099caa,K-BB%,missing_projection_metric
pitcher,2026,RotoWire,p_f291c89c85ccbcc1a5b86d36,s_f096a15291b2715045f8289b,K-BB%,missing_projection_metric
pitcher,2026,RotoWire,p_9d536cb354f545a79cf263ad,s_5e7a22ab833cad21b60282e5,K-BB%,missing_projection_metric
pitcher,2026,RotoWire,p_19dec057e552049568aaec59,s_a69ed7ac9bdf1e86f70e84f9,K-BB%,missing_projection_metric
pitcher,2026,RotoWire,p_ab201d9f00a18e2a1bcb84f8,s_3e72fa6e0785b6b8645834f6,K-BB%,missing_projection_metric
pitcher,2026,RotoWire,p_af8228da2186a3c55a0c0647,s_aae2bcd9d96ff918fe948e2a,K-BB%,missing_projection_metric
pitcher,2026,RotoWire,p_dccf73052bae55c71948ac4c,s_3219ee8482f2f624dc4ec859,K-BB%,missing_projection_metric
pitcher,2026,RotoWire,p_e6f97a8200763e284decf5ae,s_6bdd30c677b24b708db0e278,K-BB%,missing_projection_metric
pitcher,2026,RotoWire,p_fdcc3c57fc1404d67ef4d33f,s_dedfd054be4ff6c3c5938dd2,K-BB%,missing_projection_metric
pitcher,2026,RotoWire,p_97392f4b9a9bcd3580abacfa,s_eb8229b948d02b6f80bcf1cf,K-BB%,missing_projection_metric
pitcher,2026,RotoWire,p_081253e7d079edbb13e4e0de,s_65a0c6f3512d068c8ebbc923,K-BB%,missing_projection_metric
pitcher,2026,RotoWire,p_61fb48d2e73aa7850e1737bd,s_a3cd36cc4d8cf2cf829bf81a,K-BB%,missing_projection_metric
pitcher,2026,RotoWire,p_2b11176e1209a4155291382a,s_036c5aea09ea8e4d4d8832aa,K-BB%,missing_projection_metric
pitcher,2026,RotoWire,p_b2fab903e6ffc323ace73400,s_f8b373e56d8fbca3810dcb90,K-BB%,missing_projection_metric
pitcher,2026,RotoWire,p_24a22b256217bda128f194b7,s_9f06f3eaed258dfb1a93e3f0,K-BB%,missing_projection_metric
pitcher,2026,RotoWire,p_b70c49459235c52b0d564237,s_5a568f574297c4ff5b76319a,K-BB%,missing_projection_metric
pitcher,2026,RotoWire,p_6cb3547deca91d83694527f9,s_31fabd9729215a9949003c77,K-BB%,missing_projection_metric
pitcher,2026,RotoWire,p_e596c20f3f965f74f208c29f,s_8328e2b71b4ee86fe3a2f3f4,K-BB%,missing_projection_metric
pitcher,2026,RotoWire,p_481d55069fc331213e830346,s_8b4be7a0ecc307bc3fa75358,K-BB%,missing_projection_metric
pitcher,2026,RotoWire,p_fde48aca5839877a629d3e92,s_5c7331f17b7b63e2e03d11df,K-BB%,missing_projection_metric
pitcher,2026,RotoWire,p_5e4a0f72ee5813838f4aff38,s_067ff7ec56f29a45f041acb9,K-BB%,missing_projection_metric
pitcher,2026,RotoWire,p_80b914cf66fe72410163fff3,s_9cdbd8af6d471af0399a1fcd,K-BB%,missing_projection_metric
pitcher,2026,RotoWire,p_16e4efe96d962f1312ff2ed5,s_a17377923fa84851e0ea0064,K-BB%,missing_projection_metric
pitcher,2026,RotoWire,p_1d309b98d8a85dce0f5ce922,s_dda28f951ebc4c3d20388033,K-BB%,missing_projection_metric
pitcher,2026,RotoWire,p_31b06a37157510ce6f137ea5,s_23a075b1781e644b664395e1,K-BB%,missing_projection_metric
pitcher,2026,RotoWire,p_41d77fd79c69b4fb06385e5c,s_a6dbf0caee5440ae6d54a731,K-BB%,missing_projection_metric
pitcher,2026,RotoWire,p_5d461229c4f3a1d894c1ef5b,s_a3d91b35925836f0030d069b,K-BB%,missing_projection_metric
pitcher,2026,RotoWire,p_29e3a8fc6ea52a0f2a8c07d7,s_56f3548c202df799cede6dd5,K-BB%,missing_projection_metric
pitcher,2026,RotoWire,p_b25d93daecd6b8c40be76364,s_08938cb1e2bd51545c9ae8ae,K-BB%,missing_projection_metric
pitcher,2026,RotoWire,p_1e13703553ee4e761b93a8d2,s_1ddd04d3fc7b7cbd69c573ce,K-BB%,missing_projection_metric
pitcher,2026,RotoWire,p_7c8aefd139986ac3072d388d,s_6281ffe87331df956d90942a,K-BB%,missing_projection_metric
pitcher,2026,RotoWire,p_41722893e1c4663095c86715,s_bf91f90f1033a36d841735dd,K-BB%,missing_projection_metric
pitcher,2026,RotoWire,p_71ab6c91e583b9c4b88368c8,s_698cac4bee7738b7d497b9cc,K-BB%,missing_projection_metric
pitcher,2026,RotoWire,p_79c8921830ad0b38d9102933,s_75d4baa0e78ba48f8ad5a854,K-BB%,missing_projection_metric
pitcher,2026,RotoWire,p_132c5c809400e7c9829c64f8,s_b2e18d452a15a3f9f5c92db1,K-BB%,missing_projection_metric
pitcher,2026,RotoWire,p_ed117e6d08f801679bab8315,s_a6be2f4e494d49dc1c0ef7a6,K-BB%,missing_projection_metric
pitcher,2026,RotoWire,p_7b181bc3135686a422e14ce5,s_89a4d8a46c2532371b238053,K-BB%,missing_projection_metric
pitcher,2026,RotoWire,p_bdacaf18408f4db91a1d636e,s_f0ae22590feb1167596ad39b,K-BB%,missing_projection_metric
pitcher,2026,RotoWire,p_7c02936ac6ca07e9b01cbaf4,s_cf11914bd152b9d9f461ea08,K-BB%,missing_projection_metric
pitcher,2026,RotoWire,p_28bb786af5098edc9010594c,s_c18134503823c04064fc3ff8,K-BB%,missing_projection_metric
pitcher,2026,RotoWire,p_a22a4d8b57e5468ad3a65d76,s_bdfe575a8f03acc401a8123c,K-BB%,missing_projection_metric
pitcher,2026,RotoWire,p_6a42955399901b3739b52d45,s_50b8bc6751c5093241089ca6,K-BB%,missing_projection_metric
pitcher,2026,RotoWire,p_b089c61cefb15acef80e4522,s_2e9063597ffcdcad42b10efa,K-BB%,missing_projection_metric
pitcher,2026,RotoWire,p_2dcfce41c52f17e2ea97a04c,s_c0943b9905e238779697b5dc,K-BB%,missing_projection_metric
pitcher,2026,RotoWire,p_a67d7439eaa5a301707a0a3a,s_591c26d378ad73e95af715cd,K-BB%,missing_projection_metric
pitcher,2026,RotoWire,p_d414670609afdbe251cf99be,s_c42855b7de7177fb727fb7e3,K-BB%,missing_projection_metric
pitcher,2026,RotoWire,p_1af5dd31a0e578895fc78c7a,s_f183b8441ccd7236312f3495,K-BB%,missing_projection_metric
pitcher,2026,RotoWire,p_3f22e91a73d176ec1adc71e5,s_7d857c8b61a49b06d77bc3a8,K-BB%,missing_projection_metric
pitcher,2026,RotoWire,p_36b9e4f3c1486512b790c92a,s_a73483fc2d124c4a09e99795,K-BB%,missing_projection_metric
pitcher,2026,RotoWire,p_bbe0b0144e2190d075a1534d,s_5157500c6e2ba6c70bb5b04b,K-BB%,missing_projection_metric
pitcher,2026,RotoWire,p_3d0062533d192d85478f4c10,s_77a62d6a51cfcb12763cec3f,K-BB%,missing_projection_metric
pitcher,2026,RotoWire,p_b0e54ab450830f76f778c92d,s_2c8e1611ddf4dcf1f5ec772f,K-BB%,missing_projection_metric
pitcher,2026,RotoWire,p_1842c09e90dd4df6bc699fe5,s_dcbcc705bfca6b8aa3327cbf,K-BB%,missing_projection_metric
pitcher,2026,RotoWire,p_cd588d51b00463d2fafe77cc,s_bdafbc46a4d523d5f809cd46,K-BB%,missing_projection_metric
pitcher,2026,RotoWire,p_0d3da1fa979ed07af5004686,s_e185f1ad7e3651df58d43f9d,K-BB%,missing_projection_metric
pitcher,2026,RotoWire,p_fdea2ad4794d12911ab12ec2,s_0f7c97601be907424af919ac,K-BB%,missing_projection_metric
pitcher,2026,RotoWire,p_2c23e59d57f37af52a2c0170,s_5697470dc73097764a390fd8,K-BB%,missing_projection_metric
pitcher,2026,RotoWire,p_b6c41e8a47dd22519ed59712,s_a90254f322b7431d70ae4057,K-BB%,missing_projection_metric
pitcher,2026,RotoWire,p_716e1d0491d0acf637acf49d,s_c4cce9240189d044dd3329e7,K-BB%,missing_projection_metric
pitcher,2026,RotoWire,p_ce2c49b4be7d2bce7223a6a0,s_0d3b439462823eb7e399fd3e,K-BB%,missing_projection_metric
pitcher,2026,RotoWire,p_2d5fe2afb55076421b84c2d7,s_398c3f61db847db934f6b270,K-BB%,missing_projection_metric
pitcher,2026,RotoWire,p_442f67b0e6c767028dd31107,s_c83002c2f99332d5425bbd12,K-BB%,missing_projection_metric
pitcher,2026,RotoWire,p_583ce1d38f5dfec0877a25c3,s_b5777ad9f2ec12bc72570ccb,K-BB%,missing_projection_metric
pitcher,2026,RotoWire,p_2269ea2145532d73c89362b1,s_fc62eb5ed0edf0b71c81610f,K-BB%,missing_projection_metric
pitcher,2026,RotoWire,p_230ac4acbb3108f710292706,s_342bc20cae260e3cc3a2e0ae,K-BB%,missing_projection_metric
pitcher,2026,RotoWire,p_d102f410880190d0edf406b6,s_8666beaad3ad1f0ac5e85d72,K-BB%,missing_projection_metric
pitcher,2026,RotoWire,p_da8308c5e24e6b959b553489,s_6304808ac13dd00744470a58,K-BB%,missing_projection_metric
pitcher,2026,RotoWire,p_6d4ae8b0d7f537ca8fbfe71e,s_8b4a8134fb13d9aafc6a4da6,K-BB%,missing_projection_metric
pitcher,2026,RotoWire,p_f468eeff6fef7a47f63cd456,s_09cc96f415ecf4501e3aa097,K-BB%,missing_projection_metric
pitcher,2026,RotoWire,p_3a5340479fb9d5d45f5e9e64,s_2cd92837f0e92867470a70a6,K-BB%,missing_projection_metric
pitcher,2026,RotoWire,p_e34cbeb141d24f4faface8ac,s_71b56212edfebcad3a8c54b9,K-BB%,missing_projection_metric
pitcher,2026,RotoWire,p_969b0d48692c2520e3a6ca51,s_0662c51630d77110d38e7748,K-BB%,missing_projection_metric
pitcher,2026,RotoWire,p_d7a6a481b2c8156315936897,s_82f9218259ded6fa2112f2ae,K-BB%,missing_projection_metric
pitcher,2026,RotoWire,p_fae8649ac857a8babf1bdca8,s_028c0d6cd2dd3953de7d9837,K-BB%,missing_projection_metric
pitcher,2026,RotoWire,p_6cb98ada7d3e5f6be65307b2,s_d5d4d62889977950f37ee8b4,K-BB%,missing_projection_metric
pitcher,2026,RotoWire,p_0738eee4fb6a62334e2dc6a6,s_85ec860c4050835b36b71df5,K-BB%,missing_projection_metric
pitcher,2026,RotoWire,p_eccd2ebd3c9871f883165c10,s_5f57d1ed50b0d3d9923bcc69,K-BB%,missing_projection_metric
pitcher,2026,RotoWire,p_a4292d6ed24cf3d214692278,s_df44c62956c5f598e38205f0,K-BB%,missing_projection_metric
pitcher,2026,RotoWire,p_3830026e4827f3c798c92493,s_da20a86bb54e62c1d83a4367,K-BB%,missing_projection_metric
pitcher,2026,RotoWire,p_ba2387323b64d5ebd5d849ac,s_e7597dd07e0f1d8da59a3400,K-BB%,missing_projection_metric
pitcher,2026,RotoWire,p_8d015290d706bfda018cbc6c,s_d0ce00300f20ec1a25e6e5c4,K-BB%,missing_projection_metric
pitcher,2026,RotoWire,p_fd76b24f9ee996f781b69c33,s_045f549c48c01e18f685b98f,K-BB%,missing_projection_metric
pitcher,2026,RotoWire,p_8a63344ccf2319f6266b3f1f,s_d45866520b5834dc3f5f1f83,K-BB%,missing_projection_metric
pitcher,2026,RotoWire,p_e701ea2611f379ba863599b0,s_5c7f2d626f97b1de990bebb8,K-BB%,missing_projection_metric
pitcher,2026,RotoWire,p_33ae34742e696d8f84d174a1,s_9d8113acdd23bed9a0f6adbc,K-BB%,missing_projection_metric
pitcher,2026,RotoWire,p_983985938701c89b957bf280,s_211419391970d8b1d0144d40,K-BB%,missing_projection_metric
pitcher,2026,RotoWire,p_833ff8e8d015c9ecd8ab1e4a,s_60e93d044ce76321b8243383,K-BB%,missing_projection_metric
pitcher,2026,RotoWire,p_1495f8ede09487e68eb6132f,s_6b0133ab90086aca833e5eaf,K-BB%,missing_projection_metric
pitcher,2026,RotoWire,p_712ae68dc57df5d305f2eced,s_9222565f90bb5eafa12ad508,K-BB%,missing_projection_metric
pitcher,2026,RotoWire,p_c64d1a71e8b698a4cf973c7e,s_21308c26e641cb31d76ae9cc,K-BB%,missing_projection_metric
pitcher,2026,RotoWire,p_6195a4077f4c42e4300606dc,s_fb661d7389529e74f0035106,K-BB%,missing_projection_metric
pitcher,2026,RotoWire,p_b7e27b68ebd83bc6a468e72b,s_be63c50f73c8ff6661170b58,K-BB%,missing_projection_metric
pitcher,2026,RotoWire,p_d90668f2da110f1ef8a9f695,s_3591de3176081ab38e550c8a,K-BB%,missing_projection_metric
pitcher,2026,RotoWire,p_0656788e350d8a313901326d,s_69aa5aad97e53e41f94c1789,K-BB%,missing_projection_metric
pitcher,2026,RotoWire,p_7baf8732d9a598c647856252,s_0c2b492e7d497799171ea7f1,K-BB%,missing_projection_metric
pitcher,2026,RotoWire,p_036ba95158dbe1470dd58b5d,s_8a0abeccb9f873766e423e83,K-BB%,missing_projection_metric
pitcher,2026,RotoWire,p_6b060d3dfdf334d2e513ce27,s_ae941874ac1912f4350685bd,K-BB%,missing_projection_metric
pitcher,2026,RotoWire,p_a43389757236b20e3141d27c,s_72b0c2ef519efb4514c239b6,K-BB%,missing_projection_metric
pitcher,2026,RotoWire,p_86bbc8fa57931321ecdf298d,s_e41dd40cfe43684375e3898f,K-BB%,missing_projection_metric
pitcher,2026,RotoWire,p_9f3a80089b3361cb0cbce43f,s_8aed51ea81aacdcbdf8c00d4,K-BB%,missing_projection_metric
pitcher,2026,RotoWire,p_ad78ce5032f69f100e3afe02,s_e837ffd18c02be5e23bb959c,K-BB%,missing_projection_metric
pitcher,2026,RotoWire,p_20593f1b2a54d619214da9e6,s_eb06e57bd5e815759f05e53c,K-BB%,missing_projection_metric
pitcher,2026,RotoWire,p_243c60d01118f80fce959797,s_3a18cc93ab30b64eb1cbdc46,K-BB%,missing_projection_metric
pitcher,2026,RotoWire,p_6a5ad9cf8a12ffa4c0cfffae,s_f3b9ef45454b231ba60b9dca,K-BB%,missing_projection_metric
pitcher,2026,RotoWire,p_f423bf407dac7dca6759a07b,s_c2ef29318fa8b384f2fae2d4,K-BB%,missing_projection_metric
pitcher,2026,RotoWire,p_4d31d759d710f8357e79536b,s_7c265a1f04c8d1ff2fb0dcc1,K-BB%,missing_projection_metric
pitcher,2026,RotoWire,p_2553085f66061508335f3fb1,s_d46240b83594205e73a80ee8,K-BB%,missing_projection_metric
pitcher,2026,RotoWire,p_08c841183887e159fb3b9131,s_af85b36fafc81172db80c3be,K-BB%,missing_projection_metric
pitcher,2026,RotoWire,p_1046da07b999ebe851bcced8,s_c3400b9286dccded1d6bd5b1,K-BB%,missing_projection_metric
pitcher,2026,RotoWire,p_dba406ee26bfb7503c1bf27d,s_6100d708654d437b72f780fb,K-BB%,missing_projection_metric
pitcher,2026,RotoWire,p_b3fd9a51515080534ee8cdc9,s_f350d4c57cc60cb9ee10371d,K-BB%,missing_projection_metric
pitcher,2026,RotoWire,p_607b4432d07e4a7dfc0a7e67,s_ae784347c299600214f4d6ea,K-BB%,missing_projection_metric
pitcher,2026,RotoWire,p_e65f6476452ef1c2469ceb29,s_b3c1dedcbd9dd3fd85aa19e3,K-BB%,missing_projection_metric
pitcher,2026,RotoWire,p_2f8502e30665a12d3037adfa,s_113b16c1a8e292bbb3c799f2,K-BB%,missing_projection_metric
pitcher,2026,RotoWire,p_dc952cf10742e3abc77f91bf,s_16a4f2dc7800547f70b65523,K-BB%,missing_projection_metric
pitcher,2026,RotoWire,p_62360b5de96d90bc68e17dd9,s_b305bd7c53ab81f13c1c912e,K-BB%,missing_projection_metric
pitcher,2026,RotoWire,p_c7e08145000aa38e16a0f7fc,s_038b937bebcb3941c080f59c,K-BB%,missing_projection_metric
pitcher,2026,RotoWire,p_f2af4380a6d1108c9d507592,s_404b29b162dd302cc29e0f43,K-BB%,missing_projection_metric
pitcher,2026,RotoWire,p_1821549cff26dbba5d4aca04,s_b15f1f5f5767cd47ef9f46fc,K-BB%,missing_projection_metric
pitcher,2026,RotoWire,p_a0394efcc7f08bfbcaf82819,s_a4e2aa1108c24912c764ab83,K-BB%,missing_projection_metric
pitcher,2026,RotoWire,p_2f79f472a978afdd718437e0,s_dcee8773c97bac3eaf4ae3e4,K-BB%,missing_projection_metric
pitcher,2026,RotoWire,p_6812838b39eb2c709ed072fd,s_fc3128ea970344d60bcc6a9b,K-BB%,missing_projection_metric
pitcher,2026,RotoWire,p_543d7c89d0a82ee568c8f70d,s_ae792e964b1c67ccc4dea181,K-BB%,missing_projection_metric
pitcher,2026,RotoWire,p_c2f429582365b8384125cb6a,s_55c7e983497bcfd06e5e0a2c,K-BB%,missing_projection_metric
pitcher,2026,RotoWire,p_0e56dc24388067d6adf8d91b,s_c82a6bbeb3d4a638908852d7,K-BB%,missing_projection_metric
pitcher,2026,RotoWire,p_8961924234b18a32fc5f7a2c,s_f68640ccad2041e242b29f09,K-BB%,missing_projection_metric
pitcher,2026,RotoWire,p_d0ae9150ea080d20bd5ec95d,s_82b1bfc3706b57e69ccc66f3,K-BB%,missing_projection_metric
pitcher,2026,RotoWire,p_d9c64dd40ed1ff65a53e6228,s_751de3332f53fb67db97fd65,K-BB%,missing_projection_metric
pitcher,2026,RotoWire,p_ec38b20b6fea67297fb8b7e9,s_e6ccdcafe03697ed83c3f667,K-BB%,missing_projection_metric
pitcher,2026,RotoWire,p_fd293a60557159fc55b19a14,s_17c017336be777d6f7bd52fa,K-BB%,missing_projection_metric
pitcher,2026,RotoWire,p_b8cb9339000eda49122a846d,s_e7d06d8895035094a72ee3f0,K-BB%,missing_projection_metric
pitcher,2026,RotoWire,p_889ef298862822ad30619dee,s_74392b3536cab0d3639e5b53,K-BB%,missing_projection_metric
pitcher,2026,RotoWire,p_f6d0db5ece194fe2beb1ec11,s_d6b37a50adcb95aa5c0edefb,K-BB%,missing_projection_metric
pitcher,2026,RotoWire,p_ba6bc0de0ca86615bd2bdedc,s_676cb05c07bcc30e91eb692c,K-BB%,missing_projection_metric
pitcher,2026,RotoWire,p_7f98fc5309c4bebcdf90b1ee,s_87e175102226c69f05792cb4,K-BB%,missing_projection_metric
pitcher,2026,RotoWire,p_99936a0709128a5b98222b47,s_3bb81993e0fa94307a55f0d3,K-BB%,missing_projection_metric
pitcher,2026,RotoWire,p_a2d71b7fb136048f257feacb,s_9b231aab3c071369d47d6aa1,K-BB%,missing_projection_metric
pitcher,2026,RotoWire,p_6e405786ba3c4c7b03295e6c,s_ff6e0fb946fa9cfd93308244,K-BB%,missing_projection_metric
pitcher,2026,RotoWire,p_f70df816fb2af92723c3bf45,s_e8eb19c3b70c6096d7c7d67e,K-BB%,missing_projection_metric
pitcher,2026,RotoWire,p_57926ad8504ce0a902b32f60,s_8a41497965fdbc1e478408bc,K-BB%,missing_projection_metric
pitcher,2026,RotoWire,p_4d320f12f7ed1ac1d64a8564,s_bb8efbc54ac4da39df06b9db,K-BB%,missing_projection_metric
pitcher,2026,RotoWire,p_c9c4b9c76960c47b342a00fe,s_9ed8ffe1dcea97647aacace3,K-BB%,missing_projection_metric
pitcher,2026,RotoWire,p_2d552f16a226676cfbe73c4b,s_0dbf2dfbdb2b739c681071d6,K-BB%,missing_projection_metric
pitcher,2026,RotoWire,p_2b6dc032a155f10c90f5d066,s_1ed09da81190098daa437aeb,K-BB%,missing_projection_metric
pitcher,2026,RotoWire,p_eb64217a110853bbd2776488,s_7756b14a2c726c3ccd7d4035,K-BB%,missing_projection_metric
pitcher,2026,RotoWire,p_e53dd34ff1049b4cdddde3b2,s_3527fd472cfeb6eb12e052d9,K-BB%,missing_projection_metric
pitcher,2026,RotoWire,p_67fd9d9af5f906af95676a62,s_605fed54b903a6fa29aaf809,K-BB%,missing_projection_metric
pitcher,2026,RotoWire,p_fbcb5bbe88ef2a2cc64ce3bd,s_b123b2e61e113540d53980fd,K-BB%,missing_projection_metric
pitcher,2026,RotoWire,p_bf86f5798c2e549b7fb30ee2,s_2a519d8c6bc98a6265df0750,K-BB%,missing_projection_metric
pitcher,2026,RotoWire,p_7e64b52cb46e4cbbb3f33766,s_d86b607dda8bc443db5be938,K-BB%,missing_projection_metric
pitcher,2026,RotoWire,p_12ca2be8b434327cb415d7c5,s_cd978a3f34d68e6fa9dc28de,K-BB%,missing_projection_metric
pitcher,2026,RotoWire,p_f3591f0057a7a2816bc6c347,s_d528ab90c61131d5135f949f,K-BB%,missing_projection_metric
pitcher,2026,RotoWire,p_94d21693ba45c52946454a20,s_1dad8d2293d9708902dd6459,K-BB%,missing_projection_metric
pitcher,2026,RotoWire,p_f59021dc23b8ddcf8911efd0,s_ee8c763c1398adfd38e9636e,K-BB%,missing_projection_metric
pitcher,2026,RotoWire,p_4fab0891227489fe7e84e153,s_37bca59eab36f2d7dc4d83b0,K-BB%,missing_projection_metric
pitcher,2026,RotoWire,p_f092d568b762f9e2d2d576ac,s_fb8deb25ee0333238a60447f,K-BB%,missing_projection_metric
pitcher,2026,RotoWire,p_69ae3692f4863f1abb5c3bb9,s_bb130d2e8768d4a1a9d71176,K-BB%,missing_projection_metric
pitcher,2026,RotoWire,p_140d15342bf054cc6bef835d,s_26549a153ce622f24dd82e2a,K-BB%,missing_projection_metric
pitcher,2026,RotoWire,p_e56f6708129dc98e3650a30b,s_74952806c4fd86a22a970001,K-BB%,missing_projection_metric
pitcher,2026,RotoWire,p_be418d076834b45c8048ba6d,s_8dd5cf374b57e67801711b2d,K-BB%,missing_projection_metric
pitcher,2026,RotoWire,p_d0fba3de9f79f83a683ff425,s_0eda4928e8df20b116bb6be5,K-BB%,missing_projection_metric
pitcher,2026,RotoWire,p_4ab1054e1b4679af5e62847e,s_2654b58dbb7f7439524c956b,K-BB%,missing_projection_metric
pitcher,2026,RotoWire,p_69cbff53fa69913aa98a74a7,s_e4ef3d2c4ad49d24972b735d,K-BB%,missing_projection_metric
pitcher,2026,RotoWire,p_35b1547fd86fd8631d0c0c08,s_9939f2bcf1599e0892de23a9,K-BB%,missing_projection_metric
pitcher,2026,RotoWire,p_c9127bf6fe2742b6cdf5e2c0,s_913fa0e452a2200977a40dc9,K-BB%,missing_projection_metric
pitcher,2026,RotoWire,p_61ff0cbc6adc34d5b5e66201,s_7893c0a32d78a8b8cf441e7a,K-BB%,missing_projection_metric
pitcher,2026,RotoWire,p_c2941564b78650e8c80a6590,s_0aa917eec648bd80cbb81b7b,K-BB%,missing_projection_metric
pitcher,2026,RotoWire,p_b03bb8a15fb123d1ac325eaf,s_b2d6a6dc3f23881726738ef7,K-BB%,missing_projection_metric
pitcher,2026,RotoWire,p_2929654d5957b9990cd15b63,s_e8e87aa53e80c41866282c19,K-BB%,missing_projection_metric
pitcher,2026,RotoWire,p_d25ebff370ce4e9202042d61,s_e555e994459d962f74a31cb0,K-BB%,missing_projection_metric
pitcher,2026,RotoWire,p_ad6909784deaf0a3417eb39a,s_0fc170380fd1906242c53874,K-BB%,missing_projection_metric
pitcher,2026,RotoWire,p_e6b274fe314e959af649cea6,s_1c1ce5b6a9700405a58724e4,K-BB%,missing_projection_metric
pitcher,2026,RotoWire,p_ee453cdf63786502116e53af,s_6718ec834c52c2b42eb2d361,K-BB%,missing_projection_metric
pitcher,2026,RotoWire,p_c665cca64b9d1ec36d25bc81,s_32b332686cab77ee5b8819d8,K-BB%,missing_projection_metric
pitcher,2026,RotoWire,p_09950035a7c10e145070d051,s_8d0bd35d73a0fa5924e07aa4,K-BB%,missing_projection_metric
pitcher,2026,RotoWire,p_2f71255f874e6218b662dffb,s_b11dbb3644dbe5e50574e5af,K-BB%,missing_projection_metric
pitcher,2026,RotoWire,p_5259e9497e66f8f15a14f5b0,s_937c99470de98482db1b820c,K-BB%,missing_projection_metric
pitcher,2026,RotoWire,p_5d4e00ed942914f0c7681334,s_4d55e64db5b25399f2479529,K-BB%,missing_projection_metric
pitcher,2026,RotoWire,p_31088b7e6a9d597d1f87583c,s_5416aeb97cd5cd5ed9dc177c,K-BB%,missing_projection_metric
pitcher,2026,RotoWire,p_4d4066d01c2accb962e2e48b,s_c44a5177f3e77db4eea91955,K-BB%,missing_projection_metric
pitcher,2026,RotoWire,p_3213e22dc02292b898d8651e,s_a895563cde75fdd7f2b51099,K-BB%,missing_projection_metric
pitcher,2026,RotoWire,p_54795b56b11d92cd3e1407cf,s_b4f8cc2e5310fe65d5bf7ff9,K-BB%,missing_projection_metric
pitcher,2026,RotoWire,p_a0f88c722760a6abb0863f6b,s_5dcdbea36c24b932ca855d29,K-BB%,missing_projection_metric
pitcher,2026,RotoWire,p_d121e0bd4eedf6095d6400f2,s_0f682551cced3da30334654d,K-BB%,missing_projection_metric
pitcher,2026,RotoWire,p_f542eded5fa5eaaea2b03d47,s_54a4492ccb15ab84a586035b,K-BB%,missing_projection_metric
pitcher,2026,RotoWire,p_a36ab493ac77cd275d7daa3f,s_fbcae5b7a5dfa94d87ded13c,K-BB%,missing_projection_metric
pitcher,2026,RotoWire,p_5245cf30e7834dcfe275a8b3,s_01751576c4b5c8dd9a97dbd1,K-BB%,missing_projection_metric
pitcher,2026,RotoWire,p_9a6e9d0ac50ab7ec0e62b627,s_74bb43a7b93288c58db7c078,K-BB%,missing_projection_metric
pitcher,2026,RotoWire,p_ad5f4c4ff63f4dae1c70e25b,s_8ea59648671f088db386ded9,K-BB%,missing_projection_metric
pitcher,2026,RotoWire,p_0760b56a9e63e457fb539e83,s_e00de2795fe20bdca9c9c00b,K-BB%,missing_projection_metric
pitcher,2026,RotoWire,p_4237d81a153d8369b516a611,s_1280a8b47892f1058d4f526c,K-BB%,missing_projection_metric
pitcher,2026,RotoWire,p_57d58fea9dee77b2bf2da71d,s_69be29f382f0650532a016ee,K-BB%,missing_projection_metric
pitcher,2026,RotoWire,p_687cd4b7aacf0709d996ec9a,s_7ea592a3c12d9e6c350f2de7,K-BB%,missing_projection_metric
pitcher,2026,RotoWire,p_976e3a7c39f544bd2cb08e53,s_76e2d4d35ebe25e653b9021b,K-BB%,missing_projection_metric
pitcher,2026,RotoWire,p_f63e3a5b237a41953e0522bd,s_0da9330e5358f22893b856d9,K-BB%,missing_projection_metric
pitcher,2026,RotoWire,p_4f7f8b7fa67c451b93b2a673,s_fab96893d6c7b5b156c3d181,K-BB%,missing_projection_metric
pitcher,2026,RotoWire,p_a2c21b01e40c23d7fbb867a7,s_33f8454187531a70b0e2dfe8,K-BB%,missing_projection_metric
pitcher,2026,RotoWire,p_6dcc3d04cf7940b67bd6d46b,s_9733bbb06565388efeb27002,K-BB%,missing_projection_metric
pitcher,2026,RotoWire,p_1b7d5500d3348c285a56885f,s_5118753002905cef3e501884,K-BB%,missing_projection_metric
pitcher,2026,RotoWire,p_9e9a345145bd56bcc6ebe6c7,s_ec7ebfc24b3847a7bc9ab44d,K-BB%,missing_projection_metric
pitcher,2026,RotoWire,p_9f5a6fd7b5c56e97737e286c,s_75ce9f49e2764431d0f356a2,K-BB%,missing_projection_metric
pitcher,2026,RotoWire,p_9437e878d2b83f99c586279f,s_0835fee04f6ce001827c950e,K-BB%,missing_projection_metric
pitcher,2026,RotoWire,p_8fd609c8d2c9daaeb06fb12f,s_d3676b45ef267d45a77285d9,K-BB%,missing_projection_metric
pitcher,2026,RotoWire,p_ca63ffee54a2c0530795bd58,s_ac39b56d91629961cf1ea279,K-BB%,missing_projection_metric
pitcher,2026,RotoWire,p_0073f20e0bb5f168c15c590d,s_d941a9d6d9216e2a615afa92,K-BB%,missing_projection_metric
pitcher,2026,RotoWire,p_b0cf8ae2b004dce051b6f4e5,s_c88cb3a0236c228b28deaa7b,K-BB%,missing_projection_metric
pitcher,2026,RotoWire,p_528ea38467ab7d19956a07c4,s_a5e225392126fad4774a77d3,K-BB%,missing_projection_metric
pitcher,2026,RotoWire,p_52cdf5aac19a3c4c28580306,s_369cd937b7bcb81071939df2,K-BB%,missing_projection_metric
pitcher,2026,RotoWire,p_6051aedaa1ffd1edd8a1c7d7,s_a22804e3943b70f3cdfe7735,K-BB%,missing_projection_metric
pitcher,2026,RotoWire,p_0d908f0583b1361a673d9471,s_218c663d33b4222d1bdae1dc,K-BB%,missing_projection_metric
pitcher,2026,RotoWire,p_a1a7ec296f8db5e924c3a755,s_b03576d3761041c0276ca9ac,K-BB%,missing_projection_metric
pitcher,2026,RotoWire,p_6b9903828f4f3e710cd779e7,s_f91737cc948f7438b6f12057,K-BB%,missing_projection_metric
pitcher,2026,RotoWire,p_dc0ddc9e05030e62821b8ade,s_dbc9a14f4cc64c6191cb424f,K-BB%,missing_projection_metric
pitcher,2026,RotoWire,p_390110644e6ab59d439767a2,s_7de19629a25eac2da9251421,K-BB%,missing_projection_metric
pitcher,2026,RotoWire,p_d326f0d57effe39186b9cc40,s_efa890f610e939583832e4f8,K-BB%,missing_projection_metric
pitcher,2026,RotoWire,p_864d23ea9d38652d0bc80673,s_4e26a4649e476c79e118cb81,K-BB%,missing_projection_metric
pitcher,2026,RotoWire,p_aeb4f8d74d1aa31f7de81705,s_dc0063aebc9a5c91f98c9ff2,K-BB%,missing_projection_metric
pitcher,2026,RotoWire,p_cedc24a184f838c48e92ceca,s_349953425504a940a40787cf,K-BB%,missing_projection_metric
pitcher,2026,RotoWire,p_62bde7fc4bc9b822889bd5a7,s_8b4a1beaff65cdf9473825e7,K-BB%,missing_projection_metric
pitcher,2026,RotoWire,p_debf3b356235599a4e7c505b,s_57cebe5cc3a23913a5121ba9,K-BB%,missing_projection_metric
pitcher,2026,RotoWire,p_fbe1b25148ecde0b36eee454,s_8df56aab87fb5044d25211fa,K-BB%,missing_projection_metric
pitcher,2026,RotoWire,p_5c981546fbb330a0a1ff2621,s_def46312e0883d8cf3bcc674,K-BB%,missing_projection_metric
pitcher,2026,RotoWire,p_b5c41f2a4e0be91512e6d378,s_bc8acb38c57a831ad1bd0250,K-BB%,missing_projection_metric
pitcher,2026,RotoWire,p_c503ccd5d3a208e3f2d4b6b2,s_04004e190a11c27b35cf669a,K-BB%,missing_projection_metric
pitcher,2026,RotoWire,p_2b424c8be951d8ba23bebe80,s_d0f6742a6c75a1bb8a9c48ba,K-BB%,missing_projection_metric
pitcher,2026,RotoWire,p_93883545927b8b62d8949e05,s_390d2fb52ceee2cceb5ca04b,K-BB%,missing_projection_metric
pitcher,2026,RotoWire,p_1da529cb2c7580f94638b99e,s_b9d819bf4f37fe5551f0ae3a,K-BB%,missing_projection_metric
pitcher,2026,RotoWire,p_071efe5abc6c6857d9f21866,s_e6e5619adcdc49cb3254dfb3,K-BB%,missing_projection_metric
pitcher,2026,RotoWire,p_28d92daeded3b1264245a417,s_788efd03e99e236dcfea8d2c,K-BB%,missing_projection_metric
pitcher,2026,RotoWire,p_f90f88e0127db2447d6b4b6b,s_32a70383cf5f931327db51a5,K-BB%,missing_projection_metric
pitcher,2026,RotoWire,p_fa65bec2312b5d42d60ee8b4,s_81a5a71a1e31da900f922972,K-BB%,missing_projection_metric
pitcher,2026,RotoWire,p_196c6eaaf2744d528518f12a,s_df130a9f4f9922658740efb0,K-BB%,missing_projection_metric
pitcher,2026,RotoWire,p_be830ebbda2fe42c429b42ff,s_66269b853d7f3798a48a2521,K-BB%,missing_projection_metric
pitcher,2026,RotoWire,p_e5e680d02216328712a96f14,s_7744126ea626a66afa67a1fe,K-BB%,missing_projection_metric
pitcher,2026,RotoWire,p_b35d34590b3ac43677949140,s_1b3583e6b2f60889c52edb6d,K-BB%,missing_projection_metric
pitcher,2026,RotoWire,p_77bbadf5f7c9163e5cdaafe1,s_e8b7222ea70168f96a670339,K-BB%,missing_projection_metric
pitcher,2026,RotoWire,p_f2200b5fcfbd381ace4f2861,s_b940a3aec149f66b62da1ead,K-BB%,missing_projection_metric
pitcher,2026,RotoWire,p_1462eea9ad139526006f6fba,s_18d09f12e5507f960af831cb,K-BB%,missing_projection_metric
pitcher,2026,RotoWire,p_eb4a76757bbdb89cea654ef5,s_93e92a231b20a2a2d0bc1871,K-BB%,missing_projection_metric
pitcher,2026,RotoWire,p_0af38066a94940e2b68bc8ba,s_0caf07892fb71cb56c5d7d1f,K-BB%,missing_projection_metric
pitcher,2026,RotoWire,p_2efba3d8e54fcb8d1f5d09b3,s_d24eb10b589a14577f12ae8f,K-BB%,missing_projection_metric
pitcher,2026,RotoWire,p_b27e7408b46d9fc16441348e,s_b80c12e9529a70dda1b59784,K-BB%,missing_projection_metric
pitcher,2026,RotoWire,p_acd9809fb06c81109d7ede29,s_4043fbf071cb4c212e7c195b,K-BB%,missing_projection_metric
pitcher,2026,RotoWire,p_fcd7de7bb40bf45a6ca34cdb,s_4950bfaa3759d8b6f1ed6d31,K-BB%,missing_projection_metric
pitcher,2026,RotoWire,p_6dc7f0e021a4dbfae3c23d83,s_559a5ad450fb682bbff8c7db,K-BB%,missing_projection_metric
pitcher,2026,RotoWire,p_4fc08c6725ad3ff7c1ff7ffb,s_f56ef40295b5cd747d4137a2,K-BB%,missing_projection_metric
pitcher,2026,RotoWire,p_3b8c77fa245c713f7e0b7003,s_0b46a298db5a1fff04e96821,K-BB%,missing_projection_metric
pitcher,2026,RotoWire,p_832c0bfcb9b11d1926665bdf,s_3b88ecd913ad2245e52a103b,K-BB%,missing_projection_metric
pitcher,2026,RotoWire,p_c9e4b09f64ff213554b55bf3,s_3b2451f784faa1e7a1d66dd3,K-BB%,missing_projection_metric
pitcher,2026,RotoWire,p_e2d37845ff1ca163da8b0647,s_1aa1446ec7a49b35d6e0a2a8,K-BB%,missing_projection_metric
pitcher,2026,RotoWire,p_86a05e73061b5c85d481ae47,s_41b02d2c9b0a626b4c60d84f,K-BB%,missing_projection_metric
pitcher,2026,RotoWire,p_d240081eb8e6f1ec895ecf2d,s_b85f843b25690d189973a52f,K-BB%,missing_projection_metric
pitcher,2026,RotoWire,p_1538868d7d068cf244dceb49,s_61e1f778e1c8d5e65f1a4950,K-BB%,missing_projection_metric
pitcher,2026,RotoWire,p_8dfc430c8abbf65b0b0bbbab,s_06529e6a6fbe6e7e43c792d9,K-BB%,missing_projection_metric
pitcher,2026,RotoWire,p_27e0d2a201c5411cd9ea636f,s_d9b685951bf4f69a7a595550,K-BB%,missing_projection_metric
pitcher,2026,RotoWire,p_670e72cdda746fe85f68a08d,s_6fd7df3cf05f20ed92c2b063,K-BB%,missing_projection_metric
pitcher,2026,RotoWire,p_aebf4132a23ddbbf57422ae5,s_dc0408f84bbae68c168ef202,K-BB%,missing_projection_metric
pitcher,2026,RotoWire,p_1b9767205e472eb4f0d30fae,s_3a8bcb0b29481a34a5cbbff6,K-BB%,missing_projection_metric
pitcher,2026,RotoWire,p_79592f0690636428c30a46f5,s_799f384a22a703b973431229,K-BB%,missing_projection_metric
pitcher,2026,RotoWire,p_35bb0a12c9538806f164c705,s_8cc9f8318e553faee6223ac3,K-BB%,missing_projection_metric
pitcher,2026,RotoWire,p_b9199b1fb4e1798319d45797,s_bcc5fe0be3d35a245947794d,K-BB%,missing_projection_metric
pitcher,2026,RotoWire,p_bbcccd33b7c810cfa8337201,s_e6b40a5631c29d3e4139356a,K-BB%,missing_projection_metric
pitcher,2026,RotoWire,p_438ee9a2108e62d8d14a062a,s_7fa539fb59ffe73e360807e6,K-BB%,missing_projection_metric
pitcher,2026,RotoWire,p_583486d37b4399b234e944ea,s_aa058f5dee31a0a1f41a49f9,K-BB%,missing_projection_metric
pitcher,2026,RotoWire,p_6faee8c8e6ce929dbb691dee,s_2cb03f81315b2ab9da30fe57,K-BB%,missing_projection_metric
pitcher,2026,RotoWire,p_9f6304b8a80236b39a4e952d,s_0e05db963c0a3d8415d10c8b,K-BB%,missing_projection_metric
pitcher,2026,RotoWire,p_bf0f117e1d0e72128aaa01dd,s_5639fa55695a179bf6c916fe,K-BB%,missing_projection_metric
pitcher,2026,RotoWire,p_7b20c90a5cb523c9e3008737,s_0f6a453076763483b8e3de0d,K-BB%,missing_projection_metric
pitcher,2026,RotoWire,p_d0e5cd403843e151ee96904f,s_3c876fb1721c8abe8f2ff802,K-BB%,missing_projection_metric
pitcher,2026,RotoWire,p_aca14cb4cc82e85ca78f4fe7,s_5385452decf4abdab85c05db,K-BB%,missing_projection_metric
pitcher,2026,RotoWire,p_e7369cc77051b2201297a493,s_91358e38353851ee4e417ef7,K-BB%,missing_projection_metric
pitcher,2026,RotoWire,p_e68edd55c4d8c0af8968ba6d,s_62f2fcd4dff324e16ba7064d,K-BB%,missing_projection_metric
pitcher,2026,RotoWire,p_359b780a64cc77ed793a7606,s_952588b57592fea8dea88bd1,K-BB%,missing_projection_metric
pitcher,2026,RotoWire,p_7108c469d40316795ab472a1,s_46836f014efe059d1c25e66b,K-BB%,missing_projection_metric
pitcher,2026,RotoWire,p_f746ebfba251896b073cf6d5,s_5854feddeb0945e1d3b443e9,K-BB%,missing_projection_metric
pitcher,2026,RotoWire,p_840a7027a702a1c4e37e5527,s_7ce50bd78715d13680fad585,K-BB%,missing_projection_metric
pitcher,2026,RotoWire,p_5df36053416da5d9071410b9,s_35ad9aae3d2a574c57ae4a8a,K-BB%,missing_projection_metric
pitcher,2026,RotoWire,p_9deb7e402f8cf109d514cac1,s_8558b050b9ce65affbe7e55e,K-BB%,missing_projection_metric
pitcher,2026,RotoWire,p_787fc132ba01ef35f4778403,s_c53769add9daa0bdf13bfa68,K-BB%,missing_projection_metric
pitcher,2026,RotoWire,p_b70a6085f951f9cd1540affa,s_9031489af38167ec42fe749f,K-BB%,missing_projection_metric
pitcher,2026,RotoWire,p_e341706f55862548e5ff2e3a,s_0b8cffbf4998d3aec357bd8c,K-BB%,missing_projection_metric
pitcher,2026,RotoWire,p_9cdce3c51f326e76b98d6591,s_0bbbb28c4e2e423ff10beafe,K-BB%,missing_projection_metric
pitcher,2026,RotoWire,p_7b5211dc885fe1586bfbb758,s_da4e37b4e128677587b2c461,K-BB%,missing_projection_metric
pitcher,2026,RotoWire,p_f408d93b48d8da9a005af52b,s_aad49bbc735c375fe36bdb6d,K-BB%,missing_projection_metric
pitcher,2026,RotoWire,p_df9fd20dc552186aecc92c54,s_588dfb3562b531cda1579a5f,K-BB%,missing_projection_metric
pitcher,2026,RotoWire,p_e886ebd300c4c1987877017e,s_e1f2e19f9bf8cdf996eb39f6,K-BB%,missing_projection_metric
pitcher,2026,RotoWire,p_5ccb2be6f00de2400349d1ac,s_f0c21734bbdcec222e7680ab,K-BB%,missing_projection_metric
pitcher,2026,RotoWire,p_410d3b82adc35964f997ce0f,s_3f1f6dbe8460cd20a4a13be2,K-BB%,missing_projection_metric
pitcher,2026,RotoWire,p_2404ba19bcc42b43ba8eb726,s_cb8740352d04bd50987219ef,K-BB%,missing_projection_metric
pitcher,2026,RotoWire,p_c3234d25b2dd20cd6e385c8d,s_c85ff3d927682360ac9b421f,K-BB%,missing_projection_metric
pitcher,2026,RotoWire,p_2c26e1db411b6f9ae4a8f391,s_a2abd9de6017f10914f70bb2,K-BB%,missing_projection_metric
pitcher,2026,RotoWire,p_406202e17ebfe7ebc319947f,s_6fa48f908fdb2dec7ee68d33,K-BB%,missing_projection_metric
pitcher,2026,RotoWire,p_26d80183aee34c4a22d05a16,s_f0c10b74474e3d4482c9c3c8,K-BB%,missing_projection_metric
pitcher,2026,RotoWire,p_4cc8481b752dd06c66c19299,s_c4bf0d1f6ef103876f72eaec,K-BB%,missing_projection_metric
pitcher,2026,RotoWire,p_8bace50f8abed453d2ef0ac3,s_00992277f26cc6b145bd209f,K-BB%,missing_projection_metric
pitcher,2026,RotoWire,p_053b89527a245babaa9de7f9,s_abc663cedaab9a5e08f5bbb6,K-BB%,missing_projection_metric
pitcher,2026,RotoWire,p_adde69a5f07d2ac65191bd61,s_a77fadaa47f0e121689e7ea8,K-BB%,missing_projection_metric
pitcher,2026,RotoWire,p_8d0b8540a9345dbadb133c54,s_aa6c899e2bd6338888522a35,K-BB%,missing_projection_metric
pitcher,2026,RotoWire,p_3bdfe3d1215674f4accf5fdd,s_3d213bcb3703204c3f82d111,K-BB%,missing_projection_metric
pitcher,2026,RotoWire,p_5073c13edb903746d3e77b04,s_3e2dad42d8e1d5d7bba307b2,K-BB%,missing_projection_metric
pitcher,2026,RotoWire,p_0239f62f150fdc94718a08a1,s_8a70c1c8238a9e1e6fdb1c0f,K-BB%,missing_projection_metric
pitcher,2026,RotoWire,p_983ea2317782126a9a51ed6d,s_b493b0fcfea30f815606ec4e,K-BB%,missing_projection_metric
pitcher,2026,RotoWire,p_c341da0c4ed0d8e6d65d1eab,s_32f381d49fac301451117ba2,K-BB%,missing_projection_metric
pitcher,2026,RotoWire,p_9cca23a301a8a13d00cd6848,s_1bb534188bb0c42643005736,K-BB%,missing_projection_metric
pitcher,2026,RotoWire,p_6ee049f492a3325cbfb8d052,s_689a19e85246a11c0a925243,K-BB%,missing_projection_metric
pitcher,2026,RotoWire,p_7f797197ac1a11a7b3421d1b,s_3a77d4e6e0beae44c95b9f14,K-BB%,missing_projection_metric
pitcher,2026,RotoWire,p_65fdc9dc74636837b2495384,s_e588915197b497c68dcc5efa,K-BB%,missing_projection_metric
pitcher,2026,RotoWire,p_87ce29e2ae2416664b1444de,s_44cde47a7e08d61f66c53e5b,K-BB%,missing_projection_metric
pitcher,2026,RotoWire,p_fdb4b031a99eefb57ba56cc4,s_c1817eb49f54be402d083896,K-BB%,missing_projection_metric
pitcher,2026,RotoWire,p_865cf7963df08564ce6cc619,s_bcfec87573a4ca9da3c877d1,K-BB%,missing_projection_metric
pitcher,2026,RotoWire,p_17cd91dbd7209eb72b5b0bc1,s_831e4a1349915fcbb8fec782,K-BB%,missing_projection_metric
pitcher,2026,RotoWire,p_0be188f9e14bb7f25e2107af,s_c23201930ed51b249eebbd09,K-BB%,missing_projection_metric
pitcher,2026,RotoWire,p_dbe5f8eba79f31ae2fbbef12,s_03ab08703f8f7e0db997abe2,K-BB%,missing_projection_metric
pitcher,2026,RotoWire,p_03939d9f4f366462a86d6720,s_adbd090f648ffa2618835255,K-BB%,missing_projection_metric
pitcher,2026,RotoWire,p_ed0b1e6b85550910ed5ae415,s_458e5cad0de0c0c6da6a2e64,K-BB%,missing_projection_metric
pitcher,2026,RotoWire,p_6fc12edf18996e0f7e6f48b7,s_803b3ebc6b2c9fc8700d077a,K-BB%,missing_projection_metric
pitcher,2026,RotoWire,p_cb0a1ee1967dcd5a0313f1f4,s_d81b0a1d00a0142fe841e791,K-BB%,missing_projection_metric
pitcher,2026,RotoWire,p_e0efd3ededa73ca4e4f7ca65,s_9371381726bb9daf1d7968aa,K-BB%,missing_projection_metric
pitcher,2026,RotoWire,p_d031ef31b9165ade2a07de8a,s_20010eee18ad64610117070b,K-BB%,missing_projection_metric
pitcher,2026,RotoWire,p_0b1f482f502ee0715ad2818d,s_a22525f77e5f20c8a95b5083,K-BB%,missing_projection_metric
pitcher,2026,RotoWire,p_e68383f7b94770edd764c7c7,s_d476b70dd1b7cc0232ecfb2a,K-BB%,missing_projection_metric
pitcher,2026,RotoWire,p_64e8114493f21a3998e972c5,s_ec36caff226008a5628d4055,K-BB%,missing_projection_metric
pitcher,2026,RotoWire,p_2803fe661b73a6e4bd4bfca4,s_6150046e626bafbfb7dee9c9,K-BB%,missing_projection_metric
pitcher,2026,RotoWire,p_f30c390b26bea6c21a518118,s_4aab1c9d9a8e00dffb131ac8,K-BB%,missing_projection_metric
pitcher,2026,RotoWire,p_64b62a02d557250c812ea353,s_cb3cd3290361fe5beab6d19a,K-BB%,missing_projection_metric
pitcher,2026,RotoWire,p_2114033616e8bab28176ff3b,s_ea9e989c6c93c966fe28f2c9,K-BB%,missing_projection_metric
pitcher,2026,RotoWire,p_5fad378e158b1cb676afef64,s_fd46fd587a9eb8ff91f8000b,K-BB%,missing_projection_metric
pitcher,2026,RotoWire,p_148d2220e9c462a0b7e48358,s_005ab9c456a393b48e084293,K-BB%,missing_projection_metric
pitcher,2026,RotoWire,p_2f7d0b281325531322ffa74b,s_02ddd97443392829c75075a6,K-BB%,missing_projection_metric
pitcher,2026,RotoWire,p_43e8e7de2aa77634ff94469d,s_7c7ec015320082b37a905dd0,K-BB%,missing_projection_metric
pitcher,2026,RotoWire,p_61f4469f74d0edbc18e77e21,s_62bfcd731ae1613eba509649,K-BB%,missing_projection_metric
pitcher,2026,RotoWire,p_d9e002d9e27fd74ae27948f9,s_d066070856611b07c507b947,K-BB%,missing_projection_metric
pitcher,2026,RotoWire,p_5cb301be76b7e1a69519280c,s_b3e710904a554946d2bf0bd0,K-BB%,missing_projection_metric
pitcher,2026,RotoWire,p_663ac2743b68ff849ac3f794,s_1e23efd5555b7c77a825b669,K-BB%,missing_projection_metric
pitcher,2026,RotoWire,p_202088ef4fa208bc8e552f15,s_19865bc454e8328006095b4e,K-BB%,missing_projection_metric
pitcher,2026,RotoWire,p_a2aecebc9a8fffbbace22e46,s_f1727d1a98bdd17869523989,K-BB%,missing_projection_metric
pitcher,2026,RotoWire,p_d92f2d27a75f27f0e8a8f9b3,s_62aea82eab523c1df2a66991,K-BB%,missing_projection_metric
pitcher,2026,RotoWire,p_d5e07201a0f1d0cfa596e762,s_2cda80acea8a998ce1337601,K-BB%,missing_projection_metric
pitcher,2026,RotoWire,p_61ca94d7e3be2cbafe733df9,s_a5735acf8d7e139641369056,K-BB%,missing_projection_metric
pitcher,2026,RotoWire,p_f4be239312e641d1fd5e879e,s_fcfba9db239ebefdfb14008f,K-BB%,missing_projection_metric
pitcher,2026,RotoWire,p_3dac456e39a26258f30d8eb6,s_fdfbbb2d2605f35d7dc1b5dc,K-BB%,missing_projection_metric
pitcher,2026,RotoWire,p_f20dbbcf8c772a03de7ec118,s_57d8a6f5c4623a8e4c44a8ff,K-BB%,missing_projection_metric
pitcher,2026,RotoWire,p_a76bce6d3d2ee7c00f12333d,s_9b500f4a8aeddd080293abb7,K-BB%,missing_projection_metric
pitcher,2026,RotoWire,p_2043005deaaf8693e9eef0a1,s_d648d3bcb37bcf3d26756083,K-BB%,missing_projection_metric
pitcher,2026,RotoWire,p_61df43fce399be15228241c7,s_c5ac4d59c8f4be6af4356c60,K-BB%,missing_projection_metric
pitcher,2026,RotoWire,p_8c68497d69c0faec32c31da4,s_f75c8cb99712e09ccf59b81f,K-BB%,missing_projection_metric
pitcher,2026,RotoWire,p_aa82bbb9131dca9e098c8636,s_ddc1a0c2ec3fa2ee946c5c0f,K-BB%,missing_projection_metric
pitcher,2026,RotoWire,p_3f747dc1e443a0eecfacc566,s_ce79c399b5e5eec48d4dc3f1,K-BB%,missing_projection_metric
pitcher,2026,RotoWire,p_c6a0ec40c899f7b2c1dfc7bf,s_e2c5a7d8fb41e2f42f5ce180,K-BB%,missing_projection_metric
pitcher,2026,RotoWire,p_8551c7d8bbe875bb87b41ee4,s_bc9dbbd275b479722bafbc6d,K-BB%,missing_projection_metric
pitcher,2026,RotoWire,p_bb5b45202cd0e3997a49a903,s_ea2daa494604389bf5d254a8,K-BB%,missing_projection_metric
pitcher,2026,RotoWire,p_7af86937f30ec89e1f92abe3,s_0afdfb435d73a8678a29c908,K-BB%,missing_projection_metric
pitcher,2026,RotoWire,p_4055fa9f7ca334fe33a26bfe,s_1f78b2e232410f668089a197,K-BB%,missing_projection_metric
pitcher,2026,RotoWire,p_9a77feb051159af9aee2063c,s_f78685ae461085f2b2281b2b,K-BB%,missing_projection_metric
pitcher,2026,RotoWire,p_c2e11e9b2895314b228d9143,s_f86f46733910fda016017450,K-BB%,missing_projection_metric
pitcher,2026,RotoWire,p_8f4d229bdbf5985172a873b9,s_259f45aab501c882c8ec75df,K-BB%,missing_projection_metric
pitcher,2026,RotoWire,p_138ed44a822bb4b34b68d8d3,s_75d8b5bbcdff73d2246a5406,K-BB%,missing_projection_metric
pitcher,2026,RotoWire,p_0101c7191284f9932160f01c,s_36f8da32ea1e68f80503aa32,K-BB%,missing_projection_metric
pitcher,2026,RotoWire,p_947372bfc438cf39d3a30665,s_03a8ce0a1969c5c825c40e19,K-BB%,missing_projection_metric
pitcher,2026,RotoWire,p_b13319e24b3552eff64d85bc,s_5642c7fc2edc3038c7e6745f,K-BB%,missing_projection_metric
pitcher,2026,RotoWire,p_d15a984c8351b109e14b2746,s_7ff413166b1e391f0a596e70,K-BB%,missing_projection_metric
pitcher,2026,RotoWire,p_8c118f1cce2683232f54416f,s_a4c2b5eeadf4cd19c00d474c,K-BB%,missing_projection_metric
pitcher,2026,RotoWire,p_6fd30c7531d5bc78103c740d,s_1f308fb934eda4481b5d0411,K-BB%,missing_projection_metric
pitcher,2026,RotoWire,p_b7736681fe0e03a5a6703dbb,s_ea7b9963174ed0e92ff3caae,K-BB%,missing_projection_metric
pitcher,2026,RotoWire,p_74d9cd5a911ee5ed93663d77,s_fa4dd9cdb3232ef9b72e306b,K-BB%,missing_projection_metric
pitcher,2026,RotoWire,p_bb82cb6ed787b635d6d9a9bd,s_51c9610913f9f9470ee24fc4,K-BB%,missing_projection_metric
pitcher,2026,RotoWire,p_5d9c98b0173958f4c189a129,s_07e32912b397571f55a45e45,K-BB%,missing_projection_metric
pitcher,2026,RotoWire,p_8ed8dc08bf2fc22b7d5fdc9e,s_007373e43b5e62aaf0640c9c,K-BB%,missing_projection_metric
pitcher,2026,RotoWire,p_de4f248f197b6ab7761cb09b,s_fcc4edd9149c560668dabb7a,K-BB%,missing_projection_metric
pitcher,2026,RotoWire,p_e23cb32e39c22be655441929,s_7a19dce9973cf299e818b416,K-BB%,missing_projection_metric
pitcher,2026,RotoWire,p_b81b76814081912b6c81cf9d,s_bbb9b8bb7aea1cbfbb533653,K-BB%,missing_projection_metric
pitcher,2026,RotoWire,p_3b39342b8d03af7adee187b3,s_67a495c69c2753d436ec1074,K-BB%,missing_projection_metric
pitcher,2026,RotoWire,p_20987c55f1b40e76f29fef72,s_ab2e1d4e2a51637fa895d44c,K-BB%,missing_projection_metric
pitcher,2026,RotoWire,p_3e5cfa913cc4f482344401c1,s_981f3bb1f2de7068efd97e42,K-BB%,missing_projection_metric
pitcher,2026,RotoWire,p_c3b7cc93fd3c9b7f57a21594,s_b91ca8fc62927722d94bc1f3,K-BB%,missing_projection_metric
pitcher,2026,RotoWire,p_a6f79ef2ecc729073db83188,s_53a6769393add960d4c7cf66,K-BB%,missing_projection_metric
pitcher,2026,RotoWire,p_8ececb63a3f2cebed969a98d,s_dcb3c3af531b2c3eeeb1b98f,K-BB%,missing_projection_metric
pitcher,2026,RotoWire,p_23f9a55147310e8dec4f47a2,s_92d986045456ede8a8f0c978,K-BB%,missing_projection_metric
pitcher,2026,RotoWire,p_1ccbcea91d9f49d165cfb488,s_8a3e2fce8c27e2b378be6db8,K-BB%,missing_projection_metric
pitcher,2026,RotoWire,p_89e6e8eb0e7077ed03071a06,s_e210e2f378debdbceebe5db9,K-BB%,missing_projection_metric
pitcher,2026,RotoWire,p_c8fcbc835fb5f66a0bd0f41e,s_f710a6c69e631fb5d53460e9,K-BB%,missing_projection_metric
pitcher,2026,RotoWire,p_5c4336ee3ef73426afb4c6c2,s_8cfa71211e862a3cd9aae0bd,K-BB%,missing_projection_metric
pitcher,2026,RotoWire,p_b71fbe75f62a06bbed6595ec,s_1a30f62b302322daffa27ce3,K-BB%,missing_projection_metric
pitcher,2026,RotoWire,p_e3f71882ebe26350f89c3813,s_efe0166de035477255fa8aff,K-BB%,missing_projection_metric
pitcher,2026,RotoWire,p_9adccc0a4017fa70e4b06f24,s_9b20050e3dc2949517c86080,K-BB%,missing_projection_metric
pitcher,2026,RotoWire,p_fccb4591ce5767a04c76ef83,s_a6de594bc4e1364c4eed3b7a,K-BB%,missing_projection_metric
pitcher,2026,RotoWire,p_d291977287dccac53c171a63,s_286fa2e51a845840a7fff176,K-BB%,missing_projection_metric
pitcher,2026,RotoWire,p_2bd83f835d274b547829f07c,s_932ba3637eeae9fbf5e3f7b1,K-BB%,missing_projection_metric
pitcher,2026,RotoWire,p_04895952d7d004fc8bb3f14b,s_f8c85a2e2310235642e7caf7,K-BB%,missing_projection_metric
pitcher,2026,RotoWire,p_222c356cfa14a6ec4cefc492,s_ec53e3bac7d0b359acdf4673,K-BB%,missing_projection_metric
pitcher,2026,RotoWire,p_1b49209f0bd30dd5dc724000,s_4a572860c109c381b9599f8b,K-BB%,missing_projection_metric
pitcher,2026,RotoWire,p_4f111a07b4c0259d31c89e0d,s_2c7ca2dc2c1ba12d9d8310a2,K-BB%,missing_projection_metric
pitcher,2026,RotoWire,p_b051cf87af8a4244b6b81e2c,s_2436026c64a6693348f588e0,K-BB%,missing_projection_metric
pitcher,2026,RotoWire,p_7ecbe1110bdd0537891dc1c4,s_40dcd0dae34ab1d260a321a9,K-BB%,missing_projection_metric
pitcher,2026,RotoWire,p_288584b43feea72ac1e47a2d,s_bf41753e2e0ff8c12dbf27a5,K-BB%,missing_projection_metric
pitcher,2026,RotoWire,p_394806adeaf6af907d17f876,s_6968be3056cfbccf293d38de,K-BB%,missing_projection_metric
pitcher,2026,RotoWire,p_bad5772915c2a0ae9bf9c5f1,s_1470a84d54d96a36505537cd,K-BB%,missing_projection_metric
pitcher,2026,RotoWire,p_ca72c1190ab195d082d039a5,s_f9e188ac52e4d1eea8684043,K-BB%,missing_projection_metric
pitcher,2026,RotoWire,p_009e96c410d3379760f8b1a1,s_5b48c3711b348b7c38fbb3a0,K-BB%,missing_projection_metric
pitcher,2026,RotoWire,p_f5105d7ffd8537ed91519f0f,s_70a2e35ae2bd12403e410012,K-BB%,missing_projection_metric
pitcher,2026,RotoWire,p_51a922809ad094b5a4433cdf,s_f6287462479ad5a6d992dffc,K-BB%,missing_projection_metric
pitcher,2026,RotoWire,p_0c3b6b4f617c9009bb6c76e7,s_720c0ed73d1ba1b13c15bd13,K-BB%,missing_projection_metric
pitcher,2026,RotoWire,p_67a7d083510fbec26f1ddc04,s_64230f4ae4e504349046ac2c,K-BB%,missing_projection_metric
pitcher,2026,RotoWire,p_ba985e05d88f96b785affcdf,s_36216789328366086e1e9baf,K-BB%,missing_projection_metric
pitcher,2026,RotoWire,p_a14b46668a060bb5629886e6,s_4ef127163ae740077e465fe6,K-BB%,missing_projection_metric
pitcher,2026,RotoWire,p_747ca9b3f8488871801660b7,s_e7ac249bf01a183930a8faca,K-BB%,missing_projection_metric
pitcher,2026,RotoWire,p_153188ef122e1ff0e54e37b2,s_971e41cd03b694200bad9d78,K-BB%,missing_projection_metric
pitcher,2026,RotoWire,p_f59ee04f5b058c3f109d1631,s_643d4c7939de92874f6a14b2,K-BB%,missing_projection_metric
pitcher,2026,RotoWire,p_41f07f1c060750689589e72e,s_8f4a9d3285bca74b4f41625d,K-BB%,missing_projection_metric
pitcher,2026,RotoWire,p_7a47c598f2891d6ce738d8e0,s_3d1cf899ff4442ddc83d0199,K-BB%,missing_projection_metric
pitcher,2026,RotoWire,p_1b534a0f3684e7ea3112d6b0,s_64da9285f21ed7d32cec3819,K-BB%,missing_projection_metric
pitcher,2026,RotoWire,p_da96852b71c08e176dbccd2d,s_6a16477de8c707cdab312103,K-BB%,missing_projection_metric
pitcher,2026,RotoWire,p_1f226d7dd4cee0150a1549a0,s_77fcd4da255deb34daefffa9,K-BB%,missing_projection_metric
pitcher,2026,RotoWire,p_17536a68362f900664fa9f61,s_400136cfcfa994b80810ef9e,K-BB%,missing_projection_metric
pitcher,2026,RotoWire,p_977a6ab875041bddeb3e28a7,s_3ee8a8ac49b0ada1af602a76,K-BB%,missing_projection_metric
pitcher,2026,RotoWire,p_582294a58869be2075f58add,s_e79b2d579bd09a2428455ff0,K-BB%,missing_projection_metric
pitcher,2026,RotoWire,p_29a27415a63b98dbb075621d,s_2073dbe3cad8e2dd787397ef,K-BB%,missing_projection_metric
pitcher,2026,RotoWire,p_33b1f758ce8872869b7bbb68,s_7160708984d023ac94d240c5,K-BB%,missing_projection_metric
pitcher,2026,RotoWire,p_7343ba7168344875dfbe9cf1,s_67f9e3882b4983166222f981,K-BB%,missing_projection_metric
pitcher,2026,RotoWire,p_1d99fee357b2b193b50cce26,s_a4834cb07e9232b83a0dce3a,K-BB%,missing_projection_metric
pitcher,2026,RotoWire,p_b3710509193a23f9fb6df89c,s_9b4a7b98dc7e5f10502604fc,K-BB%,missing_projection_metric
pitcher,2026,RotoWire,p_145721815ffdf403b65c76d6,s_385a4193cfbf19f53e1d0400,K-BB%,missing_projection_metric
pitcher,2026,RotoWire,p_c5ed138e0e635ef0aec7663a,s_9b9bffbc2a879babe9696cba,K-BB%,missing_projection_metric
pitcher,2026,RotoWire,p_7e394fbf190746b9460471b6,s_097a41751befc4a5c1211306,K-BB%,missing_projection_metric
pitcher,2026,RotoWire,p_dc94d49f14972788f07e6738,s_1b0485f5cd208127cea8cd15,K-BB%,missing_projection_metric
pitcher,2026,RotoWire,p_77de692e06d27ffb17c45ac8,s_f4b6a3140b1357de80e3f024,K-BB%,missing_projection_metric
pitcher,2026,RotoWire,p_2fad58b9923436119be174e1,s_a9000b2eedab9133f82e83b1,K-BB%,missing_projection_metric
pitcher,2026,RotoWire,p_153ad9f9a631deb95bb0d30a,s_9b6fbbd7af72c8645cd2e44b,K-BB%,missing_projection_metric
pitcher,2026,RotoWire,p_1577c13241c98d1b1b25a065,s_3d99f48d5a1df841196e11ba,K-BB%,missing_projection_metric
pitcher,2026,RotoWire,p_e07feaacf0b72192ae4d9189,s_7c4ef7d9af7bfb2c457fa4a3,K-BB%,missing_projection_metric
pitcher,2026,RotoWire,p_44f4ae0a56e818f589465db9,s_205db3291d05af8715cfd909,K-BB%,missing_projection_metric
pitcher,2026,RotoWire,p_c25dc1ad5c4247237938a311,s_4ffc3a690a9212289286d020,K-BB%,missing_projection_metric
pitcher,2026,RotoWire,p_777feb45decd9c1846a693da,s_4bc1f0e4681785c1fd0a723e,K-BB%,missing_projection_metric
pitcher,2026,RotoWire,p_3e586e64329db1dd04a4e3b8,s_140a22ca0f8df2b19e867104,K-BB%,missing_projection_metric
pitcher,2026,RotoWire,p_6db920b8caea39aab799a496,s_445daa97825c4e5e5e9abe4f,K-BB%,missing_projection_metric
pitcher,2026,RotoWire,p_dd095f93709ce87f6607edc6,s_170d2924db9f3c44dc5d12a1,K-BB%,missing_projection_metric
pitcher,2026,RotoWire,p_1eaa1d1baccc84d06d8ed931,s_c426b7518e8cddbb66ca7034,K-BB%,missing_projection_metric
pitcher,2026,RotoWire,p_f91f14e15dff3410600517de,s_083fb1a01291dbadfc455e6e,K-BB%,missing_projection_metric
pitcher,2026,RotoWire,p_b73b5615e068b80f9b259d86,s_efed45aa9346056d597f89fe,K-BB%,missing_projection_metric
pitcher,2026,RotoWire,p_80cde5a89fe8ba26c89f71ea,s_08823d7435b78a66d4a37171,K-BB%,missing_projection_metric
pitcher,2026,RotoWire,p_791b3683027c9d8d92b609d0,s_b6c6438dadb86ba0d3e9e803,K-BB%,missing_projection_metric
pitcher,2026,RotoWire,p_d4a9b50b3224024b900f4e0c,s_fb0d3cfd17a322f0e6f31d1b,K-BB%,missing_projection_metric
pitcher,2026,RotoWire,p_9e7db66bfc565b709fe46853,s_a6a3f778bf284c7e5a1576d8,K-BB%,missing_projection_metric
pitcher,2026,RotoWire,p_80dabc460f667d0aafb8ff5c,s_a8693cc26f592a1ebad8f2c2,K-BB%,missing_projection_metric
pitcher,2026,RotoWire,p_116ae62fa49115e6533fcf6d,s_f6d11fb46f17d9d6a3756ac8,K-BB%,missing_projection_metric
pitcher,2026,RotoWire,p_fc18f428295d7ad8c21b667f,s_637203bc35b263633e3d8c0e,K-BB%,missing_projection_metric
pitcher,2026,RotoWire,p_1001641b01e3c2ddf44b4ee5,s_f089b9db3725ba3a812dbd06,K-BB%,missing_projection_metric
pitcher,2026,RotoWire,p_20b5e71becf329de17a636b1,s_65b00dc9057a80ce7c7e8b12,K-BB%,missing_projection_metric
pitcher,2026,RotoWire,p_93bf9339edbf6229883985c6,s_3f22d4c952ee95164ec0b5e4,K-BB%,missing_projection_metric
pitcher,2026,RotoWire,p_f0e21bded869dafe4b07e71f,s_1306549d3213edc8ecff3adf,K-BB%,missing_projection_metric
pitcher,2026,RotoWire,p_caa0b49368710031fd01f701,s_f04819d968a89483c89ca8bf,K-BB%,missing_projection_metric
pitcher,2026,RotoWire,p_0f33dc90f5cb990ad4d0247b,s_32fc41121701bbd4b928dfa5,K-BB%,missing_projection_metric
pitcher,2026,RotoWire,p_2442495cf935c13e35ace791,s_37dd8694ee1cdc7bee097711,K-BB%,missing_projection_metric
pitcher,2026,RotoWire,p_5622eaf6fed51b2f0badc28f,s_1cf282f8f0fdbe6a0c106925,K-BB%,missing_projection_metric
pitcher,2026,RotoWire,p_34f7258033fc0f715c7802e8,s_22d1e530480aaba64d14b225,K-BB%,missing_projection_metric
pitcher,2026,RotoWire,p_5a5e5a4baec1ff0e99cb37c5,s_d350e1bbe96980c7f3d8ee67,K-BB%,missing_projection_metric
pitcher,2026,RotoWire,p_b9be4dd9135ef8202ccbf94b,s_bbcead23d18fa363242baa4f,K-BB%,missing_projection_metric
pitcher,2026,RotoWire,p_55e0b0cdfd06f59a14884d19,s_d34941c1e867d48ced402636,K-BB%,missing_projection_metric
pitcher,2026,RotoWire,p_adfce089754d8fcf93c9d6eb,s_8e53ce8d309a52865a0c6df4,K-BB%,missing_projection_metric
pitcher,2026,RotoWire,p_d1d18bba4583a9d5fb70e080,s_467469ee746b2f53390e6898,K-BB%,missing_projection_metric
pitcher,2026,RotoWire,p_52192aa00351b1a71ee2c4b3,s_eeb719c2d8ca42c5c8e983f1,K-BB%,missing_projection_metric
pitcher,2026,RotoWire,p_7c9ea4fc0117961c6e7b012c,s_34c90b220beb1c5d31693988,K-BB%,missing_projection_metric
pitcher,2026,RotoWire,p_2ae6b10075130e19d90d4b32,s_9964f4b2c567f60400c3def3,K-BB%,missing_projection_metric
pitcher,2026,RotoWire,p_d27ce95571a74bf9f18770ae,s_5e78c576a86e6bab0f527aea,K-BB%,missing_projection_metric
pitcher,2026,RotoWire,p_68ceebeeae0240ef1eeb496f,s_c01ed7b3977f8433d2d996ae,K-BB%,missing_projection_metric
pitcher,2026,RotoWire,p_00b956086b42d4f7340ce048,s_54c0ac7b707bc9ebdbb2400a,K-BB%,missing_projection_metric
pitcher,2026,RotoWire,p_98cc697758a3fc95df098ccd,s_dce6bd9fb247e0c772258f87,K-BB%,missing_projection_metric
pitcher,2026,RotoWire,p_410328aef7c939f61d4b7528,s_6456f23fd603e1cd5ff01938,K-BB%,missing_projection_metric
pitcher,2026,RotoWire,p_9d5fc19a3ec0a2b92dad5383,s_99c3755f96a5159021601588,K-BB%,missing_projection_metric
pitcher,2026,RotoWire,p_3d69f7e4ccbcfe929ed1f539,s_3325bfa78bf10dc69c400482,K-BB%,missing_projection_metric
pitcher,2026,RotoWire,p_b773b485dc612974de0ee445,s_606f7a3464f8c16f52c9f22f,K-BB%,missing_projection_metric
pitcher,2026,RotoWire,p_e44c55c882f52d9ec55bfae3,s_c8bd17a0575cbb20ff13cd4e,K-BB%,missing_projection_metric
pitcher,2026,RotoWire,p_37fb98747cdcda0fbfec7784,s_840cd45daf0bd55c83035bb1,K-BB%,missing_projection_metric
pitcher,2026,RotoWire,p_22eee69f8ac0239b99b11b78,s_040c3eee8fd2be1c1435fcd4,K-BB%,missing_projection_metric
pitcher,2026,RotoWire,p_87897e21381c92d01d1670b6,s_2ad1be98a537593b78c5a813,K-BB%,missing_projection_metric
pitcher,2026,RotoWire,p_8471050f369a301b6f71c4be,s_cca07111c90b3a8ff824826c,K-BB%,missing_projection_metric
pitcher,2026,RotoWire,p_6e0c3901af2303ff2f765958,s_2db5ae81a85ee7ef6e1914bf,K-BB%,missing_projection_metric
pitcher,2026,RotoWire,p_e219e5c6f7ec667410973dec,s_f25aa55f8fa314259de30f86,K-BB%,missing_projection_metric
pitcher,2026,RotoWire,p_ab8444dc7f51611939832036,s_58716c7b1f611dfbc75b036c,K-BB%,missing_projection_metric
pitcher,2026,RotoWire,p_90e71871268b32dfc6280b86,s_6af89f9d728dbb984fd9770b,K-BB%,missing_projection_metric
pitcher,2026,RotoWire,p_ed52312eef709ee07ba3e575,s_f57f26300e7937d94787a766,K-BB%,missing_projection_metric
pitcher,2026,RotoWire,p_ad8eeecb96286785de1abf84,s_83a4514dd29ab0c79b5cb41f,K-BB%,missing_projection_metric
pitcher,2026,RotoWire,p_611b50d11016f9e5bac93980,s_09d2de1272ae381f1d9c023d,K-BB%,missing_projection_metric
pitcher,2026,RotoWire,p_3f657a30af6cf3b6b118dd7d,s_edd9bb08e95c85b661ef894c,K-BB%,missing_projection_metric
pitcher,2026,RotoWire,p_1db467c6cfbfe96ad057338e,s_2421ef963564baf926d17465,K-BB%,missing_projection_metric
pitcher,2026,RotoWire,p_a8e02f57bd3e35b91149c0d6,s_f6cb34db02de259e9dc338f6,K-BB%,missing_projection_metric
pitcher,2026,RotoWire,p_61da229a19dcb37d006d054f,s_71785e40add7a0fefb436075,K-BB%,missing_projection_metric
pitcher,2026,RotoWire,p_6d19fe3af838d3bcaf19f868,s_0e5da867aa1de12b938c27cc,K-BB%,missing_projection_metric
pitcher,2026,RotoWire,p_28b88c75bbb3485832e0fbb1,s_0a2c3f9c3fc122467cbdd7ca,K-BB%,missing_projection_metric
pitcher,2026,RotoWire,p_08803fedfc7e3b44562070ba,s_dbbbfea419b6d7d993523349,K-BB%,missing_projection_metric
pitcher,2026,RotoWire,p_e573b05454d024acae1fffe0,s_0e502d4fe86e72651791add7,K-BB%,missing_projection_metric
pitcher,2026,RotoWire,p_c1803acfc69807176b03fceb,s_dc4edcfeb371f78279a83f31,K-BB%,missing_projection_metric
pitcher,2026,RotoWire,p_d84214456f41ba299fcf20c0,s_600c196f8ac0683f11c2426b,K-BB%,missing_projection_metric
pitcher,2026,RotoWire,p_c1b16bac113e009a04e9d07b,s_9d8738be1d0c5786c0050b80,K-BB%,missing_projection_metric
pitcher,2026,RotoWire,p_3d4fddbaa624427c64113cac,s_d4b5ce1cf3639220d7a74379,K-BB%,missing_projection_metric
pitcher,2026,RotoWire,p_36dec542a06db312dff05ed3,s_45e9357a9524ba5a0d2b4ec5,K-BB%,missing_projection_metric
pitcher,2026,RotoWire,p_4ce2bc74d9bdc379de52f9fb,s_25a9c78c7de4242d98708902,K-BB%,missing_projection_metric
pitcher,2026,RotoWire,p_1bd74263d59f9dcb39af1120,s_34f2ba02a79a3cd59f095533,K-BB%,missing_projection_metric
pitcher,2026,RotoWire,p_b48582763b8f7f6f91074a0d,s_4d92004386fd3d2bf51acae0,K-BB%,missing_projection_metric
pitcher,2026,RotoWire,p_49ed2c7ffa16b9279ff3f555,s_c4afd328e8d328bc56261722,K-BB%,missing_projection_metric
pitcher,2026,RotoWire,p_ce659b38e92388329f2ca16b,s_d3fccd71f956621325a51433,K-BB%,missing_projection_metric
pitcher,2026,RotoWire,p_b94cd2fa50a25f87a513580d,s_9999231528a2b32c9b5a6bea,K-BB%,missing_projection_metric
pitcher,2026,RotoWire,p_b862f8fa2a57ec2f1c12850b,s_717b202b49e2d1d6506e3750,K-BB%,missing_projection_metric
pitcher,2026,RotoWire,p_6b8cba5bfea707d3dd734524,s_21e2e6dc884cba72d6c8655f,K-BB%,missing_projection_metric
pitcher,2026,RotoWire,p_a6fa59945d5551b89676371f,s_a2d6c021b62b09f6f243d03d,K-BB%,missing_projection_metric
pitcher,2026,RotoWire,p_0f524fd2285c4e78f5fe8913,s_ded2373e1e872aabdbd5aaae,K-BB%,missing_projection_metric
pitcher,2026,RotoWire,p_64eadd5a9c1db68fc646be45,s_bab8a849edc13b8ecd6655c7,K-BB%,missing_projection_metric
pitcher,2026,RotoWire,p_5fdf2f3ccb63b4515b2eb625,s_95a63942e2e3135409140952,K-BB%,missing_projection_metric
pitcher,2026,RotoWire,p_99369324bab1d4ff69bc1d02,s_81a785ed3889cb90122f059f,K-BB%,missing_projection_metric
pitcher,2026,RotoWire,p_5ab8edce0d7c479009e600fb,s_d9bf5e047239a453a2cf3afe,K-BB%,missing_projection_metric
pitcher,2026,RotoWire,p_5b7aca63cb468b989990acb9,s_0f09798054db7458155c1701,K-BB%,missing_projection_metric
pitcher,2026,RotoWire,p_7ef545114aef3d660b73dcb7,s_f1cc739cd0673a2a07c1f5be,K-BB%,missing_projection_metric
pitcher,2026,RotoWire,p_22dafc9081fa932d292f968b,s_76567fbffc13e1cb927dfd1a,K-BB%,missing_projection_metric
pitcher,2026,RotoWire,p_9f550caec192fd42d10ff1b3,s_17444bf94b830008071fb564,K-BB%,missing_projection_metric
pitcher,2026,RotoWire,p_1b7aadf4254d0c04b28301e5,s_5e130d045148d66c7fd31653,K-BB%,missing_projection_metric
pitcher,2026,RotoWire,p_b9bda4330db43c739314fce4,s_c17c33bf416aa4b0c4af4f09,K-BB%,missing_projection_metric
pitcher,2026,RotoWire,p_b1ab737f8c5f55323e91d0f5,s_7e380d8d8c8b84235a5155bf,K-BB%,missing_projection_metric
pitcher,2026,RotoWire,p_f25183fc2c47de9223d05e18,s_e5a77a57a49234fcadbc2926,K-BB%,missing_projection_metric
pitcher,2026,RotoWire,p_6b4f95ec9ffb4fe368a2576d,s_2d543d2902dabca988a565a5,K-BB%,missing_projection_metric
pitcher,2026,RotoWire,p_c8060e0ca736e951c5c4b226,s_c0309c8c30f2587cd449c411,K-BB%,missing_projection_metric
pitcher,2026,RotoWire,p_9c980b6b55a25e9cec08f624,s_b545795417b5fd61adebdcb9,K-BB%,missing_projection_metric
pitcher,2026,RotoWire,p_53fdc6d306dc44415d488e16,s_32f1a7cdaab754a620a06fab,K-BB%,missing_projection_metric
pitcher,2026,RotoWire,p_7c334178878220517ce9f328,s_84474e651da76333dc79c4b1,K-BB%,missing_projection_metric
pitcher,2026,RotoWire,p_70afef2de0e1d2c4130d7a6f,s_97381ad047f21ece3b53dfac,K-BB%,missing_projection_metric
pitcher,2026,RotoWire,p_a8a4ea29b153fef404ad3bfc,s_3ed0f240d30d827ca9951fa4,K-BB%,missing_projection_metric
pitcher,2026,RotoWire,p_34b9c312bb9fd77b95735fa7,s_39a88f8a21b81fce7f7373c5,K-BB%,missing_projection_metric
pitcher,2026,RotoWire,p_aa3f542bce2dddb882aa93ae,s_02545767668eef11f0a4cc68,K-BB%,missing_projection_metric
pitcher,2026,RotoWire,p_3f88e6009659057719b46325,s_38500b5e89f080fc7618b070,K-BB%,missing_projection_metric
pitcher,2026,RotoWire,p_fff5f1ebef83eebba71e9bbc,s_accdc9f091974e312fb2d9a1,K-BB%,missing_projection_metric
pitcher,2026,RotoWire,p_2969c4d6cb29c114efd4bb95,s_f8d1371eea4639af8ebeb1bf,K-BB%,missing_projection_metric
pitcher,2026,RotoWire,p_6ae7476d65dc554f359685a1,s_373e046a2d3c00475714f11f,K-BB%,missing_projection_metric
pitcher,2026,RotoWire,p_c037b82bc4462dd614d5ab27,s_c38596ed46d121122bcc60d0,K-BB%,missing_projection_metric
pitcher,2026,RotoWire,p_c5178381d162a4b5d9527eb0,s_8bff9705940bb1e6d858f777,K-BB%,missing_projection_metric
pitcher,2026,RotoWire,p_f56aefc4ede81ff8de5457ab,s_8d428db1ef0c7f22a3f2fd2f,K-BB%,missing_projection_metric
pitcher,2026,RotoWire,p_b7580c74682c1a1cc5d24abd,s_c19ccd038785e91d4fa03c5e,K-BB%,missing_projection_metric
pitcher,2026,RotoWire,p_a41a3c5bc64b1e0489feb28f,s_3683d283b2af8b00a350cf3f,K-BB%,missing_projection_metric
pitcher,2026,RotoWire,p_1cb2a2b9966604f2d0295576,s_ecacc59bd1d2f6e2bf4a56eb,K-BB%,missing_projection_metric
pitcher,2026,RotoWire,p_06ac62e58655fdbf61a0ce7b,s_1296c23b23208fd125e2ea9a,K-BB%,missing_projection_metric
pitcher,2026,RotoWire,p_871261aef233e820be74ffc9,s_66ab8297ba652569ea1131d2,K-BB%,missing_projection_metric
pitcher,2026,RotoWire,p_ccf29ec3fb51dbf128d874e4,s_bac2df2b3f5e16f4f493d6d3,K-BB%,missing_projection_metric
pitcher,2026,RotoWire,p_517403ae3a1b79a433390aec,s_87697517d46b5200927be5f0,K-BB%,missing_projection_metric
pitcher,2026,RotoWire,p_09468a2fee5db7203f0eb46f,s_458a599e196a1bc0e9e661c1,K-BB%,missing_projection_metric
pitcher,2026,RotoWire,p_d21949823eaf8abb13ea0c7e,s_0b589368d943d12591464c19,K-BB%,missing_projection_metric
pitcher,2026,RotoWire,p_a9cd8307ddcf9289441ea557,s_3014e5e5aaeac3a5ddd7c5db,K-BB%,missing_projection_metric
pitcher,2026,RotoWire,p_54dfc42aa6e80f0846f08fcf,s_02f97e9c1a426bc50ba72697,K-BB%,missing_projection_metric
pitcher,2026,RotoWire,p_9cf33bb8d6b6c72759e3b41d,s_c41da28cf7cf52681277f13e,K-BB%,missing_projection_metric
pitcher,2026,RotoWire,p_05aa5556dc44afe342917893,s_c7be1888db989bac8673889c,K-BB%,missing_projection_metric
pitcher,2026,RotoWire,p_e78d76af2b3a156869586232,s_7bcd964dea78ae2157a5ec77,K-BB%,missing_projection_metric
pitcher,2026,RotoWire,p_6ab2031cdd4bbac15cafe542,s_59465e3f8e7cf14cb1865526,K-BB%,missing_projection_metric
pitcher,2026,RotoWire,p_9b79266fde272f3b8d161342,s_37b6b7ddf49afe09163f12f0,K-BB%,missing_projection_metric
pitcher,2026,RotoWire,p_19d2c7ec4ec2d984744eb5b3,s_3a960d9e412fa3d3e3a9dad1,K-BB%,missing_projection_metric
pitcher,2026,RotoWire,p_ce22d4726510344d78fb2e38,s_8acb546203e92adde255a9cf,K-BB%,missing_projection_metric
pitcher,2026,RotoWire,p_54517e847736a45c8b1dabfd,s_65f196935c0357c546446552,K-BB%,missing_projection_metric
pitcher,2026,RotoWire,p_781ca9e5c281bea0fd02a3a9,s_d3685aa7d984d7aa063f0170,K-BB%,missing_projection_metric
pitcher,2026,RotoWire,p_3c08e81780e0bae6ae834dda,s_f2e22dbf4ad951080151e8ff,K-BB%,missing_projection_metric
pitcher,2026,RotoWire,p_8183d10c86c33b8c9d22b5ae,s_825ae827882e62022934d154,K-BB%,missing_projection_metric
pitcher,2026,RotoWire,p_c81a0386598bf2f14a51264d,s_8287385ca3ef2c399760cf91,K-BB%,missing_projection_metric
pitcher,2026,RotoWire,p_1953e9b8e9520ff434fb0757,s_82c8bb94eecf39d99a830e31,K-BB%,missing_projection_metric
pitcher,2026,RotoWire,p_e5489bb69c8bf14362185b49,s_8c3b421225ce18c10ce62cfc,K-BB%,missing_projection_metric
pitcher,2026,RotoWire,p_de239dab073ee70e594e1202,s_2ca6cdfd12d301ca7ed43826,K-BB%,missing_projection_metric
pitcher,2026,RotoWire,p_9316c4dc392000b5e1ac832e,s_86e475db1fbfcf8b1a77f778,K-BB%,missing_projection_metric
pitcher,2026,RotoWire,p_b439564078d45af9d65a0fbe,s_c008f69d0f9c670cc9ebadaf,K-BB%,missing_projection_metric
pitcher,2026,RotoWire,p_f4a21c23681d7a8de5411075,s_e45d0d44a32669c00454d037,K-BB%,missing_projection_metric
pitcher,2026,RotoWire,p_ffe00fc2f01b7827200e26a4,s_401612462f44a1c3364cba4f,K-BB%,missing_projection_metric
pitcher,2026,RotoWire,p_c6edb861266cca1d8b7777f3,s_9e0de88350b421f81ec12712,K-BB%,missing_projection_metric
pitcher,2026,RotoWire,p_070918a027c45f11ba1c7216,s_3cb0f247392b812f36ec9878,K-BB%,missing_projection_metric
pitcher,2026,RotoWire,p_e10fdff8ef686e5845a7cfee,s_08750125c8f7e6880fe4018e,K-BB%,missing_projection_metric
pitcher,2026,RotoWire,p_a1dd30c06e29129ba5461f1e,s_9ed676fc1486825fd9ef21fa,K-BB%,missing_projection_metric
pitcher,2026,RotoWire,p_a52253efb8f29cc26461b906,s_37b9eb34fd4a4a7bedbf1de9,K-BB%,missing_projection_metric
pitcher,2026,RotoWire,p_13d0b2d2bfa1eb67d025c56d,s_888d4587c81fb0c832c125f4,K-BB%,missing_projection_metric
pitcher,2026,RotoWire,p_ab34ac7065869093f97fd7ed,s_014afa24a5effe4abd643a91,K-BB%,missing_projection_metric
pitcher,2026,RotoWire,p_ef076093f73d78369c5e2007,s_62c42bf78a57a4c6284b4c86,K-BB%,missing_projection_metric
pitcher,2026,RotoWire,p_318949b8bccbfa80a4474acc,s_537e9c3db329aa5b6a20f344,K-BB%,missing_projection_metric
pitcher,2026,RotoWire,p_e9baadb1fdaf2108fb24d243,s_d51db1464aeba861c6fb9129,K-BB%,missing_projection_metric
pitcher,2026,RotoWire,p_edfc64041b7ee8740960ecff,s_015d294682c40069c48c4506,K-BB%,missing_projection_metric
pitcher,2026,RotoWire,p_7e61c15cf9c6d600c25cc6b0,s_578e03fdf78f3da8993ba802,K-BB%,missing_projection_metric
pitcher,2026,RotoWire,p_463c8505b18605c1574ec77d,s_4f4f5dd275be9f5a369e4c9a,K-BB%,missing_projection_metric
pitcher,2026,RotoWire,p_fc2efd485c9feb6bf3d10686,s_2891b40bce7037cb6fc4160c,K-BB%,missing_projection_metric
pitcher,2026,RotoWire,p_48da1d101e8cb6eb88275ac2,s_875d6a0a39242fc632d4d458,K-BB%,missing_projection_metric
pitcher,2026,RotoWire,p_340fa49b390d7ccae182eaa4,s_e226d353eaea6f69c7205dcf,K-BB%,missing_projection_metric
pitcher,2026,RotoWire,p_028d1e47ba08f397b36a0b34,s_17a5878850d218b141b7e6a3,K-BB%,missing_projection_metric
pitcher,2026,RotoWire,p_a80d4ffd8c4ac0d867414d37,s_752b5446c44d8e7ce2155452,K-BB%,missing_projection_metric
pitcher,2026,RotoWire,p_601859fdd8080fb55daaca88,s_36065566c97b35b68687fdf8,K-BB%,missing_projection_metric
pitcher,2026,RotoWire,p_d27727ac36c7fea7168491ea,s_4d01e5a76005617d7b76e157,K-BB%,missing_projection_metric
pitcher,2026,RotoWire,p_c16ceee80f9bfb1fec04cdfe,s_beeb5243a74a35a0bf5daff1,K-BB%,missing_projection_metric
pitcher,2026,RotoWire,p_3d7dbeb61bf17e62ef16d36b,s_09dae89ed03cfa40558feb64,K-BB%,missing_projection_metric
pitcher,2026,RotoWire,p_cb7e3547063497ea6d59f8f1,s_bb303cb7f8b3f5f771d8c07a,K-BB%,missing_projection_metric
pitcher,2026,RotoWire,p_5265b84a78acbbda433f96c7,s_85ff95d1a073bcdabe150465,K-BB%,missing_projection_metric
pitcher,2026,RotoWire,p_d0ebfea953424a7ec46c2eb9,s_4b0f02a5848e9f03f5294b16,K-BB%,missing_projection_metric
pitcher,2026,RotoWire,p_c4eb415b77ff8b7ebcd826e3,s_903df48c3452114e1decec98,K-BB%,missing_projection_metric
pitcher,2026,RotoWire,p_3751299442003f8a18705d67,s_5641bfed92a468abeb3f210f,K-BB%,missing_projection_metric
pitcher,2026,RotoWire,p_2760b771d5d2d52f8c0db525,s_e29248ee3c0c7f65f93467a0,K-BB%,missing_projection_metric
pitcher,2026,RotoWire,p_c1d12d935a24fbd60d6cf764,s_5d987d21cf52bafe5221dd67,K-BB%,missing_projection_metric
pitcher,2026,RotoWire,p_0e089b0f2e016b32a874b52f,s_40661569304e9e6d235aa5aa,K-BB%,missing_projection_metric
pitcher,2026,RotoWire,p_c229b53fa6e02347d49d14af,s_92a1f1638de6e45c64f25eab,K-BB%,missing_projection_metric
pitcher,2026,RotoWire,p_5aa9a1553defc70fdc9f44f6,s_0c3ae8fae4c2937f9a6a7a97,K-BB%,missing_projection_metric
pitcher,2026,RotoWire,p_99f38b09686a812eec67a07d,s_87afe2fa72b7e6dedeb56fc5,K-BB%,missing_projection_metric
pitcher,2026,RotoWire,p_7c9db6128a2d163051be00ea,s_3b96b41fd9e2148088b0c288,K-BB%,missing_projection_metric
pitcher,2026,RotoWire,p_87e0f824b432c68de2f1cdda,s_7bdb2abc30385b242b1e6dc6,K-BB%,missing_projection_metric
pitcher,2026,RotoWire,p_9d30f7fa80d5f631417ee075,s_f25bda8bdbf9dce044b98f09,K-BB%,missing_projection_metric
pitcher,2026,RotoWire,p_b780c726b42fc01482d044ea,s_c405b0c20b4e6359698228ac,K-BB%,missing_projection_metric
pitcher,2026,RotoWire,p_4418e268dc293e4c447c6546,s_834fab11eb38bf6052973750,K-BB%,missing_projection_metric
pitcher,2026,RotoWire,p_4f63322407a16b6cb9e684d5,s_0dfd2147ebf1de91bb4049f9,K-BB%,missing_projection_metric
pitcher,2026,RotoWire,p_4666c8933a6cfbcd75a49204,s_f49a29cb525ee8b5105bf239,K-BB%,missing_projection_metric
pitcher,2026,RotoWire,p_65fc75eaa7cdf02f389515d9,s_8907cc7237cc8bbfecb8d45d,K-BB%,missing_projection_metric
pitcher,2026,RotoWire,p_371a1a346ec1e2f9db0ad977,s_5b3d13e1056846fe80754a17,K-BB%,missing_projection_metric
pitcher,2026,RotoWire,p_c3cfef0ffe32dcdecf86b61f,s_548eacae98a2577c2e8ecc25,K-BB%,missing_projection_metric
pitcher,2026,RotoWire,p_27741deb9bcc7a5143466fbb,s_8e93023757fb4490770b557c,K-BB%,missing_projection_metric
pitcher,2026,RotoWire,p_a040d5160e3ed9b54434cfbb,s_b1cf44160a6db5a931afdfaa,K-BB%,missing_projection_metric
pitcher,2026,RotoWire,p_31e198d6dadb10cdd4b3261f,s_8f1280b82543642957404379,K-BB%,missing_projection_metric
pitcher,2026,RotoWire,p_fde1cb0513829d5de21b3f1e,s_42a6de7becabde90a55ad218,K-BB%,missing_projection_metric
pitcher,2026,RotoWire,p_d0cb62e3b68e340a9cdfacc2,s_ae7774bb549201c34d77e05c,K-BB%,missing_projection_metric
pitcher,2026,RotoWire,p_d67e2299a0f2997cb42780b7,s_2cdabf4aa1046a81574ca380,K-BB%,missing_projection_metric
pitcher,2026,RotoWire,p_5ab6446da06e03d88133c394,s_d8333a88bb0ba38ee61b0600,K-BB%,missing_projection_metric
pitcher,2026,RotoWire,p_1dd0b1900f0273e21e3b6bc0,s_4119bdd6c893fb622e67d966,K-BB%,missing_projection_metric
pitcher,2026,RotoWire,p_38048eea2f7c671d69ecd76b,s_36637e82852ce9266583b1cd,K-BB%,missing_projection_metric
pitcher,2026,RotoWire,p_161e5a9305eaea8fb63c7654,s_71de7fd1e8bd40c2c73f2611,K-BB%,missing_projection_metric
pitcher,2026,RotoWire,p_a6d5aaf96c6c17db57e8301a,s_5a02842895ea3a11c3fffa36,K-BB%,missing_projection_metric
pitcher,2026,RotoWire,p_7b633d9c0fd8d30fda378a1c,s_6686b82c60156c0ae0d0bbfa,K-BB%,missing_projection_metric
pitcher,2026,RotoWire,p_f7bab10a7c231ef55feda704,s_bd939012e148491941d0b364,K-BB%,missing_projection_metric
pitcher,2026,RotoWire,p_76d7ef74cfa636d8b9d155bd,s_fd3454bba7c92acb8cfe6c4f,K-BB%,missing_projection_metric
pitcher,2026,RotoWire,p_f50562cd42d6cc25aedd76e1,s_116f1b993051f4281b5f0885,K-BB%,missing_projection_metric
pitcher,2026,RotoWire,p_5988f710e101ad2973bb1376,s_8e58a0514b94aa4876615f9c,K-BB%,missing_projection_metric
pitcher,2026,RotoWire,p_f33b45e0082d9a26a8b16000,s_1d4ca3de5c0f190ad1cd9904,K-BB%,missing_projection_metric
pitcher,2026,RotoWire,p_ca0d45e796adb570fdbab1c7,s_c54989d725c39f992d847180,K-BB%,missing_projection_metric
pitcher,2026,RotoWire,p_ad235584736e2db776c9f300,s_82c549976445ec5293bd4013,K-BB%,missing_projection_metric
pitcher,2026,RotoWire,p_9085615513755fa3b7c88ed7,s_f8dee4d6a6d5b4fc6bf16c14,K-BB%,missing_projection_metric
pitcher,2026,RotoWire,p_533e1d1b9b0e042ae42a70bc,s_8f36a1e0022c964f31c91f6c,K-BB%,missing_projection_metric
pitcher,2026,RotoWire,p_6bd9055b9b59370a6fc21176,s_38cb4d4248701e7a6ce03c04,K-BB%,missing_projection_metric
pitcher,2026,RotoWire,p_1142060f4e1e790850d30e59,s_e3055325e6d4d537bb5e9944,K-BB%,missing_projection_metric
pitcher,2026,RotoWire,p_dae721ae0af6fe067aae9fe3,s_db565252059663c6bffa179c,K-BB%,missing_projection_metric
pitcher,2026,RotoWire,p_922ce00ab6c0df908faed3ae,s_ef97b59aeed2b866edf74fc1,K-BB%,missing_projection_metric
pitcher,2026,RotoWire,p_337ef551541514c24ce1c46c,s_229979b7e30905a88660d96c,K-BB%,missing_projection_metric
pitcher,2026,RotoWire,p_30abefb7f554a01f12b64dc7,s_fc49ffe12ccb4971dd49b87c,K-BB%,missing_projection_metric
pitcher,2026,RotoWire,p_4e095ac42b4a01d1fdf29e14,s_c1ff9537b3916f96e21da196,K-BB%,missing_projection_metric
pitcher,2026,RotoWire,p_ca0da33a70c68f592795f426,s_92ec7236f3bdeff13bd44080,K-BB%,missing_projection_metric
pitcher,2026,RotoWire,p_35ac1581cac235bb1668f22a,s_d36b2e4d860586127be89fd8,K-BB%,missing_projection_metric
pitcher,2026,RotoWire,p_e4a10c7f007942d7d013ffa8,s_cf43669aca51ad8bb46a7ad1,K-BB%,missing_projection_metric
pitcher,2026,RotoWire,p_f1199c5e49b77b823fde65db,s_143519ffbff4d224a199b05c,K-BB%,missing_projection_metric
pitcher,2026,RotoWire,p_2d89951f468f9685aecc45ef,s_03122fe5dd8adcaf8d77c768,K-BB%,missing_projection_metric
pitcher,2026,RotoWire,p_f6c81be67460a702270428c3,s_af291b754a869e280b9c2b8e,K-BB%,missing_projection_metric
pitcher,2026,RotoWire,p_05f3918b6278bcd6d3856315,s_df9b30f4a30507058f649de3,K-BB%,missing_projection_metric
pitcher,2026,RotoWire,p_bc1f7345b1d67fbf1e7c9f68,s_4e9fd06a26e71e911e735224,K-BB%,missing_projection_metric
pitcher,2026,RotoWire,p_5fc4cd4565230611a892c103,s_715fa66e6dfd8383030a4599,K-BB%,missing_projection_metric
pitcher,2026,RotoWire,p_c564f60ca570a42cae848b9d,s_187fde3f46b3d79e19312456,K-BB%,missing_projection_metric
pitcher,2026,RotoWire,p_4b42caae2c74a4d78fc1d2c5,s_5a02da658098d16ade5abcfa,K-BB%,missing_projection_metric
pitcher,2026,RotoWire,p_8b93ec63be6ec0ab8c535e69,s_0518026017a1f141d269059b,K-BB%,missing_projection_metric
pitcher,2026,RotoWire,p_23ad51a9725fb7e2007c6f4a,s_a90769eb9d65f184dc3ba662,K-BB%,missing_projection_metric
pitcher,2026,RotoWire,p_e0d80b0ade89ca191c7c7e55,s_e14d447b381f1e1b02d397af,K-BB%,missing_projection_metric
pitcher,2026,RotoWire,p_93b79e92d76fa2af9c41c2cb,s_f3964a3b926efc08eaa079e7,K-BB%,missing_projection_metric
pitcher,2026,RotoWire,p_574ecbd5a49e1ed6c42b24dc,s_15412145a00613abe84e86db,K-BB%,missing_projection_metric
pitcher,2026,RotoWire,p_dedb29c4c8c6ce892139f533,s_df57e2dc4776985c74b9ce97,K-BB%,missing_projection_metric
pitcher,2026,RotoWire,p_0876ad8121b608233facdf46,s_7236fb6735a8e63e3af6edf1,K-BB%,missing_projection_metric
pitcher,2026,RotoWire,p_d445cfc4cbcbaa36bc71236d,s_f633dd566d881d2b933d6b51,K-BB%,missing_projection_metric
pitcher,2026,RotoWire,p_8b9cb10f6657921d3c1ea1a2,s_2d1cd2cafa217d36a804386f,K-BB%,missing_projection_metric
pitcher,2026,RotoWire,p_c09cf00381457e60dd0c837e,s_78f62445549e2eb76f41cac4,K-BB%,missing_projection_metric
pitcher,2026,RotoWire,p_79db076d96a757be408fc0b5,s_02e73efe89ad262325e8dfaa,FIP,missing_projection_metric
pitcher,2026,RotoWire,p_71d09db50c9a74cdff2daaa6,s_614802de35e345fb7ede0dda,FIP,missing_projection_metric
pitcher,2026,RotoWire,p_fe8cab313ac88ec19b9d2fd5,s_20ee2b13a3927aaf89b8a0f2,FIP,missing_projection_metric
pitcher,2026,RotoWire,p_70c49bf0f0626ec80e6293cd,s_1ca8ae9daf345f13f08be96c,FIP,missing_projection_metric
pitcher,2026,RotoWire,p_7f3c31a904c074d502da70d5,s_66635d895980ec6ac7e9c95d,FIP,missing_projection_metric
pitcher,2026,RotoWire,p_076050d971510ecbad0e9fc2,s_796e0cb433f95b4700dc1cb3,FIP,missing_projection_metric
pitcher,2026,RotoWire,p_0dc12b093f01fa4ff1998e35,s_52a8f78e72cffe623c4beaec,FIP,missing_projection_metric
pitcher,2026,RotoWire,p_b64f0bdc08dbeb2bf1f233f1,s_52c78ceb5d9d23c55918a01f,FIP,missing_projection_metric
pitcher,2026,RotoWire,p_5e15cd85b86d4f7d8a3917f1,s_e06a5474d27445ec072d0359,FIP,missing_projection_metric
pitcher,2026,RotoWire,p_c77633fc44aa9ab70e90b313,s_e99e7ffd1bd3cafb2fda6e44,FIP,missing_projection_metric
pitcher,2026,RotoWire,p_7a0f54bccb8bb17435ba889a,s_a0393aa3cb0d4c07fdc452ba,FIP,missing_projection_metric
pitcher,2026,RotoWire,p_a8c6e164b8c9d48c0a076f2c,s_7f244160368a805400e14a62,FIP,missing_projection_metric
pitcher,2026,RotoWire,p_961f6e00dd2d95905acb6d7f,s_fbd426f38b7a98cbd6fd9fc2,FIP,missing_projection_metric
pitcher,2026,RotoWire,p_7837da98084befe7500c0de1,s_e33f1987f1f370fba5e8b6f1,FIP,missing_projection_metric
pitcher,2026,RotoWire,p_47ed758dc936cd8e92d1d3fb,s_ad2c9cd6d2a4b7af156273fe,FIP,missing_projection_metric
pitcher,2026,RotoWire,p_ab80696a06cabb94d0590e17,s_34aad421bfe6fbfaff97283d,FIP,missing_projection_metric
pitcher,2026,RotoWire,p_d37981ebca7896eb8c5d5e08,s_ad008f879e465fc7added602,FIP,missing_projection_metric
pitcher,2026,RotoWire,p_8349a663da3750fe77506964,s_09e8532c1e4f4ac4fe7ab5ad,FIP,missing_projection_metric
pitcher,2026,RotoWire,p_6660c34756e8e079063c8590,s_f7b7cb1405b211e04f7fbc12,FIP,missing_projection_metric
pitcher,2026,RotoWire,p_3a56b40b2c57dca6ae8cf58e,s_7f9591b058fdd1db884ec9b4,FIP,missing_projection_metric
pitcher,2026,RotoWire,p_1c8acb186b9d936cb16ba8c8,s_524eb687adb4e4f3c7208d75,FIP,missing_projection_metric
pitcher,2026,RotoWire,p_8cb9b18f097241aaca305ef9,s_ad4a6ec31c7ee36215220d40,FIP,missing_projection_metric
pitcher,2026,RotoWire,p_30de042ebbb0b98c455a5266,s_17d5978d0e70f0d886c4d08c,FIP,missing_projection_metric
pitcher,2026,RotoWire,p_28abf5cc48d77ded7411a157,s_ced59eb3acfa93540d7dda19,FIP,missing_projection_metric
pitcher,2026,RotoWire,p_cf9fa37e74c0fa0c64a54b23,s_c77a1898a876049f00b4004e,FIP,missing_projection_metric
pitcher,2026,RotoWire,p_000215aa0a15c0d7ca6d5492,s_e640bc8bd3c8454846755b00,FIP,missing_projection_metric
pitcher,2026,RotoWire,p_ce0a7b766c90514f3d557d6b,s_05af1499743ad27ac3f9de42,FIP,missing_projection_metric
pitcher,2026,RotoWire,p_d931f098ccb7246a53c02b23,s_58ee4d655966670a532d22d5,FIP,missing_projection_metric
pitcher,2026,RotoWire,p_14ae2075371d15014297c7ae,s_2945d8db294971bc58dc7928,FIP,missing_projection_metric
pitcher,2026,RotoWire,p_e57a7daba23968e0156d47d8,s_9f0b3f3e9149946c020e1b84,FIP,missing_projection_metric
pitcher,2026,RotoWire,p_f8207c80dd8d374f9e4cc152,s_4b83386ab430086495361d6f,FIP,missing_projection_metric
pitcher,2026,RotoWire,p_e333710884baecb1ae5dba0f,s_7d08a9b76af5b8f0b8448821,FIP,missing_projection_metric
pitcher,2026,RotoWire,p_67c782a89ca0d0934cb67da0,s_1f69d8750d3f7ba8256d97ee,FIP,missing_projection_metric
pitcher,2026,RotoWire,p_05b053aef1fe89fcd847726e,s_562775cf25cd3f31f8e59c34,FIP,missing_projection_metric
pitcher,2026,RotoWire,p_5c31828b78f7ebd5a1f567ea,s_1738f243cfb1a99899c2a7dc,FIP,missing_projection_metric
pitcher,2026,RotoWire,p_dae655bcb2a707499b8da77f,s_4ae5c13d3dec7187155fae83,FIP,missing_projection_metric
pitcher,2026,RotoWire,p_a55e1314437f703697888e9a,s_f58c4f95ff890a6b6b20d0b8,FIP,missing_projection_metric
pitcher,2026,RotoWire,p_bad965b08abad35f7f072927,s_41bba3a6a43b0537bb54e299,FIP,missing_projection_metric
pitcher,2026,RotoWire,p_7f60fe780813d2e2f804a47f,s_4ced7b9890859c8d08fb63b1,FIP,missing_projection_metric
pitcher,2026,RotoWire,p_f732808de15e4b6e01ed6e5e,s_616ef2c9ccaaeabb97487640,FIP,missing_projection_metric
pitcher,2026,RotoWire,p_a88afe1f0743c6b59b5fa48c,s_84bef2c1e7861ff427632396,FIP,missing_projection_metric
pitcher,2026,RotoWire,p_fac8fe6d0d4a7a73a2dc5d0b,s_12013fb886c3b5b3a867a185,FIP,missing_projection_metric
pitcher,2026,RotoWire,p_4946d0fafc0d0ae33e1e930e,s_23594cd3339f56e30480cd45,FIP,missing_projection_metric
pitcher,2026,RotoWire,p_45af90dea0a15679463264ff,s_70e54aa9970aa17262b01623,FIP,missing_projection_metric
pitcher,2026,RotoWire,p_cc3893db1d216499b15a96b7,s_86c270b67e17b539dc6bcf96,FIP,missing_projection_metric
pitcher,2026,RotoWire,p_10a3e264d0d762f0a6116bf0,s_0d7a85627da562938036f05a,FIP,missing_projection_metric
pitcher,2026,RotoWire,p_69bf94efbaeb173840b3fe59,s_603a7fa637a85021fd2334bf,FIP,missing_projection_metric
pitcher,2026,RotoWire,p_20cfc1ed708ec62614a8be4a,s_e9f44b929da6498d83f1e4b0,FIP,missing_projection_metric
pitcher,2026,RotoWire,p_5e4be1b675696e14d59387d7,s_569a4ab274f1c1ffc0aac1bf,FIP,missing_projection_metric
pitcher,2026,RotoWire,p_bc5886f85f668aec59f650a3,s_20a9db26a02c74fd697d0b28,FIP,missing_projection_metric
pitcher,2026,RotoWire,p_c5b82d72e1ce8ed1000e8ca9,s_7aed22939a32c3a2bf7c9dbb,FIP,missing_projection_metric
pitcher,2026,RotoWire,p_b43c67aae95620f8ae32f063,s_22d6db56ca20ecfbab1e3dbb,FIP,missing_projection_metric
pitcher,2026,RotoWire,p_78a8db997f51090cfa594d12,s_b54fe9d62534073c2f494b32,FIP,missing_projection_metric
pitcher,2026,RotoWire,p_56f8cacbf95fa9e9ccd5f037,s_ccdf7d168096c840b25ca2f5,FIP,missing_projection_metric
pitcher,2026,RotoWire,p_2cd1bbdbc7d02b4f5c0e4a81,s_e1f52ec2819f17b068323800,FIP,missing_projection_metric
pitcher,2026,RotoWire,p_07394d99dcbd9729eb1c244b,s_17f2ef6270a28339bb189ba1,FIP,missing_projection_metric
pitcher,2026,RotoWire,p_17e93d5e2f0eff121bd2e922,s_4ea0e8ba5ebb276a47a29537,FIP,missing_projection_metric
pitcher,2026,RotoWire,p_05853e333f5ea183e286e9f3,s_c2983ea9e81c1508c6099caa,FIP,missing_projection_metric
pitcher,2026,RotoWire,p_f291c89c85ccbcc1a5b86d36,s_f096a15291b2715045f8289b,FIP,missing_projection_metric
pitcher,2026,RotoWire,p_9d536cb354f545a79cf263ad,s_5e7a22ab833cad21b60282e5,FIP,missing_projection_metric
pitcher,2026,RotoWire,p_19dec057e552049568aaec59,s_a69ed7ac9bdf1e86f70e84f9,FIP,missing_projection_metric
pitcher,2026,RotoWire,p_ab201d9f00a18e2a1bcb84f8,s_3e72fa6e0785b6b8645834f6,FIP,missing_projection_metric
pitcher,2026,RotoWire,p_af8228da2186a3c55a0c0647,s_aae2bcd9d96ff918fe948e2a,FIP,missing_projection_metric
pitcher,2026,RotoWire,p_dccf73052bae55c71948ac4c,s_3219ee8482f2f624dc4ec859,FIP,missing_projection_metric
pitcher,2026,RotoWire,p_e6f97a8200763e284decf5ae,s_6bdd30c677b24b708db0e278,FIP,missing_projection_metric
pitcher,2026,RotoWire,p_fdcc3c57fc1404d67ef4d33f,s_dedfd054be4ff6c3c5938dd2,FIP,missing_projection_metric
pitcher,2026,RotoWire,p_97392f4b9a9bcd3580abacfa,s_eb8229b948d02b6f80bcf1cf,FIP,missing_projection_metric
pitcher,2026,RotoWire,p_081253e7d079edbb13e4e0de,s_65a0c6f3512d068c8ebbc923,FIP,missing_projection_metric
pitcher,2026,RotoWire,p_61fb48d2e73aa7850e1737bd,s_a3cd36cc4d8cf2cf829bf81a,FIP,missing_projection_metric
pitcher,2026,RotoWire,p_2b11176e1209a4155291382a,s_036c5aea09ea8e4d4d8832aa,FIP,missing_projection_metric
pitcher,2026,RotoWire,p_b2fab903e6ffc323ace73400,s_f8b373e56d8fbca3810dcb90,FIP,missing_projection_metric
pitcher,2026,RotoWire,p_24a22b256217bda128f194b7,s_9f06f3eaed258dfb1a93e3f0,FIP,missing_projection_metric
pitcher,2026,RotoWire,p_b70c49459235c52b0d564237,s_5a568f574297c4ff5b76319a,FIP,missing_projection_metric
pitcher,2026,RotoWire,p_6cb3547deca91d83694527f9,s_31fabd9729215a9949003c77,FIP,missing_projection_metric
pitcher,2026,RotoWire,p_e596c20f3f965f74f208c29f,s_8328e2b71b4ee86fe3a2f3f4,FIP,missing_projection_metric
pitcher,2026,RotoWire,p_481d55069fc331213e830346,s_8b4be7a0ecc307bc3fa75358,FIP,missing_projection_metric
pitcher,2026,RotoWire,p_fde48aca5839877a629d3e92,s_5c7331f17b7b63e2e03d11df,FIP,missing_projection_metric
pitcher,2026,RotoWire,p_5e4a0f72ee5813838f4aff38,s_067ff7ec56f29a45f041acb9,FIP,missing_projection_metric
pitcher,2026,RotoWire,p_80b914cf66fe72410163fff3,s_9cdbd8af6d471af0399a1fcd,FIP,missing_projection_metric
pitcher,2026,RotoWire,p_16e4efe96d962f1312ff2ed5,s_a17377923fa84851e0ea0064,FIP,missing_projection_metric
pitcher,2026,RotoWire,p_1d309b98d8a85dce0f5ce922,s_dda28f951ebc4c3d20388033,FIP,missing_projection_metric
pitcher,2026,RotoWire,p_31b06a37157510ce6f137ea5,s_23a075b1781e644b664395e1,FIP,missing_projection_metric
pitcher,2026,RotoWire,p_41d77fd79c69b4fb06385e5c,s_a6dbf0caee5440ae6d54a731,FIP,missing_projection_metric
pitcher,2026,RotoWire,p_5d461229c4f3a1d894c1ef5b,s_a3d91b35925836f0030d069b,FIP,missing_projection_metric
pitcher,2026,RotoWire,p_29e3a8fc6ea52a0f2a8c07d7,s_56f3548c202df799cede6dd5,FIP,missing_projection_metric
pitcher,2026,RotoWire,p_b25d93daecd6b8c40be76364,s_08938cb1e2bd51545c9ae8ae,FIP,missing_projection_metric
pitcher,2026,RotoWire,p_1e13703553ee4e761b93a8d2,s_1ddd04d3fc7b7cbd69c573ce,FIP,missing_projection_metric
pitcher,2026,RotoWire,p_7c8aefd139986ac3072d388d,s_6281ffe87331df956d90942a,FIP,missing_projection_metric
pitcher,2026,RotoWire,p_41722893e1c4663095c86715,s_bf91f90f1033a36d841735dd,FIP,missing_projection_metric
pitcher,2026,RotoWire,p_71ab6c91e583b9c4b88368c8,s_698cac4bee7738b7d497b9cc,FIP,missing_projection_metric
pitcher,2026,RotoWire,p_79c8921830ad0b38d9102933,s_75d4baa0e78ba48f8ad5a854,FIP,missing_projection_metric
pitcher,2026,RotoWire,p_132c5c809400e7c9829c64f8,s_b2e18d452a15a3f9f5c92db1,FIP,missing_projection_metric
pitcher,2026,RotoWire,p_ed117e6d08f801679bab8315,s_a6be2f4e494d49dc1c0ef7a6,FIP,missing_projection_metric
pitcher,2026,RotoWire,p_7b181bc3135686a422e14ce5,s_89a4d8a46c2532371b238053,FIP,missing_projection_metric
pitcher,2026,RotoWire,p_bdacaf18408f4db91a1d636e,s_f0ae22590feb1167596ad39b,FIP,missing_projection_metric
pitcher,2026,RotoWire,p_7c02936ac6ca07e9b01cbaf4,s_cf11914bd152b9d9f461ea08,FIP,missing_projection_metric
pitcher,2026,RotoWire,p_28bb786af5098edc9010594c,s_c18134503823c04064fc3ff8,FIP,missing_projection_metric
pitcher,2026,RotoWire,p_a22a4d8b57e5468ad3a65d76,s_bdfe575a8f03acc401a8123c,FIP,missing_projection_metric
pitcher,2026,RotoWire,p_6a42955399901b3739b52d45,s_50b8bc6751c5093241089ca6,FIP,missing_projection_metric
pitcher,2026,RotoWire,p_b089c61cefb15acef80e4522,s_2e9063597ffcdcad42b10efa,FIP,missing_projection_metric
pitcher,2026,RotoWire,p_2dcfce41c52f17e2ea97a04c,s_c0943b9905e238779697b5dc,FIP,missing_projection_metric
pitcher,2026,RotoWire,p_a67d7439eaa5a301707a0a3a,s_591c26d378ad73e95af715cd,FIP,missing_projection_metric
pitcher,2026,RotoWire,p_d414670609afdbe251cf99be,s_c42855b7de7177fb727fb7e3,FIP,missing_projection_metric
pitcher,2026,RotoWire,p_1af5dd31a0e578895fc78c7a,s_f183b8441ccd7236312f3495,FIP,missing_projection_metric
pitcher,2026,RotoWire,p_3f22e91a73d176ec1adc71e5,s_7d857c8b61a49b06d77bc3a8,FIP,missing_projection_metric
pitcher,2026,RotoWire,p_36b9e4f3c1486512b790c92a,s_a73483fc2d124c4a09e99795,FIP,missing_projection_metric
pitcher,2026,RotoWire,p_bbe0b0144e2190d075a1534d,s_5157500c6e2ba6c70bb5b04b,FIP,missing_projection_metric
pitcher,2026,RotoWire,p_3d0062533d192d85478f4c10,s_77a62d6a51cfcb12763cec3f,FIP,missing_projection_metric
pitcher,2026,RotoWire,p_b0e54ab450830f76f778c92d,s_2c8e1611ddf4dcf1f5ec772f,FIP,missing_projection_metric
pitcher,2026,RotoWire,p_1842c09e90dd4df6bc699fe5,s_dcbcc705bfca6b8aa3327cbf,FIP,missing_projection_metric
pitcher,2026,RotoWire,p_cd588d51b00463d2fafe77cc,s_bdafbc46a4d523d5f809cd46,FIP,missing_projection_metric
pitcher,2026,RotoWire,p_0d3da1fa979ed07af5004686,s_e185f1ad7e3651df58d43f9d,FIP,missing_projection_metric
pitcher,2026,RotoWire,p_fdea2ad4794d12911ab12ec2,s_0f7c97601be907424af919ac,FIP,missing_projection_metric
pitcher,2026,RotoWire,p_2c23e59d57f37af52a2c0170,s_5697470dc73097764a390fd8,FIP,missing_projection_metric
pitcher,2026,RotoWire,p_b6c41e8a47dd22519ed59712,s_a90254f322b7431d70ae4057,FIP,missing_projection_metric
pitcher,2026,RotoWire,p_716e1d0491d0acf637acf49d,s_c4cce9240189d044dd3329e7,FIP,missing_projection_metric
pitcher,2026,RotoWire,p_ce2c49b4be7d2bce7223a6a0,s_0d3b439462823eb7e399fd3e,FIP,missing_projection_metric
pitcher,2026,RotoWire,p_2d5fe2afb55076421b84c2d7,s_398c3f61db847db934f6b270,FIP,missing_projection_metric
pitcher,2026,RotoWire,p_442f67b0e6c767028dd31107,s_c83002c2f99332d5425bbd12,FIP,missing_projection_metric
pitcher,2026,RotoWire,p_583ce1d38f5dfec0877a25c3,s_b5777ad9f2ec12bc72570ccb,FIP,missing_projection_metric
pitcher,2026,RotoWire,p_2269ea2145532d73c89362b1,s_fc62eb5ed0edf0b71c81610f,FIP,missing_projection_metric
pitcher,2026,RotoWire,p_230ac4acbb3108f710292706,s_342bc20cae260e3cc3a2e0ae,FIP,missing_projection_metric
pitcher,2026,RotoWire,p_d102f410880190d0edf406b6,s_8666beaad3ad1f0ac5e85d72,FIP,missing_projection_metric
pitcher,2026,RotoWire,p_da8308c5e24e6b959b553489,s_6304808ac13dd00744470a58,FIP,missing_projection_metric
pitcher,2026,RotoWire,p_6d4ae8b0d7f537ca8fbfe71e,s_8b4a8134fb13d9aafc6a4da6,FIP,missing_projection_metric
pitcher,2026,RotoWire,p_f468eeff6fef7a47f63cd456,s_09cc96f415ecf4501e3aa097,FIP,missing_projection_metric
pitcher,2026,RotoWire,p_3a5340479fb9d5d45f5e9e64,s_2cd92837f0e92867470a70a6,FIP,missing_projection_metric
pitcher,2026,RotoWire,p_e34cbeb141d24f4faface8ac,s_71b56212edfebcad3a8c54b9,FIP,missing_projection_metric
pitcher,2026,RotoWire,p_969b0d48692c2520e3a6ca51,s_0662c51630d77110d38e7748,FIP,missing_projection_metric
pitcher,2026,RotoWire,p_d7a6a481b2c8156315936897,s_82f9218259ded6fa2112f2ae,FIP,missing_projection_metric
pitcher,2026,RotoWire,p_fae8649ac857a8babf1bdca8,s_028c0d6cd2dd3953de7d9837,FIP,missing_projection_metric
pitcher,2026,RotoWire,p_6cb98ada7d3e5f6be65307b2,s_d5d4d62889977950f37ee8b4,FIP,missing_projection_metric
pitcher,2026,RotoWire,p_0738eee4fb6a62334e2dc6a6,s_85ec860c4050835b36b71df5,FIP,missing_projection_metric
pitcher,2026,RotoWire,p_eccd2ebd3c9871f883165c10,s_5f57d1ed50b0d3d9923bcc69,FIP,missing_projection_metric
pitcher,2026,RotoWire,p_a4292d6ed24cf3d214692278,s_df44c62956c5f598e38205f0,FIP,missing_projection_metric
pitcher,2026,RotoWire,p_3830026e4827f3c798c92493,s_da20a86bb54e62c1d83a4367,FIP,missing_projection_metric
pitcher,2026,RotoWire,p_ba2387323b64d5ebd5d849ac,s_e7597dd07e0f1d8da59a3400,FIP,missing_projection_metric
pitcher,2026,RotoWire,p_8d015290d706bfda018cbc6c,s_d0ce00300f20ec1a25e6e5c4,FIP,missing_projection_metric
pitcher,2026,RotoWire,p_fd76b24f9ee996f781b69c33,s_045f549c48c01e18f685b98f,FIP,missing_projection_metric
pitcher,2026,RotoWire,p_8a63344ccf2319f6266b3f1f,s_d45866520b5834dc3f5f1f83,FIP,missing_projection_metric
pitcher,2026,RotoWire,p_e701ea2611f379ba863599b0,s_5c7f2d626f97b1de990bebb8,FIP,missing_projection_metric
pitcher,2026,RotoWire,p_33ae34742e696d8f84d174a1,s_9d8113acdd23bed9a0f6adbc,FIP,missing_projection_metric
pitcher,2026,RotoWire,p_983985938701c89b957bf280,s_211419391970d8b1d0144d40,FIP,missing_projection_metric
pitcher,2026,RotoWire,p_833ff8e8d015c9ecd8ab1e4a,s_60e93d044ce76321b8243383,FIP,missing_projection_metric
pitcher,2026,RotoWire,p_1495f8ede09487e68eb6132f,s_6b0133ab90086aca833e5eaf,FIP,missing_projection_metric
pitcher,2026,RotoWire,p_712ae68dc57df5d305f2eced,s_9222565f90bb5eafa12ad508,FIP,missing_projection_metric
pitcher,2026,RotoWire,p_c64d1a71e8b698a4cf973c7e,s_21308c26e641cb31d76ae9cc,FIP,missing_projection_metric
pitcher,2026,RotoWire,p_6195a4077f4c42e4300606dc,s_fb661d7389529e74f0035106,FIP,missing_projection_metric
pitcher,2026,RotoWire,p_b7e27b68ebd83bc6a468e72b,s_be63c50f73c8ff6661170b58,FIP,missing_projection_metric
pitcher,2026,RotoWire,p_d90668f2da110f1ef8a9f695,s_3591de3176081ab38e550c8a,FIP,missing_projection_metric
pitcher,2026,RotoWire,p_0656788e350d8a313901326d,s_69aa5aad97e53e41f94c1789,FIP,missing_projection_metric
pitcher,2026,RotoWire,p_7baf8732d9a598c647856252,s_0c2b492e7d497799171ea7f1,FIP,missing_projection_metric
pitcher,2026,RotoWire,p_036ba95158dbe1470dd58b5d,s_8a0abeccb9f873766e423e83,FIP,missing_projection_metric
pitcher,2026,RotoWire,p_6b060d3dfdf334d2e513ce27,s_ae941874ac1912f4350685bd,FIP,missing_projection_metric
pitcher,2026,RotoWire,p_a43389757236b20e3141d27c,s_72b0c2ef519efb4514c239b6,FIP,missing_projection_metric
pitcher,2026,RotoWire,p_86bbc8fa57931321ecdf298d,s_e41dd40cfe43684375e3898f,FIP,missing_projection_metric
pitcher,2026,RotoWire,p_9f3a80089b3361cb0cbce43f,s_8aed51ea81aacdcbdf8c00d4,FIP,missing_projection_metric
pitcher,2026,RotoWire,p_ad78ce5032f69f100e3afe02,s_e837ffd18c02be5e23bb959c,FIP,missing_projection_metric
pitcher,2026,RotoWire,p_20593f1b2a54d619214da9e6,s_eb06e57bd5e815759f05e53c,FIP,missing_projection_metric
pitcher,2026,RotoWire,p_243c60d01118f80fce959797,s_3a18cc93ab30b64eb1cbdc46,FIP,missing_projection_metric
pitcher,2026,RotoWire,p_6a5ad9cf8a12ffa4c0cfffae,s_f3b9ef45454b231ba60b9dca,FIP,missing_projection_metric
pitcher,2026,RotoWire,p_f423bf407dac7dca6759a07b,s_c2ef29318fa8b384f2fae2d4,FIP,missing_projection_metric
pitcher,2026,RotoWire,p_4d31d759d710f8357e79536b,s_7c265a1f04c8d1ff2fb0dcc1,FIP,missing_projection_metric
pitcher,2026,RotoWire,p_2553085f66061508335f3fb1,s_d46240b83594205e73a80ee8,FIP,missing_projection_metric
pitcher,2026,RotoWire,p_08c841183887e159fb3b9131,s_af85b36fafc81172db80c3be,FIP,missing_projection_metric
pitcher,2026,RotoWire,p_1046da07b999ebe851bcced8,s_c3400b9286dccded1d6bd5b1,FIP,missing_projection_metric
pitcher,2026,RotoWire,p_dba406ee26bfb7503c1bf27d,s_6100d708654d437b72f780fb,FIP,missing_projection_metric
pitcher,2026,RotoWire,p_b3fd9a51515080534ee8cdc9,s_f350d4c57cc60cb9ee10371d,FIP,missing_projection_metric
pitcher,2026,RotoWire,p_607b4432d07e4a7dfc0a7e67,s_ae784347c299600214f4d6ea,FIP,missing_projection_metric
pitcher,2026,RotoWire,p_e65f6476452ef1c2469ceb29,s_b3c1dedcbd9dd3fd85aa19e3,FIP,missing_projection_metric
pitcher,2026,RotoWire,p_2f8502e30665a12d3037adfa,s_113b16c1a8e292bbb3c799f2,FIP,missing_projection_metric
pitcher,2026,RotoWire,p_dc952cf10742e3abc77f91bf,s_16a4f2dc7800547f70b65523,FIP,missing_projection_metric
pitcher,2026,RotoWire,p_62360b5de96d90bc68e17dd9,s_b305bd7c53ab81f13c1c912e,FIP,missing_projection_metric
pitcher,2026,RotoWire,p_c7e08145000aa38e16a0f7fc,s_038b937bebcb3941c080f59c,FIP,missing_projection_metric
pitcher,2026,RotoWire,p_f2af4380a6d1108c9d507592,s_404b29b162dd302cc29e0f43,FIP,missing_projection_metric
pitcher,2026,RotoWire,p_1821549cff26dbba5d4aca04,s_b15f1f5f5767cd47ef9f46fc,FIP,missing_projection_metric
pitcher,2026,RotoWire,p_a0394efcc7f08bfbcaf82819,s_a4e2aa1108c24912c764ab83,FIP,missing_projection_metric
pitcher,2026,RotoWire,p_2f79f472a978afdd718437e0,s_dcee8773c97bac3eaf4ae3e4,FIP,missing_projection_metric
pitcher,2026,RotoWire,p_6812838b39eb2c709ed072fd,s_fc3128ea970344d60bcc6a9b,FIP,missing_projection_metric
pitcher,2026,RotoWire,p_543d7c89d0a82ee568c8f70d,s_ae792e964b1c67ccc4dea181,FIP,missing_projection_metric
pitcher,2026,RotoWire,p_c2f429582365b8384125cb6a,s_55c7e983497bcfd06e5e0a2c,FIP,missing_projection_metric
pitcher,2026,RotoWire,p_0e56dc24388067d6adf8d91b,s_c82a6bbeb3d4a638908852d7,FIP,missing_projection_metric
pitcher,2026,RotoWire,p_8961924234b18a32fc5f7a2c,s_f68640ccad2041e242b29f09,FIP,missing_projection_metric
pitcher,2026,RotoWire,p_d0ae9150ea080d20bd5ec95d,s_82b1bfc3706b57e69ccc66f3,FIP,missing_projection_metric
pitcher,2026,RotoWire,p_d9c64dd40ed1ff65a53e6228,s_751de3332f53fb67db97fd65,FIP,missing_projection_metric
pitcher,2026,RotoWire,p_ec38b20b6fea67297fb8b7e9,s_e6ccdcafe03697ed83c3f667,FIP,missing_projection_metric
pitcher,2026,RotoWire,p_fd293a60557159fc55b19a14,s_17c017336be777d6f7bd52fa,FIP,missing_projection_metric
pitcher,2026,RotoWire,p_b8cb9339000eda49122a846d,s_e7d06d8895035094a72ee3f0,FIP,missing_projection_metric
pitcher,2026,RotoWire,p_889ef298862822ad30619dee,s_74392b3536cab0d3639e5b53,FIP,missing_projection_metric
pitcher,2026,RotoWire,p_f6d0db5ece194fe2beb1ec11,s_d6b37a50adcb95aa5c0edefb,FIP,missing_projection_metric
pitcher,2026,RotoWire,p_ba6bc0de0ca86615bd2bdedc,s_676cb05c07bcc30e91eb692c,FIP,missing_projection_metric
pitcher,2026,RotoWire,p_7f98fc5309c4bebcdf90b1ee,s_87e175102226c69f05792cb4,FIP,missing_projection_metric
pitcher,2026,RotoWire,p_99936a0709128a5b98222b47,s_3bb81993e0fa94307a55f0d3,FIP,missing_projection_metric
pitcher,2026,RotoWire,p_a2d71b7fb136048f257feacb,s_9b231aab3c071369d47d6aa1,FIP,missing_projection_metric
pitcher,2026,RotoWire,p_6e405786ba3c4c7b03295e6c,s_ff6e0fb946fa9cfd93308244,FIP,missing_projection_metric
pitcher,2026,RotoWire,p_f70df816fb2af92723c3bf45,s_e8eb19c3b70c6096d7c7d67e,FIP,missing_projection_metric
pitcher,2026,RotoWire,p_57926ad8504ce0a902b32f60,s_8a41497965fdbc1e478408bc,FIP,missing_projection_metric
pitcher,2026,RotoWire,p_4d320f12f7ed1ac1d64a8564,s_bb8efbc54ac4da39df06b9db,FIP,missing_projection_metric
pitcher,2026,RotoWire,p_c9c4b9c76960c47b342a00fe,s_9ed8ffe1dcea97647aacace3,FIP,missing_projection_metric
pitcher,2026,RotoWire,p_2d552f16a226676cfbe73c4b,s_0dbf2dfbdb2b739c681071d6,FIP,missing_projection_metric
pitcher,2026,RotoWire,p_2b6dc032a155f10c90f5d066,s_1ed09da81190098daa437aeb,FIP,missing_projection_metric
pitcher,2026,RotoWire,p_eb64217a110853bbd2776488,s_7756b14a2c726c3ccd7d4035,FIP,missing_projection_metric
pitcher,2026,RotoWire,p_e53dd34ff1049b4cdddde3b2,s_3527fd472cfeb6eb12e052d9,FIP,missing_projection_metric
pitcher,2026,RotoWire,p_67fd9d9af5f906af95676a62,s_605fed54b903a6fa29aaf809,FIP,missing_projection_metric
pitcher,2026,RotoWire,p_fbcb5bbe88ef2a2cc64ce3bd,s_b123b2e61e113540d53980fd,FIP,missing_projection_metric
pitcher,2026,RotoWire,p_bf86f5798c2e549b7fb30ee2,s_2a519d8c6bc98a6265df0750,FIP,missing_projection_metric
pitcher,2026,RotoWire,p_7e64b52cb46e4cbbb3f33766,s_d86b607dda8bc443db5be938,FIP,missing_projection_metric
pitcher,2026,RotoWire,p_12ca2be8b434327cb415d7c5,s_cd978a3f34d68e6fa9dc28de,FIP,missing_projection_metric
pitcher,2026,RotoWire,p_f3591f0057a7a2816bc6c347,s_d528ab90c61131d5135f949f,FIP,missing_projection_metric
pitcher,2026,RotoWire,p_94d21693ba45c52946454a20,s_1dad8d2293d9708902dd6459,FIP,missing_projection_metric
pitcher,2026,RotoWire,p_f59021dc23b8ddcf8911efd0,s_ee8c763c1398adfd38e9636e,FIP,missing_projection_metric
pitcher,2026,RotoWire,p_4fab0891227489fe7e84e153,s_37bca59eab36f2d7dc4d83b0,FIP,missing_projection_metric
pitcher,2026,RotoWire,p_f092d568b762f9e2d2d576ac,s_fb8deb25ee0333238a60447f,FIP,missing_projection_metric
pitcher,2026,RotoWire,p_69ae3692f4863f1abb5c3bb9,s_bb130d2e8768d4a1a9d71176,FIP,missing_projection_metric
pitcher,2026,RotoWire,p_140d15342bf054cc6bef835d,s_26549a153ce622f24dd82e2a,FIP,missing_projection_metric
pitcher,2026,RotoWire,p_e56f6708129dc98e3650a30b,s_74952806c4fd86a22a970001,FIP,missing_projection_metric
pitcher,2026,RotoWire,p_be418d076834b45c8048ba6d,s_8dd5cf374b57e67801711b2d,FIP,missing_projection_metric
pitcher,2026,RotoWire,p_d0fba3de9f79f83a683ff425,s_0eda4928e8df20b116bb6be5,FIP,missing_projection_metric
pitcher,2026,RotoWire,p_4ab1054e1b4679af5e62847e,s_2654b58dbb7f7439524c956b,FIP,missing_projection_metric
pitcher,2026,RotoWire,p_69cbff53fa69913aa98a74a7,s_e4ef3d2c4ad49d24972b735d,FIP,missing_projection_metric
pitcher,2026,RotoWire,p_35b1547fd86fd8631d0c0c08,s_9939f2bcf1599e0892de23a9,FIP,missing_projection_metric
pitcher,2026,RotoWire,p_c9127bf6fe2742b6cdf5e2c0,s_913fa0e452a2200977a40dc9,FIP,missing_projection_metric
pitcher,2026,RotoWire,p_61ff0cbc6adc34d5b5e66201,s_7893c0a32d78a8b8cf441e7a,FIP,missing_projection_metric
pitcher,2026,RotoWire,p_c2941564b78650e8c80a6590,s_0aa917eec648bd80cbb81b7b,FIP,missing_projection_metric
pitcher,2026,RotoWire,p_b03bb8a15fb123d1ac325eaf,s_b2d6a6dc3f23881726738ef7,FIP,missing_projection_metric
pitcher,2026,RotoWire,p_2929654d5957b9990cd15b63,s_e8e87aa53e80c41866282c19,FIP,missing_projection_metric
pitcher,2026,RotoWire,p_d25ebff370ce4e9202042d61,s_e555e994459d962f74a31cb0,FIP,missing_projection_metric
pitcher,2026,RotoWire,p_ad6909784deaf0a3417eb39a,s_0fc170380fd1906242c53874,FIP,missing_projection_metric
pitcher,2026,RotoWire,p_e6b274fe314e959af649cea6,s_1c1ce5b6a9700405a58724e4,FIP,missing_projection_metric
pitcher,2026,RotoWire,p_ee453cdf63786502116e53af,s_6718ec834c52c2b42eb2d361,FIP,missing_projection_metric
pitcher,2026,RotoWire,p_c665cca64b9d1ec36d25bc81,s_32b332686cab77ee5b8819d8,FIP,missing_projection_metric
pitcher,2026,RotoWire,p_09950035a7c10e145070d051,s_8d0bd35d73a0fa5924e07aa4,FIP,missing_projection_metric
pitcher,2026,RotoWire,p_2f71255f874e6218b662dffb,s_b11dbb3644dbe5e50574e5af,FIP,missing_projection_metric
pitcher,2026,RotoWire,p_5259e9497e66f8f15a14f5b0,s_937c99470de98482db1b820c,FIP,missing_projection_metric
pitcher,2026,RotoWire,p_5d4e00ed942914f0c7681334,s_4d55e64db5b25399f2479529,FIP,missing_projection_metric
pitcher,2026,RotoWire,p_31088b7e6a9d597d1f87583c,s_5416aeb97cd5cd5ed9dc177c,FIP,missing_projection_metric
pitcher,2026,RotoWire,p_4d4066d01c2accb962e2e48b,s_c44a5177f3e77db4eea91955,FIP,missing_projection_metric
pitcher,2026,RotoWire,p_3213e22dc02292b898d8651e,s_a895563cde75fdd7f2b51099,FIP,missing_projection_metric
pitcher,2026,RotoWire,p_54795b56b11d92cd3e1407cf,s_b4f8cc2e5310fe65d5bf7ff9,FIP,missing_projection_metric
pitcher,2026,RotoWire,p_a0f88c722760a6abb0863f6b,s_5dcdbea36c24b932ca855d29,FIP,missing_projection_metric
pitcher,2026,RotoWire,p_d121e0bd4eedf6095d6400f2,s_0f682551cced3da30334654d,FIP,missing_projection_metric
pitcher,2026,RotoWire,p_f542eded5fa5eaaea2b03d47,s_54a4492ccb15ab84a586035b,FIP,missing_projection_metric
pitcher,2026,RotoWire,p_a36ab493ac77cd275d7daa3f,s_fbcae5b7a5dfa94d87ded13c,FIP,missing_projection_metric
pitcher,2026,RotoWire,p_5245cf30e7834dcfe275a8b3,s_01751576c4b5c8dd9a97dbd1,FIP,missing_projection_metric
pitcher,2026,RotoWire,p_9a6e9d0ac50ab7ec0e62b627,s_74bb43a7b93288c58db7c078,FIP,missing_projection_metric
pitcher,2026,RotoWire,p_ad5f4c4ff63f4dae1c70e25b,s_8ea59648671f088db386ded9,FIP,missing_projection_metric
pitcher,2026,RotoWire,p_0760b56a9e63e457fb539e83,s_e00de2795fe20bdca9c9c00b,FIP,missing_projection_metric
pitcher,2026,RotoWire,p_4237d81a153d8369b516a611,s_1280a8b47892f1058d4f526c,FIP,missing_projection_metric
pitcher,2026,RotoWire,p_57d58fea9dee77b2bf2da71d,s_69be29f382f0650532a016ee,FIP,missing_projection_metric
pitcher,2026,RotoWire,p_687cd4b7aacf0709d996ec9a,s_7ea592a3c12d9e6c350f2de7,FIP,missing_projection_metric
pitcher,2026,RotoWire,p_976e3a7c39f544bd2cb08e53,s_76e2d4d35ebe25e653b9021b,FIP,missing_projection_metric
pitcher,2026,RotoWire,p_f63e3a5b237a41953e0522bd,s_0da9330e5358f22893b856d9,FIP,missing_projection_metric
pitcher,2026,RotoWire,p_4f7f8b7fa67c451b93b2a673,s_fab96893d6c7b5b156c3d181,FIP,missing_projection_metric
pitcher,2026,RotoWire,p_a2c21b01e40c23d7fbb867a7,s_33f8454187531a70b0e2dfe8,FIP,missing_projection_metric
pitcher,2026,RotoWire,p_6dcc3d04cf7940b67bd6d46b,s_9733bbb06565388efeb27002,FIP,missing_projection_metric
pitcher,2026,RotoWire,p_1b7d5500d3348c285a56885f,s_5118753002905cef3e501884,FIP,missing_projection_metric
pitcher,2026,RotoWire,p_9e9a345145bd56bcc6ebe6c7,s_ec7ebfc24b3847a7bc9ab44d,FIP,missing_projection_metric
pitcher,2026,RotoWire,p_9f5a6fd7b5c56e97737e286c,s_75ce9f49e2764431d0f356a2,FIP,missing_projection_metric
pitcher,2026,RotoWire,p_9437e878d2b83f99c586279f,s_0835fee04f6ce001827c950e,FIP,missing_projection_metric
pitcher,2026,RotoWire,p_8fd609c8d2c9daaeb06fb12f,s_d3676b45ef267d45a77285d9,FIP,missing_projection_metric
pitcher,2026,RotoWire,p_ca63ffee54a2c0530795bd58,s_ac39b56d91629961cf1ea279,FIP,missing_projection_metric
pitcher,2026,RotoWire,p_0073f20e0bb5f168c15c590d,s_d941a9d6d9216e2a615afa92,FIP,missing_projection_metric
pitcher,2026,RotoWire,p_b0cf8ae2b004dce051b6f4e5,s_c88cb3a0236c228b28deaa7b,FIP,missing_projection_metric
pitcher,2026,RotoWire,p_528ea38467ab7d19956a07c4,s_a5e225392126fad4774a77d3,FIP,missing_projection_metric
pitcher,2026,RotoWire,p_52cdf5aac19a3c4c28580306,s_369cd937b7bcb81071939df2,FIP,missing_projection_metric
pitcher,2026,RotoWire,p_6051aedaa1ffd1edd8a1c7d7,s_a22804e3943b70f3cdfe7735,FIP,missing_projection_metric
pitcher,2026,RotoWire,p_0d908f0583b1361a673d9471,s_218c663d33b4222d1bdae1dc,FIP,missing_projection_metric
pitcher,2026,RotoWire,p_a1a7ec296f8db5e924c3a755,s_b03576d3761041c0276ca9ac,FIP,missing_projection_metric
pitcher,2026,RotoWire,p_6b9903828f4f3e710cd779e7,s_f91737cc948f7438b6f12057,FIP,missing_projection_metric
pitcher,2026,RotoWire,p_dc0ddc9e05030e62821b8ade,s_dbc9a14f4cc64c6191cb424f,FIP,missing_projection_metric
pitcher,2026,RotoWire,p_390110644e6ab59d439767a2,s_7de19629a25eac2da9251421,FIP,missing_projection_metric
pitcher,2026,RotoWire,p_d326f0d57effe39186b9cc40,s_efa890f610e939583832e4f8,FIP,missing_projection_metric
pitcher,2026,RotoWire,p_864d23ea9d38652d0bc80673,s_4e26a4649e476c79e118cb81,FIP,missing_projection_metric
pitcher,2026,RotoWire,p_aeb4f8d74d1aa31f7de81705,s_dc0063aebc9a5c91f98c9ff2,FIP,missing_projection_metric
pitcher,2026,RotoWire,p_cedc24a184f838c48e92ceca,s_349953425504a940a40787cf,FIP,missing_projection_metric
pitcher,2026,RotoWire,p_62bde7fc4bc9b822889bd5a7,s_8b4a1beaff65cdf9473825e7,FIP,missing_projection_metric
pitcher,2026,RotoWire,p_debf3b356235599a4e7c505b,s_57cebe5cc3a23913a5121ba9,FIP,missing_projection_metric
pitcher,2026,RotoWire,p_fbe1b25148ecde0b36eee454,s_8df56aab87fb5044d25211fa,FIP,missing_projection_metric
pitcher,2026,RotoWire,p_5c981546fbb330a0a1ff2621,s_def46312e0883d8cf3bcc674,FIP,missing_projection_metric
pitcher,2026,RotoWire,p_b5c41f2a4e0be91512e6d378,s_bc8acb38c57a831ad1bd0250,FIP,missing_projection_metric
pitcher,2026,RotoWire,p_c503ccd5d3a208e3f2d4b6b2,s_04004e190a11c27b35cf669a,FIP,missing_projection_metric
pitcher,2026,RotoWire,p_2b424c8be951d8ba23bebe80,s_d0f6742a6c75a1bb8a9c48ba,FIP,missing_projection_metric
pitcher,2026,RotoWire,p_93883545927b8b62d8949e05,s_390d2fb52ceee2cceb5ca04b,FIP,missing_projection_metric
pitcher,2026,RotoWire,p_1da529cb2c7580f94638b99e,s_b9d819bf4f37fe5551f0ae3a,FIP,missing_projection_metric
pitcher,2026,RotoWire,p_071efe5abc6c6857d9f21866,s_e6e5619adcdc49cb3254dfb3,FIP,missing_projection_metric
pitcher,2026,RotoWire,p_28d92daeded3b1264245a417,s_788efd03e99e236dcfea8d2c,FIP,missing_projection_metric
pitcher,2026,RotoWire,p_f90f88e0127db2447d6b4b6b,s_32a70383cf5f931327db51a5,FIP,missing_projection_metric
pitcher,2026,RotoWire,p_fa65bec2312b5d42d60ee8b4,s_81a5a71a1e31da900f922972,FIP,missing_projection_metric
pitcher,2026,RotoWire,p_196c6eaaf2744d528518f12a,s_df130a9f4f9922658740efb0,FIP,missing_projection_metric
pitcher,2026,RotoWire,p_be830ebbda2fe42c429b42ff,s_66269b853d7f3798a48a2521,FIP,missing_projection_metric
pitcher,2026,RotoWire,p_e5e680d02216328712a96f14,s_7744126ea626a66afa67a1fe,FIP,missing_projection_metric
pitcher,2026,RotoWire,p_b35d34590b3ac43677949140,s_1b3583e6b2f60889c52edb6d,FIP,missing_projection_metric
pitcher,2026,RotoWire,p_77bbadf5f7c9163e5cdaafe1,s_e8b7222ea70168f96a670339,FIP,missing_projection_metric
pitcher,2026,RotoWire,p_f2200b5fcfbd381ace4f2861,s_b940a3aec149f66b62da1ead,FIP,missing_projection_metric
pitcher,2026,RotoWire,p_1462eea9ad139526006f6fba,s_18d09f12e5507f960af831cb,FIP,missing_projection_metric
pitcher,2026,RotoWire,p_eb4a76757bbdb89cea654ef5,s_93e92a231b20a2a2d0bc1871,FIP,missing_projection_metric
pitcher,2026,RotoWire,p_0af38066a94940e2b68bc8ba,s_0caf07892fb71cb56c5d7d1f,FIP,missing_projection_metric
pitcher,2026,RotoWire,p_2efba3d8e54fcb8d1f5d09b3,s_d24eb10b589a14577f12ae8f,FIP,missing_projection_metric
pitcher,2026,RotoWire,p_b27e7408b46d9fc16441348e,s_b80c12e9529a70dda1b59784,FIP,missing_projection_metric
pitcher,2026,RotoWire,p_acd9809fb06c81109d7ede29,s_4043fbf071cb4c212e7c195b,FIP,missing_projection_metric
pitcher,2026,RotoWire,p_fcd7de7bb40bf45a6ca34cdb,s_4950bfaa3759d8b6f1ed6d31,FIP,missing_projection_metric
pitcher,2026,RotoWire,p_6dc7f0e021a4dbfae3c23d83,s_559a5ad450fb682bbff8c7db,FIP,missing_projection_metric
pitcher,2026,RotoWire,p_4fc08c6725ad3ff7c1ff7ffb,s_f56ef40295b5cd747d4137a2,FIP,missing_projection_metric
pitcher,2026,RotoWire,p_3b8c77fa245c713f7e0b7003,s_0b46a298db5a1fff04e96821,FIP,missing_projection_metric
pitcher,2026,RotoWire,p_832c0bfcb9b11d1926665bdf,s_3b88ecd913ad2245e52a103b,FIP,missing_projection_metric
pitcher,2026,RotoWire,p_c9e4b09f64ff213554b55bf3,s_3b2451f784faa1e7a1d66dd3,FIP,missing_projection_metric
pitcher,2026,RotoWire,p_e2d37845ff1ca163da8b0647,s_1aa1446ec7a49b35d6e0a2a8,FIP,missing_projection_metric
pitcher,2026,RotoWire,p_86a05e73061b5c85d481ae47,s_41b02d2c9b0a626b4c60d84f,FIP,missing_projection_metric
pitcher,2026,RotoWire,p_d240081eb8e6f1ec895ecf2d,s_b85f843b25690d189973a52f,FIP,missing_projection_metric
pitcher,2026,RotoWire,p_1538868d7d068cf244dceb49,s_61e1f778e1c8d5e65f1a4950,FIP,missing_projection_metric
pitcher,2026,RotoWire,p_8dfc430c8abbf65b0b0bbbab,s_06529e6a6fbe6e7e43c792d9,FIP,missing_projection_metric
pitcher,2026,RotoWire,p_27e0d2a201c5411cd9ea636f,s_d9b685951bf4f69a7a595550,FIP,missing_projection_metric
pitcher,2026,RotoWire,p_670e72cdda746fe85f68a08d,s_6fd7df3cf05f20ed92c2b063,FIP,missing_projection_metric
pitcher,2026,RotoWire,p_aebf4132a23ddbbf57422ae5,s_dc0408f84bbae68c168ef202,FIP,missing_projection_metric
pitcher,2026,RotoWire,p_1b9767205e472eb4f0d30fae,s_3a8bcb0b29481a34a5cbbff6,FIP,missing_projection_metric
pitcher,2026,RotoWire,p_79592f0690636428c30a46f5,s_799f384a22a703b973431229,FIP,missing_projection_metric
pitcher,2026,RotoWire,p_35bb0a12c9538806f164c705,s_8cc9f8318e553faee6223ac3,FIP,missing_projection_metric
pitcher,2026,RotoWire,p_b9199b1fb4e1798319d45797,s_bcc5fe0be3d35a245947794d,FIP,missing_projection_metric
pitcher,2026,RotoWire,p_bbcccd33b7c810cfa8337201,s_e6b40a5631c29d3e4139356a,FIP,missing_projection_metric
pitcher,2026,RotoWire,p_438ee9a2108e62d8d14a062a,s_7fa539fb59ffe73e360807e6,FIP,missing_projection_metric
pitcher,2026,RotoWire,p_583486d37b4399b234e944ea,s_aa058f5dee31a0a1f41a49f9,FIP,missing_projection_metric
pitcher,2026,RotoWire,p_6faee8c8e6ce929dbb691dee,s_2cb03f81315b2ab9da30fe57,FIP,missing_projection_metric
pitcher,2026,RotoWire,p_9f6304b8a80236b39a4e952d,s_0e05db963c0a3d8415d10c8b,FIP,missing_projection_metric
pitcher,2026,RotoWire,p_bf0f117e1d0e72128aaa01dd,s_5639fa55695a179bf6c916fe,FIP,missing_projection_metric
pitcher,2026,RotoWire,p_7b20c90a5cb523c9e3008737,s_0f6a453076763483b8e3de0d,FIP,missing_projection_metric
pitcher,2026,RotoWire,p_d0e5cd403843e151ee96904f,s_3c876fb1721c8abe8f2ff802,FIP,missing_projection_metric
pitcher,2026,RotoWire,p_aca14cb4cc82e85ca78f4fe7,s_5385452decf4abdab85c05db,FIP,missing_projection_metric
pitcher,2026,RotoWire,p_e7369cc77051b2201297a493,s_91358e38353851ee4e417ef7,FIP,missing_projection_metric
pitcher,2026,RotoWire,p_e68edd55c4d8c0af8968ba6d,s_62f2fcd4dff324e16ba7064d,FIP,missing_projection_metric
pitcher,2026,RotoWire,p_359b780a64cc77ed793a7606,s_952588b57592fea8dea88bd1,FIP,missing_projection_metric
pitcher,2026,RotoWire,p_7108c469d40316795ab472a1,s_46836f014efe059d1c25e66b,FIP,missing_projection_metric
pitcher,2026,RotoWire,p_f746ebfba251896b073cf6d5,s_5854feddeb0945e1d3b443e9,FIP,missing_projection_metric
pitcher,2026,RotoWire,p_840a7027a702a1c4e37e5527,s_7ce50bd78715d13680fad585,FIP,missing_projection_metric
pitcher,2026,RotoWire,p_5df36053416da5d9071410b9,s_35ad9aae3d2a574c57ae4a8a,FIP,missing_projection_metric
pitcher,2026,RotoWire,p_9deb7e402f8cf109d514cac1,s_8558b050b9ce65affbe7e55e,FIP,missing_projection_metric
pitcher,2026,RotoWire,p_787fc132ba01ef35f4778403,s_c53769add9daa0bdf13bfa68,FIP,missing_projection_metric
pitcher,2026,RotoWire,p_b70a6085f951f9cd1540affa,s_9031489af38167ec42fe749f,FIP,missing_projection_metric
pitcher,2026,RotoWire,p_e341706f55862548e5ff2e3a,s_0b8cffbf4998d3aec357bd8c,FIP,missing_projection_metric
pitcher,2026,RotoWire,p_9cdce3c51f326e76b98d6591,s_0bbbb28c4e2e423ff10beafe,FIP,missing_projection_metric
pitcher,2026,RotoWire,p_7b5211dc885fe1586bfbb758,s_da4e37b4e128677587b2c461,FIP,missing_projection_metric
pitcher,2026,RotoWire,p_f408d93b48d8da9a005af52b,s_aad49bbc735c375fe36bdb6d,FIP,missing_projection_metric
pitcher,2026,RotoWire,p_df9fd20dc552186aecc92c54,s_588dfb3562b531cda1579a5f,FIP,missing_projection_metric
pitcher,2026,RotoWire,p_e886ebd300c4c1987877017e,s_e1f2e19f9bf8cdf996eb39f6,FIP,missing_projection_metric
pitcher,2026,RotoWire,p_5ccb2be6f00de2400349d1ac,s_f0c21734bbdcec222e7680ab,FIP,missing_projection_metric
pitcher,2026,RotoWire,p_410d3b82adc35964f997ce0f,s_3f1f6dbe8460cd20a4a13be2,FIP,missing_projection_metric
pitcher,2026,RotoWire,p_2404ba19bcc42b43ba8eb726,s_cb8740352d04bd50987219ef,FIP,missing_projection_metric
pitcher,2026,RotoWire,p_c3234d25b2dd20cd6e385c8d,s_c85ff3d927682360ac9b421f,FIP,missing_projection_metric
pitcher,2026,RotoWire,p_2c26e1db411b6f9ae4a8f391,s_a2abd9de6017f10914f70bb2,FIP,missing_projection_metric
pitcher,2026,RotoWire,p_406202e17ebfe7ebc319947f,s_6fa48f908fdb2dec7ee68d33,FIP,missing_projection_metric
pitcher,2026,RotoWire,p_26d80183aee34c4a22d05a16,s_f0c10b74474e3d4482c9c3c8,FIP,missing_projection_metric
pitcher,2026,RotoWire,p_4cc8481b752dd06c66c19299,s_c4bf0d1f6ef103876f72eaec,FIP,missing_projection_metric
pitcher,2026,RotoWire,p_8bace50f8abed453d2ef0ac3,s_00992277f26cc6b145bd209f,FIP,missing_projection_metric
pitcher,2026,RotoWire,p_053b89527a245babaa9de7f9,s_abc663cedaab9a5e08f5bbb6,FIP,missing_projection_metric
pitcher,2026,RotoWire,p_adde69a5f07d2ac65191bd61,s_a77fadaa47f0e121689e7ea8,FIP,missing_projection_metric
pitcher,2026,RotoWire,p_8d0b8540a9345dbadb133c54,s_aa6c899e2bd6338888522a35,FIP,missing_projection_metric
pitcher,2026,RotoWire,p_3bdfe3d1215674f4accf5fdd,s_3d213bcb3703204c3f82d111,FIP,missing_projection_metric
pitcher,2026,RotoWire,p_5073c13edb903746d3e77b04,s_3e2dad42d8e1d5d7bba307b2,FIP,missing_projection_metric
pitcher,2026,RotoWire,p_0239f62f150fdc94718a08a1,s_8a70c1c8238a9e1e6fdb1c0f,FIP,missing_projection_metric
pitcher,2026,RotoWire,p_983ea2317782126a9a51ed6d,s_b493b0fcfea30f815606ec4e,FIP,missing_projection_metric
pitcher,2026,RotoWire,p_c341da0c4ed0d8e6d65d1eab,s_32f381d49fac301451117ba2,FIP,missing_projection_metric
pitcher,2026,RotoWire,p_9cca23a301a8a13d00cd6848,s_1bb534188bb0c42643005736,FIP,missing_projection_metric
pitcher,2026,RotoWire,p_6ee049f492a3325cbfb8d052,s_689a19e85246a11c0a925243,FIP,missing_projection_metric
pitcher,2026,RotoWire,p_7f797197ac1a11a7b3421d1b,s_3a77d4e6e0beae44c95b9f14,FIP,missing_projection_metric
pitcher,2026,RotoWire,p_65fdc9dc74636837b2495384,s_e588915197b497c68dcc5efa,FIP,missing_projection_metric
pitcher,2026,RotoWire,p_87ce29e2ae2416664b1444de,s_44cde47a7e08d61f66c53e5b,FIP,missing_projection_metric
pitcher,2026,RotoWire,p_fdb4b031a99eefb57ba56cc4,s_c1817eb49f54be402d083896,FIP,missing_projection_metric
pitcher,2026,RotoWire,p_865cf7963df08564ce6cc619,s_bcfec87573a4ca9da3c877d1,FIP,missing_projection_metric
pitcher,2026,RotoWire,p_17cd91dbd7209eb72b5b0bc1,s_831e4a1349915fcbb8fec782,FIP,missing_projection_metric
pitcher,2026,RotoWire,p_0be188f9e14bb7f25e2107af,s_c23201930ed51b249eebbd09,FIP,missing_projection_metric
pitcher,2026,RotoWire,p_dbe5f8eba79f31ae2fbbef12,s_03ab08703f8f7e0db997abe2,FIP,missing_projection_metric
pitcher,2026,RotoWire,p_03939d9f4f366462a86d6720,s_adbd090f648ffa2618835255,FIP,missing_projection_metric
pitcher,2026,RotoWire,p_ed0b1e6b85550910ed5ae415,s_458e5cad0de0c0c6da6a2e64,FIP,missing_projection_metric
pitcher,2026,RotoWire,p_6fc12edf18996e0f7e6f48b7,s_803b3ebc6b2c9fc8700d077a,FIP,missing_projection_metric
pitcher,2026,RotoWire,p_cb0a1ee1967dcd5a0313f1f4,s_d81b0a1d00a0142fe841e791,FIP,missing_projection_metric
pitcher,2026,RotoWire,p_e0efd3ededa73ca4e4f7ca65,s_9371381726bb9daf1d7968aa,FIP,missing_projection_metric
pitcher,2026,RotoWire,p_d031ef31b9165ade2a07de8a,s_20010eee18ad64610117070b,FIP,missing_projection_metric
pitcher,2026,RotoWire,p_0b1f482f502ee0715ad2818d,s_a22525f77e5f20c8a95b5083,FIP,missing_projection_metric
pitcher,2026,RotoWire,p_e68383f7b94770edd764c7c7,s_d476b70dd1b7cc0232ecfb2a,FIP,missing_projection_metric
pitcher,2026,RotoWire,p_64e8114493f21a3998e972c5,s_ec36caff226008a5628d4055,FIP,missing_projection_metric
pitcher,2026,RotoWire,p_2803fe661b73a6e4bd4bfca4,s_6150046e626bafbfb7dee9c9,FIP,missing_projection_metric
pitcher,2026,RotoWire,p_f30c390b26bea6c21a518118,s_4aab1c9d9a8e00dffb131ac8,FIP,missing_projection_metric
pitcher,2026,RotoWire,p_64b62a02d557250c812ea353,s_cb3cd3290361fe5beab6d19a,FIP,missing_projection_metric
pitcher,2026,RotoWire,p_2114033616e8bab28176ff3b,s_ea9e989c6c93c966fe28f2c9,FIP,missing_projection_metric
pitcher,2026,RotoWire,p_5fad378e158b1cb676afef64,s_fd46fd587a9eb8ff91f8000b,FIP,missing_projection_metric
pitcher,2026,RotoWire,p_148d2220e9c462a0b7e48358,s_005ab9c456a393b48e084293,FIP,missing_projection_metric
pitcher,2026,RotoWire,p_2f7d0b281325531322ffa74b,s_02ddd97443392829c75075a6,FIP,missing_projection_metric
pitcher,2026,RotoWire,p_43e8e7de2aa77634ff94469d,s_7c7ec015320082b37a905dd0,FIP,missing_projection_metric
pitcher,2026,RotoWire,p_61f4469f74d0edbc18e77e21,s_62bfcd731ae1613eba509649,FIP,missing_projection_metric
pitcher,2026,RotoWire,p_d9e002d9e27fd74ae27948f9,s_d066070856611b07c507b947,FIP,missing_projection_metric
pitcher,2026,RotoWire,p_5cb301be76b7e1a69519280c,s_b3e710904a554946d2bf0bd0,FIP,missing_projection_metric
pitcher,2026,RotoWire,p_663ac2743b68ff849ac3f794,s_1e23efd5555b7c77a825b669,FIP,missing_projection_metric
pitcher,2026,RotoWire,p_202088ef4fa208bc8e552f15,s_19865bc454e8328006095b4e,FIP,missing_projection_metric
pitcher,2026,RotoWire,p_a2aecebc9a8fffbbace22e46,s_f1727d1a98bdd17869523989,FIP,missing_projection_metric
pitcher,2026,RotoWire,p_d92f2d27a75f27f0e8a8f9b3,s_62aea82eab523c1df2a66991,FIP,missing_projection_metric
pitcher,2026,RotoWire,p_d5e07201a0f1d0cfa596e762,s_2cda80acea8a998ce1337601,FIP,missing_projection_metric
pitcher,2026,RotoWire,p_61ca94d7e3be2cbafe733df9,s_a5735acf8d7e139641369056,FIP,missing_projection_metric
pitcher,2026,RotoWire,p_f4be239312e641d1fd5e879e,s_fcfba9db239ebefdfb14008f,FIP,missing_projection_metric
pitcher,2026,RotoWire,p_3dac456e39a26258f30d8eb6,s_fdfbbb2d2605f35d7dc1b5dc,FIP,missing_projection_metric
pitcher,2026,RotoWire,p_f20dbbcf8c772a03de7ec118,s_57d8a6f5c4623a8e4c44a8ff,FIP,missing_projection_metric
pitcher,2026,RotoWire,p_a76bce6d3d2ee7c00f12333d,s_9b500f4a8aeddd080293abb7,FIP,missing_projection_metric
pitcher,2026,RotoWire,p_2043005deaaf8693e9eef0a1,s_d648d3bcb37bcf3d26756083,FIP,missing_projection_metric
pitcher,2026,RotoWire,p_61df43fce399be15228241c7,s_c5ac4d59c8f4be6af4356c60,FIP,missing_projection_metric
pitcher,2026,RotoWire,p_8c68497d69c0faec32c31da4,s_f75c8cb99712e09ccf59b81f,FIP,missing_projection_metric
pitcher,2026,RotoWire,p_aa82bbb9131dca9e098c8636,s_ddc1a0c2ec3fa2ee946c5c0f,FIP,missing_projection_metric
pitcher,2026,RotoWire,p_3f747dc1e443a0eecfacc566,s_ce79c399b5e5eec48d4dc3f1,FIP,missing_projection_metric
pitcher,2026,RotoWire,p_c6a0ec40c899f7b2c1dfc7bf,s_e2c5a7d8fb41e2f42f5ce180,FIP,missing_projection_metric
pitcher,2026,RotoWire,p_8551c7d8bbe875bb87b41ee4,s_bc9dbbd275b479722bafbc6d,FIP,missing_projection_metric
pitcher,2026,RotoWire,p_bb5b45202cd0e3997a49a903,s_ea2daa494604389bf5d254a8,FIP,missing_projection_metric
pitcher,2026,RotoWire,p_7af86937f30ec89e1f92abe3,s_0afdfb435d73a8678a29c908,FIP,missing_projection_metric
pitcher,2026,RotoWire,p_4055fa9f7ca334fe33a26bfe,s_1f78b2e232410f668089a197,FIP,missing_projection_metric
pitcher,2026,RotoWire,p_9a77feb051159af9aee2063c,s_f78685ae461085f2b2281b2b,FIP,missing_projection_metric
pitcher,2026,RotoWire,p_c2e11e9b2895314b228d9143,s_f86f46733910fda016017450,FIP,missing_projection_metric
pitcher,2026,RotoWire,p_8f4d229bdbf5985172a873b9,s_259f45aab501c882c8ec75df,FIP,missing_projection_metric
pitcher,2026,RotoWire,p_138ed44a822bb4b34b68d8d3,s_75d8b5bbcdff73d2246a5406,FIP,missing_projection_metric
pitcher,2026,RotoWire,p_0101c7191284f9932160f01c,s_36f8da32ea1e68f80503aa32,FIP,missing_projection_metric
pitcher,2026,RotoWire,p_947372bfc438cf39d3a30665,s_03a8ce0a1969c5c825c40e19,FIP,missing_projection_metric
pitcher,2026,RotoWire,p_b13319e24b3552eff64d85bc,s_5642c7fc2edc3038c7e6745f,FIP,missing_projection_metric
pitcher,2026,RotoWire,p_d15a984c8351b109e14b2746,s_7ff413166b1e391f0a596e70,FIP,missing_projection_metric
pitcher,2026,RotoWire,p_8c118f1cce2683232f54416f,s_a4c2b5eeadf4cd19c00d474c,FIP,missing_projection_metric
pitcher,2026,RotoWire,p_6fd30c7531d5bc78103c740d,s_1f308fb934eda4481b5d0411,FIP,missing_projection_metric
pitcher,2026,RotoWire,p_b7736681fe0e03a5a6703dbb,s_ea7b9963174ed0e92ff3caae,FIP,missing_projection_metric
pitcher,2026,RotoWire,p_74d9cd5a911ee5ed93663d77,s_fa4dd9cdb3232ef9b72e306b,FIP,missing_projection_metric
pitcher,2026,RotoWire,p_bb82cb6ed787b635d6d9a9bd,s_51c9610913f9f9470ee24fc4,FIP,missing_projection_metric
pitcher,2026,RotoWire,p_5d9c98b0173958f4c189a129,s_07e32912b397571f55a45e45,FIP,missing_projection_metric
pitcher,2026,RotoWire,p_8ed8dc08bf2fc22b7d5fdc9e,s_007373e43b5e62aaf0640c9c,FIP,missing_projection_metric
pitcher,2026,RotoWire,p_de4f248f197b6ab7761cb09b,s_fcc4edd9149c560668dabb7a,FIP,missing_projection_metric
pitcher,2026,RotoWire,p_e23cb32e39c22be655441929,s_7a19dce9973cf299e818b416,FIP,missing_projection_metric
pitcher,2026,RotoWire,p_b81b76814081912b6c81cf9d,s_bbb9b8bb7aea1cbfbb533653,FIP,missing_projection_metric
pitcher,2026,RotoWire,p_3b39342b8d03af7adee187b3,s_67a495c69c2753d436ec1074,FIP,missing_projection_metric
pitcher,2026,RotoWire,p_20987c55f1b40e76f29fef72,s_ab2e1d4e2a51637fa895d44c,FIP,missing_projection_metric
pitcher,2026,RotoWire,p_3e5cfa913cc4f482344401c1,s_981f3bb1f2de7068efd97e42,FIP,missing_projection_metric
pitcher,2026,RotoWire,p_c3b7cc93fd3c9b7f57a21594,s_b91ca8fc62927722d94bc1f3,FIP,missing_projection_metric
pitcher,2026,RotoWire,p_a6f79ef2ecc729073db83188,s_53a6769393add960d4c7cf66,FIP,missing_projection_metric
pitcher,2026,RotoWire,p_8ececb63a3f2cebed969a98d,s_dcb3c3af531b2c3eeeb1b98f,FIP,missing_projection_metric
pitcher,2026,RotoWire,p_23f9a55147310e8dec4f47a2,s_92d986045456ede8a8f0c978,FIP,missing_projection_metric
pitcher,2026,RotoWire,p_1ccbcea91d9f49d165cfb488,s_8a3e2fce8c27e2b378be6db8,FIP,missing_projection_metric
pitcher,2026,RotoWire,p_89e6e8eb0e7077ed03071a06,s_e210e2f378debdbceebe5db9,FIP,missing_projection_metric
pitcher,2026,RotoWire,p_c8fcbc835fb5f66a0bd0f41e,s_f710a6c69e631fb5d53460e9,FIP,missing_projection_metric
pitcher,2026,RotoWire,p_5c4336ee3ef73426afb4c6c2,s_8cfa71211e862a3cd9aae0bd,FIP,missing_projection_metric
pitcher,2026,RotoWire,p_b71fbe75f62a06bbed6595ec,s_1a30f62b302322daffa27ce3,FIP,missing_projection_metric
pitcher,2026,RotoWire,p_e3f71882ebe26350f89c3813,s_efe0166de035477255fa8aff,FIP,missing_projection_metric
pitcher,2026,RotoWire,p_9adccc0a4017fa70e4b06f24,s_9b20050e3dc2949517c86080,FIP,missing_projection_metric
pitcher,2026,RotoWire,p_fccb4591ce5767a04c76ef83,s_a6de594bc4e1364c4eed3b7a,FIP,missing_projection_metric
pitcher,2026,RotoWire,p_d291977287dccac53c171a63,s_286fa2e51a845840a7fff176,FIP,missing_projection_metric
pitcher,2026,RotoWire,p_2bd83f835d274b547829f07c,s_932ba3637eeae9fbf5e3f7b1,FIP,missing_projection_metric
pitcher,2026,RotoWire,p_04895952d7d004fc8bb3f14b,s_f8c85a2e2310235642e7caf7,FIP,missing_projection_metric
pitcher,2026,RotoWire,p_222c356cfa14a6ec4cefc492,s_ec53e3bac7d0b359acdf4673,FIP,missing_projection_metric
pitcher,2026,RotoWire,p_1b49209f0bd30dd5dc724000,s_4a572860c109c381b9599f8b,FIP,missing_projection_metric
pitcher,2026,RotoWire,p_4f111a07b4c0259d31c89e0d,s_2c7ca2dc2c1ba12d9d8310a2,FIP,missing_projection_metric
pitcher,2026,RotoWire,p_b051cf87af8a4244b6b81e2c,s_2436026c64a6693348f588e0,FIP,missing_projection_metric
pitcher,2026,RotoWire,p_7ecbe1110bdd0537891dc1c4,s_40dcd0dae34ab1d260a321a9,FIP,missing_projection_metric
pitcher,2026,RotoWire,p_288584b43feea72ac1e47a2d,s_bf41753e2e0ff8c12dbf27a5,FIP,missing_projection_metric
pitcher,2026,RotoWire,p_394806adeaf6af907d17f876,s_6968be3056cfbccf293d38de,FIP,missing_projection_metric
pitcher,2026,RotoWire,p_bad5772915c2a0ae9bf9c5f1,s_1470a84d54d96a36505537cd,FIP,missing_projection_metric
pitcher,2026,RotoWire,p_ca72c1190ab195d082d039a5,s_f9e188ac52e4d1eea8684043,FIP,missing_projection_metric
pitcher,2026,RotoWire,p_009e96c410d3379760f8b1a1,s_5b48c3711b348b7c38fbb3a0,FIP,missing_projection_metric
pitcher,2026,RotoWire,p_f5105d7ffd8537ed91519f0f,s_70a2e35ae2bd12403e410012,FIP,missing_projection_metric
pitcher,2026,RotoWire,p_51a922809ad094b5a4433cdf,s_f6287462479ad5a6d992dffc,FIP,missing_projection_metric
pitcher,2026,RotoWire,p_0c3b6b4f617c9009bb6c76e7,s_720c0ed73d1ba1b13c15bd13,FIP,missing_projection_metric
pitcher,2026,RotoWire,p_67a7d083510fbec26f1ddc04,s_64230f4ae4e504349046ac2c,FIP,missing_projection_metric
pitcher,2026,RotoWire,p_ba985e05d88f96b785affcdf,s_36216789328366086e1e9baf,FIP,missing_projection_metric
pitcher,2026,RotoWire,p_a14b46668a060bb5629886e6,s_4ef127163ae740077e465fe6,FIP,missing_projection_metric
pitcher,2026,RotoWire,p_747ca9b3f8488871801660b7,s_e7ac249bf01a183930a8faca,FIP,missing_projection_metric
pitcher,2026,RotoWire,p_153188ef122e1ff0e54e37b2,s_971e41cd03b694200bad9d78,FIP,missing_projection_metric
pitcher,2026,RotoWire,p_f59ee04f5b058c3f109d1631,s_643d4c7939de92874f6a14b2,FIP,missing_projection_metric
pitcher,2026,RotoWire,p_41f07f1c060750689589e72e,s_8f4a9d3285bca74b4f41625d,FIP,missing_projection_metric
pitcher,2026,RotoWire,p_7a47c598f2891d6ce738d8e0,s_3d1cf899ff4442ddc83d0199,FIP,missing_projection_metric
pitcher,2026,RotoWire,p_1b534a0f3684e7ea3112d6b0,s_64da9285f21ed7d32cec3819,FIP,missing_projection_metric
pitcher,2026,RotoWire,p_da96852b71c08e176dbccd2d,s_6a16477de8c707cdab312103,FIP,missing_projection_metric
pitcher,2026,RotoWire,p_1f226d7dd4cee0150a1549a0,s_77fcd4da255deb34daefffa9,FIP,missing_projection_metric
pitcher,2026,RotoWire,p_17536a68362f900664fa9f61,s_400136cfcfa994b80810ef9e,FIP,missing_projection_metric
pitcher,2026,RotoWire,p_977a6ab875041bddeb3e28a7,s_3ee8a8ac49b0ada1af602a76,FIP,missing_projection_metric
pitcher,2026,RotoWire,p_582294a58869be2075f58add,s_e79b2d579bd09a2428455ff0,FIP,missing_projection_metric
pitcher,2026,RotoWire,p_29a27415a63b98dbb075621d,s_2073dbe3cad8e2dd787397ef,FIP,missing_projection_metric
pitcher,2026,RotoWire,p_33b1f758ce8872869b7bbb68,s_7160708984d023ac94d240c5,FIP,missing_projection_metric
pitcher,2026,RotoWire,p_7343ba7168344875dfbe9cf1,s_67f9e3882b4983166222f981,FIP,missing_projection_metric
pitcher,2026,RotoWire,p_1d99fee357b2b193b50cce26,s_a4834cb07e9232b83a0dce3a,FIP,missing_projection_metric
pitcher,2026,RotoWire,p_b3710509193a23f9fb6df89c,s_9b4a7b98dc7e5f10502604fc,FIP,missing_projection_metric
pitcher,2026,RotoWire,p_145721815ffdf403b65c76d6,s_385a4193cfbf19f53e1d0400,FIP,missing_projection_metric
pitcher,2026,RotoWire,p_c5ed138e0e635ef0aec7663a,s_9b9bffbc2a879babe9696cba,FIP,missing_projection_metric
pitcher,2026,RotoWire,p_7e394fbf190746b9460471b6,s_097a41751befc4a5c1211306,FIP,missing_projection_metric
pitcher,2026,RotoWire,p_dc94d49f14972788f07e6738,s_1b0485f5cd208127cea8cd15,FIP,missing_projection_metric
pitcher,2026,RotoWire,p_77de692e06d27ffb17c45ac8,s_f4b6a3140b1357de80e3f024,FIP,missing_projection_metric
pitcher,2026,RotoWire,p_2fad58b9923436119be174e1,s_a9000b2eedab9133f82e83b1,FIP,missing_projection_metric
pitcher,2026,RotoWire,p_153ad9f9a631deb95bb0d30a,s_9b6fbbd7af72c8645cd2e44b,FIP,missing_projection_metric
pitcher,2026,RotoWire,p_1577c13241c98d1b1b25a065,s_3d99f48d5a1df841196e11ba,FIP,missing_projection_metric
pitcher,2026,RotoWire,p_e07feaacf0b72192ae4d9189,s_7c4ef7d9af7bfb2c457fa4a3,FIP,missing_projection_metric
pitcher,2026,RotoWire,p_44f4ae0a56e818f589465db9,s_205db3291d05af8715cfd909,FIP,missing_projection_metric
pitcher,2026,RotoWire,p_c25dc1ad5c4247237938a311,s_4ffc3a690a9212289286d020,FIP,missing_projection_metric
pitcher,2026,RotoWire,p_777feb45decd9c1846a693da,s_4bc1f0e4681785c1fd0a723e,FIP,missing_projection_metric
pitcher,2026,RotoWire,p_3e586e64329db1dd04a4e3b8,s_140a22ca0f8df2b19e867104,FIP,missing_projection_metric
pitcher,2026,RotoWire,p_6db920b8caea39aab799a496,s_445daa97825c4e5e5e9abe4f,FIP,missing_projection_metric
pitcher,2026,RotoWire,p_dd095f93709ce87f6607edc6,s_170d2924db9f3c44dc5d12a1,FIP,missing_projection_metric
pitcher,2026,RotoWire,p_1eaa1d1baccc84d06d8ed931,s_c426b7518e8cddbb66ca7034,FIP,missing_projection_metric
pitcher,2026,RotoWire,p_f91f14e15dff3410600517de,s_083fb1a01291dbadfc455e6e,FIP,missing_projection_metric
pitcher,2026,RotoWire,p_b73b5615e068b80f9b259d86,s_efed45aa9346056d597f89fe,FIP,missing_projection_metric
pitcher,2026,RotoWire,p_80cde5a89fe8ba26c89f71ea,s_08823d7435b78a66d4a37171,FIP,missing_projection_metric
pitcher,2026,RotoWire,p_791b3683027c9d8d92b609d0,s_b6c6438dadb86ba0d3e9e803,FIP,missing_projection_metric
pitcher,2026,RotoWire,p_d4a9b50b3224024b900f4e0c,s_fb0d3cfd17a322f0e6f31d1b,FIP,missing_projection_metric
pitcher,2026,RotoWire,p_9e7db66bfc565b709fe46853,s_a6a3f778bf284c7e5a1576d8,FIP,missing_projection_metric
pitcher,2026,RotoWire,p_80dabc460f667d0aafb8ff5c,s_a8693cc26f592a1ebad8f2c2,FIP,missing_projection_metric
pitcher,2026,RotoWire,p_116ae62fa49115e6533fcf6d,s_f6d11fb46f17d9d6a3756ac8,FIP,missing_projection_metric
pitcher,2026,RotoWire,p_fc18f428295d7ad8c21b667f,s_637203bc35b263633e3d8c0e,FIP,missing_projection_metric
pitcher,2026,RotoWire,p_1001641b01e3c2ddf44b4ee5,s_f089b9db3725ba3a812dbd06,FIP,missing_projection_metric
pitcher,2026,RotoWire,p_20b5e71becf329de17a636b1,s_65b00dc9057a80ce7c7e8b12,FIP,missing_projection_metric
pitcher,2026,RotoWire,p_93bf9339edbf6229883985c6,s_3f22d4c952ee95164ec0b5e4,FIP,missing_projection_metric
pitcher,2026,RotoWire,p_f0e21bded869dafe4b07e71f,s_1306549d3213edc8ecff3adf,FIP,missing_projection_metric
pitcher,2026,RotoWire,p_caa0b49368710031fd01f701,s_f04819d968a89483c89ca8bf,FIP,missing_projection_metric
pitcher,2026,RotoWire,p_0f33dc90f5cb990ad4d0247b,s_32fc41121701bbd4b928dfa5,FIP,missing_projection_metric
pitcher,2026,RotoWire,p_2442495cf935c13e35ace791,s_37dd8694ee1cdc7bee097711,FIP,missing_projection_metric
pitcher,2026,RotoWire,p_5622eaf6fed51b2f0badc28f,s_1cf282f8f0fdbe6a0c106925,FIP,missing_projection_metric
pitcher,2026,RotoWire,p_34f7258033fc0f715c7802e8,s_22d1e530480aaba64d14b225,FIP,missing_projection_metric
pitcher,2026,RotoWire,p_5a5e5a4baec1ff0e99cb37c5,s_d350e1bbe96980c7f3d8ee67,FIP,missing_projection_metric
pitcher,2026,RotoWire,p_b9be4dd9135ef8202ccbf94b,s_bbcead23d18fa363242baa4f,FIP,missing_projection_metric
pitcher,2026,RotoWire,p_55e0b0cdfd06f59a14884d19,s_d34941c1e867d48ced402636,FIP,missing_projection_metric
pitcher,2026,RotoWire,p_adfce089754d8fcf93c9d6eb,s_8e53ce8d309a52865a0c6df4,FIP,missing_projection_metric
pitcher,2026,RotoWire,p_d1d18bba4583a9d5fb70e080,s_467469ee746b2f53390e6898,FIP,missing_projection_metric
pitcher,2026,RotoWire,p_52192aa00351b1a71ee2c4b3,s_eeb719c2d8ca42c5c8e983f1,FIP,missing_projection_metric
pitcher,2026,RotoWire,p_7c9ea4fc0117961c6e7b012c,s_34c90b220beb1c5d31693988,FIP,missing_projection_metric
pitcher,2026,RotoWire,p_2ae6b10075130e19d90d4b32,s_9964f4b2c567f60400c3def3,FIP,missing_projection_metric
pitcher,2026,RotoWire,p_d27ce95571a74bf9f18770ae,s_5e78c576a86e6bab0f527aea,FIP,missing_projection_metric
pitcher,2026,RotoWire,p_68ceebeeae0240ef1eeb496f,s_c01ed7b3977f8433d2d996ae,FIP,missing_projection_metric
pitcher,2026,RotoWire,p_00b956086b42d4f7340ce048,s_54c0ac7b707bc9ebdbb2400a,FIP,missing_projection_metric
pitcher,2026,RotoWire,p_98cc697758a3fc95df098ccd,s_dce6bd9fb247e0c772258f87,FIP,missing_projection_metric
pitcher,2026,RotoWire,p_410328aef7c939f61d4b7528,s_6456f23fd603e1cd5ff01938,FIP,missing_projection_metric
pitcher,2026,RotoWire,p_9d5fc19a3ec0a2b92dad5383,s_99c3755f96a5159021601588,FIP,missing_projection_metric
pitcher,2026,RotoWire,p_3d69f7e4ccbcfe929ed1f539,s_3325bfa78bf10dc69c400482,FIP,missing_projection_metric
pitcher,2026,RotoWire,p_b773b485dc612974de0ee445,s_606f7a3464f8c16f52c9f22f,FIP,missing_projection_metric
pitcher,2026,RotoWire,p_e44c55c882f52d9ec55bfae3,s_c8bd17a0575cbb20ff13cd4e,FIP,missing_projection_metric
pitcher,2026,RotoWire,p_37fb98747cdcda0fbfec7784,s_840cd45daf0bd55c83035bb1,FIP,missing_projection_metric
pitcher,2026,RotoWire,p_22eee69f8ac0239b99b11b78,s_040c3eee8fd2be1c1435fcd4,FIP,missing_projection_metric
pitcher,2026,RotoWire,p_87897e21381c92d01d1670b6,s_2ad1be98a537593b78c5a813,FIP,missing_projection_metric
pitcher,2026,RotoWire,p_8471050f369a301b6f71c4be,s_cca07111c90b3a8ff824826c,FIP,missing_projection_metric
pitcher,2026,RotoWire,p_6e0c3901af2303ff2f765958,s_2db5ae81a85ee7ef6e1914bf,FIP,missing_projection_metric
pitcher,2026,RotoWire,p_e219e5c6f7ec667410973dec,s_f25aa55f8fa314259de30f86,FIP,missing_projection_metric
pitcher,2026,RotoWire,p_ab8444dc7f51611939832036,s_58716c7b1f611dfbc75b036c,FIP,missing_projection_metric
pitcher,2026,RotoWire,p_90e71871268b32dfc6280b86,s_6af89f9d728dbb984fd9770b,FIP,missing_projection_metric
pitcher,2026,RotoWire,p_ed52312eef709ee07ba3e575,s_f57f26300e7937d94787a766,FIP,missing_projection_metric
pitcher,2026,RotoWire,p_ad8eeecb96286785de1abf84,s_83a4514dd29ab0c79b5cb41f,FIP,missing_projection_metric
pitcher,2026,RotoWire,p_611b50d11016f9e5bac93980,s_09d2de1272ae381f1d9c023d,FIP,missing_projection_metric
pitcher,2026,RotoWire,p_3f657a30af6cf3b6b118dd7d,s_edd9bb08e95c85b661ef894c,FIP,missing_projection_metric
pitcher,2026,RotoWire,p_1db467c6cfbfe96ad057338e,s_2421ef963564baf926d17465,FIP,missing_projection_metric
pitcher,2026,RotoWire,p_a8e02f57bd3e35b91149c0d6,s_f6cb34db02de259e9dc338f6,FIP,missing_projection_metric
pitcher,2026,RotoWire,p_61da229a19dcb37d006d054f,s_71785e40add7a0fefb436075,FIP,missing_projection_metric
pitcher,2026,RotoWire,p_6d19fe3af838d3bcaf19f868,s_0e5da867aa1de12b938c27cc,FIP,missing_projection_metric
pitcher,2026,RotoWire,p_28b88c75bbb3485832e0fbb1,s_0a2c3f9c3fc122467cbdd7ca,FIP,missing_projection_metric
pitcher,2026,RotoWire,p_08803fedfc7e3b44562070ba,s_dbbbfea419b6d7d993523349,FIP,missing_projection_metric
pitcher,2026,RotoWire,p_e573b05454d024acae1fffe0,s_0e502d4fe86e72651791add7,FIP,missing_projection_metric
pitcher,2026,RotoWire,p_c1803acfc69807176b03fceb,s_dc4edcfeb371f78279a83f31,FIP,missing_projection_metric
pitcher,2026,RotoWire,p_d84214456f41ba299fcf20c0,s_600c196f8ac0683f11c2426b,FIP,missing_projection_metric
pitcher,2026,RotoWire,p_c1b16bac113e009a04e9d07b,s_9d8738be1d0c5786c0050b80,FIP,missing_projection_metric
pitcher,2026,RotoWire,p_3d4fddbaa624427c64113cac,s_d4b5ce1cf3639220d7a74379,FIP,missing_projection_metric
pitcher,2026,RotoWire,p_36dec542a06db312dff05ed3,s_45e9357a9524ba5a0d2b4ec5,FIP,missing_projection_metric
pitcher,2026,RotoWire,p_4ce2bc74d9bdc379de52f9fb,s_25a9c78c7de4242d98708902,FIP,missing_projection_metric
pitcher,2026,RotoWire,p_1bd74263d59f9dcb39af1120,s_34f2ba02a79a3cd59f095533,FIP,missing_projection_metric
pitcher,2026,RotoWire,p_b48582763b8f7f6f91074a0d,s_4d92004386fd3d2bf51acae0,FIP,missing_projection_metric
pitcher,2026,RotoWire,p_49ed2c7ffa16b9279ff3f555,s_c4afd328e8d328bc56261722,FIP,missing_projection_metric
pitcher,2026,RotoWire,p_ce659b38e92388329f2ca16b,s_d3fccd71f956621325a51433,FIP,missing_projection_metric
pitcher,2026,RotoWire,p_b94cd2fa50a25f87a513580d,s_9999231528a2b32c9b5a6bea,FIP,missing_projection_metric
pitcher,2026,RotoWire,p_b862f8fa2a57ec2f1c12850b,s_717b202b49e2d1d6506e3750,FIP,missing_projection_metric
pitcher,2026,RotoWire,p_6b8cba5bfea707d3dd734524,s_21e2e6dc884cba72d6c8655f,FIP,missing_projection_metric
pitcher,2026,RotoWire,p_a6fa59945d5551b89676371f,s_a2d6c021b62b09f6f243d03d,FIP,missing_projection_metric
pitcher,2026,RotoWire,p_0f524fd2285c4e78f5fe8913,s_ded2373e1e872aabdbd5aaae,FIP,missing_projection_metric
pitcher,2026,RotoWire,p_64eadd5a9c1db68fc646be45,s_bab8a849edc13b8ecd6655c7,FIP,missing_projection_metric
pitcher,2026,RotoWire,p_5fdf2f3ccb63b4515b2eb625,s_95a63942e2e3135409140952,FIP,missing_projection_metric
pitcher,2026,RotoWire,p_99369324bab1d4ff69bc1d02,s_81a785ed3889cb90122f059f,FIP,missing_projection_metric
pitcher,2026,RotoWire,p_5ab8edce0d7c479009e600fb,s_d9bf5e047239a453a2cf3afe,FIP,missing_projection_metric
pitcher,2026,RotoWire,p_5b7aca63cb468b989990acb9,s_0f09798054db7458155c1701,FIP,missing_projection_metric
pitcher,2026,RotoWire,p_7ef545114aef3d660b73dcb7,s_f1cc739cd0673a2a07c1f5be,FIP,missing_projection_metric
pitcher,2026,RotoWire,p_22dafc9081fa932d292f968b,s_76567fbffc13e1cb927dfd1a,FIP,missing_projection_metric
pitcher,2026,RotoWire,p_9f550caec192fd42d10ff1b3,s_17444bf94b830008071fb564,FIP,missing_projection_metric
pitcher,2026,RotoWire,p_1b7aadf4254d0c04b28301e5,s_5e130d045148d66c7fd31653,FIP,missing_projection_metric
pitcher,2026,RotoWire,p_b9bda4330db43c739314fce4,s_c17c33bf416aa4b0c4af4f09,FIP,missing_projection_metric
pitcher,2026,RotoWire,p_b1ab737f8c5f55323e91d0f5,s_7e380d8d8c8b84235a5155bf,FIP,missing_projection_metric
pitcher,2026,RotoWire,p_f25183fc2c47de9223d05e18,s_e5a77a57a49234fcadbc2926,FIP,missing_projection_metric
pitcher,2026,RotoWire,p_6b4f95ec9ffb4fe368a2576d,s_2d543d2902dabca988a565a5,FIP,missing_projection_metric
pitcher,2026,RotoWire,p_c8060e0ca736e951c5c4b226,s_c0309c8c30f2587cd449c411,FIP,missing_projection_metric
pitcher,2026,RotoWire,p_9c980b6b55a25e9cec08f624,s_b545795417b5fd61adebdcb9,FIP,missing_projection_metric
pitcher,2026,RotoWire,p_53fdc6d306dc44415d488e16,s_32f1a7cdaab754a620a06fab,FIP,missing_projection_metric
pitcher,2026,RotoWire,p_7c334178878220517ce9f328,s_84474e651da76333dc79c4b1,FIP,missing_projection_metric
pitcher,2026,RotoWire,p_70afef2de0e1d2c4130d7a6f,s_97381ad047f21ece3b53dfac,FIP,missing_projection_metric
pitcher,2026,RotoWire,p_a8a4ea29b153fef404ad3bfc,s_3ed0f240d30d827ca9951fa4,FIP,missing_projection_metric
pitcher,2026,RotoWire,p_34b9c312bb9fd77b95735fa7,s_39a88f8a21b81fce7f7373c5,FIP,missing_projection_metric
pitcher,2026,RotoWire,p_aa3f542bce2dddb882aa93ae,s_02545767668eef11f0a4cc68,FIP,missing_projection_metric
pitcher,2026,RotoWire,p_3f88e6009659057719b46325,s_38500b5e89f080fc7618b070,FIP,missing_projection_metric
pitcher,2026,RotoWire,p_fff5f1ebef83eebba71e9bbc,s_accdc9f091974e312fb2d9a1,FIP,missing_projection_metric
pitcher,2026,RotoWire,p_2969c4d6cb29c114efd4bb95,s_f8d1371eea4639af8ebeb1bf,FIP,missing_projection_metric
pitcher,2026,RotoWire,p_6ae7476d65dc554f359685a1,s_373e046a2d3c00475714f11f,FIP,missing_projection_metric
pitcher,2026,RotoWire,p_c037b82bc4462dd614d5ab27,s_c38596ed46d121122bcc60d0,FIP,missing_projection_metric
pitcher,2026,RotoWire,p_c5178381d162a4b5d9527eb0,s_8bff9705940bb1e6d858f777,FIP,missing_projection_metric
pitcher,2026,RotoWire,p_f56aefc4ede81ff8de5457ab,s_8d428db1ef0c7f22a3f2fd2f,FIP,missing_projection_metric
pitcher,2026,RotoWire,p_b7580c74682c1a1cc5d24abd,s_c19ccd038785e91d4fa03c5e,FIP,missing_projection_metric
pitcher,2026,RotoWire,p_a41a3c5bc64b1e0489feb28f,s_3683d283b2af8b00a350cf3f,FIP,missing_projection_metric
pitcher,2026,RotoWire,p_1cb2a2b9966604f2d0295576,s_ecacc59bd1d2f6e2bf4a56eb,FIP,missing_projection_metric
pitcher,2026,RotoWire,p_06ac62e58655fdbf61a0ce7b,s_1296c23b23208fd125e2ea9a,FIP,missing_projection_metric
pitcher,2026,RotoWire,p_871261aef233e820be74ffc9,s_66ab8297ba652569ea1131d2,FIP,missing_projection_metric
pitcher,2026,RotoWire,p_ccf29ec3fb51dbf128d874e4,s_bac2df2b3f5e16f4f493d6d3,FIP,missing_projection_metric
pitcher,2026,RotoWire,p_517403ae3a1b79a433390aec,s_87697517d46b5200927be5f0,FIP,missing_projection_metric
pitcher,2026,RotoWire,p_09468a2fee5db7203f0eb46f,s_458a599e196a1bc0e9e661c1,FIP,missing_projection_metric
pitcher,2026,RotoWire,p_d21949823eaf8abb13ea0c7e,s_0b589368d943d12591464c19,FIP,missing_projection_metric
pitcher,2026,RotoWire,p_a9cd8307ddcf9289441ea557,s_3014e5e5aaeac3a5ddd7c5db,FIP,missing_projection_metric
pitcher,2026,RotoWire,p_54dfc42aa6e80f0846f08fcf,s_02f97e9c1a426bc50ba72697,FIP,missing_projection_metric
pitcher,2026,RotoWire,p_9cf33bb8d6b6c72759e3b41d,s_c41da28cf7cf52681277f13e,FIP,missing_projection_metric
pitcher,2026,RotoWire,p_05aa5556dc44afe342917893,s_c7be1888db989bac8673889c,FIP,missing_projection_metric
pitcher,2026,RotoWire,p_e78d76af2b3a156869586232,s_7bcd964dea78ae2157a5ec77,FIP,missing_projection_metric
pitcher,2026,RotoWire,p_6ab2031cdd4bbac15cafe542,s_59465e3f8e7cf14cb1865526,FIP,missing_projection_metric
pitcher,2026,RotoWire,p_9b79266fde272f3b8d161342,s_37b6b7ddf49afe09163f12f0,FIP,missing_projection_metric
pitcher,2026,RotoWire,p_19d2c7ec4ec2d984744eb5b3,s_3a960d9e412fa3d3e3a9dad1,FIP,missing_projection_metric
pitcher,2026,RotoWire,p_ce22d4726510344d78fb2e38,s_8acb546203e92adde255a9cf,FIP,missing_projection_metric
pitcher,2026,RotoWire,p_54517e847736a45c8b1dabfd,s_65f196935c0357c546446552,FIP,missing_projection_metric
pitcher,2026,RotoWire,p_781ca9e5c281bea0fd02a3a9,s_d3685aa7d984d7aa063f0170,FIP,missing_projection_metric
pitcher,2026,RotoWire,p_3c08e81780e0bae6ae834dda,s_f2e22dbf4ad951080151e8ff,FIP,missing_projection_metric
pitcher,2026,RotoWire,p_8183d10c86c33b8c9d22b5ae,s_825ae827882e62022934d154,FIP,missing_projection_metric
pitcher,2026,RotoWire,p_c81a0386598bf2f14a51264d,s_8287385ca3ef2c399760cf91,FIP,missing_projection_metric
pitcher,2026,RotoWire,p_1953e9b8e9520ff434fb0757,s_82c8bb94eecf39d99a830e31,FIP,missing_projection_metric
pitcher,2026,RotoWire,p_e5489bb69c8bf14362185b49,s_8c3b421225ce18c10ce62cfc,FIP,missing_projection_metric
pitcher,2026,RotoWire,p_de239dab073ee70e594e1202,s_2ca6cdfd12d301ca7ed43826,FIP,missing_projection_metric
pitcher,2026,RotoWire,p_9316c4dc392000b5e1ac832e,s_86e475db1fbfcf8b1a77f778,FIP,missing_projection_metric
pitcher,2026,RotoWire,p_b439564078d45af9d65a0fbe,s_c008f69d0f9c670cc9ebadaf,FIP,missing_projection_metric
pitcher,2026,RotoWire,p_f4a21c23681d7a8de5411075,s_e45d0d44a32669c00454d037,FIP,missing_projection_metric
pitcher,2026,RotoWire,p_ffe00fc2f01b7827200e26a4,s_401612462f44a1c3364cba4f,FIP,missing_projection_metric
pitcher,2026,RotoWire,p_c6edb861266cca1d8b7777f3,s_9e0de88350b421f81ec12712,FIP,missing_projection_metric
pitcher,2026,RotoWire,p_070918a027c45f11ba1c7216,s_3cb0f247392b812f36ec9878,FIP,missing_projection_metric
pitcher,2026,RotoWire,p_e10fdff8ef686e5845a7cfee,s_08750125c8f7e6880fe4018e,FIP,missing_projection_metric
pitcher,2026,RotoWire,p_a1dd30c06e29129ba5461f1e,s_9ed676fc1486825fd9ef21fa,FIP,missing_projection_metric
pitcher,2026,RotoWire,p_a52253efb8f29cc26461b906,s_37b9eb34fd4a4a7bedbf1de9,FIP,missing_projection_metric
pitcher,2026,RotoWire,p_13d0b2d2bfa1eb67d025c56d,s_888d4587c81fb0c832c125f4,FIP,missing_projection_metric
pitcher,2026,RotoWire,p_ab34ac7065869093f97fd7ed,s_014afa24a5effe4abd643a91,FIP,missing_projection_metric
pitcher,2026,RotoWire,p_ef076093f73d78369c5e2007,s_62c42bf78a57a4c6284b4c86,FIP,missing_projection_metric
pitcher,2026,RotoWire,p_318949b8bccbfa80a4474acc,s_537e9c3db329aa5b6a20f344,FIP,missing_projection_metric
pitcher,2026,RotoWire,p_e9baadb1fdaf2108fb24d243,s_d51db1464aeba861c6fb9129,FIP,missing_projection_metric
pitcher,2026,RotoWire,p_edfc64041b7ee8740960ecff,s_015d294682c40069c48c4506,FIP,missing_projection_metric
pitcher,2026,RotoWire,p_7e61c15cf9c6d600c25cc6b0,s_578e03fdf78f3da8993ba802,FIP,missing_projection_metric
pitcher,2026,RotoWire,p_463c8505b18605c1574ec77d,s_4f4f5dd275be9f5a369e4c9a,FIP,missing_projection_metric
pitcher,2026,RotoWire,p_fc2efd485c9feb6bf3d10686,s_2891b40bce7037cb6fc4160c,FIP,missing_projection_metric
pitcher,2026,RotoWire,p_48da1d101e8cb6eb88275ac2,s_875d6a0a39242fc632d4d458,FIP,missing_projection_metric
pitcher,2026,RotoWire,p_340fa49b390d7ccae182eaa4,s_e226d353eaea6f69c7205dcf,FIP,missing_projection_metric
pitcher,2026,RotoWire,p_028d1e47ba08f397b36a0b34,s_17a5878850d218b141b7e6a3,FIP,missing_projection_metric
pitcher,2026,RotoWire,p_a80d4ffd8c4ac0d867414d37,s_752b5446c44d8e7ce2155452,FIP,missing_projection_metric
pitcher,2026,RotoWire,p_601859fdd8080fb55daaca88,s_36065566c97b35b68687fdf8,FIP,missing_projection_metric
pitcher,2026,RotoWire,p_d27727ac36c7fea7168491ea,s_4d01e5a76005617d7b76e157,FIP,missing_projection_metric
pitcher,2026,RotoWire,p_c16ceee80f9bfb1fec04cdfe,s_beeb5243a74a35a0bf5daff1,FIP,missing_projection_metric
pitcher,2026,RotoWire,p_3d7dbeb61bf17e62ef16d36b,s_09dae89ed03cfa40558feb64,FIP,missing_projection_metric
pitcher,2026,RotoWire,p_cb7e3547063497ea6d59f8f1,s_bb303cb7f8b3f5f771d8c07a,FIP,missing_projection_metric
pitcher,2026,RotoWire,p_5265b84a78acbbda433f96c7,s_85ff95d1a073bcdabe150465,FIP,missing_projection_metric
pitcher,2026,RotoWire,p_d0ebfea953424a7ec46c2eb9,s_4b0f02a5848e9f03f5294b16,FIP,missing_projection_metric
pitcher,2026,RotoWire,p_c4eb415b77ff8b7ebcd826e3,s_903df48c3452114e1decec98,FIP,missing_projection_metric
pitcher,2026,RotoWire,p_3751299442003f8a18705d67,s_5641bfed92a468abeb3f210f,FIP,missing_projection_metric
pitcher,2026,RotoWire,p_2760b771d5d2d52f8c0db525,s_e29248ee3c0c7f65f93467a0,FIP,missing_projection_metric
pitcher,2026,RotoWire,p_c1d12d935a24fbd60d6cf764,s_5d987d21cf52bafe5221dd67,FIP,missing_projection_metric
pitcher,2026,RotoWire,p_0e089b0f2e016b32a874b52f,s_40661569304e9e6d235aa5aa,FIP,missing_projection_metric
pitcher,2026,RotoWire,p_c229b53fa6e02347d49d14af,s_92a1f1638de6e45c64f25eab,FIP,missing_projection_metric
pitcher,2026,RotoWire,p_5aa9a1553defc70fdc9f44f6,s_0c3ae8fae4c2937f9a6a7a97,FIP,missing_projection_metric
pitcher,2026,RotoWire,p_99f38b09686a812eec67a07d,s_87afe2fa72b7e6dedeb56fc5,FIP,missing_projection_metric
pitcher,2026,RotoWire,p_7c9db6128a2d163051be00ea,s_3b96b41fd9e2148088b0c288,FIP,missing_projection_metric
pitcher,2026,RotoWire,p_87e0f824b432c68de2f1cdda,s_7bdb2abc30385b242b1e6dc6,FIP,missing_projection_metric
pitcher,2026,RotoWire,p_9d30f7fa80d5f631417ee075,s_f25bda8bdbf9dce044b98f09,FIP,missing_projection_metric
pitcher,2026,RotoWire,p_b780c726b42fc01482d044ea,s_c405b0c20b4e6359698228ac,FIP,missing_projection_metric
pitcher,2026,RotoWire,p_4418e268dc293e4c447c6546,s_834fab11eb38bf6052973750,FIP,missing_projection_metric
pitcher,2026,RotoWire,p_4f63322407a16b6cb9e684d5,s_0dfd2147ebf1de91bb4049f9,FIP,missing_projection_metric
pitcher,2026,RotoWire,p_4666c8933a6cfbcd75a49204,s_f49a29cb525ee8b5105bf239,FIP,missing_projection_metric
pitcher,2026,RotoWire,p_65fc75eaa7cdf02f389515d9,s_8907cc7237cc8bbfecb8d45d,FIP,missing_projection_metric
pitcher,2026,RotoWire,p_371a1a346ec1e2f9db0ad977,s_5b3d13e1056846fe80754a17,FIP,missing_projection_metric
pitcher,2026,RotoWire,p_c3cfef0ffe32dcdecf86b61f,s_548eacae98a2577c2e8ecc25,FIP,missing_projection_metric
pitcher,2026,RotoWire,p_27741deb9bcc7a5143466fbb,s_8e93023757fb4490770b557c,FIP,missing_projection_metric
pitcher,2026,RotoWire,p_a040d5160e3ed9b54434cfbb,s_b1cf44160a6db5a931afdfaa,FIP,missing_projection_metric
pitcher,2026,RotoWire,p_31e198d6dadb10cdd4b3261f,s_8f1280b82543642957404379,FIP,missing_projection_metric
pitcher,2026,RotoWire,p_fde1cb0513829d5de21b3f1e,s_42a6de7becabde90a55ad218,FIP,missing_projection_metric
pitcher,2026,RotoWire,p_d0cb62e3b68e340a9cdfacc2,s_ae7774bb549201c34d77e05c,FIP,missing_projection_metric
pitcher,2026,RotoWire,p_d67e2299a0f2997cb42780b7,s_2cdabf4aa1046a81574ca380,FIP,missing_projection_metric
pitcher,2026,RotoWire,p_5ab6446da06e03d88133c394,s_d8333a88bb0ba38ee61b0600,FIP,missing_projection_metric
pitcher,2026,RotoWire,p_1dd0b1900f0273e21e3b6bc0,s_4119bdd6c893fb622e67d966,FIP,missing_projection_metric
pitcher,2026,RotoWire,p_38048eea2f7c671d69ecd76b,s_36637e82852ce9266583b1cd,FIP,missing_projection_metric
pitcher,2026,RotoWire,p_161e5a9305eaea8fb63c7654,s_71de7fd1e8bd40c2c73f2611,FIP,missing_projection_metric
pitcher,2026,RotoWire,p_a6d5aaf96c6c17db57e8301a,s_5a02842895ea3a11c3fffa36,FIP,missing_projection_metric
pitcher,2026,RotoWire,p_7b633d9c0fd8d30fda378a1c,s_6686b82c60156c0ae0d0bbfa,FIP,missing_projection_metric
pitcher,2026,RotoWire,p_f7bab10a7c231ef55feda704,s_bd939012e148491941d0b364,FIP,missing_projection_metric
pitcher,2026,RotoWire,p_76d7ef74cfa636d8b9d155bd,s_fd3454bba7c92acb8cfe6c4f,FIP,missing_projection_metric
pitcher,2026,RotoWire,p_f50562cd42d6cc25aedd76e1,s_116f1b993051f4281b5f0885,FIP,missing_projection_metric
pitcher,2026,RotoWire,p_5988f710e101ad2973bb1376,s_8e58a0514b94aa4876615f9c,FIP,missing_projection_metric
pitcher,2026,RotoWire,p_f33b45e0082d9a26a8b16000,s_1d4ca3de5c0f190ad1cd9904,FIP,missing_projection_metric
pitcher,2026,RotoWire,p_ca0d45e796adb570fdbab1c7,s_c54989d725c39f992d847180,FIP,missing_projection_metric
pitcher,2026,RotoWire,p_ad235584736e2db776c9f300,s_82c549976445ec5293bd4013,FIP,missing_projection_metric
pitcher,2026,RotoWire,p_9085615513755fa3b7c88ed7,s_f8dee4d6a6d5b4fc6bf16c14,FIP,missing_projection_metric
pitcher,2026,RotoWire,p_533e1d1b9b0e042ae42a70bc,s_8f36a1e0022c964f31c91f6c,FIP,missing_projection_metric
pitcher,2026,RotoWire,p_6bd9055b9b59370a6fc21176,s_38cb4d4248701e7a6ce03c04,FIP,missing_projection_metric
pitcher,2026,RotoWire,p_1142060f4e1e790850d30e59,s_e3055325e6d4d537bb5e9944,FIP,missing_projection_metric
pitcher,2026,RotoWire,p_dae721ae0af6fe067aae9fe3,s_db565252059663c6bffa179c,FIP,missing_projection_metric
pitcher,2026,RotoWire,p_922ce00ab6c0df908faed3ae,s_ef97b59aeed2b866edf74fc1,FIP,missing_projection_metric
pitcher,2026,RotoWire,p_337ef551541514c24ce1c46c,s_229979b7e30905a88660d96c,FIP,missing_projection_metric
pitcher,2026,RotoWire,p_30abefb7f554a01f12b64dc7,s_fc49ffe12ccb4971dd49b87c,FIP,missing_projection_metric
pitcher,2026,RotoWire,p_4e095ac42b4a01d1fdf29e14,s_c1ff9537b3916f96e21da196,FIP,missing_projection_metric
pitcher,2026,RotoWire,p_ca0da33a70c68f592795f426,s_92ec7236f3bdeff13bd44080,FIP,missing_projection_metric
pitcher,2026,RotoWire,p_35ac1581cac235bb1668f22a,s_d36b2e4d860586127be89fd8,FIP,missing_projection_metric
pitcher,2026,RotoWire,p_e4a10c7f007942d7d013ffa8,s_cf43669aca51ad8bb46a7ad1,FIP,missing_projection_metric
pitcher,2026,RotoWire,p_f1199c5e49b77b823fde65db,s_143519ffbff4d224a199b05c,FIP,missing_projection_metric
pitcher,2026,RotoWire,p_2d89951f468f9685aecc45ef,s_03122fe5dd8adcaf8d77c768,FIP,missing_projection_metric
pitcher,2026,RotoWire,p_f6c81be67460a702270428c3,s_af291b754a869e280b9c2b8e,FIP,missing_projection_metric
pitcher,2026,RotoWire,p_05f3918b6278bcd6d3856315,s_df9b30f4a30507058f649de3,FIP,missing_projection_metric
pitcher,2026,RotoWire,p_bc1f7345b1d67fbf1e7c9f68,s_4e9fd06a26e71e911e735224,FIP,missing_projection_metric
pitcher,2026,RotoWire,p_5fc4cd4565230611a892c103,s_715fa66e6dfd8383030a4599,FIP,missing_projection_metric
pitcher,2026,RotoWire,p_c564f60ca570a42cae848b9d,s_187fde3f46b3d79e19312456,FIP,missing_projection_metric
pitcher,2026,RotoWire,p_4b42caae2c74a4d78fc1d2c5,s_5a02da658098d16ade5abcfa,FIP,missing_projection_metric
pitcher,2026,RotoWire,p_8b93ec63be6ec0ab8c535e69,s_0518026017a1f141d269059b,FIP,missing_projection_metric
pitcher,2026,RotoWire,p_23ad51a9725fb7e2007c6f4a,s_a90769eb9d65f184dc3ba662,FIP,missing_projection_metric
pitcher,2026,RotoWire,p_e0d80b0ade89ca191c7c7e55,s_e14d447b381f1e1b02d397af,FIP,missing_projection_metric
pitcher,2026,RotoWire,p_93b79e92d76fa2af9c41c2cb,s_f3964a3b926efc08eaa079e7,FIP,missing_projection_metric
pitcher,2026,RotoWire,p_574ecbd5a49e1ed6c42b24dc,s_15412145a00613abe84e86db,FIP,missing_projection_metric
pitcher,2026,RotoWire,p_dedb29c4c8c6ce892139f533,s_df57e2dc4776985c74b9ce97,FIP,missing_projection_metric
pitcher,2026,RotoWire,p_0876ad8121b608233facdf46,s_7236fb6735a8e63e3af6edf1,FIP,missing_projection_metric
pitcher,2026,RotoWire,p_d445cfc4cbcbaa36bc71236d,s_f633dd566d881d2b933d6b51,FIP,missing_projection_metric
pitcher,2026,RotoWire,p_8b9cb10f6657921d3c1ea1a2,s_2d1cd2cafa217d36a804386f,FIP,missing_projection_metric
pitcher,2026,RotoWire,p_c09cf00381457e60dd0c837e,s_78f62445549e2eb76f41cac4,FIP,missing_projection_metric
pitcher,2026,RotoWire,p_79db076d96a757be408fc0b5,s_02e73efe89ad262325e8dfaa,BABIP,missing_projection_metric
pitcher,2026,RotoWire,p_71d09db50c9a74cdff2daaa6,s_614802de35e345fb7ede0dda,BABIP,missing_projection_metric
pitcher,2026,RotoWire,p_fe8cab313ac88ec19b9d2fd5,s_20ee2b13a3927aaf89b8a0f2,BABIP,missing_projection_metric
pitcher,2026,RotoWire,p_70c49bf0f0626ec80e6293cd,s_1ca8ae9daf345f13f08be96c,BABIP,missing_projection_metric
pitcher,2026,RotoWire,p_7f3c31a904c074d502da70d5,s_66635d895980ec6ac7e9c95d,BABIP,missing_projection_metric
pitcher,2026,RotoWire,p_076050d971510ecbad0e9fc2,s_796e0cb433f95b4700dc1cb3,BABIP,missing_projection_metric
pitcher,2026,RotoWire,p_0dc12b093f01fa4ff1998e35,s_52a8f78e72cffe623c4beaec,BABIP,missing_projection_metric
pitcher,2026,RotoWire,p_b64f0bdc08dbeb2bf1f233f1,s_52c78ceb5d9d23c55918a01f,BABIP,missing_projection_metric
pitcher,2026,RotoWire,p_5e15cd85b86d4f7d8a3917f1,s_e06a5474d27445ec072d0359,BABIP,missing_projection_metric
pitcher,2026,RotoWire,p_c77633fc44aa9ab70e90b313,s_e99e7ffd1bd3cafb2fda6e44,BABIP,missing_projection_metric
pitcher,2026,RotoWire,p_7a0f54bccb8bb17435ba889a,s_a0393aa3cb0d4c07fdc452ba,BABIP,missing_projection_metric
pitcher,2026,RotoWire,p_a8c6e164b8c9d48c0a076f2c,s_7f244160368a805400e14a62,BABIP,missing_projection_metric
pitcher,2026,RotoWire,p_961f6e00dd2d95905acb6d7f,s_fbd426f38b7a98cbd6fd9fc2,BABIP,missing_projection_metric
pitcher,2026,RotoWire,p_7837da98084befe7500c0de1,s_e33f1987f1f370fba5e8b6f1,BABIP,missing_projection_metric
pitcher,2026,RotoWire,p_47ed758dc936cd8e92d1d3fb,s_ad2c9cd6d2a4b7af156273fe,BABIP,missing_projection_metric
pitcher,2026,RotoWire,p_ab80696a06cabb94d0590e17,s_34aad421bfe6fbfaff97283d,BABIP,missing_projection_metric
pitcher,2026,RotoWire,p_d37981ebca7896eb8c5d5e08,s_ad008f879e465fc7added602,BABIP,missing_projection_metric
pitcher,2026,RotoWire,p_8349a663da3750fe77506964,s_09e8532c1e4f4ac4fe7ab5ad,BABIP,missing_projection_metric
pitcher,2026,RotoWire,p_6660c34756e8e079063c8590,s_f7b7cb1405b211e04f7fbc12,BABIP,missing_projection_metric
pitcher,2026,RotoWire,p_3a56b40b2c57dca6ae8cf58e,s_7f9591b058fdd1db884ec9b4,BABIP,missing_projection_metric
pitcher,2026,RotoWire,p_1c8acb186b9d936cb16ba8c8,s_524eb687adb4e4f3c7208d75,BABIP,missing_projection_metric
pitcher,2026,RotoWire,p_8cb9b18f097241aaca305ef9,s_ad4a6ec31c7ee36215220d40,BABIP,missing_projection_metric
pitcher,2026,RotoWire,p_30de042ebbb0b98c455a5266,s_17d5978d0e70f0d886c4d08c,BABIP,missing_projection_metric
pitcher,2026,RotoWire,p_28abf5cc48d77ded7411a157,s_ced59eb3acfa93540d7dda19,BABIP,missing_projection_metric
pitcher,2026,RotoWire,p_cf9fa37e74c0fa0c64a54b23,s_c77a1898a876049f00b4004e,BABIP,missing_projection_metric
pitcher,2026,RotoWire,p_000215aa0a15c0d7ca6d5492,s_e640bc8bd3c8454846755b00,BABIP,missing_projection_metric
pitcher,2026,RotoWire,p_ce0a7b766c90514f3d557d6b,s_05af1499743ad27ac3f9de42,BABIP,missing_projection_metric
pitcher,2026,RotoWire,p_d931f098ccb7246a53c02b23,s_58ee4d655966670a532d22d5,BABIP,missing_projection_metric
pitcher,2026,RotoWire,p_14ae2075371d15014297c7ae,s_2945d8db294971bc58dc7928,BABIP,missing_projection_metric
pitcher,2026,RotoWire,p_e57a7daba23968e0156d47d8,s_9f0b3f3e9149946c020e1b84,BABIP,missing_projection_metric
pitcher,2026,RotoWire,p_f8207c80dd8d374f9e4cc152,s_4b83386ab430086495361d6f,BABIP,missing_projection_metric
pitcher,2026,RotoWire,p_e333710884baecb1ae5dba0f,s_7d08a9b76af5b8f0b8448821,BABIP,missing_projection_metric
pitcher,2026,RotoWire,p_67c782a89ca0d0934cb67da0,s_1f69d8750d3f7ba8256d97ee,BABIP,missing_projection_metric
pitcher,2026,RotoWire,p_05b053aef1fe89fcd847726e,s_562775cf25cd3f31f8e59c34,BABIP,missing_projection_metric
pitcher,2026,RotoWire,p_5c31828b78f7ebd5a1f567ea,s_1738f243cfb1a99899c2a7dc,BABIP,missing_projection_metric
pitcher,2026,RotoWire,p_dae655bcb2a707499b8da77f,s_4ae5c13d3dec7187155fae83,BABIP,missing_projection_metric
pitcher,2026,RotoWire,p_a55e1314437f703697888e9a,s_f58c4f95ff890a6b6b20d0b8,BABIP,missing_projection_metric
pitcher,2026,RotoWire,p_bad965b08abad35f7f072927,s_41bba3a6a43b0537bb54e299,BABIP,missing_projection_metric
pitcher,2026,RotoWire,p_7f60fe780813d2e2f804a47f,s_4ced7b9890859c8d08fb63b1,BABIP,missing_projection_metric
pitcher,2026,RotoWire,p_f732808de15e4b6e01ed6e5e,s_616ef2c9ccaaeabb97487640,BABIP,missing_projection_metric
pitcher,2026,RotoWire,p_a88afe1f0743c6b59b5fa48c,s_84bef2c1e7861ff427632396,BABIP,missing_projection_metric
pitcher,2026,RotoWire,p_fac8fe6d0d4a7a73a2dc5d0b,s_12013fb886c3b5b3a867a185,BABIP,missing_projection_metric
pitcher,2026,RotoWire,p_4946d0fafc0d0ae33e1e930e,s_23594cd3339f56e30480cd45,BABIP,missing_projection_metric
pitcher,2026,RotoWire,p_45af90dea0a15679463264ff,s_70e54aa9970aa17262b01623,BABIP,missing_projection_metric
pitcher,2026,RotoWire,p_cc3893db1d216499b15a96b7,s_86c270b67e17b539dc6bcf96,BABIP,missing_projection_metric
pitcher,2026,RotoWire,p_10a3e264d0d762f0a6116bf0,s_0d7a85627da562938036f05a,BABIP,missing_projection_metric
pitcher,2026,RotoWire,p_69bf94efbaeb173840b3fe59,s_603a7fa637a85021fd2334bf,BABIP,missing_projection_metric
pitcher,2026,RotoWire,p_20cfc1ed708ec62614a8be4a,s_e9f44b929da6498d83f1e4b0,BABIP,missing_projection_metric
pitcher,2026,RotoWire,p_5e4be1b675696e14d59387d7,s_569a4ab274f1c1ffc0aac1bf,BABIP,missing_projection_metric
pitcher,2026,RotoWire,p_bc5886f85f668aec59f650a3,s_20a9db26a02c74fd697d0b28,BABIP,missing_projection_metric
pitcher,2026,RotoWire,p_c5b82d72e1ce8ed1000e8ca9,s_7aed22939a32c3a2bf7c9dbb,BABIP,missing_projection_metric
pitcher,2026,RotoWire,p_b43c67aae95620f8ae32f063,s_22d6db56ca20ecfbab1e3dbb,BABIP,missing_projection_metric
pitcher,2026,RotoWire,p_78a8db997f51090cfa594d12,s_b54fe9d62534073c2f494b32,BABIP,missing_projection_metric
pitcher,2026,RotoWire,p_56f8cacbf95fa9e9ccd5f037,s_ccdf7d168096c840b25ca2f5,BABIP,missing_projection_metric
pitcher,2026,RotoWire,p_2cd1bbdbc7d02b4f5c0e4a81,s_e1f52ec2819f17b068323800,BABIP,missing_projection_metric
pitcher,2026,RotoWire,p_07394d99dcbd9729eb1c244b,s_17f2ef6270a28339bb189ba1,BABIP,missing_projection_metric
pitcher,2026,RotoWire,p_17e93d5e2f0eff121bd2e922,s_4ea0e8ba5ebb276a47a29537,BABIP,missing_projection_metric
pitcher,2026,RotoWire,p_05853e333f5ea183e286e9f3,s_c2983ea9e81c1508c6099caa,BABIP,missing_projection_metric
pitcher,2026,RotoWire,p_f291c89c85ccbcc1a5b86d36,s_f096a15291b2715045f8289b,BABIP,missing_projection_metric
pitcher,2026,RotoWire,p_9d536cb354f545a79cf263ad,s_5e7a22ab833cad21b60282e5,BABIP,missing_projection_metric
pitcher,2026,RotoWire,p_19dec057e552049568aaec59,s_a69ed7ac9bdf1e86f70e84f9,BABIP,missing_projection_metric
pitcher,2026,RotoWire,p_ab201d9f00a18e2a1bcb84f8,s_3e72fa6e0785b6b8645834f6,BABIP,missing_projection_metric
pitcher,2026,RotoWire,p_af8228da2186a3c55a0c0647,s_aae2bcd9d96ff918fe948e2a,BABIP,missing_projection_metric
pitcher,2026,RotoWire,p_dccf73052bae55c71948ac4c,s_3219ee8482f2f624dc4ec859,BABIP,missing_projection_metric
pitcher,2026,RotoWire,p_e6f97a8200763e284decf5ae,s_6bdd30c677b24b708db0e278,BABIP,missing_projection_metric
pitcher,2026,RotoWire,p_fdcc3c57fc1404d67ef4d33f,s_dedfd054be4ff6c3c5938dd2,BABIP,missing_projection_metric
pitcher,2026,RotoWire,p_97392f4b9a9bcd3580abacfa,s_eb8229b948d02b6f80bcf1cf,BABIP,missing_projection_metric
pitcher,2026,RotoWire,p_081253e7d079edbb13e4e0de,s_65a0c6f3512d068c8ebbc923,BABIP,missing_projection_metric
pitcher,2026,RotoWire,p_61fb48d2e73aa7850e1737bd,s_a3cd36cc4d8cf2cf829bf81a,BABIP,missing_projection_metric
pitcher,2026,RotoWire,p_2b11176e1209a4155291382a,s_036c5aea09ea8e4d4d8832aa,BABIP,missing_projection_metric
pitcher,2026,RotoWire,p_b2fab903e6ffc323ace73400,s_f8b373e56d8fbca3810dcb90,BABIP,missing_projection_metric
pitcher,2026,RotoWire,p_24a22b256217bda128f194b7,s_9f06f3eaed258dfb1a93e3f0,BABIP,missing_projection_metric
pitcher,2026,RotoWire,p_b70c49459235c52b0d564237,s_5a568f574297c4ff5b76319a,BABIP,missing_projection_metric
pitcher,2026,RotoWire,p_6cb3547deca91d83694527f9,s_31fabd9729215a9949003c77,BABIP,missing_projection_metric
pitcher,2026,RotoWire,p_e596c20f3f965f74f208c29f,s_8328e2b71b4ee86fe3a2f3f4,BABIP,missing_projection_metric
pitcher,2026,RotoWire,p_481d55069fc331213e830346,s_8b4be7a0ecc307bc3fa75358,BABIP,missing_projection_metric
pitcher,2026,RotoWire,p_fde48aca5839877a629d3e92,s_5c7331f17b7b63e2e03d11df,BABIP,missing_projection_metric
pitcher,2026,RotoWire,p_5e4a0f72ee5813838f4aff38,s_067ff7ec56f29a45f041acb9,BABIP,missing_projection_metric
pitcher,2026,RotoWire,p_80b914cf66fe72410163fff3,s_9cdbd8af6d471af0399a1fcd,BABIP,missing_projection_metric
pitcher,2026,RotoWire,p_16e4efe96d962f1312ff2ed5,s_a17377923fa84851e0ea0064,BABIP,missing_projection_metric
pitcher,2026,RotoWire,p_1d309b98d8a85dce0f5ce922,s_dda28f951ebc4c3d20388033,BABIP,missing_projection_metric
pitcher,2026,RotoWire,p_31b06a37157510ce6f137ea5,s_23a075b1781e644b664395e1,BABIP,missing_projection_metric
pitcher,2026,RotoWire,p_41d77fd79c69b4fb06385e5c,s_a6dbf0caee5440ae6d54a731,BABIP,missing_projection_metric
pitcher,2026,RotoWire,p_5d461229c4f3a1d894c1ef5b,s_a3d91b35925836f0030d069b,BABIP,missing_projection_metric
pitcher,2026,RotoWire,p_29e3a8fc6ea52a0f2a8c07d7,s_56f3548c202df799cede6dd5,BABIP,missing_projection_metric
pitcher,2026,RotoWire,p_b25d93daecd6b8c40be76364,s_08938cb1e2bd51545c9ae8ae,BABIP,missing_projection_metric
pitcher,2026,RotoWire,p_1e13703553ee4e761b93a8d2,s_1ddd04d3fc7b7cbd69c573ce,BABIP,missing_projection_metric
pitcher,2026,RotoWire,p_7c8aefd139986ac3072d388d,s_6281ffe87331df956d90942a,BABIP,missing_projection_metric
pitcher,2026,RotoWire,p_41722893e1c4663095c86715,s_bf91f90f1033a36d841735dd,BABIP,missing_projection_metric
pitcher,2026,RotoWire,p_71ab6c91e583b9c4b88368c8,s_698cac4bee7738b7d497b9cc,BABIP,missing_projection_metric
pitcher,2026,RotoWire,p_79c8921830ad0b38d9102933,s_75d4baa0e78ba48f8ad5a854,BABIP,missing_projection_metric
pitcher,2026,RotoWire,p_132c5c809400e7c9829c64f8,s_b2e18d452a15a3f9f5c92db1,BABIP,missing_projection_metric
pitcher,2026,RotoWire,p_ed117e6d08f801679bab8315,s_a6be2f4e494d49dc1c0ef7a6,BABIP,missing_projection_metric
pitcher,2026,RotoWire,p_7b181bc3135686a422e14ce5,s_89a4d8a46c2532371b238053,BABIP,missing_projection_metric
pitcher,2026,RotoWire,p_bdacaf18408f4db91a1d636e,s_f0ae22590feb1167596ad39b,BABIP,missing_projection_metric
pitcher,2026,RotoWire,p_7c02936ac6ca07e9b01cbaf4,s_cf11914bd152b9d9f461ea08,BABIP,missing_projection_metric
pitcher,2026,RotoWire,p_28bb786af5098edc9010594c,s_c18134503823c04064fc3ff8,BABIP,missing_projection_metric
pitcher,2026,RotoWire,p_a22a4d8b57e5468ad3a65d76,s_bdfe575a8f03acc401a8123c,BABIP,missing_projection_metric
pitcher,2026,RotoWire,p_6a42955399901b3739b52d45,s_50b8bc6751c5093241089ca6,BABIP,missing_projection_metric
pitcher,2026,RotoWire,p_b089c61cefb15acef80e4522,s_2e9063597ffcdcad42b10efa,BABIP,missing_projection_metric
pitcher,2026,RotoWire,p_2dcfce41c52f17e2ea97a04c,s_c0943b9905e238779697b5dc,BABIP,missing_projection_metric
pitcher,2026,RotoWire,p_a67d7439eaa5a301707a0a3a,s_591c26d378ad73e95af715cd,BABIP,missing_projection_metric
pitcher,2026,RotoWire,p_d414670609afdbe251cf99be,s_c42855b7de7177fb727fb7e3,BABIP,missing_projection_metric
pitcher,2026,RotoWire,p_1af5dd31a0e578895fc78c7a,s_f183b8441ccd7236312f3495,BABIP,missing_projection_metric
pitcher,2026,RotoWire,p_3f22e91a73d176ec1adc71e5,s_7d857c8b61a49b06d77bc3a8,BABIP,missing_projection_metric
pitcher,2026,RotoWire,p_36b9e4f3c1486512b790c92a,s_a73483fc2d124c4a09e99795,BABIP,missing_projection_metric
pitcher,2026,RotoWire,p_bbe0b0144e2190d075a1534d,s_5157500c6e2ba6c70bb5b04b,BABIP,missing_projection_metric
pitcher,2026,RotoWire,p_3d0062533d192d85478f4c10,s_77a62d6a51cfcb12763cec3f,BABIP,missing_projection_metric
pitcher,2026,RotoWire,p_b0e54ab450830f76f778c92d,s_2c8e1611ddf4dcf1f5ec772f,BABIP,missing_projection_metric
pitcher,2026,RotoWire,p_1842c09e90dd4df6bc699fe5,s_dcbcc705bfca6b8aa3327cbf,BABIP,missing_projection_metric
pitcher,2026,RotoWire,p_cd588d51b00463d2fafe77cc,s_bdafbc46a4d523d5f809cd46,BABIP,missing_projection_metric
pitcher,2026,RotoWire,p_0d3da1fa979ed07af5004686,s_e185f1ad7e3651df58d43f9d,BABIP,missing_projection_metric
pitcher,2026,RotoWire,p_fdea2ad4794d12911ab12ec2,s_0f7c97601be907424af919ac,BABIP,missing_projection_metric
pitcher,2026,RotoWire,p_2c23e59d57f37af52a2c0170,s_5697470dc73097764a390fd8,BABIP,missing_projection_metric
pitcher,2026,RotoWire,p_b6c41e8a47dd22519ed59712,s_a90254f322b7431d70ae4057,BABIP,missing_projection_metric
pitcher,2026,RotoWire,p_716e1d0491d0acf637acf49d,s_c4cce9240189d044dd3329e7,BABIP,missing_projection_metric
pitcher,2026,RotoWire,p_ce2c49b4be7d2bce7223a6a0,s_0d3b439462823eb7e399fd3e,BABIP,missing_projection_metric
pitcher,2026,RotoWire,p_2d5fe2afb55076421b84c2d7,s_398c3f61db847db934f6b270,BABIP,missing_projection_metric
pitcher,2026,RotoWire,p_442f67b0e6c767028dd31107,s_c83002c2f99332d5425bbd12,BABIP,missing_projection_metric
pitcher,2026,RotoWire,p_583ce1d38f5dfec0877a25c3,s_b5777ad9f2ec12bc72570ccb,BABIP,missing_projection_metric
pitcher,2026,RotoWire,p_2269ea2145532d73c89362b1,s_fc62eb5ed0edf0b71c81610f,BABIP,missing_projection_metric
pitcher,2026,RotoWire,p_230ac4acbb3108f710292706,s_342bc20cae260e3cc3a2e0ae,BABIP,missing_projection_metric
pitcher,2026,RotoWire,p_d102f410880190d0edf406b6,s_8666beaad3ad1f0ac5e85d72,BABIP,missing_projection_metric
pitcher,2026,RotoWire,p_da8308c5e24e6b959b553489,s_6304808ac13dd00744470a58,BABIP,missing_projection_metric
pitcher,2026,RotoWire,p_6d4ae8b0d7f537ca8fbfe71e,s_8b4a8134fb13d9aafc6a4da6,BABIP,missing_projection_metric
pitcher,2026,RotoWire,p_f468eeff6fef7a47f63cd456,s_09cc96f415ecf4501e3aa097,BABIP,missing_projection_metric
pitcher,2026,RotoWire,p_3a5340479fb9d5d45f5e9e64,s_2cd92837f0e92867470a70a6,BABIP,missing_projection_metric
pitcher,2026,RotoWire,p_e34cbeb141d24f4faface8ac,s_71b56212edfebcad3a8c54b9,BABIP,missing_projection_metric
pitcher,2026,RotoWire,p_969b0d48692c2520e3a6ca51,s_0662c51630d77110d38e7748,BABIP,missing_projection_metric
pitcher,2026,RotoWire,p_d7a6a481b2c8156315936897,s_82f9218259ded6fa2112f2ae,BABIP,missing_projection_metric
pitcher,2026,RotoWire,p_fae8649ac857a8babf1bdca8,s_028c0d6cd2dd3953de7d9837,BABIP,missing_projection_metric
pitcher,2026,RotoWire,p_6cb98ada7d3e5f6be65307b2,s_d5d4d62889977950f37ee8b4,BABIP,missing_projection_metric
pitcher,2026,RotoWire,p_0738eee4fb6a62334e2dc6a6,s_85ec860c4050835b36b71df5,BABIP,missing_projection_metric
pitcher,2026,RotoWire,p_eccd2ebd3c9871f883165c10,s_5f57d1ed50b0d3d9923bcc69,BABIP,missing_projection_metric
pitcher,2026,RotoWire,p_a4292d6ed24cf3d214692278,s_df44c62956c5f598e38205f0,BABIP,missing_projection_metric
pitcher,2026,RotoWire,p_3830026e4827f3c798c92493,s_da20a86bb54e62c1d83a4367,BABIP,missing_projection_metric
pitcher,2026,RotoWire,p_ba2387323b64d5ebd5d849ac,s_e7597dd07e0f1d8da59a3400,BABIP,missing_projection_metric
pitcher,2026,RotoWire,p_8d015290d706bfda018cbc6c,s_d0ce00300f20ec1a25e6e5c4,BABIP,missing_projection_metric
pitcher,2026,RotoWire,p_fd76b24f9ee996f781b69c33,s_045f549c48c01e18f685b98f,BABIP,missing_projection_metric
pitcher,2026,RotoWire,p_8a63344ccf2319f6266b3f1f,s_d45866520b5834dc3f5f1f83,BABIP,missing_projection_metric
pitcher,2026,RotoWire,p_e701ea2611f379ba863599b0,s_5c7f2d626f97b1de990bebb8,BABIP,missing_projection_metric
pitcher,2026,RotoWire,p_33ae34742e696d8f84d174a1,s_9d8113acdd23bed9a0f6adbc,BABIP,missing_projection_metric
pitcher,2026,RotoWire,p_983985938701c89b957bf280,s_211419391970d8b1d0144d40,BABIP,missing_projection_metric
pitcher,2026,RotoWire,p_833ff8e8d015c9ecd8ab1e4a,s_60e93d044ce76321b8243383,BABIP,missing_projection_metric
pitcher,2026,RotoWire,p_1495f8ede09487e68eb6132f,s_6b0133ab90086aca833e5eaf,BABIP,missing_projection_metric
pitcher,2026,RotoWire,p_712ae68dc57df5d305f2eced,s_9222565f90bb5eafa12ad508,BABIP,missing_projection_metric
pitcher,2026,RotoWire,p_c64d1a71e8b698a4cf973c7e,s_21308c26e641cb31d76ae9cc,BABIP,missing_projection_metric
pitcher,2026,RotoWire,p_6195a4077f4c42e4300606dc,s_fb661d7389529e74f0035106,BABIP,missing_projection_metric
pitcher,2026,RotoWire,p_b7e27b68ebd83bc6a468e72b,s_be63c50f73c8ff6661170b58,BABIP,missing_projection_metric
pitcher,2026,RotoWire,p_d90668f2da110f1ef8a9f695,s_3591de3176081ab38e550c8a,BABIP,missing_projection_metric
pitcher,2026,RotoWire,p_0656788e350d8a313901326d,s_69aa5aad97e53e41f94c1789,BABIP,missing_projection_metric
pitcher,2026,RotoWire,p_7baf8732d9a598c647856252,s_0c2b492e7d497799171ea7f1,BABIP,missing_projection_metric
pitcher,2026,RotoWire,p_036ba95158dbe1470dd58b5d,s_8a0abeccb9f873766e423e83,BABIP,missing_projection_metric
pitcher,2026,RotoWire,p_6b060d3dfdf334d2e513ce27,s_ae941874ac1912f4350685bd,BABIP,missing_projection_metric
pitcher,2026,RotoWire,p_a43389757236b20e3141d27c,s_72b0c2ef519efb4514c239b6,BABIP,missing_projection_metric
pitcher,2026,RotoWire,p_86bbc8fa57931321ecdf298d,s_e41dd40cfe43684375e3898f,BABIP,missing_projection_metric
pitcher,2026,RotoWire,p_9f3a80089b3361cb0cbce43f,s_8aed51ea81aacdcbdf8c00d4,BABIP,missing_projection_metric
pitcher,2026,RotoWire,p_ad78ce5032f69f100e3afe02,s_e837ffd18c02be5e23bb959c,BABIP,missing_projection_metric
pitcher,2026,RotoWire,p_20593f1b2a54d619214da9e6,s_eb06e57bd5e815759f05e53c,BABIP,missing_projection_metric
pitcher,2026,RotoWire,p_243c60d01118f80fce959797,s_3a18cc93ab30b64eb1cbdc46,BABIP,missing_projection_metric
pitcher,2026,RotoWire,p_6a5ad9cf8a12ffa4c0cfffae,s_f3b9ef45454b231ba60b9dca,BABIP,missing_projection_metric
pitcher,2026,RotoWire,p_f423bf407dac7dca6759a07b,s_c2ef29318fa8b384f2fae2d4,BABIP,missing_projection_metric
pitcher,2026,RotoWire,p_4d31d759d710f8357e79536b,s_7c265a1f04c8d1ff2fb0dcc1,BABIP,missing_projection_metric
pitcher,2026,RotoWire,p_2553085f66061508335f3fb1,s_d46240b83594205e73a80ee8,BABIP,missing_projection_metric
pitcher,2026,RotoWire,p_08c841183887e159fb3b9131,s_af85b36fafc81172db80c3be,BABIP,missing_projection_metric
pitcher,2026,RotoWire,p_1046da07b999ebe851bcced8,s_c3400b9286dccded1d6bd5b1,BABIP,missing_projection_metric
pitcher,2026,RotoWire,p_dba406ee26bfb7503c1bf27d,s_6100d708654d437b72f780fb,BABIP,missing_projection_metric
pitcher,2026,RotoWire,p_b3fd9a51515080534ee8cdc9,s_f350d4c57cc60cb9ee10371d,BABIP,missing_projection_metric
pitcher,2026,RotoWire,p_607b4432d07e4a7dfc0a7e67,s_ae784347c299600214f4d6ea,BABIP,missing_projection_metric
pitcher,2026,RotoWire,p_e65f6476452ef1c2469ceb29,s_b3c1dedcbd9dd3fd85aa19e3,BABIP,missing_projection_metric
pitcher,2026,RotoWire,p_2f8502e30665a12d3037adfa,s_113b16c1a8e292bbb3c799f2,BABIP,missing_projection_metric
pitcher,2026,RotoWire,p_dc952cf10742e3abc77f91bf,s_16a4f2dc7800547f70b65523,BABIP,missing_projection_metric
pitcher,2026,RotoWire,p_62360b5de96d90bc68e17dd9,s_b305bd7c53ab81f13c1c912e,BABIP,missing_projection_metric
pitcher,2026,RotoWire,p_c7e08145000aa38e16a0f7fc,s_038b937bebcb3941c080f59c,BABIP,missing_projection_metric
pitcher,2026,RotoWire,p_f2af4380a6d1108c9d507592,s_404b29b162dd302cc29e0f43,BABIP,missing_projection_metric
pitcher,2026,RotoWire,p_1821549cff26dbba5d4aca04,s_b15f1f5f5767cd47ef9f46fc,BABIP,missing_projection_metric
pitcher,2026,RotoWire,p_a0394efcc7f08bfbcaf82819,s_a4e2aa1108c24912c764ab83,BABIP,missing_projection_metric
pitcher,2026,RotoWire,p_2f79f472a978afdd718437e0,s_dcee8773c97bac3eaf4ae3e4,BABIP,missing_projection_metric
pitcher,2026,RotoWire,p_6812838b39eb2c709ed072fd,s_fc3128ea970344d60bcc6a9b,BABIP,missing_projection_metric
pitcher,2026,RotoWire,p_543d7c89d0a82ee568c8f70d,s_ae792e964b1c67ccc4dea181,BABIP,missing_projection_metric
pitcher,2026,RotoWire,p_c2f429582365b8384125cb6a,s_55c7e983497bcfd06e5e0a2c,BABIP,missing_projection_metric
pitcher,2026,RotoWire,p_0e56dc24388067d6adf8d91b,s_c82a6bbeb3d4a638908852d7,BABIP,missing_projection_metric
pitcher,2026,RotoWire,p_8961924234b18a32fc5f7a2c,s_f68640ccad2041e242b29f09,BABIP,missing_projection_metric
pitcher,2026,RotoWire,p_d0ae9150ea080d20bd5ec95d,s_82b1bfc3706b57e69ccc66f3,BABIP,missing_projection_metric
pitcher,2026,RotoWire,p_d9c64dd40ed1ff65a53e6228,s_751de3332f53fb67db97fd65,BABIP,missing_projection_metric
pitcher,2026,RotoWire,p_ec38b20b6fea67297fb8b7e9,s_e6ccdcafe03697ed83c3f667,BABIP,missing_projection_metric
pitcher,2026,RotoWire,p_fd293a60557159fc55b19a14,s_17c017336be777d6f7bd52fa,BABIP,missing_projection_metric
pitcher,2026,RotoWire,p_b8cb9339000eda49122a846d,s_e7d06d8895035094a72ee3f0,BABIP,missing_projection_metric
pitcher,2026,RotoWire,p_889ef298862822ad30619dee,s_74392b3536cab0d3639e5b53,BABIP,missing_projection_metric
pitcher,2026,RotoWire,p_f6d0db5ece194fe2beb1ec11,s_d6b37a50adcb95aa5c0edefb,BABIP,missing_projection_metric
pitcher,2026,RotoWire,p_ba6bc0de0ca86615bd2bdedc,s_676cb05c07bcc30e91eb692c,BABIP,missing_projection_metric
pitcher,2026,RotoWire,p_7f98fc5309c4bebcdf90b1ee,s_87e175102226c69f05792cb4,BABIP,missing_projection_metric
pitcher,2026,RotoWire,p_99936a0709128a5b98222b47,s_3bb81993e0fa94307a55f0d3,BABIP,missing_projection_metric
pitcher,2026,RotoWire,p_a2d71b7fb136048f257feacb,s_9b231aab3c071369d47d6aa1,BABIP,missing_projection_metric
pitcher,2026,RotoWire,p_6e405786ba3c4c7b03295e6c,s_ff6e0fb946fa9cfd93308244,BABIP,missing_projection_metric
pitcher,2026,RotoWire,p_f70df816fb2af92723c3bf45,s_e8eb19c3b70c6096d7c7d67e,BABIP,missing_projection_metric
pitcher,2026,RotoWire,p_57926ad8504ce0a902b32f60,s_8a41497965fdbc1e478408bc,BABIP,missing_projection_metric
pitcher,2026,RotoWire,p_4d320f12f7ed1ac1d64a8564,s_bb8efbc54ac4da39df06b9db,BABIP,missing_projection_metric
pitcher,2026,RotoWire,p_c9c4b9c76960c47b342a00fe,s_9ed8ffe1dcea97647aacace3,BABIP,missing_projection_metric
pitcher,2026,RotoWire,p_2d552f16a226676cfbe73c4b,s_0dbf2dfbdb2b739c681071d6,BABIP,missing_projection_metric
pitcher,2026,RotoWire,p_2b6dc032a155f10c90f5d066,s_1ed09da81190098daa437aeb,BABIP,missing_projection_metric
pitcher,2026,RotoWire,p_eb64217a110853bbd2776488,s_7756b14a2c726c3ccd7d4035,BABIP,missing_projection_metric
pitcher,2026,RotoWire,p_e53dd34ff1049b4cdddde3b2,s_3527fd472cfeb6eb12e052d9,BABIP,missing_projection_metric
pitcher,2026,RotoWire,p_67fd9d9af5f906af95676a62,s_605fed54b903a6fa29aaf809,BABIP,missing_projection_metric
pitcher,2026,RotoWire,p_fbcb5bbe88ef2a2cc64ce3bd,s_b123b2e61e113540d53980fd,BABIP,missing_projection_metric
pitcher,2026,RotoWire,p_bf86f5798c2e549b7fb30ee2,s_2a519d8c6bc98a6265df0750,BABIP,missing_projection_metric
pitcher,2026,RotoWire,p_7e64b52cb46e4cbbb3f33766,s_d86b607dda8bc443db5be938,BABIP,missing_projection_metric
pitcher,2026,RotoWire,p_12ca2be8b434327cb415d7c5,s_cd978a3f34d68e6fa9dc28de,BABIP,missing_projection_metric
pitcher,2026,RotoWire,p_f3591f0057a7a2816bc6c347,s_d528ab90c61131d5135f949f,BABIP,missing_projection_metric
pitcher,2026,RotoWire,p_94d21693ba45c52946454a20,s_1dad8d2293d9708902dd6459,BABIP,missing_projection_metric
pitcher,2026,RotoWire,p_f59021dc23b8ddcf8911efd0,s_ee8c763c1398adfd38e9636e,BABIP,missing_projection_metric
pitcher,2026,RotoWire,p_4fab0891227489fe7e84e153,s_37bca59eab36f2d7dc4d83b0,BABIP,missing_projection_metric
pitcher,2026,RotoWire,p_f092d568b762f9e2d2d576ac,s_fb8deb25ee0333238a60447f,BABIP,missing_projection_metric
pitcher,2026,RotoWire,p_69ae3692f4863f1abb5c3bb9,s_bb130d2e8768d4a1a9d71176,BABIP,missing_projection_metric
pitcher,2026,RotoWire,p_140d15342bf054cc6bef835d,s_26549a153ce622f24dd82e2a,BABIP,missing_projection_metric
pitcher,2026,RotoWire,p_e56f6708129dc98e3650a30b,s_74952806c4fd86a22a970001,BABIP,missing_projection_metric
pitcher,2026,RotoWire,p_be418d076834b45c8048ba6d,s_8dd5cf374b57e67801711b2d,BABIP,missing_projection_metric
pitcher,2026,RotoWire,p_d0fba3de9f79f83a683ff425,s_0eda4928e8df20b116bb6be5,BABIP,missing_projection_metric
pitcher,2026,RotoWire,p_4ab1054e1b4679af5e62847e,s_2654b58dbb7f7439524c956b,BABIP,missing_projection_metric
pitcher,2026,RotoWire,p_69cbff53fa69913aa98a74a7,s_e4ef3d2c4ad49d24972b735d,BABIP,missing_projection_metric
pitcher,2026,RotoWire,p_35b1547fd86fd8631d0c0c08,s_9939f2bcf1599e0892de23a9,BABIP,missing_projection_metric
pitcher,2026,RotoWire,p_c9127bf6fe2742b6cdf5e2c0,s_913fa0e452a2200977a40dc9,BABIP,missing_projection_metric
pitcher,2026,RotoWire,p_61ff0cbc6adc34d5b5e66201,s_7893c0a32d78a8b8cf441e7a,BABIP,missing_projection_metric
pitcher,2026,RotoWire,p_c2941564b78650e8c80a6590,s_0aa917eec648bd80cbb81b7b,BABIP,missing_projection_metric
pitcher,2026,RotoWire,p_b03bb8a15fb123d1ac325eaf,s_b2d6a6dc3f23881726738ef7,BABIP,missing_projection_metric
pitcher,2026,RotoWire,p_2929654d5957b9990cd15b63,s_e8e87aa53e80c41866282c19,BABIP,missing_projection_metric
pitcher,2026,RotoWire,p_d25ebff370ce4e9202042d61,s_e555e994459d962f74a31cb0,BABIP,missing_projection_metric
pitcher,2026,RotoWire,p_ad6909784deaf0a3417eb39a,s_0fc170380fd1906242c53874,BABIP,missing_projection_metric
pitcher,2026,RotoWire,p_e6b274fe314e959af649cea6,s_1c1ce5b6a9700405a58724e4,BABIP,missing_projection_metric
pitcher,2026,RotoWire,p_ee453cdf63786502116e53af,s_6718ec834c52c2b42eb2d361,BABIP,missing_projection_metric
pitcher,2026,RotoWire,p_c665cca64b9d1ec36d25bc81,s_32b332686cab77ee5b8819d8,BABIP,missing_projection_metric
pitcher,2026,RotoWire,p_09950035a7c10e145070d051,s_8d0bd35d73a0fa5924e07aa4,BABIP,missing_projection_metric
pitcher,2026,RotoWire,p_2f71255f874e6218b662dffb,s_b11dbb3644dbe5e50574e5af,BABIP,missing_projection_metric
pitcher,2026,RotoWire,p_5259e9497e66f8f15a14f5b0,s_937c99470de98482db1b820c,BABIP,missing_projection_metric
pitcher,2026,RotoWire,p_5d4e00ed942914f0c7681334,s_4d55e64db5b25399f2479529,BABIP,missing_projection_metric
pitcher,2026,RotoWire,p_31088b7e6a9d597d1f87583c,s_5416aeb97cd5cd5ed9dc177c,BABIP,missing_projection_metric
pitcher,2026,RotoWire,p_4d4066d01c2accb962e2e48b,s_c44a5177f3e77db4eea91955,BABIP,missing_projection_metric
pitcher,2026,RotoWire,p_3213e22dc02292b898d8651e,s_a895563cde75fdd7f2b51099,BABIP,missing_projection_metric
pitcher,2026,RotoWire,p_54795b56b11d92cd3e1407cf,s_b4f8cc2e5310fe65d5bf7ff9,BABIP,missing_projection_metric
pitcher,2026,RotoWire,p_a0f88c722760a6abb0863f6b,s_5dcdbea36c24b932ca855d29,BABIP,missing_projection_metric
pitcher,2026,RotoWire,p_d121e0bd4eedf6095d6400f2,s_0f682551cced3da30334654d,BABIP,missing_projection_metric
pitcher,2026,RotoWire,p_f542eded5fa5eaaea2b03d47,s_54a4492ccb15ab84a586035b,BABIP,missing_projection_metric
pitcher,2026,RotoWire,p_a36ab493ac77cd275d7daa3f,s_fbcae5b7a5dfa94d87ded13c,BABIP,missing_projection_metric
pitcher,2026,RotoWire,p_5245cf30e7834dcfe275a8b3,s_01751576c4b5c8dd9a97dbd1,BABIP,missing_projection_metric
pitcher,2026,RotoWire,p_9a6e9d0ac50ab7ec0e62b627,s_74bb43a7b93288c58db7c078,BABIP,missing_projection_metric
pitcher,2026,RotoWire,p_ad5f4c4ff63f4dae1c70e25b,s_8ea59648671f088db386ded9,BABIP,missing_projection_metric
pitcher,2026,RotoWire,p_0760b56a9e63e457fb539e83,s_e00de2795fe20bdca9c9c00b,BABIP,missing_projection_metric
pitcher,2026,RotoWire,p_4237d81a153d8369b516a611,s_1280a8b47892f1058d4f526c,BABIP,missing_projection_metric
pitcher,2026,RotoWire,p_57d58fea9dee77b2bf2da71d,s_69be29f382f0650532a016ee,BABIP,missing_projection_metric
pitcher,2026,RotoWire,p_687cd4b7aacf0709d996ec9a,s_7ea592a3c12d9e6c350f2de7,BABIP,missing_projection_metric
pitcher,2026,RotoWire,p_976e3a7c39f544bd2cb08e53,s_76e2d4d35ebe25e653b9021b,BABIP,missing_projection_metric
pitcher,2026,RotoWire,p_f63e3a5b237a41953e0522bd,s_0da9330e5358f22893b856d9,BABIP,missing_projection_metric
pitcher,2026,RotoWire,p_4f7f8b7fa67c451b93b2a673,s_fab96893d6c7b5b156c3d181,BABIP,missing_projection_metric
pitcher,2026,RotoWire,p_a2c21b01e40c23d7fbb867a7,s_33f8454187531a70b0e2dfe8,BABIP,missing_projection_metric
pitcher,2026,RotoWire,p_6dcc3d04cf7940b67bd6d46b,s_9733bbb06565388efeb27002,BABIP,missing_projection_metric
pitcher,2026,RotoWire,p_1b7d5500d3348c285a56885f,s_5118753002905cef3e501884,BABIP,missing_projection_metric
pitcher,2026,RotoWire,p_9e9a345145bd56bcc6ebe6c7,s_ec7ebfc24b3847a7bc9ab44d,BABIP,missing_projection_metric
pitcher,2026,RotoWire,p_9f5a6fd7b5c56e97737e286c,s_75ce9f49e2764431d0f356a2,BABIP,missing_projection_metric
pitcher,2026,RotoWire,p_9437e878d2b83f99c586279f,s_0835fee04f6ce001827c950e,BABIP,missing_projection_metric
pitcher,2026,RotoWire,p_8fd609c8d2c9daaeb06fb12f,s_d3676b45ef267d45a77285d9,BABIP,missing_projection_metric
pitcher,2026,RotoWire,p_ca63ffee54a2c0530795bd58,s_ac39b56d91629961cf1ea279,BABIP,missing_projection_metric
pitcher,2026,RotoWire,p_0073f20e0bb5f168c15c590d,s_d941a9d6d9216e2a615afa92,BABIP,missing_projection_metric
pitcher,2026,RotoWire,p_b0cf8ae2b004dce051b6f4e5,s_c88cb3a0236c228b28deaa7b,BABIP,missing_projection_metric
pitcher,2026,RotoWire,p_528ea38467ab7d19956a07c4,s_a5e225392126fad4774a77d3,BABIP,missing_projection_metric
pitcher,2026,RotoWire,p_52cdf5aac19a3c4c28580306,s_369cd937b7bcb81071939df2,BABIP,missing_projection_metric
pitcher,2026,RotoWire,p_6051aedaa1ffd1edd8a1c7d7,s_a22804e3943b70f3cdfe7735,BABIP,missing_projection_metric
pitcher,2026,RotoWire,p_0d908f0583b1361a673d9471,s_218c663d33b4222d1bdae1dc,BABIP,missing_projection_metric
pitcher,2026,RotoWire,p_a1a7ec296f8db5e924c3a755,s_b03576d3761041c0276ca9ac,BABIP,missing_projection_metric
pitcher,2026,RotoWire,p_6b9903828f4f3e710cd779e7,s_f91737cc948f7438b6f12057,BABIP,missing_projection_metric
pitcher,2026,RotoWire,p_dc0ddc9e05030e62821b8ade,s_dbc9a14f4cc64c6191cb424f,BABIP,missing_projection_metric
pitcher,2026,RotoWire,p_390110644e6ab59d439767a2,s_7de19629a25eac2da9251421,BABIP,missing_projection_metric
pitcher,2026,RotoWire,p_d326f0d57effe39186b9cc40,s_efa890f610e939583832e4f8,BABIP,missing_projection_metric
pitcher,2026,RotoWire,p_864d23ea9d38652d0bc80673,s_4e26a4649e476c79e118cb81,BABIP,missing_projection_metric
pitcher,2026,RotoWire,p_aeb4f8d74d1aa31f7de81705,s_dc0063aebc9a5c91f98c9ff2,BABIP,missing_projection_metric
pitcher,2026,RotoWire,p_cedc24a184f838c48e92ceca,s_349953425504a940a40787cf,BABIP,missing_projection_metric
pitcher,2026,RotoWire,p_62bde7fc4bc9b822889bd5a7,s_8b4a1beaff65cdf9473825e7,BABIP,missing_projection_metric
pitcher,2026,RotoWire,p_debf3b356235599a4e7c505b,s_57cebe5cc3a23913a5121ba9,BABIP,missing_projection_metric
pitcher,2026,RotoWire,p_fbe1b25148ecde0b36eee454,s_8df56aab87fb5044d25211fa,BABIP,missing_projection_metric
pitcher,2026,RotoWire,p_5c981546fbb330a0a1ff2621,s_def46312e0883d8cf3bcc674,BABIP,missing_projection_metric
pitcher,2026,RotoWire,p_b5c41f2a4e0be91512e6d378,s_bc8acb38c57a831ad1bd0250,BABIP,missing_projection_metric
pitcher,2026,RotoWire,p_c503ccd5d3a208e3f2d4b6b2,s_04004e190a11c27b35cf669a,BABIP,missing_projection_metric
pitcher,2026,RotoWire,p_2b424c8be951d8ba23bebe80,s_d0f6742a6c75a1bb8a9c48ba,BABIP,missing_projection_metric
pitcher,2026,RotoWire,p_93883545927b8b62d8949e05,s_390d2fb52ceee2cceb5ca04b,BABIP,missing_projection_metric
pitcher,2026,RotoWire,p_1da529cb2c7580f94638b99e,s_b9d819bf4f37fe5551f0ae3a,BABIP,missing_projection_metric
pitcher,2026,RotoWire,p_071efe5abc6c6857d9f21866,s_e6e5619adcdc49cb3254dfb3,BABIP,missing_projection_metric
pitcher,2026,RotoWire,p_28d92daeded3b1264245a417,s_788efd03e99e236dcfea8d2c,BABIP,missing_projection_metric
pitcher,2026,RotoWire,p_f90f88e0127db2447d6b4b6b,s_32a70383cf5f931327db51a5,BABIP,missing_projection_metric
pitcher,2026,RotoWire,p_fa65bec2312b5d42d60ee8b4,s_81a5a71a1e31da900f922972,BABIP,missing_projection_metric
pitcher,2026,RotoWire,p_196c6eaaf2744d528518f12a,s_df130a9f4f9922658740efb0,BABIP,missing_projection_metric
pitcher,2026,RotoWire,p_be830ebbda2fe42c429b42ff,s_66269b853d7f3798a48a2521,BABIP,missing_projection_metric
pitcher,2026,RotoWire,p_e5e680d02216328712a96f14,s_7744126ea626a66afa67a1fe,BABIP,missing_projection_metric
pitcher,2026,RotoWire,p_b35d34590b3ac43677949140,s_1b3583e6b2f60889c52edb6d,BABIP,missing_projection_metric
pitcher,2026,RotoWire,p_77bbadf5f7c9163e5cdaafe1,s_e8b7222ea70168f96a670339,BABIP,missing_projection_metric
pitcher,2026,RotoWire,p_f2200b5fcfbd381ace4f2861,s_b940a3aec149f66b62da1ead,BABIP,missing_projection_metric
pitcher,2026,RotoWire,p_1462eea9ad139526006f6fba,s_18d09f12e5507f960af831cb,BABIP,missing_projection_metric
pitcher,2026,RotoWire,p_eb4a76757bbdb89cea654ef5,s_93e92a231b20a2a2d0bc1871,BABIP,missing_projection_metric
pitcher,2026,RotoWire,p_0af38066a94940e2b68bc8ba,s_0caf07892fb71cb56c5d7d1f,BABIP,missing_projection_metric
pitcher,2026,RotoWire,p_2efba3d8e54fcb8d1f5d09b3,s_d24eb10b589a14577f12ae8f,BABIP,missing_projection_metric
pitcher,2026,RotoWire,p_b27e7408b46d9fc16441348e,s_b80c12e9529a70dda1b59784,BABIP,missing_projection_metric
pitcher,2026,RotoWire,p_acd9809fb06c81109d7ede29,s_4043fbf071cb4c212e7c195b,BABIP,missing_projection_metric
pitcher,2026,RotoWire,p_fcd7de7bb40bf45a6ca34cdb,s_4950bfaa3759d8b6f1ed6d31,BABIP,missing_projection_metric
pitcher,2026,RotoWire,p_6dc7f0e021a4dbfae3c23d83,s_559a5ad450fb682bbff8c7db,BABIP,missing_projection_metric
pitcher,2026,RotoWire,p_4fc08c6725ad3ff7c1ff7ffb,s_f56ef40295b5cd747d4137a2,BABIP,missing_projection_metric
pitcher,2026,RotoWire,p_3b8c77fa245c713f7e0b7003,s_0b46a298db5a1fff04e96821,BABIP,missing_projection_metric
pitcher,2026,RotoWire,p_832c0bfcb9b11d1926665bdf,s_3b88ecd913ad2245e52a103b,BABIP,missing_projection_metric
pitcher,2026,RotoWire,p_c9e4b09f64ff213554b55bf3,s_3b2451f784faa1e7a1d66dd3,BABIP,missing_projection_metric
pitcher,2026,RotoWire,p_e2d37845ff1ca163da8b0647,s_1aa1446ec7a49b35d6e0a2a8,BABIP,missing_projection_metric
pitcher,2026,RotoWire,p_86a05e73061b5c85d481ae47,s_41b02d2c9b0a626b4c60d84f,BABIP,missing_projection_metric
pitcher,2026,RotoWire,p_d240081eb8e6f1ec895ecf2d,s_b85f843b25690d189973a52f,BABIP,missing_projection_metric
pitcher,2026,RotoWire,p_1538868d7d068cf244dceb49,s_61e1f778e1c8d5e65f1a4950,BABIP,missing_projection_metric
pitcher,2026,RotoWire,p_8dfc430c8abbf65b0b0bbbab,s_06529e6a6fbe6e7e43c792d9,BABIP,missing_projection_metric
pitcher,2026,RotoWire,p_27e0d2a201c5411cd9ea636f,s_d9b685951bf4f69a7a595550,BABIP,missing_projection_metric
pitcher,2026,RotoWire,p_670e72cdda746fe85f68a08d,s_6fd7df3cf05f20ed92c2b063,BABIP,missing_projection_metric
pitcher,2026,RotoWire,p_aebf4132a23ddbbf57422ae5,s_dc0408f84bbae68c168ef202,BABIP,missing_projection_metric
pitcher,2026,RotoWire,p_1b9767205e472eb4f0d30fae,s_3a8bcb0b29481a34a5cbbff6,BABIP,missing_projection_metric
pitcher,2026,RotoWire,p_79592f0690636428c30a46f5,s_799f384a22a703b973431229,BABIP,missing_projection_metric
pitcher,2026,RotoWire,p_35bb0a12c9538806f164c705,s_8cc9f8318e553faee6223ac3,BABIP,missing_projection_metric
pitcher,2026,RotoWire,p_b9199b1fb4e1798319d45797,s_bcc5fe0be3d35a245947794d,BABIP,missing_projection_metric
pitcher,2026,RotoWire,p_bbcccd33b7c810cfa8337201,s_e6b40a5631c29d3e4139356a,BABIP,missing_projection_metric
pitcher,2026,RotoWire,p_438ee9a2108e62d8d14a062a,s_7fa539fb59ffe73e360807e6,BABIP,missing_projection_metric
pitcher,2026,RotoWire,p_583486d37b4399b234e944ea,s_aa058f5dee31a0a1f41a49f9,BABIP,missing_projection_metric
pitcher,2026,RotoWire,p_6faee8c8e6ce929dbb691dee,s_2cb03f81315b2ab9da30fe57,BABIP,missing_projection_metric
pitcher,2026,RotoWire,p_9f6304b8a80236b39a4e952d,s_0e05db963c0a3d8415d10c8b,BABIP,missing_projection_metric
pitcher,2026,RotoWire,p_bf0f117e1d0e72128aaa01dd,s_5639fa55695a179bf6c916fe,BABIP,missing_projection_metric
pitcher,2026,RotoWire,p_7b20c90a5cb523c9e3008737,s_0f6a453076763483b8e3de0d,BABIP,missing_projection_metric
pitcher,2026,RotoWire,p_d0e5cd403843e151ee96904f,s_3c876fb1721c8abe8f2ff802,BABIP,missing_projection_metric
pitcher,2026,RotoWire,p_aca14cb4cc82e85ca78f4fe7,s_5385452decf4abdab85c05db,BABIP,missing_projection_metric
pitcher,2026,RotoWire,p_e7369cc77051b2201297a493,s_91358e38353851ee4e417ef7,BABIP,missing_projection_metric
pitcher,2026,RotoWire,p_e68edd55c4d8c0af8968ba6d,s_62f2fcd4dff324e16ba7064d,BABIP,missing_projection_metric
pitcher,2026,RotoWire,p_359b780a64cc77ed793a7606,s_952588b57592fea8dea88bd1,BABIP,missing_projection_metric
pitcher,2026,RotoWire,p_7108c469d40316795ab472a1,s_46836f014efe059d1c25e66b,BABIP,missing_projection_metric
pitcher,2026,RotoWire,p_f746ebfba251896b073cf6d5,s_5854feddeb0945e1d3b443e9,BABIP,missing_projection_metric
pitcher,2026,RotoWire,p_840a7027a702a1c4e37e5527,s_7ce50bd78715d13680fad585,BABIP,missing_projection_metric
pitcher,2026,RotoWire,p_5df36053416da5d9071410b9,s_35ad9aae3d2a574c57ae4a8a,BABIP,missing_projection_metric
pitcher,2026,RotoWire,p_9deb7e402f8cf109d514cac1,s_8558b050b9ce65affbe7e55e,BABIP,missing_projection_metric
pitcher,2026,RotoWire,p_787fc132ba01ef35f4778403,s_c53769add9daa0bdf13bfa68,BABIP,missing_projection_metric
pitcher,2026,RotoWire,p_b70a6085f951f9cd1540affa,s_9031489af38167ec42fe749f,BABIP,missing_projection_metric
pitcher,2026,RotoWire,p_e341706f55862548e5ff2e3a,s_0b8cffbf4998d3aec357bd8c,BABIP,missing_projection_metric
pitcher,2026,RotoWire,p_9cdce3c51f326e76b98d6591,s_0bbbb28c4e2e423ff10beafe,BABIP,missing_projection_metric
pitcher,2026,RotoWire,p_7b5211dc885fe1586bfbb758,s_da4e37b4e128677587b2c461,BABIP,missing_projection_metric
pitcher,2026,RotoWire,p_f408d93b48d8da9a005af52b,s_aad49bbc735c375fe36bdb6d,BABIP,missing_projection_metric
pitcher,2026,RotoWire,p_df9fd20dc552186aecc92c54,s_588dfb3562b531cda1579a5f,BABIP,missing_projection_metric
pitcher,2026,RotoWire,p_e886ebd300c4c1987877017e,s_e1f2e19f9bf8cdf996eb39f6,BABIP,missing_projection_metric
pitcher,2026,RotoWire,p_5ccb2be6f00de2400349d1ac,s_f0c21734bbdcec222e7680ab,BABIP,missing_projection_metric
pitcher,2026,RotoWire,p_410d3b82adc35964f997ce0f,s_3f1f6dbe8460cd20a4a13be2,BABIP,missing_projection_metric
pitcher,2026,RotoWire,p_2404ba19bcc42b43ba8eb726,s_cb8740352d04bd50987219ef,BABIP,missing_projection_metric
pitcher,2026,RotoWire,p_c3234d25b2dd20cd6e385c8d,s_c85ff3d927682360ac9b421f,BABIP,missing_projection_metric
pitcher,2026,RotoWire,p_2c26e1db411b6f9ae4a8f391,s_a2abd9de6017f10914f70bb2,BABIP,missing_projection_metric
pitcher,2026,RotoWire,p_406202e17ebfe7ebc319947f,s_6fa48f908fdb2dec7ee68d33,BABIP,missing_projection_metric
pitcher,2026,RotoWire,p_26d80183aee34c4a22d05a16,s_f0c10b74474e3d4482c9c3c8,BABIP,missing_projection_metric
pitcher,2026,RotoWire,p_4cc8481b752dd06c66c19299,s_c4bf0d1f6ef103876f72eaec,BABIP,missing_projection_metric
pitcher,2026,RotoWire,p_8bace50f8abed453d2ef0ac3,s_00992277f26cc6b145bd209f,BABIP,missing_projection_metric
pitcher,2026,RotoWire,p_053b89527a245babaa9de7f9,s_abc663cedaab9a5e08f5bbb6,BABIP,missing_projection_metric
pitcher,2026,RotoWire,p_adde69a5f07d2ac65191bd61,s_a77fadaa47f0e121689e7ea8,BABIP,missing_projection_metric
pitcher,2026,RotoWire,p_8d0b8540a9345dbadb133c54,s_aa6c899e2bd6338888522a35,BABIP,missing_projection_metric
pitcher,2026,RotoWire,p_3bdfe3d1215674f4accf5fdd,s_3d213bcb3703204c3f82d111,BABIP,missing_projection_metric
pitcher,2026,RotoWire,p_5073c13edb903746d3e77b04,s_3e2dad42d8e1d5d7bba307b2,BABIP,missing_projection_metric
pitcher,2026,RotoWire,p_0239f62f150fdc94718a08a1,s_8a70c1c8238a9e1e6fdb1c0f,BABIP,missing_projection_metric
pitcher,2026,RotoWire,p_983ea2317782126a9a51ed6d,s_b493b0fcfea30f815606ec4e,BABIP,missing_projection_metric
pitcher,2026,RotoWire,p_c341da0c4ed0d8e6d65d1eab,s_32f381d49fac301451117ba2,BABIP,missing_projection_metric
pitcher,2026,RotoWire,p_9cca23a301a8a13d00cd6848,s_1bb534188bb0c42643005736,BABIP,missing_projection_metric
pitcher,2026,RotoWire,p_6ee049f492a3325cbfb8d052,s_689a19e85246a11c0a925243,BABIP,missing_projection_metric
pitcher,2026,RotoWire,p_7f797197ac1a11a7b3421d1b,s_3a77d4e6e0beae44c95b9f14,BABIP,missing_projection_metric
pitcher,2026,RotoWire,p_65fdc9dc74636837b2495384,s_e588915197b497c68dcc5efa,BABIP,missing_projection_metric
pitcher,2026,RotoWire,p_87ce29e2ae2416664b1444de,s_44cde47a7e08d61f66c53e5b,BABIP,missing_projection_metric
pitcher,2026,RotoWire,p_fdb4b031a99eefb57ba56cc4,s_c1817eb49f54be402d083896,BABIP,missing_projection_metric
pitcher,2026,RotoWire,p_865cf7963df08564ce6cc619,s_bcfec87573a4ca9da3c877d1,BABIP,missing_projection_metric
pitcher,2026,RotoWire,p_17cd91dbd7209eb72b5b0bc1,s_831e4a1349915fcbb8fec782,BABIP,missing_projection_metric
pitcher,2026,RotoWire,p_0be188f9e14bb7f25e2107af,s_c23201930ed51b249eebbd09,BABIP,missing_projection_metric
pitcher,2026,RotoWire,p_dbe5f8eba79f31ae2fbbef12,s_03ab08703f8f7e0db997abe2,BABIP,missing_projection_metric
pitcher,2026,RotoWire,p_03939d9f4f366462a86d6720,s_adbd090f648ffa2618835255,BABIP,missing_projection_metric
pitcher,2026,RotoWire,p_ed0b1e6b85550910ed5ae415,s_458e5cad0de0c0c6da6a2e64,BABIP,missing_projection_metric
pitcher,2026,RotoWire,p_6fc12edf18996e0f7e6f48b7,s_803b3ebc6b2c9fc8700d077a,BABIP,missing_projection_metric
pitcher,2026,RotoWire,p_cb0a1ee1967dcd5a0313f1f4,s_d81b0a1d00a0142fe841e791,BABIP,missing_projection_metric
pitcher,2026,RotoWire,p_e0efd3ededa73ca4e4f7ca65,s_9371381726bb9daf1d7968aa,BABIP,missing_projection_metric
pitcher,2026,RotoWire,p_d031ef31b9165ade2a07de8a,s_20010eee18ad64610117070b,BABIP,missing_projection_metric
pitcher,2026,RotoWire,p_0b1f482f502ee0715ad2818d,s_a22525f77e5f20c8a95b5083,BABIP,missing_projection_metric
pitcher,2026,RotoWire,p_e68383f7b94770edd764c7c7,s_d476b70dd1b7cc0232ecfb2a,BABIP,missing_projection_metric
pitcher,2026,RotoWire,p_64e8114493f21a3998e972c5,s_ec36caff226008a5628d4055,BABIP,missing_projection_metric
pitcher,2026,RotoWire,p_2803fe661b73a6e4bd4bfca4,s_6150046e626bafbfb7dee9c9,BABIP,missing_projection_metric
pitcher,2026,RotoWire,p_f30c390b26bea6c21a518118,s_4aab1c9d9a8e00dffb131ac8,BABIP,missing_projection_metric
pitcher,2026,RotoWire,p_64b62a02d557250c812ea353,s_cb3cd3290361fe5beab6d19a,BABIP,missing_projection_metric
pitcher,2026,RotoWire,p_2114033616e8bab28176ff3b,s_ea9e989c6c93c966fe28f2c9,BABIP,missing_projection_metric
pitcher,2026,RotoWire,p_5fad378e158b1cb676afef64,s_fd46fd587a9eb8ff91f8000b,BABIP,missing_projection_metric
pitcher,2026,RotoWire,p_148d2220e9c462a0b7e48358,s_005ab9c456a393b48e084293,BABIP,missing_projection_metric
pitcher,2026,RotoWire,p_2f7d0b281325531322ffa74b,s_02ddd97443392829c75075a6,BABIP,missing_projection_metric
pitcher,2026,RotoWire,p_43e8e7de2aa77634ff94469d,s_7c7ec015320082b37a905dd0,BABIP,missing_projection_metric
pitcher,2026,RotoWire,p_61f4469f74d0edbc18e77e21,s_62bfcd731ae1613eba509649,BABIP,missing_projection_metric
pitcher,2026,RotoWire,p_d9e002d9e27fd74ae27948f9,s_d066070856611b07c507b947,BABIP,missing_projection_metric
pitcher,2026,RotoWire,p_5cb301be76b7e1a69519280c,s_b3e710904a554946d2bf0bd0,BABIP,missing_projection_metric
pitcher,2026,RotoWire,p_663ac2743b68ff849ac3f794,s_1e23efd5555b7c77a825b669,BABIP,missing_projection_metric
pitcher,2026,RotoWire,p_202088ef4fa208bc8e552f15,s_19865bc454e8328006095b4e,BABIP,missing_projection_metric
pitcher,2026,RotoWire,p_a2aecebc9a8fffbbace22e46,s_f1727d1a98bdd17869523989,BABIP,missing_projection_metric
pitcher,2026,RotoWire,p_d92f2d27a75f27f0e8a8f9b3,s_62aea82eab523c1df2a66991,BABIP,missing_projection_metric
pitcher,2026,RotoWire,p_d5e07201a0f1d0cfa596e762,s_2cda80acea8a998ce1337601,BABIP,missing_projection_metric
pitcher,2026,RotoWire,p_61ca94d7e3be2cbafe733df9,s_a5735acf8d7e139641369056,BABIP,missing_projection_metric
pitcher,2026,RotoWire,p_f4be239312e641d1fd5e879e,s_fcfba9db239ebefdfb14008f,BABIP,missing_projection_metric
pitcher,2026,RotoWire,p_3dac456e39a26258f30d8eb6,s_fdfbbb2d2605f35d7dc1b5dc,BABIP,missing_projection_metric
pitcher,2026,RotoWire,p_f20dbbcf8c772a03de7ec118,s_57d8a6f5c4623a8e4c44a8ff,BABIP,missing_projection_metric
pitcher,2026,RotoWire,p_a76bce6d3d2ee7c00f12333d,s_9b500f4a8aeddd080293abb7,BABIP,missing_projection_metric
pitcher,2026,RotoWire,p_2043005deaaf8693e9eef0a1,s_d648d3bcb37bcf3d26756083,BABIP,missing_projection_metric
pitcher,2026,RotoWire,p_61df43fce399be15228241c7,s_c5ac4d59c8f4be6af4356c60,BABIP,missing_projection_metric
pitcher,2026,RotoWire,p_8c68497d69c0faec32c31da4,s_f75c8cb99712e09ccf59b81f,BABIP,missing_projection_metric
pitcher,2026,RotoWire,p_aa82bbb9131dca9e098c8636,s_ddc1a0c2ec3fa2ee946c5c0f,BABIP,missing_projection_metric
pitcher,2026,RotoWire,p_3f747dc1e443a0eecfacc566,s_ce79c399b5e5eec48d4dc3f1,BABIP,missing_projection_metric
pitcher,2026,RotoWire,p_c6a0ec40c899f7b2c1dfc7bf,s_e2c5a7d8fb41e2f42f5ce180,BABIP,missing_projection_metric
pitcher,2026,RotoWire,p_8551c7d8bbe875bb87b41ee4,s_bc9dbbd275b479722bafbc6d,BABIP,missing_projection_metric
pitcher,2026,RotoWire,p_bb5b45202cd0e3997a49a903,s_ea2daa494604389bf5d254a8,BABIP,missing_projection_metric
pitcher,2026,RotoWire,p_7af86937f30ec89e1f92abe3,s_0afdfb435d73a8678a29c908,BABIP,missing_projection_metric
pitcher,2026,RotoWire,p_4055fa9f7ca334fe33a26bfe,s_1f78b2e232410f668089a197,BABIP,missing_projection_metric
pitcher,2026,RotoWire,p_9a77feb051159af9aee2063c,s_f78685ae461085f2b2281b2b,BABIP,missing_projection_metric
pitcher,2026,RotoWire,p_c2e11e9b2895314b228d9143,s_f86f46733910fda016017450,BABIP,missing_projection_metric
pitcher,2026,RotoWire,p_8f4d229bdbf5985172a873b9,s_259f45aab501c882c8ec75df,BABIP,missing_projection_metric
pitcher,2026,RotoWire,p_138ed44a822bb4b34b68d8d3,s_75d8b5bbcdff73d2246a5406,BABIP,missing_projection_metric
pitcher,2026,RotoWire,p_0101c7191284f9932160f01c,s_36f8da32ea1e68f80503aa32,BABIP,missing_projection_metric
pitcher,2026,RotoWire,p_947372bfc438cf39d3a30665,s_03a8ce0a1969c5c825c40e19,BABIP,missing_projection_metric
pitcher,2026,RotoWire,p_b13319e24b3552eff64d85bc,s_5642c7fc2edc3038c7e6745f,BABIP,missing_projection_metric
pitcher,2026,RotoWire,p_d15a984c8351b109e14b2746,s_7ff413166b1e391f0a596e70,BABIP,missing_projection_metric
pitcher,2026,RotoWire,p_8c118f1cce2683232f54416f,s_a4c2b5eeadf4cd19c00d474c,BABIP,missing_projection_metric
pitcher,2026,RotoWire,p_6fd30c7531d5bc78103c740d,s_1f308fb934eda4481b5d0411,BABIP,missing_projection_metric
pitcher,2026,RotoWire,p_b7736681fe0e03a5a6703dbb,s_ea7b9963174ed0e92ff3caae,BABIP,missing_projection_metric
pitcher,2026,RotoWire,p_74d9cd5a911ee5ed93663d77,s_fa4dd9cdb3232ef9b72e306b,BABIP,missing_projection_metric
pitcher,2026,RotoWire,p_bb82cb6ed787b635d6d9a9bd,s_51c9610913f9f9470ee24fc4,BABIP,missing_projection_metric
pitcher,2026,RotoWire,p_5d9c98b0173958f4c189a129,s_07e32912b397571f55a45e45,BABIP,missing_projection_metric
pitcher,2026,RotoWire,p_8ed8dc08bf2fc22b7d5fdc9e,s_007373e43b5e62aaf0640c9c,BABIP,missing_projection_metric
pitcher,2026,RotoWire,p_de4f248f197b6ab7761cb09b,s_fcc4edd9149c560668dabb7a,BABIP,missing_projection_metric
pitcher,2026,RotoWire,p_e23cb32e39c22be655441929,s_7a19dce9973cf299e818b416,BABIP,missing_projection_metric
pitcher,2026,RotoWire,p_b81b76814081912b6c81cf9d,s_bbb9b8bb7aea1cbfbb533653,BABIP,missing_projection_metric
pitcher,2026,RotoWire,p_3b39342b8d03af7adee187b3,s_67a495c69c2753d436ec1074,BABIP,missing_projection_metric
pitcher,2026,RotoWire,p_20987c55f1b40e76f29fef72,s_ab2e1d4e2a51637fa895d44c,BABIP,missing_projection_metric
pitcher,2026,RotoWire,p_3e5cfa913cc4f482344401c1,s_981f3bb1f2de7068efd97e42,BABIP,missing_projection_metric
pitcher,2026,RotoWire,p_c3b7cc93fd3c9b7f57a21594,s_b91ca8fc62927722d94bc1f3,BABIP,missing_projection_metric
pitcher,2026,RotoWire,p_a6f79ef2ecc729073db83188,s_53a6769393add960d4c7cf66,BABIP,missing_projection_metric
pitcher,2026,RotoWire,p_8ececb63a3f2cebed969a98d,s_dcb3c3af531b2c3eeeb1b98f,BABIP,missing_projection_metric
pitcher,2026,RotoWire,p_23f9a55147310e8dec4f47a2,s_92d986045456ede8a8f0c978,BABIP,missing_projection_metric
pitcher,2026,RotoWire,p_1ccbcea91d9f49d165cfb488,s_8a3e2fce8c27e2b378be6db8,BABIP,missing_projection_metric
pitcher,2026,RotoWire,p_89e6e8eb0e7077ed03071a06,s_e210e2f378debdbceebe5db9,BABIP,missing_projection_metric
pitcher,2026,RotoWire,p_c8fcbc835fb5f66a0bd0f41e,s_f710a6c69e631fb5d53460e9,BABIP,missing_projection_metric
pitcher,2026,RotoWire,p_5c4336ee3ef73426afb4c6c2,s_8cfa71211e862a3cd9aae0bd,BABIP,missing_projection_metric
pitcher,2026,RotoWire,p_b71fbe75f62a06bbed6595ec,s_1a30f62b302322daffa27ce3,BABIP,missing_projection_metric
pitcher,2026,RotoWire,p_e3f71882ebe26350f89c3813,s_efe0166de035477255fa8aff,BABIP,missing_projection_metric
pitcher,2026,RotoWire,p_9adccc0a4017fa70e4b06f24,s_9b20050e3dc2949517c86080,BABIP,missing_projection_metric
pitcher,2026,RotoWire,p_fccb4591ce5767a04c76ef83,s_a6de594bc4e1364c4eed3b7a,BABIP,missing_projection_metric
pitcher,2026,RotoWire,p_d291977287dccac53c171a63,s_286fa2e51a845840a7fff176,BABIP,missing_projection_metric
pitcher,2026,RotoWire,p_2bd83f835d274b547829f07c,s_932ba3637eeae9fbf5e3f7b1,BABIP,missing_projection_metric
pitcher,2026,RotoWire,p_04895952d7d004fc8bb3f14b,s_f8c85a2e2310235642e7caf7,BABIP,missing_projection_metric
pitcher,2026,RotoWire,p_222c356cfa14a6ec4cefc492,s_ec53e3bac7d0b359acdf4673,BABIP,missing_projection_metric
pitcher,2026,RotoWire,p_1b49209f0bd30dd5dc724000,s_4a572860c109c381b9599f8b,BABIP,missing_projection_metric
pitcher,2026,RotoWire,p_4f111a07b4c0259d31c89e0d,s_2c7ca2dc2c1ba12d9d8310a2,BABIP,missing_projection_metric
pitcher,2026,RotoWire,p_b051cf87af8a4244b6b81e2c,s_2436026c64a6693348f588e0,BABIP,missing_projection_metric
pitcher,2026,RotoWire,p_7ecbe1110bdd0537891dc1c4,s_40dcd0dae34ab1d260a321a9,BABIP,missing_projection_metric
pitcher,2026,RotoWire,p_288584b43feea72ac1e47a2d,s_bf41753e2e0ff8c12dbf27a5,BABIP,missing_projection_metric
pitcher,2026,RotoWire,p_394806adeaf6af907d17f876,s_6968be3056cfbccf293d38de,BABIP,missing_projection_metric
pitcher,2026,RotoWire,p_bad5772915c2a0ae9bf9c5f1,s_1470a84d54d96a36505537cd,BABIP,missing_projection_metric
pitcher,2026,RotoWire,p_ca72c1190ab195d082d039a5,s_f9e188ac52e4d1eea8684043,BABIP,missing_projection_metric
pitcher,2026,RotoWire,p_009e96c410d3379760f8b1a1,s_5b48c3711b348b7c38fbb3a0,BABIP,missing_projection_metric
pitcher,2026,RotoWire,p_f5105d7ffd8537ed91519f0f,s_70a2e35ae2bd12403e410012,BABIP,missing_projection_metric
pitcher,2026,RotoWire,p_51a922809ad094b5a4433cdf,s_f6287462479ad5a6d992dffc,BABIP,missing_projection_metric
pitcher,2026,RotoWire,p_0c3b6b4f617c9009bb6c76e7,s_720c0ed73d1ba1b13c15bd13,BABIP,missing_projection_metric
pitcher,2026,RotoWire,p_67a7d083510fbec26f1ddc04,s_64230f4ae4e504349046ac2c,BABIP,missing_projection_metric
pitcher,2026,RotoWire,p_ba985e05d88f96b785affcdf,s_36216789328366086e1e9baf,BABIP,missing_projection_metric
pitcher,2026,RotoWire,p_a14b46668a060bb5629886e6,s_4ef127163ae740077e465fe6,BABIP,missing_projection_metric
pitcher,2026,RotoWire,p_747ca9b3f8488871801660b7,s_e7ac249bf01a183930a8faca,BABIP,missing_projection_metric
pitcher,2026,RotoWire,p_153188ef122e1ff0e54e37b2,s_971e41cd03b694200bad9d78,BABIP,missing_projection_metric
pitcher,2026,RotoWire,p_f59ee04f5b058c3f109d1631,s_643d4c7939de92874f6a14b2,BABIP,missing_projection_metric
pitcher,2026,RotoWire,p_41f07f1c060750689589e72e,s_8f4a9d3285bca74b4f41625d,BABIP,missing_projection_metric
pitcher,2026,RotoWire,p_7a47c598f2891d6ce738d8e0,s_3d1cf899ff4442ddc83d0199,BABIP,missing_projection_metric
pitcher,2026,RotoWire,p_1b534a0f3684e7ea3112d6b0,s_64da9285f21ed7d32cec3819,BABIP,missing_projection_metric
pitcher,2026,RotoWire,p_da96852b71c08e176dbccd2d,s_6a16477de8c707cdab312103,BABIP,missing_projection_metric
pitcher,2026,RotoWire,p_1f226d7dd4cee0150a1549a0,s_77fcd4da255deb34daefffa9,BABIP,missing_projection_metric
pitcher,2026,RotoWire,p_17536a68362f900664fa9f61,s_400136cfcfa994b80810ef9e,BABIP,missing_projection_metric
pitcher,2026,RotoWire,p_977a6ab875041bddeb3e28a7,s_3ee8a8ac49b0ada1af602a76,BABIP,missing_projection_metric
pitcher,2026,RotoWire,p_582294a58869be2075f58add,s_e79b2d579bd09a2428455ff0,BABIP,missing_projection_metric
pitcher,2026,RotoWire,p_29a27415a63b98dbb075621d,s_2073dbe3cad8e2dd787397ef,BABIP,missing_projection_metric
pitcher,2026,RotoWire,p_33b1f758ce8872869b7bbb68,s_7160708984d023ac94d240c5,BABIP,missing_projection_metric
pitcher,2026,RotoWire,p_7343ba7168344875dfbe9cf1,s_67f9e3882b4983166222f981,BABIP,missing_projection_metric
pitcher,2026,RotoWire,p_1d99fee357b2b193b50cce26,s_a4834cb07e9232b83a0dce3a,BABIP,missing_projection_metric
pitcher,2026,RotoWire,p_b3710509193a23f9fb6df89c,s_9b4a7b98dc7e5f10502604fc,BABIP,missing_projection_metric
pitcher,2026,RotoWire,p_145721815ffdf403b65c76d6,s_385a4193cfbf19f53e1d0400,BABIP,missing_projection_metric
pitcher,2026,RotoWire,p_c5ed138e0e635ef0aec7663a,s_9b9bffbc2a879babe9696cba,BABIP,missing_projection_metric
pitcher,2026,RotoWire,p_7e394fbf190746b9460471b6,s_097a41751befc4a5c1211306,BABIP,missing_projection_metric
pitcher,2026,RotoWire,p_dc94d49f14972788f07e6738,s_1b0485f5cd208127cea8cd15,BABIP,missing_projection_metric
pitcher,2026,RotoWire,p_77de692e06d27ffb17c45ac8,s_f4b6a3140b1357de80e3f024,BABIP,missing_projection_metric
pitcher,2026,RotoWire,p_2fad58b9923436119be174e1,s_a9000b2eedab9133f82e83b1,BABIP,missing_projection_metric
pitcher,2026,RotoWire,p_153ad9f9a631deb95bb0d30a,s_9b6fbbd7af72c8645cd2e44b,BABIP,missing_projection_metric
pitcher,2026,RotoWire,p_1577c13241c98d1b1b25a065,s_3d99f48d5a1df841196e11ba,BABIP,missing_projection_metric
pitcher,2026,RotoWire,p_e07feaacf0b72192ae4d9189,s_7c4ef7d9af7bfb2c457fa4a3,BABIP,missing_projection_metric
pitcher,2026,RotoWire,p_44f4ae0a56e818f589465db9,s_205db3291d05af8715cfd909,BABIP,missing_projection_metric
pitcher,2026,RotoWire,p_c25dc1ad5c4247237938a311,s_4ffc3a690a9212289286d020,BABIP,missing_projection_metric
pitcher,2026,RotoWire,p_777feb45decd9c1846a693da,s_4bc1f0e4681785c1fd0a723e,BABIP,missing_projection_metric
pitcher,2026,RotoWire,p_3e586e64329db1dd04a4e3b8,s_140a22ca0f8df2b19e867104,BABIP,missing_projection_metric
pitcher,2026,RotoWire,p_6db920b8caea39aab799a496,s_445daa97825c4e5e5e9abe4f,BABIP,missing_projection_metric
pitcher,2026,RotoWire,p_dd095f93709ce87f6607edc6,s_170d2924db9f3c44dc5d12a1,BABIP,missing_projection_metric
pitcher,2026,RotoWire,p_1eaa1d1baccc84d06d8ed931,s_c426b7518e8cddbb66ca7034,BABIP,missing_projection_metric
pitcher,2026,RotoWire,p_f91f14e15dff3410600517de,s_083fb1a01291dbadfc455e6e,BABIP,missing_projection_metric
pitcher,2026,RotoWire,p_b73b5615e068b80f9b259d86,s_efed45aa9346056d597f89fe,BABIP,missing_projection_metric
pitcher,2026,RotoWire,p_80cde5a89fe8ba26c89f71ea,s_08823d7435b78a66d4a37171,BABIP,missing_projection_metric
pitcher,2026,RotoWire,p_791b3683027c9d8d92b609d0,s_b6c6438dadb86ba0d3e9e803,BABIP,missing_projection_metric
pitcher,2026,RotoWire,p_d4a9b50b3224024b900f4e0c,s_fb0d3cfd17a322f0e6f31d1b,BABIP,missing_projection_metric
pitcher,2026,RotoWire,p_9e7db66bfc565b709fe46853,s_a6a3f778bf284c7e5a1576d8,BABIP,missing_projection_metric
pitcher,2026,RotoWire,p_80dabc460f667d0aafb8ff5c,s_a8693cc26f592a1ebad8f2c2,BABIP,missing_projection_metric
pitcher,2026,RotoWire,p_116ae62fa49115e6533fcf6d,s_f6d11fb46f17d9d6a3756ac8,BABIP,missing_projection_metric
pitcher,2026,RotoWire,p_fc18f428295d7ad8c21b667f,s_637203bc35b263633e3d8c0e,BABIP,missing_projection_metric
pitcher,2026,RotoWire,p_1001641b01e3c2ddf44b4ee5,s_f089b9db3725ba3a812dbd06,BABIP,missing_projection_metric
pitcher,2026,RotoWire,p_20b5e71becf329de17a636b1,s_65b00dc9057a80ce7c7e8b12,BABIP,missing_projection_metric
pitcher,2026,RotoWire,p_93bf9339edbf6229883985c6,s_3f22d4c952ee95164ec0b5e4,BABIP,missing_projection_metric
pitcher,2026,RotoWire,p_f0e21bded869dafe4b07e71f,s_1306549d3213edc8ecff3adf,BABIP,missing_projection_metric
pitcher,2026,RotoWire,p_caa0b49368710031fd01f701,s_f04819d968a89483c89ca8bf,BABIP,missing_projection_metric
pitcher,2026,RotoWire,p_0f33dc90f5cb990ad4d0247b,s_32fc41121701bbd4b928dfa5,BABIP,missing_projection_metric
pitcher,2026,RotoWire,p_2442495cf935c13e35ace791,s_37dd8694ee1cdc7bee097711,BABIP,missing_projection_metric
pitcher,2026,RotoWire,p_5622eaf6fed51b2f0badc28f,s_1cf282f8f0fdbe6a0c106925,BABIP,missing_projection_metric
pitcher,2026,RotoWire,p_34f7258033fc0f715c7802e8,s_22d1e530480aaba64d14b225,BABIP,missing_projection_metric
pitcher,2026,RotoWire,p_5a5e5a4baec1ff0e99cb37c5,s_d350e1bbe96980c7f3d8ee67,BABIP,missing_projection_metric
pitcher,2026,RotoWire,p_b9be4dd9135ef8202ccbf94b,s_bbcead23d18fa363242baa4f,BABIP,missing_projection_metric
pitcher,2026,RotoWire,p_55e0b0cdfd06f59a14884d19,s_d34941c1e867d48ced402636,BABIP,missing_projection_metric
pitcher,2026,RotoWire,p_adfce089754d8fcf93c9d6eb,s_8e53ce8d309a52865a0c6df4,BABIP,missing_projection_metric
pitcher,2026,RotoWire,p_d1d18bba4583a9d5fb70e080,s_467469ee746b2f53390e6898,BABIP,missing_projection_metric
pitcher,2026,RotoWire,p_52192aa00351b1a71ee2c4b3,s_eeb719c2d8ca42c5c8e983f1,BABIP,missing_projection_metric
pitcher,2026,RotoWire,p_7c9ea4fc0117961c6e7b012c,s_34c90b220beb1c5d31693988,BABIP,missing_projection_metric
pitcher,2026,RotoWire,p_2ae6b10075130e19d90d4b32,s_9964f4b2c567f60400c3def3,BABIP,missing_projection_metric
pitcher,2026,RotoWire,p_d27ce95571a74bf9f18770ae,s_5e78c576a86e6bab0f527aea,BABIP,missing_projection_metric
pitcher,2026,RotoWire,p_68ceebeeae0240ef1eeb496f,s_c01ed7b3977f8433d2d996ae,BABIP,missing_projection_metric
pitcher,2026,RotoWire,p_00b956086b42d4f7340ce048,s_54c0ac7b707bc9ebdbb2400a,BABIP,missing_projection_metric
pitcher,2026,RotoWire,p_98cc697758a3fc95df098ccd,s_dce6bd9fb247e0c772258f87,BABIP,missing_projection_metric
pitcher,2026,RotoWire,p_410328aef7c939f61d4b7528,s_6456f23fd603e1cd5ff01938,BABIP,missing_projection_metric
pitcher,2026,RotoWire,p_9d5fc19a3ec0a2b92dad5383,s_99c3755f96a5159021601588,BABIP,missing_projection_metric
pitcher,2026,RotoWire,p_3d69f7e4ccbcfe929ed1f539,s_3325bfa78bf10dc69c400482,BABIP,missing_projection_metric
pitcher,2026,RotoWire,p_b773b485dc612974de0ee445,s_606f7a3464f8c16f52c9f22f,BABIP,missing_projection_metric
pitcher,2026,RotoWire,p_e44c55c882f52d9ec55bfae3,s_c8bd17a0575cbb20ff13cd4e,BABIP,missing_projection_metric
pitcher,2026,RotoWire,p_37fb98747cdcda0fbfec7784,s_840cd45daf0bd55c83035bb1,BABIP,missing_projection_metric
pitcher,2026,RotoWire,p_22eee69f8ac0239b99b11b78,s_040c3eee8fd2be1c1435fcd4,BABIP,missing_projection_metric
pitcher,2026,RotoWire,p_87897e21381c92d01d1670b6,s_2ad1be98a537593b78c5a813,BABIP,missing_projection_metric
pitcher,2026,RotoWire,p_8471050f369a301b6f71c4be,s_cca07111c90b3a8ff824826c,BABIP,missing_projection_metric
pitcher,2026,RotoWire,p_6e0c3901af2303ff2f765958,s_2db5ae81a85ee7ef6e1914bf,BABIP,missing_projection_metric
pitcher,2026,RotoWire,p_e219e5c6f7ec667410973dec,s_f25aa55f8fa314259de30f86,BABIP,missing_projection_metric
pitcher,2026,RotoWire,p_ab8444dc7f51611939832036,s_58716c7b1f611dfbc75b036c,BABIP,missing_projection_metric
pitcher,2026,RotoWire,p_90e71871268b32dfc6280b86,s_6af89f9d728dbb984fd9770b,BABIP,missing_projection_metric
pitcher,2026,RotoWire,p_ed52312eef709ee07ba3e575,s_f57f26300e7937d94787a766,BABIP,missing_projection_metric
pitcher,2026,RotoWire,p_ad8eeecb96286785de1abf84,s_83a4514dd29ab0c79b5cb41f,BABIP,missing_projection_metric
pitcher,2026,RotoWire,p_611b50d11016f9e5bac93980,s_09d2de1272ae381f1d9c023d,BABIP,missing_projection_metric
pitcher,2026,RotoWire,p_3f657a30af6cf3b6b118dd7d,s_edd9bb08e95c85b661ef894c,BABIP,missing_projection_metric
pitcher,2026,RotoWire,p_1db467c6cfbfe96ad057338e,s_2421ef963564baf926d17465,BABIP,missing_projection_metric
pitcher,2026,RotoWire,p_a8e02f57bd3e35b91149c0d6,s_f6cb34db02de259e9dc338f6,BABIP,missing_projection_metric
pitcher,2026,RotoWire,p_61da229a19dcb37d006d054f,s_71785e40add7a0fefb436075,BABIP,missing_projection_metric
pitcher,2026,RotoWire,p_6d19fe3af838d3bcaf19f868,s_0e5da867aa1de12b938c27cc,BABIP,missing_projection_metric
pitcher,2026,RotoWire,p_28b88c75bbb3485832e0fbb1,s_0a2c3f9c3fc122467cbdd7ca,BABIP,missing_projection_metric
pitcher,2026,RotoWire,p_08803fedfc7e3b44562070ba,s_dbbbfea419b6d7d993523349,BABIP,missing_projection_metric
pitcher,2026,RotoWire,p_e573b05454d024acae1fffe0,s_0e502d4fe86e72651791add7,BABIP,missing_projection_metric
pitcher,2026,RotoWire,p_c1803acfc69807176b03fceb,s_dc4edcfeb371f78279a83f31,BABIP,missing_projection_metric
pitcher,2026,RotoWire,p_d84214456f41ba299fcf20c0,s_600c196f8ac0683f11c2426b,BABIP,missing_projection_metric
pitcher,2026,RotoWire,p_c1b16bac113e009a04e9d07b,s_9d8738be1d0c5786c0050b80,BABIP,missing_projection_metric
pitcher,2026,RotoWire,p_3d4fddbaa624427c64113cac,s_d4b5ce1cf3639220d7a74379,BABIP,missing_projection_metric
pitcher,2026,RotoWire,p_36dec542a06db312dff05ed3,s_45e9357a9524ba5a0d2b4ec5,BABIP,missing_projection_metric
pitcher,2026,RotoWire,p_4ce2bc74d9bdc379de52f9fb,s_25a9c78c7de4242d98708902,BABIP,missing_projection_metric
pitcher,2026,RotoWire,p_1bd74263d59f9dcb39af1120,s_34f2ba02a79a3cd59f095533,BABIP,missing_projection_metric
pitcher,2026,RotoWire,p_b48582763b8f7f6f91074a0d,s_4d92004386fd3d2bf51acae0,BABIP,missing_projection_metric
pitcher,2026,RotoWire,p_49ed2c7ffa16b9279ff3f555,s_c4afd328e8d328bc56261722,BABIP,missing_projection_metric
pitcher,2026,RotoWire,p_ce659b38e92388329f2ca16b,s_d3fccd71f956621325a51433,BABIP,missing_projection_metric
pitcher,2026,RotoWire,p_b94cd2fa50a25f87a513580d,s_9999231528a2b32c9b5a6bea,BABIP,missing_projection_metric
pitcher,2026,RotoWire,p_b862f8fa2a57ec2f1c12850b,s_717b202b49e2d1d6506e3750,BABIP,missing_projection_metric
pitcher,2026,RotoWire,p_6b8cba5bfea707d3dd734524,s_21e2e6dc884cba72d6c8655f,BABIP,missing_projection_metric
pitcher,2026,RotoWire,p_a6fa59945d5551b89676371f,s_a2d6c021b62b09f6f243d03d,BABIP,missing_projection_metric
pitcher,2026,RotoWire,p_0f524fd2285c4e78f5fe8913,s_ded2373e1e872aabdbd5aaae,BABIP,missing_projection_metric
pitcher,2026,RotoWire,p_64eadd5a9c1db68fc646be45,s_bab8a849edc13b8ecd6655c7,BABIP,missing_projection_metric
pitcher,2026,RotoWire,p_5fdf2f3ccb63b4515b2eb625,s_95a63942e2e3135409140952,BABIP,missing_projection_metric
pitcher,2026,RotoWire,p_99369324bab1d4ff69bc1d02,s_81a785ed3889cb90122f059f,BABIP,missing_projection_metric
pitcher,2026,RotoWire,p_5ab8edce0d7c479009e600fb,s_d9bf5e047239a453a2cf3afe,BABIP,missing_projection_metric
pitcher,2026,RotoWire,p_5b7aca63cb468b989990acb9,s_0f09798054db7458155c1701,BABIP,missing_projection_metric
pitcher,2026,RotoWire,p_7ef545114aef3d660b73dcb7,s_f1cc739cd0673a2a07c1f5be,BABIP,missing_projection_metric
pitcher,2026,RotoWire,p_22dafc9081fa932d292f968b,s_76567fbffc13e1cb927dfd1a,BABIP,missing_projection_metric
pitcher,2026,RotoWire,p_9f550caec192fd42d10ff1b3,s_17444bf94b830008071fb564,BABIP,missing_projection_metric
pitcher,2026,RotoWire,p_1b7aadf4254d0c04b28301e5,s_5e130d045148d66c7fd31653,BABIP,missing_projection_metric
pitcher,2026,RotoWire,p_b9bda4330db43c739314fce4,s_c17c33bf416aa4b0c4af4f09,BABIP,missing_projection_metric
pitcher,2026,RotoWire,p_b1ab737f8c5f55323e91d0f5,s_7e380d8d8c8b84235a5155bf,BABIP,missing_projection_metric
pitcher,2026,RotoWire,p_f25183fc2c47de9223d05e18,s_e5a77a57a49234fcadbc2926,BABIP,missing_projection_metric
pitcher,2026,RotoWire,p_6b4f95ec9ffb4fe368a2576d,s_2d543d2902dabca988a565a5,BABIP,missing_projection_metric
pitcher,2026,RotoWire,p_c8060e0ca736e951c5c4b226,s_c0309c8c30f2587cd449c411,BABIP,missing_projection_metric
pitcher,2026,RotoWire,p_9c980b6b55a25e9cec08f624,s_b545795417b5fd61adebdcb9,BABIP,missing_projection_metric
pitcher,2026,RotoWire,p_53fdc6d306dc44415d488e16,s_32f1a7cdaab754a620a06fab,BABIP,missing_projection_metric
pitcher,2026,RotoWire,p_7c334178878220517ce9f328,s_84474e651da76333dc79c4b1,BABIP,missing_projection_metric
pitcher,2026,RotoWire,p_70afef2de0e1d2c4130d7a6f,s_97381ad047f21ece3b53dfac,BABIP,missing_projection_metric
pitcher,2026,RotoWire,p_a8a4ea29b153fef404ad3bfc,s_3ed0f240d30d827ca9951fa4,BABIP,missing_projection_metric
pitcher,2026,RotoWire,p_34b9c312bb9fd77b95735fa7,s_39a88f8a21b81fce7f7373c5,BABIP,missing_projection_metric
pitcher,2026,RotoWire,p_aa3f542bce2dddb882aa93ae,s_02545767668eef11f0a4cc68,BABIP,missing_projection_metric
pitcher,2026,RotoWire,p_3f88e6009659057719b46325,s_38500b5e89f080fc7618b070,BABIP,missing_projection_metric
pitcher,2026,RotoWire,p_fff5f1ebef83eebba71e9bbc,s_accdc9f091974e312fb2d9a1,BABIP,missing_projection_metric
pitcher,2026,RotoWire,p_2969c4d6cb29c114efd4bb95,s_f8d1371eea4639af8ebeb1bf,BABIP,missing_projection_metric
pitcher,2026,RotoWire,p_6ae7476d65dc554f359685a1,s_373e046a2d3c00475714f11f,BABIP,missing_projection_metric
pitcher,2026,RotoWire,p_c037b82bc4462dd614d5ab27,s_c38596ed46d121122bcc60d0,BABIP,missing_projection_metric
pitcher,2026,RotoWire,p_c5178381d162a4b5d9527eb0,s_8bff9705940bb1e6d858f777,BABIP,missing_projection_metric
pitcher,2026,RotoWire,p_f56aefc4ede81ff8de5457ab,s_8d428db1ef0c7f22a3f2fd2f,BABIP,missing_projection_metric
pitcher,2026,RotoWire,p_b7580c74682c1a1cc5d24abd,s_c19ccd038785e91d4fa03c5e,BABIP,missing_projection_metric
pitcher,2026,RotoWire,p_a41a3c5bc64b1e0489feb28f,s_3683d283b2af8b00a350cf3f,BABIP,missing_projection_metric
pitcher,2026,RotoWire,p_1cb2a2b9966604f2d0295576,s_ecacc59bd1d2f6e2bf4a56eb,BABIP,missing_projection_metric
pitcher,2026,RotoWire,p_06ac62e58655fdbf61a0ce7b,s_1296c23b23208fd125e2ea9a,BABIP,missing_projection_metric
pitcher,2026,RotoWire,p_871261aef233e820be74ffc9,s_66ab8297ba652569ea1131d2,BABIP,missing_projection_metric
pitcher,2026,RotoWire,p_ccf29ec3fb51dbf128d874e4,s_bac2df2b3f5e16f4f493d6d3,BABIP,missing_projection_metric
pitcher,2026,RotoWire,p_517403ae3a1b79a433390aec,s_87697517d46b5200927be5f0,BABIP,missing_projection_metric
pitcher,2026,RotoWire,p_09468a2fee5db7203f0eb46f,s_458a599e196a1bc0e9e661c1,BABIP,missing_projection_metric
pitcher,2026,RotoWire,p_d21949823eaf8abb13ea0c7e,s_0b589368d943d12591464c19,BABIP,missing_projection_metric
pitcher,2026,RotoWire,p_a9cd8307ddcf9289441ea557,s_3014e5e5aaeac3a5ddd7c5db,BABIP,missing_projection_metric
pitcher,2026,RotoWire,p_54dfc42aa6e80f0846f08fcf,s_02f97e9c1a426bc50ba72697,BABIP,missing_projection_metric
pitcher,2026,RotoWire,p_9cf33bb8d6b6c72759e3b41d,s_c41da28cf7cf52681277f13e,BABIP,missing_projection_metric
pitcher,2026,RotoWire,p_05aa5556dc44afe342917893,s_c7be1888db989bac8673889c,BABIP,missing_projection_metric
pitcher,2026,RotoWire,p_e78d76af2b3a156869586232,s_7bcd964dea78ae2157a5ec77,BABIP,missing_projection_metric
pitcher,2026,RotoWire,p_6ab2031cdd4bbac15cafe542,s_59465e3f8e7cf14cb1865526,BABIP,missing_projection_metric
pitcher,2026,RotoWire,p_9b79266fde272f3b8d161342,s_37b6b7ddf49afe09163f12f0,BABIP,missing_projection_metric
pitcher,2026,RotoWire,p_19d2c7ec4ec2d984744eb5b3,s_3a960d9e412fa3d3e3a9dad1,BABIP,missing_projection_metric
pitcher,2026,RotoWire,p_ce22d4726510344d78fb2e38,s_8acb546203e92adde255a9cf,BABIP,missing_projection_metric
pitcher,2026,RotoWire,p_54517e847736a45c8b1dabfd,s_65f196935c0357c546446552,BABIP,missing_projection_metric
pitcher,2026,RotoWire,p_781ca9e5c281bea0fd02a3a9,s_d3685aa7d984d7aa063f0170,BABIP,missing_projection_metric
pitcher,2026,RotoWire,p_3c08e81780e0bae6ae834dda,s_f2e22dbf4ad951080151e8ff,BABIP,missing_projection_metric
pitcher,2026,RotoWire,p_8183d10c86c33b8c9d22b5ae,s_825ae827882e62022934d154,BABIP,missing_projection_metric
pitcher,2026,RotoWire,p_c81a0386598bf2f14a51264d,s_8287385ca3ef2c399760cf91,BABIP,missing_projection_metric
pitcher,2026,RotoWire,p_1953e9b8e9520ff434fb0757,s_82c8bb94eecf39d99a830e31,BABIP,missing_projection_metric
pitcher,2026,RotoWire,p_e5489bb69c8bf14362185b49,s_8c3b421225ce18c10ce62cfc,BABIP,missing_projection_metric
pitcher,2026,RotoWire,p_de239dab073ee70e594e1202,s_2ca6cdfd12d301ca7ed43826,BABIP,missing_projection_metric
pitcher,2026,RotoWire,p_9316c4dc392000b5e1ac832e,s_86e475db1fbfcf8b1a77f778,BABIP,missing_projection_metric
pitcher,2026,RotoWire,p_b439564078d45af9d65a0fbe,s_c008f69d0f9c670cc9ebadaf,BABIP,missing_projection_metric
pitcher,2026,RotoWire,p_f4a21c23681d7a8de5411075,s_e45d0d44a32669c00454d037,BABIP,missing_projection_metric
pitcher,2026,RotoWire,p_ffe00fc2f01b7827200e26a4,s_401612462f44a1c3364cba4f,BABIP,missing_projection_metric
pitcher,2026,RotoWire,p_c6edb861266cca1d8b7777f3,s_9e0de88350b421f81ec12712,BABIP,missing_projection_metric
pitcher,2026,RotoWire,p_070918a027c45f11ba1c7216,s_3cb0f247392b812f36ec9878,BABIP,missing_projection_metric
pitcher,2026,RotoWire,p_e10fdff8ef686e5845a7cfee,s_08750125c8f7e6880fe4018e,BABIP,missing_projection_metric
pitcher,2026,RotoWire,p_a1dd30c06e29129ba5461f1e,s_9ed676fc1486825fd9ef21fa,BABIP,missing_projection_metric
pitcher,2026,RotoWire,p_a52253efb8f29cc26461b906,s_37b9eb34fd4a4a7bedbf1de9,BABIP,missing_projection_metric
pitcher,2026,RotoWire,p_13d0b2d2bfa1eb67d025c56d,s_888d4587c81fb0c832c125f4,BABIP,missing_projection_metric
pitcher,2026,RotoWire,p_ab34ac7065869093f97fd7ed,s_014afa24a5effe4abd643a91,BABIP,missing_projection_metric
pitcher,2026,RotoWire,p_ef076093f73d78369c5e2007,s_62c42bf78a57a4c6284b4c86,BABIP,missing_projection_metric
pitcher,2026,RotoWire,p_318949b8bccbfa80a4474acc,s_537e9c3db329aa5b6a20f344,BABIP,missing_projection_metric
pitcher,2026,RotoWire,p_e9baadb1fdaf2108fb24d243,s_d51db1464aeba861c6fb9129,BABIP,missing_projection_metric
pitcher,2026,RotoWire,p_edfc64041b7ee8740960ecff,s_015d294682c40069c48c4506,BABIP,missing_projection_metric
pitcher,2026,RotoWire,p_7e61c15cf9c6d600c25cc6b0,s_578e03fdf78f3da8993ba802,BABIP,missing_projection_metric
pitcher,2026,RotoWire,p_463c8505b18605c1574ec77d,s_4f4f5dd275be9f5a369e4c9a,BABIP,missing_projection_metric
pitcher,2026,RotoWire,p_fc2efd485c9feb6bf3d10686,s_2891b40bce7037cb6fc4160c,BABIP,missing_projection_metric
pitcher,2026,RotoWire,p_48da1d101e8cb6eb88275ac2,s_875d6a0a39242fc632d4d458,BABIP,missing_projection_metric
pitcher,2026,RotoWire,p_340fa49b390d7ccae182eaa4,s_e226d353eaea6f69c7205dcf,BABIP,missing_projection_metric
pitcher,2026,RotoWire,p_028d1e47ba08f397b36a0b34,s_17a5878850d218b141b7e6a3,BABIP,missing_projection_metric
pitcher,2026,RotoWire,p_a80d4ffd8c4ac0d867414d37,s_752b5446c44d8e7ce2155452,BABIP,missing_projection_metric
pitcher,2026,RotoWire,p_601859fdd8080fb55daaca88,s_36065566c97b35b68687fdf8,BABIP,missing_projection_metric
pitcher,2026,RotoWire,p_d27727ac36c7fea7168491ea,s_4d01e5a76005617d7b76e157,BABIP,missing_projection_metric
pitcher,2026,RotoWire,p_c16ceee80f9bfb1fec04cdfe,s_beeb5243a74a35a0bf5daff1,BABIP,missing_projection_metric
pitcher,2026,RotoWire,p_3d7dbeb61bf17e62ef16d36b,s_09dae89ed03cfa40558feb64,BABIP,missing_projection_metric
pitcher,2026,RotoWire,p_cb7e3547063497ea6d59f8f1,s_bb303cb7f8b3f5f771d8c07a,BABIP,missing_projection_metric
pitcher,2026,RotoWire,p_5265b84a78acbbda433f96c7,s_85ff95d1a073bcdabe150465,BABIP,missing_projection_metric
pitcher,2026,RotoWire,p_d0ebfea953424a7ec46c2eb9,s_4b0f02a5848e9f03f5294b16,BABIP,missing_projection_metric
pitcher,2026,RotoWire,p_c4eb415b77ff8b7ebcd826e3,s_903df48c3452114e1decec98,BABIP,missing_projection_metric
pitcher,2026,RotoWire,p_3751299442003f8a18705d67,s_5641bfed92a468abeb3f210f,BABIP,missing_projection_metric
pitcher,2026,RotoWire,p_2760b771d5d2d52f8c0db525,s_e29248ee3c0c7f65f93467a0,BABIP,missing_projection_metric
pitcher,2026,RotoWire,p_c1d12d935a24fbd60d6cf764,s_5d987d21cf52bafe5221dd67,BABIP,missing_projection_metric
pitcher,2026,RotoWire,p_0e089b0f2e016b32a874b52f,s_40661569304e9e6d235aa5aa,BABIP,missing_projection_metric
pitcher,2026,RotoWire,p_c229b53fa6e02347d49d14af,s_92a1f1638de6e45c64f25eab,BABIP,missing_projection_metric
pitcher,2026,RotoWire,p_5aa9a1553defc70fdc9f44f6,s_0c3ae8fae4c2937f9a6a7a97,BABIP,missing_projection_metric
pitcher,2026,RotoWire,p_99f38b09686a812eec67a07d,s_87afe2fa72b7e6dedeb56fc5,BABIP,missing_projection_metric
pitcher,2026,RotoWire,p_7c9db6128a2d163051be00ea,s_3b96b41fd9e2148088b0c288,BABIP,missing_projection_metric
pitcher,2026,RotoWire,p_87e0f824b432c68de2f1cdda,s_7bdb2abc30385b242b1e6dc6,BABIP,missing_projection_metric
pitcher,2026,RotoWire,p_9d30f7fa80d5f631417ee075,s_f25bda8bdbf9dce044b98f09,BABIP,missing_projection_metric
pitcher,2026,RotoWire,p_b780c726b42fc01482d044ea,s_c405b0c20b4e6359698228ac,BABIP,missing_projection_metric
pitcher,2026,RotoWire,p_4418e268dc293e4c447c6546,s_834fab11eb38bf6052973750,BABIP,missing_projection_metric
pitcher,2026,RotoWire,p_4f63322407a16b6cb9e684d5,s_0dfd2147ebf1de91bb4049f9,BABIP,missing_projection_metric
pitcher,2026,RotoWire,p_4666c8933a6cfbcd75a49204,s_f49a29cb525ee8b5105bf239,BABIP,missing_projection_metric
pitcher,2026,RotoWire,p_65fc75eaa7cdf02f389515d9,s_8907cc7237cc8bbfecb8d45d,BABIP,missing_projection_metric
pitcher,2026,RotoWire,p_371a1a346ec1e2f9db0ad977,s_5b3d13e1056846fe80754a17,BABIP,missing_projection_metric
pitcher,2026,RotoWire,p_c3cfef0ffe32dcdecf86b61f,s_548eacae98a2577c2e8ecc25,BABIP,missing_projection_metric
pitcher,2026,RotoWire,p_27741deb9bcc7a5143466fbb,s_8e93023757fb4490770b557c,BABIP,missing_projection_metric
pitcher,2026,RotoWire,p_a040d5160e3ed9b54434cfbb,s_b1cf44160a6db5a931afdfaa,BABIP,missing_projection_metric
pitcher,2026,RotoWire,p_31e198d6dadb10cdd4b3261f,s_8f1280b82543642957404379,BABIP,missing_projection_metric
pitcher,2026,RotoWire,p_fde1cb0513829d5de21b3f1e,s_42a6de7becabde90a55ad218,BABIP,missing_projection_metric
pitcher,2026,RotoWire,p_d0cb62e3b68e340a9cdfacc2,s_ae7774bb549201c34d77e05c,BABIP,missing_projection_metric
pitcher,2026,RotoWire,p_d67e2299a0f2997cb42780b7,s_2cdabf4aa1046a81574ca380,BABIP,missing_projection_metric
pitcher,2026,RotoWire,p_5ab6446da06e03d88133c394,s_d8333a88bb0ba38ee61b0600,BABIP,missing_projection_metric
pitcher,2026,RotoWire,p_1dd0b1900f0273e21e3b6bc0,s_4119bdd6c893fb622e67d966,BABIP,missing_projection_metric
pitcher,2026,RotoWire,p_38048eea2f7c671d69ecd76b,s_36637e82852ce9266583b1cd,BABIP,missing_projection_metric
pitcher,2026,RotoWire,p_161e5a9305eaea8fb63c7654,s_71de7fd1e8bd40c2c73f2611,BABIP,missing_projection_metric
pitcher,2026,RotoWire,p_a6d5aaf96c6c17db57e8301a,s_5a02842895ea3a11c3fffa36,BABIP,missing_projection_metric
pitcher,2026,RotoWire,p_7b633d9c0fd8d30fda378a1c,s_6686b82c60156c0ae0d0bbfa,BABIP,missing_projection_metric
pitcher,2026,RotoWire,p_f7bab10a7c231ef55feda704,s_bd939012e148491941d0b364,BABIP,missing_projection_metric
pitcher,2026,RotoWire,p_76d7ef74cfa636d8b9d155bd,s_fd3454bba7c92acb8cfe6c4f,BABIP,missing_projection_metric
pitcher,2026,RotoWire,p_f50562cd42d6cc25aedd76e1,s_116f1b993051f4281b5f0885,BABIP,missing_projection_metric
pitcher,2026,RotoWire,p_5988f710e101ad2973bb1376,s_8e58a0514b94aa4876615f9c,BABIP,missing_projection_metric
pitcher,2026,RotoWire,p_f33b45e0082d9a26a8b16000,s_1d4ca3de5c0f190ad1cd9904,BABIP,missing_projection_metric
pitcher,2026,RotoWire,p_ca0d45e796adb570fdbab1c7,s_c54989d725c39f992d847180,BABIP,missing_projection_metric
pitcher,2026,RotoWire,p_ad235584736e2db776c9f300,s_82c549976445ec5293bd4013,BABIP,missing_projection_metric
pitcher,2026,RotoWire,p_9085615513755fa3b7c88ed7,s_f8dee4d6a6d5b4fc6bf16c14,BABIP,missing_projection_metric
pitcher,2026,RotoWire,p_533e1d1b9b0e042ae42a70bc,s_8f36a1e0022c964f31c91f6c,BABIP,missing_projection_metric
pitcher,2026,RotoWire,p_6bd9055b9b59370a6fc21176,s_38cb4d4248701e7a6ce03c04,BABIP,missing_projection_metric
pitcher,2026,RotoWire,p_1142060f4e1e790850d30e59,s_e3055325e6d4d537bb5e9944,BABIP,missing_projection_metric
pitcher,2026,RotoWire,p_dae721ae0af6fe067aae9fe3,s_db565252059663c6bffa179c,BABIP,missing_projection_metric
pitcher,2026,RotoWire,p_922ce00ab6c0df908faed3ae,s_ef97b59aeed2b866edf74fc1,BABIP,missing_projection_metric
pitcher,2026,RotoWire,p_337ef551541514c24ce1c46c,s_229979b7e30905a88660d96c,BABIP,missing_projection_metric
pitcher,2026,RotoWire,p_30abefb7f554a01f12b64dc7,s_fc49ffe12ccb4971dd49b87c,BABIP,missing_projection_metric
pitcher,2026,RotoWire,p_4e095ac42b4a01d1fdf29e14,s_c1ff9537b3916f96e21da196,BABIP,missing_projection_metric
pitcher,2026,RotoWire,p_ca0da33a70c68f592795f426,s_92ec7236f3bdeff13bd44080,BABIP,missing_projection_metric
pitcher,2026,RotoWire,p_35ac1581cac235bb1668f22a,s_d36b2e4d860586127be89fd8,BABIP,missing_projection_metric
pitcher,2026,RotoWire,p_e4a10c7f007942d7d013ffa8,s_cf43669aca51ad8bb46a7ad1,BABIP,missing_projection_metric
pitcher,2026,RotoWire,p_f1199c5e49b77b823fde65db,s_143519ffbff4d224a199b05c,BABIP,missing_projection_metric
pitcher,2026,RotoWire,p_2d89951f468f9685aecc45ef,s_03122fe5dd8adcaf8d77c768,BABIP,missing_projection_metric
pitcher,2026,RotoWire,p_f6c81be67460a702270428c3,s_af291b754a869e280b9c2b8e,BABIP,missing_projection_metric
pitcher,2026,RotoWire,p_05f3918b6278bcd6d3856315,s_df9b30f4a30507058f649de3,BABIP,missing_projection_metric
pitcher,2026,RotoWire,p_bc1f7345b1d67fbf1e7c9f68,s_4e9fd06a26e71e911e735224,BABIP,missing_projection_metric
pitcher,2026,RotoWire,p_5fc4cd4565230611a892c103,s_715fa66e6dfd8383030a4599,BABIP,missing_projection_metric
pitcher,2026,RotoWire,p_c564f60ca570a42cae848b9d,s_187fde3f46b3d79e19312456,BABIP,missing_projection_metric
pitcher,2026,RotoWire,p_4b42caae2c74a4d78fc1d2c5,s_5a02da658098d16ade5abcfa,BABIP,missing_projection_metric
pitcher,2026,RotoWire,p_8b93ec63be6ec0ab8c535e69,s_0518026017a1f141d269059b,BABIP,missing_projection_metric
pitcher,2026,RotoWire,p_23ad51a9725fb7e2007c6f4a,s_a90769eb9d65f184dc3ba662,BABIP,missing_projection_metric
pitcher,2026,RotoWire,p_e0d80b0ade89ca191c7c7e55,s_e14d447b381f1e1b02d397af,BABIP,missing_projection_metric
pitcher,2026,RotoWire,p_93b79e92d76fa2af9c41c2cb,s_f3964a3b926efc08eaa079e7,BABIP,missing_projection_metric
pitcher,2026,RotoWire,p_574ecbd5a49e1ed6c42b24dc,s_15412145a00613abe84e86db,BABIP,missing_projection_metric
pitcher,2026,RotoWire,p_dedb29c4c8c6ce892139f533,s_df57e2dc4776985c74b9ce97,BABIP,missing_projection_metric
pitcher,2026,RotoWire,p_0876ad8121b608233facdf46,s_7236fb6735a8e63e3af6edf1,BABIP,missing_projection_metric
pitcher,2026,RotoWire,p_d445cfc4cbcbaa36bc71236d,s_f633dd566d881d2b933d6b51,BABIP,missing_projection_metric
pitcher,2026,RotoWire,p_8b9cb10f6657921d3c1ea1a2,s_2d1cd2cafa217d36a804386f,BABIP,missing_projection_metric
pitcher,2026,RotoWire,p_c09cf00381457e60dd0c837e,s_78f62445549e2eb76f41cac4,BABIP,missing_projection_metric
