player_type,season,metric,classification,cohort,source_a,source_b,n,source_a_mae,source_b_mae,mae_delta_a_minus_b,lower_mae_source,ranking_eligible,sample_id
hitter,2024,R,fantasy_outcome,all_matched,Steamer,THE BAT X,530,16.1244353796373,15.658311018867924,0.4661243607693777,THE BAT X,True,eb0ee8864464b7927c58f012
hitter,2024,R,fantasy_outcome,established_sample,Steamer,THE BAT X,415,18.261007329408663,16.95439465060241,1.3066126788062533,THE BAT X,True,af74babc622aec2ed1565848
hitter,2024,R,fantasy_outcome,regular_playing_time,Steamer,THE BAT X,279,17.512934906989017,15.873059318996416,1.6398755879926004,THE BAT X,True,43b857d981b5c0516c8f23e9
hitter,2024,HR,fantasy_outcome,all_matched,Steamer,THE BAT X,530,4.9730256956931695,4.706046485660377,0.2669792100327921,THE BAT X,True,08b575f0782ce20108414fd5
hitter,2024,HR,fantasy_outcome,established_sample,Steamer,THE BAT X,415,5.779231369214873,5.313276710843373,0.4659546583715004,THE BAT X,True,27819ba6c58292b72aa75026
hitter,2024,HR,fantasy_outcome,regular_playing_time,Steamer,THE BAT X,279,5.720753827132285,5.2269642258064515,0.49378960132583316,THE BAT X,True,7edb3851b02c5069cf949602
hitter,2024,RBI,fantasy_outcome,all_matched,Steamer,THE BAT X,530,15.891915286599465,15.044470967924529,0.8474443186749365,THE BAT X,True,be03e6e39852bd90bf54b237
hitter,2024,RBI,fantasy_outcome,established_sample,Steamer,THE BAT X,415,18.062409643900683,16.481838,1.580571643900683,THE BAT X,True,1cf9bbf11ba32d5a71bbcad5
hitter,2024,RBI,fantasy_outcome,regular_playing_time,Steamer,THE BAT X,279,17.269731517146777,15.780461720430107,1.4892697967166697,THE BAT X,True,f4f0bcff5b9f84deb731b848
hitter,2024,SB,fantasy_outcome,all_matched,Steamer,THE BAT X,530,3.990250731753361,4.211058258584906,-0.2208075268315448,Steamer,True,6c64374e088dd47b5f027b65
hitter,2024,SB,fantasy_outcome,established_sample,Steamer,THE BAT X,415,4.608650331970035,4.66802577879518,-0.05937544682514506,Steamer,True,5fc14fab7890b2007e5b25ec
hitter,2024,SB,fantasy_outcome,regular_playing_time,Steamer,THE BAT X,279,5.211411075199217,5.233809874193549,-0.022398798994331948,Steamer,True,e26998ff14c02178da16593b
hitter,2024,AVG,fantasy_outcome,all_matched,Steamer,THE BAT X,530,0.03521414339370192,0.03408740211509434,0.001126741278607582,THE BAT X,True,7ccb386bd7070666d49d2f91
hitter,2024,AVG,fantasy_outcome,established_sample,Steamer,THE BAT X,415,0.024924932183651004,0.024101861722891565,0.0008230704607594397,THE BAT X,True,d90632df6b4558a4e3e52e73
hitter,2024,AVG,fantasy_outcome,regular_playing_time,Steamer,THE BAT X,279,0.01929642371258051,0.018705550462365588,0.0005908732502149204,THE BAT X,True,ed6c6646c556cf5dc74a3aa4
hitter,2024,OPS,fantasy_outcome,all_matched,Steamer,THE BAT X,530,0.10871560522663996,0.10121514202452829,0.0075004632021116735,THE BAT X,True,7d7d4bdd919ac7b84daa9545
hitter,2024,OPS,fantasy_outcome,established_sample,Steamer,THE BAT X,415,0.07844258273120298,0.07214703848915661,0.006295544242046369,THE BAT X,True,4eef187a4fccc9ff31224505
hitter,2024,OPS,fantasy_outcome,regular_playing_time,Steamer,THE BAT X,279,0.0618710390490268,0.056783179064516125,0.0050878599845106745,THE BAT X,True,05bcdec62ca71c167c294e22
hitter,2024,PA,opportunity,all_matched,Steamer,THE BAT X,530,113.21299499205823,111.39594339622641,1.8170515958318134,THE BAT X,True,2ce9e32c48243763547d83e5
hitter,2024,PA,opportunity,established_sample,Steamer,THE BAT X,415,124.92339716417244,116.44116144578314,8.482235718389305,THE BAT X,True,993ac778e6ca6075865bcb4b
hitter,2024,PA,opportunity,regular_playing_time,Steamer,THE BAT X,279,112.73786060613543,105.82410752688172,6.913753079253709,THE BAT X,True,e7efdd2fc7e3174b6e5a1e5b
hitter,2024,G,opportunity,all_matched,Steamer,THE BAT X,530,31.13258479667722,29.92306603773585,1.2095187589413712,THE BAT X,True,fc59454decc393850ab5b339
hitter,2024,G,opportunity,established_sample,Steamer,THE BAT X,415,34.502385375370466,31.585585542168676,2.9167998332017895,THE BAT X,True,d7ef324a0672b674657a0475
hitter,2024,G,opportunity,regular_playing_time,Steamer,THE BAT X,279,31.781361881176203,29.42039784946236,2.3609640317138414,THE BAT X,True,e89efe646b734ac1d08b5ecb
hitter,2024,HR_per_PA,skill,all_matched,Steamer,THE BAT X,530,0.012023091635009154,0.011490121108554173,0.000532970526454981,THE BAT X,True,ea190325674e4392719fa3c9
hitter,2024,HR_per_PA,skill,established_sample,Steamer,THE BAT X,415,0.009446468384836018,0.00908650160493259,0.00035996677990342806,THE BAT X,True,ee7b8188e3b3fb39de157a47
hitter,2024,HR_per_PA,skill,regular_playing_time,Steamer,THE BAT X,279,0.00830065894569575,0.007995661402809858,0.00030499754288589205,THE BAT X,True,355353b9407cc7d2976fb8eb
hitter,2024,R_per_PA,skill,all_matched,Steamer,THE BAT X,530,0.02725020535463443,0.026309708879318966,0.0009404964753154631,THE BAT X,True,f800da8246f34a92f834ff1a
hitter,2024,R_per_PA,skill,established_sample,Steamer,THE BAT X,415,0.018881364115058905,0.018077897023175835,0.0008034670918830693,THE BAT X,True,9feb94f07a3f3d4fa0df5378
hitter,2024,R_per_PA,skill,regular_playing_time,Steamer,THE BAT X,279,0.016367086642779072,0.015182918243134716,0.0011841683996443569,THE BAT X,True,da5606e65f977f59d2fdcffb
hitter,2024,RBI_per_PA,skill,all_matched,Steamer,THE BAT X,530,0.02991622264686198,0.028491281052403467,0.0014249415944585127,THE BAT X,True,9c1ca79539ef87624afb1f31
hitter,2024,RBI_per_PA,skill,established_sample,Steamer,THE BAT X,415,0.02138705394087698,0.02033783754923601,0.0010492163916409718,THE BAT X,True,a2f0f238c5f2510de22b0a9e
hitter,2024,RBI_per_PA,skill,regular_playing_time,Steamer,THE BAT X,279,0.01765781850330981,0.016667765454234665,0.0009900530490751444,THE BAT X,True,2468a94974126aedaace6a09
hitter,2024,SB_per_PA,skill,all_matched,Steamer,THE BAT X,530,0.01288462959201221,0.01269079681404411,0.00019383277796809935,THE BAT X,True,c6ad69d2860780ce0476b43b
hitter,2024,SB_per_PA,skill,established_sample,Steamer,THE BAT X,415,0.00966617293504065,0.009669561063601265,-3.3881285606152806e-06,Steamer,True,73a504f9eca920f894be93c3
hitter,2024,SB_per_PA,skill,regular_playing_time,Steamer,THE BAT X,279,0.00905887497904481,0.008978807083077679,8.006789596713172e-05,THE BAT X,True,c833709de6115455c752960a
hitter,2024,K%,skill,all_matched,Steamer,THE BAT X,530,0.037012691806584376,0.037082050760377364,-6.935895379298757e-05,Steamer,True,be2c3cdfde857c8180f2105f
hitter,2024,K%,skill,established_sample,Steamer,THE BAT X,415,0.02779169472025169,0.027749835725301205,4.185899495048537e-05,THE BAT X,True,9e138cdfda55f5edaf221438
hitter,2024,K%,skill,regular_playing_time,Steamer,THE BAT X,279,0.02454283175556739,0.024584557956989245,-4.1726201421853765e-05,Steamer,True,94b1ae9fe088b3753bc65933
hitter,2024,BB%,skill,all_matched,Steamer,THE BAT X,530,0.02303240632238726,0.021166256541509432,0.0018661497808778287,THE BAT X,True,84f26fab95076416ee2ebebe
hitter,2024,BB%,skill,established_sample,Steamer,THE BAT X,415,0.016932611707090515,0.015184735930120482,0.0017478757769700329,THE BAT X,True,abe996ca1bc0fe39b32c1b0c
hitter,2024,BB%,skill,regular_playing_time,Steamer,THE BAT X,279,0.016643069496714177,0.014832856860215052,0.0018102126364991245,THE BAT X,True,8695453ed402858b4ecbc653
hitter,2024,ISO,skill,all_matched,Steamer,THE BAT X,530,0.04881652802799483,0.046194843977358485,0.0026216840506363415,THE BAT X,True,836694949fbd6656af867de9
hitter,2024,ISO,skill,established_sample,Steamer,THE BAT X,415,0.03704863257151008,0.034704354089156626,0.002344278482353454,THE BAT X,True,785ac96719e8e20f8b2f1ed4
hitter,2024,ISO,skill,regular_playing_time,Steamer,THE BAT X,279,0.03131743994245213,0.029344383555555558,0.0019730563868965746,THE BAT X,True,221b0b2f3f7317906f584e41
hitter,2024,BABIP,skill,all_matched,Steamer,THE BAT X,530,0.04155671094032553,0.04043633530188679,0.0011203756384387392,THE BAT X,True,84cc33e57e51ec672230300d
hitter,2024,BABIP,skill,established_sample,Steamer,THE BAT X,415,0.02885951401212494,0.027978950436144578,0.0008805635759803615,THE BAT X,True,308199b67a42648c33e6501a
hitter,2024,BABIP,skill,regular_playing_time,Steamer,THE BAT X,279,0.022933544112789004,0.02184030170250896,0.0010932424102800438,THE BAT X,True,e1468bf9ca4ffae0440f7205
hitter,2024,wOBA,skill,all_matched,Steamer,THE BAT X,530,0.04303775184600258,0.040046775800526686,0.0029909760454758932,THE BAT X,True,36597cc2eee2f4374fb9dbe5
hitter,2024,wOBA,skill,established_sample,Steamer,THE BAT X,415,0.030630126358669248,0.028096389927134806,0.002533736431534442,THE BAT X,True,cd323ea8cea8087c02300af0
hitter,2024,wOBA,skill,regular_playing_time,Steamer,THE BAT X,279,0.02399930615920314,0.022093476973302235,0.0019058291859009036,THE BAT X,True,c9e82493aeb92d6a8ce15ca9
hitter,2025,R,fantasy_outcome,all_matched,OOPSY,Steamer,663,13.995475113122172,12.914437350194738,1.0810377629274335,Steamer,True,6aedd7f5955c8839108a0391
hitter,2025,R,fantasy_outcome,all_matched,OOPSY,THE BAT X,583,14.915951972555746,14.372480433962263,0.543471538593483,THE BAT X,True,7e8956e3bcd4ef260379fca9
hitter,2025,R,fantasy_outcome,all_matched,Steamer,THE BAT X,585,13.587752243736361,14.190619116239317,-0.6028668725029558,Steamer,True,489c51f8fe6ef3682cc00e53
hitter,2025,R,fantasy_outcome,established_sample,OOPSY,Steamer,459,16.675381263616558,15.235552617082929,1.4398286465336287,Steamer,True,b17b8d13de47346d3578d8a7
hitter,2025,R,fantasy_outcome,established_sample,OOPSY,THE BAT X,438,16.69406392694064,15.734740116438356,0.9593238105022834,THE BAT X,True,94f1394a3f3e1c3f4a9d9189
hitter,2025,R,fantasy_outcome,established_sample,Steamer,THE BAT X,438,15.070520207387943,15.545600961187215,-0.47508075379927206,Steamer,True,838a54ab50d1efa5981616be
hitter,2025,R,fantasy_outcome,regular_playing_time,OOPSY,Steamer,276,16.152173913043477,15.691987479186576,0.46018643385690083,Steamer,True,f09b14e442133931d5f7d68d
hitter,2025,R,fantasy_outcome,regular_playing_time,OOPSY,THE BAT X,276,16.278985507246375,15.865169637681161,0.4138158695652141,THE BAT X,True,54980c9419df34d4924cd679
hitter,2025,R,fantasy_outcome,regular_playing_time,Steamer,THE BAT X,275,15.564896524602716,15.608379890909092,-0.043483366306375615,Steamer,True,3cb9435f07a7779b1342eb3c
hitter,2025,HR,fantasy_outcome,all_matched,OOPSY,Steamer,663,4.549019607843137,4.328423965552353,0.22059564229078443,Steamer,True,7c69c7e9c8af36f7e2f0d2a9
hitter,2025,HR,fantasy_outcome,all_matched,OOPSY,THE BAT X,583,5.020583190394511,4.862843826072041,0.15773936432247027,THE BAT X,True,c28dbac5bac9d5ac222797d4
hitter,2025,HR,fantasy_outcome,all_matched,Steamer,THE BAT X,585,4.700087844629764,4.7894762095726495,-0.08938836494288527,Steamer,True,a5af8e9e85e90359a6c2729b
hitter,2025,HR,fantasy_outcome,established_sample,OOPSY,Steamer,459,5.664488017429194,5.297257921145113,0.36723009628408043,Steamer,True,be9d8bb60f75c473cf16293f
hitter,2025,HR,fantasy_outcome,established_sample,OOPSY,THE BAT X,438,5.837899543378995,5.578328988584475,0.2595705547945206,THE BAT X,True,fca72e22c6092dd655cf42d7
hitter,2025,HR,fantasy_outcome,established_sample,Steamer,THE BAT X,438,5.392155218843932,5.498521682648401,-0.10636646380446901,Steamer,True,201375ec5ecf64c5d3aa756e
hitter,2025,HR,fantasy_outcome,regular_playing_time,OOPSY,Steamer,276,6.297101449275362,5.964222417739422,0.33287903153594023,Steamer,True,4fabfecbb72f2799edc43e95
hitter,2025,HR,fantasy_outcome,regular_playing_time,OOPSY,THE BAT X,276,6.391304347826087,6.262364543478261,0.1289398043478256,THE BAT X,True,caa244b9d30caabb59a2caf2
hitter,2025,HR,fantasy_outcome,regular_playing_time,Steamer,THE BAT X,275,5.953378862901167,6.157919469090909,-0.20454060618974168,Steamer,True,e64d25a3c562183efaddefb7
hitter,2025,RBI,fantasy_outcome,all_matched,OOPSY,Steamer,663,14.701357466063348,13.305677113748335,1.3956803523150132,Steamer,True,b90567896b2233e2a15fd5b1
hitter,2025,RBI,fantasy_outcome,all_matched,OOPSY,THE BAT X,583,15.90566037735849,14.95027051457976,0.9553898627787305,THE BAT X,True,685aafd70b81ed96af318c27
hitter,2025,RBI,fantasy_outcome,all_matched,Steamer,THE BAT X,585,14.202038336589805,14.771648512820514,-0.5696101762307091,Steamer,True,c7275d5ad58b5e6edac19b4e
hitter,2025,RBI,fantasy_outcome,established_sample,OOPSY,Steamer,459,18.03050108932462,15.840238395794284,2.190262693530336,Steamer,True,4b33de9863b7e4bf453fab47
hitter,2025,RBI,fantasy_outcome,established_sample,OOPSY,THE BAT X,438,18.21917808219178,16.639910173515982,1.5792679086757992,THE BAT X,True,54056a015efa77366c319347
hitter,2025,RBI,fantasy_outcome,established_sample,Steamer,THE BAT X,438,15.808429734551744,16.46072122374429,-0.652291489192546,Steamer,True,aa9f8615e7923d121282708e
hitter,2025,RBI,fantasy_outcome,regular_playing_time,OOPSY,Steamer,276,18.85144927536232,16.869489217905894,1.9819600574564262,Steamer,True,f4165af3101f4c31d7a40126
hitter,2025,RBI,fantasy_outcome,regular_playing_time,OOPSY,THE BAT X,276,19.0,17.655932536231884,1.3440674637681163,THE BAT X,True,2e3014270af99544562abb89
hitter,2025,RBI,fantasy_outcome,regular_playing_time,Steamer,THE BAT X,275,16.78292481509122,17.419528436363635,-0.636603621272414,Steamer,True,dddefea1df1ca04ae5e9b7f3
hitter,2025,SB,fantasy_outcome,all_matched,OOPSY,Steamer,663,3.4177978883861235,3.257181606301125,0.16061628208499856,Steamer,True,ee21bf3de219c9717a365216
hitter,2025,SB,fantasy_outcome,all_matched,OOPSY,THE BAT X,583,3.67409948542024,3.533349244631218,0.1407502407890222,THE BAT X,True,8826365f86e253bca9e0dac4
hitter,2025,SB,fantasy_outcome,all_matched,Steamer,THE BAT X,585,3.4813793243084135,3.5232347025982906,-0.041855378289877176,Steamer,True,d9422eccfe6ff62b2274229b
hitter,2025,SB,fantasy_outcome,established_sample,OOPSY,Steamer,459,4.119825708061002,3.959137263080848,0.16068844498015444,Steamer,True,9f7364296b2ab55f12cd61b0
hitter,2025,SB,fantasy_outcome,established_sample,OOPSY,THE BAT X,438,4.155251141552512,3.997052600981735,0.15819854057077665,THE BAT X,True,4a6da0a1f5ac793455e43680
hitter,2025,SB,fantasy_outcome,established_sample,Steamer,THE BAT X,438,3.9946018346632113,3.999404982260274,-0.004803147597062907,Steamer,True,78aec34e8c7730c283fd1326
hitter,2025,SB,fantasy_outcome,regular_playing_time,OOPSY,Steamer,276,4.630434782608695,4.616967771553259,0.013467011055436018,Steamer,True,2666da67087f7483af9ec1d1
hitter,2025,SB,fantasy_outcome,regular_playing_time,OOPSY,THE BAT X,276,4.608695652173913,4.490545403623189,0.11815024855072398,THE BAT X,True,5afaf2a448cc03e5ff733b54
hitter,2025,SB,fantasy_outcome,regular_playing_time,Steamer,THE BAT X,275,4.604922927076166,4.500831943272727,0.10409098380343895,THE BAT X,True,761d365bbe049d33e0160d2c
hitter,2025,AVG,fantasy_outcome,all_matched,OOPSY,Steamer,663,0.0409465197224736,0.041750390296333144,-0.0008038705738595414,OOPSY,True,9cb3fb895fa538d20f64a198
hitter,2025,AVG,fantasy_outcome,all_matched,OOPSY,THE BAT X,583,0.037703202821612346,0.03728741892109777,0.00041578390051457553,THE BAT X,True,66d0c64babdfde6d8140fb33
hitter,2025,AVG,fantasy_outcome,all_matched,Steamer,THE BAT X,585,0.03854917191322994,0.037252995429059826,0.0012961764841701168,THE BAT X,True,9fb863b0523a8ce0641c1a43
hitter,2025,AVG,fantasy_outcome,established_sample,OOPSY,Steamer,459,0.023427725270152504,0.02356837383519895,-0.00014064856504644382,OOPSY,True,3e975dc4d2077eccb8c7de53
hitter,2025,AVG,fantasy_outcome,established_sample,OOPSY,THE BAT X,438,0.023362508570776257,0.02320080102283105,0.00016170754794520709,THE BAT X,True,4fecdedf3dfd5e3f7cb79974
hitter,2025,AVG,fantasy_outcome,established_sample,Steamer,THE BAT X,438,0.023614791472962585,0.023111147621004566,0.0005036438519580196,THE BAT X,True,89db93bc613965f45ccd907f
hitter,2025,AVG,fantasy_outcome,regular_playing_time,OOPSY,Steamer,276,0.01903342677173913,0.01865459325865413,0.00037883351308500013,Steamer,True,375bf32d0c02974399247363
hitter,2025,AVG,fantasy_outcome,regular_playing_time,OOPSY,THE BAT X,276,0.01897271579347826,0.018848027141304347,0.00012468865217391337,THE BAT X,True,30b8a01ef83a0c2c158df078
hitter,2025,AVG,fantasy_outcome,regular_playing_time,Steamer,THE BAT X,275,0.01847978310194285,0.01863209564,-0.00015231253805714912,Steamer,True,a038ad39c71d30488ede2cbc
hitter,2025,OPS,fantasy_outcome,all_matched,OOPSY,Steamer,663,0.11297526691101056,0.1161282456227554,-0.0031529787117448305,OOPSY,True,af42b199dd0b7aa96e89469b
hitter,2025,OPS,fantasy_outcome,all_matched,OOPSY,THE BAT X,583,0.10342940381303602,0.09964647100343053,0.0037829328096054826,THE BAT X,True,58c9b17f24d6a44d66870cf7
hitter,2025,OPS,fantasy_outcome,all_matched,Steamer,THE BAT X,585,0.1058451865240415,0.0990657938017094,0.006779392722332092,THE BAT X,True,e3166ad1e250113a8429e1d4
hitter,2025,OPS,fantasy_outcome,established_sample,OOPSY,Steamer,459,0.07039703503485839,0.0710371619028163,-0.0006401268679579047,OOPSY,True,7811fecc2582c05b431333bf
hitter,2025,OPS,fantasy_outcome,established_sample,OOPSY,THE BAT X,438,0.07066613539041096,0.06831880785159818,0.0023473275388127823,THE BAT X,True,3cd04baa627d8076eb6cf480
hitter,2025,OPS,fantasy_outcome,established_sample,Steamer,THE BAT X,438,0.07115721970708881,0.06769477473287672,0.003462444974212095,THE BAT X,True,7008c601403f54fb3ddf425c
hitter,2025,OPS,fantasy_outcome,regular_playing_time,OOPSY,Steamer,276,0.05726556436594203,0.054869929523372864,0.002395634842569168,Steamer,True,e1ed84476276207d9afd5320
hitter,2025,OPS,fantasy_outcome,regular_playing_time,OOPSY,THE BAT X,276,0.05748360821376812,0.056739494003623187,0.0007441142101449333,THE BAT X,True,585c0f77d857af82e8bbeb7c
hitter,2025,OPS,fantasy_outcome,regular_playing_time,Steamer,THE BAT X,275,0.054330615883378904,0.0556475382,-0.0013169223166210955,Steamer,True,f7ef05ae574e165f7a1f26bb
hitter,2025,PA,opportunity,all_matched,OOPSY,Steamer,663,105.76923076923077,98.65545065082935,7.113780118401422,Steamer,True,f8296d806d4461791bc31dae
hitter,2025,PA,opportunity,all_matched,OOPSY,THE BAT X,583,111.32933104631218,108.6109845626072,2.718346483704977,THE BAT X,True,638d856e2d58e7d200bd37b0
hitter,2025,PA,opportunity,all_matched,Steamer,THE BAT X,585,103.25384115581838,107.56596581196582,-4.3121246561474464,Steamer,True,bf97b5dfda24d5c680ff01cb
hitter,2025,PA,opportunity,established_sample,OOPSY,Steamer,459,121.85838779956427,113.73364285731887,8.1247449422454,Steamer,True,0640f961735a7604ee77a4fb
hitter,2025,PA,opportunity,established_sample,OOPSY,THE BAT X,438,120.37442922374429,115.05978310502283,5.3146461187214555,THE BAT X,True,95ec37e51e8f4db02bf641c0
hitter,2025,PA,opportunity,established_sample,Steamer,THE BAT X,438,111.6263240371665,114.05032191780822,-2.4239978806417213,Steamer,True,0029ec3b67a681d32947e1ce
hitter,2025,PA,opportunity,regular_playing_time,OOPSY,Steamer,276,106.69927536231884,112.76267882015394,-6.0634034578350935,OOPSY,True,077aaac6511f47af430c72b4
hitter,2025,PA,opportunity,regular_playing_time,OOPSY,THE BAT X,276,107.07608695652173,109.16501449275363,-2.0889275362318926,OOPSY,True,b055972b00d810d1057c7afb
hitter,2025,PA,opportunity,regular_playing_time,Steamer,THE BAT X,275,111.90952428644354,107.90632000000001,4.003204286443534,THE BAT X,True,6f776f93f7a9c0c1b3b9b8d2
hitter,2025,G,opportunity,all_matched,OOPSY,Steamer,663,29.239819004524886,28.735686329357765,0.5041326751671207,Steamer,True,6da29ce6bc6f752a9fc15625
hitter,2025,G,opportunity,all_matched,OOPSY,THE BAT X,583,29.92967409948542,29.01559862778731,0.9140754716981121,THE BAT X,True,b65defa543171fd96bf14fc5
hitter,2025,G,opportunity,all_matched,Steamer,THE BAT X,585,29.501367585577515,28.780837606837608,0.7205299787399078,THE BAT X,True,c0889e668e93d8b90a048c33
hitter,2025,G,opportunity,established_sample,OOPSY,Steamer,459,33.74291938997821,33.943355200986716,-0.2004358110085036,OOPSY,True,5f62210ab53825b7838cbf4d
hitter,2025,G,opportunity,established_sample,OOPSY,THE BAT X,438,32.95205479452055,30.99431278538813,1.9577420091324207,THE BAT X,True,849119aa7db2a11e70c25ba1
hitter,2025,G,opportunity,established_sample,Steamer,THE BAT X,438,33.140274059554756,30.779043378995432,2.3612306805593235,THE BAT X,True,c4d57d8d5e5945e29d2bc681
hitter,2025,G,opportunity,regular_playing_time,OOPSY,Steamer,276,29.507246376811594,33.532246449287385,-4.025000072475791,OOPSY,True,0b6815881abec2ef1c1ecc21
hitter,2025,G,opportunity,regular_playing_time,OOPSY,THE BAT X,276,29.57246376811594,29.168047101449275,0.4044166666666662,THE BAT X,True,215e2bf8ad43c9a35fed7402
hitter,2025,G,opportunity,regular_playing_time,Steamer,THE BAT X,275,33.32650916359641,28.87732,4.449189163596412,THE BAT X,True,e8b20304b8b96edc389f4783
hitter,2025,HR_per_PA,skill,all_matched,OOPSY,Steamer,663,0.012104835502091916,0.01274964154990672,-0.0006448060478148037,OOPSY,True,54278ebdc7d1ca997f58bd07
hitter,2025,HR_per_PA,skill,all_matched,OOPSY,THE BAT X,583,0.011706524090587355,0.011561337235834294,0.00014518685475306027,THE BAT X,True,82e5a930f4f46091b5493b19
hitter,2025,HR_per_PA,skill,all_matched,Steamer,THE BAT X,585,0.012034784835732226,0.011530013374920423,0.000504771460811803,THE BAT X,True,d67cc6114a845658e7f64830
hitter,2025,HR_per_PA,skill,established_sample,OOPSY,Steamer,459,0.01062537872934541,0.009687833569239449,0.0009375451601059612,Steamer,True,100686d8863e100f709ea3ff
hitter,2025,HR_per_PA,skill,established_sample,OOPSY,THE BAT X,438,0.010277821154947082,0.00968022710497622,0.0005975940499708624,THE BAT X,True,396ee3f36704155b2bdbad7a
hitter,2025,HR_per_PA,skill,established_sample,Steamer,THE BAT X,438,0.009756483769219218,0.009585149279804354,0.00017133448941486322,THE BAT X,True,79d257efb858e56592e7f02c
hitter,2025,HR_per_PA,skill,regular_playing_time,OOPSY,Steamer,276,0.00860557635492368,0.008561132102731411,4.444425219226819e-05,Steamer,True,d022902529b2e70776d5f1ce
hitter,2025,HR_per_PA,skill,regular_playing_time,OOPSY,THE BAT X,276,0.008675892216117106,0.008785097980646627,-0.00010920576452952066,OOPSY,True,496f8e8f82ad13feab07dde2
hitter,2025,HR_per_PA,skill,regular_playing_time,Steamer,THE BAT X,275,0.008553069216607248,0.00865890396866276,-0.00010583475205551245,Steamer,True,c2752f5c4c38f7c3a5b9aec8
hitter,2025,R_per_PA,skill,all_matched,OOPSY,Steamer,663,0.04205335532589248,0.03398838324529101,0.008064972080601474,Steamer,True,2f79159a027f8b61cca48ca6
hitter,2025,R_per_PA,skill,all_matched,OOPSY,THE BAT X,583,0.03606569689393541,0.030182392405873962,0.005883304488061451,THE BAT X,True,fc2a6eb563bf56855b383889
hitter,2025,R_per_PA,skill,all_matched,Steamer,THE BAT X,585,0.030947613036865343,0.030133662955674264,0.000813950081191079,THE BAT X,True,4679f1094cbde02a3e5def3e
hitter,2025,R_per_PA,skill,established_sample,OOPSY,Steamer,459,0.024295494085823616,0.018682612503439687,0.005612881582383929,Steamer,True,fe1835a174d6a211f764df57
hitter,2025,R_per_PA,skill,established_sample,OOPSY,THE BAT X,438,0.02102643478588994,0.018019605817083093,0.003006828968806847,THE BAT X,True,9e65381729fccf01b76538e1
hitter,2025,R_per_PA,skill,established_sample,Steamer,THE BAT X,438,0.018656458017538763,0.017918075148735946,0.0007383828688028171,THE BAT X,True,042ed79bd585e3380a3214fe
hitter,2025,R_per_PA,skill,regular_playing_time,OOPSY,Steamer,276,0.016037655824780988,0.015014897998223864,0.001022757826557124,Steamer,True,270b38831d278027d12746c9
hitter,2025,R_per_PA,skill,regular_playing_time,OOPSY,THE BAT X,276,0.015763975463077153,0.014379286593669657,0.0013846888694074959,THE BAT X,True,e1d1d2f1a7ed69a9c65e423d
hitter,2025,R_per_PA,skill,regular_playing_time,Steamer,THE BAT X,275,0.014900772835887699,0.014141941502742821,0.0007588313331448777,THE BAT X,True,948f45e1f3d1d031e4e0dca0
hitter,2025,RBI_per_PA,skill,all_matched,OOPSY,Steamer,663,0.037826173388417116,0.033414872849628144,0.004411300538788972,Steamer,True,2a17819905d9da080d208411
hitter,2025,RBI_per_PA,skill,all_matched,OOPSY,THE BAT X,583,0.03319079621976056,0.029700922196900643,0.003489874022859916,THE BAT X,True,1228958877f4d18480c05bbb
hitter,2025,RBI_per_PA,skill,all_matched,Steamer,THE BAT X,585,0.03100759160800109,0.030006871402623002,0.0010007202053780896,THE BAT X,True,0cdb9fa0ae75f1c85eef6256
hitter,2025,RBI_per_PA,skill,established_sample,OOPSY,Steamer,459,0.02949771375726583,0.022812989282311794,0.006684724474954037,Steamer,True,0af37d97fccaa86c3c1e0921
hitter,2025,RBI_per_PA,skill,established_sample,OOPSY,THE BAT X,438,0.02658631933206955,0.02272194929343457,0.0038643700386349795,THE BAT X,True,687f66d4dd6f1452dc89b29b
hitter,2025,RBI_per_PA,skill,established_sample,Steamer,THE BAT X,438,0.02271183946638369,0.022632836152935713,7.900331344797701e-05,THE BAT X,True,97d1fe0d3e3219b3bfe9be25
hitter,2025,RBI_per_PA,skill,regular_playing_time,OOPSY,Steamer,276,0.02214283203175441,0.018902774409658388,0.0032400576220960216,Steamer,True,6bc463371d0c17177fe488bc
hitter,2025,RBI_per_PA,skill,regular_playing_time,OOPSY,THE BAT X,276,0.02194273887798472,0.019576937635910292,0.002365801242074427,THE BAT X,True,b248536907a74e501d18da38
hitter,2025,RBI_per_PA,skill,regular_playing_time,Steamer,THE BAT X,275,0.018873537672573337,0.019368303909417323,-0.000494766236843986,Steamer,True,0d2b989e1310c4ec3eee80e8
hitter,2025,SB_per_PA,skill,all_matched,OOPSY,Steamer,663,0.013763222190690795,0.014171404046113946,-0.00040818185542315123,OOPSY,True,5f4ac7f2a2e8e2b628f55819
hitter,2025,SB_per_PA,skill,all_matched,OOPSY,THE BAT X,583,0.012431356921911508,0.012675862065773985,-0.0002445051438624765,OOPSY,True,aaacf30ba3b1d9464e1daa5d
hitter,2025,SB_per_PA,skill,all_matched,Steamer,THE BAT X,585,0.012968714953269936,0.012664196892731034,0.00030451806053890217,THE BAT X,True,b5593ea6086c89ff100b5c22
hitter,2025,SB_per_PA,skill,established_sample,OOPSY,Steamer,459,0.009492293125418685,0.008984743614722011,0.0005075495106966737,Steamer,True,fef959288a2f66a1f8cda652
hitter,2025,SB_per_PA,skill,established_sample,OOPSY,THE BAT X,438,0.009028096064746974,0.008711189934802993,0.0003169061299439814,THE BAT X,True,b3e078b1b5743cc42a4e772f
hitter,2025,SB_per_PA,skill,established_sample,Steamer,THE BAT X,438,0.009018520312699476,0.008744228046488818,0.0002742922662106583,THE BAT X,True,00439e20cd169a5db3bcaf3a
hitter,2025,SB_per_PA,skill,regular_playing_time,OOPSY,Steamer,276,0.008197904627230381,0.008141327653323083,5.657697390729771e-05,Steamer,True,6bf9d2fb743f8d317b09da96
hitter,2025,SB_per_PA,skill,regular_playing_time,OOPSY,THE BAT X,276,0.008130143600991539,0.008005835385505495,0.000124308215486044,THE BAT X,True,43216b6906ca5129d8209854
hitter,2025,SB_per_PA,skill,regular_playing_time,Steamer,THE BAT X,275,0.008159075428673218,0.00801331482759018,0.00014576060108303923,THE BAT X,True,eeb4c58de5412200d6f58a0e
hitter,2025,K%,skill,all_matched,OOPSY,Steamer,663,0.05070590471342382,0.05175179858648432,-0.001045893873060498,OOPSY,True,3fe60c217f34f7b57fededed
hitter,2025,K%,skill,all_matched,OOPSY,THE BAT X,583,0.04389928765866209,0.043595984025728986,0.0003033036329331065,THE BAT X,True,e3784c479d7abaa8be01539e
hitter,2025,K%,skill,all_matched,Steamer,THE BAT X,585,0.04500723212824199,0.043822555714529914,0.001184676413712074,THE BAT X,True,3fda42747bdc1b4900c75ae5
hitter,2025,K%,skill,established_sample,OOPSY,Steamer,459,0.03159722645533769,0.03233865299822874,-0.000741426542891048,OOPSY,True,feba2e1c71f926144b26d580
hitter,2025,K%,skill,established_sample,OOPSY,THE BAT X,438,0.03159046374885845,0.03171104784474886,-0.00012058409589041363,OOPSY,True,ff2b312bddbdcd5a687b8aa1
hitter,2025,K%,skill,established_sample,Steamer,THE BAT X,438,0.03246802341248075,0.03173846201369863,0.000729561398782122,THE BAT X,True,d4535b00d2b7f8720b50f0a5
hitter,2025,K%,skill,regular_playing_time,OOPSY,Steamer,276,0.027615159039855074,0.028204648312550266,-0.0005894892726951914,OOPSY,True,5f6e27d93042faf70081a8a6
hitter,2025,K%,skill,regular_playing_time,OOPSY,THE BAT X,276,0.027599882282608696,0.02758087622463768,1.9006057971015372e-05,THE BAT X,True,2d68e4faa568e8e6a3ea16f6
hitter,2025,K%,skill,regular_playing_time,Steamer,THE BAT X,275,0.028090747993894796,0.02759688866181818,0.0004938593320766155,THE BAT X,True,0a201de66a07aed8f7ab93b5
hitter,2025,BB%,skill,all_matched,OOPSY,Steamer,663,0.02722821850075415,0.027512144894862978,-0.0002839263941088292,OOPSY,True,49b610ea30881669a9a7acc1
hitter,2025,BB%,skill,all_matched,OOPSY,THE BAT X,583,0.024859865507718695,0.0240519133567753,0.0008079521509433939,THE BAT X,True,ab03d7565b9be164f78d074f
hitter,2025,BB%,skill,all_matched,Steamer,THE BAT X,585,0.02531019926793576,0.024249603507692306,0.0010605957602434525,THE BAT X,True,e05a392de7898d3893615f27
hitter,2025,BB%,skill,established_sample,OOPSY,Steamer,459,0.018203593553376904,0.018265944760656756,-6.235120727985169e-05,OOPSY,True,dd9a74e8c08973a7176721b4
hitter,2025,BB%,skill,established_sample,OOPSY,THE BAT X,438,0.01808079051369863,0.017361288111872146,0.0007195024018264856,THE BAT X,True,a9f48c70fad7ded6dae618cc
hitter,2025,BB%,skill,established_sample,Steamer,THE BAT X,438,0.018134629497668982,0.017274283465753423,0.0008603460319155584,THE BAT X,True,517c7b1687dfacc66a6f6f0d
hitter,2025,BB%,skill,regular_playing_time,OOPSY,Steamer,276,0.01569451386231884,0.01592165660773873,-0.00022714274541988863,OOPSY,True,f2378c9c02fab8c968c953b4
hitter,2025,BB%,skill,regular_playing_time,OOPSY,THE BAT X,276,0.015730162826086958,0.015039391905797101,0.0006907709202898567,THE BAT X,True,71a1e815d9448ae080addca5
hitter,2025,BB%,skill,regular_playing_time,Steamer,THE BAT X,275,0.01592728651654478,0.014924417858181818,0.0010028686583629636,THE BAT X,True,cc4f2a9bfa87261ae925b94e
hitter,2025,ISO,skill,all_matched,OOPSY,Steamer,663,0.04781028064705883,0.04909324356434238,-0.0012829629172835533,OOPSY,True,23d21adc6e34fea144f73c39
hitter,2025,ISO,skill,all_matched,OOPSY,THE BAT X,583,0.04457115995368782,0.043649258416809604,0.0009219015368782182,THE BAT X,True,d86985149fc3c80045bcf9be
hitter,2025,ISO,skill,all_matched,Steamer,THE BAT X,585,0.04562842412985154,0.0435730579965812,0.002055366133270342,THE BAT X,True,dbe027cb4350597c16a76664
hitter,2025,ISO,skill,established_sample,OOPSY,Steamer,459,0.03452104622440087,0.03521210826782787,-0.0006910620434269973,OOPSY,True,8b92eef93903d0d33fec4ff3
hitter,2025,ISO,skill,established_sample,OOPSY,THE BAT X,438,0.03491317218493151,0.034776201892694064,0.00013697029223744273,THE BAT X,True,80d30f6565ea3616791e304b
hitter,2025,ISO,skill,established_sample,Steamer,THE BAT X,438,0.035312992308379226,0.03443195091324201,0.0008810413951372137,THE BAT X,True,db05700eadfb0cfa8e3967e2
hitter,2025,ISO,skill,regular_playing_time,OOPSY,Steamer,276,0.0307298433442029,0.030419975482491222,0.0003098678617116761,Steamer,True,b7635e07ee07da99e8b5c061
hitter,2025,ISO,skill,regular_playing_time,OOPSY,THE BAT X,276,0.03099885233695652,0.031508829996376816,-0.0005099776594202979,OOPSY,True,12756060dff87ed4e433bb94
hitter,2025,ISO,skill,regular_playing_time,Steamer,THE BAT X,275,0.030217694414044018,0.03096994418181818,-0.0007522497677741637,Steamer,True,62bdb431c78c1f7ce85e9095
hitter,2025,BABIP,skill,all_matched,OOPSY,Steamer,663,0.05251158515837104,0.053026369126167594,-0.000514783967796556,OOPSY,True,37367b878c941f49e1110579
hitter,2025,BABIP,skill,all_matched,OOPSY,THE BAT X,583,0.04713967139451115,0.04706089165866209,7.877973584905634e-05,THE BAT X,True,84d04851b5f727c11430fa74
hitter,2025,BABIP,skill,all_matched,Steamer,THE BAT X,585,0.04769480890164587,0.04690015848034188,0.0007946504213039857,THE BAT X,True,aa1f2e7a6b8e5e074c229faf
hitter,2025,BABIP,skill,established_sample,OOPSY,Steamer,459,0.02826926800653595,0.02855789185310838,-0.00028862384657243195,OOPSY,True,ffa676eea9499178cbcb2475
hitter,2025,BABIP,skill,established_sample,OOPSY,THE BAT X,438,0.02809373517351598,0.028190367301369864,-9.6632127853883e-05,OOPSY,True,cc7185ebf2edcae01cb573d7
hitter,2025,BABIP,skill,established_sample,Steamer,THE BAT X,438,0.02840409547331021,0.028056379299086758,0.000347716174223453,THE BAT X,True,d1fcbe3f7ee067ddaf040493
hitter,2025,BABIP,skill,regular_playing_time,OOPSY,Steamer,276,0.022454862579710144,0.022536373032357043,-8.151045264689905e-05,OOPSY,True,24e9da2f24d54dc7ab68b7be
hitter,2025,BABIP,skill,regular_playing_time,OOPSY,THE BAT X,276,0.022535947521739128,0.022843816318840582,-0.0003078687971014536,OOPSY,True,04308f2c6fad20d391710b85
hitter,2025,BABIP,skill,regular_playing_time,Steamer,THE BAT X,275,0.02244477883056282,0.022593936454545452,-0.00014915762398263338,Steamer,True,b7911c41689d9b4f772c03c4
hitter,2025,wOBA,skill,all_matched,OOPSY,Steamer,663,0.045894502679880246,0.04735627804270996,-0.0014617753628297162,OOPSY,True,5fd9997b5e38afd37a299c27
hitter,2025,wOBA,skill,all_matched,OOPSY,THE BAT X,583,0.04171925685413404,0.0404310529411134,0.00128820391302064,THE BAT X,True,ab1bb2756f44964d02a0c616
hitter,2025,wOBA,skill,all_matched,Steamer,THE BAT X,585,0.04294801540469103,0.04021130355220216,0.002736711852488867,THE BAT X,True,ce9c03966ff860ac36ba3c1a
hitter,2025,wOBA,skill,established_sample,OOPSY,Steamer,459,0.027668382544175238,0.028225473110249203,-0.0005570905660739651,OOPSY,True,7434ea550851a80c4e9a6695
hitter,2025,wOBA,skill,established_sample,OOPSY,THE BAT X,438,0.027752252956903287,0.027015609391048346,0.0007366435658549414,THE BAT X,True,55e051a2c4fed7d8d62fb64b
hitter,2025,wOBA,skill,established_sample,Steamer,THE BAT X,438,0.028247263023870633,0.026767856369193606,0.001479406654677027,THE BAT X,True,a287f78dc4d9fe1cd0e0d158
hitter,2025,wOBA,skill,regular_playing_time,OOPSY,Steamer,276,0.022314985406708357,0.021757819565317613,0.0005571658413907436,Steamer,True,b0e0814d031599706594bc3b
hitter,2025,wOBA,skill,regular_playing_time,OOPSY,THE BAT X,276,0.02238067911157377,0.022233128979008573,0.00014755013256519817,THE BAT X,True,3c5c3df595c5c7ced316598a
hitter,2025,wOBA,skill,regular_playing_time,Steamer,THE BAT X,275,0.021558997329595764,0.02181944928455247,-0.0002604519549567058,Steamer,True,8e3c2d5a8468c8e67853480f
hitter,2026,R,fantasy_outcome,all_matched,Depth Charts,OOPSY,555,17.394594594594594,17.273873873873875,0.12072072072071904,OOPSY,True,2a3d925821f2664530dd75f0
hitter,2026,R,fantasy_outcome,all_matched,Depth Charts,Steamer,555,17.394594594594594,16.19084774774775,1.203746846846844,Steamer,True,e1af47492cb767a02d87fd86
hitter,2026,R,fantasy_outcome,all_matched,Depth Charts,THE BAT X,555,17.394594594594594,16.42674007207207,0.9678545225225221,THE BAT X,True,d83e92c91ae5e3da6915426d
hitter,2026,R,fantasy_outcome,all_matched,OOPSY,Steamer,649,16.14175654853621,15.168551926040061,0.9732046224961497,Steamer,True,499beba6b687c55fdd127877
hitter,2026,R,fantasy_outcome,all_matched,OOPSY,THE BAT X,575,16.897391304347828,16.05946880347826,0.837922500869567,THE BAT X,True,f2cdfbd7da3bbe984164f950
hitter,2026,R,fantasy_outcome,all_matched,Steamer,THE BAT X,583,15.753521097770154,15.97306643567753,-0.21954533790737685,Steamer,True,a613072714156d9f0764dc6f
hitter,2026,R,fantasy_outcome,established_sample,Depth Charts,OOPSY,435,19.27816091954023,19.108045977011493,0.1701149425287376,OOPSY,True,4aa406b4dffaafdc79cfad41
hitter,2026,R,fantasy_outcome,established_sample,Depth Charts,Steamer,435,19.27816091954023,18.154928045977012,1.123232873563218,Steamer,True,25a5ae6619355df76b8eef94
hitter,2026,R,fantasy_outcome,established_sample,Depth Charts,THE BAT X,435,19.27816091954023,18.088881448275863,1.189279471264367,THE BAT X,True,c1a82013651a013909f3c0fa
hitter,2026,R,fantasy_outcome,established_sample,OOPSY,Steamer,462,19.445887445887447,18.531051731601732,0.9148357142857151,Steamer,True,07866918fc1dd89d910bf263
hitter,2026,R,fantasy_outcome,established_sample,OOPSY,THE BAT X,438,19.162100456621005,18.130328356164384,1.031772100456621,THE BAT X,True,23b7c5a84db679d56af1f14f
hitter,2026,R,fantasy_outcome,established_sample,Steamer,THE BAT X,441,18.238692517006804,18.150472721088434,0.08821979591836993,THE BAT X,True,c649e5fca76be26ce71554d9
hitter,2026,R,fantasy_outcome,regular_playing_time,Depth Charts,OOPSY,263,18.47148288973384,18.26615969581749,0.20532319391634957,OOPSY,True,42b0ae0f1d6b93db7b7c2bcd
hitter,2026,R,fantasy_outcome,regular_playing_time,Depth Charts,Steamer,263,18.47148288973384,19.244747908745246,-0.7732650190114079,Depth Charts,True,54200e61313560fff15a8b7d
hitter,2026,R,fantasy_outcome,regular_playing_time,Depth Charts,THE BAT X,263,18.47148288973384,17.726486197718632,0.7449966920152065,THE BAT X,True,a8fd1b87067af9ed9447e360
hitter,2026,R,fantasy_outcome,regular_playing_time,OOPSY,Steamer,266,18.669172932330827,19.635062030075186,-0.965889097744359,OOPSY,True,34f5f86eebadad677f5becc4
hitter,2026,R,fantasy_outcome,regular_playing_time,OOPSY,THE BAT X,263,18.26615969581749,17.726486197718632,0.5396734980988569,THE BAT X,True,1d7f517e049f390386854eb3
hitter,2026,R,fantasy_outcome,regular_playing_time,Steamer,THE BAT X,264,19.334348106060606,17.809957272727274,1.5243908333333316,THE BAT X,True,82249ceecf3e9e393a77065b
hitter,2026,HR,fantasy_outcome,all_matched,Depth Charts,OOPSY,555,5.385585585585585,5.327927927927928,0.05765765765765707,OOPSY,True,c2d835c2a25d61efba3c96fa
hitter,2026,HR,fantasy_outcome,all_matched,Depth Charts,Steamer,555,5.385585585585585,4.985630630630631,0.39995495495495437,Steamer,True,b559af27e88e232caeaf0ab4
hitter,2026,HR,fantasy_outcome,all_matched,Depth Charts,THE BAT X,555,5.385585585585585,5.164227898738739,0.2213576868468463,THE BAT X,True,49bdd476cf00dc0c584ee050
hitter,2026,HR,fantasy_outcome,all_matched,OOPSY,Steamer,649,4.8289676425269645,4.543826964560862,0.2851406779661021,Steamer,True,5ca0fd6791afc4972d65bf08
hitter,2026,HR,fantasy_outcome,all_matched,OOPSY,THE BAT X,575,5.1982608695652175,5.047053034434782,0.15120783513043534,THE BAT X,True,477f29ee154537d03ab05391
hitter,2026,HR,fantasy_outcome,all_matched,Steamer,THE BAT X,583,4.824697084048028,4.993874361578045,-0.1691772775300171,Steamer,True,ffa50afa213f5c68a81dd8cb
hitter,2026,HR,fantasy_outcome,established_sample,Depth Charts,OOPSY,435,6.105747126436782,6.04367816091954,0.06206896551724217,OOPSY,True,433062fcba340988496dc766
hitter,2026,HR,fantasy_outcome,established_sample,Depth Charts,Steamer,435,6.105747126436782,5.646736551724137,0.4590105747126447,Steamer,True,f18eabddce004d448e06407c
hitter,2026,HR,fantasy_outcome,established_sample,Depth Charts,THE BAT X,435,6.105747126436782,5.845699502988506,0.26004762344827625,THE BAT X,True,a946cb88cdc0f5beae072b4f
hitter,2026,HR,fantasy_outcome,established_sample,OOPSY,Steamer,462,5.987012987012987,5.611451948051948,0.3755610389610391,Steamer,True,94524ea2507ecc9555694b62
hitter,2026,HR,fantasy_outcome,established_sample,OOPSY,THE BAT X,438,6.057077625570776,5.858014997260274,0.19906262831050192,THE BAT X,True,73856b98cfaac070270e24cb
hitter,2026,HR,fantasy_outcome,established_sample,Steamer,THE BAT X,441,5.641398639455782,5.834035031292517,-0.19263639183673487,Steamer,True,f89d6c9f84cd77a2f17d7761
hitter,2026,HR,fantasy_outcome,regular_playing_time,Depth Charts,OOPSY,263,6.32319391634981,6.212927756653992,0.11026615969581766,OOPSY,True,a0089a647bb1cf0e5508a1e8
hitter,2026,HR,fantasy_outcome,regular_playing_time,Depth Charts,Steamer,263,6.32319391634981,6.210907984790874,0.11228593155893574,Steamer,True,d46958aa126bdec03b2bb930
hitter,2026,HR,fantasy_outcome,regular_playing_time,Depth Charts,THE BAT X,263,6.32319391634981,6.232311007604563,0.09088290874524674,THE BAT X,True,5689776c5dda4a55be0d65b8
hitter,2026,HR,fantasy_outcome,regular_playing_time,OOPSY,Steamer,266,6.2706766917293235,6.268371804511278,0.0023048872180453372,Steamer,True,217baa194e9e74c449789f75
hitter,2026,HR,fantasy_outcome,regular_playing_time,OOPSY,THE BAT X,263,6.212927756653992,6.232311007604563,-0.01938325095057092,OOPSY,True,a5a4083cb879150a2bd53823
hitter,2026,HR,fantasy_outcome,regular_playing_time,Steamer,THE BAT X,264,6.198692424242424,6.219086481060606,-0.020394056818182627,Steamer,True,450106b3d458c8af52ab4850
hitter,2026,RBI,fantasy_outcome,all_matched,Depth Charts,OOPSY,555,17.78918918918919,17.695495495495496,0.09369369369369451,OOPSY,True,5ea56f0c16adfa607459dfc9
hitter,2026,RBI,fantasy_outcome,all_matched,Depth Charts,Steamer,555,17.78918918918919,15.993288288288287,1.7959009009009037,Steamer,True,c64ffecc53310f1d88bfa975
hitter,2026,RBI,fantasy_outcome,all_matched,Depth Charts,THE BAT X,555,17.78918918918919,16.390283106306306,1.3989060828828848,THE BAT X,True,908c700514f9374dd1204bf8
hitter,2026,RBI,fantasy_outcome,all_matched,OOPSY,Steamer,649,16.375963020030817,14.885078274268105,1.4908847457627115,Steamer,True,19ecd3e76b1d5d79823e8a47
hitter,2026,RBI,fantasy_outcome,all_matched,OOPSY,THE BAT X,575,17.290434782608695,16.022031742608696,1.268403039999999,THE BAT X,True,8d4cabfc9b3e47f843da6f53
hitter,2026,RBI,fantasy_outcome,all_matched,Steamer,THE BAT X,583,15.557808233276157,15.915675308747856,-0.3578670754716988,Steamer,True,ba563e250d4a800d10f0709f
hitter,2026,RBI,fantasy_outcome,established_sample,Depth Charts,OOPSY,435,19.797701149425286,19.832183908045977,-0.03448275862069039,Depth Charts,True,b9b4ab77a50006cdfcdcf4d5
hitter,2026,RBI,fantasy_outcome,established_sample,Depth Charts,Steamer,435,19.797701149425286,17.922259310344828,1.8754418390804588,Steamer,True,16dea9c1e2a1a0e29074e952
hitter,2026,RBI,fantasy_outcome,established_sample,Depth Charts,THE BAT X,435,19.797701149425286,18.231160597701148,1.5665405517241382,THE BAT X,True,61eb88eb9cb668cd686a1f84
hitter,2026,RBI,fantasy_outcome,established_sample,OOPSY,Steamer,462,20.0,18.18524502164502,1.81475497835498,Steamer,True,6de8e8e3ea2fb3dab906c577
hitter,2026,RBI,fantasy_outcome,established_sample,OOPSY,THE BAT X,438,19.883561643835616,18.274206803652966,1.6093548401826503,THE BAT X,True,1d4a639af3f12c71a917d2ad
hitter,2026,RBI,fantasy_outcome,established_sample,Steamer,THE BAT X,441,17.994027891156463,18.276705646258502,-0.2826777551020392,Steamer,True,d439566a0839255c7f3bdcb6
hitter,2026,RBI,fantasy_outcome,regular_playing_time,Depth Charts,OOPSY,263,19.429657794676807,19.79467680608365,-0.3650190114068437,Depth Charts,True,8c9f6579dbba67c72d0cfc59
hitter,2026,RBI,fantasy_outcome,regular_playing_time,Depth Charts,Steamer,263,19.429657794676807,19.155259315589355,0.2743984790874521,Steamer,True,f73a39055a22238caa217fa4
hitter,2026,RBI,fantasy_outcome,regular_playing_time,Depth Charts,THE BAT X,263,19.429657794676807,18.531128288973385,0.8985295057034222,THE BAT X,True,a7f6aad4bf0c9416b9f0d8e9
hitter,2026,RBI,fantasy_outcome,regular_playing_time,OOPSY,Steamer,266,20.075187969924812,19.441502255639097,0.6336857142857149,Steamer,True,ca95da522366be65333bd6cf
hitter,2026,RBI,fantasy_outcome,regular_playing_time,OOPSY,THE BAT X,263,19.79467680608365,18.531128288973385,1.2635485171102658,THE BAT X,True,54eb0eace53335e4250d3e34
hitter,2026,RBI,fantasy_outcome,regular_playing_time,Steamer,THE BAT X,264,19.184642424242426,18.553873333333335,0.6307690909090908,THE BAT X,True,4bc2d117700035e2856c977e
hitter,2026,SB,fantasy_outcome,all_matched,Depth Charts,OOPSY,555,3.5603603603603604,3.8054054054054056,-0.2450450450450452,Depth Charts,True,d8ee64b53534310308a33dfd
hitter,2026,SB,fantasy_outcome,all_matched,Depth Charts,Steamer,555,3.5603603603603604,3.3452989189189193,0.21506144144144113,Steamer,True,6fb10735f1930238b7d15116
hitter,2026,SB,fantasy_outcome,all_matched,Depth Charts,THE BAT X,555,3.5603603603603604,3.5174180066666665,0.042942353693693924,THE BAT X,True,8d30b0e49e904ef544f7e8f5
hitter,2026,SB,fantasy_outcome,all_matched,OOPSY,Steamer,649,3.5331278890600926,3.141586286594761,0.39154160246533154,Steamer,True,2c153359e8b8c66547650c8d
hitter,2026,SB,fantasy_outcome,all_matched,OOPSY,THE BAT X,575,3.707826086956522,3.432715335252174,0.27511075170434784,THE BAT X,True,6642d6e8efcba45f4b75c3e6
hitter,2026,SB,fantasy_outcome,all_matched,Steamer,THE BAT X,583,3.2360053173241856,3.401362547975986,-0.16535723065180052,Steamer,True,a1ee894d402e92d028d2917c
hitter,2026,SB,fantasy_outcome,established_sample,Depth Charts,OOPSY,435,4.048275862068966,4.308045977011494,-0.259770114942528,Depth Charts,True,69a3d1b54098125a229a4d0c
hitter,2026,SB,fantasy_outcome,established_sample,Depth Charts,Steamer,435,4.048275862068966,3.795575632183908,0.252700229885058,Steamer,True,3b32c8995f8a643e2799259c
hitter,2026,SB,fantasy_outcome,established_sample,Depth Charts,THE BAT X,435,4.048275862068966,3.9627261333333332,0.0855497287356326,THE BAT X,True,54cf94779b7e2f5c20438db5
hitter,2026,SB,fantasy_outcome,established_sample,OOPSY,Steamer,462,4.387445887445887,3.901809090909091,0.48563679653679603,Steamer,True,f9e77facb0ec927287f19c2d
hitter,2026,SB,fantasy_outcome,established_sample,OOPSY,THE BAT X,438,4.30365296803653,3.958573150684931,0.34507981735159854,THE BAT X,True,f6ac9eb93ebd421741b1c4f7
hitter,2026,SB,fantasy_outcome,established_sample,Steamer,THE BAT X,441,3.7854814058956916,3.9488398022675737,-0.1633583963718821,Steamer,True,d3c4e2a69b080b6462811104
hitter,2026,SB,fantasy_outcome,regular_playing_time,Depth Charts,OOPSY,263,4.334600760456274,4.593155893536122,-0.2585551330798479,Depth Charts,True,0884aec6a3def1c37c53c889
hitter,2026,SB,fantasy_outcome,regular_playing_time,Depth Charts,Steamer,263,4.334600760456274,4.3147608365019,0.019839923954373617,Steamer,True,a52dec1c66aade07a5caaf47
hitter,2026,SB,fantasy_outcome,regular_playing_time,Depth Charts,THE BAT X,263,4.334600760456274,4.3313688821292775,0.0032318783269964513,THE BAT X,True,900f886dc41e5dc3fd0c0066
hitter,2026,SB,fantasy_outcome,regular_playing_time,OOPSY,Steamer,266,4.7556390977443606,4.479781203007519,0.2758578947368413,Steamer,True,2856f2ac25d657a66170f23b
hitter,2026,SB,fantasy_outcome,regular_playing_time,OOPSY,THE BAT X,263,4.593155893536122,4.3313688821292775,0.26178701140684435,THE BAT X,True,64250246d42b24c8e479a34a
hitter,2026,SB,fantasy_outcome,regular_playing_time,Steamer,THE BAT X,264,4.328664772727272,4.343344534090909,-0.014679761363637134,Steamer,True,3bf257450dae794a7bd18a66
hitter,2026,AVG,fantasy_outcome,all_matched,Depth Charts,OOPSY,555,0.03365005312432432,0.033834151282882884,-0.0001840981585585627,Depth Charts,True,2cd58edb191df67aaa36c646
hitter,2026,AVG,fantasy_outcome,all_matched,Depth Charts,Steamer,555,0.03365005312432432,0.033546821081081084,0.00010323204324323709,Steamer,True,c8a9b06cf74d1324c1077a06
hitter,2026,AVG,fantasy_outcome,all_matched,Depth Charts,THE BAT X,555,0.03365005312432432,0.0329623469981982,0.0006877061261261197,THE BAT X,True,943a21f833885e561748acf1
hitter,2026,AVG,fantasy_outcome,all_matched,OOPSY,Steamer,649,0.038844346596302,0.03850020725885979,0.0003441393374422133,Steamer,True,dd2fd46debc3d71df624a940
hitter,2026,AVG,fantasy_outcome,all_matched,OOPSY,THE BAT X,575,0.03565149551652174,0.03449606355478261,0.0011554319617391312,THE BAT X,True,4018ef1195fde2b55387c406
hitter,2026,AVG,fantasy_outcome,all_matched,Steamer,THE BAT X,583,0.035880814180102916,0.03523670420411664,0.0006441099759862748,THE BAT X,True,5277bd90a11a8485e77c3217
hitter,2026,AVG,fantasy_outcome,established_sample,Depth Charts,OOPSY,435,0.023668067641379312,0.02403398023908046,-0.0003659125977011485,Depth Charts,True,0c8b0f8615ca3a7e0fbaa5ca
hitter,2026,AVG,fantasy_outcome,established_sample,Depth Charts,Steamer,435,0.023668067641379312,0.02379248468045977,-0.00012441703908045929,Depth Charts,True,90ae6c4934e1a4d21cff43f3
hitter,2026,AVG,fantasy_outcome,established_sample,Depth Charts,THE BAT X,435,0.023668067641379312,0.02347285547586207,0.00019521216551724244,THE BAT X,True,ea2d36e6c291e8e9abfb52a7
hitter,2026,AVG,fantasy_outcome,established_sample,OOPSY,Steamer,462,0.024696819222943724,0.02441480500649351,0.00028201421645021596,Steamer,True,6275120fd4a90d56df9bd50d
hitter,2026,AVG,fantasy_outcome,established_sample,OOPSY,THE BAT X,438,0.024228278965753428,0.023629812591324198,0.0005984663744292296,THE BAT X,True,468fc573d4b23886649ea958
hitter,2026,AVG,fantasy_outcome,established_sample,Steamer,THE BAT X,441,0.02407794283900227,0.02382667820408163,0.00025126463492063794,THE BAT X,True,5ccdf213a8a058cac2faadc3
hitter,2026,AVG,fantasy_outcome,regular_playing_time,Depth Charts,OOPSY,263,0.01791462466539924,0.018412851821292778,-0.000498227155893538,Depth Charts,True,0faa2a47f100f798db8f9c22
hitter,2026,AVG,fantasy_outcome,regular_playing_time,Depth Charts,Steamer,263,0.01791462466539924,0.017974537638783275,-5.991297338403534e-05,Depth Charts,True,93ca142c645e4504adee2c7a
hitter,2026,AVG,fantasy_outcome,regular_playing_time,Depth Charts,THE BAT X,263,0.01791462466539924,0.018481504171102663,-0.0005668795057034229,Depth Charts,True,f7844bc30e47e82435925049
hitter,2026,AVG,fantasy_outcome,regular_playing_time,OOPSY,Steamer,266,0.018617779390977446,0.018140904842105267,0.000476874548872179,Steamer,True,f0047589126529b9f4c6b4ec
hitter,2026,AVG,fantasy_outcome,regular_playing_time,OOPSY,THE BAT X,263,0.018412851821292778,0.018481504171102663,-6.865234980988483e-05,OOPSY,True,41ac7dbec338ddc000eec1f8
hitter,2026,AVG,fantasy_outcome,regular_playing_time,Steamer,THE BAT X,264,0.01810676666287879,0.018637649988636363,-0.000530883325757573,Steamer,True,e329524326179b7d85c7e76b
hitter,2026,OPS,fantasy_outcome,all_matched,Depth Charts,OOPSY,555,0.09520429514234235,0.09551150354234235,-0.0003072083999999947,Depth Charts,True,f7362ce25bd7e2dede21363f
hitter,2026,OPS,fantasy_outcome,all_matched,Depth Charts,Steamer,555,0.09520429514234235,0.09503964390270271,0.00016465123963964323,Steamer,True,eef780c485e6ba6c53e7f348
hitter,2026,OPS,fantasy_outcome,all_matched,Depth Charts,THE BAT X,555,0.09520429514234235,0.09392542189909911,0.0012788732432432448,THE BAT X,True,0ab47d3bf334134389990b83
hitter,2026,OPS,fantasy_outcome,all_matched,OOPSY,Steamer,649,0.10997159046533128,0.10976353758705701,0.000208052878274273,Steamer,True,431eb9a675ab78e902a7b416
hitter,2026,OPS,fantasy_outcome,all_matched,OOPSY,THE BAT X,575,0.10028072826434783,0.09792268915130435,0.0023580391130434836,THE BAT X,True,ab978bc8f6b1c2fdb0ea6c2c
hitter,2026,OPS,fantasy_outcome,all_matched,Steamer,THE BAT X,583,0.10163283102401373,0.09989000839965695,0.0017428226243567796,THE BAT X,True,05e78355d772c58ddba691b9
hitter,2026,OPS,fantasy_outcome,established_sample,Depth Charts,OOPSY,435,0.06892446665977012,0.06902521582298851,-0.00010074916321839433,Depth Charts,True,2920d52e145fe43477d5ad13
hitter,2026,OPS,fantasy_outcome,established_sample,Depth Charts,Steamer,435,0.06892446665977012,0.06951660466896553,-0.0005921380091954143,Depth Charts,True,7c0149322cb5e9cf1eeff56e
hitter,2026,OPS,fantasy_outcome,established_sample,Depth Charts,THE BAT X,435,0.06892446665977012,0.07139053692643678,-0.0024660702666666617,Depth Charts,True,25fd638638ccaf8033713349
hitter,2026,OPS,fantasy_outcome,established_sample,OOPSY,Steamer,462,0.06956001624458875,0.07027757792424243,-0.0007175616796536721,OOPSY,True,845916542c834e762059abea
hitter,2026,OPS,fantasy_outcome,established_sample,OOPSY,THE BAT X,438,0.06936774319178082,0.0716525004520548,-0.0022847572602739813,OOPSY,True,251a6772f34ddac3ad82bff8
hitter,2026,OPS,fantasy_outcome,established_sample,Steamer,THE BAT X,441,0.06984549624036282,0.0719456198956916,-0.0021001236553287866,Steamer,True,267100588efaf9388c0a7343
hitter,2026,OPS,fantasy_outcome,regular_playing_time,Depth Charts,OOPSY,263,0.05469749030418252,0.05476386656273765,-6.637625855512863e-05,Depth Charts,True,a537f8dcf528277385553690
hitter,2026,OPS,fantasy_outcome,regular_playing_time,Depth Charts,Steamer,263,0.05469749030418252,0.05534301049429658,-0.00064552019011406,Depth Charts,True,94de60fc1754b4f155ddf89b
hitter,2026,OPS,fantasy_outcome,regular_playing_time,Depth Charts,THE BAT X,263,0.05469749030418252,0.06017313148288973,-0.005475641178707212,Depth Charts,True,df04db4764a31805145ef3a0
hitter,2026,OPS,fantasy_outcome,regular_playing_time,OOPSY,Steamer,266,0.05511164480827068,0.05576817057518797,-0.0006565257669172916,OOPSY,True,fd82222459132a8f2fb56a53
hitter,2026,OPS,fantasy_outcome,regular_playing_time,OOPSY,THE BAT X,263,0.05476386656273765,0.06017313148288973,-0.005409264920152083,OOPSY,True,2bafba7d9f55c4b2107510b4
hitter,2026,OPS,fantasy_outcome,regular_playing_time,Steamer,THE BAT X,264,0.05546229452272728,0.06044102111363636,-0.004978726590909081,Steamer,True,ce4d5cd7b50b257588bc0d25
hitter,2026,PA,opportunity,all_matched,Depth Charts,OOPSY,555,122.69189189189188,122.69189189189188,0.0,tie,True,473094ef261e52e31d93a2e1
hitter,2026,PA,opportunity,all_matched,Depth Charts,Steamer,555,122.69189189189188,115.83254378378379,6.859348108108094,Steamer,True,b08c965f30c343aa9596f153
hitter,2026,PA,opportunity,all_matched,Depth Charts,THE BAT X,555,122.69189189189188,116.6368990990991,6.054992792792788,THE BAT X,True,1206a51f4c2a0b31e13673ad
hitter,2026,PA,opportunity,all_matched,OOPSY,Steamer,649,117.00462249614792,110.62405485362095,6.3805676425269695,Steamer,True,fa07618ac4cc31ed18282e2e
hitter,2026,PA,opportunity,all_matched,OOPSY,THE BAT X,575,120.38608695652174,114.24593565217391,6.140151304347825,THE BAT X,True,b2f10a8d5ab2a172ce21bbab
hitter,2026,PA,opportunity,all_matched,Steamer,THE BAT X,583,113.31901806174957,113.83009262435678,-0.511074562607206,Steamer,True,9fa5cf430a5863f3bee8ac51
hitter,2026,PA,opportunity,established_sample,Depth Charts,OOPSY,435,133.04827586206898,133.04827586206898,0.0,tie,True,7bd3753af165f31b871d4c8f
hitter,2026,PA,opportunity,established_sample,Depth Charts,Steamer,435,133.04827586206898,127.4438908045977,5.604385057471276,Steamer,True,8883c300df8892ffd243fb5c
hitter,2026,PA,opportunity,established_sample,Depth Charts,THE BAT X,435,133.04827586206898,124.94787126436782,8.100404597701157,THE BAT X,True,dc43f56975f75aafa96960b4
hitter,2026,PA,opportunity,established_sample,OOPSY,Steamer,462,137.57792207792207,132.1863577922078,5.391564285714281,Steamer,True,6aa99937feb529088475b421
hitter,2026,PA,opportunity,established_sample,OOPSY,THE BAT X,438,133.6027397260274,125.37423515981736,8.228504566210049,THE BAT X,True,b8c2513d97ef83315a72f9f4
hitter,2026,PA,opportunity,established_sample,Steamer,THE BAT X,441,128.4797951020408,125.77911111111112,2.70068399092969,THE BAT X,True,32424f922a8f8dffa387481f
hitter,2026,PA,opportunity,regular_playing_time,Depth Charts,OOPSY,263,116.79087452471482,116.79087452471482,0.0,tie,True,f70eaf1a333a9ed3353f875f
hitter,2026,PA,opportunity,regular_playing_time,Depth Charts,Steamer,263,116.79087452471482,129.77620228136882,-12.985327756654002,Depth Charts,True,4fb23bd805b50d4e8bcfec4d
hitter,2026,PA,opportunity,regular_playing_time,Depth Charts,THE BAT X,263,116.79087452471482,113.9522433460076,2.8386311787072174,THE BAT X,True,ae1929ea56d8564b829b7e87
hitter,2026,PA,opportunity,regular_playing_time,OOPSY,Steamer,266,120.48872180451127,133.32363270676692,-12.834910902255643,OOPSY,True,e81b57739cf45d1066781ffd
hitter,2026,PA,opportunity,regular_playing_time,OOPSY,THE BAT X,263,116.79087452471482,113.9522433460076,2.8386311787072174,THE BAT X,True,63b128bf1b5d5c54520a18b1
hitter,2026,PA,opportunity,regular_playing_time,Steamer,THE BAT X,264,130.55735303030303,114.67396590909091,15.883387121212124,THE BAT X,True,cb00f615ab20c82179a71373
hitter,2026,G,opportunity,all_matched,Depth Charts,OOPSY,555,33.33513513513513,33.33513513513513,0.0,tie,True,a9263784e7ef34bc3de6fce4
hitter,2026,G,opportunity,all_matched,Depth Charts,Steamer,555,33.33513513513513,33.48254054054054,-0.14740540540540792,Depth Charts,True,4e33c94fb185b85b30783ed3
hitter,2026,G,opportunity,all_matched,Depth Charts,THE BAT X,555,33.33513513513513,30.979039639639637,2.356095495495495,THE BAT X,True,4fa942ac8a722a290165170a
hitter,2026,G,opportunity,all_matched,OOPSY,Steamer,649,32.503852080123266,32.41120184899846,0.09265023112480719,Steamer,True,dd35e903b63cdd2225d38a4a
hitter,2026,G,opportunity,all_matched,OOPSY,THE BAT X,575,32.848695652173916,30.428721739130435,2.4199739130434814,THE BAT X,True,6a62281cf54429afe5e402db
hitter,2026,G,opportunity,all_matched,Steamer,THE BAT X,583,32.84403087478559,30.355603773584903,2.488427101200685,THE BAT X,True,f960bc704236e220daec6498
hitter,2026,G,opportunity,established_sample,Depth Charts,OOPSY,435,36.93563218390805,36.93563218390805,0.0,tie,True,d0e27fcd5ffe00c6532d6132
hitter,2026,G,opportunity,established_sample,Depth Charts,Steamer,435,36.93563218390805,37.982827586206895,-1.047195402298847,Depth Charts,True,d0a32092d3276bd3d03c9b13
hitter,2026,G,opportunity,established_sample,Depth Charts,THE BAT X,435,36.93563218390805,33.73434712643678,3.2012850574712672,THE BAT X,True,a5539684325b108c1a25da60
hitter,2026,G,opportunity,established_sample,OOPSY,Steamer,462,38.357142857142854,39.30008658008658,-0.9429437229437241,OOPSY,True,b87fbe7c90e59a70503a0712
hitter,2026,G,opportunity,established_sample,OOPSY,THE BAT X,438,37.08904109589041,33.83292465753425,3.256116438356159,THE BAT X,True,c5ca70157c27814ca2d57640
hitter,2026,G,opportunity,established_sample,Steamer,THE BAT X,441,38.25931972789116,33.96216553287982,4.297154195011338,THE BAT X,True,c3c8e29e3216fbebda9c13a6
hitter,2026,G,opportunity,regular_playing_time,Depth Charts,OOPSY,263,32.20152091254753,32.20152091254753,0.0,tie,True,000c7a34e8436b5d95854ec3
hitter,2026,G,opportunity,regular_playing_time,Depth Charts,Steamer,263,32.20152091254753,37.714752851711026,-5.5132319391634965,Depth Charts,True,5222bdb1f4bbd833fc7020da
hitter,2026,G,opportunity,regular_playing_time,Depth Charts,THE BAT X,263,32.20152091254753,30.110285171102664,2.0912357414448657,THE BAT X,True,9dca909fe36ee2b329da8c75
hitter,2026,G,opportunity,regular_playing_time,OOPSY,Steamer,266,33.08646616541353,38.53372180451127,-5.44725563909774,OOPSY,True,f894f7aa1c0ef107ba69617c
hitter,2026,G,opportunity,regular_playing_time,OOPSY,THE BAT X,263,32.20152091254753,30.110285171102664,2.0912357414448657,THE BAT X,True,6ee3cc25d2ea40a249dc2fc8
hitter,2026,G,opportunity,regular_playing_time,Steamer,THE BAT X,264,37.94215909090909,30.32517424242424,7.616984848484847,THE BAT X,True,4ce13cfe9b4f9bcceb77122e
hitter,2026,HR_per_PA,skill,all_matched,Depth Charts,OOPSY,555,0.011442863718661146,0.01152291036126474,-8.004664260359388e-05,Depth Charts,True,a90f93a6614c3dcefd2db5cd
hitter,2026,HR_per_PA,skill,all_matched,Depth Charts,Steamer,555,0.011442863718661146,0.011110465995941912,0.0003323977227192333,Steamer,True,42012b3f9dd78ea355db2311
hitter,2026,HR_per_PA,skill,all_matched,Depth Charts,THE BAT X,555,0.011442863718661146,0.01111169944900682,0.000331164269654325,THE BAT X,True,9a73e482f7034df7a8ff771a
hitter,2026,HR_per_PA,skill,all_matched,OOPSY,Steamer,649,0.012619197727399082,0.012368958678482887,0.00025023904891619507,Steamer,True,6ade50ef6f67eeae3b10189a
hitter,2026,HR_per_PA,skill,all_matched,OOPSY,THE BAT X,575,0.011493167235465951,0.011391961825689622,0.00010120540977632923,THE BAT X,True,9cc0d4b4c7f925b479a3da18
hitter,2026,HR_per_PA,skill,all_matched,Steamer,THE BAT X,583,0.011460958481917577,0.01139300304455935,6.795543735822751e-05,THE BAT X,True,f3558a7a8890b1b4c4e6d06b
hitter,2026,HR_per_PA,skill,established_sample,Depth Charts,OOPSY,435,0.009801189065897888,0.009851277840104193,-5.0088774206305184e-05,Depth Charts,True,3a89f9ce22534a45948085bb
hitter,2026,HR_per_PA,skill,established_sample,Depth Charts,Steamer,435,0.009801189065897888,0.008630989904390055,0.0011701991615078334,Steamer,True,c1dfb28c7d9c039d7847896f
hitter,2026,HR_per_PA,skill,established_sample,Depth Charts,THE BAT X,435,0.009801189065897888,0.009038286933808575,0.0007629021320893128,THE BAT X,True,ae4cfdffdd4c5cafeda3d449
hitter,2026,HR_per_PA,skill,established_sample,OOPSY,Steamer,462,0.010639541428999342,0.00874375661999009,0.0018957848090092513,Steamer,True,7410d2a56229b9d82384b39f
hitter,2026,HR_per_PA,skill,established_sample,OOPSY,THE BAT X,438,0.009996620759011296,0.009118260025790838,0.0008783607332204582,THE BAT X,True,ce40bba55f56f13ebccfb899
hitter,2026,HR_per_PA,skill,established_sample,Steamer,THE BAT X,441,0.008695774704430077,0.009091944237389519,-0.00039616953295944224,Steamer,True,8e10b5c636787f414c162c70
hitter,2026,HR_per_PA,skill,regular_playing_time,Depth Charts,OOPSY,263,0.008251443616878764,0.00799584711722663,0.0002555964996521342,OOPSY,True,6bbcf0f3939693ff33bc24be
hitter,2026,HR_per_PA,skill,regular_playing_time,Depth Charts,Steamer,263,0.008251443616878764,0.007909743205007825,0.00034170041187093873,Steamer,True,f4030dc79901e6b5ce2b9dce
hitter,2026,HR_per_PA,skill,regular_playing_time,Depth Charts,THE BAT X,263,0.008251443616878764,0.008509107086805587,-0.00025766346992682314,Depth Charts,True,6feee012dd9ca015d6f0de31
hitter,2026,HR_per_PA,skill,regular_playing_time,OOPSY,Steamer,266,0.008198418773975402,0.007887412756844068,0.00031100601713133363,Steamer,True,52f3dea0739dc34cf05015d7
hitter,2026,HR_per_PA,skill,regular_playing_time,OOPSY,THE BAT X,263,0.00799584711722663,0.008509107086805587,-0.0005132599695789573,OOPSY,True,e5c23d639d9e4d6870835a33
hitter,2026,HR_per_PA,skill,regular_playing_time,Steamer,THE BAT X,264,0.007899092370324707,0.008480425393481523,-0.0005813330231568166,Steamer,True,cc367a7eeced0513c9c28e5f
hitter,2026,R_per_PA,skill,all_matched,Depth Charts,OOPSY,555,0.02889690688469488,0.029064765439716058,-0.00016785855502117822,Depth Charts,True,b52e2d0bb8fa0fdc17c126b3
hitter,2026,R_per_PA,skill,all_matched,Depth Charts,Steamer,555,0.02889690688469488,0.027592564062568777,0.0013043428221261033,Steamer,True,5181d522935648a4e79930ef
hitter,2026,R_per_PA,skill,all_matched,Depth Charts,THE BAT X,555,0.02889690688469488,0.02714703601612495,0.0017498708685699284,THE BAT X,True,7ba234fbd23473891efe8aed
hitter,2026,R_per_PA,skill,all_matched,OOPSY,Steamer,649,0.04080967039212247,0.03264503873059088,0.008164631661531592,Steamer,True,3a36f747e16e84382a7a0dd3
hitter,2026,R_per_PA,skill,all_matched,OOPSY,THE BAT X,575,0.03221979969770288,0.02930800125367223,0.0029117984440306527,THE BAT X,True,d3364b08d573cd3182f837d3
hitter,2026,R_per_PA,skill,all_matched,Steamer,THE BAT X,583,0.030130068185001364,0.029569404583573072,0.000560663601428292,THE BAT X,True,8aeba5375016f4c13ab54015
hitter,2026,R_per_PA,skill,established_sample,Depth Charts,OOPSY,435,0.01895478914129337,0.01907866015990768,-0.00012387101861431257,Depth Charts,True,d4fb092d6c595d1d9acd5930
hitter,2026,R_per_PA,skill,established_sample,Depth Charts,Steamer,435,0.01895478914129337,0.01881938015795089,0.00013540898334248042,Steamer,True,d29dabf5ab0c572c88efdb7e
hitter,2026,R_per_PA,skill,established_sample,Depth Charts,THE BAT X,435,0.01895478914129337,0.018650081074538364,0.00030470806675500506,THE BAT X,True,d1df8091572788dfbe6dbc5e
hitter,2026,R_per_PA,skill,established_sample,OOPSY,Steamer,462,0.02472813245627427,0.01912054511974241,0.005607587336531862,Steamer,True,8182c1ec670e60a97e8c896f
hitter,2026,R_per_PA,skill,established_sample,OOPSY,THE BAT X,438,0.019815089042343057,0.018718832930885648,0.0010962561114574096,THE BAT X,True,8d1d6928a627477f33ae93ee
hitter,2026,R_per_PA,skill,established_sample,Steamer,THE BAT X,441,0.018944852681497294,0.018778165980557125,0.0001666867009401697,THE BAT X,True,abe6ccca829ec98adc57f9bb
hitter,2026,R_per_PA,skill,regular_playing_time,Depth Charts,OOPSY,263,0.015667124973038384,0.015492148225041313,0.00017497674799707083,OOPSY,True,8185647a45a37e57fbe2a6b8
hitter,2026,R_per_PA,skill,regular_playing_time,Depth Charts,Steamer,263,0.015667124973038384,0.015835825104966193,-0.00016870013192780975,Depth Charts,True,878262e249a308e2adbf5e15
hitter,2026,R_per_PA,skill,regular_playing_time,Depth Charts,THE BAT X,263,0.015667124973038384,0.015490610989044118,0.00017651398399426595,THE BAT X,True,b052fc55d1b7d4273f19bb26
hitter,2026,R_per_PA,skill,regular_playing_time,OOPSY,Steamer,266,0.01669601354435996,0.015805903084393294,0.000890110459966665,Steamer,True,656d4dceb10b31712a92cd22
hitter,2026,R_per_PA,skill,regular_playing_time,OOPSY,THE BAT X,263,0.015492148225041313,0.015490610989044118,1.537235997195116e-06,THE BAT X,True,2d28a84f7aa076096d7f249f
hitter,2026,R_per_PA,skill,regular_playing_time,Steamer,THE BAT X,264,0.015877342582482003,0.015538114923556494,0.0003392276589255089,THE BAT X,True,424031a433b8bd5be3d7bcb4
hitter,2026,RBI_per_PA,skill,all_matched,Depth Charts,OOPSY,555,0.031645793725008926,0.031917309202373394,-0.00027151547736446735,Depth Charts,True,dfd7d9ba9495e5570d2e06de
hitter,2026,RBI_per_PA,skill,all_matched,Depth Charts,Steamer,555,0.031645793725008926,0.029424984260985623,0.002220809464023303,Steamer,True,60c9f4ce60634a00ad317da4
hitter,2026,RBI_per_PA,skill,all_matched,Depth Charts,THE BAT X,555,0.031645793725008926,0.029542637250982277,0.0021031564740266497,THE BAT X,True,632a04486c9cf1b3c6a3ebb0
hitter,2026,RBI_per_PA,skill,all_matched,OOPSY,Steamer,649,0.03985467163713068,0.03281927841320655,0.00703539322392413,Steamer,True,a002efbbe42711bd29b94157
hitter,2026,RBI_per_PA,skill,all_matched,OOPSY,THE BAT X,575,0.03319533122571481,0.03050719814752344,0.002688133078191369,THE BAT X,True,366e83866cb781a56442613f
hitter,2026,RBI_per_PA,skill,all_matched,Steamer,THE BAT X,583,0.03048465862745384,0.030548140628909974,-6.348200145613395e-05,Steamer,True,3077ce56c6abaf11e9910b5b
hitter,2026,RBI_per_PA,skill,established_sample,Depth Charts,OOPSY,435,0.022454425378336963,0.023066469369769124,-0.0006120439914321617,Depth Charts,True,ba69529da96ce6df33a9feeb
hitter,2026,RBI_per_PA,skill,established_sample,Depth Charts,Steamer,435,0.022454425378336963,0.02091850750590087,0.0015359178724360933,Steamer,True,72eb8b5fcd4bc6cb49afef3f
hitter,2026,RBI_per_PA,skill,established_sample,Depth Charts,THE BAT X,435,0.022454425378336963,0.021777368001534944,0.0006770573768020184,THE BAT X,True,2a8cbee5c2558adaf8a0677b
hitter,2026,RBI_per_PA,skill,established_sample,OOPSY,Steamer,462,0.02805679127906207,0.02159232092478178,0.006464470354280289,Steamer,True,8b61c123815f04e91e7a403d
hitter,2026,RBI_per_PA,skill,established_sample,OOPSY,THE BAT X,438,0.023745084805854525,0.021849727937380534,0.0018953568684739915,THE BAT X,True,f9b0131b029075d71399bdf3
hitter,2026,RBI_per_PA,skill,established_sample,Steamer,THE BAT X,441,0.020977642668992994,0.02178563717514527,-0.0008079945061522757,Steamer,True,df5f0140ef4ca0ac6c8ed99e
hitter,2026,RBI_per_PA,skill,regular_playing_time,Depth Charts,OOPSY,263,0.018740135968942997,0.019906318997587887,-0.0011661830286448897,Depth Charts,True,4d39348bd90f777912f28162
hitter,2026,RBI_per_PA,skill,regular_playing_time,Depth Charts,Steamer,263,0.018740135968942997,0.017889212861274408,0.0008509231076685893,Steamer,True,3e48a652798ce665ffad1505
hitter,2026,RBI_per_PA,skill,regular_playing_time,Depth Charts,THE BAT X,263,0.018740135968942997,0.019188232336654,-0.00044809636771100253,Depth Charts,True,43a27fac21f90f6abbaf7e29
hitter,2026,RBI_per_PA,skill,regular_playing_time,OOPSY,Steamer,266,0.020848013740653013,0.01788932277265352,0.002958690967999493,Steamer,True,0aa4b20275fedab2b2c1ac74
hitter,2026,RBI_per_PA,skill,regular_playing_time,OOPSY,THE BAT X,263,0.019906318997587887,0.019188232336654,0.0007180866609338872,THE BAT X,True,ac7a903c8b74aebd4b4beb2e
hitter,2026,RBI_per_PA,skill,regular_playing_time,Steamer,THE BAT X,264,0.017849788970277086,0.019131943909347846,-0.0012821549390707593,Steamer,True,ba25b6c865a4aee3188db4cf
hitter,2026,SB_per_PA,skill,all_matched,Depth Charts,OOPSY,555,0.010887451334068468,0.011861873865108324,-0.0009744225310398553,Depth Charts,True,fa9353934869665c2d51fdc5
hitter,2026,SB_per_PA,skill,all_matched,Depth Charts,Steamer,555,0.010887451334068468,0.011146543921787537,-0.00025909258771906855,Depth Charts,True,2245998ee8189c26859a3f46
hitter,2026,SB_per_PA,skill,all_matched,Depth Charts,THE BAT X,555,0.010887451334068468,0.011087362481755457,-0.00019991114768698817,Depth Charts,True,84cb11dbb1526179ef806fc8
hitter,2026,SB_per_PA,skill,all_matched,OOPSY,Steamer,649,0.012679912151166003,0.012325089412742815,0.00035482273842318834,Steamer,True,f41f6d8cd7f44053d6e973b1
hitter,2026,SB_per_PA,skill,all_matched,OOPSY,THE BAT X,575,0.012271360520717317,0.011652912311700908,0.000618448209016409,THE BAT X,True,1769d0416a7f431afc09177b
hitter,2026,SB_per_PA,skill,all_matched,Steamer,THE BAT X,583,0.011709352297673729,0.011584123870328375,0.00012522842734535335,THE BAT X,True,117ac85e2954c227c5e909fb
hitter,2026,SB_per_PA,skill,established_sample,Depth Charts,OOPSY,435,0.00908433244702886,0.009743109127929379,-0.0006587766809005181,Depth Charts,True,090d7da97afb961be914318b
hitter,2026,SB_per_PA,skill,established_sample,Depth Charts,Steamer,435,0.00908433244702886,0.008684687921768028,0.00039964452526083244,Steamer,True,15c91377565b6289b2ad0839
hitter,2026,SB_per_PA,skill,established_sample,Depth Charts,THE BAT X,435,0.00908433244702886,0.008606295303257547,0.00047803714377131316,THE BAT X,True,e35c5a816c4bdc6a905fb53c
hitter,2026,SB_per_PA,skill,established_sample,OOPSY,Steamer,462,0.01053448744155086,0.009007009728936454,0.001527477712614406,Steamer,True,f1aa5d96d34cad24b3fa933a
hitter,2026,SB_per_PA,skill,established_sample,OOPSY,THE BAT X,438,0.009837662815674723,0.008634194927202665,0.0012034678884720578,THE BAT X,True,5bb3847476aad8b82fc8e495
hitter,2026,SB_per_PA,skill,established_sample,Steamer,THE BAT X,441,0.008702564033485698,0.008604561065848408,9.800296763728955e-05,THE BAT X,True,d3a2d542ec0c42d37d6d5049
hitter,2026,SB_per_PA,skill,regular_playing_time,Depth Charts,OOPSY,263,0.007577022607449967,0.008322103438547812,-0.0007450808310978446,Depth Charts,True,a092db5f75711a19e3ce7d25
hitter,2026,SB_per_PA,skill,regular_playing_time,Depth Charts,Steamer,263,0.007577022607449967,0.007545711739590027,3.1310867859939834e-05,Steamer,True,613b6c4a656b57dcdfa78bc2
hitter,2026,SB_per_PA,skill,regular_playing_time,Depth Charts,THE BAT X,263,0.007577022607449967,0.007444471545172491,0.00013255106227747643,THE BAT X,True,7e724528dd5fc64966225b19
hitter,2026,SB_per_PA,skill,regular_playing_time,OOPSY,Steamer,266,0.008697344240388677,0.007585368272874466,0.0011119759675142105,Steamer,True,fa5c741736611e3096487e45
hitter,2026,SB_per_PA,skill,regular_playing_time,OOPSY,THE BAT X,263,0.008322103438547812,0.007444471545172491,0.000877631893375321,THE BAT X,True,335b1507268116c01b54fa82
hitter,2026,SB_per_PA,skill,regular_playing_time,Steamer,THE BAT X,264,0.007551746439074765,0.007447118604659743,0.00010462783441502182,THE BAT X,True,cf33c3fd20d18f76c74cdfdf
hitter,2026,K%,skill,all_matched,Depth Charts,OOPSY,555,0.0386158952936937,0.04010292544864865,-0.001487030154954952,Depth Charts,True,c711ddf3c0c614172f25a5c5
hitter,2026,K%,skill,all_matched,Depth Charts,Steamer,555,0.0386158952936937,0.03982698378018018,-0.001211088486486482,Depth Charts,True,7b2808fb78009b6d479a7810
hitter,2026,K%,skill,all_matched,Depth Charts,THE BAT X,555,0.0386158952936937,0.03857559228108108,4.030301261261776e-05,THE BAT X,True,92dd18f6ec412186c6af607c
hitter,2026,K%,skill,all_matched,OOPSY,Steamer,649,0.04586180159784283,0.04539686311093991,0.00046493848690291883,Steamer,True,b4685b6af2b05f407f765630
hitter,2026,K%,skill,all_matched,OOPSY,THE BAT X,575,0.04244707591652174,0.04081159607652174,0.0016354798400000023,THE BAT X,True,caf8f502c55306b5360a153e
hitter,2026,K%,skill,all_matched,Steamer,THE BAT X,583,0.04366335534305318,0.042244466351629505,0.0014188889914236724,THE BAT X,True,ab8f85b109dada64992906fd
hitter,2026,K%,skill,established_sample,Depth Charts,OOPSY,435,0.028707477983908047,0.02968937528045977,-0.000981897296551723,Depth Charts,True,f179174850a6c15bc47d87a9
hitter,2026,K%,skill,established_sample,Depth Charts,Steamer,435,0.028707477983908047,0.029862505620689657,-0.0011550276367816095,Depth Charts,True,b7af10789e4cd6b31ae741cd
hitter,2026,K%,skill,established_sample,Depth Charts,THE BAT X,435,0.028707477983908047,0.028876685772413792,-0.00016920778850574442,Depth Charts,True,8e0b0b40428039dafabe4ee8
hitter,2026,K%,skill,established_sample,OOPSY,Steamer,462,0.029794298584415586,0.029794237926406925,6.065800866109083e-08,Steamer,True,3e1216a5d873ded95a24906f
hitter,2026,K%,skill,established_sample,OOPSY,THE BAT X,438,0.02992509036757991,0.0291597275,0.0007653628675799093,THE BAT X,True,9d4c9fba465cdb98b8a87df0
hitter,2026,K%,skill,established_sample,Steamer,THE BAT X,441,0.030198971941043085,0.029156603156462586,0.0010423687845804996,THE BAT X,True,5f05a7946ff93b067df0c46b
hitter,2026,K%,skill,regular_playing_time,Depth Charts,OOPSY,263,0.02472451658555133,0.02610444534600761,-0.0013799287604562768,Depth Charts,True,3bf59c1df0eb43ad3176fa6a
hitter,2026,K%,skill,regular_playing_time,Depth Charts,Steamer,263,0.02472451658555133,0.025821131992395437,-0.0010966154068441057,Depth Charts,True,270bbfb02560dfb3dde64b9e
hitter,2026,K%,skill,regular_playing_time,Depth Charts,THE BAT X,263,0.02472451658555133,0.024875479087452468,-0.00015096250190113625,Depth Charts,True,cd6c0f0a404ba831821dc8d3
hitter,2026,K%,skill,regular_playing_time,OOPSY,Steamer,266,0.026186240011278197,0.025804201169172935,0.00038203884210526173,Steamer,True,7acb443b4840f5a9be3d9239
hitter,2026,K%,skill,regular_playing_time,OOPSY,THE BAT X,263,0.02610444534600761,0.024875479087452468,0.0012289662585551406,THE BAT X,True,e58544b65b33d6df2e92c5c3
hitter,2026,K%,skill,regular_playing_time,Steamer,THE BAT X,264,0.02587618975,0.024871414318181816,0.0010047754318181848,THE BAT X,True,978292d5f226431109de6aaa
hitter,2026,BB%,skill,all_matched,Depth Charts,OOPSY,555,0.023706938567567566,0.02384847262882883,-0.00014153406126126214,Depth Charts,True,cc20e8e87b8a44612709fa39
hitter,2026,BB%,skill,all_matched,Depth Charts,Steamer,555,0.023706938567567566,0.02375465342162162,-4.771485405405396e-05,Depth Charts,True,dfd8dee8f5d209f59561e265
hitter,2026,BB%,skill,all_matched,Depth Charts,THE BAT X,555,0.023706938567567566,0.02403224026126126,-0.00032530169369369283,Depth Charts,True,0e1edd130c825e8aff277acf
hitter,2026,BB%,skill,all_matched,OOPSY,Steamer,649,0.028435823667180275,0.02833508567026194,0.00010073799691833613,Steamer,True,00787a4d072d9a6a4fba6a4a
hitter,2026,BB%,skill,all_matched,OOPSY,THE BAT X,575,0.026190084760000003,0.02629935231478261,-0.00010926755478260844,OOPSY,True,87b8ddad841cb033bedbc659
hitter,2026,BB%,skill,all_matched,Steamer,THE BAT X,583,0.026194857075471697,0.026325337837049743,-0.00013048076157804595,Steamer,True,f28e73c16a73a75597294270
hitter,2026,BB%,skill,established_sample,Depth Charts,OOPSY,435,0.017636573896551724,0.017759054186206897,-0.00012248028965517258,Depth Charts,True,5587f5b5440a0d32c48c7574
hitter,2026,BB%,skill,established_sample,Depth Charts,Steamer,435,0.017636573896551724,0.01773923983678161,-0.00010266594022988532,Depth Charts,True,8ad777c7bcc6d878adc2908b
hitter,2026,BB%,skill,established_sample,Depth Charts,THE BAT X,435,0.017636573896551724,0.018272317331034484,-0.0006357434344827599,Depth Charts,True,62c71cbdb2a98732cb8c559d
hitter,2026,BB%,skill,established_sample,OOPSY,Steamer,462,0.017832401097402598,0.01781473130952381,1.7669787878787924e-05,Steamer,True,d187afb452743945a0e275ed
hitter,2026,BB%,skill,established_sample,OOPSY,THE BAT X,438,0.017934102719178082,0.018429071920091324,-0.0004949692009132423,OOPSY,True,f427173cc83b4ec29c462ef8
hitter,2026,BB%,skill,established_sample,Steamer,THE BAT X,441,0.017866635081632654,0.01838681047845805,-0.0005201753968253967,Steamer,True,6d6f357de8158f06a352a8ba
hitter,2026,BB%,skill,regular_playing_time,Depth Charts,OOPSY,263,0.015707426821292777,0.015980103931558933,-0.00027267711026615626,Depth Charts,True,309436f49fe1552f58755383
hitter,2026,BB%,skill,regular_playing_time,Depth Charts,Steamer,263,0.015707426821292777,0.01581612389353612,-0.0001086970722433446,Depth Charts,True,03553ac2e33d0ce5cd64f214
hitter,2026,BB%,skill,regular_playing_time,Depth Charts,THE BAT X,263,0.015707426821292777,0.016711805011406847,-0.0010043781901140705,Depth Charts,True,4cf28cdb884f6dadb18e3c89
hitter,2026,BB%,skill,regular_playing_time,OOPSY,Steamer,266,0.015867699451127818,0.015699396255639098,0.00016830319548872055,Steamer,True,90e1147f0c1d263c3bae1938
hitter,2026,BB%,skill,regular_playing_time,OOPSY,THE BAT X,263,0.015980103931558933,0.016711805011406847,-0.0007317010798479143,OOPSY,True,6890a329a05c334e1e5cdcda
hitter,2026,BB%,skill,regular_playing_time,Steamer,THE BAT X,264,0.015766231420454545,0.016695120859848485,-0.0009288894393939401,Steamer,True,c3e9f54767852421b774e39d
hitter,2026,ISO,skill,all_matched,Depth Charts,OOPSY,555,0.0431218631045045,0.04318849205945946,-6.662895495496146e-05,Depth Charts,True,8d9d4639c9cdad7e24ea27fa
hitter,2026,ISO,skill,all_matched,Depth Charts,Steamer,555,0.0431218631045045,0.04294402372432433,0.00017783938018017115,Steamer,True,b14ef99f8afd58b45d2ed67e
hitter,2026,ISO,skill,all_matched,Depth Charts,THE BAT X,555,0.0431218631045045,0.04279881564504504,0.0003230474594594565,THE BAT X,True,1db47c4106e674c6e6d2b851
hitter,2026,ISO,skill,all_matched,OOPSY,Steamer,649,0.04907643976887519,0.04875927665023112,0.00031716311864406904,Steamer,True,fd2b6201bb5ba5ae577e2fc7
hitter,2026,ISO,skill,all_matched,OOPSY,THE BAT X,575,0.04502644667652174,0.04422995103130435,0.0007964956452173877,THE BAT X,True,18df09cb1449cf6fa4fb2bdf
hitter,2026,ISO,skill,all_matched,Steamer,THE BAT X,583,0.04475137039794168,0.044280032610634644,0.0004713377873070343,THE BAT X,True,0cad7f12d1ef14ded87db73c
hitter,2026,ISO,skill,established_sample,Depth Charts,OOPSY,435,0.03272948003678161,0.03273746231724138,-7.982280459770119e-06,Depth Charts,True,3352162e6d593dea80c3a0cf
hitter,2026,ISO,skill,established_sample,Depth Charts,Steamer,435,0.03272948003678161,0.032614373540229884,0.00011510649655172706,Steamer,True,ac5b5a41efde10a9b5292006
hitter,2026,ISO,skill,established_sample,Depth Charts,THE BAT X,435,0.03272948003678161,0.034052010864367814,-0.0013225308275862033,Depth Charts,True,e4f054057349f268d152670a
hitter,2026,ISO,skill,established_sample,OOPSY,Steamer,462,0.03287276161904762,0.03278021770562771,9.254391341990964e-05,Steamer,True,999efa75a10a86752c9fec2a
hitter,2026,ISO,skill,established_sample,OOPSY,THE BAT X,438,0.03294412292694064,0.03426028187214612,-0.0013161589452054812,OOPSY,True,b9e842459bd2bd51f6db03fc
hitter,2026,ISO,skill,established_sample,Steamer,THE BAT X,441,0.032643886546485264,0.03407053473242631,-0.001426648185941043,Steamer,True,4419c0de5adfabc9e8085d31
hitter,2026,ISO,skill,regular_playing_time,Depth Charts,OOPSY,263,0.02844451148669202,0.028130019304182508,0.0003144921825095105,OOPSY,True,1faa5f3981d46a0f3192bb52
hitter,2026,ISO,skill,regular_playing_time,Depth Charts,Steamer,263,0.02844451148669202,0.02858448058174905,-0.0001399690950570319,Depth Charts,True,8b47e5a2002deec0ff71d295
hitter,2026,ISO,skill,regular_playing_time,Depth Charts,THE BAT X,263,0.02844451148669202,0.0308750302243346,-0.002430518737642582,Depth Charts,True,f26919ee5412a9f23aa9dd0f
hitter,2026,ISO,skill,regular_playing_time,OOPSY,Steamer,266,0.028079573842105264,0.028532206609022556,-0.0004526327669172915,OOPSY,True,0d8a3745bef0b34876690cc9
hitter,2026,ISO,skill,regular_playing_time,OOPSY,THE BAT X,263,0.028130019304182508,0.0308750302243346,-0.0027450109201520925,OOPSY,True,2dece500b023b80d174fda73
hitter,2026,ISO,skill,regular_playing_time,Steamer,THE BAT X,264,0.028532449723484846,0.030773489450757575,-0.0022410397272727284,Steamer,True,c1aa19d513a810ce8841c6b2
hitter,2026,BABIP,skill,all_matched,Depth Charts,OOPSY,555,0.04204224923963964,0.04207559087927928,-3.33416396396391e-05,Depth Charts,True,0b8103899395c23948cedeb6
hitter,2026,BABIP,skill,all_matched,Depth Charts,Steamer,555,0.04204224923963964,0.04170269548828828,0.0003395537513513555,Steamer,True,36f16230ebab44bc712b5b12
hitter,2026,BABIP,skill,all_matched,Depth Charts,THE BAT X,555,0.04204224923963964,0.041247522497297295,0.0007947267423423429,THE BAT X,True,7a81a8429e4df1a47dc3d1b3
hitter,2026,BABIP,skill,all_matched,OOPSY,Steamer,649,0.051419428403698,0.05120079136209554,0.00021863704160246522,Steamer,True,e720049262623d683d1a35d7
hitter,2026,BABIP,skill,all_matched,OOPSY,THE BAT X,575,0.04507142798956522,0.04414841960347826,0.000923008386086957,THE BAT X,True,e229fa5ecb95d62a7b7870c2
hitter,2026,BABIP,skill,all_matched,Steamer,THE BAT X,583,0.04533600197598628,0.04489784539622642,0.0004381565797598602,THE BAT X,True,5cca43c03eecd1202ec64d6f
hitter,2026,BABIP,skill,established_sample,Depth Charts,OOPSY,435,0.027916596174712646,0.027948576036781612,-3.197986206896625e-05,Depth Charts,True,2dc0b8b6e14cb1f7bccfc0ce
hitter,2026,BABIP,skill,established_sample,Depth Charts,Steamer,435,0.027916596174712646,0.027792053291954024,0.00012454288275862146,Steamer,True,af49421cc5ed4b2eac9af765
hitter,2026,BABIP,skill,established_sample,Depth Charts,THE BAT X,435,0.027916596174712646,0.027230350298850573,0.0006862458758620724,THE BAT X,True,d83ea0b329a30f9539e3e919
hitter,2026,BABIP,skill,established_sample,OOPSY,Steamer,462,0.028874588441558442,0.02875319753679654,0.00012139090476190328,Steamer,True,bd5bb30516f3745ba24d1987
hitter,2026,BABIP,skill,established_sample,OOPSY,THE BAT X,438,0.028259528002283107,0.027511815226027397,0.0007477127762557101,THE BAT X,True,c48097fae5c01a7a5f3dcd44
hitter,2026,BABIP,skill,established_sample,Steamer,THE BAT X,441,0.028152809369614513,0.02768785358276644,0.00046495578684807234,THE BAT X,True,e609e50275aeec7a1dbe77c3
hitter,2026,BABIP,skill,regular_playing_time,Depth Charts,OOPSY,263,0.02159074138403042,0.02191369335361217,-0.0003229519695817501,Depth Charts,True,9170d580bb6bec669a9bc554
hitter,2026,BABIP,skill,regular_playing_time,Depth Charts,Steamer,263,0.02159074138403042,0.021696902258555133,-0.00010616087452471404,Depth Charts,True,939b27e1566bed0c279173d0
hitter,2026,BABIP,skill,regular_playing_time,Depth Charts,THE BAT X,263,0.02159074138403042,0.021822869703422055,-0.00023212831939163625,Depth Charts,True,f7ebbd62728010ab0802cdd5
hitter,2026,BABIP,skill,regular_playing_time,OOPSY,Steamer,266,0.02202674422556391,0.02180298084962406,0.00022376337593984705,Steamer,True,21ef5d2ed25a657ad7e7cc62
hitter,2026,BABIP,skill,regular_playing_time,OOPSY,THE BAT X,263,0.02191369335361217,0.021822869703422055,9.082365019011385e-05,THE BAT X,True,eb5de82cd89ae3e24a6c279c
hitter,2026,BABIP,skill,regular_playing_time,Steamer,THE BAT X,264,0.02183182259469697,0.022001509859848483,-0.00016968726515151356,Steamer,True,4eaad2abdc5c91584453e643
hitter,2026,wOBA,skill,all_matched,Depth Charts,OOPSY,555,0.03766225159783186,0.03804861638959955,-0.0003863647917676863,Depth Charts,True,1b2d35866488e2ab48570bb5
hitter,2026,wOBA,skill,all_matched,Depth Charts,Steamer,555,0.03766225159783186,0.03766027179462474,1.979803207118047e-06,Steamer,True,0283888370048bac177cd5c9
hitter,2026,wOBA,skill,all_matched,Depth Charts,THE BAT X,555,0.03766225159783186,0.03791051350430865,-0.0002482619064767891,Depth Charts,True,64257f058958a47dc0639deb
hitter,2026,wOBA,skill,all_matched,OOPSY,Steamer,649,0.04435861809929095,0.044146539455917476,0.00021207864337347698,Steamer,True,e50993353abd786053bdbce3
hitter,2026,wOBA,skill,all_matched,OOPSY,THE BAT X,575,0.040460220029903286,0.040020063614809816,0.0004401564150934706,THE BAT X,True,56cb491ced89a6513d18cd7b
hitter,2026,wOBA,skill,all_matched,Steamer,THE BAT X,583,0.04093822766804092,0.04091630563320124,2.192203483968036e-05,THE BAT X,True,3694d7f7e0fb38a646f0b0c0
hitter,2026,wOBA,skill,established_sample,Depth Charts,OOPSY,435,0.026933524816262915,0.027324551152570428,-0.00039102633630751227,Depth Charts,True,4ac3b7e4094882b5e9908c1a
hitter,2026,wOBA,skill,established_sample,Depth Charts,Steamer,435,0.026933524816262915,0.027255064903083947,-0.00032154008682103163,Depth Charts,True,22ff82925aa37978c087faf6
hitter,2026,wOBA,skill,established_sample,Depth Charts,THE BAT X,435,0.026933524816262915,0.028754831406315837,-0.0018213065900529214,Depth Charts,True,1926cd958a68bf763564f2ab
hitter,2026,wOBA,skill,established_sample,OOPSY,Steamer,462,0.027617950451076862,0.027659204072804193,-4.125362172733085e-05,OOPSY,True,706525cbfc8caaea62dcaa5e
hitter,2026,wOBA,skill,established_sample,OOPSY,THE BAT X,438,0.027455382238095984,0.02885957838051437,-0.001404196142418386,OOPSY,True,a5fce0a9988245d4246e8b32
hitter,2026,wOBA,skill,established_sample,Steamer,THE BAT X,441,0.0274210802338858,0.02901516510668823,-0.00159408487280243,Steamer,True,9bf7b4606e03e331261bae26
hitter,2026,wOBA,skill,regular_playing_time,Depth Charts,OOPSY,263,0.021473290261635268,0.021949909414351536,-0.00047661915271626776,Depth Charts,True,426cde208bd22f9b5cce4591
hitter,2026,wOBA,skill,regular_playing_time,Depth Charts,Steamer,263,0.021473290261635268,0.02187694292030686,-0.00040365265867159036,Depth Charts,True,fe88054c1a78025c98c28b1e
hitter,2026,wOBA,skill,regular_playing_time,Depth Charts,THE BAT X,263,0.021473290261635268,0.024476237584141677,-0.0030029473225064093,Depth Charts,True,130806c6978e8a6be19405ce
hitter,2026,wOBA,skill,regular_playing_time,OOPSY,Steamer,266,0.022132551912075027,0.022087329401045894,4.522251102913322e-05,Steamer,True,3de4ee0e8c853c7ba18d9f06
hitter,2026,wOBA,skill,regular_playing_time,OOPSY,THE BAT X,263,0.021949909414351536,0.024476237584141677,-0.0025263281697901416,OOPSY,True,09a0efc38dc51918b7be5784
hitter,2026,wOBA,skill,regular_playing_time,Steamer,THE BAT X,264,0.02195193919224636,0.024615115315687868,-0.0026631761234415068,Steamer,True,1f7730356dbd51781375573f
pitcher,2024,W,fantasy_outcome,all_matched,ATC,Steamer,622,2.243726225241158,2.246717682533517,-0.0029914572923592786,ATC,True,9156d5c08119ec8d86937457
pitcher,2024,W,fantasy_outcome,substantial_innings,ATC,Steamer,361,2.5184730138504157,2.50910110886201,0.009371904988405788,Steamer,True,87c5f3457ea1860e28655a38
pitcher,2024,W,fantasy_outcome,high_innings,ATC,Steamer,116,2.9882231206896552,2.787070695696206,0.20115242499344932,Steamer,True,0486dbaad7a8acf6bcda439f
pitcher,2024,SV,fantasy_outcome,all_matched,ATC,Steamer,622,1.3892250721623796,1.2669662378033641,0.12225883435901541,Steamer,True,14f4eec5c86344870f9a20f6
pitcher,2024,SV,fantasy_outcome,substantial_innings,ATC,Steamer,361,1.813924677429363,1.6883573485873742,0.12556732884198873,Steamer,True,7c6035a950a5355f5c79359b
pitcher,2024,SV,fantasy_outcome,high_innings,ATC,Steamer,116,0.1363297501724138,0.07902586254580267,0.057303887626611136,Steamer,True,4fa1f134b2fc26cecde29a22
pitcher,2024,SO,fantasy_outcome,all_matched,ATC,Steamer,622,26.696108440514468,28.17311931288894,-1.4770108723744713,ATC,True,e8e593798efc49049959f40a
pitcher,2024,SO,fantasy_outcome,substantial_innings,ATC,Steamer,361,26.007591080332407,26.372888887357846,-0.36529780702543846,ATC,True,d211866e67ed570e3fb44ce0
pitcher,2024,SO,fantasy_outcome,high_innings,ATC,Steamer,116,31.816827586206895,29.97812220145916,1.8387053847477333,Steamer,True,60606890c1b23ffb97069647
pitcher,2024,ERA,fantasy_outcome,all_matched,ATC,Steamer,622,1.7684803863913658,1.758716043289407,0.00976434310195895,Steamer,True,dcea2a982a5c4136f3ccc1ba
pitcher,2024,ERA,fantasy_outcome,substantial_innings,ATC,Steamer,361,0.9080753218585988,0.8794937658662483,0.02858155599235057,Steamer,True,34bec51c5d9a712dbadaee1b
pitcher,2024,ERA,fantasy_outcome,high_innings,ATC,Steamer,116,0.5956709265362721,0.630236682815761,-0.03456575627948888,ATC,True,921a44f68e38537975e9ec1e
pitcher,2024,WHIP,fantasy_outcome,all_matched,ATC,Steamer,622,0.27064189308437775,0.27109971097543334,-0.0004578178910555897,ATC,True,e54beb9503cd57915d3316e2
pitcher,2024,WHIP,fantasy_outcome,substantial_innings,ATC,Steamer,361,0.1555376974843514,0.15561079967051705,-7.310218616565778e-05,ATC,True,6c894a26628fdb595e20d4df
pitcher,2024,WHIP,fantasy_outcome,high_innings,ATC,Steamer,116,0.11719512397852959,0.12825393864241155,-0.011058814663881963,ATC,True,e21512397f88f2fd43dbaa94
pitcher,2024,QS,fantasy_outcome,all_matched,ATC,Steamer,622,1.5528232193569131,1.6920766926151956,-0.1392534732582824,ATC,True,1d82ebade71373843e6d7ed9
pitcher,2024,QS,fantasy_outcome,substantial_innings,ATC,Steamer,361,2.0762314221606646,2.2480623307212197,-0.17183090856055516,ATC,True,026e616c4938cc8665b94146
pitcher,2024,QS,fantasy_outcome,high_innings,ATC,Steamer,116,4.065456448275862,3.758462936713778,0.3069935115620841,Steamer,True,6aecd0aaa53ab350d98dc010
pitcher,2024,SV_plus_HLD,fantasy_outcome,all_matched,ATC,Steamer,622,3.8120228376093244,3.765820730154154,0.04620210745517017,Steamer,True,0791af7250eea4313800985b
pitcher,2024,SV_plus_HLD,fantasy_outcome,substantial_innings,ATC,Steamer,361,4.159270851556787,4.221681160279588,-0.062410308722800956,ATC,True,3ab41077fbaf2714ac0a07d2
pitcher,2024,SV_plus_HLD,fantasy_outcome,high_innings,ATC,Steamer,116,0.6340822979310345,0.5353129336546207,0.0987693642764138,Steamer,True,e6397b852120f02649f107d5
pitcher,2024,IP,opportunity,all_matched,ATC,Steamer,622,25.88050927652733,27.410854583691172,-1.5303453071638415,ATC,True,24aac322f19705b67d6374a2
pitcher,2024,IP,opportunity,substantial_innings,ATC,Steamer,361,24.668728531855955,24.742253647484606,-0.0735251156286516,ATC,True,23191db5bc9b3a220e2d6727
pitcher,2024,IP,opportunity,high_innings,ATC,Steamer,116,30.45222586206896,27.81700568034731,2.6352201817216496,Steamer,True,a7b075c5421be8223d03db99
pitcher,2024,G,opportunity,all_matched,ATC,Steamer,622,13.730000868167203,15.26273941471454,-1.5327385465473373,ATC,True,110af1ae44939afbf8d08767
pitcher,2024,G,opportunity,substantial_innings,ATC,Steamer,361,10.10802326869806,9.763924693136664,0.34409857556139656,Steamer,True,ea65d72a2b3a6bcbe79a2702
pitcher,2024,G,opportunity,high_innings,ATC,Steamer,116,4.958289655172414,6.4206897143659925,-1.4624000591935786,ATC,True,ff4f58cc93d0ef6682d67dd7
pitcher,2024,GS,opportunity,all_matched,ATC,Steamer,622,3.090407005618971,3.0787509735464043,0.011656032072566713,Steamer,True,165352ce365806ce6e633671
pitcher,2024,GS,opportunity,substantial_innings,ATC,Steamer,361,3.7297532759473686,3.7585113638253507,-0.028758087877982064,ATC,True,d475aff4c839aafa0c963206
pitcher,2024,GS,opportunity,high_innings,ATC,Steamer,116,6.047756534482759,5.613103402071986,0.43465313241077297,Steamer,True,35c3ccb19461ce173c2d96a7
pitcher,2024,K/9,skill,all_matched,ATC,Steamer,622,1.4534061148306465,1.4464035107077402,0.00700260412290632,Steamer,True,bc3ae99a8c41aaa6fc066288
pitcher,2024,K/9,skill,substantial_innings,ATC,Steamer,361,0.99834880860386,0.9954424641899265,0.0029063444139334482,Steamer,True,820d59d2d51fbd0f40f3363a
pitcher,2024,K/9,skill,high_innings,ATC,Steamer,116,0.7735541831281614,0.8012260890997851,-0.027671905971623723,ATC,True,07d47160cb08660dde631d7a
pitcher,2024,BB/9,skill,all_matched,ATC,Steamer,622,1.1524697301311375,1.1747361176013749,-0.022266387470237348,ATC,True,271e76967256bb1c4ef2e579
pitcher,2024,BB/9,skill,substantial_innings,ATC,Steamer,361,0.6850889600573424,0.6971736164357623,-0.012084656378419822,ATC,True,b8a3a1729a77fc01f556e951
pitcher,2024,BB/9,skill,high_innings,ATC,Steamer,116,0.5663867725174202,0.5876900899315932,-0.021303317414173017,ATC,True,923f2fa361086955d036d137
pitcher,2024,HR/9,skill,all_matched,ATC,Steamer,622,0.5933944741588453,0.5984163944510879,-0.0050219202922425765,ATC,True,c876c5336eaa4ba4c99e57ca
pitcher,2024,HR/9,skill,substantial_innings,ATC,Steamer,361,0.310311505456291,0.30788400099368585,0.0024275044626051456,Steamer,True,cfd2f62b3e24039a33214532
pitcher,2024,HR/9,skill,high_innings,ATC,Steamer,116,0.2224483197975263,0.2232790710095596,-0.0008307512120332983,ATC,True,b7c51d0c19cfd46355f960f1
pitcher,2024,K%,skill,all_matched,ATC,Steamer,622,0.039717688810289385,0.039301290165303246,0.00041639864498613927,Steamer,True,caf46c14f472dffac6f4de7d
pitcher,2024,K%,skill,substantial_innings,ATC,Steamer,361,0.028507289307479228,0.028471349340802244,3.593996667698371e-05,Steamer,True,03497f88afd0981d5e96b63f
pitcher,2024,K%,skill,high_innings,ATC,Steamer,116,0.022586687931034487,0.023953755320332934,-0.0013670673892984472,ATC,True,9ded3f63a202edd91ca501eb
pitcher,2024,BB%,skill,all_matched,ATC,Steamer,622,0.02528615350482315,0.02581737027776783,-0.000531216772944678,ATC,True,66b153a86b3f12e781b27d5c
pitcher,2024,BB%,skill,substantial_innings,ATC,Steamer,361,0.016005084736842107,0.016403804026176225,-0.00039871928933411793,ATC,True,67ec2399826566890d4a3124
pitcher,2024,BB%,skill,high_innings,ATC,Steamer,116,0.0138009325,0.014082771089140233,-0.00028183858914023266,ATC,True,7fb7889c72ba0e60b4417576
pitcher,2024,K-BB%,skill,all_matched,ATC,Steamer,622,0.04970987435482499,0.04971961915560655,-9.74480078155815e-06,ATC,True,685bc1d463a98bb3a4fe0c22
pitcher,2024,K-BB%,skill,substantial_innings,ATC,Steamer,361,0.03496559520232663,0.035127109078527015,-0.0001615138762003851,ATC,True,1a43d0c60c0073bb4534c480
pitcher,2024,K-BB%,skill,high_innings,ATC,Steamer,116,0.02726135024352378,0.03040997918640395,-0.0031486289428801703,ATC,True,6cfd42725d5e8a7acbff5b5b
pitcher,2024,FIP,skill,all_matched,ATC,Steamer,622,1.0992313045322784,1.1062754402342694,-0.007044135701991028,ATC,True,9dd55ee1c56fe7985d6a1f5a
pitcher,2024,FIP,skill,substantial_innings,ATC,Steamer,361,0.6560257995048272,0.6520018587409288,0.004023940763898448,Steamer,True,850798f9cbb00feca3439635
pitcher,2024,FIP,skill,high_innings,ATC,Steamer,116,0.5059517605268059,0.5365745854242895,-0.03062282489748358,ATC,True,7d901d7ae264d9200f7971e7
pitcher,2024,BABIP,skill,all_matched,ATC,Steamer,622,0.04786230101860687,0.047160506332237444,0.0007017946863694252,Steamer,True,918b84e9069fe5de0a6b6c19
pitcher,2024,BABIP,skill,substantial_innings,ATC,Steamer,361,0.0293086064195295,0.028480989240953294,0.0008276171785762051,Steamer,True,f51c33aecb961f2c750e0134
pitcher,2024,BABIP,skill,high_innings,ATC,Steamer,116,0.020594125967724412,0.020729207419326764,-0.00013508145160235144,ATC,True,ac12b79c8ec0e6c0139c1a5e
pitcher,2025,W,fantasy_outcome,all_matched,ATC,OOPSY,684,2.1877542295321635,2.216374269005848,-0.02862003947368441,ATC,True,c3bae57e838ff7cf66598b59
pitcher,2025,W,fantasy_outcome,all_matched,ATC,RotoWire,563,2.2569635008880993,2.447602131438721,-0.1906386305506218,ATC,True,61aadf71f35bb1201559d770
pitcher,2025,W,fantasy_outcome,all_matched,ATC,Steamer,686,2.189213,2.2025269729196593,-0.01331397291965919,ATC,True,bcca7b5cd6c175f3f6b561f1
pitcher,2025,W,fantasy_outcome,all_matched,OOPSY,RotoWire,593,2.193929173693086,2.3659359190556493,-0.17200674536256333,OOPSY,True,55c7f7460838e582ab46f934
pitcher,2025,W,fantasy_outcome,all_matched,OOPSY,Steamer,785,2.038216560509554,2.0302197497219416,0.007996810787612496,Steamer,True,5e156b866fd37de3ae5bacf2
pitcher,2025,W,fantasy_outcome,all_matched,RotoWire,Steamer,597,2.3500837520938025,2.199762648455112,0.15032110363869045,Steamer,True,1db3e56ab4beced33fb9cf01
pitcher,2025,W,fantasy_outcome,substantial_innings,ATC,OOPSY,385,2.521181090909091,2.5948051948051947,-0.07362410389610385,ATC,True,71a67d9bd1379cd6ec8bd236
pitcher,2025,W,fantasy_outcome,substantial_innings,ATC,RotoWire,332,2.5142579759036146,2.7409638554216866,-0.22670587951807208,ATC,True,361a429363c6b02e1e1b63d6
pitcher,2025,W,fantasy_outcome,substantial_innings,ATC,Steamer,386,2.525736121761658,2.4957494884439857,0.02998663331767215,Steamer,True,de81df54916dcb0ad02b3120
pitcher,2025,W,fantasy_outcome,substantial_innings,OOPSY,RotoWire,335,2.5791044776119403,2.734328358208955,-0.15522388059701475,OOPSY,True,867d2e7b2abdfbbab8b232a7
pitcher,2025,W,fantasy_outcome,substantial_innings,OOPSY,Steamer,400,2.5875,2.486049006571993,0.10145099342800679,Steamer,True,b48339b1a8d017425c66e0a6
pitcher,2025,W,fantasy_outcome,substantial_innings,RotoWire,Steamer,336,2.732142857142857,2.52167678575608,0.2104660713867772,Steamer,True,8068cdb3022e13e613f6cfa9
pitcher,2025,W,fantasy_outcome,high_innings,ATC,OOPSY,127,3.104751850393701,3.456692913385827,-0.3519410629921258,ATC,True,75dba4bd84c27bc27daca399
pitcher,2025,W,fantasy_outcome,high_innings,ATC,RotoWire,111,3.06885472972973,3.108108108108108,-0.039253378378377946,ATC,True,507824b9f2c2b963c2a1fd69
pitcher,2025,W,fantasy_outcome,high_innings,ATC,Steamer,127,3.104751850393701,2.8532842568407846,0.2514675935529165,Steamer,True,703a4047231245628fe459b7
pitcher,2025,W,fantasy_outcome,high_innings,OOPSY,RotoWire,111,3.4594594594594597,3.108108108108108,0.35135135135135176,RotoWire,True,7320ef7f81599d47a1af4471
pitcher,2025,W,fantasy_outcome,high_innings,OOPSY,Steamer,127,3.456692913385827,2.8532842568407846,0.6034086565450423,Steamer,True,b6f0929501fc9a94c0ef7fb4
pitcher,2025,W,fantasy_outcome,high_innings,RotoWire,Steamer,111,3.108108108108108,2.9189495398654595,0.18915856824264843,Steamer,True,b0d56954ed4fd702d37fb912
pitcher,2025,SV,fantasy_outcome,all_matched,ATC,OOPSY,684,1.3163483237807017,1.2616959064327486,0.05465241734795301,OOPSY,True,ad450b690e346656ebe65e97
pitcher,2025,SV,fantasy_outcome,all_matched,ATC,RotoWire,563,1.4367117592646537,1.5985790408525755,-0.16186728158792185,ATC,True,6654585770c63b3eae9c55aa
pitcher,2025,SV,fantasy_outcome,all_matched,ATC,Steamer,686,1.3142586683177842,1.260454816738301,0.0538038515794832,Steamer,True,498deaec74431bc44b151b54
pitcher,2025,SV,fantasy_outcome,all_matched,OOPSY,RotoWire,593,1.3136593591905565,1.5278246205733559,-0.21416526138279934,OOPSY,True,c0112201af2295e17604bbaa
pitcher,2025,SV,fantasy_outcome,all_matched,OOPSY,Steamer,785,1.1248407643312102,1.1256968207420057,-0.0008560564107955582,OOPSY,True,8c33a504522561302c21d5ad
pitcher,2025,SV,fantasy_outcome,all_matched,RotoWire,Steamer,597,1.5226130653266332,1.309874382150832,0.21273868317580114,Steamer,True,a9d279fed24d605c5ed3cb96
pitcher,2025,SV,fantasy_outcome,substantial_innings,ATC,OOPSY,385,1.7340445811974028,1.7012987012987013,0.03274587989870148,OOPSY,True,ff6fb9579b0c59674e4c0a53
pitcher,2025,SV,fantasy_outcome,substantial_innings,ATC,RotoWire,332,1.7957124429548192,1.8795180722891567,-0.08380562933433744,ATC,True,74dcb8188d42c7381ebc625c
pitcher,2025,SV,fantasy_outcome,substantial_innings,ATC,Steamer,386,1.729552237722798,1.6822720292009838,0.04728020852181425,Steamer,True,c15fb5bf6309b4aff6a5d1bb
pitcher,2025,SV,fantasy_outcome,substantial_innings,OOPSY,RotoWire,335,1.7402985074626867,1.8686567164179104,-0.12835820895522376,OOPSY,True,f2ea681003c254dc44092220
pitcher,2025,SV,fantasy_outcome,substantial_innings,OOPSY,Steamer,400,1.6525,1.6383925081789494,0.014107491821050644,Steamer,True,cec4da26a5ffb3490ae0b7b2
pitcher,2025,SV,fantasy_outcome,substantial_innings,RotoWire,Steamer,336,1.8630952380952381,1.7230625154361838,0.1400327226590543,Steamer,True,0c749af46daf6ff4b475f669
pitcher,2025,SV,fantasy_outcome,high_innings,ATC,OOPSY,127,0.10474429213385827,0.08661417322834646,0.01813011890551182,OOPSY,True,d591b665b15a91edb3d5a951
pitcher,2025,SV,fantasy_outcome,high_innings,ATC,RotoWire,111,0.06717025316216216,0.05405405405405406,0.0131161991081081,RotoWire,True,0ed709e324f7ebc055df47e2
pitcher,2025,SV,fantasy_outcome,high_innings,ATC,Steamer,127,0.10474429213385827,0.09448818897637795,0.010256103157480323,Steamer,True,e4d24b3e22f30af50bbfc014
pitcher,2025,SV,fantasy_outcome,high_innings,OOPSY,RotoWire,111,0.05405405405405406,0.05405405405405406,0.0,tie,True,a52b6da383004c83bb921785
pitcher,2025,SV,fantasy_outcome,high_innings,OOPSY,Steamer,127,0.08661417322834646,0.09448818897637795,-0.007874015748031496,OOPSY,True,306829d35c06177208b91884
pitcher,2025,SV,fantasy_outcome,high_innings,RotoWire,Steamer,111,0.05405405405405406,0.05405405405405406,0.0,tie,True,b4483beef2e4f84df1755d56
pitcher,2025,SO,fantasy_outcome,all_matched,ATC,OOPSY,684,26.8213816374269,28.583333333333332,-1.7619516959064327,ATC,True,f6d927e3010f6828435894ec
pitcher,2025,SO,fantasy_outcome,all_matched,ATC,RotoWire,563,27.238928579040852,30.72291296625222,-3.4839843872113683,ATC,True,786ab64432de9c27908b4fbf
pitcher,2025,SO,fantasy_outcome,all_matched,ATC,Steamer,686,26.844396982507288,28.547809566422732,-1.7034125839154441,ATC,True,4a030689af1f70d681d7e37b
pitcher,2025,SO,fantasy_outcome,all_matched,OOPSY,RotoWire,593,28.607082630691398,29.88026981450253,-1.2731871838111317,OOPSY,True,bef5de0201ad114d9fad6858
pitcher,2025,SO,fantasy_outcome,all_matched,OOPSY,Steamer,785,26.80636942675159,26.948889636917478,-0.14252021016588756,OOPSY,True,271d5bd52e5f89919bd21e65
pitcher,2025,SO,fantasy_outcome,all_matched,RotoWire,Steamer,597,29.77889447236181,28.59063514552923,1.1882593268325792,Steamer,True,2558dc4fcb9e9c1ac8e13fdc
pitcher,2025,SO,fantasy_outcome,substantial_innings,ATC,OOPSY,385,28.018420000000003,27.935064935064936,0.08335506493506628,OOPSY,True,22d10424824c32a72a7d4db1
pitcher,2025,SO,fantasy_outcome,substantial_innings,ATC,RotoWire,332,26.926997409638552,31.77710843373494,-4.850111024096389,ATC,True,ac08e9d3bbbb9a02e630940e
pitcher,2025,SO,fantasy_outcome,substantial_innings,ATC,Steamer,386,28.068094041450774,28.066066984067927,0.0020270573828469196,Steamer,True,d5963cbb195a83568637cf26
pitcher,2025,SO,fantasy_outcome,substantial_innings,OOPSY,RotoWire,335,27.88955223880597,31.95820895522388,-4.068656716417912,OOPSY,True,66c88e184a185bbd6d7dcea1
pitcher,2025,SO,fantasy_outcome,substantial_innings,OOPSY,Steamer,400,28.47,28.560153391957282,-0.09015339195728345,OOPSY,True,df3673da92ca8b41abe3c757
pitcher,2025,SO,fantasy_outcome,substantial_innings,RotoWire,Steamer,336,31.949404761904763,27.962846949873935,3.986557812030828,Steamer,True,8b9ecd69d2396922e3568966
pitcher,2025,SO,fantasy_outcome,high_innings,ATC,OOPSY,127,32.05568141732284,30.433070866141733,1.6226105511811042,OOPSY,True,33ce31be88d2509962fed258
pitcher,2025,SO,fantasy_outcome,high_innings,ATC,RotoWire,111,29.495504864864866,31.117117117117118,-1.6216122522522518,ATC,True,53ed1c6dc0a0f11fd9b76b87
pitcher,2025,SO,fantasy_outcome,high_innings,ATC,Steamer,127,32.05568141732284,29.62943465456249,2.4262467627603463,Steamer,True,ee6c9a569d7b68dec057a0af
pitcher,2025,SO,fantasy_outcome,high_innings,OOPSY,RotoWire,111,29.34234234234234,31.117117117117118,-1.7747747747747766,OOPSY,True,612bc58db8070ddcbabcecef
pitcher,2025,SO,fantasy_outcome,high_innings,OOPSY,Steamer,127,30.433070866141733,29.62943465456249,0.8036362115792421,Steamer,True,ab458435a5d51d2256f42855
pitcher,2025,SO,fantasy_outcome,high_innings,RotoWire,Steamer,111,31.117117117117118,28.054669460734807,3.062447656382311,Steamer,True,51cea1bcfb18de16ce3fb71b
pitcher,2025,ERA,fantasy_outcome,all_matched,ATC,OOPSY,684,1.7539467520011216,1.7616645592170141,-0.007717807215892547,ATC,True,431f4fe0e745b64e95dfa520
pitcher,2025,ERA,fantasy_outcome,all_matched,ATC,RotoWire,563,1.6669506448111726,2.0648601728549956,-0.39790952804382296,ATC,True,ca5a9431b9b68359a503b355
pitcher,2025,ERA,fantasy_outcome,all_matched,ATC,Steamer,686,1.7723920994132,1.7740438711449031,-0.0016517717317030556,ATC,True,27dfb4dcc61adf6b88b71df4
pitcher,2025,ERA,fantasy_outcome,all_matched,OOPSY,RotoWire,593,1.678768931133078,2.15596852285807,-0.4771995917249918,OOPSY,True,8d313bc51b42075d336d924e
pitcher,2025,ERA,fantasy_outcome,all_matched,OOPSY,Steamer,785,1.9284999102981006,1.9268555781084218,0.0016443321896788543,Steamer,True,3f10a7984ae7c2fdfa89aac0
pitcher,2025,ERA,fantasy_outcome,all_matched,RotoWire,Steamer,597,2.194911640265102,1.699731474529084,0.4951801657360182,Steamer,True,3409f8ff641dd760c4d73f3d
pitcher,2025,ERA,fantasy_outcome,substantial_innings,ATC,OOPSY,385,0.9111661122611399,0.8760543137970013,0.03511179846413859,OOPSY,True,c07b4f360f6d8cf09f7aeeda
pitcher,2025,ERA,fantasy_outcome,substantial_innings,ATC,RotoWire,332,0.9062732885931029,1.2086781483772973,-0.3024048597841944,ATC,True,c8b486ea52a8a35f386e1004
pitcher,2025,ERA,fantasy_outcome,substantial_innings,ATC,Steamer,386,0.9097132078282258,0.8827492015186619,0.02696400630956397,Steamer,True,822c5f6e96e16f83e788dfd1
pitcher,2025,ERA,fantasy_outcome,substantial_innings,OOPSY,RotoWire,335,0.8815027069991256,1.2234028136877,-0.3419001066885744,OOPSY,True,ceab259bb7c5bdcb26e324ec
pitcher,2025,ERA,fantasy_outcome,substantial_innings,OOPSY,Steamer,400,0.9059457230741217,0.9131305559316009,-0.007184832857479173,OOPSY,True,041c5fcba5e0614f13aff223
pitcher,2025,ERA,fantasy_outcome,substantial_innings,RotoWire,Steamer,336,1.2220359749599279,0.8837047697984998,0.3383312051614281,Steamer,True,2a4a191995f0fb3e33174f6a
pitcher,2025,ERA,fantasy_outcome,high_innings,ATC,OOPSY,127,0.7385331258188876,0.7017610283426715,0.036772097476216126,OOPSY,True,9ca6ef0f0a85b50818ff23f9
pitcher,2025,ERA,fantasy_outcome,high_innings,ATC,RotoWire,111,0.7160045717224596,0.852139537941455,-0.13613496621899546,ATC,True,2032f9ce0ce5b77a36e8b1e6
pitcher,2025,ERA,fantasy_outcome,high_innings,ATC,Steamer,127,0.7385331258188876,0.7269588186281524,0.011574307190735267,Steamer,True,8c109acd54587fc0a1f01b68
pitcher,2025,ERA,fantasy_outcome,high_innings,OOPSY,RotoWire,111,0.6918228110592256,0.852139537941455,-0.16031672688222942,OOPSY,True,63d7e12a26c1791d4f2d3724
pitcher,2025,ERA,fantasy_outcome,high_innings,OOPSY,Steamer,127,0.7017610283426715,0.7269588186281524,-0.02519779028548086,OOPSY,True,5ea68c13ae5d40a7d69e503f
pitcher,2025,ERA,fantasy_outcome,high_innings,RotoWire,Steamer,111,0.852139537941455,0.7079813296804417,0.14415820826101333,Steamer,True,bf6d3bb68f6bb600702f7655
pitcher,2025,WHIP,fantasy_outcome,all_matched,ATC,OOPSY,684,0.27130386710429877,0.2720623784555158,-0.0007585113512170172,ATC,True,3df786016729b75891f6372e
pitcher,2025,WHIP,fantasy_outcome,all_matched,ATC,RotoWire,563,0.2644486934519532,0.33680360357389116,-0.07235491012193795,ATC,True,bf68f4c56e73a459d665fc1a
pitcher,2025,WHIP,fantasy_outcome,all_matched,ATC,Steamer,686,0.27466112990928515,0.2753380997881123,-0.0006769698788271494,ATC,True,b4c91ec262c199df43f5dd48
pitcher,2025,WHIP,fantasy_outcome,all_matched,OOPSY,RotoWire,593,0.2694319730213087,0.35004041970789906,-0.08060844668659034,OOPSY,True,32c98639a6dfacd9f9c78d45
pitcher,2025,WHIP,fantasy_outcome,all_matched,OOPSY,Steamer,785,0.3064339774482259,0.305051805843667,0.001382171604558946,Steamer,True,c005ac215a60878ab7a87ace
pitcher,2025,WHIP,fantasy_outcome,all_matched,RotoWire,Steamer,597,0.35895284370120895,0.2745394820516177,0.08441336164959123,Steamer,True,c244e2b80953c87a8185f244
pitcher,2025,WHIP,fantasy_outcome,substantial_innings,ATC,OOPSY,385,0.14221034484807168,0.13912097135128862,0.0030893734967830655,OOPSY,True,67de2423871c9b0d00628a1f
pitcher,2025,WHIP,fantasy_outcome,substantial_innings,ATC,RotoWire,332,0.14306113332940534,0.20364273083579973,-0.060581597506394386,ATC,True,4648ac26048886f6c5b7169e
pitcher,2025,WHIP,fantasy_outcome,substantial_innings,ATC,Steamer,386,0.1424664873636434,0.1422284449324938,0.00023804243114958212,Steamer,True,59c39d87941cd8c4c3da13b5
pitcher,2025,WHIP,fantasy_outcome,substantial_innings,OOPSY,RotoWire,335,0.1402382799156586,0.20517668722157187,-0.06493840730591327,OOPSY,True,bcd0a83f231bc1285a67fe9d
pitcher,2025,WHIP,fantasy_outcome,substantial_innings,OOPSY,Steamer,400,0.14475553897124346,0.1475040154976883,-0.002748476526444832,OOPSY,True,46802fde5a4ce25daa1f2b25
pitcher,2025,WHIP,fantasy_outcome,substantial_innings,RotoWire,Steamer,336,0.2050741713544206,0.14304530781111038,0.06202886354331022,Steamer,True,761142a0e844529c4a8aef62
pitcher,2025,WHIP,fantasy_outcome,high_innings,ATC,OOPSY,127,0.10942638681862425,0.10687282040831006,0.0025535664103141925,OOPSY,True,9e800555e1db08f5f04461ae
pitcher,2025,WHIP,fantasy_outcome,high_innings,ATC,RotoWire,111,0.10969524510035537,0.1352493128259267,-0.025554067725571325,ATC,True,00e491528da709912b077a75
pitcher,2025,WHIP,fantasy_outcome,high_innings,ATC,Steamer,127,0.10942638681862425,0.11132144485054359,-0.0018950580319193333,ATC,True,2fb17470a4a67ff97ec1db02
pitcher,2025,WHIP,fantasy_outcome,high_innings,OOPSY,RotoWire,111,0.10850310278962093,0.1352493128259267,-0.02674621003630577,OOPSY,True,3f763f520ec3aefa8494d9f3
pitcher,2025,WHIP,fantasy_outcome,high_innings,OOPSY,Steamer,127,0.10687282040831006,0.11132144485054359,-0.004448624442233526,OOPSY,True,753c420f804088a4831e0497
pitcher,2025,WHIP,fantasy_outcome,high_innings,RotoWire,Steamer,111,0.1352493128259267,0.11382685806320218,0.021422454762724516,Steamer,True,19f62be29e7c42ee39c4c932
pitcher,2025,QS,fantasy_outcome,all_matched,ATC,OOPSY,684,1.4713024450584795,1.9532163742690059,-0.48191392921052634,ATC,True,2e23407c0ddea1df8efd03c2
pitcher,2025,QS,fantasy_outcome,all_matched,ATC,RotoWire,563,1.5824100813854352,1.802841918294849,-0.22043183690941381,ATC,True,a0d9355c8da5099b03f45dc5
pitcher,2025,QS,fantasy_outcome,all_matched,ATC,Steamer,686,1.4635164175218658,1.6540829507537653,-0.19056653323189954,ATC,True,b6710de39a41e8775391dd0a
pitcher,2025,QS,fantasy_outcome,all_matched,OOPSY,RotoWire,593,2.0472175379426645,1.733558178752108,0.31365935919055654,RotoWire,True,4aef29c40ca445a1aa3ca5bd
pitcher,2025,QS,fantasy_outcome,all_matched,OOPSY,Steamer,785,1.732484076433121,1.4811891773419015,0.2512948990912196,Steamer,True,df88bbb3fc888b065c1d08ca
pitcher,2025,QS,fantasy_outcome,all_matched,RotoWire,Steamer,597,1.711892797319933,1.7299722001164015,-0.01807940279646858,RotoWire,True,7c23f2ea8c2bd701d282da91
pitcher,2025,QS,fantasy_outcome,substantial_innings,ATC,OOPSY,385,2.104473656935065,2.74025974025974,-0.6357860833246751,ATC,True,8fa8e9d0216b0bc9605f0d67
pitcher,2025,QS,fantasy_outcome,substantial_innings,ATC,RotoWire,332,2.158762190120482,2.352409638554217,-0.19364744843373494,ATC,True,454b4f54e8604546879dd8c8
pitcher,2025,QS,fantasy_outcome,substantial_innings,ATC,Steamer,386,2.099021652642487,2.3905450868676055,-0.2915234342251183,ATC,True,57e39c3ad9d5851c47ce3dcd
pitcher,2025,QS,fantasy_outcome,substantial_innings,OOPSY,RotoWire,335,2.8716417910447762,2.364179104477612,0.5074626865671643,RotoWire,True,b42f99995876b5f0db504224
pitcher,2025,QS,fantasy_outcome,substantial_innings,OOPSY,Steamer,400,2.685,2.353897508820519,0.3311024911794811,Steamer,True,cbcb756e606c31141ef161db
pitcher,2025,QS,fantasy_outcome,substantial_innings,RotoWire,Steamer,336,2.357142857142857,2.505516079919679,-0.14837322277682174,RotoWire,True,ff1f51cfc41ad0237515a805
pitcher,2025,QS,fantasy_outcome,high_innings,ATC,OOPSY,127,3.8239714881889766,4.015748031496063,-0.19177654330708638,ATC,True,aae71fe836269cd0739a63e5
pitcher,2025,QS,fantasy_outcome,high_innings,ATC,RotoWire,111,3.9318473963963965,4.063063063063063,-0.1312156666666664,ATC,True,c755d86ab74d37eecfa1a3b2
pitcher,2025,QS,fantasy_outcome,high_innings,ATC,Steamer,127,3.8239714881889766,3.8020590834730252,0.02191240471595135,Steamer,True,10d29cb2fda35a1890bab04b
pitcher,2025,QS,fantasy_outcome,high_innings,OOPSY,RotoWire,111,4.207207207207207,4.063063063063063,0.14414414414414445,RotoWire,True,4099a7b75e93ebd2193311f5
pitcher,2025,QS,fantasy_outcome,high_innings,OOPSY,Steamer,127,4.015748031496063,3.8020590834730252,0.21368894802303773,Steamer,True,21e9f4eca6072e1b764eecfa
pitcher,2025,QS,fantasy_outcome,high_innings,RotoWire,Steamer,111,4.063063063063063,3.966463085968752,0.09659997709431067,Steamer,True,63f74a7afb2cc94add61a062
pitcher,2025,SV_plus_HLD,fantasy_outcome,all_matched,ATC,OOPSY,684,3.7144956933596487,3.754385964912281,-0.03989027155263214,ATC,True,161584d3b2643b5fb24ba072
pitcher,2025,SV_plus_HLD,fantasy_outcome,all_matched,ATC,RotoWire,563,3.9784796494813497,4.390763765541741,-0.41228411606039117,ATC,True,d21da9643bbe0198902d770c
pitcher,2025,SV_plus_HLD,fantasy_outcome,all_matched,ATC,Steamer,686,3.727061268597667,3.7094870248793166,0.01757424371835059,Steamer,True,58b8b55d724c3c43914e037b
pitcher,2025,SV_plus_HLD,fantasy_outcome,all_matched,OOPSY,RotoWire,593,3.824620573355818,4.232715008431703,-0.4080944350758853,OOPSY,True,5d1ac2677d5d0fecf9302129
pitcher,2025,SV_plus_HLD,fantasy_outcome,all_matched,OOPSY,Steamer,785,3.4585987261146496,3.412051846039523,0.04654688007512675,Steamer,True,72154b2e859e629a37db75a6
pitcher,2025,SV_plus_HLD,fantasy_outcome,all_matched,RotoWire,Steamer,597,4.236180904522613,3.782620940076646,0.45355996444596736,Steamer,True,4364f3255ec96e170da3b8c1
pitcher,2025,SV_plus_HLD,fantasy_outcome,substantial_innings,ATC,OOPSY,385,3.665184676548052,4.062337662337662,-0.39715298578961056,ATC,True,9a57b1d11a66ad225336ba56
pitcher,2025,SV_plus_HLD,fantasy_outcome,substantial_innings,ATC,RotoWire,332,3.794087190876506,4.25,-0.4559128091234941,ATC,True,bb21c299652e24dab3263b0d
pitcher,2025,SV_plus_HLD,fantasy_outcome,substantial_innings,ATC,Steamer,386,3.6854556048471503,3.967519157754325,-0.28206355290717466,ATC,True,127d43daf2ec428e5d4cf305
pitcher,2025,SV_plus_HLD,fantasy_outcome,substantial_innings,OOPSY,RotoWire,335,4.158208955223881,4.2208955223880595,-0.06268656716417897,OOPSY,True,a6c35052cdcfb39cdeaba7bf
pitcher,2025,SV_plus_HLD,fantasy_outcome,substantial_innings,OOPSY,Steamer,400,4.0725,3.9649357372522354,0.10756426274776443,Steamer,True,bb4d140262b6a6d686ec8e02
pitcher,2025,SV_plus_HLD,fantasy_outcome,substantial_innings,RotoWire,Steamer,336,4.241071428571429,4.076744932326532,0.1643264962448967,Steamer,True,be4b15490434f42e0a047730
pitcher,2025,SV_plus_HLD,fantasy_outcome,high_innings,ATC,OOPSY,127,0.41689038150393704,0.4566929133858268,-0.03980253188188976,ATC,True,3a46b186b956f5445fa0c793
pitcher,2025,SV_plus_HLD,fantasy_outcome,high_innings,ATC,RotoWire,111,0.3372535175765766,0.3063063063063063,0.030947211270270336,RotoWire,True,db308e519c635a5815ce6eaf
pitcher,2025,SV_plus_HLD,fantasy_outcome,high_innings,ATC,Steamer,127,0.41689038150393704,0.36737952692302195,0.04951085458091509,Steamer,True,214a7ebfb6fcd1350ed363c5
pitcher,2025,SV_plus_HLD,fantasy_outcome,high_innings,OOPSY,RotoWire,111,0.3963963963963964,0.3063063063063063,0.09009009009009011,RotoWire,True,fe24a7f311d51fd6d6e70569
pitcher,2025,SV_plus_HLD,fantasy_outcome,high_innings,OOPSY,Steamer,127,0.4566929133858268,0.36737952692302195,0.08931338646280484,Steamer,True,671bb003d01d33c4ddca51b5
pitcher,2025,SV_plus_HLD,fantasy_outcome,high_innings,RotoWire,Steamer,111,0.3063063063063063,0.30385765674951914,0.0024486495567871414,Steamer,True,04c47bc44e23bb410eb76ffd
pitcher,2025,IP,opportunity,all_matched,ATC,OOPSY,684,26.786821286549706,28.101465263157895,-1.3146439766081883,ATC,True,59a404212e186e5699ef5582
pitcher,2025,IP,opportunity,all_matched,ATC,RotoWire,563,27.183616856127887,31.117229129662523,-3.933612273534635,ATC,True,95c71203117e55f9098bfd6e
pitcher,2025,IP,opportunity,all_matched,ATC,Steamer,686,26.82116056851312,28.262529336745814,-1.4413687682326959,ATC,True,eacdd517e3f864e8fc6ff4bb
pitcher,2025,IP,opportunity,all_matched,OOPSY,RotoWire,593,28.010060131534573,30.238617200674536,-2.2285570691399634,OOPSY,True,265675350cfd16ac85f01b63
pitcher,2025,IP,opportunity,all_matched,OOPSY,Steamer,785,26.415707243312102,26.744961942684878,-0.3292546993727754,OOPSY,True,cca42c24adb8980b5ec770e8
pitcher,2025,IP,opportunity,all_matched,RotoWire,Steamer,597,30.1500837520938,28.26674576987773,1.8833379822160694,Steamer,True,44c3a051e2d44a65fcf13eb7
pitcher,2025,IP,opportunity,substantial_innings,ATC,OOPSY,385,27.807877558441557,26.766423974025972,1.041453584415585,OOPSY,True,46a964ba915dbaacd756e55f
pitcher,2025,IP,opportunity,substantial_innings,ATC,RotoWire,332,26.67660328313253,32.360240963855425,-5.683637680722896,ATC,True,db3d8e7d4ce74136b88e1836
pitcher,2025,IP,opportunity,substantial_innings,ATC,Steamer,386,27.85312215025907,26.958249819958148,0.8948723303009203,Steamer,True,7156bb7b7dc65d3cadf1b2d4
pitcher,2025,IP,opportunity,substantial_innings,OOPSY,RotoWire,335,26.58025976119403,32.561194029850746,-5.980934268656718,OOPSY,True,e379704cd642bc9a0b38387e
pitcher,2025,IP,opportunity,substantial_innings,OOPSY,Steamer,400,27.3574332225,27.534461076259614,-0.17702785375961483,OOPSY,True,e60aeb2daa777f200e866741
pitcher,2025,IP,opportunity,substantial_innings,RotoWire,Steamer,336,32.55416666666666,26.906340546835036,5.647826119831624,Steamer,True,f963f39f66680c1e3ced5d96
pitcher,2025,IP,opportunity,high_innings,ATC,OOPSY,127,34.28758543307086,31.15768905511811,3.1298963779527504,OOPSY,True,5a246c57a038c02dbc6c0b46
pitcher,2025,IP,opportunity,high_innings,ATC,RotoWire,111,31.74680990990991,35.5036036036036,-3.756793693693691,ATC,True,6460150375af4806f653d460
pitcher,2025,IP,opportunity,high_innings,ATC,Steamer,127,34.28758543307086,30.130905812180888,4.156679620889971,Steamer,True,a9d72acc1cd3ced04d731ff0
pitcher,2025,IP,opportunity,high_innings,OOPSY,RotoWire,111,30.030113333333333,35.5036036036036,-5.473490270270268,OOPSY,True,fd47d181652751d1959558ef
pitcher,2025,IP,opportunity,high_innings,OOPSY,Steamer,127,31.15768905511811,30.130905812180888,1.0267832429372206,Steamer,True,5315f88a02f7d4f41a4b7c02
pitcher,2025,IP,opportunity,high_innings,RotoWire,Steamer,111,35.5036036036036,29.139903004964193,6.363700598639408,Steamer,True,b6aec161863b46b47c40961d
pitcher,2025,G,opportunity,all_matched,ATC,OOPSY,684,13.69368701754386,16.440058479532162,-2.7463714619883017,ATC,True,b998543a8e14df448ac7e799
pitcher,2025,G,opportunity,all_matched,ATC,RotoWire,563,14.121027975133215,15.570159857904086,-1.449131882770871,ATC,True,c8e7fce2d7099b8a701774d8
pitcher,2025,G,opportunity,all_matched,ATC,Steamer,686,13.78955781341108,16.4300114727055,-2.6404536592944226,ATC,True,2621b0259c52bb67d13ba83e
pitcher,2025,G,opportunity,all_matched,OOPSY,RotoWire,593,16.327150084317033,15.172006745362562,1.1551433389544705,RotoWire,True,9b5b5e0c5abf8a27f5974129
pitcher,2025,G,opportunity,all_matched,OOPSY,Steamer,785,15.661146496815286,15.69054480286161,-0.029398306046322986,OOPSY,True,947dddfc6f87a02762c2e9c5
pitcher,2025,G,opportunity,all_matched,RotoWire,Steamer,597,15.229480737018426,16.342748884429884,-1.1132681474114587,RotoWire,True,dde8a9c1c41637e4651b3b2f
pitcher,2025,G,opportunity,substantial_innings,ATC,OOPSY,385,10.43098516883117,10.337662337662337,0.09332283116883211,OOPSY,True,2f753a0a90fb9d66801704e5
pitcher,2025,G,opportunity,substantial_innings,ATC,RotoWire,332,10.358971957831326,14.19277108433735,-3.8337991265060243,ATC,True,a453a554204c0b8c430771e6
pitcher,2025,G,opportunity,substantial_innings,ATC,Steamer,386,10.545675207253886,10.426618056709593,0.11905715054429322,Steamer,True,8536a78e77d2371f3935b499
pitcher,2025,G,opportunity,substantial_innings,OOPSY,RotoWire,335,10.435820895522388,14.2,-3.764179104477611,OOPSY,True,39e6fd6d0804cb88f18b5179
pitcher,2025,G,opportunity,substantial_innings,OOPSY,Steamer,400,10.955,10.922018424719573,0.03298157528042722,Steamer,True,b53f5fb07929c2b151ac0d54
pitcher,2025,G,opportunity,substantial_innings,RotoWire,Steamer,336,14.282738095238095,10.528553517357935,3.75418457788016,Steamer,True,850fa905365d035d595aaf64
pitcher,2025,G,opportunity,high_innings,ATC,OOPSY,127,5.322783700787402,7.078740157480315,-1.7559564566929131,ATC,True,b1f8eb19b3ceb9099b8dc10c
pitcher,2025,G,opportunity,high_innings,ATC,RotoWire,111,4.809113063063063,5.513513513513513,-0.70440045045045,ATC,True,6317d7cc6562f466b4b4e8b0
pitcher,2025,G,opportunity,high_innings,ATC,Steamer,127,5.322783700787402,7.14578877389431,-1.8230050731069083,ATC,True,803b1bf595f05c09eaf40a54
pitcher,2025,G,opportunity,high_innings,OOPSY,RotoWire,111,6.8108108108108105,5.513513513513513,1.2972972972972974,RotoWire,True,cbd00aa67f8c810d9e07c574
pitcher,2025,G,opportunity,high_innings,OOPSY,Steamer,127,7.078740157480315,7.14578877389431,-0.06704861641399518,OOPSY,True,e013d19023736477b62e466b
pitcher,2025,G,opportunity,high_innings,RotoWire,Steamer,111,5.513513513513513,6.87973491243414,-1.3662213989206267,RotoWire,True,b9ba4e399c4f315aa9720515
pitcher,2025,GS,opportunity,all_matched,ATC,OOPSY,684,3.189655257819737,3.0789473684210527,0.11070788939868415,OOPSY,True,37a8f8efd53ef12927e38b02
pitcher,2025,GS,opportunity,all_matched,ATC,RotoWire,563,3.1766229640722914,3.8348134991119007,-0.6581905350396093,ATC,True,29dad37f779077cfcd9efd98
pitcher,2025,GS,opportunity,all_matched,ATC,Steamer,686,3.174983939283819,3.0708409606155995,0.10414297866821931,Steamer,True,8eb3a10448d76969760faa88
pitcher,2025,GS,opportunity,all_matched,OOPSY,RotoWire,593,2.988195615514334,3.69814502529511,-0.7099494097807759,OOPSY,True,4908e0c0ac9a4c4bbf015f91
pitcher,2025,GS,opportunity,all_matched,OOPSY,Steamer,785,2.8254777070063692,2.8339664954870085,-0.008488788480639275,OOPSY,True,73078e745c723a8fdefea366
pitcher,2025,GS,opportunity,all_matched,RotoWire,Steamer,597,3.6566164154103853,2.9586165857655766,0.6979998296448087,Steamer,True,56c24ea10716c0f1015eb0f4
pitcher,2025,GS,opportunity,substantial_innings,ATC,OOPSY,385,4.368442466057143,4.241558441558442,0.1268840244987013,OOPSY,True,aa8e7bbf0c2004c376858d52
pitcher,2025,GS,opportunity,substantial_innings,ATC,RotoWire,332,4.095326422987952,4.433734939759036,-0.33840851677108397,ATC,True,709492b8f04cd4a91b252d58
pitcher,2025,GS,opportunity,substantial_innings,ATC,Steamer,386,4.357125257595855,4.25928651661144,0.09783874098441459,Steamer,True,dff4269f52a1456b9350f064
pitcher,2025,GS,opportunity,substantial_innings,OOPSY,RotoWire,335,4.04179104477612,4.456716417910448,-0.4149253731343281,OOPSY,True,e1b094fed9a607be4a62dc6a
pitcher,2025,GS,opportunity,substantial_innings,OOPSY,Steamer,400,4.2025,4.2405134885199365,-0.0380134885199368,OOPSY,True,7a03589398885982c2b31449
pitcher,2025,GS,opportunity,substantial_innings,RotoWire,Steamer,336,4.443452380952381,4.054354163285877,0.3890982176665041,Steamer,True,00750ea8db9bfeaf5c9e69cb
pitcher,2025,GS,opportunity,high_innings,ATC,OOPSY,127,6.810104078740158,5.9763779527559056,0.8337261259842528,OOPSY,True,ab7da66084d7226bd8a12e1c
pitcher,2025,GS,opportunity,high_innings,ATC,RotoWire,111,6.2718827567567565,5.900900900900901,0.37098185585585597,RotoWire,True,ac61462a657e24a50d7f858d
pitcher,2025,GS,opportunity,high_innings,ATC,Steamer,127,6.810104078740158,6.036765296158828,0.7733387825813303,Steamer,True,f6dca6e147acaec13491baef
pitcher,2025,GS,opportunity,high_innings,OOPSY,RotoWire,111,5.531531531531532,5.900900900900901,-0.3693693693693687,OOPSY,True,e25593c8d86065d0724df779
pitcher,2025,GS,opportunity,high_innings,OOPSY,Steamer,127,5.9763779527559056,6.036765296158828,-0.06038734340292251,OOPSY,True,2ecc30eecc97029dfa790dd1
pitcher,2025,GS,opportunity,high_innings,RotoWire,Steamer,111,5.900900900900901,5.572654007120176,0.328246893780725,Steamer,True,5dc40509791efaaa0bc0e0da
pitcher,2025,K/9,skill,all_matched,ATC,OOPSY,684,1.4370022283405943,1.4841675541009842,-0.0471653257603899,ATC,True,d874934f948f0b903e32351c
pitcher,2025,K/9,skill,all_matched,ATC,RotoWire,563,1.4044967491387117,1.843932876738965,-0.4394361276002534,ATC,True,6f267b5be487ac1293229b7d
pitcher,2025,K/9,skill,all_matched,ATC,Steamer,686,1.4463766515530152,1.4638431433784362,-0.017466491825421038,ATC,True,f685a1ba5c4c8379e3a9e2ad
pitcher,2025,K/9,skill,all_matched,OOPSY,RotoWire,593,1.5230967789224905,1.9651875062807727,-0.44209072735828214,OOPSY,True,1f1b6d1f748bceddb8265a94
pitcher,2025,K/9,skill,all_matched,OOPSY,Steamer,785,1.6239404609208699,1.582164958325172,0.041775502595697844,Steamer,True,564dbf84bbe6caeac6e70a57
pitcher,2025,K/9,skill,all_matched,RotoWire,Steamer,597,1.9890372613426768,1.496172906246961,0.4928643550957157,Steamer,True,c23a3645efe9b42247801ae2
pitcher,2025,K/9,skill,substantial_innings,ATC,OOPSY,385,1.0348123338857216,1.0492078166222245,-0.01439548273650293,ATC,True,1dd71d1c0a75b3009c9d9b12
pitcher,2025,K/9,skill,substantial_innings,ATC,RotoWire,332,1.0163202021585973,1.4397501759146092,-0.4234299737560119,ATC,True,b5ced1f3a9d04a904ec8d7c0
pitcher,2025,K/9,skill,substantial_innings,ATC,Steamer,386,1.0330143879363025,1.054669501443394,-0.021655113507091484,ATC,True,9db67af604c9cf613f4fc403
pitcher,2025,K/9,skill,substantial_innings,OOPSY,RotoWire,335,1.0301128356364635,1.4470465900210479,-0.41693375438458435,OOPSY,True,7b3c0226fe5b1542ef23bb04
pitcher,2025,K/9,skill,substantial_innings,OOPSY,Steamer,400,1.0684434996779466,1.0728214127057165,-0.0043779130277699085,OOPSY,True,72633533e0ff62ce61c15680
pitcher,2025,K/9,skill,substantial_innings,RotoWire,Steamer,336,1.445449679939408,1.0359202958811438,0.40952938405826433,Steamer,True,d7efe8ec2cf47ef36ea91d1c
pitcher,2025,K/9,skill,high_innings,ATC,OOPSY,127,0.8480024231344524,0.8895252685827019,-0.04152284544824947,ATC,True,217c7f1bf2f567477d5375b4
pitcher,2025,K/9,skill,high_innings,ATC,RotoWire,111,0.8286424409739919,1.0909802503524073,-0.26233780937841544,ATC,True,4871b2aad792e9cd4f58404a
pitcher,2025,K/9,skill,high_innings,ATC,Steamer,127,0.8480024231344524,0.8763619829829725,-0.02835955984852012,ATC,True,1f6e52ec868fd6e735045f26
pitcher,2025,K/9,skill,high_innings,OOPSY,RotoWire,111,0.854367411888246,1.0909802503524073,-0.23661283846416126,OOPSY,True,08ba906e77abb5aab2b8ef9e
pitcher,2025,K/9,skill,high_innings,OOPSY,Steamer,127,0.8895252685827019,0.8763619829829725,0.013163285599729346,Steamer,True,0bd2c0bd45b68e7cf9252365
pitcher,2025,K/9,skill,high_innings,RotoWire,Steamer,111,1.0909802503524073,0.8529905829053814,0.23798966744702588,Steamer,True,181e102aed871eb864a4234d
pitcher,2025,BB/9,skill,all_matched,ATC,OOPSY,684,1.2411551625103623,1.2406931944704924,0.00046196803986986446,OOPSY,True,afa0a6b0e53e25511cf27c74
pitcher,2025,BB/9,skill,all_matched,ATC,RotoWire,563,1.190132639979452,1.4520297576313195,-0.2618971176518674,ATC,True,7dcc46d680662cbf2487c897
pitcher,2025,BB/9,skill,all_matched,ATC,Steamer,686,1.2561018792252057,1.2824410310633423,-0.02633915183813662,ATC,True,83ee8f5a0f4b5798f4201db2
pitcher,2025,BB/9,skill,all_matched,OOPSY,RotoWire,593,1.2230578670339878,1.523421879513388,-0.30036401247940026,OOPSY,True,a1ee3350783f260e5aaff2ca
pitcher,2025,BB/9,skill,all_matched,OOPSY,Steamer,785,1.3313794603811078,1.353563670039262,-0.022184209658154153,OOPSY,True,7070887d7a3cba46fee330f0
pitcher,2025,BB/9,skill,all_matched,RotoWire,Steamer,597,1.555808364368548,1.2577788974855788,0.2980294668829693,Steamer,True,8c676a9c0ebf390d644efca7
pitcher,2025,BB/9,skill,substantial_innings,ATC,OOPSY,385,0.613816461805973,0.6295690129774227,-0.01575255117144969,ATC,True,84c04857aa768c9d57907733
pitcher,2025,BB/9,skill,substantial_innings,ATC,RotoWire,332,0.620493191997118,0.8181188454010699,-0.19762565340395188,ATC,True,b1edd318559552f7d602cc5b
pitcher,2025,BB/9,skill,substantial_innings,ATC,Steamer,386,0.6153762300414336,0.6147584750359412,0.0006177550054924374,Steamer,True,9058f71e6ef6fb382fa0ec18
pitcher,2025,BB/9,skill,substantial_innings,OOPSY,RotoWire,335,0.6322337339657456,0.8380990870658956,-0.20586535310015008,OOPSY,True,996c813ffb04391ee8cad7de
pitcher,2025,BB/9,skill,substantial_innings,OOPSY,Steamer,400,0.6419609715839704,0.6225141148284098,0.01944685675556057,Steamer,True,0dca4161cb8a72e112352dde
pitcher,2025,BB/9,skill,substantial_innings,RotoWire,Steamer,336,0.840546670142169,0.6220718906725496,0.21847477946961935,Steamer,True,b506ad878166d03cbf789fc8
pitcher,2025,BB/9,skill,high_innings,ATC,OOPSY,127,0.4623004239620943,0.4745973814615406,-0.012296957499446315,ATC,True,63358e2e25414bfffe0a57d1
pitcher,2025,BB/9,skill,high_innings,ATC,RotoWire,111,0.4612663776121543,0.4975270016006895,-0.036260623988535245,ATC,True,9680d15f32ddbb3df44d2299
pitcher,2025,BB/9,skill,high_innings,ATC,Steamer,127,0.4623004239620943,0.47960521687922136,-0.017304792917127054,ATC,True,4036ae8c9eee390bb1229a97
pitcher,2025,BB/9,skill,high_innings,OOPSY,RotoWire,111,0.467103524920695,0.4975270016006895,-0.03042347667999451,OOPSY,True,d5e342d07ea8cf5efb1a9a1a
pitcher,2025,BB/9,skill,high_innings,OOPSY,Steamer,127,0.4745973814615406,0.47960521687922136,-0.005007835417680739,OOPSY,True,3e0ebc8d78eefb0222d25c17
pitcher,2025,BB/9,skill,high_innings,RotoWire,Steamer,111,0.4975270016006895,0.47586492611479364,0.021662075485895882,Steamer,True,0c2620740dc4233ebc2602ef
pitcher,2025,HR/9,skill,all_matched,ATC,OOPSY,684,0.6025464876268091,0.5998576427903686,0.002688844836440496,OOPSY,True,0351abe434ce78984c8c7dbc
pitcher,2025,HR/9,skill,all_matched,ATC,RotoWire,563,0.5810026649099476,0.7362920190483144,-0.15528935413836686,ATC,True,95075412129d95da770db92a
pitcher,2025,HR/9,skill,all_matched,ATC,Steamer,686,0.6070646334249978,0.5985588376106854,0.008505795814312433,Steamer,True,ff91c84b413af661fd114ae2
pitcher,2025,HR/9,skill,all_matched,OOPSY,RotoWire,593,0.5812339030292768,0.760666996257303,-0.17943309322802625,OOPSY,True,5df3863114db0804eea0f3cd
pitcher,2025,HR/9,skill,all_matched,OOPSY,Steamer,785,0.6379694757783948,0.6317694478864765,0.006200027891918314,Steamer,True,0150a7fcaea865a7c72e4b8b
pitcher,2025,HR/9,skill,all_matched,RotoWire,Steamer,597,0.768594280826707,0.5861642568282734,0.18243002399843355,Steamer,True,a8236eef1bd2304b7f2c509b
pitcher,2025,HR/9,skill,substantial_innings,ATC,OOPSY,385,0.3382455565192102,0.33242804390047365,0.005817512618736531,OOPSY,True,df174640d1b7e1bac7494053
pitcher,2025,HR/9,skill,substantial_innings,ATC,RotoWire,332,0.332795187296357,0.4906725425544743,-0.1578773552581173,ATC,True,72d3a72af1c1f504ade49538
pitcher,2025,HR/9,skill,substantial_innings,ATC,Steamer,386,0.33872358150280024,0.3297400469559055,0.008983534546894767,Steamer,True,56182c39775305180b9c4a03
pitcher,2025,HR/9,skill,substantial_innings,OOPSY,RotoWire,335,0.3287185743703718,0.49259174910076836,-0.1638731747303966,OOPSY,True,e55c45b4bfa27469a525c29f
pitcher,2025,HR/9,skill,substantial_innings,OOPSY,Steamer,400,0.3370471543198211,0.3324966240614929,0.004550530258328189,Steamer,True,16194458df2bedd2274d00ed
pitcher,2025,HR/9,skill,substantial_innings,RotoWire,Steamer,336,0.49252886651470956,0.3264043968765686,0.16612446963814098,Steamer,True,62d7a1836b9923b7f161e354
pitcher,2025,HR/9,skill,high_innings,ATC,OOPSY,127,0.24860883351056542,0.24395405903307746,0.004654774477487966,OOPSY,True,cfe482f899f0ff677de9eed4
pitcher,2025,HR/9,skill,high_innings,ATC,RotoWire,111,0.24060318559037663,0.2938164437937678,-0.05321325820339118,ATC,True,be9893e7d264baf30fb8284a
pitcher,2025,HR/9,skill,high_innings,ATC,Steamer,127,0.24860883351056542,0.2434264285976695,0.005182404912895927,Steamer,True,bf125e2c8432b75bffd86a25
pitcher,2025,HR/9,skill,high_innings,OOPSY,RotoWire,111,0.24473136075476765,0.2938164437937678,-0.049085083039000166,OOPSY,True,c8bad972253668f26183d3c4
pitcher,2025,HR/9,skill,high_innings,OOPSY,Steamer,127,0.24395405903307746,0.2434264285976695,0.0005276304354079608,Steamer,True,e349eb6f14681028269cfb5d
pitcher,2025,HR/9,skill,high_innings,RotoWire,Steamer,111,0.2938164437937678,0.24048652111080443,0.05332992268296338,Steamer,True,41dea7d9bf714a751954cca0
pitcher,2025,K%,skill,all_matched,ATC,OOPSY,684,0.039143713845029245,0.03985359138888889,-0.0007098775438596425,ATC,True,89237eb4a243110334a11af8
pitcher,2025,K%,skill,all_matched,ATC,Steamer,686,0.03918733125364432,0.03951054544459482,-0.0003232141909505007,ATC,True,4b020dc37151ff6f60563e7f
pitcher,2025,K%,skill,all_matched,OOPSY,Steamer,785,0.04315470285350318,0.042583444861193975,0.0005712579923092057,Steamer,True,07119b8a96dca23d2ceb5734
pitcher,2025,K%,skill,substantial_innings,ATC,OOPSY,385,0.029479504519480518,0.02973150742857143,-0.00025200290909091136,ATC,True,2bc2876a70a26672bb538f3c
pitcher,2025,K%,skill,substantial_innings,ATC,Steamer,386,0.029449245725388602,0.030052864285197243,-0.0006036185598086406,ATC,True,fa2441652fdfd36bbf50dfc0
pitcher,2025,K%,skill,substantial_innings,OOPSY,Steamer,400,0.030376195225,0.030752308264483073,-0.0003761130394830739,OOPSY,True,75196beb9667a76cf19d59fa
pitcher,2025,K%,skill,high_innings,ATC,OOPSY,127,0.02372364929133858,0.024690758582677164,-0.0009671092913385824,ATC,True,a1fc0345e8bc985352adc0f0
pitcher,2025,K%,skill,high_innings,ATC,Steamer,127,0.02372364929133858,0.024030808380438168,-0.00030715908909958664,ATC,True,cd620d8d8561346fb3b44c41
pitcher,2025,K%,skill,high_innings,OOPSY,Steamer,127,0.024690758582677164,0.024030808380438168,0.0006599502022389958,Steamer,True,2ab2576d47d3e5f9810d1239
pitcher,2025,BB%,skill,all_matched,ATC,OOPSY,684,0.026630835730994153,0.026491913947368422,0.00013892178362573046,OOPSY,True,293ca0f670c1f0dff7ab8553
pitcher,2025,BB%,skill,all_matched,ATC,Steamer,686,0.026801953513119533,0.027397743338638446,-0.000595789825518913,ATC,True,e407b3b70fe33a64263037f5
pitcher,2025,BB%,skill,all_matched,OOPSY,Steamer,785,0.0281690541910828,0.028781645008871492,-0.0006125908177886906,OOPSY,True,c8cf010d694825d368c781cf
pitcher,2025,BB%,skill,substantial_innings,ATC,OOPSY,385,0.014810626285714286,0.015162330753246753,-0.00035170446753246716,ATC,True,81ff9e4655ffc3465579818a
pitcher,2025,BB%,skill,substantial_innings,ATC,Steamer,386,0.014847625492227979,0.0149189334886432,-7.130799641522079e-05,ATC,True,8a74db742a439ade1f03d5d2
pitcher,2025,BB%,skill,substantial_innings,OOPSY,Steamer,400,0.0153287359,0.01501976932811583,0.0003089665718841693,Steamer,True,c59c92962b5e2018e8b268b0
pitcher,2025,BB%,skill,high_innings,ATC,OOPSY,127,0.011296327952755906,0.011467453307086614,-0.00017112535433070827,ATC,True,266cb33736d1ba7348131ed3
pitcher,2025,BB%,skill,high_innings,ATC,Steamer,127,0.011296327952755906,0.011588082656685348,-0.0002917547039294425,ATC,True,47ecbfcffd2561b939fa2154
pitcher,2025,BB%,skill,high_innings,OOPSY,Steamer,127,0.011467453307086614,0.011588082656685348,-0.00012062934959873421,OOPSY,True,01b14fbe6b0a965208b8992d
pitcher,2025,K-BB%,skill,all_matched,ATC,OOPSY,684,0.0525425024226616,0.05275826105614446,-0.00021575863348285984,ATC,True,241c27c3731092837d16f8e8
pitcher,2025,K-BB%,skill,all_matched,ATC,Steamer,686,0.05275472181983646,0.05297942253685963,-0.0002247007170231713,ATC,True,a3d74e8d7259816ea07f2de0
pitcher,2025,K-BB%,skill,all_matched,OOPSY,Steamer,785,0.056495747188655146,0.056097136330281926,0.00039861085837322036,Steamer,True,10a4cd8182a7b34d1ffbf0ef
pitcher,2025,K-BB%,skill,substantial_innings,ATC,OOPSY,385,0.034433338333292575,0.034991440557254866,-0.000558102223962291,ATC,True,b68050323d9f30e0d3d3bfec
pitcher,2025,K-BB%,skill,substantial_innings,ATC,Steamer,386,0.03446561562870786,0.034948905819453105,-0.0004832901907452433,ATC,True,f06f77a264d6949bec8fe364
pitcher,2025,K-BB%,skill,substantial_innings,OOPSY,Steamer,400,0.03595534377860873,0.03572741515449057,0.00022792862411815523,Steamer,True,312a24fcc161b6cc16986024
pitcher,2025,K-BB%,skill,high_innings,ATC,OOPSY,127,0.028063457124515818,0.0291859567430346,-0.0011224996185187838,ATC,True,384834963c3897d852618f43
pitcher,2025,K-BB%,skill,high_innings,ATC,Steamer,127,0.028063457124515818,0.028535309818281257,-0.00047185269376543923,ATC,True,58687e3531cccf6902429c14
pitcher,2025,K-BB%,skill,high_innings,OOPSY,Steamer,127,0.0291859567430346,0.028535309818281257,0.0006506469247533446,Steamer,True,c608c4fd28d08cb4d1b0eba0
pitcher,2025,FIP,skill,all_matched,ATC,OOPSY,684,1.09350567558363,1.0835612602610563,0.00994441532257384,OOPSY,True,2253544cbd66105c461302a9
pitcher,2025,FIP,skill,all_matched,ATC,Steamer,686,1.1055719864494833,1.087412025605474,0.018159960844009282,Steamer,True,681e66067ed0125c64a08a1c
pitcher,2025,FIP,skill,all_matched,OOPSY,Steamer,785,1.159119941822981,1.152448930039057,0.00667101178392393,Steamer,True,a3e50d079185d26cbacad4e0
pitcher,2025,FIP,skill,substantial_innings,ATC,OOPSY,385,0.6305756030892387,0.6177828894910389,0.012792713598199779,OOPSY,True,ab0361fedd63b65639d291f0
pitcher,2025,FIP,skill,substantial_innings,ATC,Steamer,386,0.6319741991480573,0.6180657733745339,0.013908425773523359,Steamer,True,747850a3d3207b36253cdc2f
pitcher,2025,FIP,skill,substantial_innings,OOPSY,Steamer,400,0.6289061724426663,0.6285806838325915,0.0003254886100748644,Steamer,True,61d17839bd51b6969f0b8931
pitcher,2025,FIP,skill,high_innings,ATC,OOPSY,127,0.4828448096509777,0.4822981779733746,0.0005466316776031044,OOPSY,True,c8a01a8bf695a49ddc896a88
pitcher,2025,FIP,skill,high_innings,ATC,Steamer,127,0.4828448096509777,0.48159643743489355,0.0012483722160841482,Steamer,True,778c05969dc6a6291bc66e2a
pitcher,2025,FIP,skill,high_innings,OOPSY,Steamer,127,0.4822981779733746,0.48159643743489355,0.0007017405384810438,Steamer,True,d8b8ab684dc456ca140742d0
pitcher,2025,BABIP,skill,all_matched,ATC,OOPSY,684,0.04402779327431976,0.043919248354199754,0.00010854492012000311,OOPSY,True,0a2d953e5c444d02c848f018
pitcher,2025,BABIP,skill,all_matched,ATC,Steamer,686,0.04450656808939834,0.044587944119716866,-8.137603031852653e-05,ATC,True,04c874169307d3e0c1a5b8c2
pitcher,2025,BABIP,skill,all_matched,OOPSY,Steamer,785,0.05096374026993916,0.051078576419315895,-0.00011483614937673331,OOPSY,True,9d8e91e71d728e76ad4c894a
pitcher,2025,BABIP,skill,substantial_innings,ATC,OOPSY,385,0.0283091548476648,0.0270410236721248,0.001268131175539998,OOPSY,True,28e42741a03fb5aec69e9e39
pitcher,2025,BABIP,skill,substantial_innings,ATC,Steamer,386,0.028273228014536845,0.028393256935060826,-0.00012002892052398115,ATC,True,9a73a1e7f766bc5548c20909
pitcher,2025,BABIP,skill,substantial_innings,OOPSY,Steamer,400,0.027460265970016114,0.02895881400484322,-0.0014985480348271053,OOPSY,True,03d268ab3e138066a1c2b241
pitcher,2025,BABIP,skill,high_innings,ATC,OOPSY,127,0.02278192477370477,0.02162043752773252,0.0011614872459722488,OOPSY,True,8951111cf249ebbc54f863f3
pitcher,2025,BABIP,skill,high_innings,ATC,Steamer,127,0.02278192477370477,0.024219144182569294,-0.0014372194088645256,ATC,True,f98f4a4832de04515248da02
pitcher,2025,BABIP,skill,high_innings,OOPSY,Steamer,127,0.02162043752773252,0.024219144182569294,-0.0025987066548367743,OOPSY,True,5e23d136b15f8133929961e2
pitcher,2026,W,fantasy_outcome,all_matched,ATC,Depth Charts,661,2.2192115686838125,2.258698940998487,-0.039487372314674474,ATC,True,91567334d096974fe0e4170b
pitcher,2026,W,fantasy_outcome,all_matched,ATC,OOPSY,677,2.1847059338257018,2.240768094534712,-0.05606216070901038,ATC,True,541dbfc471bd9484d371b946
pitcher,2026,W,fantasy_outcome,all_matched,ATC,RotoWire,613,2.2016552539967376,2.33931484502447,-0.1376595910277323,ATC,True,be9c139dbb43015965478b82
pitcher,2026,W,fantasy_outcome,all_matched,ATC,Steamer,680,2.1827938061764707,2.1916336764705884,-0.008839870294117702,ATC,True,ae621b6bd2861e90cafdc55f
pitcher,2026,W,fantasy_outcome,all_matched,Depth Charts,OOPSY,666,2.2462462462462462,2.265765765765766,-0.01951951951951969,Depth Charts,True,30bede753ab4b7ce79c750cf
pitcher,2026,W,fantasy_outcome,all_matched,Depth Charts,RotoWire,599,2.2771285475792986,2.362270450751252,-0.08514190317195336,Depth Charts,True,bf9ed99d7d915d7ac260bad9
pitcher,2026,W,fantasy_outcome,all_matched,Depth Charts,Steamer,664,2.2439759036144578,2.2207168674698794,0.02325903614457836,Steamer,True,30bc5dabdc22d96d8a1aa770
pitcher,2026,W,fantasy_outcome,all_matched,OOPSY,RotoWire,709,2.0338504936530324,2.0944992947813823,-0.060648801128349916,OOPSY,True,f1b8febdf4ecd860ad67adaa
pitcher,2026,W,fantasy_outcome,all_matched,OOPSY,Steamer,793,1.9886506935687263,1.9551365699873895,0.03351412358133676,Steamer,True,57d971b1cfd97d09bfd6977e
pitcher,2026,W,fantasy_outcome,all_matched,RotoWire,Steamer,711,2.0942334739803092,1.9894959212376935,0.10473755274261576,Steamer,True,6b75e42b0bdf4eb985b69b7e
pitcher,2026,W,fantasy_outcome,substantial_innings,ATC,Depth Charts,379,2.5988601583113455,2.5118733509234827,0.0869868073878628,Depth Charts,True,2475f35ad50fedb01efe2cef
pitcher,2026,W,fantasy_outcome,substantial_innings,ATC,OOPSY,380,2.5983975236842105,2.4921052631578946,0.10629226052631591,OOPSY,True,0f8063f032076f43facaf0e7
pitcher,2026,W,fantasy_outcome,substantial_innings,ATC,RotoWire,340,2.6435190088235294,2.9382352941176473,-0.29471628529411786,ATC,True,190aab15cbec2cdca6ff4a49
pitcher,2026,W,fantasy_outcome,substantial_innings,ATC,Steamer,380,2.603292747368421,2.5587055263157894,0.04458722105263169,Steamer,True,40d93de32bfbeca461f04c5a
pitcher,2026,W,fantasy_outcome,substantial_innings,Depth Charts,OOPSY,381,2.5039370078740157,2.4829396325459316,0.0209973753280841,OOPSY,True,548baf517205d555584df57e
pitcher,2026,W,fantasy_outcome,substantial_innings,Depth Charts,RotoWire,339,2.5634218289085546,2.9174041297935105,-0.35398230088495586,Depth Charts,True,5d74ab66095e35105eb0eeb2
pitcher,2026,W,fantasy_outcome,substantial_innings,Depth Charts,Steamer,380,2.4973684210526317,2.5382544736842103,-0.04088605263157863,Depth Charts,True,3e7f441fef4f4bc854badee6
pitcher,2026,W,fantasy_outcome,substantial_innings,OOPSY,RotoWire,345,2.542028985507246,2.907246376811594,-0.36521739130434794,OOPSY,True,c4d2810300ff6323190563ce
pitcher,2026,W,fantasy_outcome,substantial_innings,OOPSY,Steamer,386,2.4740932642487046,2.53450414507772,-0.06041088082901558,OOPSY,True,002a10152e28a6ad8b06544f
pitcher,2026,W,fantasy_outcome,substantial_innings,RotoWire,Steamer,345,2.9130434782608696,2.595051304347826,0.3179921739130438,Steamer,True,4d7f410fdecfccaaa12d8aad
pitcher,2026,W,fantasy_outcome,high_innings,ATC,Depth Charts,140,3.4502944214285716,3.2857142857142856,0.16458013571428598,Depth Charts,True,abc84a2c06b63b93fa59a107
pitcher,2026,W,fantasy_outcome,high_innings,ATC,OOPSY,140,3.4502944214285716,3.2285714285714286,0.22172299285714292,OOPSY,True,f879daa52f12e4836ae41be0
pitcher,2026,W,fantasy_outcome,high_innings,ATC,RotoWire,127,3.5204750787401573,3.874015748031496,-0.35354066929133854,ATC,True,d501e5e83260377f6290134b
pitcher,2026,W,fantasy_outcome,high_innings,ATC,Steamer,141,3.478134645390071,3.2963063829787234,0.18182826241134764,Steamer,True,69e8c16ce06079a556acc422
pitcher,2026,W,fantasy_outcome,high_innings,Depth Charts,OOPSY,140,3.2857142857142856,3.2285714285714286,0.05714285714285694,OOPSY,True,138556560e839bb5e3f9afe0
pitcher,2026,W,fantasy_outcome,high_innings,Depth Charts,RotoWire,126,3.3412698412698414,3.8412698412698414,-0.5,Depth Charts,True,9480cfd57888cb7ea8724137
pitcher,2026,W,fantasy_outcome,high_innings,Depth Charts,Steamer,140,3.2857142857142856,3.263057857142857,0.022656428571428577,Steamer,True,9772158f3e7df932731a231a
pitcher,2026,W,fantasy_outcome,high_innings,OOPSY,RotoWire,126,3.2857142857142856,3.8412698412698414,-0.5555555555555558,OOPSY,True,06c70da0c762fbbe8af2e2b4
pitcher,2026,W,fantasy_outcome,high_innings,OOPSY,Steamer,140,3.2285714285714286,3.263057857142857,-0.03448642857142836,OOPSY,True,b6e5a3e1ba0bcaf361a27e5f
pitcher,2026,W,fantasy_outcome,high_innings,RotoWire,Steamer,127,3.874015748031496,3.3534905511811024,0.5205251968503934,Steamer,True,74a231d31b90c6a03976c516
pitcher,2026,SV,fantasy_outcome,all_matched,ATC,Depth Charts,661,1.6619891922783663,1.6490166414523448,0.012972550826021445,Depth Charts,True,443133a9ce4a38227f60d4e8
pitcher,2026,SV,fantasy_outcome,all_matched,ATC,OOPSY,677,1.6259465506735598,1.6129985228951256,0.012948027778434179,OOPSY,True,37b537c1bf6e6a58735d5839
pitcher,2026,SV,fantasy_outcome,all_matched,ATC,RotoWire,613,1.5882556358499185,1.7243066884176184,-0.1360510525676999,ATC,True,989271e81bd21a6878f53e22
pitcher,2026,SV,fantasy_outcome,all_matched,ATC,Steamer,680,1.615905448832353,1.6067588235294117,0.009146625302941302,Steamer,True,bdf6a13ec76098f03a8d801f
pitcher,2026,SV,fantasy_outcome,all_matched,Depth Charts,OOPSY,666,1.6396396396396395,1.6396396396396395,0.0,tie,True,fac2031cfbd3f532957c9529
pitcher,2026,SV,fantasy_outcome,all_matched,Depth Charts,RotoWire,599,1.6093489148580968,1.7629382303839733,-0.1535893155258765,Depth Charts,True,3784fcba05926774f28e5067
pitcher,2026,SV,fantasy_outcome,all_matched,Depth Charts,Steamer,664,1.641566265060241,1.645475903614458,-0.003909638554216999,Depth Charts,True,54fef1ab5e92025e4eb569b7
pitcher,2026,SV,fantasy_outcome,all_matched,OOPSY,RotoWire,709,1.385049365303244,1.5148095909732018,-0.1297602256699577,OOPSY,True,db53bddb11e346398195b1e9
pitcher,2026,SV,fantasy_outcome,all_matched,OOPSY,Steamer,793,1.4060529634300125,1.409326607818411,-0.0032736443883985,OOPSY,True,bd22eaf5cbc11e25518a0756
pitcher,2026,SV,fantasy_outcome,all_matched,RotoWire,Steamer,711,1.5077355836849509,1.3818804500703235,0.1258551336146274,Steamer,True,db5bd23f3b8e97a434c9c483
pitcher,2026,SV,fantasy_outcome,substantial_innings,ATC,Depth Charts,379,2.0731783389973613,2.1160949868073877,-0.042916647810026465,ATC,True,30ca95c5e2adf7347e34eda4
pitcher,2026,SV,fantasy_outcome,substantial_innings,ATC,OOPSY,380,2.0677226065263157,2.110526315789474,-0.04280370926315813,ATC,True,6859ca1107e8799aca5f4b50
pitcher,2026,SV,fantasy_outcome,substantial_innings,ATC,RotoWire,340,2.0783633552058824,2.114705882352941,-0.03634252714705877,ATC,True,4f7cb1b73bceff5822e49e32
pitcher,2026,SV,fantasy_outcome,substantial_innings,ATC,Steamer,380,2.062459448631579,2.1121631578947366,-0.04970370926315759,ATC,True,44734d5ffa6d784fb68fc29a
pitcher,2026,SV,fantasy_outcome,substantial_innings,Depth Charts,OOPSY,381,2.1076115485564304,2.1076115485564304,0.0,tie,True,a5af632245c80a4a507dc20f
pitcher,2026,SV,fantasy_outcome,substantial_innings,Depth Charts,RotoWire,339,2.117994100294985,2.1209439528023597,-0.002949852507374562,Depth Charts,True,15cce22c77f6676f7e1b08f6
pitcher,2026,SV,fantasy_outcome,substantial_innings,Depth Charts,Steamer,380,2.107894736842105,2.114794736842105,-0.006899999999999906,Depth Charts,True,7c80839c6a4f5aa6a4ac2dca
pitcher,2026,SV,fantasy_outcome,substantial_innings,OOPSY,RotoWire,345,2.0898550724637683,2.092753623188406,-0.0028985507246375164,OOPSY,True,1debf55cf46b488d054da213
pitcher,2026,SV,fantasy_outcome,substantial_innings,OOPSY,Steamer,386,2.082901554404145,2.0896943005181345,-0.006792746113989612,OOPSY,True,0713bc7b2e38eba899eafbbb
pitcher,2026,SV,fantasy_outcome,substantial_innings,RotoWire,Steamer,345,2.0869565217391304,2.0907014492753624,-0.0037449275362320122,RotoWire,True,d7c4d6e83ae31f8241594a55
pitcher,2026,SV,fantasy_outcome,high_innings,ATC,Depth Charts,140,0.3664947296428572,0.34285714285714286,0.023637586785714315,Depth Charts,True,ac61a540411d85229ee5d79d
pitcher,2026,SV,fantasy_outcome,high_innings,ATC,OOPSY,140,0.3664947296428572,0.34285714285714286,0.023637586785714315,OOPSY,True,a60fc9712902817c6449c164
pitcher,2026,SV,fantasy_outcome,high_innings,ATC,RotoWire,127,0.37160429700787406,0.33070866141732286,0.040895635590551205,RotoWire,True,f19a724b861b061a4c13da37
pitcher,2026,SV,fantasy_outcome,high_innings,ATC,Steamer,141,0.3638954762411348,0.34292907801418443,0.020966398226950345,Steamer,True,939a02684039706d854272cb
pitcher,2026,SV,fantasy_outcome,high_innings,Depth Charts,OOPSY,140,0.34285714285714286,0.34285714285714286,0.0,tie,True,f9897db2af243850115f9149
pitcher,2026,SV,fantasy_outcome,high_innings,Depth Charts,RotoWire,126,0.3492063492063492,0.3333333333333333,0.015873015873015872,RotoWire,True,8c39dea9af20589487807a6e
pitcher,2026,SV,fantasy_outcome,high_innings,Depth Charts,Steamer,140,0.34285714285714286,0.3453785714285714,-0.0025214285714285634,Depth Charts,True,4da788d48974f8f2551e9046
pitcher,2026,SV,fantasy_outcome,high_innings,OOPSY,RotoWire,126,0.3492063492063492,0.3333333333333333,0.015873015873015872,RotoWire,True,ab4d9ca7d501dca01dbe2595
pitcher,2026,SV,fantasy_outcome,high_innings,OOPSY,Steamer,140,0.34285714285714286,0.3453785714285714,-0.0025214285714285634,OOPSY,True,c3b9a6fd14c279f1e196e172
pitcher,2026,SV,fantasy_outcome,high_innings,RotoWire,Steamer,127,0.33070866141732286,0.34923622047244096,-0.018527559055118104,RotoWire,True,31ac19fad816f3b70365f449
pitcher,2026,SO,fantasy_outcome,all_matched,ATC,Depth Charts,661,27.391428184568834,28.240544629349472,-0.8491164447806376,ATC,True,2d47a9dc35c83822165dc59e
pitcher,2026,SO,fantasy_outcome,all_matched,ATC,OOPSY,677,27.002349867060563,28.007385524372232,-1.0050356573116694,ATC,True,6873576d1b397d5e7834fe46
pitcher,2026,SO,fantasy_outcome,all_matched,ATC,RotoWire,613,27.326021876019574,29.967569331158238,-2.6415474551386637,ATC,True,0b5bc2a4c31fe6a55035a9dd
pitcher,2026,SO,fantasy_outcome,all_matched,ATC,Steamer,680,27.057526705882356,28.24361720588235,-1.1860904999999953,ATC,True,1fe8c10facdb8a4d872aefbe
pitcher,2026,SO,fantasy_outcome,all_matched,Depth Charts,OOPSY,666,28.153153153153152,28.375375375375377,-0.22222222222222499,Depth Charts,True,abd53a3e3d64bd2f4099fafc
pitcher,2026,SO,fantasy_outcome,all_matched,Depth Charts,RotoWire,599,28.429048414023374,30.15874791318865,-1.7296994991652745,Depth Charts,True,7c26364029b4cb24b4ad70ba
pitcher,2026,SO,fantasy_outcome,all_matched,Depth Charts,Steamer,664,28.1355421686747,28.54651340361446,-0.4109712349397583,Depth Charts,True,63c04540f93215096fc6a0ac
pitcher,2026,SO,fantasy_outcome,all_matched,OOPSY,RotoWire,709,25.926657263751764,27.467954866008462,-1.541297602256698,OOPSY,True,fff502364d657b15ac6f6539
pitcher,2026,SO,fantasy_outcome,all_matched,OOPSY,Steamer,793,25.542244640605297,25.860965825977303,-0.3187211853720058,OOPSY,True,efbea2488fec77d0268eb651
pitcher,2026,SO,fantasy_outcome,all_matched,RotoWire,Steamer,711,27.544120956399436,26.35584106891702,1.188279887482416,Steamer,True,ff0a706cd3d7f9c835efbc79
pitcher,2026,SO,fantasy_outcome,substantial_innings,ATC,Depth Charts,379,28.60628686015831,27.978891820580476,0.6273950395778343,Depth Charts,True,ea58aa6e515fd83393089e64
pitcher,2026,SO,fantasy_outcome,substantial_innings,ATC,OOPSY,380,28.646734000000002,28.063157894736843,0.583576105263159,OOPSY,True,98ce71f70e821508a8f79a25
pitcher,2026,SO,fantasy_outcome,substantial_innings,ATC,RotoWire,340,29.16571505882353,32.161088235294116,-2.9953731764705864,ATC,True,e512f06d52ed28df86a5ccc1
pitcher,2026,SO,fantasy_outcome,substantial_innings,ATC,Steamer,380,28.799589,28.79019078947368,0.009398210526320838,Steamer,True,22aee83369a7fea9a33c6d23
pitcher,2026,SO,fantasy_outcome,substantial_innings,Depth Charts,OOPSY,381,28.00262467191601,28.028871391076116,-0.026246719160106124,Depth Charts,True,89198dfc94b47ba750c06789
pitcher,2026,SO,fantasy_outcome,substantial_innings,Depth Charts,RotoWire,339,28.398230088495577,31.78607669616519,-3.387846607669612,Depth Charts,True,e6dadef42ed67d041a12316d
pitcher,2026,SO,fantasy_outcome,substantial_innings,Depth Charts,Steamer,380,27.9,28.425061315789474,-0.5250613157894755,Depth Charts,True,cd4b9af170b6cc2d69de4e75
pitcher,2026,SO,fantasy_outcome,substantial_innings,OOPSY,RotoWire,345,28.742028985507247,32.165623188405796,-3.423594202898549,OOPSY,True,3f7749e32afdfade64df93b9
pitcher,2026,SO,fantasy_outcome,substantial_innings,OOPSY,Steamer,386,28.29015544041451,28.817061398963734,-0.5269059585492251,OOPSY,True,28f7d30ac069db33e4f7df51
pitcher,2026,SO,fantasy_outcome,substantial_innings,RotoWire,Steamer,345,32.342608695652174,29.676505217391306,2.666103478260869,Steamer,True,7d0cb0f4242dd697cb2b4c9f
pitcher,2026,SO,fantasy_outcome,high_innings,ATC,Depth Charts,140,37.45995714285714,36.19285714285714,1.2670999999999992,Depth Charts,True,da4cc565de3a5dafbf478062
pitcher,2026,SO,fantasy_outcome,high_innings,ATC,OOPSY,140,37.45995714285714,36.22142857142857,1.2385285714285743,OOPSY,True,c23cf67e88a16fe135c9d5d9
pitcher,2026,SO,fantasy_outcome,high_innings,ATC,RotoWire,127,38.346611023622046,40.65937007874015,-2.312759055118107,ATC,True,799759cc4db1010ed5c0b954
pitcher,2026,SO,fantasy_outcome,high_innings,ATC,Steamer,141,38.194412765957445,37.40019007092199,0.7942226950354581,Steamer,True,cda0167cabec8a976f90ca77
pitcher,2026,SO,fantasy_outcome,high_innings,Depth Charts,OOPSY,140,36.19285714285714,36.22142857142857,-0.028571428571424917,Depth Charts,True,a98cd5779f2498056b7f42d2
pitcher,2026,SO,fantasy_outcome,high_innings,Depth Charts,RotoWire,126,36.214285714285715,39.766825396825396,-3.552539682539681,Depth Charts,True,d0002286a0a428b0cc9f322b
pitcher,2026,SO,fantasy_outcome,high_innings,Depth Charts,Steamer,140,36.19285714285714,36.57384928571428,-0.38099214285713856,Depth Charts,True,c8a2a54b45feb8cde0cf82d6
pitcher,2026,SO,fantasy_outcome,high_innings,OOPSY,RotoWire,126,36.12698412698413,39.766825396825396,-3.63984126984127,OOPSY,True,0bfde619bf87d1735811c8dc
pitcher,2026,SO,fantasy_outcome,high_innings,OOPSY,Steamer,140,36.22142857142857,36.57384928571428,-0.35242071428571364,OOPSY,True,cfe9f4a79c8793e107fc488c
pitcher,2026,SO,fantasy_outcome,high_innings,RotoWire,Steamer,127,40.65937007874015,37.641996850393696,3.0173732283464574,Steamer,True,9202ff1d81119af5f1377204
pitcher,2026,ERA,fantasy_outcome,all_matched,ATC,Depth Charts,661,1.637699678772629,1.6428745224107748,-0.0051748436381457985,ATC,True,8e6f7de1d1ac74ca88f26f49
pitcher,2026,ERA,fantasy_outcome,all_matched,ATC,OOPSY,677,1.6933472120122153,1.692070334090389,0.0012768779218261805,OOPSY,True,33251a9fb6ba6d09038c33e8
pitcher,2026,ERA,fantasy_outcome,all_matched,ATC,RotoWire,613,1.6913928369776603,1.8164657438526701,-0.12507290687500983,ATC,True,2c323e7b39a5fd8179db5657
pitcher,2026,ERA,fantasy_outcome,all_matched,ATC,Steamer,680,1.6931857340726728,1.695610744832064,-0.0024250107593912773,ATC,True,6d88b3ef8e413ca17e31ec62
pitcher,2026,ERA,fantasy_outcome,all_matched,Depth Charts,OOPSY,666,1.6437442846171888,1.6353676089233609,0.00837667569382794,OOPSY,True,016d75856fded89eef0bb5bb
pitcher,2026,ERA,fantasy_outcome,all_matched,Depth Charts,RotoWire,599,1.636703331078623,1.7611667538992686,-0.1244634228206456,Depth Charts,True,58a9a49263ae425f9d0d0a69
pitcher,2026,ERA,fantasy_outcome,all_matched,Depth Charts,Steamer,664,1.6458084279661274,1.6412220509654827,0.004586377000644681,Steamer,True,1cdde29ea52bf0d3c3a2f7be
pitcher,2026,ERA,fantasy_outcome,all_matched,OOPSY,RotoWire,709,1.9380700767069783,2.083498589687451,-0.14542851298047266,OOPSY,True,323acd84419dc32e5adbf34e
pitcher,2026,ERA,fantasy_outcome,all_matched,OOPSY,Steamer,793,1.987432763658892,1.9984306922274602,-0.010997928568568183,OOPSY,True,5459904fa50fa8c41a7529a9
pitcher,2026,ERA,fantasy_outcome,all_matched,RotoWire,Steamer,711,2.084123463739031,1.9506603467880226,0.13346311695100854,Steamer,True,c8f585938dd3801302774e52
pitcher,2026,ERA,fantasy_outcome,substantial_innings,ATC,Depth Charts,379,0.8671758534448375,0.8635222441013211,0.0036536093435164396,Depth Charts,True,2cf3d51bdd7904a1adf59157
pitcher,2026,ERA,fantasy_outcome,substantial_innings,ATC,OOPSY,380,0.8664360920456119,0.8545879544559875,0.011848137589624441,OOPSY,True,86f1c7f9f50161949dcb3f33
pitcher,2026,ERA,fantasy_outcome,substantial_innings,ATC,RotoWire,340,0.8637110782246636,0.954845170414637,-0.09113409218997337,ATC,True,7e2e176a11f5fe7762992ed4
pitcher,2026,ERA,fantasy_outcome,substantial_innings,ATC,Steamer,380,0.864234251381903,0.8434891241487713,0.02074512723313171,Steamer,True,b50ba155f7ef8e9aa35578c0
pitcher,2026,ERA,fantasy_outcome,substantial_innings,Depth Charts,OOPSY,381,0.8658647155343764,0.8561810033483802,0.009683712185996174,OOPSY,True,b88828a5db11fef052bb709f
pitcher,2026,ERA,fantasy_outcome,substantial_innings,Depth Charts,RotoWire,339,0.8661788433619031,0.9611818206061028,-0.0950029772441997,Depth Charts,True,8a7904b3c99e18520b33e4a4
pitcher,2026,ERA,fantasy_outcome,substantial_innings,Depth Charts,Steamer,380,0.8635983506319936,0.8461441653493691,0.017454185282624546,Steamer,True,37b74d4bf54fc155ef774c8c
pitcher,2026,ERA,fantasy_outcome,substantial_innings,OOPSY,RotoWire,345,0.8624205542270317,0.9665425772075867,-0.10412202298055506,OOPSY,True,9583ba5a5df1b6ae6bae1240
pitcher,2026,ERA,fantasy_outcome,substantial_innings,OOPSY,Steamer,386,0.857522748312025,0.8503577585075359,0.007164989804489097,Steamer,True,b41315abfec47533db3a76b2
pitcher,2026,ERA,fantasy_outcome,substantial_innings,RotoWire,Steamer,345,0.9636680860417627,0.8504188691985469,0.11324921684321576,Steamer,True,5b946c5c9053468ee61697c2
pitcher,2026,ERA,fantasy_outcome,high_innings,ATC,Depth Charts,140,0.6914345153321708,0.6857750172219791,0.00565949811019173,Depth Charts,True,7883ac8c28e5ae5c5d5bae9d
pitcher,2026,ERA,fantasy_outcome,high_innings,ATC,OOPSY,140,0.6914345153321708,0.6997732531951429,-0.008338737862972123,ATC,True,b21895ac3403106da90395cf
pitcher,2026,ERA,fantasy_outcome,high_innings,ATC,RotoWire,127,0.6872393343253131,0.7888779379380964,-0.10163860361278321,ATC,True,64fcffec28f4362eee86d1ef
pitcher,2026,ERA,fantasy_outcome,high_innings,ATC,Steamer,141,0.691946567891733,0.6720209527300638,0.01992561516166924,Steamer,True,6d538cd73c41d2fd3c416a66
pitcher,2026,ERA,fantasy_outcome,high_innings,Depth Charts,OOPSY,140,0.6857750172219791,0.6997732531951429,-0.013998235973163853,Depth Charts,True,aaa1ba7959e127045541c848
pitcher,2026,ERA,fantasy_outcome,high_innings,Depth Charts,RotoWire,126,0.6799204110925195,0.7810582872373634,-0.10113787614484382,Depth Charts,True,5df71b3ca8b0a3b43960e817
pitcher,2026,ERA,fantasy_outcome,high_innings,Depth Charts,Steamer,140,0.6857750172219791,0.6725810029193469,0.013194014302632229,Steamer,True,e8089b40a0cfa02bb0a5a05c
pitcher,2026,ERA,fantasy_outcome,high_innings,OOPSY,RotoWire,126,0.6937367512062338,0.7810582872373634,-0.08732153603112958,OOPSY,True,ff9d7c75d71f2796a85ae0f2
pitcher,2026,ERA,fantasy_outcome,high_innings,OOPSY,Steamer,140,0.6997732531951429,0.6725810029193469,0.02719225027579608,Steamer,True,da541e3702cab6c77114d895
pitcher,2026,ERA,fantasy_outcome,high_innings,RotoWire,Steamer,127,0.7888779379380964,0.6654939663111764,0.12338397162691994,Steamer,True,792ad958326a9d8fafd15795
pitcher,2026,WHIP,fantasy_outcome,all_matched,ATC,Depth Charts,661,0.26990034660780954,0.2695420368529,0.0003583097549095249,Depth Charts,True,607537c1151ba4f1f1ed649d
pitcher,2026,WHIP,fantasy_outcome,all_matched,ATC,OOPSY,677,0.2742534114933568,0.27318279913273147,0.0010706123606253337,OOPSY,True,d88b0cc6064fa726b081d1e9
pitcher,2026,WHIP,fantasy_outcome,all_matched,ATC,RotoWire,613,0.2756057172232302,0.3089813100583154,-0.03337559283508523,ATC,True,3dca8124057959a2a05f3338
pitcher,2026,WHIP,fantasy_outcome,all_matched,ATC,Steamer,680,0.2747972292074579,0.27440072736253796,0.0003965018449199609,Steamer,True,38410b42853bbf39d07ea37b
pitcher,2026,WHIP,fantasy_outcome,all_matched,Depth Charts,OOPSY,666,0.26994766487392663,0.26959000448331377,0.00035766039061285726,OOPSY,True,e53d198b7364b62e5d614d6c
pitcher,2026,WHIP,fantasy_outcome,all_matched,Depth Charts,RotoWire,599,0.2705752471377156,0.3036843666534722,-0.033109119515756624,Depth Charts,True,8718422df466c143dcfcec50
pitcher,2026,WHIP,fantasy_outcome,all_matched,Depth Charts,Steamer,664,0.27013163619863456,0.2707476854135479,-0.0006160492149133168,Depth Charts,True,f3e982908671b8bc2816e9aa
pitcher,2026,WHIP,fantasy_outcome,all_matched,OOPSY,RotoWire,709,0.3067618750457609,0.34106948546647137,-0.034307610420710455,OOPSY,True,38ac678b38781be8a2e1adc4
pitcher,2026,WHIP,fantasy_outcome,all_matched,OOPSY,Steamer,793,0.3118254390673009,0.3132502822378964,-0.0014248431705954911,OOPSY,True,c9bbf64f189a8667fa7a0f51
pitcher,2026,WHIP,fantasy_outcome,all_matched,RotoWire,Steamer,711,0.3418366406999906,0.3090359665537945,0.032800674146196085,Steamer,True,d3cee446e0343a7b0e56dda8
pitcher,2026,WHIP,fantasy_outcome,substantial_innings,ATC,Depth Charts,379,0.14290978946161362,0.14427312508063478,-0.001363335619021161,ATC,True,9dbad7c179e1b8bd7734c6c0
pitcher,2026,WHIP,fantasy_outcome,substantial_innings,ATC,OOPSY,380,0.14309015042756132,0.14453245107131485,-0.0014423006437535302,ATC,True,b8449fa29cef30305bfdd50a
pitcher,2026,WHIP,fantasy_outcome,substantial_innings,ATC,RotoWire,340,0.14423253640719322,0.16587681092663276,-0.021644274519439538,ATC,True,0ad0e01acef684206213232a
pitcher,2026,WHIP,fantasy_outcome,substantial_innings,ATC,Steamer,380,0.14277658293000278,0.14662566418597725,-0.003849081255974468,ATC,True,9aa2bba93ea326634669f975
pitcher,2026,WHIP,fantasy_outcome,substantial_innings,Depth Charts,OOPSY,381,0.14508448525586562,0.14534267435039927,-0.0002581890945336507,Depth Charts,True,5304d5cadb5736fd50642cdf
pitcher,2026,WHIP,fantasy_outcome,substantial_innings,Depth Charts,RotoWire,339,0.146858961511559,0.16719353312065371,-0.020334571609094715,Depth Charts,True,c00fa0f7b938021e1ded59fb
pitcher,2026,WHIP,fantasy_outcome,substantial_innings,Depth Charts,Steamer,380,0.14487673677579355,0.14711184777519162,-0.0022351109993980767,Depth Charts,True,0e74f52fecce25cf742fc876
pitcher,2026,WHIP,fantasy_outcome,substantial_innings,OOPSY,RotoWire,345,0.14677331605053381,0.16952020809070156,-0.02274689204016775,OOPSY,True,4fd405d47df9bf411544adf7
pitcher,2026,WHIP,fantasy_outcome,substantial_innings,OOPSY,Steamer,386,0.1452559432207495,0.14834861714498251,-0.0030926739242330137,OOPSY,True,b9a5cb65e02573a9589259d8
pitcher,2026,WHIP,fantasy_outcome,substantial_innings,RotoWire,Steamer,345,0.1692445105571588,0.1498781768042781,0.019366333752880716,Steamer,True,7c9addd3f2d05d289dcb52a9
pitcher,2026,WHIP,fantasy_outcome,high_innings,ATC,Depth Charts,140,0.11515425422037578,0.11412133225112564,0.0010329219692501446,Depth Charts,True,acb4c2810be67922d898989b
pitcher,2026,WHIP,fantasy_outcome,high_innings,ATC,OOPSY,140,0.11515425422037578,0.11745420708806402,-0.0022999528676882347,ATC,True,1f6386c230cea016abb08b0a
pitcher,2026,WHIP,fantasy_outcome,high_innings,ATC,RotoWire,127,0.11603172409633122,0.1449281997789774,-0.028896475682646167,ATC,True,cdb58084cbf50f1faa202fe7
pitcher,2026,WHIP,fantasy_outcome,high_innings,ATC,Steamer,141,0.11521396347137317,0.1177078036318371,-0.002493840160463931,ATC,True,d71923de46994f81b5e7fd13
pitcher,2026,WHIP,fantasy_outcome,high_innings,Depth Charts,OOPSY,140,0.11412133225112564,0.11745420708806402,-0.0033328748369383793,Depth Charts,True,3ccfeb70142f1c5c40ddec51
pitcher,2026,WHIP,fantasy_outcome,high_innings,Depth Charts,RotoWire,126,0.11435060814228602,0.14379808026443747,-0.029447472122151444,Depth Charts,True,3ff7fb57c6cf9f73354de8e5
pitcher,2026,WHIP,fantasy_outcome,high_innings,Depth Charts,Steamer,140,0.11412133225112564,0.11762197895341445,-0.0035006467022888066,Depth Charts,True,b368fb6ad71f26ba64e7cf05
pitcher,2026,WHIP,fantasy_outcome,high_innings,OOPSY,RotoWire,126,0.11799852444212164,0.14379808026443747,-0.02579955582231583,OOPSY,True,5deff61b574ae00fda60ed15
pitcher,2026,WHIP,fantasy_outcome,high_innings,OOPSY,Steamer,140,0.11745420708806402,0.11762197895341445,-0.00016777186535042732,OOPSY,True,3a7a0984951fe754ee2ba2d7
pitcher,2026,WHIP,fantasy_outcome,high_innings,RotoWire,Steamer,127,0.1449281997789774,0.11823492440525506,0.026693275373722333,Steamer,True,566817f668bbdd0aa4b09faa
pitcher,2026,QS,fantasy_outcome,all_matched,ATC,Depth Charts,661,1.5823703764296522,1.9183055975794252,-0.33593522114977303,ATC,True,1ccd586b73f4f7aa7d302d85
pitcher,2026,QS,fantasy_outcome,all_matched,ATC,OOPSY,677,1.5511044789069421,2.073855243722304,-0.522750764815362,ATC,True,180555c6521462b6189673cf
pitcher,2026,QS,fantasy_outcome,all_matched,ATC,RotoWire,613,1.5939982985154975,1.8384991843393148,-0.24450088582381735,ATC,True,2d03b6b301384492e677d223
pitcher,2026,QS,fantasy_outcome,all_matched,ATC,Steamer,680,1.5589672532647056,1.783778088235294,-0.2248108349705884,ATC,True,74630d1bd0e288fc883fe90e
pitcher,2026,QS,fantasy_outcome,all_matched,Depth Charts,OOPSY,666,1.9039039039039038,2.1036036036036037,-0.1996996996996998,Depth Charts,True,8fb728fa1dce1b94963bd752
pitcher,2026,QS,fantasy_outcome,all_matched,Depth Charts,RotoWire,599,1.9549248747913188,1.8564273789649415,0.09849749582637735,RotoWire,True,27caa361a3a67dd8db2cf7ca
pitcher,2026,QS,fantasy_outcome,all_matched,Depth Charts,Steamer,664,1.9096385542168675,1.8067703313253012,0.10286822289156627,Steamer,True,372503933bc5ecb6480a2ed5
pitcher,2026,QS,fantasy_outcome,all_matched,OOPSY,RotoWire,709,1.8293370944992948,1.5909732016925247,0.23836389280677017,RotoWire,True,cfb2fc61e181ffd4555dfff4
pitcher,2026,QS,fantasy_outcome,all_matched,OOPSY,Steamer,793,1.78562421185372,1.5348542244640606,0.2507699873896594,Steamer,True,3e03e42844c76aca83a6fe33
pitcher,2026,QS,fantasy_outcome,all_matched,RotoWire,Steamer,711,1.6005625879043601,1.5965253164556963,0.004037271448663837,Steamer,True,d039af3f1aa03f2c1627ce69
pitcher,2026,QS,fantasy_outcome,substantial_innings,ATC,Depth Charts,379,2.182331537414248,2.62532981530343,-0.4429982778891821,ATC,True,6f35e672d77c399a785da552
pitcher,2026,QS,fantasy_outcome,substantial_innings,ATC,OOPSY,380,2.181229625473684,2.8473684210526318,-0.6661387955789477,ATC,True,fad6129fda80295e77516258
pitcher,2026,QS,fantasy_outcome,substantial_innings,ATC,RotoWire,340,2.2854487617058825,2.6088235294117648,-0.32337476770588225,ATC,True,278241c2ec33b3e6d50f01ac
pitcher,2026,QS,fantasy_outcome,substantial_innings,ATC,Steamer,380,2.207545414947368,2.501003157894737,-0.29345774294736904,ATC,True,a9ea7a5aec99220fb92c9ca4
pitcher,2026,QS,fantasy_outcome,substantial_innings,Depth Charts,OOPSY,381,2.611548556430446,2.8346456692913384,-0.2230971128608923,Depth Charts,True,3737c00beb291ea9493148a2
pitcher,2026,QS,fantasy_outcome,substantial_innings,Depth Charts,RotoWire,339,2.7168141592920354,2.5811209439528024,0.13569321533923295,RotoWire,True,01640fa0f467388bb12930a1
pitcher,2026,QS,fantasy_outcome,substantial_innings,Depth Charts,Steamer,380,2.6184210526315788,2.4696368421052632,0.14878421052631552,Steamer,True,84aa4dc375572fbcf0d65634
pitcher,2026,QS,fantasy_outcome,substantial_innings,OOPSY,RotoWire,345,2.907246376811594,2.5652173913043477,0.3420289855072465,RotoWire,True,c62905ca45aecfcda57eebe6
pitcher,2026,QS,fantasy_outcome,substantial_innings,OOPSY,Steamer,386,2.8238341968911915,2.4569821243523315,0.36685207253886,Steamer,True,441813a77cf62e6d0e0fec4e
pitcher,2026,QS,fantasy_outcome,substantial_innings,RotoWire,Steamer,345,2.5942028985507246,2.5817585507246377,0.012444347826086943,Steamer,True,e970e7b33c20cf8624b608e4
pitcher,2026,QS,fantasy_outcome,high_innings,ATC,Depth Charts,140,4.160735176428571,4.821428571428571,-0.660693395,ATC,True,818b2f57024eaacbaf318711
pitcher,2026,QS,fantasy_outcome,high_innings,ATC,OOPSY,140,4.160735176428571,4.978571428571429,-0.8178362521428575,ATC,True,828512fd63b06846dc9d1caa
pitcher,2026,QS,fantasy_outcome,high_innings,ATC,RotoWire,127,4.34198341496063,4.826771653543307,-0.48478823858267717,ATC,True,2a7f8c2d079f2eae1c609745
pitcher,2026,QS,fantasy_outcome,high_innings,ATC,Steamer,141,4.202148402127659,4.603936170212766,-0.4017877680851063,ATC,True,90a9ef52388d4ea581d54bc3
pitcher,2026,QS,fantasy_outcome,high_innings,Depth Charts,OOPSY,140,4.821428571428571,4.978571428571429,-0.15714285714285747,Depth Charts,True,8e591944ea593ad40fb44e3a
pitcher,2026,QS,fantasy_outcome,high_innings,Depth Charts,RotoWire,126,4.9603174603174605,4.785714285714286,0.17460317460317487,RotoWire,True,60c568310c1469faf57e08a2
pitcher,2026,QS,fantasy_outcome,high_innings,Depth Charts,Steamer,140,4.821428571428571,4.5654642857142855,0.25596428571428564,Steamer,True,22ec8711dfe5505962643dea
pitcher,2026,QS,fantasy_outcome,high_innings,OOPSY,RotoWire,126,5.071428571428571,4.785714285714286,0.2857142857142856,RotoWire,True,82a7ead05ff61b31c04cf923
pitcher,2026,QS,fantasy_outcome,high_innings,OOPSY,Steamer,140,4.978571428571429,4.5654642857142855,0.4131071428571431,Steamer,True,49be929835f06f1ace2dcea9
pitcher,2026,QS,fantasy_outcome,high_innings,RotoWire,Steamer,127,4.826771653543307,4.748284251968504,0.0784874015748036,Steamer,True,3cf5c195ad831389eadd094b
pitcher,2026,SV_plus_HLD,fantasy_outcome,all_matched,ATC,Depth Charts,661,3.9009986916429655,3.8835098335854767,0.017488858057488788,Depth Charts,True,9638e3a3f5acb2f9a453bdbb
pitcher,2026,SV_plus_HLD,fantasy_outcome,all_matched,ATC,OOPSY,677,3.8286812450310195,3.8079763663220088,0.02070487870901072,OOPSY,True,715edb738f4ec39d6c59add6
pitcher,2026,SV_plus_HLD,fantasy_outcome,all_matched,ATC,RotoWire,613,3.806097153696574,4.159869494290375,-0.35377234059380136,ATC,True,5236ef09326330638bf23daa
pitcher,2026,SV_plus_HLD,fantasy_outcome,all_matched,ATC,Steamer,680,3.821688904832353,3.7661473529411764,0.0555415518911766,Steamer,True,f211c3f7aea6b26daaffd014
pitcher,2026,SV_plus_HLD,fantasy_outcome,all_matched,Depth Charts,OOPSY,666,3.8873873873873874,3.8873873873873874,0.0,tie,True,c9e88ecb1ccc681fb1a79387
pitcher,2026,SV_plus_HLD,fantasy_outcome,all_matched,Depth Charts,RotoWire,599,3.8597662771285477,4.25542570951586,-0.3956594323873124,Depth Charts,True,a6550bad772b36b23edef855
pitcher,2026,SV_plus_HLD,fantasy_outcome,all_matched,Depth Charts,Steamer,664,3.8930722891566263,3.8729551204819272,0.020117168674699037,Steamer,True,377161cc2475a58fab0fdc5a
pitcher,2026,SV_plus_HLD,fantasy_outcome,all_matched,OOPSY,RotoWire,709,3.4273624823695346,3.763046544428773,-0.3356840620592383,OOPSY,True,0c4cf18b97e32fd2a7bde422
pitcher,2026,SV_plus_HLD,fantasy_outcome,all_matched,OOPSY,Steamer,793,3.4249684741488022,3.4081238335435056,0.016844640605296668,Steamer,True,62599a71c08650700107fdc3
pitcher,2026,SV_plus_HLD,fantasy_outcome,all_matched,RotoWire,Steamer,711,3.753867791842475,3.392957524613221,0.36091026722925434,Steamer,True,4a26571d56f76abc14e0b030
pitcher,2026,SV_plus_HLD,fantasy_outcome,substantial_innings,ATC,Depth Charts,379,4.057054567704485,4.155672823218997,-0.09861825551451187,ATC,True,36619b1ea7fa45be2fbeefe1
pitcher,2026,SV_plus_HLD,fantasy_outcome,substantial_innings,ATC,OOPSY,380,4.046378108315789,4.144736842105263,-0.0983587337894738,ATC,True,acddf772042901b22cd7a5a1
pitcher,2026,SV_plus_HLD,fantasy_outcome,substantial_innings,ATC,RotoWire,340,4.056906751205882,4.552941176470588,-0.496034425264706,ATC,True,78bd4302815dd2a71d87626a
pitcher,2026,SV_plus_HLD,fantasy_outcome,substantial_innings,ATC,Steamer,380,4.042001871473684,4.120278684210526,-0.07827681273684206,ATC,True,d91abbe394dbe6c45ae187dc
pitcher,2026,SV_plus_HLD,fantasy_outcome,substantial_innings,Depth Charts,OOPSY,381,4.186351706036746,4.186351706036746,0.0,tie,True,6a51a14656b933ef516c980b
pitcher,2026,SV_plus_HLD,fantasy_outcome,substantial_innings,Depth Charts,RotoWire,339,4.200589970501475,4.6047197640118,-0.4041297935103252,Depth Charts,True,b01c5ec4dfbe8ba896ad93fa
pitcher,2026,SV_plus_HLD,fantasy_outcome,substantial_innings,Depth Charts,Steamer,380,4.189473684210526,4.174700263157894,0.014773421052631797,Steamer,True,027667a1b2fa26e07772b80c
pitcher,2026,SV_plus_HLD,fantasy_outcome,substantial_innings,OOPSY,RotoWire,345,4.159420289855072,4.556521739130435,-0.39710144927536284,OOPSY,True,116ddd8438a7cb3e7ed7c493
pitcher,2026,SV_plus_HLD,fantasy_outcome,substantial_innings,OOPSY,Steamer,386,4.152849740932642,4.138305958549223,0.014543782383419135,Steamer,True,58c273f04e968f4eb50b71f7
pitcher,2026,SV_plus_HLD,fantasy_outcome,substantial_innings,RotoWire,Steamer,345,4.547826086956522,4.125678260869565,0.4221478260869569,Steamer,True,772b5eefc3ae1adf5764a207
pitcher,2026,SV_plus_HLD,fantasy_outcome,high_innings,ATC,Depth Charts,140,1.0004264006428574,1.0642857142857143,-0.06385931364285691,ATC,True,73a1f7aca45e542f1c126d85
pitcher,2026,SV_plus_HLD,fantasy_outcome,high_innings,ATC,OOPSY,140,1.0004264006428574,1.0642857142857143,-0.06385931364285691,ATC,True,51a45b9f47314d15aed2649a
pitcher,2026,SV_plus_HLD,fantasy_outcome,high_innings,ATC,RotoWire,127,1.0183335563779528,0.8661417322834646,0.15219182409448817,RotoWire,True,ddbf0e7cc7286f80bf205ebc
pitcher,2026,SV_plus_HLD,fantasy_outcome,high_innings,ATC,Steamer,141,1.0002977736879433,0.9751148936170212,0.025182880070922065,Steamer,True,ca035ac148ad4c365237b86a
pitcher,2026,SV_plus_HLD,fantasy_outcome,high_innings,Depth Charts,OOPSY,140,1.0642857142857143,1.0642857142857143,0.0,tie,True,3a80c646073121f98f8a19fc
pitcher,2026,SV_plus_HLD,fantasy_outcome,high_innings,Depth Charts,RotoWire,126,1.0952380952380953,0.873015873015873,0.22222222222222232,RotoWire,True,4e85c0972b7809e7df4cdf8e
pitcher,2026,SV_plus_HLD,fantasy_outcome,high_innings,Depth Charts,Steamer,140,1.0642857142857143,0.98208,0.08220571428571433,Steamer,True,06f7535cb4281f50311e3383
pitcher,2026,SV_plus_HLD,fantasy_outcome,high_innings,OOPSY,RotoWire,126,1.0952380952380953,0.873015873015873,0.22222222222222232,RotoWire,True,2cd8950ec230d054d5026d95
pitcher,2026,SV_plus_HLD,fantasy_outcome,high_innings,OOPSY,Steamer,140,1.0642857142857143,0.98208,0.08220571428571433,Steamer,True,990eda2629a95c33999ef131
pitcher,2026,SV_plus_HLD,fantasy_outcome,high_innings,RotoWire,Steamer,127,0.8661417322834646,1.003935433070866,-0.1377937007874015,RotoWire,True,8eb07589bffbcfd3682b261a
pitcher,2026,IP,opportunity,all_matched,ATC,Depth Charts,661,26.150524704992435,27.060968229954614,-0.9104435249621794,ATC,True,2ec6ed8b2bbb522caee7666c
pitcher,2026,IP,opportunity,all_matched,ATC,OOPSY,677,25.79664502215657,26.678943618906946,-0.882298596750374,ATC,True,64f7a640c8037c70119b5714
pitcher,2026,IP,opportunity,all_matched,ATC,RotoWire,613,26.138789526916803,29.072430668841765,-2.933641141924962,ATC,True,5ad96c2af4fb8476021eaf05
pitcher,2026,IP,opportunity,all_matched,ATC,Steamer,680,25.858234088235296,26.950979999999998,-1.0927459117647018,ATC,True,e44600ad7dccc817176caf98
pitcher,2026,IP,opportunity,all_matched,Depth Charts,OOPSY,666,26.975375375375375,27.022222222222222,-0.046846846846847257,Depth Charts,True,d8da0126f83423cfdb01b1f8
pitcher,2026,IP,opportunity,all_matched,Depth Charts,RotoWire,599,27.320200333889815,29.203672787979965,-1.8834724540901497,Depth Charts,True,71652023b79e1c99c49577fb
pitcher,2026,IP,opportunity,all_matched,Depth Charts,Steamer,664,26.939006024096386,27.20506987951807,-0.26606385542168454,Depth Charts,True,e281a2bb892f472292134eb0
pitcher,2026,IP,opportunity,all_matched,OOPSY,RotoWire,709,25.08270726375176,26.94485190409027,-1.86214464033851,OOPSY,True,32bf2eafd0df5e75d08a3fea
pitcher,2026,IP,opportunity,all_matched,OOPSY,Steamer,793,24.65420146279949,25.034383858764187,-0.3801823959646953,OOPSY,True,3c82e4fdb6d4dc350cfdc5b7
pitcher,2026,IP,opportunity,all_matched,RotoWire,Steamer,711,27.043178621659635,25.549452461322083,1.4937261603375518,Steamer,True,99fb542c31df32613b48923e
pitcher,2026,IP,opportunity,substantial_innings,ATC,Depth Charts,379,26.168849868073877,25.589973614775726,0.5788762532981515,Depth Charts,True,f353e3db3d546c13be0a73d7
pitcher,2026,IP,opportunity,substantial_innings,ATC,OOPSY,380,26.198187473684207,25.619348078947368,0.5788393947368391,OOPSY,True,3177eeb71144f50083ae7228
pitcher,2026,IP,opportunity,substantial_innings,ATC,RotoWire,340,26.733546294117648,28.96470588235294,-2.2311595882352933,ATC,True,243a3c5f7e462189a1ea07af
pitcher,2026,IP,opportunity,substantial_innings,ATC,Steamer,380,26.34631878947368,26.03697552631579,0.30934326315789207,Steamer,True,49305ee446f9eeb0414ce546
pitcher,2026,IP,opportunity,substantial_innings,Depth Charts,OOPSY,381,25.59790026246719,25.58530183727034,0.01259842519684895,OOPSY,True,280c7b5efb70ca1e104abb57
pitcher,2026,IP,opportunity,substantial_innings,Depth Charts,RotoWire,339,26.106194690265486,28.580530973451324,-2.4743362831858384,Depth Charts,True,09efb0ae0e9ab08a8e41d483
pitcher,2026,IP,opportunity,substantial_innings,Depth Charts,Steamer,380,25.480526315789476,25.655396578947368,-0.17487026315789223,Depth Charts,True,44eae878072909f4c20cb315
pitcher,2026,IP,opportunity,substantial_innings,OOPSY,RotoWire,345,26.597222956521737,29.087826086956518,-2.4906031304347813,OOPSY,True,24a42c624e04499a091e04b1
pitcher,2026,IP,opportunity,substantial_innings,OOPSY,Steamer,386,25.941559378238342,26.154276424870467,-0.21271704663212532,OOPSY,True,e8a23916ef215d9069985e40
pitcher,2026,IP,opportunity,substantial_innings,RotoWire,Steamer,345,29.26173913043478,27.119894782608696,2.1418443478260834,Steamer,True,95bf90d1e2db23381f2290a8
pitcher,2026,IP,opportunity,high_innings,ATC,Depth Charts,140,33.847455714285715,32.339999999999996,1.5074557142857188,Depth Charts,True,56e625af4719b725e7e43316
pitcher,2026,IP,opportunity,high_innings,ATC,OOPSY,140,33.847455714285715,32.16285714285714,1.6845985714285732,OOPSY,True,b41310b7878a401a34f999b9
pitcher,2026,IP,opportunity,high_innings,ATC,RotoWire,127,34.292903149606296,34.96771653543307,-0.6748133858267735,ATC,True,fb5116c11e56f9eb4712139b
pitcher,2026,IP,opportunity,high_innings,ATC,Steamer,141,34.60889078014184,32.67460425531915,1.9342865248226886,Steamer,True,624423c54b2d422a93538d69
pitcher,2026,IP,opportunity,high_innings,Depth Charts,OOPSY,140,32.339999999999996,32.16285714285714,0.17714285714285438,OOPSY,True,7245254879716dfb0dd239a5
pitcher,2026,IP,opportunity,high_innings,Depth Charts,RotoWire,126,32.26587301587302,34.02142857142857,-1.7555555555555529,Depth Charts,True,606585b04f555d7208a85879
pitcher,2026,IP,opportunity,high_innings,Depth Charts,Steamer,140,32.339999999999996,31.806565714285718,0.5334342857142786,Steamer,True,ecfa1d1d69f7ffde272e2db0
pitcher,2026,IP,opportunity,high_innings,OOPSY,RotoWire,126,32.10238095238095,34.02142857142857,-1.9190476190476247,OOPSY,True,1b56d24b929d0595fc59eb34
pitcher,2026,IP,opportunity,high_innings,OOPSY,Steamer,140,32.16285714285714,31.806565714285718,0.35629142857142426,Steamer,True,41c5f03f3e43fd08b628922e
pitcher,2026,IP,opportunity,high_innings,RotoWire,Steamer,127,34.96771653543307,32.777277165354334,2.1904393700787352,Steamer,True,c08cd16077599e056129b65a
pitcher,2026,G,opportunity,all_matched,ATC,Depth Charts,661,12.936395007564297,15.122541603630863,-2.186146596066566,ATC,True,88dd8c03658aa42ccc385244
pitcher,2026,G,opportunity,all_matched,ATC,OOPSY,677,12.768384283604135,14.881831610044314,-2.1134473264401787,ATC,True,5e42260670807a81a7ae4647
pitcher,2026,G,opportunity,all_matched,ATC,RotoWire,613,12.904285938009787,14.717781402936378,-1.813495464926591,ATC,True,28a4cdfc15c77dcf5ea64bca
pitcher,2026,G,opportunity,all_matched,ATC,Steamer,680,12.770275441176471,14.84846294117647,-2.0781874999999985,ATC,True,d9ebf52005b93bf68249ee3f
pitcher,2026,G,opportunity,all_matched,Depth Charts,OOPSY,666,15.112612612612613,15.112612612612613,0.0,tie,True,46355f5f2c4a75a8cddcfe3e
pitcher,2026,G,opportunity,all_matched,Depth Charts,RotoWire,599,15.195325542570952,14.808013355592655,0.3873121869782974,RotoWire,True,fc3d5b1d73064aa3b09f968b
pitcher,2026,G,opportunity,all_matched,Depth Charts,Steamer,664,15.108433734939759,15.10632530120482,0.0021084337349392968,Steamer,True,51525b399f8fb454d50caeec
pitcher,2026,G,opportunity,all_matched,OOPSY,RotoWire,709,14.1212976022567,14.019746121297603,0.10155148095909716,RotoWire,True,286a4da6ba1572321832fee9
pitcher,2026,G,opportunity,all_matched,OOPSY,Steamer,793,13.959646910466583,14.008434047919295,-0.04878713745271135,OOPSY,True,7920690601e28df12c74b859
pitcher,2026,G,opportunity,all_matched,RotoWire,Steamer,711,14.040787623066104,14.14085499296765,-0.10006736990154685,RotoWire,True,c563923db721dc9f0d557b1a
pitcher,2026,G,opportunity,substantial_innings,ATC,Depth Charts,379,9.738274274406333,10.168865435356201,-0.43059116094986827,ATC,True,61fc9d0bfd5cd6afeacf9055
pitcher,2026,G,opportunity,substantial_innings,ATC,OOPSY,380,9.72854,10.163157894736843,-0.4346178947368422,ATC,True,fd44fc9f50fc8c782ad6427f
pitcher,2026,G,opportunity,substantial_innings,ATC,RotoWire,340,9.752833235294117,11.005882352941176,-1.253049117647059,ATC,True,e8df3253f6e650fd1ed461fa
pitcher,2026,G,opportunity,substantial_innings,ATC,Steamer,380,9.669065368421052,10.193341842105264,-0.5242764736842123,ATC,True,f477d282db3eda594eb99dbd
pitcher,2026,G,opportunity,substantial_innings,Depth Charts,OOPSY,381,10.259842519685039,10.259842519685039,0.0,tie,True,5e647b39768fe4fde9954c96
pitcher,2026,G,opportunity,substantial_innings,Depth Charts,RotoWire,339,10.29203539823009,11.050147492625369,-0.7581120943952797,Depth Charts,True,8111a927294af8bbd2a54554
pitcher,2026,G,opportunity,substantial_innings,Depth Charts,Steamer,380,10.223684210526315,10.240842105263157,-0.01715789473684204,Depth Charts,True,15a667dcd37468254291ee7d
pitcher,2026,G,opportunity,substantial_innings,OOPSY,RotoWire,345,10.608695652173912,11.371014492753623,-0.7623188405797112,OOPSY,True,51e4abb5561355053da7db9f
pitcher,2026,G,opportunity,substantial_innings,OOPSY,Steamer,386,10.507772020725389,10.531462694300519,-0.023690673575130106,OOPSY,True,783a340ea93582d499fd795d
pitcher,2026,G,opportunity,substantial_innings,RotoWire,Steamer,345,11.31304347826087,10.648492463768115,0.6645510144927549,Steamer,True,a2f36fd5a5459dfb863c9d6f
pitcher,2026,G,opportunity,high_innings,ATC,Depth Charts,140,5.2903844285714285,7.321428571428571,-2.0310441428571426,ATC,True,db598f56e0b2fbd4d228c0f0
pitcher,2026,G,opportunity,high_innings,ATC,OOPSY,140,5.2903844285714285,7.321428571428571,-2.0310441428571426,ATC,True,560cbea50861a7de7fa9f93d
pitcher,2026,G,opportunity,high_innings,ATC,RotoWire,127,5.4692426771653535,6.826771653543307,-1.3575289763779539,ATC,True,2306abb6d749ef56f84d0900
pitcher,2026,G,opportunity,high_innings,ATC,Steamer,141,5.370188794326241,7.50457659574468,-2.1343878014184394,ATC,True,11b042222be2873cc390a47b
pitcher,2026,G,opportunity,high_innings,Depth Charts,OOPSY,140,7.321428571428571,7.321428571428571,0.0,tie,True,9b85cb586305ae67165e1f3b
pitcher,2026,G,opportunity,high_innings,Depth Charts,RotoWire,126,7.436507936507937,6.650793650793651,0.7857142857142856,RotoWire,True,a344629b71db2980ac3584e2
pitcher,2026,G,opportunity,high_innings,Depth Charts,Steamer,140,7.321428571428571,7.357285714285714,-0.03585714285714303,Depth Charts,True,c984a3eb148efd536f2df7cf
pitcher,2026,G,opportunity,high_innings,OOPSY,RotoWire,126,7.436507936507937,6.650793650793651,0.7857142857142856,RotoWire,True,893f922fdc665aa691016790
pitcher,2026,G,opportunity,high_innings,OOPSY,Steamer,140,7.321428571428571,7.357285714285714,-0.03585714285714303,OOPSY,True,4ff3a740d846d66b93b8d4fa
pitcher,2026,G,opportunity,high_innings,RotoWire,Steamer,127,6.826771653543307,7.639096850393701,-0.8123251968503933,RotoWire,True,cc20f39ad63fa4a8d05497dc
pitcher,2026,GS,opportunity,all_matched,ATC,Depth Charts,661,3.490304727009077,3.5052950075642966,-0.01499028055521956,ATC,True,17933f3a5e389f59f7656f4d
pitcher,2026,GS,opportunity,all_matched,ATC,OOPSY,677,3.442175662707533,3.4505169867060563,-0.008341323998523276,ATC,True,67f36871cdaf45be3b9994bf
pitcher,2026,GS,opportunity,all_matched,ATC,RotoWire,613,3.462538437137031,3.706362153344209,-0.2438237162071779,ATC,True,e25cbca458b44258d9e2c430
pitcher,2026,GS,opportunity,all_matched,ATC,Steamer,680,3.457981662725,3.4681376470588234,-0.010155984333823476,ATC,True,c8b5fc5fd77fabd52d95f7a8
pitcher,2026,GS,opportunity,all_matched,Depth Charts,OOPSY,666,3.487987987987988,3.487987987987988,0.0,tie,True,190f12beff6850797a4589c2
pitcher,2026,GS,opportunity,all_matched,Depth Charts,RotoWire,599,3.5008347245409017,3.7278797996661104,-0.22704507512520866,Depth Charts,True,b1cad63e2b1249835a79f0b0
pitcher,2026,GS,opportunity,all_matched,Depth Charts,Steamer,664,3.4819277108433737,3.4879518072289155,-0.0060240963855417995,Depth Charts,True,6e59350a378a853373db7d0c
pitcher,2026,GS,opportunity,all_matched,OOPSY,RotoWire,709,3.1071932299012692,3.2834978843441465,-0.17630465444287724,OOPSY,True,a86a989ef62849f1f903f93b
pitcher,2026,GS,opportunity,all_matched,OOPSY,Steamer,793,3.081967213114754,3.0569576292559897,0.025009583858764284,Steamer,True,0bbc53179a87273a7b985e36
pitcher,2026,GS,opportunity,all_matched,RotoWire,Steamer,711,3.29957805907173,3.0960558368495077,0.20352222222222238,Steamer,True,a1a784aba773a20e37c5172a
pitcher,2026,GS,opportunity,substantial_innings,ATC,Depth Charts,379,4.552546575197889,4.54089709762533,0.01164947757255863,Depth Charts,True,02553bbf1102bf4cde23a47e
pitcher,2026,GS,opportunity,substantial_innings,ATC,OOPSY,380,4.5613456368421055,4.55,0.011345636842105655,OOPSY,True,8d3a66420efd07107a3718e6
pitcher,2026,GS,opportunity,substantial_innings,ATC,RotoWire,340,4.65449991,4.891176470588236,-0.2366765605882355,ATC,True,fbf1191ef441fe1611226b8c
pitcher,2026,GS,opportunity,substantial_innings,ATC,Steamer,380,4.616608794736842,4.61041552631579,0.006193268421052167,Steamer,True,811b63b962aafbd8cd22aac5
pitcher,2026,GS,opportunity,substantial_innings,Depth Charts,OOPSY,381,4.517060367454068,4.517060367454068,0.0,tie,True,be0f76895b08068a6b903789
pitcher,2026,GS,opportunity,substantial_innings,Depth Charts,RotoWire,339,4.563421828908554,4.793510324483776,-0.23008849557522204,Depth Charts,True,08a69b8f8e9aabe097c57c6a
pitcher,2026,GS,opportunity,substantial_innings,Depth Charts,Steamer,380,4.507894736842105,4.510947368421053,-0.00305263157894764,Depth Charts,True,86aacc8bd23d368493316342
pitcher,2026,GS,opportunity,substantial_innings,OOPSY,RotoWire,345,4.550724637681159,4.785507246376811,-0.23478260869565215,OOPSY,True,e86ed18b302a4d026b747187
pitcher,2026,GS,opportunity,substantial_innings,OOPSY,Steamer,386,4.4974093264248705,4.506739896373057,-0.009330569948186707,OOPSY,True,6fabc218cec9e0d837e65df4
pitcher,2026,GS,opportunity,substantial_innings,RotoWire,Steamer,345,4.846376811594203,4.618999710144927,0.22737710144927537,Steamer,True,873f9434d5fb8c533ad50c6a
pitcher,2026,GS,opportunity,high_innings,ATC,Depth Charts,140,7.275333192142857,7.035714285714286,0.23961890642857142,Depth Charts,True,80dcfa0a115a4b2bd5116834
pitcher,2026,GS,opportunity,high_innings,ATC,OOPSY,140,7.275333192142857,7.035714285714286,0.23961890642857142,OOPSY,True,f257385976eb5212fe47083c
pitcher,2026,GS,opportunity,high_innings,ATC,RotoWire,127,7.313029030708662,7.15748031496063,0.15554871574803197,RotoWire,True,c79c5d5f4128231684463cf7
pitcher,2026,GS,opportunity,high_innings,ATC,Steamer,141,7.4294088432624115,7.201087234042553,0.22832160921985878,Steamer,True,c7557f2e78f4df2eb295dd4d
pitcher,2026,GS,opportunity,high_innings,Depth Charts,OOPSY,140,7.035714285714286,7.035714285714286,0.0,tie,True,3c3100004abce7d9b122799a
pitcher,2026,GS,opportunity,high_innings,Depth Charts,RotoWire,126,6.944444444444445,6.984126984126984,-0.03968253968253954,Depth Charts,True,9c15a7642d446d4ebcd80f3c
pitcher,2026,GS,opportunity,high_innings,Depth Charts,Steamer,140,7.035714285714286,7.045571428571429,-0.00985714285714323,Depth Charts,True,1e30cd0f2d68973efb9cbd55
pitcher,2026,GS,opportunity,high_innings,OOPSY,RotoWire,126,6.944444444444445,6.984126984126984,-0.03968253968253954,OOPSY,True,3a7cb548f8a109551fcee8db
pitcher,2026,GS,opportunity,high_innings,OOPSY,Steamer,140,7.035714285714286,7.045571428571429,-0.00985714285714323,OOPSY,True,844658f99f4b40c8d05b1d1a
pitcher,2026,GS,opportunity,high_innings,RotoWire,Steamer,127,7.15748031496063,7.121049606299213,0.036430708661416844,Steamer,True,b7efeeb503386f619e8373c7
pitcher,2026,K/9,skill,all_matched,ATC,Depth Charts,661,1.4769501396431783,1.4778635336966321,-0.0009133940534538088,ATC,True,6586f70d29db6a929f80dcab
pitcher,2026,K/9,skill,all_matched,ATC,OOPSY,677,1.5027790860656713,1.4921872216593945,0.010591864406276796,OOPSY,True,c6da137fe7e4d398f68ef979
pitcher,2026,K/9,skill,all_matched,ATC,RotoWire,613,1.4922191340865645,1.6005087152366166,-0.10828958115005216,ATC,True,5273c5954440e7d180c80a82
pitcher,2026,K/9,skill,all_matched,ATC,Steamer,680,1.5049851570107389,1.5399502688427464,-0.03496511183200757,ATC,True,5726b4c92f7280abcb65b374
pitcher,2026,K/9,skill,all_matched,Depth Charts,OOPSY,666,1.4781382972835986,1.469022941102263,0.009115356181335521,OOPSY,True,eba9f5b320e425e83c4d14e0
pitcher,2026,K/9,skill,all_matched,Depth Charts,RotoWire,599,1.4693661398018238,1.5721952472934517,-0.10282910749162788,Depth Charts,True,439d6bc0de785fa77297db76
pitcher,2026,K/9,skill,all_matched,Depth Charts,Steamer,664,1.4745097915371974,1.5074050213209806,-0.03289522978378323,Depth Charts,True,9a758305f81e8c585155c8eb
pitcher,2026,K/9,skill,all_matched,OOPSY,RotoWire,709,1.6015115880101247,1.6881726480185688,-0.08666106000844409,OOPSY,True,cfaa67e478124a9786d06b29
pitcher,2026,K/9,skill,all_matched,OOPSY,Steamer,793,1.5992746374206173,1.6386418715398394,-0.03936723411922216,OOPSY,True,fa84a25aa63e932fa37be1a8
pitcher,2026,K/9,skill,all_matched,RotoWire,Steamer,711,1.6842204205137619,1.6279316043081486,0.05628881620561321,Steamer,True,f616104a4ddac4dd14d56f8f
pitcher,2026,K/9,skill,substantial_innings,ATC,Depth Charts,379,1.079239903720582,1.0809069870803154,-0.0016670833597334234,ATC,True,c993431414ee55b5de5cb782
pitcher,2026,K/9,skill,substantial_innings,ATC,OOPSY,380,1.083499564157015,1.0731760867196036,0.010323477437411466,OOPSY,True,164adb3adc8c06afae10b895
pitcher,2026,K/9,skill,substantial_innings,ATC,RotoWire,340,1.0671510477584478,1.1981097818791306,-0.13095873412068282,ATC,True,0e5ffe8b6eb8f0bc79dbaa81
pitcher,2026,K/9,skill,substantial_innings,ATC,Steamer,380,1.0847845659701143,1.1143310953990107,-0.02954652942889635,ATC,True,b800a6dab744df07a8a5989f
pitcher,2026,K/9,skill,substantial_innings,Depth Charts,OOPSY,381,1.078652827138929,1.0649076407358968,0.013745186403032239,OOPSY,True,da9b4c17d814083ef13aceb1
pitcher,2026,K/9,skill,substantial_innings,Depth Charts,RotoWire,339,1.0627760325920508,1.1940220521186857,-0.13124601952663495,Depth Charts,True,ee7927670a473bbed0d86f41
pitcher,2026,K/9,skill,substantial_innings,Depth Charts,Steamer,380,1.0794748341845108,1.107693404157252,-0.02821856997274108,Depth Charts,True,08fcc4acd658504492824eb4
pitcher,2026,K/9,skill,substantial_innings,OOPSY,RotoWire,345,1.058728283848145,1.2007606161437594,-0.1420323322956143,OOPSY,True,39f7b4d3fe1d8b093df31163
pitcher,2026,K/9,skill,substantial_innings,OOPSY,Steamer,386,1.0733223297895045,1.1181907525417571,-0.04486842275225267,OOPSY,True,7b1b71b00c348667f7c32af2
pitcher,2026,K/9,skill,substantial_innings,RotoWire,Steamer,345,1.2027157204585812,1.1066122701079624,0.09610345035061885,Steamer,True,7b23a64b7456f404fba79570
pitcher,2026,K/9,skill,high_innings,ATC,Depth Charts,140,0.9215815796262745,0.9175181173088987,0.0040634623173758655,Depth Charts,True,cd5fa117b5e3090e3b01405e
pitcher,2026,K/9,skill,high_innings,ATC,OOPSY,140,0.9215815796262745,0.9172397949525024,0.004341784673772109,OOPSY,True,2e9abe740da7681c787ce02f
pitcher,2026,K/9,skill,high_innings,ATC,RotoWire,127,0.9351975816272756,1.017706664387896,-0.08250908276062041,ATC,True,7f0dad94a02fa72b68612735
pitcher,2026,K/9,skill,high_innings,ATC,Steamer,141,0.9189630637338585,0.9353033512967779,-0.016340287562919387,ATC,True,605563b14e171c8b9184d2de
pitcher,2026,K/9,skill,high_innings,Depth Charts,OOPSY,140,0.9175181173088987,0.9172397949525024,0.00027832235639624336,OOPSY,True,b6d05766447a638ac5576517
pitcher,2026,K/9,skill,high_innings,Depth Charts,RotoWire,126,0.9352805341542519,1.018135758241803,-0.08285522408755097,Depth Charts,True,b420bb3771e303d24892515b
pitcher,2026,K/9,skill,high_innings,Depth Charts,Steamer,140,0.9175181173088987,0.9370216549575006,-0.01950353764860191,Depth Charts,True,d34e9edd9d35daacee9eccd0
pitcher,2026,K/9,skill,high_innings,OOPSY,RotoWire,126,0.9201893688834492,1.018135758241803,-0.09794638935835376,OOPSY,True,4b03ff6f45fa6f98559caef4
pitcher,2026,K/9,skill,high_innings,OOPSY,Steamer,140,0.9172397949525024,0.9370216549575006,-0.019781860004998153,OOPSY,True,005b7303f7313bdaa92eeea0
pitcher,2026,K/9,skill,high_innings,RotoWire,Steamer,127,1.017706664387896,0.9538064992135646,0.06390016517433139,Steamer,True,5d76ddaf5eab78f61ac9dd5d
pitcher,2026,BB/9,skill,all_matched,ATC,Depth Charts,661,1.2648500625938577,1.2700442813818242,-0.0051942187879665536,ATC,True,e7e5895cae6631eddcb21a49
pitcher,2026,BB/9,skill,all_matched,ATC,OOPSY,677,1.3035120875584119,1.2836792381330833,0.01983284942532859,OOPSY,True,113a923182f05b6a8dd48072
pitcher,2026,BB/9,skill,all_matched,ATC,RotoWire,613,1.3110101417642634,1.4237483493920902,-0.11273820762782671,ATC,True,598f796d0d1ad1a02256ebbf
pitcher,2026,BB/9,skill,all_matched,ATC,Steamer,680,1.3006518831275862,1.324250223811175,-0.023598340683588903,ATC,True,73c21bd9e7a5cc20972b98e6
pitcher,2026,BB/9,skill,all_matched,Depth Charts,OOPSY,666,1.2660600561125124,1.242095124875797,0.023964931236715392,OOPSY,True,d32013447cb89737cd5d65c0
pitcher,2026,BB/9,skill,all_matched,Depth Charts,RotoWire,599,1.279112885176228,1.3894480080818523,-0.11033512290562442,Depth Charts,True,918f4b495a64c2bfaf68b271
pitcher,2026,BB/9,skill,all_matched,Depth Charts,Steamer,664,1.2671488554069683,1.2895964974744032,-0.02244764206743488,Depth Charts,True,09fd754d2d7a9c5d7fee6760
pitcher,2026,BB/9,skill,all_matched,OOPSY,RotoWire,709,1.4294712460701418,1.5756207391017445,-0.14614949303160274,OOPSY,True,9bdc8663d845463d6ea049ee
pitcher,2026,BB/9,skill,all_matched,OOPSY,Steamer,793,1.4360618100535465,1.480288692412703,-0.044226882359156505,OOPSY,True,041acc4b37878b639950c1cc
pitcher,2026,BB/9,skill,all_matched,RotoWire,Steamer,711,1.5753064752856767,1.4762789241707284,0.09902755111494832,Steamer,True,8c8e8ce36b5c3cd122000aa7
pitcher,2026,BB/9,skill,substantial_innings,ATC,Depth Charts,379,0.6648458476212018,0.656136812210833,0.008709035410368826,Depth Charts,True,212fd55f9a01e689f1ae886f
pitcher,2026,BB/9,skill,substantial_innings,ATC,OOPSY,380,0.6664142143837546,0.6631250003642315,0.00328921401952309,OOPSY,True,72a0866f7fdece524af8cc3d
pitcher,2026,BB/9,skill,substantial_innings,ATC,RotoWire,340,0.6730760580298029,0.7768095316444549,-0.10373347361465202,ATC,True,49fe0bdee44c00c0ca02e938
pitcher,2026,BB/9,skill,substantial_innings,ATC,Steamer,380,0.6639768762254428,0.6737490550275755,-0.00977217880213277,ATC,True,ae628abb17d4bd60d893d9a9
pitcher,2026,BB/9,skill,substantial_innings,Depth Charts,OOPSY,381,0.659750238611543,0.6670947874123592,-0.007344548800816142,Depth Charts,True,f634602c3644b1a3eacfcc2b
pitcher,2026,BB/9,skill,substantial_innings,Depth Charts,RotoWire,339,0.6710644287493654,0.7828605815041775,-0.11179615275481203,Depth Charts,True,d6951a4ae4ac3946b214e408
pitcher,2026,BB/9,skill,substantial_innings,Depth Charts,Steamer,380,0.6582854672036603,0.6793075786913978,-0.02102211148773747,Depth Charts,True,323568c736fa56ad0c170fc1
pitcher,2026,BB/9,skill,substantial_innings,OOPSY,RotoWire,345,0.6745887077652803,0.7853852540783802,-0.11079654631309988,OOPSY,True,9bd96480ee90ed097da1ebbe
pitcher,2026,BB/9,skill,substantial_innings,OOPSY,Steamer,386,0.661317411310152,0.6774647410309532,-0.01614732972080124,OOPSY,True,5f97dea57fb702732dbcf3b4
pitcher,2026,BB/9,skill,substantial_innings,RotoWire,Steamer,345,0.7836483888605293,0.6869947696586368,0.09665361920189253,Steamer,True,27ba7a95aff959d45d283bc1
pitcher,2026,BB/9,skill,high_innings,ATC,Depth Charts,140,0.5107442891175207,0.5028843131930275,0.007859975924493168,Depth Charts,True,37997e37b9a9492a94f2dcaf
pitcher,2026,BB/9,skill,high_innings,ATC,OOPSY,140,0.5107442891175207,0.5353626107395683,-0.02461832162204758,ATC,True,a04015ff04c2099c239a6604
pitcher,2026,BB/9,skill,high_innings,ATC,RotoWire,127,0.5138078003115092,0.6049915400124013,-0.09118373970089211,ATC,True,24b7c4f78e4469d949a87e42
pitcher,2026,BB/9,skill,high_innings,ATC,Steamer,141,0.5096680521269596,0.5110013575535576,-0.0013333054265979305,ATC,True,532ca0131e429fdc846ebb52
pitcher,2026,BB/9,skill,high_innings,Depth Charts,OOPSY,140,0.5028843131930275,0.5353626107395683,-0.032478297546540746,Depth Charts,True,2463afb47673beba4387bea9
pitcher,2026,BB/9,skill,high_innings,Depth Charts,RotoWire,126,0.5069280461643951,0.6032147675248137,-0.0962867213604186,Depth Charts,True,223204feacd5979fb190e565
pitcher,2026,BB/9,skill,high_innings,Depth Charts,Steamer,140,0.5028843131930275,0.5143051895828799,-0.011420876389852341,Depth Charts,True,8fa6151994669e2c7ff46521
pitcher,2026,BB/9,skill,high_innings,OOPSY,RotoWire,126,0.5369070877006787,0.6032147675248137,-0.06630767982413499,OOPSY,True,fdfa4e8321fd8ac4e8c4a53b
pitcher,2026,BB/9,skill,high_innings,OOPSY,Steamer,140,0.5353626107395683,0.5143051895828799,0.021057421156688405,Steamer,True,e73784f9acd5bea0e55afa6b
pitcher,2026,BB/9,skill,high_innings,RotoWire,Steamer,127,0.6049915400124013,0.515475286494028,0.08951625351837333,Steamer,True,3cb37e31719c6b3e70d23b04
pitcher,2026,HR/9,skill,all_matched,ATC,Depth Charts,661,0.5900160612839302,0.5934341979901638,-0.0034181367062335877,ATC,True,42df406c1cbd6cacafc6cd75
pitcher,2026,HR/9,skill,all_matched,ATC,OOPSY,677,0.6212505938282341,0.6202065174312484,0.0010440763969856715,OOPSY,True,a5e94f6ec6484f94410ca5af
pitcher,2026,HR/9,skill,all_matched,ATC,RotoWire,613,0.6200660563082909,0.721035011343484,-0.1009689550351931,ATC,True,bb12177679b75aff059b3b8f
pitcher,2026,HR/9,skill,all_matched,ATC,Steamer,680,0.6224895261633774,0.6237373864428374,-0.0012478602794600002,ATC,True,12a65dbe65582c5a0437160b
pitcher,2026,HR/9,skill,all_matched,Depth Charts,OOPSY,666,0.5911029144221573,0.5878583501187225,0.0032445643034348937,OOPSY,True,4784b07dd9267860c1d74d66
pitcher,2026,HR/9,skill,all_matched,Depth Charts,RotoWire,599,0.5851798332314078,0.683356164575667,-0.09817633134425918,Depth Charts,True,0d47ac7179951d57e3026d78
pitcher,2026,HR/9,skill,all_matched,Depth Charts,Steamer,664,0.5905744497276991,0.5900316404313323,0.0005428092963668529,Steamer,True,5bdefe188856d4b3f29dd885
pitcher,2026,HR/9,skill,all_matched,OOPSY,RotoWire,709,0.6758078708952049,0.8191408003725442,-0.14333292947733933,OOPSY,True,b2177700526b1e588b8af868
pitcher,2026,HR/9,skill,all_matched,OOPSY,Steamer,793,0.683366963552795,0.6843753675331246,-0.0010084039803295308,OOPSY,True,44758b576b4bda65e79516f9
pitcher,2026,HR/9,skill,all_matched,RotoWire,Steamer,711,0.8199542109472694,0.6780272083951177,0.14192700255215174,Steamer,True,69cadb9ba0304633b9f86fe7
pitcher,2026,HR/9,skill,substantial_innings,ATC,Depth Charts,379,0.32049880345791565,0.3239870768788539,-0.0034882734209382704,ATC,True,a430e1eb00aa7181f06a1334
pitcher,2026,HR/9,skill,substantial_innings,ATC,OOPSY,380,0.32003618875774037,0.322353459171875,-0.0023172704141346534,ATC,True,a0290ae20feaef9149e19871
pitcher,2026,HR/9,skill,substantial_innings,ATC,RotoWire,340,0.3195566061997128,0.4038834193280115,-0.08432681312829865,ATC,True,d12ab68f279019fb9ecc4736
pitcher,2026,HR/9,skill,substantial_innings,ATC,Steamer,380,0.3186576200262533,0.3204005800291084,-0.0017429600028550651,ATC,True,0902acb6e9c9d80f140cd426
pitcher,2026,HR/9,skill,substantial_innings,Depth Charts,OOPSY,381,0.3230514422159271,0.3219826682811122,0.0010687739348148595,OOPSY,True,0e6aa492e82879375b10afb6
pitcher,2026,HR/9,skill,substantial_innings,Depth Charts,RotoWire,339,0.3224491859176941,0.4013731244626979,-0.07892393854500379,Depth Charts,True,2fcd795a817ad46caacd6e87
pitcher,2026,HR/9,skill,substantial_innings,Depth Charts,Steamer,380,0.32096600739354425,0.32052566311604247,0.00044034427750178073,Steamer,True,899a61b23da29c4d4129cb35
pitcher,2026,HR/9,skill,substantial_innings,OOPSY,RotoWire,345,0.3193023041196826,0.417581370795941,-0.09827906667625841,OOPSY,True,68d03916b84352c51bd31c39
pitcher,2026,HR/9,skill,substantial_innings,OOPSY,Steamer,386,0.31892345519340193,0.31755550712012154,0.0013679480732803895,Steamer,True,3fa78c77eae97285cc627313
pitcher,2026,HR/9,skill,substantial_innings,RotoWire,Steamer,345,0.4190668378045354,0.3154747050676769,0.10359213273685852,Steamer,True,f37e2afa6786860dd92f2457
pitcher,2026,HR/9,skill,high_innings,ATC,Depth Charts,140,0.23499268923179864,0.23094948752291516,0.004043201708883476,Depth Charts,True,2297c66cb22a3080ab1cbb32
pitcher,2026,HR/9,skill,high_innings,ATC,OOPSY,140,0.23499268923179864,0.23640469008500448,-0.001412000853205836,ATC,True,12c88119973aa032c0ae0cf2
pitcher,2026,HR/9,skill,high_innings,ATC,RotoWire,127,0.23493078459596226,0.3060286731128795,-0.07109788851691726,ATC,True,6bbc8321139fa818fc364ce5
pitcher,2026,HR/9,skill,high_innings,ATC,Steamer,141,0.234926574817079,0.23660669335819892,-0.0016801185411199349,ATC,True,8f301858aaee764297edc949
pitcher,2026,HR/9,skill,high_innings,Depth Charts,OOPSY,140,0.23094948752291516,0.23640469008500448,-0.005455202562089312,Depth Charts,True,73e34c4569b79d0cfeda708a
pitcher,2026,HR/9,skill,high_innings,Depth Charts,RotoWire,126,0.23139170492793135,0.30065692096898433,-0.06926521604105298,Depth Charts,True,32c6c14efa5bf8a8f618e25b
pitcher,2026,HR/9,skill,high_innings,Depth Charts,Steamer,140,0.23094948752291516,0.23620295147678375,-0.005253463953868581,Depth Charts,True,79ee06e1a968fbe041faad1d
pitcher,2026,HR/9,skill,high_innings,OOPSY,RotoWire,126,0.2372134964622157,0.30065692096898433,-0.06344342450676863,OOPSY,True,4a755d4e54440967bfb29cca
pitcher,2026,HR/9,skill,high_innings,OOPSY,Steamer,140,0.23640469008500448,0.23620295147678375,0.00020173860822073064,Steamer,True,f22e87cc7bab659ac2ef79b0
pitcher,2026,HR/9,skill,high_innings,RotoWire,Steamer,127,0.3060286731128795,0.23686784828828703,0.06916082482459249,Steamer,True,82eae2df4adb5c4554d76340
pitcher,2026,K%,skill,all_matched,ATC,Depth Charts,661,0.03960081037821483,0.039483705658093796,0.00011710472012103207,Depth Charts,True,71b18f636b8e4847a3850fde
pitcher,2026,K%,skill,all_matched,ATC,OOPSY,677,0.040092947828655835,0.0397616294239291,0.00033131840472673535,OOPSY,True,db4ed8d97b37f006bddf637d
pitcher,2026,K%,skill,all_matched,ATC,Steamer,680,0.040126954779411764,0.04071408395588235,-0.0005871291764705869,ATC,True,5efe224f7061c95ec39a758d
pitcher,2026,K%,skill,all_matched,Depth Charts,OOPSY,666,0.03954049599099099,0.0394027156006006,0.0001377803903903907,OOPSY,True,c592a2aa63cee1e14f89d204
pitcher,2026,K%,skill,all_matched,Depth Charts,Steamer,664,0.03945783082831325,0.04008283579819277,-0.0006250049698795224,Depth Charts,True,54ae74771effc3289fe4a8ae
pitcher,2026,K%,skill,all_matched,OOPSY,Steamer,793,0.042715679546027736,0.04359178766708701,-0.0008761081210592742,OOPSY,True,a48bad1ea9784047fc018640
pitcher,2026,K%,skill,substantial_innings,ATC,Depth Charts,379,0.0312192726121372,0.031223427546174142,-4.1549340369408105e-06,ATC,True,25e0cd76a584531f5e09bbe1
pitcher,2026,K%,skill,substantial_innings,ATC,OOPSY,380,0.03134193952631579,0.030929153631578946,0.0004127858947368425,OOPSY,True,957555870d17cc109e91cb56
pitcher,2026,K%,skill,substantial_innings,ATC,Steamer,380,0.031362484236842104,0.03183359892105263,-0.0004711146842105232,ATC,True,2a69485d33b121eec3b820df
pitcher,2026,K%,skill,substantial_innings,Depth Charts,OOPSY,381,0.0312337293175853,0.03082751997375328,0.00040620934383201954,OOPSY,True,27eeec609ee588af2417ffcb
pitcher,2026,K%,skill,substantial_innings,Depth Charts,Steamer,380,0.0313087305,0.03171597634210527,-0.000407245842105268,Depth Charts,True,2aa840fa27556114f194d75d
pitcher,2026,K%,skill,substantial_innings,OOPSY,Steamer,386,0.03095633347150259,0.03194671590673575,-0.00099038243523316,OOPSY,True,8d9142b1492b25511cd25e7a
pitcher,2026,K%,skill,high_innings,ATC,Depth Charts,140,0.027067147785714285,0.0267810695,0.0002860782857142842,Depth Charts,True,9b0a6842dc5bc7c58c41832a
pitcher,2026,K%,skill,high_innings,ATC,OOPSY,140,0.027067147785714285,0.0267520305,0.00031511728571428574,OOPSY,True,dba8eac2ca88c951ee2f22fe
pitcher,2026,K%,skill,high_innings,ATC,Steamer,141,0.026996478014184398,0.027035770921985815,-3.929290780141717e-05,ATC,True,85221bf88b6cbdb96c840462
pitcher,2026,K%,skill,high_innings,Depth Charts,OOPSY,140,0.0267810695,0.0267520305,2.9039000000001536e-05,OOPSY,True,ad6708025b1d51f2c11820c5
pitcher,2026,K%,skill,high_innings,Depth Charts,Steamer,140,0.0267810695,0.02707306421428571,-0.0002919947142857107,Depth Charts,True,e70de1e45f1247145fcd4cba
pitcher,2026,K%,skill,high_innings,OOPSY,Steamer,140,0.0267520305,0.02707306421428571,-0.00032103371428571226,OOPSY,True,42cb94e09bc3a2d54799ab73
pitcher,2026,BB%,skill,all_matched,ATC,Depth Charts,661,0.026881918139183055,0.027110885703479578,-0.00022896756429652276,ATC,True,847cf20767ce6cb1e55823c0
pitcher,2026,BB%,skill,all_matched,ATC,OOPSY,677,0.027755563500738555,0.027376695140324963,0.0003788683604135923,OOPSY,True,03737393776c855612048b05
pitcher,2026,BB%,skill,all_matched,ATC,Steamer,680,0.027684210985294118,0.02824662286764706,-0.000562411882352943,ATC,True,cecf7cd53d8b8499e5056042
pitcher,2026,BB%,skill,all_matched,Depth Charts,OOPSY,666,0.027041029624624624,0.026496758873873875,0.0005442707507507492,OOPSY,True,6cf0a04ed124a843d28d35a1
pitcher,2026,BB%,skill,all_matched,Depth Charts,Steamer,664,0.0270667152560241,0.02746261628012048,-0.0003959010240963817,Depth Charts,True,fb52f5228eaad2536ad75351
pitcher,2026,BB%,skill,all_matched,OOPSY,Steamer,793,0.03016504132408575,0.0310362942370744,-0.0008712529129886494,OOPSY,True,3aab136efdcf806ec07cadbc
pitcher,2026,BB%,skill,substantial_innings,ATC,Depth Charts,379,0.015923479841688654,0.01577801567282322,0.00014546416886543345,Depth Charts,True,69f07206d0d09ff2468fb13c
pitcher,2026,BB%,skill,substantial_innings,ATC,OOPSY,380,0.015959308710526317,0.015845963657894736,0.00011334505263158046,OOPSY,True,a5bc1cd3be5bb01a498288de
pitcher,2026,BB%,skill,substantial_innings,ATC,Steamer,380,0.015900041,0.01619972757894737,-0.0002996865789473696,ATC,True,556e268c8991e3c27a116396
pitcher,2026,BB%,skill,substantial_innings,Depth Charts,OOPSY,381,0.01587187464566929,0.015944142362204726,-7.226771653543601e-05,Depth Charts,True,e5990ef50838044ce01db6cd
pitcher,2026,BB%,skill,substantial_innings,Depth Charts,Steamer,380,0.015843968763157894,0.016348378184210526,-0.0005044094210526311,Depth Charts,True,cfbfce95add6d4fcf649840c
pitcher,2026,BB%,skill,substantial_innings,OOPSY,Steamer,386,0.0158359596373057,0.016268054663212437,-0.0004320950259067355,OOPSY,True,edc36a863f5c220e0da98373
pitcher,2026,BB%,skill,high_innings,ATC,Depth Charts,140,0.012373989785714285,0.012248131357142858,0.00012585842857142787,Depth Charts,True,61cb218eacceec52176498d8
pitcher,2026,BB%,skill,high_innings,ATC,OOPSY,140,0.012373989785714285,0.0129744975,-0.000600507714285714,ATC,True,de84d875ce9b6168010f468f
pitcher,2026,BB%,skill,high_innings,ATC,Steamer,141,0.012343863475177306,0.012385680212765957,-4.181673758865169e-05,ATC,True,af78eee47bfe9a0a374888c0
pitcher,2026,BB%,skill,high_innings,Depth Charts,OOPSY,140,0.012248131357142858,0.0129744975,-0.0007263661428571419,Depth Charts,True,c14e5d5529767bddb65f40ed
pitcher,2026,BB%,skill,high_innings,Depth Charts,Steamer,140,0.012248131357142858,0.01247197492857143,-0.00022384357142857247,Depth Charts,True,3d7101795900b78f5035755d
pitcher,2026,BB%,skill,high_innings,OOPSY,Steamer,140,0.0129744975,0.01247197492857143,0.0005025225714285694,Steamer,True,55f4ef9f2f42ca30cc12a004
pitcher,2026,K-BB%,skill,all_matched,ATC,Depth Charts,661,0.05114172812270159,0.05112473715140717,1.6990971294421342e-05,Depth Charts,True,980c218f57e403afb6771f02
pitcher,2026,K-BB%,skill,all_matched,ATC,OOPSY,677,0.05173739405360056,0.05078476973372972,0.0009526243198708373,OOPSY,True,16aa8698259915bcb0e442a7
pitcher,2026,K-BB%,skill,all_matched,ATC,Steamer,680,0.05176724293559468,0.052834023463352135,-0.0010667805277574521,ATC,True,06f1534ca935084e1fd147d0
pitcher,2026,K-BB%,skill,all_matched,Depth Charts,OOPSY,666,0.05122387138900347,0.0502534632560936,0.0009704081329098696,OOPSY,True,0973462fc5a9353387e2c5d1
pitcher,2026,K-BB%,skill,all_matched,Depth Charts,Steamer,664,0.051128867232760285,0.05205781538391602,-0.0009289481511557326,Depth Charts,True,1d6425589911012de4ffcb3c
pitcher,2026,K-BB%,skill,all_matched,OOPSY,Steamer,793,0.0550644901795428,0.05696415099866384,-0.0018996608191210393,OOPSY,True,dced7548aeea5b4d97113516
pitcher,2026,K-BB%,skill,substantial_innings,ATC,Depth Charts,379,0.036527187246542005,0.03602451505735002,0.0005026721891919841,Depth Charts,True,723f625401a8911548690716
pitcher,2026,K-BB%,skill,substantial_innings,ATC,OOPSY,380,0.03671361856368738,0.03567378158861509,0.0010398369750722891,OOPSY,True,644e026358c31e4d054dff22
pitcher,2026,K-BB%,skill,substantial_innings,ATC,Steamer,380,0.03667489413904677,0.036882420855820254,-0.00020752671677348733,ATC,True,0ac0cf7d0bb14abdec29b1d0
pitcher,2026,K-BB%,skill,substantial_innings,Depth Charts,OOPSY,381,0.036186296348961484,0.03566467999626002,0.0005216163527014678,OOPSY,True,2d60ed1228b19017aff9ae80
pitcher,2026,K-BB%,skill,substantial_innings,Depth Charts,Steamer,380,0.03621904298680258,0.036915051663638364,-0.0006960086768357868,Depth Charts,True,f29f6dc7a0cbf47bd6e8fb7a
pitcher,2026,K-BB%,skill,substantial_innings,OOPSY,Steamer,386,0.03578688994655473,0.03716477792928523,-0.0013778879827304955,OOPSY,True,8f7e062f1511a8cd56f43c6f
pitcher,2026,K-BB%,skill,high_innings,ATC,Depth Charts,140,0.03394833859559563,0.033430660364094804,0.000517678231500826,Depth Charts,True,dbd8392567d0ed22716be2b2
pitcher,2026,K-BB%,skill,high_innings,ATC,OOPSY,140,0.03394833859559563,0.03343887981685209,0.0005094587787435392,OOPSY,True,5014421c97be2a04b1bd2e4a
pitcher,2026,K-BB%,skill,high_innings,ATC,Steamer,141,0.03388649734083933,0.03348078234092043,0.00040571499991889914,Steamer,True,ebf856c4354d0eaf8f0f8bd1
pitcher,2026,K-BB%,skill,high_innings,Depth Charts,OOPSY,140,0.033430660364094804,0.03343887981685209,-8.219452757286805e-06,Depth Charts,True,88dab6c21cbb4a6dde7e5e74
pitcher,2026,K-BB%,skill,high_innings,Depth Charts,Steamer,140,0.033430660364094804,0.03356628487570075,-0.00013562451160594596,Depth Charts,True,64eb5243b85adbfb27d80d3b
pitcher,2026,K-BB%,skill,high_innings,OOPSY,Steamer,140,0.03343887981685209,0.03356628487570075,-0.00012740505884865916,OOPSY,True,20b20fb68de937f899d453af
pitcher,2026,FIP,skill,all_matched,ATC,Depth Charts,661,1.0891861631469577,1.1033413064963478,-0.014155143349390054,ATC,True,fedf9b0360914262222f4fe3
pitcher,2026,FIP,skill,all_matched,ATC,OOPSY,677,1.1307338112612704,1.1201842319020061,0.01054957935926426,OOPSY,True,d0081c99cdd30faa75a72314
pitcher,2026,FIP,skill,all_matched,ATC,Steamer,680,1.1279827499979842,1.1408125793172132,-0.012829829319229047,ATC,True,14be196ffe36ce2d85bb0a00
pitcher,2026,FIP,skill,all_matched,Depth Charts,OOPSY,666,1.1001699766994784,1.0765433311616273,0.0236266455378511,OOPSY,True,bebe8a61f96c08c80c9abb78
pitcher,2026,FIP,skill,all_matched,Depth Charts,Steamer,664,1.0996499616453996,1.0996736173178685,-2.3655672468869682e-05,Depth Charts,True,8aa94491ff783eebbd201855
pitcher,2026,FIP,skill,all_matched,OOPSY,Steamer,793,1.2293948327056705,1.2514136161380287,-0.02201878343235819,OOPSY,True,b79685c4d4ccf2d8d1500016
pitcher,2026,FIP,skill,substantial_innings,ATC,Depth Charts,379,0.6254814495243264,0.631782669917102,-0.006301220392775586,ATC,True,b4ae7971336806c332643076
pitcher,2026,FIP,skill,substantial_innings,ATC,OOPSY,380,0.6257212374652031,0.6294695724536201,-0.003748334988416979,ATC,True,2c8a6a91cc24d9b1602a7139
pitcher,2026,FIP,skill,substantial_innings,ATC,Steamer,380,0.6230137656385014,0.6273636142010398,-0.004349848562538394,ATC,True,49f766e6f70e470d7c1ad5b4
pitcher,2026,FIP,skill,substantial_innings,Depth Charts,OOPSY,381,0.6328137923102011,0.6313051696507167,0.001508622659484371,OOPSY,True,b90cfa3d5286bcd6b58d5fba
pitcher,2026,FIP,skill,substantial_innings,Depth Charts,Steamer,380,0.6296113400318792,0.6289284977289914,0.0006828423028878428,Steamer,True,7c99d0dc7583ddefdc54ff0b
pitcher,2026,FIP,skill,substantial_innings,OOPSY,Steamer,386,0.6236011490791886,0.6255351779863547,-0.0019340289071660965,OOPSY,True,97340f0728712dce85d55b04
pitcher,2026,FIP,skill,high_innings,ATC,Depth Charts,140,0.48901658410033355,0.49344200796369336,-0.004425423863359812,ATC,True,5a9803edfab98b53b633229d
pitcher,2026,FIP,skill,high_innings,ATC,OOPSY,140,0.48901658410033355,0.49390586397776987,-0.004889279877436314,ATC,True,8907fd9df8a420bfbcb23fc1
pitcher,2026,FIP,skill,high_innings,ATC,Steamer,141,0.4888904832480323,0.5007160253364161,-0.011825542088383822,ATC,True,84594c1cd2a1a9ad5a530893
pitcher,2026,FIP,skill,high_innings,Depth Charts,OOPSY,140,0.49344200796369336,0.49390586397776987,-0.00046385601407650245,Depth Charts,True,7b150c5612f18f5879eb508e
pitcher,2026,FIP,skill,high_innings,Depth Charts,Steamer,140,0.49344200796369336,0.5006445943464916,-0.007202586382798193,Depth Charts,True,af76e427e3147094ccfaa377
pitcher,2026,FIP,skill,high_innings,OOPSY,Steamer,140,0.49390586397776987,0.5006445943464916,-0.00673873036872169,OOPSY,True,0ffb3910d19458b072fcda43
pitcher,2026,BABIP,skill,all_matched,ATC,Depth Charts,661,0.043818304112516575,0.0439136887773422,-9.538466482562208e-05,ATC,True,15c34ce4d052fe987c5fe721
pitcher,2026,BABIP,skill,all_matched,ATC,OOPSY,677,0.045091227296422634,0.04490296742599901,0.00018825987042362519,OOPSY,True,11cef76292d94255eef00e6d
pitcher,2026,BABIP,skill,all_matched,ATC,Steamer,680,0.04537094498789168,0.045884134524263244,-0.0005131895363715624,ATC,True,1236362f4a4ed404db8e2ae1
pitcher,2026,BABIP,skill,all_matched,Depth Charts,OOPSY,666,0.043973479727101555,0.043723273080719965,0.00025020664638158996,OOPSY,True,297111acb10d6f5d032273da
pitcher,2026,BABIP,skill,all_matched,Depth Charts,Steamer,664,0.044078116851142664,0.04448025973404531,-0.000402142882902648,Depth Charts,True,fde2e44821613b58eb01a252
pitcher,2026,BABIP,skill,all_matched,OOPSY,Steamer,793,0.04962838370901629,0.050319514731403815,-0.0006911310223875269,OOPSY,True,5cc3dfa2c3bb20ee6666471a
pitcher,2026,BABIP,skill,substantial_innings,ATC,Depth Charts,379,0.027051117179858558,0.027342331764604225,-0.0002912145847456665,ATC,True,678e621d06e64160c0954107
pitcher,2026,BABIP,skill,substantial_innings,ATC,OOPSY,380,0.026989364811993943,0.02679074274816593,0.00019862206382801131,OOPSY,True,5d5ca1ce7e521a3ba960157c
pitcher,2026,BABIP,skill,substantial_innings,ATC,Steamer,380,0.026995657937688402,0.028267660817851946,-0.001272002880163544,ATC,True,064f265af3a86ce9ef233476
pitcher,2026,BABIP,skill,substantial_innings,Depth Charts,OOPSY,381,0.027456480169183096,0.026942209100703718,0.0005142710684793786,OOPSY,True,de0e987fd017159199c6f5d3
pitcher,2026,BABIP,skill,substantial_innings,Depth Charts,Steamer,380,0.027502689566757502,0.028416942250462675,-0.0009142526837051732,Depth Charts,True,69865514fafe7915de8cb53f
pitcher,2026,BABIP,skill,substantial_innings,OOPSY,Steamer,386,0.02710409365986736,0.02859221666172433,-0.0014881230018569669,OOPSY,True,160326c37802e3ed5e58a444
pitcher,2026,BABIP,skill,high_innings,ATC,Depth Charts,140,0.020009161840503966,0.020185486148183277,-0.00017632430767931112,ATC,True,6ff04916a729567504bbb96f
pitcher,2026,BABIP,skill,high_innings,ATC,OOPSY,140,0.020009161840503966,0.020149858169170722,-0.0001406963286667562,ATC,True,aa04c5c0963fac745c0f0da7
pitcher,2026,BABIP,skill,high_innings,ATC,Steamer,141,0.019948256286124403,0.021706095764324786,-0.0017578394782003827,ATC,True,5530876c933fb8531cf15bdc
pitcher,2026,BABIP,skill,high_innings,Depth Charts,OOPSY,140,0.020185486148183277,0.020149858169170722,3.562797901255493e-05,OOPSY,True,2f1871c8dc03375cbe8fe6fa
pitcher,2026,BABIP,skill,high_innings,Depth Charts,Steamer,140,0.020185486148183277,0.021740614457834352,-0.001555128309651075,Depth Charts,True,d1f103ead842155c31165d76
pitcher,2026,BABIP,skill,high_innings,OOPSY,Steamer,140,0.020149858169170722,0.021740614457834352,-0.00159075628866363,OOPSY,True,c3f07caae4ccf2ce1065b1e0
