player_type,season,metric,classification,cohort,exposure,minimum_actual,minimum_projected,comparison,compared_sources,source,sample_id,ranking_eligible,n,mae,rmse,bias,pearson,spearman,rank_mae,normalized_rank_mae,mean_projected,mean_actual,correlation_status
hitter,2024,R,fantasy_outcome,all_matched,PA,0,0,source_specific,"[""Steamer""]",Steamer,bbe619bc852a5987379d7534,True,649,14.82834368813295,20.970106492906908,1.4610570829895502,0.7659053875442267,0.7660722050680216,96.38058551617874,0.14873547147558447,34.34703551134086,32.88597842835131,ok
hitter,2024,R,fantasy_outcome,all_matched,PA,0,0,source_specific,"[""THE BAT X""]",THE BAT X,5b12e93188749abb47f893ff,True,530,15.658311018867924,21.044618308133668,3.750333396226415,0.7305044663795808,0.7211396533281251,85.31509433962265,0.16127617077433393,41.61448433962264,37.864150943396226,ok
hitter,2024,R,fantasy_outcome,established_sample,PA,100,0,source_specific,"[""Steamer""]",Steamer,07d0c490c36357b561ca17f0,True,455,18.39970690729199,23.98647773992579,1.2951275524529782,0.6455283834890944,0.6256993262029974,84.32967032967034,0.18574817253231352,46.363259420584846,45.06813186813187,ok
hitter,2024,R,fantasy_outcome,established_sample,PA,100,0,source_specific,"[""THE BAT X""]",THE BAT X,1e68200e931e5f69f438dd79,True,415,16.95439465060241,22.21722290268413,2.2507619759036146,0.6283557891924815,0.6076342931103246,79.00240963855421,0.19082707642162852,49.311002939759035,47.06024096385542,ok
hitter,2024,R,fantasy_outcome,regular_playing_time,PA,300,0,source_specific,"[""Steamer""]",Steamer,e208b752b78bdfdad262d47e,True,286,17.88526411331096,22.737806626014237,-1.9713387023266795,0.5917710680754179,0.5903213449658042,57.86713286713287,0.2030425714636241,57.58460535361738,59.55594405594405,ok
hitter,2024,R,fantasy_outcome,regular_playing_time,PA,300,0,source_specific,"[""THE BAT X""]",THE BAT X,f3262f6d04f316a3816fa8f0,True,279,15.873059318996416,20.248136128664715,-2.826998387096774,0.6179308042539221,0.6206140944033273,54.0,0.19424460431654678,56.71063602150537,59.53763440860215,ok
hitter,2024,HR,fantasy_outcome,all_matched,PA,0,0,source_specific,"[""Steamer""]",Steamer,5d4eb174b29b00ff1955288e,True,649,4.439074296221562,6.498245396144304,1.0645328553232762,0.7789589539476989,0.7625874646970027,98.33127889060093,0.1517458007571002,9.466690020192306,8.40215716486903,ok
hitter,2024,HR,fantasy_outcome,all_matched,PA,0,0,source_specific,"[""THE BAT X""]",THE BAT X,95bb2fe1a7bf4f19e6d7a910,True,530,4.706046485660377,6.569142182728467,1.236975617735849,0.7664779483136165,0.7516430551387562,79.68301886792453,0.1506295252701787,11.004900146037736,9.767924528301887,ok
hitter,2024,HR,fantasy_outcome,established_sample,PA,100,0,source_specific,"[""Steamer""]",Steamer,a6cabb3171b53dc669319f5d,True,455,5.668407072036803,7.539727016676664,1.170224225574306,0.6995992759287545,0.6570253339943622,81.83956043956044,0.18026334898581595,12.888905544255625,11.718681318681318,ok
hitter,2024,HR,fantasy_outcome,established_sample,PA,100,0,source_specific,"[""THE BAT X""]",THE BAT X,8bc9eb99b9a4a54276eaddba,True,415,5.313276710843373,7.151002923519739,0.9460975638554215,0.706927542777474,0.6597905847244995,72.91807228915663,0.17613060939409814,13.252121660240965,12.306024096385542,ok
hitter,2024,HR,fantasy_outcome,regular_playing_time,PA,300,0,source_specific,"[""Steamer""]",Steamer,6f4a6e2ffb232bd5987f5a4b,True,286,5.744500062027881,7.376537548376457,0.45434273688539445,0.6935660104567317,0.6711779778381773,49.52797202797203,0.1737823579928843,16.25154553408819,15.797202797202797,ok
hitter,2024,HR,fantasy_outcome,regular_playing_time,PA,300,0,source_specific,"[""THE BAT X""]",THE BAT X,39993737ec93b355c8392fec,True,279,5.2269642258064515,6.825333830253232,-0.40396967383512555,0.7265411021108628,0.6947266039449727,46.26881720430107,0.1664345942600758,15.47416652688172,15.878136200716845,ok
hitter,2024,RBI,fantasy_outcome,all_matched,PA,0,0,source_specific,"[""Steamer""]",Steamer,b67f5ac4f61db453e71f3326,True,649,14.452281201599835,20.535678845810413,2.2283924657432435,0.769529805482325,0.7671202823541511,96.74884437596302,0.1493037721851281,33.629008798562964,31.400616332819723,ok
hitter,2024,RBI,fantasy_outcome,all_matched,PA,0,0,source_specific,"[""THE BAT X""]",THE BAT X,52ac7ed311e52ef904173484,True,530,15.044470967924529,20.284399565775498,3.3342957867924525,0.7458626318665352,0.7339578046359537,82.68867924528301,0.1563113029211399,39.638069371698116,36.30377358490566,ok
hitter,2024,RBI,fantasy_outcome,established_sample,PA,100,0,source_specific,"[""Steamer""]",Steamer,1e9d040654db2842ed4c3a14,True,455,17.983857585587998,23.522217462977284,2.0727921129419253,0.650836081736526,0.6298024742091836,83.71428571428571,0.184392699811202,45.46619870634852,43.393406593406596,ok
hitter,2024,RBI,fantasy_outcome,established_sample,PA,100,0,source_specific,"[""THE BAT X""]",THE BAT X,b1f69baa743ee18940ef5ffa,True,415,16.481838,21.6396702265054,1.824252843373494,0.6477929670493884,0.6167390256323276,77.48433734939759,0.18716023514347244,47.23389139759036,45.40963855421687,ok
hitter,2024,RBI,fantasy_outcome,regular_playing_time,PA,300,0,source_specific,"[""Steamer""]",Steamer,36ec44541628c522b2c1a73f,True,286,17.439025490407968,22.311101680001848,-0.7727583754885864,0.6019561328410384,0.6036262068497631,55.53496503496503,0.1948595264384738,56.5174514147212,57.29020979020979,ok
hitter,2024,RBI,fantasy_outcome,regular_playing_time,PA,300,0,source_specific,"[""THE BAT X""]",THE BAT X,796057a011f73d8bf75e8db5,True,279,15.780461720430107,19.971766938193017,-2.882043799283154,0.6477828632526592,0.6436928513367149,51.67383512544803,0.18587710476779867,54.51222143369176,57.39426523297491,ok
hitter,2024,SB,fantasy_outcome,all_matched,PA,0,0,source_specific,"[""Steamer""]",Steamer,f65cf2a8b12c87554c42642e,True,649,3.5756864240794846,6.466704152044603,-0.743965947097928,0.6762327789668813,0.66730124297625,115.36825885978428,0.17803743651201276,4.829223575244137,5.573189522342065,ok
hitter,2024,SB,fantasy_outcome,all_matched,PA,0,0,source_specific,"[""THE BAT X""]",THE BAT X,2f7c8551e14f06fa5426c347,True,530,4.211058258584906,7.1281928115697974,0.12401843745283017,0.6648936947110016,0.6822228903614355,90.08490566037736,0.17029282733530693,6.495716550660378,6.371698113207547,ok
hitter,2024,SB,fantasy_outcome,established_sample,PA,100,0,source_specific,"[""Steamer""]",Steamer,5b62c5b36d08d87fa572a72a,True,455,4.537094041801334,7.395567274473683,-1.211586373092627,0.6540498650675957,0.6248041653187314,85.89010989010988,0.1891852640751319,6.37522681372056,7.5868131868131865,ok
hitter,2024,SB,fantasy_outcome,established_sample,PA,100,0,source_specific,"[""THE BAT X""]",THE BAT X,df11eece52ef462e694a3a00,True,415,4.66802577879518,7.466888929276063,-0.41697182891566265,0.673036604521964,0.687746577359505,69.77349397590362,0.16853500960363194,7.46495588192771,7.881927710843374,ok
hitter,2024,SB,fantasy_outcome,regular_playing_time,PA,300,0,source_specific,"[""Steamer""]",Steamer,47fb35d5d61e4fbf8554077c,True,286,5.268989825282585,8.302238768839006,-2.2282437053932385,0.6663018699214277,0.6459042929414127,51.62237762237762,0.18113114955220216,7.89063741348788,10.118881118881118,ok
hitter,2024,SB,fantasy_outcome,regular_playing_time,PA,300,0,source_specific,"[""THE BAT X""]",THE BAT X,1ddf3f88e3360f178e92db42,True,279,5.233809874193549,8.076718882037424,-1.378096588888889,0.6882378956724039,0.7018956276110005,45.7168458781362,0.16444908589257626,8.686419540143369,10.064516129032258,ok
hitter,2024,AVG,fantasy_outcome,all_matched,PA,0,0,source_specific,"[""Steamer""]",Steamer,8fe73f8d43208bffc8624964,True,649,0.04089831307088082,0.06235720049413338,0.020405913123287652,0.3914326322577963,0.4268525601404669,155.43451463790447,0.23986807814491432,0.24170271221111506,0.22129679908782743,ok
hitter,2024,AVG,fantasy_outcome,all_matched,PA,0,0,source_specific,"[""THE BAT X""]",THE BAT X,649800abfa25f9af717d87e0,True,530,0.03408740211509434,0.05209487470714409,0.014167283696226416,0.41273859588236367,0.4543548747314822,121.82830188679246,0.23029924742304814,0.24307362452830192,0.22890634083207545,ok
hitter,2024,AVG,fantasy_outcome,established_sample,PA,100,0,source_specific,"[""Steamer""]",Steamer,4037237e50a5d3c2be2e985e,True,455,0.025069006117893606,0.03262331677424622,0.010525003420448209,0.4648770449291481,0.4511925473338497,106.8021978021978,0.23524713172290262,0.24802997263583285,0.2375049692153846,ok
hitter,2024,AVG,fantasy_outcome,established_sample,PA,100,0,source_specific,"[""THE BAT X""]",THE BAT X,13362b04f24a56cfd63c292f,True,415,0.024101861722891565,0.03161553338909852,0.008278223530120482,0.484492124866215,0.4577685595477119,95.53253012048192,0.23075490367266166,0.2473961879518072,0.23911796442168673,ok
hitter,2024,AVG,fantasy_outcome,regular_playing_time,PA,300,0,source_specific,"[""Steamer""]",Steamer,ff7c7ef2d7a3a14be90b56be,True,286,0.01920877444337976,0.02451438175631206,0.0039375205412602796,0.52926996954415,0.5191569242586701,62.07692307692308,0.21781376518218626,0.25285025326154,0.24891273272027972,ok
hitter,2024,AVG,fantasy_outcome,regular_playing_time,PA,300,0,source_specific,"[""THE BAT X""]",THE BAT X,153f7ad18374048adb4c540d,True,279,0.018705550462365588,0.02373842976236572,0.002459181129032259,0.56454014257056,0.5454758187853525,58.67025089605735,0.2110440679714293,0.2513062688172043,0.24884708768817204,ok
hitter,2024,OPS,fantasy_outcome,all_matched,PA,0,0,source_specific,"[""Steamer""]",Steamer,12072ccc6f1a7c6b8bfad8c8,True,649,0.12312160624144208,0.1863733831571909,0.07059795245609257,0.4150366528761582,0.4632731111145803,149.36363636363637,0.23049943883277219,0.7129074161325178,0.6423094636764253,ok
hitter,2024,OPS,fantasy_outcome,all_matched,PA,0,0,source_specific,"[""THE BAT X""]",THE BAT X,c9a8d83129b0c44ce0f61b7e,True,530,0.10121514202452829,0.15597668793554775,0.04434174172264151,0.4368883037873433,0.4697333540565976,119.68867924528301,0.22625459214609264,0.7093817754716981,0.6650400337490566,ok
hitter,2024,OPS,fantasy_outcome,established_sample,PA,100,0,source_specific,"[""Steamer""]",Steamer,c031b7ac26253f446c85add5,True,455,0.07788026844742084,0.09920625987871992,0.04211418514491715,0.5154365742477408,0.4523738607786834,106.69450549450549,0.23500992399670814,0.7349881964789831,0.6928740113340659,ok
hitter,2024,OPS,fantasy_outcome,established_sample,PA,100,0,source_specific,"[""THE BAT X""]",THE BAT X,2893e391cdae4e44d655e3ce,True,415,0.07214703848915661,0.0931586056524716,0.027922431804819278,0.547846440634453,0.4551255379009998,94.80240963855422,0.22899132762935803,0.7258556313253013,0.6979331995204818,ok
hitter,2024,OPS,fantasy_outcome,regular_playing_time,PA,300,0,source_specific,"[""Steamer""]",Steamer,3c0e81742a80b2263ba0ee03,True,286,0.061514606002417926,0.07640996534495235,0.02630476016044996,0.5995124169170624,0.4996372049003628,64.38461538461539,0.22591093117408909,0.7523721380101003,0.7260673778496504,ok
hitter,2024,OPS,fantasy_outcome,regular_playing_time,PA,300,0,source_specific,"[""THE BAT X""]",THE BAT X,bdfb94a6adc46504e8794315,True,279,0.056783179064516125,0.07172525336364685,0.014544938347670254,0.6351803212909685,0.5176590524815171,59.505376344086024,0.21404811634563317,0.7408523333333333,0.7263073949856631,ok
hitter,2024,PA,opportunity,all_matched,PA,0,0,source_specific,"[""Steamer""]",Steamer,6f0558d43939ca31d5329cd4,True,649,106.97096116002793,151.48943874008307,-3.052647163761415,0.7823407917794117,0.7821982581208354,92.8135593220339,0.14323080142289182,278.0675377360845,281.1201848998459,ok
hitter,2024,PA,opportunity,all_matched,PA,0,0,source_specific,"[""THE BAT X""]",THE BAT X,56962d2b3b40c0096ac971d5,True,530,111.39594339622641,151.16893986290793,16.50492075471698,0.7372731510480434,0.7383400561407212,82.49245283018868,0.15594036451831508,338.416241509434,321.911320754717,ok
hitter,2024,PA,opportunity,established_sample,PA,100,0,source_specific,"[""Steamer""]",Steamer,ece5c9795cc1e764b2028ff7,True,455,128.84600390235147,170.41319452004225,-10.460583658532782,0.6454137490762317,0.6489981859576944,81.63076923076923,0.17980345645543883,372.8031526052035,383.2637362637363,ok
hitter,2024,PA,opportunity,established_sample,PA,100,0,source_specific,"[""THE BAT X""]",THE BAT X,51a6a231d6b662f6dc6ee9b8,True,415,116.44116144578314,154.75976367764795,-1.0234024096385552,0.6156120859687692,0.6294532463285651,76.75903614457832,0.1854082998661312,397.6681638554217,398.69156626506026,ok
hitter,2024,PA,opportunity,regular_playing_time,PA,300,0,source_specific,"[""Steamer""]",Steamer,5ffdc5467056af7ae427375f,True,286,115.91938632518261,155.93918839707857,-38.22435083089175,0.5863421300548993,0.6186341811692677,54.96153846153846,0.19284750337381915,456.1252995187586,494.34965034965035,ok
hitter,2024,PA,opportunity,regular_playing_time,PA,300,0,source_specific,"[""THE BAT X""]",THE BAT X,68818860a8e361db81daaf25,True,279,105.82410752688172,139.37354900639502,-43.168078853046595,0.6011235855846533,0.6333627895146684,51.82078853046595,0.1864057141383667,451.58102508960576,494.7491039426523,ok
hitter,2024,G,opportunity,all_matched,PA,0,0,source_specific,"[""Steamer""]",Steamer,f79e2785d1bdd9f08b2f05af,True,649,29.926055399175784,40.50703534936041,-12.009198659511487,0.7384675806690734,0.7442922595569883,102.59013867488444,0.1583181152390192,66.05397545451008,78.06317411402158,ok
hitter,2024,G,opportunity,all_matched,PA,0,0,source_specific,"[""THE BAT X""]",THE BAT X,02496ca1abb855d30b2a9ea3,True,530,29.92306603773585,39.389141949321186,-4.025043396226415,0.6635179904094408,0.6675782049215064,94.88867924528302,0.1793736847736919,84.52967358490565,88.55471698113207,ok
hitter,2024,G,opportunity,established_sample,PA,100,0,source_specific,"[""Steamer""]",Steamer,89eb8f32913ded62363e66ea,True,455,35.695406474451445,45.85228558624573,-15.645164731636152,0.5420376233714598,0.5583355603156391,93.05714285714286,0.2049716803020768,88.35263746616604,103.9978021978022,ok
hitter,2024,G,opportunity,established_sample,PA,100,0,source_specific,"[""THE BAT X""]",THE BAT X,b3620d6618a289fdf14a5451,True,415,31.585585542168676,40.79020558465665,-9.52836626506024,0.46707629932714106,0.5106611090518169,90.35421686746987,0.2182469006460625,98.31741686746989,107.84578313253012,ok
hitter,2024,G,opportunity,regular_playing_time,PA,300,0,source_specific,"[""Steamer""]",Steamer,ba5284e1967518c3ae2ebf86,True,286,32.63737750475432,43.92488424619004,-20.95674817467278,0.3859139842127031,0.4294848242567817,67.7027972027972,0.23755367439577965,107.28800707008247,128.24475524475525,ok
hitter,2024,G,opportunity,regular_playing_time,PA,300,0,source_specific,"[""THE BAT X""]",THE BAT X,6d64532bd39595ac9f5eaece,True,279,29.42039784946236,39.01825026697196,-18.1742688172043,0.37028588657901623,0.42714727811711667,65.6989247311828,0.2363270673783554,110.16981720430108,128.34408602150538,ok
hitter,2024,HR_per_PA,skill,all_matched,PA,0,0,source_specific,"[""Steamer""]",Steamer,66f7e7f0612fdc8092a18f24,True,649,0.013174390686371421,0.018760585535385167,0.00488941499519893,0.4783626143019819,0.5502082801460008,134.4191063174114,0.20743689246514105,0.02931374280407913,0.0244243278088802,ok
hitter,2024,HR_per_PA,skill,all_matched,PA,0,0,source_specific,"[""THE BAT X""]",THE BAT X,32458f49ce6ba03a579704df,True,530,0.011490121108554173,0.016100872522615012,0.0035675872708353686,0.5503664343332229,0.582235619143263,105.51320754716981,0.19945785925740986,0.02903286116608844,0.025465273895253073,ok
hitter,2024,HR_per_PA,skill,established_sample,PA,100,0,source_specific,"[""Steamer""]",Steamer,bdc59ea6a29666ab87669366,True,455,0.00929830086556596,0.011658360874076098,0.0032245180642501148,0.6417146783544374,0.6056392381875707,88.6989010989011,0.1953720288522051,0.03153838929942259,0.02831387123517248,ok
hitter,2024,HR_per_PA,skill,established_sample,PA,100,0,source_specific,"[""THE BAT X""]",THE BAT X,629dfdcd2396b469d2bdc9ca,True,415,0.00908650160493259,0.011408576838520179,0.002084682943532555,0.6591196422755098,0.6189005556992775,80.06746987951807,0.193399685699319,0.030733126087341484,0.02864844314380893,ok
hitter,2024,HR_per_PA,skill,regular_playing_time,PA,300,0,source_specific,"[""Steamer""]",Steamer,d4bf41b0a89432e7a5c8d604,True,286,0.008254442417041945,0.01032590594410331,0.0027512877844167653,0.6879446260096808,0.6500045782252784,51.76923076923077,0.1816464237516869,0.033444028227206456,0.03069274044278969,ok
hitter,2024,HR_per_PA,skill,regular_playing_time,PA,300,0,source_specific,"[""THE BAT X""]",THE BAT X,c6e54d398677d6db77a8e144,True,279,0.007995661402809858,0.010000903427638196,0.0014606442110879593,0.7104253167173309,0.6748808417390121,49.458781362007166,0.1779092854748459,0.03227358270870179,0.03081293849761382,ok
hitter,2024,R_per_PA,skill,all_matched,PA,0,0,source_specific,"[""Steamer""]",Steamer,86fff203e31bb5ab41eec4b0,True,649,0.031479313555262275,0.05831764517143577,0.003252382127054298,0.1516804619793486,0.24880469007453318,183.17411402157165,0.2826761018851414,0.11523866029449953,0.11198627816744525,ok
hitter,2024,R_per_PA,skill,all_matched,PA,0,0,source_specific,"[""THE BAT X""]",THE BAT X,60f74f7726812c48a49dddd3,True,530,0.026309708879318966,0.04251539950212313,0.004477814616279035,0.30801922725161124,0.38191566518213266,133.4377358490566,0.2522452473517138,0.11763094354700684,0.1131531289307278,ok
hitter,2024,R_per_PA,skill,established_sample,PA,100,0,source_specific,"[""Steamer""]",Steamer,551f43084e470b9f84c03355,True,455,0.01909959529671854,0.0247237036553336,0.005694714466231453,0.393113003348221,0.3295603817540389,120.5956043956044,0.26562908457181583,0.11887788127858498,0.11318316681235353,ok
hitter,2024,R_per_PA,skill,established_sample,PA,100,0,source_specific,"[""THE BAT X""]",THE BAT X,6b972d6e212f825bef331d5e,True,415,0.018077897023175835,0.023260796939941628,0.005948746019359397,0.48943709408631464,0.4275201062719194,100.12048192771084,0.24183691286886677,0.12006537578694597,0.11411662976758656,ok
hitter,2024,R_per_PA,skill,regular_playing_time,PA,300,0,source_specific,"[""Steamer""]",Steamer,940dc729405256632e61a220,True,286,0.016411525363013685,0.020299992557300323,0.0037978375834641976,0.43241400359671195,0.31760395609679815,76.2062937062937,0.2673905042326095,0.12244757590177942,0.11864973831831521,ok
hitter,2024,R_per_PA,skill,regular_playing_time,PA,300,0,source_specific,"[""THE BAT X""]",THE BAT X,75f48841065bb7d37699a541,True,279,0.015182918243134716,0.018711517079154,0.0042179163405849035,0.5472410358513357,0.44869996593509376,66.53763440860214,0.2393440086640365,0.12267563484272409,0.11845771850213917,ok
hitter,2024,RBI_per_PA,skill,all_matched,PA,0,0,source_specific,"[""Steamer""]",Steamer,19ff4a6bd74ee48ecafbfc4c,True,649,0.03339761918172475,0.04884912483514421,0.014767250250608939,0.400427083744617,0.49419436179983495,143.75038520801232,0.22183701420989554,0.11211057144769437,0.09734332119708543,ok
hitter,2024,RBI_per_PA,skill,all_matched,PA,0,0,source_specific,"[""THE BAT X""]",THE BAT X,37ba136534f0b9535f19a8c7,True,530,0.028491281052403467,0.04317564675893778,0.007895960932209666,0.3993573922699601,0.4927916149163503,118.73018867924529,0.2244427007169098,0.11040581904486346,0.1025098581126538,ok
hitter,2024,RBI_per_PA,skill,established_sample,PA,100,0,source_specific,"[""Steamer""]",Steamer,6a6fe2d085d65bb84ce4fc1a,True,455,0.02134518098773221,0.027292499644242997,0.007921095559359896,0.49834711640624874,0.48746082667860924,101.6923076923077,0.22399186716367334,0.11662006507480378,0.10869896951544389,ok
hitter,2024,RBI_per_PA,skill,established_sample,PA,100,0,source_specific,"[""THE BAT X""]",THE BAT X,74cee732312f6d698dab486e,True,415,0.02033783754923601,0.026392873473743923,0.004119674639011783,0.5086786458305176,0.4928714349938365,94.5132530120482,0.228292881671614,0.11402065501738692,0.10990098037837515,ok
hitter,2024,RBI_per_PA,skill,regular_playing_time,PA,300,0,source_specific,"[""Steamer""]",Steamer,39c9c721a840d340e4035b7a,True,286,0.017475713235794936,0.022578432050034652,0.0066406861923776995,0.5521265940588861,0.5244893324168739,61.5,0.21578947368421053,0.1203565931133374,0.1137159069209597,ok
hitter,2024,RBI_per_PA,skill,regular_playing_time,PA,300,0,source_specific,"[""THE BAT X""]",THE BAT X,d9808927fd4dd715c7ef8c42,True,279,0.016667765454234665,0.021433547019927522,0.0032477621679921015,0.5911952673200445,0.5612446495526104,58.35125448028674,0.2098965988499523,0.11706610459459701,0.11381834242660491,ok
hitter,2024,SB_per_PA,skill,all_matched,PA,0,0,source_specific,"[""Steamer""]",Steamer,7d85e6179187f3e1360ca0d9,True,649,0.014816519074942454,0.04739665551677601,-0.004560878864208079,0.4178889636790951,0.6254892368734355,123.61325115562404,0.19076119005497538,0.01718476843949789,0.021745647303705967,ok
hitter,2024,SB_per_PA,skill,all_matched,PA,0,0,source_specific,"[""THE BAT X""]",THE BAT X,e2046484010e59f3e96ea2b1,True,530,0.01269079681404411,0.028780900625967373,-0.0019641792256255832,0.5795807143174917,0.6835220104057561,90.32452830188679,0.17074580019260263,0.019042978204985996,0.02100715743061158,ok
hitter,2024,SB_per_PA,skill,established_sample,PA,100,0,source_specific,"[""Steamer""]",Steamer,66404b373d8ca842543e538b,True,455,0.009719735235340008,0.015633345614521545,-0.0027696885830019633,0.7408775902017477,0.7444861624334117,72.13406593406593,0.15888560778428618,0.016565502823889685,0.01933519140689165,ok
hitter,2024,SB_per_PA,skill,established_sample,PA,100,0,source_specific,"[""THE BAT X""]",THE BAT X,0eef54aa4e56688b293440d9,True,415,0.009669561063601265,0.015226115033760921,-0.0009503996886279923,0.7470032541731825,0.764810558429852,61.75180722891566,0.14915895465921658,0.018448564213342903,0.019398963901970896,ok
hitter,2024,SB_per_PA,skill,regular_playing_time,PA,300,0,source_specific,"[""Steamer""]",Steamer,26dad10a6a0da9ea0913aac5,True,286,0.009070636254115324,0.01381943676445637,-0.003310122196861174,0.7690850609633054,0.797456740617369,39.43356643356643,0.13836339099496994,0.01719544064043278,0.02050556283729395,ok
hitter,2024,SB_per_PA,skill,regular_playing_time,PA,300,0,source_specific,"[""THE BAT X""]",THE BAT X,657aa0003b33ce298deb8e77,True,279,0.008978807083077679,0.01316157190182984,-0.0012375189915478583,0.7775385544096157,0.8052356914878125,37.27956989247312,0.13409917227508317,0.019134860056967035,0.020372379048514893,ok
hitter,2024,K%,skill,all_matched,PA,0,0,source_specific,"[""Steamer""]",Steamer,a870be17a3b4684e0fde075e,True,649,0.046658787348657596,0.08070512076065908,-0.012787189323438771,0.5912581734422218,0.6844403870540327,104.64560862865947,0.16149013677262264,0.23752223238534398,0.25030942170878273,ok
hitter,2024,K%,skill,all_matched,PA,0,0,source_specific,"[""THE BAT X""]",THE BAT X,270e50b0b6d10c52de385025,True,530,0.037082050760377364,0.0582359681109293,-0.008406221560377361,0.68534843525495,0.7383292982668753,78.52830188679245,0.148446695438171,0.23127540358490567,0.23968162514528302,ok
hitter,2024,K%,skill,established_sample,PA,100,0,source_specific,"[""Steamer""]",Steamer,f0d5cbd75d2178b1f767f1a8,True,455,0.029291212003549987,0.03815465419546389,-0.0031801418725323004,0.7977300684441015,0.7944348884679275,61.76923076923077,0.13605557438156557,0.22790018374285234,0.2310803256153846,ok
hitter,2024,K%,skill,established_sample,PA,100,0,source_specific,"[""THE BAT X""]",THE BAT X,601b1a56a8c34647efdc8740,True,415,0.027749835725301205,0.03614101857596977,-0.003366347426506026,0.8075200824824444,0.8044725416136961,55.563855421686746,0.13421221116349455,0.22485566843373495,0.22822201586024096,ok
hitter,2024,K%,skill,regular_playing_time,PA,300,0,source_specific,"[""Steamer""]",Steamer,b960168f6c0e1a864b94f36d,True,286,0.024558696742779773,0.031607593539004386,0.0018779902175137264,0.8416294280898574,0.8472457634455121,33.79020979020979,0.1185621396147712,0.21958645555667458,0.21770846533916086,ok
hitter,2024,K%,skill,regular_playing_time,PA,300,0,source_specific,"[""THE BAT X""]",THE BAT X,831ed3f4d4c88e2183490922,True,279,0.024584557956989245,0.03204094459417716,0.0002482980860215036,0.8407623993403354,0.8413689128108474,33.74551971326165,0.12138676155849515,0.21759931684587813,0.21735101875985663,ok
hitter,2024,BB%,skill,all_matched,PA,0,0,source_specific,"[""Steamer""]",Steamer,8eed6808985533aa2d2fbdad,True,649,0.026177757779248165,0.03658156480292416,0.010076825899646253,0.4665835816039963,0.5330581890562107,137.16795069337442,0.21167893625520745,0.0867619351908635,0.07668510929121726,ok
hitter,2024,BB%,skill,all_matched,PA,0,0,source_specific,"[""THE BAT X""]",THE BAT X,c8137bf45349e78b7192435c,True,530,0.021166256541509432,0.03129841834279979,0.0020841422094339626,0.5264750154652703,0.6030459551318887,102.29056603773584,0.19336590933409423,0.08156276773584906,0.07947862552641509,ok
hitter,2024,BB%,skill,established_sample,PA,100,0,source_specific,"[""Steamer""]",Steamer,42f64565d897fe41a704a83b,True,455,0.017668355038179807,0.021956110154148945,0.007771077232836759,0.6847356306196526,0.6663364608618529,83.2989010989011,0.18347775572445177,0.08790987997569391,0.08013880274285715,ok
hitter,2024,BB%,skill,established_sample,PA,100,0,source_specific,"[""THE BAT X""]",THE BAT X,18d136bd0190ebe639828abc,True,415,0.015184735930120482,0.01931525636377686,0.002438116918072289,0.7310477074947961,0.707877775823362,69.3421686746988,0.1674931610499971,0.08309864120481927,0.08066052428674698,ok
hitter,2024,BB%,skill,regular_playing_time,PA,300,0,source_specific,"[""Steamer""]",Steamer,473ce1cacd1625f85f5ef5a9,True,286,0.01668313679857356,0.02069969831295713,0.007126870301321072,0.7133794506213188,0.6992684326235572,49.87762237762238,0.17500920132499082,0.0888685033362861,0.08174163303496504,ok
hitter,2024,BB%,skill,regular_playing_time,PA,300,0,source_specific,"[""THE BAT X""]",THE BAT X,565dd0b30092fabc9b0300b5,True,279,0.014832856860215052,0.018955058861255418,0.00295445064516129,0.7345278023850567,0.707270190296335,47.00358422939068,0.16907764111291612,0.08465520071684589,0.08170075007168458,ok
hitter,2024,ISO,skill,all_matched,PA,0,0,source_specific,"[""Steamer""]",Steamer,fe4ad12b5b633923bfadce8d,True,649,0.053655902685618324,0.07899327863521148,0.023142393373204142,0.44513074158845534,0.5349877420955226,137.75963020030818,0.21259202191405582,0.15640757533468333,0.13326518196147918,ok
hitter,2024,ISO,skill,all_matched,PA,0,0,source_specific,"[""THE BAT X""]",THE BAT X,101b8e36a8ae6e02a2786f0f,True,530,0.046194843977358485,0.06863680857786676,0.015280202766037738,0.49532517815122107,0.5616914785783719,109.22452830188679,0.2064735884723758,0.15443309886792453,0.1391528961018868,ok
hitter,2024,ISO,skill,established_sample,PA,100,0,source_specific,"[""Steamer""]",Steamer,45453a908fe1917bae344b33,True,455,0.03629076230120361,0.04576358747611771,0.015967473757788123,0.6251019673666893,0.5858047451069142,91.75824175824175,0.20211066466573074,0.1655140677072387,0.14954659394945055,ok
hitter,2024,ISO,skill,established_sample,PA,100,0,source_specific,"[""THE BAT X""]",THE BAT X,df1b8e4402f4f0d2581a3ced,True,415,0.034704354089156626,0.043946540393273247,0.01032624464819277,0.6473680799137498,0.6038405658223475,82.48192771084338,0.19923170944648158,0.16136788361445784,0.15104163896626507,ok
hitter,2024,ISO,skill,regular_playing_time,PA,300,0,source_specific,"[""Steamer""]",Steamer,90213f76ce993b136d0c19de,True,286,0.03120481926076268,0.03863303870849146,0.013100083747887292,0.6834379166060472,0.6424067766965832,52.77622377622377,0.1851797325481536,0.17319717374439078,0.16009708999650352,ok
hitter,2024,ISO,skill,regular_playing_time,PA,300,0,source_specific,"[""THE BAT X""]",THE BAT X,bcf80729ee95480cb96a36b9,True,279,0.029344383555555558,0.03676431300916227,0.00747176523297491,0.7065145962975857,0.6674480702740613,50.30465949820788,0.1809520125834816,0.16791836487455197,0.16044659964157706,ok
hitter,2024,BABIP,skill,all_matched,PA,0,0,source_specific,"[""Steamer""]",Steamer,9d9afbdff29779517de53199,True,649,0.049861786186269644,0.07772207377722688,0.020528973208068613,0.21108352250732726,0.2827617915001248,176.85362095531588,0.27292225456067265,0.2947825157689315,0.2742535425608629,ok
hitter,2024,BABIP,skill,all_matched,PA,0,0,source_specific,"[""THE BAT X""]",THE BAT X,0be03d7a1c5a5156e9d1370d,True,530,0.04043633530188679,0.06206134064160996,0.01324638013207547,0.27714321819998616,0.34183544199407434,136.8,0.25860113421550096,0.2939002301886792,0.28065385005660376,ok
hitter,2024,BABIP,skill,established_sample,PA,100,0,source_specific,"[""Steamer""]",Steamer,03d87ac84da1b527c7621443,True,455,0.029420096725396385,0.038590329283547886,0.009914644883547132,0.3677836648184822,0.38425984610239444,114.56043956043956,0.2523357699569153,0.2967731278637669,0.28685848298021976,ok
hitter,2024,BABIP,skill,established_sample,PA,100,0,source_specific,"[""THE BAT X""]",THE BAT X,91371348a68e04d0217a6109,True,415,0.027978950436144578,0.03759200997380236,0.007829380344578312,0.3866901782456357,0.4099652740423109,100.12048192771084,0.24183691286886677,0.2951942795180723,0.287364899173494,ok
hitter,2024,BABIP,skill,regular_playing_time,PA,300,0,source_specific,"[""Steamer""]",Steamer,8b7a635a0eb2f2b05fce5de4,True,286,0.022846215904351295,0.029625353759343047,0.0033003434668598354,0.4213658770536632,0.4311656474452057,68.48601398601399,0.2403018034596982,0.2975089862850417,0.2942086428181818,ok
hitter,2024,BABIP,skill,regular_playing_time,PA,300,0,source_specific,"[""THE BAT X""]",THE BAT X,232eb6dbdd93fe7e99ff0d6e,True,279,0.02184030170250896,0.028498172843192626,0.0018515894946236544,0.491351643217206,0.499788026341395,62.415770609319,0.22451716046517625,0.2956361612903226,0.29378457179569895,ok
hitter,2024,wOBA,skill,all_matched,PA,0,0,source_specific,"[""Steamer""]",Steamer,1baf4d818aaf7d6b838951df,True,649,0.04924030560479644,0.07556415637358863,0.02809515785578381,0.4011175673713588,0.44412947301409145,151.72573189522342,0.2341446479864559,0.31046608595569997,0.28237092809991615,ok
hitter,2024,wOBA,skill,all_matched,PA,0,0,source_specific,"[""THE BAT X""]",THE BAT X,e77bb096a7d8c2eecc6a5773,True,530,0.040046775800526686,0.062396538136076714,0.016616797012898116,0.4217557969627466,0.46215527560572495,121.23018867924529,0.2291685986375147,0.30836758679245285,0.2917507897795547,ok
hitter,2024,wOBA,skill,established_sample,PA,100,0,source_specific,"[""Steamer""]",Steamer,4d7a0d4c848d99cf0bc14dbe,True,455,0.03051010113072371,0.039150121093102584,0.01610838459035912,0.4979298284182246,0.4435285095150618,107.93846153846154,0.23774991528295494,0.3189502975197626,0.3028419129294035,ok
hitter,2024,wOBA,skill,established_sample,PA,100,0,source_specific,"[""THE BAT X""]",THE BAT X,991ca640d8db4c9de2bdca31,True,415,0.028096389927134806,0.03642528805351887,0.009932444101033262,0.5386556733477852,0.4601508038844341,94.90120481927711,0.22922996333158724,0.31480085301204824,0.3048684089110149,ok
hitter,2024,wOBA,skill,regular_playing_time,PA,300,0,source_specific,"[""Steamer""]",Steamer,da3e40f435942bedf7bf932a,True,286,0.023901821761591207,0.029913863339301922,0.009599360455377124,0.58430889696572,0.49800648645321305,64.8041958041958,0.22738314317261685,0.3254815089912468,0.31588214853586966,ok
hitter,2024,wOBA,skill,regular_playing_time,PA,300,0,source_specific,"[""THE BAT X""]",THE BAT X,b7545f183ac726eceea2310f,True,279,0.022093476973302235,0.027973568078746906,0.00457910468744534,0.6266558027143886,0.5260026080518074,59.376344086021504,0.21358397153245146,0.32053005376344085,0.3159509490759955,ok
hitter,2025,R,fantasy_outcome,all_matched,PA,0,0,source_specific,"[""OOPSY""]",OOPSY,d68ce55d0c3f78220a070c18,True,665,14.082706766917294,19.609457592388146,0.4195488721804511,0.7861517129713452,0.7609242749526702,99.62255639097744,0.15003397046833952,32.89624060150376,32.476691729323306,ok
hitter,2025,R,fantasy_outcome,all_matched,PA,0,0,source_specific,"[""Steamer""]",Steamer,4aa55ade0e2d9120b8e1e67f,True,666,12.87203162631115,17.780062976488963,-1.0861262826992943,0.807067831828798,0.7731319628525339,97.09909909909909,0.1460136828557881,31.23069053411752,32.31681681681682,ok
hitter,2025,R,fantasy_outcome,all_matched,PA,0,0,source_specific,"[""THE BAT X""]",THE BAT X,8d5cc19463f3d2940e76d4bc,True,586,14.313983844709895,19.639228946924202,0.9679630699658703,0.7669271023243023,0.7468579935487781,89.23037542662117,0.1525305562848225,36.66079583447099,35.69283276450512,ok
hitter,2025,R,fantasy_outcome,established_sample,PA,100,0,source_specific,"[""OOPSY""]",OOPSY,9133c7e6df76e8d8fef1f1aa,True,460,16.82608695652174,21.733264425959934,-1.1391304347826088,0.7086311156377899,0.690367066584605,77.49130434782609,0.1688263711281614,43.90217391304348,45.041304347826085,ok
hitter,2025,R,fantasy_outcome,established_sample,PA,100,0,source_specific,"[""Steamer""]",Steamer,99973206458507c01237b36f,True,460,15.220553372411624,19.814314729503923,-3.7536761213255967,0.738446568606639,0.7078704430126695,74.93260869565218,0.16325187079662784,41.11588909606571,44.869565217391305,ok
hitter,2025,R,fantasy_outcome,established_sample,PA,100,0,source_specific,"[""THE BAT X""]",THE BAT X,53d450367721ae65cf19e2f9,True,439,15.70718808883827,20.80683226310753,-1.6325966082004557,0.6972193626776028,0.6714892363815751,75.33940774487472,0.17200778023944,44.57241478132118,46.20501138952164,ok
hitter,2025,R,fantasy_outcome,regular_playing_time,PA,300,0,source_specific,"[""OOPSY""]",OOPSY,eff2cd92cf66963c01eb22ad,True,277,16.404332129963898,21.268949928168325,-3.48014440433213,0.5950512197633415,0.6014148980134231,54.51624548736462,0.19752262857740804,58.51624548736462,61.99638989169675,ok
hitter,2025,R,fantasy_outcome,regular_playing_time,PA,300,0,source_specific,"[""Steamer""]",Steamer,3d35897ef251b9734285ac1f,True,276,15.691987479186576,20.24940046969036,-7.434608030254426,0.6430816897270895,0.6153244197803402,52.630434782608695,0.19138339920948616,54.46031950597746,61.89492753623188,ok
hitter,2025,R,fantasy_outcome,regular_playing_time,PA,300,0,source_specific,"[""THE BAT X""]",THE BAT X,4bc8452e8c8e3e3bc2a117d0,True,276,15.865169637681161,20.653040517196672,-6.1291421014492755,0.6070093178829502,0.5969066784178438,53.6231884057971,0.19499341238471674,55.90708978260869,62.03623188405797,ok
hitter,2025,HR,fantasy_outcome,all_matched,PA,0,0,source_specific,"[""OOPSY""]",OOPSY,e7ac4942258d5161c2f62206,True,665,4.58796992481203,6.782219123605599,0.3924812030075188,0.7654488843664072,0.7372441419470845,102.1218045112782,0.15379789836035873,8.884210526315789,8.49172932330827,ok
hitter,2025,HR,fantasy_outcome,all_matched,PA,0,0,source_specific,"[""Steamer""]",Steamer,335249491f97bbc5cb3a7d0e,True,666,4.313976710470667,6.242222249622918,0.06796382396277767,0.780766976348111,0.7473009619661198,104.19369369369369,0.15668224615593035,8.497393253392207,8.42942942942943,ok
hitter,2025,HR,fantasy_outcome,all_matched,PA,0,0,source_specific,"[""THE BAT X""]",THE BAT X,c6ff7aac8c2bdc4c143bc5a3,True,586,4.841003997610922,6.9378487332514425,0.051096533447098996,0.7421367223550608,0.7253947192753294,95.03754266211604,0.16245733788395905,9.481130663139933,9.430034129692833,ok
hitter,2025,HR,fantasy_outcome,established_sample,PA,100,0,source_specific,"[""OOPSY""]",OOPSY,43f81d789cfde2f710e5330a,True,460,5.728260869565218,7.7117922126075715,0.02391304347826087,0.7109759903497782,0.6912838171591009,80.09130434782608,0.1744908591455906,11.984782608695653,11.960869565217392,ok
hitter,2025,HR,fantasy_outcome,established_sample,PA,100,0,source_specific,"[""Steamer""]",Steamer,6a35aba72d1eb8a965f96a78,True,460,5.290858447422152,7.119971370674408,-0.5768936873778053,0.726701361976549,0.7119220644980269,78.74782608695652,0.17156389125698587,11.312236747404803,11.889130434782608,ok
hitter,2025,HR,fantasy_outcome,established_sample,PA,100,0,source_specific,"[""THE BAT X""]",THE BAT X,852f54d21a23905aae505177,True,439,5.5656885125284745,7.644332177678786,-0.6640076742596811,0.6896605006911144,0.6787275712496037,77.24601366742597,0.17636076179777618,11.695901209567198,12.35990888382688,ok
hitter,2025,HR,fantasy_outcome,regular_playing_time,PA,300,0,source_specific,"[""OOPSY""]",OOPSY,30e806817db4e980e6d2dd6d,True,277,6.40072202166065,8.352997257086543,-0.6823104693140795,0.6474489214665183,0.6246236643617419,52.59927797833935,0.19057709412441795,16.27436823104693,16.95667870036101,ok
hitter,2025,HR,fantasy_outcome,regular_playing_time,PA,300,0,source_specific,"[""Steamer""]",Steamer,17e98f5bed68fafd3b955c66,True,276,5.964222417739422,7.818843657370838,-1.6472804282346498,0.6643739169289745,0.6485598256031441,51.73913043478261,0.18814229249011857,15.24040073118564,16.88768115942029,ok
hitter,2025,HR,fantasy_outcome,regular_playing_time,PA,300,0,source_specific,"[""THE BAT X""]",THE BAT X,f95b707953bd48956c5a6d16,True,276,6.262364543478261,8.296673188898016,-2.0594934492753625,0.638735382336129,0.6280141860432169,53.231884057971016,0.19357048748353098,14.92601379710145,16.985507246376812,ok
hitter,2025,RBI,fantasy_outcome,all_matched,PA,0,0,source_specific,"[""OOPSY""]",OOPSY,bcc99b86572ac1ffed945966,True,665,14.780451127819548,20.691322506492163,0.6451127819548872,0.770046251365769,0.7580903948724489,102.09323308270676,0.153754869100462,31.81203007518797,31.166917293233084,ok
hitter,2025,RBI,fantasy_outcome,all_matched,PA,0,0,source_specific,"[""Steamer""]",Steamer,a74e8a44261def19b035ea3a,True,666,13.259855895686346,18.566387744407,-0.7127840865862083,0.786058085270839,0.7703840562107123,99.22372372372372,0.14920860710334394,30.297726423924303,31.01051051051051,ok
hitter,2025,RBI,fantasy_outcome,all_matched,PA,0,0,source_specific,"[""THE BAT X""]",THE BAT X,9c67b3a4044db8d4bfbf2362,True,586,14.887510989761092,20.225044040097423,0.4622999215017065,0.7510587937752475,0.7465038929532962,91.04095563139931,0.15562556518187917,34.876975689419794,34.41467576791809,ok
hitter,2025,RBI,fantasy_outcome,established_sample,PA,100,0,source_specific,"[""OOPSY""]",OOPSY,cdcb7b10e83430d27a132871,True,460,18.169565217391305,23.28434816706745,-0.9608695652173913,0.6888531387642761,0.676628037207515,81.38695652173914,0.1773136307663162,42.67391304347826,43.63478260869565,ok
hitter,2025,RBI,fantasy_outcome,established_sample,PA,100,0,source_specific,"[""Steamer""]",Steamer,4be445e902a0084fdfe5d2a2,True,460,15.81969548638748,20.738020115343637,-3.569762401153212,0.7072516108111916,0.7016624809528351,77.81739130434782,0.1695368002273373,39.897628903194615,43.46739130434783,ok
hitter,2025,RBI,fantasy_outcome,established_sample,PA,100,0,source_specific,"[""THE BAT X""]",THE BAT X,f51f0724dad74e10107a48fe,True,439,16.611532929384968,21.676790085394018,-2.2483976218678814,0.674134807155515,0.6658188900288401,78.12072892938497,0.17835782860590174,42.614928118451026,44.863325740318906,ok
hitter,2025,RBI,fantasy_outcome,regular_playing_time,PA,300,0,source_specific,"[""OOPSY""]",OOPSY,1e11cf7d079f085cf4c25d05,True,277,19.07942238267148,24.21198497865258,-3.1227436823104693,0.5539095841042284,0.5327695392047559,59.234657039711195,0.21461832260764926,57.238267148014444,60.36101083032491,ok
hitter,2025,RBI,fantasy_outcome,regular_playing_time,PA,300,0,source_specific,"[""Steamer""]",Steamer,8945a1ba7ba0db3dd076bc2e,True,276,16.869489217905894,21.92350271677535,-7.491922493322172,0.5635718862447289,0.5537473011591165,58.460144927536234,0.21258234519104086,52.77619344870681,60.268115942028984,ok
hitter,2025,RBI,fantasy_outcome,regular_playing_time,PA,300,0,source_specific,"[""THE BAT X""]",THE BAT X,f1b83a96c9ffb3b0ebb5217b,True,276,17.655932536231884,22.631247921080334,-6.812925289855072,0.5466473785291639,0.5302431623091131,59.68115942028985,0.2170223978919631,53.618234130434786,60.43115942028985,ok
hitter,2025,SB,fantasy_outcome,all_matched,PA,0,0,source_specific,"[""OOPSY""]",OOPSY,5de7e0b3712923a085793fe9,True,665,3.4105263157894736,5.750187966852504,0.6045112781954888,0.7458593139855417,0.6878939601368622,107.49624060150376,0.16189192861672252,5.777443609022557,5.172932330827067,ok
hitter,2025,SB,fantasy_outcome,all_matched,PA,0,0,source_specific,"[""Steamer""]",Steamer,2d7ad92ccc517b1727c52172,True,666,3.2435582657295696,5.438918562951088,-0.02935376297892281,0.7379397613962693,0.7034207567702152,110.33783783783784,0.16592156065840277,5.132808399183239,5.162162162162162,ok
hitter,2025,SB,fantasy_outcome,all_matched,PA,0,0,source_specific,"[""THE BAT X""]",THE BAT X,37375dfb848b3cb564ee52e7,True,586,3.5200581024232083,5.808184930375195,0.3760087945733788,0.7338180421280327,0.7242261790319046,95.23890784982935,0.16280155188005016,6.031298896962458,5.6552901023890785,ok
hitter,2025,SB,fantasy_outcome,established_sample,PA,100,0,source_specific,"[""OOPSY""]",OOPSY,360b3efcd4e8ca3f24671fea,True,460,4.1152173913043475,6.359689628740781,0.48043478260869565,0.7410103780496252,0.6796323894942602,80.49130434782609,0.1753623188405797,7.521739130434782,7.041304347826087,ok
hitter,2025,SB,fantasy_outcome,established_sample,PA,100,0,source_specific,"[""Steamer""]",Steamer,54d1fe4c9df333d8633dc7d8,True,460,3.951515442934697,6.176862882340168,-0.4341589290972637,0.7248543500141227,0.6969080819073808,78.20217391304348,0.1703751065643649,6.602797592641867,7.03695652173913,ok
hitter,2025,SB,fantasy_outcome,established_sample,PA,100,0,source_specific,"[""THE BAT X""]",THE BAT X,104acaeb4be6f58ffed2f61a,True,439,3.9940800210250567,6.356314563192536,-0.04093893205011392,0.726131767691311,0.7251958289733719,71.07061503416857,0.1622616781602022,7.168628266127563,7.209567198177677,ok
hitter,2025,SB,fantasy_outcome,regular_playing_time,PA,300,0,source_specific,"[""OOPSY""]",OOPSY,3e397a7251ea74a99e5e9ec0,True,277,4.620938628158845,6.8701205198074,0.35379061371841153,0.757471936215966,0.7488096979536626,42.75451263537906,0.15490765447601107,10.036101083032491,9.68231046931408,ok
hitter,2025,SB,fantasy_outcome,regular_playing_time,PA,300,0,source_specific,"[""Steamer""]",Steamer,9f93a41e56b92ae380973b01,True,276,4.616967771553259,7.023594567903819,-0.9961540100529142,0.7288373008559206,0.7550313043116563,41.69202898550725,0.15160737812911726,8.713990917483319,9.710144927536232,ok
hitter,2025,SB,fantasy_outcome,regular_playing_time,PA,300,0,source_specific,"[""THE BAT X""]",THE BAT X,639b12d3d537536e487ed49b,True,276,4.490545403623189,6.9036737272722615,-0.7246902949275362,0.7433800609125308,0.7607542157632717,41.47826086956522,0.1508300395256917,8.963715502173914,9.68840579710145,ok
hitter,2025,AVG,fantasy_outcome,all_matched,PA,0,0,source_specific,"[""OOPSY""]",OOPSY,f52002785620f5914910d465,True,665,0.04126703874586466,0.06414787229344183,0.017183190378947368,0.3824757478208607,0.45302311613535806,155.02255639097746,0.23346770540809858,0.23605142706766918,0.21886823668872182,ok
hitter,2025,AVG,fantasy_outcome,all_matched,PA,0,0,source_specific,"[""Steamer""]",Steamer,b672421429d3358d41df8675,True,666,0.041756289240009695,0.06448319395593147,0.020596910843163948,0.38890393927593875,0.45149921096817663,155.1966966966967,0.23337849127322813,0.23973465933115196,0.21913774848798798,ok
hitter,2025,AVG,fantasy_outcome,all_matched,PA,0,0,source_specific,"[""THE BAT X""]",THE BAT X,f2d25008ed6ff3a6362a0cb5,True,586,0.037322920675767916,0.05807454301317353,0.011764722409556313,0.38099860503013033,0.4604674009740186,135.56143344709898,0.23172894606341707,0.23573822013651877,0.22397349772696248,ok
hitter,2025,AVG,fantasy_outcome,established_sample,PA,100,0,source_specific,"[""OOPSY""]",OOPSY,c6ce79794ac00e8b22dff9ed,True,460,0.02349607628043478,0.030873768504081345,0.002928823471739129,0.4522283391926897,0.45110075338887434,108.22608695652174,0.23578668182248746,0.24254650652173912,0.23961768305,ok
hitter,2025,AVG,fantasy_outcome,established_sample,PA,100,0,source_specific,"[""Steamer""]",Steamer,89fc71d6ec553a752f6387db,True,460,0.023630889381136125,0.030790187872752346,0.0063526239452737195,0.47742404764669133,0.4681088938338128,106.1608695652174,0.23128729752770674,0.24578041310396936,0.23942778915869564,ok
hitter,2025,AVG,fantasy_outcome,established_sample,PA,100,0,source_specific,"[""THE BAT X""]",THE BAT X,6c9f61fbf08c54430a67bb7e,True,439,0.023236701248291573,0.03049630884652617,0.0004626822779043274,0.4711820469285857,0.4675572512997228,101.46013667425969,0.23164414765812713,0.24013345785876994,0.23967077558086558,ok
hitter,2025,AVG,fantasy_outcome,regular_playing_time,PA,300,0,source_specific,"[""OOPSY""]",OOPSY,b25029a7823b95d4928d221c,True,277,0.019162797758122744,0.0243171784535822,-0.0019997117075812284,0.4576793569868729,0.4247728576464369,66.90974729241877,0.24242662062470569,0.2497084801444043,0.25170819185198556,ok
hitter,2025,AVG,fantasy_outcome,regular_playing_time,PA,300,0,source_specific,"[""Steamer""]",Steamer,c92633b9ec1f1aac85040315,True,276,0.01865459325865413,0.023431528841304804,0.0007509145276275589,0.4940079386361192,0.47016334831251455,64.22101449275362,0.23353096179183136,0.2523186426182073,0.2515677280905797,ok
hitter,2025,AVG,fantasy_outcome,regular_playing_time,PA,300,0,source_specific,"[""THE BAT X""]",THE BAT X,305d3a7bb2ef55066425ecff,True,276,0.018848027141304347,0.02427101824467614,-0.0052900533442029,0.47825614248048204,0.45075835191690666,65.32246376811594,0.23753623188405795,0.2462465543478261,0.251536607692029,ok
hitter,2025,OPS,fantasy_outcome,all_matched,PA,0,0,source_specific,"[""OOPSY""]",OOPSY,84cb10137bd589ada43d03cb,True,665,0.11412564556691729,0.1672952605850963,0.05504963596691729,0.4859553262837367,0.5008385595552026,146.05864661654135,0.2199678412899719,0.687918467669173,0.6328688317022556,ok
hitter,2025,OPS,fantasy_outcome,all_matched,PA,0,0,source_specific,"[""Steamer""]",Steamer,ee7ec80f616c6d8acbdc3446,True,666,0.11598289295860038,0.1697360223011984,0.06720676534840309,0.4978115393109433,0.5045680197457405,144.5990990990991,0.21744225428435957,0.7004614157883431,0.6332546504399399,ok
hitter,2025,OPS,fantasy_outcome,all_matched,PA,0,0,source_specific,"[""THE BAT X""]",THE BAT X,362d31a522adf6b108a99868,True,586,0.09950600121843003,0.1445161544303235,0.033029175610921495,0.5024635212399691,0.5146664431605826,128.2764505119454,0.21927598378110325,0.6829929488054607,0.6499637731945392,ok
hitter,2025,OPS,fantasy_outcome,established_sample,PA,100,0,source_specific,"[""OOPSY""]",OOPSY,158949206979137425300292,True,460,0.07085747482826087,0.09167917374130077,0.012879825128260868,0.5193255432763071,0.47481402398797085,103.47608695652174,0.22543809794449182,0.7108184782608695,0.6979386531326087,ok
hitter,2025,OPS,fantasy_outcome,established_sample,PA,100,0,source_specific,"[""Steamer""]",Steamer,ca7810b2ad66e1a47320a5db,True,460,0.07115945464265774,0.09228579774595282,0.02451264887815522,0.5163372214701208,0.47834075816500327,102.56086956521739,0.22344416027280475,0.7215689320672856,0.6970562831891305,ok
hitter,2025,OPS,fantasy_outcome,established_sample,PA,100,0,source_specific,"[""THE BAT X""]",THE BAT X,fe02dba4a139e5db99867338,True,439,0.0683538466355353,0.09018546968481109,0.0004997587813211814,0.5240152910685848,0.49223053399660666,97.82915717539863,0.2233542401264809,0.6999148132118451,0.699415054430524,ok
hitter,2025,OPS,fantasy_outcome,regular_playing_time,PA,300,0,source_specific,"[""OOPSY""]",OOPSY,154c746b5dd7165c781e8ed6,True,277,0.05807759965703972,0.0741029337032702,-0.0033376828267148062,0.5614049210009464,0.4727791500124755,62.458483754512635,0.2262988541830168,0.7353106353790614,0.7386483182057761,ok
hitter,2025,OPS,fantasy_outcome,regular_playing_time,PA,300,0,source_specific,"[""Steamer""]",Steamer,c5dd4d56196a890a86998615,True,276,0.054869929523372864,0.070533244817133,0.007769908740851195,0.5659464483303669,0.48731211027239907,61.15217391304348,0.22237154150197627,0.7454631688966483,0.7376932601557972,ok
hitter,2025,OPS,fantasy_outcome,regular_playing_time,PA,300,0,source_specific,"[""THE BAT X""]",THE BAT X,0f09f76862483c04500ce764,True,276,0.056739494003623187,0.07507390493921123,-0.01603167719202899,0.5516907478229276,0.4671936758893281,62.89855072463768,0.2287220026350461,0.7222307753623188,0.7382624525543479,ok
hitter,2025,PA,opportunity,all_matched,PA,0,0,source_specific,"[""OOPSY""]",OOPSY,a07e44fb3c0a5a440e090712,True,665,106.13383458646616,146.99948851632155,4.3353383458646615,0.7988564329484927,0.7889836125419672,95.23458646616541,0.14342558202735756,279.13082706766914,274.79548872180453,ok
hitter,2025,PA,opportunity,all_matched,PA,0,0,source_specific,"[""Steamer""]",Steamer,6732f963ba5f737df4c31475,True,666,98.40578492733093,131.34362939345928,-14.328873980152714,0.8148331774251483,0.798346317908027,92.9024024024024,0.13970286075549232,259.5885434372647,273.9174174174174,ok
hitter,2025,PA,opportunity,all_matched,PA,0,0,source_specific,"[""THE BAT X""]",THE BAT X,fe42dd69dbdf0a5550366d4f,True,586,108.15937883959045,145.4919179259147,7.273464163822526,0.7704827831273879,0.7703832165953564,86.96245733788396,0.14865377322715206,309.0243174061433,301.75085324232083,ok
hitter,2025,PA,opportunity,established_sample,PA,100,0,source_specific,"[""OOPSY""]",OOPSY,713f1d35a250e5b656547784,True,460,122.58043478260869,158.59955726677612,-9.597826086956522,0.7166230040172301,0.7263582044970306,74.46521739130435,0.16223358908780905,369.60434782608695,379.20217391304345,ok
hitter,2025,PA,opportunity,established_sample,PA,100,0,source_specific,"[""Steamer""]",Steamer,b00044330450c8d397e20773,True,460,113.75021321747614,142.66100069696853,-40.41891783916432,0.7396566370802315,0.7380527742551779,72.25652173913043,0.15742161598939092,338.0354299869226,378.454347826087,ok
hitter,2025,PA,opportunity,established_sample,PA,100,0,source_specific,"[""THE BAT X""]",THE BAT X,9de7b14d64231a0525de2ae8,True,439,114.82766970387244,148.96688985827635,-16.268790432801822,0.6912569059614163,0.700170982327281,74.45558086560365,0.16998991065206312,372.49658542141225,388.76537585421414,ok
hitter,2025,PA,opportunity,regular_playing_time,PA,300,0,source_specific,"[""OOPSY""]",OOPSY,1b5859085fe3a16081a2e6a6,True,277,107.95306859205776,147.63144421599227,-23.296028880866427,0.5482815241323783,0.6009524936429437,54.83032490974729,0.19866059749908438,485.0469314079422,508.3429602888087,ok
hitter,2025,PA,opportunity,regular_playing_time,PA,300,0,source_specific,"[""Steamer""]",Steamer,940bdc9f52a2a31d49ccf4cb,True,276,112.76267882015394,143.24222667256197,-69.61607016342273,0.5853877516670543,0.6085447562437759,53.10144927536232,0.1930961791831357,438.7969733148381,508.4130434782609,ok
hitter,2025,PA,opportunity,regular_playing_time,PA,300,0,source_specific,"[""THE BAT X""]",THE BAT X,e395552a2d052205cd0a433d,True,276,109.16501449275363,142.98023085798576,-50.55168115942028,0.5593939274702755,0.6026697512131337,54.96739130434783,0.1998814229249012,458.3613623188406,508.9130434782609,ok
hitter,2025,G,opportunity,all_matched,PA,0,0,source_specific,"[""OOPSY""]",OOPSY,08576a9bdedad526a4f01f1b,True,665,29.360902255639097,39.349274625256236,-11.17142857142857,0.7552362227705908,0.7580234724844612,102.74436090225564,0.15473548328652958,65.20150375939849,76.37293233082707,ok
hitter,2025,G,opportunity,all_matched,PA,0,0,source_specific,"[""Steamer""]",Steamer,fde875ed364dceb735398296,True,666,28.679489543689442,36.853077476835104,-14.35987979498085,0.7684182713500964,0.765937731625017,101.45195195195195,0.15255932624353677,61.77375383865279,76.13363363363364,ok
hitter,2025,G,opportunity,all_matched,PA,0,0,source_specific,"[""THE BAT X""]",THE BAT X,8a5098d4eb19185c385e7ebb,True,586,28.917931740614332,38.18005798159316,-5.836982935153584,0.7095848624106067,0.7190876072846241,97.28327645051195,0.1662961990607042,77.20567918088737,83.04266211604096,ok
hitter,2025,G,opportunity,established_sample,PA,100,0,source_specific,"[""OOPSY""]",OOPSY,db6907047ba3cff8238880ee,True,460,33.90652173913043,43.416812011217395,-16.128260869565217,0.6418899352004016,0.6576231919429861,83.23913043478261,0.18134886804963532,86.36521739130434,102.49347826086957,ok
hitter,2025,G,opportunity,established_sample,PA,100,0,source_specific,"[""Steamer""]",Steamer,b736f71c0565c913c82ba8d6,True,460,33.967978341812675,41.09208385304997,-22.24636944182541,0.6582135108051499,0.663907022444904,82.77391304347826,0.18033532253481102,80.10363055817459,102.35,ok
hitter,2025,G,opportunity,established_sample,PA,100,0,source_specific,"[""THE BAT X""]",THE BAT X,77a45a9d2b15cc320e0f5870,True,439,30.95749202733485,39.67823641815656,-12.608822323462414,0.5883976212832746,0.6105458874767593,85.74715261958998,0.19576975483924652,92.10643963553531,104.71526195899773,ok
hitter,2025,G,opportunity,regular_playing_time,PA,300,0,source_specific,"[""OOPSY""]",OOPSY,a6275eefd9de5e2ea9962e5e,True,277,29.794223826714802,41.25569646696962,-16.703971119133573,0.3578766843535187,0.44178118335035516,64.94945848375451,0.23532412494113952,113.2057761732852,129.90974729241879,ok
hitter,2025,G,opportunity,regular_playing_time,PA,300,0,source_specific,"[""Steamer""]",Steamer,0e42c8054d41f7b725bd1381,True,276,33.532246449287385,41.49795703537117,-26.892463612815607,0.3733385625033865,0.4281368297387783,65.5,0.2381818181818182,103.06405812631483,129.95652173913044,ok
hitter,2025,G,opportunity,regular_playing_time,PA,300,0,source_specific,"[""THE BAT X""]",THE BAT X,60ed9f84ab49fac53f7499f7,True,276,29.168047101449275,38.72954032463136,-18.49738043478261,0.33593601894940706,0.4235710184583964,67.1231884057971,0.2440843214756258,111.55334420289854,130.05072463768116,ok
hitter,2025,HR_per_PA,skill,all_matched,PA,0,0,source_specific,"[""OOPSY""]",OOPSY,cc693f659bb2718b9a1b7443,True,665,0.01213617164092835,0.017983705975761655,-0.0011308202415670225,0.4901642737356968,0.534468414893256,129.67368421052632,0.19529169308814204,0.022676310312715345,0.023807130554282366,ok
hitter,2025,HR_per_PA,skill,all_matched,PA,0,0,source_specific,"[""Steamer""]",Steamer,e62fa8bc45bf08e629404e5a,True,666,0.012775706640948003,0.016493510742058955,0.004501200548703174,0.5306452532319831,0.5510029618364422,137.55105105105105,0.2068436857910542,0.02819311022117817,0.023691909672474996,ok
hitter,2025,HR_per_PA,skill,all_matched,PA,0,0,source_specific,"[""THE BAT X""]",THE BAT X,66fb73d6b2912879eff07bc6,True,586,0.011584549958369722,0.015057275171211706,0.0020607334916674484,0.562403617245776,0.5729010387991098,121.05460750853243,0.20693095300603834,0.026976383984934717,0.02491565049326727,ok
hitter,2025,HR_per_PA,skill,established_sample,PA,100,0,source_specific,"[""OOPSY""]",OOPSY,5c3c7e4444ce17677d195072,True,460,0.010700210956739032,0.014027694870334196,-0.001118899631871731,0.5822992304021979,0.6048044843547352,90.27173913043478,0.19667045562186228,0.02755599475491518,0.028674894386786907,ok
hitter,2025,HR_per_PA,skill,established_sample,PA,100,0,source_specific,"[""Steamer""]",Steamer,d38fe23fd589b969e86c97df,True,460,0.009681237069055259,0.012183646468465172,0.0017666153081160197,0.637089484948905,0.6360660750355293,88.07826086956521,0.1918916358814057,0.03032644452809983,0.028559829219983804,ok
hitter,2025,HR_per_PA,skill,established_sample,PA,100,0,source_specific,"[""THE BAT X""]",THE BAT X,7a2547be69888ae6ac31f8ea,True,439,0.009662377758156076,0.012360962631915476,-0.00033411129679704083,0.6305024719931329,0.6415913890428259,84.80637813211845,0.19362186788154898,0.028752044137917213,0.029086155434714253,ok
hitter,2025,HR_per_PA,skill,regular_playing_time,PA,300,0,source_specific,"[""OOPSY""]",OOPSY,989358fba272689131f777b7,True,277,0.008737138185160098,0.010952632553737658,-0.0005621058297092363,0.6984346934052528,0.6896235050807772,49.49097472924188,0.1793151258305865,0.031706026303485436,0.032268132133194675,ok
hitter,2025,HR_per_PA,skill,regular_playing_time,PA,300,0,source_specific,"[""Steamer""]",Steamer,0b3609c54c92a7925b620b71,True,276,0.008561132102731411,0.010473910538780523,0.0008734046714328482,0.7033477728763532,0.6956885542287504,49.60144927536232,0.18036890645586298,0.03299171253010344,0.03211830785867059,ok
hitter,2025,HR_per_PA,skill,regular_playing_time,PA,300,0,source_specific,"[""THE BAT X""]",THE BAT X,97ec6cb55889857f9e833dfb,True,276,0.008785097980646627,0.01099136598104285,-0.001325539701456681,0.6861921443632056,0.6897502743265171,50.29347826086956,0.18288537549407113,0.030966603687144396,0.032292143388601084,ok
hitter,2025,R_per_PA,skill,all_matched,PA,0,0,source_specific,"[""OOPSY""]",OOPSY,d4e9179dc5b20812cdbc7d1d,True,665,0.04203178638576782,0.09750763884492347,-0.016394694790572952,0.10724983221487763,0.22942234943307976,182.4812030075188,0.27482108886674517,0.09599080336381846,0.11238549815439142,ok
hitter,2025,R_per_PA,skill,all_matched,PA,0,0,source_specific,"[""Steamer""]",Steamer,325eb54aa300df45fad78ddb,True,666,0.03397407622587299,0.09011355083979722,0.00021676804217222724,0.06697255220876241,0.24482849918696534,187.0105105105105,0.2812188127977602,0.11266146663358545,0.11244469859141322,ok
hitter,2025,R_per_PA,skill,all_matched,PA,0,0,source_specific,"[""THE BAT X""]",THE BAT X,dd491cc38f57a224f394d88f,True,586,0.030218160436293502,0.09230558356532548,-0.002026436647752278,0.06374527996179308,0.34860611960826055,149.67235494880546,0.2558501793996675,0.11284411386165043,0.11487055050940272,ok
hitter,2025,R_per_PA,skill,established_sample,PA,100,0,source_specific,"[""OOPSY""]",OOPSY,567621dce3469b78c1a8f431,True,460,0.02439433728448245,0.03472087970409668,-0.005719396316869759,0.2827912950535024,0.34518898629974737,120.41739130434783,0.2623472577436772,0.10818601400660144,0.11390541032347119,ok
hitter,2025,R_per_PA,skill,established_sample,PA,100,0,source_specific,"[""Steamer""]",Steamer,5a781acdac868bf3c817d33b,True,460,0.018722027452369602,0.02405765098862062,0.0026786979328069544,0.3929887054176111,0.3405713468522514,121.56304347826087,0.26484323197878185,0.11634891910238884,0.11367022116958189,ok
hitter,2025,R_per_PA,skill,established_sample,PA,100,0,source_specific,"[""THE BAT X""]",THE BAT X,855ae9eb47c341dd2af3b90e,True,439,0.018058692714680854,0.023455912044202557,0.0013833631047425181,0.44319302274847394,0.4139939307032066,107.15945330296128,0.2446562860798203,0.11543194072443087,0.11404857761968835,ok
hitter,2025,R_per_PA,skill,regular_playing_time,PA,300,0,source_specific,"[""OOPSY""]",OOPSY,6ceca2efccdb0af0b2b389e9,True,277,0.016231611455265128,0.02118625109106545,-0.0024320871483444486,0.4457965626662346,0.43714897249231177,67.64259927797833,0.24508188144195048,0.11751983030706241,0.11995191745540686,ok
hitter,2025,R_per_PA,skill,regular_playing_time,PA,300,0,source_specific,"[""Steamer""]",Steamer,f4f5660f39c221550d6b13f3,True,276,0.015014897998223864,0.018524149490776697,0.0011757372115069051,0.534198364600574,0.44396220764068495,67.52536231884058,0.2455467720685112,0.12089541857162682,0.11971968136011993,ok
hitter,2025,R_per_PA,skill,regular_playing_time,PA,300,0,source_specific,"[""THE BAT X""]",THE BAT X,c4a1d9a3418c0f18b0799ce9,True,276,0.014379286593669657,0.018264276339464154,-0.0005864487855856878,0.5594128957635495,0.5084320491082203,62.57971014492754,0.22756258234519106,0.11927363088777863,0.11986007967336432,ok
hitter,2025,RBI_per_PA,skill,all_matched,PA,0,0,source_specific,"[""OOPSY""]",OOPSY,4a7535c2648a4a034e487a90,True,665,0.03780501708705147,0.05495315794543361,-0.0063735652402759375,0.3148899366339002,0.3690060710996555,160.70075187969925,0.24201920463810128,0.0902289826852978,0.09660254792557373,ok
hitter,2025,RBI_per_PA,skill,all_matched,PA,0,0,source_specific,"[""Steamer""]",Steamer,4785102a9219b5286e921545,True,666,0.03375463481559489,0.045887400315281726,0.011690717292762247,0.3536569059964081,0.3927481774901933,165.58258258258257,0.24899636478583845,0.10848785575427783,0.09679713846151558,ok
hitter,2025,RBI_per_PA,skill,all_matched,PA,0,0,source_specific,"[""THE BAT X""]",THE BAT X,e881ca2550455b6a4bf515e3,True,586,0.030086981199583505,0.04095335948733689,0.005829322423725465,0.40243084209796653,0.435528818894328,140.1433447098976,0.23956127300837196,0.10552765316223146,0.09969833073850601,ok
hitter,2025,RBI_per_PA,skill,established_sample,PA,100,0,source_specific,"[""OOPSY""]",OOPSY,f2a92e680981afe6544e1a1e,True,460,0.02956746526294282,0.040375767640487184,-0.006371934213927521,0.3255799386608729,0.4005368930954593,113.60217391304347,0.2474992895709008,0.10340999616321855,0.10978193037714608,ok
hitter,2025,RBI_per_PA,skill,established_sample,PA,100,0,source_specific,"[""Steamer""]",Steamer,c8909c8b4cf018171ed399ae,True,460,0.022868390039691384,0.029621303650588487,0.003163732308360167,0.4220244256927873,0.43775699151015784,112.6,0.24531590413943355,0.11269827104390373,0.10953453873554357,ok
hitter,2025,RBI_per_PA,skill,established_sample,PA,100,0,source_specific,"[""THE BAT X""]",THE BAT X,f23d5679affcfde5a9b2282f,True,439,0.022756568217328743,0.029644761497405494,-0.0009449780135718322,0.43259091808755695,0.45437514341111584,104.73804100227791,0.2391279474937852,0.10941513369312444,0.11036011170669627,ok
hitter,2025,RBI_per_PA,skill,regular_playing_time,PA,300,0,source_specific,"[""OOPSY""]",OOPSY,4ee6dbb06e93df3bbea822f0,True,277,0.022285216776653065,0.027867281254082624,-0.0033044799910009193,0.47063070658519957,0.4816053516593556,64.95667870036101,0.23535028514623554,0.11366679317386555,0.11697127316486647,ok
hitter,2025,RBI_per_PA,skill,regular_playing_time,PA,300,0,source_specific,"[""Steamer""]",Steamer,580bfad9b8bb92a2e326b674,True,276,0.018902774409658388,0.023491231070711504,0.000869864728018766,0.47592191971337505,0.4742936487860047,66.1340579710145,0.2404874835309618,0.11762773989473475,0.116757875166716,ok
hitter,2025,RBI_per_PA,skill,regular_playing_time,PA,300,0,source_specific,"[""THE BAT X""]",THE BAT X,967940ac537373aa146b497c,True,276,0.019576937635910292,0.024323213199000958,-0.0028690118976908287,0.4744713095707158,0.4669723989110351,65.30434782608695,0.2374703557312253,0.11410284879020371,0.11697186068789456,ok
hitter,2025,SB_per_PA,skill,all_matched,PA,0,0,source_specific,"[""OOPSY""]",OOPSY,6c8411514f4348b5d2f48ed2,True,665,0.01372797938643323,0.037424824962148134,-0.0034052971441973505,0.45466436137357885,0.5995412138785648,111.11428571428571,0.1673407917383821,0.017142436978606616,0.020547734122803966,ok
hitter,2025,SB_per_PA,skill,all_matched,PA,0,0,source_specific,"[""Steamer""]",Steamer,f9cb411c16b1b8ff77b2d59e,True,666,0.014155375750208843,0.03534685777865076,-0.0012164913030725797,0.5750315202022106,0.6425720048929616,121.75225225225225,0.1830860936124094,0.019294249255657953,0.020510740558730534,ok
hitter,2025,SB_per_PA,skill,all_matched,PA,0,0,source_specific,"[""THE BAT X""]",THE BAT X,5d83403e07ea97df17993ce7,True,586,0.012652737493276231,0.028977760121565735,-0.0006213166433058372,0.6305870893430214,0.6855659579307304,99.44027303754267,0.16998337271374814,0.019504834655228818,0.020126151298534657,ok
hitter,2025,SB_per_PA,skill,established_sample,PA,100,0,source_specific,"[""OOPSY""]",OOPSY,0d957dbaa58f763c33f173a8,True,460,0.009480548965472345,0.01385656083887877,0.0012116267910853898,0.7326146540325135,0.6790202283697606,77.05869565217391,0.1678838685232547,0.01892428412970976,0.017712657338624368,ok
hitter,2025,SB_per_PA,skill,established_sample,PA,100,0,source_specific,"[""Steamer""]",Steamer,12076cec123122adc161ed4c,True,460,0.009006871195695088,0.012684741001162916,0.0013515298997859577,0.7583762496554493,0.752422039569902,71.1304347826087,0.15496826750023682,0.0190552959785188,0.017703766078732842,ok
hitter,2025,SB_per_PA,skill,established_sample,PA,100,0,source_specific,"[""THE BAT X""]",THE BAT X,7b5722d5c40b2b7e8c660d68,True,439,0.008737860758939226,0.012710086783236261,0.0012673752999958154,0.7616653102819445,0.7695044114915156,64.95444191343964,0.14829781258776173,0.01887725589713578,0.01760988059713996,ok
hitter,2025,SB_per_PA,skill,regular_playing_time,PA,300,0,source_specific,"[""OOPSY""]",OOPSY,16a3c1d0232dda80c2418c56,True,277,0.008183074572800316,0.011345288489667689,0.0018260424813787916,0.8088048178451072,0.78959781569859,39.39350180505415,0.14273007900381937,0.020240883722860543,0.018414841241481756,ok
hitter,2025,SB_per_PA,skill,regular_playing_time,PA,300,0,source_specific,"[""Steamer""]",Steamer,3c45b04a97eeacfe5f80fe5d,True,276,0.008141327653323083,0.011586142710331806,0.0009609879444913234,0.7846919367798623,0.7886841234119608,39.7463768115942,0.14453227931488802,0.01942773085876793,0.01846674291427661,ok
hitter,2025,SB_per_PA,skill,regular_playing_time,PA,300,0,source_specific,"[""THE BAT X""]",THE BAT X,a9d03e849b08df36d4e9745e,True,276,0.008005835385505495,0.011683153387765731,0.0006596929702201077,0.7810939723149715,0.7963266448928084,38.710144927536234,0.14076416337285905,0.019058674858257872,0.018398981888037767,ok
hitter,2025,K%,skill,all_matched,PA,0,0,source_specific,"[""OOPSY""]",OOPSY,d6a2e7a8c2a3fa2ada1e2784,True,665,0.05179717636240601,0.08981646025692148,-0.0124691022962406,0.5416570335751336,0.6539102996541536,115.40902255639098,0.17380876891022737,0.23912975187969926,0.25159885417593986,ok
hitter,2025,K%,skill,all_matched,PA,0,0,source_specific,"[""Steamer""]",Steamer,afec42fa59416bf9ca8d8147,True,666,0.05189572751841312,0.08650877923398478,-0.013271339483292007,0.5427169801186992,0.6447446346355561,117.78228228228228,0.17711621395831922,0.2368078203260173,0.2500791598093093,ok
hitter,2025,K%,skill,all_matched,PA,0,0,source_specific,"[""THE BAT X""]",THE BAT X,02321d05cfe2d1f2dba7427a,True,586,0.04378732516894198,0.0716580573327135,-0.009518265653583617,0.6387572615762069,0.6945986292172218,95.75767918088737,0.16368834048014935,0.23523012679180888,0.2447483924453925,ok
hitter,2025,K%,skill,established_sample,PA,100,0,source_specific,"[""OOPSY""]",OOPSY,5535040482237dc69888584c,True,460,0.03165291825869565,0.0410904740731952,0.0007517387108695663,0.7724461581438878,0.7590836478896912,69.10217391304347,0.15054939850336269,0.22909926304347825,0.2283475243326087,ok
hitter,2025,K%,skill,established_sample,PA,100,0,source_specific,"[""Steamer""]",Steamer,e6654dfb21baba85586bfdae,True,460,0.03233880171109247,0.041805786364630004,-0.0013547231312929764,0.7625992172532865,0.7492061838480475,71.0195652173913,0.154726721606517,0.22686124121435922,0.2282159643456522,ok
hitter,2025,K%,skill,established_sample,PA,100,0,source_specific,"[""THE BAT X""]",THE BAT X,b1adb9fa43b3ddf238e2b889,True,439,0.031718960861047835,0.040757982916478225,-0.0003005951571753985,0.7774124385241771,0.7641939294258122,66.08200455580865,0.15087215652011107,0.22749467266514808,0.22779526782232346,ok
hitter,2025,K%,skill,regular_playing_time,PA,300,0,source_specific,"[""OOPSY""]",OOPSY,8fba59c0d87c5f17a4267332,True,277,0.02772201931768953,0.03509902301745995,0.004239507382671482,0.8015304487860464,0.7869719318799673,39.805054151624546,0.14422121069429183,0.21777096389891698,0.21353145651624547,ok
hitter,2025,K%,skill,regular_playing_time,PA,300,0,source_specific,"[""Steamer""]",Steamer,60b2771f344a7b0e55167a26,True,276,0.028204648312550266,0.03529379241778156,0.0027322347745062313,0.796173049409741,0.7797756252838106,40.5036231884058,0.14728590250329382,0.21591853911870915,0.2131863043442029,ok
hitter,2025,K%,skill,regular_playing_time,PA,300,0,source_specific,"[""THE BAT X""]",THE BAT X,59636fcc5e06f971d4413785,True,276,0.02758087622463768,0.034613528613627355,0.004197257260869565,0.8099064697287958,0.7939681770957304,39.15217391304348,0.14237154150197628,0.21792431992753622,0.21372706266666666,ok
hitter,2025,BB%,skill,all_matched,PA,0,0,source_specific,"[""OOPSY""]",OOPSY,beb6dde1f1c04cfe0d4dc9c1,True,665,0.027301633415037593,0.04123140465108383,0.005455599195488722,0.43475373148948887,0.5177864506118458,142.94586466165413,0.21527991665911766,0.08206122857142857,0.07660562937593984,ok
hitter,2025,BB%,skill,all_matched,PA,0,0,source_specific,"[""Steamer""]",Steamer,24fe73263d8912c4a13b53db,True,666,0.027669685929439646,0.041544464661830864,0.006790243926677453,0.4338571866870435,0.5172217408621256,144.34984984984985,0.21706744338323286,0.08375220759034112,0.07696196366366367,ok
hitter,2025,BB%,skill,all_matched,PA,0,0,source_specific,"[""THE BAT X""]",THE BAT X,751b3851e5fdf038d3c99544,True,586,0.02428784182081911,0.035419859245653565,-0.0013958107525597274,0.5076543707429454,0.5655165455743326,120.93856655290102,0.20673259239812142,0.07815500597269624,0.07955081672525598,ok
hitter,2025,BB%,skill,established_sample,PA,100,0,source_specific,"[""OOPSY""]",OOPSY,541d28e6de08bdbdf5277961,True,460,0.01820873216521739,0.022637802785882583,0.002442872991304348,0.6868821581434099,0.6904977734267664,82.27391304347826,0.17924599791607465,0.0838904897826087,0.08144761679130434,ok
hitter,2025,BB%,skill,established_sample,PA,100,0,source_specific,"[""Steamer""]",Steamer,47ab9395c12a10da0e5e4493,True,460,0.01823962722388799,0.022876173990417498,0.0037131989113203543,0.6818607485047488,0.6802759759677315,82.89782608695653,0.1806052855924979,0.08506065106132035,0.08134745215,ok
hitter,2025,BB%,skill,established_sample,PA,100,0,source_specific,"[""THE BAT X""]",THE BAT X,5ea6efdb43b26881cb7cc80b,True,439,0.01734121506378132,0.021960609260875907,-0.0020128121389521646,0.7003681544564422,0.6950029938313625,77.29384965831436,0.17646997638884557,0.07993623097949885,0.08194904311845103,ok
hitter,2025,BB%,skill,regular_playing_time,PA,300,0,source_specific,"[""OOPSY""]",OOPSY,bb22690beff24b2c65c3ae5f,True,277,0.015712105346570398,0.019594966652955903,0.00013102951263537917,0.7468205186793799,0.7583930548569727,44.6173285198556,0.16165698739078116,0.08540033790613719,0.0852693083935018,ok
hitter,2025,BB%,skill,regular_playing_time,PA,300,0,source_specific,"[""Steamer""]",Steamer,a7c08caff3be32cda35e1db1,True,276,0.01592165660773873,0.01986361825107177,0.0015678873218472238,0.7393009357170798,0.745894177248835,45.15217391304348,0.1641897233201581,0.08667935134358636,0.08511146402173914,ok
hitter,2025,BB%,skill,regular_playing_time,PA,300,0,source_specific,"[""THE BAT X""]",THE BAT X,8580a5e566680b46cb0384fa,True,276,0.015039391905797101,0.01937314533507944,-0.0032096487898550727,0.7621375294135201,0.7613006442835357,42.416666666666664,0.15424242424242424,0.08215183442028985,0.08536148321014493,ok
hitter,2025,ISO,skill,all_matched,PA,0,0,source_specific,"[""OOPSY""]",OOPSY,3a9c8f8de26a04cf6e3d720e,True,665,0.04815573759097744,0.06318601950510908,0.018343243509774437,0.5496439101039342,0.5517683183335885,138.62857142857143,0.2087779690189329,0.14631504887218047,0.12797180536240602,ok
hitter,2025,ISO,skill,all_matched,PA,0,0,source_specific,"[""Steamer""]",Steamer,571b47a1c8e3e549a867768a,True,666,0.04927115578533999,0.06398050799526236,0.02273158709970196,0.5579520003053913,0.5606279023074043,135.8153153153153,0.2042335568651358,0.15024546343153378,0.1275138763318318,ok
hitter,2025,ISO,skill,all_matched,PA,0,0,source_specific,"[""THE BAT X""]",THE BAT X,d160c546afc538ffa76143c0,True,586,0.043805360677474404,0.05690579580258589,0.011876811206484643,0.5807242349773919,0.572940667370563,120.31058020477816,0.20565911146115926,0.1447100571672355,0.13283324596075086,ok
hitter,2025,ISO,skill,established_sample,PA,100,0,source_specific,"[""OOPSY""]",OOPSY,888c819ad8b0c6220470db96,True,460,0.034807992708695654,0.04503907445050402,0.005398370017391305,0.629380613849902,0.6077565235167732,89.72608695652174,0.19548167092924126,0.1553565786956522,0.14995820867826087,ok
hitter,2025,ISO,skill,established_sample,PA,100,0,source_specific,"[""Steamer""]",Steamer,de883668ecc6373a31ba0eec,True,460,0.035238915009821375,0.04473832940169861,0.009300759354539181,0.6253317248657774,0.6060450814937205,89.76521739130435,0.19556692242114238,0.15876547036106092,0.14946471100652173,ok
hitter,2025,ISO,skill,established_sample,PA,100,0,source_specific,"[""THE BAT X""]",THE BAT X,37b230fe5045d0b48fe0dd9e,True,439,0.03476286316400911,0.04462649962617405,0.0007920643348519361,0.6259623548356348,0.6215566180108858,85.0637813211845,0.19420954639539842,0.15175459749430525,0.1509625331594533,ok
hitter,2025,ISO,skill,regular_playing_time,PA,300,0,source_specific,"[""OOPSY""]",OOPSY,57091d20f97c81a6de0e6ed3,True,277,0.031220047624548733,0.039591619533764034,0.0002842207003610116,0.6852421635283827,0.6481978389594516,51.96028880866426,0.18826191597342123,0.16555877617328518,0.1652745554729242,ok
hitter,2025,ISO,skill,regular_playing_time,PA,300,0,source_specific,"[""Steamer""]",Steamer,5b3d330027f517615d473a51,True,276,0.030419975482491222,0.03801150543042989,0.0045561125711891005,0.6920689180376922,0.6580433093258952,50.88768115942029,0.18504611330698287,0.16923901270524708,0.16468290013405795,ok
hitter,2025,ISO,skill,regular_playing_time,PA,300,0,source_specific,"[""THE BAT X""]",THE BAT X,ebfb06f1e420da602ea956fb,True,276,0.031508829996376816,0.039729654687823336,-0.00418404390942029,0.6755476669336046,0.6615113917515765,51.992753623188406,0.18906455862977603,0.16096695217391305,0.16515099608333333,ok
hitter,2025,BABIP,skill,all_matched,PA,0,0,source_specific,"[""OOPSY""]",OOPSY,b59bb7d6015a2fe1b226640a,True,665,0.052894822163909776,0.09012990741387635,0.01635074715037594,0.15464131785681481,0.27626875798191375,181.89473684210526,0.27393785668991755,0.28971714285714284,0.27336639570676696,ok
hitter,2025,BABIP,skill,all_matched,PA,0,0,source_specific,"[""Steamer""]",Steamer,9963a32e01af61df8db19434,True,666,0.0529050506111837,0.08953538402360511,0.01900460275901824,0.1751557899544693,0.2857073567231233,179.74174174174175,0.2702883334462282,0.29263081039115035,0.27362620763213213,ok
hitter,2025,BABIP,skill,all_matched,PA,0,0,source_specific,"[""THE BAT X""]",THE BAT X,a7f3c7b9f027c8486b2b2639,True,586,0.046976371143344714,0.07847211792329832,0.011622867348122866,0.17996448689771438,0.29115660923072023,157.02047781569965,0.2684110731892302,0.2875511160409556,0.2759282486928327,ok
hitter,2025,BABIP,skill,established_sample,PA,100,0,source_specific,"[""OOPSY""]",OOPSY,5e84cf92548dbc28eb7b09f2,True,460,0.02836686042173913,0.03783874716157965,0.0037522906086956513,0.35360872042655805,0.3732087815814868,115.1413043478261,0.2508525149190111,0.2919289804347826,0.2881766898260869,ok
hitter,2025,BABIP,skill,established_sample,PA,100,0,source_specific,"[""Steamer""]",Steamer,ad09667b98c1f1655a960fe4,True,460,0.028597076964569,0.037847046509634684,0.006326075687274639,0.36297649476975924,0.37559000054892344,114.25652173913043,0.24892488396324713,0.29427237461553546,0.2879462989282609,ok
hitter,2025,BABIP,skill,established_sample,PA,100,0,source_specific,"[""THE BAT X""]",THE BAT X,1b8a2675880e20f964c46634,True,439,0.028201036246013667,0.03739813957806743,0.0007935152665148055,0.3689016385885474,0.38895189228947596,108.56719817767653,0.24787031547414734,0.2882848428246014,0.28749132755808654,ok
hitter,2025,BABIP,skill,regular_playing_time,PA,300,0,source_specific,"[""OOPSY""]",OOPSY,541647137efcb86f094c0cdf,True,277,0.022637920039711188,0.02948357747523825,-0.00036525633574007376,0.4335209306991761,0.43322183242244466,65.66425992779783,0.2379139852456443,0.2939898880866426,0.29435514442238264,ok
hitter,2025,BABIP,skill,regular_playing_time,PA,300,0,source_specific,"[""Steamer""]",Steamer,64ac62ffe2af5a6b48b068ea,True,276,0.022536373032357043,0.02940131871086012,0.0014511265026206093,0.4240402492301542,0.42362531096202305,64.65579710144928,0.23511198945981557,0.2955524606547945,0.29410133415217393,ok
hitter,2025,BABIP,skill,regular_playing_time,PA,300,0,source_specific,"[""THE BAT X""]",THE BAT X,443c8e2b888ade2c62483cf0,True,276,0.022843816318840582,0.02957094034335917,-0.004040846630434784,0.4504487724373902,0.4380278004263535,65.72463768115942,0.23899868247694336,0.2901637463768116,0.2942045930072464,ok
hitter,2025,wOBA,skill,all_matched,PA,0,0,source_specific,"[""OOPSY""]",OOPSY,15e879e25f34c496c2a23609,True,665,0.04637676589731585,0.07001751212059795,0.022590765500923458,0.46374524857768856,0.4868428684937621,148.64812030075188,0.22386765105534923,0.30145484210526313,0.2788640766043397,ok
hitter,2025,wOBA,skill,all_matched,PA,0,0,source_specific,"[""Steamer""]",Steamer,7d4e897a2651b7407ab1724b,True,666,0.04726503496621771,0.0709138450550508,0.027460946216439693,0.47386962407882005,0.4849092504259694,148.19219219219218,0.2228454017927702,0.3066010366255852,0.27914009040914556,ok
hitter,2025,wOBA,skill,all_matched,PA,0,0,source_specific,"[""THE BAT X""]",THE BAT X,13354560ab68c21b7d192e03,True,586,0.04037475703582372,0.05951311610914567,0.012720679073385891,0.4790293419935769,0.49654276616697474,131.6825938566553,0.22509845103701762,0.298829704778157,0.2861090257047711,ok
hitter,2025,wOBA,skill,established_sample,PA,100,0,source_specific,"[""OOPSY""]",OOPSY,93fb980edb37ff41f2a86deb,True,460,0.027832197027675806,0.03630896100953953,0.005552216597219395,0.5047780762091711,0.47196934866656176,104.14347826086957,0.22689210950080516,0.31042942173913046,0.304877205141911,ok
hitter,2025,wOBA,skill,established_sample,PA,100,0,source_specific,"[""Steamer""]",Steamer,9c8f5a352eaf1b8510fe6830,True,460,0.028261100920778638,0.03672033182117495,0.010296328488475755,0.5005441113331274,0.47180616658622326,103.26086956521739,0.22496921473903572,0.31485269174704655,0.30455636325857083,ok
hitter,2025,wOBA,skill,established_sample,PA,100,0,source_specific,"[""THE BAT X""]",THE BAT X,3a34c07500caf31e2b867053,True,439,0.027016665454809193,0.0357182065695861,0.00010961497115994773,0.5082117616102331,0.4818092802481368,99.57630979498862,0.2273431730479192,0.30556894760820047,0.30545933263704056,ok
hitter,2025,wOBA,skill,regular_playing_time,PA,300,0,source_specific,"[""OOPSY""]",OOPSY,8c81cfdd2a7a7207ee99d849,True,277,0.022606350242620737,0.028831026608795194,-0.0009090443670580076,0.549759839437036,0.4704754796068968,62.75812274368231,0.2273845026945011,0.3197756750902527,0.32068471945731075,ok
hitter,2025,wOBA,skill,regular_playing_time,PA,300,0,source_specific,"[""Steamer""]",Steamer,bafbf57ae42f38297e32d204,True,276,0.021757819565317613,0.027629404973932282,0.0037057673474921097,0.5527050569089452,0.4838321370985003,61.70289855072464,0.2243741765480896,0.32403454359647993,0.3203287762489878,ok
hitter,2025,wOBA,skill,regular_playing_time,PA,300,0,source_specific,"[""THE BAT X""]",THE BAT X,6b4de20d39d4a2c1a4417010,True,276,0.022233128979008573,0.029328333596399716,-0.006260991692983643,0.5399357816159673,0.46416232645082117,63.572463768115945,0.23117259552042163,0.3142798115942029,0.32054080328718654,ok
hitter,2026,R,fantasy_outcome,all_matched,PA,0,0,source_specific,"[""Depth Charts""]",Depth Charts,58b36add37e318e159bbd569,True,555,17.394594594594594,22.539574805937054,3.0126126126126125,0.7156455460232106,0.7090203964335705,94.63963963963964,0.17082967443978275,40.486486486486484,37.47387387387387,ok
hitter,2026,R,fantasy_outcome,all_matched,PA,0,0,source_specific,"[""OOPSY""]",OOPSY,834c5cf66c9bb35d89016f38,True,649,16.14175654853621,21.472955721716804,0.6656394453004623,0.7422654741903767,0.7310658067489583,105.88135593220339,0.16339715421636325,34.08166409861325,33.41602465331279,ok
hitter,2026,R,fantasy_outcome,all_matched,PA,0,0,source_specific,"[""Steamer""]",Steamer,0af607debfa0857e4b370f04,True,659,15.054312898330805,20.138554605746894,-3.1564801213960543,0.7496169704690071,0.7285719125122884,107.81790591805766,0.16385699987546756,29.873868892261,33.03034901365706,ok
hitter,2026,R,fantasy_outcome,all_matched,PA,0,0,source_specific,"[""THE BAT X""]",THE BAT X,b046ec7a20499395d2ac4e77,True,583,15.97306643567753,20.8747946190645,1.030154295025729,0.7320343348649823,0.7256179063497261,95.76672384219555,0.16454763546768994,37.061029080617494,36.03087478559177,ok
hitter,2026,R,fantasy_outcome,established_sample,PA,100,0,source_specific,"[""Depth Charts""]",Depth Charts,4a5532513a8c4218df73ed75,True,435,19.27816091954023,23.827348336221387,1.7563218390804598,0.6274614247618329,0.6206708499341039,85.85057471264368,0.19781238413051538,48.298850574712645,46.54252873563218,ok
hitter,2026,R,fantasy_outcome,established_sample,PA,100,0,source_specific,"[""OOPSY""]",OOPSY,10d5b16b8824635ed1566fd3,True,462,19.445887445887447,23.794211526430168,-0.5757575757575758,0.6363633851452889,0.6292207257952428,89.54978354978356,0.19425115737480164,44.701298701298704,45.277056277056275,ok
hitter,2026,R,fantasy_outcome,established_sample,PA,100,0,source_specific,"[""Steamer""]",Steamer,50ea08f5600beeb043be14a9,True,465,18.558804301075266,22.88142668680458,-6.014755698924731,0.6494532093954346,0.6273512115617991,90.50537634408602,0.19505469039673712,39.122878709677416,45.13763440860215,ok
hitter,2026,R,fantasy_outcome,established_sample,PA,100,0,source_specific,"[""THE BAT X""]",THE BAT X,9b1103955a1e4c0d59b1b1fb,True,441,18.150472721088434,22.52146884138635,-0.9724105895691609,0.632579293216528,0.6218621686881793,86.24716553287982,0.19601628530199958,45.281557664399095,46.25396825396825,ok
hitter,2026,R,fantasy_outcome,regular_playing_time,PA,300,0,source_specific,"[""Depth Charts""]",Depth Charts,e904c04158e0495df8dc52ee,True,263,18.47148288973384,22.583853042626508,-1.832699619771863,0.5242948277156105,0.5565188486304504,57.27756653992395,0.21861666618291586,60.874524714828894,62.70722433460076,ok
hitter,2026,R,fantasy_outcome,regular_playing_time,PA,300,0,source_specific,"[""OOPSY""]",OOPSY,3218314c68e9afade37fd3ca,True,266,18.669172932330827,22.77513483861936,-3.5338345864661656,0.5171078722051131,0.5626549868069411,58.06390977443609,0.21910909348843807,59.07518796992481,62.609022556390975,ok
hitter,2026,R,fantasy_outcome,regular_playing_time,PA,300,0,source_specific,"[""Steamer""]",Steamer,28508f1e1fbe8c43fab250d4,True,267,19.722193632958803,24.336920086519584,-10.502525468164794,0.5235469487821588,0.5413620237030914,58.235955056179776,0.2189321618653375,52.033055056179776,62.53558052434457,ok
hitter,2026,R,fantasy_outcome,regular_playing_time,PA,300,0,source_specific,"[""THE BAT X""]",THE BAT X,3afb3712e6c4bcbd299dc107,True,264,17.809957272727274,21.90906604174953,-5.659019393939394,0.5335034161384223,0.5647187970455412,56.53409090909091,0.21495852056688558,56.97355636363636,62.63257575757576,ok
hitter,2026,HR,fantasy_outcome,all_matched,PA,0,0,source_specific,"[""Depth Charts""]",Depth Charts,ebe1b7a3e5fc93462f98b5b4,True,555,5.385585585585585,7.239904434190842,1.0360360360360361,0.7187238839418499,0.6910709730820122,95.07567567567567,0.1716167430968875,10.745945945945946,9.70990990990991,ok
hitter,2026,HR,fantasy_outcome,all_matched,PA,0,0,source_specific,"[""OOPSY""]",OOPSY,a55fce8f8a7ecb12a22b72e2,True,649,4.8289676425269645,6.797760893022474,0.4406779661016949,0.7394435771501164,0.7129514828228825,106.01386748844376,0.16360164735870952,9.016949152542374,8.576271186440678,ok
hitter,2026,HR,fantasy_outcome,all_matched,PA,0,0,source_specific,"[""Steamer""]",Steamer,9f0e6374cd0ecf60fd9c9008,True,659,4.48849817905918,6.30999954631229,-0.25130424886191194,0.7516156488965463,0.7175834726123622,108.96965098634294,0.16560737231967013,8.208483308042489,8.4597875569044,ok
hitter,2026,HR,fantasy_outcome,all_matched,PA,0,0,source_specific,"[""THE BAT X""]",THE BAT X,7578014656ed0329da11f7fd,True,583,4.993874361578045,6.847583438312128,0.4051370586620926,0.7291524631862933,0.7133528777361994,97.41166380789022,0.16737399279706225,9.719030712178387,9.313893653516296,ok
hitter,2026,HR,fantasy_outcome,established_sample,PA,100,0,source_specific,"[""Depth Charts""]",Depth Charts,c2272350ea10255cf09b11c4,True,435,6.105747126436782,7.784452527276744,0.7494252873563219,0.6636624227866952,0.6233776499465125,84.42298850574713,0.19452301499020075,12.901149425287356,12.151724137931035,ok
hitter,2026,HR,fantasy_outcome,established_sample,PA,100,0,source_specific,"[""OOPSY""]",OOPSY,645a67e80149848a64e5da3d,True,462,5.987012987012987,7.667325399895246,0.16017316017316016,0.670998318132651,0.628608646931445,88.97835497835497,0.1930116160051084,11.898268398268398,11.738095238095237,ok
hitter,2026,HR,fantasy_outcome,established_sample,PA,100,0,source_specific,"[""Steamer""]",Steamer,a074388261f94f1b7ef5c551,True,465,5.591572258064516,7.209693546692939,-0.851554193548387,0.6857174786383993,0.6429283657276688,88.16989247311828,0.19002131998516872,10.82801569892473,11.679569892473118,ok
hitter,2026,HR,fantasy_outcome,established_sample,PA,100,0,source_specific,"[""THE BAT X""]",THE BAT X,23194511cb8b10762a602619,True,441,5.834035031292517,7.531774239815809,-0.0734872172335601,0.6690167417900637,0.6330138144097629,85.45351473922902,0.19421253349824777,11.985469698866213,12.058956916099774,ok
hitter,2026,HR,fantasy_outcome,regular_playing_time,PA,300,0,source_specific,"[""Depth Charts""]",Depth Charts,fc8d3ce89d41080940258592,True,263,6.32319391634981,7.8761805802253795,-0.155893536121673,0.6303968799475628,0.6203306057509352,52.129277566539926,0.19896670826923635,16.520912547528518,16.67680608365019,ok
hitter,2026,HR,fantasy_outcome,regular_playing_time,PA,300,0,source_specific,"[""OOPSY""]",OOPSY,2d6704a767c5f0416194822c,True,266,6.2706766917293235,7.83523946306742,-0.6992481203007519,0.6355569943788962,0.6276809221619551,52.60526315789474,0.19851042701092356,15.917293233082706,16.616541353383457,ok
hitter,2026,HR,fantasy_outcome,regular_playing_time,PA,300,0,source_specific,"[""Steamer""]",Steamer,7972b70187565ad588dd0576,True,267,6.2560782771535575,7.877055536140278,-1.9429644194756552,0.6308453136389481,0.6191490847214902,52.9812734082397,0.1991777195798485,14.622578651685394,16.56554307116105,ok
hitter,2026,HR,fantasy_outcome,regular_playing_time,PA,300,0,source_specific,"[""THE BAT X""]",THE BAT X,9b674954d1a6cf4eb25e9998,True,264,6.219086481060606,7.796815703512219,-1.3028985265151516,0.6450429705255576,0.6393078404395499,51.333333333333336,0.19518377693282637,15.322101473484848,16.625,ok
hitter,2026,RBI,fantasy_outcome,all_matched,PA,0,0,source_specific,"[""Depth Charts""]",Depth Charts,2272b3424c327e5263010efd,True,555,17.78918918918919,23.424211698447692,4.254054054054054,0.6952009837313334,0.6991644548743173,95.58198198198198,0.1725306533970794,40.14594594594595,35.891891891891895,ok
hitter,2026,RBI,fantasy_outcome,all_matched,PA,0,0,source_specific,"[""OOPSY""]",OOPSY,3dd7d7487d481d5ceacf8a18,True,649,16.375963020030817,22.208564541254145,1.1741140215716488,0.7210325385646893,0.7225370448425343,107.43451463790447,0.16579400407084025,33.110939907550076,31.93682588597843,ok
hitter,2026,RBI,fantasy_outcome,all_matched,PA,0,0,source_specific,"[""Steamer""]",Steamer,73bce4839222652f63a3254c,True,659,14.76989924127466,19.97746304831973,-2.4531317147192717,0.7394353042554471,0.7260808938608216,107.96661608497723,0.1640830031686584,29.11439484066768,31.56752655538695,ok
hitter,2026,RBI,fantasy_outcome,all_matched,PA,0,0,source_specific,"[""THE BAT X""]",THE BAT X,56ff0a23e365d80fb40ebb9a,True,583,15.915675308747856,21.208816867814335,0.833390488850772,0.7158715390568176,0.7191040210143775,97.08747855917667,0.16681697346937574,35.33939391938251,34.506003430531734,ok
hitter,2026,RBI,fantasy_outcome,established_sample,PA,100,0,source_specific,"[""Depth Charts""]",Depth Charts,c5a78ed0b8e3e34d602a77c8,True,435,19.797701149425286,24.899799195977465,3.2,0.5998199024542186,0.6004230734533447,87.1287356321839,0.20075745537369563,47.87126436781609,44.67126436781609,ok
hitter,2026,RBI,fantasy_outcome,established_sample,PA,100,0,source_specific,"[""OOPSY""]",OOPSY,3107b9b59eb0fd3014611a7d,True,462,20.0,24.956932600952484,0.12987012987012986,0.6048487683222847,0.602454337509107,92.68614718614718,0.2010545492107314,43.51731601731602,43.387445887445885,ok
hitter,2026,RBI,fantasy_outcome,established_sample,PA,100,0,source_specific,"[""Steamer""]",Steamer,7f9890a2064eee3087d44973,True,465,18.1985288172043,22.720646656324945,-5.119717204301076,0.6334355577853159,0.6207105483559691,91.67311827956989,0.1975713756025213,38.123293548387096,43.24301075268817,ok
hitter,2026,RBI,fantasy_outcome,established_sample,PA,100,0,source_specific,"[""THE BAT X""]",THE BAT X,2c3d0021cacee46404467b6b,True,441,18.276705646258502,23.13028858359223,-1.1154167573696143,0.6125593585936754,0.6045560601391596,88.44444444444444,0.201010101010101,43.276873492063494,44.39229024943311,ok
hitter,2026,RBI,fantasy_outcome,regular_playing_time,PA,300,0,source_specific,"[""Depth Charts""]",Depth Charts,c6f2d6b4d44e4f3ee056d2a0,True,263,19.429657794676807,23.929713301818396,-0.3269961977186312,0.4659134922888805,0.4864009540974762,61.741444866920155,0.2356543697210693,60.26235741444867,60.5893536121673,ok
hitter,2026,RBI,fantasy_outcome,regular_playing_time,PA,300,0,source_specific,"[""OOPSY""]",OOPSY,4e295524b9c9de84523546a9,True,266,20.075187969924812,24.747294224390906,-2.8646616541353382,0.4516816476103162,0.47036584249231506,64.06766917293233,0.2417647893318201,57.545112781954884,60.409774436090224,ok
hitter,2026,RBI,fantasy_outcome,regular_playing_time,PA,300,0,source_specific,"[""Steamer""]",Steamer,1bc9ac9b1b20a53ed4462a62,True,267,19.469483146067414,24.143833747409438,-9.724031460674158,0.4908259306620698,0.4947319835526581,62.737827715355806,0.23585649517051055,50.5606127340824,60.28464419475655,ok
hitter,2026,RBI,fantasy_outcome,regular_playing_time,PA,300,0,source_specific,"[""THE BAT X""]",THE BAT X,7785073864988247d6a1a30a,True,264,18.553873333333335,23.160646865595865,-5.806221818181818,0.4952589040583695,0.4978753486535725,61.15530303030303,0.23252966931674157,54.6558993939394,60.46212121212121,ok
hitter,2026,SB,fantasy_outcome,all_matched,PA,0,0,source_specific,"[""Depth Charts""]",Depth Charts,a9c7c8f2404e5ca0f6d0783e,True,555,3.5603603603603604,5.525371456266966,0.7279279279279279,0.7597964140454143,0.6848099262416523,94.1981981981982,0.17003284873320976,6.311711711711712,5.583783783783784,ok
hitter,2026,SB,fantasy_outcome,all_matched,PA,0,0,source_specific,"[""OOPSY""]",OOPSY,68dcf5286dd2f9152c3fce50,True,649,3.5331278890600926,5.71363357493806,0.7103235747303543,0.7431139492573919,0.6466048319809917,112.36517719568567,0.17340305122791,5.7642526964560865,5.053929121725732,ok
hitter,2026,SB,fantasy_outcome,all_matched,PA,0,0,source_specific,"[""Steamer""]",Steamer,a095fb7f1024c6583fce3cd9,True,659,3.1081468892261,5.096742388019339,-0.26298937784522003,0.7530721468062206,0.6562541243698795,115.2731411229135,0.17518714456369833,4.7279059180576635,4.990895295902883,ok
hitter,2026,SB,fantasy_outcome,all_matched,PA,0,0,source_specific,"[""THE BAT X""]",THE BAT X,9a913a7d84d2ac7d72a09984,True,583,3.401362547975986,5.222407457671523,0.5019824875986278,0.7672318388250876,0.6883673327951124,100.10291595197256,0.1719981373745233,5.867334117101201,5.365351629502573,ok
hitter,2026,SB,fantasy_outcome,established_sample,PA,100,0,source_specific,"[""Depth Charts""]",Depth Charts,18c14ee67030a357a90e0bc9,True,435,4.048275862068966,5.996742410695151,0.6091954022988506,0.7472375960797347,0.6650768385066894,76.87816091954024,0.17713861963027705,7.533333333333333,6.924137931034482,ok
hitter,2026,SB,fantasy_outcome,established_sample,PA,100,0,source_specific,"[""OOPSY""]",OOPSY,2cda6eee2afbc45d75d7542a,True,462,4.387445887445887,6.501581559171797,0.6991341991341992,0.7193393961421883,0.5977001975170181,88.9978354978355,0.19305387309725705,7.54978354978355,6.85064935064935,ok
hitter,2026,SB,fantasy_outcome,established_sample,PA,100,0,source_specific,"[""Steamer""]",Steamer,4a68538decb0151a5172949e,True,465,3.8940866666666665,5.909671223788072,-0.6392449462365591,0.7262146250972961,0.6143860488521529,87.55698924731183,0.18870040786058584,6.184410967741935,6.823655913978494,ok
hitter,2026,SB,fantasy_outcome,established_sample,PA,100,0,source_specific,"[""THE BAT X""]",THE BAT X,12eab33642bc32771c8304a7,True,441,3.9488398022675737,5.790031096024719,0.2936264371882086,0.750784804690845,0.6678929208139261,78.63718820861678,0.17872088229231087,7.1666423102040815,6.873015873015873,ok
hitter,2026,SB,fantasy_outcome,regular_playing_time,PA,300,0,source_specific,"[""Depth Charts""]",Depth Charts,75ddaa6bb4166c6ea3a6c636,True,263,4.334600760456274,6.0617858052135905,0.2509505703422053,0.7914771150872894,0.7489841466128928,41.00380228136882,0.15650306214262907,9.536121673003802,9.285171102661597,ok
hitter,2026,SB,fantasy_outcome,regular_playing_time,PA,300,0,source_specific,"[""OOPSY""]",OOPSY,1071d02aa12894bff63731c4,True,266,4.7556390977443606,6.624459121061624,0.6052631578947368,0.767290731677245,0.691612085926746,45.3984962406015,0.17131508015321323,10.0,9.394736842105264,ok
hitter,2026,SB,fantasy_outcome,regular_playing_time,PA,300,0,source_specific,"[""Steamer""]",Steamer,ca0f6b359923375218214913,True,267,4.492910861423221,6.504416801857384,-1.1411670411985018,0.7520003402045362,0.691213979596647,44.98501872659176,0.16911661175410436,8.24834606741573,9.389513108614231,ok
hitter,2026,SB,fantasy_outcome,regular_playing_time,PA,300,0,source_specific,"[""THE BAT X""]",THE BAT X,f5ff0ed468c5f1baecd4caa8,True,264,4.343344534090909,6.03761401374281,-0.22094738257575758,0.7870615452338587,0.7286208620094095,43.48106060606061,0.16532722663901372,9.059355647727273,9.280303030303031,ok
hitter,2026,AVG,fantasy_outcome,all_matched,PA,0,0,source_specific,"[""Depth Charts""]",Depth Charts,e2487d3200f0e4db9ff995cb,True,555,0.03365005312432432,0.0504811693934592,0.015914424486486483,0.4467312101696112,0.49260912709092225,124.46666666666667,0.2246690734055355,0.24301687207207204,0.2271024475855856,ok
hitter,2026,AVG,fantasy_outcome,all_matched,PA,0,0,source_specific,"[""OOPSY""]",OOPSY,1a5289b69a4c59721c24f42d,True,649,0.038844346596302,0.05882238493697727,0.014682725973805854,0.383598832771238,0.43341601120970963,154.7673343605547,0.2388384789514733,0.23873617257318952,0.22405344659938367,ok
hitter,2026,AVG,fantasy_outcome,all_matched,PA,0,0,source_specific,"[""Steamer""]",Steamer,2b66a877a84fbc6795e9ecd4,True,659,0.03903530326555387,0.059429761622320616,0.015528119116843703,0.4015413794640066,0.45071720261092757,153.10773899848255,0.2326865334323443,0.238884937784522,0.2233568186676783,ok
hitter,2026,AVG,fantasy_outcome,all_matched,PA,0,0,source_specific,"[""THE BAT X""]",THE BAT X,c11e1ac4d55af6f3cf2005a9,True,583,0.03523670420411664,0.053501642063062724,0.011017625974271012,0.4327420313204633,0.47814522191300834,129.33790737564323,0.22223008140144884,0.2360878216123499,0.2250701956380789,ok
hitter,2026,AVG,fantasy_outcome,established_sample,PA,100,0,source_specific,"[""Depth Charts""]",Depth Charts,c314177b61738e523e3303b0,True,435,0.023668067641379312,0.030683857607844162,0.00813082793103448,0.48219080567010536,0.49099883553337337,99.1655172413793,0.2284919752105514,0.24631612873563216,0.2381853008045977,ok
hitter,2026,AVG,fantasy_outcome,established_sample,PA,100,0,source_specific,"[""OOPSY""]",OOPSY,19fa301ddd9f99246e90f8cd,True,462,0.024696819222943724,0.0317883608266288,0.004763867768398269,0.39072553720259395,0.3962388654426367,115.02164502164503,0.24950465297536883,0.24362221645021645,0.23885834868181816,ok
hitter,2026,AVG,fantasy_outcome,established_sample,PA,100,0,source_specific,"[""Steamer""]",Steamer,679ba1cf144fabf110e0d18f,True,465,0.02452337007741936,0.03178560440277457,0.005827380821505376,0.41638667456978196,0.4222931529867239,112.69677419354839,0.24288097886540602,0.24496688387096774,0.23913950304946238,ok
hitter,2026,AVG,fantasy_outcome,established_sample,PA,100,0,source_specific,"[""THE BAT X""]",THE BAT X,b52a7603967a2533e302fd70,True,441,0.02382667820408163,0.030914039838899766,0.0021203053333333334,0.4427369556540575,0.4454270140709811,102.6938775510204,0.23339517625231912,0.24050570294784582,0.23838539761451247,ok
hitter,2026,AVG,fantasy_outcome,regular_playing_time,PA,300,0,source_specific,"[""Depth Charts""]",Depth Charts,4766fd36e1bac095884f11e3,True,263,0.01791462466539924,0.022455292491178867,0.0020893234182509496,0.5399599994500558,0.5227191431530843,57.07984790874525,0.217862014918875,0.2514539049429658,0.24936458152471483,ok
hitter,2026,AVG,fantasy_outcome,regular_playing_time,PA,300,0,source_specific,"[""OOPSY""]",OOPSY,ea9304692302023cc3df10d4,True,266,0.018617779390977446,0.02314346308616894,0.00010533748120300825,0.4913706826938834,0.47728490310940364,60.54887218045113,0.2284863101149099,0.2496976917293233,0.2495923542481203,ok
hitter,2026,AVG,fantasy_outcome,regular_playing_time,PA,300,0,source_specific,"[""Steamer""]",Steamer,d1b6e16694edfeca370bc67e,True,267,0.01827102504868914,0.02306690282160423,0.0013650628089887644,0.5140015485891267,0.49445853773893794,59.77902621722846,0.22473318126777617,0.2511462097378277,0.249781146928839,ok
hitter,2026,AVG,fantasy_outcome,regular_playing_time,PA,300,0,source_specific,"[""THE BAT X""]",THE BAT X,fe7e7867a34a8feca393284f,True,264,0.018637649988636363,0.023591885465391812,-0.0036389315946969694,0.5040856441694626,0.48878749458703036,57.428030303030305,0.21835752966931674,0.24591745075757576,0.24955638235227273,ok
hitter,2026,OPS,fantasy_outcome,all_matched,PA,0,0,source_specific,"[""Depth Charts""]",Depth Charts,94c69078bbba662b6470d683,True,555,0.09520429514234235,0.13853500491450452,0.04750032027027027,0.4783335585436973,0.5120297785233496,123.04684684684685,0.2221062217452109,0.7117712468468469,0.6642709265765765,ok
hitter,2026,OPS,fantasy_outcome,all_matched,PA,0,0,source_specific,"[""OOPSY""]",OOPSY,3a9582f996a0bd55cdc30d2d,True,649,0.10997159046533128,0.16259626117298648,0.042212510607087826,0.3827135206239643,0.44286852194389503,153.57781201849,0.23700279632483023,0.6966276748844376,0.6544151642773498,ok
hitter,2026,OPS,fantasy_outcome,all_matched,PA,0,0,source_specific,"[""Steamer""]",Steamer,e81e8daf86e074ca277dcdd9,True,659,0.1112391294370258,0.16493196366889296,0.04581129553717754,0.40547803399253896,0.45691800966370544,151.69650986342944,0.23054180830308427,0.697353660091047,0.6515423645538695,ok
hitter,2026,OPS,fantasy_outcome,all_matched,PA,0,0,source_specific,"[""THE BAT X""]",THE BAT X,9bfb8754b754ef075213506a,True,583,0.09989000839965695,0.14383374839100327,0.025702778670668953,0.4533985288179662,0.46897284401886885,134.19039451114924,0.23056768816348666,0.6833581149228131,0.6576553362521441,ok
hitter,2026,OPS,fantasy_outcome,established_sample,PA,100,0,source_specific,"[""Depth Charts""]",Depth Charts,9adc6f703d495914ccbebe23,True,435,0.06892446665977012,0.08868391500764924,0.021649147643678163,0.48472109107741906,0.48073449024724635,100.93333333333334,0.23256528417818742,0.7235196459770115,0.7018704983333334,ok
hitter,2026,OPS,fantasy_outcome,established_sample,PA,100,0,source_specific,"[""OOPSY""]",OOPSY,94a37b2466941685f3b384d3,True,462,0.06956001624458875,0.08951791989274609,0.010908504816017317,0.44762504679282156,0.44331458688137854,110.60606060606061,0.23992637875501216,0.7124731515151516,0.7015646466991341,ok
hitter,2026,OPS,fantasy_outcome,established_sample,PA,100,0,source_specific,"[""Steamer""]",Steamer,b09119ce7052a7bc10a282d7,True,465,0.07031068425161291,0.08981452876014623,0.016020820152688176,0.44628394033962476,0.43542219272141947,112.98494623655914,0.24350203930292919,0.7177326387096774,0.7017118185569893,ok
hitter,2026,OPS,fantasy_outcome,established_sample,PA,100,0,source_specific,"[""THE BAT X""]",THE BAT X,fd90d6df565fb38528de3866,True,441,0.0719456198956916,0.0916077750961702,-0.002214440607709749,0.4306204822822326,0.4115176140386224,108.92063492063492,0.24754689754689754,0.6998570997732426,0.7020715403809524,ok
hitter,2026,OPS,fantasy_outcome,regular_playing_time,PA,300,0,source_specific,"[""Depth Charts""]",Depth Charts,b1531ecd9a8da75ddae74bc9,True,263,0.05469749030418252,0.0678878933869642,0.005507487460076044,0.5195166795059615,0.46609808355519905,61.47528517110266,0.2346384930194758,0.7433038326996199,0.7377963452395437,ok
hitter,2026,OPS,fantasy_outcome,regular_playing_time,PA,300,0,source_specific,"[""OOPSY""]",OOPSY,d564c36acccb3980a66d408a,True,266,0.05511164480827068,0.06876259470376123,-0.0029283887631578963,0.5177645226879287,0.47567197764477165,62.28195488721804,0.23502624485742657,0.7351242593984962,0.7380526481616542,ok
hitter,2026,OPS,fantasy_outcome,regular_playing_time,PA,300,0,source_specific,"[""Steamer""]",Steamer,5de36dd549d3330f88c68348,True,267,0.055884521973782776,0.06913198367166506,0.004730013464419476,0.4988235100091008,0.44463105892210836,64.38576779026218,0.2420517586100082,0.7428641161048689,0.7381341026404494,ok
hitter,2026,OPS,fantasy_outcome,regular_playing_time,PA,300,0,source_specific,"[""THE BAT X""]",THE BAT X,6de6fe3fc8820baf4cc8ddba,True,264,0.06044102111363636,0.07539308475819849,-0.016518624212121212,0.4710786895115418,0.4199675208212406,64.95454545454545,0.24697545800207396,0.721361071969697,0.7378796961818183,ok
hitter,2026,PA,opportunity,all_matched,PA,0,0,source_specific,"[""Depth Charts""]",Depth Charts,f19bfe6ea37e8f6c7a6e08bd,True,555,122.69189189189188,163.48992309911628,16.003603603603604,0.7349295073325347,0.7379904872978056,88.98198198198199,0.16061729599635738,331.4954954954955,315.4918918918919,ok
hitter,2026,PA,opportunity,all_matched,PA,0,0,source_specific,"[""OOPSY""]",OOPSY,0f52c588ac8ed19cee15d98d,True,649,117.00462249614792,158.97105588807509,1.6024653312788906,0.7665894068701765,0.7608632422584931,99.62865947611711,0.15374793129030417,283.6271186440678,282.0246533127889,ok
hitter,2026,PA,opportunity,all_matched,PA,0,0,source_specific,"[""Steamer""]",Steamer,2022a95e6c54a068d33342e1,True,659,110.10208959028832,146.56878318611723,-30.62965019726859,0.7748103618228489,0.7561738970666363,102.4855842185129,0.15575316750533874,248.3445531411229,278.9742033383915,ok
hitter,2026,PA,opportunity,all_matched,PA,0,0,source_specific,"[""THE BAT X""]",THE BAT X,e7b57c4ff99be6578e7d223c,True,583,113.83009262435678,150.97925627645256,7.154888507718697,0.7558327246069726,0.7560439145584875,90.14236706689537,0.15488379221116044,310.81698113207545,303.6620926243568,ok
hitter,2026,PA,opportunity,established_sample,PA,100,0,source_specific,"[""Depth Charts""]",Depth Charts,7a33809bd9a9b9a9695aa910,True,435,133.04827586206898,169.81928190210652,3.659770114942529,0.6406296941572306,0.6531423567730525,80.52183908045977,0.18553419142963082,393.4183908045977,389.7586206896552,ok
hitter,2026,PA,opportunity,established_sample,PA,100,0,source_specific,"[""OOPSY""]",OOPSY,c933983c8b90b488aa25794b,True,462,137.57792207792207,174.09014557946347,-8.85930735930736,0.6569734496028211,0.6641729302577078,84.03679653679653,0.18229240029673868,370.4848484848485,379.34415584415586,ok
hitter,2026,PA,opportunity,established_sample,PA,100,0,source_specific,"[""Steamer""]",Steamer,9bd0de232499220e895d2e76,True,465,132.6502007311828,164.08418916125797,-55.82041148387097,0.673150289795458,0.6674466560494666,85.19354838709677,0.1836067853170189,322.4462551827957,378.26666666666665,ok
hitter,2026,PA,opportunity,established_sample,PA,100,0,source_specific,"[""THE BAT X""]",THE BAT X,f5e97f9ed236974088f319e3,True,441,125.77911111111112,159.37186508821483,-10.580988662131517,0.6515276299948232,0.6619562824841175,80.92743764172336,0.18392599464028037,376.78182312925173,387.3628117913832,ok
hitter,2026,PA,opportunity,regular_playing_time,PA,300,0,source_specific,"[""Depth Charts""]",Depth Charts,42727b1f1afb12d32db581b3,True,263,116.79087452471482,151.45155708835316,-27.41444866920152,0.5338017002869666,0.576517738098896,55.78707224334601,0.2129277566539924,487.03041825095056,514.4448669201521,ok
hitter,2026,PA,opportunity,regular_playing_time,PA,300,0,source_specific,"[""OOPSY""]",OOPSY,86394e4ffa56469e9e200a55,True,266,120.48872180451127,157.9246036915332,-32.1203007518797,0.5273848348586552,0.5750564130070526,56.6015037593985,0.21359058022414526,481.54887218045116,513.6691729323309,ok
hitter,2026,PA,opportunity,regular_playing_time,PA,300,0,source_specific,"[""Steamer""]",Steamer,ecfc0028f8a03dc0c9a041bb,True,267,134.0827202247191,169.72015186948002,-93.02549176029963,0.5393826838452332,0.557844104019655,57.7752808988764,0.2172003041311143,419.98199887640453,513.0074906367041,ok
hitter,2026,PA,opportunity,regular_playing_time,PA,300,0,source_specific,"[""THE BAT X""]",THE BAT X,5f7b1fa1ca18f4b152a2d60f,True,264,114.67396590909091,147.4865351300344,-47.76449621212121,0.5384456855425709,0.5790096280330281,55.51136363636363,0.21106982371240926,466.008231060606,513.7727272727273,ok
hitter,2026,G,opportunity,all_matched,PA,0,0,source_specific,"[""Depth Charts""]",Depth Charts,c37ad94947dc361831e2c0aa,True,555,33.33513513513513,43.956305085354444,-10.430630630630631,0.657451389194562,0.670015218875846,101.61801801801802,0.18342602530328161,77.48288288288288,87.91351351351351,ok
hitter,2026,G,opportunity,all_matched,PA,0,0,source_specific,"[""OOPSY""]",OOPSY,cbc4c6c857da6fd94deacac2,True,649,32.503852080123266,43.16037745222094,-12.916795069337443,0.7116850136255842,0.7234368510083661,109.23882896764253,0.16857843976488046,66.26040061633282,79.17719568567026,ok
hitter,2026,G,opportunity,all_matched,PA,0,0,source_specific,"[""Steamer""]",Steamer,c40887d07682f7e36a29aa5b,True,659,32.29233687405159,42.042580653572394,-19.30924127465857,0.7191527912562734,0.721184981780283,111.43247344461305,0.16935026359363686,59.06101669195751,78.37025796661608,ok
hitter,2026,G,opportunity,all_matched,PA,0,0,source_specific,"[""THE BAT X""]",THE BAT X,5e7426d6781933d6876ad748,True,583,30.355603773584903,40.30535319061101,-7.378032590051458,0.6867354902358632,0.6945679863739104,101.92795883361921,0.17513394988594366,77.40584391080618,84.78387650085763,ok
hitter,2026,G,opportunity,established_sample,PA,100,0,source_specific,"[""Depth Charts""]",Depth Charts,8a6f32d593a76274ce8de274,True,435,36.93563218390805,46.84017825383006,-14.719540229885057,0.5054724054584091,0.5368359978669572,95.39540229885057,0.21980507442131467,91.93103448275862,106.65057471264367,ok
hitter,2026,G,opportunity,established_sample,PA,100,0,source_specific,"[""OOPSY""]",OOPSY,c407dc2ff824accf11dcd3c6,True,462,38.357142857142854,48.158266317617944,-17.439393939393938,0.5502970016478751,0.5730779759666458,96.74025974025975,0.2098487196101079,86.55844155844156,103.9978354978355,ok
hitter,2026,G,opportunity,established_sample,PA,100,0,source_specific,"[""Steamer""]",Steamer,43ae2911961933c8764b4480,True,465,39.43520430107527,47.80546587501142,-27.307247311827954,0.5653928365572809,0.5801504069637675,97.15053763440861,0.20937615869484613,76.42178494623656,103.72903225806452,ok
hitter,2026,G,opportunity,established_sample,PA,100,0,source_specific,"[""THE BAT X""]",THE BAT X,7ecc83aa660dad98741deb31,True,441,33.96216553287982,43.20921613897516,-12.988523809523809,0.5173265706084393,0.5497987556477458,95.11111111111111,0.21616161616161617,93.03868707482994,106.02721088435374,ok
hitter,2026,G,opportunity,regular_playing_time,PA,300,0,source_specific,"[""Depth Charts""]",Depth Charts,4cd7ca7d07593c59d8ffd07a,True,263,32.20152091254753,43.57332878021363,-18.247148288973385,0.3012287843824405,0.3661455461474471,69.59315589353612,0.2656227324180768,113.52851711026616,131.77566539923956,ok
hitter,2026,G,opportunity,regular_playing_time,PA,300,0,source_specific,"[""OOPSY""]",OOPSY,6492f5fdd94ba6f99abf6edd,True,266,33.08646616541353,44.9122368910344,-19.289473684210527,0.31550292997952817,0.37561533525400137,69.8157894736842,0.2634558093346574,112.24812030075188,131.5375939849624,ok
hitter,2026,G,opportunity,regular_playing_time,PA,300,0,source_specific,"[""Steamer""]",Steamer,cc5fd0c2bfc8501dbae8cba0,True,267,38.755505617977526,48.549744982107946,-32.87131086142322,0.3295903027554301,0.36850418753482644,70.09737827715355,0.26352397848553966,98.54067415730337,131.4119850187266,ok
hitter,2026,G,opportunity,regular_playing_time,PA,300,0,source_specific,"[""THE BAT X""]",THE BAT X,bb4d1cdaa85a982987253efb,True,264,30.32517424242424,40.39397446373992,-18.464825757575756,0.3044366481020717,0.37124724265577624,69.02651515151516,0.26245823251526673,113.18290151515151,131.64772727272728,ok
hitter,2026,HR_per_PA,skill,all_matched,PA,0,0,source_specific,"[""Depth Charts""]",Depth Charts,229b3260c71ac5d371655460,True,555,0.011442863718661146,0.016074346188921656,0.00028134206503960154,0.48181146917455775,0.5220042361420034,112.87567567567568,0.20374670699580447,0.02651890124927656,0.026237559184236956,ok
hitter,2026,HR_per_PA,skill,all_matched,PA,0,0,source_specific,"[""OOPSY""]",OOPSY,5215300ee18ffe56405675d3,True,649,0.012619197727399082,0.02048332957806099,-0.0025139403440580625,0.3714758555146979,0.4897257761069698,134.5593220338983,0.2076532747436702,0.02268866277124484,0.0252026031153029,ok
hitter,2026,HR_per_PA,skill,all_matched,PA,0,0,source_specific,"[""Steamer""]",Steamer,6e0206d5b7b298f7ffd4b6a3,True,659,0.012420570151404704,0.017860916666820666,0.0030452624203703483,0.4702708319210392,0.5419676942990115,140.1229135053111,0.21295275608709893,0.027963475150869128,0.024918212730498778,ok
hitter,2026,HR_per_PA,skill,all_matched,PA,0,0,source_specific,"[""THE BAT X""]",THE BAT X,8e26ba361969000e18444432,True,583,0.01139300304455935,0.014760094633365334,0.001849349984572231,0.5506682573702135,0.572046935624085,120.93996569468267,0.20780062834137916,0.027303576442050125,0.025454226457477896,ok
hitter,2026,HR_per_PA,skill,established_sample,PA,100,0,source_specific,"[""Depth Charts""]",Depth Charts,61f17cd99b77b5a9fe9a9e75,True,435,0.009801189065897888,0.013419583214303223,-0.0007176655596376575,0.518719351219517,0.566662203074136,86.1264367816092,0.19844801101753273,0.02875032233998802,0.029467987899625677,ok
hitter,2026,HR_per_PA,skill,established_sample,PA,100,0,source_specific,"[""OOPSY""]",OOPSY,579852952f4219df23af6808,True,462,0.010639541428999342,0.014672654345797209,-0.0022002097373470374,0.48100833881735755,0.5336827702549247,95.53030303030303,0.20722408466443173,0.026909610643799157,0.029109820381146193,ok
hitter,2026,HR_per_PA,skill,established_sample,PA,100,0,source_specific,"[""Steamer""]",Steamer,11438c41ac272193d3c7d4ce,True,465,0.008731706307485031,0.011227645392734699,0.000743151477294259,0.6365626063303663,0.6305493654685397,87.46236559139786,0.1884964775676678,0.029759315886591718,0.029016164409297458,ok
hitter,2026,HR_per_PA,skill,established_sample,PA,100,0,source_specific,"[""THE BAT X""]",THE BAT X,d8714bff2be20b1f07e74c74,True,441,0.009091944237389519,0.011573092720996318,-0.00048715405390589137,0.6253782445691174,0.6237798907768328,85.88662131519274,0.19519686662543806,0.02889055162086184,0.029377705674767732,ok
hitter,2026,HR_per_PA,skill,regular_playing_time,PA,300,0,source_specific,"[""Depth Charts""]",Depth Charts,7a85cb74e71fcd6ac2078500,True,263,0.008251443616878764,0.010528299187767532,0.00010475760208251565,0.6720093479488282,0.6820940908016211,45.78326996197718,0.17474530519838619,0.03188211765898479,0.03177736005690228,ok
hitter,2026,HR_per_PA,skill,regular_playing_time,PA,300,0,source_specific,"[""OOPSY""]",OOPSY,3493dd9b6c07c4a77f537327,True,266,0.008198418773975402,0.010581103392786294,-0.0007484163635639462,0.6704613273161909,0.6866958905130607,46.04887218045113,0.17376932898283445,0.03096330279813588,0.031711719161699826,ok
hitter,2026,HR_per_PA,skill,regular_playing_time,PA,300,0,source_specific,"[""Steamer""]",Steamer,37ad469e45e75e98a0172c4f,True,267,0.007876965229098077,0.009970952656088447,0.0009351980994014278,0.6997387913457765,0.6930725684485429,45.97003745318352,0.17281968967362227,0.032561487890275916,0.031626289790874486,ok
hitter,2026,HR_per_PA,skill,regular_playing_time,PA,300,0,source_specific,"[""THE BAT X""]",THE BAT X,36c9cb818524ace0bc12a755,True,264,0.008480425393481523,0.010669390805420745,-0.0007347282247168878,0.6748363943514629,0.6643533351416411,48.25757575757576,0.1834888812075124,0.030955983033300664,0.031690711258017555,ok
hitter,2026,R_per_PA,skill,all_matched,PA,0,0,source_specific,"[""Depth Charts""]",Depth Charts,96e71c643afa0f1e930827fd,True,555,0.02889690688469488,0.044594331351001174,0.007058642145928717,0.08303847355981228,0.2046984266751998,156.25225225225225,0.2820437766286142,0.11932428425310644,0.11226564210717772,ok
hitter,2026,R_per_PA,skill,all_matched,PA,0,0,source_specific,"[""OOPSY""]",OOPSY,5ded13ed80e44ad148b5bec6,True,649,0.04080967039212247,0.0693392396167569,-0.011696522632493008,0.03635765578919481,0.16813093543685606,184.52234206471493,0.2847567007171527,0.10026335816092564,0.11195988079341866,ok
hitter,2026,R_per_PA,skill,all_matched,PA,0,0,source_specific,"[""Steamer""]",Steamer,3dde05a19287b3ed4b792110,True,659,0.032945084348948585,0.05430270284638369,0.0008405424258942936,0.10960591974120247,0.20022790555901487,192.40971168437025,0.2924159752042101,0.11196881999332918,0.1111282775674349,ok
hitter,2026,R_per_PA,skill,all_matched,PA,0,0,source_specific,"[""THE BAT X""]",THE BAT X,2efa44e4ee7b7eed4d1e986a,True,583,0.029569404583573072,0.048607320912277395,0.0012819925624577245,0.19142284805776905,0.2910865978656695,158.44939965694684,0.27224982758925576,0.11311307417773764,0.11183108161527991,ok
hitter,2026,R_per_PA,skill,established_sample,PA,100,0,source_specific,"[""Depth Charts""]",Depth Charts,9c2fd583edfe0e8fc0a5f9ad,True,435,0.01895478914129337,0.02389832927278506,0.004071716184453889,0.3322493151882197,0.32443244691875317,114.8,0.2645161290322581,0.12013193664357613,0.11606022045912223,ok
hitter,2026,R_per_PA,skill,established_sample,PA,100,0,source_specific,"[""OOPSY""]",OOPSY,6a92660286acebe2c61942ee,True,462,0.02472813245627427,0.037327796599622466,-0.0055791761268538876,0.1251890272222039,0.2540222952040406,129.11688311688312,0.28008000676113476,0.11046276310465486,0.11604193923150875,ok
hitter,2026,R_per_PA,skill,established_sample,PA,100,0,source_specific,"[""Steamer""]",Steamer,1b94be087e9b7a5567c4ca83,True,465,0.019148572520074156,0.02439211673351113,-0.000676377855841876,0.2551492010394063,0.21988581957368022,133.2494623655914,0.2871755654430849,0.1153197216180604,0.11599609947390226,ok
hitter,2026,R_per_PA,skill,established_sample,PA,100,0,source_specific,"[""THE BAT X""]",THE BAT X,bf53d41eccf2ee9de7b4a161,True,441,0.018778165980557125,0.023845897048613035,-0.00028437211344165236,0.30404999243845765,0.2887925339831972,119.80045351473923,0.2722737579880437,0.11579907020200529,0.11608344231544694,ok
hitter,2026,R_per_PA,skill,regular_playing_time,PA,300,0,source_specific,"[""Depth Charts""]",Depth Charts,75aa1a816fb913b0c1e8d106,True,263,0.015667124973038384,0.01924358351748448,0.0022365907673902417,0.3813637460679832,0.3788224473152446,67.41444866920152,0.2573070559893188,0.12255780695404808,0.12032121618665785,ok
hitter,2026,R_per_PA,skill,regular_playing_time,PA,300,0,source_specific,"[""OOPSY""]",OOPSY,14fa22ac796a58d1958b08ea,True,266,0.01669601354435996,0.023266524530106945,-0.0011306830409004108,0.23836474276134995,0.35398549263910706,69.80451127819549,0.2634132501063981,0.11921211574370447,0.12034279878460488,ok
hitter,2026,R_per_PA,skill,regular_playing_time,PA,300,0,source_specific,"[""Steamer""]",Steamer,05ee2d76e8a5cee619290b0c,True,267,0.015847066140890473,0.019678954026507666,-0.00027081630414616204,0.34607549585434544,0.33012405311572557,71.10861423220973,0.2673256174143223,0.12009914967291016,0.12036996597705632,ok
hitter,2026,R_per_PA,skill,regular_playing_time,PA,300,0,source_specific,"[""THE BAT X""]",THE BAT X,b8fa06e5aa4c2ce3e7096e8e,True,264,0.015538114923556494,0.019290003083593573,-0.0009003369935679488,0.3805182776364634,0.3755780268836946,67.57575757575758,0.2569420440142874,0.11944843685590233,0.12034877384947028,ok
hitter,2026,RBI_per_PA,skill,all_matched,PA,0,0,source_specific,"[""Depth Charts""]",Depth Charts,ad7703667758924b303e28e8,True,555,0.031645793725008926,0.045017702411373074,0.01252303261597851,0.2552389041433356,0.33020831833521824,142.54774774774774,0.257306403876801,0.11710376768150488,0.10458073506552638,ok
hitter,2026,RBI_per_PA,skill,all_matched,PA,0,0,source_specific,"[""OOPSY""]",OOPSY,43bcdd73cd007ee005bddf59,True,649,0.03985467163713068,0.05941142624372826,-0.005911587151089759,0.19361198808909555,0.29422670883797103,169.9090909090909,0.2622053872053872,0.09608206962325187,0.10199365677434165,ok
hitter,2026,RBI_per_PA,skill,all_matched,PA,0,0,source_specific,"[""Steamer""]",Steamer,25c981a24e8cd52d071a1a9b,True,659,0.033027897517675445,0.04717124434317873,0.006964039808019913,0.3041685252173114,0.3837002996552777,166.27769347496206,0.25270166181605175,0.10827430982356555,0.10131027001554564,ok
hitter,2026,RBI_per_PA,skill,all_matched,PA,0,0,source_specific,"[""THE BAT X""]",THE BAT X,6b037c70ac200de372a87b7b,True,583,0.030548140628909974,0.042766060409306,0.00309872742304572,0.3431923376217643,0.404228066837834,144.9090909090909,0.24898469228366135,0.10598912451143815,0.10289039708839241,ok
hitter,2026,RBI_per_PA,skill,established_sample,PA,100,0,source_specific,"[""Depth Charts""]",Depth Charts,9cce747a21368defa8710577,True,435,0.022454425378336963,0.028526508042561433,0.0068658591492173895,0.38474339041084904,0.3905553078538434,108.07816091954022,0.249028020551936,0.11785390312733729,0.11098804397811991,ok
hitter,2026,RBI_per_PA,skill,established_sample,PA,100,0,source_specific,"[""OOPSY""]",OOPSY,c9e3e8e486d0b189030ab001,True,462,0.02805679127906207,0.03961193743793384,-0.004580509903982949,0.21437692908961395,0.32086070212100526,122.55411255411255,0.2658440619395066,0.10625958214268212,0.11084009204666509,ok
hitter,2026,RBI_per_PA,skill,established_sample,PA,100,0,source_specific,"[""Steamer""]",Steamer,1210fdea4ef912f4cb55d2dd,True,465,0.021556315745236084,0.02751724341008025,0.0012419640507616632,0.39260018460942375,0.4077224412093308,114.60860215053764,0.24700129773822765,0.1120121848213021,0.11077022077054044,ok
hitter,2026,RBI_per_PA,skill,established_sample,PA,100,0,source_specific,"[""THE BAT X""]",THE BAT X,28aeaec9a8777a3c6112d7b1,True,441,0.02178563717514527,0.027541749485138975,-0.0016624269578742927,0.42239004040246864,0.4203756211800516,108.25850340136054,0.24604205318491032,0.10932682980479896,0.11098925676267327,ok
hitter,2026,RBI_per_PA,skill,regular_playing_time,PA,300,0,source_specific,"[""Depth Charts""]",Depth Charts,b885d6ded10a984f967af8d0,True,263,0.018740135968942997,0.023875516343962722,0.003958140099262193,0.4018190226293825,0.38002953031239,65.75285171102662,0.2509650828665138,0.12112597548156141,0.11716783538229922,ok
hitter,2026,RBI_per_PA,skill,regular_playing_time,PA,300,0,source_specific,"[""OOPSY""]",OOPSY,5e15d0ff2017786506785372,True,266,0.020848013740653013,0.027297676350362267,-0.0019166678366361778,0.3287787695690434,0.34624152988951973,69.9172932330827,0.26383884238899136,0.11509592789341187,0.11701259573004806,ok
hitter,2026,RBI_per_PA,skill,regular_playing_time,PA,300,0,source_specific,"[""Steamer""]",Steamer,34932c273903f67dfe5c42f0,True,267,0.017850341435070482,0.022907920839408843,3.9709194156020616e-05,0.4342921796464523,0.4218953666329058,63.853932584269664,0.2400523781363521,0.11691412551833132,0.11687441632417529,ok
hitter,2026,RBI_per_PA,skill,regular_playing_time,PA,300,0,source_specific,"[""THE BAT X""]",THE BAT X,8193ec6a9479a08779627bc5,True,264,0.019131943909347846,0.024509758614025705,-0.0032940373385056967,0.43033471408050583,0.41411129470333796,64.39015151515152,0.24482947344164074,0.11373346038841368,0.11702749772691937,ok
hitter,2026,SB_per_PA,skill,all_matched,PA,0,0,source_specific,"[""Depth Charts""]",Depth Charts,42972ee0b36d544f171f68b7,True,555,0.010887451334068468,0.01976987951023152,0.0007928066081372751,0.5802156358715194,0.6245827075716404,96.89009009009008,0.17489185936839366,0.017774380134528794,0.016981573526391517,ok
hitter,2026,SB_per_PA,skill,all_matched,PA,0,0,source_specific,"[""OOPSY""]",OOPSY,7c9e7748985355c94b7c13b4,True,649,0.012679912151166003,0.02452447387449944,-0.00034691106986227714,0.4382480772276762,0.5157133002731012,122.58397534668721,0.18917280146093707,0.01671117259441956,0.017058083664281836,ok
hitter,2026,SB_per_PA,skill,all_matched,PA,0,0,source_specific,"[""Steamer""]",Steamer,aa3276f906e987704ef8fc20,True,659,0.012287216506549428,0.020850130703443277,0.0019903322488821606,0.5833709917744534,0.6009095459197978,124.93019726858877,0.18986352168478537,0.01885857853258057,0.016868246283698412,ok
hitter,2026,SB_per_PA,skill,all_matched,PA,0,0,source_specific,"[""THE BAT X""]",THE BAT X,9fc0c998cd13ab46ada588fa,True,583,0.011584123870328375,0.02046623924242055,0.0017734960325628143,0.6067491165205896,0.6321221264233043,105.19554030874785,0.18074835104595852,0.018828287823751448,0.01705479179118863,ok
hitter,2026,SB_per_PA,skill,established_sample,PA,100,0,source_specific,"[""Depth Charts""]",Depth Charts,a5cac91c72478566dc21790b,True,435,0.00908433244702886,0.0132575686741494,0.0011508405352568675,0.7459506106578669,0.7008911092511035,71.26896551724138,0.16421420626092484,0.01844531532430791,0.017294474789051044,ok
hitter,2026,SB_per_PA,skill,established_sample,PA,100,0,source_specific,"[""OOPSY""]",OOPSY,05460d338efd657b0b0a1862,True,462,0.01053448744155086,0.015912425866264745,0.0010680795088523051,0.6637167765387386,0.5980434396894024,86.6103896103896,0.1878750316928191,0.018712619033926813,0.01764453952507451,ok
hitter,2026,SB_per_PA,skill,established_sample,PA,100,0,source_specific,"[""Steamer""]",Steamer,66b9b566f3b39193997ae1ab,True,465,0.008993702673331452,0.012570521326572855,0.0015698928235614623,0.7799846453258241,0.7618530944885623,71.60430107526882,0.15431961438635522,0.019151647948266803,0.01758175512470534,ok
hitter,2026,SB_per_PA,skill,established_sample,PA,100,0,source_specific,"[""THE BAT X""]",THE BAT X,baee77250552d4e85f1df529,True,441,0.008604561065848408,0.012408225252504694,0.0016480648920606511,0.7804050240110592,0.7673812748112876,66.45578231292517,0.15103586889301174,0.018921260466339598,0.017273195574278945,ok
hitter,2026,SB_per_PA,skill,regular_playing_time,PA,300,0,source_specific,"[""Depth Charts""]",Depth Charts,dfb158374a331f5c4a533980,True,263,0.007577022607449967,0.00983719242108449,0.0017389268320574303,0.8410972851397608,0.7956974483935833,37.152091254752854,0.14180187501814068,0.01934057767666795,0.017601650844610517,ok
hitter,2026,SB_per_PA,skill,regular_playing_time,PA,300,0,source_specific,"[""OOPSY""]",OOPSY,f4bc5bafb6090e5643bae94e,True,266,0.008697344240388677,0.011622203979611188,0.0023395312746454784,0.8013862256095412,0.7254116334231697,42.6578947368421,0.16097318768619662,0.020211766371404427,0.01787223509675895,ok
hitter,2026,SB_per_PA,skill,regular_playing_time,PA,300,0,source_specific,"[""Steamer""]",Steamer,04d72ed00b1fe97509360bf2,True,267,0.007591186640405125,0.009890059018469986,0.0018017445318894937,0.8362383928195837,0.8047663786526967,37.329588014981276,0.14033679704880178,0.019695952053018488,0.017894207521128993,ok
hitter,2026,SB_per_PA,skill,regular_playing_time,PA,300,0,source_specific,"[""THE BAT X""]",THE BAT X,be880b8d0e7eec5b16919fd2,True,264,0.007447118604659743,0.00978126640927495,0.0016818501550140603,0.8382909800357305,0.8015758887540648,37.128787878787875,0.14117409839843298,0.01930674805098424,0.017624897895970177,ok
hitter,2026,K%,skill,all_matched,PA,0,0,source_specific,"[""Depth Charts""]",Depth Charts,bb7cd16488ee2ebb68447417,True,555,0.0386158952936937,0.06394085742731563,-0.011554935520720722,0.6767961193580907,0.7552142996648674,78.7081081081081,0.14207239730705434,0.22898763405405403,0.24054256957477474,ok
hitter,2026,K%,skill,all_matched,PA,0,0,source_specific,"[""OOPSY""]",OOPSY,f0482e7b655a1cb70e616238,True,649,0.04586180159784283,0.07673506409398141,-0.014147595342064714,0.6373518600208252,0.7328629265521002,98.25885978428352,0.15163404287698073,0.2333830741140216,0.2475306694560863,ok
hitter,2026,K%,skill,all_matched,PA,0,0,source_specific,"[""Steamer""]",Steamer,95fb076ec5686c7d8cd752f9,True,659,0.04674438658421851,0.08192035570630293,-0.015268172441578149,0.6152520805236978,0.7323686014993226,99.15933232169955,0.15069807343723335,0.23327364066767833,0.24854181310925644,ok
hitter,2026,K%,skill,all_matched,PA,0,0,source_specific,"[""THE BAT X""]",THE BAT X,78c3d8af918e00bfc21f5134,True,583,0.042244466351629505,0.07394722305487807,-0.010926500125214409,0.6355343075323995,0.7442602985400929,85.94168096054888,0.1476661184889156,0.2324068202401372,0.24333332036535166,ok
hitter,2026,K%,skill,established_sample,PA,100,0,source_specific,"[""Depth Charts""]",Depth Charts,997a6b9def3674067fb8d1e4,True,435,0.028707477983908047,0.036913558474277734,-0.004701575616091955,0.812627290437788,0.7939942251943367,58.827586206896555,0.13554743365644367,0.22321958367816092,0.22792115929425286,ok
hitter,2026,K%,skill,established_sample,PA,100,0,source_specific,"[""OOPSY""]",OOPSY,b1144167e7f102a6c3e28b36,True,462,0.029794298584415586,0.03753726729680193,-0.0035965498051948037,0.8030283967910541,0.7912851368154016,65.16017316017316,0.141345278004714,0.22426212792207792,0.22785867772727272,ok
hitter,2026,K%,skill,established_sample,PA,100,0,source_specific,"[""Steamer""]",Steamer,252b2f1a907c37c7f4e93e2c,True,465,0.029848955417204302,0.03830482334452247,-0.00446189483655914,0.7934426929989644,0.7809218686724625,65.78494623655914,0.1417779013718947,0.22307880688172044,0.22754070171827956,ok
hitter,2026,K%,skill,established_sample,PA,100,0,source_specific,"[""THE BAT X""]",THE BAT X,92ba242db55f90b0aa20809a,True,441,0.029156603156462586,0.03743095230842204,-0.0022525718548752835,0.8065122634787131,0.7892631655387736,61.00453514739229,0.13864667078952794,0.2254514244897959,0.2277039963446712,ok
hitter,2026,K%,skill,regular_playing_time,PA,300,0,source_specific,"[""Depth Charts""]",Depth Charts,ee8cd72ee44710b88988cd95,True,263,0.02472451658555133,0.03162746001189694,-0.000803350714828897,0.8479771429702678,0.8383937532797947,32.0,0.12213740458015267,0.21187693878326996,0.21268028949809886,ok
hitter,2026,K%,skill,regular_playing_time,PA,300,0,source_specific,"[""OOPSY""]",OOPSY,ea73b458f98c5d2d1120a519,True,266,0.026186240011278197,0.032241236274450955,0.0005630815000000019,0.8400828684901918,0.8361427746203247,34.090225563909776,0.12864236061852746,0.2137563612781955,0.2131932797781955,ok
hitter,2026,K%,skill,regular_playing_time,PA,300,0,source_specific,"[""Steamer""]",Steamer,2a08fde5fb0c2d8d41f7aef3,True,267,0.025858703711610486,0.032825775454435685,-0.0006147746853932583,0.8335022199876226,0.8256629622216363,33.91760299625468,0.12750978570020557,0.21248019176029964,0.21309496644569287,ok
hitter,2026,K%,skill,regular_playing_time,PA,300,0,source_specific,"[""THE BAT X""]",THE BAT X,26c6503752d7a03f40b09eba,True,264,0.024871414318181816,0.031135329206654783,0.0014718047045454558,0.8536659658088024,0.8431666035670816,32.50757575757576,0.12360294964857703,0.21405460681818184,0.21258280211363637,ok
hitter,2026,BB%,skill,all_matched,PA,0,0,source_specific,"[""Depth Charts""]",Depth Charts,62514d4d7a715d23f7b715a7,True,555,0.023706938567567566,0.03666076483432133,0.0012106608738738738,0.48495652115655147,0.5815481426361359,111.37657657657658,0.20104075194327903,0.08475560810810812,0.08354494723423424,ok
hitter,2026,BB%,skill,all_matched,PA,0,0,source_specific,"[""OOPSY""]",OOPSY,ec84c32441cd01ecdfb6a5de,True,649,0.028435823667180275,0.05541589270310628,7.057260400616208e-06,0.3246432539099151,0.5182729635202498,138.17103235747302,0.2132269017862238,0.0834167155624037,0.08340965830200309,ok
hitter,2026,BB%,skill,all_matched,PA,0,0,source_specific,"[""Steamer""]",Steamer,8fecc67af8d9cb76b7e64430,True,659,0.028430284858877084,0.055144492223118874,0.0013593629499241272,0.33634463580760793,0.5343240268981204,139.1380880121396,0.2114560608087228,0.08417815250379362,0.0828187895538695,ok
hitter,2026,BB%,skill,all_matched,PA,0,0,source_specific,"[""THE BAT X""]",THE BAT X,ab4dafe3d67579d2c064ca72,True,583,0.026325337837049743,0.054160227708499264,-0.005960894728987994,0.32563667864528095,0.5598224021199516,120.94339622641509,0.2078065227257991,0.07817827478559176,0.08413916951457975,ok
hitter,2026,BB%,skill,established_sample,PA,100,0,source_specific,"[""Depth Charts""]",Depth Charts,2ca6cc996e139ccd31a9e3a6,True,435,0.017636573896551724,0.02242139611616317,-0.0001834868114942529,0.6885442769363637,0.6751562865161147,76.77931034482759,0.17691085332909584,0.08619942666666666,0.08638291347816092,ok
hitter,2026,BB%,skill,established_sample,PA,100,0,source_specific,"[""OOPSY""]",OOPSY,41a382e50829f5c803166343,True,462,0.017832401097402598,0.02268534433522527,-0.000863291603896104,0.6719538709976963,0.6566565768702225,84.34415584415585,0.1829591233061949,0.0851196787878788,0.0859829703917749,ok
hitter,2026,BB%,skill,established_sample,PA,100,0,source_specific,"[""Steamer""]",Steamer,ebee505ddd9934629ef448ba,True,465,0.017783798036559138,0.022629151862925866,4.9201292473117934e-05,0.6746487666294245,0.6615839783082087,83.66666666666667,0.180316091954023,0.08594892731182796,0.08589972601935483,ok
hitter,2026,BB%,skill,established_sample,PA,100,0,source_specific,"[""THE BAT X""]",THE BAT X,3f2a6e6aa872ee61a2809df2,True,441,0.01838681047845805,0.02343181627448646,-0.00611974218367347,0.681275055748534,0.6654027671131701,79.82539682539682,0.18142135642135643,0.0803011306122449,0.08642087279591837,ok
hitter,2026,BB%,skill,regular_playing_time,PA,300,0,source_specific,"[""Depth Charts""]",Depth Charts,8868d11ad880a08bb22b388d,True,263,0.015707426821292777,0.02012204591676809,-0.0027911663041825093,0.7230257042829797,0.695670214216053,44.79467680608365,0.17097204887818188,0.08886236349809885,0.09165352980228136,ok
hitter,2026,BB%,skill,regular_playing_time,PA,300,0,source_specific,"[""OOPSY""]",OOPSY,f1a5195a8c146508eca12cf3,True,266,0.015867699451127818,0.02042432860903711,-0.0033710636090225564,0.7101366619175457,0.6818936495800553,46.55263157894737,0.17567030784508442,0.0881932052631579,0.09156426887218046,ok
hitter,2026,BB%,skill,regular_playing_time,PA,300,0,source_specific,"[""Steamer""]",Steamer,c6c2b70744dd25e2d7820c38,True,267,0.015650501554307115,0.020080860143009787,-0.0024470457265917604,0.7181985153973958,0.6929130408144578,45.52059925093633,0.17113007237194108,0.08912992434456929,0.09157697007116106,ok
hitter,2026,BB%,skill,regular_playing_time,PA,300,0,source_specific,"[""THE BAT X""]",THE BAT X,738b56c674e3cb9c2f428280,True,264,0.016695120859848485,0.02116041912932587,-0.0076245879810606055,0.7264214991023625,0.6964402788852184,44.92045454545455,0.1708002073971656,0.08404144924242424,0.09166603722348485,ok
hitter,2026,ISO,skill,all_matched,PA,0,0,source_specific,"[""Depth Charts""]",Depth Charts,2b4549710e31ca526e082f4f,True,555,0.0431218631045045,0.056628683890565336,0.016274988491891892,0.5382128484494592,0.54799419863025,116.3027027027027,0.20993267635866913,0.1542797845045045,0.13800479601261262,ok
hitter,2026,ISO,skill,all_matched,PA,0,0,source_specific,"[""OOPSY""]",OOPSY,79f1b978b4485c28e3d3fc4d,True,649,0.04907643976887519,0.0688248385796794,0.014778966514637904,0.44378119169069113,0.5054271666778332,143.34514637904468,0.2212116456466739,0.1486469342064715,0.1338679676918336,ok
hitter,2026,ISO,skill,all_matched,PA,0,0,source_specific,"[""Steamer""]",Steamer,4d9b9010f0cbba1bc3c20fcf,True,659,0.0487790961168437,0.06854581258392635,0.015930002371775418,0.458843453547883,0.5226353465044569,142.42336874051594,0.2164488886633981,0.14883050849772383,0.1329005061259484,ok
hitter,2026,ISO,skill,all_matched,PA,0,0,source_specific,"[""THE BAT X""]",THE BAT X,18ed5873d3e05be5e752a022,True,583,0.044280032610634644,0.057675340771460075,0.010447833876500858,0.5305368573163852,0.5440942098208048,125.0171526586621,0.21480610422450533,0.14481002144082333,0.13436218756432247,ok
hitter,2026,ISO,skill,established_sample,PA,100,0,source_specific,"[""Depth Charts""]",Depth Charts,1c169cc1b2d9f04a78504ae3,True,435,0.03272948003678161,0.04133772145255763,0.006655272845977011,0.6189483616308529,0.6058068123864563,84.94712643678162,0.19573070607553367,0.15875322413793105,0.15209795129195403,ok
hitter,2026,ISO,skill,established_sample,PA,100,0,source_specific,"[""OOPSY""]",OOPSY,7066ecf7e9e4938f3caa3e68,True,462,0.03287276161904762,0.04166672239445204,0.003129885484848484,0.6042212585898382,0.5968447108864281,92.46753246753246,0.20058033073217454,0.15397885454545454,0.15084896906060608,ok
hitter,2026,ISO,skill,established_sample,PA,100,0,source_specific,"[""Steamer""]",Steamer,ccb53ab204abba3872605f1a,True,465,0.0326341533827957,0.041546574011039984,0.005735768251612904,0.6115040323302188,0.603231680234015,91.37849462365591,0.19693641082684463,0.15627810774193546,0.15054233949032259,ok
hitter,2026,ISO,skill,established_sample,PA,100,0,source_specific,"[""THE BAT X""]",THE BAT X,cfbb9a539e8405350946e28d,True,441,0.03407053473242631,0.04335252607871101,-0.0006333631088435378,0.5849375914830569,0.57185799417222,91.56462585034014,0.20810142238713666,0.15127322834467122,0.15190659145351473,ok
hitter,2026,ISO,skill,regular_playing_time,PA,300,0,source_specific,"[""Depth Charts""]",Depth Charts,91e9b03b62ad2819b2bb60b5,True,263,0.02844451148669202,0.036104833712894,0.0036844963840304184,0.6698379207073842,0.6589125796725437,47.06844106463878,0.17965053841465184,0.1669982239543726,0.1633137275703422,ok
hitter,2026,ISO,skill,regular_playing_time,PA,300,0,source_specific,"[""OOPSY""]",OOPSY,2ee8e27ab3e32b387380efbb,True,266,0.028079573842105264,0.035709239580147496,-0.00023182257142857166,0.6727121696819891,0.6656780809897546,47.81954887218045,0.18045112781954886,0.16293085639097746,0.16316267896240602,ok
hitter,2026,ISO,skill,regular_playing_time,PA,300,0,source_specific,"[""Steamer""]",Steamer,0fdf567ba0051aa02e8b2dc6,True,267,0.028480956149812733,0.03597389591082491,0.004470794494382023,0.6717071639177927,0.6648402405120255,47.95505617977528,0.18028216608938077,0.1673469715355805,0.1628761770411985,ok
hitter,2026,ISO,skill,regular_playing_time,PA,300,0,source_specific,"[""THE BAT X""]",THE BAT X,9d1d8394f3af316e73f947cc,True,264,0.030773489450757575,0.03887979301102505,-0.0032085508219696973,0.6390420664528451,0.6215612541595694,51.14393939393939,0.1944636478857011,0.15981484696969697,0.16302339779166666,ok
hitter,2026,BABIP,skill,all_matched,PA,0,0,source_specific,"[""Depth Charts""]",Depth Charts,cd902a947f77dad07f311967,True,555,0.04204224923963964,0.06832983439986184,0.014054707459459458,0.2822728089564952,0.3538538425601864,143.70810810810812,0.25940091716265,0.29319117657657656,0.2791364691171171,ok
hitter,2026,BABIP,skill,all_matched,PA,0,0,source_specific,"[""OOPSY""]",OOPSY,aa81536a12cf29bf667bf5b0,True,649,0.051419428403698,0.08751695354416252,0.011118608486902925,0.23608753778498998,0.31552026885329665,175.02927580893683,0.27010690711255686,0.2902713281972265,0.27915271971032357,ok
hitter,2026,BABIP,skill,all_matched,PA,0,0,source_specific,"[""Steamer""]",Steamer,8be02fad077bce928e8db66b,True,659,0.05181791131107739,0.0881888627036331,0.011404062843702578,0.24707792083746724,0.3178550783605918,173.40667678300454,0.26353598295289443,0.2899896373292868,0.27858557448558424,ok
hitter,2026,BABIP,skill,all_matched,PA,0,0,source_specific,"[""THE BAT X""]",THE BAT X,9f7f11777d08c371da87981b,True,583,0.04489784539622642,0.07680366941265934,0.0075607759725557465,0.26882194592819453,0.3481147148271557,151.7238421955403,0.26069388693391804,0.2862761766723842,0.2787154006998285,ok
hitter,2026,BABIP,skill,established_sample,PA,100,0,source_specific,"[""Depth Charts""]",Depth Charts,5be0f09ac985f8073b439da1,True,435,0.027916596174712646,0.037278493371225574,0.008186489121839079,0.3905370633624654,0.40348527917364324,107.57471264367815,0.24786800148312937,0.2938889517241379,0.28570246260229887,ok
hitter,2026,BABIP,skill,established_sample,PA,100,0,source_specific,"[""OOPSY""]",OOPSY,a57b809e34cde0d66fdd9eca,True,462,0.028874588441558442,0.038249325433108015,0.004623711194805192,0.3709450735636118,0.39095919677455304,116.73376623376623,0.2532185818519875,0.29169197835497834,0.28706826716017314,ok
hitter,2026,BABIP,skill,established_sample,PA,100,0,source_specific,"[""Steamer""]",Steamer,c56f2cc3085a4e13124171a4,True,465,0.028824316823655913,0.03858699962763642,0.004685504324731182,0.36405160216900195,0.38086230208115956,117.22365591397849,0.25263718946978125,0.2920694580645161,0.2873839537397849,ok
hitter,2026,BABIP,skill,established_sample,PA,100,0,source_specific,"[""THE BAT X""]",THE BAT X,2400ec0d7bbf42567d13d351,True,441,0.02768785358276644,0.03694382691746739,0.001727941995464853,0.39972657066185746,0.41068478701387756,108.79591836734694,0.2472634508348794,0.2876737800453515,0.28594583804988666,ok
hitter,2026,BABIP,skill,regular_playing_time,PA,300,0,source_specific,"[""Depth Charts""]",Depth Charts,163dd83d0a0ffb806802e5ef,True,263,0.02159074138403042,0.0275228368240278,0.0017018387680608352,0.49817899098418456,0.48024813864150484,58.56273764258555,0.2235218993991815,0.29368630798479084,0.29198446921673,ok
hitter,2026,BABIP,skill,regular_playing_time,PA,300,0,source_specific,"[""OOPSY""]",OOPSY,bf51190047e21b36ba3424c1,True,266,0.02202674422556391,0.02748417917728853,0.0005656465563909744,0.5145840196864683,0.4932593597181908,60.045112781954884,0.22658533125265995,0.29320378947368425,0.29263814291729323,ok
hitter,2026,BABIP,skill,regular_playing_time,PA,300,0,source_specific,"[""Steamer""]",Steamer,5cf77720f4a3de11622394e9,True,267,0.02193598792883895,0.027785617733769575,-1.4104445692884502e-05,0.5121442255098881,0.4787332115423054,60.41947565543071,0.22714088592267184,0.2929205056179775,0.2929346100636704,ok
hitter,2026,BABIP,skill,regular_playing_time,PA,300,0,source_specific,"[""THE BAT X""]",THE BAT X,5d6800a6831dfc29f2bef771,True,264,0.022001509859848483,0.028076110064905836,-0.004294610890151515,0.5008202970955812,0.483158134850257,59.07575757575758,0.22462265237930637,0.28799217045454545,0.292286781344697,ok
hitter,2026,wOBA,skill,all_matched,PA,0,0,source_specific,"[""Depth Charts""]",Depth Charts,6c7a89c16b1e5c1fe13abaff,True,555,0.03766225159783186,0.05619809177833876,0.01637886039222486,0.46891532277571535,0.5121393172281655,123.85045045045045,0.22355676976615604,0.3108837027027027,0.29450484231047785,ok
hitter,2026,wOBA,skill,all_matched,PA,0,0,source_specific,"[""OOPSY""]",OOPSY,afb15215bcb7ce37cc601d88,True,649,0.04435861809929095,0.06812840364415572,0.014191716434646375,0.36328728028043095,0.447516785420586,153.36517719568567,0.2366746561661816,0.3050699029275809,0.2908781864929345,ok
hitter,2026,wOBA,skill,all_matched,PA,0,0,source_specific,"[""Steamer""]",Steamer,1732e0627064a4bee5d8ed5b,True,659,0.044850655150014254,0.06917684384081531,0.015567974725555427,0.3892486563938952,0.46456463477889276,151.49924127465857,0.23024200801619843,0.3051842397572079,0.2896162650316525,ok
hitter,2026,wOBA,skill,all_matched,PA,0,0,source_specific,"[""THE BAT X""]",THE BAT X,b555f159fc38ad9b45e80b77,True,583,0.04091630563320124,0.06165946929513773,0.006390951335405458,0.42143662335526616,0.46664868878282356,134.9090909090909,0.23180256169946892,0.2986743910806175,0.29228343974521204,ok
hitter,2026,wOBA,skill,established_sample,PA,100,0,source_specific,"[""Depth Charts""]",Depth Charts,557c10171a64d21a3e501576,True,435,0.026933524816262915,0.03487880534259536,0.005941130668103024,0.4733536618534661,0.48237565849253167,101.48275862068965,0.2338312410614969,0.31548759310344826,0.3095464624353452,ok
hitter,2026,wOBA,skill,established_sample,PA,100,0,source_specific,"[""OOPSY""]",OOPSY,5d0b7ed885a165d09159761d,True,462,0.027617950451076862,0.035637540151699,0.0018329065627471278,0.43163836734656125,0.4374577352996124,111.5952380952381,0.2420720999896705,0.3113182813852814,0.30948537482253424,ok
hitter,2026,wOBA,skill,established_sample,PA,100,0,source_specific,"[""Steamer""]",Steamer,51ec92561a48e07828afba62,True,465,0.02770571131832205,0.03554131022976155,0.0036381269988386305,0.43299410226284796,0.4356041763141688,113.2258064516129,0.2440211345939933,0.3131986193548387,0.309560492356,ok
hitter,2026,wOBA,skill,established_sample,PA,100,0,source_specific,"[""THE BAT X""]",THE BAT X,c046839ff0acc89b74ef4dfd,True,441,0.02901516510668823,0.036976964201704515,-0.00441827338882173,0.41511555525362676,0.4021963752840013,109.84807256235828,0.24965471036899609,0.30522567800453515,0.3096439513933568,ok
hitter,2026,wOBA,skill,regular_playing_time,PA,300,0,source_specific,"[""Depth Charts""]",Depth Charts,52d1a973baa8b2be481ae5c1,True,263,0.021473290261635268,0.026505594348725337,-0.0007488265514007673,0.503662006377435,0.45752645897045513,62.64638783269962,0.2391083505064871,0.32315273003802286,0.3239015565894236,ok
hitter,2026,wOBA,skill,regular_playing_time,PA,300,0,source_specific,"[""OOPSY""]",OOPSY,0385f0c4837b46a7c9fd3445,True,266,0.022132551912075027,0.02744874599860713,-0.0038141353972026507,0.49106232601186567,0.45476822033378816,63.744360902255636,0.24054475812171938,0.32020725187969923,0.3240213872769019,ok
hitter,2026,wOBA,skill,regular_playing_time,PA,300,0,source_specific,"[""Steamer""]",Steamer,98e211386dbf7aacaee835e7,True,267,0.022160695053897166,0.02718718174772738,-0.0011319849227274953,0.47610289431471503,0.42894780973900454,65.5505617977528,0.24643068345019853,0.3229547490636704,0.3240867339863979,ok
hitter,2026,wOBA,skill,regular_playing_time,PA,300,0,source_specific,"[""THE BAT X""]",THE BAT X,5c4c6f69a97602a9586d32ec,True,264,0.024615115315687868,0.030757866834210428,-0.010199444476252794,0.45142800608318545,0.4044153421727136,66.10606060606061,0.25135384260859545,0.3137686553030303,0.3239680997792831,ok
pitcher,2024,W,fantasy_outcome,all_matched,IP,0,0,source_specific,"[""ATC""]",ATC,5c482155a15ee0904892b7fd,True,622,2.243726225241158,2.9718414030601963,0.35052806414791,0.6452521735316555,0.580881683474684,122.9871382636656,0.19804692151959033,3.8569589323151128,3.5064308681672025,ok
pitcher,2024,W,fantasy_outcome,all_matched,IP,0,0,source_specific,"[""Steamer""]",Steamer,2d4c1edbc2ef75018fc3d6c8,True,783,2.063817877213008,2.8217820712616795,0.3400403599743642,0.6718233365407447,0.6025730947445491,151.7190293742018,0.1940141040590816,3.410283016423917,3.070242656449553,ok
pitcher,2024,W,fantasy_outcome,substantial_innings,IP,40,0,source_specific,"[""ATC""]",ATC,8db5d60dbb3bdc3e2229bc3f,True,361,2.5184730138504157,3.23735663191854,-0.5721673850415513,0.594665937733473,0.50182073618375,80.5623268698061,0.22378424130501695,4.948608238227147,5.520775623268698,ok
pitcher,2024,W,fantasy_outcome,substantial_innings,IP,40,0,source_specific,"[""Steamer""]",Steamer,fc354d7b4c212cde003e8ea9,True,400,2.560119500765577,3.2520606672641836,-0.39667349251918493,0.5975517331062725,0.4880097571447686,90.2025,0.22607142857142856,4.978326507480815,5.375,ok
pitcher,2024,W,fantasy_outcome,high_innings,IP,100,0,source_specific,"[""ATC""]",ATC,94080645d9f381af5946379a,True,116,2.9882231206896552,3.7039566395568038,-1.4934319137931034,0.46748759151652625,0.49475850933388327,26.344827586206897,0.2290854572713643,7.894499120689655,9.387931034482758,ok
pitcher,2024,W,fantasy_outcome,high_innings,IP,100,0,source_specific,"[""Steamer""]",Steamer,409f557a4c429a3d848e430f,True,124,2.935380648310867,3.6132111065438783,-1.0450354594316693,0.471098320437787,0.5226864116466262,27.927419354838708,0.22705218987673748,8.261416153471556,9.306451612903226,ok
pitcher,2024,SV,fantasy_outcome,all_matched,IP,0,0,source_specific,"[""ATC""]",ATC,8a838548986a10cef22735a2,True,622,1.3892250721623796,3.676064803442846,-0.0831140414453376,0.7985332023812252,0.5221060597241455,114.42282958199357,0.18425576422221188,1.815599784921222,1.8987138263665595,ok
pitcher,2024,SV,fantasy_outcome,all_matched,IP,0,0,source_specific,"[""Steamer""]",Steamer,e83d01b5cd1a0ecf8e20a7c0,True,783,1.0616538950157652,3.174912787183565,-0.1846985963873784,0.8220753861191628,0.5248103455631922,104.64367816091954,0.13381544521856717,1.3746883767926983,1.5593869731800767,ok
pitcher,2024,SV,fantasy_outcome,substantial_innings,IP,40,0,source_specific,"[""ATC""]",ATC,69e2525c7e8700ab42a9bd27,True,361,1.813924677429363,4.2938501933957145,-0.516671755434903,0.8251648217773278,0.6485239254330546,52.7202216066482,0.14644506001846722,2.4611675797451524,2.9778393351800556,ok
pitcher,2024,SV,fantasy_outcome,substantial_innings,IP,40,0,source_specific,"[""Steamer""]",Steamer,13aef0d8cdfa9f422d50e144,True,400,1.5784550070762635,3.903299048193831,-0.5724349942803383,0.847804527067177,0.5930833953556147,62.59,0.15686716791979952,2.1725650057196617,2.745,ok
pitcher,2024,SV,fantasy_outcome,high_innings,IP,100,0,source_specific,"[""ATC""]",ATC,47824a54a6ea1f8f3d9c0567,True,116,0.1363297501724138,0.40388980982723566,-1.300672413793183e-05,-0.05182259692594994,-0.049757651790027446,18.525862068965516,0.16109445277361317,0.06895251051724138,0.06896551724137931,ok
pitcher,2024,SV,fantasy_outcome,high_innings,IP,100,0,source_specific,"[""Steamer""]",Steamer,86692d609f09afdbc31ebc01,True,124,0.08199193592994444,0.2890737310944691,-0.06316935439263621,-0.025224338093150032,-0.02522433809315003,8.419354838709678,0.06845003933910307,0.009411290768654115,0.07258064516129033,ok
pitcher,2024,SO,fantasy_outcome,all_matched,IP,0,0,source_specific,"[""ATC""]",ATC,92edf19beff5e29399938a95,True,622,26.696108440514468,35.872690223749885,7.765702009646302,0.7437258290419024,0.6680086879637559,108.38745980707395,0.17453697231412874,66.02454445337621,58.258842443729904,ok
pitcher,2024,SO,fantasy_outcome,all_matched,IP,0,0,source_specific,"[""Steamer""]",Steamer,2ae2d6b75a67f8838f1c0def,True,783,27.285974851056533,37.77068496030445,7.492618450716537,0.7292228709872218,0.6522015312887911,141.28991060025544,0.18067763503868983,59.66120082619546,52.16858237547893,ok
pitcher,2024,SO,fantasy_outcome,substantial_innings,IP,40,0,source_specific,"[""ATC""]",ATC,17fdb5df1da7ec563706364e,True,361,26.007591080332407,33.93500904744559,-4.733317396121883,0.7447962305527676,0.6498161605117682,64.6426592797784,0.1795629424438289,83.87887096952909,88.61218836565097,ok
pitcher,2024,SO,fantasy_outcome,substantial_innings,IP,40,0,source_specific,"[""Steamer""]",Steamer,8f7805036ea0c429fc7c8e9e,True,400,28.72614896774292,38.491512248459834,-1.966023178100586,0.6964629337125265,0.5867348449545142,77.26,0.1936340852130326,85.40897682189942,87.375,ok
pitcher,2024,SO,fantasy_outcome,high_innings,IP,100,0,source_specific,"[""ATC""]",ATC,1261f44e737a9052c63fe0f6,True,116,31.816827586206895,38.16665416974523,-16.688646551724137,0.6638011375702544,0.6639881641847463,21.396551724137932,0.18605697151424289,127.64756034482758,144.33620689655172,ok
pitcher,2024,SO,fantasy_outcome,high_innings,IP,100,0,source_specific,"[""Steamer""]",Steamer,c8d9e8b7b12a0f0e4afdc0fc,True,124,33.47099982250121,43.03387824615691,-11.908140994848743,0.5969703346197041,0.6253840000414971,23.85483870967742,0.1939417781274587,131.8337944890222,143.74193548387098,ok
pitcher,2024,ERA,fantasy_outcome,all_matched,IP,0,0,source_specific,"[""ATC""]",ATC,530fadd9736b4ae44878df1b,True,622,1.7684803863913658,3.6386401538486814,-0.5113687988256895,0.21794522853956466,0.25256851054141544,173.66237942122186,0.2796495642853814,4.289024276527331,4.800393075353021,ok
pitcher,2024,ERA,fantasy_outcome,all_matched,IP,0,0,source_specific,"[""Steamer""]",Steamer,794ec228d916df72923215fb,True,783,1.9377923707770597,3.7855886910129595,-0.5331168900820734,0.15044014967620523,0.20598993966007273,224.67177522349937,0.28730406038810663,4.321341742240379,4.854458632322452,ok
pitcher,2024,ERA,fantasy_outcome,substantial_innings,IP,40,0,source_specific,"[""ATC""]",ATC,91db441adc9dc61128db39bf,True,361,0.9080753218585988,1.161043486605427,0.24402340457954752,0.2808604719995563,0.284965976881408,98.4376731301939,0.2734379809172053,4.207428033240997,3.9634046286614497,ok
pitcher,2024,ERA,fantasy_outcome,substantial_innings,IP,40,0,source_specific,"[""Steamer""]",Steamer,c356c80d609f0ea76dea5227,True,400,0.8880282707656996,1.1351071243330062,0.22907558604332018,0.3000103694198232,0.29195295951188477,108.17,0.27110275689223057,4.196371597960195,3.9672960119168748,ok
pitcher,2024,ERA,fantasy_outcome,high_innings,IP,100,0,source_specific,"[""ATC""]",ATC,e66fe06cedd3a27d2c15f152,True,116,0.5956709265362721,0.7678924797753324,0.31581992789038477,0.47164718360542196,0.4726933035027963,26.82758620689655,0.23328335832083957,4.233894827586207,3.9180748996958226,ok
pitcher,2024,ERA,fantasy_outcome,high_innings,IP,100,0,source_specific,"[""Steamer""]",Steamer,fba6833b8cb14f32cd673052,True,124,0.6487773784485624,0.8362923821574203,0.3663439324311956,0.37778554530962594,0.3841743011011979,30.870967741935484,0.25098347757671124,4.283958548739112,3.917614616307916,ok
pitcher,2024,WHIP,fantasy_outcome,all_matched,IP,0,0,source_specific,"[""ATC""]",ATC,f528256a99eef1d7fdb09779,True,622,0.27064189308437775,0.49998839028254455,-0.056985387543197014,0.29709013803977014,0.33388675916817545,161.13022508038586,0.2594689614821028,1.3329388617363345,1.3899242492795314,ok
pitcher,2024,WHIP,fantasy_outcome,all_matched,IP,0,0,source_specific,"[""Steamer""]",Steamer,bd8eda5768263e4c6d7bf335,True,783,0.2941198563392174,0.5194698891433278,-0.050012161557545134,0.23279462891775612,0.29951202886413,210.8876117496807,0.26967725287682953,1.35753959920719,1.407551760764735,ok
pitcher,2024,WHIP,fantasy_outcome,substantial_innings,IP,40,0,source_specific,"[""ATC""]",ATC,d2aa9e8deee02e64f7133d2e,True,361,0.1555376974843514,0.20109424537189727,0.05078819824137361,0.35971752680273067,0.3562934850230576,90.79224376731302,0.2522006771314251,1.309031246537396,1.2582430482960225,ok
pitcher,2024,WHIP,fantasy_outcome,substantial_innings,IP,40,0,source_specific,"[""Steamer""]",Steamer,e48fafde3bd35f850932e219,True,400,0.15961459015212642,0.20384143054347742,0.07061707038013144,0.3517861977842164,0.3290882126533505,104.935,0.26299498746867167,1.327402693361138,1.2567856229810066,ok
pitcher,2024,WHIP,fantasy_outcome,high_innings,IP,100,0,source_specific,"[""ATC""]",ATC,2a6c085bfd77e61f8c446fe5,True,116,0.11719512397852959,0.14857575973441772,0.056623090879113464,0.448847847622009,0.46800445930880713,26.810344827586206,0.2331334332833583,1.2835355172413794,1.226912426362266,ok
pitcher,2024,WHIP,fantasy_outcome,high_innings,IP,100,0,source_specific,"[""Steamer""]",Steamer,6206ce4e16b84f9e685b13c0,True,124,0.13197171577613712,0.16696945278554218,0.08876332212478263,0.3961716476138538,0.408,30.887096774193548,0.25111460792027274,1.3159527053124538,1.2271893831876712,ok
pitcher,2024,QS,fantasy_outcome,all_matched,IP,0,0,source_specific,"[""ATC""]",ATC,93162152ff4f33a3016ea088,True,622,1.5528232193569131,3.023681707716646,0.0816193652090032,0.8015606297365311,0.8221154355466103,75.52411575562701,0.12161693358394043,2.6378894616720254,2.5562700964630225,ok
pitcher,2024,QS,fantasy_outcome,all_matched,IP,0,0,source_specific,"[""Steamer""]",Steamer,34b7b6ef55543eafa365bc05,True,783,1.5107666695250215,3.151793906178606,0.5049094602080255,0.7932222301625632,0.77730671577289,92.63346104725414,0.11845711131362423,2.718191707973032,2.2132822477650063,ok
pitcher,2024,QS,fantasy_outcome,substantial_innings,IP,40,0,source_specific,"[""ATC""]",ATC,e74531cf0f9d47b18612f108,True,361,2.0762314221606646,3.509736412159943,-0.4320070432132964,0.817642850643419,0.882457634033097,36.986149584487535,0.10273930440135426,3.878242264265928,4.310249307479224,ok
pitcher,2024,QS,fantasy_outcome,substantial_innings,IP,40,0,source_specific,"[""Steamer""]",Steamer,e7695da4a28908b877daf239,True,400,2.2359255015454256,3.7639025468749057,0.36737651424249634,0.8003315293163779,0.8592510739981493,37.0975,0.09297619047619046,4.559876514242497,4.1925,ok
pitcher,2024,QS,fantasy_outcome,high_innings,IP,100,0,source_specific,"[""ATC""]",ATC,2b5e24049b71ee7cfa5aee3a,True,116,4.065456448275862,5.091288923091331,-3.161946965517241,0.623248717894254,0.5881505131401139,24.060344827586206,0.20922038980509744,8.622535793103449,11.78448275862069,ok
pitcher,2024,QS,fantasy_outcome,high_innings,IP,100,0,source_specific,"[""Steamer""]",Steamer,adadafe1a1a64f735d435f33,True,124,3.918593549980752,4.773117412640229,-1.148040278364093,0.5982428399457708,0.5889401793303247,26.048387096774192,0.2117755048518227,10.529379076474617,11.67741935483871,ok
pitcher,2024,SV_plus_HLD,fantasy_outcome,all_matched,IP,0,0,source_specific,"[""ATC""]",ATC,1ea2c8b2a0e03b4ecc8960e6,True,622,3.8120228376093244,6.366344017721025,0.03172307086977493,0.7367241019207937,0.7315267319414598,99.42926045016077,0.1601115305155568,5.703748794342443,5.672025723472669,ok
pitcher,2024,SV_plus_HLD,fantasy_outcome,all_matched,IP,0,0,source_specific,"[""Steamer""]",Steamer,fd585023df24bb4733de86bf,True,783,3.2965822410918437,5.927873606665596,-0.45868493367276736,0.7389003549466164,0.6322324078035187,146.213282247765,0.18697350671069693,4.368901273223784,4.827586206896552,ok
pitcher,2024,SV_plus_HLD,fantasy_outcome,substantial_innings,IP,40,0,source_specific,"[""ATC""]",ATC,2240afb2f7ce81b3d705eb2c,True,361,4.159270851556787,6.926159978456098,-1.9083979173185595,0.7987042324546237,0.8503541607734703,44.933518005540165,0.12481532779316712,6.376920642238227,8.285318559556787,ok
pitcher,2024,SV_plus_HLD,fantasy_outcome,substantial_innings,IP,40,0,source_specific,"[""Steamer""]",Steamer,d2252214ee26036014ac1ebd,True,400,4.127572749108076,6.913227845367071,-2.066628245562315,0.7908836353103268,0.7854521138209983,56.4725,0.14153508771929824,5.780871754437685,7.8475,ok
pitcher,2024,SV_plus_HLD,fantasy_outcome,high_innings,IP,100,0,source_specific,"[""ATC""]",ATC,ddbd3f7c532669f3104b9673,True,116,0.6340822979310345,1.8104207933069252,0.454699155,0.3517839740316948,0.40189399666044995,25.982758620689655,0.22593703148425787,0.6615957067241379,0.20689655172413793,ok
pitcher,2024,SV_plus_HLD,fantasy_outcome,high_innings,IP,100,0,source_specific,"[""Steamer""]",Steamer,26badf2c35e2a6dae64958b5,True,124,0.5226645186062782,1.5915827445163093,0.2368500026003007,0.11247612061833533,0.28635017339639807,27.491935483870968,0.22351167060057697,0.4465274219551394,0.20967741935483872,ok
pitcher,2024,IP,opportunity,all_matched,IP,0,0,source_specific,"[""ATC""]",ATC,32e8620593e64a827e739bbd,True,622,25.88050927652733,35.60055369054977,7.204341045016078,0.75284800230389,0.6734735809916187,106.14469453376206,0.17092543403182298,67.6073957073955,60.40305466237942,ok
pitcher,2024,IP,opportunity,all_matched,IP,0,0,source_specific,"[""Steamer""]",Steamer,85f27d8b8e63a0f86bbcd197,True,783,26.832012195270483,37.786646749284664,7.519240007120379,0.7375266951777907,0.6542563669378249,138.0344827586207,0.17651468383455332,61.77287985386367,54.25363984674329,ok
pitcher,2024,IP,opportunity,substantial_innings,IP,40,0,source_specific,"[""ATC""]",ATC,4ba8c8fff9547bcd2c1e86e4,True,361,24.668728531855955,33.445176830800136,-5.882771745152354,0.7590126782254083,0.6669932938492976,63.041551246537395,0.17511542012927053,85.7928515235457,91.67562326869806,ok
pitcher,2024,IP,opportunity,substantial_innings,IP,40,0,source_specific,"[""Steamer""]",Steamer,22029e2118faabbf88a78181,True,400,27.29684392404556,38.15240799169955,-2.131880625247954,0.7094115050827703,0.5929713360790485,78.42,0.19654135338345866,88.28911937475205,90.421,ok
pitcher,2024,IP,opportunity,high_innings,IP,100,0,source_specific,"[""ATC""]",ATC,d4774535a4b096738093173f,True,116,30.45222586206896,38.13867622590141,-20.58972586206896,0.5766545271704115,0.5584145483402144,24.439655172413794,0.21251874062968515,133.0482051724138,153.63793103448276,ok
pitcher,2024,IP,opportunity,high_innings,IP,100,0,source_specific,"[""Steamer""]",Steamer,a99ee7f8faecaecc1859e5dc,True,124,31.48939248977169,42.56454338992599,-14.047967166285355,0.5002873274774757,0.5273611963229372,27.475806451612904,0.22338054025701548,138.7641296079082,152.81209677419355,ok
pitcher,2024,G,opportunity,all_matched,IP,0,0,source_specific,"[""ATC""]",ATC,12bdd1bca4c5c5ff7b0bbf09,True,622,13.730000868167203,18.147979687521225,4.8585310289389065,0.5974455915119714,0.5623004729687437,126.83922829581994,0.20424996504962953,34.254029421221865,29.39549839228296,ok
pitcher,2024,G,opportunity,all_matched,IP,0,0,source_specific,"[""Steamer""]",Steamer,9555b1495f4e9ab951a233d0,True,783,14.58198725033461,19.685816394831587,7.213823805385927,0.6346579196566807,0.6237986807862458,150.13793103448276,0.1919922391745304,33.395177572946594,26.181353767560665,ok
pitcher,2024,G,opportunity,substantial_innings,IP,40,0,source_specific,"[""ATC""]",ATC,ae04a8c4008f9661dd17ea36,True,361,10.10802326869806,14.296289641219323,-3.937997783933518,0.6990185383703443,0.6509396776635913,64.37396121883657,0.1788165589412127,37.19773628808864,41.13573407202216,ok
pitcher,2024,G,opportunity,substantial_innings,IP,40,0,source_specific,"[""Steamer""]",Steamer,11179a6c6ac1f55c2f5c2bd8,True,400,10.561886535100639,14.51248666412028,1.071113590784371,0.7001510975063775,0.6883856885551966,70.4525,0.17657268170426066,41.146113590784374,40.075,ok
pitcher,2024,G,opportunity,high_innings,IP,100,0,source_specific,"[""ATC""]",ATC,17f32f7fcd115993483493ef,True,116,4.958289655172414,6.713393526646617,-0.2565120689655172,0.13303592551890336,0.18558072465836914,35.0948275862069,0.30517241379310345,28.51935,28.775862068965516,ok
pitcher,2024,G,opportunity,high_innings,IP,100,0,source_specific,"[""Steamer""]",Steamer,74f04a1ac1fb6aa740c1c68a,True,124,6.798610534639128,10.014414499112974,3.067841344062359,0.12471011221116793,0.07333646596633424,40.24193548387097,0.3271702071859428,31.72106715051397,28.653225806451612,ok
pitcher,2024,GS,opportunity,all_matched,IP,0,0,source_specific,"[""ATC""]",ATC,2de553421f701c056f4cd439,True,622,3.090407005618971,5.831608071714795,0.36960688705948547,0.8476758124198562,0.8251368947273988,78.30225080385853,0.1260905810046031,7.1413110671237945,6.771704180064309,ok
pitcher,2024,GS,opportunity,all_matched,IP,0,0,source_specific,"[""Steamer""]",Steamer,13bab1a94400a67523af99f6,True,783,3.1022086936675994,6.1247148878769915,-0.09250952956405864,0.8203353065276003,0.7887058827800512,79.91954022988506,0.10219890054972514,6.037758669669658,6.130268199233717,ok
pitcher,2024,GS,opportunity,substantial_innings,IP,40,0,source_specific,"[""ATC""]",ATC,b52d2c3813db7f1669c5870d,True,361,3.7297532759473686,6.162338894417103,-0.5933188546454293,0.8702688295001749,0.8807022635490093,38.850415512465375,0.10791782086795937,10.403911062252078,10.997229916897506,ok
pitcher,2024,GS,opportunity,substantial_innings,IP,40,0,source_specific,"[""Steamer""]",Steamer,24a10914ce56a6d101386c0a,True,400,4.230832505491562,7.114012521052957,-0.9612714185146615,0.8320212093288193,0.8566082662448479,42.695,0.10700501253132833,10.011228581485339,10.9725,ok
pitcher,2024,GS,opportunity,high_innings,IP,100,0,source_specific,"[""ATC""]",ATC,6fb08056ed5a6275ce6f0c10,True,116,6.047756534482759,8.197657183357457,-4.656446189655172,0.5488872201050483,0.5189310918240595,24.896551724137932,0.21649175412293853,22.30907105172414,26.96551724137931,ok
pitcher,2024,GS,opportunity,high_innings,IP,100,0,source_specific,"[""Steamer""]",Steamer,c80f8c279b57fb596a7c0f5b,True,124,6.333013668175666,9.130457388267857,-4.238819994272724,0.5236931206193219,0.5071709971743397,27.927419354838708,0.22705218987673748,22.5918251670176,26.830645161290324,ok
pitcher,2024,K/9,skill,all_matched,IP,0,0,source_specific,"[""ATC""]",ATC,b0291423c3a943e7e3bef177,True,622,1.4534061148306465,2.1310883470489554,0.2428692481233932,0.4893936906515516,0.5564037285512177,127.89871382636656,0.20595606091202345,8.797083054662378,8.554213806538986,ok
pitcher,2024,K/9,skill,all_matched,IP,0,0,source_specific,"[""Steamer""]",Steamer,38f0dd1e5728798ddb00a41c,True,783,1.595699964735256,2.2912610491915006,0.029052992566632137,0.4394296253622223,0.48457909725993886,176.04725415070243,0.22512436592161436,8.454496056667681,8.425443064101048,ok
pitcher,2024,K/9,skill,substantial_innings,IP,40,0,source_specific,"[""ATC""]",ATC,0b46d0047a4e8d2cf85e8a4f,True,361,0.99834880860386,1.2882054335964275,0.08867723114624457,0.7046773318313171,0.6892218927185513,61.82825484764543,0.17174515235457063,8.8709075900277,8.782230358881456,ok
pitcher,2024,K/9,skill,substantial_innings,IP,40,0,source_specific,"[""Steamer""]",Steamer,43c67de12562508a9385f392,True,400,1.029789055446877,1.3156371340734585,-0.07064435488768167,0.6885303153618576,0.6692212142418289,72.56,0.1818546365914787,8.694298356368474,8.764942711256156,ok
pitcher,2024,K/9,skill,high_innings,IP,100,0,source_specific,"[""ATC""]",ATC,a78ef0d4f843a14577967272,True,116,0.7735541831281614,1.0414907475253017,0.18568319343683182,0.7204862544052872,0.71318187060316,18.844827586206897,0.1638680659670165,8.564677327586207,8.378994134149375,ok
pitcher,2024,K/9,skill,high_innings,IP,100,0,source_specific,"[""Steamer""]",Steamer,ea1c4b4bfc7a6a97bdbd2883,True,124,0.8318327703155686,1.0998044612092084,0.024414033709822733,0.6661080105664645,0.6530039339103069,22.419354838709676,0.18227117755048516,8.418841339316558,8.394427305606733,ok
pitcher,2024,BB/9,skill,all_matched,IP,0,0,source_specific,"[""ATC""]",ATC,a3d9b03605649ddfd0f7810e,True,622,1.1524697301311375,2.1088332663014318,-0.14426686384121687,0.3745261527064671,0.4352980027328826,143.7556270096463,0.2314905426886414,3.4641374598070738,3.608404323648291,ok
pitcher,2024,BB/9,skill,all_matched,IP,0,0,source_specific,"[""Steamer""]",Steamer,1a90bd8cf278f3f7d326023b,True,783,1.2506209116486142,2.1488937094463254,-0.18801116869160941,0.32883046588436154,0.40346986975910915,191.29246487867178,0.24461952030520687,3.5011802320507543,3.689191400742364,ok
pitcher,2024,BB/9,skill,substantial_innings,IP,40,0,source_specific,"[""ATC""]",ATC,40fff904c63a039912dd40d8,True,361,0.6850889600573424,0.8879127912782111,0.1531167858204266,0.5575223902726993,0.5466694656583029,75.05263157894737,0.20847953216374268,3.31057135734072,3.1574545715202937,ok
pitcher,2024,BB/9,skill,substantial_innings,IP,40,0,source_specific,"[""Steamer""]",Steamer,30b0ac0596dcaecf5119204e,True,400,0.7263423455973527,0.9200914907298706,0.19053375769886938,0.5187975180886957,0.5007432547847115,89.515,0.2243483709273183,3.3441643903106852,3.153630632611816,ok
pitcher,2024,BB/9,skill,high_innings,IP,100,0,source_specific,"[""ATC""]",ATC,5c8a3314542be750aeb3b24c,True,116,0.5663867725174202,0.7250028512919179,0.240557186167724,0.5077971462690144,0.510944527736132,25.20689655172414,0.2191904047976012,2.9828062068965515,2.742249020728828,ok
pitcher,2024,BB/9,skill,high_innings,IP,100,0,source_specific,"[""Steamer""]",Steamer,411ba696b76b6f6036ab1f01,True,124,0.6109084530043705,0.7752959951945664,0.3117443438685239,0.4439904915263714,0.4480881195908733,29.161290322580644,0.23708366115919222,3.0421550248967772,2.730410681028254,ok
pitcher,2024,HR/9,skill,all_matched,IP,0,0,source_specific,"[""ATC""]",ATC,a2716601836c9d61b85bb9b2,True,622,0.5933944741588453,1.1400667453933984,-0.11535590368242288,0.27145729006419983,0.3579762031313053,158.00321543408361,0.25443351921752594,1.19587584244373,1.311231746126153,ok
pitcher,2024,HR/9,skill,all_matched,IP,0,0,source_specific,"[""Steamer""]",Steamer,7c05477b34755f28d9b5750d,True,783,0.6553021838386602,1.1710918484576096,-0.06703545927712139,0.2032167587257378,0.28447954262771313,213.02809706257983,0.27241444637158546,1.2336079197784038,1.3006433790555252,ok
pitcher,2024,HR/9,skill,substantial_innings,IP,40,0,source_specific,"[""ATC""]",ATC,da80988bb557fad9dda6a116,True,361,0.310311505456291,0.4047841776697103,0.09837193051095568,0.3900961707480944,0.42945275781559683,87.87534626038781,0.2440981840566328,1.185467490304709,1.0870955597937535,ok
pitcher,2024,HR/9,skill,substantial_innings,IP,40,0,source_specific,"[""Steamer""]",Steamer,8766566ef001b3b13203fc19,True,400,0.3177984963822699,0.4113676212836174,0.11879030238117227,0.41097907514932236,0.4282354530525989,97.55,0.2444862155388471,1.2078775004892237,1.0890871981080514,ok
pitcher,2024,HR/9,skill,high_innings,IP,100,0,source_specific,"[""ATC""]",ATC,eea9d342a5d24af66919242d,True,116,0.2224483197975263,0.2752246519731747,0.11272314815230457,0.5984742538389597,0.5865990081882135,24.224137931034484,0.21064467766116943,1.256560448275862,1.1438373001235576,ok
pitcher,2024,HR/9,skill,high_innings,IP,100,0,source_specific,"[""Steamer""]",Steamer,659c425256112300408e5d27,True,124,0.2240492065644158,0.2790938516079306,0.12592733089084043,0.5820247380056836,0.5555854533216215,26.467741935483872,0.2151848937844217,1.2749596725317323,1.1490323416408919,ok
pitcher,2024,K%,skill,all_matched,IP,0,0,source_specific,"[""ATC""]",ATC,acdaca42e3a40fbf12961ddc,True,622,0.039717688810289385,0.055871878689418696,0.00794323504823151,0.525996814117885,0.5638780264206816,127.4807073954984,0.20528294266585895,0.22879281672025725,0.22084958167202573,ok
pitcher,2024,K%,skill,all_matched,IP,0,0,source_specific,"[""Steamer""]",Steamer,cb21211b5ab8003a94dfdf83,True,783,0.04361456713451887,0.06083664937841844,0.0009154119019055961,0.4670760420410301,0.494026519902792,174.30779054916985,0.22289998791453947,0.21778228561838067,0.2168668737164751,ok
pitcher,2024,K%,skill,substantial_innings,IP,40,0,source_specific,"[""ATC""]",ATC,ecea3628dcf52786171ded11,True,361,0.028507289307479228,0.03734501863100735,-1.9276398891966255e-05,0.6891166280047105,0.6792724386243265,62.67313019390582,0.17409202831640505,0.23207662049861497,0.23209589689750693,ok
pitcher,2024,K%,skill,substantial_innings,IP,40,0,source_specific,"[""Steamer""]",Steamer,b797472bf07da45b50ae7154,True,400,0.029746472731219283,0.038670978787312835,-0.0062695334327481644,0.6707077760623418,0.6509866396321458,73.935,0.18530075187969924,0.22545464089225184,0.231724174325,ok
pitcher,2024,K%,skill,high_innings,IP,100,0,source_specific,"[""ATC""]",ATC,ecd9e817d3af9aeccd9f7958,True,116,0.022586687931034487,0.03003850170914775,0.0020237201724137943,0.7225203090776452,0.7238202510685939,18.336206896551722,0.15944527736131933,0.22558070689655174,0.22355698672413793,ok
pitcher,2024,K%,skill,high_innings,IP,100,0,source_specific,"[""Steamer""]",Steamer,384a63fe6961db9a09638cea,True,124,0.02499904480321917,0.03286265171589996,-0.005078222532720419,0.6585955153748705,0.6460529442225845,22.411290322580644,0.18220561237870442,0.21884729464469893,0.22392551717741935,ok
pitcher,2024,BB%,skill,all_matched,IP,0,0,source_specific,"[""ATC""]",ATC,34835af07b81300f3d95e5be,True,622,0.02528615350482315,0.038741934515639585,-0.00038666479099678467,0.42787101994153304,0.447173064939395,142.08842443729904,0.22880583645297753,0.08954796800643088,0.08993463279742765,ok
pitcher,2024,BB%,skill,all_matched,IP,0,0,source_specific,"[""Steamer""]",Steamer,55c95e0ed2fb4438362bf7fb,True,783,0.02722270722916399,0.04055649719385242,-0.0017024506102481718,0.377399704725239,0.41862790724966903,188.73946360153258,0.2413548127896836,0.08976445758898553,0.09146690819923371,ok
pitcher,2024,BB%,skill,substantial_innings,IP,40,0,source_specific,"[""ATC""]",ATC,bf73add906c2d65d9a49e7fe,True,361,0.016005084736842107,0.02082033743092191,0.0036210564819944596,0.5844077299358653,0.5689626740617051,72.79501385041551,0.20220837180670975,0.08612483601108033,0.08250377952908587,ok
pitcher,2024,BB%,skill,substantial_innings,IP,40,0,source_specific,"[""Steamer""]",Steamer,d1c6c3c0a0c107a90e4e880d,True,400,0.017025939100416623,0.02168966140104153,0.003943479500114066,0.5438497250517296,0.5241492832833924,86.7775,0.2174874686716792,0.08638326905011408,0.08243978954999999,ok
pitcher,2024,BB%,skill,high_innings,IP,100,0,source_specific,"[""ATC""]",ATC,9e8ae40b46d744adedf27782,True,116,0.0138009325,0.017481528932225,0.005536670603448277,0.5336747989383245,0.5209933494791066,25.06896551724138,0.21799100449775113,0.07816447672413793,0.07262780612068966,ok
pitcher,2024,BB%,skill,high_innings,IP,100,0,source_specific,"[""Steamer""]",Steamer,33195520ba344f71751bda9a,True,124,0.01456729528337809,0.018471730210788552,0.006448531570237905,0.4687857571709802,0.46463571990558616,29.06451612903226,0.23629687909782324,0.0787505430218508,0.07230201145161291,ok
pitcher,2024,K-BB%,skill,all_matched,IP,0,0,source_specific,"[""ATC""]",ATC,8dd380eef480cee73f88c016,True,622,0.04970987435482499,0.07151431202989403,0.008329914281384156,0.41377684677515586,0.45773288929063755,144.81511254019293,0.2331966385510353,0.13924486384730056,0.1309149495659164,ok
pitcher,2024,K-BB%,skill,all_matched,IP,0,0,source_specific,"[""Steamer""]",Steamer,6a2ce233bc3870f1feee5b1c,True,783,0.05503292733275471,0.07762967591182561,0.00261786191189834,0.35352625321156717,0.37851727005190716,195.5351213282248,0.2500449121844307,0.12801782802939515,0.1253999661174968,ok
pitcher,2024,K-BB%,skill,substantial_innings,IP,40,0,source_specific,"[""ATC""]",ATC,0bbccf4cee0dad926d572b71,True,361,0.03496559520232663,0.04624538855724088,-0.0036403160535541856,0.556315503589078,0.5568889325350694,73.85318559556787,0.2051477377654663,0.14595180225669513,0.1495921183102493,ok
pitcher,2024,K-BB%,skill,substantial_innings,IP,40,0,source_specific,"[""Steamer""]",Steamer,e3ee9f64203f4d58d7407dc5,True,400,0.037087627920147914,0.04831274034310174,-0.010213013832862232,0.516863502818772,0.4986411302216463,89.5925,0.22454260651629074,0.13907137184213778,0.14928438567500002,ok
pitcher,2024,K-BB%,skill,high_innings,IP,100,0,source_specific,"[""ATC""]",ATC,aa916e2f5d510fd2735d44f6,True,116,0.02726135024352378,0.03779350947907375,-0.0035129757928082854,0.6276105914366837,0.6701264752239265,19.810344827586206,0.17226386806596702,0.1474162068796055,0.1509291826724138,ok
pitcher,2024,K-BB%,skill,high_innings,IP,100,0,source_specific,"[""Steamer""]",Steamer,480e238386b8366217d7d431,True,124,0.03226822636541702,0.04313876868050375,-0.011526756119087359,0.5249179526660235,0.5562108575924469,25.532258064516128,0.2075793338578547,0.14009675162284813,0.15162350774193548,ok
pitcher,2024,FIP,skill,all_matched,IP,0,0,source_specific,"[""ATC""]",ATC,f61c9800e87a421c711b418d,True,622,1.0992313045322784,2.0124797879015675,-0.19463513607062058,0.2921014059454731,0.39609502523651285,154.07073954983923,0.24810102987091665,4.332203231511254,4.526838367581875,ok
pitcher,2024,FIP,skill,all_matched,IP,0,0,source_specific,"[""Steamer""]",Steamer,71b4e2e4a581cac5feaf092d,True,783,1.2092063879392059,2.102958905321264,-0.10679434489712862,0.214098269231377,0.3064990631521248,208.22222222222223,0.26626882637112814,4.464030731562266,4.5708250764593945,ok
pitcher,2024,FIP,skill,substantial_innings,IP,40,0,source_specific,"[""ATC""]",ATC,161d314029b1dde40704352c,True,361,0.6560257995048272,0.8463909191756246,0.2659495780111926,0.41727535812192595,0.44573454281757746,85.87257617728532,0.23853493382579258,4.246822271468144,3.9808726934569516,ok
pitcher,2024,FIP,skill,substantial_innings,IP,40,0,source_specific,"[""Steamer""]",Steamer,604ee7f467289567df2268c6,True,400,0.6888965556743605,0.8843868058297119,0.3357160051961668,0.4017050166619298,0.40646961664816433,99.91,0.2504010025062657,4.318685999017194,3.982969993821027,ok
pitcher,2024,FIP,skill,high_innings,IP,100,0,source_specific,"[""ATC""]",ATC,3afb8d58984f74aa69f7f6ba,True,116,0.5059517605268059,0.610196357433921,0.3056165813776241,0.6151122615088448,0.612024756852343,23.155172413793103,0.20134932533733133,4.295070603448275,3.989454022070652,ok
pitcher,2024,FIP,skill,high_innings,IP,100,0,source_specific,"[""Steamer""]",Steamer,43d21b379460c1771c052336,True,124,0.5589560091859569,0.6947079424810622,0.38233636074945065,0.5129434284810542,0.520654602675059,27.451612903225808,0.22318384474167324,4.370951166355707,3.9886148056062565,ok
pitcher,2024,BABIP,skill,all_matched,IP,0,0,source_specific,"[""ATC""]",ATC,95e760b7f75d50ec3e0ffddd,True,622,0.04786230101860687,0.07144722588904642,0.0038427935184855884,0.17743948738323712,0.18091067381344028,184.0048231511254,0.2963040630452905,0.29756213344051446,0.29371933992202887,ok
pitcher,2024,BABIP,skill,all_matched,IP,0,0,source_specific,"[""Steamer""]",Steamer,6274fe0f03733c855f24b809,True,783,0.04956242106526813,0.07413852499368852,0.0009734655458404751,0.1681577866811365,0.19593357419084204,233.03959131545338,0.2980045924750043,0.29532792336647296,0.29435445782063246,ok
pitcher,2024,BABIP,skill,substantial_innings,IP,40,0,source_specific,"[""ATC""]",ATC,8e51cb2a39f626c200aa171f,True,361,0.0293086064195295,0.03786383494195223,0.010208002108034785,0.21941276050495137,0.20665597401194688,105.54847645429363,0.2931902123730379,0.2970227728531856,0.2868147707451508,ok
pitcher,2024,BABIP,skill,substantial_innings,IP,40,0,source_specific,"[""Steamer""]",Steamer,65dfe1dd23657b461e7667b7,True,400,0.02809179766514469,0.03634732107100703,0.009197265550887549,0.31862361148615226,0.2987321749835531,110.64,0.27729323308270676,0.2955127610802095,0.28631549552932195,ok
pitcher,2024,BABIP,skill,high_innings,IP,100,0,source_specific,"[""ATC""]",ATC,d859cea05c08ed85f9f1f927,True,116,0.020594125967724412,0.025992373763912776,0.008864265939265006,0.30118832331137263,0.28075631560486186,33.13793103448276,0.28815592203898055,0.29409068103448277,0.28522641509521773,ok
pitcher,2024,BABIP,skill,high_innings,IP,100,0,source_specific,"[""Steamer""]",Steamer,b673d1cee6ecfb4af20bc4a1,True,124,0.02052544292195939,0.025792426781375995,0.010046406969421379,0.3462362349821359,0.31054336828263196,33.653225806451616,0.27360346184107004,0.2957440296338857,0.2856976226644643,ok
pitcher,2025,W,fantasy_outcome,all_matched,IP,0,0,source_specific,"[""ATC""]",ATC,d5213c43ebdd759157ed7fd5,True,688,2.185087026162791,2.8804169619625477,0.26491081976744185,0.6406902725503185,0.5472510005468662,144.4127906976744,0.2102078467215057,3.666073610465116,3.4011627906976742,ok
pitcher,2025,W,fantasy_outcome,all_matched,IP,0,0,source_specific,"[""OOPSY""]",OOPSY,8d60c1ce6e336e608a1e7269,True,818,1.9621026894865525,2.804336495230932,0.10146699266503667,0.6543265547046787,0.5842571737038134,160.9437652811736,0.19699359275541445,3.06479217603912,2.9633251833740832,ok
pitcher,2025,W,fantasy_outcome,all_matched,IP,0,0,source_specific,"[""RotoWire""]",RotoWire,733fe12f7411008ee29da10c,True,598,2.3528428093645486,3.1317235362803513,0.3996655518394649,0.6275025582193748,0.545984268428001,125.14214046822742,0.2096183257424245,3.8260869565217392,3.4264214046822743,ok
pitcher,2025,W,fantasy_outcome,all_matched,IP,0,0,source_specific,"[""Steamer""]",Steamer,8c00d70533fed258c2f0de7b,True,791,2.0213780069933303,2.7651254312555253,0.3703876109146213,0.6708350727884066,0.6076573948645401,152.54108723135272,0.19308998383715534,3.4348629585758097,3.0644753476611886,ok
pitcher,2025,W,fantasy_outcome,substantial_innings,IP,40,0,source_specific,"[""ATC""]",ATC,2ff3e5250da14a3e9d7b2e6e,True,386,2.525736121761658,3.2844797073785057,-0.5810110492227979,0.5563333097457365,0.4582532595284608,89.72020725388602,0.2330394993607429,4.893082215025906,5.474093264248705,ok
pitcher,2025,W,fantasy_outcome,substantial_innings,IP,40,0,source_specific,"[""OOPSY""]",OOPSY,c1329d5ce918e8f8f4d8d862,True,400,2.5875,3.4695100518661133,-0.7125,0.557390073563717,0.45949003401735505,89.54,0.2244110275689223,4.6525,5.365,ok
pitcher,2025,W,fantasy_outcome,substantial_innings,IP,40,0,source_specific,"[""RotoWire""]",RotoWire,cf8032e21dc1842f5979cf23,True,336,2.732142857142857,3.4829516765169712,-0.3630952380952381,0.5572873940012419,0.4990387295949557,76.10416666666667,0.2271766169154229,5.175595238095238,5.538690476190476,ok
pitcher,2025,W,fantasy_outcome,substantial_innings,IP,40,0,source_specific,"[""Steamer""]",Steamer,c65dd94e9c7b64fdcdab4c2e,True,401,2.492198759675992,3.259562983425524,-0.28063466415701066,0.5671832821575978,0.49162755227783844,88.38902743142144,0.2209725685785536,5.083455111404087,5.364089775561097,ok
pitcher,2025,W,fantasy_outcome,high_innings,IP,100,0,source_specific,"[""ATC""]",ATC,b51103498ec3bf8d39e73605,True,127,3.104751850393701,3.820517285607802,-1.3201477559055117,0.4267114196912694,0.44108686839173605,30.834645669291337,0.24471941007374076,7.679852244094488,9.0,ok
pitcher,2025,W,fantasy_outcome,high_innings,IP,100,0,source_specific,"[""OOPSY""]",OOPSY,86add7bf1c7489059dd1e14d,True,127,3.456692913385827,4.2805180347323954,-1.2677165354330708,0.4052843180913772,0.40515660432760797,30.968503937007874,0.24578177727784026,7.732283464566929,9.0,ok
pitcher,2025,W,fantasy_outcome,high_innings,IP,100,0,source_specific,"[""RotoWire""]",RotoWire,18b7e6543447d77105c45009,True,111,3.108108108108108,3.7883177468833513,-1.054054054054054,0.42596097291000073,0.425219736659254,27.74774774774775,0.2522522522522523,8.207207207207206,9.26126126126126,ok
pitcher,2025,W,fantasy_outcome,high_innings,IP,100,0,source_specific,"[""Steamer""]",Steamer,115205a74f3796509c11b009,True,127,2.8532842568407846,3.6404388613513112,-0.6646118306620853,0.38023598191286473,0.4412221999905436,29.866141732283463,0.2370328708911386,8.335388169337914,9.0,ok
pitcher,2025,SV,fantasy_outcome,all_matched,IP,0,0,source_specific,"[""ATC""]",ATC,7f932897a0eb46236e89dc6f,True,688,1.3118916373052325,3.3679322740699478,-0.059761188654069756,0.799574878073099,0.49726995315368894,121.72674418604652,0.1771859449578552,1.6466341601831396,1.7063953488372092,ok
pitcher,2025,SV,fantasy_outcome,all_matched,IP,0,0,source_specific,"[""OOPSY""]",OOPSY,445a8d8d9b7a47785f2e6332,True,818,1.0880195599022005,3.1343198433145907,-0.17114914425427874,0.8048074485099795,0.4779169814701345,110.14303178484107,0.13481399239270633,1.2946210268948655,1.4657701711491442,ok
pitcher,2025,SV,fantasy_outcome,all_matched,IP,0,0,source_specific,"[""RotoWire""]",RotoWire,7b6726397505539761f5533a,True,598,1.520066889632107,3.8061295397790382,0.21906354515050167,0.7770185233883599,0.4932952753464034,83.29598662207358,0.13952426569861573,1.9732441471571907,1.754180602006689,ok
pitcher,2025,SV,fantasy_outcome,all_matched,IP,0,0,source_specific,"[""Steamer""]",Steamer,9cafd5064aad3e4f4935ed11,True,791,1.1196864782332168,3.1831697194891584,-0.14272059976828536,0.8052665986143179,0.47596136976783465,108.73072060682681,0.13763382355294532,1.3667610690054188,1.5094816687737043,ok
pitcher,2025,SV,fantasy_outcome,substantial_innings,IP,40,0,source_specific,"[""ATC""]",ATC,0f1c40dc94b72768465fb386,True,386,1.729552237722798,4.095808972505003,-0.5119394253860103,0.8181071203218656,0.6387668804513531,52.93782383419689,0.13750084112778413,2.2341745642512953,2.7461139896373057,ok
pitcher,2025,SV,fantasy_outcome,substantial_innings,IP,40,0,source_specific,"[""OOPSY""]",OOPSY,7885862ca794b959d13789e9,True,400,1.6525,3.979007413916189,-0.5825,0.8289611596471316,0.5662613565781145,65.3475,0.1637781954887218,2.0825,2.665,ok
pitcher,2025,SV,fantasy_outcome,substantial_innings,IP,40,0,source_specific,"[""RotoWire""]",RotoWire,8b11368c2a53cdc8dbf950b6,True,336,1.8630952380952381,4.4734667498378435,-0.25595238095238093,0.8022498865452032,0.639615281875361,41.104166666666664,0.12269900497512437,2.556547619047619,2.8125,ok
pitcher,2025,SV,fantasy_outcome,substantial_innings,IP,40,0,source_specific,"[""Steamer""]",Steamer,38b0bca3fec7aa0d8bd12ca1,True,401,1.6343067413256354,3.9420091076902763,-0.5446708123582854,0.8314511606251237,0.5685626044680576,65.17955112219451,0.16294887780548628,2.1136833023549317,2.658354114713217,ok
pitcher,2025,SV,fantasy_outcome,high_innings,IP,100,0,source_specific,"[""ATC""]",ATC,8caa0fc454c80c7da8c9ece0,True,127,0.10474429213385827,0.43169628273716315,-0.0790877201496063,0.11437865919786291,0.20810593344336614,10.535433070866143,0.08361454818147732,0.015400468826771653,0.09448818897637795,ok
pitcher,2025,SV,fantasy_outcome,high_innings,IP,100,0,source_specific,"[""OOPSY""]",OOPSY,d69383b75c8cb1a004e27814,True,127,0.08661417322834646,0.3658664615902029,-0.08661417322834646,0.8199702542200926,0.3443555802358794,7.433070866141732,0.05899262592175978,0.007874015748031496,0.09448818897637795,ok
pitcher,2025,SV,fantasy_outcome,high_innings,IP,100,0,source_specific,"[""RotoWire""]",RotoWire,cb0f9af11c92811d8f8b369b,True,111,0.05405405405405406,0.23249527748763857,-0.036036036036036036,0.26713861688100365,0.2671386168810037,4.81981981981982,0.04381654381654382,0.018018018018018018,0.05405405405405406,ok
pitcher,2025,SV,fantasy_outcome,high_innings,IP,100,0,source_specific,"[""Steamer""]",Steamer,1f3b445959dd37dd00aa3298,True,127,0.09448818897637795,0.43471413360133104,-0.09448818897637795,,,8.362204724409448,0.06636670416197975,0.0,0.09448818897637795,constant_series
pitcher,2025,SO,fantasy_outcome,all_matched,IP,0,0,source_specific,"[""ATC""]",ATC,6a1e25bfa0103aeeb9abea74,True,688,26.789777223837213,36.20885053780705,6.032649636627907,0.7247710534800397,0.6083020781013443,131.11482558139534,0.19085127449984765,62.195440334302326,56.16279069767442,ok
pitcher,2025,SO,fantasy_outcome,all_matched,IP,0,0,source_specific,"[""OOPSY""]",OOPSY,1602444bce4358facf5b1d8c,True,818,25.918092909535453,35.76623710123023,8.321515892420537,0.7519592012200323,0.6812392675536637,140.1002444987775,0.17148132741588434,57.701711491442545,49.380195599022,ok
pitcher,2025,SO,fantasy_outcome,all_matched,IP,0,0,source_specific,"[""RotoWire""]",RotoWire,c60f423362106a29e50f0a6b,True,598,29.775919732441473,40.15334319704482,5.919732441471572,0.7001663049234574,0.5872441724766697,117.35284280936455,0.19657092597883508,62.01672240802676,56.096989966555185,ok
pitcher,2025,SO,fantasy_outcome,all_matched,IP,0,0,source_specific,"[""Steamer""]",Steamer,5b5e11ee060da9c28560b528,True,791,26.880668097289867,36.92319561862778,9.061439336325817,0.7458472869139314,0.6502055720142352,142.724399494311,0.18066379682824177,60.11706512646488,51.05562579013907,ok
pitcher,2025,SO,fantasy_outcome,substantial_innings,IP,40,0,source_specific,"[""ATC""]",ATC,4e3a79d05862a8f74eaa94d3,True,386,28.068094041450774,37.60504435718376,-5.957324611398963,0.6966558119360643,0.5880814342548146,75.2279792746114,0.1953973487652244,81.49863393782383,87.4559585492228,ok
pitcher,2025,SO,fantasy_outcome,substantial_innings,IP,40,0,source_specific,"[""OOPSY""]",OOPSY,d79f662e33588b67eaff055f,True,400,28.47,38.26506239378161,-0.225,0.6958510557232025,0.6019757495174658,76.4275,0.19154761904761902,85.8575,86.0825,ok
pitcher,2025,SO,fantasy_outcome,substantial_innings,IP,40,0,source_specific,"[""RotoWire""]",RotoWire,fef26f3fee8ba9be5526d614,True,336,31.949404761904763,42.00513715748406,-4.919642857142857,0.6729953699019288,0.599044991927449,64.6875,0.19309701492537312,82.87797619047619,87.79761904761905,ok
pitcher,2025,SO,fantasy_outcome,substantial_innings,IP,40,0,source_specific,"[""Steamer""]",Steamer,0976ef07c61609736d93e513,True,401,28.62625251074979,39.01177991883529,1.1006196932007843,0.7018923541580758,0.604332166693284,76.6284289276808,0.191571072319202,87.10810098995888,86.0074812967581,ok
pitcher,2025,SO,fantasy_outcome,high_innings,IP,100,0,source_specific,"[""ATC""]",ATC,5f0d52d4022dcf98d51b6d71,True,127,32.05568141732284,40.38900116458537,-16.255703464566928,0.6798128520617187,0.686776658840382,23.015748031496063,0.1826646669166354,121.7049264566929,137.96062992125985,ok
pitcher,2025,SO,fantasy_outcome,high_innings,IP,100,0,source_specific,"[""OOPSY""]",OOPSY,c9a679b8f42164f90a2cd53e,True,127,30.433070866141733,38.56592678338506,-8.118110236220472,0.6626442063985086,0.6859776558559011,23.133858267716537,0.18360204974378205,129.84251968503938,137.96062992125985,ok
pitcher,2025,SO,fantasy_outcome,high_innings,IP,100,0,source_specific,"[""RotoWire""]",RotoWire,0e360f9145c7e31883f7e2a6,True,111,31.117117117117118,38.33940414129972,-11.405405405405405,0.6630381369814036,0.6582010721727122,20.74774774774775,0.18861588861588863,128.51351351351352,139.9189189189189,ok
pitcher,2025,SO,fantasy_outcome,high_innings,IP,100,0,source_specific,"[""Steamer""]",Steamer,4eaecd54e8d78caec22d7184,True,127,29.62943465456249,38.26934706757058,-4.422690918595772,0.674742858457516,0.6949386208047257,22.433070866141733,0.17804024496937884,133.53793900266407,137.96062992125985,ok
pitcher,2025,ERA,fantasy_outcome,all_matched,IP,0,0,source_specific,"[""ATC""]",ATC,1e622a0884f5d63641ee0db3,True,688,1.7743720314051645,2.8519023557862364,-0.723038428334091,0.2797627303634531,0.3041452141259811,185.7078488372093,0.27031710165532646,4.160837834302326,4.8838762626364165,ok
pitcher,2025,ERA,fantasy_outcome,all_matched,IP,0,0,source_specific,"[""OOPSY""]",OOPSY,6f4564aafaf29ec04ea5f122,True,818,2.209359107234124,4.398124258552167,-1.0193053237762475,0.2878728711484412,0.2746049966225383,219.95354523227383,0.2692209855964184,4.141470977995111,5.1607763017713575,ok
pitcher,2025,ERA,fantasy_outcome,all_matched,IP,0,0,source_specific,"[""RotoWire""]",RotoWire,3701cf0dd642ee7156af8f2c,True,598,2.196747506700848,3.673336729600945,-0.45193055663034803,0.06916122774308939,0.15842364642940387,176.48996655518394,0.29562808468205015,4.296989966555183,4.748920523185532,ok
pitcher,2025,ERA,fantasy_outcome,all_matched,IP,0,0,source_specific,"[""Steamer""]",Steamer,82ea7ba33e3f473ee0d1c75c,True,791,1.9434918646461643,3.2815306411350122,-0.8254275406220443,0.2269414507650488,0.2618269826928631,220.3653603034134,0.27894349405495367,4.123959929704057,4.9493874703261005,ok
pitcher,2025,ERA,fantasy_outcome,substantial_innings,IP,40,0,source_specific,"[""ATC""]",ATC,e1c455d3a243000c1758da15,True,386,0.9097132078282258,1.1436848446587662,0.12897670725015511,0.3711236140285579,0.33647144063971,99.79533678756476,0.2592086669806877,4.0614960621761655,3.9325193549260105,ok
pitcher,2025,ERA,fantasy_outcome,substantial_innings,IP,40,0,source_specific,"[""OOPSY""]",OOPSY,ed86c7695bd013c95895285d,True,400,0.9059457230741217,1.156469207833898,0.044085013031666495,0.37033872633694803,0.3319895434326917,101.45,0.2542606516290727,3.9574294250000004,3.913344411968333,ok
pitcher,2025,ERA,fantasy_outcome,substantial_innings,IP,40,0,source_specific,"[""RotoWire""]",RotoWire,b6d5c96f0e1ead3cb190ee6e,True,336,1.2220359749599279,1.8016384294700623,0.0838819525203828,0.1143446738575255,0.20596746940991198,97.9077380952381,0.2922619047619048,4.019642857142857,3.9357609046224744,ok
pitcher,2025,ERA,fantasy_outcome,substantial_innings,IP,40,0,source_specific,"[""Steamer""]",Steamer,c15434d3118190cca908e299,True,401,0.9115777488191138,1.144623534044647,0.10035301556406694,0.38817397415317206,0.3387358727688064,104.19700748129675,0.26049251870324186,4.014202441464758,3.913849425900691,ok
pitcher,2025,ERA,fantasy_outcome,high_innings,IP,100,0,source_specific,"[""ATC""]",ATC,299814232188512fb62e93a8,True,127,0.7385331258188876,0.9233580966623212,0.10240373080671804,0.45084232936211516,0.40312207525187843,30.543307086614174,0.2424071991001125,4.1194168503937005,4.0170131195869825,ok
pitcher,2025,ERA,fantasy_outcome,high_innings,IP,100,0,source_specific,"[""OOPSY""]",OOPSY,edde0ec830acaa808345930e,True,127,0.7017610283426715,0.8930642891793177,0.018315856790970038,0.4956814083217835,0.4570392427112296,29.094488188976378,0.23090863642044746,4.0353289763779525,4.0170131195869825,ok
pitcher,2025,ERA,fantasy_outcome,high_innings,IP,100,0,source_specific,"[""RotoWire""]",RotoWire,91157ef09846649333a00ae6,True,111,0.852139537941455,1.1763051954924368,-0.008028353464773999,0.2984418301140747,0.3802039463444242,28.18018018018018,0.25618345618345617,4.001261261261261,4.009289614726035,ok
pitcher,2025,ERA,fantasy_outcome,high_innings,IP,100,0,source_specific,"[""Steamer""]",Steamer,3930df4ef9abec1bc9368e65,True,127,0.7269588186281524,0.9048209292716679,0.06583831781835252,0.4799126190789829,0.42832892225762204,30.84251968503937,0.24478190226221722,4.082851437405335,4.0170131195869825,ok
pitcher,2025,WHIP,fantasy_outcome,all_matched,IP,0,0,source_specific,"[""ATC""]",ATC,fb5e2df5583e31f18744d834,True,688,0.27495623921652335,0.43424207638779766,-0.1182261198188271,0.2972535188962884,0.3365392556364137,179.05232558139534,0.2606292948783047,1.3103276148255814,1.4285537346444086,ok
pitcher,2025,WHIP,fantasy_outcome,all_matched,IP,0,0,source_specific,"[""OOPSY""]",OOPSY,d64018a93605b022754e6a37,True,818,0.34391027590852613,0.6344952508351694,-0.16492476917624008,0.36920779146868443,0.3218648269431288,212.14547677261615,0.2596639862577921,1.330531422982885,1.495456192159125,ok
pitcher,2025,WHIP,fantasy_outcome,all_matched,IP,0,0,source_specific,"[""RotoWire""]",RotoWire,d77aabb2a885d5866ccc8dc7,True,598,0.3588404215429725,0.5758810570493407,-0.11941007389503402,0.09950885721814,0.2047348369305756,170.05518394648828,0.2848495543492266,1.2993478260869564,1.4187578999819908,ok
pitcher,2025,WHIP,fantasy_outcome,all_matched,IP,0,0,source_specific,"[""Steamer""]",Steamer,cb6ae1024c2e6e474982bcad,True,791,0.3092825220304841,0.519232203631898,-0.13296283742257103,0.26950712186802783,0.30830543243961445,209.41845764854614,0.26508665525132424,1.3243089427594594,1.4572717801820303,ok
pitcher,2025,WHIP,fantasy_outcome,substantial_innings,IP,40,0,source_specific,"[""ATC""]",ATC,5d100140aa606379f1909280,True,386,0.1424664873636434,0.18433568758142815,0.026760362365753253,0.38016557585001853,0.355703248626238,99.47150259067358,0.25836753919655475,1.2815508782383418,1.2547905158725887,ok
pitcher,2025,WHIP,fantasy_outcome,substantial_innings,IP,40,0,source_specific,"[""OOPSY""]",OOPSY,2900c94f2c02bfaa6a2bcbc5,True,400,0.14475553897124346,0.18728829870972183,0.026557590479861837,0.36760124380742043,0.34890397825473846,102.245,0.25625313283208023,1.280024135,1.2534665445201383,ok
pitcher,2025,WHIP,fantasy_outcome,substantial_innings,IP,40,0,source_specific,"[""RotoWire""]",RotoWire,b174879c51a91edfa5563bbc,True,336,0.2050741713544206,0.3224550657491345,0.014713504517304254,0.18163483090173446,0.26652244682331383,92.36904761904762,0.27572850035536606,1.268422619047619,1.2537091145303147,ok
pitcher,2025,WHIP,fantasy_outcome,substantial_innings,IP,40,0,source_specific,"[""Steamer""]",Steamer,cac60a7383580cbc6ceab1a9,True,401,0.14779759990069646,0.1890402730329233,0.04108929754971859,0.3581786711363976,0.3193975881192541,105.63092269326684,0.2640773067331671,1.2941214333407325,1.2530321357910137,ok
pitcher,2025,WHIP,fantasy_outcome,high_innings,IP,100,0,source_specific,"[""ATC""]",ATC,3227a905837e4a725030a084,True,127,0.10942638681862425,0.14119323061303485,0.013803883175721095,0.6016485624544502,0.542434148856393,26.58267716535433,0.21097362829646293,1.264561409448819,1.2507575262730979,ok
pitcher,2025,WHIP,fantasy_outcome,high_innings,IP,100,0,source_specific,"[""OOPSY""]",OOPSY,f5f797cc57d7edc483a46da2,True,127,0.10687282040831006,0.13845101072894794,0.016052867427689604,0.6253721829381781,0.5799236032995876,24.913385826771652,0.19772528433945755,1.2668103937007873,1.2507575262730979,ok
pitcher,2025,WHIP,fantasy_outcome,high_innings,IP,100,0,source_specific,"[""RotoWire""]",RotoWire,651e52bd8837a20aab0f3fed,True,111,0.1352493128259267,0.2161557187299709,0.0018604891550756018,0.3594980384448498,0.4853627252520945,24.56756756756757,0.22334152334152335,1.2474774774774775,1.245616988322402,ok
pitcher,2025,WHIP,fantasy_outcome,high_innings,IP,100,0,source_specific,"[""Steamer""]",Steamer,726f146a17b3689b1f5e03e2,True,127,0.11132144485054359,0.1448290316452094,0.03216163281080434,0.6006324895939322,0.5529328365204349,25.874015748031496,0.2053493313335833,1.282919159083902,1.2507575262730979,ok
pitcher,2025,QS,fantasy_outcome,all_matched,IP,0,0,source_specific,"[""ATC""]",ATC,62ee4f4f52a96c3e1b3316a5,True,688,1.4627483610755814,2.924950601977924,0.16899813636627908,0.7947028338490051,0.7978331993148053,84.03052325581395,0.12231517213364476,2.5628934852034884,2.3938953488372094,ok
pitcher,2025,QS,fantasy_outcome,all_matched,IP,0,0,source_specific,"[""OOPSY""]",OOPSY,b46f4f35f11b4acb6ad52cb0,True,818,1.667481662591687,3.545719551707989,1.0660146699266504,0.7929027506560549,0.8032218454251661,64.2677261613692,0.07866306751697576,3.1124694376528117,2.0464547677261615,ok
pitcher,2025,QS,fantasy_outcome,all_matched,IP,0,0,source_specific,"[""RotoWire""]",RotoWire,49d2952cddb328ab1f196c5c,True,598,1.7190635451505016,3.447649579846835,0.5217391304347826,0.7612118629827945,0.7928351236201046,59.874581939799334,0.10029243205996538,3.011705685618729,2.4899665551839463,ok
pitcher,2025,QS,fantasy_outcome,all_matched,IP,0,0,source_specific,"[""Steamer""]",Steamer,29b3e213782678d02e039c51,True,791,1.4699619522291163,3.1908616327843173,0.6686709240784188,0.8012231046827092,0.787025457591836,87.6763590391909,0.11098273296100114,2.78497939436919,2.1163084702907713,ok
pitcher,2025,QS,fantasy_outcome,substantial_innings,IP,40,0,source_specific,"[""ATC""]",ATC,f326f2b76a1a948b87aeb302,True,386,2.099021652642487,3.538755494938887,-0.14732101212435234,0.7902012415353298,0.8518676374421713,41.6839378238342,0.10826996837359533,4.021072770259067,4.168393782383419,ok
pitcher,2025,QS,fantasy_outcome,substantial_innings,IP,40,0,source_specific,"[""OOPSY""]",OOPSY,42f4eb85143d7e53b4c3f5f0,True,400,2.685,4.488875137492688,1.55,0.77986199680189,0.8432237518096168,35.3675,0.08864035087719298,5.62,4.07,ok
pitcher,2025,QS,fantasy_outcome,substantial_innings,IP,40,0,source_specific,"[""RotoWire""]",RotoWire,5bed6dc744651e409abc82d4,True,336,2.357142857142857,4.039242031678244,0.2619047619047619,0.7611460724883404,0.8356386388245779,32.63988095238095,0.0974324804548685,4.598214285714286,4.336309523809524,ok
pitcher,2025,QS,fantasy_outcome,substantial_innings,IP,40,0,source_specific,"[""Steamer""]",Steamer,89e70adf5f099fdb1af6c0e3,True,401,2.348027440219969,4.024833492210344,0.8680613470215006,0.7882128845005499,0.8582040395478674,36.229426433915215,0.09057356608478803,4.927911721086339,4.059850374064838,ok
pitcher,2025,QS,fantasy_outcome,high_innings,IP,100,0,source_specific,"[""ATC""]",ATC,867486c7b171ff8b03c7c124,True,127,3.8239714881889766,4.766289198297232,-2.248532244094488,0.5881359457426961,0.6086435504670965,25.251968503937007,0.2004124484439445,8.735719724409448,10.984251968503937,ok
pitcher,2025,QS,fantasy_outcome,high_innings,IP,100,0,source_specific,"[""OOPSY""]",OOPSY,6ebf3174a77cafcfdc1ad824,True,127,4.015748031496063,4.927825541446159,1.3858267716535433,0.5494654444792114,0.5963173128040998,25.834645669291337,0.20503687039120108,12.37007874015748,10.984251968503937,ok
pitcher,2025,QS,fantasy_outcome,high_innings,IP,100,0,source_specific,"[""RotoWire""]",RotoWire,562f041d26fa23d9fa461d32,True,111,4.063063063063063,5.131601439446884,-1.3963963963963963,0.4897267868160631,0.4911285315498222,24.792792792792792,0.2253890253890254,10.027027027027026,11.423423423423424,ok
pitcher,2025,QS,fantasy_outcome,high_innings,IP,100,0,source_specific,"[""Steamer""]",Steamer,a779a137529b0d73e338b658,True,127,3.8020590834730252,4.739544222856696,0.18458976520328071,0.5764395219554679,0.5957817399088767,26.212598425196852,0.20803649543807026,11.168841733707218,10.984251968503937,ok
pitcher,2025,SV_plus_HLD,fantasy_outcome,all_matched,IP,0,0,source_specific,"[""ATC""]",ATC,08ee3ea042f6fcc95f54cee8,True,688,3.719534911712209,6.283371700796562,0.2667267584534884,0.7344545724478025,0.7229862797132457,111.49418604651163,0.16229139162519887,5.64754071194186,5.380813953488372,ok
pitcher,2025,SV_plus_HLD,fantasy_outcome,all_matched,IP,0,0,source_specific,"[""OOPSY""]",OOPSY,94c4092c812e23de95e4eaf3,True,818,3.3410757946210268,5.953466660792987,-0.32396088019559904,0.727997301288171,0.6489021337367055,148.5122249388753,0.18177750910511054,4.382640586797066,4.706601466992665,ok
pitcher,2025,SV_plus_HLD,fantasy_outcome,all_matched,IP,0,0,source_specific,"[""RotoWire""]",RotoWire,02ea81fc6288b7ae225d8f25,True,598,4.230769230769231,7.455778213073523,0.056856187290969896,0.6626725571507159,0.6378252769810266,89.60033444816054,0.1500843123084766,5.55685618729097,5.5,ok
pitcher,2025,SV_plus_HLD,fantasy_outcome,all_matched,IP,0,0,source_specific,"[""Steamer""]",Steamer,546a3fea25a73200927d24e3,True,791,3.4076620722389706,6.021798051110114,-0.43392097505395844,0.7301445376065009,0.6261952559233039,148.590391908976,0.1880891036822481,4.432071439611023,4.865992414664981,ok
pitcher,2025,SV_plus_HLD,fantasy_outcome,substantial_innings,IP,40,0,source_specific,"[""ATC""]",ATC,bccc8fb4ff4eac6670e8c4e9,True,386,3.6854556048471503,6.487753445405832,-1.7905391950492227,0.8250405069836686,0.862380388451202,45.629533678756474,0.11851826929547137,6.269046297178757,8.05958549222798,ok
pitcher,2025,SV_plus_HLD,fantasy_outcome,substantial_innings,IP,40,0,source_specific,"[""OOPSY""]",OOPSY,e5413215f910c27e23145728,True,400,4.0725,6.928383649885448,-2.0075,0.793764636760476,0.7973528476923234,57.165,0.14327067669172933,5.9125,7.92,ok
pitcher,2025,SV_plus_HLD,fantasy_outcome,substantial_innings,IP,40,0,source_specific,"[""RotoWire""]",RotoWire,78a225520f41804488be2c86,True,336,4.241071428571429,7.680564525382977,-2.2470238095238093,0.7638070354613065,0.8070391814198631,37.830357142857146,0.11292643923240939,6.026785714285714,8.273809523809524,ok
pitcher,2025,SV_plus_HLD,fantasy_outcome,substantial_innings,IP,40,0,source_specific,"[""Steamer""]",Steamer,bae28c6eb1b8df1f878d3be6,True,401,3.9849733039922546,6.85621653651934,-2.133049114089357,0.8012774129532044,0.7825543746552277,58.12718204488778,0.14531795511221945,5.7971254495016655,7.930174563591023,ok
pitcher,2025,SV_plus_HLD,fantasy_outcome,high_innings,IP,100,0,source_specific,"[""ATC""]",ATC,48278f160df80134d33ed750,True,127,0.41689038150393704,0.9728355872395518,0.1375944602440945,0.4105484587901763,0.39728511757571844,28.15748031496063,0.22347206599175104,0.38956296418110237,0.25196850393700787,ok
pitcher,2025,SV_plus_HLD,fantasy_outcome,high_innings,IP,100,0,source_specific,"[""OOPSY""]",OOPSY,28dfe9eef8907eaaac55f5d4,True,127,0.4566929133858268,0.8961861448935777,0.2047244094488189,0.49293091155311947,0.3287154980536708,28.456692913385826,0.22584676915385576,0.4566929133858268,0.25196850393700787,ok
pitcher,2025,SV_plus_HLD,fantasy_outcome,high_innings,IP,100,0,source_specific,"[""RotoWire""]",RotoWire,07401ce52dba057e77032604,True,111,0.3063063063063063,1.065427207806866,0.10810810810810811,0.11750285561424113,0.1443071752769335,7.900900900900901,0.07182637182637182,0.24324324324324326,0.13513513513513514,ok
pitcher,2025,SV_plus_HLD,fantasy_outcome,high_innings,IP,100,0,source_specific,"[""Steamer""]",Steamer,ff41d0bfe910c87da93466a6,True,127,0.36737952692302195,0.8331216177456993,0.06547716424221128,0.5505249084283353,0.24410801864537615,29.881889763779526,0.23715785526809147,0.31744566817921915,0.25196850393700787,ok
pitcher,2025,IP,opportunity,all_matched,IP,0,0,source_specific,"[""ATC""]",ATC,9a874220c33bb72ed519742d,True,688,26.774774055232555,36.6428669367165,4.915056758720931,0.7263083096826806,0.6215136444060798,128.72674418604652,0.18737517348769508,64.12276024709303,59.2077034883721,ok
pitcher,2025,IP,opportunity,all_matched,IP,0,0,source_specific,"[""OOPSY""]",OOPSY,b9a1a260f84d638b2832bd91,True,818,25.537519595354524,35.93183524681934,7.628861602689487,0.7570308427551958,0.6965635844069455,136.5721271393643,0.16716294631501138,59.67592761735941,52.04706601466992,ok
pitcher,2025,IP,opportunity,all_matched,IP,0,0,source_specific,"[""RotoWire""]",RotoWire,ef2ebc26ef18da7310e2bfe1,True,598,30.166220735785956,40.29596899265305,3.076254180602007,0.6962113904564151,0.5866832921034985,118.49498327759197,0.19848405909144384,62.43311036789298,59.35685618729097,ok
pitcher,2025,IP,opportunity,all_matched,IP,0,0,source_specific,"[""Steamer""]",Steamer,aadded9c11d78d23257c1d80,True,791,26.699614570173992,37.148496378740184,8.544033739931514,0.7493627294049242,0.6642739180804942,139.41466498103665,0.17647425946966663,62.33063298139801,53.7865992414665,ok
pitcher,2025,IP,opportunity,substantial_innings,IP,40,0,source_specific,"[""ATC""]",ATC,38fe6b0b1836947c85d7b621,True,386,27.85312215025907,38.4285457080376,-8.01659883419689,0.6917448299904712,0.5813612481675067,75.77720207253886,0.1968239014871139,83.84220945595855,91.85880829015544,ok
pitcher,2025,IP,opportunity,substantial_innings,IP,40,0,source_specific,"[""OOPSY""]",OOPSY,95b1402aea2832678306139a,True,400,27.3574332225,38.38935115248829,-1.8844332224999985,0.6973117530898002,0.6053835753305201,76.1475,0.19084586466165412,88.5215667775,90.406,ok
pitcher,2025,IP,opportunity,substantial_innings,IP,40,0,source_specific,"[""RotoWire""]",RotoWire,b63cda03a1a7c3ceeba4083e,True,336,32.55416666666666,42.345269455254325,-9.422619047619046,0.6702838111810838,0.5926436841585757,65.41964285714286,0.19528251599147123,83.11011904761905,92.5327380952381,ok
pitcher,2025,IP,opportunity,substantial_innings,IP,40,0,source_specific,"[""Steamer""]",Steamer,737d12cd7d086fb6f31d7d61,True,401,27.598464913974677,39.0732912082888,-0.3387511308056443,0.7004862005560675,0.6082899470409944,75.8927680798005,0.18973192019950125,89.97695959238638,90.31571072319201,ok
pitcher,2025,IP,opportunity,high_innings,IP,100,0,source_specific,"[""ATC""]",ATC,111a808a87823f1754586c56,True,127,34.28758543307086,43.99404885143155,-22.45138070866141,0.5468734380141271,0.5501381971001986,27.73228346456693,0.22009748781402325,128.34232007874016,150.79370078740158,ok
pitcher,2025,IP,opportunity,high_innings,IP,100,0,source_specific,"[""OOPSY""]",OOPSY,9677b637538d4f028a0cc2ae,True,127,31.15768905511811,40.5399032624639,-13.617531574803145,0.5095802864374835,0.49742025153713726,29.77952755905512,0.23634545681789776,137.17616921259844,150.79370078740158,ok
pitcher,2025,IP,opportunity,high_innings,IP,100,0,source_specific,"[""RotoWire""]",RotoWire,18e6be23b3dbc2e0abf7255a,True,111,35.5036036036036,43.4796182964755,-20.860360360360357,0.43607776807200116,0.4134806972278561,27.945945945945947,0.25405405405405407,132.018018018018,152.8783783783784,ok
pitcher,2025,IP,opportunity,high_innings,IP,100,0,source_specific,"[""Steamer""]",Steamer,31e65c624e57fae49944b17b,True,127,30.130905812180888,39.79490127836676,-10.04105663149375,0.5116328549391339,0.5012904231705249,29.086614173228348,0.23084614423197103,140.75264415590783,150.79370078740158,ok
pitcher,2025,G,opportunity,all_matched,IP,0,0,source_specific,"[""ATC""]",ATC,f8dd2491bdbd7eb35567c9d6,True,688,13.760453720930233,18.01291751902865,4.2684388372093025,0.5853855250189961,0.5289066349163156,148.34593023255815,0.2159329406587455,32.50099697674418,28.232558139534884,ok
pitcher,2025,G,opportunity,all_matched,IP,0,0,source_specific,"[""OOPSY""]",OOPSY,dae59bc4ce62b6fb5abdf2b1,True,818,15.19559902200489,20.637990463384465,8.52322738386308,0.6117504404598867,0.6021793652772949,159.0794621026895,0.19471170392006057,33.74449877750611,25.221271393643033,ok
pitcher,2025,G,opportunity,all_matched,IP,0,0,source_specific,"[""RotoWire""]",RotoWire,bcc9a3a4afa02adf94345cdb,True,598,15.217391304347826,20.614067995694196,-1.1806020066889633,0.48556583724375363,0.43834855076851803,136.82441471571906,0.2291866243144373,27.18896321070234,28.369565217391305,ok
pitcher,2025,G,opportunity,all_matched,IP,0,0,source_specific,"[""Steamer""]",Steamer,2833f281a76cb947d56207b0,True,791,15.708157610915855,21.002418691838255,8.609111620600697,0.5874371410290578,0.5692922064367558,161.5676359039191,0.20451599481508748,34.6634731882366,26.054361567635905,ok
pitcher,2025,G,opportunity,substantial_innings,IP,40,0,source_specific,"[""ATC""]",ATC,03409f4f6187754aa35bab61,True,386,10.545675207253886,14.102539480645003,-4.501074170984456,0.7411517991464881,0.6975388557972766,64.45336787564767,0.1674113451315524,35.45488437823835,39.9559585492228,ok
pitcher,2025,G,opportunity,substantial_innings,IP,40,0,source_specific,"[""OOPSY""]",OOPSY,ae8acfe34e9c88b978198d0b,True,400,10.955,14.537193676910272,2.02,0.710851567005856,0.7040907558942571,68.49,0.17165413533834586,41.67,39.65,ok
pitcher,2025,G,opportunity,substantial_innings,IP,40,0,source_specific,"[""RotoWire""]",RotoWire,cb754ffd481c5ed02f92fcc2,True,336,14.282738095238095,20.155718200810316,-9.443452380952381,0.5637976494272042,0.5165314469877705,71.27678571428571,0.21276652452025585,31.026785714285715,40.470238095238095,ok
pitcher,2025,G,opportunity,substantial_innings,IP,40,0,source_specific,"[""Steamer""]",Steamer,2fda229cf0bcdcd7dff374ef,True,401,11.049394937376132,14.766050011090815,1.781826911870381,0.7012730692368812,0.699605270544492,68.6932668329177,0.17173316708229425,41.4900563383043,39.70822942643392,ok
pitcher,2025,G,opportunity,high_innings,IP,100,0,source_specific,"[""ATC""]",ATC,e381336445432286555b3904,True,127,5.322783700787402,7.376166742435946,-1.441249842519685,0.19700834195643085,0.2643925246362249,34.661417322834644,0.27509061367329085,27.243789527559052,28.68503937007874,ok
pitcher,2025,G,opportunity,high_innings,IP,100,0,source_specific,"[""OOPSY""]",OOPSY,0f7e012674b6c8499ded7816,True,127,7.078740157480315,10.154321061522156,3.5039370078740157,0.2547780508197673,0.1670961914264495,39.039370078740156,0.3098362704661917,32.188976377952756,28.68503937007874,ok
pitcher,2025,G,opportunity,high_innings,IP,100,0,source_specific,"[""RotoWire""]",RotoWire,a9457ce17fc975b27543a553,True,111,5.513513513513513,7.607488013390088,-2.954954954954955,0.22340922816671965,0.30540753074276217,29.135135135135137,0.2648648648648649,25.513513513513512,28.46846846846847,ok
pitcher,2025,G,opportunity,high_innings,IP,100,0,source_specific,"[""Steamer""]",Steamer,4117be15dd5c26e948045a5b,True,127,7.14578877389431,10.223333672207115,3.460195260606413,0.251966077384767,0.1732147724569706,38.77952755905512,0.3077740282464692,32.14523463068515,28.68503937007874,ok
pitcher,2025,GS,opportunity,all_matched,IP,0,0,source_specific,"[""ATC""]",ATC,ff390ccf296932c45a25b9c9,True,688,3.1719590295765987,5.903928888703554,-0.3412879884251453,0.8379675256085092,0.8084103361778385,85.51017441860465,0.12446895839680444,6.52208410459811,6.863372093023256,ok
pitcher,2025,GS,opportunity,all_matched,IP,0,0,source_specific,"[""OOPSY""]",OOPSY,f84f633d97ebef3d3bccff92,True,818,2.720048899755501,5.492493210063321,-0.16014669926650366,0.8514065315935959,0.7985220120451428,80.37041564792176,0.09837260177224205,5.76039119804401,5.920537897310513,ok
pitcher,2025,GS,opportunity,all_matched,IP,0,0,source_specific,"[""RotoWire""]",RotoWire,fe988c9492538b71047d8e4b,True,598,3.6722408026755855,6.485125764955601,0.959866220735786,0.821920320962102,0.7823160428816702,71.29933110367892,0.11942936533279552,7.839464882943144,6.879598662207358,ok
pitcher,2025,GS,opportunity,all_matched,IP,0,0,source_specific,"[""Steamer""]",Steamer,7965c56c5e223120aa9c90c0,True,791,2.8162828052567153,5.628603469136693,-0.2610337272552507,0.8481818594540707,0.791706843031469,81.80530973451327,0.10355102498039655,5.860331633048163,6.121365360303414,ok
pitcher,2025,GS,opportunity,substantial_innings,IP,40,0,source_specific,"[""ATC""]",ATC,e65be89ef63077e05c069d9d,True,386,4.357125257595855,6.90309201263966,-1.4897123693471501,0.8372869905883185,0.8624061979186232,42.47150259067357,0.11031559114460668,10.085417164331606,11.575129533678757,ok
pitcher,2025,GS,opportunity,substantial_innings,IP,40,0,source_specific,"[""OOPSY""]",OOPSY,86029978d65f1404db096962,True,400,4.2025,6.832825184358224,-0.9975,0.8441014685241919,0.8644753743337912,45.86,0.11493734335839599,10.305,11.3025,ok
pitcher,2025,GS,opportunity,substantial_innings,IP,40,0,source_specific,"[""RotoWire""]",RotoWire,43db801bfedb5b726b8025cc,True,336,4.443452380952381,6.956283558940144,-0.09226190476190477,0.8360941433935919,0.8378138610260825,37.455357142857146,0.11180703624733476,11.535714285714286,11.62797619047619,ok
pitcher,2025,GS,opportunity,substantial_innings,IP,40,0,source_specific,"[""Steamer""]",Steamer,a35f858e9a3a1a7e4522e97c,True,401,4.229938641915149,6.871326290141579,-1.0418089332611782,0.8426610483700099,0.8651322183635948,45.952618453865334,0.11488154613466334,10.232505281202663,11.27431421446384,ok
pitcher,2025,GS,opportunity,high_innings,IP,100,0,source_specific,"[""ATC""]",ATC,99fce1d0abb9bad42219a77b,True,127,6.810104078740158,8.780310337175763,-5.385793842519685,0.5910412891290199,0.5569347608052315,26.299212598425196,0.2087239095113111,21.401607732283466,26.787401574803148,ok
pitcher,2025,GS,opportunity,high_innings,IP,100,0,source_specific,"[""OOPSY""]",OOPSY,e163e545ed6749437633369d,True,127,5.9763779527559056,8.221826147325812,-3.9133858267716537,0.5782012438819142,0.5331442742868562,26.251968503937007,0.20834895638045245,22.874015748031496,26.787401574803148,ok
pitcher,2025,GS,opportunity,high_innings,IP,100,0,source_specific,"[""RotoWire""]",RotoWire,c1c9a9ca8a2bce0996ae5f32,True,111,5.900900900900901,7.679972785237066,-3.720720720720721,0.4529938842233033,0.43834030128046314,25.83783783783784,0.2348894348894349,23.54054054054054,27.26126126126126,ok
pitcher,2025,GS,opportunity,high_innings,IP,100,0,source_specific,"[""Steamer""]",Steamer,b300b9b75ea9cc60f6833a2d,True,127,6.036765296158828,8.282801101026587,-3.9737731476468365,0.5781883705507664,0.533201144096247,26.251968503937007,0.20834895638045245,22.813628427156313,26.787401574803148,ok
pitcher,2025,K/9,skill,all_matched,IP,0,0,source_specific,"[""ATC""]",ATC,bec781a136baaab3b4a6c5a7,True,688,1.443968774298163,2.0614746338001315,0.1514544077579559,0.4848796344074373,0.5116920332691866,145.8343023255814,0.21227700484072984,8.639115203488371,8.487660795730415,ok
pitcher,2025,K/9,skill,all_matched,IP,0,0,source_specific,"[""OOPSY""]",OOPSY,7bc10a52ddd991cbda0264b7,True,818,1.7946909790199825,2.6232390356692497,0.26978192699471665,0.3931219297371907,0.44447510522352845,186.94132029339852,0.2288143455243556,8.453727249388754,8.183945322394036,ok
pitcher,2025,K/9,skill,all_matched,IP,0,0,source_specific,"[""RotoWire""]",RotoWire,78b4ddebddf9be128b791a1b,True,598,1.9862006769070557,2.886690034818461,0.19467415525156828,0.27613529018996635,0.3949369082961548,140.938127090301,0.2360772648078744,8.590167224080268,8.3954930688287,ok
pitcher,2025,K/9,skill,all_matched,IP,0,0,source_specific,"[""Steamer""]",Steamer,f0806d36298fc81494ba4eaa,True,791,1.5871571987905295,2.228651491108755,0.00706460328112632,0.42978968374130366,0.4504831675977818,183.09481668773705,0.23176559074397096,8.44522893005853,8.438164326777404,ok
pitcher,2025,K/9,skill,substantial_innings,IP,40,0,source_specific,"[""ATC""]",ATC,46a6e6f2250cadabff080c18,True,386,1.0330143879363025,1.3093931703051427,0.0612411123040048,0.7013636170510313,0.6598810642581043,69.12176165803109,0.17953704326761322,8.737798134715026,8.676557022411021,ok
pitcher,2025,K/9,skill,substantial_innings,IP,40,0,source_specific,"[""OOPSY""]",OOPSY,a203f6aaec891e7bd92e9f67,True,400,1.0684434996779466,1.3509970693015219,0.0026270890287378367,0.6792977489070637,0.6497905588177965,73.3925,0.18394110275689224,8.67457075,8.671943660971262,ok
pitcher,2025,K/9,skill,substantial_innings,IP,40,0,source_specific,"[""RotoWire""]",RotoWire,c9e30bfc386262c497b76ddc,True,336,1.445449679939408,2.080055296504044,0.22699189434389294,0.417438042594431,0.5006553140699254,71.62202380952381,0.21379708599857855,8.837767857142856,8.610775962798964,ok
pitcher,2025,K/9,skill,substantial_innings,IP,40,0,source_specific,"[""Steamer""]",Steamer,de261e4641a4e601492f7006,True,401,1.0721725200236005,1.3531958468664527,-0.019545608554868428,0.67213402887237,0.6329485008954123,75.06982543640898,0.18767456359102244,8.653763567469856,8.673309176024725,ok
pitcher,2025,K/9,skill,high_innings,IP,100,0,source_specific,"[""ATC""]",ATC,94cfd1c16c85db9116dfe8cf,True,127,0.8480024231344524,1.0487966797001416,0.2399567761695109,0.7526033755384123,0.7432197096753345,20.653543307086615,0.1639170103737033,8.40271125984252,8.162754483673009,ok
pitcher,2025,K/9,skill,high_innings,IP,100,0,source_specific,"[""OOPSY""]",OOPSY,9c56adb00fac2c4db06b842c,True,127,0.8895252685827019,1.0644608992384095,0.22265394152384158,0.7419352957185983,0.7410197861307309,21.818897637795274,0.17316585426821646,8.38540842519685,8.162754483673009,ok
pitcher,2025,K/9,skill,high_innings,IP,100,0,source_specific,"[""RotoWire""]",RotoWire,aaf4adaf0034777bedf9a15d,True,111,1.0909802503524073,1.5560680806949485,0.43121295689318273,0.5638921221981958,0.657817549393321,20.36036036036036,0.1850941850941851,8.586216216216217,8.155003259323033,ok
pitcher,2025,K/9,skill,high_innings,IP,100,0,source_specific,"[""Steamer""]",Steamer,e911235e8abc832652de74c8,True,127,0.8763619829829725,1.0587688151942765,0.23599768139489172,0.7462253103720375,0.734050920468132,20.984251968503937,0.16654168228971378,8.3987521650679,8.162754483673009,ok
pitcher,2025,BB/9,skill,all_matched,IP,0,0,source_specific,"[""ATC""]",ATC,c20819a4198df758967b0b05,True,688,1.255316909884657,2.2590008722281256,-0.566133952498172,0.35958764090755335,0.4753700122820406,152.0406976744186,0.22131105920584948,3.347863720930232,3.9139976734284048,ok
pitcher,2025,BB/9,skill,all_matched,IP,0,0,source_specific,"[""OOPSY""]",OOPSY,fbe72b9bcd9bb92cf804af7f,True,818,1.428428121122692,2.5514881938283103,-0.4191275897261802,0.3067921619783574,0.4400219070244425,188.5036674816626,0.23072664318440955,3.5271001344743276,3.946227724200508,ok
pitcher,2025,BB/9,skill,all_matched,IP,0,0,source_specific,"[""RotoWire""]",RotoWire,681c7f941f74b3064f27accb,True,598,1.556345302224693,2.6410994576916256,-0.3470796755480993,0.16745756401001233,0.32835733225425967,148.78428093645485,0.24921990106608852,3.4634448160535114,3.810524491601611,ok
pitcher,2025,BB/9,skill,all_matched,IP,0,0,source_specific,"[""Steamer""]",Steamer,b4402edefae5f95f3a1381a5,True,791,1.3707480010961828,2.491590627672015,-0.6678637679997483,0.3224916015929831,0.455500029736316,179.98230088495575,0.22782569732272878,3.3155093432387615,3.9833731112385093,ok
pitcher,2025,BB/9,skill,substantial_innings,IP,40,0,source_specific,"[""ATC""]",ATC,c18e23f5b5a5d0d6bb0d2dcf,True,386,0.6153762300414336,0.8227315294373845,0.013271808027896924,0.5239420189366439,0.5458694118582578,79.53886010362694,0.20659444182760245,3.166946139896373,3.153674331868476,ok
pitcher,2025,BB/9,skill,substantial_innings,IP,40,0,source_specific,"[""OOPSY""]",OOPSY,69604057c655bad1a10ba1a4,True,400,0.6419609715839704,0.8286471600725799,0.14214024872521439,0.5335757727659778,0.5503470577517544,84.3875,0.21149749373433585,3.305527775,3.1633875262747857,ok
pitcher,2025,BB/9,skill,substantial_innings,IP,40,0,source_specific,"[""RotoWire""]",RotoWire,b98da8e5a582e3959c67ae05,True,336,0.840546670142169,1.245108858746952,0.07898820394357739,0.3950155929234997,0.5094732093541875,73.38988095238095,0.21907427149964462,3.2122916666666663,3.1333034627230893,ok
pitcher,2025,BB/9,skill,substantial_innings,IP,40,0,source_specific,"[""Steamer""]",Steamer,c8a649c677dce4eac4175dba,True,401,0.6235115537033779,0.812805390025334,-0.02538109087652836,0.5131883009010055,0.531041853679773,85.58104738154613,0.21395261845386532,3.1362760749818768,3.161657165858405,ok
pitcher,2025,BB/9,skill,high_innings,IP,100,0,source_specific,"[""ATC""]",ATC,9b9894af0585d6ecb16dcc87,True,127,0.4623004239620943,0.625201670396205,-0.009827492153094714,0.5997099237203691,0.6427282527184102,22.69291338582677,0.18010248718910135,2.8539817322834646,2.8638092244365594,ok
pitcher,2025,BB/9,skill,high_innings,IP,100,0,source_specific,"[""OOPSY""]",OOPSY,1b6330ea6ee189ea001bfc34,True,127,0.4745973814615406,0.6126165429940701,0.0789615629650155,0.6213196956902565,0.644749484439445,23.653543307086615,0.1877265341832271,2.942770787401575,2.8638092244365594,ok
pitcher,2025,BB/9,skill,high_innings,IP,100,0,source_specific,"[""RotoWire""]",RotoWire,7826aa1d89240ac033ec8425,True,111,0.4975270016006895,0.7103277662824732,-0.027034067832262455,0.5600199342991943,0.6214152834745421,20.126126126126128,0.18296478296478297,2.795315315315315,2.822349383147578,ok
pitcher,2025,BB/9,skill,high_innings,IP,100,0,source_specific,"[""Steamer""]",Steamer,bc6069f9f593f5062dfd792e,True,127,0.47960521687922136,0.6185544088686449,-0.026905369312594865,0.6002550304025873,0.6273434570678665,24.598425196850393,0.19522559680039994,2.8369038551239645,2.8638092244365594,ok
pitcher,2025,HR/9,skill,all_matched,IP,0,0,source_specific,"[""ATC""]",ATC,2cdd18d26873a4cfc4853261,True,688,0.6084605993319085,0.9749776443090213,-0.16293686331021126,0.20034063053535114,0.2962625306718892,183.90116279069767,0.26768728208252934,1.1344423968023256,1.297379260112537,ok
pitcher,2025,HR/9,skill,all_matched,IP,0,0,source_specific,"[""OOPSY""]",OOPSY,90ed6ef9b37e8388e42b58e4,True,818,0.7201637752094441,1.2605994228488215,-0.20016705867330079,0.32222352701000034,0.25762218150913957,221.99388753056235,0.2717183445906516,1.1395143569682151,1.339681415641516,ok
pitcher,2025,HR/9,skill,all_matched,IP,0,0,source_specific,"[""RotoWire""]",RotoWire,fc9b206632bbb02f4b8b21ac,True,598,0.7696582166959806,1.257211489900028,-0.08133318750169168,0.08341486009673221,0.18162043885019244,171.60702341137124,0.28744895043780777,1.1946153846153846,1.2759485721170762,ok
pitcher,2025,HR/9,skill,all_matched,IP,0,0,source_specific,"[""Steamer""]",Steamer,95d93d755295b6ec273c552c,True,791,0.6364589603032333,0.9979304943115809,-0.1241302290861658,0.24222665078085476,0.3080771949084274,209.95322376738307,0.2657635743890925,1.1698457644392017,1.2939759935253674,ok
pitcher,2025,HR/9,skill,substantial_innings,IP,40,0,source_specific,"[""ATC""]",ATC,4b05f9ed99822ca9d94e700f,True,386,0.33872358150280024,0.42507178416374547,0.005677328743938787,0.44071386124621836,0.43180632422082965,93.2279792746114,0.24215059551847118,1.1320835388601036,1.126406210116165,ok
pitcher,2025,HR/9,skill,substantial_innings,IP,40,0,source_specific,"[""OOPSY""]",OOPSY,e4d4b0bf5a816aff252c0848,True,400,0.3370471543198211,0.4252279966237711,-0.037293815062015054,0.4555661074549565,0.4361964090881059,97.4475,0.24422932330827068,1.0899647275,1.127258542562015,ok
pitcher,2025,HR/9,skill,substantial_innings,IP,40,0,source_specific,"[""RotoWire""]",RotoWire,f94045a7c75fe7ac7cfe4479,True,336,0.49252886651470956,0.8730540359183948,0.015060319272262299,0.12542401440035855,0.3016326477834444,90.41071428571429,0.2698827292110874,1.1513988095238095,1.1363384902515472,ok
pitcher,2025,HR/9,skill,substantial_innings,IP,40,0,source_specific,"[""Steamer""]",Steamer,d9db22da485b4a55ace57824,True,401,0.33335190232194584,0.4192467913665448,0.02964600019245684,0.47701306898242135,0.4606573971403709,94.01995012468828,0.2350498753117207,1.1557356606029832,1.1260896604105262,ok
pitcher,2025,HR/9,skill,high_innings,IP,100,0,source_specific,"[""ATC""]",ATC,3e49af6c5ad2950b7e942a54,True,127,0.24860883351056542,0.3082265418402843,0.0016992684856772802,0.46680135401272127,0.4413081177352831,30.078740157480315,0.2387201599800025,1.1926949291338582,1.190995660648181,ok
pitcher,2025,HR/9,skill,high_innings,IP,100,0,source_specific,"[""OOPSY""]",OOPSY,69ba767bdd855ac58b911a16,True,127,0.24395405903307746,0.3006051741361856,-0.05603552678991328,0.5155671125137982,0.44998476752905886,30.078740157480315,0.2387201599800025,1.1349601338582678,1.190995660648181,ok
pitcher,2025,HR/9,skill,high_innings,IP,100,0,source_specific,"[""RotoWire""]",RotoWire,06c08c387e47804c83e9f660,True,111,0.2938164437937678,0.3854903458839956,-0.057767211967449744,0.3240509182273599,0.3971301978331122,27.64864864864865,0.25135135135135134,1.137027027027027,1.1947942389944768,ok
pitcher,2025,HR/9,skill,high_innings,IP,100,0,source_specific,"[""Steamer""]",Steamer,92186ffa398133583bd03a77,True,127,0.2434264285976695,0.3014748643475339,0.012382296518132732,0.4892168627534404,0.43949193850768653,30.708661417322833,0.24371953505811772,1.2033779571663137,1.190995660648181,ok
pitcher,2025,K%,skill,all_matched,IP,0,0,source_specific,"[""ATC""]",ATC,b063c22f1a2b734ea7c236de,True,688,0.03909190125,0.054860646759531825,0.0082937375,0.5227254545071323,0.5300465083679308,142.8997093023256,0.2080053992755831,0.22538535610465116,0.21709161860465118,ok
pitcher,2025,K%,skill,all_matched,IP,0,0,source_specific,"[""OOPSY""]",OOPSY,55f3a641ada32ada7f92dc87,True,818,0.04624863436430318,0.06427528510495586,0.009374918520782396,0.526511098080999,0.5116290387926998,175.56112469437653,0.21488509754513652,0.21791702823960882,0.20854210971882642,ok
pitcher,2025,K%,skill,all_matched,IP,0,0,source_specific,"[""Steamer""]",Steamer,82a01fb3090c62d1637b129b,True,791,0.04256363908954394,0.0584494010512175,0.004662115613353089,0.47851435557944527,0.4785649452780326,177.85461441213653,0.22513242330650193,0.21969024065760087,0.2150281250442478,ok
pitcher,2025,K%,skill,substantial_innings,IP,40,0,source_specific,"[""ATC""]",ATC,5c2ad30780fd4cac5eb4a492,True,386,0.029449245725388602,0.03729864348519453,-0.0003640227720207244,0.7079048744389611,0.6629908446640483,68.94041450777202,0.17906601170849876,0.22969933937823833,0.23006336215025908,ok
pitcher,2025,K%,skill,substantial_innings,IP,40,0,source_specific,"[""OOPSY""]",OOPSY,50b7547c654326c43fde4f0a,True,400,0.030376195225,0.038576617880648555,-0.0028439581750000003,0.6860613904015856,0.6494685322671537,73.6775,0.18465538847117793,0.22718108,0.230025038175,ok
pitcher,2025,K%,skill,substantial_innings,IP,40,0,source_specific,"[""Steamer""]",Steamer,01d27769580ee824c2c29aeb,True,401,0.03075407459090103,0.03885753149868334,-0.0033468216128336656,0.6772193691525282,0.6324747004770532,75.54114713216957,0.18885286783042393,0.226722512252503,0.23006933386533665,ok
pitcher,2025,K%,skill,high_innings,IP,100,0,source_specific,"[""ATC""]",ATC,95ebc5cd423bfdfbd2abf205,True,127,0.02372364929133858,0.02934365114389748,0.005094633700787404,0.7737786474053714,0.7690288713910761,19.275590551181104,0.15298087739032623,0.22211589763779527,0.21702126393700785,ok
pitcher,2025,K%,skill,high_innings,IP,100,0,source_specific,"[""OOPSY""]",OOPSY,a681e7cf84708588a276dae3,True,127,0.024690758582677164,0.029690646504999425,0.0035908935433070868,0.7626848956975892,0.7567725909261342,20.818897637795274,0.16522934633170852,0.22061215748031496,0.21702126393700785,ok
pitcher,2025,K%,skill,high_innings,IP,100,0,source_specific,"[""Steamer""]",Steamer,d33a03b6fa1cd497f2fd0513,True,127,0.024030808380438168,0.029637412593910215,0.0036343904079343963,0.7637318876975348,0.7521149700037495,19.905511811023622,0.15798025246844144,0.22065565434494228,0.21702126393700785,ok
pitcher,2025,BB%,skill,all_matched,IP,0,0,source_specific,"[""ATC""]",ATC,a03ac1c46aeb9b6b72d0046b,True,688,0.026803149811046513,0.04397305601190874,-0.009519635334302326,0.3976150143996152,0.48458039807104875,150.67296511627907,0.21932018211976576,0.0868750972383721,0.09639473257267443,ok
pitcher,2025,BB%,skill,all_matched,IP,0,0,source_specific,"[""OOPSY""]",OOPSY,55a1c5ff555ccc7e0da27a8b,True,818,0.029790497249388755,0.04757322559850925,-0.005295806222493887,0.3643397491935279,0.45838499155327744,185.23471882640587,0.22672548203966447,0.090364302200489,0.09566010842298289,ok
pitcher,2025,BB%,skill,all_matched,IP,0,0,source_specific,"[""Steamer""]",Steamer,22df6be7907f64426708b87f,True,791,0.028993186929032022,0.04659303048440063,-0.011381828221003603,0.37652960240685185,0.46481579994749284,178.07838179519595,0.22541567315847588,0.08588323611527958,0.09726506433628318,ok
pitcher,2025,BB%,skill,substantial_innings,IP,40,0,source_specific,"[""ATC""]",ATC,9c4dc8f70f0fb213d7e6a45f,True,386,0.014847625492227979,0.01972955251229677,-5.944196891191957e-06,0.5453183229539934,0.5651489942555886,77.77720207253886,0.2020187066819191,0.08281139015544041,0.0828173343523316,ok
pitcher,2025,BB%,skill,substantial_innings,IP,40,0,source_specific,"[""OOPSY""]",OOPSY,c7f1094221558fa9366a0b10,True,400,0.0153287359,0.019723044349411998,0.00306416305,0.559723664335465,0.573265287841294,82.2,0.20601503759398496,0.0861649525,0.08310078945,ok
pitcher,2025,BB%,skill,substantial_innings,IP,40,0,source_specific,"[""Steamer""]",Steamer,144aa9053ab68cc3a0830852,True,401,0.015040878983136363,0.019543633761225865,-0.0012173012048834247,0.5378326377978535,0.5556839763317777,83.29675810473816,0.2082418952618454,0.08184176976768516,0.08305907097256858,ok
pitcher,2025,BB%,skill,high_innings,IP,100,0,source_specific,"[""ATC""]",ATC,54dd971af506be08e15997c2,True,127,0.011296327952755906,0.01513825042729457,-0.0003612326771653549,0.5994159411557279,0.6334373732158047,22.755905511811022,0.18060242469691287,0.0750070377952756,0.07536827047244093,ok
pitcher,2025,BB%,skill,high_innings,IP,100,0,source_specific,"[""OOPSY""]",OOPSY,f8b803a8e8b27b033d2ed5d4,True,127,0.011467453307086614,0.0148588866929065,0.001667760236220473,0.6162979964184493,0.64186211371418,23.52755905511811,0.18672665916760406,0.07703603070866143,0.07536827047244093,ok
pitcher,2025,BB%,skill,high_innings,IP,100,0,source_specific,"[""Steamer""]",Steamer,96a6a2b0ed4efbd278710a9c,True,127,0.011588082656685348,0.015019539269677255,-0.0011655072807543257,0.5981604348286291,0.6198951008500229,24.456692913385826,0.19410073740782402,0.07420276319168663,0.07536827047244093,ok
pitcher,2025,K-BB%,skill,all_matched,IP,0,0,source_specific,"[""ATC""]",ATC,b6531e7a2124b0d98d4eb65c,True,688,0.05269895972871283,0.07697368734146091,0.017813366126122353,0.40223782330027397,0.44013362366595143,160.625,0.23380640465793304,0.13851025292844793,0.12069688680232558,ok
pitcher,2025,K-BB%,skill,all_matched,IP,0,0,source_specific,"[""OOPSY""]",OOPSY,613290464d7d6b68d4d7e3c4,True,818,0.058784254299967496,0.08522186499877066,0.0146707291273287,0.3963698971555405,0.41551955993445144,196.1723716381418,0.24011306198058974,0.1275527310833189,0.11288200195599021,ok
pitcher,2025,K-BB%,skill,all_matched,IP,0,0,source_specific,"[""Steamer""]",Steamer,27d236458437d38d5a5b3d70,True,791,0.0563304803484736,0.08201300980325739,0.016043943164318765,0.3647844140589708,0.3917811086753562,193.44247787610618,0.24486389604570402,0.13380700454232128,0.11776306137800252,ok
pitcher,2025,K-BB%,skill,substantial_innings,IP,40,0,source_specific,"[""ATC""]",ATC,c8da18add334882d54874356,True,386,0.03446561562870786,0.04354656523100144,-0.0003581015431930366,0.6235786299585407,0.5746793984690247,79.88082901554404,0.20748267276764684,0.1468879269542163,0.14724602849740934,ok
pitcher,2025,K-BB%,skill,substantial_innings,IP,40,0,source_specific,"[""OOPSY""]",OOPSY,aaf6119b4b7f7a28bf3b3b86,True,400,0.03595534377860873,0.04572000774004654,-0.00590812242007196,0.5908831075733391,0.5480250091091485,85.19,0.21350877192982456,0.14101612695492804,0.146924249375,ok
pitcher,2025,K-BB%,skill,substantial_innings,IP,40,0,source_specific,"[""Steamer""]",Steamer,2d504192fd38f652a79ea47f,True,401,0.03577534016944055,0.04501889385014277,-0.002129521056329294,0.5910292613979342,0.5424864635205903,85.97755610972568,0.2149438902743142,0.14488074248481783,0.14701026354114713,ok
pitcher,2025,K-BB%,skill,high_innings,IP,100,0,source_specific,"[""ATC""]",ATC,e90fe4d5542ddd6988ef4cff,True,127,0.028063457124515818,0.034894646739207925,0.005455821702733904,0.7429832214554559,0.7109287120359955,21.748031496062993,0.1726034245719285,0.1471088156397418,0.14165299393700787,ok
pitcher,2025,K-BB%,skill,high_innings,IP,100,0,source_specific,"[""OOPSY""]",OOPSY,c963a17be6ef9087565955ec,True,127,0.0291859567430346,0.03497994109330855,0.0019231409685631997,0.7341165754173783,0.6898903262092239,22.661417322834644,0.1798525184351956,0.14357613490557108,0.14165299393700787,ok
pitcher,2025,K-BB%,skill,high_innings,IP,100,0,source_specific,"[""Steamer""]",Steamer,961fb41afdafc979e5fda930,True,127,0.028535309818281257,0.03505659999128606,0.004799897216247777,0.7376348236527839,0.7045955193100862,22.125984251968504,0.17560304961879764,0.14645289115325566,0.14165299393700787,ok
pitcher,2025,FIP,skill,all_matched,IP,0,0,source_specific,"[""ATC""]",ATC,508e9edf1c5b30600a519e3a,True,688,1.1064482731939025,1.6862170874324007,-0.4299074836165069,0.30604102189836924,0.3409867316520133,178.8953488372093,0.26040079888967876,4.147565915697674,4.577473399314181,ok
pitcher,2025,FIP,skill,all_matched,IP,0,0,source_specific,"[""OOPSY""]",OOPSY,61908349367a0a0be01d8463,True,818,1.27749986268676,2.133309257157994,-0.48686701047047753,0.41345766241085835,0.33460178603594415,210.74694376528117,0.25795219555113974,4.249480171149144,4.736347181619622,ok
pitcher,2025,FIP,skill,all_matched,IP,0,0,source_specific,"[""Steamer""]",Steamer,4e88b430b7b22fc9ac360785,True,791,1.161737267624707,1.7597144227599768,-0.3924165842497856,0.30879754179772817,0.3320012175481272,204.62958280657395,0.25902478836275183,4.220211441008859,4.612628025258645,ok
pitcher,2025,FIP,skill,substantial_innings,IP,40,0,source_specific,"[""ATC""]",ATC,ee1f21105c25f8657708f6b8,True,386,0.6319741991480573,0.7982797989576238,0.038430847601950896,0.4911845581970533,0.4664518525836892,88.67875647668394,0.2303344324069713,4.054144015544042,4.015713167942091,ok
pitcher,2025,FIP,skill,substantial_innings,IP,40,0,source_specific,"[""OOPSY""]",OOPSY,a5c526476ce0ec91da9b1a7d,True,400,0.6289061724426663,0.8042522455836036,0.027194507840201623,0.4816643817140132,0.45722678534991446,91.4275,0.22914160401002506,4.05051735,4.023322842159798,ok
pitcher,2025,FIP,skill,substantial_innings,IP,40,0,source_specific,"[""Steamer""]",Steamer,efbcf0d6d10bb7ff8ad6f546,True,401,0.6304748278859753,0.7966050154738972,0.068673076870865,0.49939277127057957,0.46759751137037164,91.3067331670823,0.22826683291770575,4.089780990043249,4.021107913172385,ok
pitcher,2025,FIP,skill,high_innings,IP,100,0,source_specific,"[""ATC""]",ATC,c44af8d88c6ecd2ec086e176,True,127,0.4828448096509777,0.6085139960499453,-0.012795765749923296,0.5993151758558144,0.5767072084739407,25.653543307086615,0.20359955005624297,4.100961023622047,4.113756789371971,ok
pitcher,2025,FIP,skill,high_innings,IP,100,0,source_specific,"[""OOPSY""]",OOPSY,245e66cf431cb4c2bfa9e2b8,True,127,0.4822981779733746,0.6031396425179903,-0.0593834035451989,0.6101736796322466,0.5830814116985377,25.73228346456693,0.20422447194100737,4.054373385826772,4.113756789371971,ok
pitcher,2025,FIP,skill,high_innings,IP,100,0,source_specific,"[""Steamer""]",Steamer,c47a90f76311537c4e88b2cf,True,127,0.48159643743489355,0.6072993429847466,-0.0018101819503433976,0.5988879774946573,0.5712996812898388,26.094488188976378,0.20709911261092365,4.111946607421627,4.113756789371971,ok
pitcher,2025,BABIP,skill,all_matched,IP,0,0,source_specific,"[""ATC""]",ATC,faf74b00164a75fb8b4008d6,True,688,0.044554854665967716,0.06534506329191497,-0.0013140014076064512,0.0743805581739328,0.11545550452298145,209.5174418604651,0.30497444230053145,0.2937523590116279,0.29506636041923434,ok
pitcher,2025,BABIP,skill,all_matched,IP,0,0,source_specific,"[""OOPSY""]",OOPSY,c768f512abe51d1b4b51a993,True,818,0.05488958055047639,0.08453235301856818,-0.013467838320210673,0.0936259960056698,0.15309618131223116,244.96943765281173,0.29984019296549785,0.28681401711491444,0.3002818554351251,ok
pitcher,2025,BABIP,skill,all_matched,IP,0,0,source_specific,"[""Steamer""]",Steamer,853ab4b2d85285b326fffb7d,True,791,0.05157288704299475,0.07766296183887604,-0.0023998793534106746,0.06534952269462978,0.1285205399758503,242.93299620733248,0.3075101217814335,0.29487476673649526,0.29727464608990595,ok
pitcher,2025,BABIP,skill,substantial_innings,IP,40,0,source_specific,"[""ATC""]",ATC,a2286111a7738383c3e075bf,True,386,0.028273228014536845,0.03558940293804789,0.008547625478248383,0.1920685196008951,0.19248698111863488,112.44300518134715,0.2920597537177848,0.29275319430051816,0.28420556882226977,ok
pitcher,2025,BABIP,skill,substantial_innings,IP,40,0,source_specific,"[""OOPSY""]",OOPSY,38aae0239cb59234cc0e990f,True,400,0.027460265970016114,0.03452029804969039,0.003243465991626651,0.2645545584637017,0.2544104581913137,111.105,0.27845864661654135,0.28676962,0.28352615400837333,ok
pitcher,2025,BABIP,skill,substantial_innings,IP,40,0,source_specific,"[""Steamer""]",Steamer,8822c9fa4b0b3d231fe6cab9,True,401,0.02892248621893552,0.03631761568797771,0.011399735921303725,0.2417492082161899,0.20904827803064674,115.356608478803,0.2883915211970075,0.2949020656122989,0.2835023296909952,ok
pitcher,2025,BABIP,skill,high_innings,IP,100,0,source_specific,"[""ATC""]",ATC,357fb9376f1101439a8b83c4,True,127,0.02278192477370477,0.028065829770563537,0.007058219760829135,0.2883480840091651,0.25754045032550466,36.37007874015748,0.2886514185726784,0.2916344409448819,0.28457622118405274,ok
pitcher,2025,BABIP,skill,high_innings,IP,100,0,source_specific,"[""OOPSY""]",OOPSY,fb0bbcec069ff61fc1c8a029,True,127,0.02162043752773252,0.02695379550541715,0.00497188905216772,0.35849472388734566,0.34491102160380815,32.68503937007874,0.2594050743657043,0.28954811023622046,0.28457622118405274,ok
pitcher,2025,BABIP,skill,high_innings,IP,100,0,source_specific,"[""Steamer""]",Steamer,5921e2a127a3e29c59160004,True,127,0.024219144182569294,0.029449473987839977,0.011370220411163348,0.29009185750417316,0.22515382621214014,35.86614173228347,0.28465191851018623,0.29594644159521605,0.28457622118405274,ok
pitcher,2026,W,fantasy_outcome,all_matched,IP,0,0,source_specific,"[""ATC""]",ATC,49dd533bf3f4a0f1eb49ee7a,True,681,2.1876877668135095,2.9693461826662375,0.16506528281938326,0.6214289235808811,0.5873092608160096,134.6079295154185,0.19795283752267429,3.62468349133627,3.4596182085168867,ok
pitcher,2026,W,fantasy_outcome,all_matched,IP,0,0,source_specific,"[""Depth Charts""]",Depth Charts,f21650c4d88dbbfaab0ba92a,True,666,2.2462462462462462,3.0094944853009875,0.5135135135135135,0.6239164648604991,0.5920955061619371,127.1036036036036,0.19113323850165956,4.031531531531532,3.518018018018018,ok
pitcher,2026,W,fantasy_outcome,all_matched,IP,0,0,source_specific,"[""OOPSY""]",OOPSY,f69545dffad728bee0c6ebb9,True,796,1.9912060301507537,2.8108279507725515,0.45603015075376885,0.6694478136011344,0.6392167977324934,144.10804020100502,0.1812679750956038,3.4949748743718594,3.0389447236180906,ok
pitcher,2026,W,fantasy_outcome,all_matched,IP,0,0,source_specific,"[""RotoWire""]",RotoWire,4e3a5b42e44b2473a3ccb178,True,713,2.096774193548387,3.06200531969494,-0.06591865357643759,0.6116959197950214,0.5786150537864797,137.03085553997195,0.19245906676962352,2.97054698457223,3.0364656381486674,ok
pitcher,2026,W,fantasy_outcome,all_matched,IP,0,0,source_specific,"[""Steamer""]",Steamer,132e3f294572344f5caf7844,True,799,1.9507136420525657,2.76142624153884,0.25605306633291613,0.6708270720026387,0.6496903879721707,143.23654568210262,0.17949441814799827,3.2835874843554445,3.0275344180225283,ok
pitcher,2026,W,fantasy_outcome,substantial_innings,IP,40,0,source_specific,"[""ATC""]",ATC,c8d25bc492981f08a96355e3,True,381,2.6109365485564306,3.373102302364546,-0.6724823070866142,0.5329389535719777,0.480268236063186,87.14960629921259,0.22934106920845418,4.87082477952756,5.543307086614173,ok
pitcher,2026,W,fantasy_outcome,substantial_innings,IP,40,0,source_specific,"[""Depth Charts""]",Depth Charts,4970e68eb77a9d4fad870538,True,381,2.5039370078740157,3.265986323710904,-0.27296587926509186,0.5436876490065919,0.5055258290613543,83.44881889763779,0.21960215499378366,5.254593175853018,5.52755905511811,ok
pitcher,2026,W,fantasy_outcome,substantial_innings,IP,40,0,source_specific,"[""OOPSY""]",OOPSY,05b2c693981d1c05ba3508c2,True,388,2.479381443298969,3.2609846087580205,-0.13402061855670103,0.556081399325791,0.5168818501276943,83.8917525773196,0.2167745544633581,5.335051546391752,5.469072164948454,ok
pitcher,2026,W,fantasy_outcome,substantial_innings,IP,40,0,source_specific,"[""RotoWire""]",RotoWire,f8354f7497c66928ba5631cb,True,346,2.921965317919075,3.763607296782312,-0.8121387283236994,0.4920311938283144,0.4336134275725086,82.28612716763006,0.23851051352936248,4.664739884393064,5.476878612716763,ok
pitcher,2026,W,fantasy_outcome,substantial_innings,IP,40,0,source_specific,"[""Steamer""]",Steamer,45f34400f55581ce64e64961,True,387,2.548500516795866,3.2871042108200186,-0.3895330749354005,0.5554715091619784,0.5153585214935477,83.89664082687338,0.21734881043231447,5.093671059431525,5.483204134366925,ok
pitcher,2026,W,fantasy_outcome,high_innings,IP,100,0,source_specific,"[""ATC""]",ATC,b1b44cd4e6285184e5c844e4,True,141,3.478134645390071,4.172225273970157,-1.1786702482269504,0.2751699293776683,0.2451079662822307,41.60283687943262,0.29716312056737587,7.473812021276596,8.652482269503546,ok
pitcher,2026,W,fantasy_outcome,high_innings,IP,100,0,source_specific,"[""Depth Charts""]",Depth Charts,68f4f7ecfcd546ab2b80f444,True,140,3.2857142857142856,3.989271326230608,-0.7714285714285715,0.2768672054508989,0.2747038769605482,39.635714285714286,0.2851490236382323,7.885714285714286,8.657142857142857,ok
pitcher,2026,W,fantasy_outcome,high_innings,IP,100,0,source_specific,"[""OOPSY""]",OOPSY,8f599a55c88c9fbd512181fa,True,140,3.2285714285714286,3.9946392649578333,-0.6142857142857143,0.29956686278344624,0.2711820993294362,39.15,0.2816546762589928,8.042857142857143,8.657142857142857,ok
pitcher,2026,W,fantasy_outcome,high_innings,IP,100,0,source_specific,"[""RotoWire""]",RotoWire,e08b0a87b66aa07505064ff0,True,127,3.874015748031496,4.6533367927850025,-1.4488188976377954,0.25883630728604645,0.2309008836732122,37.30708661417323,0.29608798900137484,7.283464566929134,8.73228346456693,ok
pitcher,2026,W,fantasy_outcome,high_innings,IP,100,0,source_specific,"[""Steamer""]",Steamer,291ccfed6dd15a9d261ed925,True,141,3.2963063829787234,3.9638149255268957,-0.7209531914893617,0.27985423484879657,0.2606214281371339,40.92198581560284,0.2922998986828774,7.931529078014185,8.652482269503546,ok
pitcher,2026,SV,fantasy_outcome,all_matched,IP,0,0,source_specific,"[""ATC""]",ATC,c8d6900b957c476fb6f84104,True,681,1.6164694643259914,4.432314590852283,-0.1756266473627019,0.66013372604366,0.5037162094442631,117.74008810572687,0.1731471883907748,1.6261354671747432,1.801762114537445,ok
pitcher,2026,SV,fantasy_outcome,all_matched,IP,0,0,source_specific,"[""Depth Charts""]",Depth Charts,8c8e5a3f3dc1144715872be6,True,666,1.6396396396396395,4.605128359471341,-0.3213213213213213,0.6397228428622636,0.50310028874668,109.06756756756756,0.16401137980085348,1.521021021021021,1.8423423423423424,ok
pitcher,2026,SV,fantasy_outcome,all_matched,IP,0,0,source_specific,"[""OOPSY""]",OOPSY,4a4b8077d315d7542125e18d,True,796,1.4057788944723617,4.220522961713603,-0.3027638190954774,0.6438944401088589,0.4955859579143026,124.91331658291458,0.15712366865775418,1.2726130653266332,1.5753768844221105,ok
pitcher,2026,SV,fantasy_outcome,all_matched,IP,0,0,source_specific,"[""RotoWire""]",RotoWire,4f5cd25badbf4e7d498bc2d9,True,713,1.5063113604488079,4.06503925928436,0.056100981767180924,0.6499775602905191,0.4518032352905448,103.51051893408135,0.14537994232314796,1.5455820476858344,1.4894810659186535,ok
pitcher,2026,SV,fantasy_outcome,all_matched,IP,0,0,source_specific,"[""Steamer""]",Steamer,d2e39c6e248d365c1a012cf3,True,799,1.3987434292866083,4.21850740913788,-0.2913266583229036,0.6426653791351983,0.4985743751430234,123.89612015018774,0.15525829592755355,1.2731289111389237,1.5644555694618272,ok
pitcher,2026,SV,fantasy_outcome,substantial_innings,IP,40,0,source_specific,"[""ATC""]",ATC,4589532042d80b29a81ef582,True,381,2.062295513070866,5.050337329259553,-0.7682850120209974,0.7197961037139434,0.6327119291358654,52.08661417322835,0.13707003729796935,2.095232048346457,2.863517060367454,ok
pitcher,2026,SV,fantasy_outcome,substantial_innings,IP,40,0,source_specific,"[""Depth Charts""]",Depth Charts,9f52d8d1f86c2fd74c22ad09,True,381,2.1076115485564304,5.191098781730106,-0.926509186351706,0.7030874437696947,0.5689425955071151,67.92125984251969,0.17874015748031497,1.9396325459317585,2.8661417322834644,ok
pitcher,2026,SV,fantasy_outcome,substantial_innings,IP,40,0,source_specific,"[""OOPSY""]",OOPSY,59d23176f01a6cd68181a8c7,True,388,2.082474226804124,5.146312862863492,-0.9226804123711341,0.7035171125363463,0.5650303772852293,69.64432989690722,0.17995950877753805,1.9046391752577319,2.827319587628866,ok
pitcher,2026,SV,fantasy_outcome,substantial_innings,IP,40,0,source_specific,"[""RotoWire""]",RotoWire,b2b78df6a57541b64323b5b6,True,346,2.086705202312139,5.0591872590904705,-0.4797687861271676,0.6952413385637426,0.5686177608024885,56.75722543352601,0.16451369690877105,2.208092485549133,2.6878612716763004,ok
pitcher,2026,SV,fantasy_outcome,substantial_innings,IP,40,0,source_specific,"[""Steamer""]",Steamer,8faa241f9df2fe6136a3568e,True,387,2.084294573643411,5.166881670445186,-0.9041963824289405,0.7013616713821472,0.5686180078020008,68.78036175710594,0.1781874656919843,1.920093023255814,2.8242894056847545,ok
pitcher,2026,SV,fantasy_outcome,high_innings,IP,100,0,source_specific,"[""ATC""]",ATC,4c39d1f357841ad3bdc49756,True,141,0.3638954762411348,1.7471256711300234,-0.058355583333333315,-0.0020689302156527162,0.15869729961711918,12.879432624113475,0.09199594731509625,0.16859477127659575,0.22695035460992907,ok
pitcher,2026,SV,fantasy_outcome,high_innings,IP,100,0,source_specific,"[""Depth Charts""]",Depth Charts,847c5f53463564c76c2a068e,True,140,0.34285714285714286,1.3469542361512192,-0.08571428571428572,0.01201731432928806,0.1027172539831657,13.585714285714285,0.09773895169578622,0.14285714285714285,0.22857142857142856,ok
pitcher,2026,SV,fantasy_outcome,high_innings,IP,100,0,source_specific,"[""OOPSY""]",OOPSY,d38b72431917a9b1b896e500,True,140,0.34285714285714286,1.3469542361512192,-0.08571428571428572,0.01201731432928806,0.1027172539831657,13.585714285714285,0.09773895169578622,0.14285714285714285,0.22857142857142856,ok
pitcher,2026,SV,fantasy_outcome,high_innings,IP,100,0,source_specific,"[""RotoWire""]",RotoWire,94adadd9693d7288dceed024,True,127,0.33070866141732286,1.4634658463608117,-0.06299212598425197,0.02945708529774638,0.2284424434206568,11.007874015748031,0.08736407949006374,0.15748031496062992,0.2204724409448819,ok
pitcher,2026,SV,fantasy_outcome,high_innings,IP,100,0,source_specific,"[""Steamer""]",Steamer,6e160d7ff712b8542586a2b4,True,141,0.34292907801418443,1.3531857053603134,-0.08260283687943262,0.01583751022950781,0.10303448714299976,13.595744680851064,0.09711246200607904,0.14434751773049645,0.22695035460992907,ok
pitcher,2026,SO,fantasy_outcome,all_matched,IP,0,0,source_specific,"[""ATC""]",ATC,9d2404a0cf67e1699098610d,True,681,27.13957629955947,37.370173074780475,4.251324317180616,0.7114637042884853,0.6488427351329281,121.48458149779735,0.17865379632029021,61.44222005873715,57.19089574155653,ok
pitcher,2026,SO,fantasy_outcome,all_matched,IP,0,0,source_specific,"[""Depth Charts""]",Depth Charts,8382e54a056577698668fe27,True,666,28.153153153153152,38.56588294499851,8.666666666666666,0.7062486144334179,0.6475656615863955,120.58558558558559,0.18133170764749712,66.88438438438439,58.21771771771772,ok
pitcher,2026,SO,fantasy_outcome,all_matched,IP,0,0,source_specific,"[""OOPSY""]",OOPSY,1e46bbeba6c4e1fdc8dbd129,True,796,25.584170854271356,36.00922899569389,5.991206030150754,0.7448223844344258,0.6973453363231208,135.07663316582915,0.16990771467399893,56.82663316582914,50.835427135678394,ok
pitcher,2026,SO,fantasy_outcome,all_matched,IP,0,0,source_specific,"[""RotoWire""]",RotoWire,0ae3a25b23c4151d4bdff275,True,713,27.629635343618514,39.31292907283957,1.9661290322580645,0.7067112295496122,0.6378153593300803,130.16690042075737,0.18281868036623228,52.740322580645156,50.774193548387096,ok
pitcher,2026,SO,fantasy_outcome,all_matched,IP,0,0,source_specific,"[""Steamer""]",Steamer,318d200cf0b689a4db53b6a3,True,799,25.88551639549437,36.85634070479984,6.002902127659574,0.7390476601298688,0.6991119114963332,134.79224030037548,0.16891258183004446,56.673740675844805,50.67083854818523,ok
pitcher,2026,SO,fantasy_outcome,substantial_innings,IP,40,0,source_specific,"[""ATC""]",ATC,7d317ffa662d3e9acaed009e,True,381,28.94167223097113,38.28183097729236,-8.125859632545932,0.6844982414680587,0.6185146490076868,71.91601049868767,0.18925265920707282,80.98700125984253,89.11286089238845,ok
pitcher,2026,SO,fantasy_outcome,substantial_innings,IP,40,0,source_specific,"[""Depth Charts""]",Depth Charts,5c762e140ca3d7c2a1691812,True,381,28.00262467191601,37.46932253502318,-2.8897637795275593,0.6857856857308609,0.6312429856666615,70.55380577427822,0.1856679099323111,85.96587926509186,88.85564304461943,ok
pitcher,2026,SO,fantasy_outcome,substantial_innings,IP,40,0,source_specific,"[""OOPSY""]",OOPSY,30bff6d4acc2d02d4f5a83b7,True,388,28.422680412371133,37.469781639108525,-3.015463917525773,0.6959058598856548,0.6414582454538624,71.01804123711341,0.18350915048349717,85.18556701030928,88.20103092783505,ok
pitcher,2026,SO,fantasy_outcome,substantial_innings,IP,40,0,source_specific,"[""RotoWire""]",RotoWire,246aef3909d952eec40a2ff0,True,346,32.515202312138726,43.332335127824095,-7.416936416184972,0.6473203747760748,0.6026736008637106,66.51156069364161,0.19278713244533802,81.0021387283237,88.41907514450867,ok
pitcher,2026,SO,fantasy_outcome,substantial_innings,IP,40,0,source_specific,"[""Steamer""]",Steamer,274bcabbdb66bb843befd91d,True,387,29.13817467700258,39.17061280557319,-2.383878036175711,0.6760328291597132,0.6239128028750026,72.2609819121447,0.18720461635270647,86.09674211886305,88.48062015503876,ok
pitcher,2026,SO,fantasy_outcome,high_innings,IP,100,0,source_specific,"[""ATC""]",ATC,57d34af381273d7ee396daba,True,141,38.194412765957445,48.06654818694539,-17.076629787234044,0.48767834524180653,0.5035894864681423,31.26950354609929,0.22335359675785207,118.59003687943262,135.66666666666666,ok
pitcher,2026,SO,fantasy_outcome,high_innings,IP,100,0,source_specific,"[""Depth Charts""]",Depth Charts,5021f20675ed4d491854e80b,True,140,36.19285714285714,46.09144637100715,-11.57857142857143,0.4899462628060327,0.5114977976278251,30.835714285714285,0.22183967112024666,123.95714285714286,135.53571428571428,ok
pitcher,2026,SO,fantasy_outcome,high_innings,IP,100,0,source_specific,"[""OOPSY""]",OOPSY,26d347f118f8ccc0e2da593c,True,140,36.22142857142857,45.729874574193055,-10.478571428571428,0.507100489069049,0.5303989328069695,30.34285714285714,0.21829393627954777,125.05714285714286,135.53571428571428,ok
pitcher,2026,SO,fantasy_outcome,high_innings,IP,100,0,source_specific,"[""RotoWire""]",RotoWire,4d52441daf3f455d4836a158,True,127,40.65937007874015,52.584943400568044,-12.234173228346457,0.3955672360904395,0.43327566228874625,30.559055118110237,0.24253218347706537,124.29338582677165,136.5275590551181,ok
pitcher,2026,SO,fantasy_outcome,high_innings,IP,100,0,source_specific,"[""Steamer""]",Steamer,0329cb341d0eb7e6d923c142,True,141,37.40019007092199,47.82632251695298,-9.704184397163122,0.46983351239575527,0.4911732026506308,31.836879432624112,0.2274062816616008,125.96248226950354,135.66666666666666,ok
pitcher,2026,ERA,fantasy_outcome,all_matched,IP,0,0,source_specific,"[""ATC""]",ATC,16c2f45e57cbf024eb8fd9cd,True,681,1.6930493870012588,3.112722128257167,-0.6980304594430965,0.1936806195000959,0.2635767115856749,185.9574155653451,0.2734667875960957,4.205262511013216,4.903292970456312,ok
pitcher,2026,ERA,fantasy_outcome,all_matched,IP,0,0,source_specific,"[""Depth Charts""]",Depth Charts,899f627b520519b9e08837e3,True,666,1.6437442846171888,3.0630521967629063,-0.7005548486606624,0.1842292921696594,0.2649426744141808,181.56156156156158,0.273024904603852,4.152933408408408,4.853488257069071,ok
pitcher,2026,ERA,fantasy_outcome,all_matched,IP,0,0,source_specific,"[""OOPSY""]",OOPSY,a40bed77c6bf13b19fbbee24,True,796,1.9840408990590832,3.8805172978435416,-0.8697174226595795,0.24871095604707452,0.27478575862348864,215.17964824120602,0.27066622420277486,4.2124772864321605,5.08219470909174,ok
pitcher,2026,ERA,fantasy_outcome,all_matched,IP,0,0,source_specific,"[""RotoWire""]",RotoWire,0ec11993e816dc8fe82fcab9,True,713,2.0833365218849798,3.799723165010107,-0.6941655829309712,0.05353331053254194,0.13496989114674351,213.88218793828892,0.3003963313740013,4.389509116409537,5.083674699340508,ok
pitcher,2026,ERA,fantasy_outcome,all_matched,IP,0,0,source_specific,"[""Steamer""]",Steamer,c934d0920131b26000677943,True,799,1.9990113493708392,3.926668388428793,-0.9190362763959652,0.19657420619926946,0.23645875395605137,223.33541927409263,0.2798689464587627,4.174216345431789,5.093252621827755,ok
pitcher,2026,ERA,fantasy_outcome,substantial_innings,IP,40,0,source_specific,"[""ATC""]",ATC,3f3492297b36ad251ba51ab2,True,381,0.8661662700880918,1.0798881787342292,0.13923725688850996,0.40395609274908145,0.3722254207928521,95.71916010498688,0.25189252659207073,4.121328792650919,3.9820915357624087,ok
pitcher,2026,ERA,fantasy_outcome,substantial_innings,IP,40,0,source_specific,"[""Depth Charts""]",Depth Charts,5b699a1d5009a5c7915ec218,True,381,0.8658647155343764,1.0835116287729103,0.10005882029068097,0.3962654092924406,0.36960447332668955,94.65879265091864,0.2491020859234701,4.077173622047244,3.977114801756563,ok
pitcher,2026,ERA,fantasy_outcome,substantial_innings,IP,40,0,source_specific,"[""OOPSY""]",OOPSY,2110a4fc3bfb56285de3823e,True,388,0.8608105642398711,1.071952996819105,0.07078784682277056,0.4149087201953098,0.37701560993934224,98.29381443298969,0.2539891845813687,4.042706391752577,3.9719185449298067,ok
pitcher,2026,ERA,fantasy_outcome,substantial_innings,IP,40,0,source_specific,"[""RotoWire""]",RotoWire,e4a2447c6f5cc1a1a8b65d3c,True,346,0.9688767140544736,1.2617477341695245,0.08646455615756192,0.20402687985059334,0.22961731145161815,97.91907514450867,0.28382340621596713,4.082167630057803,3.9957030739002417,ok
pitcher,2026,ERA,fantasy_outcome,substantial_innings,IP,40,0,source_specific,"[""Steamer""]",Steamer,99dfd7fbcdb4eb13cd6ef539,True,387,0.849694337752298,1.0641517298263312,0.07790028531482443,0.4224350681863851,0.39184779266822456,95.51162790697674,0.24743945053620917,4.05504669250646,3.977146407191636,ok
pitcher,2026,ERA,fantasy_outcome,high_innings,IP,100,0,source_specific,"[""ATC""]",ATC,1eab9684e2fa7456ab872ba5,True,141,0.691946567891733,0.8679659788728086,0.0925791749534189,0.45304016699469873,0.36073462048889077,35.843971631205676,0.2560283687943263,4.140796808510638,4.048217633557219,ok
pitcher,2026,ERA,fantasy_outcome,high_innings,IP,100,0,source_specific,"[""Depth Charts""]",Depth Charts,1c6879b86ac06338b6fe639d,True,140,0.6857750172219791,0.8678366628174142,0.044495569587154435,0.45033333850064194,0.38189411996238876,34.91428571428571,0.2511819116135663,4.094373,4.049877430412845,ok
pitcher,2026,ERA,fantasy_outcome,high_innings,IP,100,0,source_specific,"[""OOPSY""]",OOPSY,60ac99e139470cffd3f9af1a,True,140,0.6997732531951429,0.8685310893323384,0.04121464101572584,0.4682453067905086,0.3787890052699482,35.15714285714286,0.25292908530318603,4.091092071428571,4.049877430412845,ok
pitcher,2026,ERA,fantasy_outcome,high_innings,IP,100,0,source_specific,"[""RotoWire""]",RotoWire,e479329541814ed26f2d4de8,True,127,0.7888779379380964,1.0347151316831324,0.053028174925806346,0.30338362899718024,0.30771732352651476,33.93700787401575,0.2693413323334583,4.0793700787401574,4.026341903814351,ok
pitcher,2026,ERA,fantasy_outcome,high_innings,IP,100,0,source_specific,"[""Steamer""]",Steamer,c51d3ee2b784465de33d49d4,True,141,0.6720209527300638,0.850041998122801,0.05343243736476642,0.4805187739998184,0.4061132753970632,33.63120567375886,0.24022289766970617,4.101650070921986,4.048217633557219,ok
pitcher,2026,WHIP,fantasy_outcome,all_matched,IP,0,0,source_specific,"[""ATC""]",ATC,4a786e92794e583b23fb15d4,True,681,0.27475013916116686,0.4723676407480471,-0.12349801278429942,0.22986380617697125,0.30784850538795866,180.69456681350954,0.26572730413751405,1.3145659089574155,1.4380639217417148,ok
pitcher,2026,WHIP,fantasy_outcome,all_matched,IP,0,0,source_specific,"[""Depth Charts""]",Depth Charts,382f697b9dfcd07d2ed3ab76,True,666,0.26994766487392663,0.4663701917017371,-0.11666279855128027,0.2362244678416656,0.3103932400986938,174.82282282282281,0.26289146289146287,1.3192531066066067,1.435915905157887,ok
pitcher,2026,WHIP,fantasy_outcome,all_matched,IP,0,0,source_specific,"[""OOPSY""]",OOPSY,3524305483ed9d55f4eca7d7,True,796,0.31128882301077165,0.5590240423326124,-0.12988133536406712,0.227468804634306,0.28896858234198614,213.33668341708542,0.2683480294554534,1.333103777638191,1.462985113002258,ok
pitcher,2026,WHIP,fantasy_outcome,all_matched,IP,0,0,source_specific,"[""RotoWire""]",RotoWire,3ffc9a9db812f6c12f95bf1c,True,713,0.34161172497592585,0.5625613780462656,-0.12722787920813222,0.09377897856335107,0.16743210921571047,210.4656381486676,0.2955978063885781,1.334039270687237,1.4612671498953693,ok
pitcher,2026,WHIP,fantasy_outcome,all_matched,IP,0,0,source_specific,"[""Steamer""]",Steamer,60dffb465b89d2983b140109,True,799,0.3154476455864705,0.5609951514021657,-0.12248538014436305,0.21979813928710962,0.2630766001691013,217.49436795994993,0.2725493332831453,1.3437376846057574,1.4662230647501202,ok
pitcher,2026,WHIP,fantasy_outcome,substantial_innings,IP,40,0,source_specific,"[""ATC""]",ATC,9226a28e53b39cec28b380fc,True,381,0.1430389249897226,0.1822068884057973,0.017631076520058856,0.37837692749630547,0.3517709162132094,97.02362204724409,0.2553253211769581,1.2905977270341207,1.272966650514062,ok
pitcher,2026,WHIP,fantasy_outcome,substantial_innings,IP,40,0,source_specific,"[""Depth Charts""]",Depth Charts,cc14f9c31ed409fcde94b9b1,True,381,0.14508448525586562,0.18480578158565755,0.026498228131348764,0.37299867149907645,0.35989720598195396,96.91863517060368,0.2550490399226413,1.298699498687664,1.2722012705563153,ok
pitcher,2026,WHIP,fantasy_outcome,substantial_innings,IP,40,0,source_specific,"[""OOPSY""]",OOPSY,be058641160b9c04c11886db,True,388,0.14559923854885415,0.18374099329062415,0.025113063266745266,0.3889263052156977,0.3743649147914184,98.00515463917526,0.25324329364127973,1.294716925257732,1.2696038619909866,ok
pitcher,2026,WHIP,fantasy_outcome,substantial_innings,IP,40,0,source_specific,"[""RotoWire""]",RotoWire,7834ea4ad2c21a66553f770a,True,346,0.1698606793349799,0.21680562228057715,-0.002785341808835538,0.22147464674831538,0.2480242847125109,97.81502890173411,0.28352182290357714,1.2669364161849712,1.2697217579938067,ok
pitcher,2026,WHIP,fantasy_outcome,substantial_innings,IP,40,0,source_specific,"[""Steamer""]",Steamer,c382915607a9a603171dba70,True,387,0.14830048960355102,0.18712335584169568,0.04157711713788646,0.36806699100632806,0.35134070704827314,99.2015503875969,0.25699883520102823,1.3121660981912144,1.270588981053328,ok
pitcher,2026,WHIP,fantasy_outcome,high_innings,IP,100,0,source_specific,"[""ATC""]",ATC,d7ec9a1bdc705e28dee7c6b1,True,141,0.11521396347137317,0.14756086846791644,0.008701021800938144,0.43886858145285323,0.4182846207937461,34.4113475177305,0.2457953394123607,1.2716880283687944,1.2629870065678563,ok
pitcher,2026,WHIP,fantasy_outcome,high_innings,IP,100,0,source_specific,"[""Depth Charts""]",Depth Charts,e828e1c04fb5e33648fd5b53,True,140,0.11412133225112564,0.1466963125927743,0.016964462966580517,0.4523304786415209,0.4384759538955061,33.892857142857146,0.24383350462487155,1.2800251142857144,1.2630606513191338,ok
pitcher,2026,WHIP,fantasy_outcome,high_innings,IP,100,0,source_specific,"[""OOPSY""]",OOPSY,6166425f05bcaaebb2a66ebc,True,140,0.11745420708806402,0.1503852758744324,0.017218212966580524,0.4363803849554342,0.4207150737085387,34.357142857142854,0.24717368961973277,1.2802788642857144,1.2630606513191338,ok
pitcher,2026,WHIP,fantasy_outcome,high_innings,IP,100,0,source_specific,"[""RotoWire""]",RotoWire,1beb812afac7505d74e77d14,True,127,0.1449281997789774,0.1840173710843557,0.0012134998188713397,0.3115763864257935,0.3202930770296726,34.77952755905512,0.27602799650043747,1.2626771653543307,1.2614636655354594,ok
pitcher,2026,WHIP,fantasy_outcome,high_innings,IP,100,0,source_specific,"[""Steamer""]",Steamer,1c4d7d77df529cb51db01304,True,141,0.1177078036318371,0.15126175100446848,0.0352315749924275,0.4337526864444912,0.43343557822590484,34.312056737588655,0.24508611955420467,1.2982185815602838,1.2629870065678563,ok
pitcher,2026,QS,fantasy_outcome,all_matched,IP,0,0,source_specific,"[""ATC""]",ATC,a63d8c3bce525104d97721f4,True,681,1.5566780208810571,3.1141711271756267,0.34544330516886934,0.7608638854832472,0.783715923341452,91.8898678414097,0.1351321585903084,2.6420659189721,2.2966226138032306,ok
pitcher,2026,QS,fantasy_outcome,all_matched,IP,0,0,source_specific,"[""Depth Charts""]",Depth Charts,4c289a15684f3722c9f2dd30,True,666,1.9039039039039038,3.839106502656411,1.1141141141141142,0.758373289625129,0.8183770745408944,68.09309309309309,0.10239562871141818,3.442942942942943,2.328828828828829,ok
pitcher,2026,QS,fantasy_outcome,all_matched,IP,0,0,source_specific,"[""OOPSY""]",OOPSY,46879d25d7d4ce4f7dcf759f,True,796,1.778894472361809,3.7433357869780197,1.236180904522613,0.77216590934556,0.8100827667393643,70.27010050251256,0.08839006352517303,3.2035175879396984,1.9673366834170853,ok
pitcher,2026,QS,fantasy_outcome,all_matched,IP,0,0,source_specific,"[""RotoWire""]",RotoWire,305f8330eea37d1f85382475,True,713,1.5960729312762973,3.4616715190020337,0.4123422159887798,0.7065238069669187,0.7565589650949905,60.213183730715286,0.08456907827347653,2.429172510518934,2.016830294530154,ok
pitcher,2026,QS,fantasy_outcome,all_matched,IP,0,0,source_specific,"[""Steamer""]",Steamer,17cd5bfd9e07ef947f836462,True,799,1.5359742177722153,3.346567996768666,0.7639739674593242,0.7688442120827449,0.7724129967462566,101.45431789737171,0.12713573671349837,2.736439549436796,1.972465581977472,ok
pitcher,2026,QS,fantasy_outcome,substantial_innings,IP,40,0,source_specific,"[""ATC""]",ATC,96ccfed89ed3ca5692aa6e3a,True,381,2.2017513324934384,3.6816690367017872,0.05452490887139111,0.7602085062612675,0.84853220838172,43.57217847769029,0.11466362757286917,4.096519659527559,4.041994750656168,ok
pitcher,2026,QS,fantasy_outcome,substantial_innings,IP,40,0,source_specific,"[""Depth Charts""]",Depth Charts,e7095a5332940c2101ee7872,True,381,2.611548556430446,4.402635812753258,1.2414698162729658,0.7579228486568573,0.8587328180792854,37.39370078740158,0.09840447575631994,5.251968503937008,4.010498687664042,ok
pitcher,2026,QS,fantasy_outcome,substantial_innings,IP,40,0,source_specific,"[""OOPSY""]",OOPSY,e1a6d8572afa32b7f47ef029,True,388,2.8092783505154637,4.5949322151535235,1.731958762886598,0.7665265868891519,0.8549856323208361,37.29639175257732,0.09637310530381736,5.695876288659794,3.963917525773196,ok
pitcher,2026,QS,fantasy_outcome,substantial_innings,IP,40,0,source_specific,"[""RotoWire""]",RotoWire,7e8e2f66f8f57cd3f4c95080,True,346,2.586705202312139,4.331294911101808,0.18786127167630057,0.696279911377699,0.7794343755583957,37.23699421965318,0.10793331657870486,4.27456647398844,4.086705202312139,ok
pitcher,2026,QS,fantasy_outcome,substantial_innings,IP,40,0,source_specific,"[""Steamer""]",Steamer,54696f4875b6de3235a57838,True,387,2.4764472868217053,4.152772183330169,0.9203594315245478,0.7611529819271499,0.8558726409371907,38.428940568475454,0.09955684085097267,4.920359431524548,4.0,ok
pitcher,2026,QS,fantasy_outcome,high_innings,IP,100,0,source_specific,"[""ATC""]",ATC,eafbf2df7470bde7e0582a54,True,141,4.202148402127659,5.2974608562430054,-1.0548988985815602,0.452887419018974,0.4575363674608764,33.148936170212764,0.23677811550151975,8.555030179432624,9.609929078014185,ok
pitcher,2026,QS,fantasy_outcome,high_innings,IP,100,0,source_specific,"[""Depth Charts""]",Depth Charts,6435eab222044edccd10dc00,True,140,4.821428571428571,5.958787029013779,1.4357142857142857,0.4463054123138151,0.45484873255623665,33.56428571428572,0.24146968139773897,11.042857142857143,9.607142857142858,ok
pitcher,2026,QS,fantasy_outcome,high_innings,IP,100,0,source_specific,"[""OOPSY""]",OOPSY,7dc9553630f6cfdc76ab9915,True,140,4.978571428571429,6.042114104942314,2.3214285714285716,0.4582509557159553,0.4826629182312736,32.5,0.23381294964028776,11.928571428571429,9.607142857142858,ok
pitcher,2026,QS,fantasy_outcome,high_innings,IP,100,0,source_specific,"[""RotoWire""]",RotoWire,727a4e956c4ec366ea0ba144,True,127,4.826771653543307,6.081467912313928,-0.84251968503937,0.37072977639087856,0.3598281352364695,32.25196850393701,0.25596800399950004,8.937007874015748,9.779527559055119,ok
pitcher,2026,QS,fantasy_outcome,high_innings,IP,100,0,source_specific,"[""Steamer""]",Steamer,74541b523c252fbd4b21dcf0,True,141,4.603936170212766,5.696191452974186,0.8516624113475177,0.4639781234228735,0.4696865741969802,33.241134751773046,0.2374366767983789,10.461591489361702,9.609929078014185,ok
pitcher,2026,SV_plus_HLD,fantasy_outcome,all_matched,IP,0,0,source_specific,"[""ATC""]",ATC,8852e1fcd7c9542c08da9820,True,681,3.8199614027694566,6.773454077486841,0.08801052385609395,0.6839418569986173,0.6999351499229605,115.19236417033774,0.16940053554461432,5.509449584061674,5.42143906020558,ok
pitcher,2026,SV_plus_HLD,fantasy_outcome,all_matched,IP,0,0,source_specific,"[""Depth Charts""]",Depth Charts,5097e61a9f57ca4e19d984d6,True,666,3.8873873873873874,6.810057039179399,-0.14564564564564564,0.6662598027658044,0.6836688169645223,119.51501501501501,0.17972182709024814,5.4174174174174174,5.563063063063063,ok
pitcher,2026,SV_plus_HLD,fantasy_outcome,all_matched,IP,0,0,source_specific,"[""OOPSY""]",OOPSY,9bacbbe8a8148a7ab8578a44,True,796,3.4233668341708543,6.299377810865141,-0.292713567839196,0.6796052506084325,0.6314502437059181,145.35929648241205,0.1828418823678139,4.532663316582915,4.825376884422111,ok
pitcher,2026,SV_plus_HLD,fantasy_outcome,all_matched,IP,0,0,source_specific,"[""RotoWire""]",RotoWire,9e35e159bc126a17aa373d41,True,713,3.7489481065918655,7.059057623376812,-0.3015427769985975,0.6605306392649217,0.58565930284985,129.31837307152875,0.18162692847124826,4.424964936886395,4.726507713884993,ok
pitcher,2026,SV_plus_HLD,fantasy_outcome,all_matched,IP,0,0,source_specific,"[""Steamer""]",Steamer,78472f431bb1757cc0ac4d3d,True,799,3.3825309136420523,6.314998182658782,-0.40142953692115146,0.6805011107701309,0.629683186427782,145.85356695869837,0.18277389343195283,4.394565456821026,4.795994993742178,ok
pitcher,2026,SV_plus_HLD,fantasy_outcome,substantial_innings,IP,40,0,source_specific,"[""ATC""]",ATC,7488e6cfe2c50e606dd8075e,True,381,4.0383358823097115,7.163707928029278,-1.6702346561154857,0.7560851233572314,0.8243243230602976,50.729658792650916,0.13349910208592347,6.248400514488189,7.918635170603674,ok
pitcher,2026,SV_plus_HLD,fantasy_outcome,substantial_innings,IP,40,0,source_specific,"[""Depth Charts""]",Depth Charts,e34f34fa3cb980eb48ceecfc,True,381,4.186351706036746,7.262784004502887,-1.8136482939632546,0.7425131218181196,0.7869689897391365,54.98687664041995,0.14470230694847355,6.162729658792651,7.9763779527559056,ok
pitcher,2026,SV_plus_HLD,fantasy_outcome,substantial_innings,IP,40,0,source_specific,"[""OOPSY""]",OOPSY,e0208b9058e1028daf51e9a6,True,388,4.152061855670103,7.208421478117492,-1.8221649484536082,0.7438750373527339,0.7771605005041244,56.47422680412371,0.14592823463597857,6.051546391752577,7.873711340206185,ok
pitcher,2026,SV_plus_HLD,fantasy_outcome,substantial_innings,IP,40,0,source_specific,"[""RotoWire""]",RotoWire,f12b4ff3f45281e6b4fa4e9d,True,346,4.543352601156069,7.881345502921198,-1.9132947976878614,0.7203587508831263,0.6971664592108001,56.320809248554916,0.16324872245957947,5.76878612716763,7.682080924855492,ok
pitcher,2026,SV_plus_HLD,fantasy_outcome,substantial_innings,IP,40,0,source_specific,"[""Steamer""]",Steamer,c3a835707d7ceaf5cfcc0771,True,387,4.127612661498707,7.252861040673742,-1.9043992248062016,0.7435520180259932,0.7779733633097187,56.291989664082685,0.14583417011420385,5.968985788113695,7.873385012919897,ok
pitcher,2026,SV_plus_HLD,fantasy_outcome,high_innings,IP,100,0,source_specific,"[""ATC""]",ATC,c8930d672f3741c286e9ed54,True,141,1.0002977736879433,3.197896235391906,0.1749419280141844,0.16475778614789813,0.2899410062733417,34.38297872340426,0.24559270516717327,0.7565022117021277,0.5815602836879432,ok
pitcher,2026,SV_plus_HLD,fantasy_outcome,high_innings,IP,100,0,source_specific,"[""Depth Charts""]",Depth Charts,cf7a2cb54b80545c7b3e0730,True,140,1.0642857142857143,3.0437289160314056,0.29285714285714287,0.2046663382946706,0.19878877418661173,33.66428571428571,0.24218910585817058,0.8785714285714286,0.5857142857142857,ok
pitcher,2026,SV_plus_HLD,fantasy_outcome,high_innings,IP,100,0,source_specific,"[""OOPSY""]",OOPSY,7e72cde2f92d3b5017daab33,True,140,1.0642857142857143,3.0437289160314056,0.29285714285714287,0.2046663382946706,0.19878877418661173,33.66428571428571,0.24218910585817058,0.8785714285714286,0.5857142857142857,ok
pitcher,2026,SV_plus_HLD,fantasy_outcome,high_innings,IP,100,0,source_specific,"[""RotoWire""]",RotoWire,316b618937af0b7c3182418d,True,127,0.8661417322834646,3.196947362867409,-0.1732283464566929,0.07859825209594214,0.34405060170761265,14.598425196850394,0.1158605174353206,0.4094488188976378,0.5826771653543307,ok
pitcher,2026,SV_plus_HLD,fantasy_outcome,high_innings,IP,100,0,source_specific,"[""Steamer""]",Steamer,49c936045c5067eafa518582,True,141,0.9751148936170212,3.025284075706512,0.15645248226950353,0.20723230886352834,0.18620694162139798,34.241134751773046,0.24457953394123605,0.7380127659574468,0.5815602836879432,ok
pitcher,2026,IP,opportunity,all_matched,IP,0,0,source_specific,"[""ATC""]",ATC,dee03753ee15b5ccfce79371,True,681,25.94496193832599,36.49331118243011,4.775638414096917,0.7314639196420502,0.6570054642486385,117.59471365638767,0.17293340243586422,64.645241938326,59.86960352422907,ok
pitcher,2026,IP,opportunity,all_matched,IP,0,0,source_specific,"[""Depth Charts""]",Depth Charts,6168cf468d268ac7042c0f54,True,666,26.975375375375375,37.77968176618689,9.345645645645645,0.7272387770494142,0.6520563787540742,116.61111111111111,0.17535505430242274,70.26726726726727,60.921621621621625,ok
pitcher,2026,IP,opportunity,all_matched,IP,0,0,source_specific,"[""OOPSY""]",OOPSY,183f4e73353c6ea0458ccaad,True,796,24.710487977386933,35.548472389805376,5.794687148241207,0.7564194108566564,0.6936789590811182,133.49120603015075,0.16791346670459215,59.23300373115578,53.438316582914574,ok
pitcher,2026,IP,opportunity,all_matched,IP,0,0,source_specific,"[""RotoWire""]",RotoWire,fa013e637080584a5d2346c5,True,713,27.11921458625526,38.56874847653581,3.0137447405329594,0.7240197242579075,0.6490721081409917,125.53856942496493,0.1763182154845013,56.684431977559605,53.67068723702664,ok
pitcher,2026,IP,opportunity,all_matched,IP,0,0,source_specific,"[""Steamer""]",Steamer,7e90f6cd1223f3baf30a2ad4,True,799,25.062536170212766,36.39622767944182,6.425907133917397,0.7556143868344848,0.6993751456113924,131.71088861076345,0.16505123886060583,59.69161426783479,53.2657071339174,ok
pitcher,2026,IP,opportunity,substantial_innings,IP,40,0,source_specific,"[""ATC""]",ATC,e4843b9acc7fcf4aeee76a46,True,381,26.50005522309711,36.391495509165615,-8.117898267716535,0.7134929981630161,0.6348813290233692,69.95275590551181,0.18408619975134685,85.09260041994752,93.21049868766403,ok
pitcher,2026,IP,opportunity,substantial_innings,IP,40,0,source_specific,"[""Depth Charts""]",Depth Charts,cb45f03752a52cdd8a7e6305,True,381,25.59790026246719,35.582728270624536,-2.6671916010498675,0.7166309907198412,0.6403259104675191,69.58005249343832,0.18310540129852187,90.26246719160105,92.92965879265091,ok
pitcher,2026,IP,opportunity,substantial_innings,IP,40,0,source_specific,"[""OOPSY""]",OOPSY,b6dcd32c9f1148506ec2e669,True,388,26.093578840206188,36.114133657846786,-3.609558221649484,0.7165551054198931,0.6438314629851571,70.37886597938144,0.181857534830443,88.67059641752577,92.28015463917525,ok
pitcher,2026,IP,opportunity,substantial_innings,IP,40,0,source_specific,"[""RotoWire""]",RotoWire,0d45178ca048ef13b8009bfa,True,346,29.44942196531792,40.60150449958791,-6.856358381502889,0.6764937561009182,0.6236903459009457,64.67341040462428,0.18745916059311385,86.26300578034682,93.1193641618497,ok
pitcher,2026,IP,opportunity,substantial_innings,IP,40,0,source_specific,"[""Steamer""]",Steamer,692828cd7a7bdab0e86d9171,True,387,26.48514392764858,37.404876761706134,-1.9756271317829448,0.7068239191620382,0.6365470463028376,70.56589147286822,0.18281319034421817,90.57915322997415,92.5547803617571,ok
pitcher,2026,IP,opportunity,high_innings,IP,100,0,source_specific,"[""ATC""]",ATC,48db38505b8389749539c41f,True,141,34.60889078014184,44.67782568799118,-19.39033758865248,0.4444880971781904,0.45349547919657945,32.90070921985816,0.2350050658561297,126.28058439716311,145.6709219858156,ok
pitcher,2026,IP,opportunity,high_innings,IP,100,0,source_specific,"[""Depth Charts""]",Depth Charts,975229b921cd528d7687e98c,True,140,32.339999999999996,42.32708521570016,-13.17428571428571,0.43619010254323043,0.4334223476280195,33.385714285714286,0.24018499486125386,132.42857142857142,145.60285714285712,ok
pitcher,2026,IP,opportunity,high_innings,IP,100,0,source_specific,"[""OOPSY""]",OOPSY,2c1a73db2f8c97c1a646cedd,True,140,32.16285714285714,42.36866261080908,-13.131428571428566,0.4346247529308517,0.43351964113118047,33.285714285714285,0.2394655704008222,132.47142857142856,145.60285714285712,ok
pitcher,2026,IP,opportunity,high_innings,IP,100,0,source_specific,"[""RotoWire""]",RotoWire,26c34402b016267cd3243501,True,127,34.96771653543307,46.914352352909155,-15.914173228346453,0.3488768760436407,0.3661496862259003,31.992125984251967,0.25390576177977753,130.46456692913387,146.3787401574803,ok
pitcher,2026,IP,opportunity,high_innings,IP,100,0,source_specific,"[""Steamer""]",Steamer,77d5041c848ca766752dc5a8,True,141,32.67460425531915,43.89641508725864,-10.93280283687943,0.41122774744647705,0.42392642304924555,33.87234042553192,0.2419452887537994,134.73811914893616,145.6709219858156,ok
pitcher,2026,G,opportunity,all_matched,IP,0,0,source_specific,"[""ATC""]",ATC,eb14283f57e46efbeee01cc8,True,681,12.809002143906019,16.92712553936985,3.73310919236417,0.6316217906490241,0.6107729949936245,129.143906020558,0.18991750885376177,32.220627547723936,28.487518355359764,ok
pitcher,2026,G,opportunity,all_matched,IP,0,0,source_specific,"[""Depth Charts""]",Depth Charts,132e3af942eb1faebe2319cd,True,666,15.112612612612613,19.757957305270118,9.5,0.6044005990357495,0.5799199436424526,137.27477477477478,0.20642823274402222,38.61861861861862,29.11861861861862,ok
pitcher,2026,G,opportunity,all_matched,IP,0,0,source_specific,"[""OOPSY""]",OOPSY,ec1954d1df3624c80a61e492,True,796,13.988693467336683,18.77274165234606,6.6042713567839195,0.6531962761052492,0.6407987886488953,149.1105527638191,0.18756044372807434,32.47487437185929,25.87060301507538,ok
pitcher,2026,G,opportunity,all_matched,IP,0,0,source_specific,"[""RotoWire""]",RotoWire,1ce1c5247243839636656853,True,713,14.08976157082749,19.20174138900601,1.6577840112201963,0.5984221181079846,0.5823488028428465,139.45021037868162,0.19585703704871013,27.426367461430576,25.76858345021038,ok
pitcher,2026,G,opportunity,all_matched,IP,0,0,source_specific,"[""Steamer""]",Steamer,dfba8f2c3b8b0a71d8ca4b1c,True,799,13.95901939924906,18.714579817072423,6.501956821026283,0.657553098461642,0.6481457467259143,149.1727158948686,0.1869332279384318,32.21660012515645,25.714643304130163,ok
pitcher,2026,G,opportunity,substantial_innings,IP,40,0,source_specific,"[""ATC""]",ATC,c7fcac358b798a21decf685e,True,381,9.746425196850394,13.48177714741877,-4.065781102362204,0.7351938019839097,0.7018360104770638,62.63779527559055,0.16483630335681723,36.05232913385827,40.118110236220474,ok
pitcher,2026,G,opportunity,substantial_innings,IP,40,0,source_specific,"[""Depth Charts""]",Depth Charts,c3011e6704f513edcb773622,True,381,10.259842519685039,13.50988750387856,1.9343832020997376,0.7214196395539205,0.696605603178237,66.37270341207349,0.17466500897914078,42.202099737532805,40.267716535433074,ok
pitcher,2026,G,opportunity,substantial_innings,IP,40,0,source_specific,"[""OOPSY""]",OOPSY,232386da1c6cd7fed18285eb,True,388,10.597938144329897,14.065384870183673,1.3762886597938144,0.702976210418337,0.6865117907131978,68.15463917525773,0.17611017874743598,41.45876288659794,40.08247422680412,ok
pitcher,2026,G,opportunity,substantial_innings,IP,40,0,source_specific,"[""RotoWire""]",RotoWire,73e9b8ca2bce213d6c321ac8,True,346,11.421965317919074,16.54194178898865,-4.427745664739884,0.6437518100221892,0.6487847879680964,63.17052023121387,0.18310295719192426,35.3121387283237,39.73988439306358,ok
pitcher,2026,G,opportunity,substantial_innings,IP,40,0,source_specific,"[""Steamer""]",Steamer,282cbaaf495adb4e5dbc2308,True,387,10.57692480620155,14.035387943445784,1.4116023255813954,0.7055599292338647,0.6914874204011928,67.78811369509044,0.17561687485774727,41.46069793281654,40.049095607235145,ok
pitcher,2026,G,opportunity,high_innings,IP,100,0,source_specific,"[""ATC""]",ATC,90b75c594501ae50f036ca75,True,141,5.370188794326241,7.627691986781821,-1.1788143262411348,0.22529157279878753,0.13878361772622363,40.234042553191486,0.28738601823708204,27.77154028368794,28.95035460992908,ok
pitcher,2026,G,opportunity,high_innings,IP,100,0,source_specific,"[""Depth Charts""]",Depth Charts,6a5d9bb98e79ba452668e533,True,140,7.321428571428571,10.742771656194822,3.392857142857143,0.18673176206723502,0.10860394748095066,41.15,0.2960431654676259,32.34285714285714,28.95,ok
pitcher,2026,G,opportunity,high_innings,IP,100,0,source_specific,"[""OOPSY""]",OOPSY,20ebf6351a9c3003ac2a456f,True,140,7.321428571428571,10.742771656194822,3.392857142857143,0.18673176206723502,0.10860394748095066,41.15,0.2960431654676259,32.34285714285714,28.95,ok
pitcher,2026,G,opportunity,high_innings,IP,100,0,source_specific,"[""RotoWire""]",RotoWire,328f5c1ea677ecbdf386fbaa,True,127,6.826771653543307,10.562524751869615,-2.0866141732283463,0.011291727432903187,-0.029976868683049843,41.28346456692913,0.32764654418197725,26.834645669291337,28.921259842519685,ok
pitcher,2026,G,opportunity,high_innings,IP,100,0,source_specific,"[""Steamer""]",Steamer,1fd7e8c1f6adaf1ef03cb838,True,141,7.50457659574468,10.998586143853167,3.110458865248227,0.17808513384510036,0.11153321957728558,41.5531914893617,0.2968085106382979,32.060813475177305,28.95035460992908,ok
pitcher,2026,GS,opportunity,all_matched,IP,0,0,source_specific,"[""ATC""]",ATC,8ab7df85eece4457a06d0250,True,681,3.4646512931762112,6.337439609025222,-0.36973157290308367,0.8117080432847846,0.783913523802124,88.48898678414096,0.13013086291785436,6.6126472817224675,6.9823788546255505,ok
pitcher,2026,GS,opportunity,all_matched,IP,0,0,source_specific,"[""Depth Charts""]",Depth Charts,8051718961393ea3e40ae02d,True,666,3.487987987987988,6.50259823330519,-0.06456456456456457,0.8144857039660557,0.7951903169208404,79.06456456456456,0.11889408205197678,7.016516516516517,7.081081081081081,ok
pitcher,2026,GS,opportunity,all_matched,IP,0,0,source_specific,"[""OOPSY""]",OOPSY,8da09926a3080eb7469e30c3,True,796,3.0854271356783918,6.004395374981187,-0.09296482412060302,0.8219313980839774,0.7361607558672041,95.19095477386935,0.11973705003002434,5.964824120603015,6.057788944723618,ok
pitcher,2026,GS,opportunity,all_matched,IP,0,0,source_specific,"[""RotoWire""]",RotoWire,04d1f1a825198ae7b66644c8,True,713,3.305750350631136,6.4173458836767825,-0.03225806451612903,0.8000958662468893,0.7530253082288919,90.30294530154278,0.1268299793560994,6.107994389901823,6.140252454417952,ok
pitcher,2026,GS,opportunity,all_matched,IP,0,0,source_specific,"[""Steamer""]",Steamer,a9035da9f78fdc1be5fc845d,True,799,3.0706479349186484,6.085272090706784,-0.21829474342928648,0.8178707299273469,0.7410319329684654,93.96370463078848,0.11774900329672743,5.839277221526909,6.057571964956195,ok
pitcher,2026,GS,opportunity,substantial_innings,IP,40,0,source_specific,"[""ATC""]",ATC,3b4a1a970cfa10b9be67ee2c,True,381,4.625489086614174,7.178831219853153,-1.6941029968503938,0.8207801233394099,0.8469749123871242,41.724409448818896,0.10980107749689183,10.145792016272965,11.83989501312336,ok
pitcher,2026,GS,opportunity,substantial_innings,IP,40,0,source_specific,"[""Depth Charts""]",Depth Charts,2d676ea52714134af69f1499,True,381,4.517060367454068,7.181011706845928,-1.1154855643044619,0.8255256299491573,0.8374076414884746,48.020997375328086,0.1263710457245476,10.624671916010499,11.740157480314961,ok
pitcher,2026,GS,opportunity,substantial_innings,IP,40,0,source_specific,"[""OOPSY""]",OOPSY,559d8d40f00d8ebfeb02d662,True,388,4.497422680412371,7.16322941626911,-1.152061855670103,0.825661510959207,0.8370372360308316,48.858247422680414,0.12624870135059538,10.443298969072165,11.595360824742269,ok
pitcher,2026,GS,opportunity,substantial_innings,IP,40,0,source_specific,"[""RotoWire""]",RotoWire,c3432d0955e8566e384a7f55,True,346,4.855491329479769,7.544473152216042,-1.092485549132948,0.8031334192258525,0.7974197019226834,48.07514450867052,0.13934824495266818,10.757225433526012,11.84971098265896,ok
pitcher,2026,GS,opportunity,substantial_innings,IP,40,0,source_specific,"[""Steamer""]",Steamer,7134b9c9424fb7b978cf6b02,True,387,4.5699609819121445,7.313583950891942,-1.2516147286821704,0.8189622327348319,0.836126699805434,48.645994832041346,0.12602589334725736,10.427971834625323,11.679586563307494,ok
pitcher,2026,GS,opportunity,high_innings,IP,100,0,source_specific,"[""ATC""]",ATC,6845dda16e60a1269fd2dd59,True,141,7.4294088432624115,9.659276930141012,-4.6769237368794325,0.3975655823206525,0.42606485572632574,34.290780141843975,0.2449341438703141,20.67059399361702,25.347517730496453,ok
pitcher,2026,GS,opportunity,high_innings,IP,100,0,source_specific,"[""Depth Charts""]",Depth Charts,ad53ffcefd2372f5e5274c9f,True,140,7.035714285714286,9.450245650624266,-3.4642857142857144,0.41165290565579066,0.4332196676275409,33.957142857142856,0.24429599177800615,21.857142857142858,25.321428571428573,ok
pitcher,2026,GS,opportunity,high_innings,IP,100,0,source_specific,"[""OOPSY""]",OOPSY,40c7cf69965356fb815404fb,True,140,7.035714285714286,9.450245650624266,-3.4642857142857144,0.41165290565579066,0.4332196676275409,33.957142857142856,0.24429599177800615,21.857142857142858,25.321428571428573,ok
pitcher,2026,GS,opportunity,high_innings,IP,100,0,source_specific,"[""RotoWire""]",RotoWire,2f922794cdf14426e6a887d2,True,127,7.15748031496063,9.518734118179708,-3.5511811023622046,0.313340608104577,0.31396330857587945,33.24409448818898,0.2638420197475316,21.834645669291337,25.385826771653544,ok
pitcher,2026,GS,opportunity,high_innings,IP,100,0,source_specific,"[""Steamer""]",Steamer,3cc7a0fd2b0675da82bd7288,True,141,7.201087234042553,9.729123535666998,-3.704065957446808,0.39312971819584225,0.4237748689544757,34.4468085106383,0.246048632218845,21.643451773049648,25.347517730496453,ok
pitcher,2026,K/9,skill,all_matched,IP,0,0,source_specific,"[""ATC""]",ATC,b6a49e25c7879e3691c91358,True,681,1.5028692759429083,2.093367722369615,-0.02894190688578741,0.4646560236547034,0.4784583338251011,155.83994126284875,0.2291763842100717,8.44080107195301,8.469742978838797,ok
pitcher,2026,K/9,skill,all_matched,IP,0,0,source_specific,"[""Depth Charts""]",Depth Charts,548901b79b66c6d10b3cebdd,True,666,1.4781382972835986,2.0544803134232033,-0.014630773345836717,0.46619379713131026,0.4851823245037988,150.66966966966967,0.22657093183408974,8.49226087087087,8.506891644216708,ok
pitcher,2026,K/9,skill,all_matched,IP,0,0,source_specific,"[""OOPSY""]",OOPSY,6f5918264f3d712cb26d9692,True,796,1.6023142111130437,2.259394656989145,0.06069291541993119,0.43253292793445136,0.47248034259316457,180.27638190954775,0.22676274454031164,8.38725885678392,8.326565941363988,ok
pitcher,2026,K/9,skill,all_matched,IP,0,0,source_specific,"[""RotoWire""]",RotoWire,12dbfcfb3278232af10440d0,True,713,1.687859415281664,2.378252471424386,-0.1778977894209499,0.27053386204125984,0.33638047719177294,183.87237026647966,0.2582477110484265,8.104081346423563,8.281979135844512,ok
pitcher,2026,K/9,skill,all_matched,IP,0,0,source_specific,"[""Steamer""]",Steamer,88eec376fadb4da306808c9a,True,799,1.643306961446486,2.276247770898598,-0.044960621213390124,0.40288944036571145,0.4120066349092512,194.3967459324155,0.24360494477746306,8.282567083854818,8.327527705068208,ok
pitcher,2026,K/9,skill,substantial_innings,IP,40,0,source_specific,"[""ATC""]",ATC,a62c1f56246d2fb4211378c4,True,381,1.0821055255077727,1.357305421268347,-0.14810147209249944,0.6804452266884828,0.641368885452973,72.89763779527559,0.19183588893493575,8.523117611548557,8.671219083641056,ok
pitcher,2026,K/9,skill,substantial_innings,IP,40,0,source_specific,"[""Depth Charts""]",Depth Charts,528853e0adfea7bec7c4e372,True,381,1.078652827138929,1.3396706210354319,-0.10854555956791066,0.6892426834397801,0.6549350190251667,71.36482939632546,0.18780218262190912,8.566331443569554,8.674877003137464,ok
pitcher,2026,K/9,skill,substantial_innings,IP,40,0,source_specific,"[""OOPSY""]",OOPSY,4acb731d61fd2cae8a6f4fa2,True,388,1.071322730953151,1.3265997108230814,-0.04795252889175053,0.6934244457387737,0.66328430582756,71.99484536082474,0.18603319214683395,8.624060463917525,8.672012992809277,ok
pitcher,2026,K/9,skill,substantial_innings,IP,40,0,source_specific,"[""RotoWire""]",RotoWire,257ece9edf80fa1f388ea2f1,True,346,1.2000752988681866,1.5136367579385341,-0.30366259123281886,0.5450479945431317,0.5073060985156642,76.61560693641619,0.2220742230041049,8.273612716763006,8.577275307995825,ok
pitcher,2026,K/9,skill,substantial_innings,IP,40,0,source_specific,"[""Steamer""]",Steamer,a2bef0973262dcfb0eabe49d,True,387,1.1170965667181239,1.3957962734180043,-0.14333863498119112,0.6558649950893212,0.6086987982601108,77.22997416020672,0.20007765326478424,8.530753901808787,8.674092536789978,ok
pitcher,2026,K/9,skill,high_innings,IP,100,0,source_specific,"[""ATC""]",ATC,b75694fc4b680d34b37a30f6,True,141,0.9189630637338585,1.1671150101478567,0.053574011753658037,0.6901098838642293,0.6738737466009966,25.54609929078014,0.1824721377912867,8.359686170212766,8.306112158459108,ok
pitcher,2026,K/9,skill,high_innings,IP,100,0,source_specific,"[""Depth Charts""]",Depth Charts,fea757f4cd9b61c9ce8c3486,True,140,0.9175181173088987,1.153829662864803,0.03682140354329572,0.6999543633865873,0.6906263701064351,24.478571428571428,0.17610483042137717,8.3386655,8.301844096456705,ok
pitcher,2026,K/9,skill,high_innings,IP,100,0,source_specific,"[""OOPSY""]",OOPSY,c3489e6538a65fa395700ee5,True,140,0.9172397949525024,1.1525827808431333,0.09952083211472428,0.7058603424380072,0.6939392249673135,24.785714285714285,0.17831449126413154,8.401364928571429,8.301844096456705,ok
pitcher,2026,K/9,skill,high_innings,IP,100,0,source_specific,"[""RotoWire""]",RotoWire,a6e81316fabf2e783604bfb6,True,127,1.017706664387896,1.3086721886636445,0.1134301345995971,0.6026317475917532,0.5589159359693311,26.393700787401574,0.20947381577302837,8.421259842519685,8.307829707920089,ok
pitcher,2026,K/9,skill,high_innings,IP,100,0,source_specific,"[""Steamer""]",Steamer,94acd610dd5eb4e6ac5dfadc,True,141,0.9353033512967779,1.185762452637861,0.01902691955507643,0.6769498595293909,0.65707078328603,25.673758865248228,0.1833839918946302,8.325139078014185,8.306112158459108,ok
pitcher,2026,BB/9,skill,all_matched,IP,0,0,source_specific,"[""ATC""]",ATC,9e50c2f51893ef64afc7046f,True,681,1.3006291687230038,2.181133771383521,-0.6782593175123414,0.365398481560491,0.4777661871941581,154.05873715124815,0.22655696639889433,3.4019618061674013,4.080221123679742,ok
pitcher,2026,BB/9,skill,all_matched,IP,0,0,source_specific,"[""Depth Charts""]",Depth Charts,e73b7437592a6dbf00ee67be,True,666,1.2660600561125124,2.162604129875573,-0.705537749152139,0.3639277008985577,0.48523036443406065,149.95645645645646,0.22549843076158868,3.371886456456456,4.077424205608596,ok
pitcher,2026,BB/9,skill,all_matched,IP,0,0,source_specific,"[""OOPSY""]",OOPSY,361d2e792330d70648c187aa,True,796,1.4343118425375263,2.4668004236189707,-0.6048919198096914,0.3423232129516055,0.4358577469691134,186.52386934673368,0.2346212193040675,3.5652378643216083,4.1701297841313,ok
pitcher,2026,BB/9,skill,all_matched,IP,0,0,source_specific,"[""RotoWire""]",RotoWire,3880424f0cbf30d7f1e6842e,True,713,1.5739125992911975,2.516664150288169,-0.4934520689263402,0.2600162920966384,0.3122266506811239,187.43478260869566,0.2632510991695164,3.64671809256662,4.140170161492961,ok
pitcher,2026,BB/9,skill,all_matched,IP,0,0,source_specific,"[""Steamer""]",Steamer,bfeafb2c9d3a9d80a9c9fe32,True,799,1.4953279253501386,2.5732046475888506,-0.7900264762262118,0.3284243603641978,0.41549271302603397,192.01501877346684,0.24062032427752736,3.394569461827284,4.184595938053496,ok
pitcher,2026,BB/9,skill,substantial_innings,IP,40,0,source_specific,"[""ATC""]",ATC,80dd8e14eb7ebf808fa6d46b,True,381,0.6656073394731633,0.8512675484110701,-0.15228629285848885,0.5685847273319631,0.5677935614895755,79.06561679790026,0.20806741262605333,3.2297298162729655,3.3820161091314542,ok
pitcher,2026,BB/9,skill,substantial_innings,IP,40,0,source_specific,"[""Depth Charts""]",Depth Charts,f52b3196afd107ae517b89b5,True,381,0.659750238611543,0.8534977887941924,-0.15288621676333805,0.5708679215259594,0.5709121403913792,78.58792650918635,0.20681033291891143,3.2264213648293967,3.3793075815927343,ok
pitcher,2026,BB/9,skill,substantial_innings,IP,40,0,source_specific,"[""OOPSY""]",OOPSY,f16a6403c30cdc59ace9305c,True,388,0.6640647836603781,0.845327826676758,-0.014362358197442953,0.5554868769586357,0.5531407233649241,81.74226804123711,0.21122033085590985,3.3596979639175255,3.374060322114969,ok
pitcher,2026,BB/9,skill,substantial_innings,IP,40,0,source_specific,"[""RotoWire""]",RotoWire,339d21e67a66e0f15635618c,True,346,0.785510917718178,1.0318041370440971,-0.10783113886226586,0.35038021035159217,0.4387920749324856,83.65317919075144,0.24247298316159838,3.240289017341041,3.348120156203306,ok
pitcher,2026,BB/9,skill,substantial_innings,IP,40,0,source_specific,"[""Steamer""]",Steamer,215c72f32dc20f0cfbba3a2d,True,387,0.6758394183757013,0.8709740358246079,-0.16433899627872178,0.5397459946425801,0.5427546306636251,82.64082687338501,0.2140954064077332,3.211571162790698,3.375910159069419,ok
pitcher,2026,BB/9,skill,high_innings,IP,100,0,source_specific,"[""ATC""]",ATC,17a0eff65bfc64fbd32b43e4,True,141,0.5096680521269596,0.6416781571663149,-0.05974082412671477,0.5591332195035983,0.5490902863992465,30.22695035460993,0.2159067882472138,2.9246945390070924,2.984435363133807,ok
pitcher,2026,BB/9,skill,high_innings,IP,100,0,source_specific,"[""Depth Charts""]",Depth Charts,127887e4aa4c1426313067f9,True,140,0.5028843131930275,0.6378305359518757,-0.07424522196653725,0.567808264987712,0.5574424351096631,29.442857142857143,0.2118191161356629,2.9071422857142855,2.981387507680823,ok
pitcher,2026,BB/9,skill,high_innings,IP,100,0,source_specific,"[""OOPSY""]",OOPSY,3d381f588eb068a5d03dab52,True,140,0.5353626107395683,0.6809221655925661,0.06444063517631989,0.5068614931422286,0.5096236688460781,31.37142857142857,0.22569373072970195,3.0458281428571428,2.981387507680823,ok
pitcher,2026,BB/9,skill,high_innings,IP,100,0,source_specific,"[""RotoWire""]",RotoWire,06dfa8f06dce650870c54b70,True,127,0.6049915400124013,0.8450768230631104,0.04996005987379668,0.42871762782389683,0.4811831626701238,28.25984251968504,0.22428446444194478,3.0136220472440947,2.9636619873702976,ok
pitcher,2026,BB/9,skill,high_innings,IP,100,0,source_specific,"[""Steamer""]",Steamer,6800fc3e3c34ab43ef600c14,True,141,0.5110013575535576,0.6522225930662917,-0.0621213915026013,0.5375160334433712,0.5248212680337343,30.80851063829787,0.2200607902735562,2.9223139716312057,2.984435363133807,ok
pitcher,2026,HR/9,skill,all_matched,IP,0,0,source_specific,"[""ATC""]",ATC,85cdefa1393aef06171ecd76,True,681,0.6226760711686021,1.034696878879707,-0.18289289549689908,0.18424673604011826,0.2734982244742247,184.1718061674009,0.2708408914226484,1.1488268384728342,1.331719733969733,ok
pitcher,2026,HR/9,skill,all_matched,IP,0,0,source_specific,"[""Depth Charts""]",Depth Charts,6e3b4d94ccf865978ec72c13,True,666,0.5911029144221573,0.9674520121903659,-0.1625036443876511,0.16619506158357034,0.2614807042142992,181.9024024024024,0.27353744722165774,1.142374903903904,1.304878548291555,ok
pitcher,2026,HR/9,skill,all_matched,IP,0,0,source_specific,"[""OOPSY""]",OOPSY,ad8c8072f3deb56bd1f597ea,True,796,0.6828918391053688,1.1230058350756609,-0.18534152057945183,0.22096957218553537,0.2609529302681749,215.47738693467338,0.271040738282608,1.164917925879397,1.3502594464588487,ok
pitcher,2026,HR/9,skill,all_matched,IP,0,0,source_specific,"[""RotoWire""]",RotoWire,ea492298fa8cd046bdd79ec6,True,713,0.8207835862833526,1.3268467693463641,-0.5241911146012429,0.043658926317752186,0.15433638532518298,211.40813464235623,0.29692153741903965,0.8208415147265077,1.3450326293277506,ok
pitcher,2026,HR/9,skill,all_matched,IP,0,0,source_specific,"[""Steamer""]",Steamer,290f380a7e25f3146bdf1278,True,799,0.6870310349159843,1.1259146857955933,-0.17202824838057057,0.2077263465681471,0.2575782606439417,218.1439299123905,0.27336332069221864,1.1744843554443054,1.346512603824876,ok
pitcher,2026,HR/9,skill,substantial_innings,IP,40,0,source_specific,"[""ATC""]",ATC,66241ed2eff757cec97b0802,True,381,0.31978850993358965,0.40908543994940694,0.04738473339470035,0.4552100410279915,0.4486055647658706,88.9028871391076,0.23395496615554634,1.1406034225721784,1.0932186891774782,ok
pitcher,2026,HR/9,skill,substantial_innings,IP,40,0,source_specific,"[""Depth Charts""]",Depth Charts,01b096c89888ea3c362c7931,True,381,0.3230514422159271,0.4172767444369805,0.04231960218162306,0.4134073931506116,0.42651494045777016,91.0,0.2394736842105263,1.1348856351706038,1.0925660329889806,ok
pitcher,2026,HR/9,skill,substantial_innings,IP,40,0,source_specific,"[""OOPSY""]",OOPSY,1563a681a51fb0e7f194e6b0,True,388,0.31981197377298204,0.40783712642191833,0.037320608904409296,0.44456891961001405,0.4401872418589787,91.48969072164948,0.23640746956498573,1.1343239793814432,1.097003370477034,ok
pitcher,2026,HR/9,skill,substantial_innings,IP,40,0,source_specific,"[""RotoWire""]",RotoWire,9970a9786fcc2756a2ff74ac,True,346,0.4192151513521484,0.5446410285604205,-0.07849072903072574,0.22001943459800227,0.264627706805726,97.30057803468208,0.282030660970093,1.0240751445086704,1.1025658735393964,ok
pitcher,2026,HR/9,skill,substantial_innings,IP,40,0,source_specific,"[""Steamer""]",Steamer,82de26c3c4ec1bf183303d08,True,387,0.31749239355329,0.40522778482298916,0.0587487637764554,0.4676505605629467,0.4713322302086758,88.48320413436693,0.2292310987936967,1.156372093023256,1.0976233292468003,ok
pitcher,2026,HR/9,skill,high_innings,IP,100,0,source_specific,"[""ATC""]",ATC,f600cdf33091fdfdb9996907,True,141,0.234926574817079,0.2890774929625678,0.002774765805933243,0.640296519893706,0.6085055192991364,28.177304964539008,0.2012664640324215,1.188438425531915,1.1856636597259818,ok
pitcher,2026,HR/9,skill,high_innings,IP,100,0,source_specific,"[""Depth Charts""]",Depth Charts,c02469aad70ff1ae3d48efe4,True,140,0.23094948752291516,0.2925571421837645,-0.013648661272283853,0.6381186027766749,0.6321640643027033,27.62857142857143,0.1987667009249743,1.1734635285714285,1.1871121898437125,ok
pitcher,2026,HR/9,skill,high_innings,IP,100,0,source_specific,"[""OOPSY""]",OOPSY,d08922ec0bcc6cce1c1d9369,True,140,0.23640469008500448,0.29376957978378676,-0.01942333984371243,0.631823210430236,0.6088618417758358,28.235714285714284,0.20313463514902363,1.16768885,1.1871121898437125,ok
pitcher,2026,HR/9,skill,high_innings,IP,100,0,source_specific,"[""RotoWire""]",RotoWire,2b94f63cdac8688793ee1365,True,127,0.3060286731128795,0.3903302518165356,-0.062086251763910215,0.46647608602736496,0.4838298165046638,29.763779527559056,0.23622047244094488,1.1104724409448818,1.172558692708792,ok
pitcher,2026,HR/9,skill,high_innings,IP,100,0,source_specific,"[""Steamer""]",Steamer,f2e1c8be541ba9e56c3257d0,True,141,0.23660669335819892,0.2921603107656142,0.008797333181819762,0.6325443618506591,0.6264596023103463,27.46099290780142,0.1961499493414387,1.1944609929078014,1.1856636597259818,ok
pitcher,2026,K%,skill,all_matched,IP,0,0,source_specific,"[""ATC""]",ATC,ef593ffb9b047bb5cdc0e09b,True,681,0.040081681306901616,0.0527535268909256,0.005184720161527166,0.5115160838775948,0.4839968686827601,155.11747430249633,0.22811393279778872,0.22009339353891336,0.21490867337738623,ok
pitcher,2026,K%,skill,all_matched,IP,0,0,source_specific,"[""Depth Charts""]",Depth Charts,7a4d7e3a6fa1c0bd22af68ef,True,666,0.03954049599099099,0.05206885271901301,0.004390775810810812,0.515134334956031,0.4951847179577499,148.9024024024024,0.2239133870712818,0.22047648048048046,0.21608570466966967,ok
pitcher,2026,K%,skill,all_matched,IP,0,0,source_specific,"[""OOPSY""]",OOPSY,a84c90bc097467d0ab864401,True,796,0.04282478103015075,0.057169361736081184,0.005640436959798995,0.48865184913260584,0.49103025585065246,178.3605527638191,0.22435289655826302,0.21693907537688442,0.21129863841708543,ok
pitcher,2026,K%,skill,all_matched,IP,0,0,source_specific,"[""Steamer""]",Steamer,f43bf0f827fc8ce50bc25e4a,True,799,0.04371671327909887,0.05823034653592799,0.003268843341677097,0.4468420064342273,0.42757569634143644,190.65331664580725,0.23891393063384367,0.21448942928660825,0.21122058594493118,ok
pitcher,2026,K%,skill,substantial_innings,IP,40,0,source_specific,"[""ATC""]",ATC,659df047fe7a8ccaf355a485,True,381,0.031304566220472445,0.03917330081692761,-0.004751624435695537,0.6700581152000592,0.6187278238043225,75.20734908136482,0.19791407652990745,0.22366638845144357,0.22841801288713912,ok
pitcher,2026,K%,skill,substantial_innings,IP,40,0,source_specific,"[""Depth Charts""]",Depth Charts,13b06fe5f70b9defceece37b,True,381,0.0312337293175853,0.03873807632149051,-0.004881654409448818,0.6812024177336021,0.6363206950490051,73.1522309711286,0.19250587097665423,0.2236948372703412,0.22857649167979005,ok
pitcher,2026,K%,skill,substantial_innings,IP,40,0,source_specific,"[""OOPSY""]",OOPSY,e36cf52872a8615c1369a12e,True,388,0.0309341112371134,0.03815779391819701,-0.0034448711340206175,0.6871776936673416,0.6443627869544328,73.82731958762886,0.19076826766829164,0.22519736082474226,0.22864223195876288,ok
pitcher,2026,K%,skill,substantial_innings,IP,40,0,source_specific,"[""Steamer""]",Steamer,98a32b5a1ff1678a0afa0faf,True,387,0.031920535012919894,0.039904755193416026,-0.006172190465116277,0.6569135441973739,0.6002246369836448,77.92764857881137,0.20188509994510717,0.2224489276485788,0.22862111811369507,ok
pitcher,2026,K%,skill,high_innings,IP,100,0,source_specific,"[""ATC""]",ATC,1994079437bf66d4d77e8927,True,141,0.026996478014184398,0.03465432890624231,0.0008397140425531923,0.6793924975856456,0.6631127074589195,25.907801418439718,0.18505572441742654,0.2205289574468085,0.21968924340425533,ok
pitcher,2026,K%,skill,high_innings,IP,100,0,source_specific,"[""Depth Charts""]",Depth Charts,bb5afd93a438fb2f906ff2fc,True,140,0.0267810695,0.034301263670349864,-0.0008447043571428567,0.6882047154205914,0.6804728099339373,24.864285714285714,0.178879753340185,0.21875712142857143,0.21960182578571427,ok
pitcher,2026,K%,skill,high_innings,IP,100,0,source_specific,"[""OOPSY""]",OOPSY,e10954482924b910002e3cc1,True,140,0.0267520305,0.033797236522822065,0.0008361313571428579,0.7015788416311836,0.6885526947382212,24.32857142857143,0.1750256937307297,0.22043795714285713,0.21960182578571427,ok
pitcher,2026,K%,skill,high_innings,IP,100,0,source_specific,"[""Steamer""]",Steamer,eaa41784e211a865a4b5c842,True,141,0.027035770921985815,0.034962444881405014,-0.0019288320567375868,0.6719663383920972,0.6574467789112366,25.76595744680851,0.18404255319148935,0.21776041134751772,0.21968924340425533,ok
pitcher,2026,BB%,skill,all_matched,IP,0,0,source_specific,"[""ATC""]",ATC,c92a074828beecbe57d1afa9,True,681,0.027688562966226137,0.04229058707499296,-0.012156371747430249,0.40737099751406375,0.49339024390576297,152.1424375917768,0.22373887881143648,0.08825204243759177,0.10040841418502203,ok
pitcher,2026,BB%,skill,all_matched,IP,0,0,source_specific,"[""Depth Charts""]",Depth Charts,18c6ebda7336e4080a2e3237,True,666,0.027041029624624624,0.041768973200882104,-0.013340256291291291,0.4091294019851978,0.4960765715077085,148.72072072072072,0.22364018153491838,0.08714521306306307,0.10048546935435435,ok
pitcher,2026,BB%,skill,all_matched,IP,0,0,source_specific,"[""OOPSY""]",OOPSY,2fa55f83586d430ee06d2a20,True,796,0.030138508592964824,0.04600085607324435,-0.009681641859296482,0.39187840177830746,0.4555404117505647,183.61934673366835,0.23096773174046334,0.0917813358040201,0.10146297766331658,ok
pitcher,2026,BB%,skill,all_matched,IP,0,0,source_specific,"[""Steamer""]",Steamer,056ec3671c9e50d27d7ffacd,True,799,0.03129956782227785,0.0480788741960023,-0.014121238135168962,0.376460595212071,0.433548658008662,189.21401752190238,0.23711029764649422,0.08751870150187735,0.10163993963704632,ok
pitcher,2026,BB%,skill,substantial_innings,IP,40,0,source_specific,"[""ATC""]",ATC,921deb38a6cc09d4b77b4bf6,True,381,0.0159387493175853,0.020233374383105344,-0.0038888838057742786,0.5898353386100638,0.5837424670314834,77.93963254593176,0.20510429617350462,0.08432909895013123,0.08821798275590552,ok
pitcher,2026,BB%,skill,substantial_innings,IP,40,0,source_specific,"[""Depth Charts""]",Depth Charts,165f2398e900731136f8618f,True,381,0.01587187464566929,0.020445501483831983,-0.004260336902887139,0.587720736192348,0.579853405104938,77.69028871391076,0.204448128194502,0.08388614645669291,0.08814648335958004,ok
pitcher,2026,BB%,skill,substantial_innings,IP,40,0,source_specific,"[""OOPSY""]",OOPSY,b2c63dd4479ea43d9b04366a,True,388,0.015888711804123712,0.020055038203599194,-0.0007070161340206185,0.5780670907632148,0.5680238518356996,80.50773195876289,0.2080303151389222,0.08737537396907218,0.08808239010309278,ok
pitcher,2026,BB%,skill,substantial_innings,IP,40,0,source_specific,"[""Steamer""]",Steamer,c000711e32c7475949b61c98,True,387,0.01622680496124031,0.020932371584614345,-0.0046456499741602065,0.5567572317623724,0.5536385941984001,81.3204134366925,0.21067464620904794,0.08345317312661497,0.08809882310077519,ok
pitcher,2026,BB%,skill,high_innings,IP,100,0,source_specific,"[""ATC""]",ATC,748eeb2549b0dd58309fbc7d,True,141,0.012343863475177306,0.015381162517991523,-0.0015252509929078012,0.582542514933752,0.5711759921229504,29.81560283687943,0.21296859169199595,0.07676955815602837,0.07829480914893616,ok
pitcher,2026,BB%,skill,high_innings,IP,100,0,source_specific,"[""Depth Charts""]",Depth Charts,9950f1217b7743fbbac9c8a2,True,140,0.012248131357142858,0.015444837274030601,-0.002286031214285714,0.5850482471533911,0.5763005401150204,29.285714285714285,0.210688591983556,0.075933345,0.07821937621428571,ok
pitcher,2026,BB%,skill,high_innings,IP,100,0,source_specific,"[""OOPSY""]",OOPSY,0423a09f4e891c350a36d66f,True,140,0.0129744975,0.016276724023089776,0.0013439795000000005,0.5325782721589747,0.5316262491526536,30.957142857142856,0.2227132579650565,0.07956335571428572,0.07821937621428571,ok
pitcher,2026,BB%,skill,high_innings,IP,100,0,source_specific,"[""Steamer""]",Steamer,f6bfc044af307755d3d87d1b,True,141,0.012385680212765957,0.01578669260908031,-0.0021576325531914883,0.5580437726836339,0.5455627381309132,30.28368794326241,0.21631205673758866,0.07613717659574468,0.07829480914893616,ok
pitcher,2026,K-BB%,skill,all_matched,IP,0,0,source_specific,"[""ATC""]",ATC,a5d2b13779007ccae9548753,True,681,0.05174988134984254,0.06910528037335172,0.01734110360831919,0.4357201834409319,0.3989131034819232,169.46108663729808,0.24920748034896775,0.13184136338805488,0.11450025977973569,ok
pitcher,2026,K-BB%,skill,all_matched,IP,0,0,source_specific,"[""Depth Charts""]",Depth Charts,306915f8fc65831e82ae5ab2,True,666,0.05122387138900347,0.0684745529337527,0.01773105330958859,0.4423821103324931,0.40916294358154115,163.92792792792793,0.24650816229763597,0.13333128928556456,0.11560023597597598,ok
pitcher,2026,K-BB%,skill,all_matched,IP,0,0,source_specific,"[""OOPSY""]",OOPSY,1b3803fb6e5f7b0636cf9559,True,796,0.055170900548940534,0.0756309154691083,0.015322067890871986,0.41911369180383806,0.4086536792964499,195.26005025125627,0.24561012610220914,0.12515772934815841,0.10983566145728643,ok
pitcher,2026,K-BB%,skill,all_matched,IP,0,0,source_specific,"[""Steamer""]",Steamer,79cb30b4a0302263257f1dc6,True,799,0.05745537073005304,0.07797170137758609,0.01739009967763471,0.3838508095811912,0.3559176793290631,205.17396745932416,0.2571102349114338,0.12697074664884872,0.10958064697121402,ok
pitcher,2026,K-BB%,skill,substantial_innings,IP,40,0,source_specific,"[""ATC""]",ATC,7a0673fe68efc212542fe245,True,381,0.036683474477365245,0.046356440859895015,-0.0008627212354967916,0.5474418382670927,0.4680265462326417,89.13910761154855,0.23457659897775934,0.13933730960439822,0.14020003083989502,ok
pitcher,2026,K-BB%,skill,substantial_innings,IP,40,0,source_specific,"[""Depth Charts""]",Depth Charts,e2fa7ed20c95e09c5dddd782,True,381,0.036186296348961484,0.04552639122814203,-0.0006213015194601276,0.5684618493038367,0.4933288614799795,86.60629921259843,0.22791131371736428,0.139808707535658,0.14043000905511813,ok
pitcher,2026,K-BB%,skill,substantial_innings,IP,40,0,source_specific,"[""OOPSY""]",OOPSY,be3f13ed6f2b5577a66741b3,True,388,0.03587414779234363,0.04521378007796079,-0.0027378614735620293,0.5748734451079967,0.5098216681315649,86.2139175257732,0.22277498068675244,0.13782198115530395,0.14055984262886598,ok
pitcher,2026,K-BB%,skill,substantial_innings,IP,40,0,source_specific,"[""Steamer""]",Steamer,ac63e18a3f44933324e06ff2,True,387,0.037124327411306904,0.04672982969381179,-0.001526523064726009,0.5322084366621009,0.4468799786336929,91.97157622739019,0.23826833219531138,0.13899577272338767,0.14052229578811368,ok
pitcher,2026,K-BB%,skill,high_innings,IP,100,0,source_specific,"[""ATC""]",ATC,cc6c48d0ed10ab0413ac207c,True,141,0.03388649734083933,0.042492214030324,0.002364962944189166,0.5753278876530439,0.5337306110395316,31.54609929078014,0.22532928064842958,0.1437593979087282,0.141394434964539,ok
pitcher,2026,K-BB%,skill,high_innings,IP,100,0,source_specific,"[""Depth Charts""]",Depth Charts,bb016196d1642beee276aa35,True,140,0.033430660364094804,0.04175159990461566,0.0014413027146558078,0.5880524574362043,0.5610183037967795,30.485714285714284,0.21932168550873585,0.1428237530003701,0.14138245028571428,ok
pitcher,2026,K-BB%,skill,high_innings,IP,100,0,source_specific,"[""OOPSY""]",OOPSY,58fd8da4e65f62b182f62e9e,True,140,0.03343887981685209,0.041815327788380825,-0.0005078669849790166,0.595179969596484,0.5644317469900675,29.928571428571427,0.21531346351490235,0.14087458330073527,0.14138245028571428,ok
pitcher,2026,K-BB%,skill,high_innings,IP,100,0,source_specific,"[""Steamer""]",Steamer,77ef97a0b486ea05ee90b121,True,141,0.03348078234092043,0.04268219684057118,0.00022882618894759637,0.5629185428185997,0.5262495464808298,31.30496453900709,0.22360688956433636,0.1416232611534866,0.141394434964539,ok
pitcher,2026,FIP,skill,all_matched,IP,0,0,source_specific,"[""ATC""]",ATC,4437e8a6dd80b4933ccbba42,True,681,1.1285291419334826,1.7693952625398854,-0.47971345800905135,0.28582025382362813,0.3342828790043923,175.215859030837,0.2576703809277015,4.19276563876652,4.672479096775572,ok
pitcher,2026,FIP,skill,all_matched,IP,0,0,source_specific,"[""Depth Charts""]",Depth Charts,126219559716c953788a1555,True,666,1.1001699766994784,1.7064344130995923,-0.45640052682150023,0.2617136900216525,0.3035317845580146,175.97597597597598,0.2646255277834225,4.167322717717718,4.623723244539218,ok
pitcher,2026,FIP,skill,all_matched,IP,0,0,source_specific,"[""OOPSY""]",OOPSY,2d935dd684003cf947a389c7,True,796,1.228254389793124,1.9603755237812095,-0.47322233828114135,0.30455717968859986,0.3357079330341405,205.15577889447235,0.2580575835150596,4.288862474874372,4.7620848131555125,ok
pitcher,2026,FIP,skill,all_matched,IP,0,0,source_specific,"[""Steamer""]",Steamer,fb4f42b616d6de5435dda495,True,799,1.25472058018363,1.998940099478914,-0.5078945726674534,0.2510433093624286,0.27383405364374036,214.1927409261577,0.2684119560478167,4.253474292866082,4.761368865533536,ok
pitcher,2026,FIP,skill,substantial_innings,IP,40,0,source_specific,"[""ATC""]",ATC,cfd6646574c0983b16f4df13,True,381,0.625315765356176,0.8011370337839893,0.0735046036383364,0.4786231288787108,0.4247051854809138,91.98950131233596,0.24207763503246305,4.099447979002624,4.025943375364289,ok
pitcher,2026,FIP,skill,substantial_innings,IP,40,0,source_specific,"[""Depth Charts""]",Depth Charts,4aed1d859d8112939d17967f,True,381,0.6328137923102011,0.8109249878796668,0.06081139035912799,0.4595839012397985,0.3921248993779332,93.96325459317585,0.24727172261362065,4.083391522309711,4.022580131950583,ok
pitcher,2026,FIP,skill,substantial_innings,IP,40,0,source_specific,"[""OOPSY""]",OOPSY,087a466743a1306466dd1d74,True,388,0.6267491783326343,0.7948836555462445,0.09282641326219973,0.4867821670827164,0.43839314251446637,92.43298969072166,0.23884493460134795,4.120130695876289,4.027304282614089,ok
pitcher,2026,FIP,skill,substantial_innings,IP,40,0,source_specific,"[""Steamer""]",Steamer,c7358f38e0932d17b289ee5c,True,387,0.625238488544338,0.7957059058773045,0.07780956341604571,0.47742890080362993,0.41712331181391676,92.91214470284238,0.24070503809026525,4.106885658914728,4.029076095498683,ok
pitcher,2026,FIP,skill,high_innings,IP,100,0,source_specific,"[""ATC""]",ATC,83d68e0147d776a34e86d899,True,141,0.4888904832480323,0.6347161893014462,-8.1566506332586e-05,0.565842381599274,0.5545956590607475,29.886524822695037,0.21347517730496454,4.09380304964539,4.093884616151723,ok
pitcher,2026,FIP,skill,high_innings,IP,100,0,source_specific,"[""Depth Charts""]",Depth Charts,9c029f94b935fd33575f1272,True,140,0.49344200796369336,0.6473012987173444,-0.02116533743799102,0.5460856930711668,0.5433207233605213,29.885714285714286,0.21500513874614594,4.0740332142857145,4.095198551723706,ok
pitcher,2026,FIP,skill,high_innings,IP,100,0,source_specific,"[""OOPSY""]",OOPSY,14f63b4e202c6690d3ad64cd,True,140,0.49390586397776987,0.64016471683523,0.013975948276294663,0.5616784565709122,0.5666075163541429,28.978571428571428,0.20847893114080163,4.1091745,4.095198551723706,ok
pitcher,2026,FIP,skill,high_innings,IP,100,0,source_specific,"[""Steamer""]",Steamer,7147e736e298b8618d1176ab,True,141,0.5007160253364161,0.6492000232708622,0.013724674628419182,0.5382819461972049,0.5188064557558114,30.80851063829787,0.2200607902735562,4.107609290780142,4.093884616151723,ok
pitcher,2026,BABIP,skill,all_matched,IP,0,0,source_specific,"[""ATC""]",ATC,11813b6551478b59a3bee05a,True,681,0.045317581031828834,0.06947838879927239,-0.002667453823667827,0.13655183992342534,0.15836070239894087,204.50954478707783,0.3007493305692321,0.29066553450807636,0.2933329883317442,ok
pitcher,2026,BABIP,skill,all_matched,IP,0,0,source_specific,"[""Depth Charts""]",Depth Charts,271f57fbac6dc77a1ff4a446,True,666,0.043973479727101555,0.06671971294720015,-0.0017893102969095533,0.14884797644416284,0.18173060567928245,199.56306306306305,0.30009483167377904,0.29228769069069066,0.29407700098760026,ok
pitcher,2026,BABIP,skill,all_matched,IP,0,0,source_specific,"[""OOPSY""]",OOPSY,0ad8074e6a91bd4062abe16a,True,796,0.04958663966577992,0.07597103416510358,-0.004662096009952242,0.14008495956899808,0.17148897705761187,238.61683417085428,0.3001469612212003,0.2880766067839196,0.2927387027938718,ok
pitcher,2026,BABIP,skill,all_matched,IP,0,0,source_specific,"[""Steamer""]",Steamer,5969669c2f97c26fd4b5fded,True,799,0.05043905087818173,0.07626922943962545,0.0019787824418637267,0.12587710379752268,0.1605081225443987,241.48685857321652,0.3026151109940057,0.29532759324155194,0.2933488107996882,ok
pitcher,2026,BABIP,skill,substantial_innings,IP,40,0,source_specific,"[""ATC""]",ATC,387e984f3e3cc01aef5b9667,True,381,0.02694850421845324,0.034243592756951206,0.007609929300027264,0.2758701633883545,0.2327527352247902,108.43832020997375,0.2853640005525625,0.2905814015748031,0.28297147227477587,ok
pitcher,2026,BABIP,skill,substantial_innings,IP,40,0,source_specific,"[""Depth Charts""]",Depth Charts,20727883192e3853571eb60a,True,381,0.027456480169183096,0.03514141181107663,0.009366532623853755,0.2503345051942396,0.22801287577372462,110.05774278215223,0.2896256389004006,0.2922375905511811,0.28287105792732736,ok
pitcher,2026,BABIP,skill,substantial_innings,IP,40,0,source_specific,"[""OOPSY""]",OOPSY,2d8e3b410cd75155bfc072ae,True,388,0.02721814702427756,0.03483946377337867,0.005496184827693976,0.25505355987329065,0.21558588049931504,112.70618556701031,0.29123045366152533,0.2876990567010309,0.2822028718733369,ok
pitcher,2026,BABIP,skill,substantial_innings,IP,40,0,source_specific,"[""Steamer""]",Steamer,886cce066bc5926305f5eb66,True,387,0.028561935685009244,0.036773948585470125,0.013169494312938903,0.23350056891490933,0.2188965483132511,112.77260981912144,0.2921570202567913,0.29558400516795863,0.28241451085501973,ok
pitcher,2026,BABIP,skill,high_innings,IP,100,0,source_specific,"[""ATC""]",ATC,5075a236cd1dad75920b1634,True,141,0.019948256286124403,0.024600218498939567,0.005319165366197614,0.2757417725788181,0.2089310712424267,41.333333333333336,0.29523809523809524,0.29114624822695034,0.28582708286075276,ok
pitcher,2026,BABIP,skill,high_innings,IP,100,0,source_specific,"[""Depth Charts""]",Depth Charts,e4412c6205f2ffb827555bb4,True,140,0.020185486148183277,0.024895542651372515,0.006739684556863415,0.29455085067263886,0.23172810417622727,40.371428571428574,0.2904419321685509,0.2925941714285714,0.285854486871708,ok
pitcher,2026,BABIP,skill,high_innings,IP,100,0,source_specific,"[""OOPSY""]",OOPSY,3d0487805a78d0310e335227,True,140,0.020149858169170722,0.02485171910549907,0.0039896345568634145,0.26255694190047907,0.20457547211265645,41.32857142857143,0.297327852004111,0.2898441214285714,0.285854486871708,ok
pitcher,2026,BABIP,skill,high_innings,IP,100,0,source_specific,"[""Steamer""]",Steamer,d9d4072aa9172b6ef683de81,True,141,0.021706095764324786,0.026664719545091184,0.010585980969034495,0.2151981529431722,0.17421429756445786,42.347517730496456,0.3024822695035461,0.2964130638297872,0.28582708286075276,ok
